# Exported from Godot Engine
o MS_Tree_D_Optimized
v -0.005824 9.989414 0.907107
vt 0.928223 0.716064
vn -0.155233 -0.108513 0.981900
v 0.037402 10.011579 0.705452
vt 0.908691 0.512939
vn 0.984467 0.019073 0.174531
v 0.031692 10.001476 0.704034
vt 0.974121 0.512939
vn 0.493884 -0.868207 0.047915
v -0.011875 15.467771 0.010543
vt 0.002554 0.558838
vn -0.173723 0.642626 -0.746225
v -0.037580 15.374926 0.131063
vt 0.008545 0.602783
vn 0.646890 0.550969 0.527225
v -0.080104 15.501028 0.055546
vt 0.047180 0.562256
vn -0.034042 0.727519 -0.685242
v -0.211570 15.439075 0.273490
vt 0.135864 0.640137
vn 0.627494 0.601407 0.494532
v -0.189418 15.577671 0.126969
vt 0.124207 0.562012
vn -0.079528 0.677596 -0.731122
v -0.233709 15.349881 0.445498
vt 0.165649 0.730225
vn 0.678717 0.632188 0.373740
v -0.263987 15.467243 0.306855
vt 0.170654 0.641602
vn 0.660879 0.583779 0.471637
v -0.289090 15.625907 0.188584
vt 0.189087 0.558105
vn 0.021728 0.695247 -0.718442
v -0.331888 15.650187 0.209420
vt 0.214722 0.560303
vn 0.446009 0.861006 -0.244429
v -0.315877 15.503462 0.344441
vt 0.207886 0.643066
vn 0.665390 0.599067 0.445393
v -0.319116 15.407718 0.527620
vt 0.229858 0.740234
vn 0.722703 0.621015 0.303382
v -0.382869 15.678960 0.233665
vt 0.244995 0.556885
vn 0.085515 0.679058 -0.729086
v -0.362638 15.530769 0.373657
vt 0.239258 0.644287
vn 0.650832 0.623211 0.433619
v -0.397105 15.553848 0.398418
vt 0.263672 0.645508
vn 0.723805 0.595378 0.348757
v -0.490360 15.603689 0.587497
vt 0.357666 0.701660
vn 0.797470 0.568350 0.202533
v -0.455699 15.724558 0.274185
vt 0.296387 0.554199
vn 0.566933 0.751481 -0.337436
v -0.481446 15.644380 0.445886
vt 0.329834 0.634766
vn 0.773906 0.567187 0.281724
v -0.524257 15.698163 0.470537
vt 0.364014 0.628906
vn 0.811134 0.538806 0.227485
v -0.604969 15.817177 0.531263
vt 0.435547 0.618408
vn 0.802084 0.571163 0.174455
v -0.525794 15.785243 0.304018
vt 0.344727 0.556641
vn 0.633428 0.683509 -0.362746
v -0.564326 15.818707 0.320678
vt 0.370605 0.554443
vn 0.282118 0.574401 -0.768422
v -0.718459 15.977050 0.416271
vt 0.488281 0.562012
vn 0.766173 0.518190 0.380077
v 0.005077 14.969317 -0.006818
vt 0.002554 0.558838
vn -0.428968 0.646121 0.631280
v -0.137907 14.865167 -0.020057
vt 0.008545 0.602783
vn -0.454852 0.594702 0.662902
v -0.054872 15.010798 -0.089994
vt 0.047180 0.562256
vn -0.287141 0.723164 0.628159
v -0.045854 15.044033 -0.076679
vt 0.047485 0.550781
vn -0.811229 -0.014135 0.584557
v 0.011474 14.992898 0.002629
vt 0.002836 0.550781
vn -0.814019 -0.011826 0.580718
v -0.153180 15.104079 -0.222445
vt 0.124207 0.560059
vn -0.355733 0.676279 0.645059
v -0.146782 15.127659 -0.212998
vt 0.123962 0.552002
vn -0.815706 -0.010437 0.578373
v -0.230664 15.187793 -0.334107
vt 0.188354 0.550049
vn -0.846616 0.016498 0.531948
v -0.237062 15.164213 -0.343554
vt 0.188721 0.558350
vn -0.323346 0.713122 0.622017
v -0.293908 15.253025 -0.450500
vt 0.248047 0.545654
vn -0.857181 0.026473 0.514334
v -0.300305 15.229446 -0.459947
vt 0.248169 0.553955
vn -0.243762 0.709755 0.660929
v -0.356098 15.285229 -0.549784
vt 0.296387 0.554199
vn -0.170722 0.702004 0.691407
v -0.349700 15.308809 -0.540337
vt 0.296387 0.546143
vn -0.862596 0.031662 0.504901
v -0.424471 15.398286 -0.685908
vt 0.370850 0.552490
vn -0.059933 0.647981 0.759295
v -0.418074 15.421866 -0.676461
vt 0.371582 0.544189
vn -0.847635 0.017481 0.530291
v -0.557036 15.587543 -0.876406
vt 0.488281 0.562012
vn -0.337127 0.518100 0.786078
v -0.550638 15.611122 -0.866958
vt 0.489990 0.553955
vn -0.822860 -0.004408 0.568227
v -0.325581 14.947539 -0.225782
vt 0.135864 0.640137
vn -0.419620 0.642101 0.641581
v -0.153180 15.104079 -0.222445
vt 0.124207 0.562012
vn -0.355733 0.676279 0.645059
v -0.531191 14.848095 -0.226549
vt 0.165649 0.730225
vn -0.290020 0.678519 0.674908
v -0.370945 14.982394 -0.289435
vt 0.170654 0.641602
vn -0.395029 0.627287 0.671165
v -0.237062 15.164213 -0.343554
vt 0.189087 0.558105
vn -0.323346 0.713122 0.622017
v -0.265565 15.194069 -0.397152
vt 0.214722 0.560303
vn 0.286849 0.855167 0.431750
v -0.421618 15.026536 -0.352092
vt 0.207886 0.643066
vn -0.365855 0.643872 0.671996
v -0.638894 14.918967 -0.326727
vt 0.229858 0.740234
vn -0.214831 0.668692 0.711828
v -0.300305 15.229446 -0.459947
vt 0.244995 0.556885
vn -0.243762 0.709755 0.660929
v -0.461502 15.060128 -0.409032
vt 0.239258 0.644287
vn -0.348273 0.659842 0.665819
v -0.494881 15.088321 -0.450647
vt 0.263672 0.645508
vn -0.262213 0.639111 0.723037
v -0.731571 15.151678 -0.545372
vt 0.357666 0.701660
vn -0.105127 0.619826 0.777666
v -0.561940 15.196286 -0.555557
vt 0.329834 0.634766
vn -0.204560 0.625128 0.753240
v -0.596915 15.260093 -0.609006
vt 0.364014 0.628906
vn -0.129806 0.591848 0.795529
v -0.680592 15.400818 -0.708366
vt 0.435547 0.618408
vn -0.076809 0.623336 0.778172
v -0.399768 15.358106 -0.637831
vt 0.344727 0.556641
vn 0.409885 0.721212 0.558433
v -0.424471 15.398286 -0.685908
vt 0.370605 0.554443
vn -0.059933 0.647981 0.759295
v -0.342438 8.075735 0.799799
vt 0.928223 0.716064
vn -0.461877 -0.314247 0.829409
v -0.237851 8.140826 0.635104
vt 0.908691 0.512939
vn 0.848563 0.079888 0.523029
v -0.241113 8.130644 0.630161
vt 0.974121 0.512939
vn 0.582745 -0.806918 0.096395
v 0.000882 15.591319 -0.002467
vt 0.002554 0.558838
vn -0.746299 0.630742 0.212608
v -0.073750 15.514915 -0.089265
vt 0.008545 0.602783
vn -0.786736 0.577197 0.218837
v 0.008324 15.625999 -0.080398
vt 0.047180 0.562256
vn -0.638967 0.705623 0.306296
v 0.006085 15.650897 -0.067179
vt 0.047485 0.550781
vn -0.994584 -0.033098 -0.098520
v -0.000123 15.608986 0.006975
vt 0.002836 0.550781
vn -0.994682 -0.022270 -0.100556
v 0.017230 15.702063 -0.205387
vt 0.124207 0.560059
vn -0.706286 0.653545 0.272101
v 0.015402 15.719727 -0.196035
vt 0.123962 0.552002
vn -0.993279 -0.041468 -0.108064
v 0.026973 15.769949 -0.307825
vt 0.188354 0.550049
vn -0.986651 -0.016283 -0.162030
v 0.028802 15.752284 -0.317177
vt 0.188721 0.558350
vn -0.666098 0.691870 0.278621
v 0.047952 15.823555 -0.405777
vt 0.248047 0.545654
vn -0.983634 -0.000569 -0.180178
v 0.049781 15.805889 -0.415130
vt 0.248169 0.553955
vn -0.636331 0.699591 0.325046
v 0.061595 15.851549 -0.494350
vt 0.296387 0.554199
vn -0.600761 0.673602 0.430519
v 0.060179 15.869214 -0.484953
vt 0.296387 0.546143
vn -0.983654 0.027285 -0.177990
v 0.088867 15.942197 -0.604926
vt 0.370850 0.552490
vn -0.558560 0.622888 0.547742
v 0.088577 15.959867 -0.595406
vt 0.371582 0.544189
vn -0.989003 0.023692 -0.145987
v 0.107475 16.093483 -0.778330
vt 0.488281 0.562012
vn -0.780951 0.494905 0.381032
v 0.105645 16.111149 -0.768977
vt 0.489990 0.553955
vn -0.994444 -0.003400 -0.105214
v -0.079734 15.586023 -0.303845
vt 0.135864 0.640137
vn -0.747055 0.624210 0.228626
v 0.017230 15.702063 -0.205387
vt 0.124207 0.562012
vn -0.706286 0.653545 0.272101
v -0.196024 15.514174 -0.416871
vt 0.165649 0.730225
vn -0.677043 0.654182 0.337134
v -0.074380 15.614925 -0.363191
vt 0.170654 0.641602
vn -0.748875 0.607024 0.265909
v 0.028802 15.752284 -0.317177
vt 0.189087 0.558105
vn -0.666098 0.691870 0.278621
v 0.037990 15.776814 -0.362048
vt 0.214722 0.560303
vn -0.077533 0.853432 0.515405
v -0.072532 15.651000 -0.424543
vt 0.207886 0.643066
vn -0.728955 0.622275 0.285304
v -0.208221 15.572604 -0.529201
vt 0.229858 0.740234
vn -0.646532 0.642796 0.410864
v 0.049781 15.805889 -0.415130
vt 0.244995 0.556885
vn -0.636331 0.699591 0.325046
v -0.067349 15.678683 -0.477190
vt 0.239258 0.644287
vn -0.709573 0.645818 0.281826
v -0.065965 15.701780 -0.517821
vt 0.263672 0.645508
vn -0.685325 0.617867 0.385448
v -0.154055 15.756895 -0.696138
vt 0.357666 0.701660
vn -0.612857 0.589382 0.526342
v -0.052798 15.787830 -0.610087
vt 0.329834 0.634766
vn -0.661575 0.590900 0.461687
v -0.046555 15.838405 -0.657277
vt 0.364014 0.628906
vn -0.641759 0.561977 0.521849
v -0.045560 15.949672 -0.754339
vt 0.435547 0.618408
vn -0.591984 0.594730 0.543922
v 0.079404 15.909979 -0.565599
vt 0.344727 0.556641
vn -0.075513 0.700516 0.709630
v 0.088867 15.942197 -0.604926
vt 0.370605 0.554443
vn -0.558560 0.622888 0.547742
v 0.020734 7.068292 -2.848544
vt 0.871582 0.249512
vn 0.334675 0.927161 0.168418
v -0.020522 6.925007 -2.926141
vt 0.897461 0.193359
vn -0.884208 0.451564 -0.119441
v 0.019181 7.132885 -2.881888
vt 0.879883 0.273926
vn 0.911375 0.215180 0.350848
v -0.233772 6.977292 -2.093083
vt 0.606445 0.129395
vn -0.811309 0.538948 -0.226526
v -0.046171 7.259112 -2.032422
vt 0.596191 0.218262
vn -0.809336 0.539155 -0.232994
v 0.032609 7.362295 -2.031457
vt 0.596191 0.260742
vn 0.557532 0.755914 -0.343149
v -0.227488 7.355586 -1.214848
vt 0.378418 0.125488
vn -0.845512 0.487389 -0.218087
v -0.049206 7.684874 -1.295305
vt 0.407715 0.236328
vn -0.820508 0.516872 -0.244150
v 0.013669 7.775465 -1.283206
vt 0.403809 0.273926
vn 0.526409 0.783935 -0.329150
v 0.024898 7.961260 -0.754010
vt 0.204956 0.298340
vn -0.098215 -0.959632 0.263554
v -0.034911 7.855919 -0.754927
vt 0.204224 0.256348
vn -0.864892 0.495655 -0.079292
v -0.322017 7.351092 -0.913717
vt 0.274902 0.104492
vn -0.857944 0.499908 -0.118422
v 0.043714 8.024546 -0.457616
vt 0.105286 0.306641
vn 0.709313 0.704633 -0.019178
v -0.004943 7.896556 -0.458465
vt 0.105042 0.264160
vn -0.899286 0.436267 0.030922
v 0.041963 7.994645 -0.148536
vt 0.005939 0.320801
vn -0.247811 0.958398 0.141644
v -0.250466 7.496979 -0.486617
vt 0.121033 0.137695
vn -0.852702 0.521667 0.027618
v 0.007458 7.856260 -0.180616
vt 0.005939 0.271484
vn -0.908972 0.411789 0.064801
v -0.245321 7.491155 -0.254672
vt 0.005928 0.140137
vn -0.840025 0.536987 0.077480
v 0.240732 7.794720 -0.936271
vt 0.407715 0.236328
vn -0.371316 0.583460 -0.722288
v 0.177778 7.836043 -0.857246
vt 0.367920 0.240234
vn -0.426306 0.589184 -0.686386
v 0.021789 7.492060 -1.007854
vt 0.378418 0.125488
vn -0.382956 0.544095 -0.746529
v 0.289314 7.879353 -0.881070
vt 0.403809 0.273926
vn 0.714213 0.694443 0.087459
v 0.165583 7.969760 -0.738953
vt 0.331055 0.283691
vn -0.242436 0.829225 -0.503597
v 0.743404 7.407510 -1.414896
vt 0.596191 0.260742
vn 0.731993 0.672087 0.111741
v 0.674637 7.312854 -1.473486
vt 0.596191 0.218262
vn -0.354526 0.604981 -0.712958
v 0.546430 7.046927 -1.654100
vt 0.606445 0.129395
vn -0.362533 0.603471 -0.710206
v 1.233822 7.051484 -2.020058
vt 0.871582 0.249512
vn 0.240675 0.903827 0.353798
v 1.237496 6.907167 -2.107796
vt 0.897461 0.193359
vn -0.506557 0.531867 -0.678614
v 1.261169 7.113078 -2.045664
vt 0.879883 0.273926
vn 0.461198 0.171966 0.870474
v 1.968724 8.119967 -0.288028
vt 0.487793 0.561768
vn -0.210764 0.677452 0.704725
v 1.790121 7.986136 -0.089298
vt 0.435059 0.618164
vn -0.234149 0.842885 0.484477
v 1.660010 8.088098 -0.327713
vt 0.356934 0.555908
vn -0.115134 0.991425 -0.061810
v 1.662937 8.116590 -0.327329
vt 0.358154 0.547852
vn 0.301202 -0.114929 0.946609
v 1.971651 8.148461 -0.287643
vt 0.490479 0.554199
vn -0.127430 -0.000325 0.991848
v 1.599428 7.936399 -0.125134
vt 0.363525 0.628906
vn -0.283740 0.812713 0.508910
v 1.549077 7.819228 0.034993
vt 0.357178 0.701660
vn -0.268544 0.832489 0.484609
v 1.484974 7.920125 -0.178107
vt 0.329346 0.634521
vn -0.250932 0.802870 0.540770
v 1.468451 8.076034 -0.376432
vt 0.295898 0.554199
vn 0.064040 0.839340 -0.539821
v 1.226960 7.745540 0.013474
vt 0.229370 0.739990
vn -0.191121 0.838888 0.509648
v 1.336636 7.894577 -0.198019
vt 0.263184 0.645264
vn -0.125116 0.796710 0.591270
v 1.345563 8.089161 -0.398234
vt 0.235596 0.558838
vn 0.181636 0.810222 -0.557270
v 1.274448 7.901248 -0.209511
vt 0.238770 0.644287
vn -0.141545 0.787282 0.600126
v 1.048624 7.771230 -0.088504
vt 0.164551 0.728271
vn -0.082737 0.808682 0.582398
v 1.207848 7.911788 -0.255700
vt 0.207397 0.643066
vn -0.161827 0.753604 0.637097
v 1.196146 8.109324 -0.434829
vt 0.188232 0.559082
vn 0.217919 0.787579 -0.576394
v 1.110961 7.920677 -0.273052
vt 0.170166 0.641357
vn -0.007832 0.717508 0.696506
v 1.033075 8.143942 -0.454513
vt 0.124084 0.561279
vn 0.056793 0.795480 0.603312
v 1.022873 7.936367 -0.284555
vt 0.135376 0.639893
vn 0.045870 0.710800 0.701897
v 0.737018 8.029717 -0.360049
vt 0.008018 0.602539
vn 0.025462 0.668795 0.743011
v 0.835549 8.159034 -0.473897
vt 0.046692 0.562012
vn 0.066875 0.802258 0.593220
v 0.722050 8.183495 -0.486289
vt 0.002026 0.558838
vn 0.067773 0.682986 0.727281
v 1.036003 8.172435 -0.454129
vt 0.123718 0.553467
vn -0.112004 -0.001910 0.993706
v 1.198934 8.137816 -0.433220
vt 0.187622 0.551270
vn 0.186403 0.028231 -0.982068
v 0.839674 8.199194 -0.473356
vt 0.046814 0.551025
vn -0.103536 -0.002806 0.994622
v 0.724977 8.211988 -0.485905
vt 0.002079 0.551025
vn -0.109035 -0.002209 0.994035
v 1.261169 7.113078 -2.045664
vt 0.017746 0.447266
vn 0.461198 0.171966 0.870474
v 1.310254 6.884444 -1.999648
vt 0.002787 0.380371
vn 0.778941 0.445352 0.441489
v 1.233822 7.051484 -2.020058
vt 0.025803 0.423340
vn 0.240675 0.903827 0.353798
v 0.743404 7.407510 -1.414896
vt 0.301514 0.442383
vn 0.731993 0.672087 0.111741
v 0.803548 7.312006 -1.345414
vt 0.300781 0.399902
vn 0.804201 0.497129 0.325767
v 0.879692 7.025050 -1.123669
vt 0.311279 0.294922
vn 0.803493 0.477301 0.355784
v 0.413794 7.432056 -0.679822
vt 0.499268 0.291992
vn 0.830434 0.405996 0.381505
v 0.756690 7.463017 -1.427285
vt 0.301758 0.465820
vn 0.752007 -0.043119 0.657743
v 0.350942 7.793997 -0.826777
vt 0.489502 0.415039
vn 0.815514 0.504800 0.283043
v 0.241970 7.868737 -0.678867
vt 0.561523 0.421387
vn 0.793114 0.531721 0.297056
v 0.289314 7.879353 -0.881070
vt 0.493896 0.452637
vn 0.714213 0.694443 0.087459
v 0.310203 7.933934 -0.901218
vt 0.490967 0.476074
vn 0.769586 -0.023609 0.638107
v 0.177545 7.969225 -0.728649
vt 0.567383 0.461914
vn 0.684589 0.679721 0.263281
v 0.191688 8.017503 -0.751787
vt 0.565430 0.483887
vn 0.791500 -0.012415 0.611043
v -0.141977 8.554452 -0.821723
vt 0.928223 0.716064
vn -0.177185 -0.141677 -0.973927
v -0.116279 8.584267 -0.617758
vt 0.908691 0.512939
vn -0.987705 0.046686 0.149197
v -0.111029 8.573783 -0.617983
vt 0.974121 0.512939
vn -0.534725 -0.831323 0.151564
v -0.484707 8.411096 -2.673572
vt 0.895508 0.194336
vn -0.865050 0.455200 0.210906
v -0.434228 8.555121 -2.572716
vt 0.880371 0.272461
vn 0.998704 -0.044312 0.025016
v -0.436093 8.493716 -2.582617
vt 0.871582 0.248047
vn 0.585406 0.705598 0.399289
v -1.471367 7.429089 -1.501767
vt 0.871582 0.249512
vn 0.192129 0.945120 -0.264263
v -1.536292 7.274988 -1.495052
vt 0.897461 0.193359
vn -0.703611 0.448187 0.551417
v -1.504989 7.486442 -1.529060
vt 0.879883 0.273926
vn 0.808565 0.239729 -0.537358
v 0.968257 13.458991 -1.288571
vt 0.894531 0.208984
vn -0.909786 0.317736 -0.267084
v 0.944263 13.571918 -1.201654
vt 0.879883 0.260742
vn 0.355397 0.017577 0.934550
v 0.944518 13.506598 -1.200516
vt 0.871582 0.236816
vn 0.032679 0.364374 0.930679
v 0.810427 13.319569 -1.013567
vt 0.771973 0.250977
vn 0.354786 0.538516 0.764282
v 0.784311 13.188969 -1.054045
vt 0.771973 0.212402
vn -0.869534 0.460098 -0.179502
v 0.919212 13.387087 -1.354041
vt 0.891113 0.176758
vn -0.874948 0.457674 -0.158116
v 0.603996 13.043154 -0.708909
vt 0.596191 0.260742
vn 0.265616 0.669546 0.693654
v 0.700413 13.062324 -1.148400
vt 0.772461 0.157227
vn -0.842142 0.527204 -0.113373
v 0.547887 12.918652 -0.757285
vt 0.596191 0.218262
vn -0.848244 0.451499 -0.276822
v 0.322050 12.819298 -0.367661
vt 0.403809 0.273926
vn 0.264411 0.754433 0.600764
v 0.480030 12.716784 -0.811226
vt 0.593262 0.127441
vn -0.839550 0.432867 -0.328302
v 0.289231 12.707645 -0.421094
vt 0.407715 0.236328
vn -0.810829 0.459679 -0.362287
v 0.149968 12.737555 -0.124212
vt 0.301025 0.288086
vn 0.330271 0.767783 0.549027
v 0.174613 12.501394 -0.547330
vt 0.412598 0.131836
vn -0.811108 0.497182 -0.308081
v 0.106437 12.612902 -0.175329
vt 0.301025 0.247070
vn -0.837541 0.424407 -0.344098
v 0.075335 12.371162 -0.248867
vt 0.301270 0.134277
vn -0.868527 0.407947 -0.281497
v -1.026662 10.909427 -1.609821
vt 0.894531 0.208984
vn -0.677401 0.575575 0.458084
v -0.954063 11.046146 -1.577197
vt 0.879883 0.260742
vn 0.969170 -0.005702 -0.246327
v -0.953807 10.983892 -1.577531
vt 0.871582 0.236816
vn 0.632817 0.715748 0.295375
v -0.576259 10.947796 -0.868944
vt 0.596191 0.218262
vn -0.653763 0.665296 0.360519
v -1.084549 10.822910 -1.556572
vt 0.891113 0.176758
vn -0.648459 0.672218 0.357245
v -0.796186 11.017707 -1.337225
vt 0.771973 0.250977
vn 0.537600 0.703123 -0.465408
v -0.735097 10.730710 -0.744274
vt 0.593262 0.127441
vn -0.662252 0.642704 0.385168
v -0.504781 11.043719 -0.919924
vt 0.596191 0.260742
vn 0.497723 0.780728 -0.377804
v -0.286257 10.995583 -0.405426
vt 0.407715 0.236328
vn -0.697912 0.580604 0.419307
v -0.222772 10.671548 -0.008150
vt 0.285645 0.125488
vn -0.736548 0.461702 0.494295
v -0.222500 11.080364 -0.437206
vt 0.403809 0.273926
vn 0.434140 0.822020 -0.368518
v -0.118993 11.022684 -0.144878
vt 0.301025 0.247070
vn -0.740375 0.526430 0.417992
v -0.054926 11.119866 -0.190546
vt 0.301025 0.288086
vn 0.473054 0.767436 -0.432739
v 0.260260 8.539267 1.000792
vt 0.002554 0.558838
vn 0.650232 0.735843 -0.189032
v 0.331736 8.432877 0.871855
vt 0.008545 0.602783
vn 0.632128 0.742847 -0.220439
v 0.340343 8.480575 1.047396
vt 0.047180 0.562256
vn 0.565439 0.823851 -0.039348
v 0.347930 8.512516 1.064283
vt 0.047485 0.550781
vn 0.613010 0.248066 -0.750122
v 0.265740 8.561974 1.012650
vt 0.002836 0.550781
vn 0.616698 0.245932 -0.747798
v 0.483645 8.401770 1.137305
vt 0.124207 0.560059
vn 0.595764 0.794949 -0.114545
v 0.489125 8.424476 1.149164
vt 0.123962 0.552002
vn 0.618354 0.243354 -0.747274
v 0.602721 8.339751 1.218549
vt 0.188354 0.550049
vn 0.663808 0.214165 -0.716583
v 0.597241 8.317045 1.206691
vt 0.188721 0.558350
vn 0.591750 0.803974 -0.058793
v 0.700864 8.267033 1.298543
vt 0.248047 0.545654
vn 0.682960 0.201842 -0.702016
v 0.695383 8.244327 1.286685
vt 0.248169 0.553955
vn 0.516391 0.854882 -0.050168
v 0.779702 8.189464 1.348375
vt 0.296387 0.554199
vn 0.450549 0.891958 -0.037633
v 0.785181 8.212171 1.360233
vt 0.296387 0.546143
vn 0.691588 0.196865 -0.694946
v 0.907858 8.126676 1.467758
vt 0.370850 0.552490
vn 0.318015 0.945809 -0.065668
v 0.913293 8.149363 1.479672
vt 0.371582 0.544189
vn 0.671706 0.210537 -0.710271
v 1.133519 8.046752 1.636137
vt 0.488281 0.562012
vn 0.470224 0.838103 -0.276538
v 1.138999 8.069459 1.647994
vt 0.489990 0.553955
vn 0.633262 0.234142 -0.737670
v 0.553180 8.266067 0.954831
vt 0.135864 0.640137
vn 0.630826 0.759149 -0.160474
v 0.483645 8.401770 1.137305
vt 0.124207 0.562012
vn 0.595764 0.794949 -0.114545
v 0.678219 8.155945 0.790599
vt 0.165649 0.730225
vn 0.537417 0.837323 -0.100366
v 0.615560 8.223041 0.992706
vt 0.170654 0.641602
vn 0.598956 0.780948 -0.177121
v 0.597241 8.317045 1.206691
vt 0.189087 0.558105
vn 0.591750 0.803974 -0.058793
v 0.642153 8.283767 1.243298
vt 0.214722 0.560303
vn 0.173198 0.883701 0.434828
v 0.686882 8.184690 1.033177
vt 0.207886 0.643066
vn 0.583484 0.797402 -0.153939
v 0.814950 8.087879 0.842224
vt 0.229858 0.740234
vn 0.466033 0.879724 -0.094336
v 0.695383 8.244327 1.286685
vt 0.244995 0.556885
vn 0.516391 0.854882 -0.050168
v 0.743279 8.147749 1.068920
vt 0.239258 0.644287
vn 0.578539 0.804941 -0.131768
v 0.789861 8.121713 1.095230
vt 0.263672 0.645508
vn 0.489714 0.860447 -0.140754
v 1.031340 8.020340 1.074717
vt 0.357666 0.701660
vn 0.342211 0.932400 -0.116285
v 0.910970 8.081363 1.193232
vt 0.329834 0.634766
vn 0.430039 0.891407 -0.143041
v 0.977680 8.065572 1.248291
vt 0.364014 0.628906
vn 0.345000 0.925416 -0.156777
v 1.128323 8.043882 1.355262
vt 0.435547 0.618408
vn 0.319131 0.942070 -0.103247
v 0.862307 8.148993 1.425325
vt 0.344727 0.556641
vn -0.017002 0.945277 0.325824
v 0.907858 8.126676 1.467758
vt 0.370605 0.554443
vn 0.318015 0.945809 -0.065668
v 0.019070 9.815717 -0.762798
vt 0.928223 0.716064
vn -0.021188 -0.219262 -0.975436
v 0.012978 9.857201 -0.579575
vt 0.908691 0.512939
vn -0.999338 0.035080 -0.009606
v 0.017794 9.847862 -0.578251
vt 0.974121 0.512939
vn -0.542834 -0.829346 0.132351
v -0.024429 9.551281 -2.451802
vt 0.273682 0.057617
vn -0.892745 0.448993 0.037569
v 0.004970 9.689152 -2.364377
vt 0.285156 0.115723
vn 0.983100 -0.019725 0.182005
v 0.005303 9.633101 -2.369222
vt 0.291504 0.097656
vn 0.507404 0.747968 0.427884
v -0.202793 9.326400 -1.790556
vt 0.458984 0.009766
vn -0.811437 0.575489 -0.101890
v -0.047300 9.551332 -1.753092
vt 0.466309 0.077148
vn -0.770523 0.634098 -0.064917
v 0.019059 9.624620 -1.743393
vt 0.468262 0.104492
vn 0.597408 0.801931 0.003275
v -0.243571 9.401042 -1.422553
vt 0.564453 0.018066
vn -0.809763 0.579700 -0.090729
v 0.016619 9.625030 -1.636693
vt 0.498047 0.105469
vn 0.613496 0.788610 -0.041433
v -0.076722 9.574999 -1.458123
vt 0.548340 0.080078
vn -0.749007 0.651276 -0.121769
v -0.000270 9.648021 -1.456386
vt 0.547363 0.108398
vn 0.518515 0.843436 -0.140565
v 0.015121 9.762852 -0.979912
vt 0.679688 0.117188
vn -0.020420 0.974373 -0.224010
v -0.050319 9.722391 -0.836227
vt 0.720703 0.093262
vn -0.817370 0.570199 -0.082338
v 0.019838 9.798045 -0.833889
vt 0.720215 0.120117
vn 0.618180 0.767792 -0.168372
v -0.225183 9.367295 -0.798722
vt 0.736328 -0.009766
vn -0.860657 0.507174 -0.045215
v 0.021568 9.881369 -0.489475
vt 0.813965 0.134766
vn 0.111333 0.991697 -0.064359
v -0.032547 9.774673 -0.488075
vt 0.817383 0.100098
vn -0.870773 0.491333 0.018603
v -0.213390 9.476346 -0.457139
vt 0.829590 0.015137
vn -0.872366 0.488699 -0.012301
v 0.043081 9.870271 -0.192429
vt 0.897461 0.144043
vn -0.915352 0.387671 0.108815
v 0.004444 9.759607 -0.199656
vt 0.897949 0.099609
vn -0.891119 0.437971 0.118699
v -1.836182 11.576265 -0.327573
vt 0.894531 0.208984
vn 0.050288 0.528007 0.847750
v -1.724275 11.681481 -0.350322
vt 0.879883 0.260742
vn 0.493146 -0.165551 -0.854049
v -1.743382 11.622769 -0.354195
vt 0.871582 0.236816
vn 0.867403 0.443619 -0.225420
v -1.475020 11.556838 -0.298172
vt 0.771973 0.250977
vn 0.320747 0.632385 -0.705132
v -1.014489 11.278911 -0.122864
vt 0.596191 0.218262
vn 0.030195 0.647308 0.761630
v -0.997405 11.374044 -0.213381
vt 0.596191 0.260742
vn 0.370980 0.707764 -0.601202
v -1.868950 11.492021 -0.252075
vt 0.891113 0.176758
vn 0.042571 0.637289 0.769448
v -0.460966 11.223032 -0.070195
vt 0.403809 0.273926
vn 0.289852 0.781546 -0.552424
v -1.043770 11.025816 0.084521
vt 0.593262 0.127441
vn 0.013787 0.620814 0.783837
v -0.494115 11.140704 -0.002011
vt 0.407715 0.236328
vn -0.028027 0.607632 0.793724
v -0.153095 11.188773 -0.013149
vt 0.301025 0.288086
vn 0.238435 0.756277 -0.609256
v -0.238522 10.795008 0.226561
vt 0.301270 0.134277
vn -0.051224 0.524185 0.850063
v -0.178730 11.092924 0.066012
vt 0.301025 0.247070
vn -0.090811 0.569008 0.817302
v 1.169959 3.169107 -2.319938
vt 0.276123 0.095703
vn -0.100248 0.885139 0.454400
v 1.146674 3.013712 -2.382400
vt 0.255371 0.050781
vn -0.627349 0.476508 -0.615933
v 1.177519 3.225847 -2.333582
vt 0.276855 0.113281
vn 0.729746 0.074897 0.679603
v 0.778545 3.549310 -1.688146
vt 0.497559 0.070801
vn -0.514718 0.518174 -0.683053
v 0.600779 3.270714 -1.784891
vt 0.489258 -0.000977
vn -0.521730 0.517589 -0.678159
v 0.862654 3.645859 -1.665383
vt 0.497559 0.105469
vn 0.756742 0.628022 -0.181466
v 0.273732 3.844004 -1.095631
vt 0.672363 -0.003906
vn -0.542046 0.476679 -0.692072
v 0.512290 4.136102 -1.132962
vt 0.648926 0.085449
vn -0.503244 0.502671 -0.702899
v 0.575779 4.223833 -1.106446
vt 0.656738 0.115723
vn 0.734148 0.651908 -0.189849
v 0.512397 4.324545 -0.968559
vt 0.707031 0.119141
vn 0.157036 0.842597 -0.515141
v 0.311338 4.428343 -0.692692
vt 0.812500 0.101562
vn -0.650752 0.512996 -0.559783
v 0.054797 3.971059 -0.883204
vt 0.767090 -0.005859
vn -0.597880 0.526601 -0.604343
v 0.378344 4.527899 -0.680383
vt 0.811523 0.133301
vn -0.406010 -0.824638 0.393864
v -0.046796 4.153378 -0.507845
vt 0.879395 0.006348
vn -0.677227 0.566064 -0.470038
v 0.272510 4.657922 -0.428437
vt 0.894531 0.143066
vn 0.815795 0.566179 0.117987
v 0.212824 4.535851 -0.430595
vt 0.892090 0.107422
vn -0.712529 0.502661 -0.489525
v 1.853387 12.803264 0.096404
vt 0.894531 0.208984
vn -0.285956 0.474584 -0.832466
v 1.726483 12.881949 0.135583
vt 0.879883 0.260742
vn -0.342770 -0.227933 0.911348
v 1.757306 12.829013 0.137320
vt 0.871582 0.236816
vn -0.891181 0.263589 0.369211
v 1.503897 12.702529 0.119090
vt 0.771973 0.250977
vn -0.360266 0.578418 0.731875
v 1.092461 12.321390 0.011699
vt 0.596191 0.218262
vn -0.277724 0.595720 -0.753649
v 1.067888 12.414062 0.102847
vt 0.596191 0.260742
vn -0.437047 0.637016 0.634981
v 1.892803 12.725316 0.017832
vt 0.891113 0.176758
vn -0.288131 0.582284 -0.760214
v 0.561185 12.141209 0.038658
vt 0.403809 0.273926
vn -0.381521 0.722292 0.576833
v 1.146300 12.072548 -0.195402
vt 0.593262 0.127441
vn -0.258629 0.571862 -0.778515
v 0.601546 12.065515 -0.033732
vt 0.407715 0.236328
vn -0.217536 0.568593 -0.793335
v 0.263001 12.036805 0.024641
vt 0.301025 0.288086
vn -0.322133 0.717724 0.617335
v 0.395601 11.661813 -0.220972
vt 0.301270 0.134277
vn -0.183024 0.488901 -0.852924
v 0.297399 11.945786 -0.056447
vt 0.301025 0.247070
vn -0.150743 0.542998 -0.826093
v 0.688846 12.444163 -1.815231
vt 0.894531 0.208984
vn -0.873126 0.485989 -0.038274
v 0.687387 12.536784 -1.686306
vt 0.879883 0.260742
vn 0.788383 -0.183127 0.587297
v 0.697490 12.480665 -1.710669
vt 0.871582 0.236816
vn 0.107365 0.369167 0.923141
v 0.601794 12.383591 -1.452107
vt 0.771973 0.250977
vn 0.634345 0.606470 0.479375
v 0.371164 12.051176 -1.037526
vt 0.596191 0.218262
vn -0.796465 0.603708 -0.034344
v 0.448888 12.146146 -0.995585
vt 0.596191 0.260742
vn 0.518395 0.680497 0.517871
v 0.626559 12.362160 -1.869969
vt 0.891113 0.176758
vn -0.804906 0.592853 -0.025519
v 0.232523 11.932200 -0.484510
vt 0.403809 0.273926
vn 0.482332 0.755905 0.442678
v 0.190838 11.797562 -1.127804
vt 0.593262 0.127441
vn -0.812904 0.579775 -0.055211
v 0.176227 11.852335 -0.538563
vt 0.407715 0.236328
vn -0.815969 0.570020 -0.096285
v 0.127111 11.862152 -0.182869
vt 0.301025 0.288086
vn 0.553695 0.728822 0.402792
v -0.067738 11.474174 -0.349714
vt 0.301270 0.134277
vn -0.862148 0.487899 -0.136584
v 0.061544 11.767721 -0.231710
vt 0.301025 0.247070
vn -0.825929 0.540083 -0.161713
v -1.163331 12.434402 -1.422493
vt 0.894531 0.208984
vn -0.456843 0.490615 0.742019
v -1.055199 12.527844 -1.361725
vt 0.879883 0.260742
vn 0.899637 -0.183910 -0.396018
v -1.071550 12.471593 -1.381626
vt 0.871582 0.236816
vn 0.850718 0.369597 0.373732
v -0.894877 12.375917 -1.174138
vt 0.771973 0.250977
vn 0.727065 0.610475 -0.314160
v -0.647170 12.045524 -0.768664
vt 0.596191 0.218262
vn -0.413112 0.613378 0.673132
v -0.576342 12.140977 -0.821458
vt 0.596191 0.260742
vn 0.705508 0.681722 -0.193685
v -1.237985 12.351875 -1.389930
vt 0.891113 0.176758
vn -0.407845 0.603289 0.685350
v -0.241662 11.929702 -0.384127
vt 0.403809 0.273926
vn 0.620212 0.758336 -0.200657
v -0.805305 11.790830 -0.642902
vt 0.593262 0.127441
vn -0.440259 0.588983 0.677696
v -0.312270 11.849340 -0.357462
vt 0.407715 0.236328
vn -0.480035 0.577285 0.660537
v -0.033090 11.861301 -0.147774
vt 0.301025 0.288086
vn 0.608599 0.746486 -0.269010
v -0.262010 11.471716 -0.043761
vt 0.301270 0.134277
vn -0.538327 0.494878 0.682129
v -0.104168 11.766376 -0.109436
vt 0.301025 0.247070
vn -0.546295 0.542448 0.638210
v -1.311794 11.881449 1.336894
vt 0.894531 0.208984
vn 0.677329 0.561402 0.475451
v -1.268511 11.994133 1.233150
vt 0.879883 0.260742
vn -0.407890 -0.126961 -0.904161
v -1.278957 11.934159 1.245553
vt 0.871582 0.236816
vn 0.340350 0.527078 -0.778686
v -0.683604 11.681220 0.787148
vt 0.596191 0.218262
vn 0.601031 0.661346 0.448757
v -1.269659 11.795809 1.405527
vt 0.891113 0.176758
vn 0.598022 0.667908 0.443021
v -1.072996 11.887922 1.051641
vt 0.771973 0.250977
vn -0.414258 0.693537 -0.589403
v -0.584177 11.470531 0.974239
vt 0.593262 0.127441
vn 0.621979 0.635273 0.457789
v -0.723916 11.773200 0.702698
vt 0.596191 0.260742
vn -0.301548 0.761687 -0.573500
v -0.287452 11.577527 0.430562
vt 0.407715 0.236328
vn 0.649075 0.573595 0.499691
v 0.012667 11.167194 0.379260
vt 0.285645 0.125488
vn 0.706157 0.447989 0.548315
v -0.310845 11.655800 0.353840
vt 0.403809 0.273926
vn -0.271148 0.808898 -0.521692
v -0.065354 11.518775 0.225738
vt 0.301025 0.247070
vn 0.644715 0.530913 0.549976
v -0.099414 11.612010 0.148036
vt 0.301025 0.288086
vn -0.360061 0.757305 -0.544835
v -1.155778 13.746535 1.023788
vt 0.894531 0.208984
vn 0.816597 0.328383 0.474694
v -1.114186 13.860655 0.945349
vt 0.879883 0.260742
vn -0.102814 0.026192 -0.994356
v -1.113552 13.795348 0.943561
vt 0.871582 0.236816
vn 0.192125 0.372028 -0.908121
v -0.936705 13.611385 0.796594
vt 0.771973 0.250977
vn -0.154510 0.543665 -0.824957
v -0.919712 13.480502 0.841307
vt 0.771973 0.212402
vn 0.796210 0.466017 0.385846
v -1.123003 13.674205 1.099183
vt 0.891113 0.176758
vn 0.806770 0.464204 0.365565
v -0.662260 13.339928 0.551875
vt 0.596191 0.260742
vn -0.087423 0.675981 -0.731715
v -0.859455 13.353334 0.953149
vt 0.772461 0.157227
vn 0.784998 0.533294 0.315240
v -0.618118 13.215250 0.612023
vt 0.596191 0.218262
vn 0.751436 0.456999 0.475916
v -0.306498 13.121957 0.291640
vt 0.403809 0.273926
vn -0.109235 0.761464 -0.638937
v -0.563178 13.013227 0.679854
vt 0.593262 0.127441
vn 0.729971 0.438509 0.524264
v -0.286239 13.009914 0.350814
vt 0.407715 0.236328
vn 0.693328 0.464348 0.551069
v -0.081588 13.044210 0.099244
vt 0.301025 0.288086
vn -0.186241 0.774820 -0.604126
v -0.202978 12.802981 0.500708
vt 0.412598 0.131836
vn 0.707004 0.502204 0.497932
v -0.050280 12.919266 0.158809
vt 0.301025 0.247070
vn 0.724612 0.429280 0.539125
v -0.035207 12.676903 0.235789
vt 0.301270 0.134277
vn 0.770675 0.413466 0.484877
v -0.896870 14.242138 -1.092785
vt 0.894531 0.208984
vn -0.458813 0.304599 0.834691
v -0.820156 14.343362 -1.048295
vt 0.879883 0.260742
vn 0.991072 -0.018111 -0.132091
v -0.821659 14.281702 -1.051105
vt 0.871582 0.236816
vn 0.927833 0.314313 0.200830
v -0.689938 14.090909 -0.893409
vt 0.771973 0.250977
vn 0.852862 0.503655 -0.137690
v -0.735233 13.968843 -0.881970
vt 0.771973 0.212402
vn -0.348536 0.449015 0.822745
v -0.967005 14.175864 -1.060861
vt 0.891113 0.176758
vn -0.331117 0.445080 0.832025
v -0.470184 13.807209 -0.648393
vt 0.596191 0.260742
vn 0.769703 0.635390 -0.061941
v -0.839744 13.851140 -0.824168
vt 0.772461 0.157227
vn -0.271447 0.517618 0.811411
v -0.528610 13.690199 -0.608635
vt 0.596191 0.218262
vn -0.443729 0.445357 0.777664
v -0.231110 13.568473 -0.320637
vt 0.403809 0.273926
vn 0.684558 0.724325 -0.082060
v -0.597241 13.500072 -0.561869
vt 0.593262 0.127441
vn -0.496856 0.428612 0.754603
v -0.289043 13.464685 -0.303803
vt 0.407715 0.236328
vn -0.521922 0.459558 0.718612
v -0.051930 13.472743 -0.111585
vt 0.301025 0.288086
vn 0.635582 0.760195 -0.134678
v -0.430763 13.272399 -0.225744
vt 0.412598 0.131836
vn -0.464445 0.489592 0.737964
v -0.110376 13.356185 -0.084512
vt 0.301025 0.247070
vn -0.509493 0.420350 0.750814
v -0.190861 13.130783 -0.078690
vt 0.301270 0.134277
vn -0.455329 0.401800 0.794501
v -1.062304 15.073581 -0.346463
vt 0.894531 0.208984
vn 0.128882 0.267973 0.954767
v -0.974086 15.148714 -0.349449
vt 0.879883 0.260742
vn 0.769600 -0.115438 -0.628004
v -0.984113 15.095924 -0.352037
vt 0.871582 0.236816
vn 0.929765 0.187030 -0.317106
v -0.842074 14.902978 -0.304865
vt 0.771973 0.250977
vn 0.718981 0.418343 -0.555027
v -0.885224 14.801449 -0.276661
vt 0.771973 0.212402
vn 0.236378 0.398870 0.886018
v -1.107520 15.020988 -0.289831
vt 0.891113 0.176758
vn 0.256976 0.392866 0.882961
v -0.608799 14.612576 -0.238742
vt 0.596191 0.260742
vn 0.710045 0.546831 -0.443635
v -0.950432 14.705807 -0.185138
vt 0.772461 0.157227
vn 0.305852 0.458571 0.834366
v -0.648339 14.514246 -0.183154
vt 0.596191 0.218262
vn 0.134102 0.413309 0.900662
v -0.318976 14.351413 -0.121118
vt 0.403809 0.273926
vn 0.642690 0.648653 -0.407676
v -0.701325 14.353285 -0.118888
vt 0.593262 0.127441
vn 0.073784 0.407479 0.910229
v -0.366877 14.266525 -0.081624
vt 0.407715 0.236328
vn 0.037597 0.444887 0.894797
v -0.107971 14.230792 -0.056882
vt 0.301025 0.288086
vn 0.579971 0.700242 -0.416288
v -0.459516 14.108665 0.041578
vt 0.412598 0.131836
vn 0.101287 0.463786 0.880138
v -0.153089 14.134004 -0.010599
vt 0.301025 0.247070
vn 0.060069 0.400675 0.914249
v -0.237246 13.947574 0.028684
vt 0.301270 0.134277
vn 0.126192 0.369543 0.920605
v -0.190444 14.352919 1.485936
vt 0.894531 0.208984
vn 0.932543 0.309918 -0.185241
v -0.207181 14.454484 1.396265
vt 0.879883 0.260742
vn -0.750502 -0.022797 -0.660474
v -0.207650 14.392798 1.398926
vt 0.871582 0.236816
vn -0.462839 0.318278 -0.827332
v -0.173123 14.203587 1.191325
vt 0.771973 0.250977
vn -0.668525 0.504909 -0.546023
v -0.133838 14.081772 1.220201
vt 0.771973 0.212402
vn 0.855658 0.450221 -0.255244
v -0.121678 14.287195 1.522075
vt 0.891113 0.176758
vn 0.852009 0.445893 -0.274335
v -0.127898 13.922307 0.856870
vt 0.596191 0.260742
vn -0.558515 0.636881 -0.531454
v -0.023589 13.965011 1.267471
vt 0.772461 0.157227
vn 0.800465 0.516045 -0.304882
v -0.059384 13.805916 0.878456
vt 0.596191 0.218262
vn 0.880764 0.446410 -0.158027
v -0.033314 13.686926 0.454781
vt 0.403809 0.273926
vn -0.519413 0.723292 -0.455037
v 0.020741 13.616519 0.903305
vt 0.593262 0.127441
vn 0.897596 0.427803 -0.106328
v 0.016952 13.583483 0.490407
vt 0.407715 0.236328
vn 0.886638 0.457839 -0.065243
v 0.008977 13.593268 0.176940
vt 0.301025 0.288086
vn -0.547442 0.744771 -0.381606
v 0.166563 13.392473 0.554532
vt 0.412598 0.131836
vn 0.863187 0.491313 -0.116275
v 0.067286 13.477180 0.206426
vt 0.301025 0.247070
vn 0.902533 0.420736 -0.091743
v 0.124985 13.252053 0.266603
vt 0.301270 0.134277
vn 0.901823 0.401649 -0.159351
v 1.315477 14.742193 0.772714
vt 0.894531 0.208984
vn 0.098744 0.444547 -0.890296
v 1.198126 14.799740 0.748488
vt 0.879883 0.260742
vn -0.705315 -0.249924 0.663377
v 1.224577 14.756635 0.764350
vt 0.871582 0.236816
vn -0.978185 0.189581 -0.084927
v 1.044323 14.626544 0.652141
vt 0.771973 0.250977
vn -0.701784 0.544797 0.459016
v 0.791906 14.263405 0.416475
vt 0.596191 0.218262
vn 0.058808 0.568155 -0.820818
v 0.733040 14.341678 0.473444
vt 0.596191 0.260742
vn -0.728958 0.596314 0.336198
v 1.380136 14.677897 0.730936
vt 0.891113 0.176758
vn 0.053915 0.553853 -0.830867
v 0.384244 14.064241 0.228391
vt 0.403809 0.273926
vn -0.660745 0.684459 0.308109
v 0.926556 14.052380 0.287672
vt 0.593262 0.127441
vn 0.089917 0.545732 -0.833121
v 0.447178 14.001993 0.191690
vt 0.407715 0.236328
vn 0.133137 0.544863 -0.827888
v 0.166538 13.949515 0.100421
vt 0.301025 0.288086
vn -0.625575 0.691296 0.361617
v 0.384242 13.636033 -0.021396
vt 0.301270 0.134277
vn 0.199550 0.467233 -0.861320
v 0.229105 13.873522 0.055156
vt 0.301025 0.247070
vn 0.210554 0.523150 -0.825822
v 0.508094 15.250736 1.133493
vt 0.894531 0.208984
vn 0.683370 0.303944 -0.663794
v 0.453781 15.333425 1.073939
vt 0.879883 0.260742
vn -0.983569 -0.050063 -0.173451
v 0.455666 15.281066 1.078381
vt 0.871582 0.236816
vn -0.836936 0.278091 -0.471385
v 0.394195 15.111146 0.919477
vt 0.771973 0.250977
vn -0.866626 0.477607 -0.144400
v 0.437135 15.008535 0.925963
vt 0.771973 0.212402
vn 0.578039 0.439722 -0.687397
v 0.574425 15.195988 1.128987
vt 0.891113 0.176758
vn 0.565448 0.434325 -0.701164
v 0.285168 14.857478 0.668477
vt 0.596191 0.260742
vn -0.767078 0.611416 -0.194325
v 0.539007 14.910618 0.911513
vt 0.772461 0.157227
vn 0.501726 0.504751 -0.702494
v 0.345820 14.759013 0.655551
vt 0.596191 0.218262
vn 0.653529 0.439755 -0.616048
v 0.180559 14.639720 0.343921
vt 0.403809 0.273926
vn -0.691369 0.706315 -0.152080
v 0.417491 14.598523 0.642147
vt 0.593262 0.127441
vn 0.697217 0.423931 -0.578075
v 0.234682 14.552964 0.349026
vt 0.407715 0.236328
vn 0.708019 0.457647 -0.537838
v 0.090979 14.548062 0.127908
vt 0.301025 0.288086
vn -0.662311 0.744263 -0.086120
v 0.373476 14.392390 0.330621
vt 0.412598 0.131836
vn 0.660969 0.484438 -0.573097
v 0.148409 14.450247 0.125234
vt 0.301025 0.247070
vn 0.707725 0.418147 -0.569455
v 0.220042 14.260981 0.149234
vt 0.301270 0.134277
vn 0.672741 0.394633 -0.625847
v 1.007686 14.934292 -1.080255
vt 0.894531 0.208984
vn -0.887816 0.304447 -0.345100
v 0.972485 15.034836 -0.995406
vt 0.879883 0.260742
vn 0.243685 -0.027817 0.969455
v 0.974939 14.973190 -0.997793
vt 0.871582 0.236816
vn -0.086914 0.307220 0.947661
v 0.837130 14.781328 -0.847361
vt 0.771973 0.250977
vn 0.243770 0.502182 0.829692
v 0.821303 14.659701 -0.895172
vt 0.771973 0.212402
vn -0.862735 0.442272 -0.245120
v 0.970735 14.868710 -1.150913
vt 0.891113 0.176758
vn -0.870253 0.438589 -0.224277
v 0.622886 14.495822 -0.599359
vt 0.596191 0.260742
vn 0.157847 0.633443 0.757518
v 0.756466 14.543040 -0.999697
vt 0.772461 0.157227
vn -0.845192 0.505869 -0.172474
v 0.579476 14.379404 -0.657578
vt 0.596191 0.218262
vn -0.830770 0.440786 -0.339896
v 0.332246 14.255178 -0.322628
vt 0.403809 0.273926
vn 0.162566 0.724645 0.669673
v 0.528352 14.189973 -0.726441
vt 0.593262 0.127441
vn -0.815530 0.426107 -0.391591
v 0.310742 14.151956 -0.382320
vt 0.407715 0.236328
vn -0.784454 0.455761 -0.420611
v 0.149399 14.157979 -0.117827
vt 0.301025 0.288086
vn 0.231260 0.745258 0.625387
v 0.223083 13.961085 -0.524388
vt 0.412598 0.131836
vn -0.792435 0.489294 -0.364195
v 0.118073 14.042002 -0.177228
vt 0.301025 0.247070
vn -0.811822 0.418479 -0.407210
v 0.104821 13.817370 -0.262512
vt 0.301270 0.134277
vn -0.848659 0.397190 -0.349312
v 1.614627 13.579066 0.211298
vt 0.894531 0.208984
vn -0.211511 0.334449 -0.918372
v 1.530588 13.692101 0.232519
vt 0.879883 0.260742
vn -0.682911 0.037365 0.729546
v 1.529343 13.626795 0.234708
vt 0.871582 0.236816
vn -0.808827 0.362901 0.462711
v 1.307610 13.440577 0.200474
vt 0.771973 0.250977
vn -0.523794 0.535459 0.662513
v 1.328380 13.310191 0.156059
vt 0.771973 0.212402
vn -0.267551 0.479409 -0.835813
v 1.645234 13.507554 0.134156
vt 0.891113 0.176758
vn -0.289051 0.477173 -0.829913
v 0.951666 13.165430 0.159787
vt 0.596191 0.260742
vn -0.500032 0.665197 0.554510
v 1.365993 13.184204 0.032677
vt 0.772461 0.157227
vn -0.312471 0.547099 -0.776559
v 0.964556 13.041351 0.083281
vt 0.596191 0.218262
vn -0.165213 0.472378 -0.865774
v 0.528724 12.943332 0.066554
vt 0.403809 0.273926
vn -0.415060 0.754094 0.508986
v 0.976050 12.840001 -0.006248
vt 0.593262 0.127441
vn -0.110113 0.453178 -0.884593
v 0.557092 12.831950 0.009829
vt 0.407715 0.236328
vn -0.064911 0.480199 -0.874754
v 0.241122 12.862650 0.028628
vt 0.301025 0.288086
vn -0.337421 0.779469 0.527802
v 0.606169 12.626596 -0.157646
vt 0.412598 0.131836
vn -0.118203 0.513782 -0.849739
v 0.262433 12.738333 -0.037739
vt 0.301025 0.247070
vn -0.098818 0.444001 -0.890561
v 0.308126 12.496869 -0.103545
vt 0.301270 0.134277
vn -0.170825 0.427267 -0.887841
v 1.022042 11.719178 1.715495
vt 0.894531 0.208984
vn 0.658634 0.578612 -0.481050
v 0.939300 11.839871 1.656013
vt 0.879883 0.260742
vn -0.986206 -0.077336 0.146346
v 0.944838 11.778712 1.665906
vt 0.871582 0.236816
vn -0.678244 0.586905 -0.442185
v 0.652860 11.592553 0.936071
vt 0.596191 0.218262
vn 0.618236 0.676428 -0.400286
v 1.093104 11.633318 1.682298
vt 0.891113 0.176758
vn 0.613851 0.681011 -0.399264
v 0.812530 11.757246 1.408175
vt 0.771973 0.250977
vn -0.654966 0.696909 0.292125
v 0.843641 11.380085 0.862931
vt 0.593262 0.127441
vn 0.633410 0.649630 -0.420445
v 0.566887 11.685664 0.964695
vt 0.596191 0.260742
vn -0.611530 0.766065 0.197929
v 0.411540 11.535703 0.443948
vt 0.407715 0.236328
vn 0.677236 0.589456 -0.440334
v 0.421853 11.150799 0.096985
vt 0.285645 0.125488
vn 0.737952 0.462743 -0.491219
v 0.336309 11.615965 0.456190
vt 0.403809 0.273926
vn -0.552648 0.811803 0.188561
v 0.271666 11.503468 0.166856
vt 0.301025 0.247070
vn 0.725136 0.540663 -0.426452
v 0.193474 11.597930 0.190809
vt 0.301025 0.288086
vn -0.588042 0.768116 0.253386
v -0.350690 9.370819 0.803890
vt 0.928223 0.716064
vn -0.483847 -0.228345 0.844837
v -0.241748 9.418242 0.636453
vt 0.908691 0.512939
vn 0.846010 0.077099 0.527563
v -0.245359 9.407856 0.632234
vt 0.974121 0.512939
vn 0.545923 -0.820980 0.167211
v 0.471707 9.453426 -0.766373
vt 0.928223 0.716064
vn 0.488085 -0.127415 -0.863446
v 0.361937 9.480067 -0.595088
vt 0.908691 0.512939
vn -0.853800 0.052281 -0.517969
v 0.366067 9.469553 -0.591791
vt 0.974121 0.512939
vn -0.504600 -0.829914 -0.237951
v 0.446519 10.677966 0.651657
vt 0.928223 0.716064
vn 0.467001 -0.136820 0.873607
v 0.373091 10.702383 0.493994
vt 0.908691 0.512939
vn 0.908009 0.060309 -0.414586
v 0.360893 10.692856 0.500818
vt 0.974121 0.512939
vn -0.392846 -0.893671 0.216851
v -1.225131 13.445494 -1.172944
vt 0.894531 0.208984
vn -0.377216 0.344067 0.859841
v -1.141183 13.570795 -1.142660
vt 0.879883 0.260742
vn 0.966911 0.033702 -0.252879
v -1.138143 13.500516 -1.140411
vt 0.871582 0.236816
vn 0.919613 0.387482 0.064570
v -0.953330 13.310350 -0.965989
vt 0.771973 0.250977
vn 0.790394 0.545490 -0.278781
v -0.992868 13.169426 -0.936091
vt 0.771973 0.212402
vn -0.280613 0.493444 0.823267
v -1.294665 13.367764 -1.120963
vt 0.891113 0.176758
vn -0.261401 0.491701 0.830602
v -0.650203 13.030556 -0.698294
vt 0.596191 0.260742
vn 0.706428 0.677836 -0.203709
v -1.093594 13.033123 -0.845496
vt 0.772461 0.157227
vn -0.211219 0.565213 0.797446
v -0.701315 12.897042 -0.634936
vt 0.596191 0.218262
vn -0.380446 0.480312 0.790292
v -0.318295 12.811337 -0.343931
vt 0.403809 0.273926
vn 0.611725 0.759908 -0.219847
v -0.756988 12.680510 -0.556002
vt 0.593262 0.127441
vn -0.434469 0.458704 0.775130
v -0.372908 12.690622 -0.307617
vt 0.407715 0.236328
vn -0.466522 0.484170 0.740227
v -0.081151 12.737774 -0.126629
vt 0.301025 0.288086
vn 0.555490 0.785800 -0.271936
v -0.506834 12.468728 -0.182377
vt 0.412598 0.131836
vn -0.409426 0.519693 0.749859
v -0.133962 12.603539 -0.077613
vt 0.301025 0.247070
vn -0.447351 0.448982 0.773494
v -0.205388 12.342082 -0.040128
vt 0.301270 0.134277
vn -0.386322 0.437492 0.812007
v -0.440230 10.498969 -0.530866
vt 0.928223 0.716064
vn -0.652754 -0.133880 -0.745647
v -0.332859 10.522547 -0.395993
vt 0.908691 0.512939
vn -0.762441 0.074061 0.642805
v -0.329220 10.513624 -0.398726
vt 0.974121 0.512939
vn -0.178825 -0.961479 0.208756
v 0.002648 15.656125 -0.001232
vt 0.002554 0.558838
vn -0.504326 0.703658 0.500520
v 0.092644 15.565340 -0.038737
vt 0.008545 0.602783
vn 0.336334 0.657344 -0.674372
v 0.066595 15.668299 0.046076
vt 0.047180 0.562256
vn -0.480626 0.791293 0.377961
v 0.275754 15.577065 0.066481
vt 0.135864 0.640137
vn 0.319315 0.701724 -0.636884
v 0.173722 15.707034 0.123558
vt 0.124207 0.562012
vn -0.511148 0.748795 0.421940
v 0.406850 15.485397 0.006117
vt 0.165649 0.730225
vn 0.193735 0.756628 -0.624484
v 0.324713 15.588675 0.103135
vt 0.170654 0.641602
vn 0.283556 0.695282 -0.660438
v 0.264428 15.724900 0.193249
vt 0.189087 0.558105
vn -0.532747 0.778168 0.332619
v 0.299441 15.735985 0.225869
vt 0.214722 0.560303
vn -0.241558 0.950834 -0.193818
v 0.378292 15.606606 0.138768
vt 0.207886 0.643066
vn 0.259835 0.714733 -0.649340
v 0.511117 15.511698 0.056564
vt 0.229858 0.740234
vn 0.109806 0.762604 -0.637477
v 0.340423 15.749114 0.265272
vt 0.244995 0.556885
vn -0.602246 0.749998 0.273500
v 0.421898 15.618796 0.171980
vt 0.239258 0.644287
vn 0.249313 0.731375 -0.634770
v 0.457153 15.629921 0.195596
vt 0.263672 0.645508
vn 0.145416 0.731744 -0.665887
v 0.649124 15.639111 0.209798
vt 0.357666 0.701660
vn -0.021928 0.740116 -0.672122
v 0.404597 15.771043 0.319716
vt 0.296387 0.554199
vn -0.619013 0.763273 0.185037
v 0.538640 15.686209 0.263186
vt 0.329834 0.634766
vn 0.078630 0.729280 -0.679682
v 0.581792 15.721151 0.298344
vt 0.364014 0.628906
vn -0.010302 0.713204 -0.700881
v 0.677687 15.800235 0.361431
vt 0.435547 0.618408
vn -0.049211 0.746316 -0.663770
v 0.462522 15.806728 0.377004
vt 0.344727 0.556641
vn -0.422767 0.856734 -0.295423
v 0.494128 15.826401 0.409076
vt 0.370605 0.554443
vn -0.334135 0.898712 -0.284024
v 0.648715 15.922669 0.528536
vt 0.488281 0.562012
vn 0.168544 0.622346 -0.764381
v 0.006820 14.546751 0.025713
vt 0.002554 0.558838
vn 0.728013 0.656835 0.196378
v 0.040944 14.432361 0.186280
vt 0.008545 0.602783
vn -0.172130 0.967299 0.186291
v -0.058614 14.591254 0.117652
vt 0.047180 0.562256
vn 0.684313 0.725716 0.071078
v -0.047599 14.627858 0.104318
vt 0.047485 0.550781
vn 0.817503 -0.017718 0.575652
v 0.013961 14.572723 0.015726
vt 0.002836 0.550781
vn 0.812810 -0.018834 0.582224
v -0.160205 14.691978 0.268815
vt 0.124207 0.560059
vn 0.724515 0.677215 0.128289
v -0.153542 14.717950 0.258454
vt 0.123962 0.552002
vn 0.815793 -0.012512 0.578209
v -0.247577 14.782460 0.390418
vt 0.188354 0.550049
vn 0.777891 -0.000923 0.628398
v -0.255670 14.756488 0.399661
vt 0.188721 0.558350
vn 0.694612 0.711330 0.107352
v -0.344567 14.852617 0.497524
vt 0.248047 0.545654
vn 0.759072 -0.004901 0.650988
v -0.352660 14.826647 0.506767
vt 0.248169 0.553955
vn 0.696056 0.715459 0.060207
v -0.425326 14.886757 0.597095
vt 0.296387 0.554199
vn 0.720302 0.691945 -0.048756
v -0.417233 14.912727 0.587852
vt 0.296387 0.546143
vn 0.757560 0.019258 0.652481
v -0.540023 15.009129 0.717092
vt 0.370850 0.552490
vn 0.743973 0.645644 -0.172183
v -0.533710 15.035101 0.706458
vt 0.371582 0.544189
vn 0.790850 0.040780 0.610650
v -0.690294 15.214422 0.924471
vt 0.488281 0.562012
vn 0.850119 0.522592 0.064773
v -0.684107 15.240394 0.913737
vt 0.489990 0.553955
vn 0.824681 0.033765 0.564589
v -0.105578 14.520249 0.458609
vt 0.135864 0.640137
vn 0.743793 0.639898 0.193137
v -0.160205 14.691978 0.268815
vt 0.124207 0.562012
vn 0.724515 0.677215 0.128289
v -0.038752 14.411165 0.683752
vt 0.165649 0.730225
vn 0.738404 0.671213 0.065053
v -0.155125 14.557717 0.528986
vt 0.170654 0.641602
vn 0.764601 0.623910 0.161625
v -0.255670 14.756488 0.399661
vt 0.189087 0.558105
vn 0.694612 0.711330 0.107352
v -0.299579 14.788594 0.449048
vt 0.214722 0.560303
vn 0.308333 0.873238 -0.377341
v -0.202063 14.605384 0.604883
vt 0.207886 0.643066
vn 0.757113 0.639218 0.134834
v -0.105171 14.487696 0.834329
vt 0.229858 0.740234
vn 0.749918 0.661396 -0.013370
v -0.352660 14.826647 0.506767
vt 0.244995 0.556885
vn 0.696056 0.715459 0.060207
v -0.246637 14.641545 0.667082
vt 0.239258 0.644287
vn 0.737585 0.662694 0.129635
v -0.277887 14.671971 0.717184
vt 0.263672 0.645508
vn 0.770110 0.637302 0.027880
v -0.297050 14.740314 1.007253
vt 0.357666 0.701660
vn 0.780847 0.611358 -0.128532
v -0.362608 14.789129 0.824889
vt 0.329834 0.634766
vn 0.789614 0.611516 -0.050572
v -0.405609 14.858469 0.880676
vt 0.364014 0.628906
vn 0.804000 0.584016 -0.111846
v -0.479759 15.011620 1.004890
vt 0.435547 0.618408
vn 0.773192 0.615306 -0.153533
v -0.499353 14.965635 0.674366
vt 0.344727 0.556641
vn 0.413994 0.727183 -0.547552
v -0.540023 15.009129 0.717092
vt 0.370605 0.554443
vn 0.743973 0.645644 -0.172183
v 0.017197 15.054543 -0.004996
vt 0.002554 0.558838
vn -0.515643 0.660830 -0.545358
v 0.063942 14.954205 0.125771
vt 0.008545 0.602783
vn 0.786821 0.600406 0.142916
v -0.029107 15.089655 0.081335
vt 0.047180 0.562256
vn -0.365921 0.751218 -0.549339
v -0.035151 15.021455 0.374024
vt 0.135864 0.640137
vn 0.751911 0.647619 0.123370
v -0.102379 15.171016 0.222081
vt 0.124207 0.562012
vn 0.206319 0.924804 -0.319639
v 0.044630 14.924900 0.555713
vt 0.165649 0.730225
vn 0.730790 0.682601 -0.001533
v -0.070852 15.051246 0.439715
vt 0.170654 0.641602
vn 0.769235 0.632619 0.089841
v -0.170650 15.221948 0.344990
vt 0.189087 0.558105
vn 0.691193 0.721296 0.044532
v -0.203968 15.247668 0.391905
vt 0.214722 0.560303
vn 0.244911 0.888143 -0.388870
v -0.103931 15.089681 0.510027
vt 0.207886 0.643066
vn 0.758324 0.648622 0.065071
v 0.001880 14.986185 0.692026
vt 0.229858 0.740234
vn 0.733139 0.675230 -0.081068
v -0.243457 15.278151 0.447507
vt 0.244995 0.556885
vn 0.683202 0.730204 -0.006086
v -0.136186 15.118600 0.568231
vt 0.239258 0.644287
vn 0.738595 0.671317 0.061731
v -0.158235 15.143077 0.614652
vt 0.263672 0.645508
vn 0.759327 0.649302 -0.042766
v -0.147320 15.195372 0.864159
vt 0.357666 0.701660
vn 0.751319 0.628696 -0.200649
v -0.296683 15.326507 0.533292
vt 0.296387 0.554199
vn 0.698374 0.706894 -0.112135
v -0.221153 15.239616 0.717368
vt 0.329834 0.634766
vn 0.769313 0.627011 -0.122533
v -0.253101 15.297029 0.770660
vt 0.364014 0.628906
vn 0.776136 0.602329 -0.186583
v -0.305898 15.424155 0.887020
vt 0.435547 0.618408
vn 0.739338 0.634618 -0.225032
v -0.353878 15.391127 0.607736
vt 0.344727 0.556641
vn 0.334946 0.748070 -0.572890
v -0.385555 15.426761 0.648703
vt 0.370605 0.554443
vn 0.712225 0.661046 -0.236123
v -0.495662 15.595520 0.844630
vt 0.488281 0.562012
vn 0.859344 0.511300 0.010049
v 0.029609 14.617615 -0.025988
vt 0.002554 0.558838
vn -0.759627 0.636002 0.135894
v -0.056551 14.516839 -0.149827
vt 0.008545 0.602783
vn -0.806230 0.577067 0.130334
v 0.048224 14.662161 -0.127037
vt 0.047180 0.562256
vn -0.668948 0.706314 0.231580
v 0.044587 14.694899 -0.110191
vt 0.047485 0.550781
vn -0.979913 -0.026569 -0.197647
v 0.025967 14.640839 -0.014279
vt 0.002836 0.550781
vn -0.979785 -0.026168 -0.198335
v 0.078657 14.760380 -0.288749
vt 0.124207 0.560059
vn -0.726129 0.660185 0.192075
v 0.075016 14.783604 -0.277040
vt 0.123962 0.552002
vn -0.977600 -0.028392 -0.208548
v 0.105925 14.848134 -0.421164
vt 0.188354 0.550049
vn -0.964703 -0.006896 -0.263250
v 0.109036 14.824907 -0.432993
vt 0.188721 0.558350
vn -0.690050 0.695374 0.200715
v 0.147135 14.917216 -0.545877
vt 0.248047 0.545654
vn -0.958942 0.004300 -0.283569
v 0.150776 14.893992 -0.557586
vt 0.248169 0.553955
vn -0.665488 0.703471 0.249506
v 0.177411 14.952893 -0.659263
vt 0.296387 0.554199
vn -0.643578 0.676708 0.357594
v 0.174300 14.976119 -0.647433
vt 0.296387 0.546143
vn -0.958610 0.027270 -0.283415
v 0.228690 15.070316 -0.799797
vt 0.370850 0.552490
vn -0.615499 0.626471 0.478220
v 0.227027 15.093547 -0.787634
vt 0.371582 0.544189
vn -0.967458 0.023981 -0.251891
v 0.277707 15.266462 -1.023979
vt 0.488281 0.562012
vn -0.818307 0.496868 0.288957
v 0.274065 15.289686 -1.012271
vt 0.489990 0.553955
vn -0.977340 -0.002764 -0.211656
v -0.033970 14.607653 -0.430546
vt 0.135864 0.640137
vn -0.767018 0.625776 0.141733
v 0.078657 14.760380 -0.288749
vt 0.124207 0.562012
vn -0.726129 0.660185 0.192075
v -0.169556 14.512650 -0.594695
vt 0.165649 0.730225
vn -0.709334 0.656398 0.256879
v -0.018580 14.644842 -0.507199
vt 0.170654 0.641602
vn -0.772919 0.608942 0.178285
v 0.109036 14.824907 -0.432993
vt 0.189087 0.558105
vn -0.690050 0.695374 0.200715
v 0.127895 14.856523 -0.490066
vt 0.214722 0.560303
vn -0.131748 0.857125 0.497976
v -0.007450 14.691410 -0.587072
vt 0.207886 0.643066
vn -0.755026 0.624679 0.199279
v -0.169463 14.587966 -0.743250
vt 0.229858 0.740234
vn -0.687367 0.645320 0.333299
v 0.150776 14.893992 -0.557586
vt 0.244995 0.556885
vn -0.665488 0.703471 0.249506
v 0.006772 14.727075 -0.655026
vt 0.239258 0.644287
vn -0.735355 0.647982 0.198423
v 0.014351 14.756872 -0.707890
vt 0.263672 0.645508
vn -0.723017 0.620465 0.303760
v -0.075006 14.827306 -0.953890
vt 0.357666 0.701660
vn -0.667232 0.592558 0.451305
v 0.044697 14.868501 -0.826728
vt 0.329834 0.634766
vn -0.708096 0.593853 0.382018
v 0.059597 14.934187 -0.887650
vt 0.364014 0.628906
vn -0.695370 0.565227 0.443823
v 0.074860 15.078795 -1.014844
vt 0.435547 0.618408
vn -0.648648 0.597911 0.470912
v 0.210760 15.028582 -0.749779
vt 0.344727 0.556641
vn -0.154234 0.705595 0.691627
v 0.228690 15.070316 -0.799797
vt 0.370605 0.554443
vn -0.615499 0.626471 0.478220
v 0.021898 14.787659 -0.005691
vt 0.002554 0.558838
vn -0.331354 0.644035 0.689510
v 0.124458 14.693939 -0.121024
vt 0.008545 0.602783
vn -0.349124 0.581449 -0.734867
v 0.117730 14.838176 -0.006830
vt 0.047180 0.562256
vn -0.409156 0.702432 0.582392
v 0.386235 14.801268 -0.157354
vt 0.135864 0.640137
vn -0.354633 0.625835 -0.694670
v 0.269761 14.945923 -0.010719
vt 0.124207 0.562012
vn -0.427419 0.706268 -0.564356
v 0.515492 14.715450 -0.331730
vt 0.165649 0.730225
vn -0.459213 0.645850 -0.609920
v 0.459017 14.842994 -0.157755
vt 0.170654 0.641602
vn -0.392119 0.605664 -0.692397
v 0.407321 15.018996 -0.009503
vt 0.189087 0.558105
vn -0.508731 0.860509 -0.026776
v 0.462884 15.054019 -0.002780
vt 0.214722 0.560303
vn -0.578043 0.815802 -0.018294
v 0.533378 14.894247 -0.163114
vt 0.207886 0.643066
vn -0.410242 0.619563 -0.669210
v 0.649995 14.799401 -0.362831
vt 0.229858 0.740234
vn -0.530408 0.626755 -0.570829
v 0.528735 15.095520 0.006425
vt 0.244995 0.556885
vn -0.461819 0.676139 -0.574073
v 0.597877 14.933929 -0.162856
vt 0.239258 0.644287
vn -0.415017 0.635144 -0.651424
v 0.647195 14.966832 -0.166195
vt 0.263672 0.645508
vn -0.509175 0.602106 -0.614987
v 0.853698 15.051224 -0.309527
vt 0.357666 0.701660
vn -0.638593 0.564952 -0.522521
v 0.626089 15.160445 0.012892
vt 0.296387 0.554199
vn -0.543759 0.645086 -0.536834
v 0.758477 15.085430 -0.159741
vt 0.329834 0.634766
vn -0.565418 0.579899 -0.586532
v 0.814923 15.154674 -0.157031
vt 0.364014 0.628906
vn -0.637167 0.538184 -0.551703
v 0.928970 15.306614 -0.167487
vt 0.435547 0.618408
vn -0.655653 0.565500 -0.500329
v 0.713553 15.241510 0.027611
vt 0.344727 0.556641
vn -0.762147 0.647400 0.002391
v 0.761783 15.286209 0.036531
vt 0.370605 0.554443
vn -0.740965 0.668816 -0.060461
v 0.970737 15.495493 0.039202
vt 0.488281 0.562012
vn -0.490925 0.449334 0.746386
v -0.616582 10.933289 0.286463
vt 0.928223 0.716064
vn -0.949947 -0.112445 0.291473
v -0.452921 10.951982 0.244937
vt 0.908691 0.512939
vn 0.282961 0.004394 0.959122
v -0.454061 10.943416 0.239787
vt 0.974121 0.512939
vn 0.079068 -0.978439 0.190804
v 0.793559 10.171786 -0.252930
vt 0.928223 0.716064
vn 0.948090 -0.041003 -0.315347
v 0.611707 10.180008 -0.204058
vt 0.908691 0.512939
vn -0.288239 0.063176 -0.955472
v 0.613374 10.170013 -0.199348
vt 0.974121 0.512939
vn -0.143648 -0.830130 -0.538749
v 0.868579 9.001918 -0.205688
vt 0.928223 0.716064
vn 0.934010 -0.235511 -0.268625
v 0.679073 9.049314 -0.163365
vt 0.908691 0.512939
vn -0.242156 0.036297 -0.969558
v 0.678945 9.039000 -0.157583
vt 0.974121 0.512939
vn -0.276296 -0.831508 -0.481929
v -0.483950 9.188218 -0.642191
vt 0.928223 0.716064
vn -0.602180 -0.218551 -0.767863
v -0.369657 9.233060 -0.477982
vt 0.908691 0.512939
vn -0.803894 0.049767 0.592686
v -0.364527 9.222797 -0.480391
vt 0.974121 0.512939
vn -0.341034 -0.840812 0.420394
v 0.700830 8.221164 -0.460837
vt 0.928223 0.716064
vn 0.764106 -0.310136 -0.565648
v 0.539832 8.284382 -0.355892
vt 0.908691 0.512939
vn -0.557132 0.078500 -0.826705
v 0.540938 8.274187 -0.350017
vt 0.974121 0.512939
vn -0.485224 -0.811233 -0.326281
v 1.948974 11.668745 0.131745
vt 0.894531 0.208984
vn -0.120633 0.574513 -0.809557
v 1.845946 11.780052 0.170903
vt 0.879883 0.260742
vn -0.412237 -0.109627 0.904457
v 1.862230 11.720249 0.171929
vt 0.871582 0.236816
vn -0.798941 0.509266 0.319909
v 1.137276 11.460145 0.031872
vt 0.596191 0.218262
vn -0.081531 0.677118 -0.731344
v 1.968590 11.583813 0.052073
vt 0.891113 0.176758
vn -0.083702 0.681687 -0.726840
v 1.586478 11.671107 0.147707
vt 0.771973 0.250977
vn -0.172339 0.698792 0.694254
v 1.201117 11.251435 -0.173469
vt 0.593262 0.127441
vn -0.089108 0.648097 -0.756326
v 1.105277 11.551214 0.122066
vt 0.596191 0.260742
vn -0.237413 0.756958 0.608810
v 0.618281 11.351053 -0.024169
vt 0.407715 0.236328
vn -0.075711 0.590575 -0.803423
v 0.380652 10.939281 -0.219067
vt 0.285645 0.125488
vn -0.076844 0.462407 -0.883332
v 0.580161 11.428459 0.047793
vt 0.403809 0.273926
vn -0.218121 0.805078 0.551609
v 0.323909 11.289214 -0.052215
vt 0.301025 0.247070
vn -0.032438 0.545274 -0.837630
v 0.292285 11.381602 0.028604
vt 0.301025 0.288086
vn -0.176233 0.767422 0.616446
v 1.430867 14.212867 -0.359616
vt 0.894531 0.208984
vn -0.568543 0.318089 -0.758669
v 1.358136 14.313431 -0.305835
vt 0.879883 0.260742
vn -0.341971 -0.030237 0.939224
v 1.361302 14.251778 -0.306663
vt 0.871582 0.236816
vn -0.592557 0.300671 0.747311
v 1.166932 14.060236 -0.259555
vt 0.771973 0.250977
vn -0.262246 0.500097 0.825306
v 1.177923 13.938730 -0.309144
vt 0.771973 0.212402
vn -0.599351 0.452674 -0.660200
v 1.435919 14.147511 -0.440163
vt 0.891113 0.176758
vn -0.616853 0.449209 -0.646300
v 0.858299 13.775208 -0.170869
vt 0.596191 0.260742
vn -0.291866 0.631404 0.718431
v 1.176776 13.822442 -0.434077
vt 0.772461 0.157227
vn -0.623060 0.516599 -0.587301
v 0.851207 13.659025 -0.245565
vt 0.596191 0.218262
vn -0.518770 0.453976 -0.724419
v 0.470376 13.535287 -0.101593
vt 0.403809 0.273926
vn -0.238619 0.725387 0.645659
v 0.843123 13.469872 -0.332952
vt 0.593262 0.127441
vn -0.475021 0.439606 -0.762300
v 0.482540 13.432221 -0.165181
vt 0.407715 0.236328
vn -0.431966 0.470025 -0.769728
v 0.210646 13.438503 -0.031949
vt 0.301025 0.288086
vn -0.160949 0.753834 0.637047
v 0.481304 13.241857 -0.334825
vt 0.412598 0.131836
vn -0.471844 0.499566 -0.726497
v 0.214352 13.322717 -0.100851
vt 0.301025 0.247070
vn -0.464990 0.432020 -0.772750
v 0.246573 13.098246 -0.180915
vt 0.301270 0.134277
vn -0.528501 0.408446 -0.744217
v 0.030680 14.356946 -0.027386
vt 0.002554 0.558838
vn -0.295907 0.942006 0.158318
v 0.132038 14.215023 -0.078147
vt 0.008545 0.602783
vn 0.051125 0.400366 -0.914928
v 0.132555 14.384671 -0.006671
vt 0.047180 0.562256
vn -0.037814 0.577433 -0.815562
v 0.123286 14.418454 -0.018434
vt 0.047485 0.550781
vn 0.254062 -0.249235 -0.934523
v 0.301191 14.454513 0.020179
vt 0.124207 0.560059
vn 0.000209 0.510852 -0.859668
v 0.294528 14.478575 0.012137
vt 0.123962 0.552002
vn 0.272073 -0.261427 -0.926085
v 0.440030 14.519865 0.044830
vt 0.188354 0.550049
vn 0.340777 -0.270739 -0.900318
v 0.446096 14.496447 0.054959
vt 0.188721 0.558350
vn -0.000719 0.549703 -0.835360
v 0.567332 14.572201 0.085748
vt 0.248047 0.545654
vn 0.365403 -0.272245 -0.890148
v 0.573548 14.548622 0.095356
vt 0.248169 0.553955
vn -0.085829 0.558517 -0.825040
v 0.678169 14.592112 0.121628
vt 0.296387 0.554199
vn -0.162137 0.570318 -0.805264
v 0.671953 14.615690 0.112021
vt 0.296387 0.546143
vn 0.377979 -0.256404 -0.889601
v 0.828894 14.690274 0.164856
vt 0.370850 0.552490
vn -0.299451 0.542110 -0.785141
v 0.822529 14.714014 0.155770
vt 0.371582 0.544189
vn 0.344255 -0.264329 -0.900899
v 1.074121 14.845940 0.195846
vt 0.488281 0.562012
vn -0.126114 0.337683 -0.932773
v 1.067905 14.869518 0.186238
vt 0.489990 0.553955
vn 0.293588 -0.282633 -0.913195
v 0.410479 14.253200 -0.042842
vt 0.135864 0.640137
vn 0.049712 0.456685 -0.888238
v 0.301191 14.454513 0.020179
vt 0.124207 0.562012
vn 0.000209 0.510852 -0.859668
v 0.553935 14.096283 -0.140217
vt 0.165649 0.730225
vn -0.067509 0.520567 -0.851148
v 0.488348 14.277793 -0.026591
vt 0.170654 0.641602
vn 0.008029 0.446433 -0.894781
v 0.446096 14.496447 0.054959
vt 0.189087 0.558105
vn -0.000719 0.549703 -0.835360
v 0.504503 14.520237 0.073162
vt 0.214722 0.560303
vn -0.330358 0.862547 -0.383245
v 0.571370 14.309592 -0.016333
vt 0.207886 0.643066
vn -0.012831 0.469392 -0.882897
v 0.707499 14.139372 -0.139507
vt 0.229858 0.740234
vn -0.150548 0.527474 -0.836126
v 0.573548 14.548622 0.095356
vt 0.244995 0.556885
vn -0.085829 0.558517 -0.825040
v 0.640898 14.334108 -0.001931
vt 0.239258 0.644287
vn -0.018017 0.489621 -0.871749
v 0.695630 14.354235 0.005297
vt 0.263672 0.645508
vn -0.125145 0.487285 -0.864229
v 0.945190 14.350889 -0.072164
vt 0.357666 0.701660
vn -0.283546 0.504500 -0.815525
v 0.826632 14.445392 0.025214
vt 0.329834 0.634766
vn -0.192048 0.485399 -0.852939
v 0.895515 14.500006 0.032905
vt 0.364014 0.628906
vn -0.281534 0.469967 -0.836582
v 1.041883 14.617053 0.031294
vt 0.435547 0.618408
vn -0.306811 0.513067 -0.801642
v 0.775405 14.655294 0.149200
vt 0.344727 0.556641
vn -0.530006 0.754740 -0.386602
v 0.828894 14.690274 0.164856
vt 0.370605 0.554443
vn -0.299451 0.542110 -0.785141
v 0.020400 15.152056 -0.003737
vt 0.002554 0.558838
vn -0.731827 0.630679 -0.258212
v 0.019804 15.058138 -0.161045
vt 0.008545 0.602783
vn -0.768542 0.564462 -0.301208
v 0.089166 15.202832 -0.073326
vt 0.047180 0.562256
vn -0.717027 0.683584 -0.136327
v 0.075082 15.234453 -0.060971
vt 0.047485 0.550781
vn -0.703639 -0.031982 -0.709837
v 0.010935 15.174490 0.005613
vt 0.002836 0.550781
vn -0.705895 -0.023289 -0.707934
v 0.196764 15.310981 -0.185280
vt 0.124207 0.560059
vn -0.726272 0.666107 -0.169792
v 0.186555 15.333416 -0.176754
vt 0.123962 0.552002
vn -0.690644 -0.035587 -0.722319
v 0.287876 15.406873 -0.273745
vt 0.188354 0.550049
vn 0.664803 -0.033437 0.746270
v 0.185992 15.166036 -0.375267
vt 0.135864 0.640137
vn -0.744775 0.610781 -0.268806
v 0.196764 15.310981 -0.185280
vt 0.124207 0.562012
vn -0.726272 0.666107 -0.169792
v 0.166047 15.079847 -0.594694
vt 0.165649 0.730225
vn -0.762824 0.631199 -0.140311
v 0.238506 15.207959 -0.427785
vt 0.170654 0.641602
vn -0.769464 0.590820 -0.242604
v 0.297341 15.384437 -0.283096
vt 0.189087 0.558105
vn 0.069768 0.674089 0.735348
v 0.342029 15.419641 -0.318078
vt 0.214722 0.560303
vn -0.431934 0.818395 0.379027
v 0.288873 15.259397 -0.485058
vt 0.207886 0.643066
vn -0.767376 0.604308 -0.214351
v 0.243143 15.164038 -0.713856
vt 0.229858 0.740234
vn -0.786635 0.613876 -0.066038
v 0.395804 15.461364 -0.358637
vt 0.244995 0.556885
vn 0.016477 0.651622 0.758365
v 0.335802 15.299257 -0.531157
vt 0.239258 0.644287
vn -0.750792 0.628164 -0.204258
v 0.369352 15.332283 -0.568983
vt 0.263672 0.645508
vn -0.797744 0.592590 -0.111538
v 0.425208 15.416645 -0.821432
vt 0.357666 0.701660
vn -0.832234 0.553107 0.038209
v 0.470602 15.526584 -0.423803
vt 0.296387 0.554199
vn -0.745918 0.665201 0.033393
v 0.454029 15.451214 -0.644220
vt 0.329834 0.634766
vn -0.828186 0.559062 -0.039470
v 0.496568 15.520622 -0.682807
vt 0.364014 0.628906
vn -0.850295 0.526061 0.016084
v 0.572007 15.672834 -0.772383
vt 0.435547 0.618408
vn -0.829515 0.554786 0.064163
v 0.543541 15.607952 -0.475898
vt 0.344727 0.556641
vn -0.553530 0.653197 0.516661
v 0.583643 15.652820 -0.504755
vt 0.370605 0.554443
vn -0.806968 0.584314 0.085901
v 0.736405 15.862690 -0.652994
vt 0.488281 0.562012
vn -0.862872 0.474231 -0.174803
v 0.987958 13.024185 1.605571
vt 0.894531 0.208984
vn 0.568478 0.473034 -0.673106
v 0.887609 13.103680 1.516136
vt 0.879883 0.260742
vn -0.951979 -0.217818 0.215155
v 0.902869 13.050538 1.543782
vt 0.871582 0.236816
vn -0.793676 0.275839 -0.542209
v 0.779211 12.925751 1.310955
vt 0.771973 0.250977
vn -0.812758 0.573293 0.103729
v 0.640447 12.547438 0.889515
vt 0.596191 0.218262
vn 0.506859 0.593854 -0.624845
v 0.554142 12.640193 0.918165
vt 0.596191 0.260742
vn -0.770038 0.637877 -0.012419
v 1.072288 12.946046 1.596869
vt 0.891113 0.176758
vn 0.507353 0.580516 -0.636862
v 0.329096 12.370756 0.437393
vt 0.403809 0.273926
vn -0.694115 0.719844 0.005393
v 0.835365 12.298418 0.822439
vt 0.593262 0.127441
vn 0.537715 0.569531 -0.621688
v 0.408985 12.294857 0.432899
vt 0.407715 0.236328
vn 0.571240 0.564054 -0.596262
v 0.177733 12.268343 0.167744
vt 0.301025 0.288086
vn -0.695920 0.714268 0.074274
v 0.446136 11.892687 0.147977
vt 0.301270 0.134277
vn 0.640211 0.482639 -0.597654
v 0.261317 12.177167 0.153195
vt 0.301025 0.247070
vn 0.632941 0.536352 -0.558311
v 0.751542 13.801354 1.470476
vt 0.894531 0.208984
vn 0.679571 0.334546 -0.652888
v 0.687417 13.914941 1.409810
vt 0.879883 0.260742
vn -0.990315 0.017090 -0.137786
v 0.686434 13.849626 1.408751
vt 0.871582 0.236816
vn -0.834298 0.367463 -0.410997
v 0.593528 13.664904 1.194235
vt 0.771973 0.250977
vn -0.846448 0.529183 -0.059088
v 0.639361 13.534429 1.187851
vt 0.771973 0.212402
vn 0.582548 0.475430 -0.659245
v 0.829943 13.729705 1.454870
vt 0.891113 0.176758
vn 0.568929 0.472599 -0.673030
v 0.431703 13.392155 0.858401
vt 0.596191 0.260742
vn -0.739725 0.665390 -0.100316
v 0.758554 13.408299 1.152879
vt 0.772461 0.157227
vn 0.508716 0.546415 -0.665311
v 0.499015 13.268065 0.827674
vt 0.596191 0.218262
vn 0.659568 0.464451 -0.590979
v 0.274892 13.172951 0.435927
vt 0.403809 0.273926
vn -0.661943 0.747785 -0.051483
v 0.576634 13.066720 0.787784
vt 0.593262 0.127441
vn 0.702370 0.443651 -0.556642
v 0.335593 13.061430 0.429235
vt 0.407715 0.236328
vn 0.717010 0.471237 -0.513645
v 0.149341 13.094200 0.162298
vt 0.301025 0.288086
vn -0.633823 0.773266 0.018116
v 0.496221 12.855897 0.379824
vt 0.412598 0.131836
vn 0.669272 0.505824 -0.544259
v 0.213101 12.969809 0.144472
vt 0.301025 0.247070
vn 0.713564 0.435123 -0.549085
v 0.290205 12.728103 0.147236
vt 0.301270 0.134277
vn 0.673972 0.421557 -0.606673
v -0.707007 13.125404 1.683346
vt 0.894531 0.208984
vn 0.881871 0.464369 0.081640
v -0.690995 13.205630 1.546985
vt 0.879883 0.260742
vn -0.728381 -0.214152 -0.650846
v -0.704728 13.152368 1.575242
vt 0.871582 0.236816
vn -0.001520 0.284877 -0.958563
v -0.587781 13.028595 1.338079
vt 0.771973 0.250977
vn -0.554504 0.580181 -0.596587
v -0.329432 12.651564 0.981958
vt 0.596191 0.218262
vn 0.811796 0.580792 0.060556
v -0.399767 12.744860 0.923197
vt 0.596191 0.260742
vn -0.433013 0.646471 -0.628153
v -0.653632 13.046721 1.751504
vt 0.891113 0.176758
vn 0.821483 0.567607 0.054657
v -0.141556 12.477320 0.459785
vt 0.403809 0.273926
vn -0.400768 0.728315 -0.555826
v -0.168790 12.401330 1.113119
vt 0.593262 0.127441
vn 0.825905 0.557202 0.086063
v -0.093986 12.400902 0.526415
vt 0.407715 0.236328
vn 0.823918 0.552283 0.127055
v -0.010517 12.376134 0.178269
vt 0.301025 0.288086
vn -0.476928 0.708157 -0.520628
v 0.152731 11.998742 0.398824
vt 0.301270 0.134277
vn 0.862921 0.472296 0.179732
v 0.047075 12.284424 0.242466
vt 0.301025 0.247070
vn 0.826283 0.528285 0.195378
v -0.421115 10.981683 1.869983
vt 0.894531 0.208984
vn 0.784514 0.581843 0.214467
v -0.444409 11.118611 1.791349
vt 0.879883 0.260742
vn -0.822994 -0.009359 -0.567972
v -0.444154 11.056358 1.791015
vt 0.871582 0.236816
vn -0.195251 0.723399 -0.662247
v -0.158331 11.027806 1.036667
vt 0.596191 0.218262
vn 0.694809 0.671213 0.258289
v -0.344103 10.895943 1.882598
vt 0.891113 0.176758
vn 0.690225 0.676400 0.257047
v -0.367365 11.092655 1.511239
vt 0.771973 0.250977
vn -0.714264 0.693097 -0.097180
v 0.036894 10.812593 1.084977
vt 0.593262 0.127441
vn 0.719894 0.647695 0.249489
v -0.243287 11.122945 1.011395
vt 0.596191 0.260742
vn -0.622757 0.772795 -0.122314
v 0.000619 11.080422 0.508804
vt 0.407715 0.236328
vn 0.770277 0.585165 0.253486
v 0.257978 10.760990 0.204066
vt 0.285645 0.125488
vn 0.853821 0.465301 0.233420
v -0.064200 11.164670 0.477832
vt 0.403809 0.273926
vn -0.575432 0.813680 -0.082477
v 0.087270 11.110229 0.208650
vt 0.301025 0.247070
vn 0.796180 0.533686 0.285091
v 0.011842 11.206710 0.186291
vt 0.301025 0.288086
vn -0.661432 0.746293 -0.074525
v -0.361978 15.225377 -1.250779
vt 0.894531 0.208984
vn -0.759162 0.301192 0.577023
v -0.315254 15.314302 -1.186143
vt 0.879883 0.260742
vn 0.964407 -0.020403 0.263633
v -0.315599 15.260004 -1.189086
vt 0.871582 0.236816
vn 0.775878 0.315604 0.546266
v -0.263698 15.091508 -1.013350
vt 0.771973 0.250977
vn 0.840617 0.501311 0.205061
v -0.304259 14.984097 -1.021276
vt 0.771973 0.212402
vn -0.656976 0.443316 0.609798
v -0.429449 15.167142 -1.251370
vt 0.891113 0.176758
vn -0.645539 0.439098 0.624879
v -0.170886 14.840896 -0.734649
vt 0.596191 0.260742
vn 0.733425 0.634940 0.242771
v -0.408324 14.880622 -1.013956
vt 0.772461 0.157227
vn -0.583222 0.511698 0.630886
v -0.231684 14.737940 -0.724662
vt 0.596191 0.218262
vn -0.723740 0.439252 0.532219
v -0.090710 14.629755 -0.382036
vt 0.403809 0.273926
vn 0.664791 0.722195 0.191017
v -0.303202 14.570606 -0.712983
vt 0.593262 0.127441
vn -0.761694 0.422044 0.491631
v -0.143261 14.538467 -0.390298
vt 0.407715 0.236328
vn -0.769773 0.453218 0.449492
v -0.017995 14.544818 -0.147063
vt 0.301025 0.288086
vn 0.647775 0.752300 0.120137
v -0.284316 14.369372 -0.380694
vt 0.412598 0.131836
vn -0.726035 0.484482 0.488006
v -0.074475 14.442274 -0.147296
vt 0.301025 0.247070
vn -0.771937 0.414699 0.481808
v -0.141607 14.243944 -0.173071
vt 0.301270 0.134277
vn -0.740933 0.395873 0.542497
v 0.946448 11.346580 -1.750555
vt 0.894531 0.208984
vn -0.772436 0.568598 -0.282911
v 0.940818 11.468369 -1.647912
vt 0.879883 0.260742
vn 0.677213 -0.068319 0.732608
v 0.945995 11.407118 -1.657460
vt 0.871582 0.236816
vn -0.020222 0.601682 0.798479
v 0.515348 11.227006 -1.005564
vt 0.596191 0.218262
vn -0.685418 0.667254 -0.291503
v 0.881747 11.260118 -1.794527
vt 0.891113 0.176758
vn -0.680440 0.673976 -0.287676
v 0.809709 11.388088 -1.401819
vt 0.771973 0.250977
vn 0.610045 0.703461 0.364675
v 0.354506 11.012857 -1.132378
vt 0.593262 0.127441
vn -0.708606 0.642583 -0.291488
v 0.583504 11.320891 -0.946549
vt 0.596191 0.260742
vn 0.508064 0.771797 0.382361
v 0.247505 11.174693 -0.528173
vt 0.407715 0.236328
vn -0.751039 0.579165 -0.317030
v -0.037231 10.791123 -0.347135
vt 0.285645 0.125488
vn -0.825319 0.454404 -0.335209
v 0.296704 11.255684 -0.469712
vt 0.403809 0.273926
vn 0.465726 0.817031 0.339941
v 0.098840 11.145054 -0.255848
vt 0.301025 0.247070
vn -0.764460 0.533683 -0.361639
v 0.159046 11.240230 -0.201205
vt 0.301025 0.288086
vn 0.556915 0.757928 0.339693
v -1.023921 14.742205 0.908108
vt 0.894531 0.208984
vn 0.830159 0.307797 0.464863
v -0.980556 14.840170 0.832995
vt 0.879883 0.260742
vn -0.103577 -0.018779 -0.994444
v -0.982670 14.780783 0.834336
vt 0.871582 0.236816
vn 0.217311 0.318621 -0.922636
v -0.830217 14.598706 0.708578
vt 0.771973 0.250977
vn -0.130935 0.507915 -0.851398
v -0.820580 14.481219 0.754503
vt 0.771973 0.212402
vn 0.818492 0.445401 0.362889
v -0.996990 14.678565 0.979929
vt 0.891113 0.176758
vn 0.828428 0.442431 0.343456
v -0.592807 14.328102 0.498022
vt 0.596191 0.260742
vn -0.056333 0.640197 -0.766143
v -0.770869 14.368240 0.861953
vt 0.772461 0.157227
vn 0.810025 0.511227 0.287238
v -0.557721 14.215709 0.558372
vt 0.596191 0.218262
vn 0.773486 0.444900 0.451423
v -0.278820 14.101542 0.271650
vt 0.403809 0.273926
vn -0.072309 0.731682 -0.677800
v -0.515988 14.032968 0.629222
vt 0.593262 0.127441
vn 0.751200 0.429869 0.500911
v -0.264922 14.001677 0.330526
vt 0.407715 0.236328
vn 0.716066 0.458854 0.526025
v -0.077892 14.011513 0.100478
vt 0.301025 0.288086
vn -0.146047 0.752384 -0.642331
v -0.197525 13.817014 0.476191
vt 0.412598 0.131836
vn 0.731611 0.492768 0.471088
v -0.054482 13.899443 0.160300
vt 0.301025 0.247070
vn 0.745787 0.421655 0.515761
v -0.050630 13.682366 0.241273
vt 0.301270 0.134277
vn 0.790507 0.401174 0.462772
v -1.705804 12.788718 0.073417
vt 0.894531 0.208984
vn 0.342555 0.463171 0.817391
v -1.582637 12.868897 0.027358
vt 0.879883 0.260742
vn 0.268368 -0.213333 -0.939397
v -1.613085 12.815719 0.027432
vt 0.871582 0.236816
vn 0.872053 0.281548 -0.400317
v -1.358118 12.691255 0.022556
vt 0.771973 0.250977
vn 0.294928 0.588958 -0.752427
v -0.937211 12.312582 0.093506
vt 0.596191 0.218262
vn 0.329700 0.588103 0.738534
v -0.919906 12.406412 0.002724
vt 0.596191 0.260742
vn 0.381922 0.647979 -0.658983
v -1.738910 12.709610 0.153968
vt 0.891113 0.176758
vn 0.341168 0.575874 0.742950
v -0.407929 12.137294 0.023397
vt 0.403809 0.273926
vn 0.330129 0.730860 -0.597376
v -0.974217 12.061117 0.301457
vt 0.593262 0.127441
vn 0.313407 0.565115 0.763165
v -0.442434 12.060497 0.097881
vt 0.407715 0.236328
vn 0.273087 0.560347 0.781943
v -0.108755 12.035328 0.014074
vt 0.301025 0.288086
vn 0.268325 0.725351 -0.633931
v -0.220585 11.656644 0.264155
vt 0.301270 0.134277
vn 0.244562 0.480967 0.841938
v -0.136586 11.943172 0.095603
vt 0.301025 0.247070
vn 0.209058 0.534290 0.819041
v -0.414902 10.284997 0.557807
vt 0.928223 0.716064
vn -0.658355 -0.208710 0.723193
v -0.293946 10.321663 0.439335
vt 0.908691 0.512939
vn 0.688855 0.093676 0.718821
v -0.303343 10.312138 0.428719
vt 0.974121 0.512939
vn -0.290896 -0.894059 -0.340644
v 2.065849 5.047004 1.585224
vt 0.276123 0.095703
vn -0.376008 0.904598 -0.200798
v 2.127523 4.891772 1.571949
vt 0.255371 0.050781
vn 0.742167 0.475471 -0.472351
v 2.076247 5.103695 1.597522
vt 0.276855 0.113281
vn -0.824389 0.046667 0.564097
v 1.536746 5.432883 1.078991
vt 0.497559 0.070801
vn 0.780724 0.511109 -0.359495
v 1.658496 5.155914 0.909732
vt 0.489258 -0.000977
vn 0.777012 0.513042 -0.364745
v 1.501406 5.528574 1.161886
vt 0.497559 0.105469
vn 0.032686 0.620383 0.783618
v 1.065354 5.734275 0.460322
vt 0.672363 -0.003906
vn 0.793699 0.473995 -0.381274
v 1.059500 6.023783 0.715407
vt 0.648926 0.085449
vn 0.796302 0.495914 -0.346370
v 1.024173 6.110879 0.776335
vt 0.656738 0.115723
vn 0.060572 0.653561 0.754446
v 0.904574 6.212620 0.689171
vt 0.707031 0.119141
vn 0.490280 0.831987 0.259659
v 0.679238 6.319183 0.435751
vt 0.812500 0.101562
vn 0.687374 0.515858 -0.511280
v 0.902897 5.864125 0.199675
vt 0.767090 -0.005859
vn 0.717314 0.528908 -0.453561
v 0.655243 6.424720 0.507459
vt 0.811523 0.133301
vn -0.453007 -0.860208 -0.234153
v 0.566668 6.048416 0.032333
vt 0.879395 0.006348
vn 0.603374 0.574056 -0.553533
v 0.436334 6.549839 0.353445
vt 0.894531 0.143066
vn -0.261866 0.593510 0.761033
v 0.449210 6.428357 0.290306
vt 0.892090 0.107422
vn 0.628880 0.513250 -0.584024
v 0.529931 7.350379 2.679940
vt 0.276123 0.095703
vn -0.158453 0.878439 -0.450819
v 0.580922 7.195526 2.721309
vt 0.255371 0.050781
vn 0.883331 0.455886 0.109060
v 0.531856 7.407737 2.693485
vt 0.276855 0.113281
vn -0.988563 0.080372 -0.127605
v 0.482197 7.700327 1.915051
vt 0.497559 0.070801
vn 0.836408 0.501683 0.220763
v 0.674840 7.416470 1.891052
vt 0.489258 -0.000977
vn 0.838340 0.501601 0.213502
v 0.403734 7.799884 1.946129
vt 0.497559 0.105469
vn -0.495389 0.663012 0.561252
v 0.546937 7.960782 1.113181
vt 0.672363 -0.003906
vn 0.860926 0.461516 0.214030
v 0.383623 8.263532 1.281769
vt 0.648926 0.085449
vn 0.838358 0.487919 0.243085
v 0.319259 8.353322 1.297206
vt 0.656738 0.115723
vn -0.458462 0.692397 0.557134
v 0.291799 8.448338 1.143434
vt 0.707031 0.119141
vn 0.201685 0.858416 0.471641
v 0.294291 8.537674 0.792834
vt 0.812500 0.101562
vn 0.869127 0.492191 0.048645
v 0.600755 8.073923 0.800924
vt 0.767090 -0.005859
vn 0.854015 0.508490 0.109985
v 0.231658 8.646627 0.823338
vt 0.811523 0.133301
vn 0.076390 -0.912010 -0.402991
v 0.467873 8.243848 0.430682
vt 0.879395 0.006348
vn 0.838220 0.543904 -0.039458
v 0.176476 8.759819 0.548791
vt 0.894531 0.143066
vn -0.697471 0.625813 0.349131
v 0.223123 8.635372 0.517707
vt 0.892090 0.107422
vn 0.875236 0.482001 -0.040458
v -2.390976 5.034076 0.580969
vt 0.276123 0.095703
vn 0.408307 0.905017 -0.119292
v -2.421990 4.878092 0.636076
vt 0.255371 0.050781
vn -0.129910 0.476111 0.869737
v -2.406849 5.090722 0.581609
vt 0.276855 0.113281
vn 0.103214 0.058531 -0.992936
v -1.678594 5.422720 0.508699
vt 0.497559 0.070801
vn -0.245146 0.513864 0.822099
v -1.637604 5.143396 0.712877
vt 0.489258 -0.000977
vn -0.237654 0.514095 0.824153
v -1.714685 5.519299 0.427187
vt 0.497559 0.105469
vn -0.627945 0.618924 -0.471824
v -0.923893 5.725563 0.555174
vt 0.672363 -0.003906
vn -0.236935 0.474370 0.847842
v -1.103295 6.016660 0.384652
vt 0.648926 0.085449
vn -0.267032 0.497553 0.825309
v -1.123659 6.104511 0.317640
vt 0.656738 0.115723
vn -0.620454 0.647078 -0.443088
v -0.982173 6.207040 0.283366
vt 0.707031 0.119141
vn -0.523340 0.827125 0.204889
v -0.651559 6.314557 0.277014
vt 0.812500 0.101562
vn -0.060527 0.517261 0.853685
v -0.629955 5.855622 0.603018
vt 0.767090 -0.005859
vn -0.129606 0.528866 0.838751
v -0.685054 6.414102 0.215040
vt 0.811523 0.133301
vn 0.582687 -0.811246 0.048533
v -0.287459 6.042612 0.453810
vt 0.879395 0.006348
vn 0.030587 0.573248 0.818811
v -0.431846 6.547344 0.145746
vt 0.894531 0.143066
vn -0.424060 0.567071 -0.706119
v -0.395053 6.425390 0.195297
vt 0.892090 0.107422
vn 0.037493 0.509088 0.859898
v -0.303991 6.006671 -0.753221
vt 0.928223 0.716064
vn -0.328396 -0.473373 -0.817358
v -0.246305 6.104982 -0.579468
vt 0.908691 0.512939
vn -0.940739 0.018879 0.338606
v -0.239826 6.095460 -0.577760
vt 0.974121 0.512939
vn -0.367740 -0.773642 0.515989
v -0.951259 5.225165 -2.343327
vt 0.273682 0.057617
vn -0.867936 0.435368 0.239042
v -0.903544 5.398506 -2.305132
vt 0.285156 0.115723
vn 0.982690 0.036913 -0.181542
v -0.898827 5.337244 -2.295403
vt 0.291504 0.097656
vn 0.539988 0.841212 0.027843
v -0.862544 5.178228 -1.551434
vt 0.458984 0.009766
vn -0.853059 0.519075 0.053402
v -0.713453 5.431252 -1.639457
vt 0.466309 0.077148
vn -0.808543 0.585523 0.058492
v -0.649674 5.513139 -1.677321
vt 0.468262 0.104492
vn 0.472936 0.781722 -0.406500
v -0.612319 5.545051 -1.570387
vt 0.498047 0.105469
vn 0.474008 0.757224 -0.449364
v -0.635998 5.543260 -1.340073
vt 0.548340 0.080078
vn -0.810010 0.586401 -0.004296
v -0.564787 5.622633 -1.390082
vt 0.547363 0.108398
vn 0.342110 0.783335 -0.518986
v -0.775075 5.366083 -1.188007
vt 0.564453 0.018066
vn -0.848133 0.526012 0.063095
v -0.383422 5.886085 -0.953379
vt 0.679688 0.117188
vn -0.203726 0.878096 -0.432946
v -0.392512 5.884541 -0.772127
vt 0.720703 0.093262
vn -0.851433 0.519057 0.075109
v -0.327840 5.966824 -0.819543
vt 0.720215 0.120117
vn 0.435852 0.703861 -0.560904
v -0.519117 5.514471 -0.567265
vt 0.736328 -0.009766
vn -0.872381 0.468719 0.138762
v -0.206440 6.157487 -0.499953
vt 0.813965 0.134766
vn -0.026110 0.940045 -0.340050
v -0.249790 6.043360 -0.447532
vt 0.817383 0.100098
vn -0.858257 0.470789 0.204334
v -0.391266 5.731880 -0.261520
vt 0.829590 0.015137
vn -0.870126 0.459889 0.177153
v -0.071991 6.233602 -0.211122
vt 0.897461 0.144043
vn -0.858256 0.395296 0.327319
v -0.102212 6.112875 -0.172832
vt 0.897949 0.099609
vn -0.837249 0.446895 0.315118
v -0.248823 5.998216 0.849421
vt 0.928223 0.716064
vn -0.312060 -0.481859 0.818798
v -0.173836 6.098434 0.684173
vt 0.908691 0.512939
vn 0.911056 0.066788 0.406837
v -0.177187 6.088913 0.678135
vt 0.974121 0.512939
vn 0.640004 -0.758256 -0.124270
v -0.851544 5.199610 2.450216
vt 0.273682 0.057617
vn 0.786504 0.447206 0.425933
v -0.863512 5.373247 2.388314
vt 0.285156 0.115723
vn -0.840559 0.022065 -0.541271
v -0.857706 5.312097 2.378293
vt 0.291504 0.097656
vn -0.369570 0.848046 -0.379783
v -0.380789 5.161938 1.822188
vt 0.458984 0.009766
vn 0.649575 0.529097 0.545993
v -0.548658 5.413427 1.776589
vt 0.466309 0.077148
vn 0.615493 0.598471 0.512836
v -0.621308 5.494653 1.756699
vt 0.468262 0.104492
vn -0.636711 0.770774 -0.022497
v -0.576169 5.527736 1.653462
vt 0.498047 0.105469
vn -0.662190 0.749258 0.010786
v -0.403258 5.528792 1.507647
vt 0.548340 0.080078
vn 0.572311 0.599099 0.559947
v -0.489338 5.607337 1.490902
vt 0.547363 0.108398
vn -0.620752 0.770722 0.143715
v -0.200181 5.353886 1.500858
vt 0.564453 0.018066
vn 0.649426 0.536938 0.538464
v -0.325908 5.875472 1.049283
vt 0.679688 0.117188
vn -0.169718 0.873844 0.455623
v -0.197378 5.876138 0.927218
vt 0.720703 0.093262
vn 0.659942 0.532364 0.530156
v -0.276121 5.957646 0.913828
vt 0.720215 0.120117
vn -0.708398 0.695757 0.118721
v 0.034445 5.508951 0.872568
vt 0.736328 -0.009766
vn 0.723791 0.478888 0.496781
v -0.154227 6.147108 0.603189
vt 0.813965 0.134766
vn -0.231811 0.930401 0.283933
v -0.081858 6.038415 0.592645
vt 0.817383 0.100098
vn 0.755507 0.486103 0.439218
v 0.147211 5.729631 0.562683
vt 0.829590 0.015137
vn 0.749316 0.468204 0.468306
v -0.050973 6.230944 0.295098
vt 0.897461 0.144043
vn 0.836384 0.416485 0.356373
v -0.002438 6.110779 0.289391
vt 0.897949 0.099609
vn 0.815788 0.461568 0.348489
v 2.351323 3.996856 -1.003733
vt 0.276123 0.095703
vn -0.383859 0.908640 0.164397
v 2.372441 3.841723 -1.065933
vt 0.255371 0.050781
vn -0.048846 0.486614 -0.872250
v 2.367063 4.053724 -1.005133
vt 0.276855 0.113281
vn 0.090496 0.035996 0.995246
v 1.663816 4.378139 -0.781672
vt 0.497559 0.070801
vn 0.067513 0.525677 -0.848001
v 1.587096 4.100491 -0.976589
vt 0.489258 -0.000977
vn 0.059505 0.525435 -0.848751
v 1.713889 4.474232 -0.708093
vt 0.497559 0.105469
vn 0.705204 0.617911 0.347669
v 0.913027 4.674415 -0.668285
vt 0.672363 -0.003906
vn 0.054314 0.485762 -0.872402
v 1.119003 4.965454 -0.534741
vt 0.648926 0.085449
vn 0.088706 0.509427 -0.855930
v 1.150985 5.052819 -0.472236
vt 0.656738 0.115723
vn 0.691894 0.647393 0.319634
v 1.018018 5.153686 -0.408315
vt 0.707031 0.119141
vn 0.464431 0.835538 -0.293564
v 0.694337 5.258062 -0.332745
vt 0.812500 0.101562
vn -0.120138 0.526607 -0.841577
v 0.614914 4.802212 -0.653142
vt 0.767090 -0.005859
vn -0.048825 0.538297 -0.841340
v 0.738158 5.357292 -0.277751
vt 0.811523 0.133301
vn -0.579239 -0.813809 0.046866
v 0.305974 4.984524 -0.434170
vt 0.879395 0.006348
vn -0.202541 0.579997 -0.789038
v 0.502406 5.487521 -0.155206
vt 0.894531 0.143066
vn 0.555379 0.565783 0.609462
v 0.457504 5.365693 -0.198524
vt 0.892090 0.107422
vn -0.216925 0.517664 -0.827628
v 0.530916 4.936606 0.753109
vt 0.928223 0.716064
vn 0.471030 -0.480683 0.739645
v 0.443263 5.036120 0.594336
vt 0.908691 0.512939
vn 0.869765 0.064920 -0.489178
v 0.436664 5.026556 0.593777
vt 0.974121 0.512939
vn 0.271654 -0.766210 -0.582346
v 1.449584 4.145185 2.184819
vt 0.273682 0.057617
vn 0.805479 0.452434 -0.382762
v 1.393077 4.318440 2.159557
vt 0.285156 0.115723
vn -0.934934 0.035896 0.353002
v 1.387188 4.257239 2.150188
vt 0.291504 0.097656
vn -0.551941 0.829711 0.083313
v 1.224957 4.105376 1.422468
vt 0.458984 0.009766
vn 0.825538 0.530011 -0.193842
v 1.091837 4.356122 1.540218
vt 0.466309 0.077148
vn 0.779319 0.597392 -0.189167
v 1.034269 4.437028 1.591123
vt 0.468262 0.104492
vn -0.395747 0.775328 0.492190
v 0.978710 4.469666 1.493433
vt 0.498047 0.105469
vn -0.386103 0.752175 0.534001
v 0.962795 4.470409 1.261823
vt 0.548340 0.080078
vn 0.792882 0.595726 -0.128251
v 0.900051 4.548611 1.326053
vt 0.547363 0.108398
vn -0.245350 0.776342 0.580600
v 1.074383 4.296052 1.083867
vt 0.564453 0.018066
vn 0.819682 0.535210 -0.204136
v 0.644704 4.814754 0.933463
vt 0.679688 0.117188
vn 0.274392 0.874144 0.400725
v 0.622129 4.815113 0.753497
vt 0.720703 0.093262
vn 0.818746 0.532546 -0.214590
v 0.565342 4.896311 0.813968
vt 0.720215 0.120117
vn -0.324330 0.699011 0.637333
v 0.713662 4.448294 0.523794
vt 0.736328 -0.009766
vn 0.830505 0.479445 -0.283538
v 0.390528 5.084399 0.531235
vt 0.813965 0.134766
vn 0.094697 0.932126 0.349534
v 0.424187 4.975858 0.463239
vt 0.817383 0.100098
vn 0.802507 0.488424 -0.342674
v 0.533198 4.667572 0.249916
vt 0.829590 0.015137
vn 0.821627 0.471042 -0.321013
v 0.206864 5.166816 0.266712
vt 0.897461 0.144043
vn 0.783440 0.422324 -0.455921
v 0.230793 5.046762 0.221946
vt 0.897949 0.099609
vn 0.763775 0.468650 -0.443864
v -0.926056 3.964598 2.458190
vt 0.276123 0.095703
vn 0.113407 0.902450 -0.415600
v -0.899520 3.808834 2.516444
vt 0.255371 0.050781
vn 0.659087 0.471704 0.585747
v -0.934949 4.021201 2.472109
vt 0.276855 0.113281
vn -0.764104 0.055886 -0.642668
v -0.578675 4.354885 1.805055
vt 0.497559 0.070801
vn 0.556071 0.512797 0.654083
v -0.393185 4.076819 1.886722
vt 0.489258 -0.000977
vn 0.562162 0.512398 0.649170
v -0.663893 4.450904 1.789400
vt 0.497559 0.105469
vn -0.752036 0.617282 0.231093
v -0.113331 4.660153 1.183459
vt 0.672363 -0.003906
vn 0.582410 0.472669 0.661349
v -0.351425 4.949780 1.239778
vt 0.648926 0.085449
vn 0.546825 0.496716 0.673985
v -0.416224 5.037199 1.218910
vt 0.656738 0.115723
vn -0.725330 0.644571 0.241711
v -0.363034 5.139943 1.077794
vt 0.707031 0.119141
vn -0.130431 0.836145 0.532775
v -0.180018 5.248374 0.790279
vt 0.812500 0.101562
vn 0.681217 0.511600 0.523649
v 0.091208 4.791324 0.958319
vt 0.767090 -0.005859
vn 0.631447 0.524348 0.571256
v -0.248420 5.347476 0.783543
vt 0.811523 0.133301
vn 0.381606 -0.819574 -0.427406
v 0.168282 4.978466 0.578994
vt 0.879395 0.006348
vn 0.701409 0.565897 0.433343
v -0.159182 5.481060 0.526516
vt 0.894531 0.143066
vn -0.825591 0.560939 -0.061215
v -0.098525 5.359490 0.523362
vt 0.892090 0.107422
vn 0.738190 0.502696 0.449859
v -0.777977 4.935851 -0.103142
vt 0.928223 0.716064
vn -0.849851 -0.492009 -0.188895
v -0.609124 5.035293 -0.053629
vt 0.908691 0.512939
vn -0.264421 0.046569 0.963282
v -0.604028 5.025799 -0.058203
vt 0.974121 0.512939
vn 0.234978 -0.769708 0.593578
v -2.392055 4.143650 -0.453980
vt 0.273682 0.057617
vn -0.304217 0.449383 0.839945
v -2.335853 4.317337 -0.473351
vt 0.285156 0.115723
vn 0.410916 0.038141 -0.910875
v -2.325150 4.256144 -0.471772
vt 0.291504 0.097656
vn 0.335321 0.845537 -0.415485
v -1.718929 4.101374 -0.078203
vt 0.458984 0.009766
vn -0.454099 0.529172 0.716778
v -1.704533 4.354333 -0.256701
vt 0.466309 0.077148
vn -0.423953 0.596131 0.681830
v -1.698380 4.436191 -0.333147
vt 0.468262 0.104492
vn -0.082444 0.783331 -0.616114
v -1.593234 4.468805 -0.304229
vt 0.498047 0.105469
vn -0.116815 0.757911 -0.641813
v -1.425767 4.468228 -0.152485
vt 0.548340 0.080078
vn -0.477583 0.595044 0.646404
v -1.424902 4.547525 -0.242237
vt 0.547363 0.108398
vn -0.251551 0.779920 -0.573102
v -1.384582 4.291499 0.053870
vt 0.564453 0.018066
vn -0.444066 0.536522 0.717600
v -0.979853 4.813925 -0.149033
vt 0.679688 0.117188
vn -0.490245 0.867584 -0.083416
v -0.842613 4.813363 -0.037806
vt 0.720703 0.093262
vn -0.434810 0.531388 0.727026
v -0.843460 4.895567 -0.120469
vt 0.720215 0.120117
vn -0.236836 0.703628 -0.669938
v -0.751674 4.444074 0.188206
vt 0.736328 -0.009766
vn -0.391541 0.480686 0.784625
v -0.529512 5.083734 -0.045940
vt 0.813965 0.134766
vn -0.325441 0.930522 -0.167979
v -0.507077 4.974396 0.024722
vt 0.817383 0.100098
vn -0.326138 0.487981 0.809635
v -0.439785 4.663548 0.252670
vt 0.829590 0.015137
vn -0.359538 0.470108 0.806059
v -0.221003 5.166461 0.006786
vt 0.897461 0.144043
vn -0.225716 0.418390 0.879774
v -0.207441 5.045862 0.054721
vt 0.897949 0.099609
vn -0.221245 0.466072 0.856637
v 1.924836 11.240040 -0.501814
vt 0.894531 0.208984
vn -0.437319 0.524866 -0.730252
v 1.831502 11.343129 -0.430164
vt 0.879883 0.260742
vn -0.065833 -0.151334 0.986288
v 1.851792 11.284791 -0.433739
vt 0.871582 0.236816
vn -0.651835 0.428578 0.625646
v 1.587472 11.213633 -0.364751
vt 0.771973 0.250977
vn 0.014773 0.632476 0.774439
v 1.104151 10.926624 -0.318188
vt 0.596191 0.218262
vn -0.380061 0.642209 -0.665673
v 1.124486 11.021567 -0.228193
vt 0.596191 0.260742
vn -0.075514 0.704838 0.705337
v 1.924663 11.156309 -0.585255
vt 0.891113 0.176758
vn -0.394146 0.631088 -0.668115
v 0.584275 10.860040 -0.115673
vt 0.403809 0.273926
vn -0.026201 0.777189 0.628722
v 1.049259 10.673781 -0.520167
vt 0.593262 0.127441
vn -0.375055 0.615586 -0.693100
v 0.587197 10.778253 -0.193639
vt 0.407715 0.236328
vn -0.341491 0.604243 -0.719912
v 0.283124 10.819794 -0.030559
vt 0.301025 0.288086
vn 0.047073 0.747139 0.662999
v 0.268145 10.427323 -0.286969
vt 0.301270 0.134277
vn -0.344661 0.521037 -0.780852
v 0.275434 10.724312 -0.113202
vt 0.301025 0.247070
vn -0.294611 0.568512 -0.768114
v 0.794948 3.141253 2.537321
vt 0.276123 0.095703
vn -0.255912 0.888570 -0.380726
v 0.853684 2.985715 2.563621
vt 0.255371 0.050781
vn 0.881591 0.470882 0.032655
v 0.798337 3.197815 2.553326
vt 0.276855 0.113281
vn -0.997892 0.063581 -0.013002
v 0.657225 3.529901 1.802963
vt 0.497559 0.070801
vn 0.848349 0.506708 0.153465
v 0.850541 3.252647 1.740673
vt 0.489258 -0.000977
vn 0.847994 0.509109 0.147359
v 0.582048 3.625631 1.848332
vt 0.497559 0.105469
vn -0.438673 0.622291 0.648321
v 0.627625 3.834037 1.013812
vt 0.672363 -0.003906
vn 0.871959 0.468521 0.142043
v 0.479270 4.123238 1.216973
vt 0.648926 0.085449
vn 0.853784 0.491208 0.172535
v 0.416510 4.210402 1.244601
vt 0.656738 0.115723
vn -0.401523 0.653120 0.642039
v 0.369575 4.312749 1.100772
vt 0.707031 0.119141
vn 0.240579 0.836267 0.492726
v 0.331406 4.420571 0.757537
vt 0.812500 0.101562
vn 0.860627 0.508817 -0.020639
v 0.644312 3.964893 0.703679
vt 0.767090 -0.005859
vn 0.852208 0.521489 0.042328
v 0.270814 4.526148 0.801198
vt 0.811523 0.133301
vn 0.038673 -0.887953 -0.458305
v 0.468187 4.150791 0.361639
vt 0.879395 0.006348
vn 0.818916 0.564804 -0.101849
v 0.183475 4.652301 0.541637
vt 0.894531 0.143066
vn -0.662834 0.591774 0.458753
v 0.228386 4.530882 0.498503
vt 0.892090 0.107422
vn 0.856686 0.503893 -0.110363
v 0.820846 4.110568 0.225444
vt 0.928223 0.716064
vn 0.835945 -0.486771 0.253475
v 0.655429 4.209238 0.163116
vt 0.908691 0.512939
vn 0.344127 0.066523 -0.936564
v 0.650084 4.199655 0.167154
vt 0.974121 0.512939
vn -0.178592 -0.765668 -0.617946
v 2.409998 3.327090 0.700806
vt 0.273682 0.057617
vn 0.365311 0.464755 -0.806567
v 2.350492 3.500095 0.719354
vt 0.285156 0.115723
vn -0.483908 0.034973 0.874420
v 2.340470 3.438842 0.716262
vt 0.291504 0.097656
vn -0.376382 0.830439 0.410740
v 1.767879 3.283764 0.269971
vt 0.458984 0.009766
vn 0.506485 0.541159 -0.671282
v 1.737812 3.534602 0.449324
vt 0.466309 0.077148
vn 0.473230 0.608715 -0.636804
v 1.724918 3.615547 0.526915
vt 0.468262 0.104492
vn 0.024198 0.778235 0.627506
v 1.442976 3.472740 0.112564
vt 0.564453 0.018066
vn 0.496055 0.546682 -0.674587
v 1.622019 3.647662 0.489707
vt 0.498047 0.105469
vn 0.058664 0.754575 0.653586
v 1.466857 3.647477 0.323504
vt 0.548340 0.080078
vn 0.523800 0.606194 -0.598466
v 1.458247 3.725755 0.414769
vt 0.547363 0.108398
vn 0.197218 0.776567 0.598372
v 1.019648 3.989712 0.286665
vt 0.679688 0.117188
vn 0.474027 0.870764 0.130647
v 0.891286 3.989321 0.164407
vt 0.720703 0.093262
vn 0.487737 0.543616 -0.683077
v 0.884893 4.070597 0.248778
vt 0.720215 0.120117
vn 0.177085 0.700560 0.691271
v 0.820958 3.621873 -0.072249
vt 0.736328 -0.009766
vn 0.450143 0.491228 -0.745699
v 0.575977 4.257134 0.150403
vt 0.813965 0.134766
vn 0.299790 0.930581 0.210110
v 0.560173 4.148425 0.075922
vt 0.817383 0.100098
vn 0.387950 0.500423 -0.773997
v 0.513060 3.839618 -0.160097
vt 0.829590 0.015137
vn 0.420048 0.480973 -0.769561
v 0.271996 4.338047 0.072066
vt 0.897461 0.144043
vn 0.295736 0.432130 -0.851941
v 0.263151 4.217887 0.021911
vt 0.897949 0.099609
vn 0.288232 0.478552 -0.829404
v -0.702083 4.102889 0.483959
vt 0.928223 0.716064
vn -0.759092 -0.491719 0.426604
v -0.542946 4.202972 0.407758
vt 0.908691 0.512939
vn 0.441775 0.055177 0.895427
v -0.541837 4.193475 0.400841
vt 0.974121 0.512939
vn 0.576024 -0.759762 0.301591
v -2.148352 3.305028 1.305689
vt 0.273682 0.057617
vn 0.331506 0.451804 0.828237
v -2.118120 3.478790 1.252726
vt 0.285156 0.115723
vn -0.302743 0.045596 -0.951981
v -2.108708 3.417632 1.246806
vt 0.291504 0.097656
vn -0.038430 0.845550 -0.532511
v -1.401936 3.265993 1.138857
vt 0.458984 0.009766
vn 0.136990 0.534704 0.833862
v -1.502229 3.518307 0.992406
vt 0.466309 0.077148
vn 0.131873 0.603680 0.786244
v -1.545603 3.599891 0.928796
vt 0.468262 0.104492
vn -0.475920 0.776102 -0.413723
v -1.065787 3.457518 1.013978
vt 0.564453 0.018066
vn 0.140863 0.542760 0.827991
v -1.447039 3.632894 0.880864
vt 0.498047 0.105469
vn -0.517936 0.753524 -0.404900
v -1.225414 3.633346 0.883846
vt 0.548340 0.080078
vn 0.068589 0.603691 0.794262
v -1.281031 3.712305 0.813642
vt 0.547363 0.108398
vn -0.574050 0.771415 -0.274566
v -0.884115 3.980247 0.585232
vt 0.679688 0.117188
vn -0.429249 0.868056 0.249449
v -0.710596 3.980479 0.577648
vt 0.720703 0.093262
vn 0.155162 0.538875 0.827972
v -0.763156 4.062367 0.514008
vt 0.720215 0.120117
vn -0.625127 0.698549 -0.348203
v -0.500001 3.612302 0.689531
vt 0.736328 -0.009766
vn 0.228780 0.485495 0.843774
v -0.477588 4.251656 0.359867
vt 0.813965 0.134766
vn -0.362325 0.928588 0.080282
v -0.416353 4.142649 0.398882
vt 0.817383 0.100098
vn 0.293188 0.492304 0.819560
v -0.222877 3.832856 0.528104
vt 0.829590 0.015137
vn 0.266856 0.473282 0.839519
v -0.209709 4.335411 0.191960
vt 0.897461 0.144043
vn 0.416669 0.419176 0.806647
v -0.169236 4.215033 0.219613
vt 0.897949 0.099609
vn 0.404773 0.465672 0.786961
v 0.728672 9.501672 0.430252
vt 0.928223 0.716064
vn 0.773336 -0.330261 0.541183
v 0.592979 9.562181 0.322432
vt 0.908691 0.512939
vn 0.601647 0.043138 -0.797596
v 0.588358 9.553129 0.325391
vt 0.974121 0.512939
vn 0.120455 -0.825503 -0.551394
v 2.047043 9.059264 1.343977
vt 0.273682 0.057617
vn 0.532752 0.451353 -0.715861
v 1.973417 9.206222 1.327156
vt 0.285156 0.115723
vn -0.729231 0.025172 0.683804
v 1.971987 9.149979 1.327710
vt 0.291504 0.097656
vn -0.584741 0.788117 0.192223
v 1.613183 8.902127 0.804099
vt 0.458984 0.009766
vn 0.616141 0.557325 -0.556560
v 1.515228 9.132764 0.926080
vt 0.466309 0.077148
vn 0.565340 0.621436 -0.542410
v 1.475805 9.207971 0.981546
vt 0.468262 0.104492
vn -0.270939 0.813697 0.514285
v 1.356179 9.014481 0.562684
vt 0.564453 0.018066
vn 0.605443 0.560171 -0.565374
v 1.394026 9.219614 0.918649
vt 0.498047 0.105469
vn -0.242634 0.798261 0.551278
v 1.304129 9.186922 0.733763
vt 0.548340 0.080078
vn 0.602302 0.629221 -0.491237
v 1.265123 9.261218 0.802410
vt 0.547363 0.108398
vn -0.097108 0.837899 0.537117
v 0.895515 9.426067 0.548276
vt 0.679688 0.117188
vn 0.296666 0.941389 0.160551
v 0.817241 9.399766 0.408460
vt 0.720703 0.093262
vn 0.601212 0.555197 -0.574718
v 0.781599 9.476620 0.471483
vt 0.720215 0.120117
vn -0.138107 0.764696 0.629418
v 0.856154 9.047249 0.221341
vt 0.736328 -0.009766
vn 0.591725 0.493831 -0.637175
v 0.523803 9.592752 0.284583
vt 0.813965 0.134766
vn 0.105567 0.979380 0.172249
v 0.540255 9.488915 0.227566
vt 0.817383 0.100098
vn 0.540860 0.490521 -0.683271
v 0.592788 9.192039 0.041593
vt 0.829590 0.015137
vn 0.570188 0.479033 -0.667393
v 0.275027 9.616701 0.128138
vt 0.897461 0.144043
vn 0.485481 0.404584 -0.774996
v 0.292841 9.505148 0.094203
vt 0.897949 0.099609
vn 0.465675 0.452866 -0.760302
v -0.777154 8.724712 0.156036
vt 0.928223 0.716064
vn -0.979905 -0.142517 0.139552
v -0.580809 8.753631 0.139955
vt 0.908691 0.512939
vn 0.109677 0.085972 0.990242
v -0.580784 8.743148 0.134468
vt 0.974121 0.512939
vn 0.128787 -0.835757 0.533783
v -0.738076 9.331756 0.304616
vt 0.928223 0.716064
vn -0.901892 -0.321209 0.288819
v -0.554208 9.396535 0.257920
vt 0.908691 0.512939
vn 0.262567 0.066978 0.962587
v -0.553424 9.386374 0.251929
vt 0.974121 0.512939
vn 0.361901 -0.812976 0.456178
v -1.531747 8.378506 0.177518
vt 0.229858 0.740234
vn -0.185604 0.864492 0.467124
v -1.358585 8.510920 0.018429
vt 0.207886 0.643066
vn -0.320759 0.801612 0.504511
v -1.372713 8.375712 0.248100
vt 0.165649 0.730225
vn -0.268425 0.846130 0.460448
v -1.275619 8.506310 0.069965
vt 0.170654 0.641602
vn -0.338234 0.782474 0.522811
v -1.200429 8.510226 0.121487
vt 0.135864 0.640137
vn -0.385745 0.781179 0.490877
v -0.926268 8.559805 0.258862
vt 0.008545 0.602783
vn -0.395237 0.744209 0.538461
v -1.215729 8.682237 -0.106192
vt 0.188721 0.559326
vn -0.336027 0.849361 0.407028
v -1.425900 8.509889 -0.028831
vt 0.239258 0.644287
vn -0.322160 0.816225 0.479573
v -1.480384 8.511908 -0.062782
vt 0.263672 0.645508
vn -0.217335 0.836098 0.503692
v -1.762520 8.486422 -0.067981
vt 0.357666 0.701660
vn -0.051020 0.865304 0.498645
v -0.910277 8.683940 0.103582
vt 0.047180 0.562256
vn -0.299132 0.863305 0.406479
v -0.812615 8.693132 0.169156
vt 0.002554 0.558838
vn -0.410343 0.761204 0.502183
v -1.076967 8.695256 -0.009284
vt 0.124634 0.561523
vn -0.343736 0.813796 0.468596
v -0.908124 8.724219 0.101126
vt 0.047485 0.550781
vn -0.558453 0.075083 0.826131
v -0.811278 8.721752 0.167710
vt 0.002836 0.550781
vn -0.562202 0.075054 0.823587
v -1.075629 8.723877 -0.010731
vt 0.124329 0.553467
vn -0.564811 0.071689 0.822100
v -1.214393 8.710856 -0.107638
vt 0.188354 0.551025
vn -0.613991 0.078595 0.785390
v -1.332921 8.708742 -0.211187
vt 0.236084 0.550781
vn -0.636067 0.089494 0.766427
v -1.334912 8.680265 -0.208725
vt 0.236206 0.559082
vn -0.262428 0.874768 0.407323
v -1.432953 8.711124 -0.289933
vt 0.296387 0.546143
vn -0.648855 0.089476 0.755633
v -1.434290 8.682504 -0.288486
vt 0.296387 0.554199
vn -0.158930 0.890361 0.426612
v -1.612239 8.555977 -0.169167
vt 0.329834 0.634766
vn -0.151909 0.847269 0.508978
v -1.578788 8.716819 -0.425069
vt 0.357422 0.555908
vn 0.238698 0.967057 0.088453
v -1.576797 8.745296 -0.427532
vt 0.358154 0.547852
vn -0.039595 -0.195267 -0.979950
v -1.682919 8.586841 -0.226146
vt 0.364014 0.628906
vn -0.062304 0.855016 0.514845
v -1.839494 8.662313 -0.331623
vt 0.435547 0.618408
vn -0.005314 0.873501 0.486793
v -1.826679 8.788257 -0.611135
vt 0.488281 0.562012
vn -0.182742 0.755769 0.628823
v 0.128021 9.044559 0.016822
vt 0.974121 -0.096680
vn -0.146901 -0.849243 -0.507155
v 0.586146 9.052656 -0.129487
vt 0.975586 0.401855
vn -0.211874 -0.835780 -0.506538
v 0.125282 9.060534 0.008968
vt 0.987305 -0.096680
vn -0.300637 0.039582 -0.952917
v 0.585797 9.064950 -0.136182
vt 0.996094 0.401855
vn -0.286412 0.058577 -0.956314
v 0.133013 9.043916 0.033830
vt 0.960938 -0.096680
vn 0.165001 -0.875591 0.453999
v 0.679073 9.049314 -0.163365
vt 0.987305 0.512939
vn -0.242156 0.036297 -0.969558
v 0.682304 9.038565 -0.146446
vt 0.960938 0.512939
vn 0.009658 -0.869593 0.493675
v 0.589723 9.052219 -0.116179
vt 0.953613 0.402344
vn 0.101405 -0.873947 0.475324
v 0.592950 9.064075 -0.109566
vt 0.939453 0.401855
vn 0.317101 -0.009239 0.948347
v 0.685793 9.048445 -0.141092
vt 0.947754 0.512939
vn 0.322406 -0.026421 0.946233
v 0.135266 9.059247 0.042985
vt 0.947754 -0.096680
vn 0.316358 -0.028713 0.948205
v 0.685922 9.058760 -0.146875
vt 0.935059 0.512939
vn 0.348799 0.826759 0.441371
v 0.592601 9.076371 -0.116260
vt 0.933594 0.401367
vn 0.232911 0.849527 0.473347
v 0.132527 9.075222 0.035132
vt 0.935059 -0.096680
vn 0.191957 0.751465 0.631231
v 0.682562 9.059195 -0.158011
vt 0.921875 0.512939
vn 0.067430 0.856473 -0.511768
v 0.585797 9.064950 -0.136182
vt 0.916992 0.401855
vn -0.286412 0.058577 -0.956314
v 0.589024 9.076807 -0.129568
vt 0.929199 0.401367
vn 0.107204 0.990430 0.086924
v 0.127534 9.075867 0.018123
vt 0.921875 -0.096680
vn -0.143029 0.885992 -0.441090
v 0.125282 9.060534 0.008968
vt 0.908691 -0.096680
vn -0.300637 0.039582 -0.952917
v 0.100752 16.181152 -0.031163
vt 0.441162 0.816284
vn 0.068869 0.889615 0.451488
v -0.027762 16.176344 0.009607
vt 0.439941 0.863892
vn 0.220962 0.612972 0.758579
v 0.115350 16.060942 -0.220552
vt 0.520020 0.779053
vn -0.278533 0.790466 -0.545512
v 0.257335 16.213181 -0.081742
vt 0.442139 0.748291
vn 0.006865 0.861770 0.507253
v 0.333150 16.131489 -0.229947
vt 0.494385 0.689209
vn -0.371840 0.730029 -0.573404
v 0.450047 16.273514 -0.157511
vt 0.439697 0.658447
vn 0.082979 0.665812 0.741491
v 0.848758 9.341606 -1.441217
vt 0.367920 0.440918
vn 0.491628 0.840837 0.226486
v 0.512861 9.441381 -0.833960
vt 0.597168 0.461914
vn 0.581431 0.778643 0.235909
v 0.844848 9.388274 -1.433863
vt 0.367676 0.457031
vn 0.847200 -0.019816 0.530905
v 0.510443 9.481077 -0.827179
vt 0.597168 0.475586
vn 0.864637 -0.041010 0.500721
v 0.962691 9.378314 -1.594555
vt 0.301514 0.453613
vn 0.824172 -0.020121 0.565982
v 0.318688 9.497108 -0.503407
vt 0.722168 0.480957
vn 0.095493 0.991929 0.083416
v 0.321250 9.539092 -0.501157
vt 0.720703 0.496582
vn 0.876106 -0.003803 0.482103
v 0.100225 9.443527 -0.056389
vt 0.887207 0.496094
vn 0.555812 0.732625 0.392853
v 0.091459 9.477390 -0.054482
vt 0.883301 0.514404
vn 0.890349 0.047993 0.452742
v 0.382167 9.380472 -0.481480
vt 0.726074 0.433105
vn 0.745908 0.504806 0.434502
v 0.144361 9.301264 -0.060288
vt 0.887207 0.429688
vn 0.749595 0.451073 0.484397
v 0.368470 8.959396 -0.001624
vt 0.886719 0.297363
vn 0.691404 0.533085 0.487627
v 0.623104 9.012584 -0.423473
vt 0.722656 0.295410
vn 0.728503 0.523911 0.441361
v 0.588250 9.359634 -0.807400
vt 0.596680 0.424805
vn 0.726692 0.593471 0.345994
v 0.742914 9.054729 -0.754528
vt 0.606934 0.311035
vn 0.765372 0.513681 0.387734
v 0.929088 9.262813 -1.411209
vt 0.367676 0.407227
vn 0.682894 0.627689 0.373714
v 1.101401 9.016197 -1.379306
vt 0.362305 0.313965
vn 0.728508 0.544313 0.415933
v 0.966335 9.334830 -1.601409
vt 0.301758 0.438477
vn 0.513790 0.784681 0.346836
v 1.024934 9.385983 -1.693194
vt 0.258301 0.451660
vn 0.857475 -0.014106 0.514333
v 1.102238 9.267050 -1.682561
vt 0.258545 0.405273
vn 0.675917 0.592212 0.438657
v 1.347707 9.044480 -1.811834
vt 0.192261 0.316406
vn 0.740363 0.515759 0.431108
v 1.028327 9.345494 -1.699575
vt 0.261719 0.436523
vn 0.479674 0.790876 0.380037
v 1.360960 9.481783 -2.281323
vt 0.018311 0.450684
vn 0.828034 -0.030716 0.559837
v 1.365183 9.420544 -2.291500
vt 0.026291 0.426758
vn 0.648126 0.505506 0.569559
v 1.438116 9.339622 -2.364909
vt 0.001349 0.384766
vn 0.760577 0.428610 0.487665
v 0.019181 7.132885 -2.881888
vt 0.017746 0.447266
vn 0.911375 0.215180 0.350848
v 0.104962 6.912635 -2.901013
vt 0.002787 0.380371
vn 0.832790 0.534003 -0.145954
v 0.020734 7.068292 -2.848544
vt 0.025803 0.423340
vn 0.334675 0.927161 0.168418
v 0.356756 7.002454 -1.946125
vt 0.311279 0.294922
vn 0.789147 0.570376 -0.227855
v 0.030119 7.419115 -2.045641
vt 0.301758 0.465820
vn 0.999405 0.033431 -0.008469
v 0.130979 7.275869 -2.031096
vt 0.300781 0.399902
vn 0.765446 0.593308 -0.249154
v 0.275960 7.349117 -1.259945
vt 0.499268 0.291992
vn 0.841512 0.487326 -0.233176
v 0.032609 7.362295 -2.031457
vt 0.301514 0.442383
vn 0.557532 0.755914 -0.343149
v 0.102246 7.699199 -1.294171
vt 0.489502 0.415039
vn 0.730457 0.616160 -0.294582
v 0.013669 7.775465 -1.283206
vt 0.493896 0.452637
vn 0.526409 0.783935 -0.329150
v 0.011655 7.832299 -1.308521
vt 0.490967 0.476074
vn 0.999711 0.021417 -0.010881
v 0.025697 8.018394 -0.767240
vt 0.693848 0.493164
vn 0.999022 0.014818 -0.041666
v 0.135768 7.872065 -0.753649
vt 0.693359 0.431641
vn 0.757018 0.620515 -0.204658
v 0.377127 7.428877 -0.768227
vt 0.671875 0.286621
vn 0.852494 0.483103 -0.199665
v 0.391186 7.557670 -0.481814
vt 0.776367 0.312988
vn 0.822340 0.566544 -0.052774
v 0.024898 7.961260 -0.754010
vt 0.693359 0.476562
vn -0.098215 -0.959632 0.263554
v 0.133285 7.909631 -0.457431
vt 0.792480 0.437500
vn 0.795437 0.605405 -0.027661
v 0.380544 7.550353 -0.249987
vt 0.890625 0.314453
vn 0.793494 0.601082 0.095228
v 0.120643 7.866967 -0.179769
vt 0.891602 0.442871
vn 0.809728 0.579508 0.092256
v 0.041963 7.994645 -0.148536
vt 0.892578 0.498047
vn -0.247811 0.958398 0.141644
v 0.043714 8.024546 -0.457616
vt 0.792969 0.485840
vn 0.709313 0.704633 -0.019178
v 0.040079 8.066809 -0.446901
vt 0.793457 0.500732
vn 0.997772 0.065133 -0.014450
v 0.037800 8.034501 -0.141724
vt 0.893066 0.511719
vn 0.995711 0.091174 0.015731
v -0.370674 13.047162 0.239581
vt 0.487061 0.413086
vn -0.306804 0.575064 -0.758401
v -0.541956 12.820415 0.107894
vt 0.464600 0.318848
vn -0.294721 0.578423 -0.760636
v -0.150864 12.903571 0.052488
vt 0.593750 0.420898
vn -0.289857 0.582103 -0.759697
v -0.332781 12.704972 -0.037304
vt 0.555176 0.326660
vn -0.235453 0.595391 -0.768161
v -0.816837 13.075446 0.485525
vt 0.271973 0.301758
vn -0.392763 0.466718 -0.792408
v -0.081588 13.044210 0.099244
vt 0.594727 0.462402
vn -0.186241 0.774820 -0.604126
v -0.711403 13.236491 0.500865
vt 0.298340 0.399414
vn -0.332125 0.502449 -0.798272
v -1.083447 13.366993 0.735337
vt 0.103149 0.341309
vn -0.358321 0.439020 -0.823935
v -0.306498 13.121957 0.291640
vt 0.491699 0.450684
vn -0.109235 0.761464 -0.638937
v -0.077068 13.090005 0.095277
vt 0.595215 0.479980
vn -0.650163 0.001292 -0.759794
v -0.300161 13.184200 0.286509
vt 0.488770 0.474609
vn -0.617034 -0.001372 -0.786936
v -0.662260 13.339928 0.551875
vt 0.299072 0.439941
vn -0.087423 0.675981 -0.731715
v -0.661327 13.401426 0.551140
vt 0.299561 0.462891
vn -0.650574 -0.024065 -0.759061
v -0.998038 13.512343 0.772205
vt 0.115601 0.397949
vn -0.356340 0.419105 -0.835089
v -1.216391 13.650870 0.947962
vt 0.002073 0.364746
vn -0.509517 0.243751 -0.825214
v -1.201324 13.754688 0.963173
vt -0.000445 0.396973
vn -0.390953 0.262807 -0.882093
v -0.936705 13.611385 0.796594
vt 0.122681 0.431641
vn -0.154510 0.543665 -0.824957
v -0.927077 13.656110 0.782477
vt 0.117981 0.454102
vn -0.681315 -0.056989 -0.729769
v -1.113552 13.795348 0.943561
vt 0.023346 0.424316
vn 0.192125 0.372028 -0.908121
v -1.114186 13.860655 0.945349
vt 0.015472 0.448730
vn -0.102814 0.026192 -0.994356
v -1.017000 7.106171 -1.435835
vt 0.295898 0.554932
vn -0.376455 0.907237 -0.187621
v -0.866695 6.938320 -1.302237
vt 0.263184 0.645264
vn 0.752812 0.620709 -0.219078
v -1.006203 7.150355 -1.324235
vt 0.244629 0.557617
vn -0.422908 0.866040 -0.266691
v -0.861077 6.960682 -1.245734
vt 0.238770 0.644287
vn 0.765615 0.613711 -0.192855
v -0.879773 6.922558 -1.446179
vt 0.329346 0.634521
vn 0.738450 0.666386 -0.103057
v -0.882842 6.995253 -1.180129
vt 0.207397 0.643066
vn 0.792257 0.585719 -0.171060
v -0.998503 7.209452 -1.188035
vt 0.188232 0.558105
vn -0.472942 0.826313 -0.305832
v -0.688629 6.786043 -1.202644
vt 0.229370 0.739990
vn 0.708397 0.683013 -0.177949
v -0.732288 6.772501 -1.516004
vt 0.357178 0.701660
vn 0.697121 0.712021 -0.083956
v -0.858975 6.898892 -1.562979
vt 0.363525 0.628906
vn 0.719550 0.690743 -0.071566
v -1.017985 7.062490 -1.620467
vt 0.370117 0.554932
vn -0.319239 0.941418 -0.108718
v -0.864544 6.890929 -1.754091
vt 0.435059 0.618164
vn 0.689108 0.714596 -0.120347
v -1.051112 7.011901 -1.914251
vt 0.487793 0.561768
vn -0.577865 0.815595 -0.029597
v -0.873867 7.028666 -1.091815
vt 0.170166 0.641357
vn 0.803065 0.515932 -0.298163
v -0.729170 6.871502 -1.030144
vt 0.164551 0.728271
vn 0.738385 0.615287 -0.276061
v -0.972315 7.280540 -1.046037
vt 0.123718 0.561768
vn -0.527522 0.809296 -0.258382
v -0.860926 7.064660 -1.014197
vt 0.135376 0.639893
vn 0.799242 0.477060 -0.365549
v -0.844087 7.226839 -0.766340
vt 0.008018 0.602539
vn 0.834294 0.431510 -0.343150
v -0.941133 7.342411 -0.868033
vt 0.046692 0.562012
vn 0.141614 0.898547 -0.415402
v -0.921754 7.391909 -0.769524
vt 0.002026 0.558838
vn 0.378648 0.706550 -0.597840
v -0.935236 7.376114 -0.882008
vt 0.046814 0.551025
vn 0.598015 -0.525475 0.605189
v -0.917569 7.415821 -0.779439
vt 0.002079 0.551025
vn 0.974417 -0.206928 -0.087701
v -0.685054 6.414102 0.215040
vt 0.812012 0.133789
vn 0.582687 -0.811246 0.048533
v -0.710527 6.466195 0.216358
vt 0.812500 0.151367
vn -0.217275 -0.043176 -0.975155
v -1.123659 6.104511 0.317640
vt 0.657715 0.116211
vn -0.620454 0.647078 -0.443088
v -0.431846 6.547344 0.145746
vt 0.895020 0.143555
vn -0.424060 0.567071 -0.706119
v -0.431426 6.591157 0.146584
vt 0.895020 0.155762
vn -0.234572 -0.039488 -0.971296
v -0.420023 6.431872 0.052760
vt 0.894531 0.104492
vn -0.447965 0.544922 -0.708793
v -1.159637 6.153474 0.323923
vt 0.651367 0.137207
vn -0.190098 -0.025200 -0.981442
v -1.740411 5.571005 0.432054
vt 0.499512 0.124512
vn -0.189677 -0.012867 -0.981762
v -0.682391 6.322562 0.101014
vt 0.814453 0.100098
vn -0.495746 0.527587 -0.689846
v -0.403370 6.072703 -0.207846
vt 0.881348 0.004395
vn -0.452423 0.447985 -0.771118
v -0.632883 5.878148 -0.144037
vt 0.797363 -0.016602
vn -0.476512 0.392681 -0.786599
v -0.982173 6.207040 0.283366
vt 0.707520 0.119629
vn -0.523340 0.827125 0.204889
v -1.046944 5.684740 0.044517
vt 0.658203 -0.011719
vn -0.508530 0.389264 -0.768031
v -1.130654 6.023762 0.228478
vt 0.650391 0.086914
vn -0.579453 0.496201 -0.646544
v -1.714685 5.519299 0.427187
vt 0.499268 0.105957
vn -0.627945 0.618924 -0.471824
v -2.406849 5.090722 0.581609
vt 0.276367 0.111328
vn 0.103214 0.058531 -0.992936
v -2.390976 5.034076 0.580969
vt 0.276367 0.095703
vn 0.408307 0.905017 -0.119292
v -2.416933 4.866423 0.502591
vt 0.258545 0.058594
vn -0.454000 0.459271 -0.763515
v -1.710595 5.431029 0.326025
vt 0.498535 0.074707
vn -0.536438 0.488859 -0.687932
v -1.606918 5.176361 0.079596
vt 0.506836 -0.009766
vn -0.514760 0.472309 -0.715504
v -0.344576 5.875833 0.871708
vt 1.750000 0.094238
vn -0.847640 0.529501 -0.033691
v -0.563549 5.528459 1.447200
vt 1.560547 0.078613
vn -0.809673 0.585018 -0.046739
v -0.468552 5.579543 0.741028
vt 1.757812 0.000000
vn -0.879137 0.467685 -0.091592
v -0.402729 5.668665 0.402546
vt 1.853516 -0.010742
vn -0.865415 0.483572 -0.131204
v -0.708078 5.276506 1.357838
vt 1.555664 0.001465
vn -0.852130 0.511206 -0.111998
v -0.201091 6.038167 0.547681
vt 1.856445 0.102051
vn -0.853640 0.488080 -0.181873
v -0.143532 6.054844 0.428595
vt 1.892578 0.099121
vn -0.843408 0.459277 -0.278795
v -0.111219 6.192224 0.468193
vt 1.893555 0.148926
vn -0.940550 0.178588 -0.288916
v -0.325908 5.875472 1.049283
vt 1.705078 0.118652
vn -0.169718 0.873844 0.455623
v -0.276121 5.957646 0.913828
vt 1.750000 0.124023
vn -0.708398 0.695757 0.118721
v -0.489338 5.607337 1.490902
vt 1.560547 0.109375
vn -0.620752 0.770722 0.143715
v -0.154227 6.147108 0.603189
vt 1.853516 0.140625
vn -0.231811 0.930401 0.283933
v -0.157001 6.191162 0.610937
vt 1.852539 0.153809
vn -0.942775 -0.006065 -0.333374
v -0.113407 6.226946 0.474303
vt 1.890625 0.160645
vn -0.952189 -0.006171 -0.305446
v -0.279595 5.997285 0.920434
vt 1.750000 0.135742
vn -0.932002 -0.007269 -0.362381
v -0.492274 5.653940 1.499101
vt 1.560547 0.122559
vn -0.917763 0.004873 -0.397099
v -0.578904 5.571160 1.661099
vt 1.505859 0.118652
vn -0.901084 0.019375 -0.433212
v -0.576169 5.527736 1.653462
vt 1.505859 0.105957
vn -0.662190 0.749258 0.010786
v -0.623854 5.535085 1.763811
vt 1.469727 0.117188
vn -0.924911 -0.001076 -0.380181
v -0.687091 5.413139 1.724384
vt 1.469727 0.077148
vn -0.811733 0.571102 -0.122199
v -0.878555 5.118314 1.802939
vt 1.415039 0.003906
vn -0.862543 0.488107 -0.133304
v -0.621308 5.494653 1.756699
vt 1.472656 0.104980
vn -0.636711 0.770774 -0.022497
v -0.863512 5.373247 2.388314
vt 1.271484 0.109863
vn -0.840559 0.022065 -0.541271
v -0.857706 5.312097 2.378293
vt 1.278320 0.096680
vn -0.369570 0.848046 -0.379783
v -0.907895 5.199493 2.428966
vt 1.257812 0.061035
vn -0.880334 0.421761 -0.217093
v 0.738158 5.357292 -0.277751
vt 0.812012 0.133789
vn -0.579239 -0.813809 0.046866
v 0.762510 5.409630 -0.283693
vt 0.812500 0.151367
vn 0.414874 -0.045911 0.908720
v 1.150985 5.052819 -0.472236
vt 0.657715 0.116211
vn 0.691894 0.647393 0.319634
v 0.502406 5.487521 -0.155206
vt 0.895020 0.143555
vn 0.555379 0.565783 0.609462
v 0.501172 5.531298 -0.156362
vt 0.895020 0.155762
vn 0.433490 -0.037821 0.900364
v 0.508832 5.370988 -0.063863
vt 0.894531 0.104492
vn 0.578499 0.537013 0.613967
v 1.184722 5.102173 -0.485247
vt 0.651367 0.137207
vn 0.386907 -0.032933 0.921531
v 1.737823 4.526221 -0.717572
vt 0.499512 0.124512
vn 0.382118 -0.026822 0.923724
v 0.757715 5.264601 -0.166471
vt 0.814453 0.100098
vn 0.620549 0.521478 0.585645
v 0.544238 5.009106 0.190927
vt 0.881348 0.004395
vn 0.595241 0.441563 0.671350
v 0.758584 4.817332 0.078861
vt 0.797363 -0.016602
vn 0.621870 0.386744 0.680960
v 1.018018 5.153686 -0.408315
vt 0.707520 0.119629
vn 0.464431 0.835538 -0.293564
v 1.130304 4.629658 -0.193499
vt 0.658203 -0.011719
vn 0.649234 0.383436 0.656865
v 1.175241 4.971255 -0.387197
vt 0.650391 0.086914
vn 0.693108 0.492174 0.526655
v 1.713889 4.474232 -0.708093
vt 0.499268 0.105957
vn 0.705204 0.617911 0.347669
v 2.367063 4.053724 -1.005133
vt 0.276367 0.111328
vn 0.090496 0.035996 0.995246
v 2.351323 3.996856 -1.003733
vt 0.276367 0.095703
vn -0.383859 0.908640 0.164397
v 2.392754 3.828680 -0.934168
vt 0.258545 0.058594
vn 0.590683 0.453413 0.667466
v 1.729597 4.384926 -0.609093
vt 0.498535 0.074707
vn 0.659795 0.483420 0.575305
v 1.676271 4.126868 -0.349076
vt 0.506836 -0.009766
vn 0.644201 0.466993 0.605741
v 2.859075 7.128403 -0.092728
vt 0.017746 0.447266
vn -0.148028 0.015385 0.988864
v 2.877078 6.900532 -0.026021
vt 0.002787 0.380371
vn 0.168797 0.469284 0.866764
v 2.826927 7.064081 -0.097860
vt 0.025803 0.423340
vn 0.000580 0.637498 0.770452
v 1.965502 6.968721 0.251078
vt 0.311279 0.294922
vn 0.252068 0.507882 0.823722
v 2.060173 7.415625 -0.050863
vt 0.301758 0.461914
vn 0.020596 -0.049524 0.998561
v 2.046367 7.263040 0.040903
vt 0.300781 0.399902
vn 0.273364 0.530576 0.802347
v 1.309803 7.324624 0.204022
vt 0.499268 0.291992
vn 0.257955 0.420899 0.869657
v 2.046393 7.358862 -0.052445
vt 0.301514 0.438965
vn 0.367364 0.702054 0.610052
v 1.342772 7.690293 0.055488
vt 0.489502 0.415039
vn 0.319540 0.554051 0.768715
v 1.331987 7.775071 -0.028533
vt 0.493896 0.450684
vn 0.351449 0.732633 0.582866
v 1.356420 7.831756 -0.026534
vt 0.490967 0.474609
vn 0.024587 -0.059626 0.997918
v 0.839360 8.017793 0.009174
vt 0.693848 0.493164
vn 0.053788 -0.073322 0.995857
v 0.826517 7.861215 0.110231
vt 0.693359 0.431641
vn 0.226210 0.560342 0.796772
v 0.840331 7.395931 0.320172
vt 0.671875 0.286621
vn 0.223081 0.416295 0.881438
v 0.566899 7.523898 0.348774
vt 0.776367 0.312988
vn 0.065397 0.504853 0.860724
v 0.826469 7.961044 0.003139
vt 0.693359 0.476562
vn -0.281768 -0.939096 -0.196736
v 0.543230 7.900047 0.113234
vt 0.792480 0.437500
vn 0.038099 0.546109 0.836847
v 0.344988 7.518600 0.338668
vt 0.890625 0.314453
vn -0.093707 0.542197 0.835010
v 0.277311 7.859941 0.098096
vt 0.891602 0.442871
vn -0.090539 0.519381 0.849733
v 0.247405 7.995005 0.028288
vt 0.892578 0.498047
vn -0.142526 0.978372 -0.149915
v 0.543261 8.023361 0.030689
vt 0.792969 0.485840
vn 0.028357 0.646644 0.762265
v 0.533152 8.065841 0.030901
vt 0.793457 0.500732
vn 0.023392 -0.025022 0.999413
v 0.241018 8.035125 0.027701
vt 0.893066 0.511719
vn -0.009809 0.002580 0.999949
v -1.454245 3.676324 0.884131
vt 1.505859 0.118652
vn -0.408214 0.013275 -0.912790
v -1.551825 3.640324 0.932711
vt 1.469727 0.117188
vn -0.467028 0.006880 -0.884216
v -1.447039 3.632894 0.880864
vt 1.505859 0.105957
vn -0.517936 0.753524 -0.404900
v -1.545603 3.599891 0.928796
vt 1.472656 0.104980
vn -0.475920 0.776102 -0.413723
v -2.118120 3.478790 1.252726
vt 1.271484 0.109863
vn -0.302743 0.045596 -0.951981
v -2.108708 3.417632 1.246806
vt 1.278320 0.096680
vn -0.038430 0.845550 -0.532511
v -2.178571 3.305196 1.251627
vt 1.257812 0.061035
vn -0.546415 0.439205 -0.713113
v -1.772290 3.224677 0.790451
vt 1.415039 0.003906
vn -0.581574 0.501046 -0.640878
v -1.576466 3.518720 0.859598
vt 1.469727 0.077148
vn -0.547818 0.583895 -0.599134
v -1.368085 3.382650 0.563651
vt 1.555664 0.001465
vn -0.587466 0.523915 -0.616763
v -1.281031 3.712305 0.813642
vt 1.560547 0.109375
vn -0.574050 0.771415 -0.274566
v -1.288204 3.758910 0.818155
vt 1.560547 0.122559
vn -0.454530 0.011385 -0.890658
v -1.311372 3.633824 0.730069
vt 1.560547 0.078613
vn -0.596977 0.595815 -0.537237
v -0.805234 3.685367 0.251889
vt 1.757812 0.000000
vn -0.622742 0.479606 -0.618200
v -0.884115 3.980247 0.585232
vt 1.705078 0.118652
vn -0.429249 0.868056 0.249449
v -0.763156 4.062367 0.514008
vt 1.750000 0.124023
vn -0.625127 0.698549 -0.348203
v -0.789533 3.980919 0.436430
vt 1.750000 0.094238
vn -0.635531 0.539590 -0.552216
v -0.546909 3.774616 0.036540
vt 1.853516 -0.010742
vn -0.586320 0.495838 -0.640604
v -0.769258 4.102010 0.517847
vt 1.750000 0.135742
vn -0.486812 0.001787 -0.873505
v -0.480294 4.143005 0.284494
vt 1.856445 0.102051
vn -0.542323 0.502368 -0.673433
v -0.363038 4.159568 0.231716
vt 1.892578 0.099121
vn -0.471119 0.474470 -0.743589
v -0.362202 4.296748 0.284305
vt 1.893555 0.148926
vn -0.544329 0.180265 -0.819274
v -0.477588 4.251656 0.359867
vt 1.853516 0.140625
vn -0.362325 0.928588 0.080282
v -0.484891 4.295715 0.363194
vt 1.852539 0.153809
vn -0.513578 -0.009186 -0.857994
v -0.367548 4.331472 0.287668
vt 1.890625 0.160645
vn -0.540654 -0.015392 -0.841104
v 0.060234 11.831929 -0.049308
vt 0.948242 -0.326172
vn -0.939542 0.031185 -0.341009
v 0.065562 11.816872 -0.042177
vt 0.934570 -0.326172
vn -0.039070 -0.922068 -0.385051
v 0.128120 11.858632 -0.232003
vt 0.948242 -0.182617
vn -0.939330 0.024998 -0.342102
v 0.134252 11.871278 -0.227175
vt 0.961426 -0.182617
vn -0.503364 0.863829 -0.020605
v 0.068544 11.845661 -0.039571
vt 0.961426 -0.326172
vn 0.037923 0.982466 -0.182546
v 0.082135 11.845713 -0.038807
vt 0.974609 -0.326172
vn 0.422581 0.865291 0.269624
v 0.147496 11.870913 -0.221939
vt 0.974609 -0.182617
vn 0.458508 0.831276 0.314246
v 0.089948 11.831131 -0.038080
vt 0.988281 -0.326172
vn 0.943856 -0.019235 0.329796
v 0.154607 11.857901 -0.221533
vt 0.988281 -0.182617
vn 0.947113 -0.034026 0.319090
v 0.232672 11.928927 -0.469802
vt 0.974609 -0.038086
vn 0.410886 0.810091 0.418240
v 0.237612 11.919346 -0.468857
vt 0.988281 -0.038086
vn 0.945408 -0.043911 0.322918
v 0.354372 12.049679 -0.765034
vt 0.988281 0.249512
vn 0.480119 0.673633 -0.561876
v 0.222881 11.929158 -0.473203
vt 0.961426 -0.038086
vn -0.555516 0.830475 0.041405
v 0.354372 12.049679 -0.765034
vt 0.961426 0.249512
vn 0.480119 0.673633 -0.561876
v 0.348730 12.038430 -0.768663
vt 0.948242 0.249512
vn 0.054301 -0.220442 -0.973887
v 0.218030 11.919806 -0.475658
vt 0.948242 -0.038086
vn -0.925848 0.008771 -0.377793
v 0.222970 11.910227 -0.474712
vt 0.934570 -0.038086
vn -0.397097 -0.809352 -0.432740
v 0.348730 12.038430 -0.768663
vt 0.934570 0.249512
vn 0.054301 -0.220442 -0.973887
v 0.232761 11.909995 -0.471312
vt 0.921387 -0.038086
vn 0.536549 -0.838818 -0.092194
v 0.135232 11.845620 -0.231597
vt 0.934570 -0.182617
vn -0.435618 -0.836013 -0.333646
v 0.148475 11.845256 -0.226361
vt 0.921387 -0.182617
vn 0.511402 -0.859341 0.001068
v 0.082904 11.816947 -0.042967
vt 0.921387 -0.326172
vn 0.445483 -0.895020 0.022017
v 0.154607 11.857901 -0.221533
vt 0.908203 -0.182617
vn 0.947113 -0.034026 0.319090
v 0.089948 11.831131 -0.038080
vt 0.908203 -0.326172
vn 0.943856 -0.019235 0.329796
v 0.237612 11.919346 -0.468857
vt 0.908203 -0.038086
vn 0.945408 -0.043911 0.322918
v 0.354372 12.049679 -0.765034
vt 0.908203 0.249512
vn 0.480119 0.673633 -0.561876
v 0.348730 12.038430 -0.768663
vt 0.921387 0.249512
vn 0.054301 -0.220442 -0.973887
v -0.659639 10.083439 -0.420775
vt 0.278564 0.104004
vn -0.648812 0.523971 0.551813
v -1.042619 10.167789 -0.844807
vt 0.507812 0.142090
vn -0.634149 0.598357 0.489718
v -0.538287 10.418219 -0.542109
vt 0.301025 0.247070
vn -0.634273 0.590927 0.498502
v -0.315140 10.437823 -0.306487
vt 0.171997 0.257812
vn -0.626124 0.493384 0.603773
v -0.441329 10.156939 -0.182747
vt 0.154175 0.138184
vn -0.605444 0.513369 0.608185
v -0.019707 10.372821 -0.025797
vt 0.004005 0.255859
vn -0.580357 0.443465 0.683026
v -0.187538 10.080098 0.076831
vt 0.002060 0.123535
vn -0.520737 0.530764 0.668672
v 0.015410 10.495033 -0.032430
vt 0.005379 0.321289
vn -0.395962 0.771518 0.497971
v -0.274473 10.535730 -0.342868
vt 0.176392 0.302734
vn 0.087311 0.993769 -0.069283
v -0.483106 10.488358 -0.582240
vt 0.301514 0.284180
vn 0.400752 0.784242 -0.473668
v -0.630279 10.455400 -0.743597
vt 0.386719 0.272949
vn -0.580117 0.712847 0.394098
v -0.936258 10.332458 -0.969446
vt 0.529785 0.224609
vn -0.604182 0.672009 0.428215
v -0.877155 10.400118 -1.014263
vt 0.530273 0.263672
vn 0.361322 0.845720 -0.392689
v -0.974112 10.393547 -1.153144
vt 0.596191 0.259766
vn 0.490034 0.786122 -0.376668
v -1.092800 10.334784 -1.197055
vt 0.638672 0.220215
vn -0.582942 0.651805 0.485107
v -1.036043 10.402119 -1.229663
vt 0.636230 0.257324
vn 0.509829 0.793544 -0.332207
v -1.237671 10.128304 -1.133902
vt 0.648438 0.130859
vn -0.643561 0.598018 0.477706
v -1.417788 10.462883 -1.660161
vt 0.871582 0.248047
vn 0.743018 0.509242 -0.434277
v -1.493337 10.393314 -1.702498
vt 0.895508 0.194336
vn -0.626690 0.542494 0.559428
v 2.305567 6.709563 1.676648
vt 0.017746 0.447266
vn -0.731637 0.032299 0.680929
v 2.267352 6.482112 1.734798
vt 0.002787 0.380371
vn -0.378346 0.470113 0.797401
v 2.279444 6.647709 1.649765
vt 0.025803 0.423340
vn -0.436923 0.640899 0.631146
v 1.385913 6.622949 1.386736
vt 0.311279 0.294922
vn -0.279133 0.503493 0.817667
v 1.662747 7.056359 1.217373
vt 0.301758 0.461914
vn -0.610071 -0.047544 0.790919
v 1.589492 6.906804 1.277754
vt 0.300781 0.399902
vn -0.246034 0.527927 0.812872
v 0.912599 7.026015 0.948103
vt 0.499268 0.291992
vn -0.309139 0.417115 0.854662
v 1.649696 7.000736 1.205061
vt 0.301514 0.438965
vn -0.047824 0.684567 0.727379
v 1.047054 7.385674 0.860401
vt 0.489502 0.415039
vn -0.188739 0.542475 0.818595
v 1.092595 7.469560 0.788073
vt 0.493896 0.450684
vn -0.033534 0.717205 0.696055
v 1.113890 7.524319 0.807397
vt 0.490967 0.474609
vn -0.598767 -0.038444 0.800000
v 0.692912 7.749064 0.517038
vt 0.693848 0.493164
vn -0.571744 -0.024530 0.820065
v 0.614837 7.595613 0.585338
vt 0.693359 0.431641
vn -0.286927 0.546879 0.786509
v 0.476166 7.134179 0.748640
vt 0.671875 0.286621
vn -0.344601 0.413037 0.843001
v 0.249809 7.282706 0.603704
vt 0.776367 0.312988
vn -0.446644 0.508374 0.736251
v 0.680282 7.700094 0.506591
vt 0.693359 0.476562
vn -0.099462 -0.897205 -0.430269
v 0.389761 7.655533 0.411223
vt 0.792480 0.437500
vn -0.457989 0.546635 0.701025
v 0.078421 7.293804 0.456336
vt 0.890625 0.314453
vn -0.553550 0.553920 0.621896
v 0.184014 7.635111 0.231250
vt 0.891602 0.442871
vn -0.561637 0.530908 0.634586
v 0.208721 7.770835 0.160521
vt 0.892578 0.498047
vn 0.049019 0.982881 -0.177600
v 0.444911 7.777083 0.348746
vt 0.792969 0.485840
vn -0.403734 0.664914 0.628402
v 0.439387 7.820208 0.343784
vt 0.793457 0.500732
vn -0.599538 0.009094 0.800294
v 0.206475 7.811315 0.157187
vt 0.893066 0.511719
vn -0.624490 0.019369 0.780792
v -0.465360 9.109199 -1.457436
vt 0.295898 0.554199
vn 0.536632 0.824428 0.179849
v -0.292528 8.910359 -1.348614
vt 0.263184 0.645264
vn 0.647360 0.749685 0.137471
v -0.476626 9.112081 -1.327093
vt 0.235596 0.558838
vn 0.620312 0.781158 0.070741
v -0.464117 9.137823 -1.458240
vt 0.295898 0.545898
vn 0.991887 -0.041307 0.120226
v -0.475384 9.140704 -1.327896
vt 0.235352 0.551270
vn 0.992837 -0.039936 0.112607
v -0.432503 9.136578 -1.659156
vt 0.356934 0.555908
vn -0.438750 0.883777 0.162596
v -0.498603 9.120070 -1.167456
vt 0.188232 0.559082
vn 0.041624 0.999008 -0.015847
v -0.497361 9.148695 -1.168260
vt 0.187622 0.551270
vn -0.635426 0.236559 0.735033
v -0.283450 8.948333 -1.502169
vt 0.329346 0.634521
vn 0.607389 0.750725 0.259788
v -0.088540 8.744597 -1.262738
vt 0.229370 0.739990
vn 0.574404 0.791723 0.207929
v -0.240719 8.972867 -1.623799
vt 0.363525 0.628906
vn 0.579715 0.759899 0.294083
v -0.088838 8.845972 -1.593074
vt 0.357178 0.701660
vn 0.554655 0.781692 0.285158
v -0.218640 9.038146 -1.820638
vt 0.435059 0.618164
vn 0.551603 0.795448 0.250990
v -0.416099 9.194459 -1.980287
vt 0.487793 0.561768
vn -0.722442 0.678692 0.132117
v -0.298666 8.911860 -1.282616
vt 0.238770 0.644287
vn 0.657305 0.738191 0.151737
v -0.171700 8.757900 -1.067673
vt 0.164551 0.728271
vn 0.638321 0.764027 0.093857
v -0.337414 8.918057 -1.209073
vt 0.207397 0.643066
vn 0.693914 0.701427 0.162738
v -0.346509 8.918880 -1.106412
vt 0.170166 0.641357
vn 0.739184 0.673357 0.014041
v -0.506436 9.140805 -0.993933
vt 0.124084 0.561279
vn -0.618041 0.783232 -0.067623
v -0.350412 8.927052 -1.012797
vt 0.135376 0.639893
vn 0.740015 0.671620 -0.036119
v -0.397840 8.997194 -0.702710
vt 0.008018 0.602539
vn 0.779276 0.626096 -0.027082
v -0.508667 9.138836 -0.786050
vt 0.046692 0.562012
vn 0.592708 0.804217 -0.043951
v -0.511217 9.153505 -0.665278
vt 0.002026 0.558838
vn 0.754798 0.652889 -0.063367
v -0.506916 9.179180 -0.787183
vt 0.046814 0.551025
vn 0.998860 -0.042829 0.021099
v -0.509974 9.182129 -0.666082
vt 0.002079 0.551025
vn 0.998748 -0.042631 0.026178
v -0.504015 9.169372 -0.994687
vt 0.123718 0.553467
vn -0.996684 0.075197 -0.031085
v -0.160205 14.691978 0.268815
vt 0.123718 0.561768
vn 0.724515 0.677215 0.128289
v -0.359658 14.520278 0.260032
vt 0.135376 0.639893
vn -0.399106 0.661347 -0.635087
v -0.058614 14.591254 0.117652
vt 0.046692 0.562012
vn 0.684313 0.725716 0.071078
v -0.151106 14.432382 0.036182
vt 0.008018 0.602539
vn -0.439868 0.619916 -0.649785
v 0.006820 14.546751 0.025713
vt 0.002026 0.558838
vn 0.728013 0.656835 0.196378
v -0.582069 14.406878 0.248176
vt 0.164551 0.728271
vn -0.216051 0.677534 -0.703043
v -0.410255 14.557746 0.329588
vt 0.170166 0.641357
vn -0.372177 0.640720 -0.671537
v -0.255670 14.756488 0.399661
vt 0.188599 0.558105
vn 0.694612 0.711330 0.107352
v -0.467237 14.606394 0.400100
vt 0.207397 0.643066
vn -0.247804 0.572556 -0.781520
v -0.299579 14.788594 0.449048
vt 0.214111 0.560059
vn 0.308333 0.873238 -0.377341
v -0.535989 14.638276 0.432624
vt 0.238770 0.644287
vn -0.222316 0.621822 -0.750942
v -0.747509 14.493003 0.345483
vt 0.229370 0.739990
vn -0.092432 0.642916 -0.760339
v -0.573148 14.668700 0.478107
vt 0.263184 0.645264
vn -0.207723 0.644688 -0.735682
v -0.352660 14.826647 0.506767
vt 0.244507 0.556641
vn 0.696056 0.715459 0.060207
v -0.425326 14.886757 0.597095
vt 0.295898 0.554199
vn 0.720302 0.691945 -0.048756
v -0.642997 14.776120 0.572928
vt 0.329346 0.634521
vn -0.121503 0.592582 -0.796294
v -0.875750 14.740379 0.554968
vt 0.357178 0.701660
vn -0.038636 0.597209 -0.801154
v -0.499353 14.965635 0.674366
vt 0.344238 0.556396
vn 0.413994 0.727183 -0.547552
v -0.728931 14.858505 0.627982
vt 0.363525 0.628906
vn -0.050405 0.572401 -0.818423
v -0.822025 15.011659 0.737390
vt 0.435059 0.618164
vn -0.047908 0.625684 -0.778604
v -0.540023 15.009129 0.717092
vt 0.370117 0.554443
vn 0.743973 0.645644 -0.172183
v -0.690294 15.214422 0.924471
vt 0.487793 0.561768
vn 0.850119 0.522592 0.064773
v -0.114361 15.909571 0.079237
vt 0.441162 0.816284
vn -0.206043 0.893935 -0.398028
v 0.008089 15.906147 -0.008483
vt 0.439941 0.863892
vn -0.448131 0.609905 -0.653601
v -0.071793 15.774484 0.282363
vt 0.520020 0.779053
vn 0.425500 0.783156 0.453449
v -0.265688 15.942840 0.184607
vt 0.442139 0.748291
vn -0.168103 0.863558 -0.475403
v -0.300179 15.850094 0.365822
vt 0.494385 0.689209
vn 0.522866 0.722105 0.452964
v -0.446517 16.006681 0.330706
vt 0.439697 0.658447
vn -0.312317 0.663692 -0.679685
v -0.204315 9.442717 0.551923
vt 0.929199 0.401367
vn -0.141537 0.989632 0.024386
v -0.192233 9.433812 0.549484
vt 0.916992 0.401855
vn 0.868242 0.126754 0.479676
v -0.247909 9.428044 0.635023
vt 0.921875 0.512939
vn 0.300511 0.867738 0.395884
v 0.038044 9.444159 0.107581
vt 0.921875 -0.096680
vn 0.396583 0.892547 0.214664
v 0.045873 9.428947 0.112690
vt 0.908691 -0.096680
vn 0.872192 0.108193 0.477049
v -0.210416 9.444965 0.539874
vt 0.933594 0.401367
vn -0.468218 0.863285 -0.188442
v 0.023221 9.443290 0.098855
vt 0.935059 -0.096680
vn -0.572419 0.755267 -0.319231
v 0.016226 9.427211 0.095236
vt 0.947754 -0.096680
vn -0.884787 -0.040279 -0.464251
v -0.257681 9.427462 0.629374
vt 0.935059 0.512939
vn -0.555903 0.826982 -0.084099
v -0.214953 9.432589 0.535352
vt 0.939453 0.401855
vn -0.885397 -0.022573 -0.464287
v 0.024054 9.412000 0.100345
vt 0.960938 -0.096680
vn -0.431774 -0.876817 -0.211573
v -0.261292 9.417076 0.625155
vt 0.947754 0.512939
vn -0.887394 -0.039165 -0.459346
v -0.208130 9.420824 0.537894
vt 0.953613 0.402344
vn -0.398415 -0.877531 -0.266842
v 0.038878 9.412868 0.109071
vt 0.974121 -0.096680
vn 0.469103 -0.840826 0.270101
v -0.255131 9.407273 0.626585
vt 0.960938 0.512939
vn -0.345987 -0.874019 -0.341151
v -0.196770 9.421435 0.544960
vt 0.975586 0.401855
vn 0.517220 -0.825066 0.227483
v 0.045873 9.428947 0.112690
vt 0.987305 -0.096680
vn 0.872192 0.108193 0.477049
v -0.192233 9.433812 0.549484
vt 0.996094 0.401855
vn 0.868242 0.126754 0.479676
v -0.241748 9.418242 0.636453
vt 0.987305 0.512939
vn 0.846010 0.077099 0.527563
v 0.093751 15.963224 0.090238
vt 0.441162 0.816284
vn -0.356404 0.887035 0.293505
v -0.018453 15.958910 -0.011316
vt 0.439941 0.863892
vn -0.548129 0.606383 0.576068
v 0.272311 15.830313 -0.004657
vt 0.520020 0.779053
vn 0.343925 0.789799 -0.507871
v 0.229904 15.997525 0.215724
vt 0.442139 0.748291
vn -0.441229 0.855200 0.271936
v 0.406709 15.906734 0.205260
vt 0.494385 0.689209
vn 0.322516 0.732138 -0.599965
v 0.409146 16.062929 0.363370
vt 0.439697 0.658447
vn -0.613548 0.638590 0.464502
v -0.474465 9.429064 0.222085
vt 0.929199 0.401367
vn -0.213421 0.974241 -0.072839
v -0.463273 9.420870 0.228432
vt 0.916992 0.401855
vn 0.308973 0.123064 0.943075
v -0.558609 9.406166 0.252865
vt 0.921875 0.512939
vn -0.122900 0.844766 0.520832
v -0.008175 9.459904 0.070277
vt 0.908691 -0.096680
vn 0.315688 0.106993 0.942812
v -0.011880 9.475144 0.061498
vt 0.921875 -0.096680
vn 0.041365 0.930350 0.364332
v -0.014730 9.469466 0.052333
vt 0.935059 -0.096680
vn -0.256115 0.780801 -0.569873
v -0.471497 9.432007 0.208943
vt 0.933594 0.401367
vn -0.286009 0.858316 -0.426019
v -0.018950 9.458353 0.036535
vt 0.947754 -0.096680
vn -0.344818 0.106562 -0.932601
v -0.562226 9.405637 0.241821
vt 0.935059 0.512939
vn -0.427634 0.810776 -0.399714
v -0.471058 9.419848 0.202016
vt 0.939453 0.401855
vn -0.346000 0.058690 -0.936397
v -0.466726 9.408201 0.208296
vt 0.953613 0.402344
vn -0.038400 -0.870395 -0.490855
v -0.015245 9.443111 0.045314
vt 0.960938 -0.096680
vn -0.101562 -0.877018 -0.469601
v -0.561442 9.395475 0.235831
vt 0.947754 0.512939
vn -0.346738 -0.035890 -0.937275
v -0.009857 9.443887 0.062184
vt 0.974121 -0.096680
vn 0.236080 -0.841870 0.485305
v -0.557041 9.385844 0.240885
vt 0.960938 0.512939
vn 0.051865 -0.857860 -0.511260
v -0.462834 9.408711 0.221505
vt 0.975586 0.401855
vn 0.299176 -0.823278 0.482398
v -0.463273 9.420870 0.228432
vt 0.996094 0.401855
vn 0.308973 0.123064 0.943075
v -0.008175 9.459904 0.070277
vt 0.987305 -0.096680
vn 0.315688 0.106993 0.942812
v -0.554208 9.396535 0.257920
vt 0.987305 0.512939
vn 0.262567 0.066978 0.962587
v -2.323316 5.790326 -0.838604
vt 0.017746 0.447266
vn 0.530700 0.053506 -0.845869
v -2.265163 5.565559 -0.888462
vt 0.002787 0.380371
vn 0.083912 0.427444 -0.900139
v -2.282708 5.736335 -0.815117
vt 0.025803 0.423340
vn 0.153343 0.624536 -0.765795
v -1.363336 5.873110 -0.795245
vt 0.311279 0.294922
vn -0.022912 0.443808 -0.895829
v -1.656166 6.277996 -0.589928
vt 0.301758 0.461914
vn 0.399037 -0.053302 -0.915384
v -1.576889 6.134786 -0.656773
vt 0.300781 0.399902
vn -0.057421 0.463572 -0.884197
v -0.871821 6.388884 -0.525814
vt 0.499268 0.291992
vn 0.011419 0.359034 -0.933254
v -1.632350 6.226567 -0.577498
vt 0.301514 0.438965
vn -0.249312 0.595276 -0.763865
v -1.035633 6.732926 -0.431549
vt 0.489502 0.415039
vn -0.118019 0.473328 -0.872944
v -1.075598 6.816937 -0.355773
vt 0.493896 0.450684
vn -0.257342 0.632328 -0.730710
v -1.108775 6.865510 -0.372732
vt 0.490967 0.474609
vn 0.395203 -0.061523 -0.916531
v -0.673874 7.181372 -0.219757
vt 0.693848 0.493164
vn 0.369333 -0.079724 -0.925871
v -0.591190 7.034148 -0.295233
vt 0.693359 0.431641
vn -0.024015 0.501483 -0.864834
v -0.424993 6.582042 -0.456246
vt 0.671875 0.286621
vn 0.049335 0.360943 -0.931282
v -0.197937 6.777858 -0.386774
vt 0.776367 0.312988
vn 0.157915 0.481674 -0.862005
v -0.652118 7.129680 -0.204477
vt 0.693359 0.476562
vn 0.305174 -0.893033 0.330697
v -0.345149 7.145874 -0.190909
vt 0.792480 0.437500
vn 0.163908 0.532119 -0.830652
v -0.001931 6.830624 -0.290591
vt 0.890625 0.314453
vn 0.282652 0.555119 -0.782273
v -0.103986 7.176355 -0.070066
vt 0.891602 0.442871
vn 0.290339 0.534346 -0.793838
v -0.135787 7.315533 -0.004622
vt 0.892578 0.498047
vn -0.164130 0.981845 0.095085
v -0.402690 7.264416 -0.123888
vt 0.792969 0.485840
vn 0.125822 0.619832 -0.774582
v -0.402506 7.308233 -0.124573
vt 0.793457 0.500732
vn 0.387713 -0.040938 -0.920870
v -0.135584 7.354804 -0.005331
vt 0.893066 0.511719
vn 0.410473 -0.017209 -0.911710
v 0.136708 8.327940 -1.148946
vt 1.134766 0.639893
vn 0.652508 0.663391 0.366258
v -0.002004 8.535282 -1.203390
vt 1.123047 0.560059
vn 0.596451 0.724786 0.344864
v 0.184187 8.324201 -1.224611
vt 1.169922 0.641357
vn 0.625767 0.664034 0.409236
v -0.102905 8.524206 -1.033612
vt 1.045898 0.562012
vn 0.557688 0.769493 0.311232
v 0.085593 8.523043 -1.344234
vt 1.187500 0.560059
vn 0.522720 0.773615 0.358166
v -0.049443 8.382348 -0.914132
vt 1.007812 0.602539
vn 0.681275 0.617983 0.392379
v -0.162136 8.532959 -0.934528
vt 1.001953 0.558838
vn 0.684692 0.637603 0.353071
v 0.311765 8.164637 -1.109869
vt 1.164062 0.728271
vn 0.493809 0.753911 0.433324
v 0.179179 8.522120 -1.465094
vt 1.240234 0.557861
vn 0.474503 0.771988 0.422944
v 0.240170 8.327844 -1.304736
vt 1.207031 0.643066
vn 0.506984 0.688298 0.518858
v 0.472708 8.159137 -1.228693
vt 1.228516 0.739990
vn 0.377264 0.777976 0.502420
v 0.306974 8.324506 -1.345777
vt 1.238281 0.644287
vn 0.479531 0.726048 0.492852
v 0.343212 8.325908 -1.397181
vt 1.262695 0.645264
vn 0.484376 0.737089 0.471254
v 0.249565 8.525023 -1.567375
vt 1.295898 0.554199
vn 0.365470 0.806102 0.465436
v 0.422887 8.369141 -1.517572
vt 1.329102 0.634521
vn 0.394289 0.734582 0.552200
v 0.627553 8.271412 -1.497006
vt 1.356445 0.701660
vn 0.319210 0.766019 0.557960
v 0.321633 8.545532 -1.654850
vt 1.342773 0.556152
vn -0.112637 0.952427 0.283188
v 0.515430 8.397442 -1.594869
vt 1.363281 0.628906
vn 0.326381 0.744267 0.582703
v 0.626063 8.468647 -1.743057
vt 1.434570 0.618164
vn 0.334384 0.780514 0.528190
v 0.372197 8.559772 -1.715444
vt 1.371094 0.553223
vn 0.318325 0.772144 0.549966
v 0.536863 8.629519 -1.969530
vt 1.487305 0.561768
vn 0.559969 0.611934 0.558544
v 0.039749 15.983005 -0.082638
vt 0.441162 0.816284
vn 0.366889 0.889718 0.271651
v -0.014765 15.978790 0.022276
vt 0.439941 0.863892
vn 0.709713 0.585589 0.391654
v -0.057693 15.880068 -0.206765
vt 0.520020 0.779053
vn -0.595127 0.777207 -0.204383
v 0.107141 16.010487 -0.210344
vt 0.442139 0.748291
vn 0.363988 0.861564 0.353866
v 0.069561 15.940593 -0.347685
vt 0.494385 0.689209
vn -0.680718 0.714543 -0.161403
v 0.181438 16.062016 -0.376184
vt 0.439697 0.658447
vn 0.583098 0.664278 0.467687
v -0.691300 12.279502 0.005922
vt 0.974609 0.249512
vn 0.167235 0.322067 -0.931829
v -0.395274 12.132684 0.017807
vt 0.974609 -0.038086
vn 0.322628 0.747426 -0.580746
v -0.689947 12.285319 0.015579
vt 0.961426 0.249512
vn 0.390591 0.818377 0.421542
v -0.691300 12.279502 0.005922
vt 0.988281 0.249512
vn 0.167235 0.322067 -0.931829
v -0.397139 12.123264 0.012640
vt 0.988281 -0.038086
vn -0.077666 -0.108381 -0.991071
v -0.153468 12.035810 0.001661
vt 0.988281 -0.182617
vn -0.045895 -0.029799 -0.998502
v -0.394660 12.132823 0.028573
vt 0.961426 -0.038086
vn 0.320711 0.796717 0.512237
v -0.692255 12.274092 0.015848
vt 0.948242 0.249512
vn -0.442237 -0.664230 0.602681
v -0.150010 12.048502 0.008745
vt 0.974609 -0.182617
vn 0.222917 0.816741 -0.532205
v 0.030149 11.989527 -0.003442
vt 0.988281 -0.326172
vn -0.033383 -0.022277 -0.999194
v 0.033727 12.003782 0.004445
vt 0.974609 -0.326172
vn 0.189943 0.830593 -0.523485
v -0.149738 12.048802 0.023542
vt 0.961426 -0.182617
vn 0.253398 0.836974 0.485040
v 0.034260 12.004087 0.020948
vt 0.961426 -0.326172
vn 0.212976 0.848153 0.485053
v -0.395913 12.123546 0.034171
vt 0.948242 -0.038086
vn -0.048830 -0.040534 0.997984
v 0.031216 11.990133 0.029565
vt 0.948242 -0.326172
vn 0.013475 0.017185 0.999762
v -0.152924 12.036413 0.031255
vt 0.948242 -0.182617
vn 0.011888 0.006573 0.999908
v 0.027638 11.975878 0.021679
vt 0.934570 -0.326172
vn -0.207707 -0.826148 0.523773
v -0.397778 12.114125 0.029004
vt 0.934570 -0.038086
vn -0.354423 -0.777514 0.519477
v -0.692255 12.274092 0.015848
vt 0.934570 0.249512
vn -0.442237 -0.664230 0.602681
v -0.156382 12.023721 0.024171
vt 0.934570 -0.182617
vn -0.250133 -0.819061 0.516307
v -0.398392 12.113986 0.018239
vt 0.921387 -0.038086
vn -0.386517 -0.828512 -0.405183
v -0.156654 12.023418 0.009374
vt 0.921387 -0.182617
vn -0.277954 -0.836089 -0.472967
v 0.027105 11.975575 0.005176
vt 0.921387 -0.326172
vn -0.231795 -0.848397 -0.475914
v -0.153468 12.035810 0.001661
vt 0.908203 -0.182617
vn -0.045895 -0.029799 -0.998502
v 0.030149 11.989527 -0.003442
vt 0.908203 -0.326172
vn -0.033383 -0.022277 -0.999194
v -0.397139 12.123264 0.012640
vt 0.908203 -0.038086
vn -0.077666 -0.108381 -0.991071
v -0.691300 12.279502 0.005922
vt 0.908203 0.249512
vn 0.167235 0.322067 -0.931829
v -0.692255 12.274092 0.015848
vt 0.921387 0.249512
vn -0.442237 -0.664230 0.602681
v 0.064696 16.412241 0.026950
vt 0.441162 0.816284
vn -0.201436 0.889291 0.410592
v -0.018981 16.409449 0.001428
vt 0.439941 0.863892
vn -0.251322 0.614505 0.747811
v 0.138009 16.334269 -0.069281
vt 0.520020 0.779053
vn 0.089831 0.793835 -0.601461
v 0.166606 16.432724 0.059712
vt 0.442139 0.748291
vn -0.287443 0.856330 0.429041
v 0.258802 16.379572 0.008365
vt 0.494385 0.689209
vn 0.028047 0.735721 -0.676704
v 0.297007 16.471487 0.091427
vt 0.439697 0.658447
vn -0.358138 0.646544 0.673586
v -0.540443 11.709254 0.545997
vt 0.934570 0.249512
vn -0.504812 -0.839672 -0.200289
v -0.112869 11.586486 0.175956
vt 0.934570 -0.182617
vn 0.173368 -0.863288 0.474001
v -0.122388 11.586368 0.164996
vt 0.921387 -0.182617
vn -0.479369 -0.844995 -0.237040
v -0.533506 11.715009 0.552581
vt 0.948242 0.249512
vn 0.657566 0.318897 0.682577
v 0.024852 11.543381 0.045945
vt 0.934570 -0.326172
vn 0.201256 -0.846010 0.493723
v -0.106164 11.599253 0.179451
vt 0.948242 -0.182617
vn 0.663168 -0.039906 0.747406
v 0.032108 11.557707 0.050029
vt 0.948242 -0.326172
vn 0.683184 -0.001317 0.730245
v 0.014061 11.543269 0.033880
vt 0.921387 -0.326172
vn -0.490390 -0.839387 -0.234407
v 0.028574 11.571921 0.042047
vt 0.961426 -0.326172
vn 0.473385 0.847404 0.240444
v -0.125202 11.599016 0.157531
vt 0.908203 -0.182617
vn -0.695464 -0.058086 -0.716209
v 0.010527 11.557484 0.025898
vt 0.908203 -0.326172
vn -0.698181 -0.013197 -0.715799
v -0.540443 11.709254 0.545997
vt 0.921387 0.249512
vn -0.504812 -0.839672 -0.200289
v -0.108978 11.611902 0.171986
vt 0.961426 -0.182617
vn 0.493592 0.816876 0.298463
v 0.017783 11.571809 0.029982
vt 0.974609 -0.326172
vn -0.233144 0.835647 -0.497330
v -0.118497 11.611784 0.161026
vt 0.974609 -0.182617
vn -0.222243 0.847535 -0.481968
v 0.010527 11.557484 0.025898
vt 0.988281 -0.326172
vn -0.698181 -0.013197 -0.715799
v -0.533506 11.715009 0.552581
vt 0.961426 0.249512
vn 0.657566 0.318897 0.682577
v -0.125202 11.599016 0.157531
vt 0.988281 -0.182617
vn -0.695464 -0.058086 -0.716209
v -0.539194 11.720596 0.544687
vt 0.974609 0.249512
vn -0.220997 0.853167 -0.472511
v -0.540443 11.709254 0.545997
vt 0.988281 0.249512
vn -0.504812 -0.839672 -0.200289
v -0.020084 16.349154 -0.077444
vt 0.441162 0.816284
vn 0.470392 0.877310 0.095179
v -0.006536 16.335865 0.016509
vt 0.439941 0.863892
vn 0.811217 0.583704 -0.034886
v -0.140747 16.271376 -0.115728
vt 0.520020 0.779053
vn -0.595865 0.760105 0.259201
v -0.036349 16.383192 -0.190386
vt 0.442139 0.748291
vn 0.519979 0.839500 0.157677
v -0.123890 16.335482 -0.264734
vt 0.494385 0.689209
vn -0.640928 0.689485 0.337375
v -0.065032 16.439503 -0.329338
vt 0.439697 0.658447
vn 0.780973 0.618095 0.089662
v -0.833804 9.222074 0.246663
vt 0.596680 0.424805
vn -0.410509 0.587668 -0.697229
v -0.481062 9.315742 0.153988
vt 0.726074 0.433105
vn -0.342815 0.519267 -0.782841
v -0.809128 9.304893 0.323444
vt 0.597168 0.461914
vn -0.410567 0.758457 -0.506141
v -0.099436 8.983180 -0.215030
vt 0.886719 0.297363
vn -0.274310 0.555864 -0.784710
v -0.028601 9.329882 0.007502
vt 0.887207 0.429688
vn -0.298933 0.482485 -0.823315
v -0.560346 8.941820 -0.081555
vt 0.722656 0.295410
vn -0.333453 0.536075 -0.775521
v -0.014730 9.469466 0.052333
vt 0.887207 0.496094
vn -0.256115 0.780801 -0.569873
v -0.863524 8.917096 0.079705
vt 0.606934 0.311035
vn -0.396209 0.514271 -0.760621
v -1.447720 8.995093 0.443653
vt 0.367676 0.407227
vn -0.364665 0.630714 -0.684996
v -1.513175 8.742280 0.283260
vt 0.362305 0.313965
vn -0.354048 0.552465 -0.754608
v -0.474465 9.429064 0.222085
vt 0.722168 0.480957
vn -0.213421 0.974241 -0.072839
v -0.474983 9.473914 0.221298
vt 0.720703 0.496582
vn -0.320691 -0.016262 -0.947044
v -0.015227 9.508764 0.051517
vt 0.883301 0.514404
vn -0.344690 -0.021986 -0.938459
v -0.809295 9.345246 0.323661
vt 0.597168 0.475586
vn -0.298462 -0.008585 -0.954383
v -1.420972 9.122325 0.527554
vt 0.367676 0.457031
vn -0.258086 -0.012797 -0.966037
v -1.420443 9.074881 0.528326
vt 0.367920 0.440918
vn -0.362446 0.822908 -0.437555
v -1.606830 9.074963 0.561805
vt 0.301514 0.453613
vn -0.211590 -0.019769 -0.977159
v -1.606316 9.030755 0.562596
vt 0.301758 0.438477
vn -0.286066 0.784852 -0.549703
v -1.715796 9.060358 0.590810
vt 0.258301 0.451660
vn -0.276970 -0.019178 -0.960687
v -1.746112 8.938176 0.521042
vt 0.258545 0.405273
vn -0.307422 0.609061 -0.731120
v -1.970608 8.675431 0.428913
vt 0.192261 0.316406
vn -0.347423 0.525791 -0.776428
v -1.715294 9.019196 0.591617
vt 0.261719 0.436523
vn -0.238841 0.801791 -0.547802
v -2.348054 9.025708 0.791637
vt 0.018311 0.450684
vn -0.222780 -0.015699 -0.974742
v -2.347464 8.963449 0.792330
vt 0.026291 0.426758
vn -0.178447 0.540609 -0.822131
v -2.433771 8.865017 0.789752
vt 0.001349 0.384766
vn -0.309126 0.449412 -0.838135
v -0.050984 16.380749 0.072926
vt 0.441162 0.816284
vn -0.357746 0.888822 -0.286379
v -0.002571 16.378679 -0.006608
vt 0.439941 0.863892
vn -0.685917 0.585582 -0.431986
v 0.019972 16.299028 0.175358
vt 0.520020 0.779053
vn 0.574085 0.779121 0.251788
v -0.110330 16.400877 0.170154
vt 0.442139 0.748291
vn -0.352136 0.859972 -0.369390
v -0.087969 16.344772 0.279563
vt 0.494385 0.689209
vn 0.663734 0.716451 0.214836
v -0.177811 16.439634 0.296921
vt 0.439697 0.658447
vn -0.573247 0.646605 -0.503280
v 0.079902 16.270432 0.030185
vt 0.441162 0.816284
vn -0.202415 0.886349 0.416429
v -0.019022 16.267099 -0.000752
vt 0.439941 0.863892
vn -0.255858 0.603736 0.755009
v 0.166691 16.178127 -0.083735
vt 0.520020 0.779053
vn 0.090418 0.793134 -0.602298
v 0.200680 16.294655 0.068246
vt 0.442139 0.748291
vn -0.287257 0.854902 0.432003
v 0.309689 16.231758 0.008185
vt 0.494385 0.689209
vn 0.029529 0.734433 -0.678038
v 0.354917 16.340567 0.106515
vt 0.439697 0.658447
vn -0.359135 0.635688 0.683317
v -0.300301 16.466331 -0.000946
vt 0.494385 0.689209
vn 0.333362 0.638488 0.693688
v -0.176157 16.467686 -0.058796
vt 0.442139 0.748291
vn 0.678788 0.619278 -0.394642
v -0.201073 16.345781 0.089556
vt 0.520020 0.779053
vn 0.310185 0.721901 0.618582
v -0.289693 16.586014 -0.095691
vt 0.439697 0.658447
vn 0.632780 0.397253 -0.664665
v -0.082297 16.385098 -0.020999
vt 0.441162 0.816284
vn 0.623104 0.684689 -0.378076
v 0.001913 16.331842 0.010172
vt 0.439941 0.863892
vn 0.546951 0.452526 -0.704319
v -0.018543 16.198172 -0.090117
vt 0.441162 0.816284
vn 0.457265 0.889192 0.015735
v -0.006209 16.194551 0.017020
vt 0.439941 0.863892
vn 0.806429 0.586738 -0.073566
v -0.152137 16.104549 -0.128207
vt 0.520020 0.779053
vn -0.612455 0.773817 0.161575
v -0.033558 16.222752 -0.220966
vt 0.442139 0.748291
vn 0.505487 0.858809 0.083250
v -0.129064 16.159122 -0.301722
vt 0.494385 0.689209
vn -0.659056 0.710919 0.245436
v -0.061958 16.269003 -0.383890
vt 0.439697 0.658447
vn 0.769477 0.636939 0.047040
v 0.475276 8.316160 -0.294682
vt 0.929199 0.401367
vn 0.207716 0.978145 -0.009282
v 0.462166 8.307916 -0.297972
vt 0.916992 0.401855
vn -0.593132 0.139484 -0.792930
v 0.545472 8.294021 -0.352466
vt 0.921875 0.512939
vn -0.053432 0.852772 -0.519543
v 0.083167 8.358111 0.008611
vt 0.921875 -0.096680
vn -0.210314 0.897180 -0.388376
v 0.077104 8.342887 0.001381
vt 0.908691 -0.096680
vn -0.599760 0.122103 -0.790809
v 0.093341 8.357294 0.022866
vt 0.935059 -0.096680
vn 0.442120 0.758495 0.478765
v 0.475752 8.319018 -0.282076
vt 0.933594 0.401367
vn 0.406592 0.858328 0.312979
v 0.097453 8.341252 0.029890
vt 0.947754 -0.096680
vn 0.623903 -0.036840 0.780633
v 0.552218 8.293465 -0.343164
vt 0.935059 0.512939
vn 0.528306 0.810494 0.252968
v 0.477477 8.306824 -0.275437
vt 0.939453 0.401855
vn 0.625732 -0.021005 0.779755
v 0.471547 8.295175 -0.280065
vt 0.953613 0.402344
vn 0.200196 -0.872227 0.446252
v 0.091390 8.326027 0.022660
vt 0.960938 -0.096680
vn 0.255278 -0.875637 0.409991
v 0.553324 8.283271 -0.337288
vt 0.947754 0.512939
vn 0.628277 -0.038533 0.777035
v 0.081215 8.326844 0.008405
vt 0.974121 -0.096680
vn -0.373567 -0.841861 -0.389510
v 0.547684 8.273632 -0.340715
vt 0.960938 0.512939
vn 0.121293 -0.861126 0.493710
v 0.463891 8.295721 -0.291332
vt 0.975586 0.401855
vn -0.434567 -0.821108 -0.370044
v 0.462166 8.307916 -0.297972
vt 0.996094 0.401855
vn -0.593132 0.139484 -0.792930
v 0.077104 8.342887 0.001381
vt 0.987305 -0.096680
vn -0.599760 0.122103 -0.790809
v 0.539832 8.284382 -0.355892
vt 0.987305 0.512939
vn -0.557132 0.078500 -0.826705
v -0.054125 16.238741 0.085296
vt 0.441162 0.816284
vn -0.356578 0.889340 -0.286230
v 0.001941 16.236341 -0.005447
vt 0.439941 0.863892
vn -0.676411 0.597867 -0.430143
v 0.027756 16.145130 0.202927
vt 0.520020 0.779053
vn 0.573300 0.779993 0.250875
v -0.121456 16.261759 0.196968
vt 0.442139 0.748291
vn -0.350116 0.861505 -0.367733
v -0.095849 16.197515 0.322255
vt 0.494385 0.689209
vn 0.663928 0.716528 0.213978
v -0.198730 16.306141 0.342131
vt 0.439697 0.658447
vn -0.573348 0.646600 -0.503171
v 0.400286 16.145201 -0.003408
vt 0.494873 0.688965
vn 0.032088 0.804852 0.592607
v 0.217602 16.081545 0.124448
vt 0.520508 0.778931
vn 0.066280 0.847082 0.527313
v 0.257335 16.213181 -0.081742
vt 0.442383 0.748291
vn 0.006865 0.861770 0.507253
v 0.450047 16.273514 -0.157511
vt 0.439941 0.658203
vn 0.082979 0.665812 0.741491
v 0.445146 16.291016 -0.156061
vt 0.433105 0.661621
vn 0.359385 0.023266 0.932899
v 0.251537 16.233885 -0.080026
vt 0.434326 0.748047
vn 0.331998 0.014782 0.943164
v 0.100752 16.181152 -0.031163
vt 0.441406 0.816284
vn 0.068869 0.889615 0.451488
v -0.027762 16.176344 0.009607
vt 0.440430 0.863892
vn 0.220962 0.612972 0.758579
v 0.094759 16.202553 -0.029390
vt 0.433105 0.815430
vn 0.306397 -0.006426 0.951882
v -0.032308 16.193882 0.011942
vt 0.433594 0.868652
vn 0.306563 -0.017422 0.951691
v -0.122078 16.132341 -0.016243
vt 0.441162 0.816284
vn 0.162343 0.892548 -0.420718
v 0.009084 16.128702 0.013669
vt 0.439941 0.863892
vn 0.191048 0.614229 -0.765653
v -0.222931 16.009829 0.138984
vt 0.520020 0.779053
vn -0.048732 0.786113 0.616159
v -0.282449 16.162987 -0.052850
vt 0.442139 0.748291
vn 0.245952 0.862157 -0.442936
v -0.417461 16.079185 0.035269
vt 0.494385 0.689209
vn 0.018285 0.727013 0.686380
v -0.486428 16.221455 -0.085985
vt 0.439697 0.658447
vn 0.299725 0.647326 -0.700809
v -0.459320 10.952639 0.226201
vt 0.947754 0.512939
vn -0.391310 0.046760 -0.919070
v -0.380244 10.955680 0.196509
vt 0.939453 0.401855
vn -0.375246 0.068386 -0.924399
v -0.454980 10.960877 0.240719
vt 0.935059 0.512939
vn -0.040328 0.963838 0.263421
v -0.454061 10.943416 0.239787
vt 0.960938 0.512939
vn 0.079068 -0.978439 0.190804
v -0.378576 10.945114 0.201764
vt 0.953613 0.402344
vn -0.234892 -0.871169 -0.431151
v -0.378467 10.965836 0.202461
vt 0.933594 0.401367
vn -0.077405 0.938313 -0.337011
v -0.217872 10.929501 0.133718
vt 0.947754 0.208496
vn -0.362815 0.031060 -0.931343
v -0.216172 10.917866 0.139547
vt 0.960938 0.208496
vn -0.302486 -0.838113 -0.453948
v 0.007236 10.888034 0.051185
vt 0.960938 -0.096680
vn -0.297778 -0.829070 -0.473256
v 0.006682 10.901484 0.043810
vt 0.947754 -0.096680
vn -0.366821 0.042360 -0.929327
v 0.012003 10.887533 0.065496
vt 0.974121 -0.096680
vn 0.063775 -0.880089 0.470507
v 0.010896 10.914433 0.050747
vt 0.935059 -0.096680
vn -0.105224 0.817985 -0.565534
v -0.212044 10.917409 0.151771
vt 0.974121 0.208496
vn 0.051670 -0.875073 0.481225
v 0.016216 10.900482 0.072433
vt 0.987305 -0.096680
vn 0.351506 -0.029023 0.935736
v -0.209616 10.928586 0.158165
vt 0.987305 0.208496
vn 0.347342 -0.011814 0.937664
v -0.375132 10.944705 0.212971
vt 0.975586 0.401855
vn 0.106871 -0.870737 0.479996
v -0.373355 10.954861 0.218924
vt 0.996094 0.401855
vn 0.344165 0.055297 0.937280
v -0.452921 10.951982 0.244937
vt 0.987305 0.512939
vn 0.282961 0.004394 0.959122
v -0.215444 10.940678 0.140112
vt 0.935059 0.208496
vn -0.059912 0.887540 -0.456819
v 0.015663 10.913932 0.065058
vt 0.921875 -0.096680
vn 0.272872 0.848085 0.454195
v -0.381321 10.963877 0.213673
vt 0.929199 0.401367
vn 0.030831 0.999252 -0.023356
v -0.454980 10.960877 0.240719
vt 0.921875 0.512939
vn -0.040328 0.963838 0.263421
v -0.211316 10.940220 0.152336
vt 0.921875 0.208496
vn 0.284965 0.839199 0.463186
v 0.016216 10.900482 0.072433
vt 0.908691 -0.096680
vn 0.351506 -0.029023 0.935736
v -0.209616 10.928586 0.158165
vt 0.908691 0.208496
vn 0.347342 -0.011814 0.937664
v -0.373355 10.954861 0.218924
vt 0.916992 0.401855
vn 0.344165 0.055297 0.937280
v -0.504252 10.981478 1.844635
vt -0.000445 0.396973
vn -0.907246 0.381772 -0.176507
v -0.513357 10.765557 0.999422
vt 0.271973 0.301758
vn -0.773928 0.621383 -0.122142
v -0.444154 11.056358 1.791015
vt 0.023346 0.424316
vn -0.195251 0.723399 -0.662247
v -0.521126 10.895506 1.828625
vt 0.002073 0.364746
vn -0.979027 0.199682 -0.040424
v -0.444409 11.118611 1.791349
vt 0.015472 0.448730
vn -0.822994 -0.009359 -0.567972
v -0.367365 11.092655 1.511239
vt 0.122681 0.431641
vn -0.714264 0.693097 -0.097180
v -0.243559 11.189209 1.011751
vt 0.299561 0.462891
vn -0.959337 -0.008891 -0.282123
v -0.311470 11.027428 0.989976
vt 0.298340 0.399414
vn -0.760908 0.632659 -0.144087
v -0.243287 11.122945 1.011395
vt 0.299072 0.439941
vn -0.622757 0.772795 -0.122314
v -0.147190 11.080057 0.463738
vt 0.487061 0.413086
vn -0.718339 0.684970 -0.121678
v -0.352471 10.865802 0.193751
vt 0.553223 0.314453
vn -0.698417 0.709114 -0.096800
v -0.070784 11.109838 0.160460
vt 0.593750 0.420898
vn -0.695766 0.711482 -0.098499
v -0.064200 11.164670 0.477832
vt 0.491699 0.450684
vn -0.575432 0.813680 -0.082477
v -0.065393 11.232348 0.477917
vt 0.488770 0.474609
vn -0.958431 -0.014278 -0.284966
v 0.011842 11.206710 0.186291
vt 0.594727 0.462402
vn -0.661432 0.746293 -0.074525
v 0.010724 11.256499 0.186280
vt 0.595215 0.479980
vn -0.966903 -0.018887 -0.254443
v 0.056419 16.391043 -0.059551
vt 0.441162 0.816284
vn 0.042094 0.835191 0.548346
v -0.008370 16.359476 0.000739
vt 0.439941 0.863892
vn -0.286644 0.606589 0.741542
v 0.032239 16.325300 -0.195241
vt 0.520020 0.779053
vn -0.663836 0.706534 -0.245216
v 0.132344 16.446774 -0.129252
vt 0.442139 0.748291
vn 0.022270 0.783857 0.620542
v 0.150478 16.416670 -0.251193
vt 0.494385 0.689209
vn -0.738968 0.626076 -0.248908
v 0.219503 16.529787 -0.220402
vt 0.439697 0.658447
vn 0.250979 0.585568 0.770792
v 0.883326 10.942777 -0.172375
vt 0.974609 0.249512
vn 0.189871 0.249862 0.949483
v 0.572648 10.858006 -0.107011
vt 0.974609 -0.038086
vn -0.018929 0.792499 0.609580
v 0.880878 10.948833 -0.181646
vt 0.961426 0.249512
vn -0.316741 0.877608 -0.359832
v 0.883326 10.942777 -0.172375
vt 0.988281 0.249512
vn 0.189871 0.249862 0.949483
v 0.573953 10.848344 -0.102097
vt 0.988281 -0.038086
vn 0.269677 -0.053535 0.961462
v 0.328667 10.811213 -0.029322
vt 0.988281 -0.182617
vn 0.266489 -0.045618 0.962758
v 0.569674 10.858347 -0.117333
vt 0.961426 -0.038086
vn -0.275598 0.847677 -0.453309
v 0.881075 10.937346 -0.182059
vt 0.948242 0.249512
vn 0.053586 -0.612531 -0.788628
v 0.325980 10.824423 -0.035833
vt 0.974609 -0.182617
vn 0.071792 0.837883 0.541108
v 0.139623 10.802524 0.017589
vt 0.988281 -0.326172
vn 0.241998 -0.029414 0.969831
v 0.136913 10.817299 0.010270
vt 0.974609 -0.326172
vn 0.094084 0.850416 0.517630
v 0.322456 10.824883 -0.050163
vt 0.961426 -0.182617
vn -0.187931 0.875524 -0.445128
v 0.132758 10.817826 -0.005656
vt 0.961426 -0.326172
vn -0.140313 0.877432 -0.458722
v 0.568006 10.849026 -0.122742
vt 0.948242 -0.038086
vn -0.204878 -0.043483 -0.977821
v 0.131313 10.803577 -0.014263
vt 0.948242 -0.326172
vn -0.225253 0.035796 -0.973642
v 0.321620 10.812132 -0.057982
vt 0.948242 -0.182617
vn -0.240234 0.016290 -0.970578
v 0.134023 10.788801 -0.006944
vt 0.934570 -0.326172
vn -0.079896 -0.842305 -0.533047
v 0.569311 10.839363 -0.117828
vt 0.934570 -0.038086
vn 0.079160 -0.859750 -0.504542
v 0.881075 10.937346 -0.182059
vt 0.934570 0.249512
vn 0.053586 -0.612531 -0.788628
v 0.883326 10.942777 -0.172375
vt 0.921387 0.249512
vn 0.189871 0.249862 0.949483
v 0.324307 10.798923 -0.051471
vt 0.934570 -0.182617
vn -0.040083 -0.850002 -0.525253
v 0.572285 10.839023 -0.107506
vt 0.921387 -0.038086
vn 0.313993 -0.835140 0.451607
v 0.573953 10.848344 -0.102097
vt 0.908203 -0.038086
vn 0.269677 -0.053535 0.961462
v 0.327831 10.798462 -0.037141
vt 0.921387 -0.182617
vn 0.210358 -0.875613 0.434801
v 0.138178 10.788274 0.008982
vt 0.921387 -0.326172
vn 0.156068 -0.880444 0.447730
v 0.328667 10.811213 -0.029322
vt 0.908203 -0.182617
vn 0.266489 -0.045618 0.962758
v 0.139623 10.802524 0.017589
vt 0.908203 -0.326172
vn 0.241998 -0.029414 0.969831
v -0.139297 15.796525 -0.087841
vt 0.441162 0.816284
vn 0.540327 0.773231 -0.331905
v 0.003711 15.735861 -0.015466
vt 0.439941 0.863892
vn 0.548217 0.514844 -0.659085
v -0.342013 15.699921 0.070591
vt 0.520020 0.779053
vn 0.094989 0.772576 0.627777
v -0.304912 15.901832 -0.172382
vt 0.442139 0.748291
vn 0.608632 0.719970 -0.333482
v -0.515460 15.864022 -0.104444
vt 0.494385 0.689209
vn 0.121160 0.696314 0.707437
v -0.510523 16.059252 -0.264904
vt 0.439697 0.658447
vn 0.639149 0.488149 -0.594306
v 0.372730 14.051063 0.231828
vt 0.974609 -0.038086
vn -0.413925 -0.078514 0.906919
v 0.376987 14.059260 0.218532
vt 0.961426 -0.038086
vn -0.042527 0.756977 -0.652056
v 0.575455 14.211920 0.368315
vt 0.961426 0.249512
vn -0.492434 -0.047315 0.869063
v 0.580806 14.212279 0.358492
vt 0.948242 0.249512
vn -0.490352 -0.046131 0.870303
v 0.194163 13.964499 0.122366
vt 0.974609 -0.182617
vn -0.559764 0.739502 0.373900
v 0.380859 14.043432 0.220282
vt 0.948242 -0.038086
vn 0.688713 -0.633143 -0.353277
v 0.575455 14.211920 0.368315
vt 0.934570 0.249512
vn -0.492434 -0.047315 0.869063
v 0.372730 14.051063 0.231828
vt 0.921387 -0.038086
vn -0.413925 -0.078514 0.906919
v 0.200251 13.964905 0.111245
vt 0.961426 -0.182617
vn -0.003440 0.829031 -0.559192
v 0.372730 14.051063 0.231828
vt 0.988281 -0.038086
vn -0.413925 -0.078514 0.906919
v 0.194635 13.953792 0.129654
vt 0.988281 -0.182617
vn -0.499937 -0.049521 0.864645
v 0.050542 13.897436 0.037805
vt 0.988281 -0.326172
vn -0.526564 -0.037903 0.849290
v 0.050208 13.909490 0.029814
vt 0.974609 -0.326172
vn -0.503662 0.809285 0.302296
v 0.056831 13.909892 0.017306
vt 0.961426 -0.326172
vn 0.037325 0.836541 -0.546632
v 0.063788 13.898237 0.012788
vt 0.948242 -0.326172
vn 0.538048 0.047607 -0.841569
v 0.206811 13.954598 0.107413
vt 0.948242 -0.182617
vn 0.557873 -0.036002 -0.829145
v 0.064122 13.886182 0.020779
vt 0.934570 -0.326172
vn 0.530790 -0.780935 -0.329246
v 0.207284 13.943891 0.114700
vt 0.934570 -0.182617
vn 0.539201 -0.813736 -0.217017
v 0.380859 14.043432 0.220282
vt 0.934570 -0.038086
vn 0.688713 -0.633143 -0.353277
v 0.201196 13.943488 0.125821
vt 0.921387 -0.182617
vn 0.003459 -0.784363 0.620292
v 0.057499 13.885782 0.033288
vt 0.921387 -0.326172
vn 0.000568 -0.848985 0.528416
v 0.194635 13.953792 0.129654
vt 0.908203 -0.182617
vn -0.499937 -0.049521 0.864645
v 0.050542 13.897436 0.037805
vt 0.908203 -0.326172
vn -0.526564 -0.037903 0.849290
v -2.782202 7.357722 0.124663
vt 0.017746 0.447266
vn 0.169421 0.003535 -0.985537
v -2.816322 7.132830 0.055142
vt 0.002787 0.380371
vn -0.117407 0.491275 -0.863055
v -2.754961 7.290830 0.130350
vt 0.025803 0.423340
vn 0.069925 0.641710 -0.763753
v -1.899928 7.126894 -0.212384
vt 0.311279 0.294922
vn -0.200057 0.535306 -0.820624
v -1.964227 7.577047 0.093809
vt 0.301758 0.461914
vn -0.008273 -0.051995 -0.998613
v -1.960842 7.424792 0.000412
vt 0.300781 0.399902
vn -0.220316 0.560091 -0.798598
v -1.220493 7.425792 -0.154903
vt 0.499268 0.291992
vn -0.213045 0.449201 -0.867658
v -1.954704 7.519279 0.095858
vt 0.301514 0.438965
vn -0.301011 0.734897 -0.607716
v -1.227800 7.791448 -0.002452
vt 0.489502 0.415039
vn -0.265068 0.587434 -0.764631
v -1.211612 7.874116 0.083644
vt 0.493896 0.450684
vn -0.283222 0.763816 -0.579975
v -1.231755 7.932711 0.081074
vt 0.490967 0.474609
vn -0.014678 -0.058285 -0.998192
v -0.702259 8.074900 0.052495
vt 0.693848 0.493164
vn -0.047169 -0.067380 -0.996612
v -0.700038 7.918845 -0.050248
vt 0.693359 0.431641
vn -0.170101 0.585666 -0.792503
v -0.746123 7.458516 -0.265706
vt 0.671875 0.286621
vn -0.178006 0.441745 -0.879304
v -0.463838 7.563308 -0.290194
vt 0.776367 0.312988
vn -0.013030 0.517718 -0.855452
v -0.693655 8.017177 0.057993
vt 0.693359 0.476562
vn 0.198087 -0.961961 0.188130
v -0.414753 7.933672 -0.050080
vt 0.792480 0.437500
vn 0.017105 0.557810 -0.829792
v -0.243118 7.539182 -0.278020
vt 0.890625 0.314453
vn 0.147842 0.542241 -0.827114
v -0.152782 7.871079 -0.032857
vt 0.891602 0.442871
vn 0.143334 0.522448 -0.840537
v -0.116205 8.004672 0.040570
vt 0.892578 0.498047
vn 0.226618 0.961853 0.153242
v -0.406488 8.055683 0.034884
vt 0.792969 0.485840
vn 0.033003 0.647875 -0.761032
v -0.393265 8.097182 0.034268
vt 0.793457 0.500732
vn -0.016898 -0.036591 -0.999187
v -0.104353 8.041867 0.039914
vt 0.893066 0.511719
vn 0.015689 -0.021130 -0.999654
v -0.014189 8.693761 0.039700
vt 0.974121 -0.096680
vn -0.004041 -0.840196 0.542268
v -0.484474 8.747541 0.119499
vt 0.975586 0.401855
vn 0.060958 -0.833208 0.549590
v -0.011186 8.709698 0.047522
vt 0.987305 -0.096680
vn 0.171063 0.113393 0.978713
v -0.483983 8.759985 0.125914
vt 0.996094 0.401855
vn 0.168274 0.138868 0.975910
v -0.017001 8.692980 0.022159
vt 0.960938 -0.096680
vn -0.180467 -0.875806 -0.447656
v -0.580809 8.753631 0.139955
vt 0.987305 0.512939
vn 0.109677 0.085972 0.990242
v -0.582717 8.742631 0.122970
vt 0.960938 0.512939
vn -0.021473 -0.881957 -0.470840
v -0.486344 8.746968 0.105820
vt 0.953613 0.402344
vn -0.114992 -0.877990 -0.464662
v -0.487722 8.758838 0.098555
vt 0.939453 0.401855
vn -0.182063 -0.015166 -0.983170
v -0.584674 8.752597 0.116958
vt 0.947754 0.512939
vn -0.189484 -0.031483 -0.981379
v -0.016810 8.708136 0.012440
vt 0.947754 -0.096680
vn -0.183783 -0.038676 -0.982206
v -0.584699 8.763080 0.122445
vt 0.935059 0.512939
vn -0.203439 0.848314 -0.488851
v -0.487230 8.771280 0.104969
vt 0.933594 0.401367
vn -0.059412 0.871233 -0.487261
v -0.013807 8.724072 0.020261
vt 0.935059 -0.096680
vn -0.025240 0.767130 -0.640995
v -0.582767 8.763598 0.133943
vt 0.921875 0.512939
vn -0.051535 0.884590 0.463513
v -0.483983 8.759985 0.125914
vt 0.916992 0.401855
vn 0.168274 0.138868 0.975910
v -0.492750 8.769655 0.116423
vt 0.929199 0.401367
vn -0.016411 0.993182 -0.115410
v -0.010995 8.724853 0.037802
vt 0.921875 -0.096680
vn 0.156863 0.892216 0.423492
v -0.011186 8.709698 0.047522
vt 0.908691 -0.096680
vn 0.171063 0.113393 0.978713
v 0.523803 9.592752 0.284583
vt 1.853516 0.140625
vn 0.105567 0.979380 0.172249
v 0.480220 9.491714 0.329509
vt 1.856445 0.102051
vn -0.439061 0.533491 0.722920
v 0.413161 9.610895 0.217741
vt 1.893555 0.148926
vn -0.525123 0.203193 0.826413
v 0.524340 9.633291 0.285019
vt 1.852539 0.153809
vn -0.546750 0.009077 0.837247
v 0.413974 9.642830 0.217427
vt 1.890625 0.160645
vn -0.518900 0.008160 0.854796
v 0.782527 9.513076 0.471126
vt 1.750000 0.135742
vn -0.573030 0.014968 0.819397
v 0.389328 9.485589 0.254002
vt 1.892578 0.099121
vn -0.529138 0.484771 0.696427
v 0.362211 9.158232 0.525922
vt 1.853516 -0.010742
vn -0.388728 0.536810 0.748816
v 0.781599 9.476620 0.471483
vt 1.750000 0.124023
vn -0.138107 0.764696 0.629418
v 1.266213 9.304077 0.801989
vt 1.560547 0.122559
vn -0.603430 0.023180 0.797079
v 0.743125 9.403221 0.534313
vt 1.750000 0.094238
vn -0.291748 0.598002 0.746510
v 0.643586 9.130907 0.654577
vt 1.757812 0.000000
vn -0.350693 0.529432 0.772474
v 0.895515 9.426067 0.548276
vt 1.705078 0.118652
vn 0.296666 0.941389 0.160551
v 1.265123 9.261218 0.802410
vt 1.560547 0.109375
vn -0.097108 0.837899 0.537117
v 1.395040 9.259550 0.918256
vt 1.505859 0.118652
vn -0.639941 0.023792 0.768056
v 1.223421 9.190685 0.870810
vt 1.560547 0.078613
vn -0.306145 0.646385 0.698900
v 1.149682 8.965171 1.012902
vt 1.555664 0.001465
vn -0.372152 0.567104 0.734776
v 1.394026 9.219614 0.918649
vt 1.505859 0.105957
vn -0.242634 0.798261 0.551278
v 1.476750 9.245154 0.981180
vt 1.469727 0.117188
vn -0.590012 0.022859 0.807071
v 1.445526 9.136014 1.044439
vt 1.469727 0.077148
vn -0.381554 0.620099 0.685489
v 1.508543 8.899245 1.263375
vt 1.415039 0.003906
vn -0.393726 0.538267 0.745150
v 1.475805 9.207971 0.981546
vt 1.472656 0.104980
vn -0.270939 0.813697 0.514285
v 1.973417 9.206222 1.327156
vt 1.271484 0.109863
vn -0.729231 0.025172 0.683804
v 1.971987 9.149979 1.327710
vt 1.278320 0.096680
vn -0.584741 0.788117 0.192223
v 2.018670 9.060588 1.392157
vt 1.257812 0.061035
vn -0.462917 0.463892 0.755323
v -0.113958 8.001879 0.017691
vt 0.937500 -0.063477
vn 0.175920 0.826450 -0.534821
v -0.012406 7.975420 0.013707
vt 0.937500 -0.128906
vn 0.195948 0.816734 -0.542725
v -0.116205 8.004672 0.040570
vt 0.923828 -0.063477
vn 0.226618 0.961853 0.153242
v -0.012095 7.976148 0.041639
vt 0.923828 -0.128906
vn 0.214495 0.845999 0.488137
v -0.019253 7.951523 0.000413
vt 0.951660 -0.128906
vn -0.078584 -0.018086 -0.996743
v -0.117806 7.984656 0.049864
vt 0.909668 -0.063477
vn -0.022323 0.022387 0.999500
v -0.018629 7.952979 0.056278
vt 0.909668 -0.128906
vn -0.054315 0.008796 0.998485
v -0.393146 8.057544 0.041108
vt 0.929199 0.117188
vn 0.090706 0.880829 0.464663
v -0.394654 8.042989 0.049936
vt 0.912109 0.117676
vn 0.020795 0.040797 0.998951
v -0.525794 8.043814 0.054932
vt 0.909668 0.201660
vn 0.043394 0.041774 0.998184
v -0.118370 7.983573 0.007647
vt 0.951660 -0.063477
vn -0.051021 0.001090 -0.998697
v -0.025788 7.928355 0.015052
vt 0.965332 -0.128906
vn -0.333962 -0.816796 -0.470441
v -0.393397 8.057119 0.024226
vt 0.940430 0.117188
vn 0.055929 0.848537 -0.526172
v -0.525923 8.056244 0.047436
vt 0.923828 0.201660
vn -0.024032 0.880570 0.473306
v -0.694965 8.028212 0.063978
vt 0.909668 0.333984
vn -0.012210 0.051872 0.998579
v -0.122500 7.965808 0.018712
vt 0.965332 -0.063477
vn -0.269095 -0.831685 -0.485682
v -0.696699 8.038892 0.057514
vt 0.923828 0.333984
vn -0.184635 0.858156 0.479039
v -0.933674 7.953356 0.050466
vt 0.930664 0.466309
vn -0.326810 0.942955 -0.063494
v -0.025476 7.929082 0.042984
vt 0.979492 -0.128906
vn -0.321850 -0.791957 0.518861
v -0.525985 8.055865 0.033102
vt 0.937500 0.201660
vn -0.081437 0.852523 -0.516307
v -0.395154 8.042137 0.016173
vt 0.948730 0.117676
vn -0.052518 0.009875 -0.998571
v -0.697124 8.038536 0.045065
vt 0.937500 0.333984
vn -0.213449 0.841630 -0.496083
v -0.525916 8.043057 0.026263
vt 0.951660 0.201660
vn -0.075869 -0.010782 -0.997059
v -0.396662 8.027581 0.025000
vt 0.959961 0.118164
vn -0.129301 -0.857109 -0.498643
v -0.695814 8.027500 0.039081
vt 0.951660 0.333984
vn -0.064220 0.002795 -0.997932
v -0.525786 8.030625 0.033759
vt 0.965332 0.201660
vn -0.008692 -0.872960 -0.487715
v -0.396412 8.028007 0.041882
vt 0.976074 0.118164
vn -0.088027 -0.839329 0.536450
v -0.122218 7.966350 0.039819
vt 0.979492 -0.063477
vn -0.252830 -0.807934 0.532278
v -0.018629 7.952979 0.056278
vt 0.993164 -0.128906
vn -0.054315 0.008796 0.998485
v -0.117806 7.984656 0.049864
vt 0.993164 -0.063477
vn -0.022323 0.022387 0.999500
v -0.394654 8.042989 0.049936
vt 0.996094 0.117676
vn 0.020795 0.040797 0.998951
v -0.525724 8.031004 0.048094
vt 0.979492 0.201660
vn 0.053977 -0.846054 0.530358
v -0.525794 8.043814 0.054932
vt 0.993164 0.201660
vn 0.043394 0.041774 0.998184
v -0.693655 8.017177 0.057993
vt 0.979492 0.333984
vn 0.198087 -0.961961 0.188130
v -0.694965 8.028212 0.063978
vt 0.993164 0.333984
vn -0.012210 0.051872 0.998579
v -0.933674 7.953356 0.050466
vt 0.993164 0.466309
vn -0.326810 0.942955 -0.063494
v -0.929609 7.939610 0.056160
vt 0.979492 0.466309
vn 0.180589 -0.568524 0.802601
v -0.930387 7.939194 0.045227
vt 0.965332 0.466309
vn 0.182702 -0.552833 -0.813016
v -0.694079 8.016821 0.045545
vt 0.965332 0.333984
vn 0.142198 -0.854512 -0.499588
v 0.078657 14.760380 -0.288749
vt 0.123718 0.561768
vn -0.726129 0.660185 0.192075
v 0.248570 14.608465 -0.365678
vt 0.135376 0.639893
vn 0.623591 0.646288 0.439825
v 0.048224 14.662161 -0.127037
vt 0.046692 0.562012
vn -0.668948 0.706314 0.231580
v 0.157012 14.517454 -0.100795
vt 0.008018 0.602539
vn 0.667308 0.605491 0.433684
v 0.029609 14.617615 -0.025988
vt 0.002026 0.558838
vn -0.759627 0.636002 0.135894
v 0.438608 14.510138 -0.447042
vt 0.164551 0.728271
vn 0.488391 0.656446 0.574938
v 0.265127 14.645658 -0.442062
vt 0.170166 0.641357
vn 0.614789 0.623981 0.482371
v 0.109036 14.824907 -0.432993
vt 0.188599 0.558105
vn -0.690050 0.695374 0.200715
v 0.286529 14.693216 -0.521384
vt 0.207397 0.643066
vn 0.549669 0.549986 0.628792
v 0.127895 14.856523 -0.490066
vt 0.214111 0.560059
vn -0.131748 0.857125 0.497976
v 0.331566 14.724769 -0.574361
vt 0.238770 0.644287
vn 0.514840 0.599808 0.612511
v 0.540022 14.595140 -0.590018
vt 0.229370 0.739990
vn 0.402364 0.619007 0.674488
v 0.345715 14.754587 -0.625717
vt 0.263184 0.645264
vn 0.494912 0.623209 0.605535
v 0.150776 14.893992 -0.557586
vt 0.244507 0.556641
vn -0.665488 0.703471 0.249506
v 0.177411 14.952893 -0.659263
vt 0.295898 0.554199
vn -0.643578 0.676708 0.357594
v 0.368456 14.856645 -0.728335
vt 0.329346 0.634521
vn 0.443297 0.568318 0.693183
v 0.568516 14.829158 -0.806143
vt 0.357178 0.701660
vn 0.372306 0.570894 0.731757
v 0.210760 15.028582 -0.749779
vt 0.344238 0.556396
vn -0.154234 0.705595 0.691627
v 0.419136 14.935222 -0.805103
vt 0.363525 0.628906
vn 0.390212 0.546317 0.741129
v 0.455464 15.079890 -0.927460
vt 0.435059 0.618164
vn 0.370951 0.599679 0.709070
v 0.228690 15.070316 -0.799797
vt 0.370117 0.554443
vn -0.615499 0.626471 0.478220
v 0.277707 15.266462 -1.023979
vt 0.487793 0.561768
vn -0.818307 0.496868 0.288957
v -0.166191 9.816715 -0.050728
vt 0.892090 0.512695
vn 0.414466 0.009608 -0.910014
v -0.363224 9.784574 -0.141257
vt 0.807617 0.486328
vn 0.308710 0.714915 -0.627371
v -0.171523 9.782622 -0.052480
vt 0.891602 0.499023
vn 0.367566 0.502479 -0.782566
v -0.172292 9.660621 -0.105495
vt 0.889648 0.438477
vn 0.392366 0.530529 -0.751391
v -0.612542 9.811419 -0.235709
vt 0.699707 0.479492
vn 0.355859 0.723853 -0.591101
v -0.848648 9.864990 -0.333037
vt 0.595215 0.479980
vn 0.376983 -0.010423 -0.926162
v -0.840158 9.736768 -0.412496
vt 0.593750 0.420898
vn 0.345230 0.692347 -0.633618
v -0.121110 9.380587 -0.362242
vt 0.887695 0.319824
vn 0.379020 0.675975 -0.631983
v -0.855402 9.821790 -0.335258
vt 0.594727 0.462402
vn 0.259902 0.803423 -0.535689
v -1.085695 9.892123 -0.429139
vt 0.488770 0.474609
vn 0.404995 -0.020025 -0.914100
v -0.488866 9.406385 -0.567231
vt 0.722168 0.293945
vn 0.388810 0.685046 -0.616067
v -0.926188 9.550615 -0.706684
vt 0.531250 0.312988
vn 0.345431 0.719157 -0.602902
v -1.094875 9.833402 -0.432156
vt 0.491699 0.450684
vn 0.295165 0.812968 -0.501957
v -1.515805 9.944093 -0.640517
vt 0.299561 0.462891
vn 0.401656 -0.030302 -0.915289
v -1.087577 9.760840 -0.510148
vt 0.487061 0.413086
vn 0.327435 0.696625 -0.638357
v -1.539463 9.584602 -0.906865
vt 0.271973 0.301758
vn 0.322922 0.633538 -0.703101
v -1.525109 9.886614 -0.642660
vt 0.299072 0.439941
vn 0.336936 0.766239 -0.547130
v -1.930122 9.942501 -0.801807
vt 0.122681 0.431641
vn 0.308013 0.699130 -0.645248
v -2.149931 10.011271 -0.896935
vt 0.016724 0.448730
vn 0.510078 -0.045900 -0.858903
v -1.514045 9.802913 -0.708630
vt 0.298340 0.399414
vn 0.346945 0.640702 -0.684931
v -2.158376 9.957259 -0.899710
vt 0.024612 0.424316
vn 0.593622 0.554311 -0.583398
v -2.208101 9.902866 -0.961358
vt 0.000815 0.396973
vn 0.353657 0.391520 -0.849493
v -2.205305 9.826469 -0.979597
vt 0.003334 0.364746
vn 0.189323 0.234552 -0.953489
v 0.253065 4.649162 -0.421511
vt 0.996094 0.117676
vn -0.892168 0.032784 -0.450512
v 0.259077 4.634587 -0.415151
vt 0.976074 0.118164
vn -0.538791 -0.837611 -0.090067
v 0.308072 4.607497 -0.539105
vt 0.993164 0.201660
vn -0.904612 0.021996 -0.425667
v 0.068464 4.684484 -0.069555
vt 0.993164 -0.128906
vn -0.884715 0.017577 -0.465801
v 0.080256 4.659946 -0.062751
vt 0.979492 -0.128906
vn -0.476495 -0.860590 -0.179826
v 0.312462 4.595541 -0.532310
vt 0.979492 0.201660
vn -0.601229 -0.797813 0.044926
v 0.375046 4.537794 -0.687376
vt 0.993164 0.333984
vn -0.892601 0.027598 -0.450001
v 0.273443 4.634647 -0.407418
vt 0.959961 0.118164
vn 0.417069 -0.837302 0.353523
v 0.103978 4.660056 -0.049860
vt 0.965332 -0.128906
vn 0.455785 -0.846141 0.276235
v 0.115907 4.684703 -0.043774
vt 0.951660 -0.128906
vn 0.909812 0.023881 0.414333
v 0.324591 4.595625 -0.525607
vt 0.965332 0.201660
vn 0.341368 -0.816345 0.465885
v 0.281797 4.649282 -0.406045
vt 0.948730 0.117676
vn 0.916800 0.026681 0.398455
v 0.378344 4.527899 -0.680383
vt 0.979492 0.333984
vn -0.406010 -0.824638 0.393864
v 0.473217 4.393891 -0.876836
vt 0.993164 0.466309
vn 0.252308 0.812735 -0.525169
v 0.465090 4.381926 -0.872092
vt 0.979492 0.466309
vn -0.883732 -0.465790 -0.045357
v 0.474657 4.381633 -0.867585
vt 0.965332 0.466309
vn 0.585265 -0.499322 0.638860
v 0.389041 4.527826 -0.674879
vt 0.965332 0.333984
vn 0.302974 -0.763665 0.570108
v 0.473217 4.393891 -0.876836
vt 0.930664 0.466309
vn 0.252308 0.812735 -0.525169
v 0.396440 4.537647 -0.676370
vt 0.951660 0.333984
vn 0.926570 -0.003328 0.376108
v 0.332329 4.607665 -0.525698
vt 0.951660 0.201660
vn 0.920372 -0.003632 0.391028
v 0.393142 4.547542 -0.683364
vt 0.937500 0.333984
vn 0.647117 0.739597 -0.185031
v 0.382445 4.547615 -0.688867
vt 0.923828 0.333984
vn -0.251838 0.759545 -0.599725
v 0.327937 4.619621 -0.532492
vt 0.937500 0.201660
vn 0.600922 0.795888 -0.073853
v 0.275786 4.663857 -0.412405
vt 0.940430 0.117188
vn 0.537184 0.842481 0.040725
v 0.104115 4.709241 -0.050579
vt 0.937500 -0.128906
vn 0.500802 0.855707 0.130242
v 0.315809 4.619537 -0.539196
vt 0.923828 0.201660
vn -0.313417 0.814273 -0.488598
v 0.261419 4.663797 -0.420138
vt 0.929199 0.117188
vn -0.355346 0.852227 -0.383978
v 0.080393 4.709132 -0.063470
vt 0.923828 -0.128906
vn -0.391820 0.866586 -0.309040
v 0.068464 4.684484 -0.069555
vt 0.909668 -0.128906
vn -0.884715 0.017577 -0.465801
v 0.253065 4.649162 -0.421511
vt 0.912109 0.117676
vn -0.892168 0.032784 -0.450512
v 0.308072 4.607497 -0.539105
vt 0.909668 0.201660
vn -0.904612 0.021996 -0.425667
v 0.375046 4.537794 -0.687376
vt 0.909668 0.333984
vn -0.892601 0.027598 -0.450001
v -0.080104 15.501028 0.055546
vt 0.046692 0.562012
vn -0.034042 0.727519 -0.685242
v -0.125209 15.374905 -0.021874
vt 0.008018 0.602539
vn -0.185309 0.579948 -0.793297
v -0.011875 15.467771 0.010543
vt 0.002026 0.558838
vn -0.173723 0.642626 -0.746225
v -0.068107 15.530437 0.048028
vt 0.046814 0.551025
vn -0.538593 0.021789 -0.842284
v -0.002928 15.488637 0.005968
vt 0.002079 0.551025
vn -0.537925 0.021394 -0.842721
v -0.189418 15.577671 0.126969
vt 0.123718 0.560059
vn -0.079528 0.677596 -0.731122
v -0.180472 15.598538 0.122393
vt 0.123291 0.552002
vn -0.528702 0.017883 -0.848619
v -0.280577 15.646773 0.183250
vt 0.187622 0.550049
vn -0.484854 -0.009862 -0.874539
v -0.289090 15.625907 0.188584
vt 0.188232 0.558105
vn 0.021728 0.695247 -0.718442
v -0.374139 15.699826 0.228712
vt 0.247314 0.546143
vn -0.465967 -0.019187 -0.884594
v -0.382869 15.678960 0.233665
vt 0.247559 0.553955
vn 0.085515 0.679058 -0.729086
v -0.455699 15.724558 0.274185
vt 0.295898 0.554199
vn 0.566933 0.751481 -0.337436
v -0.327501 15.439049 0.071156
vt 0.135376 0.639893
vn -0.152825 0.621705 -0.768198
v -0.189418 15.577671 0.126969
vt 0.123718 0.561768
vn -0.079528 0.677596 -0.731122
v -0.478639 15.346529 0.005541
vt 0.164551 0.728271
vn 0.051046 0.635855 -0.770118
v -0.380397 15.467216 0.103685
vt 0.170166 0.641357
vn -0.112825 0.599393 -0.792463
v -0.289090 15.625907 0.188584
vt 0.188599 0.558105
vn 0.021728 0.695247 -0.718442
v -0.437539 15.504177 0.134915
vt 0.207397 0.643066
vn 0.050202 0.526734 -0.848547
v -0.331888 15.650187 0.209420
vt 0.214111 0.560059
vn 0.446009 0.861006 -0.244429
v -0.492405 15.528235 0.137694
vt 0.238770 0.644287
vn 0.062522 0.577426 -0.814045
v -0.615777 15.411616 0.024882
vt 0.229370 0.739990
vn 0.193009 0.598133 -0.777807
v -0.529568 15.551313 0.157750
vt 0.263184 0.645264
vn 0.071642 0.602550 -0.794859
v -0.382869 15.678960 0.233665
vt 0.244507 0.556641
vn 0.085515 0.679058 -0.729086
v -0.600470 15.634470 0.200730
vt 0.329346 0.634521
vn 0.177246 0.540340 -0.822567
v -0.754408 15.603628 0.126656
vt 0.357178 0.701660
vn 0.261409 0.550193 -0.793066
v -0.671781 15.698129 0.213063
vt 0.363525 0.628906
vn 0.245927 0.507275 -0.825949
v -0.525794 15.785243 0.304018
vt 0.344238 0.556396
vn 0.633428 0.683509 -0.362746
v -0.761137 15.817141 0.258703
vt 0.435059 0.618164
vn 0.235158 0.577166 -0.782036
v -0.564326 15.818707 0.320678
vt 0.370117 0.554443
vn 0.282118 0.574401 -0.768422
v -0.718459 15.977050 0.416271
vt 0.487793 0.561768
vn 0.766173 0.518190 0.380077
v -0.223221 13.626506 -0.311425
vt 0.488770 0.474609
vn 0.784926 -0.007714 -0.619541
v -0.231110 13.568473 -0.320637
vt 0.491699 0.450684
vn 0.684558 0.724325 -0.082060
v -0.045958 13.515439 -0.104957
vt 0.595215 0.479980
vn 0.758551 -0.001939 -0.651611
v -0.051930 13.472743 -0.111585
vt 0.594727 0.462402
vn 0.635582 0.760195 -0.134678
v -0.470184 13.807209 -0.648393
vt 0.299072 0.439941
vn 0.769703 0.635390 -0.061941
v -0.190415 13.499073 -0.390015
vt 0.487061 0.413086
vn 0.791745 0.539056 -0.287330
v -0.466522 13.865070 -0.644349
vt 0.299561 0.462891
vn 0.753036 -0.031639 -0.657218
v -0.019401 13.341857 -0.189135
vt 0.593750 0.420898
vn 0.792923 0.543699 -0.275071
v -0.089656 13.288658 -0.576253
vt 0.464600 0.318848
vn 0.793433 0.540138 -0.280561
v 0.044477 13.160660 -0.382546
vt 0.555176 0.326660
vn 0.803325 0.552755 -0.221656
v -0.429488 13.563537 -0.817210
vt 0.271973 0.301758
vn 0.817664 0.434522 -0.377645
v -0.431190 13.710014 -0.704385
vt 0.298340 0.399414
vn 0.825016 0.466642 -0.318737
v -0.651909 13.865978 -1.053817
vt 0.103149 0.341309
vn 0.846046 0.404152 -0.347659
v -0.674620 13.999888 -0.960571
vt 0.115601 0.397949
vn 0.855597 0.387108 -0.343658
v -0.835592 14.151687 -1.160780
vt 0.002073 0.364746
vn 0.835634 0.225317 -0.500947
v -0.843690 14.249408 -1.139929
vt -0.000445 0.396973
vn 0.892589 0.235217 -0.384652
v -0.689938 14.090909 -0.893409
vt 0.122681 0.431641
vn 0.852862 0.503655 -0.137690
v -0.674015 14.131806 -0.882821
vt 0.117981 0.454102
vn 0.716636 -0.066739 -0.694247
v -0.821659 14.281702 -1.051105
vt 0.023346 0.424316
vn 0.927833 0.314313 0.200830
v -0.820156 14.343362 -1.048295
vt 0.015472 0.448730
vn 0.991072 -0.018111 -0.132091
v 0.128732 6.555465 0.622758
vt 0.776367 0.312988
vn -0.694490 0.469261 0.545415
v 0.013819 6.561103 0.424099
vt 0.890625 0.314453
vn -0.757091 0.511892 0.405930
v 0.304739 6.938206 0.491063
vt 0.792480 0.437500
vn -0.695043 0.507079 0.509691
v 0.169314 6.911327 0.249605
vt 0.891602 0.442871
vn -0.767543 0.488483 0.415046
v 0.210998 7.051350 0.193887
vt 0.892578 0.498047
vn 0.039107 0.989611 -0.138353
v 0.463921 6.885876 0.733534
vt 0.693359 0.431641
vn -0.563251 0.516982 0.644576
v 0.302490 6.415243 0.837942
vt 0.671875 0.286621
vn -0.631615 0.377786 0.677008
v 0.370999 7.063441 0.451709
vt 0.792969 0.485840
vn -0.624704 0.630778 0.460287
v 0.365399 7.106344 0.445215
vt 0.793457 0.500732
vn -0.831465 -0.036305 0.554390
v 0.205979 7.089801 0.188068
vt 0.893066 0.511719
vn -0.848642 -0.030820 0.528068
v 0.552158 7.044184 0.696766
vt 0.693848 0.493164
vn -0.809610 -0.053341 0.584540
v 0.545845 6.994863 0.682389
vt 0.693359 0.476562
vn 0.122877 -0.888437 -0.442245
v 0.866317 6.834433 1.116713
vt 0.495850 0.473633
vn -0.823338 -0.057227 0.564659
v 0.654820 6.324393 1.177890
vt 0.499268 0.291992
vn -0.603636 0.382388 0.699574
v 0.854891 6.770802 1.093933
vt 0.498779 0.449707
vn -0.038345 0.770891 0.635812
v 1.273926 6.385633 1.693393
vt 0.301514 0.462891
vn -0.830638 -0.068609 0.552570
v 0.792857 6.691741 1.143019
vt 0.489502 0.415039
vn -0.478749 0.522975 0.705192
v 1.267326 6.329649 1.677644
vt 0.301025 0.439453
vn -0.324920 0.670716 0.666759
v 1.192573 6.231596 1.724387
vt 0.300781 0.399902
vn -0.537974 0.495309 0.682094
v 0.979184 5.936244 1.755407
vt 0.311279 0.294922
vn -0.568054 0.470305 0.675373
v 1.704661 5.831317 2.390535
vt 0.002787 0.380371
vn -0.649945 0.431708 0.625459
v 1.734753 5.998876 2.315565
vt 0.025803 0.423340
vn -0.651708 0.604360 0.458286
v 1.748732 6.061434 2.349623
vt 0.017746 0.447266
vn -0.911818 0.000061 0.410595
v -1.542736 8.525439 0.179919
vt 0.367676 0.407227
vn -0.127324 0.642392 -0.755726
v -0.879220 8.630180 0.085430
vt 0.596680 0.424805
vn -0.177912 0.607651 -0.774021
v -1.516282 8.604051 0.264807
vt 0.367920 0.440918
vn -0.131535 0.845627 -0.517314
v -0.932197 8.325582 -0.075784
vt 0.606934 0.311035
vn -0.166634 0.529042 -0.832074
v -0.608980 8.287636 -0.183081
vt 0.722656 0.295410
vn -0.098240 0.539372 -0.836317
v -1.623019 8.278834 0.017548
vt 0.362305 0.313965
vn -0.119517 0.559971 -0.819846
v -0.507026 8.655347 0.052385
vt 0.726074 0.433105
vn -0.114719 0.515398 -0.849238
v -0.133888 8.240028 -0.236202
vt 0.886719 0.297363
vn -0.035742 0.548433 -0.835430
v -0.042585 8.581674 -0.014264
vt 0.887207 0.429688
vn -0.074518 0.462410 -0.883529
v -0.013807 8.724072 0.020261
vt 0.887207 0.496094
vn -0.025240 0.767130 -0.640995
v -1.709187 8.595107 0.268786
vt 0.301758 0.438477
vn -0.042605 0.791784 -0.609314
v -0.853274 8.711776 0.164145
vt 0.597168 0.461914
vn -0.178938 0.787840 -0.589313
v -0.492750 8.769655 0.116423
vt 0.722168 0.480957
vn -0.016411 0.993182 -0.115410
v -0.485710 8.813858 0.115377
vt 0.720703 0.496582
vn -0.156833 0.047083 -0.986502
v -0.007302 8.757973 0.026445
vt 0.883301 0.514404
vn -0.179193 0.095470 -0.979171
v -0.847109 8.751554 0.162133
vt 0.597168 0.475586
vn -0.135766 -0.014590 -0.990633
v -1.508837 8.650810 0.263700
vt 0.367676 0.457031
vn -0.093693 -0.020866 -0.995382
v -1.702415 8.638680 0.266683
vt 0.301514 0.453613
vn -0.047983 -0.028272 -0.998448
v -1.815129 8.645039 0.276863
vt 0.258301 0.451660
vn -0.111665 -0.017474 -0.993592
v -1.821590 8.604471 0.277823
vt 0.261719 0.436523
vn 0.005625 0.795440 -0.606006
v -2.465950 8.733101 0.366597
vt 0.018311 0.450684
vn -0.056872 -0.026670 -0.998025
v -1.853820 8.526068 0.206257
vt 0.258545 0.405273
vn -0.067111 0.607313 -0.791623
v -2.100695 8.301433 0.083987
vt 0.192261 0.316406
vn -0.113915 0.531466 -0.839385
v -2.475553 8.671737 0.369120
vt 0.026291 0.426758
vn 0.059142 0.514656 -0.855354
v -2.575015 8.589787 0.354418
vt 0.001349 0.384766
vn -0.080013 0.445477 -0.891711
v 0.297341 15.384437 -0.283096
vt 0.188599 0.558105
vn 0.069768 0.674089 0.735348
v 0.437707 15.207583 -0.206836
vt 0.170166 0.641357
vn 0.200366 0.607690 0.768483
v 0.196764 15.310981 -0.185280
vt 0.123718 0.561768
vn -0.726272 0.666107 -0.169792
v 0.384373 15.165662 -0.155227
vt 0.135376 0.639893
vn 0.231762 0.632607 0.738983
v 0.089166 15.202832 -0.073326
vt 0.046692 0.562012
vn -0.717027 0.683584 -0.136327
v 0.169753 15.057855 0.005276
vt 0.008018 0.602539
vn 0.273803 0.592930 0.757276
v 0.020400 15.152056 -0.003737
vt 0.002026 0.558838
vn -0.731827 0.630679 -0.258212
v 0.588908 15.074297 -0.114630
vt 0.164551 0.728271
vn 0.037377 0.631881 0.774164
v 0.496221 15.260076 -0.257557
vt 0.207397 0.643066
vn 0.062861 0.523067 0.849970
v 0.342029 15.419641 -0.318078
vt 0.214111 0.560059
vn -0.431934 0.818395 0.379027
v 0.560696 15.295224 -0.273325
vt 0.238770 0.644287
vn 0.039190 0.573000 0.818618
v 0.746296 15.168810 -0.169054
vt 0.229370 0.739990
vn -0.091730 0.584789 0.805982
v 0.598860 15.328240 -0.306034
vt 0.263184 0.645264
vn 0.026064 0.595855 0.802669
v 0.395804 15.461364 -0.358637
vt 0.244507 0.556641
vn 0.016477 0.651622 0.758365
v 0.470602 15.526584 -0.423803
vt 0.295898 0.554199
vn -0.745918 0.665201 0.033393
v 0.668900 15.436561 -0.372796
vt 0.329346 0.634521
vn -0.065616 0.533883 0.843009
v 0.877047 15.415792 -0.320261
vt 0.357178 0.701660
vn -0.148221 0.532879 0.833109
v 0.543541 15.607952 -0.475898
vt 0.344238 0.556396
vn -0.553530 0.653197 0.516661
v 0.749012 15.520145 -0.402801
vt 0.363525 0.628906
vn -0.137846 0.507488 0.850561
v 0.839242 15.672330 -0.475971
vt 0.435059 0.618164
vn -0.137232 0.563380 0.814721
v 0.583643 15.652820 -0.504755
vt 0.370117 0.554443
vn -0.806968 0.584314 0.085901
v 0.736405 15.862690 -0.652994
vt 0.487793 0.561768
vn -0.862872 0.474231 -0.174803
v 0.954326 6.304412 1.786340
vt 0.329834 0.634766
vn 0.424885 0.861914 0.276727
v 0.983288 6.340500 1.628319
vt 0.263672 0.645508
vn 0.453771 0.822687 0.342459
v 1.104151 6.226514 1.841349
vt 0.357666 0.701660
vn 0.372777 0.900616 0.223447
v 0.938113 6.291033 1.873848
vt 0.364014 0.628906
vn 0.392864 0.891733 0.224655
v 0.917425 6.272988 2.063150
vt 0.435547 0.618408
vn 0.340084 0.919221 0.198436
v 0.773932 6.433286 1.738435
vt 0.296387 0.555176
vn 0.355362 0.866093 0.351569
v 0.727180 6.376509 1.913008
vt 0.370850 0.555176
vn -0.125817 0.969719 0.209323
v 0.685630 6.303331 2.200942
vt 0.488281 0.562012
vn 0.566103 0.790301 0.234418
v 0.678977 6.326520 2.211126
vt 0.489990 0.553955
vn 0.962205 0.196470 0.188576
v 0.721578 6.399883 1.923404
vt 0.371582 0.546875
vn -0.922289 -0.318419 0.219073
v 0.768329 6.456660 1.748831
vt 0.296387 0.546875
vn 0.960374 0.117882 0.252557
v 1.203471 6.280820 1.531877
vt 0.229858 0.740234
vn 0.405001 0.847804 0.342349
v 0.790241 6.485461 1.631126
vt 0.245117 0.557861
vn -0.215827 0.908301 0.358340
v 0.784639 6.508836 1.641522
vt 0.244995 0.549561
vn -0.168609 0.366470 -0.915025
v 0.985949 6.365947 1.572857
vt 0.239258 0.644287
vn 0.482616 0.761094 0.433379
v 0.818185 6.554405 1.502532
vt 0.188721 0.558350
vn -0.746910 0.630453 0.211315
v 0.992966 6.401759 1.503833
vt 0.207886 0.643066
vn 0.509627 0.758603 0.405959
v 0.997046 6.439201 1.418838
vt 0.170654 0.641602
vn 0.536789 0.741090 0.403291
v 1.189023 6.349733 1.381255
vt 0.165649 0.730225
vn 0.441190 0.803097 0.400482
v 0.831165 6.637041 1.364669
vt 0.124207 0.562012
vn 0.438087 0.777785 0.450700
v 1.003634 6.481123 1.343262
vt 0.135864 0.640137
vn 0.531100 0.716459 0.452349
v 0.985346 6.648997 1.099245
vt 0.008545 0.602783
vn 0.584614 0.691016 0.425115
v 0.846730 6.713162 1.189814
vt 0.047180 0.562256
vn 0.396216 0.797439 0.455086
v 0.854891 6.770802 1.093933
vt 0.002554 0.558838
vn -0.038345 0.770891 0.635812
v 0.826612 6.660603 1.375275
vt 0.123962 0.553955
vn 0.978592 0.132067 0.157850
v 0.812582 6.577780 1.512928
vt 0.188354 0.550049
vn -0.964495 -0.131967 -0.228768
v 0.838833 6.746108 1.204466
vt 0.047485 0.550781
vn 0.973308 0.160591 0.163957
v 0.848239 6.793991 1.104119
vt 0.002836 0.550781
vn 0.968707 0.171785 0.179154
v -0.087820 8.644929 -0.520019
vt 0.720703 0.495605
vn 0.980255 -0.051107 -0.191019
v -0.151507 8.580974 -0.894509
vt 0.597168 0.475586
vn 0.984916 -0.041705 -0.167932
v -0.090901 8.602926 -0.519331
vt 0.722168 0.479492
vn 0.169708 0.985288 -0.020174
v 0.020220 8.552469 -0.031221
vt 0.887207 0.496094
vn 0.655929 0.753126 -0.050581
v 0.022410 8.591232 -0.025209
vt 0.883301 0.514404
vn 0.973298 -0.048724 -0.224316
v -0.153729 8.541167 -0.900690
vt 0.597168 0.461914
vn 0.597127 0.776529 -0.201101
v -0.283375 8.477207 -1.579410
vt 0.367676 0.460938
vn 0.990460 -0.032012 -0.134030
v -0.285808 8.430409 -1.586717
vt 0.367920 0.444824
vn 0.516692 0.842599 -0.151839
v -0.296422 8.464197 -1.781240
vt 0.301514 0.457520
vn 0.994780 -0.038514 -0.094494
v -0.298760 8.420591 -1.788035
vt 0.301758 0.442383
vn 0.617822 0.782619 -0.076180
v -0.312095 8.470039 -1.898361
vt 0.258301 0.455566
vn 0.987561 -0.022627 -0.155598
v -0.314341 8.429439 -1.904672
vt 0.261719 0.440430
vn 0.609490 0.792284 -0.028436
v -0.434228 8.555121 -2.572716
vt 0.018311 0.450684
vn 0.998704 -0.044312 0.025016
v -0.436093 8.493716 -2.582617
vt 0.026291 0.426758
vn 0.585406 0.705598 0.399289
v -0.426222 8.411320 -2.687138
vt 0.001349 0.384766
vn 0.893213 0.433205 -0.120433
v -0.555625 15.839572 0.315673
vt 0.371338 0.544434
vn -0.478674 -0.014392 -0.877875
v -0.564326 15.818707 0.320678
vt 0.370117 0.552246
vn 0.282118 0.574401 -0.768422
v -0.447186 15.745424 0.268851
vt 0.295898 0.545898
vn -0.078370 -0.166180 -0.982976
v 1.370616 10.173822 -0.007265
vt 0.235596 0.558838
vn -0.448052 0.675013 0.586180
v 1.251758 9.961424 0.061678
vt 0.207397 0.643066
vn -0.527329 0.585092 0.616110
v 1.244424 10.167072 -0.083758
vt 0.188232 0.559082
vn -0.371866 0.691481 0.619331
v 1.169476 9.952373 0.016727
vt 0.170166 0.641357
vn -0.398155 0.572783 0.716514
v 1.366882 10.200359 -0.003552
vt 0.235352 0.551270
vn -0.477760 -0.187333 0.858284
v 1.240690 10.193609 -0.080046
vt 0.187622 0.551270
vn -0.456327 -0.185942 0.870167
v 1.471703 10.210182 0.053118
vt 0.295898 0.545898
vn -0.488034 -0.187942 0.852350
v 1.099636 10.168504 -0.150274
vt 0.124084 0.561279
vn -0.344002 0.639735 0.687315
v 1.095903 10.195041 -0.146561
vt 0.123718 0.553467
vn -0.398262 -0.181853 0.899064
v 0.928409 10.144783 -0.227906
vt 0.046692 0.562012
vn -0.320601 0.690959 0.647912
v 0.923147 10.182186 -0.222673
vt 0.046814 0.551025
vn -0.390261 -0.181240 0.902690
v 0.826913 10.145755 -0.272271
vt 0.002026 0.558838
vn -0.323766 0.572499 0.753273
v 0.823180 10.172293 -0.268558
vt 0.002079 0.551025
vn -0.395340 -0.181631 0.900398
v 0.840826 9.988758 -0.168194
vt 0.008018 0.602539
vn -0.368960 0.526806 0.765731
v 1.091907 9.950417 -0.019672
vt 0.135376 0.639893
vn -0.350148 0.577397 0.737570
v 1.099683 9.774340 0.149093
vt 0.164551 0.728271
vn -0.454564 0.663177 0.594615
v 1.300424 9.958241 0.122773
vt 0.238770 0.644287
vn -0.507937 0.627582 0.590035
v 1.235057 9.771525 0.293535
vt 0.229370 0.739990
vn -0.539256 0.681144 0.495223
v 1.353356 9.963115 0.151858
vt 0.263184 0.645264
vn -0.492757 0.641496 0.587940
v 1.475436 10.183645 0.049405
vt 0.295898 0.554199
vn -0.509054 0.715097 0.479062
v 1.472537 10.013740 0.218117
vt 0.329346 0.634521
vn -0.592805 0.629647 0.502123
v 1.495516 9.901476 0.419603
vt 0.357178 0.701660
vn -0.600376 0.662917 0.447313
v 1.627947 10.226327 0.153697
vt 0.356934 0.555908
vn -0.573014 0.679415 0.458312
v 1.555519 10.043777 0.302508
vt 0.363525 0.628906
vn -0.615525 0.637369 0.463562
v 1.702409 10.122670 0.398280
vt 0.435059 0.618164
vn -0.571646 0.680185 0.458878
v 1.624213 10.252864 0.157410
vt 0.358154 0.547852
vn -0.458756 -0.186150 0.868845
v 1.881068 10.312529 0.288189
vt 0.487793 0.561768
vn -0.572659 0.479282 0.665094
v 1.877334 10.339067 0.291902
vt 0.490479 0.554199
vn -0.412034 -0.182831 0.892637
v 0.192318 7.048048 0.203897
vt 0.937500 -0.063477
vn -0.516826 0.815799 0.259543
v 0.356071 7.066221 0.446100
vt 0.940430 0.117188
vn -0.441972 0.825020 0.352140
v 0.186176 7.028937 0.211084
vt 0.951660 -0.063477
vn -0.811204 -0.043101 0.583173
v 0.123749 7.009954 0.126420
vt 0.951660 -0.128906
vn -0.797174 -0.058845 0.600876
v 0.131303 7.035052 0.116006
vt 0.937500 -0.128906
vn -0.525444 0.816711 0.238518
v 0.138159 6.986666 0.121002
vt 0.965332 -0.128906
vn -0.243328 -0.875131 0.418255
v 0.210998 7.051350 0.193887
vt 0.923828 -0.063477
vn 0.039107 0.989611 -0.138353
v 0.153267 7.036862 0.100174
vt 0.923828 -0.128906
vn 0.333510 0.882717 -0.331031
v 0.219319 7.031668 0.187073
vt 0.909668 -0.063477
vn 0.850163 0.066120 -0.522351
v 0.167677 7.013575 0.094755
vt 0.909668 -0.128906
vn 0.864656 0.054728 -0.499375
v 0.376617 7.053008 0.431055
vt 0.912109 0.117676
vn 0.828236 0.083146 -0.554177
v 0.369311 7.067309 0.436476
vt 0.929199 0.117188
vn 0.375534 0.901345 -0.215759
v 0.454082 7.036719 0.540597
vt 0.909668 0.201660
vn 0.815093 0.013143 -0.579181
v 0.448672 7.048748 0.546416
vt 0.923828 0.201660
vn 0.450817 0.882901 -0.131338
v 0.555468 6.999279 0.678430
vt 0.909668 0.333984
vn 0.798124 -0.129004 -0.588521
v 0.551710 7.009398 0.684831
vt 0.923828 0.333984
vn 0.540802 0.841073 -0.011374
v 0.675813 6.893065 0.881241
vt 0.930664 0.466309
vn 0.132476 0.897948 0.419689
v 0.437344 7.047828 0.554456
vt 0.937500 0.201660
vn -0.358737 0.814882 0.455275
v 0.350137 7.050832 0.450302
vt 0.948730 0.117676
vn -0.809837 -0.033739 0.585683
v 0.542081 7.008523 0.692128
vt 0.937500 0.333984
vn -0.269324 0.790976 0.549382
v 0.431428 7.034879 0.556677
vt 0.951660 0.201660
vn -0.797909 -0.054601 0.600300
v 0.357443 7.036529 0.444881
vt 0.959961 0.118164
vn -0.388334 -0.881934 0.267187
v 0.536209 6.997529 0.693023
vt 0.951660 0.333984
vn -0.803986 -0.038901 0.593374
v 0.436839 7.022849 0.550858
vt 0.965332 0.201660
vn -0.445436 -0.880026 0.164745
v 0.196605 7.011190 0.206266
vt 0.965332 -0.063477
vn -0.299730 -0.877070 0.375380
v 0.160123 6.988476 0.105169
vt 0.979492 -0.128906
vn 0.593205 -0.792942 -0.139108
v 0.370682 7.037618 0.435257
vt 0.976074 0.118164
vn 0.469144 -0.819225 -0.329809
v 0.213176 7.012556 0.194260
vt 0.979492 -0.063477
vn 0.556900 -0.807445 -0.194665
v 0.167677 7.013575 0.094755
vt 0.993164 -0.128906
vn 0.864656 0.054728 -0.499375
v 0.219319 7.031668 0.187073
vt 0.993164 -0.063477
vn 0.850163 0.066120 -0.522351
v 0.376617 7.053008 0.431055
vt 0.996094 0.117676
vn 0.828236 0.083146 -0.554177
v 0.448166 7.023770 0.542818
vt 0.979492 0.201660
vn 0.334828 -0.850686 -0.405245
v 0.454082 7.036719 0.540597
vt 0.993164 0.201660
vn 0.815093 0.013143 -0.579181
v 0.545845 6.994863 0.682389
vt 0.979492 0.333984
vn 0.122877 -0.888437 -0.442245
v 0.555468 6.999279 0.678430
vt 0.993164 0.333984
vn 0.798124 -0.129004 -0.588521
v 0.675813 6.893065 0.881241
vt 0.993164 0.466309
vn 0.132476 0.897948 0.419689
v 0.677545 6.880183 0.872905
vt 0.979492 0.466309
vn 0.644920 -0.381963 -0.661954
v 0.669310 6.879259 0.879647
vt 0.965332 0.466309
vn -0.756308 -0.641900 0.126342
v 0.539967 6.987409 0.686622
vt 0.965332 0.333984
vn -0.365800 -0.924521 -0.107015
v -0.054872 15.010798 -0.089994
vt 0.046692 0.562012
vn -0.287141 0.723164 0.628159
v 0.038844 14.866623 -0.154580
vt 0.008018 0.602539
vn 0.764562 0.612622 -0.200348
v 0.005077 14.969317 -0.006818
vt 0.002026 0.558838
vn -0.428968 0.646121 0.631280
v -0.091741 14.949467 -0.403754
vt 0.135376 0.639893
vn 0.738113 0.653616 -0.167258
v -0.153180 15.104079 -0.222445
vt 0.123718 0.561768
vn -0.355733 0.676279 0.645059
v -0.022030 14.848222 -0.604220
vt 0.164551 0.728271
vn 0.749970 0.661162 0.020247
v -0.136140 14.984330 -0.468142
vt 0.170166 0.641357
vn 0.764794 0.630726 -0.131434
v -0.237062 15.164213 -0.343554
vt 0.188599 0.558105
vn -0.323346 0.713122 0.622017
v -0.179624 15.029450 -0.538488
vt 0.207397 0.643066
vn 0.810825 0.585118 -0.014136
v -0.265565 15.194069 -0.397152
vt 0.214111 0.560059
vn 0.286849 0.855167 0.431750
v -0.188269 15.059286 -0.609509
vt 0.238770 0.644287
vn 0.784032 0.620619 0.011169
v -0.300305 15.229446 -0.459947
vt 0.244507 0.556641
vn -0.243762 0.709755 0.660929
v -0.058712 14.928652 -0.780145
vt 0.229370 0.739990
vn 0.766594 0.625798 0.143914
v -0.356098 15.285229 -0.549784
vt 0.295898 0.554199
vn -0.170722 0.702004 0.691407
v -0.216209 15.087525 -0.655262
vt 0.263184 0.645264
vn 0.775785 0.629898 0.037231
v -0.276521 15.186427 -0.743266
vt 0.329346 0.634521
vn 0.809992 0.567779 0.146766
v -0.198971 15.156068 -0.950726
vt 0.357178 0.701660
vn 0.790099 0.578798 0.201833
v -0.399768 15.358106 -0.637831
vt 0.344238 0.556396
vn 0.409885 0.721212 0.558433
v -0.299349 15.262546 -0.835479
vt 0.363525 0.628906
vn 0.808293 0.555195 0.196011
v -0.365591 15.403414 -0.948108
vt 0.435059 0.618164
vn 0.772105 0.607120 0.187772
v -0.424471 15.398286 -0.685908
vt 0.370117 0.554443
vn -0.059933 0.647981 0.759295
v -0.557036 15.587543 -0.876406
vt 0.487793 0.561768
vn -0.337127 0.518100 0.786078
v 0.597241 8.317045 1.206691
vt 0.188599 0.558105
vn 0.591750 0.803974 -0.058793
v 0.437448 8.141871 1.218789
vt 0.170166 0.641357
vn -0.286627 0.437096 0.852521
v 0.483645 8.401770 1.137305
vt 0.123718 0.561768
vn 0.595764 0.794949 -0.114545
v 0.375800 8.185229 1.179984
vt 0.135376 0.639893
vn -0.246138 0.414904 0.875940
v 0.340343 8.480575 1.047396
vt 0.046692 0.562012
vn 0.565439 0.823851 -0.039348
v 0.197661 8.371776 1.042041
vt 0.008018 0.602539
vn -0.290205 0.370591 0.882294
v 0.260260 8.539267 1.000792
vt 0.002026 0.558838
vn 0.650232 0.735843 -0.189032
v 0.288924 7.985513 1.272328
vt 0.164551 0.728271
vn -0.276915 0.574392 0.770319
v 0.504007 8.099778 1.268100
vt 0.207397 0.643066
vn -0.367527 0.516176 0.773619
v 0.642153 8.283767 1.243298
vt 0.214111 0.560059
vn 0.173198 0.883701 0.434828
v 0.533685 8.057533 1.325534
vt 0.238770 0.644287
vn -0.327367 0.550635 0.767875
v 0.695383 8.244327 1.286685
vt 0.244507 0.556641
vn 0.516391 0.854882 -0.050168
v 0.378546 7.880598 1.411105
vt 0.229370 0.739990
vn -0.324867 0.655745 0.681513
v 0.779702 8.189464 1.348375
vt 0.295898 0.554199
vn 0.450549 0.891958 -0.037633
v 0.576142 8.029617 1.357079
vt 0.263184 0.645264
vn -0.317445 0.573974 0.754840
v 0.685260 7.999432 1.442510
vt 0.329346 0.634521
vn -0.396223 0.635016 0.663146
v 0.627335 7.836225 1.587530
vt 0.357178 0.701660
vn -0.379476 0.680215 0.627140
v 0.862307 8.148993 1.425325
vt 0.344238 0.556396
vn -0.017002 0.945277 0.325824
v 0.751960 7.962707 1.534802
vt 0.363525 0.628906
vn -0.407999 0.666953 0.623466
v 0.889378 7.934990 1.658560
vt 0.435059 0.618164
vn -0.347266 0.680109 0.645645
v 0.907858 8.126676 1.467758
vt 0.370117 0.554443
vn 0.318015 0.945809 -0.065668
v 1.133519 8.046752 1.636137
vt 0.487793 0.561768
vn 0.470224 0.838103 -0.276538
v 1.179461 7.076959 0.502453
vt 0.378418 0.125488
vn 0.702444 0.536560 -0.467628
v 1.696340 6.904509 1.129160
vt 0.596191 0.218262
vn 0.693310 0.582220 -0.424666
v 1.138403 7.383713 0.733363
vt 0.407715 0.236328
vn 0.708258 0.560046 -0.429790
v 1.851701 6.635055 0.979303
vt 0.606445 0.129395
vn 0.688798 0.584224 -0.429232
v 2.279444 6.647709 1.649765
vt 0.871582 0.249512
vn -0.436923 0.640899 0.631146
v 2.361869 6.502761 1.646456
vt 0.897461 0.193359
vn 0.691433 0.563752 -0.451778
v 1.649696 7.000736 1.205061
vt 0.596191 0.259277
vn -0.047824 0.684567 0.727379
v 1.092595 7.469560 0.788073
vt 0.403809 0.271973
vn -0.033534 0.717205 0.696055
v 0.680282 7.700094 0.506591
vt 0.204956 0.298340
vn -0.099462 -0.897205 -0.430269
v 0.717781 7.593403 0.442173
vt 0.204224 0.256348
vn 0.602030 0.559711 -0.569459
v 1.005204 7.102949 0.244301
vt 0.274902 0.104492
vn 0.628350 0.560256 -0.539712
v 0.444911 7.777083 0.348746
vt 0.105286 0.306641
vn -0.403734 0.664914 0.628402
v 0.473133 7.653742 0.295277
vt 0.105042 0.264160
vn 0.531851 0.513963 -0.673036
v 0.208721 7.770835 0.160521
vt 0.005939 0.320801
vn 0.049019 0.982881 -0.177600
v 0.636822 7.274396 0.065485
vt 0.121033 0.137695
vn 0.505163 0.596097 -0.624083
v 0.252281 7.633645 0.136310
vt 0.005939 0.271484
vn 0.508242 0.494743 -0.704925
v 0.455912 7.285698 -0.068639
vt 0.005928 0.140137
vn 0.455939 0.614982 -0.643364
v 0.248770 15.605399 0.327784
vt 0.207397 0.643066
vn -0.657142 0.667568 0.350024
v 0.273090 15.615888 0.378042
vt 0.238770 0.644287
vn -0.633224 0.703996 0.321586
v 0.130605 15.480610 0.393120
vt 0.164551 0.728271
vn -0.595775 0.742115 0.307112
v 0.198486 15.587170 0.284952
vt 0.170166 0.641357
vn -0.568363 0.685598 0.454884
v 0.264428 15.724900 0.193249
vt 0.188599 0.558105
vn -0.532747 0.778168 0.332619
v 0.299441 15.735985 0.225869
vt 0.214111 0.560059
vn -0.241558 0.950834 -0.193818
v 0.173722 15.707034 0.123558
vt 0.123718 0.561768
vn -0.511148 0.748795 0.421940
v 0.340423 15.749114 0.265272
vt 0.244507 0.556641
vn -0.602246 0.749998 0.273500
v 0.404597 15.771043 0.319716
vt 0.295898 0.554199
vn -0.619013 0.763273 0.185037
v 0.150046 15.575566 0.247549
vt 0.135376 0.639893
vn -0.528446 0.697820 0.483520
v 0.066595 15.668299 0.046076
vt 0.046692 0.562012
vn -0.480626 0.791293 0.377961
v -0.002374 15.564207 0.098126
vt 0.008018 0.602539
vn -0.552134 0.653277 0.518051
v 0.202267 15.509814 0.514545
vt 0.229370 0.739990
vn -0.654450 0.731681 0.190626
v 0.002648 15.656125 -0.001232
vt 0.002026 0.558838
vn -0.504326 0.703658 0.500520
v 0.061622 15.695033 0.042531
vt 0.046814 0.551025
vn -0.589973 -0.002713 0.807418
v -0.000880 15.675092 -0.003746
vt 0.002079 0.551025
vn -0.594300 -0.003916 0.804234
v 0.173722 15.707034 0.123558
vt 0.123718 0.560059
vn -0.511148 0.748795 0.421940
v 0.170194 15.726001 0.121043
vt 0.123291 0.552002
vn -0.596839 -0.004605 0.802348
v 0.260900 15.743867 0.190735
vt 0.187622 0.550049
vn -0.645445 -0.018802 0.763575
v 0.264428 15.724900 0.193249
vt 0.188232 0.558105
vn -0.532747 0.778168 0.332619
v 0.336895 15.768081 0.262757
vt 0.247314 0.546143
vn -0.662948 -0.024114 0.748277
v 0.340423 15.749114 0.265272
vt 0.247559 0.553955
vn -0.602246 0.749998 0.273500
v 0.401069 15.790010 0.317202
vt 0.295898 0.545898
vn -0.669567 -0.026223 0.742288
v 0.494128 15.826401 0.409076
vt 0.370117 0.552246
vn -0.334135 0.898712 -0.284024
v 0.305423 15.626979 0.405868
vt 0.263184 0.645264
vn -0.630323 0.717160 0.297279
v 0.377619 15.679810 0.462442
vt 0.329346 0.634521
vn -0.707367 0.679720 0.193940
v 0.362808 15.635697 0.622204
vt 0.357178 0.701660
vn -0.702113 0.698876 0.136416
v 0.462522 15.806728 0.377004
vt 0.344238 0.556396
vn -0.422767 0.856734 -0.295423
v 0.421826 15.719244 0.528757
vt 0.363525 0.628906
vn -0.723036 0.675680 0.143788
v 0.508349 15.798216 0.605344
vt 0.435059 0.618164
vn -0.676841 0.720797 0.149457
v 0.494128 15.826401 0.409076
vt 0.370117 0.554443
vn -0.334135 0.898712 -0.284024
v 0.648715 15.922669 0.528536
vt 0.487793 0.561768
vn 0.168544 0.622346 -0.764381
v -0.937281 6.412200 1.708106
vt 0.596191 0.218262
vn 0.405098 0.582920 0.704343
v -0.785576 6.143427 1.863081
vt 0.606445 0.129395
vn 0.411972 0.582379 0.700795
v -1.435695 6.107028 2.295006
vt 0.871582 0.249512
vn -0.660109 0.630347 -0.408556
v -1.427935 5.958959 2.375426
vt 0.897461 0.193359
vn 0.435207 0.563207 0.702419
v -1.013031 6.506781 1.661484
vt 0.596191 0.259277
vn -0.761761 0.647619 -0.017616
v -0.335180 6.635189 1.189423
vt 0.378418 0.125488
vn 0.452594 0.535134 0.713296
v -0.568337 6.932578 1.153423
vt 0.407715 0.236328
vn 0.410853 0.559195 0.720070
v -0.623403 7.017732 1.107743
vt 0.403809 0.271973
vn -0.734449 0.678627 -0.007086
v -0.355898 7.278417 0.692718
vt 0.204956 0.298340
vn 0.522908 -0.847451 -0.091620
v -0.290472 7.173259 0.729120
vt 0.204224 0.256348
vn 0.555295 0.562477 0.612591
v -0.086007 6.680419 1.014351
vt 0.274902 0.104492
vn 0.523599 0.561099 0.641102
v -0.202776 7.372589 0.454194
vt 0.105286 0.306641
vn -0.671049 0.643886 -0.367565
v -0.147647 7.250710 0.479394
vt 0.105042 0.264160
vn 0.662554 0.518753 0.540294
v -0.018484 7.385104 0.210999
vt 0.005939 0.320801
vn 0.127391 0.988225 0.084750
v 0.085054 6.875546 0.640541
vt 0.121033 0.137695
vn 0.608497 0.599796 0.519592
v 0.009721 7.247404 0.251618
vt 0.005939 0.271484
vn 0.697278 0.496012 0.517470
v 0.216487 6.900729 0.455141
vt 0.005928 0.140137
vn 0.627254 0.619964 0.471378
v 0.438263 7.751268 0.333824
vt 0.976074 0.118164
vn 0.291157 -0.844003 -0.450430
v 0.443163 7.766321 0.327513
vt 0.996094 0.117676
vn 0.597914 0.053820 -0.799751
v 0.211948 7.733807 0.161941
vt 0.979492 -0.063477
vn 0.422063 -0.836025 -0.350606
v 0.216249 7.752559 0.152674
vt 0.993164 -0.063477
vn 0.630368 0.042920 -0.775109
v 0.137381 7.736937 0.083961
vt 0.993164 -0.128906
vn 0.653542 0.027505 -0.756390
v 0.132526 7.712286 0.096871
vt 0.979492 -0.128906
vn 0.476782 -0.822469 -0.310200
v 0.200118 7.733331 0.179053
vt 0.965332 -0.063477
vn -0.195318 -0.861553 0.468590
v 0.116822 7.711656 0.119477
vt 0.965332 -0.128906
vn -0.126606 -0.862267 0.490373
v 0.544974 7.733686 0.408497
vt 0.979492 0.201660
vn 0.135384 -0.868520 -0.476805
v 0.550387 7.746307 0.404104
vt 0.993164 0.201660
vn 0.574530 -0.026416 -0.818057
v 0.428822 7.750891 0.347526
vt 0.959961 0.118164
vn -0.316704 -0.862295 0.395153
v 0.680282 7.700094 0.506591
vt 0.979492 0.333984
vn -0.099462 -0.897205 -0.430269
v 0.688267 7.703997 0.499427
vt 0.993164 0.333984
vn 0.549587 -0.167946 -0.818381
v 0.861822 7.592174 0.650671
vt 0.993164 0.466309
vn 0.310385 0.888325 0.338437
v 0.860245 7.579198 0.642446
vt 0.979492 0.466309
vn 0.364087 -0.416233 -0.833181
v 0.854604 7.578718 0.651686
vt 0.965332 0.466309
vn -0.701538 -0.604756 0.376981
v 0.675782 7.692965 0.512766
vt 0.965332 0.333984
vn -0.426246 -0.903927 0.035060
v 0.861822 7.592174 0.650671
vt 0.930664 0.466309
vn 0.310385 0.888325 0.338437
v 0.536836 7.733374 0.420037
vt 0.965332 0.201660
vn -0.405732 -0.857478 0.316405
v 0.674717 7.703282 0.519922
vt 0.951660 0.333984
vn -0.559440 0.000699 0.828870
v 0.534110 7.745683 0.427185
vt 0.951660 0.201660
vn -0.552210 -0.015329 0.833564
v 0.680427 7.713958 0.516831
vt 0.937500 0.333984
vn -0.027335 0.804547 0.593260
v 0.687202 7.714315 0.506583
vt 0.923828 0.333984
vn 0.546017 0.813143 -0.201654
v 0.688267 7.703997 0.499427
vt 0.909668 0.333984
vn 0.549587 -0.167946 -0.818381
v 0.539522 7.758304 0.422792
vt 0.937500 0.201660
vn -0.142932 0.833605 0.533547
v 0.424282 7.765567 0.354916
vt 0.948730 0.117676
vn -0.568017 0.006590 0.822990
v 0.547660 7.758616 0.411252
vt 0.923828 0.201660
vn 0.422313 0.859994 -0.286465
v 0.550387 7.746307 0.404104
vt 0.909668 0.201660
vn 0.574530 -0.026416 -0.818057
v 0.429182 7.780622 0.348605
vt 0.940430 0.117188
vn -0.251906 0.854366 0.454536
v 0.192590 7.751609 0.186900
vt 0.951660 -0.063477
vn -0.570933 -0.003001 0.820991
v 0.105972 7.735676 0.129174
vt 0.951660 -0.128906
vn -0.551979 -0.019924 0.833620
v 0.438622 7.780997 0.334903
vt 0.929199 0.117188
vn 0.322198 0.881306 -0.345672
v 0.443163 7.766321 0.327513
vt 0.912109 0.117676
vn 0.597914 0.053820 -0.799751
v 0.196892 7.770360 0.177634
vt 0.937500 -0.063477
vn -0.349322 0.852984 0.387804
v 0.110826 7.760326 0.116264
vt 0.937500 -0.128906
vn -0.365360 0.852831 0.373082
v 0.208721 7.770835 0.160521
vt 0.923828 -0.063477
vn 0.049019 0.982881 -0.177600
v 0.216249 7.752559 0.152674
vt 0.909668 -0.063477
vn 0.630368 0.042920 -0.775109
v 0.126531 7.760957 0.093658
vt 0.923828 -0.128906
vn 0.248801 0.866103 -0.433547
v 0.137381 7.736937 0.083961
vt 0.909668 -0.128906
vn 0.653542 0.027505 -0.756390
v -1.023304 10.795714 0.831128
vt 0.296387 0.554199
vn 0.558303 0.721383 0.409762
v -1.022144 10.820028 0.837232
vt 0.296387 0.546143
vn 0.775452 -0.197421 0.599749
v -0.955979 10.813754 0.742279
vt 0.245483 0.557861
vn 0.528652 0.683868 0.502844
v -0.954818 10.838067 0.748383
vt 0.245361 0.549561
vn 0.786425 -0.175412 0.592255
v -1.136941 10.798024 0.967719
vt 0.347168 0.555664
vn 0.571997 0.755500 0.319435
v -0.867148 10.837946 0.638177
vt 0.189453 0.559814
vn 0.513387 0.652075 0.557881
v -1.135048 10.822165 0.974334
vt 0.348145 0.547607
vn 0.794117 -0.200629 0.573695
v -1.288121 10.805939 1.206265
vt 0.488281 0.562012
vn 0.752966 0.518190 0.405612
v -1.286960 10.830252 1.212368
vt 0.489990 0.553955
vn 0.825272 -0.191501 0.531276
v -0.866834 10.862459 0.643690
vt 0.189209 0.551514
vn 0.799761 -0.161700 0.578131
v -0.988406 10.636230 1.019189
vt 0.364014 0.628906
vn 0.639805 0.700613 0.315897
v -1.071052 10.664865 1.177587
vt 0.435547 0.618408
vn 0.618210 0.737824 0.270983
v -0.869910 10.510940 1.058141
vt 0.357666 0.701660
vn 0.627600 0.715282 0.307391
v -0.942963 10.624808 0.948404
vt 0.329834 0.634766
vn 0.635881 0.673702 0.376537
v -0.856615 10.614598 0.820047
vt 0.263672 0.645508
vn 0.620172 0.642076 0.450695
v -0.672940 10.460560 0.824058
vt 0.229858 0.740234
vn 0.591716 0.682726 0.428669
v -0.827450 10.624913 0.771608
vt 0.239258 0.644287
vn 0.587173 0.595678 0.548083
v -0.786612 10.639915 0.712636
vt 0.207886 0.643066
vn 0.618629 0.578215 0.531945
v -0.742507 10.654377 0.638459
vt 0.170654 0.641602
vn 0.634465 0.552484 0.540570
v -0.611156 10.496674 0.684003
vt 0.165649 0.730225
vn 0.582906 0.642372 0.497572
v -0.782182 10.877893 0.519602
vt 0.125000 0.562500
vn 0.566991 0.610982 0.552469
v -0.781022 10.902206 0.525706
vt 0.124695 0.554443
vn 0.834316 -0.161732 0.527028
v -0.697637 10.673560 0.573366
vt 0.135864 0.640137
vn 0.602478 0.543067 0.584892
v -0.572048 10.778665 0.346538
vt 0.008545 0.602783
vn 0.647469 0.495593 0.578941
v -0.686054 10.904130 0.369848
vt 0.047180 0.562256
vn 0.519248 0.670138 0.530374
v -0.684420 10.938400 0.378450
vt 0.047485 0.550781
vn 0.839825 -0.169529 0.515707
v -0.628436 10.932588 0.286446
vt 0.002554 0.558838
vn 0.588871 0.548089 0.593994
v -0.627276 10.956902 0.292551
vt 0.002836 0.550781
vn 0.836950 -0.170448 0.520061
v -0.176157 16.467686 -0.058796
vt 0.442383 0.748291
vn 0.678788 0.619278 -0.394642
v -0.082297 16.385098 -0.020999
vt 0.441406 0.816284
vn 0.623104 0.684689 -0.378076
v -0.165295 16.479353 -0.056891
vt 0.434326 0.748047
vn 0.257272 -0.099337 -0.961220
v -0.071069 16.397156 -0.019031
vt 0.433105 0.815430
vn 0.284702 -0.109738 -0.952314
v -0.280366 16.595844 -0.094797
vt 0.433105 0.661621
vn 0.227489 -0.087435 -0.969847
v -0.289693 16.586014 -0.095691
vt 0.439941 0.658203
vn 0.632780 0.397253 -0.664665
v -0.248981 16.453762 -0.173558
vt 0.494873 0.688965
vn 0.677728 0.561818 -0.474389
v -0.123018 16.326460 -0.173328
vt 0.520508 0.778931
vn 0.642396 0.627577 -0.439857
v 0.001913 16.331842 0.010172
vt 0.440430 0.863892
vn 0.546951 0.452526 -0.704319
v 0.011096 16.341703 0.011782
vt 0.433594 0.868652
vn 0.283781 -0.108840 -0.952692
v 0.530045 8.026420 0.023631
vt 0.929199 0.117188
vn -0.026210 0.891724 -0.451819
v 0.662249 8.014004 0.015889
vt 0.923828 0.201660
vn 0.093635 0.880951 -0.463851
v 0.530411 8.025776 0.040504
vt 0.940430 0.117188
vn 0.018585 0.849882 0.526645
v 0.661135 8.001712 0.008260
vt 0.909668 0.201660
vn -0.049106 0.056578 -0.997190
v 0.828538 7.972004 -0.002738
vt 0.909668 0.333984
vn 0.007331 0.062333 -0.998029
v 0.530394 8.011887 0.014630
vt 0.912109 0.117676
vn -0.033224 0.069401 -0.997035
v 0.831113 7.982428 0.003822
vt 0.923828 0.333984
vn 0.250930 0.845650 -0.471074
v 1.061077 7.877104 0.007440
vt 0.930664 0.466309
vn 0.404376 0.911914 0.069952
v 0.351621 8.006234 0.027387
vt 0.923828 0.002930
vn -0.103948 0.878448 -0.466394
v 0.352947 7.990267 0.017429
vt 0.909668 0.002930
vn -0.010702 0.040084 -0.999139
v 0.250112 7.977078 0.016989
vt 0.909668 -0.063477
vn 0.019209 0.060621 -0.997976
v 0.352003 8.005517 0.046017
vt 0.937500 0.002930
vn -0.076316 0.840093 0.537048
v 0.662408 8.013453 0.030217
vt 0.937500 0.201660
vn 0.157763 0.836747 0.524372
v 0.831619 7.981892 0.016261
vt 0.937500 0.333984
vn 0.287474 0.815289 0.502656
v 0.531127 8.010599 0.048375
vt 0.948730 0.117676
vn 0.061578 -0.006524 0.998081
v 0.829551 7.970931 0.022139
vt 0.951660 0.333984
vn 0.073994 -0.013925 0.997161
v 0.661454 8.000610 0.036917
vt 0.951660 0.201660
vn 0.084369 -0.028303 0.996033
v 0.353711 7.988833 0.054687
vt 0.951660 0.002930
vn 0.043902 -0.034015 0.998457
v 0.531476 7.996066 0.039374
vt 0.959961 0.118164
vn 0.058091 -0.871145 0.487577
v 0.355036 7.972866 0.044729
vt 0.965332 0.002930
vn 0.137894 -0.872919 0.467971
v 0.660339 7.988318 0.029287
vt 0.965332 0.201660
vn -0.060331 -0.876304 0.477966
v 0.354654 7.973583 0.026099
vt 0.979492 0.002930
vn 0.110398 -0.836225 -0.537159
v 0.826976 7.960507 0.015578
vt 0.965332 0.333984
vn -0.208803 -0.845613 0.491264
v 1.056800 7.863203 0.012558
vt 0.965332 0.466309
vn -0.221413 -0.547844 0.806748
v 0.826469 7.961044 0.003139
vt 0.979492 0.333984
vn -0.281768 -0.939096 -0.196736
v 1.055960 7.863811 0.001639
vt 0.979492 0.466309
vn -0.235771 -0.544053 -0.805244
v 1.061077 7.877104 0.007440
vt 0.993164 0.466309
vn 0.404376 0.911914 0.069952
v 0.828538 7.972004 -0.002738
vt 0.993164 0.333984
vn 0.007331 0.062333 -0.998029
v 0.661135 8.001712 0.008260
vt 0.993164 0.201660
vn -0.049106 0.056578 -0.997190
v 0.660180 7.988869 0.014959
vt 0.979492 0.201660
vn -0.130257 -0.832402 -0.538647
v 0.530394 8.011887 0.014630
vt 0.996094 0.117676
vn -0.033224 0.069401 -0.997035
v 0.531110 7.996710 0.022501
vt 0.976074 0.118164
vn 0.007260 -0.837477 -0.546424
v 0.352947 7.990267 0.017429
vt 0.993164 0.002930
vn -0.010702 0.040084 -0.999139
v 0.253246 7.958341 0.026786
vt 0.979492 -0.063477
vn 0.186081 -0.818038 -0.544232
v 0.250112 7.977078 0.016989
vt 0.993164 -0.063477
vn 0.019209 0.060621 -0.997976
v 0.148852 7.953938 0.011276
vt 0.993164 -0.128906
vn 0.046518 0.042703 -0.998004
v 0.154028 7.929384 0.024237
vt 0.979492 -0.128906
vn 0.249492 -0.808821 -0.532506
v 0.253673 7.957528 0.047882
vt 0.965332 -0.063477
vn 0.208588 -0.855729 0.473518
v 0.154530 7.928304 0.052155
vt 0.965332 -0.128906
vn 0.269056 -0.846061 0.460205
v 0.250966 7.975455 0.059182
vt 0.951660 -0.063477
vn 0.063270 -0.014426 0.997892
v 0.149857 7.951777 0.067113
vt 0.951660 -0.128906
vn 0.085780 -0.032731 0.995776
v 0.247832 7.994193 0.049385
vt 0.937500 -0.063477
vn -0.097903 0.841766 0.530892
v 0.144682 7.976332 0.054153
vt 0.937500 -0.128906
vn -0.119040 0.832734 0.540725
v 0.247405 7.995005 0.028288
vt 0.923828 -0.063477
vn -0.142526 0.978372 -0.149915
v 0.144179 7.977413 0.026235
vt 0.923828 -0.128906
vn -0.139123 0.871835 -0.469625
v 0.148852 7.953938 0.011276
vt 0.909668 -0.128906
vn 0.046518 0.042703 -0.998004
v 0.008324 15.625999 -0.080398
vt 0.046692 0.562012
vn -0.638967 0.705623 0.306296
v 0.092394 15.515502 -0.071173
vt 0.008018 0.602539
vn 0.711676 0.599892 0.365576
v 0.000882 15.591319 -0.002467
vt 0.002026 0.558838
vn -0.746299 0.630742 0.212608
v 0.140072 15.586800 -0.279910
vt 0.135376 0.639893
vn 0.668991 0.642194 0.374216
v 0.017230 15.702063 -0.205387
vt 0.123718 0.561768
vn -0.706286 0.653545 0.272101
v 0.277768 15.512540 -0.359284
vt 0.164551 0.728271
vn 0.549923 0.651210 0.522983
v 0.146334 15.615705 -0.339156
vt 0.170166 0.641357
vn 0.664923 0.619693 0.416963
v 0.028802 15.752284 -0.317177
vt 0.188599 0.558105
vn -0.666098 0.691870 0.278621
v 0.156023 15.652554 -0.401004
vt 0.207397 0.643066
vn 0.617255 0.544780 0.567636
v 0.037990 15.776814 -0.362048
vt 0.214111 0.560059
vn -0.077533 0.853432 0.515405
v 0.185831 15.677063 -0.445067
vt 0.238770 0.644287
vn 0.580570 0.594467 0.556370
v 0.342934 15.578533 -0.476398
vt 0.229370 0.739990
vn 0.476460 0.613072 0.630181
v 0.192327 15.700178 -0.485142
vt 0.263184 0.645264
vn 0.560079 0.617884 0.551843
v 0.049781 15.805889 -0.415130
vt 0.244507 0.556641
vn -0.636331 0.699591 0.325046
v 0.061595 15.851549 -0.494350
vt 0.295898 0.554199
vn -0.600761 0.673602 0.430519
v 0.201062 15.778805 -0.564471
vt 0.329346 0.634521
vn 0.519069 0.562292 0.643736
v 0.346581 15.758661 -0.641621
vt 0.357178 0.701660
vn 0.453474 0.564374 0.689814
v 0.079404 15.909979 -0.565599
vt 0.344238 0.556396
vn -0.075513 0.700516 0.709630
v 0.233152 15.839393 -0.626818
vt 0.363525 0.628906
vn 0.472162 0.539960 0.696783
v 0.250536 15.950718 -0.722096
vt 0.435059 0.618164
vn 0.449506 0.593433 0.667668
v 0.088867 15.942197 -0.604926
vt 0.370117 0.554443
vn -0.558560 0.622888 0.547742
v 0.107475 16.093483 -0.778330
vt 0.487793 0.561768
vn -0.780951 0.494905 0.381032
v -0.385555 15.426761 0.648703
vt 0.370117 0.554443
vn 0.712225 0.661046 -0.236123
v -0.551819 15.296774 0.590287
vt 0.363525 0.628906
vn -0.160402 0.588548 -0.792390
v -0.353878 15.391127 0.607736
vt 0.344238 0.556396
vn 0.334946 0.748070 -0.572890
v -0.495662 15.595520 0.844630
vt 0.487793 0.561768
vn 0.859344 0.511300 0.010049
v -0.622119 15.423886 0.696079
vt 0.435059 0.618164
vn -0.155329 0.640922 -0.751726
v -0.681983 15.194917 0.541318
vt 0.357178 0.701660
vn -0.146848 0.613883 -0.775618
v -0.483215 15.228909 0.532833
vt 0.329346 0.634521
vn -0.227024 0.607296 -0.761348
v -0.296683 15.326507 0.533292
vt 0.295898 0.554199
vn 0.698374 0.706894 -0.112135
v -0.590370 14.989890 0.344970
vt 0.229370 0.739990
vn -0.195831 0.657643 -0.727431
v -0.431790 15.140189 0.442812
vt 0.263184 0.645264
vn -0.306646 0.657214 -0.688504
v -0.243457 15.278151 0.447507
vt 0.244507 0.556641
vn 0.683202 0.730204 -0.006086
v -0.203968 15.247668 0.391905
vt 0.214111 0.560059
vn 0.244911 0.888143 -0.388870
v -0.404282 15.115717 0.399687
vt 0.238770 0.644287
vn -0.323045 0.633985 -0.702641
v -0.458346 14.920977 0.243237
vt 0.164551 0.728271
vn -0.311635 0.688022 -0.655369
v -0.348701 15.090261 0.364205
vt 0.207397 0.643066
vn -0.350112 0.584164 -0.732239
v -0.170650 15.221948 0.344990
vt 0.188599 0.558105
vn 0.691193 0.721296 0.044532
v -0.306568 15.051045 0.297385
vt 0.170166 0.641357
vn -0.461364 0.647627 -0.606401
v -0.102379 15.171016 0.222081
vt 0.123718 0.561768
vn 0.206319 0.924804 -0.319639
v -0.269896 15.021255 0.232280
vt 0.135376 0.639893
vn -0.484434 0.666686 -0.566439
v -0.113494 14.954054 0.018631
vt 0.008018 0.602539
vn -0.526862 0.624103 -0.576985
v -0.029107 15.089655 0.081335
vt 0.046692 0.562012
vn -0.365921 0.751218 -0.549339
v 0.017197 15.054543 -0.004996
vt 0.002026 0.558838
vn -0.515643 0.660830 -0.545358
v -0.022379 15.121367 0.069098
vt 0.046814 0.551025
vn -0.882858 0.006095 -0.469601
v 0.021971 15.077043 -0.013678
vt 0.002079 0.551025
vn -0.880577 0.003897 -0.473887
v -0.102379 15.171016 0.222081
vt 0.123718 0.560059
vn 0.206319 0.924804 -0.319639
v -0.097606 15.193517 0.213399
vt 0.123291 0.552002
vn -0.999627 -0.008124 0.026076
v -0.614727 5.588557 -1.577751
vt 1.505859 0.118652
vn 0.957029 0.003932 -0.289964
v -0.651850 5.553647 -1.684209
vt 1.469727 0.117188
vn 0.936532 -0.001534 -0.350580
v -0.612319 5.545051 -1.570387
vt 1.505859 0.105957
vn 0.474008 0.757224 -0.449364
v -0.649674 5.513139 -1.677321
vt 1.472656 0.104980
vn 0.472936 0.781722 -0.406500
v -0.903544 5.398506 -2.305132
vt 1.271484 0.109863
vn 0.982690 0.036913 -0.181542
v -0.898827 5.337244 -2.295403
vt 1.278320 0.096680
vn 0.539988 0.841212 0.027843
v -0.896920 5.225532 -2.369685
vt 1.257812 0.061035
vn 0.783544 0.436514 -0.442170
v -0.495861 5.139974 -1.904433
vt 1.415039 0.003906
vn 0.716546 0.501135 -0.485207
v -0.579962 5.432153 -1.704207
vt 1.469727 0.077148
vn 0.668549 0.587037 -0.456541
v -0.317724 5.293385 -1.460956
vt 1.555664 0.001465
vn 0.692956 0.526444 -0.492614
v -0.564787 5.622633 -1.390082
vt 1.560547 0.109375
vn 0.342110 0.783335 -0.518986
v -0.567441 5.669323 -1.397954
vt 1.560547 0.122559
vn 0.944394 -0.003116 -0.328801
v -0.481430 5.544303 -1.415046
vt 1.560547 0.078613
vn 0.613338 0.602167 -0.511089
v -0.073482 5.589754 -0.842960
vt 1.757812 0.000000
vn 0.699052 0.482362 -0.527876
v -0.383422 5.886085 -0.953379
vt 1.705078 0.118652
vn -0.203726 0.878096 -0.432946
v -0.327840 5.966824 -0.819543
vt 1.750000 0.124023
vn 0.435852 0.703861 -0.560904
v -0.250568 5.885499 -0.840976
vt 1.750000 0.094238
vn 0.632219 0.547529 -0.548188
v 0.107422 5.675946 -0.553036
vt 1.853516 -0.010742
vn 0.716626 0.496634 -0.489696
v -0.329957 6.006541 -0.826307
vt 1.750000 0.135742
vn 0.934381 -0.023732 -0.355484
v -0.134814 6.044136 -0.503302
vt 1.856445 0.102051
vn 0.739729 0.504719 -0.445039
v -0.095553 6.059403 -0.376173
vt 1.892578 0.099121
vn 0.802685 0.468346 -0.369255
v -0.145643 6.196672 -0.378857
vt 1.893555 0.148926
vn 0.886102 0.166424 -0.432581
v -0.206440 6.157487 -0.499953
vt 1.853516 0.140625
vn -0.026110 0.940045 -0.340050
v -0.209256 6.197042 -0.513935
vt 1.852539 0.153809
vn 0.922132 -0.038140 -0.384991
v -0.148322 6.231457 -0.384383
vt 1.890625 0.160645
vn 0.903724 -0.044922 -0.425752
v 1.213006 9.415998 -1.029936
vt 0.296387 0.554199
vn -0.010314 0.775707 0.631009
v 1.091870 9.412951 -0.996792
vt 0.236206 0.559082
vn 0.010070 0.990789 0.135039
v 1.072627 9.247209 -1.209749
vt 0.263672 0.645508
vn -0.275241 0.842750 -0.462618
v 1.234134 9.292137 -1.251339
vt 0.329834 0.634766
vn -0.339555 0.848839 -0.405185
v 1.405047 9.451140 -1.063282
vt 0.357422 0.555908
vn -0.078244 0.743691 0.663928
v 1.251565 9.224833 -1.438127
vt 0.357666 0.701660
vn -0.378251 0.863041 -0.334793
v 1.320655 9.323460 -1.273575
vt 0.364014 0.628906
vn -0.382934 0.853719 -0.352882
v 1.496728 9.400067 -1.335615
vt 0.435547 0.618408
vn -0.396363 0.869848 -0.293702
v 1.698252 9.524271 -1.150255
vt 0.488281 0.562012
vn 0.051369 0.563173 0.824741
v 0.924462 9.115755 -1.402483
vt 0.229858 0.740234
vn -0.270814 0.868105 -0.415997
v 1.013360 9.244779 -1.186161
vt 0.239258 0.644287
vn -0.180808 0.826421 -0.533232
v 0.940277 9.414492 -0.964977
vt 0.188721 0.559326
vn -0.123040 0.866852 -0.483145
v 1.092409 9.441392 -0.993289
vt 0.236084 0.550781
vn 0.905785 0.348716 -0.240729
v 0.936138 9.245329 -1.160271
vt 0.207886 0.643066
vn -0.215026 0.809234 -0.546721
v 0.941172 9.442777 -0.960308
vt 0.188354 0.551025
vn -0.255255 0.156387 -0.954143
v 0.772863 9.111595 -1.315911
vt 0.165649 0.730225
vn -0.215633 0.852352 -0.476443
v 0.781806 9.426364 -0.909993
vt 0.124634 0.561523
vn 0.238070 0.725751 0.645452
v 0.846014 9.240090 -1.124271
vt 0.170654 0.641602
vn -0.222108 0.790088 -0.571339
v 0.760702 9.243464 -1.094534
vt 0.135864 0.640137
vn -0.166451 0.791633 -0.587887
v 0.487434 9.290772 -0.954370
vt 0.008545 0.602783
vn -0.200238 0.753796 -0.625857
v 0.593744 9.413836 -0.843469
vt 0.047180 0.562256
vn 0.241864 0.734930 0.633545
v 0.483934 9.422315 -0.803960
vt 0.002554 0.558838
vn 0.311270 0.600985 0.736158
v -0.034721 8.194904 0.182731
vt 0.947754 0.004883
vn -0.885020 0.020581 -0.465098
v 0.011767 8.203204 0.093035
vt 0.947754 -0.096680
vn -0.875305 0.096766 -0.473791
v -0.029469 8.208420 0.187048
vt 0.935059 0.004883
vn -0.488824 0.851602 -0.189278
v 0.025066 8.214394 0.101643
vt 0.935059 -0.096680
vn -0.593831 0.756857 -0.273006
v 0.020255 8.188009 0.096887
vt 0.960938 -0.096680
vn -0.393010 -0.879132 -0.269574
v -0.016760 8.209150 0.194023
vt 0.921875 0.004883
vn 0.322671 0.909303 0.262776
v 0.033080 8.220118 0.106353
vt 0.921875 -0.096680
vn 0.282067 0.925096 0.254237
v 0.041567 8.204923 0.110204
vt 0.908691 -0.096680
vn 0.858574 0.051287 0.510118
v -0.009304 8.196365 0.196683
vt 0.908691 0.004883
vn 0.868796 0.080961 0.488507
v -0.208975 8.176324 0.540447
vt 0.933594 0.401367
vn -0.500854 0.857913 -0.114591
v -0.203532 8.173426 0.551697
vt 0.929199 0.401367
vn -0.189301 0.977055 0.097611
v -0.190237 8.165290 0.548964
vt 0.916992 0.401855
vn 0.868450 0.145851 0.473838
v -0.244409 8.150425 0.634493
vt 0.921875 0.512939
vn 0.263371 0.850408 0.455459
v -0.254229 8.149840 0.628937
vt 0.935059 0.512939
vn -0.591401 0.806272 -0.013023
v -0.213090 8.164139 0.535061
vt 0.939453 0.401855
vn -0.890921 -0.023674 -0.453540
v -0.257492 8.139657 0.623993
vt 0.947754 0.512939
vn -0.891622 -0.040782 -0.450940
v -0.205779 8.152528 0.536626
vt 0.953613 0.402344
vn -0.363466 -0.870981 -0.330582
v -0.027264 8.182120 0.185390
vt 0.960938 0.004883
vn -0.389504 -0.880531 -0.270096
v 0.035155 8.188869 0.105471
vt 0.974121 -0.096680
vn 0.501666 -0.834136 0.229233
v -0.014556 8.182850 0.192366
vt 0.974121 0.004883
vn 0.506187 -0.836458 0.210032
v 0.041567 8.204923 0.110204
vt 0.987305 -0.096680
vn 0.858574 0.051287 0.510118
v -0.009304 8.196365 0.196683
vt 0.987305 0.004883
vn 0.868796 0.080961 0.488507
v -0.194352 8.153104 0.543578
vt 0.975586 0.401855
vn 0.557679 -0.815822 0.153064
v -0.190237 8.165290 0.548964
vt 0.996094 0.401855
vn 0.868450 0.145851 0.473838
v -0.237851 8.140826 0.635104
vt 0.987305 0.512939
vn 0.848563 0.079888 0.523029
v -0.250934 8.130058 0.624605
vt 0.960938 0.512939
vn -0.313107 -0.859191 -0.404666
v -1.051112 7.011901 -1.914251
vt 0.488281 0.562012
vn -0.577865 0.815595 -0.029597
v -1.017985 7.062490 -1.620467
vt 0.370850 0.555176
vn -0.319239 0.941418 -0.108718
v -1.243547 6.979846 -1.721621
vt 0.435547 0.618408
vn -0.323725 0.945136 -0.043806
v -1.045872 7.035565 -1.924255
vt 0.489990 0.553955
vn -0.976439 0.203569 0.071599
v -1.014717 7.086617 -1.630304
vt 0.371582 0.546875
vn -0.985442 0.167484 0.029204
v -1.217002 6.982889 -1.532306
vt 0.364014 0.628906
vn -0.383359 0.921833 -0.057103
v -1.373104 6.922843 -1.461104
vt 0.357666 0.701660
vn -0.363351 0.929607 -0.061702
v -1.017000 7.106171 -1.435835
vt 0.296387 0.555176
vn -0.376455 0.907237 -0.187621
v -1.210879 6.989589 -1.442671
vt 0.329834 0.634766
vn -0.438842 0.890886 -0.117217
v -1.013871 7.130331 -1.445659
vt 0.296387 0.546875
vn -0.988380 0.151979 0.002494
v -1.198871 7.013554 -1.280076
vt 0.263672 0.645508
vn -0.480017 0.862802 -0.158608
v -1.391635 6.955250 -1.132435
vt 0.229858 0.740234
vn -0.429234 0.886707 -0.171780
v -1.006203 7.150355 -1.324235
vt 0.245117 0.557861
vn -0.422908 0.866040 -0.266691
v -1.000965 7.174019 -1.334240
vt 0.244995 0.549561
vn -0.981009 0.193963 -0.000700
v -1.186711 7.034382 -1.224134
vt 0.239258 0.644287
vn -0.533689 0.812450 -0.234737
v -0.998503 7.209452 -1.188035
vt 0.188721 0.558350
vn -0.472942 0.826313 -0.305832
v -0.993264 7.233116 -1.198040
vt 0.188354 0.550049
vn -0.979134 0.202074 0.021490
v -1.174930 7.064579 -1.153238
vt 0.207886 0.643066
vn -0.553066 0.805502 -0.212801
v -1.156382 7.094947 -1.067611
vt 0.170654 0.641602
vn -0.578923 0.789475 -0.203906
v -1.337680 7.010712 -0.986301
vt 0.165649 0.730225
vn -0.481545 0.847734 -0.222399
v -0.972315 7.280540 -1.046037
vt 0.124207 0.562012
vn -0.527522 0.809296 -0.258382
v -0.969186 7.304700 -1.055862
vt 0.123962 0.553955
vn -0.976040 0.198186 0.089825
v -1.142279 7.130668 -0.990093
vt 0.135864 0.640137
vn -0.586844 0.768685 -0.254435
v -1.056752 7.276731 -0.748120
vt 0.008545 0.602783
vn -0.631421 0.744403 -0.217190
v -0.941133 7.342411 -0.868033
vt 0.047180 0.562256
vn 0.141614 0.898547 -0.415402
v -0.935236 7.376114 -0.882008
vt 0.047485 0.550781
vn 0.598015 -0.525475 0.605189
v -0.921754 7.391909 -0.769524
vt 0.002554 0.558838
vn 0.378648 0.706550 -0.597840
v 1.019924 14.662108 0.643555
vt 0.117981 0.454102
vn -0.483973 -0.043519 0.874000
v 1.044323 14.626544 0.652141
vt 0.122681 0.431641
vn -0.701784 0.544797 0.459016
v 0.718935 14.396443 0.465235
vt 0.299561 0.462891
vn -0.511251 -0.033430 0.858781
v 1.198126 14.799740 0.748488
vt 0.015472 0.448730
vn -0.705315 -0.249924 0.663377
v 1.224577 14.756635 0.764350
vt 0.023346 0.424316
vn -0.978185 0.189581 -0.084927
v 1.277559 14.741670 0.840332
vt -0.000445 0.396973
vn -0.720743 0.376553 0.582011
v 0.733484 14.237934 0.547834
vt 0.298340 0.399414
vn -0.694526 0.499090 0.518211
v 1.293114 14.649042 0.870850
vt 0.002073 0.364746
vn -0.675848 0.481268 0.558221
v 0.757463 14.101394 0.762789
vt 0.271973 0.301758
vn -0.678241 0.542996 0.495121
v 0.733040 14.341678 0.473444
vt 0.299072 0.439941
vn -0.728958 0.596314 0.336198
v 0.364691 14.117783 0.216837
vt 0.488770 0.474609
vn -0.536900 -0.012434 0.843554
v 0.379764 14.001064 0.311909
vt 0.487061 0.413086
vn -0.686884 0.558209 0.465396
v 0.174322 13.672083 0.478612
vt 0.555176 0.326660
vn -0.688141 0.620373 0.376296
v 0.180150 13.829321 0.198301
vt 0.593750 0.420898
vn -0.697324 0.567684 0.437578
v 0.384244 14.064241 0.228391
vt 0.491699 0.450684
vn -0.660745 0.684459 0.308109
v 0.152153 13.988905 0.091919
vt 0.595215 0.479980
vn -0.507131 0.000773 0.861869
v 0.166538 13.949515 0.100421
vt 0.594727 0.462402
vn -0.625575 0.691296 0.361617
v 0.111001 14.546991 0.157978
vt 0.934570 -0.182617
vn 0.532373 -0.844495 0.058364
v 0.045032 14.510954 0.015712
vt 0.934570 -0.326172
vn 0.550703 -0.833531 -0.044181
v 0.101243 14.546679 0.162246
vt 0.921387 -0.182617
vn -0.386653 -0.805735 0.448654
v 0.034213 14.510617 0.020640
vt 0.921387 -0.326172
vn -0.358942 -0.849668 0.386297
v 0.049459 14.521811 0.011613
vt 0.948242 -0.326172
vn 0.908127 0.006429 -0.418646
v 0.095394 14.556044 0.162650
vt 0.908203 -0.182617
vn -0.904203 -0.040919 0.425139
v 0.027821 14.521136 0.021469
vt 0.908203 -0.326172
vn -0.898810 -0.029401 0.437351
v 0.170262 14.629843 0.338416
vt 0.921387 -0.038086
vn -0.892139 -0.078606 0.444870
v 0.181195 14.623079 0.333932
vt 0.934570 -0.038086
vn 0.722914 -0.679565 0.124848
v 0.248267 14.772825 0.557138
vt 0.934570 0.249512
vn 0.260386 0.522110 0.812158
v 0.114909 14.556670 0.154113
vt 0.948242 -0.182617
vn 0.929235 -0.054729 -0.365414
v 0.043068 14.532329 0.012442
vt 0.961426 -0.326172
vn 0.369640 0.850820 -0.373459
v 0.109060 14.566036 0.154517
vt 0.961426 -0.182617
vn 0.375917 0.831830 -0.408344
v 0.032249 14.531992 0.017370
vt 0.974609 -0.326172
vn -0.561497 0.824555 0.069496
v 0.181195 14.623079 0.333932
vt 0.948242 -0.038086
vn 0.722914 -0.679565 0.124848
v 0.099303 14.565722 0.158785
vt 0.974609 -0.182617
vn -0.634745 0.771793 0.037888
v 0.027821 14.521136 0.021469
vt 0.988281 -0.326172
vn -0.898810 -0.029401 0.437351
v 0.095394 14.556044 0.162650
vt 0.988281 -0.182617
vn -0.904203 -0.040919 0.425139
v 0.170262 14.629843 0.338416
vt 0.988281 -0.038086
vn -0.892139 -0.078606 0.444870
v 0.180279 14.637179 0.332670
vt 0.961426 -0.038086
vn 0.355825 0.792606 -0.495140
v 0.248267 14.772825 0.557138
vt 0.948242 0.249512
vn 0.260386 0.522110 0.812158
v 0.170262 14.629843 0.338416
vt 0.974609 -0.038086
vn -0.892139 -0.078606 0.444870
v 0.248267 14.772825 0.557138
vt 0.961426 0.249512
vn 0.260386 0.522110 0.812158
v -0.060149 7.530088 -0.072478
vt 0.965332 -0.063477
vn 0.138570 -0.854620 -0.500424
v 0.015497 7.496119 -0.007526
vt 0.965332 -0.128906
vn 0.071580 -0.847274 -0.526310
v -0.050266 7.547729 -0.078689
vt 0.951660 -0.063477
vn 0.634895 -0.025711 -0.772171
v 0.029383 7.519162 -0.014996
vt 0.951660 -0.128906
vn 0.614510 -0.042731 -0.787751
v -0.001814 7.497515 0.013726
vt 0.979492 -0.128906
vn -0.586425 -0.778433 0.223937
v -0.053430 7.566417 -0.068807
vt 0.937500 -0.063477
vn 0.483054 0.814884 -0.320348
v -0.073195 7.531137 -0.056386
vt 0.979492 -0.063477
vn -0.538732 -0.798555 0.268472
v -0.005239 7.521956 0.027508
vt 0.993164 -0.128906
vn -0.709037 0.034894 0.704308
v -0.076359 7.549826 -0.046504
vt 0.993164 -0.063477
vn -0.688355 0.045490 0.723946
v -0.285871 7.597980 -0.238371
vt 0.996094 0.117676
vn -0.657820 0.063256 0.750514
v 0.025958 7.543602 -0.001215
vt 0.937500 -0.128906
vn 0.497552 0.812658 -0.303362
v -0.281988 7.582758 -0.245064
vt 0.976074 0.118164
vn -0.419827 -0.825668 0.376852
v -0.069518 7.569664 -0.053198
vt 0.923828 -0.063477
vn 0.051870 0.973419 0.223082
v 0.008647 7.545000 0.020037
vt 0.923828 -0.128906
vn -0.187915 0.860814 0.472957
v -0.076359 7.549826 -0.046504
vt 0.909668 -0.063477
vn -0.688355 0.045490 0.723946
v -0.005239 7.521956 0.027508
vt 0.909668 -0.128906
vn -0.709037 0.034894 0.704308
v -0.285871 7.597980 -0.238371
vt 0.912109 0.117676
vn -0.657820 0.063256 0.750514
v -0.279339 7.612371 -0.244566
vt 0.929199 0.117188
vn -0.256461 0.893245 0.369244
v -0.387957 7.594123 -0.324466
vt 0.909668 0.201660
vn -0.641026 0.064082 0.764839
v -0.268923 7.611539 -0.257453
vt 0.940430 0.117188
vn 0.387339 0.834845 -0.391155
v -0.383475 7.606362 -0.330694
vt 0.923828 0.201660
vn -0.348725 0.887196 0.302116
v -0.521111 7.572558 -0.432915
vt 0.909668 0.333984
vn -0.679910 0.070686 0.729881
v -0.265039 7.596316 -0.264145
vt 0.948730 0.117676
vn 0.633572 -0.015938 -0.773519
v -0.374516 7.605644 -0.341533
vt 0.937500 0.201660
vn 0.279536 0.836332 -0.471602
v -0.518470 7.583013 -0.439395
vt 0.923828 0.333984
vn -0.470148 0.858408 0.205176
v -0.691962 7.488713 -0.603692
vt 0.930664 0.466309
vn -0.188836 0.929062 -0.318094
v -0.510970 7.582349 -0.449061
vt 0.937500 0.333984
vn 0.166721 0.823646 -0.542043
v -0.370040 7.592688 -0.346143
vt 0.951660 0.201660
vn 0.616672 -0.035203 -0.786433
v -0.271572 7.581925 -0.257951
vt 0.959961 0.118164
vn 0.252605 -0.872461 -0.418332
v -0.506112 7.571230 -0.452246
vt 0.951660 0.333984
vn 0.625393 -0.019923 -0.780056
v -0.374522 7.580448 -0.339913
vt 0.965332 0.201660
vn 0.334867 -0.881426 -0.333094
v -0.508753 7.560774 -0.445765
vt 0.965332 0.333984
vn 0.454954 -0.855682 -0.246629
v -0.686048 7.474560 -0.604838
vt 0.965332 0.466309
vn 0.690328 -0.548170 -0.472183
v -0.383480 7.581166 -0.329075
vt 0.979492 0.201660
vn -0.310222 -0.830040 0.463461
v -0.387957 7.594123 -0.324466
vt 0.993164 0.201660
vn -0.641026 0.064082 0.764839
v -0.516253 7.561438 -0.436100
vt 0.979492 0.333984
vn 0.031574 -0.961691 0.272311
v -0.692331 7.475261 -0.596076
vt 0.979492 0.466309
vn -0.390656 -0.559344 0.731110
v -0.521111 7.572558 -0.432915
vt 0.993164 0.333984
vn -0.679910 0.070686 0.729881
v -0.691962 7.488713 -0.603692
vt 0.993164 0.466309
vn -0.188836 0.929062 -0.318094
v -0.075887 11.113362 -0.202898
vt 0.961426 -0.182617
vn -0.471771 0.859201 0.198008
v -0.081437 11.100373 -0.198189
vt 0.948242 -0.182617
vn -0.841786 0.011799 0.539683
v -0.181559 11.085047 -0.365848
vt 0.961426 -0.038086
vn -0.537449 0.812414 0.226123
v 0.031112 11.127252 -0.040423
vt 0.961426 -0.326172
vn -0.467838 0.851941 0.235212
v 0.043997 11.127139 -0.049984
vt 0.974609 -0.326172
vn 0.381398 0.863576 -0.329806
v 0.025202 11.112806 -0.034708
vt 0.948242 -0.326172
vn -0.837594 0.000275 0.546294
v 0.032175 11.098249 -0.038556
vt 0.934570 -0.326172
vn -0.410445 -0.851218 0.327052
v -0.064222 11.113303 -0.211293
vt 0.974609 -0.182617
vn 0.367662 0.857556 -0.359754
v 0.050971 11.112583 -0.053831
vt 0.988281 -0.326172
vn 0.828373 -0.007712 -0.560124
v -0.058106 11.100253 -0.214979
vt 0.988281 -0.182617
vn 0.824671 0.005238 -0.565588
v -0.173304 11.084940 -0.372318
vt 0.974609 -0.038086
vn 0.330332 0.887414 -0.321524
v -0.168470 11.075487 -0.374424
vt 0.988281 -0.038086
vn 0.833061 -0.022303 -0.552731
v -0.381798 11.060410 -0.700097
vt 0.974609 0.249512
vn -0.228446 0.972629 0.042486
v -0.373782 11.054643 -0.705166
vt 0.988281 0.249512
vn 0.843777 0.013913 -0.536514
v -0.381798 11.060410 -0.700097
vt 0.961426 0.249512
vn -0.228446 0.972629 0.042486
v -0.381186 11.048976 -0.699095
vt 0.948242 0.249512
vn -0.380317 -0.897351 0.223874
v -0.184981 11.075703 -0.361482
vt 0.948242 -0.038086
vn -0.849034 -0.071133 0.523528
v -0.075321 11.087322 -0.201875
vt 0.934570 -0.182617
vn -0.392857 -0.854246 0.340482
v -0.180148 11.066251 -0.363588
vt 0.934570 -0.038086
vn -0.396432 -0.858161 0.326191
v -0.381186 11.048976 -0.699095
vt 0.934570 0.249512
vn -0.380317 -0.897351 0.223874
v -0.171892 11.066144 -0.370059
vt 0.921387 -0.038086
vn 0.406357 -0.894503 -0.186385
v -0.063656 11.087264 -0.210270
vt 0.921387 -0.182617
vn 0.462651 -0.857221 -0.226112
v 0.045060 11.098137 -0.048117
vt 0.921387 -0.326172
vn 0.434880 -0.869760 -0.233233
v -0.058106 11.100253 -0.214979
vt 0.908203 -0.182617
vn 0.824671 0.005238 -0.565588
v 0.050971 11.112583 -0.053831
vt 0.908203 -0.326172
vn 0.828373 -0.007712 -0.560124
v -0.168470 11.075487 -0.374424
vt 0.908203 -0.038086
vn 0.833061 -0.022303 -0.552731
v -0.373782 11.054643 -0.705166
vt 0.908203 0.249512
vn 0.843777 0.013913 -0.536514
v -0.381186 11.048976 -0.699095
vt 0.921387 0.249512
vn -0.380317 -0.897351 0.223874
v 0.475276 8.316160 -0.294682
vt 0.722168 0.480957
vn 0.207716 0.978145 -0.009282
v 0.093341 8.357294 0.022866
vt 0.887207 0.496094
vn 0.442120 0.758495 0.478765
v 0.475128 8.361009 -0.294661
vt 0.720703 0.496582
vn 0.614681 0.046256 0.787418
v 0.089148 8.391706 0.017227
vt 0.883301 0.514404
vn 0.636383 0.089065 0.766214
v 0.762688 8.235261 -0.502130
vt 0.597168 0.475586
vn 0.590153 -0.010808 0.807219
v 0.501945 8.202563 -0.233814
vt 0.726074 0.433105
vn 0.578702 0.504414 0.640836
v 0.116031 8.212717 0.053422
vt 0.887207 0.429688
vn 0.553640 0.460034 0.694155
v 0.762195 8.194905 -0.503015
vt 0.597168 0.461914
vn 0.546467 0.758305 0.355453
v 0.251894 7.865477 0.239205
vt 0.886719 0.297363
vn 0.510114 0.549776 0.661460
v 0.649882 7.828104 -0.038624
vt 0.722656 0.295410
vn 0.562039 0.530257 0.634775
v 1.283782 8.017766 -0.897410
vt 0.367676 0.457031
vn 0.556396 -0.010515 0.830851
v 0.809715 8.111904 -0.437869
vt 0.596680 0.424805
vn 0.609498 0.581888 0.538441
v 0.889651 7.806354 -0.291128
vt 0.606934 0.311035
vn 0.616313 0.508586 0.601247
v 1.283937 7.970324 -0.897430
vt 0.367920 0.440918
vn 0.480375 0.820420 0.310082
v 1.450299 7.971920 -0.991066
vt 0.301514 0.453613
vn 0.518520 -0.016222 0.854912
v 1.335025 7.890332 -0.827354
vt 0.367676 0.407227
vn 0.562979 0.624498 0.541347
v 1.446642 7.637235 -0.698178
vt 0.362305 0.313965
vn 0.574995 0.546584 0.608791
v 1.449821 7.927712 -0.991953
vt 0.301758 0.438477
vn 0.444084 0.783330 0.434952
v 1.545181 7.958244 -1.054360
vt 0.258301 0.451660
vn 0.571333 -0.021413 0.820439
v 1.595551 7.835953 -0.998859
vt 0.258545 0.405273
vn 0.523615 0.603214 0.601631
v 1.837821 7.574408 -0.986612
vt 0.192261 0.316406
vn 0.575825 0.519810 0.631049
v 1.544691 7.917083 -1.055247
vt 0.261719 0.436523
vn 0.398797 0.799128 0.449838
v 2.085688 7.929146 -1.452164
vt 0.018311 0.450684
vn 0.524932 -0.018532 0.850942
v 2.085268 7.866889 -1.453059
vt 0.026291 0.426758
vn 0.431571 0.535788 0.725726
v 2.168557 7.769075 -1.479523
vt 0.001349 0.384766
vn 0.559624 0.442591 0.700667
v 0.180616 8.765041 0.534956
vt 0.929199 0.117188
vn 0.537428 0.841317 0.057941
v 0.187807 8.750094 0.531362
vt 0.912109 0.117676
vn 0.985888 0.006726 -0.167270
v 0.205345 8.725644 0.665829
vt 0.923828 0.201660
vn 0.565514 0.806210 0.173836
v 0.109443 8.795129 0.128001
vt 0.923828 -0.128906
vn 0.525207 0.850482 -0.028957
v 0.122031 8.770125 0.126301
vt 0.909668 -0.128906
vn 0.986993 -0.007118 -0.160605
v 0.211245 8.713284 0.661355
vt 0.909668 0.201660
vn 0.982838 -0.007528 -0.184318
v 0.242392 8.649617 0.824437
vt 0.909668 0.333984
vn 0.917676 -0.284911 -0.276942
v 0.237533 8.659776 0.829901
vt 0.923828 0.333984
vn 0.582615 0.755843 0.298765
v 0.271198 8.514019 1.042931
vt 0.930664 0.466309
vn 0.095667 0.840778 0.532860
v 0.191810 8.726102 0.668133
vt 0.937500 0.201660
vn -0.420446 0.825368 0.376819
v 0.164702 8.765552 0.537852
vt 0.940430 0.117188
vn -0.434939 0.865315 0.249114
v 0.083097 8.795976 0.132684
vt 0.937500 -0.128906
vn -0.455523 0.876163 0.157598
v 0.069338 8.771823 0.135668
vt 0.951660 -0.128906
vn -0.975832 0.048273 0.213124
v 0.155980 8.751112 0.537153
vt 0.948730 0.117676
vn -0.973883 0.054597 0.220388
v 0.081926 8.746819 0.133969
vt 0.965332 -0.128906
vn -0.540815 -0.836582 0.087465
v 0.225828 8.660043 0.832265
vt 0.937500 0.333984
vn -0.390155 0.774500 0.497924
v 0.184174 8.714203 0.665963
vt 0.951660 0.201660
vn -0.975093 0.026796 0.220170
v 0.163171 8.736165 0.533558
vt 0.959961 0.118164
vn -0.563619 -0.826030 -0.002826
v 0.179085 8.735656 0.530663
vt 0.976074 0.118164
vn 0.471894 -0.856346 -0.209733
v 0.108273 8.745971 0.129286
vt 0.979492 -0.128906
vn 0.479807 -0.870824 -0.107007
v 0.187807 8.750094 0.531362
vt 0.996094 0.117676
vn 0.985888 0.006726 -0.167270
v 0.122031 8.770125 0.126301
vt 0.993164 -0.128906
vn 0.986993 -0.007118 -0.160605
v 0.203609 8.701385 0.659184
vt 0.979492 0.201660
vn 0.438347 -0.827298 -0.351324
v 0.211245 8.713284 0.661355
vt 0.993164 0.201660
vn 0.982838 -0.007528 -0.184318
v 0.190073 8.701842 0.661488
vt 0.965332 0.201660
vn -0.574326 -0.806416 -0.140865
v 0.242392 8.649617 0.824437
vt 0.993164 0.333984
vn 0.917676 -0.284911 -0.276942
v 0.218984 8.650151 0.829165
vt 0.951660 0.333984
vn -0.971009 0.028787 0.237302
v 0.223844 8.639994 0.823701
vt 0.965332 0.333984
vn -0.292168 -0.886033 -0.359976
v 0.264488 8.501640 1.036954
vt 0.965332 0.466309
vn -0.871708 -0.463180 -0.159967
v 0.231658 8.646627 0.823338
vt 0.979492 0.333984
vn 0.076390 -0.912010 -0.402991
v 0.271198 8.514019 1.042931
vt 0.993164 0.466309
vn 0.095667 0.840778 0.532860
v 0.274719 8.501620 1.034501
vt 0.979492 0.466309
vn 0.707169 -0.507286 -0.492518
v 0.212026 13.097591 0.488919
vt 0.487061 0.413086
vn -0.825824 0.554495 0.102716
v 0.051209 12.869400 0.632058
vt 0.464600 0.318848
vn -0.825548 0.556100 0.096032
v 0.090746 12.953030 0.221721
vt 0.593750 0.420898
vn -0.823455 0.560004 0.091200
v -0.033830 12.753295 0.385490
vt 0.555176 0.326660
vn -0.818622 0.573081 0.037891
v 0.335880 13.126790 0.999899
vt 0.271973 0.301758
vn -0.878410 0.444794 0.174795
v 0.149341 13.094200 0.162298
vt 0.594727 0.462402
vn -0.633823 0.773266 0.018116
v 0.373572 13.288200 0.896370
vt 0.298340 0.399414
vn -0.868129 0.481885 0.118908
v 0.503312 13.419694 1.329347
vt 0.103149 0.341309
vn -0.897934 0.418383 0.136638
v 0.274892 13.172951 0.435927
vt 0.491699 0.450684
vn -0.661943 0.747785 -0.051483
v 0.146338 13.139973 0.156771
vt 0.595215 0.479980
vn -0.908039 -0.006041 0.418843
v 0.271100 13.235167 0.428280
vt 0.488770 0.474609
vn -0.924336 -0.008806 0.381477
v 0.431703 13.392155 0.858401
vt 0.299072 0.439941
vn -0.739725 0.665390 -0.100316
v 0.430738 13.453649 0.857277
vt 0.299561 0.462891
vn -0.905340 -0.035701 0.423183
v 0.556457 13.565535 1.251214
vt 0.115601 0.397949
vn -0.906941 0.400796 0.129694
v 0.667577 13.704946 1.514274
vt 0.002073 0.364746
vn -0.934156 0.230672 0.272293
v 0.684415 13.808918 1.502527
vt -0.000445 0.396973
vn -0.957199 0.245873 0.152696
v 0.593528 13.664904 1.194235
vt 0.122681 0.431641
vn -0.846448 0.529183 -0.059088
v 0.581488 13.709544 1.181520
vt 0.117981 0.454102
vn -0.883618 -0.075035 0.462156
v 0.686434 13.849626 1.408751
vt 0.023346 0.424316
vn -0.834298 0.367463 -0.410997
v 0.687417 13.914941 1.409810
vt 0.015472 0.448730
vn -0.990315 0.017090 -0.137786
v -1.504989 7.486442 -1.529060
vt 0.017746 0.447266
vn 0.808565 0.239729 -0.537358
v -1.440635 7.264127 -1.583762
vt 0.002787 0.380371
vn 0.309753 0.492164 -0.813528
v -1.471367 7.429089 -1.501767
vt 0.025803 0.423340
vn 0.192129 0.945120 -0.264263
v -0.882763 7.870237 -1.072285
vt 0.301514 0.442383
vn -0.041709 0.665086 -0.745601
v -0.902057 7.923490 -1.085788
vt 0.301758 0.465820
vn 0.604921 0.004504 -0.796273
v -0.380053 8.416405 -0.671772
vt 0.493896 0.452637
vn -0.060513 0.698893 -0.712662
v -0.407477 8.467581 -0.692187
vt 0.490967 0.476074
vn 0.597460 0.003940 -0.801889
v -0.239273 8.521820 -0.571857
vt 0.567383 0.461914
vn 0.218599 0.505703 -0.834553
v -0.262078 8.572120 -0.588579
vt 0.565430 0.483887
vn 0.583585 -0.008312 -0.812010
v 0.020988 9.859522 -0.486969
vt 0.975586 0.401855
vn -0.551213 -0.831761 0.065859
v 0.015303 9.870648 -0.488044
vt 0.996094 0.401855
vn -0.997869 0.056286 0.032995
v 0.012978 9.857201 -0.579575
vt 0.987305 0.512939
vn -0.999338 0.035080 -0.009606
v 0.043089 9.848814 -0.035125
vt 0.974121 -0.096680
vn -0.543241 -0.839551 0.006636
v 0.035909 9.863256 -0.034241
vt 0.987305 -0.096680
vn -0.998174 0.039294 0.045873
v 0.032937 9.859114 -0.487326
vt 0.953613 0.402344
vn 0.492265 -0.870302 0.015795
v 0.058453 9.848219 -0.035967
vt 0.960938 -0.096680
vn 0.479922 -0.875987 -0.048185
v 0.027874 9.847460 -0.578886
vt 0.960938 0.512939
vn 0.488189 -0.866449 0.104585
v 0.039201 9.869833 -0.488757
vt 0.939453 0.401855
vn 0.998074 -0.010117 -0.061209
v 0.066637 9.862064 -0.035926
vt 0.947754 -0.096680
vn 0.997724 -0.028706 -0.061014
v 0.033138 9.856398 -0.580845
vt 0.947754 0.512939
vn 0.997451 -0.025302 -0.066713
v 0.059458 9.876506 -0.035043
vt 0.935059 -0.096680
vn 0.537235 0.843137 -0.022324
v 0.028322 9.865737 -0.582170
vt 0.935059 0.512939
vn 0.522018 0.826627 -0.210201
v 0.018242 9.866138 -0.581535
vt 0.921875 0.512939
vn -0.487187 0.854562 -0.179926
v 0.033517 9.880960 -0.489831
vt 0.933594 0.401367
vn 0.524820 0.845945 -0.094558
v 0.021568 9.881369 -0.489475
vt 0.929199 0.401367
vn 0.111333 0.991697 -0.064359
v 0.044094 9.877102 -0.034200
vt 0.921875 -0.096680
vn -0.476326 0.878693 0.031806
v 0.015303 9.870648 -0.488044
vt 0.916992 0.401855
vn -0.997869 0.056286 0.032995
v 0.035909 9.863256 -0.034241
vt 0.908691 -0.096680
vn -0.998174 0.039294 0.045873
v 1.471516 8.104527 -0.377273
vt 0.296387 0.546143
vn 0.211373 -0.030005 -0.976945
v 1.660010 8.088098 -0.327713
vt 0.357422 0.555908
vn -0.115134 0.991425 -0.061810
v 1.968724 8.119967 -0.288028
vt 0.488281 0.562012
vn -0.210764 0.677452 0.704725
v 1.839655 7.986444 -0.529289
vt 0.435547 0.618408
vn -0.108402 0.847172 -0.520143
v 1.646220 7.936691 -0.540772
vt 0.364014 0.628906
vn -0.074129 0.820371 -0.567007
v 1.632828 7.819750 -0.708939
vt 0.357666 0.701660
vn -0.075034 0.832304 -0.549217
v 1.555132 7.917155 -0.554551
vt 0.329834 0.634766
vn -0.014144 0.802921 -0.595917
v 1.468451 8.076034 -0.376432
vt 0.296387 0.554199
vn 0.064040 0.839340 -0.539821
v 1.386861 7.894027 -0.581635
vt 0.263672 0.645508
vn 0.067434 0.781541 -0.620198
v 1.308046 7.747413 -0.805843
vt 0.229858 0.740234
vn 0.056608 0.812905 -0.579639
v 1.345563 8.089161 -0.398234
vt 0.236206 0.559082
vn 0.181636 0.810222 -0.557270
v 1.348490 8.117654 -0.397850
vt 0.236084 0.550781
vn 0.201670 -0.007436 -0.979425
v 1.323818 7.900693 -0.585532
vt 0.239258 0.644287
vn 0.179635 0.744462 -0.643046
v 1.196146 8.109324 -0.434829
vt 0.188721 0.559326
vn 0.217919 0.787579 -0.576394
v 1.198934 8.137816 -0.433220
vt 0.188354 0.551025
vn 0.186403 0.028231 -0.982068
v 1.033075 8.143942 -0.454513
vt 0.124634 0.561523
vn 0.056793 0.795480 0.603312
v 1.244004 7.912269 -0.595386
vt 0.207886 0.643066
vn 0.151816 0.729027 -0.667436
v 1.137118 7.770646 -0.792285
vt 0.165649 0.730225
vn 0.129313 0.782421 -0.609176
v 1.147884 7.920907 -0.601028
vt 0.170654 0.641602
vn 0.152411 0.707133 -0.690459
v 1.059645 7.936596 -0.611181
vt 0.135864 0.640137
vn 0.209850 0.700162 -0.682448
v 0.835549 8.159034 -0.473897
vt 0.047180 0.562256
vn 0.066875 0.802258 0.593220
v 0.764812 8.029890 -0.606934
vt 0.008545 0.602783
vn 0.189735 0.661160 -0.725857
v 0.722050 8.183495 -0.486289
vt 0.002554 0.558838
vn 0.067773 0.682986 0.727281
v 0.804119 13.364060 -0.996888
vt 0.117981 0.454102
vn 0.841619 -0.055618 0.537200
v 0.944518 13.506598 -1.200516
vt 0.023346 0.424316
vn 0.032679 0.364374 0.930679
v 0.810427 13.319569 -1.013567
vt 0.122681 0.431641
vn 0.354786 0.538516 0.764282
v 0.944263 13.571918 -1.201654
vt 0.015472 0.448730
vn 0.355397 0.017577 0.934550
v 0.602846 13.104631 -0.707243
vt 0.299561 0.462891
vn 0.817178 -0.024903 0.575848
v 1.026631 13.466990 -1.241458
vt -0.000445 0.396973
vn 0.594684 0.258990 0.761102
v 0.876294 13.220883 -1.006871
vt 0.115601 0.397949
vn 0.552096 0.412596 0.724537
v 1.045529 13.363178 -1.231801
vt 0.002073 0.364746
vn 0.697623 0.238262 0.675688
v 0.968752 13.076000 -0.994815
vt 0.103149 0.341309
vn 0.552069 0.431200 0.713643
v 0.603996 13.043154 -0.708909
vt 0.299072 0.439941
vn 0.265616 0.669546 0.693654
v 0.316693 12.881426 -0.360334
vt 0.488770 0.474609
vn 0.792096 -0.003110 0.610389
v 0.664355 12.939700 -0.673327
vt 0.298340 0.399414
vn 0.520169 0.494634 0.696248
v 0.771252 12.779524 -0.687472
vt 0.271973 0.301758
vn 0.577119 0.458609 0.675730
v 0.397030 12.744614 -0.334598
vt 0.487061 0.413086
vn 0.485519 0.567203 0.665246
v 0.595621 12.518242 -0.253703
vt 0.464600 0.318848
vn 0.474912 0.570298 0.670238
v 0.322050 12.819298 -0.367661
vt 0.491699 0.450684
vn 0.264411 0.754433 0.600764
v 0.146210 12.783263 -0.118671
vt 0.595215 0.479980
vn 0.816783 0.000191 0.576945
v 0.149968 12.737555 -0.124212
vt 0.594727 0.462402
vn 0.330271 0.767783 0.549027
v 0.229090 12.597134 -0.098366
vt 0.593750 0.420898
vn 0.469946 0.573966 0.670608
v 0.427919 12.399411 -0.060482
vt 0.555176 0.326660
vn 0.419708 0.587134 0.692184
v 0.333500 7.261881 -0.363354
vt 0.948730 0.117676
vn 0.835427 -0.027116 0.548932
v 0.396609 7.201421 -0.467735
vt 0.951660 0.201660
vn 0.839504 -0.054939 0.540568
v 0.323835 7.248204 -0.364872
vt 0.959961 0.118164
vn 0.230377 -0.828030 0.511169
v 0.175538 7.339192 -0.130906
vt 0.951660 -0.063477
vn 0.833197 -0.032426 0.552025
v 0.394741 7.212949 -0.476285
vt 0.937500 0.201660
vn 0.700082 0.712510 -0.047063
v 0.387623 7.190404 -0.467943
vt 0.965332 0.201660
vn 0.153204 -0.790035 0.593611
v 0.330282 7.276229 -0.372010
vt 0.940430 0.117188
vn 0.629989 0.775195 0.046770
v 0.473503 7.117179 -0.605837
vt 0.937500 0.333984
vn 0.748519 0.647546 -0.142842
v 0.474508 7.107832 -0.597478
vt 0.951660 0.333984
vn 0.837045 -0.039208 0.545727
v 0.463884 7.117823 -0.613173
vt 0.923828 0.333984
vn -0.048645 0.695386 -0.716988
v 0.575058 6.929760 -0.757328
vt 0.930664 0.466309
vn 0.464210 0.703526 -0.538108
v 0.383888 7.213463 -0.485042
vt 0.923828 0.201660
vn -0.122623 0.782177 -0.610871
v 0.455270 7.109120 -0.612151
vt 0.909668 0.333984
vn -0.784747 0.053489 -0.617504
v 0.374902 7.202446 -0.485251
vt 0.909668 0.201660
vn -0.815881 0.067390 -0.574279
v 0.465894 7.099130 -0.596455
vt 0.965332 0.333984
vn 0.087752 -0.710992 0.697703
v 0.573621 6.918544 -0.746875
vt 0.965332 0.466309
vn 0.392502 -0.439041 0.808199
v 0.317398 7.276899 -0.382184
vt 0.929199 0.117188
vn -0.175619 0.833605 -0.523699
v 0.307733 7.263222 -0.383702
vt 0.912109 0.117676
vn -0.803142 0.071780 -0.591448
v 0.456275 7.099774 -0.603792
vt 0.979492 0.333984
vn -0.559442 -0.753119 0.346174
v 0.564982 6.919392 -0.753050
vt 0.979492 0.466309
vn -0.898104 -0.410288 -0.158345
v 0.575058 6.929760 -0.757328
vt 0.993164 0.466309
vn 0.464210 0.703526 -0.538108
v 0.455270 7.109120 -0.612151
vt 0.993164 0.333984
vn -0.784747 0.053489 -0.617504
v 0.374902 7.202446 -0.485251
vt 0.993164 0.201660
vn -0.815881 0.067390 -0.574279
v 0.376769 7.190917 -0.476701
vt 0.979492 0.201660
vn -0.696251 -0.717546 0.019043
v 0.307733 7.263222 -0.383702
vt 0.996094 0.117676
vn -0.803142 0.071780 -0.591448
v 0.310952 7.248874 -0.375046
vt 0.976074 0.118164
vn -0.628208 -0.773688 -0.082229
v 0.143358 7.340855 -0.156399
vt 0.993164 -0.063477
vn -0.784361 0.047766 -0.618463
v 0.164757 7.321425 -0.134650
vt 0.965332 -0.063477
vn 0.302064 -0.865638 0.399284
v 0.148668 7.322258 -0.147396
vt 0.979492 -0.063477
vn -0.532993 -0.821219 -0.203759
v 0.076788 7.359059 -0.075201
vt 0.993164 -0.128906
vn -0.769461 0.031664 -0.637909
v 0.084444 7.334270 -0.064152
vt 0.979492 -0.128906
vn -0.479090 -0.842011 -0.247973
v 0.105699 7.333189 -0.047234
vt 0.965332 -0.128906
vn 0.342888 -0.872102 0.349094
v 0.119299 7.356895 -0.041365
vt 0.951660 -0.128906
vn 0.841826 -0.045740 0.537807
v 0.170229 7.357789 -0.139909
vt 0.937500 -0.063477
vn 0.568780 0.811444 0.134343
v 0.111643 7.381684 -0.052414
vt 0.937500 -0.128906
vn 0.566928 0.808342 0.158672
v 0.154139 7.358620 -0.152656
vt 0.923828 -0.063477
vn 0.028836 0.959606 -0.279866
v 0.090388 7.382765 -0.069332
vt 0.923828 -0.128906
vn -0.245346 0.864618 -0.438452
v 0.143358 7.340855 -0.156399
vt 0.909668 -0.063477
vn -0.784361 0.047766 -0.618463
v 0.076788 7.359059 -0.075201
vt 0.909668 -0.128906
vn -0.769461 0.031664 -0.637909
v -0.274473 10.535730 -0.342868
vt 0.722168 0.480957
vn 0.087311 0.993769 -0.069283
v 0.021125 10.490276 -0.039391
vt 0.887207 0.496094
vn 0.628619 0.589232 -0.507587
v -0.269591 10.573345 -0.338701
vt 0.720703 0.496582
vn 0.734226 -0.014331 -0.678754
v 0.024850 10.523229 -0.035172
vt 0.883301 0.514404
vn 0.716698 -0.004502 -0.697369
v -0.478651 10.522203 -0.578557
vt 0.597168 0.475586
vn 0.750120 -0.025112 -0.660825
v -0.238513 10.438512 -0.385962
vt 0.726074 0.433105
vn 0.646257 0.517364 -0.560969
v 0.034197 10.373304 -0.081703
vt 0.887207 0.429688
vn 0.695623 0.467138 -0.545794
v -0.483106 10.488358 -0.582240
vt 0.597168 0.461914
vn 0.400752 0.784242 -0.473668
v 0.136175 10.083008 -0.258922
vt 0.886719 0.297363
vn 0.679902 0.538810 -0.497410
v -0.132833 10.126085 -0.577703
vt 0.722656 0.295410
vn 0.645734 0.531363 -0.548345
v -0.872028 10.439908 -1.009819
vt 0.367676 0.457031
vn 0.775679 -0.030917 -0.630370
v -0.443687 10.419068 -0.640224
vt 0.596680 0.424805
vn 0.550642 0.605152 -0.574965
v -0.363163 10.160068 -0.759537
vt 0.606934 0.311035
vn 0.605965 0.523362 -0.599081
v -0.877155 10.400118 -1.014263
vt 0.367920 0.440918
vn 0.361322 0.845720 -0.392689
v -0.969290 10.430623 -1.149045
vt 0.301514 0.453613
vn 0.800601 -0.037921 -0.597996
v -0.833245 10.333384 -1.076289
vt 0.367676 0.407227
vn 0.565105 0.637127 -0.524143
v -0.765266 10.123925 -1.215724
vt 0.362305 0.313965
vn 0.622124 0.553515 -0.553700
v -0.974112 10.393547 -1.153144
vt 0.301758 0.438477
vn 0.490034 0.786122 -0.376668
v -1.031510 10.436640 -1.225892
vt 0.258301 0.451660
vn 0.761702 -0.026238 -0.647396
v -1.003834 10.335584 -1.289328
vt 0.258545 0.405273
vn 0.626034 0.601361 -0.496434
v -1.044456 10.145703 -1.529951
vt 0.192261 0.316406
vn 0.640480 0.523761 -0.561658
v -1.036043 10.402119 -1.229663
vt 0.261719 0.436523
vn 0.509829 0.793544 -0.332207
v -1.411256 10.515096 -1.654125
vt 0.018311 0.450684
vn 0.796156 -0.032401 -0.604223
v -1.417788 10.462883 -1.660161
vt 0.026291 0.426758
vn 0.743018 0.509242 -0.434277
v -1.457121 10.393641 -1.740057
vt 0.001349 0.384766
vn 0.700909 0.437705 -0.563153
v -0.504269 11.109988 -0.920131
vt 0.299561 0.462891
vn 0.843815 -0.011126 -0.536519
v -0.796186 11.017707 -1.337225
vt 0.122681 0.431641
vn 0.537600 0.703123 -0.465408
v -0.504781 11.043719 -0.919924
vt 0.299072 0.439941
vn 0.497723 0.780728 -0.377804
v -0.954063 11.046146 -1.577197
vt 0.015472 0.448730
vn 0.969170 -0.005702 -0.246327
v -0.222500 11.080364 -0.437206
vt 0.491699 0.450684
vn 0.434140 0.822020 -0.368518
v -0.221993 11.148050 -0.437407
vt 0.488770 0.474609
vn 0.845219 -0.009112 -0.534343
v -0.054926 11.119866 -0.190546
vt 0.594727 0.462402
vn 0.473054 0.767436 -0.432739
v -0.054346 11.169663 -0.190841
vt 0.595215 0.479980
vn 0.827598 -0.010032 -0.561231
v 0.016802 11.023770 -0.242170
vt 0.593750 0.420898
vn 0.524057 0.723873 -0.448744
v -0.159265 10.996598 -0.496411
vt 0.487061 0.413086
vn 0.556147 0.698955 -0.449625
v 0.171248 10.783074 -0.493991
vt 0.553223 0.314453
vn 0.524450 0.721668 -0.451827
v -0.323083 10.689295 -1.135613
vt 0.271973 0.301758
vn 0.594795 0.634283 -0.493866
v -0.444687 10.948849 -0.963210
vt 0.298340 0.399414
vn 0.600809 0.647811 -0.468370
v -0.953807 10.983892 -1.577531
vt 0.023346 0.424316
vn 0.632817 0.715748 0.295375
v -0.955234 10.909999 -1.660996
vt -0.000445 0.396973
vn 0.724040 0.395127 -0.565367
v -0.932456 10.824127 -1.665540
vt 0.002073 0.364746
vn 0.667572 0.214848 -0.712873
v -0.177312 16.531342 -0.020015
vt 0.112122 0.004883
vn -0.007473 -0.167090 -0.985913
v 0.015390 16.736038 -0.056201
vt 0.042938 0.103027
vn -0.007473 -0.167090 -0.985913
v -0.097824 16.776564 -0.062204
vt 0.017578 0.057129
vn -0.007473 -0.167090 -0.985913
v 0.097399 16.502337 -0.017204
vt 0.145142 0.120605
vn -0.007473 -0.167090 -0.985913
v 0.004066 16.364859 0.006822
vt 0.194458 0.070312
vn -0.007473 -0.167090 -0.985913
v -0.120515 14.755260 -0.765370
vt 0.298340 0.399414
vn 0.885756 0.463208 0.029554
v -0.080832 14.626366 -0.855858
vt 0.271973 0.301758
vn 0.902576 0.429674 -0.027153
v -0.034355 14.568608 -0.422847
vt 0.487061 0.413086
vn 0.843399 0.535389 0.045128
v -0.178635 14.893483 -1.128747
vt 0.103149 0.341309
vn 0.916222 0.400517 0.011124
v 0.110058 14.383245 -0.535610
vt 0.464600 0.318848
vn 0.842127 0.536733 0.052348
v -0.228565 15.011377 -1.061886
vt 0.115601 0.397949
vn 0.923402 0.383391 0.018463
v -0.289555 15.145641 -1.282838
vt 0.002073 0.364746
vn 0.966198 0.221423 -0.132036
v -0.303048 15.231703 -1.268883
vt -0.000445 0.396973
vn 0.972866 0.231315 -0.005074
v 0.034483 14.429546 -0.197619
vt 0.593750 0.420898
vn 0.839537 0.540302 0.057027
v 0.151696 14.270011 -0.329858
vt 0.555176 0.326660
vn 0.827913 0.550012 0.109757
v -0.017995 14.544818 -0.147063
vt 0.594727 0.462402
vn 0.647775 0.752300 0.120137
v -0.170886 14.840896 -0.734649
vt 0.299072 0.439941
vn 0.733425 0.634940 0.242771
v -0.090710 14.629755 -0.382036
vt 0.491699 0.450684
vn 0.664791 0.722195 0.191017
v -0.015386 14.582398 -0.139416
vt 0.595215 0.479980
vn 0.954871 -0.002834 -0.297007
v -0.087417 14.680837 -0.371564
vt 0.488770 0.474609
vn 0.965997 -0.008731 -0.258406
v -0.169231 14.891841 -0.729914
vt 0.299561 0.462891
vn 0.952199 -0.032036 -0.303793
v -0.263698 15.091508 -1.013350
vt 0.122681 0.431641
vn 0.840617 0.501311 0.205061
v -0.254432 15.127477 -0.998806
vt 0.117981 0.454102
vn 0.933995 -0.066231 -0.351094
v -0.315599 15.260004 -1.189086
vt 0.023346 0.424316
vn 0.775878 0.315604 0.546266
v -0.315254 15.314302 -1.186143
vt 0.015472 0.448730
vn 0.964407 -0.020403 0.263633
v 0.002097 8.542937 -0.027977
vt 0.908691 -0.096680
vn -0.977887 0.046075 0.203994
v -0.097762 8.591063 -0.517467
vt 0.916992 0.401855
vn -0.979121 0.064973 0.192616
v 0.011385 8.558095 -0.028345
vt 0.921875 -0.096680
vn -0.352350 0.921850 0.161378
v -0.090901 8.602926 -0.519331
vt 0.929199 0.401367
vn 0.169708 0.985288 -0.020174
v -0.110644 8.594224 -0.620154
vt 0.921875 0.512939
vn -0.489423 0.871303 -0.035997
v -0.077928 8.602346 -0.522001
vt 0.933594 0.401367
vn 0.517545 0.849751 -0.100351
v 0.020220 8.552469 -0.031221
vt 0.935059 -0.096680
vn 0.655929 0.753126 -0.050581
v -0.099759 8.593700 -0.622775
vt 0.935059 0.512939
vn 0.501556 0.835179 -0.225650
v -0.071818 8.589901 -0.522808
vt 0.939453 0.401855
vn 0.976609 0.058721 -0.206850
v 0.035322 8.541353 -0.035691
vt 0.947754 -0.096680
vn 0.974368 0.105346 -0.198771
v 0.026035 8.526196 -0.035323
vt 0.960938 -0.096680
vn 0.440547 -0.877692 -0.188612
v -0.094509 8.583218 -0.623000
vt 0.947754 0.512939
vn 0.974235 -0.030932 -0.223406
v -0.078679 8.578037 -0.520943
vt 0.953613 0.402344
vn 0.467306 -0.874876 -0.127343
v 0.009422 8.526987 -0.031466
vt 0.974121 -0.096680
vn -0.558520 -0.829021 0.027927
v -0.100144 8.573260 -0.620604
vt 0.960938 0.512939
vn 0.477988 -0.877496 -0.039091
v -0.091651 8.578618 -0.518273
vt 0.975586 0.401855
vn -0.554099 -0.827888 0.087041
v -0.097762 8.591063 -0.517467
vt 0.996094 0.401855
vn -0.979121 0.064973 0.192616
v 0.002097 8.542937 -0.027977
vt 0.987305 -0.096680
vn -0.977887 0.046075 0.203994
v -0.116279 8.584267 -0.617758
vt 0.987305 0.512939
vn -0.987705 0.046686 0.149197
v -0.054125 16.238741 0.085296
vt 0.441406 0.816284
vn -0.356578 0.889340 -0.286230
v 0.001941 16.236341 -0.005447
vt 0.440430 0.863892
vn -0.676411 0.597867 -0.430143
v -0.051515 16.255264 0.081343
vt 0.433105 0.815430
vn -0.854113 -0.012269 -0.519943
v 0.003446 16.249884 -0.009014
vt 0.433594 0.868652
vn -0.852668 -0.013859 -0.522269
v -0.196441 16.161980 0.053714
vt 0.520508 0.778931
vn -0.406343 0.845132 -0.347328
v -0.119561 16.277775 0.192810
vt 0.434326 0.748047
vn -0.870139 -0.014883 -0.492582
v -0.121456 16.261759 0.196968
vt 0.442383 0.748291
vn -0.350116 0.861505 -0.367733
v -0.243061 16.208719 0.224275
vt 0.494873 0.688965
vn -0.423045 0.803097 -0.419604
v -0.197225 16.319683 0.338564
vt 0.433105 0.661621
vn -0.884891 -0.019777 -0.465379
v -0.198730 16.306141 0.342131
vt 0.439941 0.658203
vn -0.573348 0.646600 -0.503171
v 0.460579 10.531452 1.444311
vt 0.329834 0.634766
vn 0.531380 0.844585 -0.065664
v 0.500745 10.494883 1.301866
vt 0.263672 0.645508
vn 0.550127 0.834913 0.016748
v 0.584636 10.473214 1.537254
vt 0.357666 0.701660
vn 0.490198 0.861191 -0.134373
v 0.439021 10.557220 1.520674
vt 0.364014 0.628906
vn 0.508007 0.851779 -0.128069
v 0.406943 10.620548 1.683415
vt 0.435547 0.618408
vn 0.461947 0.870856 -0.167974
v 0.700203 10.383555 1.269444
vt 0.229858 0.740234
vn 0.506708 0.862115 -0.002239
v 0.254601 10.666009 1.496502
vt 0.357422 0.555908
vn 0.402119 0.906118 -0.131338
v 0.189767 10.725168 1.759942
vt 0.488281 0.562012
vn 0.697094 0.715889 -0.039518
v 0.313667 10.638028 1.334228
vt 0.296387 0.554199
vn -0.014615 0.980449 -0.196231
v 0.252706 10.690351 1.495894
vt 0.358154 0.547852
vn 0.960393 0.079888 0.266952
v 0.310928 10.662255 1.333423
vt 0.296387 0.546143
vn 0.853494 0.270099 -0.445639
v 0.188003 10.749528 1.759364
vt 0.489990 0.553955
vn 0.972036 0.078382 0.221366
v 0.343347 10.636843 1.227087
vt 0.236206 0.559082
vn 0.463931 0.878849 0.111318
v 0.339635 10.660939 1.226054
vt 0.236084 0.550781
vn 0.948108 0.147688 0.281568
v 0.509604 10.493469 1.246160
vt 0.239258 0.644287
vn 0.564796 0.815295 0.127665
v 0.385091 10.639585 1.096699
vt 0.188721 0.559326
vn 0.483992 0.862334 0.148768
v 0.381378 10.663680 1.095665
vt 0.188354 0.551025
vn 0.953114 0.157881 0.258162
v 0.524550 10.494771 1.175694
vt 0.207886 0.643066
vn 0.593304 0.798112 0.104916
v 0.704398 10.381792 1.115705
vt 0.165649 0.730225
vn 0.531874 0.843683 0.072869
v 0.415415 10.651544 0.951632
vt 0.124634 0.561523
vn 0.539029 0.831836 0.132274
v 0.537931 10.491306 1.090913
vt 0.170654 0.641602
vn 0.617385 0.778506 0.112978
v 0.411703 10.675640 0.950599
vt 0.124329 0.553467
vn 0.967896 0.153884 0.198738
v 0.553641 10.495105 1.012606
vt 0.135864 0.640137
vn 0.605327 0.778312 0.166763
v 0.572301 10.538539 0.742853
vt 0.008545 0.602783
vn 0.656601 0.737703 0.157066
v 0.449391 10.642919 0.778394
vt 0.047180 0.562256
vn 0.472527 0.873630 0.116141
v 0.444558 10.676936 0.777032
vt 0.047485 0.550781
vn 0.970177 0.150500 0.190019
v 0.468737 10.651336 0.677112
vt 0.002554 0.558838
vn 0.588904 0.788613 0.176868
v 0.465026 10.675432 0.676079
vt 0.002836 0.550781
vn 0.968995 0.150483 0.195967
v -1.644991 6.133575 -0.485053
vt 0.596191 0.218262
vn -0.658976 0.529384 0.534326
v -1.718371 5.862467 -0.280138
vt 0.606445 0.129395
vn -0.653897 0.531740 0.538211
v -2.282708 5.736335 -0.815117
vt 0.871582 0.249512
vn 0.153343 0.624536 -0.765795
v -2.338699 5.581943 -0.779776
vt 0.897461 0.193359
vn -0.647836 0.514297 0.561967
v -1.632350 6.226567 -0.577498
vt 0.596191 0.259277
vn -0.249312 0.595276 -0.763865
v -1.033599 6.450041 -0.029092
vt 0.378418 0.125488
vn -0.650304 0.487748 0.582415
v -1.093856 6.731891 -0.284740
vt 0.407715 0.236328
vn -0.668729 0.506263 0.544518
v -1.075598 6.816937 -0.355773
vt 0.403809 0.271973
vn -0.257342 0.632328 -0.730710
v -0.652118 7.129680 -0.204477
vt 0.204956 0.298340
vn 0.305174 -0.893033 0.330697
v -0.656803 7.032981 -0.129787
vt 0.204224 0.256348
vn -0.532587 0.535533 0.655405
v -0.811877 6.530382 0.172155
vt 0.274902 0.104492
vn -0.566116 0.528847 0.632324
v -0.402690 7.264416 -0.123888
vt 0.105286 0.306641
vn 0.125822 0.619832 -0.774582
v -0.398287 7.144928 -0.056918
vt 0.105042 0.264160
vn -0.432327 0.508089 0.744942
v -0.135787 7.315533 -0.004622
vt 0.005939 0.320801
vn -0.164130 0.981845 0.095085
v -0.444606 6.773473 0.235208
vt 0.121033 0.137695
vn -0.432500 0.589886 0.681894
v -0.147498 7.175582 0.039649
vt 0.005939 0.271484
vn -0.399635 0.493159 0.772713
v -0.242531 6.826346 0.316088
vt 0.005928 0.140137
vn -0.383142 0.617214 0.687204
v 0.276431 9.851689 1.518443
vt 0.245483 0.557861
vn 0.691931 0.685025 -0.227974
v 0.284021 9.880062 1.519697
vt 0.245361 0.549561
vn 0.885315 -0.218741 -0.410329
v 0.217647 9.879585 1.366519
vt 0.189453 0.559814
vn 0.741726 0.641834 -0.194655
v 0.225238 9.907958 1.367773
vt 0.189209 0.551514
vn 0.877164 -0.204163 -0.434627
v 0.338590 9.859345 1.640020
vt 0.296387 0.546143
vn 0.891038 -0.219354 -0.397410
v 0.142151 9.925852 1.211297
vt 0.125000 0.562500
vn 0.755838 0.609128 -0.240149
v 0.148705 9.954451 1.213174
vt 0.124695 0.554443
vn 0.857301 -0.174931 -0.484184
v 0.375433 9.630386 1.391906
vt 0.239258 0.644287
vn 0.755895 0.596817 -0.269132
v 0.042215 9.955594 1.026957
vt 0.047180 0.562256
vn 0.710140 0.673841 -0.204057
v 0.051451 9.995902 1.029603
vt 0.047485 0.550781
vn 0.858017 -0.155449 -0.489532
v -0.012006 9.988553 0.920137
vt 0.002554 0.558838
vn 0.806635 0.536202 -0.248649
v -0.006488 10.017377 0.922637
vt 0.002836 0.550781
vn 0.859992 -0.147220 -0.488610
v 0.079102 9.808475 0.889551
vt 0.008545 0.602783
vn 0.816484 0.497404 -0.293160
v 0.242988 9.686403 1.145875
vt 0.135864 0.640137
vn 0.800442 0.542955 -0.253953
v 0.400845 9.479850 1.108522
vt 0.165649 0.730225
vn 0.715346 0.641922 -0.276074
v 0.285333 9.664234 1.229133
vt 0.170654 0.641602
vn 0.775550 0.554434 -0.301869
v 0.510008 9.438323 1.249424
vt 0.229858 0.740234
vn 0.658051 0.683445 -0.316025
v 0.337186 9.647680 1.316273
vt 0.207886 0.643066
vn 0.760765 0.579739 -0.291787
v 0.409112 9.618554 1.449210
vt 0.263672 0.645508
vn 0.688314 0.643295 -0.335255
v 0.642785 9.498633 1.587881
vt 0.357666 0.701660
vn 0.563849 0.721418 -0.402032
v 0.331000 9.830973 1.638767
vt 0.296387 0.554199
vn 0.622447 0.726322 -0.291575
v 0.493334 9.631246 1.610995
vt 0.329834 0.634766
vn 0.642243 0.672538 -0.367719
v 0.410408 9.834137 1.834238
vt 0.347168 0.555664
vn 0.548285 0.758058 -0.353175
v 0.417861 9.862540 1.835575
vt 0.348145 0.547607
vn 0.881256 -0.214227 -0.421302
v 0.540866 9.645054 1.697816
vt 0.364014 0.628906
vn 0.576157 0.706461 -0.411043
v 0.657116 9.679622 1.871146
vt 0.435547 0.618408
vn 0.525226 0.745331 -0.410632
v 0.570822 9.844998 2.125317
vt 0.488281 0.562012
vn 0.707867 0.531147 -0.465625
v 0.578413 9.873371 2.126570
vt 0.489990 0.553955
vn 0.860040 -0.206623 -0.466516
v -0.536347 6.495530 0.185164
vt 0.909668 0.201660
vn 0.221050 0.018666 0.975084
v -0.688350 6.423920 0.222140
vt 0.909668 0.333984
vn 0.192977 0.023366 0.980925
v -0.541354 6.507549 0.178950
vt 0.923828 0.201660
vn -0.211244 0.807642 0.550537
v -0.418795 6.553342 0.149697
vt 0.929199 0.117188
vn -0.104313 0.847335 0.520713
v -0.414474 6.538711 0.157312
vt 0.912109 0.117676
vn 0.199079 0.026989 0.979612
v -0.694172 6.433706 0.217063
vt 0.923828 0.333984
vn -0.337157 0.748409 0.571147
v -0.139184 6.575798 0.103684
vt 0.909668 -0.063477
vn 0.161406 0.007389 0.986861
v -0.889822 6.277559 0.258789
vt 0.930664 0.466309
vn -0.591829 0.795986 0.127066
v -0.142370 6.594429 0.093707
vt 0.923828 -0.063477
vn -0.006113 0.859391 0.511282
v -0.036340 6.578623 0.089821
vt 0.909668 -0.128906
vn 0.133807 -0.008909 0.990967
v -0.039460 6.603314 0.076404
vt 0.923828 -0.128906
vn 0.011579 0.859287 0.511362
v -0.044548 6.603523 0.048972
vt 0.937500 -0.128906
vn -0.187519 0.860991 -0.472791
v -0.146261 6.594580 0.072986
vt 0.937500 -0.063477
vn -0.206342 0.863884 -0.459486
v -0.046517 6.579041 0.034958
vt 0.951660 -0.128906
vn -0.262310 0.005191 -0.964970
v -0.146967 6.576099 0.062242
vt 0.951660 -0.063477
vn -0.243536 0.020175 -0.969682
v -0.421932 6.553461 0.133130
vt 0.940430 0.117188
vn -0.319229 0.842103 -0.434690
v -0.043399 6.554351 0.048375
vt 0.965332 -0.128906
vn -0.143787 -0.857521 -0.493946
v -0.543871 6.507686 0.164855
vt 0.937500 0.201660
vn -0.446539 0.794906 -0.410764
v -0.420748 6.538949 0.124177
vt 0.948730 0.117676
vn -0.247742 0.026975 -0.968450
v -0.143781 6.557466 0.072219
vt 0.965332 -0.063477
vn -0.079059 -0.855297 -0.512070
v -0.696698 6.433674 0.204884
vt 0.937500 0.333984
vn -0.564031 0.734774 -0.376796
v -0.038310 6.554142 0.075807
vt 0.979492 -0.128906
vn 0.055576 -0.869930 0.490034
v -0.541383 6.495801 0.156973
vt 0.951660 0.201660
vn -0.261585 -0.000187 -0.965180
v -0.416427 6.524318 0.131791
vt 0.959961 0.118164
vn 0.056762 -0.834029 -0.548793
v -0.693401 6.423856 0.197784
vt 0.951660 0.333984
vn -0.278980 -0.000076 -0.960297
v -0.536376 6.483781 0.163186
vt 0.965332 0.201660
vn 0.175977 -0.810616 -0.558510
v -0.413290 6.524199 0.148359
vt 0.976074 0.118164
vn 0.292298 -0.838247 0.460330
v -0.139890 6.557317 0.092940
vt 0.979492 -0.063477
vn 0.128561 -0.863257 0.488118
v -0.036340 6.578623 0.089821
vt 0.993164 -0.128906
vn 0.133807 -0.008909 0.990967
v -0.139184 6.575798 0.103684
vt 0.993164 -0.063477
vn 0.161406 0.007389 0.986861
v -0.414474 6.538711 0.157312
vt 0.996094 0.117676
vn 0.199079 0.026989 0.979612
v -0.536347 6.495530 0.185164
vt 0.993164 0.201660
vn 0.221050 0.018666 0.975084
v -0.533858 6.483644 0.177282
vt 0.979492 0.201660
vn 0.423000 -0.797875 0.429497
v -0.688350 6.423920 0.222140
vt 0.993164 0.333984
vn 0.192977 0.023366 0.980925
v -0.687580 6.414070 0.202862
vt 0.965332 0.333984
vn 0.282864 -0.753640 -0.593308
v -0.883653 6.265407 0.251794
vt 0.965332 0.466309
vn 0.154670 -0.486919 -0.859644
v -0.685054 6.414102 0.215040
vt 0.979492 0.333984
vn 0.582687 -0.811246 0.048533
v -0.889822 6.277559 0.258789
vt 0.993164 0.466309
vn -0.591829 0.795986 0.127066
v -0.881086 6.265668 0.262428
vt 0.979492 0.466309
vn 0.526110 -0.468222 0.709913
v 0.005303 9.633101 -2.369222
vt 1.278320 0.096680
vn 0.507404 0.747968 0.427884
v 0.004970 9.689152 -2.364377
vt 1.271484 0.109863
vn 0.983100 -0.019725 0.182005
v 0.029628 9.551899 -2.454965
vt 1.257812 0.061035
vn 0.896437 0.442929 -0.014649
v 0.217476 9.333739 -1.963531
vt 1.415039 0.003906
vn 0.850644 0.522414 -0.059068
v 0.019059 9.624620 -1.743393
vt 1.472656 0.104980
vn 0.597408 0.801931 0.003275
v 0.019775 9.661688 -1.740245
vt 1.469727 0.117188
vn 0.999931 -0.011701 0.001314
v 0.085498 9.552851 -1.760861
vt 1.469727 0.077148
vn 0.797467 0.602751 -0.027160
v 0.227049 9.351443 -1.508350
vt 1.555664 0.001465
vn 0.832335 0.550141 -0.067551
v 0.016619 9.625030 -1.636693
vt 1.505859 0.105957
vn 0.613496 0.788610 -0.041433
v 0.017319 9.664841 -1.633307
vt 1.505859 0.118652
vn 0.997700 -0.022918 0.063789
v 0.077043 9.576756 -1.467119
vt 1.560547 0.078613
vn 0.766500 0.635842 -0.090454
v -0.000270 9.648021 -1.456386
vt 1.560547 0.109375
vn 0.518515 0.843436 -0.140565
v 0.000412 9.690746 -1.452751
vt 1.560547 0.122559
vn 0.999537 -0.019325 0.023492
v 0.237742 9.448541 -0.856082
vt 1.757812 0.000000
vn 0.850018 0.515613 -0.107759
v 0.019838 9.798045 -0.833889
vt 1.750000 0.124023
vn 0.618180 0.767792 -0.168372
v 0.015121 9.762852 -0.979912
vt 1.705078 0.118652
vn -0.020420 0.974373 -0.224010
v 0.020558 9.834388 -0.830804
vt 1.750000 0.135742
vn 0.999453 -0.031603 -0.009703
v 0.090887 9.724006 -0.844487
vt 1.750000 0.094238
vn 0.797525 0.588917 -0.130883
v 0.298020 9.441265 -0.540287
vt 1.853516 -0.010742
vn 0.852413 0.519014 -0.063383
v 0.021568 9.881369 -0.489475
vt 1.853516 0.140625
vn 0.111333 0.991697 -0.064359
v 0.024000 9.919236 -0.492519
vt 1.852539 0.153809
vn 0.998353 -0.037416 -0.043493
v 0.081832 9.775980 -0.494766
vt 1.856445 0.102051
vn 0.858001 0.513430 -0.014957
v 0.074412 9.757219 -0.374932
vt 1.892578 0.099121
vn 0.886959 0.457212 0.065273
v 0.034369 9.882607 -0.361758
vt 1.893555 0.148926
vn 0.983514 0.175504 -0.043582
v 0.034179 9.914434 -0.359008
vt 1.890625 0.160645
vn 0.995594 -0.032424 -0.087990
v 0.779818 9.262755 -1.497119
vt 0.529785 0.224609
vn -0.597559 0.678394 -0.427440
v 0.609878 9.070478 -1.582610
vt 0.507812 0.142090
vn -0.664170 0.604099 -0.440390
v 0.973323 9.266999 -1.756756
vt 0.638672 0.220215
vn -0.644840 0.656772 -0.390938
v 0.856810 9.026004 -1.908334
vt 0.648438 0.130859
vn -0.660774 0.600813 -0.449891
v 1.365183 9.420544 -2.291500
vt 0.871582 0.248047
vn 0.648126 0.505506 0.569559
v 1.385640 9.339602 -2.395113
vt 0.895508 0.194336
vn -0.731781 0.543882 -0.410717
v 1.028327 9.345494 -1.699575
vt 0.636230 0.257324
vn 0.479674 0.790876 0.380037
v 0.966335 9.334830 -1.601409
vt 0.596191 0.259766
vn 0.513790 0.784681 0.346836
v 0.848758 9.341606 -1.441217
vt 0.530273 0.263672
vn 0.491628 0.840837 0.226486
v 0.637976 9.404117 -1.060961
vt 0.386719 0.272949
vn -0.557321 0.718378 -0.416326
v 0.451173 9.359579 -0.886294
vt 0.301025 0.247070
vn -0.675544 0.593412 -0.437611
v 0.512861 9.441381 -0.833960
vt 0.301514 0.284180
vn 0.581431 0.778643 0.235909
v 0.279438 8.967722 -0.992120
vt 0.278564 0.104004
vn -0.731355 0.527071 -0.432800
v 0.318688 9.497108 -0.503407
vt 0.176392 0.302734
vn 0.095493 0.991929 0.083416
v 0.271133 9.380428 -0.545384
vt 0.171997 0.257812
vn -0.770159 0.504412 -0.390415
v 0.100225 9.443527 -0.056389
vt 0.005379 0.321289
vn 0.555812 0.732625 0.392853
v 0.095328 9.051898 -0.655604
vt 0.154175 0.138184
vn -0.770436 0.512288 -0.379460
v 0.066253 9.301233 -0.105242
vt 0.004005 0.255859
vn -0.830940 0.457497 -0.316599
v -0.100610 8.959212 -0.271588
vt 0.002060 0.123535
vn -0.802852 0.525967 -0.280691
v 0.327109 12.366330 0.422726
vt 0.961426 -0.038086
vn 0.328531 0.785423 -0.524574
v 0.206062 12.281979 0.200323
vt 0.961426 -0.182617
vn 0.310718 0.839928 -0.444944
v 0.332506 12.357118 0.421145
vt 0.948242 -0.038086
vn 0.907551 -0.039923 -0.418041
v 0.459947 12.513498 0.699577
vt 0.948242 0.249512
vn 0.737103 0.406647 -0.539739
v 0.451103 12.518791 0.703495
vt 0.961426 0.249512
vn -0.637739 0.763507 -0.101711
v 0.452557 12.507569 0.705434
vt 0.934570 0.249512
vn -0.375645 -0.676470 0.633466
v 0.318373 12.366067 0.428461
vt 0.974609 -0.038086
vn -0.633166 0.773734 -0.020893
v 0.329167 12.347641 0.425298
vt 0.934570 -0.038086
vn 0.602985 -0.793118 0.085863
v 0.320431 12.347379 0.431034
vt 0.921387 -0.038086
vn -0.224431 -0.818947 0.528163
v 0.214195 12.269681 0.199484
vt 0.948242 -0.182617
vn 0.870667 0.013902 -0.491677
v 0.210049 12.256913 0.206005
vt 0.934570 -0.182617
vn 0.584381 -0.809828 -0.051739
v 0.108396 12.208834 0.033831
vt 0.934570 -0.326172
vn 0.563199 -0.819801 -0.103598
v 0.113142 12.223176 0.026821
vt 0.948242 -0.326172
vn 0.859359 0.028726 -0.510566
v 0.104301 12.237026 0.028231
vt 0.961426 -0.326172
vn 0.318541 0.854017 -0.411323
v 0.090714 12.236533 0.036650
vt 0.974609 -0.326172
vn -0.548747 0.828339 0.112832
v 0.197768 12.256441 0.213365
vt 0.921387 -0.182617
vn -0.277554 -0.845340 0.456469
v 0.094809 12.208344 0.042250
vt 0.921387 -0.326172
vn -0.309033 -0.850825 0.424965
v 0.315034 12.356590 0.432615
vt 0.908203 -0.038086
vn -0.851129 -0.103513 0.514650
v 0.452557 12.507569 0.705434
vt 0.921387 0.249512
vn -0.375645 -0.676470 0.633466
v 0.189634 12.268738 0.214203
vt 0.908203 -0.182617
vn -0.854054 -0.039942 0.518649
v 0.085968 12.222192 0.043659
vt 0.908203 -0.326172
vn -0.852219 -0.017919 0.522878
v 0.193781 12.281507 0.207682
vt 0.974609 -0.182617
vn -0.579903 0.811085 0.076516
v 0.085968 12.222192 0.043659
vt 0.988281 -0.326172
vn -0.852219 -0.017919 0.522878
v 0.189634 12.268738 0.214203
vt 0.988281 -0.182617
vn -0.854054 -0.039942 0.518649
v 0.315034 12.356590 0.432615
vt 0.988281 -0.038086
vn -0.851129 -0.103513 0.514650
v 0.451103 12.518791 0.703495
vt 0.974609 0.249512
vn -0.637739 0.763507 -0.101711
v 0.452557 12.507569 0.705434
vt 0.988281 0.249512
vn -0.375645 -0.676470 0.633466
v -0.521447 5.087960 -0.056055
vt 0.933594 0.401367
vn -0.203918 0.822182 -0.531445
v -0.062432 5.220819 0.026634
vt 0.935059 -0.096680
vn -0.152207 0.841202 -0.518857
v -0.529512 5.083734 -0.045940
vt 0.929199 0.401367
vn -0.325441 0.930522 -0.167979
v -0.065626 5.221517 0.044107
vt 0.921875 -0.096680
vn -0.327851 0.852985 0.406115
v -0.063916 5.206646 0.054089
vt 0.908691 -0.096680
vn -0.220118 0.104085 0.969904
v -0.521418 5.077283 -0.034530
vt 0.916992 0.401855
vn -0.226916 0.111276 0.967536
v -0.057528 5.205251 0.019142
vt 0.947754 -0.096680
vn 0.180197 -0.025509 -0.983300
v -0.612204 5.044291 -0.060538
vt 0.921875 0.512939
vn -0.516699 0.771441 0.371350
v -0.610187 5.043797 -0.072021
vt 0.935059 0.512939
vn -0.319557 0.752422 -0.575972
v -0.515889 5.076497 -0.061568
vt 0.939453 0.401855
vn 0.175577 -0.014915 -0.984353
v -0.055818 5.190380 0.029124
vt 0.960938 -0.096680
vn 0.309259 -0.851333 -0.423781
v -0.605091 5.034304 -0.076595
vt 0.947754 0.512939
vn 0.174496 -0.031826 -0.984143
v -0.513094 5.065426 -0.053563
vt 0.953613 0.402344
vn 0.373110 -0.827271 -0.420015
v -0.059011 5.191078 0.046597
vt 0.974121 -0.096680
vn 0.113982 -0.811867 0.572608
v -0.602011 5.025305 -0.069686
vt 0.960938 0.512939
vn 0.455877 -0.797282 -0.395622
v -0.515859 5.065820 -0.040043
vt 0.975586 0.401855
vn 0.169761 -0.791437 0.587204
v -0.063916 5.206646 0.054089
vt 0.987305 -0.096680
vn -0.220118 0.104085 0.969904
v -0.521418 5.077283 -0.034530
vt 0.996094 0.401855
vn -0.226916 0.111276 0.967536
v -0.609124 5.035293 -0.053629
vt 0.987305 0.512939
vn -0.264421 0.046569 0.963282
v 0.828702 10.509726 1.200390
vt 0.529785 0.224609
vn 0.682823 0.679838 -0.267532
v 0.962136 10.347239 1.104563
vt 0.507812 0.142090
vn 0.728531 0.605005 -0.321264
v 0.928295 10.510464 1.460665
vt 0.638672 0.220215
vn 0.675341 0.660718 -0.327668
v 1.085361 10.305716 1.433795
vt 0.648438 0.130859
vn 0.734142 0.604931 -0.308373
v 1.135308 10.635360 1.993512
vt 0.871582 0.248047
vn -0.820450 0.507412 0.263431
v 1.200316 10.565823 2.052450
vt 0.895508 0.194336
vn 0.737310 0.551304 -0.390433
v 0.864316 10.577024 1.479169
vt 0.636230 0.257324
vn -0.580257 0.786888 0.210024
v 0.821877 10.568925 1.389256
vt 0.596191 0.259766
vn -0.570557 0.779919 0.257275
v 0.759637 10.576452 1.230158
vt 0.530273 0.263672
vn -0.453247 0.837765 0.304494
v 0.582485 10.633213 0.905472
vt 0.386719 0.272949
vn 0.651611 0.719339 -0.240739
v 0.539867 10.597755 0.686436
vt 0.301025 0.247070
vn 0.731070 0.597324 -0.329758
v 0.475664 10.667040 0.712665
vt 0.301514 0.284180
vn -0.511527 0.774514 0.372114
v 0.688680 10.265235 0.595963
vt 0.278564 0.104004
vn 0.757998 0.531102 -0.378643
v 0.327124 10.717673 0.421550
vt 0.176392 0.302734
vn -0.145215 0.986833 0.071221
v 0.377262 10.618586 0.401858
vt 0.171997 0.257812
vn 0.741737 0.511019 -0.434379
v 0.106464 10.675912 0.061124
vt 0.005379 0.321289
vn -0.621611 0.738875 0.260123
v 0.530820 10.340018 0.310778
vt 0.154175 0.138184
vn 0.730183 0.520533 -0.442580
v 0.155644 10.554854 0.054568
vt 0.004005 0.255859
vn 0.708924 0.470223 -0.525658
v 0.344877 10.264486 -0.005670
vt 0.002060 0.123535
vn 0.663320 0.538022 -0.520133
v -1.743382 11.622769 -0.354195
vt 0.023346 0.424316
vn 0.867403 0.443619 -0.225420
v -1.724275 11.681481 -0.350322
vt 0.015472 0.448730
vn 0.493146 -0.165551 -0.854049
v -1.819193 11.576053 -0.416324
vt -0.000445 0.396973
vn 0.355458 0.467750 -0.809234
v -1.475020 11.556838 -0.298172
vt 0.122681 0.431641
vn 0.320747 0.632385 -0.705132
v -1.457897 11.605319 -0.301884
vt 0.117981 0.454102
vn 0.168475 -0.057611 -0.984021
v -0.997542 11.440310 -0.213548
vt 0.299561 0.462891
vn 0.198598 -0.038918 -0.979308
v -0.989532 11.246681 -0.287603
vt 0.298340 0.399414
vn 0.311911 0.582556 -0.750560
v -1.815896 11.463738 -0.437466
vt 0.002073 0.364746
vn 0.287136 0.553674 -0.781664
v -1.043109 11.051147 -0.502964
vt 0.271973 0.301758
vn 0.290250 0.624138 -0.725401
v -0.997405 11.374044 -0.213381
vt 0.299072 0.439941
vn 0.370980 0.707764 -0.601202
v -0.453698 11.290275 -0.069832
vt 0.488770 0.474609
vn 0.220484 -0.010306 -0.975336
v -0.463911 11.140326 -0.159802
vt 0.487061 0.413086
vn 0.303247 0.646218 -0.700317
v -0.199407 10.814808 -0.403675
vt 0.555176 0.326660
vn 0.312921 0.719138 -0.620420
v -0.161609 11.034979 -0.106545
vt 0.593750 0.420898
vn 0.318450 0.662568 -0.677933
v -0.460966 11.223032 -0.070195
vt 0.491699 0.450684
vn 0.289852 0.781546 -0.552424
v -0.147884 11.238244 -0.012163
vt 0.595215 0.479980
vn 0.182598 -0.008132 -0.983154
v -0.153095 11.188773 -0.013149
vt 0.594727 0.462402
vn 0.238435 0.756277 -0.609256
v 1.177519 3.225847 -2.333582
vt 0.276367 0.111328
vn 0.729746 0.074897 0.679603
v 1.243602 3.001228 -2.295419
vt 0.258545 0.058594
vn 0.884978 0.445587 0.135154
v 1.169959 3.169107 -2.319938
vt 0.276367 0.095703
vn -0.100248 0.885139 0.454400
v 0.862654 3.645859 -1.665383
vt 0.499268 0.105957
vn 0.756742 0.628022 -0.181466
v 0.935322 3.556933 -1.600681
vt 0.498535 0.074707
vn 0.877421 0.478603 0.032740
v 1.056228 3.299728 -1.365692
vt 0.506836 -0.009766
vn 0.884206 0.462616 0.064544
v 0.733051 3.801644 -0.879393
vt 0.658203 -0.011719
vn 0.919844 0.379518 0.099260
v 0.874023 3.697834 -1.689311
vt 0.499512 0.124512
vn 0.897096 0.000184 0.441836
v 0.575779 4.223833 -1.106446
vt 0.657715 0.116211
vn 0.734148 0.651908 -0.189849
v 0.592469 4.273186 -1.139679
vt 0.651367 0.137207
vn 0.894940 -0.017514 0.445843
v 0.393054 4.580279 -0.701423
vt 0.812500 0.151367
vn 0.903357 -0.041120 0.426913
v 0.646324 4.142620 -1.058185
vt 0.650391 0.086914
vn 0.871662 0.489482 -0.024764
v 0.512397 4.324545 -0.968559
vt 0.707520 0.119629
vn 0.157036 0.842597 -0.515141
v 0.462387 4.435688 -0.608422
vt 0.814453 0.100098
vn 0.852928 0.518301 0.062275
v 0.616438 3.989362 -0.420917
vt 0.797363 -0.016602
vn 0.913803 0.383715 0.133144
v 0.521063 4.180988 -0.191038
vt 0.881348 0.004395
vn 0.888138 0.437117 0.141915
v 0.335154 4.541799 -0.362347
vt 0.894531 0.104492
vn 0.839202 0.532698 0.109424
v 0.378344 4.527899 -0.680383
vt 0.812012 0.133789
vn -0.406010 -0.824638 0.393864
v 0.272510 4.657922 -0.428437
vt 0.895020 0.143555
vn 0.815795 0.566179 0.117987
v 0.271505 4.701732 -0.428085
vt 0.895020 0.155762
vn 0.909692 -0.040723 0.413281
v -1.075221 10.206956 0.625245
vt 0.295898 0.554199
vn 0.096998 0.883785 0.457729
v -1.001183 10.033619 0.466211
vt 0.263184 0.645264
vn 0.052403 0.743235 -0.666975
v -0.968744 10.211320 0.621184
vt 0.235596 0.558838
vn -0.012642 0.809714 -0.586688
v -1.126931 10.063714 0.472329
vt 0.329346 0.634521
vn 0.187413 0.744951 -0.640253
v -1.242136 10.226671 0.615270
vt 0.356934 0.555908
vn 0.192404 0.892594 0.407746
v -0.949214 9.887256 0.282048
vt 0.229370 0.739990
vn 0.136805 0.785723 -0.603261
v -1.229949 10.081725 0.445925
vt 0.363525 0.628906
vn 0.226537 0.754326 -0.616177
v -1.218082 9.969370 0.312186
vt 0.357178 0.701660
vn 0.217007 0.776408 -0.591691
v -1.392426 10.134105 0.444082
vt 0.435059 0.618164
vn 0.184921 0.789378 -0.585394
v -1.504596 10.271291 0.630033
vt 0.487793 0.561768
vn 0.118748 0.650077 -0.750533
v -0.947190 10.035922 0.465066
vt 0.238770 0.644287
vn 0.066230 0.731820 -0.678273
v -0.783368 9.903639 0.335869
vt 0.164551 0.728271
vn 0.013644 0.757790 -0.652356
v -0.969957 10.235631 0.619374
vt 0.235352 0.551270
vn -0.000787 -0.076984 -0.997032
v -1.076508 10.231183 0.622391
vt 0.295898 0.545898
vn -0.014509 0.117804 0.992931
v -0.837510 10.220822 0.624592
vt 0.188232 0.559082
vn -0.052041 0.862242 0.503816
v -0.883953 10.043336 0.491859
vt 0.207397 0.643066
vn 0.076526 0.693636 -0.716249
v -0.799987 10.045616 0.489718
vt 0.170166 0.641357
vn -0.086008 0.663605 -0.743122
v -0.696626 10.240906 0.613777
vt 0.124084 0.561279
vn -0.012906 0.802113 0.597033
v -0.723966 10.053875 0.483681
vt 0.135376 0.639893
vn -0.139324 0.660908 -0.737421
v -0.469422 10.118968 0.492981
vt 0.008018 0.602539
vn -0.133249 0.615729 -0.776610
v -0.528137 10.241925 0.595241
vt 0.046692 0.562012
vn -0.020404 0.849293 0.527527
v -0.430371 10.256014 0.585143
vt 0.002026 0.558838
vn -0.039331 0.742722 0.668443
v -0.158546 5.524878 0.526580
vt 0.895020 0.155762
vn -0.933130 -0.044092 -0.356825
v -0.262231 5.399502 0.806093
vt 0.812500 0.151367
vn -0.926828 -0.047684 -0.372445
v -0.159182 5.481060 0.526516
vt 0.895020 0.143555
vn -0.825591 0.560939 -0.061215
v -0.248420 5.347476 0.783543
vt 0.812012 0.133789
vn 0.381606 -0.819574 -0.427406
v -0.224809 5.365107 0.463452
vt 0.894531 0.104492
vn -0.848581 0.526492 -0.052114
v -0.416224 5.037199 1.218910
vt 0.657715 0.116211
vn -0.725330 0.644571 0.241711
v -0.432109 5.086092 1.253316
vt 0.651367 0.137207
vn -0.917523 -0.029775 -0.396567
v -0.335949 5.255311 0.716305
vt 0.814453 0.100098
vn -0.859221 0.511588 -0.004259
v -0.675057 4.502563 1.814195
vt 0.499512 0.124512
vn -0.917782 -0.018674 -0.396645
v -0.417929 5.004542 0.300894
vt 0.881348 0.004395
vn -0.898651 0.430794 -0.082724
v -0.497589 4.809685 0.534528
vt 0.797363 -0.016602
vn -0.923335 0.377012 -0.072900
v -0.363034 5.139943 1.077794
vt 0.707520 0.119629
vn -0.130431 0.836145 0.532775
v -0.584545 4.616137 0.997736
vt 0.658203 -0.011719
vn -0.927083 0.372892 -0.038331
v -0.489791 4.955935 1.174137
vt 0.650391 0.086914
vn -0.871259 0.483286 0.085686
v -0.663893 4.450904 1.789400
vt 0.499268 0.105957
vn -0.752036 0.617282 0.231093
v -0.934949 4.021201 2.472109
vt 0.276367 0.111328
vn -0.764104 0.055886 -0.642668
v -0.926056 3.964598 2.458190
vt 0.276367 0.095703
vn 0.113407 0.902450 -0.415600
v -1.001450 3.796437 2.435951
vt 0.258545 0.058594
vn -0.893259 0.442287 -0.080441
v -0.740519 4.362084 1.728275
vt 0.498535 0.074707
vn -0.880627 0.472981 0.028018
v -0.873467 4.106349 1.498988
vt 0.506836 -0.009766
vn -0.889669 0.456583 -0.004514
v -0.004023 11.186815 0.204232
vt 0.908203 -0.182617
vn -0.968349 -0.005376 -0.249544
v -0.051892 11.160414 0.394344
vt 0.908203 -0.038086
vn -0.964004 -0.032897 -0.263846
v 0.003117 11.173895 0.205667
vt 0.921387 -0.182617
vn -0.464713 -0.861770 -0.203455
v 0.054184 11.186442 0.015098
vt 0.921387 -0.326172
vn -0.467401 -0.865046 -0.182296
v 0.046056 11.200805 0.014015
vt 0.908203 -0.326172
vn -0.966557 -0.017788 -0.255832
v 0.069423 11.186699 0.019462
vt 0.934570 -0.326172
vn 0.514257 -0.853324 0.085898
v -0.046393 11.151132 0.394296
vt 0.921387 -0.038086
vn -0.396065 -0.898717 -0.188257
v -0.166477 11.136118 0.769763
vt 0.908203 0.249512
vn -0.959351 0.003077 -0.282199
v -0.157232 11.130541 0.771875
vt 0.921387 0.249512
vn 0.276769 -0.959298 0.056095
v 0.016721 11.174081 0.209784
vt 0.934570 -0.182617
vn 0.528593 -0.846106 0.068510
v -0.036375 11.151333 0.396874
vt 0.934570 -0.038086
vn 0.566803 -0.817941 0.098522
v -0.157232 11.130541 0.771875
vt 0.934570 0.249512
vn 0.276769 -0.959298 0.056095
v 0.023184 11.187190 0.212466
vt 0.948242 -0.182617
vn 0.960027 0.021877 0.279052
v 0.076533 11.201317 0.022744
vt 0.948242 -0.326172
vn 0.962397 0.009964 0.271465
v -0.031855 11.160821 0.399501
vt 0.948242 -0.038086
vn 0.951036 0.065073 0.302153
v -0.157708 11.141964 0.773067
vt 0.948242 0.249512
vn 0.382512 0.893421 0.235550
v 0.068404 11.215678 0.021662
vt 0.961426 -0.326172
vn 0.460112 0.865416 0.198373
v -0.037354 11.170105 0.399549
vt 0.961426 -0.038086
vn 0.459891 0.854889 0.240136
v 0.016044 11.200109 0.211031
vt 0.961426 -0.182617
vn 0.448292 0.863956 0.229380
v 0.053166 11.215423 0.017298
vt 0.974609 -0.326172
vn -0.527433 0.846549 -0.071903
v 0.002441 11.199922 0.206914
vt 0.974609 -0.182617
vn -0.527257 0.848826 -0.038663
v 0.046056 11.200805 0.014015
vt 0.988281 -0.326172
vn -0.966557 -0.017788 -0.255832
v -0.004023 11.186815 0.204232
vt 0.988281 -0.182617
vn -0.968349 -0.005376 -0.249544
v -0.047372 11.169902 0.396971
vt 0.974609 -0.038086
vn -0.473637 0.880064 -0.033985
v -0.157708 11.141964 0.773067
vt 0.961426 0.249512
vn 0.382512 0.893421 0.235550
v -0.051892 11.160414 0.394344
vt 0.988281 -0.038086
vn -0.964004 -0.032897 -0.263846
v -0.157708 11.141964 0.773067
vt 0.974609 0.249512
vn 0.382512 0.893421 0.235550
v -0.166477 11.136118 0.769763
vt 0.988281 0.249512
vn -0.959351 0.003077 -0.282199
v 1.757306 12.829013 0.137320
vt 0.023346 0.424316
vn -0.891181 0.263589 0.369211
v 1.726483 12.881949 0.135583
vt 0.015472 0.448730
vn -0.342770 -0.227933 0.911348
v 1.847924 12.802752 0.186733
vt -0.000445 0.396973
vn -0.338225 0.408989 0.847545
v 1.503897 12.702529 0.119090
vt 0.122681 0.431641
vn -0.360266 0.578418 0.731875
v 1.478053 12.746216 0.123697
vt 0.117981 0.454102
vn -0.024833 -0.046514 0.998609
v 1.054673 12.478829 0.102338
vt 0.299561 0.462891
vn -0.055511 -0.033519 0.997895
v 1.095112 12.290811 0.178759
vt 0.298340 0.399414
vn -0.332256 0.534013 0.777455
v 1.869996 12.693134 0.209256
vt 0.002073 0.364746
vn -0.298049 0.512925 0.805031
v 1.212995 12.120227 0.386584
vt 0.271973 0.301758
vn -0.324561 0.579140 0.747835
v 1.067888 12.414062 0.102847
vt 0.299072 0.439941
vn -0.437047 0.637016 0.634981
v 0.540597 12.205264 0.037660
vt 0.488770 0.474609
vn -0.084040 -0.009933 0.996413
v 0.591832 12.064605 0.126863
vt 0.487061 0.413086
vn -0.344246 0.595295 0.726029
v 0.431448 11.697186 0.408822
vt 0.555176 0.326660
vn -0.381652 0.661802 0.645259
v 0.313789 11.892143 0.117515
vt 0.593750 0.420898
vn -0.367351 0.607896 0.703929
v 0.561185 12.141209 0.038658
vt 0.491699 0.450684
vn -0.381521 0.722292 0.576833
v 0.247854 12.083929 0.023905
vt 0.595215 0.479980
vn -0.047119 0.000399 0.998889
v 0.263001 12.036805 0.024641
vt 0.594727 0.462402
vn -0.322133 0.717724 0.617335
v 0.024898 7.961260 -0.754010
vt 0.979492 0.333984
vn -0.098215 -0.959632 0.263554
v 0.032574 7.989279 -0.580040
vt 0.979492 0.201660
vn -0.466629 -0.876743 0.116529
v 0.036798 7.961912 -0.754452
vt 0.965332 0.333984
vn 0.576131 -0.792715 0.199190
v 0.033634 7.865431 -0.994200
vt 0.979492 0.466309
vn -0.753811 -0.619317 0.219579
v 0.038015 7.879241 -0.999460
vt 0.993164 0.466309
vn -0.007831 0.922799 -0.385202
v 0.018341 7.971625 -0.756174
vt 0.993164 0.333984
vn -0.999435 -0.031381 -0.012046
v 0.044095 7.865869 -0.995003
vt 0.965332 0.466309
vn 0.857216 -0.468757 0.213183
v 0.025060 8.001431 -0.581041
vt 0.993164 0.201660
vn -0.983265 -0.026586 -0.180233
v 0.038015 7.879241 -0.999460
vt 0.930664 0.466309
vn -0.007831 0.922799 -0.385202
v 0.029349 8.011531 -0.444323
vt 0.996094 0.117676
vn -0.999493 -0.024302 0.020573
v 0.046273 7.990095 -0.580106
vt 0.965332 0.201660
vn 0.566298 -0.822155 0.058027
v 0.038199 7.997173 -0.445069
vt 0.976074 0.118164
vn -0.472817 -0.880961 -0.018744
v 0.043824 7.958028 -0.154780
vt 0.979492 -0.063477
vn -0.471433 -0.863762 -0.177948
v 0.032808 7.975736 -0.151508
vt 0.993164 -0.063477
vn -0.999273 -0.032985 -0.019140
v 0.028742 7.951663 -0.045804
vt 0.993164 -0.128906
vn -0.997848 -0.044195 -0.048438
v 0.043301 7.928474 -0.051208
vt 0.979492 -0.128906
vn -0.463792 -0.851349 -0.245157
v 0.042140 7.972927 -0.757060
vt 0.951660 0.333984
vn 0.995184 0.076925 -0.060762
v 0.054331 7.998139 -0.445334
vt 0.959961 0.118164
vn 0.576222 -0.815271 -0.057463
v 0.063994 7.959229 -0.155079
vt 0.965332 -0.063477
vn 0.563369 -0.803488 -0.192414
v 0.069993 7.930058 -0.051538
vt 0.965332 -0.128906
vn 0.549977 -0.795069 -0.255716
v 0.052457 8.003063 -0.581174
vt 0.951660 0.201660
vn 0.995489 0.063215 -0.070747
v 0.061613 8.013464 -0.444854
vt 0.948730 0.117676
vn 0.995147 0.084133 -0.051035
v 0.073149 7.978140 -0.152107
vt 0.951660 -0.063477
vn 0.995901 0.076111 -0.048865
v 0.082127 7.954829 -0.046466
vt 0.951660 -0.128906
vn 0.995457 0.064106 -0.070400
v 0.035582 7.983290 -0.759225
vt 0.937500 0.333984
vn 0.434616 0.859598 -0.268702
v 0.023682 7.982638 -0.758782
vt 0.923828 0.333984
vn -0.555366 0.796231 -0.239967
v 0.044942 8.015216 -0.582175
vt 0.937500 0.201660
vn 0.452440 0.880245 -0.143060
v 0.062133 7.995847 -0.148835
vt 0.937500 -0.063477
vn 0.456600 0.883766 0.102345
v 0.067569 7.978017 -0.041063
vt 0.937500 -0.128906
vn 0.462627 0.878142 0.121833
v 0.052763 8.027821 -0.444109
vt 0.940430 0.117188
vn 0.451828 0.892036 -0.011061
v 0.041963 7.994645 -0.148536
vt 0.923828 -0.063477
vn -0.247811 0.958398 0.141644
v 0.040876 7.976435 -0.040732
vt 0.923828 -0.128906
vn -0.557145 0.819743 0.132704
v 0.032808 7.975736 -0.151508
vt 0.909668 -0.063477
vn -0.999273 -0.032985 -0.019140
v 0.028742 7.951663 -0.045804
vt 0.909668 -0.128906
vn -0.997848 -0.044195 -0.048438
v 0.029349 8.011531 -0.444323
vt 0.912109 0.117676
vn -0.999493 -0.024302 0.020573
v 0.036632 8.026855 -0.443843
vt 0.929199 0.117188
vn -0.542360 0.839823 0.023312
v 0.025060 8.001431 -0.581041
vt 0.909668 0.201660
vn -0.983265 -0.026586 -0.180233
v 0.031244 8.014400 -0.582108
vt 0.923828 0.201660
vn -0.552752 0.828544 -0.089335
v 0.018341 7.971625 -0.756174
vt 0.909668 0.333984
vn -0.999435 -0.031381 -0.012046
v 0.523595 12.020560 -0.987125
vt 0.298340 0.399414
vn 0.682367 0.558505 0.471644
v 0.319943 11.852614 -0.480820
vt 0.487061 0.413086
vn 0.632684 0.621318 0.462250
v 0.448888 12.146146 -0.995585
vt 0.299072 0.439941
vn 0.518395 0.680497 0.517871
v 0.743442 11.837719 -1.024718
vt 0.271973 0.301758
vn 0.660197 0.599797 0.452088
v 0.518985 11.505616 -0.200506
vt 0.555176 0.326660
vn 0.547419 0.692980 0.469160
v 0.793617 12.332848 -1.786878
vt 0.002073 0.364746
vn 0.718084 0.531012 0.449869
v 0.223692 11.712621 -0.190550
vt 0.593750 0.420898
vn 0.605886 0.636690 0.476999
v 0.769680 12.444321 -1.782753
vt -0.000445 0.396973
vn 0.740819 0.439411 0.508040
v 0.232523 11.932200 -0.484510
vt 0.491699 0.450684
vn 0.482332 0.755905 0.442678
v 0.127111 11.862152 -0.182869
vt 0.594727 0.462402
vn 0.553695 0.728822 0.402792
v 0.124196 11.910720 -0.172452
vt 0.595215 0.479980
vn 0.944751 -0.002237 0.327781
v 0.227354 11.998219 -0.470838
vt 0.488770 0.474609
vn 0.933376 -0.007636 0.358820
v 0.447268 12.212038 -0.988792
vt 0.299561 0.462891
vn 0.941758 -0.037005 0.334249
v 0.601794 12.383591 -1.452107
vt 0.122681 0.431641
vn 0.634345 0.606470 0.479375
v 0.600475 12.429960 -1.429140
vt 0.117981 0.454102
vn 0.950129 -0.048018 0.308139
v 0.687387 12.536784 -1.686306
vt 0.015472 0.448730
vn 0.788383 -0.183127 0.587297
v 0.697490 12.480665 -1.710669
vt 0.023346 0.424316
vn 0.107365 0.369167 0.923141
v -0.248124 10.340646 0.375433
vt 0.722168 0.480957
vn -0.163534 0.985836 -0.037208
v 0.023245 10.331210 0.044717
vt 0.887207 0.496094
vn -0.480512 0.751096 -0.452729
v -0.245972 10.378636 0.372288
vt 0.720703 0.496582
vn -0.750415 0.037468 -0.659905
v 0.029179 10.360440 0.046346
vt 0.883301 0.514404
vn -0.764695 0.077469 -0.639718
v -0.459487 10.303496 0.601480
vt 0.597168 0.475586
vn -0.735416 -0.014374 -0.677463
v -0.284976 10.242402 0.336938
vt 0.726074 0.433105
vn -0.661255 0.492897 -0.565504
v -0.006984 10.208309 0.032986
vt 0.887207 0.429688
vn -0.649217 0.444890 -0.616920
v -0.461421 10.269311 0.604309
vt 0.597168 0.461914
vn -0.558330 0.768210 -0.313244
v -0.164949 9.911565 -0.075481
vt 0.886719 0.297363
vn -0.595659 0.533006 -0.600911
v -0.455712 9.922805 0.224503
vt 0.722656 0.295410
vn -0.642060 0.519061 -0.564211
v -0.842932 10.177305 1.032199
vt 0.367676 0.457031
vn -0.706904 -0.023289 -0.706926
v -0.514301 10.198103 0.564193
vt 0.596680 0.424805
vn -0.667566 0.579398 -0.467605
v -0.617636 9.935429 0.476164
vt 0.606934 0.311035
vn -0.689859 0.503536 -0.520140
v -0.845207 10.137115 1.035525
vt 0.367920 0.440918
vn -0.481854 0.828415 -0.285562
v -0.969461 10.155027 1.140967
vt 0.301514 0.453613
vn -0.672703 -0.034969 -0.739086
v -0.902349 10.068378 0.991057
vt 0.367676 0.407227
vn -0.619952 0.619585 -0.481429
v -1.027026 9.853287 0.919278
vt 0.362305 0.313965
vn -0.649060 0.537988 -0.537857
v -0.970926 10.117591 1.144687
vt 0.301758 0.438477
vn -0.470559 0.780527 -0.411524
v -1.039451 10.153491 1.210361
vt 0.258301 0.451660
vn -0.717067 -0.023598 -0.696605
v -1.095648 10.049752 1.180856
vt 0.258545 0.405273
vn -0.594887 0.589077 -0.546898
v -1.311612 9.843163 1.228743
vt 0.192261 0.316406
vn -0.656146 0.508456 -0.557624
v -1.041426 10.118624 1.213247
vt 0.261719 0.436523
vn -0.429828 0.789814 -0.437541
v -1.430177 10.188361 1.633353
vt 0.018311 0.450684
vn -0.683796 -0.021586 -0.729354
v -1.433163 10.135621 1.637717
vt 0.026291 0.426758
vn -0.540823 0.517969 -0.662736
v -1.502349 10.059791 1.680927
vt 0.001349 0.384766
vn -0.660319 0.426390 -0.618200
v 0.162020 11.212101 -0.230070
vt 0.934570 -0.182617
vn -0.418613 -0.849592 -0.320870
v 0.070489 11.187263 -0.057850
vt 0.934570 -0.326172
vn -0.395873 -0.855459 -0.333877
v 0.174413 11.211968 -0.222905
vt 0.921387 -0.182617
vn 0.491180 -0.856827 0.156807
v 0.084427 11.187114 -0.050068
vt 0.921387 -0.326172
vn 0.500604 -0.854660 0.137663
v 0.179918 11.224822 -0.217790
vt 0.908203 -0.182617
vn 0.891396 0.003188 0.453215
v 0.090838 11.201504 -0.044829
vt 0.908203 -0.326172
vn 0.889624 -0.012710 0.456517
v 0.267925 11.235795 -0.393132
vt 0.908203 -0.038086
vn 0.885797 -0.085719 0.456089
v 0.263389 11.226344 -0.395858
vt 0.921387 -0.038086
vn 0.430955 -0.894199 0.121185
v 0.458755 11.285987 -0.730220
vt 0.908203 0.249512
vn 0.829839 0.269780 0.488453
v 0.450695 11.280350 -0.735329
vt 0.921387 0.249512
vn -0.366383 -0.839676 -0.400884
v 0.254163 11.226426 -0.400689
vt 0.934570 -0.038086
vn -0.406713 -0.851123 -0.331925
v 0.450695 11.280350 -0.735329
vt 0.934570 0.249512
vn -0.366383 -0.839676 -0.400884
v 0.249473 11.235959 -0.402794
vt 0.948242 -0.038086
vn -0.860992 -0.060784 -0.504974
v 0.155133 11.225088 -0.232121
vt 0.948242 -0.182617
vn -0.878594 0.018794 -0.477199
v 0.062963 11.201804 -0.060393
vt 0.948242 -0.326172
vn -0.881288 0.002981 -0.472570
v 0.069374 11.216197 -0.055154
vt 0.961426 -0.326172
vn -0.486235 0.860993 -0.149223
v 0.254009 11.245410 -0.400068
vt 0.961426 -0.038086
vn -0.476351 0.856215 -0.199964
v 0.450695 11.280350 -0.735329
vt 0.948242 0.249512
vn -0.366383 -0.839676 -0.400884
v 0.160638 11.237941 -0.227006
vt 0.961426 -0.182617
vn -0.469632 0.864723 -0.178045
v 0.083312 11.216047 -0.047372
vt 0.974609 -0.326172
vn 0.420800 0.846633 0.325792
v 0.450395 11.291814 -0.734561
vt 0.961426 0.249512
vn -0.462338 0.871645 -0.162723
v 0.173031 11.237809 -0.219841
vt 0.974609 -0.182617
vn 0.423508 0.857411 0.292382
v 0.090838 11.201504 -0.044829
vt 0.988281 -0.326172
vn 0.889624 -0.012710 0.456517
v 0.179918 11.224822 -0.217790
vt 0.988281 -0.182617
vn 0.891396 0.003188 0.453215
v 0.263236 11.245327 -0.395237
vt 0.974609 -0.038086
vn 0.475803 0.814379 0.332263
v 0.458755 11.285987 -0.730220
vt 0.988281 0.249512
vn 0.829839 0.269780 0.488453
v 0.267925 11.235795 -0.393132
vt 0.988281 -0.038086
vn 0.885797 -0.085719 0.456089
v 1.631939 10.084352 -0.096208
vt 0.329834 0.634766
vn -0.023038 0.870570 -0.491505
v 1.475436 10.183645 0.049405
vt 0.296387 0.554199
vn -0.509054 0.715097 0.479062
v 1.496632 10.032968 -0.174878
vt 0.263672 0.645508
vn 0.043240 0.866522 -0.497262
v 1.627947 10.226327 0.153697
vt 0.357422 0.555908
vn -0.573014 0.679415 0.458312
v 1.370616 10.173822 -0.007265
vt 0.236206 0.559082
vn -0.448052 0.675013 0.586180
v 1.703886 10.118706 -0.053804
vt 0.364014 0.628906
vn -0.111913 0.869191 -0.481646
v 1.761070 10.035589 -0.218145
vt 0.357666 0.701660
vn -0.121116 0.877892 -0.463289
v 1.859468 10.201990 0.021091
vt 0.435547 0.618408
vn -0.164517 0.880936 -0.443718
v 1.881068 10.312529 0.288189
vt 0.488281 0.562012
vn -0.572659 0.479282 0.665094
v 1.517474 9.918124 -0.412205
vt 0.229858 0.740234
vn 0.016416 0.890315 -0.455049
v 1.440989 10.026725 -0.197452
vt 0.239258 0.644287
vn 0.153928 0.857312 -0.491245
v 1.244424 10.167072 -0.083758
vt 0.188721 0.559326
vn -0.371866 0.691481 0.619331
v 1.371133 10.022454 -0.230153
vt 0.207886 0.643066
vn 0.149813 0.842860 -0.516860
v 1.359250 9.902132 -0.451437
vt 0.165649 0.730225
vn 0.100826 0.880409 -0.463372
v 1.286550 10.011499 -0.264435
vt 0.170654 0.641602
vn 0.164932 0.825639 -0.539553
v 1.099636 10.168504 -0.150274
vt 0.124634 0.561523
vn -0.344002 0.639735 0.687315
v 1.208500 10.009299 -0.299677
vt 0.135864 0.640137
vn 0.217630 0.828425 -0.516091
v 0.928954 10.033266 -0.379840
vt 0.008545 0.602783
vn 0.221940 0.793760 -0.566292
v 0.928409 10.144783 -0.227906
vt 0.047180 0.562256
vn -0.320601 0.690959 0.647912
v 0.826913 10.145755 -0.272271
vt 0.002554 0.558838
vn -0.323766 0.572499 0.753273
v -1.071550 12.471593 -1.381626
vt 0.023346 0.424316
vn 0.850718 0.369597 0.373732
v -1.055199 12.527844 -1.361725
vt 0.015472 0.448730
vn 0.899637 -0.183910 -0.396018
v -1.098459 12.434995 -1.482450
vt -0.000445 0.396973
vn 0.805869 0.444838 -0.390761
v -0.894877 12.375917 -1.174138
vt 0.122681 0.431641
vn 0.727065 0.610475 -0.314160
v -0.876305 12.422426 -1.162358
vt 0.117981 0.454102
vn 0.734786 -0.048012 -0.676597
v -0.571769 12.206907 -0.816881
vt 0.299561 0.462891
vn 0.754695 -0.036140 -0.655080
v -0.533834 12.015658 -0.886703
vt 0.298340 0.399414
vn 0.745045 0.561759 -0.359631
v -1.090159 12.323565 -1.506445
vt 0.002073 0.364746
vn 0.743445 0.534847 -0.401533
v -0.463044 11.833196 -1.107718
vt 0.271973 0.301758
vn 0.717343 0.601414 -0.351738
v -0.576342 12.140977 -0.821458
vt 0.299072 0.439941
vn 0.705508 0.681722 -0.193685
v -0.232176 11.995799 -0.373743
vt 0.488770 0.474609
vn 0.771344 -0.010517 -0.636331
v -0.196933 11.850393 -0.464061
vt 0.487061 0.413086
vn 0.712562 0.623947 -0.320850
v 0.135205 11.505759 -0.518916
vt 0.555176 0.326660
vn 0.677511 0.692423 -0.248049
v 0.005975 11.711996 -0.240726
vt 0.593750 0.420898
vn 0.712421 0.636703 -0.295069
v -0.241662 11.929702 -0.384127
vt 0.491699 0.450684
vn 0.620212 0.758336 -0.200657
v -0.025922 11.909927 -0.140308
vt 0.595215 0.479980
vn 0.748705 -0.005536 -0.662880
v -0.033090 11.861301 -0.147774
vt 0.594727 0.462402
vn 0.608599 0.746486 -0.269010
v -0.712078 11.837037 0.690332
vt 0.299561 0.462891
vn -0.678382 -0.020293 -0.734429
v -1.072996 11.887922 1.051641
vt 0.122681 0.431641
vn -0.414258 0.693537 -0.589403
v -0.723916 11.773200 0.702698
vt 0.299072 0.439941
vn -0.301548 0.761687 -0.573500
v -1.268511 11.994133 1.233150
vt 0.015472 0.448730
vn -0.407890 -0.126961 -0.904161
v -0.310845 11.655800 0.353840
vt 0.491699 0.450684
vn -0.271148 0.808898 -0.521692
v -0.298743 11.721002 0.341226
vt 0.488770 0.474609
vn -0.675377 -0.018474 -0.737241
v -0.099414 11.612010 0.148036
vt 0.594727 0.462402
vn -0.360061 0.757305 -0.544835
v -0.090678 11.659978 0.138560
vt 0.595215 0.479980
vn -0.698985 -0.010871 -0.715053
v -0.175436 11.519014 0.097783
vt 0.593750 0.420898
vn -0.383037 0.722466 -0.575608
v -0.390398 11.577750 0.310902
vt 0.487061 0.413086
vn -0.396816 0.692905 -0.602013
v -0.475828 11.317229 0.011382
vt 0.553223 0.314453
vn -0.387636 0.719998 -0.575623
v -1.015565 11.449364 0.604788
vt 0.271973 0.301758
vn -0.458429 0.636398 -0.620355
v -0.790263 11.681452 0.663172
vt 0.298340 0.399414
vn -0.432420 0.641022 -0.634117
v -1.278957 11.934159 1.245553
vt 0.023346 0.424316
vn 0.340350 0.527078 -0.778686
v -1.369697 11.881575 1.269590
vt -0.000445 0.396973
vn -0.595324 0.397261 -0.698407
v -1.392953 11.796077 1.262216
vt 0.002073 0.364746
vn -0.771853 0.260007 -0.580206
v 0.139505 10.521117 -0.901683
vt 0.301025 0.247070
vn -0.815755 0.568284 -0.107688
v 0.186595 10.542802 -1.144753
vt 0.407715 0.236328
vn -0.792345 0.604591 -0.081603
v 0.200239 10.594771 -0.876386
vt 0.301025 0.284180
vn 0.594103 0.792424 0.138224
v 0.239715 10.605458 -1.113701
vt 0.403809 0.272461
vn 0.569368 0.802415 0.178748
v 0.159137 10.585206 -0.635485
vt 0.196655 0.300293
vn 0.670402 0.709492 0.217212
v 0.342288 10.653389 -1.546237
vt 0.596191 0.260742
vn 0.620905 0.756377 0.205841
v 0.274576 10.580941 -1.572743
vt 0.596191 0.218262
vn -0.753277 0.655123 -0.058208
v 0.403865 10.704071 -1.946954
vt 0.771973 0.250977
vn 0.712482 0.683188 0.160073
v 0.446928 10.717506 -2.173971
vt 0.871582 0.236816
vn 0.710420 0.543204 0.447474
v 0.422431 10.670165 -2.244122
vt 0.894531 0.208984
vn -0.756515 0.648882 -0.081473
v 0.361778 10.603417 -2.260109
vt 0.891113 0.176758
vn -0.720482 0.690054 -0.068780
v 0.119635 10.415725 -1.625616
vt 0.593262 0.127441
vn -0.776898 0.627508 -0.051611
v 0.034339 10.269390 -1.070296
vt 0.344971 0.125000
vn -0.866440 0.489381 -0.098937
v -0.050463 10.153423 -0.884941
vt 0.252441 0.098145
vn -0.852218 0.509269 -0.119869
v 0.048058 10.451027 -0.223536
vt 0.005939 0.271484
vn -0.876638 0.460207 -0.140411
v -0.161195 10.185929 -0.312634
vt 0.004803 0.143066
vn -0.833656 0.539398 -0.118609
v 0.123340 10.560786 -0.389590
vt 0.089417 0.309082
vn 0.697023 0.697642 0.165690
v 0.081618 10.558931 -0.197767
vt 0.005939 0.321777
vn 0.868342 0.456704 0.193400
v 1.446609 14.219342 -0.288539
vt -0.000445 0.396973
vn -0.049401 0.228878 0.972201
v 1.216986 13.968760 -0.216482
vt 0.115601 0.397949
vn -0.071505 0.385681 0.919857
v 1.361302 14.251778 -0.306663
vt 0.023346 0.424316
vn -0.592557 0.300671 0.747311
v 1.358136 14.313431 -0.305835
vt 0.015472 0.448730
vn -0.341971 -0.030237 0.939224
v 1.460777 14.121446 -0.272605
vt 0.002073 0.364746
vn 0.085795 0.220073 0.971703
v 1.150384 14.101004 -0.249983
vt 0.117981 0.454102
vn 0.308887 -0.065606 0.948833
v 1.286098 13.834199 -0.154247
vt 0.103149 0.341309
vn -0.066445 0.405615 0.911626
v 1.166932 14.060236 -0.259555
vt 0.122681 0.431641
vn -0.262246 0.500097 0.825306
v 0.852908 13.833043 -0.169495
vt 0.299561 0.462891
vn 0.261182 -0.028935 0.964856
v 0.858299 13.775208 -0.170869
vt 0.299072 0.439941
vn -0.291866 0.631404 0.718431
v 0.458653 13.593269 -0.098655
vt 0.488770 0.474609
vn 0.213967 -0.004322 0.976831
v 0.888022 13.677344 -0.110985
vt 0.298340 0.399414
vn -0.083539 0.467969 0.879788
v 0.983425 13.530361 -0.059452
vt 0.271973 0.301758
vn -0.024541 0.439224 0.898043
v 0.510666 13.465139 -0.033676
vt 0.487061 0.413086
vn -0.095020 0.541348 0.835412
v 0.623253 13.252808 0.142757
vt 0.464600 0.318848
vn -0.108335 0.545707 0.830944
v 0.470376 13.535287 -0.101593
vt 0.491699 0.450684
vn -0.238619 0.725387 0.645659
v 0.202021 13.481160 -0.029788
vt 0.595215 0.479980
vn 0.257877 0.003165 0.966173
v 0.210646 13.438503 -0.031949
vt 0.594727 0.462402
vn -0.160949 0.753834 0.637047
v 0.261714 13.306928 0.031406
vt 0.593750 0.420898
vn -0.111628 0.547375 0.829409
v 0.397247 13.124188 0.177198
vt 0.555176 0.326660
vn -0.166811 0.558156 0.812795
v 0.000291 9.329523 0.095665
vt 0.004005 0.255859
vn 0.310283 0.475256 0.823320
v -0.439990 9.315231 0.279318
vt 0.171997 0.257812
vn 0.206189 0.507984 0.836324
v -0.014730 9.469466 0.052333
vt 0.005379 0.321289
vn -0.256115 0.780801 -0.569873
v -0.474465 9.429064 0.222085
vt 0.176392 0.302734
vn -0.213421 0.974241 -0.072839
v -0.326525 8.990164 0.464001
vt 0.154175 0.138184
vn 0.212879 0.516937 0.829131
v 0.074084 8.981027 0.314433
vt 0.002060 0.123535
vn 0.304648 0.550239 0.777449
v -0.659413 8.834508 0.576038
vt 0.278564 0.104004
vn 0.143482 0.519242 0.842497
v -0.783100 9.221444 0.401388
vt 0.301025 0.247070
vn 0.084668 0.581597 0.809059
v -0.809128 9.304893 0.323444
vt 0.301514 0.284180
vn -0.410567 0.758457 -0.506141
v -1.290213 8.806810 0.782975
vt 0.507812 0.142090
vn 0.073056 0.587157 0.806169
v -1.037239 9.218983 0.400609
vt 0.386719 0.272949
vn -0.011023 0.693078 0.720778
v -1.392504 8.994409 0.612139
vt 0.529785 0.224609
vn 0.020056 0.653651 0.756530
v -1.420443 9.074881 0.528326
vt 0.530273 0.263672
vn -0.362446 0.822908 -0.437555
v -1.606316 9.030755 0.562596
vt 0.596191 0.259766
vn -0.286066 0.784852 -0.549703
v -1.698426 8.937585 0.666553
vt 0.638672 0.220215
vn 0.083670 0.643362 0.760976
v -1.715294 9.019196 0.591617
vt 0.636230 0.257324
vn -0.238841 0.801791 -0.547802
v -1.668851 8.686204 0.845201
vt 0.648438 0.130859
vn 0.063855 0.582165 0.810559
v -2.347464 8.963449 0.792330
vt 0.871582 0.248047
vn -0.178447 0.540609 -0.822131
v -2.414362 8.864777 0.848986
vt 0.895508 0.194336
vn 0.155895 0.539487 0.827436
v 0.805652 13.082530 0.120245
vt 0.948242 0.249512
vn -0.014836 0.458176 -0.888737
v 0.517226 12.932879 0.055442
vt 0.948242 -0.038086
vn 0.236889 -0.075406 -0.968606
v 0.804615 13.077023 0.129176
vt 0.934570 0.249512
vn 0.226673 -0.624113 0.747731
v 0.516753 12.923974 0.060261
vt 0.934570 -0.038086
vn 0.401006 -0.822125 -0.404110
v 0.515744 12.923790 0.070214
vt 0.921387 -0.038086
vn 0.253772 -0.832245 0.492919
v 0.516692 12.941602 0.060576
vt 0.961426 -0.038086
vn -0.193218 0.792826 -0.578009
v 0.804184 13.087685 0.129306
vt 0.961426 0.249512
vn -0.468952 0.792706 0.389488
v 0.515683 12.941418 0.070529
vt 0.974609 -0.038086
vn -0.373824 0.790609 0.484967
v 0.804615 13.077023 0.129176
vt 0.921387 0.249512
vn 0.226673 -0.624113 0.747731
v 0.515209 12.932511 0.075348
vt 0.908203 -0.038086
vn -0.100125 -0.099218 0.990016
v 0.282257 12.856043 0.039115
vt 0.921387 -0.182617
vn 0.112867 -0.861199 0.495577
v 0.280143 12.867951 0.045954
vt 0.908203 -0.182617
vn -0.119514 -0.038703 0.992078
v 0.101224 12.831462 0.013564
vt 0.921387 -0.326172
vn 0.049962 -0.872810 0.485496
v 0.099344 12.844778 0.021287
vt 0.908203 -0.326172
vn -0.130505 -0.036517 0.990775
v 0.103150 12.831755 -0.001629
vt 0.934570 -0.326172
vn 0.189075 -0.849295 -0.492898
v 0.284174 12.856297 0.025525
vt 0.934570 -0.182617
vn 0.248807 -0.842572 -0.477670
v 0.103196 12.845364 -0.009100
vt 0.948242 -0.326172
vn 0.152332 0.000522 -0.988329
v 0.283978 12.868461 0.018774
vt 0.948242 -0.182617
vn 0.156579 -0.002029 -0.987663
v 0.101316 12.858681 -0.001378
vt 0.961426 -0.326172
vn -0.027613 0.861209 -0.507500
v 0.281864 12.880367 0.025613
vt 0.961426 -0.182617
vn -0.086920 0.855101 -0.511123
v 0.099390 12.858387 0.013816
vt 0.974609 -0.326172
vn -0.172719 0.845883 0.504629
v 0.279947 12.880115 0.039203
vt 0.974609 -0.182617
vn -0.227617 0.834213 0.502275
v 0.099344 12.844778 0.021287
vt 0.988281 -0.326172
vn -0.130505 -0.036517 0.990775
v 0.280143 12.867951 0.045954
vt 0.988281 -0.182617
vn -0.119514 -0.038703 0.992078
v 0.515209 12.932511 0.075348
vt 0.988281 -0.038086
vn -0.100125 -0.099218 0.990016
v 0.804184 13.087685 0.129306
vt 0.974609 0.249512
vn -0.468952 0.792706 0.389488
v 0.804615 13.077023 0.129176
vt 0.988281 0.249512
vn 0.226673 -0.624113 0.747731
v -0.820684 14.935610 -0.304083
vt 0.117981 0.454102
vn 0.206275 -0.075923 -0.975544
v -0.984113 15.095924 -0.352037
vt 0.023346 0.424316
vn 0.929765 0.187030 -0.317106
v -0.842074 14.902978 -0.304865
vt 0.122681 0.431641
vn 0.718981 0.418343 -0.555027
v -0.974086 15.148714 -0.349449
vt 0.015472 0.448730
vn 0.769600 -0.115438 -0.628004
v -0.597126 14.661745 -0.236387
vt 0.299561 0.462891
vn 0.265071 -0.045922 -0.963135
v -1.043540 15.078447 -0.407145
vt -0.000445 0.396973
vn 0.582766 0.177631 -0.792989
v -0.872015 14.828882 -0.363638
vt 0.115601 0.397949
vn 0.594967 0.329632 -0.733047
v -1.059060 14.995150 -0.428459
vt 0.002073 0.364746
vn 0.464641 0.185116 -0.865934
v -0.913473 14.719353 -0.446101
vt 0.103149 0.341309
vn 0.587727 0.348223 -0.730286
v -0.608799 14.612576 -0.238742
vt 0.299072 0.439941
vn 0.710045 0.546831 -0.443635
v -0.302125 14.399821 -0.116313
vt 0.488770 0.474609
vn 0.322394 -0.024830 -0.946280
v -0.617313 14.529616 -0.301085
vt 0.298340 0.399414
vn 0.594553 0.408028 -0.692835
v -0.684317 14.413255 -0.387855
vt 0.271973 0.301758
vn 0.551040 0.386245 -0.739710
v -0.328928 14.293476 -0.192839
vt 0.487061 0.413086
vn 0.593335 0.479832 -0.646309
v -0.364259 14.118021 -0.383643
vt 0.464600 0.318848
vn 0.600890 0.481290 -0.638193
v -0.318976 14.351413 -0.121118
vt 0.491699 0.450684
vn 0.642690 0.648653 -0.407676
v -0.095361 14.266396 -0.054075
vt 0.595215 0.479980
vn 0.282784 -0.012325 -0.959104
v -0.107971 14.230792 -0.056882
vt 0.594727 0.462402
vn 0.579971 0.700242 -0.416288
v -0.134946 14.121403 -0.132578
vt 0.593750 0.420898
vn 0.603939 0.483141 -0.633902
v -0.196680 13.975742 -0.309901
vt 0.555176 0.326660
vn 0.642157 0.485753 -0.593025
v 0.494128 15.826401 0.409076
vt 0.107178 0.699951
vn -0.334135 0.898712 -0.284024
v 0.551119 15.819053 0.455688
vt 0.071350 0.699463
vn -0.544826 0.398455 0.737833
v 0.485476 15.770926 0.476624
vt 0.079163 0.665527
vn -0.366750 0.743512 0.559182
v 0.553555 15.772276 0.520003
vt 0.040100 0.671631
vn -0.385809 0.738011 0.553617
v 0.493628 15.841116 0.409204
vt 0.106506 0.706543
vn 0.642063 0.007216 -0.766617
v 0.627107 15.818723 0.512016
vt 0.025040 0.698975
vn -0.573692 0.263261 0.775610
v 0.550442 15.833473 0.456042
vt 0.071228 0.705811
vn -0.617356 -0.042410 0.785540
v 0.626512 15.831685 0.512316
vt 0.026810 0.704834
vn -0.594981 -0.046737 0.802380
v -0.174985 14.244568 1.172117
vt 0.117981 0.454102
vn -0.993138 -0.061101 -0.099715
v -0.207650 14.392798 1.398926
vt 0.023346 0.424316
vn -0.462839 0.318278 -0.827332
v -0.173123 14.203587 1.191325
vt 0.122681 0.431641
vn -0.668525 0.504909 -0.546023
v -0.207181 14.454484 1.396265
vt 0.015472 0.448730
vn -0.750502 -0.022797 -0.660474
v -0.127019 13.980203 0.851815
vt 0.299561 0.462891
vn -0.988477 -0.029293 -0.148510
v -0.259108 14.359504 1.472829
vt -0.000445 0.396973
vn -0.880711 0.226872 -0.415785
v -0.230753 14.111737 1.221137
vt 0.115601 0.397949
vn -0.827848 0.379702 -0.412910
v -0.278631 14.261521 1.478955
vt 0.002073 0.364746
vn -0.930263 0.214693 -0.297519
v -0.312740 13.976676 1.261104
vt 0.103149 0.341309
vn -0.823611 0.397889 -0.404165
v -0.127898 13.922307 0.856870
vt 0.299072 0.439941
vn -0.558515 0.636881 -0.531454
v -0.032111 13.745046 0.442882
vt 0.488770 0.474609
vn -0.982017 -0.013293 -0.188323
v -0.192190 13.824362 0.860426
vt 0.298340 0.399414
vn -0.788346 0.461065 -0.407344
v -0.275229 13.676549 0.929717
vt 0.271973 0.301758
vn -0.827797 0.427434 -0.363390
v -0.109712 13.616611 0.465438
vt 0.487061 0.413086
vn -0.743633 0.534477 -0.401677
v -0.309164 13.403757 0.500771
vt 0.464600 0.318848
vn -0.737644 0.537071 -0.409189
v -0.033314 13.686926 0.454781
vt 0.491699 0.450684
vn -0.519413 0.723292 -0.455037
v 0.009646 13.636026 0.168145
vt 0.595215 0.479980
vn -0.989183 -0.011586 -0.146230
v 0.008977 13.593268 0.176940
vt 0.594727 0.462402
vn -0.547442 0.744771 -0.381606
v -0.067641 13.461393 0.199042
vt 0.593750 0.420898
vn -0.733342 0.540679 -0.412160
v -0.249353 13.277759 0.268904
vt 0.555176 0.326660
vn -0.699375 0.551713 -0.454409
v -0.581589 13.072581 1.311967
vt 0.117981 0.454102
vn -0.913689 -0.041062 -0.404335
v -0.587781 13.028595 1.338079
vt 0.122681 0.431641
vn -0.554504 0.580181 -0.596587
v -0.394130 12.809766 0.911469
vt 0.299561 0.462891
vn -0.901786 -0.028165 -0.431264
v -0.690995 13.205630 1.546985
vt 0.015472 0.448730
vn -0.728381 -0.214152 -0.650846
v -0.704728 13.152368 1.575242
vt 0.023346 0.424316
vn -0.001520 0.284877 -0.958563
v -0.784127 13.125309 1.642169
vt -0.000445 0.396973
vn -0.668433 0.410258 -0.620391
v -0.477108 12.621617 0.917691
vt 0.298340 0.399414
vn -0.606650 0.534494 -0.588466
v -0.812566 13.015549 1.653118
vt 0.002073 0.364746
vn -0.644579 0.511654 -0.568092
v -0.706267 12.450575 0.946093
vt 0.271973 0.301758
vn -0.583061 0.578621 -0.570296
v -0.399767 12.744860 0.923197
vt 0.299072 0.439941
vn -0.433013 0.646471 -0.628153
v -0.132556 12.541592 0.441175
vt 0.488770 0.474609
vn -0.891003 -0.005068 -0.453968
v -0.231099 12.400733 0.453205
vt 0.487061 0.413086
vn -0.554981 0.597038 -0.579259
v -0.414430 12.036211 0.183062
vt 0.555176 0.326660
vn -0.464431 0.666097 -0.583626
v -0.112101 12.231294 0.188364
vt 0.593750 0.420898
vn -0.525464 0.610869 -0.592222
v -0.141556 12.477320 0.459785
vt 0.491699 0.450684
vn -0.400768 0.728315 -0.555826
v -0.003894 12.423416 0.164578
vt 0.595215 0.479980
vn -0.905994 0.004273 -0.423268
v -0.010517 12.376134 0.178269
vt 0.594727 0.462402
vn -0.476928 0.708157 -0.520628
v -0.329200 7.488170 -0.214798
vt 0.105042 0.264160
vn -0.530753 0.532067 0.659702
v -0.125046 7.435167 -0.039567
vt 0.005939 0.271484
vn -0.512816 0.509784 0.690753
v -0.547047 7.119788 -0.019884
vt 0.121033 0.137695
vn -0.489037 0.615994 0.617571
v -0.377403 7.103759 0.129041
vt 0.005928 0.140137
vn -0.439921 0.628715 0.641239
v -0.069518 7.569664 -0.053198
vt 0.005939 0.320801
vn 0.051870 0.973419 0.223082
v -0.914609 7.000641 -0.237263
vt 0.274902 0.104492
vn -0.608377 0.597195 0.522720
v -0.284846 7.609859 -0.259071
vt 0.105286 0.306641
vn 0.529207 0.630536 -0.567772
v -0.565797 7.463499 -0.384292
vt 0.204224 0.256348
vn -0.584275 0.599382 0.547142
v -1.069169 7.007087 -0.509894
vt 0.378418 0.125488
vn -0.678738 0.584877 0.444110
v -0.516253 7.561438 -0.436100
vt 0.204956 0.298340
vn 0.031574 -0.961691 0.272311
v -0.979881 7.317676 -0.719867
vt 0.407715 0.236328
vn -0.672517 0.628686 0.390480
v -0.921754 7.391909 -0.769524
vt 0.403809 0.271973
vn 0.378648 0.706550 -0.597840
v -1.486371 7.018712 -1.251878
vt 0.596191 0.259277
vn 0.182148 0.711413 -0.678759
v -1.548117 6.925041 -1.185324
vt 0.596191 0.218262
vn -0.661520 0.631473 0.404517
v -1.740524 6.668538 -1.063379
vt 0.606445 0.129395
vn -0.657025 0.633064 0.409327
v -2.109467 6.761986 -1.765100
vt 0.871582 0.249512
vn 0.556178 0.617260 -0.556468
v -2.205640 6.627469 -1.776358
vt 0.897461 0.193359
vn -0.663741 0.611681 0.430459
v -0.284846 7.609859 -0.259071
vt 0.792969 0.485840
vn 0.529207 0.630536 -0.567772
v -0.069518 7.569664 -0.053198
vt 0.892578 0.498047
vn 0.051870 0.973419 0.223082
v -0.275537 7.651810 -0.251357
vt 0.793457 0.500732
vn 0.661489 -0.047732 -0.748434
v -0.060545 7.607246 -0.047031
vt 0.893066 0.511719
vn 0.686397 -0.031024 -0.726565
v -0.519880 7.618668 -0.448398
vt 0.693848 0.493164
vn 0.635476 -0.071710 -0.768783
v -0.237121 7.485664 -0.323296
vt 0.792480 0.437500
vn 0.567266 0.531463 -0.629092
v -0.049649 7.433115 -0.128409
vt 0.891602 0.442871
vn 0.667142 0.496645 -0.555217
v -0.516253 7.561438 -0.436100
vt 0.693359 0.476562
vn 0.031574 -0.961691 0.272311
v 0.039516 7.092416 -0.362210
vt 0.890625 0.314453
vn 0.660490 0.518386 -0.543165
v -0.119611 7.108158 -0.523527
vt 0.776367 0.312988
vn 0.561134 0.490029 -0.667084
v -0.935862 7.457899 -0.783985
vt 0.495850 0.473633
vn 0.655582 -0.056331 -0.753020
v -0.452101 7.460407 -0.518262
vt 0.693359 0.431641
vn 0.401939 0.561778 -0.723084
v -0.346894 6.993703 -0.694323
vt 0.671875 0.286621
vn 0.459629 0.411854 -0.786840
v -0.921754 7.391909 -0.769524
vt 0.498779 0.449707
vn 0.378648 0.706550 -0.597840
v -1.492859 7.076035 -1.262207
vt 0.301514 0.462891
vn 0.661414 -0.061430 -0.747501
v -0.774029 6.946260 -0.934416
vt 0.499268 0.291992
vn 0.426273 0.419788 -0.801292
v -0.878993 7.314932 -0.838746
vt 0.489502 0.415039
vn 0.309365 0.569071 -0.761874
v -1.486371 7.018712 -1.251878
vt 0.301025 0.439453
vn 0.182148 0.711413 -0.678759
v -1.430109 6.921831 -1.324374
vt 0.300781 0.399902
vn 0.372749 0.533987 -0.758892
v -1.247501 6.621399 -1.431487
vt 0.311279 0.294922
vn 0.403022 0.506749 -0.762088
v -2.106930 6.600103 -1.857676
vt 0.002787 0.380371
vn 0.494571 0.462333 -0.735967
v -2.109467 6.761986 -1.765100
vt 0.025803 0.423340
vn 0.556178 0.617260 -0.556468
v -2.127132 6.827692 -1.790667
vt 0.017746 0.447266
vn 0.785669 -0.011405 -0.618542
v 0.965926 6.029088 0.840572
vt 0.650391 0.086914
vn -0.126038 0.497032 0.858530
v 1.501406 5.528574 1.161886
vt 0.499268 0.105957
vn 0.032686 0.620383 0.783618
v 0.782388 5.687672 0.895458
vt 0.658203 -0.011719
vn -0.268242 0.384399 0.883337
v 0.573785 6.325163 0.576804
vt 0.814453 0.100098
vn -0.225941 0.512977 0.828133
v 0.370409 5.877722 0.698390
vt 0.797363 -0.016602
vn -0.303823 0.385894 0.871078
v 0.170227 6.070897 0.562612
vt 0.881348 0.004395
vn -0.308166 0.442019 0.842409
v 0.363807 6.433199 0.404541
vt 0.894531 0.104492
vn -0.277324 0.532812 0.799501
v 0.904574 6.212620 0.689171
vt 0.707520 0.119629
vn 0.490280 0.831987 0.259659
v 0.655243 6.424720 0.507459
vt 0.812012 0.133789
vn -0.453007 -0.860208 -0.234153
v 0.436334 6.549839 0.353445
vt 0.895020 0.143555
vn -0.261866 0.593510 0.761033
v 1.024173 6.110879 0.776335
vt 0.657715 0.116211
vn 0.060572 0.653561 0.754446
v 0.673422 6.470240 0.522975
vt 0.812500 0.151367
vn -0.596283 -0.021345 0.802491
v 0.436773 6.593625 0.352028
vt 0.895020 0.155762
vn -0.583166 -0.006740 0.812325
v 1.052047 6.160008 0.800545
vt 0.651367 0.137207
vn -0.623345 -0.024805 0.781554
v 1.521426 5.580402 1.179043
vt 0.499512 0.124512
vn -0.630668 -0.024031 0.775681
v 2.076247 5.103695 1.597522
vt 0.276367 0.111328
vn -0.824389 0.046667 0.564097
v 2.065849 5.047004 1.585224
vt 0.276367 0.095703
vn -0.376008 0.904598 -0.200798
v 2.028838 4.878494 1.656612
vt 0.258545 0.058594
vn -0.302655 0.453703 0.838184
v 1.427295 5.439090 1.225393
vt 0.498535 0.074707
vn -0.187333 0.489100 0.851873
v 1.184921 5.181221 1.306664
vt 0.506836 -0.009766
vn -0.223941 0.469013 0.854329
v -1.040823 7.487627 -0.836043
vt 1.606445 0.129395
vn -0.751231 0.509496 0.419601
v -1.536292 7.274988 -1.495052
vt 1.897461 0.193359
vn -0.703611 0.448187 0.551417
v -0.917794 7.770798 -0.993692
vt 1.595703 0.218262
vn -0.755225 0.507861 0.414382
v -1.471367 7.429089 -1.501767
vt 1.871094 0.247070
vn 0.192129 0.945120 -0.264263
v -0.420419 8.023103 -0.376130
vt 1.377930 0.125488
vn -0.776263 0.448279 0.443241
v -0.882763 7.870237 -1.072285
vt 1.595703 0.259766
vn -0.041709 0.665086 -0.745601
v -0.415546 8.326829 -0.614616
vt 1.407227 0.236328
vn -0.758857 0.486997 0.432400
v -0.338279 8.379272 -0.559512
vt 1.367188 0.240234
vn -0.708296 0.514710 0.483105
v -0.380053 8.416405 -0.671772
vt 1.402344 0.271484
vn -0.060513 0.698893 -0.712662
v -0.239273 8.521820 -0.571857
vt 1.330078 0.279785
vn 0.218599 0.505703 -0.834553
v 0.383751 15.145202 0.905056
vt 0.117981 0.454102
vn -0.900732 -0.062429 0.429865
v 0.455666 15.281066 1.078381
vt 0.023346 0.424316
vn -0.836936 0.278091 -0.471385
v 0.394195 15.111146 0.919477
vt 0.122681 0.431641
vn -0.866626 0.477607 -0.144400
v 0.453781 15.333425 1.073939
vt 0.015472 0.448730
vn -0.983569 -0.050063 -0.173451
v 0.282595 14.906507 0.662263
vt 0.299561 0.462891
vn -0.922116 -0.028739 0.385845
v 0.452926 15.256152 1.156685
vt -0.000445 0.396973
vn -0.973557 0.206596 0.097498
v 0.367419 15.034588 0.971864
vt 0.115601 0.397949
vn -0.931119 0.359573 0.061032
v 0.443264 15.173172 1.174085
vt 0.002073 0.364746
vn -0.954299 0.205271 0.217204
v 0.328332 14.921834 1.044802
vt 0.103149 0.341309
vn -0.923078 0.379114 0.064809
v 0.285168 14.857478 0.668477
vt 0.299072 0.439941
vn -0.767078 0.611416 -0.194325
v 0.175878 14.688650 0.332351
vt 0.488770 0.474609
vn -0.939005 -0.006631 0.343841
v 0.242224 14.774658 0.705445
vt 0.298340 0.399414
vn -0.896562 0.440924 0.041994
v 0.215429 14.652306 0.800399
vt 0.271973 0.301758
vn -0.906183 0.410990 0.099596
v 0.132210 14.580773 0.390455
vt 0.487061 0.413086
vn -0.855768 0.516883 0.022199
v 0.008057 14.402286 0.519163
vt 0.464600 0.318848
vn -0.857022 0.514976 0.017707
v 0.180559 14.639720 0.343921
vt 0.491699 0.450684
vn -0.691369 0.706315 -0.152080
v 0.087535 14.584059 0.119395
vt 0.595215 0.479980
vn -0.924025 0.001976 0.382327
v 0.090979 14.548062 0.127908
vt 0.594727 0.462402
vn -0.662311 0.744263 -0.086120
v 0.040944 14.432361 0.186280
vt 0.593750 0.420898
vn -0.172130 0.967299 0.186291
v -0.048270 14.284968 0.328958
vt 0.555176 0.326660
vn -0.849728 0.525963 -0.036393
v 0.575977 4.257134 0.150403
vt 1.853516 0.140625
vn 0.299790 0.930581 0.210110
v 0.884893 4.070597 0.248778
vt 1.750000 0.124023
vn 0.177085 0.700560 0.691271
v 0.528557 4.147599 0.204211
vt 1.856445 0.102051
vn -0.118148 0.501730 0.856918
v 0.891390 4.110301 0.250784
vt 1.750000 0.135742
vn -0.293712 -0.000210 0.955894
v 0.583196 4.301260 0.152631
vt 1.852539 0.153809
vn -0.264953 -0.005331 0.964247
v 1.465885 3.772433 0.417127
vt 1.560547 0.122559
vn -0.332517 0.006790 0.943073
v 0.442912 4.300966 0.118417
vt 1.893555 0.148926
vn -0.222396 0.177979 0.958574
v 0.448604 4.335745 0.120174
vt 1.890625 0.160645
vn -0.236940 -0.010321 0.971470
v 0.409551 4.163167 0.155542
vt 1.892578 0.099121
vn -0.221016 0.467270 0.856044
v 0.412818 3.776458 0.427071
vt 1.853516 -0.010742
vn -0.059839 0.496705 0.865854
v 0.852253 3.988302 0.322785
vt 1.750000 0.094238
vn 0.040665 0.544186 0.837979
v 0.742278 3.690600 0.463596
vt 1.757812 0.000000
vn -0.017909 0.482024 0.875975
v 1.019648 3.989712 0.286665
vt 1.705078 0.118652
vn 0.474027 0.870764 0.130647
v 1.458247 3.725755 0.414769
vt 1.560547 0.109375
vn 0.197218 0.776567 0.598372
v 1.629134 3.691156 0.491904
vt 1.505859 0.118652
vn -0.377449 0.014987 0.925909
v 1.424354 3.646368 0.495968
vt 1.560547 0.078613
vn 0.020698 0.599577 0.800050
v 1.355242 3.393383 0.654350
vt 1.555664 0.001465
vn -0.043722 0.526294 0.849178
v 1.622019 3.647662 0.489707
vt 1.505859 0.105957
vn 0.058664 0.754575 0.653586
v 1.731543 3.656043 0.528960
vt 1.469727 0.117188
vn -0.317527 0.004088 0.948240
v 1.701105 3.533644 0.598271
vt 1.469727 0.077148
vn -0.058903 0.585197 0.808749
v 1.796764 3.239391 0.789635
vt 1.415039 0.003906
vn -0.065742 0.499359 0.863897
v 1.724918 3.615547 0.526915
vt 1.472656 0.104980
vn 0.024198 0.778235 0.627506
v 2.350492 3.500095 0.719354
vt 1.271484 0.109863
vn -0.483908 0.034973 0.874420
v 2.340470 3.438842 0.716262
vt 1.278320 0.096680
vn -0.376382 0.830439 0.410740
v 2.395056 3.326700 0.761437
vt 1.257812 0.061035
vn -0.139937 0.433793 0.890079
v 0.827962 14.822082 -0.830052
vt 0.117981 0.454102
vn 0.779843 -0.061838 0.622913
v 0.974939 14.973190 -0.997793
vt 0.023346 0.424316
vn -0.086914 0.307220 0.947661
v 0.837130 14.781328 -0.847361
vt 0.122681 0.431641
vn 0.243770 0.502182 0.829692
v 0.972485 15.034836 -0.995406
vt 0.015472 0.448730
vn 0.243685 -0.027817 0.969455
v 0.619449 14.553651 -0.594647
vt 0.299561 0.462891
vn 0.749965 -0.034102 0.660598
v 1.057500 14.941017 -1.029178
vt -0.000445 0.396973
vn 0.493787 0.232181 0.838013
v 0.901803 14.690100 -0.839033
vt 0.115601 0.397949
vn 0.449284 0.386671 0.805375
v 1.077975 14.843202 -1.023560
vt 0.002073 0.364746
vn 0.608075 0.219682 0.762879
v 0.992548 14.555891 -0.825192
vt 0.103149 0.341309
vn 0.449577 0.406037 0.795622
v 0.622886 14.495822 -0.599359
vt 0.299072 0.439941
vn 0.157847 0.633443 0.757518
v 0.324274 14.313144 -0.313041
vt 0.488770 0.474609
vn 0.719902 -0.015110 0.693912
v 0.679683 14.398211 -0.564813
vt 0.298340 0.399414
vn 0.417014 0.469290 0.778374
v 0.787134 14.251611 -0.574750
vt 0.271973 0.301758
vn 0.477724 0.436940 0.762144
v 0.401991 14.185332 -0.287289
vt 0.487061 0.413086
vn 0.382879 0.542597 0.747657
v 0.588402 13.973795 -0.201471
vt 0.464600 0.318848
vn 0.371287 0.545185 0.751611
v 0.332246 14.255178 -0.322628
vt 0.491699 0.450684
vn 0.162566 0.724645 0.669673
v 0.143691 14.200624 -0.110613
vt 0.595215 0.479980
vn 0.748329 -0.009040 0.663266
v 0.149399 14.157979 -0.117827
vt 0.594727 0.462402
vn 0.231260 0.745258 0.625387
v 0.226094 14.026717 -0.092299
vt 0.593750 0.420898
vn 0.366075 0.548642 0.751652
v 0.415990 13.844738 -0.045253
vt 0.555176 0.326660
vn 0.312979 0.558629 0.768100
v 1.290707 13.485101 0.203140
vt 0.117981 0.454102
vn -0.089023 -0.060506 0.994190
v 1.529343 13.626795 0.234708
vt 0.023346 0.424316
vn -0.808827 0.362901 0.462711
v 1.307610 13.440577 0.200474
vt 0.122681 0.431641
vn -0.523794 0.535459 0.662513
v 1.530588 13.692101 0.232519
vt 0.015472 0.448730
vn -0.682911 0.037365 0.729546
v 0.949991 13.226905 0.159036
vt 0.299561 0.462891
vn -0.134823 -0.024333 0.990571
v 1.603752 13.586622 0.287585
vt -0.000445 0.396973
vn -0.399729 0.258173 0.879525
v 1.333898 13.341425 0.263198
vt 0.115601 0.397949
vn -0.392081 0.409093 0.823963
v 1.604653 13.482672 0.308862
vt 0.002073 0.364746
vn -0.281037 0.237974 0.929724
v 1.368565 13.195887 0.352497
vt 0.103149 0.341309
vn -0.382529 0.428179 0.818739
v 0.951666 13.165430 0.159787
vt 0.299072 0.439941
vn -0.500032 0.665197 0.554510
v 0.520138 13.005492 0.065643
vt 0.488770 0.474609
vn -0.178515 -0.001510 0.983936
v 0.951259 13.061520 0.230626
vt 0.298340 0.399414
vn -0.381736 0.491504 0.782752
v 1.014817 12.900603 0.320226
vt 0.271973 0.301758
vn -0.337034 0.458901 0.822081
v 0.537486 12.868100 0.150605
vt 0.487061 0.413086
vn -0.370538 0.564983 0.737222
v 0.566203 12.640279 0.369782
vt 0.464600 0.318848
vn -0.378816 0.568185 0.730524
v 0.528724 12.943332 0.066554
vt 0.491699 0.450684
vn -0.415060 0.754094 0.508986
v 0.234901 12.908373 0.027285
vt 0.595215 0.479980
vn -0.132815 0.002492 0.991138
v 0.241122 12.862650 0.028628
vt 0.594727 0.462402
vn -0.337421 0.779469 0.527802
v 0.257909 12.721651 0.111600
vt 0.593750 0.420898
vn -0.381049 0.571177 0.727020
v 0.322741 12.522506 0.310207
vt 0.555176 0.326660
vn -0.425248 0.583701 0.691706
v 0.244467 13.447042 -0.056196
vt 0.948242 -0.182617
vn -0.211977 -0.052975 -0.975838
v 0.084642 13.412752 -0.017442
vt 0.948242 -0.326172
vn -0.236713 0.004999 -0.971567
v 0.247640 13.435600 -0.050627
vt 0.934570 -0.182617
vn 0.108794 -0.824745 -0.554941
v 0.087933 13.399933 -0.011187
vt 0.934570 -0.326172
vn 0.053789 -0.839229 -0.541111
v 0.084805 13.425186 -0.009672
vt 0.961426 -0.326172
vn -0.283923 0.855895 -0.432241
v 0.458749 13.516168 -0.104012
vt 0.934570 -0.038086
vn 0.285873 -0.744695 -0.603080
v 0.250557 13.435247 -0.038010
vt 0.921387 -0.182617
vn 0.356371 -0.871990 0.335609
v 0.091385 13.399546 0.002840
vt 0.921387 -0.326172
vn 0.298869 -0.860385 0.412813
v 0.250302 13.446334 -0.030961
vt 0.908203 -0.182617
vn 0.301890 -0.113445 0.946569
v 0.091547 13.411979 0.010610
vt 0.908203 -0.326172
vn 0.262377 -0.046633 0.963838
v 0.461973 13.524131 -0.090016
vt 0.908203 -0.038086
vn 0.283775 0.044571 0.957855
v 0.458749 13.516168 -0.104012
vt 0.921387 -0.038086
vn 0.285873 -0.744695 -0.603080
v 0.723337 13.681409 -0.151318
vt 0.921387 0.249512
vn -0.194111 0.032376 -0.980445
v 0.244211 13.458127 -0.049147
vt 0.961426 -0.182617
vn -0.323752 0.844092 -0.427426
v 0.088257 13.424799 0.004355
vt 0.974609 -0.326172
vn -0.027414 0.827483 0.560822
v 0.458749 13.516168 -0.104012
vt 0.948242 -0.038086
vn 0.285873 -0.744695 -0.603080
v 0.247128 13.457775 -0.036529
vt 0.974609 -0.182617
vn -0.049044 0.782106 0.621212
v 0.091547 13.411979 0.010610
vt 0.988281 -0.326172
vn 0.262377 -0.046633 0.963838
v 0.250302 13.446334 -0.030961
vt 0.988281 -0.182617
vn 0.301890 -0.113445 0.946569
v 0.461973 13.524131 -0.090016
vt 0.988281 -0.038086
vn 0.283775 0.044571 0.957855
v 0.457748 13.532782 -0.103307
vt 0.961426 -0.038086
vn -0.430455 0.789488 -0.437512
v 0.723337 13.681409 -0.151318
vt 0.948242 0.249512
vn -0.194111 0.032376 -0.980445
v 0.722366 13.691428 -0.150799
vt 0.961426 0.249512
vn -0.195120 0.031869 -0.980261
v 0.560993 11.750762 0.954163
vt 0.299561 0.462891
vn -0.893721 -0.012006 0.448462
v 0.812530 11.757246 1.408175
vt 0.122681 0.431641
vn -0.654966 0.696909 0.292125
v 0.566887 11.685664 0.964695
vt 0.299072 0.439941
vn -0.611530 0.766065 0.197929
v 0.939300 11.839871 1.656013
vt 0.015472 0.448730
vn -0.986206 -0.077336 0.146346
v 0.336309 11.615965 0.456190
vt 0.491699 0.450684
vn -0.552648 0.811803 0.188561
v 0.330288 11.682454 0.445436
vt 0.488770 0.474609
vn -0.895103 -0.008918 0.445770
v 0.193474 11.597930 0.190809
vt 0.594727 0.462402
vn -0.588042 0.768116 0.253386
v 0.189045 11.646845 0.182895
vt 0.595215 0.479980
vn -0.880487 -0.003004 0.474061
v 0.126831 11.502427 0.248678
vt 0.593750 0.420898
vn -0.644716 0.712398 0.277183
v 0.276094 11.534730 0.520465
vt 0.487061 0.413086
vn -0.673517 0.684408 0.279214
v -0.030445 11.284389 0.517773
vt 0.553223 0.314453
vn -0.643229 0.712905 0.279327
v 0.398038 11.347217 1.212583
vt 0.271973 0.301758
vn -0.708744 0.624369 0.328398
v 0.512530 11.591545 1.015348
vt 0.298340 0.399414
vn -0.714338 0.631591 0.301355
v 0.944838 11.778712 1.665906
vt 0.023346 0.424316
vn -0.678244 0.586905 -0.442185
v 0.945859 11.718631 1.758532
vt -0.000445 0.396973
vn -0.818819 0.385872 0.425014
v 0.930886 11.632153 1.773940
vt 0.002073 0.364746
vn -0.762014 0.239085 0.601809
v -0.937376 13.359030 -0.959853
vt 0.117981 0.454102
vn 0.632073 -0.078631 -0.770909
v -1.138143 13.500516 -1.140411
vt 0.023346 0.424316
vn 0.919613 0.387482 0.064570
v -0.953330 13.310350 -0.965989
vt 0.122681 0.431641
vn 0.790394 0.545490 -0.278781
v -1.141183 13.570795 -1.142660
vt 0.015472 0.448730
vn 0.966911 0.033702 -0.252879
v -0.650334 13.096825 -0.699151
vt 0.299561 0.462891
vn 0.670188 -0.038132 -0.741211
v -1.171817 13.453486 -1.234607
vt -0.000445 0.396973
vn 0.821226 0.260629 -0.507603
v -0.937200 13.201913 -1.036338
vt 0.115601 0.397949
vn 0.777445 0.413110 -0.474256
v -1.157291 13.341367 -1.251089
vt 0.002073 0.364746
vn 0.751337 0.237437 -0.615725
v -0.912552 13.042935 -1.133587
vt 0.103149 0.341309
vn 0.766041 0.429222 -0.478488
v -0.650203 13.030556 -0.698294
vt 0.299072 0.439941
vn 0.706428 0.677836 -0.203709
v -0.313002 12.878650 -0.339601
vt 0.488770 0.474609
vn 0.704565 -0.009121 -0.709581
v -0.605400 12.918138 -0.759033
vt 0.298340 0.399414
vn 0.743545 0.492931 -0.451841
v -0.605952 12.741298 -0.874192
vt 0.271973 0.301758
vn 0.731609 0.455491 -0.507224
v -0.275603 12.729259 -0.422362
vt 0.487061 0.413086
vn 0.708349 0.565738 -0.422116
v -0.168576 12.480895 -0.629609
vt 0.464600 0.318848
vn 0.710712 0.567515 -0.415711
v -0.318295 12.811337 -0.343931
vt 0.491699 0.450684
vn 0.611725 0.759908 -0.219847
v -0.077087 12.787294 -0.123636
vt 0.595215 0.479980
vn 0.673929 -0.007716 -0.738756
v -0.081151 12.737774 -0.126629
vt 0.594727 0.462402
vn 0.555490 0.785800 -0.271936
v -0.043644 12.584548 -0.207884
vt 0.593750 0.420898
vn 0.710538 0.571540 -0.410460
v 0.018420 12.365597 -0.420219
vt 0.555176 0.326660
vn 0.726730 0.585536 -0.359182
v 0.126626 9.821997 0.137091
vt 0.004005 0.255859
vn 0.920086 0.391702 0.003351
v 0.097222 9.906509 0.624762
vt 0.171997 0.257812
vn 0.893661 0.440118 0.087555
v 0.094982 9.962177 0.105968
vt 0.005379 0.321289
vn -0.572721 0.795897 -0.196312
v 0.042068 10.025618 0.610274
vt 0.176392 0.302734
vn -0.040518 0.998498 -0.036890
v 0.276469 9.563221 0.661132
vt 0.154175 0.138184
vn 0.890950 0.447688 0.076050
v 0.316434 9.464670 0.229145
vt 0.002060 0.123535
vn 0.886352 0.462335 -0.025049
v 0.218605 9.485562 1.045316
vt 0.278564 0.104004
vn 0.875467 0.462575 0.139938
v 0.049020 9.891603 1.011137
vt 0.301025 0.247070
vn 0.829799 0.534085 0.161825
v -0.020983 9.978978 0.985851
vt 0.301514 0.284180
vn -0.570117 0.821371 -0.017784
v 0.127405 9.599629 1.721011
vt 0.507812 0.142090
vn 0.823083 0.542269 0.168755
v -0.059532 9.946126 1.245262
vt 0.386719 0.272949
vn 0.725375 0.663265 0.184146
v -0.047039 9.806040 1.706065
vt 0.529785 0.224609
vn 0.764029 0.619286 0.180952
v -0.124196 9.891018 1.680411
vt 0.530273 0.263672
vn -0.479739 0.876428 -0.041524
v -0.177203 9.889499 1.874662
vt 0.596191 0.259766
vn -0.552555 0.820604 -0.145916
v -0.134631 9.818985 2.021959
vt 0.638672 0.220215
vn 0.792800 0.595208 0.131133
v -0.199346 9.902591 1.989747
vt 0.636230 0.257324
vn -0.529415 0.827087 -0.188804
v 0.010234 9.566518 2.119175
vt 0.648438 0.130859
vn 0.822298 0.539893 0.179839
v -0.298915 9.989554 2.669251
vt 0.871582 0.248047
vn -0.776044 0.554886 -0.299763
v -0.286924 9.908051 2.773859
vt 0.895508 0.194336
vn 0.869060 0.480137 0.119177
v 0.177843 8.803535 0.546146
vt 0.895020 0.155762
vn -0.978240 0.027788 0.205609
v 0.236915 8.693122 0.845301
vt 0.812500 0.151367
vn -0.980294 0.019589 0.196570
v 0.176476 8.759819 0.548791
vt 0.895020 0.143555
vn -0.697471 0.625813 0.349131
v 0.231658 8.646627 0.823338
vt 0.812012 0.133789
vn 0.076390 -0.912010 -0.402991
v 0.086324 8.645090 0.540234
vt 0.894531 0.104492
vn -0.743244 0.558000 0.369086
v 0.319259 8.353322 1.297206
vt 0.657715 0.116211
vn -0.458462 0.692397 0.557134
v 0.326046 8.404036 1.332248
vt 0.651367 0.137207
vn -0.984977 0.020965 0.171406
v 0.125376 8.549672 0.820650
vt 0.814453 0.100098
vn -0.726640 0.540896 0.423587
v 0.409424 7.852794 1.970302
vt 0.499512 0.124512
vn -0.986386 0.020768 0.163127
v -0.167148 8.288956 0.535255
vt 0.881348 0.004395
vn -0.794355 0.470292 0.384482
v -0.113585 8.106413 0.786067
vt 0.797363 -0.016602
vn -0.811311 0.417241 0.409492
v 0.291799 8.448338 1.143434
vt 0.707520 0.119629
vn 0.201685 0.858416 0.471641
v 0.055292 7.933481 1.232196
vt 0.658203 -0.011719
vn -0.795690 0.415275 0.440935
v 0.233736 8.274179 1.306452
vt 0.650391 0.086914
vn -0.677636 0.529199 0.510645
v 0.403734 7.799884 1.946129
vt 0.499268 0.105957
vn -0.495389 0.663012 0.561252
v 0.531856 7.407737 2.693485
vt 0.276367 0.111328
vn -0.988563 0.080372 -0.127605
v 0.529931 7.350379 2.679940
vt 0.276367 0.095703
vn -0.158453 0.878439 -0.450819
v 0.453206 7.185353 2.713630
vt 0.258545 0.058594
vn -0.788185 0.480308 0.384796
v 0.306878 7.712781 1.943922
vt 0.498535 0.074707
vn -0.717106 0.517663 0.466673
v 0.070190 7.456044 1.843142
vt 0.506836 -0.009766
vn -0.743338 0.499190 0.445261
v 0.239109 15.953249 -0.251142
vt 0.494873 0.688965
vn 0.446886 0.799618 0.401129
v 0.200522 15.899104 -0.059742
vt 0.520508 0.778931
vn 0.422972 0.844068 0.329612
v 0.107141 16.010487 -0.210344
vt 0.442383 0.748291
vn 0.363988 0.861564 0.353866
v 0.181438 16.062016 -0.376184
vt 0.439941 0.658203
vn 0.583098 0.664278 0.467687
v 0.179201 16.076908 -0.372280
vt 0.433105 0.661621
vn 0.909009 0.027592 0.415861
v 0.104494 16.028099 -0.205727
vt 0.434326 0.748047
vn 0.897730 0.007991 0.440474
v 0.039749 15.983005 -0.082638
vt 0.441406 0.816284
vn 0.366889 0.889718 0.271651
v -0.014765 15.978790 0.022276
vt 0.440430 0.863892
vn 0.709713 0.585589 0.391654
v 0.037730 16.001245 -0.077547
vt 0.433105 0.815430
vn 0.887228 -0.023331 0.460741
v -0.016284 15.993716 0.026498
vt 0.433594 0.868652
vn 0.887713 -0.034202 0.459124
v -0.537042 5.127822 -0.048145
vt 1.852539 0.153809
vn 0.190190 -0.010901 -0.981687
v -0.850220 4.935239 -0.122560
vt 1.750000 0.135742
vn 0.227067 -0.010910 -0.973818
v -0.529512 5.083734 -0.045940
vt 1.853516 0.140625
vn -0.325441 0.930522 -0.167979
v -0.394606 5.128387 -0.025666
vt 1.893555 0.148926
vn 0.139129 0.184107 -0.973010
v -0.400684 5.163132 -0.026562
vt 1.890625 0.160645
vn 0.155864 -0.011919 -0.987707
v -0.843460 4.895567 -0.120469
vt 1.750000 0.124023
vn -0.236836 0.703628 -0.669938
v -1.432881 4.594164 -0.244508
vt 1.560547 0.122559
vn 0.265278 -0.003009 -0.964167
v -0.485296 4.975192 -0.105783
vt 1.856445 0.102051
vn 0.040618 0.513859 -0.856912
v -0.363095 4.991280 -0.066958
vt 1.892578 0.099121
vn 0.143308 0.480130 -0.865412
v -0.383953 4.607430 -0.341617
vt 1.853516 -0.010742
vn -0.016014 0.506270 -0.862226
v -0.815723 4.814347 -0.198920
vt 1.750000 0.094238
vn -0.114712 0.554284 -0.824385
v -0.714468 4.519105 -0.351679
vt 1.757812 0.000000
vn -0.058631 0.491223 -0.869058
v -0.979853 4.813925 -0.149033
vt 1.705078 0.118652
vn -0.490245 0.867584 -0.083416
v -1.424902 4.547525 -0.242237
vt 1.560547 0.109375
vn -0.251551 0.779920 -0.573102
v -1.600654 4.512263 -0.306418
vt 1.505859 0.118652
vn 0.308520 0.004901 -0.951205
v -1.396486 4.469299 -0.327929
vt 1.560547 0.078613
vn -0.093407 0.609282 -0.787433
v -1.337647 4.218600 -0.494323
vt 1.555664 0.001465
vn -0.031302 0.535800 -0.843764
v -1.593234 4.468805 -0.304229
vt 1.505859 0.105957
vn -0.116815 0.757911 -0.641813
v -1.705277 4.476655 -0.335259
vt 1.469727 0.117188
vn 0.242304 -0.001334 -0.970199
v -1.679244 4.355258 -0.408221
vt 1.469727 0.077148
vn -0.014626 0.596891 -0.802189
v -1.786835 4.062213 -0.594296
vt 1.415039 0.003906
vn -0.011006 0.511587 -0.859161
v -1.698380 4.436191 -0.333147
vt 1.472656 0.104980
vn -0.082444 0.783331 -0.616114
v -2.335853 4.317337 -0.473351
vt 1.271484 0.109863
vn 0.410916 0.038141 -0.910875
v -2.325150 4.256144 -0.471772
vt 1.278320 0.096680
vn 0.335321 0.845537 -0.415485
v -2.381761 4.144026 -0.515659
vt 1.257812 0.061035
vn 0.063943 0.449270 -0.891105
v 0.493628 15.841116 0.409204
vt 0.371582 0.544189
vn 0.642063 0.007216 -0.766617
v 0.401069 15.790010 0.317202
vt 0.296387 0.546143
vn -0.669567 -0.026223 0.742288
v 0.494128 15.826401 0.409076
vt 0.370850 0.552490
vn -0.334135 0.898712 -0.284024
v 0.645187 15.941638 0.526021
vt 0.489990 0.553955
vn 0.604498 0.015825 -0.796449
v -0.802883 7.959399 0.989470
vt 0.188721 0.559326
vn 0.052457 0.774755 0.630082
v -0.646875 7.995457 0.937135
vt 0.124634 0.561523
vn 0.100405 0.740826 0.664150
v -0.691851 7.770833 1.118555
vt 0.170654 0.641602
vn 0.154701 0.703126 0.694033
v -0.607609 7.787303 1.089760
vt 0.135864 0.640137
vn 0.099084 0.696350 0.710830
v -0.605298 7.619983 1.286938
vt 0.165649 0.730225
vn 0.141083 0.779005 0.610939
v -0.341528 7.883344 0.959092
vt 0.008545 0.602783
vn 0.137155 0.654575 0.743451
v -0.781529 7.761324 1.154914
vt 0.207886 0.643066
vn 0.146470 0.724901 0.673101
v -0.755379 7.595116 1.373016
vt 0.229858 0.740234
vn 0.193502 0.809532 0.554270
v -0.459123 8.012306 0.870663
vt 0.047180 0.562256
vn 0.070955 0.795382 0.601941
v -0.351062 8.037772 0.833048
vt 0.002554 0.558838
vn 0.088072 0.688754 0.719626
v -0.463371 8.052427 0.872241
vt 0.047485 0.550781
vn 0.333794 -0.010624 0.942586
v -0.354075 8.066238 0.834170
vt 0.002836 0.550781
vn 0.329209 -0.002317 0.944254
v -0.649530 8.023918 0.939429
vt 0.124329 0.553467
vn 0.329462 -0.021919 0.943914
v -0.805897 7.987865 0.990590
vt 0.188354 0.551025
vn 0.268677 -0.020735 0.963007
v -0.955909 7.966445 1.022905
vt 0.236084 0.550781
vn 0.236102 -0.002604 0.971725
v -0.952896 7.937979 1.021784
vt 0.236206 0.559082
vn 0.068187 0.807028 0.586563
v -1.076683 7.952262 1.054919
vt 0.296387 0.546143
vn 0.226295 0.016882 0.973913
v -0.858011 7.749044 1.180368
vt 0.239258 0.644287
vn 0.110787 0.740388 0.662987
v -0.916900 7.741808 1.204030
vt 0.263672 0.645508
vn 0.201261 0.776470 0.597150
v -1.089913 7.664789 1.425736
vt 0.357666 0.701660
vn 0.299993 0.827773 0.474127
v -1.073310 7.923791 1.054974
vt 0.296387 0.554199
vn 0.164402 0.842604 0.512826
v -1.267117 7.934256 1.093372
vt 0.357422 0.555908
vn 0.247681 0.862017 0.442245
v -1.080971 7.763473 1.252291
vt 0.329834 0.634766
vn 0.263663 0.797890 0.542082
v -1.169485 7.782211 1.279270
vt 0.364014 0.628906
vn 0.305865 0.815419 0.491466
v -1.350473 7.830211 1.352805
vt 0.435547 0.618408
vn 0.317312 0.842035 0.436222
v -1.564047 7.963402 1.191103
vt 0.488281 0.562012
vn 0.334051 0.681149 0.651495
v -1.270443 7.962726 1.093474
vt 0.358154 0.547852
vn 0.263155 0.018078 0.964584
v -1.567059 7.991868 1.192223
vt 0.489990 0.553955
vn 0.315479 0.014696 0.948819
v -0.444167 12.061361 -0.063025
vt 0.487061 0.413086
vn 0.283246 0.607654 -0.741976
v -0.164887 11.891224 -0.077187
vt 0.593750 0.420898
vn 0.308508 0.620037 -0.721371
v -0.407929 12.137294 0.023397
vt 0.491699 0.450684
vn 0.330129 0.730860 -0.597376
v -0.108755 12.035328 0.014074
vt 0.594727 0.462402
vn 0.268325 0.725351 -0.633931
v -0.093978 12.082576 0.013156
vt 0.595215 0.479980
vn -0.032100 0.002683 -0.999481
v -0.301417 11.698332 -0.360689
vt 0.555176 0.326660
vn 0.325846 0.672802 -0.664200
v -0.387830 12.201511 0.023501
vt 0.488770 0.474609
vn 0.003389 -0.006224 -0.999975
v -1.082505 12.114340 -0.273183
vt 0.271973 0.301758
vn 0.261451 0.590743 -0.763326
v -0.919906 12.406412 0.002724
vt 0.299072 0.439941
vn 0.381922 0.647979 -0.658983
v -0.907209 12.471287 0.001925
vt 0.299561 0.462891
vn -0.025888 -0.029977 -0.999215
v -0.951500 12.283739 -0.073214
vt 0.298340 0.399414
vn 0.267947 0.547034 -0.793069
v -1.729534 12.679645 -0.039041
vt 0.002073 0.364746
vn 0.230956 0.524637 -0.819400
v -1.706779 12.789205 -0.017086
vt -0.000445 0.396973
vn 0.272331 0.426676 -0.862429
v -1.358118 12.691255 0.022556
vt 0.122681 0.431641
vn 0.294928 0.588958 -0.752427
v -1.333016 12.735210 0.016438
vt 0.117981 0.454102
vn -0.057372 -0.037993 -0.997630
v -1.582637 12.868897 0.027358
vt 0.015472 0.448730
vn 0.268368 -0.213333 -0.939397
v -1.613085 12.815719 0.027432
vt 0.023346 0.424316
vn 0.872053 0.281548 -0.400317
v 0.073863 9.951569 0.208042
vt 0.960938 0.004883
vn -0.548687 -0.834813 0.045057
v 0.054792 9.971483 0.390216
vt 0.960938 0.208496
vn -0.541111 -0.839331 0.052181
v 0.088150 9.951122 0.209608
vt 0.974121 0.004883
vn 0.466570 -0.867342 0.173293
v 0.103332 9.936077 0.110537
vt 0.974121 -0.096680
vn 0.471681 -0.858173 0.202623
v 0.112406 9.951349 0.109500
vt 0.987305 -0.096680
vn 0.985964 -0.013934 0.166377
v 0.086436 9.936540 0.108330
vt 0.960938 -0.096680
vn -0.543650 -0.837329 0.057669
v 0.095773 9.964050 0.209093
vt 0.987305 0.004883
vn 0.990448 -0.021034 0.136274
v 0.069253 9.971053 0.392039
vt 0.974121 0.208496
vn 0.467363 -0.868908 0.163002
v 0.076865 9.984234 0.392686
vt 0.987305 0.208496
vn 0.993848 0.001874 0.110739
v 0.067198 9.964945 0.205962
vt 0.947754 0.004883
vn -0.986792 0.094460 -0.131603
v 0.078613 9.952274 0.105086
vt 0.947754 -0.096680
vn -0.974155 0.162879 -0.156504
v 0.047943 9.985092 0.389040
vt 0.947754 0.208496
vn -0.994215 0.022074 -0.105116
v 0.045765 10.003040 0.603257
vt 0.975586 0.401855
vn 0.490389 -0.863201 0.120006
v 0.052602 10.015018 0.604391
vt 0.996094 0.401855
vn 0.990578 0.075373 0.114347
v 0.037402 10.011579 0.705452
vt 0.987305 0.512939
vn 0.984467 0.019073 0.174531
v 0.020590 10.001778 0.702676
vt 0.960938 0.512939
vn -0.527430 -0.843960 -0.097716
v 0.032683 10.003423 0.601211
vt 0.953613 0.402344
vn -0.548759 -0.835974 -0.003368
v 0.015199 10.012182 0.702737
vt 0.947754 0.512939
vn -0.994043 0.035392 -0.103082
v 0.026438 10.015784 0.600299
vt 0.939453 0.401855
vn -0.992546 0.053280 -0.109611
v 0.020909 10.022285 0.704155
vt 0.935059 0.512939
vn -0.471033 0.881515 0.032527
v 0.033275 10.027760 0.601433
vt 0.933594 0.401367
vn -0.418444 0.901856 -0.107519
v 0.032011 10.021983 0.705513
vt 0.921875 0.512939
vn 0.501626 0.849733 0.162251
v 0.052602 10.015018 0.604391
vt 0.916992 0.401855
vn 0.990578 0.075373 0.114347
v 0.055555 9.998273 0.389687
vt 0.935059 0.208496
vn -0.447905 0.880554 -0.154938
v 0.042068 10.025618 0.610274
vt 0.929199 0.401367
vn -0.040518 0.998498 -0.036890
v 0.070016 9.997845 0.391510
vt 0.921875 0.208496
vn 0.537055 0.842443 -0.043134
v 0.076865 9.984234 0.392686
vt 0.908691 0.208496
vn 0.993848 0.001874 0.110739
v 0.074821 9.977873 0.205447
vt 0.935059 0.004883
vn -0.460530 0.871407 -0.169000
v 0.094982 9.962177 0.105968
vt 0.935059 -0.096680
vn -0.572721 0.795897 -0.196312
v 0.089108 9.977425 0.207013
vt 0.921875 0.004883
vn 0.490935 0.870239 -0.040840
v 0.095773 9.964050 0.209093
vt 0.908691 0.004883
vn 0.990448 -0.021034 0.136274
v 0.104583 9.967084 0.106256
vt 0.921875 -0.096680
vn 0.455523 0.889323 -0.040045
v 0.112406 9.951349 0.109500
vt 0.908691 -0.096680
vn 0.985964 -0.013934 0.166377
v 0.902869 13.050538 1.543782
vt 0.023346 0.424316
vn -0.793676 0.275839 -0.542209
v 0.779211 12.925751 1.310955
vt 0.122681 0.431641
vn -0.812758 0.573293 0.103729
v 0.887609 13.103680 1.516136
vt 0.015472 0.448730
vn -0.951979 -0.217818 0.215155
v 0.912489 13.023634 1.649962
vt -0.000445 0.396973
vn -0.897032 0.400460 0.186990
v 0.761549 12.969605 1.291073
vt 0.117981 0.454102
vn -0.860736 -0.045924 0.506976
v 0.547512 12.705048 0.906695
vt 0.299561 0.462891
vn -0.875727 -0.033121 0.481668
v 0.507743 12.516701 0.982618
vt 0.298340 0.399414
vn -0.838724 0.521962 0.155235
v 0.906165 12.913856 1.680912
vt 0.002073 0.364746
vn -0.843337 0.500080 0.196728
v 0.404726 12.345165 1.198084
vt 0.271973 0.301758
vn -0.812059 0.564489 0.148026
v 0.554142 12.640193 0.918165
vt 0.299072 0.439941
vn -0.770038 0.637877 -0.012419
v 0.318843 12.434947 0.419190
vt 0.488770 0.474609
vn -0.888120 -0.010006 0.459504
v 0.274809 12.293877 0.511823
vt 0.487061 0.413086
vn -0.803443 0.583368 0.118999
v -0.039698 11.927294 0.522538
vt 0.555176 0.326660
vn -0.757455 0.651186 0.047115
v 0.130499 12.123270 0.261960
vt 0.593750 0.420898
vn -0.798556 0.594796 0.092335
v 0.329096 12.370756 0.437393
vt 0.491699 0.450684
vn -0.694115 0.719844 0.005393
v 0.170191 12.315566 0.154351
vt 0.595215 0.479980
vn -0.871964 -0.000436 0.489569
v 0.177733 12.268343 0.167744
vt 0.594727 0.462402
vn -0.695920 0.714268 0.074274
v 1.462235 10.058280 -0.569486
vt 0.529785 0.224609
vn -0.207827 0.697289 -0.686000
v 1.407693 9.877339 -0.747692
vt 0.507812 0.142090
vn -0.244344 0.622409 -0.743574
v 1.753794 10.088846 -0.624286
vt 0.638672 0.220215
vn -0.267318 0.672374 -0.690257
v 1.779916 9.868945 -0.815255
vt 0.648438 0.130859
vn -0.232029 0.622605 -0.747346
v 2.339683 10.287899 -0.736031
vt 0.871582 0.248047
vn 0.060075 0.492459 0.868260
v 2.421653 10.220191 -0.798899
vt 0.895508 0.194336
vn -0.310975 0.560525 -0.767533
v 1.752584 10.160517 -0.545350
vt 0.636230 0.257324
vn 0.027973 0.779279 0.626052
v 1.650839 10.140842 -0.517551
vt 0.596191 0.259766
vn 0.077065 0.776678 0.625165
v 1.471562 10.130898 -0.482249
vt 0.530273 0.263672
vn 0.140981 0.842287 0.520266
v 1.090739 10.153532 -0.351945
vt 0.386719 0.272949
vn -0.188551 0.737818 -0.648131
v 0.857742 10.091628 -0.353728
vt 0.301025 0.247070
vn -0.253338 0.613067 -0.748311
v 0.864229 10.167014 -0.272719
vt 0.301514 0.284180
vn 0.206914 0.783907 0.585386
v 0.828245 9.724205 -0.553691
vt 0.278564 0.104004
vn -0.293433 0.543369 -0.786542
v 0.525072 10.187598 -0.167587
vt 0.176392 0.302734
vn -0.068010 0.984379 0.162398
v 0.525088 10.079109 -0.232125
vt 0.171997 0.257812
vn -0.351252 0.516588 -0.780870
v 0.106976 10.095639 0.000934
vt 0.005379 0.321289
vn 0.080571 0.726773 0.682136
v 0.490894 9.771498 -0.435868
vt 0.154175 0.138184
vn -0.360764 0.523406 -0.771943
v 0.122477 9.964046 -0.060286
vt 0.004005 0.255859
vn -0.446428 0.461812 -0.766441
v 0.129211 9.648258 -0.298015
vt 0.002060 0.123535
vn -0.455171 0.527808 -0.717104
v -0.008970 16.563087 0.157197
vt 0.112122 0.004883
vn -0.999994 -0.003584 -0.000138
v -0.009661 16.732334 -0.076760
vt 0.042938 0.103027
vn -0.999993 -0.003676 -0.000046
v -0.009915 16.799999 0.032755
vt 0.017578 0.057129
vn -0.999992 -0.003907 0.000077
v -0.008638 16.483784 -0.120583
vt 0.145142 0.120605
vn -0.999994 -0.003492 -0.000230
v -0.008370 16.359476 0.000739
vt 0.194458 0.070312
vn -0.286644 0.606589 0.741542
v -0.278820 14.101542 0.271650
vt 0.491699 0.450684
vn -0.072309 0.731682 -0.677800
v -0.340303 14.034188 0.227698
vt 0.487061 0.413086
vn -0.278737 0.549879 -0.787362
v -0.077892 14.011513 0.100478
vt 0.594727 0.462402
vn -0.146047 0.752384 -0.642331
v -0.071907 14.052683 0.094795
vt 0.595215 0.479980
vn -0.650689 -0.007179 -0.759310
v -0.270508 14.157503 0.264164
vt 0.488770 0.474609
vn -0.617797 -0.012799 -0.786234
v -0.146711 13.884881 0.064333
vt 0.593750 0.420898
vn -0.261233 0.555996 -0.789066
v -0.592807 14.328102 0.498022
vt 0.299072 0.439941
vn -0.056333 0.640197 -0.766143
v -0.589432 14.383847 0.494562
vt 0.299561 0.462891
vn -0.655994 -0.036957 -0.753861
v -0.505505 13.830154 0.118220
vt 0.464600 0.318848
vn -0.266327 0.552488 -0.789827
v -0.320357 13.708852 -0.008359
vt 0.555176 0.326660
vn -0.206241 0.566335 -0.797954
v -0.744277 14.092105 0.449644
vt 0.271973 0.301758
vn -0.370130 0.444007 -0.816003
v -0.641805 14.234106 0.456335
vt 0.298340 0.399414
vn -0.307633 0.476463 -0.823617
v -0.974227 14.380824 0.663257
vt 0.103149 0.341309
vn -0.337061 0.413300 -0.845916
v -0.890567 14.510518 0.690213
vt 0.115601 0.397949
vn -0.333535 0.395589 -0.855724
v -1.083061 14.654631 0.843509
vt 0.002073 0.364746
vn -0.498453 0.224889 -0.837239
v -1.065074 14.748877 0.852626
vt -0.000445 0.396973
vn -0.371628 0.240186 -0.896774
v -0.830217 14.598706 0.708578
vt 0.122681 0.431641
vn -0.130935 0.507915 -0.851398
v -0.820144 14.638198 0.693062
vt 0.117981 0.454102
vn -0.693037 -0.072304 -0.717267
v -0.982670 14.780783 0.834336
vt 0.023346 0.424316
vn 0.217311 0.318621 -0.922636
v -0.980556 14.840170 0.832995
vt 0.015472 0.448730
vn -0.103577 -0.018779 -0.994444
v -0.687923 6.932648 1.055259
vt 0.489502 0.415039
vn -0.850212 0.497445 -0.172301
v -0.753280 6.575414 0.898730
vt 0.499268 0.291992
vn -0.879235 0.378191 -0.289687
v -0.425239 7.173338 0.618494
vt 0.693359 0.431641
vn -0.819505 0.508333 -0.264591
v -0.558320 6.711240 0.451845
vt 0.671875 0.286621
vn -0.867457 0.378477 -0.322914
v -0.421586 6.875841 0.224647
vt 0.776367 0.312988
vn -0.767370 0.485289 -0.419092
v -1.013031 6.506781 1.661484
vt 0.301025 0.439453
vn -0.761761 0.647619 -0.017616
v -0.256791 7.250774 0.389802
vt 0.792480 0.437500
vn -0.737447 0.524078 -0.426045
v -0.277688 6.901016 0.049480
vt 0.890625 0.314453
vn -0.660821 0.543266 -0.517858
v -0.079650 7.247455 0.178257
vt 0.891602 0.442871
vn -0.672073 0.521907 -0.525291
v -0.018484 7.385104 0.210999
vt 0.892578 0.498047
vn 0.127391 0.988225 0.084750
v -0.623403 7.017732 1.107743
vt 0.498779 0.449707
vn -0.734449 0.678627 -0.007086
v -0.355898 7.278417 0.692718
vt 0.693359 0.476562
vn 0.522908 -0.847451 -0.091620
v -0.202776 7.372589 0.454194
vt 0.792969 0.485840
vn -0.671049 0.643886 -0.367565
v -0.200547 7.416100 0.449626
vt 0.793457 0.500732
vn -0.811603 -0.014068 -0.584040
v -0.017013 7.425757 0.210324
vt 0.893066 0.511719
vn -0.795178 -0.002786 -0.606369
v -0.368275 7.326276 0.707597
vt 0.693848 0.493164
vn -0.828071 -0.043257 -0.558951
v -0.644696 7.070591 1.131699
vt 0.495850 0.473633
vn -0.809964 -0.050165 -0.584330
v -1.027490 6.561179 1.677024
vt 0.301514 0.462891
vn -0.801022 -0.058491 -0.595770
v -1.435695 6.107028 2.295006
vt 0.025803 0.423340
vn -0.660109 0.630347 -0.408556
v -1.464620 6.166417 2.324111
vt 0.017746 0.447266
vn -0.697523 0.031169 -0.715884
v -1.509493 5.938365 2.273938
vt 0.002787 0.380371
vn -0.826632 0.437463 -0.353985
v -1.077158 6.412282 1.593286
vt 0.300781 0.399902
vn -0.845339 0.483797 -0.226587
v -1.164715 6.132709 1.367095
vt 0.311279 0.294922
vn -0.847240 0.464195 -0.258277
v 0.475664 10.667040 0.712665
vt 0.597168 0.461914
vn -0.511527 0.774514 0.372114
v 0.327124 10.717673 0.421550
vt 0.722168 0.480957
vn -0.145215 0.986833 0.071221
v 0.472631 10.700902 0.707821
vt 0.597168 0.475586
vn -0.886139 -0.035233 0.462079
v 0.324378 10.753414 0.422974
vt 0.720703 0.496582
vn -0.876768 -0.004802 0.480889
v 0.756072 10.616261 1.224463
vt 0.367676 0.457031
vn -0.901776 -0.019008 0.431787
v 0.106464 10.675912 0.061124
vt 0.887207 0.496094
vn -0.621611 0.738875 0.260123
v 0.108836 10.704840 0.053907
vt 0.883301 0.514404
vn -0.859823 0.040581 0.508977
v 0.284604 10.617834 0.459753
vt 0.726074 0.433105
vn -0.767963 0.498795 0.401791
v 0.090463 10.554325 0.095295
vt 0.887207 0.429688
vn -0.812871 0.441609 0.379765
v -0.046561 10.261306 0.238920
vt 0.886719 0.297363
vn -0.784829 0.524795 0.329595
v 0.140854 10.302493 0.616334
vt 0.722656 0.295410
vn -0.764142 0.516694 0.386153
v 0.425476 10.596825 0.757910
vt 0.596680 0.424805
vn -0.681448 0.588993 0.434415
v 0.322299 10.335917 0.851019
vt 0.606934 0.311035
vn -0.738021 0.508287 0.443813
v 0.759637 10.576452 1.230158
vt 0.367920 0.440918
vn -0.453247 0.837765 0.304494
v 0.818554 10.606020 1.383948
vt 0.301514 0.453613
vn -0.919440 -0.026236 0.392354
v 0.704138 10.508713 1.278222
vt 0.367676 0.407227
vn -0.683656 0.621119 0.383180
v 0.608048 10.297193 1.394486
vt 0.362305 0.313965
vn -0.743162 0.538588 0.397031
v 0.821877 10.568925 1.389256
vt 0.301758 0.438477
vn -0.570557 0.779919 0.257275
v 0.861223 10.611562 1.474227
vt 0.258301 0.451660
vn -0.894464 -0.016136 0.446849
v 0.820717 10.509590 1.527883
vt 0.258545 0.405273
vn -0.735135 0.584987 0.342589
v 0.806592 10.317204 1.769835
vt 0.192261 0.316406
vn -0.762740 0.507601 0.400711
v 0.864316 10.577024 1.479169
vt 0.261719 0.436523
vn -0.580257 0.786888 0.210024
v 1.130629 10.687600 1.986037
vt 0.018311 0.450684
vn -0.914569 -0.024109 0.403710
v 1.135308 10.635360 1.993512
vt 0.026291 0.426758
vn -0.820450 0.507412 0.263431
v 1.156523 10.565467 2.079811
vt 0.001349 0.384766
vn -0.817791 0.423069 0.390167
v -1.460804 8.538342 -0.571104
vt 0.363525 0.628906
vn 0.622320 0.705591 -0.338909
v -1.386268 8.511284 -0.468163
vt 0.329346 0.634521
vn 0.607259 0.697368 -0.380675
v -1.578788 8.716819 -0.425069
vt 0.356934 0.555908
vn 0.238698 0.967057 0.088453
v -1.826679 8.788257 -0.611135
vt 0.487793 0.561768
vn -0.182742 0.755769 0.628823
v -1.604365 8.610973 -0.696792
vt 0.435059 0.618164
vn 0.574220 0.744425 -0.340739
v -1.364966 8.399615 -0.685406
vt 0.357178 0.701660
vn 0.602604 0.728928 -0.324858
v -1.434290 8.682504 -0.288486
vt 0.295898 0.554199
vn -0.158930 0.890361 0.426612
v -1.103864 8.283213 -0.507866
vt 0.229370 0.739990
vn 0.548528 0.743905 -0.381737
v -1.269098 8.466950 -0.377761
vt 0.263184 0.645264
vn 0.523532 0.703931 -0.479996
v -1.334912 8.680265 -0.208725
vt 0.235596 0.558838
vn -0.262428 0.874768 0.407323
v -1.218673 8.465818 -0.337506
vt 0.238770 0.644287
vn 0.539643 0.691671 -0.479976
v -0.988345 8.293337 -0.331522
vt 0.164551 0.728271
vn 0.484518 0.722132 -0.493729
v -1.178921 8.471340 -0.264502
vt 0.207397 0.643066
vn 0.565728 0.652201 -0.504566
v -1.215729 8.682237 -0.106192
vt 0.188232 0.559082
vn -0.336027 0.849361 0.407028
v -1.100350 8.468040 -0.202237
vt 0.170166 0.641357
vn 0.458396 0.631924 -0.624936
v -1.076967 8.695256 -0.009284
vt 0.124084 0.561279
vn -0.343736 0.813796 0.468596
v -1.025882 8.472115 -0.149595
vt 0.135376 0.639893
vn 0.415344 0.633142 -0.653162
v -0.794333 8.530997 0.053959
vt 0.008018 0.602539
vn 0.443852 0.584872 -0.678911
v -0.910277 8.683940 0.103582
vt 0.046692 0.562012
vn -0.299132 0.863305 0.406479
v -0.812615 8.693132 0.169156
vt 0.002026 0.558838
vn -0.410343 0.761204 0.502183
v -0.304003 12.790856 -0.338487
vt 0.921387 -0.038086
vn 0.057881 -0.865832 -0.496976
v -0.111068 12.728725 -0.162324
vt 0.921387 -0.182617
vn 0.217882 -0.868022 -0.446167
v -0.300837 12.800228 -0.343006
vt 0.908203 -0.038086
vn 0.632780 -0.133602 -0.762719
v -0.530846 12.947964 -0.579348
vt 0.908203 0.249512
vn 0.757667 0.388597 -0.524341
v -0.537208 12.942423 -0.572007
vt 0.921387 0.249512
vn -0.711428 -0.679819 0.178091
v -0.105607 12.741583 -0.167475
vt 0.908203 -0.182617
vn 0.667515 -0.040806 -0.743477
v 0.030394 12.710319 -0.029821
vt 0.921387 -0.326172
vn 0.256394 -0.881648 -0.396180
v 0.036112 12.724676 -0.035952
vt 0.908203 -0.326172
vn 0.677276 -0.038603 -0.734716
v 0.019936 12.710674 -0.017444
vt 0.934570 -0.326172
vn -0.424239 -0.843482 0.329482
v -0.120595 12.729023 -0.151374
vt 0.934570 -0.182617
vn -0.455508 -0.844895 0.280474
v 0.015197 12.725385 -0.011197
vt 0.948242 -0.326172
vn -0.692629 0.002572 0.721289
v -0.310627 12.791092 -0.330219
vt 0.934570 -0.038086
vn -0.560036 -0.808199 0.182136
v -0.537208 12.942423 -0.572007
vt 0.934570 0.249512
vn -0.711428 -0.679819 0.178091
v -0.124661 12.742182 -0.145577
vt 0.948242 -0.182617
vn -0.693148 0.001490 0.720794
v 0.020914 12.739739 -0.017328
vt 0.961426 -0.326172
vn -0.300936 0.858798 0.414613
v -0.314085 12.800698 -0.326472
vt 0.948242 -0.038086
vn -0.735335 -0.050241 0.675839
v -0.119200 12.755040 -0.150728
vt 0.961426 -0.182617
vn -0.247517 0.862084 0.442207
v 0.031372 12.739387 -0.029705
vt 0.974609 -0.326172
vn 0.405821 0.850438 -0.334761
v -0.310919 12.810068 -0.330991
vt 0.961426 -0.038086
vn -0.193231 0.819839 0.539004
v -0.537208 12.942423 -0.572007
vt 0.948242 0.249512
vn -0.711428 -0.679819 0.178091
v -0.537066 12.953918 -0.572173
vt 0.961426 0.249512
vn -0.014902 0.859572 0.510797
v -0.109673 12.754742 -0.161677
vt 0.974609 -0.182617
vn 0.453317 0.835045 -0.311775
v 0.036112 12.724676 -0.035952
vt 0.988281 -0.326172
vn 0.677276 -0.038603 -0.734716
v -0.105607 12.741583 -0.167475
vt 0.988281 -0.182617
vn 0.667515 -0.040806 -0.743477
v -0.304295 12.809832 -0.339258
vt 0.974609 -0.038086
vn 0.593035 0.767731 -0.242690
v -0.530846 12.947964 -0.579348
vt 0.988281 0.249512
vn 0.757667 0.388597 -0.524341
v -0.300837 12.800228 -0.343006
vt 0.988281 -0.038086
vn 0.632780 -0.133602 -0.762719
v 0.321279 11.356459 0.018472
vt 0.934570 -0.182617
vn 0.219849 -0.834463 -0.505309
v 0.130923 11.311404 0.003105
vt 0.934570 -0.326172
vn 0.237574 -0.833641 -0.498599
v 0.320212 11.356236 0.033231
vt 0.921387 -0.182617
vn 0.144695 -0.850836 0.505116
v 0.129962 11.311180 0.019588
vt 0.921387 -0.326172
vn 0.166471 -0.852918 0.494792
v 0.316827 11.368802 0.040574
vt 0.908203 -0.182617
vn -0.061221 -0.002901 0.998120
v 0.126697 11.325306 0.027843
vt 0.908203 -0.326172
vn -0.061638 -0.022604 0.997843
v 0.503953 11.400189 0.051311
vt 0.908203 -0.038086
vn -0.089206 0.031598 0.995512
v 0.505345 11.390830 0.045877
vt 0.921387 -0.038086
vn 0.130970 -0.823221 0.552408
v 0.869851 11.490484 0.092484
vt 0.921387 0.249512
vn -0.036236 -0.216722 0.975560
v 0.318961 11.369248 0.011057
vt 0.948242 -0.182617
vn 0.087420 0.026622 -0.995816
v 0.505705 11.390931 0.035099
vt 0.934570 -0.038086
vn 0.239151 -0.863324 -0.444385
v 0.871482 11.484978 0.082706
vt 0.934570 0.249512
vn 0.282583 -0.675769 -0.680796
v 0.504673 11.400393 0.029754
vt 0.948242 -0.038086
vn 0.131385 -0.049010 -0.990119
v 0.128617 11.325759 -0.005124
vt 0.948242 -0.326172
vn 0.083125 0.006830 -0.996516
v 0.125351 11.339886 0.003130
vt 0.961426 -0.326172
vn -0.146143 0.848090 -0.509299
v 0.503282 11.409752 0.035188
vt 0.961426 -0.038086
vn -0.087834 0.819422 -0.566422
v 0.871482 11.484978 0.082706
vt 0.948242 0.249512
vn 0.282583 -0.675769 -0.680796
v 0.315575 11.381815 0.018400
vt 0.961426 -0.182617
vn -0.116904 0.860412 -0.496009
v 0.124391 11.339659 0.019614
vt 0.974609 -0.326172
vn -0.220248 0.836399 0.501925
v 0.869593 11.496299 0.082726
vt 0.961426 0.249512
vn -0.175733 0.957195 -0.229992
v 0.314508 11.381592 0.033159
vt 0.974609 -0.182617
vn -0.191021 0.845621 0.498434
v 0.126697 11.325306 0.027843
vt 0.988281 -0.326172
vn -0.061638 -0.022604 0.997843
v 0.316827 11.368802 0.040574
vt 0.988281 -0.182617
vn -0.061221 -0.002901 0.998120
v 0.502922 11.409650 0.045966
vt 0.974609 -0.038086
vn -0.209938 0.872011 0.442180
v 0.503953 11.400189 0.051311
vt 0.988281 -0.038086
vn -0.089206 0.031598 0.995512
v 0.869851 11.490484 0.092484
vt 0.974609 0.249512
vn -0.036236 -0.216722 0.975560
v 0.841960 12.285838 0.066546
vt 0.934570 0.249512
vn 0.775325 0.423511 -0.468518
v 0.551660 12.118025 0.032037
vt 0.934570 -0.038086
vn 0.404511 -0.768173 -0.496267
v 0.841299 12.285421 0.079582
vt 0.921387 0.249512
vn 0.705542 0.380793 0.597669
v 0.550086 12.127485 0.026838
vt 0.948242 -0.038086
vn 0.098231 0.019802 -0.994967
v 0.551508 12.117769 0.042818
vt 0.921387 -0.038086
vn 0.347773 -0.810359 0.471564
v 0.549781 12.126975 0.048400
vt 0.908203 -0.038086
vn -0.040704 -0.052524 0.997790
v 0.310595 12.025225 0.031932
vt 0.921387 -0.182617
vn 0.244659 -0.841171 0.482259
v 0.306763 12.037504 0.039504
vt 0.908203 -0.182617
vn -0.030217 -0.042114 0.998656
v 0.120329 11.975904 0.021342
vt 0.921387 -0.326172
vn 0.194490 -0.854004 0.482546
v 0.116561 11.989735 0.029843
vt 0.908203 -0.326172
vn -0.043103 -0.030311 0.998611
v 0.120967 11.976385 0.004847
vt 0.934570 -0.326172
vn 0.245576 -0.819102 -0.518425
v 0.311372 12.025688 0.017159
vt 0.934570 -0.182617
vn 0.291893 -0.812330 -0.504895
v 0.308318 12.038432 0.009958
vt 0.948242 -0.182617
vn 0.064728 0.016330 -0.997769
v 0.117838 11.990700 -0.003147
vt 0.948242 -0.326172
vn 0.060901 0.030717 -0.997671
v 0.304487 12.050710 0.017531
vt 0.961426 -0.182617
vn -0.218931 0.841332 -0.494196
v 0.114070 12.004532 0.005354
vt 0.961426 -0.326172
vn -0.175850 0.853929 -0.489778
v 0.113431 12.004050 0.021849
vt 0.974609 -0.326172
vn -0.228940 0.826192 0.514774
v 0.548359 12.136692 0.032420
vt 0.961426 -0.038086
vn -0.302063 0.809230 -0.503890
v 0.841960 12.285838 0.066546
vt 0.948242 0.249512
vn 0.775325 0.423511 -0.468518
v 0.303709 12.050247 0.032304
vt 0.974609 -0.182617
vn -0.266449 0.809352 0.523406
v 0.116561 11.989735 0.029843
vt 0.988281 -0.326172
vn -0.043103 -0.030311 0.998611
v 0.306763 12.037504 0.039504
vt 0.988281 -0.182617
vn -0.030217 -0.042114 0.998656
v 0.548207 12.136436 0.043201
vt 0.974609 -0.038086
vn -0.379708 0.775296 0.504716
v 0.841960 12.285838 0.066546
vt 0.961426 0.249512
vn 0.775325 0.423511 -0.468518
v 0.841299 12.285421 0.079582
vt 0.974609 0.249512
vn 0.705542 0.380793 0.597669
v 0.549781 12.126975 0.048400
vt 0.988281 -0.038086
vn -0.040704 -0.052524 0.997790
v 0.841299 12.285421 0.079582
vt 0.988281 0.249512
vn 0.705542 0.380793 0.597669
v 0.117730 14.838176 -0.006830
vt 0.046692 0.562012
vn -0.409156 0.702432 0.582392
v 0.124458 14.692702 0.107496
vt 0.008018 0.602539
vn -0.341709 0.589395 0.732017
v 0.021898 14.787659 -0.005691
vt 0.002026 0.558838
vn -0.331354 0.644035 0.689510
v 0.099448 14.869846 -0.006660
vt 0.046814 0.551025
vn 0.016577 0.001693 0.999861
v 0.008927 14.810130 -0.005571
vt 0.002079 0.551025
vn 0.011292 0.001097 0.999936
v 0.269761 14.945923 -0.010719
vt 0.123718 0.560059
vn -0.427419 0.706268 -0.564356
v 0.386236 14.799630 0.144975
vt 0.135376 0.639893
vn -0.358031 0.628569 0.690446
v 0.269761 14.945923 -0.010719
vt 0.123718 0.561768
vn -0.427419 0.706268 -0.564356
v 0.508240 14.707194 0.320711
vt 0.164551 0.728271
vn -0.522535 0.622186 0.582959
v 0.459017 14.841350 0.145823
vt 0.170166 0.641357
vn -0.401050 0.602519 0.690021
v 0.407321 15.018996 -0.009503
vt 0.188599 0.558105
vn -0.508731 0.860509 -0.026776
v 0.535012 14.893608 0.151076
vt 0.207397 0.643066
vn -0.554051 0.514666 0.654329
v 0.462884 15.054019 -0.002780
vt 0.214111 0.560059
vn -0.578043 0.815802 -0.018294
v 0.592368 14.928454 0.185964
vt 0.238770 0.644287
vn -0.549411 0.564774 0.615774
v 0.658727 14.800984 0.394318
vt 0.229370 0.739990
vn -0.632769 0.574179 0.519540
v 0.641685 14.961318 0.189656
vt 0.263184 0.645264
vn -0.546621 0.587557 0.596643
v 0.528735 15.095520 0.006425
vt 0.244507 0.556641
vn -0.461819 0.676139 -0.574073
v 0.626089 15.160445 0.012892
vt 0.295898 0.554199
vn -0.543759 0.645086 -0.536834
v 0.736728 15.069368 0.191741
vt 0.329346 0.634521
vn -0.639742 0.523282 0.562944
v 0.853698 15.047495 0.379066
vt 0.357178 0.701660
vn -0.689670 0.522436 0.501414
v 0.713553 15.241510 0.027611
vt 0.344238 0.556396
vn -0.762147 0.647400 0.002391
v 0.814924 15.152590 0.227688
vt 0.363525 0.628906
vn -0.694946 0.496405 0.520224
v 0.928970 15.304409 0.239773
vt 0.435059 0.618164
vn -0.669679 0.551200 0.497703
v 0.761783 15.286209 0.036531
vt 0.370117 0.554443
vn -0.740965 0.668816 -0.060461
v 0.970737 15.495493 0.039202
vt 0.487793 0.561768
vn -0.490925 0.449334 0.746386
v -0.235781 11.926712 -0.370624
vt 0.961426 -0.038086
vn -0.251559 0.828330 0.500587
v -0.067463 11.870163 -0.174850
vt 0.961426 -0.182617
vn -0.277556 0.858638 0.430933
v -0.240040 11.917332 -0.367250
vt 0.948242 -0.038086
vn -0.795184 -0.044046 0.604766
v -0.429226 12.034439 -0.623767
vt 0.948242 0.249512
vn -0.666253 -0.742247 0.071950
v -0.428267 12.045861 -0.622973
vt 0.961426 0.249512
vn -0.126428 0.863432 0.488366
v -0.228374 11.926531 -0.378132
vt 0.974609 -0.038086
vn 0.605451 0.770128 -0.200831
v -0.421772 12.039948 -0.629911
vt 0.988281 0.249512
vn 0.800703 0.326089 -0.502534
v -0.225227 11.916968 -0.382267
vt 0.988281 -0.038086
vn 0.723406 -0.116909 -0.680453
v -0.053190 11.856879 -0.191107
vt 0.988281 -0.182617
vn 0.743936 -0.033016 -0.667435
v -0.056905 11.869868 -0.184713
vt 0.974609 -0.182617
vn 0.497505 0.832410 -0.244093
v 0.072865 11.831106 -0.046466
vt 0.988281 -0.326172
vn 0.752073 -0.018805 -0.658811
v 0.068544 11.845661 -0.039571
vt 0.974609 -0.326172
vn 0.037923 0.982466 -0.182546
v 0.056920 11.845982 -0.028388
vt 0.961426 -0.326172
vn -0.310861 0.859419 0.405911
v 0.049617 11.831749 -0.024099
vt 0.948242 -0.326172
vn -0.763079 0.022476 0.645914
v -0.074306 11.857470 -0.171382
vt 0.948242 -0.182617
vn -0.763630 0.007284 0.645613
v 0.053938 11.817192 -0.030994
vt 0.934570 -0.326172
vn -0.489426 -0.832238 0.260465
v -0.236892 11.907770 -0.371385
vt 0.934570 -0.038086
vn -0.573619 -0.807434 0.137883
v -0.429226 12.034439 -0.623767
vt 0.934570 0.249512
vn -0.666253 -0.742247 0.071950
v -0.070591 11.844481 -0.177776
vt 0.934570 -0.182617
vn -0.501702 -0.837831 0.215252
v -0.229486 11.907589 -0.378894
vt 0.921387 -0.038086
vn 0.128293 -0.867272 -0.481019
v -0.060033 11.844187 -0.187639
vt 0.921387 -0.182617
vn 0.251484 -0.860739 -0.442588
v 0.065562 11.816872 -0.042177
vt 0.921387 -0.326172
vn -0.039070 -0.922068 -0.385051
v -0.053190 11.856879 -0.191107
vt 0.908203 -0.182617
vn 0.743936 -0.033016 -0.667435
v 0.072865 11.831106 -0.046466
vt 0.908203 -0.326172
vn 0.752073 -0.018805 -0.658811
v -0.225227 11.916968 -0.382267
vt 0.908203 -0.038086
vn 0.723406 -0.116909 -0.680453
v -0.421772 12.039948 -0.629911
vt 0.908203 0.249512
vn 0.800703 0.326089 -0.502534
v -0.429226 12.034439 -0.623767
vt 0.921387 0.249512
vn -0.666253 -0.742247 0.071950
v 0.166583 4.426806 0.806177
vt 0.814453 0.100098
vn -0.681241 0.503068 0.531821
v 0.094900 4.535933 0.537895
vt 0.894531 0.104492
vn -0.704501 0.522768 0.479992
v 0.270814 4.526148 0.801198
vt 0.812012 0.133789
vn 0.038673 -0.887953 -0.458305
v 0.183475 4.652301 0.541637
vt 0.895020 0.143555
vn -0.662834 0.591774 0.458753
v -0.151454 4.174232 0.544497
vt 0.881348 0.004395
vn -0.752358 0.433009 0.496448
v 0.277718 4.571537 0.824836
vt 0.812500 0.151367
vn -0.952728 -0.016211 0.303391
v 0.183813 4.696121 0.541192
vt 0.895020 0.155762
vn -0.949244 -0.004703 0.314505
v -0.067225 3.980056 0.776995
vt 0.797363 -0.016602
vn -0.765523 0.378203 0.520515
v 0.369575 4.312749 1.100772
vt 0.707520 0.119629
vn 0.240579 0.836267 0.492726
v 0.416510 4.210402 1.244601
vt 0.657715 0.116211
vn -0.401523 0.653120 0.642039
v 0.425408 4.259384 1.281524
vt 0.651367 0.137207
vn -0.961680 -0.019625 0.273472
v 0.588608 3.677354 1.874724
vt 0.499512 0.124512
vn -0.963790 -0.016105 0.266174
v 0.153169 3.788048 1.189790
vt 0.658203 -0.011719
vn -0.745675 0.375707 0.550284
v 0.333013 4.128772 1.260134
vt 0.650391 0.086914
vn -0.619807 0.489479 0.613393
v 0.582048 3.625631 1.848332
vt 0.499268 0.105957
vn -0.438673 0.622291 0.648321
v 0.798337 3.197815 2.553326
vt 0.276367 0.111328
vn -0.997892 0.063581 -0.013002
v 0.794948 3.141253 2.537321
vt 0.276367 0.095703
vn -0.255912 0.888570 -0.380726
v 0.726172 2.972737 2.570891
vt 0.258545 0.058594
vn -0.745600 0.441566 0.499099
v 0.486152 3.536373 1.853447
vt 0.498535 0.074707
vn -0.665438 0.479265 0.572273
v 0.244117 3.279407 1.768334
vt 0.506836 -0.009766
vn -0.695336 0.459293 0.552773
v 1.037190 9.202148 -0.838003
vt 0.207397 0.643066
vn 0.059582 0.651461 0.756339
v 1.116654 9.196653 -0.825387
vt 0.238770 0.644287
vn 0.058476 0.691281 0.720216
v 0.969776 9.021659 -0.642354
vt 0.164551 0.728271
vn 0.104773 0.721190 0.684768
v 1.173807 9.011816 -0.627821
vt 0.229370 0.739990
vn -0.029036 0.745098 0.666322
v 0.941736 9.198329 -0.812244
vt 0.170166 0.641357
vn 0.227270 0.628452 0.743906
v 0.940277 9.414492 -0.964977
vt 0.188232 0.559082
vn -0.123040 0.866852 -0.483145
v 1.091870 9.412951 -0.996792
vt 0.235596 0.558838
vn 0.010070 0.990789 0.135039
v 0.781806 9.426364 -0.909993
vt 0.124084 0.561279
vn 0.238070 0.725751 0.645452
v 0.856030 9.201874 -0.783791
vt 0.135376 0.639893
vn 0.278096 0.627977 0.726847
v 0.559490 9.259335 -0.719489
vt 0.008018 0.602539
vn 0.281495 0.580581 0.763993
v 0.593744 9.413836 -0.843469
vt 0.046692 0.562012
vn 0.241864 0.734930 0.633545
v 0.483934 9.422315 -0.803960
vt 0.002026 0.558838
vn 0.311270 0.600985 0.736158
v 0.782345 9.454803 -0.906489
vt 0.123718 0.553467
vn 0.324704 -0.121740 0.937948
v 0.941172 9.442777 -0.960308
vt 0.187622 0.551270
vn -0.255255 0.156387 -0.954143
v 0.594503 9.453919 -0.838532
vt 0.046814 0.551025
vn 0.332902 -0.121512 0.935099
v 0.484472 9.450753 -0.800456
vt 0.002079 0.551025
vn 0.327668 -0.121604 0.936935
v 1.213544 9.444437 -1.026433
vt 0.295898 0.545898
vn 0.226309 -0.123344 0.966215
v 1.092409 9.441392 -0.993289
vt 0.235352 0.551270
vn 0.905785 0.348716 -0.240729
v 1.213006 9.415998 -1.029936
vt 0.295898 0.554199
vn -0.010314 0.775707 0.631009
v 1.405047 9.451140 -1.063282
vt 0.356934 0.555908
vn -0.078244 0.743691 0.663928
v 1.405586 9.479579 -1.059779
vt 0.358154 0.547852
vn 0.258610 -0.122917 0.958130
v 1.178138 9.198117 -0.841748
vt 0.263184 0.645264
vn 0.068654 0.703449 0.707422
v 1.318541 9.243237 -0.881207
vt 0.329346 0.634521
vn -0.067239 0.699026 0.711928
v 1.468687 9.130104 -0.730369
vt 0.357178 0.701660
vn -0.109423 0.732558 0.671852
v 1.698252 9.524271 -1.150255
vt 0.487793 0.561768
vn 0.051369 0.563173 0.824741
v 1.698791 9.552710 -1.146752
vt 0.490479 0.554199
vn 0.310122 -0.122047 0.942830
v 1.625143 9.344042 -0.917020
vt 0.435059 0.618164
vn -0.079125 0.747001 0.660098
v 1.441962 9.270535 -0.878148
vt 0.363525 0.628906
vn -0.111345 0.707944 0.697437
v -0.034570 7.384354 0.198243
vt 0.937500 -0.063477
vn -0.435049 0.846539 -0.306764
v -0.203219 7.376803 0.437303
vt 0.940430 0.117188
vn -0.501851 0.837984 -0.214310
v -0.042519 7.365398 0.192804
vt 0.951660 -0.063477
vn -0.831756 -0.016486 -0.554897
v 0.015136 7.355854 0.103047
vt 0.951660 -0.128906
vn -0.842409 -0.030484 -0.537975
v 0.026299 7.380841 0.109379
vt 0.937500 -0.128906
vn -0.436026 0.836605 -0.331621
v 0.025222 7.331857 0.113648
vt 0.965332 -0.128906
vn -0.476904 -0.861108 -0.176228
v -0.018484 7.385104 0.210999
vt 0.923828 -0.063477
vn 0.127391 0.988225 0.084750
v 0.047547 7.381829 0.126311
vt 0.923828 -0.128906
vn 0.384190 0.884224 0.265606
v -0.010346 7.366896 0.218315
vt 0.909668 -0.063477
vn 0.786489 0.051383 0.615464
v 0.057634 7.357831 0.136911
vt 0.909668 -0.128906
vn 0.769045 0.036277 0.638165
v -0.182731 7.362894 0.451814
vt 0.912109 0.117676
vn 0.808976 0.067082 0.584002
v -0.190338 7.377400 0.447484
vt 0.929199 0.117188
vn 0.308677 0.883317 0.352803
v -0.257277 7.334809 0.561239
vt 0.909668 0.201660
vn 0.829581 -0.008802 0.558318
v -0.264586 7.346885 0.558716
vt 0.923828 0.201660
vn 0.248791 0.858915 0.447625
v -0.349388 7.282298 0.701371
vt 0.909668 0.333984
vn 0.835511 -0.143317 0.530454
v -0.356653 7.292315 0.700503
vt 0.923828 0.333984
vn 0.161888 0.806766 0.568261
v -0.492650 7.156312 0.874745
vt 0.930664 0.466309
vn -0.339419 0.863208 0.373719
v -0.275431 7.346396 0.549946
vt 0.937500 0.201660
vn -0.581561 0.805927 -0.110766
v -0.208493 7.361699 0.431451
vt 0.948730 0.117676
vn -0.833221 -0.010270 -0.552845
v -0.366289 7.291781 0.693184
vt 0.937500 0.333984
vn -0.639845 0.768494 -0.003900
v -0.278967 7.333829 0.543699
vt 0.951660 0.201660
vn -0.841879 -0.035386 -0.538505
v -0.034381 7.347190 0.200121
vt 0.965332 -0.063477
vn -0.438219 -0.869739 -0.226979
v -0.368660 7.281229 0.686732
vt 0.951660 0.333984
vn -0.837204 -0.021571 -0.546464
v 0.046471 7.332845 0.130580
vt 0.979492 -0.128906
vn 0.338786 -0.841529 0.420777
v -0.018295 7.347939 0.212876
vt 0.979492 -0.063477
vn 0.397796 -0.836858 0.376069
v 0.057634 7.357831 0.136911
vt 0.993164 -0.128906
vn 0.769045 0.036277 0.638165
v -0.010346 7.366896 0.218315
vt 0.993164 -0.063477
vn 0.786489 0.051383 0.615464
v -0.182731 7.362894 0.451814
vt 0.996094 0.117676
vn 0.808976 0.067082 0.584002
v -0.200886 7.347192 0.435781
vt 0.959961 0.118164
vn -0.362602 -0.866715 -0.342527
v -0.188005 7.347789 0.445962
vt 0.976074 0.118164
vn 0.500071 -0.829324 0.249301
v -0.271657 7.321754 0.546222
vt 0.965332 0.201660
vn -0.280596 -0.858351 -0.429534
v -0.260812 7.322243 0.554992
vt 0.979492 0.201660
vn 0.529881 -0.841941 0.101794
v -0.257277 7.334809 0.561239
vt 0.993164 0.201660
vn 0.829581 -0.008802 0.558318
v -0.361394 7.271212 0.687599
vt 0.965332 0.333984
vn 0.011485 -0.893656 -0.448605
v -0.355898 7.278417 0.692718
vt 0.979492 0.333984
vn 0.522908 -0.847451 -0.091620
v -0.349388 7.282298 0.701371
vt 0.993164 0.333984
vn 0.835511 -0.143317 0.530454
v -0.492650 7.156312 0.874745
vt 0.993164 0.466309
vn -0.339419 0.863208 0.373719
v -0.484193 7.143805 0.872773
vt 0.979492 0.466309
vn 0.860971 -0.363510 0.355794
v -0.492885 7.143145 0.866656
vt 0.965332 0.466309
vn -0.323999 -0.626323 -0.709045
v 0.269761 14.945923 -0.010719
vt 0.124207 0.560059
vn -0.427419 0.706268 -0.564356
v 0.394350 15.041466 -0.009382
vt 0.188354 0.550049
vn 0.440600 0.126298 -0.888775
v 0.256790 14.968399 -0.011732
vt 0.123962 0.552002
vn 0.014199 -0.036827 -0.999221
v 0.099448 14.869846 -0.006660
vt 0.047485 0.550781
vn 0.016577 0.001693 0.999861
v 0.394350 15.041466 -0.009382
vt 0.187622 0.550049
vn 0.440600 0.126298 -0.888775
v 0.407321 15.018996 -0.009503
vt 0.188232 0.558105
vn -0.508731 0.860509 -0.026776
v 0.082080 10.589501 -0.192308
vt 0.892090 0.512695
vn 0.978283 -0.022222 0.206077
v 0.123340 10.560786 -0.389590
vt 0.807617 0.486328
vn 0.697023 0.697642 0.165690
v 0.081618 10.558931 -0.197767
vt 0.891602 0.499023
vn 0.868342 0.456704 0.193400
v 0.125935 10.449001 -0.208025
vt 0.889648 0.438477
vn 0.829436 0.514230 0.218185
v 0.159137 10.585206 -0.635485
vt 0.699707 0.479492
vn 0.670402 0.709492 0.217212
v 0.199888 10.633533 -0.869657
vt 0.595215 0.479980
vn 0.986008 -0.019024 0.165606
v 0.267318 10.517794 -0.876226
vt 0.593750 0.420898
vn 0.711186 0.674500 0.198152
v 0.349021 10.195438 -0.207017
vt 0.887695 0.319824
vn 0.716956 0.658236 0.229566
v 0.200239 10.594771 -0.876386
vt 0.594727 0.462402
vn 0.594103 0.792424 0.138224
v 0.239239 10.658147 -1.104555
vt 0.488770 0.474609
vn 0.980664 -0.024803 0.194119
v 0.457015 10.218562 -0.581340
vt 0.722168 0.293945
vn 0.704414 0.667489 0.241369
v 0.498464 10.348786 -1.007754
vt 0.531250 0.312988
vn 0.681230 0.702903 0.204580
v 0.239715 10.605458 -1.113701
vt 0.491699 0.450684
vn 0.569368 0.802415 0.178748
v 0.341822 10.704973 -1.537282
vt 0.299561 0.462891
vn 0.981289 -0.028403 0.190434
v 0.306123 10.539693 -1.120946
vt 0.487061 0.413086
vn 0.713598 0.676922 0.180431
v 0.559199 10.380342 -1.607034
vt 0.271973 0.301758
vn 0.772646 0.613421 0.163505
v 0.342288 10.653389 -1.546237
vt 0.299072 0.439941
vn 0.620905 0.756377 0.205841
v 0.403865 10.704071 -1.946954
vt 0.122681 0.431641
vn 0.712482 0.683188 0.160073
v 0.446490 10.765969 -2.165558
vt 0.016724 0.448730
vn 0.950613 -0.055535 0.305370
v 0.398414 10.577722 -1.548078
vt 0.298340 0.399414
vn 0.761916 0.619600 0.188628
v 0.446928 10.717506 -2.173971
vt 0.024612 0.424316
vn 0.710420 0.543204 0.447474
v 0.489661 10.668417 -2.230732
vt 0.000815 0.396973
vn 0.915836 0.367495 0.161839
v 0.504931 10.599695 -2.231597
vt 0.003334 0.364746
vn 0.976125 0.217039 -0.008563
v 1.087943 11.614870 0.120973
vt 0.299561 0.462891
vn -0.095514 -0.012918 0.995344
v 1.586478 11.671107 0.147707
vt 0.122681 0.431641
vn -0.172339 0.698792 0.694254
v 1.105277 11.551214 0.122066
vt 0.299072 0.439941
vn -0.237413 0.756958 0.608810
v 1.845946 11.780052 0.170903
vt 0.015472 0.448730
vn -0.412237 -0.109627 0.904457
v 0.580161 11.428459 0.047793
vt 0.491699 0.450684
vn -0.218121 0.805078 0.551609
v 0.562459 11.493478 0.046677
vt 0.488770 0.474609
vn -0.100011 -0.010134 0.994935
v 0.292285 11.381602 0.028604
vt 0.594727 0.462402
vn -0.176233 0.767422 0.616446
v 0.279260 11.429434 0.027782
vt 0.595215 0.479980
vn -0.066323 -0.000926 0.997798
v 0.310718 11.288231 0.119301
vt 0.593750 0.420898
vn -0.181815 0.717500 0.672412
v 0.605946 11.350134 0.136230
vt 0.487061 0.413086
vn -0.192808 0.688392 0.699244
v 0.459405 11.086279 0.405460
vt 0.553223 0.314453
vn -0.178630 0.716698 0.674118
v 1.241335 11.227060 0.407790
vt 0.271973 0.301758
vn -0.163149 0.633141 0.756647
v 1.124496 11.459192 0.198054
vt 0.298340 0.399414
vn -0.191420 0.635928 0.747632
v 1.862230 11.720249 0.171929
vt 0.023346 0.424316
vn -0.798941 0.509266 0.319909
v 1.942036 11.668228 0.221963
vt -0.000445 0.396973
vn -0.119723 0.399969 0.908676
v 1.953816 11.582711 0.244174
vt 0.002073 0.364746
vn 0.089875 0.261893 0.960903
v 0.655020 4.217546 0.181626
vt 0.935059 0.512939
vn 0.264686 0.749437 0.606866
v 0.567394 4.261192 0.158809
vt 0.933594 0.401367
vn 0.151190 0.819141 0.553309
v 0.657897 4.218184 0.170351
vt 0.921875 0.512939
vn 0.536719 0.782451 -0.315759
v 0.569089 4.250755 0.137240
vt 0.916992 0.401855
vn 0.308546 0.136817 -0.941318
v 0.575977 4.257134 0.150403
vt 0.929199 0.401367
vn 0.299790 0.930581 0.210110
v 0.119470 4.392305 0.022550
vt 0.921875 -0.096680
vn 0.351813 0.863729 -0.360833
v 0.118650 4.377534 0.012304
vt 0.908691 -0.096680
vn 0.301711 0.128616 -0.944684
v 0.114967 4.391387 0.039695
vt 0.935059 -0.096680
vn 0.102473 0.838280 0.535523
v 0.109644 4.375700 0.046594
vt 0.947754 -0.096680
vn -0.260563 -0.037636 0.964723
v 0.561533 4.249624 0.163725
vt 0.939453 0.401855
vn -0.256018 -0.026701 0.966303
v 0.108825 4.360928 0.036348
vt 0.960938 -0.096680
vn -0.335504 -0.858611 0.387588
v 0.649675 4.207963 0.185664
vt 0.947754 0.512939
vn -0.254637 -0.043420 0.966061
v 0.559450 4.238623 0.155398
vt 0.953613 0.402344
vn -0.399237 -0.834110 0.380619
v 0.113327 4.361845 0.019203
vt 0.974121 -0.096680
vn -0.058696 -0.805819 -0.589246
v 0.647207 4.199018 0.178428
vt 0.960938 0.512939
vn -0.479837 -0.804417 0.350244
v 0.563228 4.239188 0.142156
vt 0.975586 0.401855
vn -0.113798 -0.786790 -0.606640
v 0.569089 4.250755 0.137240
vt 0.996094 0.401855
vn 0.308546 0.136817 -0.941318
v 0.118650 4.377534 0.012304
vt 0.987305 -0.096680
vn 0.301711 0.128616 -0.944684
v 0.655429 4.209238 0.163116
vt 0.987305 0.512939
vn 0.344127 0.066523 -0.936564
v 0.132555 14.384671 -0.006671
vt 0.046692 0.562012
vn -0.037814 0.577433 -0.815562
v 0.071982 14.280030 0.132089
vt 0.008018 0.602539
vn -0.357554 0.825046 0.437554
v 0.030680 14.356946 -0.027386
vt 0.002026 0.558838
vn -0.295907 0.942006 0.158318
v 0.331025 14.339204 0.235297
vt 0.135376 0.639893
vn -0.351819 0.852913 0.385698
v 0.301191 14.454513 0.020179
vt 0.123718 0.561768
vn 0.000209 0.510852 -0.859668
v 0.374579 14.278893 0.458485
vt 0.164551 0.728271
vn -0.478518 0.845898 0.235534
v 0.408566 14.364153 0.252698
vt 0.170166 0.641357
vn -0.399562 0.835319 0.377615
v 0.446096 14.496447 0.054959
vt 0.188599 0.558105
vn -0.000719 0.549703 -0.835360
v 0.490576 14.399644 0.273065
vt 0.207397 0.643066
vn -0.519014 0.793264 0.318366
v 0.504503 14.520237 0.073162
vt 0.214111 0.560059
vn -0.330358 0.862547 -0.383245
v 0.543232 14.431065 0.317811
vt 0.238770 0.644287
vn -0.507615 0.817375 0.272442
v 0.573548 14.548622 0.095356
vt 0.244507 0.556641
vn -0.085829 0.558517 -0.825040
v 0.518014 14.358363 0.558916
vt 0.229370 0.739990
vn -0.574942 0.803816 0.152715
v 0.678169 14.592112 0.121628
vt 0.295898 0.554199
vn -0.162137 0.570318 -0.805264
v 0.596116 14.453193 0.331507
vt 0.263184 0.645264
vn -0.514548 0.821642 0.245245
v 0.710597 14.536407 0.343960
vt 0.329346 0.634521
vn -0.622793 0.759236 0.188916
v 0.764223 14.546776 0.561335
vt 0.357178 0.701660
vn -0.637360 0.759601 0.129531
v 0.775405 14.655294 0.149200
vt 0.344238 0.556396
vn -0.530006 0.754740 -0.386602
v 0.794408 14.609448 0.386843
vt 0.363525 0.628906
vn -0.654356 0.741106 0.150269
v 0.934852 14.732907 0.405971
vt 0.435059 0.618164
vn -0.609609 0.782592 0.126203
v 0.828894 14.690274 0.164856
vt 0.370117 0.554443
vn -0.299451 0.542110 -0.785141
v 1.074121 14.845940 0.195846
vt 0.487793 0.561768
vn -0.126114 0.337683 -0.932773
v 0.093751 15.963224 0.090238
vt 0.441406 0.816284
vn -0.356404 0.887035 0.293505
v -0.018453 15.958910 -0.011316
vt 0.440430 0.863892
vn -0.548129 0.606383 0.576068
v 0.088155 15.986981 0.086357
vt 0.433105 0.815430
vn -0.672512 -0.027211 0.739586
v -0.022545 15.978311 -0.015193
vt 0.433594 0.868652
vn -0.672826 -0.018140 0.739578
v 0.019805 15.852044 0.295508
vt 0.520508 0.778931
vn -0.428636 0.840990 0.330161
v 0.224471 16.020512 0.212000
vt 0.434326 0.748047
vn -0.653739 -0.021518 0.756414
v 0.229904 15.997525 0.215724
vt 0.442383 0.748291
vn -0.441229 0.855200 0.271936
v 0.240902 15.921206 0.402354
vt 0.494873 0.688965
vn -0.505248 0.795658 0.334146
v 0.405054 16.082331 0.359493
vt 0.433105 0.661621
vn -0.633428 -0.003638 0.773793
v 0.409146 16.062929 0.363370
vt 0.439941 0.658203
vn -0.613548 0.638590 0.464502
v -0.529673 9.169051 -0.704785
vt 0.301514 0.284180
vn 0.373542 0.786555 -0.491729
v -0.306123 9.256736 -0.412376
vt 0.176392 0.302734
vn 0.038434 0.990537 -0.131756
v -0.591595 9.084267 -0.657625
vt 0.301025 0.247070
vn -0.704334 0.565857 0.428625
v -0.687926 9.108157 -0.902302
vt 0.386719 0.272949
vn -0.652826 0.685762 0.321789
v -0.348685 9.140568 -0.366918
vt 0.171997 0.257812
vn -0.690022 0.484095 0.538072
v 0.020961 9.247252 -0.032461
vt 0.005379 0.321289
vn 0.477028 0.800353 -0.363153
v -0.017923 9.106953 -0.013247
vt 0.004005 0.255859
vn -0.641714 0.449177 0.621645
v -0.483271 8.807525 -0.214519
vt 0.154175 0.138184
vn -0.677459 0.496038 0.543135
v -0.198805 8.755116 0.112143
vt 0.002060 0.123535
vn -0.598754 0.522067 0.607404
v -0.716220 8.688478 -0.504504
vt 0.278564 0.104004
vn -0.717173 0.501125 0.484290
v -1.140806 8.728782 -1.033412
vt 0.507812 0.142090
vn -0.704229 0.572987 0.419224
v -1.020414 8.924035 -1.181411
vt 0.529785 0.224609
vn -0.675858 0.645092 0.356473
v -0.953390 9.006012 -1.233627
vt 0.530273 0.263672
vn 0.324410 0.849337 -0.416395
v -1.056536 8.981781 -1.402784
vt 0.596191 0.259766
vn 0.456126 0.799716 -0.390388
v -1.187706 8.899855 -1.459244
vt 0.638672 0.220215
vn -0.657021 0.629293 0.415107
v -1.124251 8.981924 -1.497319
vt 0.636230 0.257324
vn 0.472418 0.810938 -0.345255
v -1.345614 8.648767 -1.383516
vt 0.648438 0.130859
vn -0.712581 0.571113 0.407503
v -1.545131 8.994384 -2.032311
vt 0.871582 0.248047
vn 0.731239 0.538846 -0.418252
v -1.625152 8.903805 -2.083185
vt 0.895508 0.194336
vn -0.697210 0.521282 0.492101
v -0.290839 13.111563 0.290431
vt 0.948242 -0.038086
vn 0.587685 0.087768 0.804315
v -0.104773 13.049498 0.137880
vt 0.948242 -0.182617
vn 0.606966 -0.086302 0.790028
v -0.300053 13.102583 0.279038
vt 0.934570 -0.038086
vn -0.354638 -0.925560 0.132555
v -0.536547 13.253048 0.464303
vt 0.934570 0.249512
vn 0.038594 -0.757465 0.651734
v -0.109559 13.037377 0.133239
vt 0.934570 -0.182617
vn 0.141454 -0.878391 0.456531
v -0.117681 13.037230 0.122437
vt 0.921387 -0.182617
vn -0.446099 -0.853814 -0.268324
v 0.034001 13.028149 0.025084
vt 0.948242 -0.326172
vn 0.629964 -0.008138 0.776581
v 0.028886 13.014587 0.019746
vt 0.934570 -0.326172
vn 0.229893 -0.861150 0.453399
v 0.029886 13.041533 0.018509
vt 0.961426 -0.326172
vn 0.390904 0.861191 0.324875
v 0.019656 13.014413 0.007834
vt 0.921387 -0.326172
vn -0.403714 -0.859811 -0.312634
v -0.108109 13.061472 0.131719
vt 0.961426 -0.182617
vn 0.471095 0.810409 0.348291
v 0.020656 13.041357 0.006597
vt 0.974609 -0.326172
vn -0.266936 0.843108 -0.466813
v -0.300286 13.120211 0.278990
vt 0.961426 -0.038086
vn 0.110435 0.913716 -0.391059
v -0.536547 13.253048 0.464303
vt 0.948242 0.249512
vn 0.038594 -0.757465 0.651734
v -0.536375 13.263714 0.464015
vt 0.961426 0.249512
vn 0.479698 0.873478 -0.083223
v -0.116231 13.061325 0.120917
vt 0.974609 -0.182617
vn -0.186219 0.872984 -0.450801
v 0.015541 13.027797 0.001260
vt 0.988281 -0.326172
vn -0.646442 -0.028379 -0.762435
v -0.121017 13.049204 0.116276
vt 0.988281 -0.182617
vn -0.655866 -0.027779 -0.754366
v -0.300286 13.120211 0.278990
vt 0.974609 -0.038086
vn 0.110435 0.913716 -0.391059
v -0.303280 13.111341 0.275208
vt 0.988281 -0.038086
vn -0.671285 -0.071289 -0.737763
v -0.536375 13.263714 0.464015
vt 0.974609 0.249512
vn 0.479698 0.873478 -0.083223
v -0.541849 13.258275 0.457021
vt 0.988281 0.249512
vn -0.563221 0.121473 -0.817329
v -0.121017 13.049204 0.116276
vt 0.908203 -0.182617
vn -0.655866 -0.027779 -0.754366
v 0.015541 13.027797 0.001260
vt 0.908203 -0.326172
vn -0.646442 -0.028379 -0.762435
v -0.303280 13.111341 0.275208
vt 0.908203 -0.038086
vn -0.671285 -0.071289 -0.737763
v -0.300053 13.102583 0.279038
vt 0.921387 -0.038086
vn -0.354638 -0.925560 0.132555
v -0.541849 13.258275 0.457021
vt 0.908203 0.249512
vn -0.563221 0.121473 -0.817329
v -0.536547 13.253048 0.464303
vt 0.921387 0.249512
vn 0.038594 -0.757465 0.651734
v -0.177203 9.889499 1.874662
vt 0.301758 0.437988
vn -0.552555 0.820604 -0.145916
v -0.124196 9.891018 1.680411
vt 0.367920 0.442383
vn -0.479739 0.876428 -0.041524
v -0.174285 9.932825 1.866527
vt 0.301514 0.453125
vn -0.972585 0.022078 -0.231499
v -0.120990 9.937510 1.671693
vt 0.367676 0.458496
vn -0.980735 0.029976 -0.193028
v -0.196701 9.942936 1.982163
vt 0.258301 0.451660
vn -0.984448 0.035169 -0.172118
v -0.020983 9.978978 0.985851
vt 0.597168 0.461914
vn -0.570117 0.821371 -0.017784
v -0.018410 10.018538 0.978415
vt 0.597168 0.475586
vn -0.987163 0.044483 -0.153394
v 0.042068 10.025618 0.610274
vt 0.722168 0.479492
vn -0.040518 0.998498 -0.036890
v 0.046070 10.069492 0.602160
vt 0.720703 0.495605
vn -0.989777 0.053266 -0.132304
v 0.094982 9.962177 0.105968
vt 0.887207 0.496094
vn -0.572721 0.795897 -0.196312
v 0.097461 10.000701 0.098724
vt 0.883301 0.514404
vn -0.992244 0.057489 -0.110216
v -0.028202 9.916307 0.608163
vt 0.726074 0.433105
vn -0.813687 0.562489 -0.146699
v 0.038396 9.828889 0.125414
vt 0.887207 0.429688
vn -0.834129 0.516584 -0.193312
v -0.213432 9.506065 0.159021
vt 0.886719 0.297363
vn -0.783112 0.584876 -0.211322
v -0.297181 9.568781 0.649001
vt 0.722656 0.295410
vn -0.801423 0.577695 -0.154887
v -0.105822 9.903700 0.990643
vt 0.596680 0.424805
vn -0.759663 0.646795 -0.067590
v -0.288709 9.612402 1.002677
vt 0.606934 0.311035
vn -0.816602 0.569680 -0.092878
v -0.215652 9.819212 1.683749
vt 0.367676 0.407227
vn -0.725040 0.679982 -0.109271
v -0.403514 9.586900 1.721778
vt 0.362305 0.313965
vn -0.789724 0.598956 -0.132619
v -0.280253 9.830361 2.002687
vt 0.258545 0.405273
vn -0.744366 0.645124 -0.172435
v -0.477489 9.623914 2.218599
vt 0.192261 0.316406
vn -0.809209 0.570202 -0.141599
v -0.199346 9.902591 1.989747
vt 0.261719 0.436523
vn -0.529415 0.827087 -0.188804
v -0.294386 10.050540 2.657852
vt 0.018311 0.450684
vn -0.973920 0.027477 -0.225222
v -0.298915 9.989554 2.669251
vt 0.026291 0.426758
vn -0.776044 0.554886 -0.299763
v -0.346201 9.912682 2.766013
vt 0.001349 0.384766
vn -0.854426 0.484977 -0.186424
v 0.034026 7.990169 -0.570002
vt 0.979492 -0.128906
vn -0.433078 -0.889294 -0.146968
v 0.044724 7.989700 -0.560740
vt 0.965332 -0.128906
vn 0.284767 -0.856698 0.430088
v 0.098455 7.970467 -0.652555
vt 0.979492 -0.063477
vn -0.508300 -0.846643 -0.157563
v 0.025060 8.001431 -0.581041
vt 0.993164 -0.128906
vn -0.983265 -0.026586 -0.180233
v 0.094819 7.983708 -0.659139
vt 0.993164 -0.063477
vn -0.778616 0.035074 -0.626519
v 0.109576 7.969971 -0.642971
vt 0.965332 -0.063477
vn 0.255864 -0.854333 0.452381
v 0.160311 7.942303 -0.733635
vt 0.979492 0.002930
vn -0.580589 -0.801620 -0.142553
v 0.156966 7.956300 -0.741446
vt 0.993164 0.002930
vn -0.787510 0.043096 -0.614794
v 0.051572 8.002084 -0.557388
vt 0.951660 -0.128906
vn 0.780743 -0.022637 0.624442
v 0.221839 7.909794 -0.813461
vt 0.979492 0.069336
vn -0.660922 -0.746854 -0.073433
v 0.218853 7.924117 -0.822248
vt 0.993164 0.069336
vn -0.757839 0.063789 -0.649316
v 0.172273 7.941768 -0.723330
vt 0.965332 0.002930
vn 0.218981 -0.843004 0.491316
v 0.341791 7.789652 -0.959421
vt 0.979492 0.201660
vn -0.688677 -0.724578 -0.026652
v 0.340173 7.801168 -0.968044
vt 0.993164 0.201660
vn -0.731712 -0.009159 -0.681552
v 0.439777 7.720638 -1.061108
vt 0.993164 0.333984
vn 0.394129 0.823678 -0.407697
v 0.429240 7.707331 -1.058194
vt 0.979492 0.333984
vn -0.815941 -0.479707 -0.322677
v 0.234316 7.909235 -0.802741
vt 0.965332 0.069336
vn 0.150996 -0.789513 0.594870
v 0.352295 7.789230 -0.950204
vt 0.965332 0.201660
vn 0.090084 -0.752627 0.652256
v 0.438567 7.706768 -1.050450
vt 0.965332 0.333984
vn 0.429863 -0.479894 0.764800
v 0.439777 7.720638 -1.061108
vt 0.930664 0.333984
vn 0.394129 0.823678 -0.407697
v 0.361180 7.800326 -0.949610
vt 0.951660 0.201660
vn 0.782821 -0.045705 0.620566
v 0.243807 7.922996 -0.800810
vt 0.951660 0.069336
vn 0.790101 0.004791 0.612957
v 0.359560 7.811841 -0.958232
vt 0.937500 0.201660
vn 0.716815 0.696341 -0.035841
v 0.349057 7.812261 -0.967449
vt 0.923828 0.201660
vn -0.047311 0.717638 -0.694807
v 0.180891 7.955228 -0.720838
vt 0.951660 0.002930
vn 0.780665 -0.025208 0.624441
v 0.240821 7.937317 -0.809597
vt 0.937500 0.069336
vn 0.633915 0.772418 0.039015
v 0.228344 7.937877 -0.820317
vt 0.923828 0.069336
vn -0.122417 0.804778 -0.580815
v 0.117060 7.982718 -0.639970
vt 0.951660 -0.063477
vn 0.781444 -0.020028 0.623654
v 0.047722 8.014936 -0.563298
vt 0.937500 -0.128906
vn 0.519002 0.825590 0.221446
v 0.177545 7.969225 -0.728649
vt 0.937500 0.002930
vn 0.684589 0.679721 0.263281
v 0.340173 7.801168 -0.968044
vt 0.909668 0.201660
vn -0.731712 -0.009159 -0.681552
v 0.218853 7.924117 -0.822248
vt 0.909668 0.069336
vn -0.757839 0.063789 -0.649316
v 0.165583 7.969760 -0.738953
vt 0.923828 0.002930
vn -0.242436 0.829225 -0.503597
v 0.156966 7.956300 -0.741446
vt 0.909668 0.002930
vn -0.787510 0.043096 -0.614794
v 0.113424 7.995957 -0.646554
vt 0.937500 -0.063477
vn 0.531601 0.825432 0.189900
v 0.102304 7.996454 -0.656138
vt 0.923828 -0.063477
vn -0.220410 0.880898 -0.418853
v 0.094819 7.983708 -0.659139
vt 0.909668 -0.063477
vn -0.778616 0.035074 -0.626519
v 0.037024 8.015405 -0.572561
vt 0.923828 -0.128906
vn -0.196202 0.906476 -0.373906
v 0.025060 8.001431 -0.581041
vt 0.909668 -0.128906
vn -0.983265 -0.026586 -0.180233
v 0.024315 14.380687 -0.036472
vt 0.002079 0.551025
vn -0.274150 0.278691 0.920420
v 0.123286 14.418454 -0.018434
vt 0.046814 0.551025
vn 0.254062 -0.249235 -0.934523
v -0.043740 7.470653 -1.474710
vt 0.135376 0.639893
vn -0.078250 0.703746 -0.706130
v -0.208243 7.640272 -1.329621
vt 0.123718 0.560059
vn -0.112718 0.736458 -0.667027
v -0.107856 7.415891 -1.523529
vt 0.170166 0.641357
vn -0.031920 0.749514 -0.661218
v 0.081717 7.327479 -1.663073
vt 0.164551 0.728271
vn -0.077442 0.820622 -0.566200
v 0.131204 7.683600 -1.282535
vt 0.008018 0.602539
vn -0.026126 0.678696 -0.733955
v -0.019925 7.232406 -1.837916
vt 0.229370 0.739990
vn -0.031342 0.883484 -0.467411
v -0.053346 7.744895 -1.224929
vt 0.046692 0.562012
vn -0.169505 0.756972 -0.631079
v 0.028395 7.819776 -1.164653
vt 0.002026 0.558838
vn -0.049417 0.657866 -0.751512
v -0.073588 7.781100 -1.230581
vt 0.046814 0.551025
vn 0.494645 0.139610 -0.857808
v 0.014121 7.845496 -1.168824
vt 0.002079 0.551025
vn 0.498750 0.142311 -0.854983
v -0.222517 7.665991 -1.333792
vt 0.123291 0.552002
vn 0.501534 0.142231 -0.853366
v -0.338853 7.559361 -1.423354
vt 0.187622 0.550049
vn 0.546670 0.170450 -0.819817
v -0.324579 7.533642 -1.419182
vt 0.188232 0.558105
vn -0.120932 0.803608 -0.582743
v -0.444293 7.474535 -1.521900
vt 0.247314 0.546143
vn 0.563948 0.182316 -0.805434
v -0.180128 7.364171 -1.582314
vt 0.207397 0.643066
vn 0.038625 0.811161 -0.583547
v -0.430019 7.448813 -1.517728
vt 0.247559 0.553955
vn -0.077617 0.822931 -0.562815
v -0.214511 7.328806 -1.655331
vt 0.238770 0.644287
vn -0.005029 0.821747 -0.569831
v -0.535247 7.407154 -1.596135
vt 0.295898 0.545898
vn 0.568778 0.186521 -0.801063
v -0.260348 7.294741 -1.693336
vt 0.263184 0.645264
vn -0.024406 0.837226 -0.546313
v -0.318625 7.153432 -2.005689
vt 0.357178 0.701660
vn 0.035128 0.917034 -0.397259
v -0.390394 7.251722 -1.779631
vt 0.329346 0.634521
vn 0.054012 0.889893 -0.452961
v -0.520973 7.381435 -1.591962
vt 0.295898 0.554199
vn -0.065205 0.890827 -0.449639
v -0.474555 7.220084 -1.882105
vt 0.363525 0.628906
vn 0.063731 0.908842 -0.412244
v -0.644976 7.182061 -2.004034
vt 0.435059 0.618164
vn -0.000121 0.911851 -0.410521
v -0.670901 7.309050 -1.724138
vt 0.370117 0.552246
vn 0.009425 0.907492 -0.419964
v -0.685215 7.334758 -1.728236
vt 0.371338 0.544434
vn 0.547053 0.172318 -0.819170
v -0.933141 7.199148 -1.900509
vt 0.487793 0.561768
vn 0.148040 0.778228 -0.610283
v -0.947415 7.224868 -1.904681
vt 0.490479 0.554199
vn 0.509167 0.146637 -0.848084
v 1.362345 5.528298 -1.984346
vt 0.017746 0.447266
vn 0.720739 0.073267 0.689323
v 1.326815 5.481129 -1.944005
vt 0.025803 0.423340
vn 0.762526 0.589096 0.267434
v 1.001051 6.108771 -1.427528
vt 0.301514 0.462891
vn 0.802780 -0.050010 0.594175
v 1.375699 5.309805 -1.891291
vt 0.002787 0.380371
vn 0.891436 0.368993 0.263035
v 1.031089 5.972813 -1.316650
vt 0.300781 0.399902
vn 0.912400 0.387577 0.131566
v 1.083460 5.731986 -1.040848
vt 0.311279 0.294922
vn 0.912250 0.374780 0.165350
v 0.750164 6.319706 -0.668359
vt 0.499268 0.291992
vn 0.931748 0.293881 0.213259
v 0.980206 6.061432 -1.401365
vt 0.301025 0.439453
vn 0.848412 0.518394 -0.107075
v 0.732308 6.645880 -0.890545
vt 0.489502 0.415039
vn 0.915933 0.394881 0.071660
v 0.679318 6.728521 -0.958654
vt 0.498779 0.449707
vn 0.824400 0.552802 -0.121552
v 0.707260 6.771608 -0.992135
vt 0.495850 0.473633
vn 0.800839 -0.063323 0.595523
v 0.516800 7.007461 -0.509603
vt 0.693359 0.431641
vn 0.889248 0.431696 0.151252
v 0.587036 6.570644 -0.257064
vt 0.671875 0.286621
vn 0.921185 0.302177 0.245170
v 0.480400 6.796937 -0.066434
vt 0.776367 0.312988
vn 0.841929 0.436972 0.316560
v 0.456275 7.099774 -0.603792
vt 0.693359 0.476562
vn -0.559442 -0.753119 0.346174
v 0.479995 7.147468 -0.626557
vt 0.693848 0.493164
vn 0.811552 -0.087119 0.577749
v 0.366561 7.154696 -0.301027
vt 0.792480 0.437500
vn 0.818503 0.484471 0.308774
v 0.345808 6.879034 0.099765
vt 0.890625 0.314453
vn 0.748725 0.527387 0.401588
v 0.195941 7.221698 -0.093886
vt 0.891602 0.442871
vn 0.756788 0.506393 0.413326
v 0.154139 7.358620 -0.152656
vt 0.892578 0.498047
vn 0.028836 0.959606 -0.279866
v 0.328856 7.268903 -0.387777
vt 0.792969 0.485840
vn 0.776274 0.582968 0.239888
v 0.332897 7.312337 -0.391625
vt 0.793457 0.500732
vn 0.809906 -0.035122 0.585508
v 0.158435 7.398398 -0.159773
vt 0.893066 0.511719
vn 0.800633 -0.001304 0.599154
v -0.272939 9.868681 0.763230
vt 0.278564 0.104004
vn 0.580478 0.536774 0.612306
v -0.659814 9.909570 1.189603
vt 0.507812 0.142090
vn 0.507064 0.610146 0.608776
v -0.415203 10.199696 0.657322
vt 0.301025 0.247070
vn 0.518004 0.604211 0.605476
v -0.204705 10.243692 0.412373
vt 0.171997 0.257812
vn 0.627640 0.524681 0.575133
v -0.063009 9.966381 0.525420
vt 0.154175 0.138184
vn 0.632120 0.526700 0.568341
v 0.049482 10.209216 0.086052
vt 0.004005 0.255859
vn 0.705776 0.485548 0.515871
v 0.174166 9.917015 0.243198
vt 0.002060 0.123535
vn 0.686114 0.547924 0.478568
v 0.023245 10.331210 0.044717
vt 0.005379 0.321289
vn -0.480512 0.751096 -0.452729
v -0.248124 10.340646 0.375433
vt 0.176392 0.302734
vn -0.163534 0.985836 -0.037208
v -0.461421 10.269311 0.604309
vt 0.301514 0.284180
vn -0.558330 0.768210 -0.313244
v -0.604105 10.219948 0.765984
vt 0.386719 0.272949
vn 0.400026 0.720850 0.565998
v -0.794437 10.070111 1.092468
vt 0.529785 0.224609
vn 0.440997 0.681195 0.584376
v -0.845207 10.137115 1.035525
vt 0.530273 0.263672
vn -0.481854 0.828415 -0.285562
v -0.970926 10.117591 1.144687
vt 0.596191 0.259766
vn -0.470559 0.780527 -0.411524
v -1.002451 10.051251 1.268439
vt 0.638672 0.220215
vn 0.495563 0.664782 0.559001
v -1.041426 10.118624 1.213247
vt 0.636230 0.257324
vn -0.429828 0.789814 -0.437541
v -0.921767 9.843448 1.407414
vt 0.648438 0.130859
vn 0.501670 0.606800 0.616539
v -1.433163 10.135621 1.637717
vt 0.871582 0.248047
vn -0.540823 0.517969 -0.662736
v -1.464413 10.060402 1.716580
vt 0.895508 0.194336
vn 0.584084 0.556659 0.590742
v 0.507832 12.964816 -0.588556
vt 0.961426 0.249512
vn -0.081009 0.862515 0.499506
v 0.311201 12.817495 -0.359596
vt 0.961426 -0.038086
vn -0.394845 0.909775 0.128088
v 0.501013 12.959610 -0.594308
vt 0.948242 0.249512
vn -0.783699 0.075056 -0.616590
v 0.307230 12.808743 -0.362578
vt 0.948242 -0.038086
vn -0.724553 -0.166158 -0.668890
v 0.508004 12.954157 -0.589003
vt 0.934570 0.249512
vn 0.672482 -0.733143 0.101338
v 0.318907 12.799742 -0.354014
vt 0.934570 -0.038086
vn 0.352786 -0.916960 -0.186347
v 0.167897 12.755382 -0.162311
vt 0.961426 -0.182617
vn -0.453848 0.881333 -0.131432
v 0.163293 12.743438 -0.167562
vt 0.948242 -0.182617
vn -0.782794 -0.082785 -0.616749
v 0.169108 12.731317 -0.164437
vt 0.934570 -0.182617
vn -0.246577 -0.874547 -0.417574
v 0.179527 12.731142 -0.156060
vt 0.921387 -0.182617
vn 0.504480 -0.851461 0.143225
v 0.060985 12.733036 -0.017305
vt 0.961426 -0.326172
vn -0.465332 0.859708 -0.210639
v 0.055539 12.719677 -0.022772
vt 0.948242 -0.326172
vn -0.801712 -0.005875 -0.597682
v 0.072740 12.732831 -0.008139
vt 0.974609 -0.326172
vn 0.369895 0.840092 0.396767
v 0.061847 12.706114 -0.019074
vt 0.934570 -0.326172
vn -0.331364 -0.857578 -0.393393
v 0.073601 12.705911 -0.009907
vt 0.921387 -0.326172
vn 0.474783 -0.858006 0.195974
v 0.184131 12.743087 -0.150809
vt 0.908203 -0.182617
vn 0.821206 -0.028927 0.569898
v 0.079048 12.719269 -0.004440
vt 0.908203 -0.326172
vn 0.814175 -0.028812 0.579904
v 0.322878 12.808494 -0.351031
vt 0.908203 -0.038086
vn 0.738378 0.249361 0.626592
v 0.318907 12.799742 -0.354014
vt 0.921387 -0.038086
vn 0.352786 -0.916960 -0.186347
v 0.508004 12.954157 -0.589003
vt 0.921387 0.249512
vn 0.672482 -0.733143 0.101338
v 0.178316 12.755208 -0.153934
vt 0.974609 -0.182617
vn 0.388390 0.800108 0.457144
v 0.079048 12.719269 -0.004440
vt 0.988281 -0.326172
vn 0.814175 -0.028812 0.579904
v 0.184131 12.743087 -0.150809
vt 0.988281 -0.182617
vn 0.821206 -0.028927 0.569898
v 0.322878 12.808494 -0.351031
vt 0.988281 -0.038086
vn 0.738378 0.249361 0.626592
v -1.275494 10.703736 0.818928
vt 0.363525 0.628906
vn -0.239112 0.910476 -0.337429
v -1.191366 10.691013 0.745053
vt 0.329346 0.634521
vn -0.301848 0.900132 -0.314086
v -1.136941 10.798024 0.967719
vt 0.346680 0.555664
vn 0.571997 0.755500 0.319435
v -1.374960 10.736324 0.965592
vt 0.435059 0.618164
vn -0.235937 0.931628 -0.276412
v -1.288121 10.805939 1.206265
vt 0.487793 0.561768
vn 0.752966 0.518190 0.405612
v -1.383756 10.631766 0.699703
vt 0.357178 0.701660
vn -0.220720 0.924597 -0.310487
v -1.023304 10.795714 0.831128
vt 0.295898 0.554199
vn 0.558303 0.721383 0.409762
v -1.118643 10.678187 0.629647
vt 0.263184 0.645264
vn -0.392026 0.888925 -0.236915
v -1.243518 10.591597 0.438119
vt 0.229370 0.739990
vn -0.280225 0.925767 -0.253829
v -0.955979 10.813754 0.742279
vt 0.244873 0.557617
vn 0.528652 0.683868 0.502844
v -1.084232 10.687268 0.584869
vt 0.238770 0.644287
vn -0.387726 0.884226 -0.260409
v -1.093396 10.612667 0.337583
vt 0.164551 0.728271
vn -0.402662 0.894227 -0.195501
v -1.022111 10.694704 0.550620
vt 0.207397 0.643066
vn -0.417932 0.858624 -0.296812
v -0.867148 10.837946 0.638177
vt 0.188965 0.559570
vn 0.513387 0.652075 0.557881
v -0.969045 10.707645 0.480435
vt 0.170166 0.641357
vn -0.543823 0.815092 -0.199706
v -0.782182 10.877893 0.519602
vt 0.124451 0.562256
vn 0.566991 0.610982 0.552469
v -0.923243 10.726609 0.415993
vt 0.135376 0.639893
vn -0.572430 0.804448 -0.158701
v -0.742576 10.818763 0.227584
vt 0.008018 0.602539
vn -0.604064 0.772278 -0.196706
v -0.686054 10.904130 0.369848
vt 0.046692 0.562012
vn 0.519248 0.670138 0.530374
v -0.628436 10.932588 0.286446
vt 0.002026 0.558838
vn 0.588871 0.548089 0.593994
v 0.460392 15.549020 -0.415277
vt 0.296387 0.546143
vn -0.638322 0.026657 -0.769308
v 0.386339 15.483798 -0.349286
vt 0.248047 0.545654
vn 0.650567 -0.045418 0.758089
v 0.583643 15.652820 -0.504755
vt 0.370850 0.552490
vn -0.806968 0.584314 0.085901
v 0.574823 15.675254 -0.494688
vt 0.371582 0.544189
vn -0.677656 0.044987 -0.734001
v 0.727683 15.885123 -0.642817
vt 0.489990 0.553955
vn -0.718469 0.032563 -0.694796
v 0.013846 9.754924 0.010262
vt 0.974609 -0.398438
vn 0.283119 0.851329 -0.441682
v 0.009002 9.755234 0.024883
vt 0.961426 -0.398438
vn -0.106519 0.858218 0.502110
v -0.217253 9.782866 -0.083980
vt 0.974609 -0.182617
vn 0.227021 0.885052 -0.406380
v 0.015205 9.741188 0.002862
vt 0.988281 -0.398438
vn 0.368879 -0.037108 -0.928736
v -0.216263 9.771318 -0.090298
vt 0.988281 -0.182617
vn 0.356797 -0.004904 -0.934169
v -0.221905 9.783184 -0.071888
vt 0.961426 -0.182617
vn -0.157245 0.842810 0.514728
v -0.376624 9.788393 -0.138878
vt 0.961426 -0.038086
vn -0.127143 0.928003 0.350207
v -0.372314 9.779702 -0.152195
vt 0.974609 -0.038086
vn 0.326492 -0.038728 -0.944406
v -0.690130 9.806168 -0.258613
vt 0.974609 0.249512
vn -0.082900 -0.996548 -0.004515
v -0.225566 9.771957 -0.066113
vt 0.948242 -0.182617
vn -0.404228 -0.034238 0.914017
v 0.005516 9.741810 0.032104
vt 0.948242 -0.398438
vn -0.389906 0.010869 0.920791
v 0.006875 9.728074 0.024704
vt 0.934570 -0.398438
vn -0.307445 -0.836325 0.453914
v -0.377129 9.771676 -0.138666
vt 0.948242 -0.038086
vn -0.292009 -0.859729 0.419043
v -0.690130 9.806168 -0.258613
vt 0.948242 0.249512
vn -0.082900 -0.996548 -0.004515
v -0.224575 9.760409 -0.072431
vt 0.934570 -0.182617
vn -0.285535 -0.842140 0.457460
v -0.219923 9.760092 -0.084524
vt 0.921387 -0.182617
vn 0.074991 -0.901651 -0.425914
v -0.377129 9.771676 -0.138666
vt 0.934570 -0.038086
vn -0.292009 -0.859729 0.419043
v 0.011719 9.727765 0.010083
vt 0.921387 -0.398438
vn 0.067595 -0.881759 -0.466832
v -0.216263 9.771318 -0.090298
vt 0.908203 -0.182617
vn 0.356797 -0.004904 -0.934169
v 0.015205 9.741188 0.002862
vt 0.908203 -0.398438
vn 0.368879 -0.037108 -0.928736
v -0.372314 9.779702 -0.152195
vt 0.908203 -0.038086
vn 0.326492 -0.038728 -0.944406
v -0.377129 9.771676 -0.138666
vt 0.921387 -0.038086
vn -0.292009 -0.859729 0.419043
v -0.690130 9.806168 -0.258613
vt 0.921387 0.249512
vn -0.082900 -0.996548 -0.004515
v -0.686045 9.805878 -0.269291
vt 0.908203 0.249512
vn -0.081590 -0.996657 -0.004146
v 1.150154 10.894200 -0.158520
vt 0.298340 0.399414
vn 0.046959 0.579478 0.813634
v 0.625063 10.777563 -0.037664
vt 0.487061 0.413086
vn 0.030899 0.643481 0.764838
v 1.124486 11.021567 -0.228193
vt 0.299072 0.439941
vn -0.075514 0.704838 0.705337
v 1.290636 10.700096 0.010351
vt 0.271973 0.301758
vn 0.053556 0.623042 0.780353
v 0.492567 10.447442 0.299413
vt 0.555176 0.326660
vn -0.016125 0.717518 0.696353
v 1.953774 11.127330 -0.394266
vt 0.002073 0.364746
vn 0.083491 0.551396 0.830055
v 0.332164 10.666342 0.049819
vt 0.593750 0.420898
vn 0.003866 0.661602 0.749845
v 1.946134 11.239653 -0.414085
vt -0.000445 0.396973
vn 0.041664 0.461951 0.885926
v 0.584275 10.860040 -0.115673
vt 0.491699 0.450684
vn -0.026201 0.777189 0.628722
v 0.283124 10.819794 -0.030559
vt 0.594727 0.462402
vn 0.047073 0.747139 0.662999
v 0.277418 10.869150 -0.027808
vt 0.595215 0.479980
vn 0.275001 -0.010215 0.961390
v 0.576203 10.927136 -0.113245
vt 0.488770 0.474609
vn 0.238582 -0.008907 0.971081
v 1.123562 11.087825 -0.227665
vt 0.299561 0.462891
vn 0.259711 -0.033033 0.965121
v 1.587472 11.213633 -0.364751
vt 0.122681 0.431641
vn 0.014773 0.632476 0.774439
v 1.572506 11.261786 -0.354329
vt 0.117981 0.454102
vn 0.285867 -0.042716 0.957317
v 1.831502 11.343129 -0.430164
vt 0.015472 0.448730
vn -0.065833 -0.151334 0.986288
v 1.851792 11.284791 -0.433739
vt 0.023346 0.424316
vn -0.651835 0.428578 0.625646
v 0.029541 16.346367 -0.287533
vt 0.494873 0.688965
vn 0.611199 0.778300 0.143821
v 0.092916 16.287762 -0.150475
vt 0.520508 0.778931
vn 0.550367 0.828211 0.105653
v -0.036349 16.383192 -0.190386
vt 0.442383 0.748291
vn 0.519979 0.839500 0.157677
v -0.065032 16.439503 -0.329338
vt 0.439941 0.658203
vn 0.780973 0.618095 0.089662
v -0.063938 16.451054 -0.324691
vt 0.433105 0.661621
vn 0.978932 -0.006024 -0.204100
v -0.035167 16.396851 -0.184861
vt 0.434326 0.748047
vn 0.984306 -0.015535 -0.175783
v -0.020084 16.349154 -0.077444
vt 0.441406 0.816284
vn 0.470392 0.877310 0.095179
v -0.006536 16.335865 0.016509
vt 0.440430 0.863892
vn 0.811217 0.583704 -0.034886
v -0.018883 16.363270 -0.071726
vt 0.433105 0.815430
vn 0.988581 -0.026812 -0.148285
v -0.005441 16.347418 0.021157
vt 0.433594 0.868652
vn 0.988664 -0.028903 -0.147340
v -0.122078 16.132341 -0.016243
vt 0.441406 0.816284
vn 0.162343 0.892548 -0.420718
v 0.009084 16.128702 0.013669
vt 0.440430 0.863892
vn 0.191048 0.614229 -0.765653
v -0.116139 16.153835 -0.015472
vt 0.433105 0.815430
vn 0.219391 -0.028404 -0.975223
v 0.013961 16.146288 0.014124
vt 0.433594 0.868652
vn 0.220690 -0.030533 -0.974866
v -0.149013 16.034094 -0.213600
vt 0.520508 0.778931
vn 0.205433 0.852906 -0.479947
v -0.276701 16.183783 -0.052136
vt 0.434326 0.748047
vn 0.188489 -0.019906 -0.981874
v -0.282449 16.162987 -0.052850
vt 0.442383 0.748291
vn 0.245952 0.862157 -0.442936
v -0.368920 16.095303 -0.196245
vt 0.494873 0.688965
vn 0.268847 0.811129 -0.519414
v -0.481551 16.239044 -0.085530
vt 0.433105 0.661621
vn 0.156967 -0.013428 -0.987513
v -0.486428 16.221455 -0.085985
vt 0.439941 0.658203
vn 0.299725 0.647326 -0.700809
v -0.192231 5.417243 0.632143
vt 0.979492 0.201660
vn 0.603060 -0.792545 -0.090502
v -0.146402 5.457982 0.512109
vt 0.976074 0.118164
vn 0.549795 -0.833943 0.047591
v -0.204744 5.417293 0.626261
vt 0.965332 0.201660
vn -0.364275 -0.813807 -0.452793
v -0.140130 5.472540 0.518216
vt 0.996094 0.117676
vn 0.918056 0.035366 0.394869
v 0.022367 5.513166 0.155113
vt 0.993164 -0.128906
vn 0.911704 0.020091 0.410356
v -0.187529 5.429164 0.638763
vt 0.993164 0.201660
vn 0.928996 0.024894 0.369252
v 0.010377 5.488601 0.148837
vt 0.979492 -0.128906
vn 0.494380 -0.857732 0.141007
v -0.161211 5.458000 0.505348
vt 0.959961 0.118164
vn -0.432198 -0.836666 -0.336445
v -0.014082 5.488643 0.137551
vt 0.965332 -0.128906
vn -0.464986 -0.847279 -0.256722
v -0.026552 5.513250 0.132541
vt 0.951660 -0.128906
vn -0.933878 0.020369 -0.357012
v -0.248420 5.347476 0.783543
vt 0.979492 0.333984
vn 0.381606 -0.819574 -0.427406
v -0.244781 5.357324 0.790411
vt 0.993164 0.333984
vn 0.918631 0.030097 0.393968
v -0.330071 5.210589 0.984420
vt 0.993164 0.466309
vn -0.227026 0.805474 0.547422
v -0.322156 5.198744 0.979015
vt 0.979492 0.466309
vn 0.887680 -0.460209 -0.015204
v -0.331975 5.198417 0.975150
vt 0.965332 0.466309
vn -0.621800 -0.496061 -0.606043
v -0.259430 5.347369 0.778761
vt 0.965332 0.333984
vn -0.333267 -0.759716 -0.558359
v -0.330071 5.210589 0.984420
vt 0.930664 0.466309
vn -0.227026 0.805474 0.547422
v -0.266801 5.357111 0.780848
vt 0.951660 0.333984
vn -0.947977 -0.006877 -0.318265
v -0.212555 5.429265 0.626999
vt 0.951660 0.201660
vn -0.942706 -0.007089 -0.333550
v -0.263161 5.366959 0.787717
vt 0.937500 0.333984
vn -0.639646 0.732608 0.232676
v -0.252151 5.367066 0.792498
vt 0.923828 0.333984
vn 0.284187 0.755005 0.590935
v -0.244781 5.357324 0.790411
vt 0.909668 0.333984
vn 0.918631 0.030097 0.393968
v -0.207852 5.441185 0.633618
vt 0.937500 0.201660
vn -0.601018 0.790269 0.119383
v -0.169747 5.472576 0.504694
vt 0.948730 0.117676
vn -0.939854 0.023077 -0.340797
v -0.195340 5.441136 0.639500
vt 0.923828 0.201660
vn 0.338019 0.811311 0.476989
v -0.187529 5.429164 0.638763
vt 0.909668 0.201660
vn 0.928996 0.024894 0.369252
v -0.140130 5.472540 0.518216
vt 0.912109 0.117676
vn 0.918056 0.035366 0.394869
v -0.163474 5.487135 0.510801
vt 0.940430 0.117188
vn -0.545147 0.838339 0.001627
v -0.014562 5.537815 0.138818
vt 0.937500 -0.128906
vn -0.513977 0.853131 -0.089411
v 0.009896 5.537773 0.150104
vt 0.923828 -0.128906
vn 0.404818 0.865817 0.294081
v 0.022367 5.513166 0.155113
vt 0.909668 -0.128906
vn 0.911704 0.020091 0.410356
v -0.148666 5.487116 0.517562
vt 0.929199 0.117188
vn 0.372703 0.850750 0.370563
v 0.578825 11.386089 -0.935901
vt 0.299561 0.462891
vn 0.876865 -0.018409 0.480383
v 0.809709 11.388088 -1.401819
vt 0.122681 0.431641
vn 0.610045 0.703461 0.364675
v 0.583504 11.320891 -0.946549
vt 0.299072 0.439941
vn 0.508064 0.771797 0.382361
v 0.940818 11.468369 -1.647912
vt 0.015472 0.448730
vn 0.677213 -0.068319 0.732608
v 0.296704 11.255684 -0.469712
vt 0.491699 0.450684
vn 0.465726 0.817031 0.339941
v 0.291909 11.322277 -0.458848
vt 0.488770 0.474609
vn 0.875340 -0.017023 0.483208
v 0.159046 11.240230 -0.201205
vt 0.594727 0.462402
vn 0.556915 0.757928 0.339693
v 0.155737 11.289221 -0.193083
vt 0.595215 0.479980
vn 0.890291 -0.012328 0.455225
v 0.242599 11.145192 -0.171972
vt 0.593750 0.420898
vn 0.587095 0.723005 0.364121
v 0.381944 11.174822 -0.449735
vt 0.487061 0.413086
vn 0.606766 0.694393 0.386850
v 0.544820 10.927708 -0.175283
vt 0.553223 0.314453
vn 0.590682 0.720718 0.362850
v 0.875948 10.983213 -0.926528
vt 0.271973 0.301758
vn 0.667488 0.634602 0.389538
v 0.654636 11.227139 -0.924297
vt 0.298340 0.399414
vn 0.647801 0.642354 0.409554
v 0.945995 11.407118 -1.657460
vt 0.023346 0.424316
vn -0.020222 0.601682 0.798479
v 1.022064 11.346652 -1.706437
vt -0.000445 0.396973
vn 0.809228 0.395872 0.434091
v 1.042759 11.260272 -1.700585
vt 0.002073 0.364746
vn 0.927193 0.241495 0.286344
v -0.013572 8.074589 0.078720
vt 0.887207 0.429688
vn -0.787337 0.466182 -0.403453
v 0.025066 8.214394 0.101643
vt 0.887207 0.496094
vn -0.593831 0.756857 -0.273006
v -0.251121 8.059808 0.506996
vt 0.726074 0.433105
vn -0.792339 0.501967 -0.346739
v -0.208402 7.726782 -0.034170
vt 0.886719 0.297363
vn -0.744757 0.540493 -0.391413
v -0.460477 7.684705 0.390566
vt 0.722656 0.295410
vn -0.780008 0.520676 -0.347109
v -0.203716 8.218272 0.551936
vt 0.720703 0.496582
vn -0.881538 -0.008187 -0.472042
v 0.023992 8.253687 0.101336
vt 0.883301 0.514404
vn -0.891491 -0.013676 -0.452832
v -0.203532 8.173426 0.551697
vt 0.722168 0.480957
vn -0.189301 0.977055 0.097611
v -0.382503 8.089108 0.864238
vt 0.597168 0.475586
vn -0.872192 -0.000873 -0.489163
v -0.382337 8.048754 0.864021
vt 0.597168 0.461914
vn -0.649635 0.753796 -0.098821
v -0.698911 7.865347 1.447831
vt 0.367676 0.457031
vn -0.851575 -0.000672 -0.524232
v -0.449901 7.965553 0.825181
vt 0.596680 0.424805
vn -0.784036 0.571188 -0.242966
v -0.578648 7.659811 0.723953
vt 0.606934 0.311035
vn -0.814470 0.498919 -0.296173
v -0.698716 7.817906 1.447575
vt 0.367920 0.440918
vn -0.570142 0.817424 -0.082195
v -0.813111 7.817616 1.604760
vt 0.301514 0.453613
vn -0.828030 -0.005873 -0.560653
v -0.772413 7.737699 1.405291
vt 0.367676 0.407227
vn -0.743422 0.614585 -0.263835
v -0.923411 7.484049 1.334130
vt 0.362305 0.313965
vn -0.781059 0.536775 -0.319093
v -0.812931 7.773411 1.604524
vt 0.301758 0.438477
vn -0.591223 0.778687 -0.210004
v -0.874338 7.802831 1.703306
vt 0.258301 0.451660
vn -0.860659 -0.016882 -0.508902
v -0.941319 7.680281 1.673677
vt 0.258545 0.405273
vn -0.732939 0.593783 -0.331997
v -1.164914 7.416544 1.765394
vt 0.192261 0.316406
vn -0.790735 0.510081 -0.338461
v -0.873257 7.761673 1.703606
vt 0.261719 0.436523
vn -0.554835 0.796708 -0.239614
v -1.208724 7.767270 2.298945
vt 0.018311 0.450684
vn -0.829870 -0.019799 -0.557606
v -1.207556 7.705016 2.299130
vt 0.026291 0.426758
vn -0.700231 0.530570 -0.477674
v -1.272228 7.606338 2.358530
vt 0.001349 0.384766
vn -0.803746 0.432694 -0.408373
v 0.790241 6.485461 1.631126
vt 0.244629 0.557617
vn -0.215827 0.908301 0.358340
v 0.701713 6.349054 1.447405
vt 0.207397 0.643066
vn -0.788757 0.614309 0.022072
v 0.818185 6.554405 1.502532
vt 0.188232 0.558105
vn -0.746910 0.630453 0.211315
v 0.663422 6.311356 1.502159
vt 0.238770 0.644287
vn -0.767227 0.639092 0.054084
v 0.784639 6.508836 1.641522
vt 0.244263 0.549805
vn -0.168609 0.366470 -0.915025
v 0.812582 6.577780 1.512928
vt 0.187622 0.550049
vn -0.964495 -0.131967 -0.228768
v 0.831165 6.637041 1.364669
vt 0.123718 0.561768
vn 0.438087 0.777785 0.450700
v 0.654249 6.284749 1.556317
vt 0.263184 0.645264
vn -0.760701 0.643656 0.083912
v 0.773932 6.433286 1.738435
vt 0.295898 0.554932
vn 0.355362 0.866093 0.351569
v 0.501053 6.151242 1.401166
vt 0.229370 0.739990
vn -0.704665 0.707133 0.058395
v 0.715809 6.389122 1.362581
vt 0.170166 0.641357
vn -0.833212 0.536071 0.135596
v 0.466232 6.112921 1.713743
vt 0.357178 0.701660
vn -0.668214 0.743475 -0.027114
v 0.585416 6.245988 1.252374
vt 0.164551 0.728271
vn -0.761097 0.633284 0.140295
v 0.631170 6.258079 1.697294
vt 0.329346 0.634521
vn -0.714289 0.699466 -0.023221
v 0.581706 6.227568 1.802555
vt 0.363525 0.628906
vn -0.687553 0.724605 -0.047094
v 0.727180 6.376509 1.913008
vt 0.370117 0.554932
vn -0.125817 0.969719 0.209323
v 0.540135 6.205805 1.987679
vt 0.435059 0.618164
vn -0.669668 0.742592 0.010092
v 0.685630 6.303331 2.200942
vt 0.487793 0.561768
vn 0.566103 0.790301 0.234418
v 0.723554 6.431250 1.287237
vt 0.135376 0.639893
vn -0.847651 0.492087 0.198341
v 0.773643 6.611299 1.056897
vt 0.008018 0.602539
vn -0.876675 0.451999 0.164734
v 0.846730 6.713162 1.189814
vt 0.046692 0.562012
vn 0.396216 0.797439 0.455086
v 0.854891 6.770802 1.093933
vt 0.002026 0.558838
vn -0.038345 0.770891 0.635812
v 0.012511 10.468568 -0.033969
vt 0.974121 -0.096680
vn -0.469037 -0.827264 0.309253
v -0.271864 10.516854 -0.336101
vt 0.975586 0.401855
vn -0.429917 -0.830845 0.353367
v 0.008819 10.482120 -0.027860
vt 0.987305 -0.096680
vn -0.721336 0.099594 0.685387
v -0.275862 10.527444 -0.332526
vt 0.996094 0.401855
vn -0.720667 0.121169 0.682611
v 0.022792 10.467932 -0.044647
vt 0.960938 -0.096680
vn 0.261495 -0.881743 -0.392618
v -0.332859 10.522547 -0.395993
vt 0.987305 0.512939
vn -0.762441 0.074061 0.642805
v -0.263686 10.516388 -0.344193
vt 0.953613 0.402344
vn 0.274857 -0.906103 -0.321607
v -0.259507 10.526510 -0.348711
vt 0.939453 0.401855
vn 0.704545 0.068207 -0.706374
v 0.029383 10.480846 -0.049217
vt 0.947754 -0.096680
vn 0.726847 0.094930 -0.680207
v -0.319468 10.521706 -0.410121
vt 0.947754 0.512939
vn 0.688253 -0.024707 -0.725050
v -0.329220 10.513624 -0.398726
vt 0.960938 0.512939
vn -0.178825 -0.961479 0.208756
v -0.329803 10.531050 -0.400324
vt 0.935059 0.512939
vn -0.220813 0.975290 0.007105
v -0.263506 10.537099 -0.345136
vt 0.933594 0.401367
vn 0.332040 0.899878 -0.282787
v 0.021125 10.490276 -0.039391
vt 0.935059 -0.096680
vn 0.628619 0.589232 -0.507587
v -0.274473 10.535730 -0.342868
vt 0.929199 0.401367
vn 0.087311 0.993769 -0.069283
v 0.015410 10.495033 -0.032430
vt 0.921875 -0.096680
vn -0.395962 0.771518 0.497971
v -0.329803 10.531050 -0.400324
vt 0.921875 0.512939
vn -0.220813 0.975290 0.007105
v -0.275862 10.527444 -0.332526
vt 0.916992 0.401855
vn -0.720667 0.121169 0.682611
v 0.008819 10.482120 -0.027860
vt 0.908691 -0.096680
vn -0.721336 0.099594 0.685387
v 1.300086 8.721742 0.163246
vt 0.207397 0.643066
vn -0.433823 0.710945 0.553493
v 1.348377 8.714196 0.230202
vt 0.238770 0.644287
vn -0.405875 0.747720 0.525528
v 1.106780 8.563662 0.262030
vt 0.164551 0.728271
vn -0.346851 0.774414 0.529128
v 1.242926 8.546828 0.420946
vt 0.229370 0.739990
vn -0.424339 0.799332 0.425446
v 1.462590 8.914024 0.080498
vt 0.235596 0.558838
vn -0.338261 0.782721 0.522424
v 1.403473 8.711550 0.263015
vt 0.263184 0.645264
vn -0.388160 0.758916 0.522855
v 1.534334 8.746863 0.334782
vt 0.329346 0.634521
vn -0.487266 0.757813 0.433925
v 1.532806 8.642521 0.556606
vt 0.357178 0.701660
vn -0.487521 0.787801 0.376421
v 1.623387 8.769212 0.425475
vt 0.363525 0.628906
vn -0.507450 0.766404 0.393852
v 1.787086 8.831054 0.527586
vt 0.435059 0.618164
vn -0.455876 0.801040 0.387958
v 1.734808 8.932721 0.258519
vt 0.356934 0.555908
vn -0.456925 0.800716 0.387393
v 2.009251 8.985049 0.405944
vt 0.487793 0.561768
vn -0.498070 0.623514 0.602625
v 1.571752 8.908883 0.144486
vt 0.295898 0.554199
vn -0.387730 0.825954 0.409225
v 1.735378 8.961325 0.260298
vt 0.358154 0.547852
vn -0.512066 -0.043235 0.857857
v 2.009821 9.013652 0.407723
vt 0.490479 0.554199
vn -0.465948 -0.045711 0.883630
v 1.572322 8.937486 0.146266
vt 0.295898 0.545898
vn -0.539823 -0.041511 0.840754
v 1.463160 8.942627 0.082277
vt 0.235352 0.551270
vn -0.530371 -0.042120 0.846718
v 1.332295 8.924801 -0.005631
vt 0.188232 0.559082
vn -0.261228 0.788048 0.557441
v 1.332865 8.953404 -0.003851
vt 0.187622 0.551270
vn -0.508769 -0.043326 0.859812
v 1.214178 8.724348 0.112623
vt 0.170166 0.641357
vn -0.310632 0.684310 0.659718
v 1.183737 8.948468 -0.082722
vt 0.124084 0.561279
vn -0.245215 0.737267 0.629529
v 1.184307 8.977072 -0.080942
vt 0.123718 0.553467
vn -0.452362 -0.046409 0.890626
v 1.134143 8.734133 0.070718
vt 0.135376 0.639893
vn -0.262731 0.682415 0.682117
v 0.883708 8.809690 -0.100595
vt 0.008018 0.602539
vn -0.291828 0.637109 0.713393
v 1.003641 8.950130 -0.170929
vt 0.046692 0.562012
vn -0.211058 0.780951 0.587853
v 1.004444 8.990444 -0.168421
vt 0.046814 0.551025
vn -0.444750 -0.046846 0.894429
v 0.899427 8.966876 -0.222582
vt 0.002026 0.558838
vn -0.242666 0.665935 0.705439
v 0.899997 8.995479 -0.220802
vt 0.002079 0.551025
vn -0.449633 -0.046537 0.892000
v 0.127862 8.930408 -0.018976
vt 0.004005 0.255859
vn -0.331937 0.468211 -0.818899
v 0.572311 8.958694 -0.189611
vt 0.171997 0.257812
vn -0.227004 0.506460 -0.831846
v 0.132527 9.075222 0.035132
vt 0.005379 0.321289
vn 0.191957 0.751465 0.631231
v 0.589024 9.076807 -0.129568
vt 0.176392 0.302734
vn 0.107204 0.990430 0.086924
v 0.489884 8.628617 -0.383358
vt 0.154175 0.138184
vn -0.234712 0.514820 -0.824543
v 0.087695 8.581182 -0.246018
vt 0.002060 0.123535
vn -0.330053 0.539384 -0.774681
v 0.836737 8.505136 -0.488143
vt 0.278564 0.104004
vn -0.165025 0.522609 -0.836449
v 0.924691 8.897960 -0.303019
vt 0.301025 0.247070
vn -0.113306 0.586970 -0.801641
v 0.941975 8.981795 -0.222858
vt 0.301514 0.284180
vn 0.328673 0.777995 0.535443
v 1.472631 8.537314 -0.676591
vt 0.507812 0.142090
vn -0.102547 0.595212 -0.796999
v 1.178017 8.917865 -0.294684
vt 0.386719 0.272949
vn -0.030002 0.705984 -0.707592
v 1.555206 8.729729 -0.499461
vt 0.529785 0.224609
vn -0.056421 0.664929 -0.744773
v 1.574477 8.810646 -0.413430
vt 0.530273 0.263672
vn 0.276592 0.841894 0.463369
v 1.764018 8.783751 -0.442906
vt 0.596191 0.259766
vn 0.199963 0.794854 0.572906
v 1.865857 8.701160 -0.545705
vt 0.638672 0.220215
vn -0.118940 0.649511 -0.750992
v 1.874240 8.782421 -0.468858
vt 0.636230 0.257324
vn 0.151701 0.807416 0.570145
v 1.860985 8.451763 -0.729602
vt 0.648438 0.130859
vn -0.091824 0.591487 -0.801069
v 2.513566 8.786648 -0.651543
vt 0.871582 0.248047
vn 0.107364 0.534970 0.838021
v 2.589506 8.695388 -0.707919
vt 0.895508 0.194336
vn -0.179737 0.541706 -0.821127
v -0.840968 9.152983 1.622005
vt 0.301758 0.438477
vn -0.552475 0.785124 -0.279915
v -0.724222 9.180066 1.463450
vt 0.367920 0.440918
vn -0.535334 0.830396 -0.154467
v -0.840290 9.197043 1.618400
vt 0.301514 0.453613
vn -0.818982 -0.022365 -0.573383
v -0.722524 9.227354 1.460154
vt 0.367676 0.457031
vn -0.844844 -0.011677 -0.534885
v -0.903158 9.192677 1.716802
vt 0.258301 0.451660
vn -0.852322 -0.012279 -0.522873
v -0.392352 9.350695 0.869315
vt 0.597168 0.461914
vn -0.616328 0.769379 -0.167915
v -0.390908 9.390917 0.866511
vt 0.597168 0.475586
vn -0.864357 -0.011401 -0.502750
v -0.204315 9.442717 0.551923
vt 0.722168 0.480957
vn -0.141537 0.989632 0.024386
v -0.203615 9.487416 0.548274
vt 0.720703 0.496582
vn -0.876371 0.034172 -0.480423
v 0.023221 9.443290 0.098855
vt 0.887207 0.496094
vn -0.572419 0.755267 -0.319231
v 0.030362 9.477609 0.099928
vt 0.883301 0.514404
vn -0.887428 0.073189 -0.455099
v -0.256801 9.328147 0.514580
vt 0.726074 0.433105
vn -0.770545 0.499665 -0.395721
v -0.014068 9.299088 0.090187
vt 0.887207 0.429688
vn -0.770601 0.452574 -0.448722
v -0.221340 8.952400 0.000605
vt 0.886719 0.297363
vn -0.716132 0.538952 -0.443494
v -0.479638 8.954631 0.423284
vt 0.722656 0.295410
vn -0.752832 0.524007 -0.398322
v -0.462740 9.267762 0.835759
vt 0.596680 0.424805
vn -0.755671 0.583115 -0.298227
v -0.602443 8.960979 0.755690
vt 0.606934 0.311035
vn -0.789046 0.507498 -0.346195
v -0.800579 9.100119 1.426141
vt 0.367676 0.407227
vn -0.713236 0.623159 -0.320886
v -0.960769 8.848545 1.371806
vt 0.362305 0.313965
vn -0.753448 0.542684 -0.371228
v -0.974639 9.071238 1.695382
vt 0.258545 0.405273
vn -0.703418 0.594070 -0.390235
v -1.209593 8.825487 1.803059
vt 0.192261 0.316406
vn -0.764912 0.513181 -0.389300
v -0.904632 9.151653 1.719663
vt 0.261719 0.436523
vn -0.518523 0.795370 -0.313881
v -1.245350 9.218322 2.308101
vt 0.018311 0.450684
vn -0.827439 -0.009388 -0.561477
v -1.247579 9.156268 2.312427
vt 0.026291 0.426758
vn -0.676231 0.527909 -0.513832
v -1.315895 9.065437 2.378551
vt 0.001349 0.384766
vn -0.781898 0.432346 -0.449123
v 0.390528 5.084399 0.531235
vt 0.929199 0.401367
vn 0.094697 0.932126 0.349534
v 0.378790 5.088485 0.531884
vt 0.933594 0.401367
vn -0.249942 0.819393 0.515873
v 0.121044 5.221841 0.126240
vt 0.921875 -0.096680
vn 0.512317 0.856992 -0.055641
v 0.126709 5.207087 0.117801
vt 0.908691 -0.096680
vn 0.844483 0.121341 -0.521656
v 0.393378 5.078068 0.516508
vt 0.916992 0.401855
vn 0.847117 0.133544 -0.514352
v 0.107016 5.220923 0.136297
vt 0.935059 -0.096680
vn -0.271738 0.839590 0.470370
v 0.440702 5.045044 0.601564
vt 0.921875 0.512939
vn 0.618488 0.779767 0.097137
v 0.371251 5.076939 0.531641
vt 0.939453 0.401855
vn -0.825047 -0.025720 0.564479
v 0.098654 5.205251 0.137915
vt 0.947754 -0.096680
vn -0.827610 -0.040327 0.559852
v 0.431541 5.044405 0.608234
vt 0.935059 0.512939
vn -0.199441 0.751115 0.629324
v 0.104319 5.190496 0.129475
vt 0.960938 -0.096680
vn -0.507348 -0.858317 0.076748
v 0.424942 5.034842 0.607675
vt 0.947754 0.512939
vn -0.823565 -0.041323 0.565714
v 0.374775 5.065958 0.523831
vt 0.953613 0.402344
vn -0.555703 -0.830591 0.036228
v 0.385839 5.066522 0.516264
vt 0.975586 0.401855
vn 0.313783 -0.786326 -0.532196
v 0.118347 5.191414 0.119418
vt 0.974121 -0.096680
vn 0.346150 -0.802545 -0.485902
v 0.427503 5.025918 0.600447
vt 0.960938 0.512939
vn -0.596714 -0.801618 -0.036632
v 0.126709 5.207087 0.117801
vt 0.987305 -0.096680
vn 0.844483 0.121341 -0.521656
v 0.393378 5.078068 0.516508
vt 0.996094 0.401855
vn 0.847117 0.133544 -0.514352
v 0.443263 5.036120 0.594336
vt 0.987305 0.512939
vn 0.869765 0.064920 -0.489178
v 0.415415 10.651544 0.951632
vt 0.124084 0.561279
vn 0.539029 0.831836 0.132274
v 0.294090 10.460040 0.952002
vt 0.135376 0.639893
vn -0.778104 0.615162 -0.127008
v 0.449391 10.642919 0.778394
vt 0.046692 0.562012
vn 0.472527 0.873630 0.116141
v 0.376115 10.512036 0.697045
vt 0.008018 0.602539
vn -0.810394 0.568566 -0.141399
v 0.468737 10.651336 0.677112
vt 0.002026 0.558838
vn 0.588904 0.788613 0.176868
v 0.145976 10.306063 0.976876
vt 0.164551 0.728271
vn -0.661627 0.709403 -0.242895
v 0.277308 10.456097 1.030059
vt 0.170166 0.641357
vn -0.768239 0.615553 -0.175794
v 0.385091 10.639585 1.096699
vt 0.188232 0.559082
vn 0.483992 0.862334 0.148768
v 0.254433 10.458344 1.114524
vt 0.207397 0.643066
vn -0.698085 0.642263 -0.316505
v 0.343347 10.636843 1.227087
vt 0.235596 0.558838
vn 0.463931 0.878849 0.111318
v 0.211434 10.452967 1.170126
vt 0.238770 0.644287
vn -0.666706 0.681261 -0.302304
v 0.048135 10.295815 1.127351
vt 0.229370 0.739990
vn -0.579947 0.737663 -0.345709
v 0.196539 10.453566 1.224423
vt 0.263184 0.645264
vn -0.660511 0.693480 -0.287768
v 0.313667 10.638028 1.334228
vt 0.295898 0.554199
vn -0.014615 0.980449 -0.196231
v 0.163938 10.490505 1.349734
vt 0.329346 0.634521
vn -0.599832 0.692777 -0.400327
v -0.006525 10.393352 1.399221
vt 0.357178 0.701660
vn -0.545432 0.726933 -0.417221
v 0.108736 10.512601 1.443554
vt 0.363525 0.628906
vn -0.567036 0.702714 -0.429724
v 0.057307 10.573314 1.601776
vt 0.435059 0.618164
vn -0.549873 0.741738 -0.384011
v 0.254601 10.666009 1.496502
vt 0.356934 0.555908
vn 0.402119 0.906118 -0.131338
v 0.310928 10.662255 1.333423
vt 0.295898 0.545898
vn 0.853494 0.270099 -0.445639
v 0.189767 10.725168 1.759942
vt 0.487793 0.561768
vn 0.697094 0.715889 -0.039518
v -0.265688 15.942840 0.184607
vt 0.442383 0.748291
vn -0.168103 0.863558 -0.475403
v -0.114361 15.909571 0.079237
vt 0.441406 0.816284
vn -0.206043 0.893935 -0.398028
v -0.260219 15.965826 0.181125
vt 0.434326 0.748047
vn -0.599503 -0.001882 -0.800371
v -0.109354 15.933376 0.074823
vt 0.433105 0.815430
vn -0.577722 -0.009293 -0.816181
v -0.442541 16.026157 0.326945
vt 0.433105 0.661621
vn -0.625319 0.005988 -0.780346
v -0.446517 16.006681 0.330706
vt 0.439941 0.658203
vn -0.312317 0.663692 -0.679685
v -0.440548 15.866918 0.148382
vt 0.494873 0.688965
vn -0.213734 0.809025 -0.547537
v -0.285571 15.799795 -0.048781
vt 0.520508 0.778931
vn -0.227238 0.850744 -0.473917
v 0.008089 15.906147 -0.008483
vt 0.440430 0.863892
vn -0.448131 0.609905 -0.653601
v 0.012712 15.925580 -0.011426
vt 0.433594 0.868652
vn -0.580002 -0.009383 -0.814561
v 1.387188 4.257239 2.150188
vt 1.278320 0.096680
vn -0.551941 0.829711 0.083313
v 1.393077 4.318440 2.159557
vt 1.271484 0.109863
vn -0.934934 0.035896 0.353002
v 1.400733 4.144788 2.221059
vt 1.257812 0.061035
vn -0.693729 0.423365 0.582668
v 0.926064 4.060212 1.838759
vt 1.415039 0.003906
vn -0.621359 0.489974 0.611423
v 1.034269 4.437028 1.591123
vt 1.472656 0.104980
vn -0.395747 0.775328 0.492190
v 1.038163 4.477490 1.597317
vt 1.469727 0.117188
vn -0.857794 0.003799 0.513980
v 0.971829 4.355146 1.629245
vt 1.469727 0.077148
vn -0.580465 0.576394 0.575179
v 0.672660 4.216416 1.438269
vt 1.555664 0.001465
vn -0.595450 0.517793 0.614271
v 0.978710 4.469666 1.493433
vt 1.505859 0.105957
vn -0.386103 0.752175 0.534001
v 0.982891 4.513124 1.500085
vt 1.505859 0.118652
vn -0.887117 0.014664 0.461311
v 0.823839 4.469278 1.364906
vt 1.560547 0.078613
vn -0.515540 0.592279 0.619212
v 0.900051 4.548611 1.326053
vt 1.560547 0.109375
vn -0.245350 0.776342 0.580600
v 0.904540 4.595249 1.333194
vt 1.560547 0.122559
vn -0.865744 0.006683 0.500442
v 0.322870 4.516706 0.880361
vt 1.757812 0.000000
vn -0.594180 0.473598 0.650119
v 0.565342 4.896311 0.813968
vt 1.750000 0.124023
vn -0.324330 0.699011 0.637333
v 0.644704 4.814754 0.933463
vt 1.705078 0.118652
vn 0.274392 0.874144 0.400725
v 0.569161 4.935982 0.820042
vt 1.750000 0.135742
vn -0.845427 -0.000400 0.534090
v 0.494521 4.814074 0.848159
vt 1.750000 0.094238
vn -0.525950 0.536779 0.659731
v 0.093938 4.604133 0.630616
vt 1.853516 -0.010742
vn -0.618648 0.487974 0.615757
v 0.390528 5.084399 0.531235
vt 1.853516 0.140625
vn 0.094697 0.932126 0.349534
v 0.394770 5.128487 0.537983
vt 1.852539 0.153809
vn -0.830159 -0.005506 0.557500
v 0.320824 4.975017 0.539918
vt 1.856445 0.102051
vn -0.655043 0.492011 0.573448
v 0.259997 4.991196 0.422544
vt 1.892578 0.099121
vn -0.729520 0.457260 0.508639
v 0.308727 5.128886 0.417238
vt 1.893555 0.148926
vn -0.795183 0.174575 0.580696
v 0.312072 5.163636 0.422559
vt 1.890625 0.160645
vn -0.814429 -0.010527 0.580167
v -0.139297 15.796525 -0.087841
vt 0.441406 0.816284
vn 0.540327 0.773231 -0.331905
v 0.003711 15.735861 -0.015466
vt 0.440430 0.863892
vn 0.548217 0.514844 -0.659085
v -0.124713 15.819483 -0.082983
vt 0.433105 0.815430
vn 0.410080 -0.096223 -0.906959
v 0.016016 15.754613 -0.012633
vt 0.433594 0.868652
vn 0.412008 -0.098647 -0.905825
v -0.160042 15.685756 -0.341923
vt 0.520508 0.778931
vn 0.577453 0.719454 -0.385919
v -0.290427 15.924019 -0.168822
vt 0.434326 0.748047
vn 0.387231 -0.079433 -0.918554
v -0.304912 15.901832 -0.172382
vt 0.442383 0.748291
vn 0.608632 0.719970 -0.333482
v -0.395898 15.854935 -0.375298
vt 0.494873 0.688965
vn 0.629139 0.658463 -0.413051
v -0.498596 16.078028 -0.260932
vt 0.433105 0.661621
vn 0.365497 -0.064904 -0.928547
v -0.510523 16.059252 -0.264904
vt 0.439941 0.658203
vn 0.639149 0.488149 -0.594306
v 0.460292 11.648718 0.738276
vt 0.974609 0.249512
vn -0.895101 -0.001536 0.445861
v 0.290940 11.595325 0.389327
vt 0.988281 -0.038086
vn -0.882520 -0.036619 0.468846
v 0.468224 11.654608 0.733210
vt 0.961426 0.249512
vn 0.132421 0.975215 -0.177260
v 0.295061 11.604891 0.386287
vt 0.974609 -0.038086
vn -0.453867 0.879554 0.142789
v 0.196662 11.582664 0.217694
vt 0.988281 -0.182617
vn -0.878622 -0.005422 0.477486
v 0.303909 11.605041 0.380740
vt 0.961426 -0.038086
vn 0.474141 0.826651 -0.303050
v 0.468796 11.643151 0.733926
vt 0.948242 0.249512
vn 0.496571 -0.866907 -0.043474
v 0.201883 11.595687 0.212674
vt 0.974609 -0.182617
vn -0.491835 0.851513 0.181724
v 0.105004 11.557687 0.046432
vt 0.988281 -0.326172
vn -0.880096 -0.022202 0.474276
v 0.110950 11.572271 0.041108
vt 0.974609 -0.326172
vn -0.504650 0.849924 0.151517
v 0.308637 11.595629 0.378232
vt 0.948242 -0.038086
vn 0.904490 -0.050525 -0.423491
v 0.214315 11.595921 0.205586
vt 0.961426 -0.182617
vn 0.401021 0.869370 -0.288751
v 0.124708 11.572531 0.032987
vt 0.961426 -0.326172
vn 0.402410 0.855888 -0.324841
v 0.221525 11.583133 0.203516
vt 0.948242 -0.182617
vn 0.890898 0.027633 -0.453362
v 0.132519 11.558209 0.030190
vt 0.948242 -0.326172
vn 0.888843 0.011734 -0.458063
v 0.126572 11.543627 0.035514
vt 0.934570 -0.326172
vn 0.527313 -0.837139 -0.145398
v 0.216303 11.570111 0.208535
vt 0.934570 -0.182617
vn 0.513974 -0.842560 -0.161005
v 0.304516 11.586065 0.381273
vt 0.934570 -0.038086
vn 0.516156 -0.843941 -0.146104
v 0.468796 11.643151 0.733926
vt 0.934570 0.249512
vn 0.496571 -0.866907 -0.043474
v 0.295667 11.585914 0.386820
vt 0.921387 -0.038086
vn -0.331447 -0.898079 0.289132
v 0.460292 11.648718 0.738276
vt 0.921387 0.249512
vn -0.895101 -0.001536 0.445861
v 0.290940 11.595325 0.389327
vt 0.908203 -0.038086
vn -0.882520 -0.036619 0.468846
v 0.203871 11.569878 0.215624
vt 0.921387 -0.182617
vn -0.395252 -0.862164 0.316937
v 0.112815 11.543365 0.043635
vt 0.921387 -0.326172
vn -0.366814 -0.870439 0.328305
v 0.196662 11.582664 0.217694
vt 0.908203 -0.182617
vn -0.878622 -0.005422 0.477486
v 0.105004 11.557687 0.046432
vt 0.908203 -0.326172
vn -0.880096 -0.022202 0.474276
v -0.306123 9.256736 -0.412376
vt 0.929199 0.401367
vn 0.038434 0.990537 -0.131756
v -0.293249 9.259199 -0.414323
vt 0.933594 0.401367
vn 0.342410 0.876532 -0.338299
v 0.014208 9.252718 -0.025720
vt 0.921875 -0.096680
vn -0.297616 0.917102 0.265233
v 0.007177 9.237271 -0.020081
vt 0.908691 -0.096680
vn -0.767550 0.082593 0.635646
v -0.307833 9.247498 -0.399879
vt 0.916992 0.401855
vn -0.768507 0.101394 0.631757
v 0.020961 9.247252 -0.032461
vt 0.935059 -0.096680
vn 0.477028 0.800353 -0.363153
v 0.032804 9.236444 -0.043526
vt 0.947754 -0.096680
vn 0.758265 0.129429 -0.638969
v -0.366435 9.243041 -0.483336
vt 0.921875 0.512939
vn -0.497314 0.852581 0.160578
v -0.287513 9.246972 -0.417593
vt 0.939453 0.401855
vn 0.759415 0.079803 -0.645693
v -0.358082 9.242757 -0.491099
vt 0.935059 0.512939
vn 0.263046 0.847321 -0.461362
v 0.025772 9.220997 -0.037887
vt 0.960938 -0.096680
vn 0.349790 -0.876851 -0.329817
v -0.352952 9.232494 -0.493508
vt 0.947754 0.512939
vn 0.754989 -0.010408 -0.655655
v -0.291936 9.235008 -0.412006
vt 0.953613 0.402344
vn 0.408495 -0.864852 -0.291827
v -0.302096 9.235270 -0.403149
vt 0.975586 0.401855
vn -0.390398 -0.842128 0.372035
v -0.356174 9.222513 -0.488154
vt 0.960938 0.512939
vn 0.460937 -0.859980 -0.219025
v 0.012959 9.221411 -0.026164
vt 0.974121 -0.096680
vn -0.427630 -0.843003 0.326309
v -0.307833 9.247498 -0.399879
vt 0.996094 0.401855
vn -0.768507 0.101394 0.631757
v 0.007177 9.237271 -0.020081
vt 0.987305 -0.096680
vn -0.767550 0.082593 0.635646
v -0.369657 9.233060 -0.477982
vt 0.987305 0.512939
vn -0.803894 0.049767 0.592686
v -0.596325 7.167859 -1.448743
vt 0.329834 0.634766
vn -0.588866 0.645009 0.487032
v -0.453071 7.221619 -1.346935
vt 0.263672 0.645508
vn -0.651150 0.589415 0.478115
v -0.681375 7.019544 -1.328017
vt 0.357666 0.701660
vn -0.535877 0.702845 0.467808
v -0.520973 7.381435 -1.591962
vt 0.296387 0.554199
vn -0.065205 0.890827 -0.449639
v -0.670901 7.309050 -1.724138
vt 0.370850 0.552490
vn 0.009425 0.907492 -0.419964
v -0.430019 7.448813 -1.517728
vt 0.248169 0.553955
vn -0.077617 0.822931 -0.562815
v -0.677224 7.145280 -1.503487
vt 0.364014 0.628906
vn -0.538428 0.689607 0.484290
v -0.933141 7.199148 -1.900509
vt 0.488281 0.562012
vn 0.148040 0.778228 -0.610283
v -0.859520 7.102873 -1.603232
vt 0.435547 0.618408
vn -0.505830 0.733279 0.454355
v -0.410451 7.091418 -1.086744
vt 0.229858 0.740234
vn -0.641134 0.626515 0.443199
v -0.403531 7.257051 -1.315849
vt 0.239258 0.644287
vn -0.729254 0.509135 0.457132
v -0.344083 7.304246 -1.271979
vt 0.207886 0.643066
vn -0.710783 0.504415 0.490258
v -0.324579 7.533642 -1.419182
vt 0.188721 0.558350
vn -0.120932 0.803608 -0.582743
v -0.267780 7.356864 -1.224765
vt 0.170654 0.641602
vn -0.711940 0.481485 0.511189
v -0.268915 7.195444 -1.025986
vt 0.165649 0.730225
vn -0.694943 0.566206 0.443243
v -0.203006 7.411870 -1.177176
vt 0.135864 0.640137
vn -0.749874 0.452392 0.482732
v -0.208243 7.640272 -1.329621
vt 0.124207 0.560059
vn -0.112718 0.736458 -0.667027
v 0.010820 7.639169 -1.057639
vt 0.008545 0.602783
vn -0.733586 0.420587 0.533815
v -0.053346 7.744895 -1.224929
vt 0.047180 0.562256
vn -0.169505 0.756972 -0.631079
v 0.028395 7.819776 -1.164653
vt 0.002554 0.558838
vn -0.049417 0.657866 -0.751512
v -1.514642 8.524693 0.355576
vt 0.529785 0.224609
vn 0.013389 0.684376 0.729007
v -1.471362 8.331798 0.546899
vt 0.507812 0.142090
vn 0.046184 0.611087 0.790215
v -1.829557 8.525425 0.357961
vt 0.638672 0.220215
vn 0.072697 0.664580 0.743673
v -1.868489 8.282907 0.546205
vt 0.648438 0.130859
vn 0.033078 0.609389 0.792181
v -2.475553 8.671737 0.369120
vt 0.871582 0.248047
vn 0.059142 0.514656 -0.855354
v -2.565140 8.589525 0.416172
vt 0.895508 0.194336
vn 0.113486 0.553085 0.825359
v -1.821590 8.604471 0.277823
vt 0.636230 0.257324
vn 0.005625 0.795440 -0.606006
v -1.709187 8.595107 0.268786
vt 0.596191 0.259766
vn -0.042605 0.791784 -0.609314
v -1.516282 8.604051 0.264807
vt 0.530273 0.263672
vn -0.131535 0.845627 -0.517314
v -1.100838 8.671540 0.202141
vt 0.386719 0.272949
vn -0.003829 0.724237 0.689541
v -0.853422 8.629497 0.246741
vt 0.301025 0.247070
vn 0.055458 0.603382 0.795522
v -0.853274 8.711776 0.164145
vt 0.301514 0.284180
vn -0.178938 0.787840 -0.589313
v -0.822159 8.236795 0.451084
vt 0.278564 0.104004
vn 0.094683 0.535389 0.839282
v -0.492750 8.769655 0.116423
vt 0.176392 0.302734
vn -0.016411 0.993182 -0.115410
v -0.486128 8.654792 0.183049
vt 0.171997 0.257812
vn 0.156966 0.518740 0.840399
v -0.013807 8.724072 0.020261
vt 0.005379 0.321289
vn -0.025240 0.767130 -0.640995
v -0.456315 8.325371 0.393791
vt 0.154175 0.138184
vn 0.165754 0.522385 0.836444
v -0.027885 8.581285 0.077653
vt 0.004005 0.255859
vn 0.255273 0.476438 0.841334
v -0.045597 8.237687 0.315797
vt 0.002060 0.123535
vn 0.268358 0.537769 0.799243
v -1.582262 9.371628 1.181130
vt 0.490479 0.554199
vn -0.299683 -0.055093 -0.952447
v -1.580376 9.343052 1.182189
vt 0.487793 0.561768
vn -0.077014 0.631695 -0.771382
v -1.285635 9.321932 1.090661
vt 0.358154 0.547852
vn -0.669665 -0.071471 -0.739216
v -1.283749 9.293353 1.091719
vt 0.356934 0.555908
vn 0.167530 0.984384 -0.054046
v -1.497942 9.188213 0.935014
vt 0.435059 0.618164
vn 0.042113 0.804852 -0.591980
v -1.311346 9.128117 0.891517
vt 0.363525 0.628906
vn 0.077019 0.770959 -0.632211
v -1.330815 9.000080 0.732052
vt 0.357178 0.701660
vn 0.073220 0.793027 -0.604770
v -1.186786 9.107153 0.893251
vt 0.329346 0.634521
vn 0.033811 0.761663 -0.647090
v -1.089812 9.271475 1.058263
vt 0.295898 0.554199
vn 0.200874 0.865114 0.459595
v -1.030302 8.906919 0.622212
vt 0.229370 0.739990
vn -0.007904 0.801051 -0.598544
v -1.044269 9.073112 0.851244
vt 0.263184 0.645264
vn -0.104432 0.758693 -0.643023
v -0.968917 9.277656 1.024813
vt 0.235596 0.558838
vn 0.100860 0.844798 0.525493
v -0.982738 9.076326 0.835330
vt 0.238770 0.644287
vn -0.093529 0.747774 -0.657332
v -0.827051 8.926116 0.639228
vt 0.164551 0.728271
vn -0.140027 0.772137 -0.619837
v -0.903681 9.084841 0.849029
vt 0.207397 0.643066
vn -0.091249 0.711135 -0.697109
v -0.817482 9.289948 0.994510
vt 0.188232 0.559082
vn 0.076860 0.824178 0.561091
v -0.808078 9.088322 0.823834
vt 0.170166 0.641357
vn -0.257632 0.678824 -0.687622
v -0.659592 9.314933 0.942069
vt 0.124084 0.561279
vn -0.070516 0.995936 0.056025
v -0.722553 9.098860 0.796505
vt 0.135376 0.639893
vn -0.308123 0.674681 -0.670720
v -0.428918 9.177260 0.739833
vt 0.008018 0.602539
vn -0.307923 0.632071 -0.711105
v -0.470597 9.318280 0.877465
vt 0.046692 0.562012
vn 0.095584 0.840479 0.533346
v -0.361197 9.335968 0.839744
vt 0.002026 0.558838
vn 0.103292 0.745169 0.658828
v -0.255751 8.070743 -0.048036
vt 1.001953 0.123535
vn -0.800291 0.525323 0.289086
v -0.351981 8.156547 -0.472892
vt 1.153320 0.138184
vn -0.839021 0.507687 0.195699
v -0.027491 8.414445 -0.043350
vt 1.003906 0.255859
vn -0.849236 0.448777 0.278204
v -0.152401 8.485853 -0.516310
vt 1.171875 0.257812
vn -0.849724 0.493980 0.184261
v 0.020220 8.552469 -0.031221
vt 1.004883 0.322266
vn 0.655929 0.753126 -0.050581
v -0.425954 8.066300 -0.851369
vt 1.278320 0.104004
vn -0.845113 0.518982 0.128225
v -0.090901 8.602926 -0.519331
vt 1.176758 0.304199
vn 0.169708 0.985288 -0.020174
v -0.232604 8.458879 -0.896192
vt 1.300781 0.247070
vn -0.802699 0.589758 0.088661
v -0.551789 8.158335 -1.524210
vt 1.507812 0.142090
vn -0.800400 0.593875 0.081686
v -0.153729 8.541167 -0.900690
vt 1.300781 0.284180
vn 0.597127 0.776529 -0.201101
v -0.371387 8.351055 -1.580166
vt 1.529297 0.224609
vn -0.746588 0.663547 0.048084
v -0.285808 8.430409 -1.586717
vt 1.529297 0.264160
vn 0.516692 0.842599 -0.151839
v -0.298760 8.420591 -1.788035
vt 1.595703 0.259277
vn 0.617822 0.782619 -0.076180
v -0.390268 8.350351 -1.908708
vt 1.638672 0.220215
vn -0.755963 0.646198 0.104638
v -0.314341 8.429439 -1.904672
vt 1.635742 0.257324
vn 0.609490 0.792284 -0.028436
v -0.572031 8.107638 -1.938538
vt 1.648438 0.130859
vn -0.803626 0.591062 0.069506
v -0.436093 8.493716 -2.582617
vt 1.871094 0.248047
vn 0.585406 0.705598 0.399289
v -0.484707 8.411096 -2.673572
vt 1.895508 0.194336
vn -0.865050 0.455200 0.210906
v 0.962818 6.418963 0.546908
vt 0.274902 0.104492
vn 0.745818 0.592343 -0.304770
v 1.045804 6.396498 0.850965
vt 0.378418 0.125488
vn 0.792137 0.571617 -0.213947
v 0.606587 6.891312 0.634464
vt 0.204224 0.256348
vn 0.729446 0.596451 -0.334895
v 0.420280 6.942608 0.410828
vt 0.105042 0.264160
vn 0.703308 0.542612 -0.459271
v 0.665077 6.575900 0.250317
vt 0.121033 0.137695
vn 0.657328 0.623944 -0.422627
v 0.263923 6.914932 0.183906
vt 0.005939 0.271484
vn 0.693346 0.522961 -0.495766
v 0.536968 6.581035 0.060822
vt 0.005928 0.140137
vn 0.617247 0.640950 -0.456278
v 0.210998 7.051350 0.193887
vt 0.005939 0.320801
vn 0.039107 0.989611 -0.138353
v 0.370999 7.063441 0.451709
vt 0.105286 0.306641
vn -0.624704 0.630778 0.460287
v 0.545845 6.994863 0.682389
vt 0.204956 0.298340
vn 0.122877 -0.888437 -0.442245
v 0.919453 6.696564 1.055108
vt 0.407715 0.236328
vn 0.775980 0.609320 -0.163045
v 0.854891 6.770802 1.093933
vt 0.403809 0.271973
vn -0.038345 0.770891 0.635812
v 1.267326 6.329649 1.677644
vt 0.596191 0.259277
vn -0.324920 0.670716 0.666759
v 1.340649 6.237236 1.621561
vt 0.596191 0.218262
vn 0.766521 0.617824 -0.175328
v 1.547078 5.978384 1.533781
vt 0.606445 0.129395
vn 0.764242 0.618720 -0.181986
v 1.734753 5.998876 2.315565
vt 0.871582 0.249512
vn -0.651708 0.604360 0.458286
v 1.820867 5.858146 2.340266
vt 0.897461 0.193359
vn 0.774839 0.599137 -0.201644
v 0.056038 14.144092 -0.014864
vt 0.974609 -0.326172
vn 0.277112 0.829540 0.484843
v 0.178337 14.177326 -0.141608
vt 0.974609 -0.182617
vn 0.269389 0.814311 0.514128
v 0.062074 14.131297 -0.011419
vt 0.988281 -0.326172
vn 0.727243 -0.041143 0.685146
v 0.183916 14.165910 -0.138678
vt 0.988281 -0.182617
vn 0.757828 -0.097416 0.645141
v 0.328096 14.252445 -0.310092
vt 0.974609 -0.038086
vn 0.191584 0.742601 0.641747
v 0.328634 14.235830 -0.311224
vt 0.988281 -0.038086
vn 0.645475 -0.762431 0.045394
v 0.525704 14.406559 -0.499867
vt 0.988281 0.249512
vn -0.676675 0.056558 -0.734106
v 0.169386 14.177636 -0.150608
vt 0.961426 -0.182617
vn -0.546438 0.804900 -0.231390
v 0.045911 14.144430 -0.024751
vt 0.961426 -0.326172
vn -0.464006 0.855587 -0.229498
v 0.328096 14.252445 -0.310092
vt 0.961426 -0.038086
vn 0.191584 0.742601 0.641747
v 0.525704 14.406559 -0.499867
vt 0.961426 0.249512
vn -0.676675 0.056558 -0.734106
v 0.517791 14.406840 -0.507791
vt 0.948242 0.249512
vn -0.678155 0.055077 -0.732852
v 0.166013 14.166529 -0.156679
vt 0.948242 -0.182617
vn -0.695685 -0.070558 -0.714873
v 0.041819 14.131972 -0.031194
vt 0.948242 -0.326172
vn -0.712128 0.009777 -0.701981
v 0.318206 14.244431 -0.320070
vt 0.948242 -0.038086
vn -0.683140 0.104301 -0.722800
v 0.525704 14.406559 -0.499867
vt 0.934570 0.249512
vn -0.676675 0.056558 -0.734106
v 0.328634 14.235830 -0.311224
vt 0.934570 -0.038086
vn 0.645475 -0.762431 0.045394
v 0.171592 14.155112 -0.153750
vt 0.934570 -0.182617
vn -0.155686 -0.856344 -0.492379
v 0.047855 14.119180 -0.027749
vt 0.934570 -0.326172
vn -0.250563 -0.837786 -0.485111
v 0.180543 14.154803 -0.144749
vt 0.921387 -0.182617
vn 0.516196 -0.841644 0.158674
v 0.057982 14.118842 -0.017861
vt 0.921387 -0.326172
vn 0.467001 -0.859536 0.207621
v 0.183916 14.165910 -0.138678
vt 0.908203 -0.182617
vn 0.757828 -0.097416 0.645141
v 0.062074 14.131297 -0.011419
vt 0.908203 -0.326172
vn 0.727243 -0.041143 0.685146
v 0.328634 14.235830 -0.311224
vt 0.921387 -0.038086
vn 0.645475 -0.762431 0.045394
v -0.070500 8.344858 -1.397400
vt 1.169922 0.641602
vn -0.580559 0.743400 -0.332127
v -0.230765 8.209174 -1.489042
vt 1.165039 0.730225
vn -0.519965 0.811408 -0.266933
v -0.024509 8.349193 -1.481803
vt 1.207031 0.643066
vn -0.561938 0.764092 -0.316842
v -0.168328 8.210491 -1.650228
vt 1.229492 0.740234
vn -0.523803 0.830786 -0.188216
v 0.085593 8.523043 -1.344234
vt 1.188477 0.560303
vn 0.522720 0.773615 0.358166
v -0.002004 8.535282 -1.203390
vt 1.124023 0.560059
vn 0.596451 0.724786 0.344864
v -0.116932 8.348515 -1.321024
vt 1.135742 0.640137
vn -0.549883 0.744326 -0.378954
v -0.241160 8.397898 -1.044200
vt 1.007812 0.602783
vn -0.598774 0.702207 -0.385195
v -0.102905 8.524206 -1.033612
vt 1.046875 0.562256
vn 0.557688 0.769493 0.311232
v 0.018006 8.348349 -1.550258
vt 1.239258 0.644287
vn -0.529151 0.782643 -0.327824
v 0.179179 8.522120 -1.465094
vt 1.241211 0.558105
vn 0.474503 0.771988 0.422944
v 0.048346 8.350229 -1.605664
vt 1.263672 0.645508
vn -0.556648 0.801303 -0.219218
v 0.049856 8.318269 -1.888935
vt 1.357422 0.701660
vn -0.555135 0.829594 -0.059984
v 0.142518 8.393478 -1.741080
vt 1.329102 0.634766
vn -0.573876 0.807640 -0.135587
v 0.321633 8.545532 -1.654850
vt 1.343750 0.556396
vn -0.112637 0.952427 0.283188
v 0.192668 8.423622 -1.813842
vt 1.363281 0.628906
vn -0.587053 0.806730 -0.067495
v 0.284390 8.496361 -1.974860
vt 1.435547 0.618408
vn -0.540535 0.840374 -0.039914
v 0.372197 8.559772 -1.715444
vt 1.372070 0.553467
vn 0.318325 0.772144 0.549966
v 0.536863 8.629519 -1.969530
vt 1.488281 0.562012
vn 0.559969 0.611934 0.558544
v -1.575255 9.022576 0.112679
vt 0.329834 0.634766
vn -0.207648 0.793018 0.572717
v -1.423385 9.000165 0.193346
vt 0.263672 0.645508
vn -0.269838 0.771605 0.576032
v -1.694566 8.923723 0.233425
vt 0.357666 0.701660
vn -0.114901 0.828659 0.547835
v -1.657780 9.041718 0.069883
vt 0.364014 0.628906
vn -0.121711 0.815602 0.565667
v -1.838416 9.090518 -0.004076
vt 0.435547 0.618408
vn -0.074348 0.843708 0.531629
v -1.414604 8.852468 0.431377
vt 0.229858 0.740234
vn -0.249637 0.806249 0.536325
v -1.608612 9.194473 -0.135293
vt 0.357422 0.555908
vn -0.129824 0.859037 0.495178
v -1.890221 9.224960 -0.273688
vt 0.488281 0.562012
vn -0.215230 0.680081 0.700832
v -1.611486 9.222951 -0.136481
vt 0.358154 0.547852
vn -0.489038 -0.012937 0.872167
v -1.893094 9.253441 -0.274875
vt 0.489990 0.553955
vn -0.441764 -0.007127 0.897103
v -1.444128 9.211580 -0.027447
vt 0.296387 0.546143
vn -0.517067 -0.016429 0.855787
v -1.441253 9.183100 -0.026258
vt 0.296387 0.554199
vn -0.233144 0.840011 0.489925
v -1.331169 9.196734 0.034715
vt 0.236206 0.559082
vn -0.334034 0.811092 0.480157
v -1.334044 9.225215 0.033527
vt 0.236084 0.550781
vn -0.507292 -0.015314 0.861638
v -1.364728 9.007139 0.217704
vt 0.239258 0.644287
vn -0.372838 0.735229 0.566066
v -1.199876 9.217455 0.117332
vt 0.188721 0.559326
vn -0.402143 0.774125 0.488888
v -1.202751 9.245935 0.116145
vt 0.188354 0.551025
vn -0.485146 -0.012541 0.874343
v -1.291964 9.019074 0.253231
vt 0.207886 0.643066
vn -0.365229 0.720003 0.590088
v -1.248380 8.876701 0.474533
vt 0.165649 0.730225
vn -0.327546 0.774422 0.541280
v -1.051653 9.252801 0.190662
vt 0.124634 0.561523
vn -0.390616 0.740907 0.546329
v -1.202430 9.028187 0.290078
vt 0.170654 0.641602
vn -0.374821 0.697688 0.610525
v -1.054527 9.281281 0.189473
vt 0.124329 0.553467
vn -0.428357 -0.005531 0.903593
v -1.121783 9.044276 0.328664
vt 0.135864 0.640137
vn -0.426092 0.689230 0.586010
v -0.841189 9.139167 0.421532
vt 0.008545 0.602783
vn -0.420620 0.648905 0.634036
v -0.869973 9.268814 0.273767
vt 0.047180 0.562256
vn -0.367172 0.794230 0.484131
v -0.874024 9.308955 0.272092
vt 0.047485 0.550781
vn -0.420705 -0.004616 0.907186
v -0.766073 9.293795 0.322785
vt 0.002554 0.558838
vn -0.441652 0.673489 0.592753
v -0.768948 9.322274 0.321598
vt 0.002836 0.550781
vn -0.425694 -0.005238 0.904852
v 0.105896 7.221745 -0.166342
vt 0.005939 0.271484
vn -0.626164 0.483281 -0.611849
v 0.256594 7.154754 -0.389513
vt 0.105042 0.264160
vn -0.588242 0.496898 -0.638016
v 0.154139 7.358620 -0.152656
vt 0.005939 0.320801
vn 0.028836 0.959606 -0.279866
v 0.328856 7.268903 -0.387777
vt 0.105286 0.306641
vn 0.776274 0.582968 0.239888
v -0.030058 6.797203 -0.477197
vt 0.121033 0.137695
vn -0.520668 0.571881 -0.633922
v -0.152091 6.879293 -0.300891
vt 0.005928 0.140137
vn -0.535115 0.603898 -0.590727
v 0.102787 6.506992 -0.805613
vt 0.274902 0.104492
vn -0.444708 0.497948 -0.744501
v 0.381018 7.007532 -0.618863
vt 0.204224 0.256348
vn -0.475859 0.510098 -0.716490
v 0.456275 7.099774 -0.603792
vt 0.204956 0.298340
vn -0.559442 -0.753119 0.346174
v 0.338601 6.388407 -0.967291
vt 0.378418 0.125488
vn -0.379845 0.448707 -0.808937
v 0.611820 6.645943 -0.987498
vt 0.407715 0.236328
vn -0.334413 0.464858 -0.819802
v 0.679318 6.728521 -0.958654
vt 0.403809 0.271973
vn 0.824400 0.552802 -0.121552
v 0.980206 6.061432 -1.401365
vt 0.596191 0.259277
vn 0.848412 0.518394 -0.107075
v 0.890159 5.972887 -1.430054
vt 0.596191 0.218262
vn -0.323126 0.491104 -0.808954
v 0.698707 5.706544 -1.531560
vt 0.606445 0.129395
vn -0.331326 0.491425 -0.805434
v 1.326815 5.481129 -1.944005
vt 0.871582 0.249512
vn 0.762526 0.589096 0.267434
v 1.295633 5.323081 -1.995239
vt 0.897461 0.193359
vn -0.356742 0.476372 -0.803620
v -0.165436 15.244449 0.336575
vt 0.188354 0.550049
vn 0.848892 0.006780 0.528522
v -0.170650 15.221948 0.344990
vt 0.188721 0.558350
vn 0.691193 0.721296 0.044532
v -0.238243 15.300652 0.439092
vt 0.248047 0.545654
vn 0.836493 0.016782 0.547721
v -0.102379 15.171016 0.222081
vt 0.124207 0.560059
vn 0.206319 0.924804 -0.319639
v -0.097606 15.193517 0.213399
vt 0.123962 0.552002
vn -0.999627 -0.008124 0.026076
v -0.243457 15.278151 0.447507
vt 0.248169 0.553955
vn 0.683202 0.730204 -0.006086
v -0.291910 15.349005 0.524610
vt 0.296387 0.546143
vn 0.828875 0.023889 0.558924
v -0.385555 15.426761 0.648703
vt 0.370850 0.552490
vn 0.712225 0.661046 -0.236123
v -0.380018 15.449260 0.640482
vt 0.371582 0.544189
vn 0.839278 -0.001035 0.543701
v -0.490007 15.618022 0.836480
vt 0.489990 0.553955
vn 0.860644 -0.029121 0.508373
v -0.465360 9.109199 -1.457436
vt 0.296387 0.554199
vn 0.536632 0.824428 0.179849
v -0.476626 9.112081 -1.327093
vt 0.236206 0.559082
vn 0.620312 0.781158 0.070741
v -0.661991 8.927979 -1.371468
vt 0.263672 0.645508
vn -0.607622 0.792822 0.047206
v -0.660824 8.929127 -1.305164
vt 0.239258 0.644287
vn -0.639907 0.766244 -0.058208
v -0.498603 9.120070 -1.167456
vt 0.188721 0.559326
vn 0.041624 0.999008 -0.015847
v -0.647630 8.965067 -1.546467
vt 0.329834 0.634766
vn -0.576045 0.808101 0.123065
v -0.432503 9.136578 -1.659156
vt 0.357422 0.555908
vn -0.438750 0.883777 0.162596
v -0.875590 8.782928 -1.284115
vt 0.229858 0.740234
vn -0.565051 0.823203 0.055265
v -0.804260 8.880505 -1.623094
vt 0.357666 0.701660
vn -0.524437 0.831799 0.181869
v -0.640428 8.992161 -1.640571
vt 0.364014 0.628906
vn -0.542521 0.820598 0.179695
v -0.641769 9.058570 -1.838394
vt 0.435547 0.618408
vn -0.491488 0.845232 0.209815
v -0.416099 9.194459 -1.980287
vt 0.488281 0.562012
vn -0.722442 0.678692 0.132117
v -0.432282 9.165251 -1.660003
vt 0.358154 0.547852
vn -0.995302 0.014781 -0.095687
v -0.464117 9.137823 -1.458240
vt 0.296387 0.546143
vn 0.991887 -0.041307 0.120226
v -0.414856 9.223083 -1.981091
vt 0.489990 0.553955
vn -0.998548 0.024085 -0.048186
v -0.663920 8.933882 -1.220595
vt 0.207886 0.643066
vn -0.661928 0.748905 -0.031494
v -0.849231 8.790323 -1.105780
vt 0.165649 0.730225
vn -0.601451 0.798800 -0.013221
v -0.661915 8.934105 -1.119647
vt 0.170654 0.641602
vn -0.685754 0.726982 -0.035196
v -0.506436 9.140805 -0.993933
vt 0.124634 0.561523
vn -0.618041 0.783232 -0.067623
v -0.497361 9.148695 -1.168260
vt 0.188354 0.551025
vn -0.635426 0.236559 0.735033
v -0.504015 9.169372 -0.994687
vt 0.124329 0.553467
vn -0.996684 0.075197 -0.031085
v -0.508667 9.138836 -0.786050
vt 0.047180 0.562256
vn 0.592708 0.804217 -0.043951
v -0.664520 8.942215 -1.025978
vt 0.135864 0.640137
vn -0.683749 0.724196 -0.089599
v -0.635264 9.008655 -0.712673
vt 0.008545 0.602783
vn -0.727568 0.682628 -0.068290
v -0.511217 9.153505 -0.665278
vt 0.002554 0.558838
vn 0.754798 0.652889 -0.063367
v 0.042215 9.955594 1.026957
vt 0.046692 0.562012
vn 0.710140 0.673841 -0.204057
v -0.129773 9.854083 1.015159
vt 0.008018 0.602539
vn -0.464196 0.772845 0.432704
v -0.012006 9.988553 0.920137
vt 0.002026 0.558838
vn 0.806635 0.536202 -0.248649
v 0.142151 9.925852 1.211297
vt 0.124451 0.562256
vn 0.755838 0.609128 -0.240149
v -0.033351 9.746743 1.312053
vt 0.135376 0.639893
vn -0.412246 0.806622 0.423574
v -0.199959 9.611802 1.458511
vt 0.164551 0.728271
vn -0.369333 0.893311 0.256102
v 0.007852 9.724823 1.395997
vt 0.170166 0.641357
vn -0.437545 0.815138 0.379611
v 0.217647 9.879585 1.366519
vt 0.188965 0.559570
vn 0.741726 0.641834 -0.194655
v 0.051009 9.709994 1.490916
vt 0.207397 0.643066
vn -0.469850 0.853238 0.226331
v 0.276431 9.851689 1.518443
vt 0.244873 0.557617
vn 0.691931 0.685025 -0.227974
v 0.053220 9.701325 1.577080
vt 0.238770 0.644287
vn -0.422937 0.879540 0.218023
v -0.176696 9.587345 1.675993
vt 0.229370 0.739990
vn -0.367148 0.921530 0.126428
v 0.080472 9.690894 1.638249
vt 0.263184 0.645264
vn -0.403723 0.886628 0.225607
v 0.331000 9.830973 1.638767
vt 0.295898 0.554199
vn 0.622447 0.726322 -0.291575
v 0.013388 9.636065 1.966373
vt 0.357178 0.701660
vn -0.395254 0.917215 0.049914
v 0.158724 9.706604 1.778302
vt 0.329346 0.634521
vn -0.433742 0.895616 0.098690
v 0.410408 9.834137 1.834238
vt 0.346680 0.555664
vn 0.548285 0.758058 -0.353175
v 0.189219 9.721838 1.909281
vt 0.363525 0.628906
vn -0.425722 0.903194 0.054791
v 0.284866 9.760903 2.095001
vt 0.435059 0.618164
vn -0.370822 0.925431 0.077897
v 0.570822 9.844998 2.125317
vt 0.487793 0.561768
vn 0.707867 0.531147 -0.465625
v -0.381321 10.963877 0.213673
vt 0.722168 0.479492
vn 0.030831 0.999252 -0.023356
v 0.010896 10.914433 0.050747
vt 0.887207 0.496094
vn -0.105224 0.817985 -0.565534
v -0.374085 11.001297 0.213187
vt 0.720703 0.495605
vn -0.319342 0.149895 -0.935709
v 0.012915 10.942611 0.063696
vt 0.883301 0.514404
vn -0.336299 0.221353 -0.915372
v -0.673364 10.958138 0.303517
vt 0.597168 0.475586
vn -0.304798 0.063374 -0.950306
v -0.406815 10.871301 0.155306
vt 0.726074 0.433105
vn -0.235717 0.572587 -0.785228
v -0.029221 10.796646 0.025650
vt 0.887207 0.429688
vn -0.208526 0.517090 -0.830141
v -0.680133 10.924537 0.303170
vt 0.597168 0.461914
vn -0.236246 0.832943 -0.500393
v -0.149490 10.523275 -0.164456
vt 0.886719 0.297363
vn -0.151447 0.605693 -0.781153
v -0.538890 10.576996 -0.045897
vt 0.722656 0.295410
vn -0.213126 0.598772 -0.772042
v -1.218655 10.889468 0.482978
vt 0.367676 0.458496
vn -0.266614 0.058571 -0.962022
v -0.715527 10.860880 0.237725
vt 0.596680 0.424805
vn -0.277245 0.664260 -0.694186
v -0.793945 10.613936 0.094660
vt 0.606934 0.311035
vn -0.280448 0.590202 -0.756975
v -1.226613 10.849964 0.482571
vt 0.367920 0.442383
vn -0.175033 0.884090 -0.433300
v -1.381103 10.885728 0.513997
vt 0.301514 0.453125
vn -0.224619 0.036984 -0.973745
v -1.263437 10.789308 0.411317
vt 0.367676 0.407227
vn -0.223020 0.696771 -0.681742
v -1.362604 10.592619 0.274442
vt 0.362305 0.313965
vn -0.230835 0.618703 -0.750947
v -1.388232 10.848842 0.514489
vt 0.301758 0.437988
vn -0.108323 0.831832 -0.544354
v -1.474012 10.894427 0.539836
vt 0.258301 0.451660
vn -0.286323 0.043884 -0.957128
v -1.520772 10.799067 0.480269
vt 0.258545 0.405273
vn -0.171310 0.664394 -0.727484
v -1.753363 10.624386 0.403233
vt 0.192261 0.316406
vn -0.229829 0.591504 -0.772853
v -1.480629 10.860079 0.540354
vt 0.261719 0.436523
vn -0.058624 0.836385 -0.544999
v -2.004235 10.986381 0.717658
vt 0.018311 0.450684
vn -0.230524 0.035995 -0.972401
v -2.014391 10.934466 0.717995
vt 0.026291 0.426758
vn -0.064038 0.566634 -0.821477
v -2.103077 10.869251 0.716357
vt 0.001349 0.384766
vn -0.209714 0.507484 -0.835751
v -0.088612 13.835163 0.718591
vt 0.948242 0.249512
vn -0.987885 -0.025198 -0.153128
v -0.027367 13.667927 0.444223
vt 0.948242 -0.038086
vn 0.578083 -0.683639 0.445487
v -0.099412 13.834859 0.716649
vt 0.934570 0.249512
vn -0.987537 -0.025784 -0.155258
v -0.040944 13.675909 0.441837
vt 0.921387 -0.038086
vn -0.995410 -0.086870 -0.040164
v -0.027605 13.684551 0.443173
vt 0.961426 -0.038086
vn 0.601648 0.772633 -0.202627
v -0.099412 13.834859 0.716649
vt 0.961426 0.249512
vn -0.987537 -0.025784 -0.155258
v -0.040944 13.675909 0.441837
vt 0.974609 -0.038086
vn -0.995410 -0.086870 -0.040164
v -0.002357 13.612123 0.213808
vt 0.974609 -0.182617
vn -0.563333 0.780087 -0.272249
v 0.009879 13.612456 0.216035
vt 0.961426 -0.182617
vn 0.523314 0.845651 -0.104964
v 0.015977 13.601340 0.218957
vt 0.948242 -0.182617
vn 0.980316 -0.054430 0.189785
v -0.040944 13.675909 0.441837
vt 0.988281 -0.038086
vn -0.995410 -0.086870 -0.040164
v -0.008496 13.600669 0.214505
vt 0.988281 -0.182617
vn -0.990313 -0.040374 -0.132857
v 0.018203 13.568219 0.036313
vt 0.988281 -0.326172
vn -0.989242 -0.037284 -0.141455
v 0.024990 13.581050 0.035794
vt 0.974609 -0.326172
vn -0.512421 0.829167 -0.223399
v 0.038676 13.581419 0.038068
vt 0.961426 -0.326172
vn 0.510919 0.857033 -0.066749
v 0.045575 13.568959 0.040862
vt 0.948242 -0.326172
vn 0.986703 0.009671 0.162244
v 0.009838 13.589888 0.219653
vt 0.934570 -0.182617
vn 0.413363 -0.859546 0.300520
v -0.027367 13.667927 0.444223
vt 0.934570 -0.038086
vn 0.578083 -0.683639 0.445487
v 0.038788 13.556129 0.041381
vt 0.934570 -0.326172
vn 0.489490 -0.838829 0.238255
v -0.002399 13.589553 0.217427
vt 0.921387 -0.182617
vn -0.570620 -0.810905 0.129712
v 0.025102 13.555758 0.039107
vt 0.921387 -0.326172
vn -0.505311 -0.858766 0.084738
v -0.008496 13.600669 0.214505
vt 0.908203 -0.182617
vn -0.990313 -0.040374 -0.132857
v 0.018203 13.568219 0.036313
vt 0.908203 -0.326172
vn -0.989242 -0.037284 -0.141455
v 0.064854 8.074672 0.123065
vt 0.004005 0.255859
vn 0.789501 0.470308 0.394334
v -0.139633 8.059926 0.570034
vt 0.171997 0.257812
vn 0.724987 0.503083 0.470427
v 0.025066 8.214394 0.101643
vt 0.005379 0.321289
vn -0.593831 0.756857 -0.273006
v -0.203532 8.173426 0.551697
vt 0.176392 0.302734
vn -0.189301 0.977055 0.097611
v 0.065054 7.735931 0.625899
vt 0.154175 0.138184
vn 0.725982 0.510293 0.461033
v 0.262590 7.727281 0.232130
vt 0.002060 0.123535
vn 0.756003 0.543007 0.365518
v -0.106289 7.579823 0.944345
vt 0.278564 0.104004
vn 0.686293 0.513012 0.515577
v -0.312265 7.965698 0.903005
vt 0.301025 0.247070
vn 0.621557 0.576774 0.530092
v -0.382337 8.048754 0.864021
vt 0.301514 0.284180
vn -0.649635 0.753796 -0.098821
v -0.435672 7.551243 1.543432
vt 0.507812 0.142090
vn 0.611669 0.581688 0.536190
v -0.499589 7.962535 1.082492
vt 0.386719 0.272949
vn 0.493487 0.689188 0.530557
v -0.622535 7.737857 1.490035
vt 0.529785 0.224609
vn 0.538206 0.650937 0.535365
v -0.698716 7.817906 1.447575
vt 0.530273 0.263672
vn -0.570142 0.817424 -0.082195
v -0.812931 7.773411 1.604524
vt 0.596191 0.259766
vn -0.591223 0.778687 -0.210004
v -0.811879 7.680417 1.746865
vt 0.638672 0.220215
vn 0.588701 0.638130 0.496207
v -0.873257 7.761673 1.703606
vt 0.636230 0.257324
vn -0.554835 0.796708 -0.239614
v -0.673116 7.429855 1.857620
vt 0.648438 0.130859
vn 0.609480 0.576161 0.544585
v -1.207556 7.705016 2.299130
vt 0.871582 0.248047
vn -0.700231 0.530570 -0.477674
v -1.219538 7.606393 2.388324
vt 0.895508 0.194336
vn 0.684821 0.533115 0.496798
v 0.039481 10.319256 0.060950
vt 0.908691 -0.096680
vn 0.746438 0.131485 0.652336
v -0.237044 10.333004 0.376583
vt 0.916992 0.401855
vn 0.732922 0.126276 0.668490
v 0.033987 10.332109 0.054868
vt 0.921875 -0.096680
vn 0.336594 0.903245 0.266182
v -0.248124 10.340646 0.375433
vt 0.929199 0.401367
vn -0.163534 0.985836 -0.037208
v -0.305849 10.329388 0.430137
vt 0.921875 0.512939
vn -0.487545 0.861096 -0.144268
v -0.250348 10.342326 0.364802
vt 0.933594 0.401367
vn -0.448537 0.827799 -0.336993
v 0.023245 10.331210 0.044717
vt 0.935059 -0.096680
vn -0.480512 0.751096 -0.452729
v 0.017997 10.317454 0.040648
vt 0.947754 -0.096680
vn -0.762543 -0.050457 -0.644967
v -0.253371 10.331699 0.360394
vt 0.939453 0.401855
vn -0.760545 -0.099686 -0.641587
v 0.023490 10.304599 0.046730
vt 0.960938 -0.096680
vn -0.381801 -0.880984 -0.279455
v -0.305849 10.329388 0.430137
vt 0.935059 0.512939
vn -0.487545 0.861096 -0.144268
v -0.303343 10.312138 0.428719
vt 0.947754 0.512939
vn -0.290896 -0.894059 -0.340644
v -0.248231 10.321726 0.364080
vt 0.953613 0.402344
vn -0.335894 -0.883785 -0.325730
v -0.303343 10.312138 0.428719
vt 0.960938 0.512939
vn -0.290896 -0.894059 -0.340644
v 0.034232 10.305501 0.056881
vt 0.974121 -0.096680
vn 0.389849 -0.837041 0.383901
v -0.240067 10.322378 0.372175
vt 0.975586 0.401855
vn 0.402914 -0.857871 0.318932
v 0.039481 10.319256 0.060950
vt 0.987305 -0.096680
vn 0.746438 0.131485 0.652336
v -0.237044 10.333004 0.376583
vt 0.996094 0.401855
vn 0.732922 0.126276 0.668490
v -0.293946 10.321663 0.439335
vt 0.987305 0.512939
vn 0.688855 0.093676 0.718821
v -0.050984 16.380749 0.072926
vt 0.441406 0.816284
vn -0.357746 0.888822 -0.286379
v -0.002571 16.378679 -0.006608
vt 0.440430 0.863892
vn -0.685917 0.585582 -0.431986
v -0.049253 16.395201 0.069183
vt 0.433105 0.815430
vn -0.855077 -0.034258 -0.517369
v -0.001257 16.390505 -0.009723
vt 0.433594 0.868652
vn -0.854393 -0.036293 -0.518359
v -0.175812 16.313742 0.045055
vt 0.520508 0.778931
vn -0.405144 0.845886 -0.346893
v -0.108675 16.414862 0.166523
vt 0.434326 0.748047
vn -0.870174 -0.026099 -0.492052
v -0.110330 16.400877 0.170154
vt 0.442383 0.748291
vn -0.352136 0.859972 -0.369390
v -0.216524 16.354555 0.194000
vt 0.494873 0.688965
vn -0.422302 0.803273 -0.420017
v -0.176497 16.451458 0.293805
vt 0.433105 0.661621
vn -0.884864 -0.019777 -0.465429
v -0.177811 16.439634 0.296921
vt 0.439941 0.658203
vn -0.573247 0.646605 -0.503280
v 0.712537 8.589864 0.168020
vt 0.722656 0.295410
vn 0.262903 0.546002 0.795465
v 0.246685 8.587760 0.288370
vt 0.886719 0.297363
vn 0.202099 0.560569 0.803068
v 0.609944 8.960251 -0.063116
vt 0.726074 0.433105
vn 0.278254 0.525133 0.804245
v 0.154335 8.931504 0.070008
vt 0.887207 0.429688
vn 0.239868 0.475660 0.846293
v 0.132527 9.075222 0.035132
vt 0.887207 0.496094
vn 0.191957 0.751465 0.631231
v 0.971150 8.899881 -0.146854
vt 0.596680 0.424805
vn 0.337762 0.605830 0.720338
v 1.020666 8.595225 0.015478
vt 0.606934 0.311035
vn 0.328253 0.529604 0.782157
v 0.589024 9.076807 -0.129568
vt 0.722168 0.480957
vn 0.107204 0.990430 0.086924
v 0.593063 9.118684 -0.127758
vt 0.720703 0.496582
vn 0.291483 0.015364 0.956453
v 0.127940 9.109451 0.028797
vt 0.883301 0.514404
vn 0.327953 0.058394 0.942888
v 0.938941 9.022018 -0.222353
vt 0.597168 0.475586
vn 0.265779 -0.019421 0.963838
v 0.941975 8.981795 -0.222858
vt 0.597168 0.461914
vn 0.328673 0.777995 0.535443
v 1.571216 8.857946 -0.411799
vt 0.367676 0.457031
vn 0.230705 -0.011814 0.972952
v 1.605799 8.731822 -0.329407
vt 0.367676 0.407227
vn 0.288565 0.644921 0.707677
v 1.686937 8.482417 -0.171641
vt 0.362305 0.313965
vn 0.283075 0.564292 0.775527
v 1.574477 8.810646 -0.413430
vt 0.367920 0.440918
vn 0.276592 0.841894 0.463369
v 1.760998 8.827825 -0.441314
vt 0.301514 0.453613
vn 0.185301 -0.022724 0.982419
v 1.764018 8.783751 -0.442906
vt 0.301758 0.438477
vn 0.199963 0.794854 0.572906
v 1.871450 8.823460 -0.467304
vt 0.258301 0.451660
vn 0.250773 -0.016530 0.967905
v 1.909551 8.702969 -0.398841
vt 0.258545 0.405273
vn 0.231968 0.617481 0.751604
v 2.151664 8.459070 -0.304720
vt 0.192261 0.316406
vn 0.277966 0.536777 0.796621
v 1.874240 8.782421 -0.468858
vt 0.261719 0.436523
vn 0.151701 0.807416 0.570145
v 2.509190 8.848714 -0.649726
vt 0.018311 0.450684
vn 0.195301 -0.017722 0.980583
v 2.513566 8.786648 -0.651543
vt 0.026291 0.426758
vn 0.107364 0.534970 0.838021
v 2.607290 8.696124 -0.648134
vt 0.001349 0.384766
vn 0.244554 0.455746 0.855856
v -0.693655 8.017177 0.057993
vt 0.204956 0.298340
vn 0.198087 -0.961961 0.188130
v -0.406488 8.055683 0.034884
vt 0.105286 0.306641
vn 0.033003 0.647875 -0.761032
v -0.701706 7.917778 0.128839
vt 0.204224 0.256348
vn -0.041126 0.584293 0.810500
v -0.416104 7.932808 0.094958
vt 0.105042 0.264160
vn 0.071893 0.515523 0.853854
v -0.116205 8.004672 0.040570
vt 0.005939 0.320801
vn 0.226618 0.961853 0.153242
v -0.153889 7.870371 0.085904
vt 0.005939 0.271484
vn 0.106157 0.489669 0.865422
v -0.470109 7.559295 0.383070
vt 0.121033 0.137695
vn 0.076502 0.601786 0.794985
v -0.249235 7.535267 0.378678
vt 0.005928 0.140137
vn 0.131190 0.611748 0.780099
v -0.887599 7.453321 0.468530
vt 0.274902 0.104492
vn -0.081317 0.591363 0.802295
v -1.174982 7.472644 0.369061
vt 0.378418 0.125488
vn -0.190422 0.584388 0.788815
v -1.229281 7.790501 0.156461
vt 0.407715 0.236328
vn -0.215138 0.612502 0.760629
v -1.211612 7.874116 0.083644
vt 0.403809 0.271973
vn -0.283222 0.763816 -0.579975
v -1.954704 7.519279 0.095858
vt 0.596191 0.259277
vn -0.301011 0.734897 -0.607716
v -1.962573 7.423684 0.186289
vt 0.596191 0.218262
vn -0.202125 0.632839 0.747436
v -2.039537 7.164634 0.404441
vt 0.606445 0.129395
vn -0.195231 0.633400 0.748792
v -2.754961 7.290830 0.130350
vt 0.871582 0.249512
vn 0.069925 0.641710 -0.763753
v -2.838921 7.157990 0.184788
vt 0.897461 0.193359
vn -0.186735 0.611473 0.768915
v -1.106092 9.127462 1.266859
vt 0.329834 0.634766
vn 0.292198 0.825700 0.482535
v -0.942499 9.094906 1.222921
vt 0.263672 0.645508
vn 0.229888 0.811315 0.537512
v -1.120921 9.043048 1.447024
vt 0.357666 0.701660
vn 0.331086 0.848430 0.412976
v -1.194077 9.152124 1.290975
vt 0.364014 0.628906
vn 0.335494 0.837792 0.430754
v -1.373802 9.213627 1.357877
vt 0.435547 0.618408
vn 0.348997 0.859762 0.372841
v -0.788895 8.954819 1.404891
vt 0.229858 0.740234
vn 0.222973 0.840882 0.493154
v -1.283749 9.293353 1.091719
vt 0.357422 0.555908
vn 0.167530 0.984384 -0.054046
v -1.580376 9.343052 1.182189
vt 0.488281 0.562012
vn -0.077014 0.631695 -0.771382
v -1.089812 9.271475 1.058263
vt 0.296387 0.554199
vn 0.200874 0.865114 0.459595
v -1.091698 9.300052 1.057204
vt 0.296387 0.546143
vn 0.215583 0.040193 0.975658
v -0.968917 9.277656 1.024813
vt 0.236206 0.559082
vn 0.100860 0.844798 0.525493
v -0.970457 9.306304 1.024932
vt 0.236084 0.550781
vn 0.229979 0.040489 0.972353
v -0.817482 9.289948 0.994510
vt 0.188721 0.559326
vn 0.076860 0.824178 0.561091
v -0.819712 9.318456 0.992274
vt 0.188354 0.551025
vn 0.246283 0.074370 0.966340
v -0.883111 9.097681 1.199707
vt 0.239258 0.644287
vn 0.135863 0.784570 0.604971
v -0.659592 9.314933 0.942069
vt 0.124634 0.561523
vn -0.070516 0.995936 0.056025
v -0.805925 9.104568 1.174605
vt 0.207886 0.643066
vn 0.169756 0.768044 0.617487
v -0.636995 8.966288 1.319552
vt 0.165649 0.730225
vn 0.168503 0.817091 0.551333
v -0.715542 9.107265 1.139042
vt 0.170654 0.641602
vn 0.177782 0.747221 0.640355
v -0.630398 9.117724 1.110416
vt 0.135864 0.640137
vn 0.121778 0.744123 0.656850
v -0.359262 9.191521 0.977108
vt 0.008545 0.602783
vn 0.157475 0.703481 0.693048
v -0.470597 9.318280 0.877465
vt 0.047180 0.562256
vn 0.095584 0.840479 0.533346
v -0.661478 9.343509 0.941010
vt 0.124329 0.553467
vn 0.567243 0.280614 0.774269
v -0.361197 9.335968 0.839744
vt 0.002554 0.558838
vn 0.103292 0.745169 0.658828
v -0.473601 9.358487 0.874796
vt 0.047485 0.550781
vn 0.316980 0.073795 0.945557
v -0.363082 9.364546 0.838686
vt 0.002836 0.550781
vn 0.310251 0.073362 0.947820
v -0.459123 8.012306 0.870663
vt 0.046692 0.562012
vn 0.070955 0.795382 0.601941
v -0.413957 7.884329 0.722312
vt 0.008018 0.602539
vn -0.346418 0.670268 -0.656304
v -0.351062 8.037772 0.833048
vt 0.002026 0.558838
vn 0.088072 0.688754 0.719626
v -0.703432 7.788606 0.776503
vt 0.135376 0.639893
vn -0.347823 0.709713 -0.612639
v -0.646875 7.995457 0.937135
vt 0.124084 0.561279
vn 0.100405 0.740826 0.664150
v -0.803342 7.623952 0.607966
vt 0.164551 0.728271
vn -0.183430 0.810273 -0.556607
v -0.788069 7.772141 0.804003
vt 0.170166 0.641357
vn -0.298636 0.717288 -0.629535
v -0.802883 7.959399 0.989470
vt 0.188232 0.559082
vn 0.052457 0.774755 0.630082
v -0.883081 7.762416 0.830031
vt 0.207397 0.643066
vn -0.134440 0.758106 -0.638123
v -0.952896 7.937979 1.021784
vt 0.235596 0.558838
vn 0.068187 0.807028 0.586563
v -0.961924 7.751428 0.816700
vt 0.238770 0.644287
vn -0.135727 0.791631 -0.595734
v -1.005887 7.596980 0.592045
vt 0.229370 0.739990
vn -0.052525 0.843324 -0.534833
v -1.023041 7.744222 0.833077
vt 0.263184 0.645264
vn -0.146325 0.800685 -0.580941
v -1.073310 7.923791 1.054974
vt 0.295898 0.554199
vn 0.164402 0.842604 0.512826
v -1.166144 7.768464 0.879268
vt 0.329346 0.634521
vn -0.010303 0.809795 -0.586622
v -1.308162 7.667754 0.712253
vt 0.357178 0.701660
vn 0.028940 0.839330 -0.542851
v -1.267117 7.934256 1.093372
vt 0.356934 0.555908
vn 0.247681 0.862017 0.442245
v -1.291422 7.783869 0.880644
vt 0.363525 0.628906
vn 0.032904 0.820116 -0.571251
v -1.479554 7.831964 0.930823
vt 0.435059 0.618164
vn -0.002104 0.849657 -0.527332
v -1.564047 7.963402 1.191103
vt 0.487793 0.561768
vn 0.334051 0.681149 0.651495
v 0.064696 16.412241 0.026950
vt 0.441406 0.816284
vn -0.201436 0.889291 0.410592
v -0.018981 16.409449 0.001428
vt 0.440430 0.863892
vn -0.251322 0.614505 0.747811
v 0.060765 16.426184 0.026290
vt 0.433105 0.815430
vn -0.296936 -0.017802 0.954731
v -0.022103 16.420834 0.000390
vt 0.433594 0.868652
vn -0.294203 -0.017932 0.955575
v 0.073441 16.347115 0.155541
vt 0.520508 0.778931
vn -0.250017 0.844565 0.473499
v 0.162913 16.446192 0.058484
vt 0.434326 0.748047
vn -0.270448 -0.010035 0.962682
v 0.166606 16.432724 0.059712
vt 0.442383 0.748291
vn -0.287443 0.856330 0.429041
v 0.216401 16.388128 0.155989
vt 0.494873 0.688965
vn -0.315339 0.801303 0.508405
v 0.293771 16.482895 0.091000
vt 0.433105 0.661621
vn -0.238328 -0.001719 0.971183
v 0.297007 16.471487 0.091427
vt 0.439941 0.658203
vn -0.358138 0.646544 0.673586
v -0.028655 8.486328 -0.545014
vt 1.725586 0.433105
vn 0.846129 0.512208 -0.147340
v -0.079834 8.459464 -0.931626
vt 1.596680 0.424805
vn 0.776130 0.595221 -0.208168
v 0.191190 8.118183 -0.662505
vt 1.722656 0.295410
vn 0.841204 0.523032 -0.137161
v 0.267023 8.072744 -0.169297
vt 1.886719 0.297363
vn 0.843192 0.531912 -0.078075
v 0.059559 8.414779 -0.063542
vt 1.886719 0.429688
vn 0.879625 0.463110 -0.108580
v 0.020220 8.552469 -0.031221
vt 1.886719 0.496094
vn 0.655929 0.753126 -0.050581
v -0.090901 8.602926 -0.519331
vt 1.721680 0.479492
vn 0.169708 0.985288 -0.020174
v -0.153729 8.541167 -0.900690
vt 1.596680 0.461914
vn 0.597127 0.776529 -0.201101
v 0.071606 8.154645 -0.994316
vt 1.606445 0.311035
vn 0.834505 0.513625 -0.199476
v -0.285808 8.430409 -1.586717
vt 1.367188 0.443359
vn 0.516692 0.842599 -0.151839
v -0.205029 8.351692 -1.618753
vt 1.367188 0.407227
vn 0.761137 0.628710 -0.159352
v -0.053961 8.104742 -1.710211
vt 1.362305 0.313965
vn 0.824235 0.544841 -0.154224
v -0.298760 8.420591 -1.788035
vt 1.301758 0.438477
vn 0.617822 0.782619 -0.076180
v -0.246595 8.350902 -1.942034
vt 1.257812 0.405273
vn 0.797420 0.594205 -0.105079
v -0.314341 8.429439 -1.904672
vt 1.261719 0.437500
vn 0.609490 0.792284 -0.028436
v -0.142640 8.125157 -2.205322
vt 1.191406 0.316406
vn 0.842993 0.516305 -0.150969
v -0.436093 8.493716 -2.582617
vt 1.025391 0.426758
vn 0.585406 0.705598 0.399289
v -0.426222 8.411320 -2.687138
vt 1.000977 0.384766
vn 0.893213 0.433205 -0.120433
v 1.331987 7.775071 -0.028533
vt 0.403809 0.271973
vn 0.351449 0.732633 0.582866
v 0.826469 7.961044 0.003139
vt 0.204956 0.298340
vn -0.281768 -0.939096 -0.196736
v 1.342779 7.691094 -0.103434
vt 0.407715 0.236328
vn 0.259836 0.604820 -0.752780
v 2.046393 7.358862 -0.052445
vt 0.596191 0.259277
vn 0.367364 0.702054 0.610052
v 0.826525 7.862117 -0.068865
vt 0.204224 0.256348
vn 0.082934 0.590225 -0.802967
v 0.543261 8.023361 0.030689
vt 0.105286 0.306641
vn 0.028357 0.646644 0.762265
v 2.046376 7.263977 -0.144984
vt 0.596191 0.218262
vn 0.248154 0.625556 -0.739662
v 2.826927 7.064081 -0.097860
vt 0.871582 0.249512
vn 0.000580 0.637498 0.770452
v 1.263288 7.381329 -0.318895
vt 0.378418 0.125488
vn 0.231861 0.577368 -0.782871
v 2.102030 7.001831 -0.366742
vt 0.606445 0.129395
vn 0.240873 0.625475 -0.742132
v 2.900323 6.925232 -0.155617
vt 0.897461 0.193359
vn 0.230643 0.605327 -0.761828
v 0.974512 7.387466 -0.415531
vt 0.274902 0.104492
vn 0.123729 0.592480 -0.796027
v 0.543237 7.900779 -0.031811
vt 0.105042 0.264160
vn -0.037635 0.532806 -0.845400
v 0.247405 7.995005 0.028288
vt 0.005939 0.320801
vn -0.142526 0.978372 -0.149915
v 0.566929 7.527293 -0.324524
vt 0.121033 0.137695
vn -0.032906 0.615004 -0.787837
v 0.277316 7.860539 -0.020672
vt 0.005939 0.271484
vn -0.074513 0.509669 -0.857138
v 0.345017 7.521911 -0.318064
vt 0.005928 0.140137
vn -0.086704 0.629005 -0.772551
v -1.471367 7.429089 -1.501767
vt 1.025391 0.425293
vn 0.192129 0.945120 -0.264263
v -1.440635 7.264127 -1.583762
vt 1.002930 0.383301
vn 0.309753 0.492164 -0.813528
v -0.812825 7.782718 -1.143293
vt 1.300781 0.399902
vn 0.172228 0.532782 -0.828541
v -0.579352 7.523808 -1.247425
vt 1.310547 0.294922
vn 0.208147 0.512259 -0.833226
v -0.882763 7.870237 -1.072285
vt 1.300781 0.438477
vn -0.041709 0.665086 -0.745601
v -0.152298 7.994710 -0.822930
vt 1.499023 0.291992
vn 0.242246 0.443235 -0.863053
v -0.325805 8.337021 -0.742516
vt 1.489258 0.415039
vn 0.124815 0.538034 -0.833631
v -0.380053 8.416405 -0.671772
vt 1.494141 0.451172
vn -0.060513 0.698893 -0.712662
v -0.181962 8.432373 -0.648542
vt 1.561523 0.421387
vn 0.134348 0.580755 -0.802916
v -0.239273 8.521820 -0.571857
vt 1.566406 0.458008
vn 0.218599 0.505703 -0.834553
v -0.650101 7.138672 -0.224052
vt 0.951660 0.333984
vn 0.327802 -0.009113 -0.944703
v -0.647911 7.129169 -0.216126
vt 0.965332 0.333984
vn 0.567693 -0.761817 -0.312026
v -0.382215 7.255429 -0.135375
vt 0.948730 0.117676
vn 0.337290 -0.000937 -0.941400
v -0.842064 6.987053 -0.292875
vt 0.930664 0.466309
vn -0.539045 0.781785 -0.313437
v -0.387773 7.270234 -0.129075
vt 0.940430 0.117188
vn -0.032914 0.814583 -0.579112
v -0.656498 7.148685 -0.220330
vt 0.937500 0.333984
vn -0.243955 0.736735 -0.630641
v -0.660706 7.149197 -0.208681
vt 0.923828 0.333984
vn -0.596869 0.755219 0.270908
v -0.833324 6.974759 -0.294792
vt 0.965332 0.466309
vn 0.641402 -0.455626 -0.617258
v -0.658516 7.139694 -0.200754
vt 0.909668 0.333984
vn -0.418521 0.046758 0.907002
v -0.394166 7.256485 -0.104008
vt 0.912109 0.117676
vn -0.386523 0.053681 0.920716
v -0.393748 7.270761 -0.113391
vt 0.929199 0.117188
vn -0.395332 0.854605 0.336695
v -0.134923 7.296055 0.005819
vt 0.909668 -0.063477
vn -0.417312 0.015661 0.908628
v -0.652118 7.129680 -0.204477
vt 0.979492 0.333984
vn 0.305174 -0.893033 0.330697
v -0.836693 6.975443 -0.284424
vt 0.979492 0.466309
vn 0.033180 -0.491144 0.870446
v -0.842064 6.987053 -0.292875
vt 0.993164 0.466309
vn -0.539045 0.781785 -0.313437
v -0.658516 7.139694 -0.200754
vt 0.993164 0.333984
vn -0.418521 0.046758 0.907002
v -0.394166 7.256485 -0.104008
vt 0.996094 0.117676
vn -0.386523 0.053681 0.920716
v -0.388608 7.241681 -0.110310
vt 0.976074 0.118164
vn 0.000277 -0.811305 0.584623
v -0.382632 7.241152 -0.125993
vt 0.959961 0.118164
vn 0.376973 -0.840071 -0.390093
v -0.130045 7.277189 -0.002910
vt 0.979492 -0.063477
vn -0.175126 -0.843534 0.507722
v -0.134923 7.296055 0.005819
vt 0.993164 -0.063477
vn -0.417312 0.015661 0.908628
v -0.041348 7.300039 0.052435
vt 0.993164 -0.128906
vn -0.439633 0.004198 0.898168
v -0.035869 7.275039 0.040468
vt 0.979492 -0.128906
vn -0.240645 -0.843032 0.481027
v -0.122545 7.276531 -0.022507
vt 0.965332 -0.063477
vn 0.218562 -0.872896 -0.436215
v -0.025886 7.274179 0.014559
vt 0.965332 -0.128906
vn 0.149271 -0.883004 -0.444996
v -0.119922 7.294739 -0.033376
vt 0.951660 -0.063477
vn 0.345307 -0.016305 -0.938348
v -0.021382 7.298317 0.000617
vt 0.951660 -0.128906
vn 0.326875 -0.031940 -0.944528
v -0.124799 7.313605 -0.024648
vt 0.937500 -0.063477
vn 0.102536 0.836163 -0.538812
v -0.026862 7.323318 0.012584
vt 0.937500 -0.128906
vn 0.121508 0.841327 -0.526693
v -0.135787 7.315533 -0.004622
vt 0.923828 -0.063477
vn -0.164130 0.981845 0.095085
v -0.036845 7.324178 0.038493
vt 0.923828 -0.128906
vn -0.271331 0.866403 0.419196
v -0.041348 7.300039 0.052435
vt 0.909668 -0.128906
vn -0.439633 0.004198 0.898168
v -1.216097 10.777022 0.554192
vt 0.529785 0.224609
vn 0.175594 0.629799 0.756650
v -1.161554 10.600130 0.697811
vt 0.507812 0.142090
vn 0.214057 0.551463 0.806268
v -1.479888 10.788455 0.603662
vt 0.638672 0.220215
vn 0.235746 0.604477 0.760941
v -1.496696 10.572487 0.754478
vt 0.648438 0.130859
vn 0.202098 0.549888 0.810419
v -2.014391 10.934466 0.717995
vt 0.871582 0.248047
vn -0.064038 0.566634 -0.821477
v -2.086435 10.864931 0.766586
vt 0.895508 0.194336
vn 0.283284 0.488272 0.825434
v -1.480629 10.860079 0.540354
vt 0.636230 0.257324
vn -0.058624 0.836385 -0.544999
v -1.388232 10.848842 0.514489
vt 0.596191 0.259766
vn -0.108323 0.831832 -0.544354
v -1.226613 10.849964 0.482571
vt 0.530273 0.263672
vn -0.175033 0.884090 -0.433300
v -0.883950 10.896609 0.371045
vt 0.386719 0.272949
vn 0.154046 0.673652 0.722816
v -0.672055 10.849597 0.368931
vt 0.301025 0.247070
vn 0.223687 0.544098 0.808654
v -0.680133 10.924537 0.303170
vt 0.301514 0.284180
vn -0.236246 0.832943 -0.500393
v -0.633787 10.502709 0.514774
vt 0.278564 0.104004
vn 0.266365 0.470672 0.841141
v -0.381321 10.963877 0.213673
vt 0.176392 0.302734
vn 0.030831 0.999252 -0.023356
v -0.371601 10.862161 0.261584
vt 0.171997 0.257812
vn 0.326970 0.453965 0.828859
v 0.010896 10.914433 0.050747
vt 0.005379 0.321289
vn -0.105224 0.817985 -0.565534
v -0.331161 10.568656 0.416328
vt 0.154175 0.138184
vn 0.334298 0.454822 0.825459
v -0.004449 10.790216 0.100412
vt 0.004005 0.255859
vn 0.422403 0.408888 0.808941
v -0.000724 10.484666 0.284525
vt 0.002060 0.123535
vn 0.429053 0.468445 0.772316
v -0.892607 8.928435 -1.299125
vt 0.367676 0.407227
vn 0.550216 0.649734 -0.524508
v -0.474225 9.088307 -0.765724
vt 0.596680 0.424805
vn 0.541180 0.614344 -0.574199
v -0.953390 9.006012 -1.233627
vt 0.367920 0.440918
vn 0.324410 0.849337 -0.416395
v -0.351880 8.785916 -0.884268
vt 0.606934 0.311035
vn 0.603797 0.535224 -0.590732
v -0.092706 8.777164 -0.652836
vt 0.722656 0.295410
vn 0.639608 0.548341 -0.538724
v -0.787327 8.681735 -1.445058
vt 0.362305 0.313965
vn 0.614993 0.568851 -0.546070
v -0.253615 9.143841 -0.454480
vt 0.726074 0.433105
vn 0.641761 0.534871 -0.549595
v 0.202824 8.768945 -0.257775
vt 0.886719 0.297363
vn 0.670106 0.560736 -0.486347
v 0.048955 9.109256 -0.074843
vt 0.887207 0.429688
vn 0.693658 0.489165 -0.528731
v 0.020961 9.247252 -0.032461
vt 0.887207 0.496094
vn 0.477028 0.800353 -0.363153
v -1.056536 8.981781 -1.402784
vt 0.301758 0.438477
vn 0.456126 0.799716 -0.390388
v -0.529673 9.169051 -0.704785
vt 0.597168 0.461914
vn 0.373542 0.786555 -0.491729
v -0.306123 9.256736 -0.412376
vt 0.722168 0.480957
vn 0.038434 0.990537 -0.131756
v -0.303595 9.301411 -0.409373
vt 0.720703 0.496582
vn 0.774281 -0.002711 -0.632836
v 0.023271 9.286401 -0.029920
vt 0.883301 0.514404
vn 0.757733 -0.000603 -0.652564
v -0.527321 9.209253 -0.702156
vt 0.597168 0.475586
vn 0.789575 -0.004425 -0.613639
v -0.950762 9.053269 -1.230411
vt 0.367676 0.457031
vn 0.813168 -0.007018 -0.581987
v -1.054032 9.025818 -1.399834
vt 0.301514 0.453613
vn 0.836588 -0.010814 -0.547727
v -1.121866 9.022927 -1.494621
vt 0.258301 0.451660
vn 0.800266 -0.004113 -0.599632
v -1.124251 8.981924 -1.497319
vt 0.261719 0.436523
vn 0.472418 0.810938 -0.345255
v -1.541925 9.056392 -2.027865
vt 0.018311 0.450684
vn 0.831934 -0.005908 -0.554842
v -1.077327 8.903656 -1.560907
vt 0.258545 0.405273
vn 0.611830 0.619718 -0.491542
v -1.093442 8.664375 -1.834260
vt 0.192261 0.316406
vn 0.635832 0.539735 -0.551728
v -1.545131 8.994384 -2.032311
vt 0.026291 0.426758
vn 0.731239 0.538846 -0.418252
v -1.580219 8.905351 -2.124567
vt 0.001349 0.384766
vn 0.702172 0.458087 -0.545078
v -1.890221 9.224960 -0.273688
vt 0.487793 0.561768
vn -0.215230 0.680081 0.700832
v -1.659595 9.093431 -0.405741
vt 0.435059 0.618164
vn 0.372813 0.845109 -0.383147
v -1.608612 9.194473 -0.135293
vt 0.356934 0.555908
vn -0.129824 0.859037 0.495178
v -1.488857 9.044470 -0.309551
vt 0.363525 0.628906
vn 0.427417 0.814844 -0.391591
v -1.392218 8.928648 -0.445708
vt 0.357178 0.701660
vn 0.406608 0.833512 -0.374070
v -1.395903 9.028451 -0.221872
vt 0.329346 0.634521
vn 0.406716 0.805407 -0.431163
v -1.441253 9.183100 -0.026258
vt 0.295898 0.554199
vn -0.233144 0.840011 0.489925
v -1.092199 8.856534 -0.320229
vt 0.229370 0.739990
vn 0.340753 0.840585 -0.421075
v -1.260799 9.003562 -0.154549
vt 0.263184 0.645264
vn 0.304625 0.799646 -0.517466
v -1.331169 9.196734 0.034715
vt 0.235596 0.558838
vn -0.334034 0.811092 0.480157
v -1.205229 9.010485 -0.123258
vt 0.238770 0.644287
vn 0.322909 0.789943 -0.521268
v -0.953560 8.882488 -0.164910
vt 0.164551 0.728271
vn 0.262448 0.810876 -0.523069
v -1.155888 9.021068 -0.057551
vt 0.207397 0.643066
vn 0.353346 0.756397 -0.550464
v -1.199876 9.217455 0.117332
vt 0.188232 0.559082
vn -0.402143 0.774125 0.488888
v -1.069134 9.030357 -0.009330
vt 0.170166 0.641357
vn 0.229258 0.721212 -0.653678
v -1.051653 9.252801 0.190662
vt 0.124084 0.561279
vn -0.390616 0.740907 0.546329
v -0.989036 9.046438 0.030489
vt 0.135376 0.639893
vn 0.180706 0.715439 -0.674902
v -0.740850 9.140800 0.196151
vt 0.008018 0.602539
vn 0.212220 0.674551 -0.707067
v -0.869973 9.268814 0.273767
vt 0.046692 0.562012
vn -0.367172 0.794230 0.484131
v -0.766073 9.293795 0.322785
vt 0.002026 0.558838
vn -0.441652 0.673489 0.592753
v -1.204480 10.110422 0.800241
vt 0.364014 0.628906
vn 0.234771 0.849056 0.473271
v -1.242136 10.226671 0.615270
vt 0.357422 0.555908
vn 0.192404 0.892594 0.407746
v -1.127196 10.088775 0.798044
vt 0.329834 0.634766
vn 0.180862 0.838226 0.514458
v -1.172496 10.020735 0.946360
vt 0.357666 0.701660
vn 0.233582 0.859932 0.453825
v -1.365465 10.164483 0.819158
vt 0.435547 0.618408
vn 0.260292 0.869853 0.419052
v -1.504596 10.271291 0.630033
vt 0.488281 0.562012
vn 0.118748 0.650077 -0.750533
v -1.243414 10.250910 0.612555
vt 0.358154 0.547852
vn 0.018966 0.114672 0.993222
v -1.076508 10.231183 0.622391
vt 0.296387 0.546143
vn -0.014509 0.117804 0.992931
v -1.075221 10.206956 0.625245
vt 0.296387 0.554199
vn 0.096998 0.883785 0.457729
v -0.968744 10.211320 0.621184
vt 0.236206 0.559082
vn -0.012642 0.809714 -0.586688
v -0.983587 10.059870 0.794449
vt 0.263672 0.645508
vn 0.106291 0.825311 0.554584
v -0.889642 9.944200 0.978555
vt 0.229858 0.740234
vn 0.109677 0.853527 0.509375
v -0.930059 10.061647 0.786828
vt 0.239258 0.644287
vn -0.000534 0.799833 0.600222
v -0.837510 10.220822 0.624592
vt 0.188721 0.559326
vn -0.052041 0.862242 0.503816
v -0.861386 10.066858 0.781067
vt 0.207886 0.643066
vn 0.029596 0.784360 0.619600
v -0.748024 9.951920 0.937420
vt 0.165649 0.730225
vn 0.042562 0.830991 0.554655
v -0.779890 10.068261 0.769305
vt 0.170654 0.641602
vn 0.028978 0.763753 0.644858
v -0.969957 10.235631 0.619374
vt 0.236084 0.550781
vn -0.000787 -0.076984 -0.997032
v -0.838648 10.245219 0.623828
vt 0.188354 0.551025
vn 0.020389 0.054585 0.998301
v -0.696626 10.240906 0.613777
vt 0.124634 0.561523
vn -0.012906 0.802113 0.597033
v -0.697913 10.265133 0.610924
vt 0.124329 0.553467
vn 0.088085 0.078284 0.993032
v -0.703951 10.076427 0.762117
vt 0.135864 0.640137
vn -0.028812 0.760107 0.649159
v -0.454294 10.136013 0.703442
vt 0.008545 0.602783
vn 0.000281 0.722051 0.691840
v -0.528137 10.241925 0.595241
vt 0.047180 0.562256
vn -0.020404 0.849293 0.527527
v -0.529770 10.276276 0.593734
vt 0.047485 0.550781
vn 0.098465 0.060760 0.993284
v -0.430371 10.256014 0.585143
vt 0.002554 0.558838
vn -0.039331 0.742722 0.668443
v -0.431508 10.280411 0.584378
vt 0.002836 0.550781
vn 0.094688 0.042896 0.994582
v -0.011421 6.270189 0.128956
vt 0.947754 -0.096680
vn -0.943445 -0.040182 -0.329084
v -0.005340 6.285810 0.135301
vt 0.935059 -0.096680
vn -0.563248 0.824618 0.052507
v -0.165564 6.139772 0.586832
vt 0.939453 0.401855
vn -0.945285 -0.026479 -0.325168
v -0.001593 6.255406 0.128916
vt 0.960938 -0.096680
vn -0.376568 -0.851484 -0.364925
v -0.157443 6.128776 0.585336
vt 0.953613 0.402344
vn -0.354275 -0.834082 -0.422843
v 0.014316 6.256244 0.135222
vt 0.974121 -0.096680
vn 0.588905 -0.807979 -0.018991
v -0.161425 6.151269 0.593509
vt 0.933594 0.401367
vn -0.570832 0.814556 0.103191
v -0.145183 6.129276 0.590518
vt 0.975586 0.401855
vn 0.623091 -0.779524 -0.064028
v -0.141044 6.140773 0.597195
vt 0.996094 0.401855
vn 0.918189 0.134563 0.372587
v 0.020397 6.271864 0.141568
vt 0.987305 -0.096680
vn 0.923012 0.121094 0.365218
v -0.173836 6.098434 0.684173
vt 0.987305 0.512939
vn 0.911056 0.066788 0.406837
v -0.187656 6.088328 0.674076
vt 0.960938 0.512939
vn -0.316504 -0.806312 -0.499687
v -0.194775 6.097262 0.676054
vt 0.947754 0.512939
vn -0.944877 -0.043266 -0.324554
v -0.191425 6.106782 0.682092
vt 0.935059 0.512939
vn -0.635652 0.743873 0.206399
v -0.180956 6.107368 0.686152
vt 0.921875 0.512939
vn 0.276388 0.785379 0.553885
v -0.154227 6.147108 0.603189
vt 0.929199 0.401367
vn -0.231811 0.930401 0.283933
v -0.141044 6.140773 0.597195
vt 0.916992 0.401855
vn 0.918189 0.134563 0.372587
v 0.010569 6.286646 0.141607
vt 0.921875 -0.096680
vn 0.332466 0.865190 0.375384
v 0.020397 6.271864 0.141568
vt 0.908691 -0.096680
vn 0.923012 0.121094 0.365218
v 0.109151 6.554627 0.113959
vt 0.965332 -0.128906
vn -0.356141 -0.861414 0.362118
v 0.101365 6.579163 0.125450
vt 0.951660 -0.128906
vn -0.595513 0.017876 0.803146
v 0.416944 6.526573 0.349756
vt 0.959961 0.118164
vn -0.439845 -0.837332 0.324672
v 0.414214 6.541124 0.358273
vt 0.948730 0.117676
vn -0.579562 0.022679 0.814612
v 0.109816 6.603806 0.114741
vt 0.937500 -0.128906
vn -0.212032 0.866785 0.451360
v 0.426708 6.526644 0.336299
vt 0.976074 0.118164
vn 0.192054 -0.839000 -0.509111
v 0.125388 6.554733 0.091759
vt 0.979492 -0.128906
vn 0.283578 -0.848420 -0.446954
v 0.133839 6.579374 0.081050
vt 0.993164 -0.128906
vn 0.642484 0.025244 -0.765884
v 0.433741 6.541265 0.331359
vt 0.996094 0.117676
vn 0.628733 0.038106 -0.776687
v 0.535086 6.498741 0.407808
vt 0.993164 0.201660
vn 0.589494 -0.033741 -0.807068
v 0.527923 6.486756 0.411032
vt 0.979492 0.201660
vn 0.069670 -0.803636 -0.591030
v 0.663275 6.427978 0.501569
vt 0.993164 0.333984
vn 0.528107 -0.156730 -0.834589
v 0.519515 6.486731 0.422364
vt 0.965332 0.201660
vn -0.506342 -0.842720 0.182869
v 0.518270 6.498689 0.430472
vt 0.951660 0.201660
vn -0.572238 -0.006124 0.820065
v 0.655243 6.424720 0.507459
vt 0.979492 0.333984
vn -0.453007 -0.860208 -0.234153
v 0.824893 6.282595 0.633762
vt 0.993164 0.466309
vn 0.445886 0.805311 0.390717
v 0.821819 6.270727 0.624453
vt 0.979492 0.466309
vn 0.297104 -0.365217 -0.882239
v 0.815922 6.270345 0.633522
vt 0.965332 0.466309
vn -0.757513 -0.563910 0.328908
v 0.649083 6.417896 0.513718
vt 0.965332 0.333984
vn -0.581609 -0.812503 0.039620
v 0.824893 6.282595 0.633762
vt 0.930664 0.466309
vn 0.445886 0.805311 0.390717
v 0.649215 6.427637 0.521695
vt 0.951660 0.333984
vn -0.555973 -0.004523 0.831188
v 0.656378 6.437548 0.519610
vt 0.937500 0.333984
vn 0.073759 0.739969 0.668585
v 0.663408 6.437718 0.509546
vt 0.923828 0.333984
vn 0.649311 0.750107 -0.125437
v 0.525433 6.510674 0.427247
vt 0.937500 0.201660
vn -0.032726 0.797507 0.602421
v 0.421247 6.555746 0.353334
vt 0.940430 0.117188
vn -0.138327 0.843044 0.519753
v 0.533841 6.510699 0.415916
vt 0.923828 0.201660
vn 0.552238 0.808674 -0.202681
v 0.663275 6.427978 0.501569
vt 0.909668 0.333984
vn 0.528107 -0.156730 -0.834589
v 0.535086 6.498741 0.407808
vt 0.909668 0.201660
vn 0.589494 -0.033741 -0.807068
v 0.433741 6.541265 0.331359
vt 0.912109 0.117676
vn 0.628733 0.038106 -0.776687
v 0.431011 6.555816 0.339876
vt 0.929199 0.117188
vn 0.454055 0.851664 -0.261732
v 0.126054 6.603911 0.092542
vt 0.923828 -0.128906
vn 0.398625 0.857753 -0.324589
v 0.133839 6.579374 0.081050
vt 0.909668 -0.128906
vn 0.642484 0.025244 -0.765884
v 0.130911 10.556367 -0.399893
vt 0.988281 -0.038086
vn 0.982397 -0.150313 0.110918
v 0.106230 10.548661 -0.245470
vt 0.988281 -0.182617
vn 0.986555 0.050981 0.155274
v 0.119004 10.564290 -0.401485
vt 0.974609 -0.038086
vn -0.451736 0.889486 -0.068920
v 0.172079 10.584906 -0.709179
vt 0.988281 0.249512
vn 0.859651 -0.502873 0.090103
v 0.100824 10.559078 -0.245235
vt 0.974609 -0.182617
vn 0.459905 0.877740 0.134389
v 0.061984 10.533751 -0.016137
vt 0.974609 -0.398438
vn 0.514189 0.838582 0.179972
v 0.068350 10.521359 -0.016232
vt 0.988281 -0.398438
vn 0.986556 -0.041724 0.158009
v 0.089824 10.559478 -0.247381
vt 0.961426 -0.182617
vn -0.480312 0.876709 -0.026107
v 0.048820 10.534163 -0.018014
vt 0.961426 -0.398438
vn -0.502616 0.864491 0.005635
v 0.119004 10.564290 -0.401485
vt 0.961426 -0.038086
vn -0.451736 0.889486 -0.068920
v 0.084230 10.549462 -0.249762
vt 0.948242 -0.182617
vn -0.976752 0.107370 -0.185543
v 0.042024 10.522185 -0.019986
vt 0.948242 -0.398438
vn -0.983780 0.021598 -0.178073
v 0.048390 10.509796 -0.020081
vt 0.934570 -0.398438
vn -0.513686 -0.834729 -0.198380
v 0.118610 10.549289 -0.401961
vt 0.948242 -0.038086
vn -0.483492 -0.855974 -0.183151
v 0.172079 10.584906 -0.709179
vt 0.948242 0.249512
vn 0.859651 -0.502873 0.090103
v 0.089637 10.539044 -0.249998
vt 0.934570 -0.182617
vn -0.515353 -0.834881 -0.193352
v 0.100637 10.538645 -0.247852
vt 0.921387 -0.182617
vn 0.554902 -0.831873 0.008409
v 0.061553 10.509382 -0.018204
vt 0.921387 -0.398438
vn 0.482279 -0.875520 -0.029531
v 0.130911 10.556367 -0.399893
vt 0.908203 -0.038086
vn 0.982397 -0.150313 0.110918
v 0.118610 10.549289 -0.401961
vt 0.921387 -0.038086
vn -0.483492 -0.855974 -0.183151
v 0.172079 10.584906 -0.709179
vt 0.921387 0.249512
vn 0.859651 -0.502873 0.090103
v 0.106230 10.548661 -0.245470
vt 0.908203 -0.182617
vn 0.986555 0.050981 0.155274
v 0.068350 10.521359 -0.016232
vt 0.908203 -0.398438
vn 0.986556 -0.041724 0.158009
v 0.335269 9.484003 -0.493039
vt 0.939453 0.401855
vn 0.889051 -0.019023 0.457413
v 0.328992 9.472159 -0.496557
vt 0.953613 0.402344
vn 0.445178 -0.875842 0.186328
v 0.108000 9.427581 -0.054193
vt 0.947754 -0.096680
vn 0.889374 -0.038136 0.455588
v 0.100863 9.412484 -0.060560
vt 0.960938 -0.096680
vn 0.477183 -0.869018 0.130784
v 0.085950 9.413333 -0.069122
vt 0.974121 -0.096680
vn -0.427000 -0.836991 -0.342223
v 0.330117 9.496476 -0.496463
vt 0.933594 0.401367
vn 0.467167 0.844072 0.263242
v 0.100225 9.443527 -0.056389
vt 0.935059 -0.096680
vn 0.555812 0.732625 0.392853
v 0.381597 9.478947 -0.584008
vt 0.947754 0.512939
vn 0.891890 -0.035005 0.450896
v 0.377467 9.489459 -0.587304
vt 0.935059 0.512939
vn 0.527880 0.833810 0.161565
v 0.367637 9.490021 -0.592844
vt 0.921875 0.512939
vn -0.351015 0.877584 -0.326549
v 0.318688 9.497108 -0.503407
vt 0.929199 0.401367
vn 0.095493 0.991929 0.083416
v 0.085313 9.444377 -0.064952
vt 0.921875 -0.096680
vn -0.448616 0.883864 -0.132394
v 0.078175 9.429279 -0.071319
vt 0.908691 -0.096680
vn -0.882282 0.048193 -0.468247
v 0.312411 9.485264 -0.506926
vt 0.916992 0.401855
vn -0.875797 0.068574 -0.477784
v 0.375897 9.468992 -0.586251
vt 0.960938 0.512939
vn 0.393290 -0.881651 0.260795
v 0.317564 9.472790 -0.503501
vt 0.975586 0.401855
vn -0.476013 -0.827231 -0.298498
v 0.078175 9.429279 -0.071319
vt 0.987305 -0.096680
vn -0.882282 0.048193 -0.468247
v 0.312411 9.485264 -0.506926
vt 0.996094 0.401855
vn -0.875797 0.068574 -0.477784
v 0.361937 9.480067 -0.595088
vt 0.987305 0.512939
vn -0.853800 0.052281 -0.517969
v -0.108642 14.029671 0.119374
vt 0.974609 -0.182617
vn -0.228516 0.788295 -0.571290
v 0.014777 13.999833 0.016476
vt 0.974609 -0.326172
vn -0.225353 0.829641 -0.510796
v -0.101238 14.029935 0.129189
vt 0.961426 -0.182617
vn 0.470199 0.842917 0.261542
v 0.009563 13.987511 0.012238
vt 0.988281 -0.326172
vn -0.648649 -0.038197 -0.760128
v -0.113498 14.018673 0.115704
vt 0.988281 -0.182617
vn -0.675702 -0.105295 -0.729617
v -0.276356 14.090985 0.257201
vt 0.988281 -0.038086
vn -0.662840 0.057991 -0.746512
v -0.267595 14.099243 0.267152
vt 0.961426 -0.038086
vn 0.569499 0.792000 0.220015
v 0.023192 14.000122 0.027299
vt 0.961426 -0.326172
vn 0.434590 0.855876 0.280370
v -0.268107 14.083235 0.267997
vt 0.948242 -0.038086
vn 0.001788 -0.758219 0.651998
v -0.482255 14.239305 0.422463
vt 0.948242 0.249512
vn 0.696944 0.479474 0.533267
v -0.098688 14.019200 0.135334
vt 0.948242 -0.182617
vn 0.609869 -0.060138 0.790217
v 0.026392 13.988091 0.033884
vt 0.948242 -0.326172
vn 0.629976 -0.000021 0.776615
v -0.103543 14.008202 0.131664
vt 0.934570 -0.182617
vn 0.145691 -0.831311 0.536373
v -0.268107 14.083235 0.267997
vt 0.934570 -0.038086
vn 0.001788 -0.758219 0.651998
v 0.021177 13.975769 0.029646
vt 0.934570 -0.326172
vn 0.186355 -0.847301 0.497345
v -0.110948 14.007938 0.121849
vt 0.921387 -0.182617
vn -0.461377 -0.870930 -0.169150
v 0.012762 13.975479 0.018823
vt 0.921387 -0.326172
vn -0.446326 -0.854147 -0.266882
v -0.113498 14.018673 0.115704
vt 0.908203 -0.182617
vn -0.675702 -0.105295 -0.729617
v 0.009563 13.987511 0.012238
vt 0.908203 -0.326172
vn -0.648649 -0.038197 -0.760128
v -0.276356 14.090985 0.257201
vt 0.908203 -0.038086
vn -0.662840 0.057991 -0.746512
v -0.268107 14.083235 0.267997
vt 0.921387 -0.038086
vn 0.001788 -0.758219 0.651998
v -0.482255 14.239305 0.422463
vt 0.921387 0.249512
vn 0.696944 0.479474 0.533267
v 0.508004 12.954157 -0.589003
vt 0.988281 0.249512
vn 0.672482 -0.733143 0.101338
v 0.311201 12.817495 -0.359596
vt 0.974609 -0.038086
vn -0.394845 0.909775 0.128088
v 0.507832 12.964816 -0.588556
vt 0.974609 0.249512
vn -0.081009 0.862515 0.499506
v -0.194200 11.192595 -0.026737
vt 0.974609 -0.182617
vn 0.155237 0.841978 -0.516696
v -0.446680 11.221262 -0.073742
vt 0.974609 -0.038086
vn 0.276253 0.793237 -0.542641
v -0.193701 11.179382 -0.033801
vt 0.988281 -0.182617
vn 0.179468 -0.043800 -0.982788
v -0.445657 11.211607 -0.078748
vt 0.988281 -0.038086
vn 0.164274 -0.128100 -0.978062
v -0.755420 11.299982 -0.154926
vt 0.988281 0.249512
vn 0.291770 0.333379 -0.896509
v -0.008180 11.174313 0.002248
vt 0.988281 -0.326172
vn 0.189899 -0.026204 -0.981454
v -0.757146 11.306024 -0.145467
vt 0.961426 0.249512
vn 0.109983 0.887163 0.448158
v -0.009020 11.189088 0.010049
vt 0.974609 -0.326172
vn 0.117129 0.853426 -0.507882
v -0.448262 11.221589 -0.063089
vt 0.961426 -0.038086
vn 0.025991 0.850318 0.525627
v -0.757288 11.294533 -0.145165
vt 0.948242 0.249512
vn -0.412453 -0.756058 0.508192
v -0.196942 11.193028 -0.012220
vt 0.961426 -0.182617
vn -0.041710 0.874282 0.483624
v -0.011851 11.189589 0.026290
vt 0.961426 -0.326172
vn -0.082749 0.875574 0.475944
v -0.448822 11.212264 -0.057442
vt 0.948242 -0.038086
vn -0.253824 -0.044236 0.966238
v -0.013843 11.175313 0.034730
vt 0.948242 -0.326172
vn -0.207540 0.032079 0.977700
v -0.199185 11.180246 -0.004768
vt 0.948242 -0.182617
vn -0.206612 0.014069 0.978322
v -0.013004 11.160537 0.026929
vt 0.934570 -0.326172
vn -0.137915 -0.843359 0.519351
v -0.447799 11.202612 -0.062448
vt 0.934570 -0.038086
vn -0.287343 -0.831029 0.476261
v -0.757288 11.294533 -0.145165
vt 0.934570 0.249512
vn -0.412453 -0.756058 0.508192
v -0.198686 11.167031 -0.011832
vt 0.934570 -0.182617
vn -0.177123 -0.850149 0.495856
v -0.446217 11.202283 -0.073101
vt 0.921387 -0.038086
vn -0.107077 -0.895067 -0.432884
v -0.195944 11.166598 -0.026349
vt 0.921387 -0.182617
vn 0.014300 -0.878749 -0.477069
v -0.010172 11.160035 0.010688
vt 0.921387 -0.326172
vn 0.062273 -0.881169 -0.468683
v -0.193701 11.179382 -0.033801
vt 0.908203 -0.182617
vn 0.179468 -0.043800 -0.982788
v -0.008180 11.174313 0.002248
vt 0.908203 -0.326172
vn 0.189899 -0.026204 -0.981454
v -0.445657 11.211607 -0.078748
vt 0.908203 -0.038086
vn 0.164274 -0.128100 -0.978062
v -0.755420 11.299982 -0.154926
vt 0.908203 0.249512
vn 0.291770 0.333379 -0.896509
v -0.757288 11.294533 -0.145165
vt 0.921387 0.249512
vn -0.412453 -0.756058 0.508192
v -2.236813 9.904035 -0.887517
vt 0.894531 0.208984
vn -0.241544 0.654312 0.716611
v -1.566934 9.805065 -0.572615
vt 0.596191 0.218262
vn -0.217026 0.662380 0.717044
v -2.266443 9.828959 -0.822368
vt 0.891113 0.176758
vn -0.219650 0.697603 0.681985
v -2.158376 9.957259 -0.899710
vt 0.871582 0.236816
vn 0.593622 0.554311 -0.583398
v -1.930122 9.942501 -0.801807
vt 0.771973 0.250977
vn 0.308013 0.699130 -0.645248
v -1.655233 9.619139 -0.408774
vt 0.593262 0.127441
vn -0.213320 0.633797 0.743503
v -1.525109 9.886614 -0.642660
vt 0.596191 0.260742
vn 0.336936 0.766239 -0.547130
v -1.138625 9.762919 -0.378867
vt 0.407715 0.236328
vn -0.248152 0.611421 0.751389
v -1.094875 9.833402 -0.432156
vt 0.403809 0.272461
vn 0.295165 0.812968 -0.501957
v -1.092680 9.456876 -0.191200
vt 0.344971 0.125000
vn -0.282360 0.495296 0.821556
v -0.855402 9.821790 -0.335258
vt 0.301025 0.284180
vn 0.259902 0.803423 -0.535689
v -0.894745 9.738990 -0.272115
vt 0.301025 0.247070
vn -0.280523 0.574254 0.769116
v -0.916884 9.327318 -0.054868
vt 0.252441 0.098145
vn -0.300718 0.516480 0.801759
v -0.612542 9.811419 -0.235709
vt 0.196655 0.300293
vn 0.355859 0.723853 -0.591101
v -0.205552 9.661976 -0.019960
vt 0.005939 0.271484
vn -0.324412 0.469674 0.821074
v -0.343075 9.364068 0.197065
vt 0.004803 0.143066
vn -0.295426 0.546182 0.783842
v -0.363224 9.784574 -0.141257
vt 0.089417 0.309082
vn 0.308710 0.714915 -0.627371
v -0.171523 9.782622 -0.052480
vt 0.005939 0.321777
vn 0.367566 0.502479 -0.782566
v 0.079993 4.708028 0.139970
vt 0.923828 -0.128906
vn 0.513333 0.857651 -0.030386
v 0.185954 4.658352 0.527696
vt 0.929199 0.117188
vn 0.524901 0.849650 0.050739
v 0.054339 4.707961 0.147844
vt 0.937500 -0.128906
vn -0.444514 0.861496 0.245421
v 0.192942 4.643801 0.522461
vt 0.912109 0.117676
vn 0.963683 0.036434 -0.264551
v 0.092717 4.683475 0.135424
vt 0.909668 -0.128906
vn 0.968399 0.022926 -0.248352
v 0.170467 4.658305 0.532518
vt 0.940430 0.117188
vn -0.422128 0.840221 0.340349
v 0.041410 4.683340 0.151171
vt 0.951660 -0.128906
vn -0.952697 0.017471 0.303418
v 0.225782 4.612712 0.652395
vt 0.923828 0.201660
vn 0.568099 0.808390 0.154176
v 0.231345 4.600759 0.646583
vt 0.909668 0.201660
vn 0.955941 0.023921 -0.292584
v 0.161967 4.643706 0.532105
vt 0.948730 0.117676
vn -0.947002 0.021898 0.320481
v 0.054135 4.658787 0.146626
vt 0.965332 -0.128906
vn -0.509619 -0.855986 0.087046
v 0.212591 4.612707 0.656340
vt 0.937500 0.201660
vn -0.387762 0.795127 0.466276
v 0.277163 4.539076 0.807701
vt 0.923828 0.333984
vn 0.600604 0.751518 0.272939
v 0.281547 4.529346 0.801151
vt 0.909668 0.333984
vn 0.885100 -0.250228 -0.392407
v 0.336804 4.383125 1.007103
vt 0.930664 0.466309
vn 0.136859 0.812991 0.565964
v 0.265800 4.538921 0.811474
vt 0.937500 0.333984
vn -0.342317 0.738768 0.580553
v 0.204963 4.600747 0.654473
vt 0.951660 0.201660
vn -0.944431 -0.006423 0.328646
v 0.168954 4.629155 0.526870
vt 0.959961 0.118164
vn -0.549806 -0.835247 0.008655
v 0.079788 4.658853 0.138752
vt 0.979492 -0.128906
vn 0.489770 -0.848731 -0.199451
v 0.258822 4.529037 0.808697
vt 0.951660 0.333984
vn -0.938397 -0.004936 0.345524
v 0.210527 4.588795 0.648660
vt 0.965332 0.201660
vn -0.573132 -0.810529 -0.120673
v 0.184441 4.629203 0.522048
vt 0.976074 0.118164
vn 0.458500 -0.835841 -0.301907
v 0.192942 4.643801 0.522461
vt 0.996094 0.117676
vn 0.963683 0.036434 -0.264551
v 0.092717 4.683475 0.135424
vt 0.993164 -0.128906
vn 0.968399 0.022926 -0.248352
v 0.231345 4.600759 0.646583
vt 0.993164 0.201660
vn 0.955941 0.023921 -0.292584
v 0.223717 4.588800 0.644714
vt 0.979492 0.201660
vn 0.408567 -0.798055 -0.442924
v 0.281547 4.529346 0.801151
vt 0.993164 0.333984
vn 0.885100 -0.250228 -0.392407
v 0.263205 4.519307 0.802146
vt 0.965332 0.333984
vn -0.317417 -0.871562 -0.373666
v 0.270814 4.526148 0.801198
vt 0.979492 0.333984
vn 0.038673 -0.887953 -0.458305
v 0.336804 4.383125 1.007103
vt 0.993164 0.466309
vn 0.136859 0.812991 0.565964
v 0.339564 4.371281 0.997653
vt 0.979492 0.466309
vn 0.651871 -0.467740 -0.596894
v 0.329678 4.370913 1.001323
vt 0.965332 0.466309
vn -0.878134 -0.470794 -0.085052
v -0.280297 12.624499 0.716960
vt 0.961426 0.249512
vn 0.557714 0.818505 -0.137858
v -0.130972 12.472919 0.449918
vt 0.961426 -0.038086
vn 0.597901 0.800299 -0.045127
v -0.281067 12.613268 0.719232
vt 0.948242 0.249512
vn 0.349623 -0.668864 0.656037
v -0.126750 12.463672 0.453688
vt 0.948242 -0.038086
vn 0.870704 -0.036709 0.490436
v -0.140376 12.472708 0.445480
vt 0.974609 -0.038086
vn -0.386426 0.746893 -0.541134
v -0.289067 12.618616 0.713728
vt 0.988281 0.249512
vn -0.761304 0.319653 -0.564125
v -0.145556 12.463251 0.444813
vt 0.988281 -0.038086
vn -0.917762 -0.108885 -0.381913
v -0.040975 12.376411 0.214323
vt 0.988281 -0.182617
vn -0.910993 -0.033382 -0.411070
v -0.033453 12.389159 0.214405
vt 0.974609 -0.182617
vn -0.386363 0.814603 -0.432602
v 0.040385 12.330613 0.042094
vt 0.988281 -0.326172
vn -0.906177 -0.021465 -0.422354
v 0.048633 12.344929 0.042437
vt 0.974609 -0.326172
vn -0.398642 0.824165 -0.402288
v -0.020794 12.389555 0.221033
vt 0.961426 -0.182617
vn 0.547916 0.836517 0.005238
v 0.062858 12.345341 0.049617
vt 0.961426 -0.326172
vn 0.520697 0.853063 0.034049
v 0.068836 12.331433 0.056453
vt 0.948242 -0.326172
vn 0.899127 0.026762 0.436869
v -0.015658 12.377206 0.227579
vt 0.948242 -0.182617
vn 0.898347 0.011299 0.439140
v 0.060589 12.317118 0.056110
vt 0.934570 -0.326172
vn 0.380852 -0.826519 0.414509
v -0.131930 12.454215 0.453021
vt 0.934570 -0.038086
vn 0.314703 -0.779256 0.541962
v -0.281067 12.613268 0.719232
vt 0.934570 0.249512
vn 0.349623 -0.668864 0.656037
v -0.023181 12.364458 0.227497
vt 0.934570 -0.182617
vn 0.359778 -0.817403 0.449903
v -0.141334 12.454004 0.448584
vt 0.921387 -0.038086
vn -0.537813 -0.830729 0.143689
v -0.035839 12.364062 0.220869
vt 0.921387 -0.182617
vn -0.548009 -0.836216 0.020687
v 0.046363 12.316707 0.048931
vt 0.921387 -0.326172
vn -0.538288 -0.842380 -0.025338
v -0.040975 12.376411 0.214323
vt 0.908203 -0.182617
vn -0.910993 -0.033382 -0.411070
v 0.040385 12.330613 0.042094
vt 0.908203 -0.326172
vn -0.906177 -0.021465 -0.422354
v -0.145556 12.463251 0.444813
vt 0.908203 -0.038086
vn -0.917762 -0.108885 -0.381913
v -0.289067 12.618616 0.713728
vt 0.908203 0.249512
vn -0.761304 0.319653 -0.564125
v -0.281067 12.613268 0.719232
vt 0.921387 0.249512
vn 0.349623 -0.668864 0.656037
v -0.554041 4.201907 0.387494
vt 0.947754 0.512939
vn -0.522072 -0.040491 -0.851940
v -0.476799 4.244395 0.338751
vt 0.939453 0.401855
vn -0.522503 -0.022690 -0.852335
v -0.555150 4.211404 0.394411
vt 0.935059 0.512939
vn -0.626015 0.743499 -0.235190
v -0.477691 4.255865 0.346694
vt 0.933594 0.401367
vn -0.510561 0.815024 -0.273977
v -0.469674 4.233364 0.342999
vt 0.953613 0.402344
vn 0.004882 -0.833295 -0.552806
v -0.549603 4.211936 0.404543
vt 0.921875 0.512939
vn -0.149403 0.779200 0.608708
v -0.477588 4.251656 0.359867
vt 0.929199 0.401367
vn -0.362325 0.928588 0.080282
v -0.464333 4.245271 0.363135
vt 0.916992 0.401855
vn 0.473097 0.118995 0.872937
v -0.068204 4.391026 0.115599
vt 0.921875 -0.096680
vn 0.013262 0.862389 0.506073
v -0.060671 4.376198 0.122093
vt 0.908691 -0.096680
vn 0.480539 0.110177 0.870025
v -0.076550 4.390269 0.100098
vt 0.935059 -0.096680
vn -0.470024 0.826293 -0.310350
v -0.077362 4.374686 0.091091
vt 0.947754 -0.096680
vn -0.519005 -0.032693 -0.854146
v -0.069829 4.359858 0.097585
vt 0.960938 -0.096680
vn -0.053562 -0.849276 -0.525225
v -0.061483 4.360614 0.113086
vt 0.974121 -0.096680
vn 0.467078 -0.811812 0.350427
v -0.463441 4.233801 0.355191
vt 0.975586 0.401855
vn 0.523707 -0.782238 0.337394
v -0.060671 4.376198 0.122093
vt 0.987305 -0.096680
vn 0.480539 0.110177 0.870025
v -0.464333 4.245271 0.363135
vt 0.996094 0.401855
vn 0.473097 0.118995 0.872937
v -0.542946 4.202972 0.407758
vt 0.987305 0.512939
vn 0.441775 0.055177 0.895427
v -0.547384 4.192943 0.390709
vt 0.960938 0.512939
vn 0.085179 -0.804349 -0.588020
v -0.002004 8.535282 -1.203390
vt 0.123718 0.560059
vn 0.596451 0.724786 0.344864
v -0.102905 8.524206 -1.033612
vt 0.046692 0.562012
vn 0.557688 0.769493 0.311232
v -0.000831 8.562826 -1.202108
vt 0.123291 0.552002
vn 0.852825 -0.060506 0.518679
v -0.101250 8.563028 -1.031806
vt 0.046814 0.551025
vn 0.857114 -0.060336 0.511582
v -0.162136 8.532959 -0.934528
vt 0.002026 0.558838
vn 0.684692 0.637603 0.353071
v -0.160963 8.560503 -0.933247
vt 0.002079 0.551025
vn 0.854397 -0.060415 0.516097
v 0.086766 8.550587 -1.342952
vt 0.187622 0.550049
vn 0.819014 -0.061438 0.570474
v 0.085593 8.523043 -1.344234
vt 0.188232 0.558105
vn 0.522720 0.773615 0.358166
v 0.180352 8.549664 -1.463812
vt 0.247314 0.546143
vn 0.805402 -0.066914 0.588939
v 0.179179 8.522120 -1.465094
vt 0.247559 0.553955
vn 0.474503 0.771988 0.422944
v 0.251214 8.552528 -1.565770
vt 0.295898 0.545898
vn 0.798666 -0.072305 0.597414
v 0.249565 8.525023 -1.567375
vt 0.295898 0.554199
vn 0.365470 0.806102 0.465436
v 0.372197 8.559772 -1.715444
vt 0.370117 0.552246
vn 0.318325 0.772144 0.549966
v 0.373371 8.587316 -1.714163
vt 0.371338 0.544434
vn 0.816675 -0.066007 0.573310
v 0.536863 8.629519 -1.969530
vt 0.487793 0.561768
vn 0.559969 0.611934 0.558544
v 0.538037 8.657063 -1.968249
vt 0.490479 0.554199
vn 0.845147 -0.060714 0.531075
v 0.488471 5.493400 -0.157246
vt 0.929199 0.117188
vn -0.013324 0.856106 -0.516629
v 0.482902 5.478805 -0.163988
vt 0.912109 0.117676
vn -0.388039 0.038783 -0.920827
v 0.603427 5.449040 -0.211697
vt 0.923828 0.201660
vn 0.088630 0.816355 -0.570710
v 0.130068 5.539120 -0.006676
vt 0.923828 -0.128906
vn -0.091910 0.870610 -0.483312
v 0.124654 5.514536 -0.019469
vt 0.909668 -0.128906
vn -0.372053 0.023589 -0.927912
v 0.494671 5.493384 -0.141650
vt 0.940430 0.117188
vn 0.388992 0.841971 0.373858
v 0.140231 5.539104 0.019170
vt 0.937500 -0.128906
vn 0.300579 0.856903 0.418771
v 0.597432 5.437036 -0.216894
vt 0.909668 0.201660
vn -0.415325 0.027270 -0.909264
v 0.144980 5.514503 0.032222
vt 0.951660 -0.128906
vn 0.427792 0.020778 0.903639
v 0.746575 5.377000 -0.281387
vt 0.923828 0.333984
vn 0.208741 0.759196 -0.616481
v 0.739979 5.367211 -0.285278
vt 0.909668 0.333984
vn -0.388823 0.032562 -0.920737
v 0.608553 5.449059 -0.198396
vt 0.937500 0.201660
vn 0.514588 0.793474 0.324960
v 0.495303 5.478773 -0.132796
vt 0.948730 0.117676
vn 0.444669 0.023279 0.895392
v 0.139567 5.489919 0.019429
vt 0.965332 -0.128906
vn 0.162999 -0.852152 0.497260
v 0.931617 5.223096 -0.364387
vt 0.930664 0.466309
vn 0.543607 0.804313 -0.239942
v 0.751349 5.376870 -0.269969
vt 0.937500 0.333984
vn 0.622758 0.734959 0.268343
v 0.607686 5.437074 -0.190292
vt 0.951660 0.201660
vn 0.452301 -0.008317 0.891827
v 0.749527 5.366951 -0.262442
vt 0.951660 0.333984
vn 0.467688 -0.008321 0.883854
v 0.742931 5.357162 -0.266333
vt 0.965332 0.333984
vn -0.150349 -0.764400 0.626967
v 0.926976 5.210819 -0.356399
vt 0.965332 0.466309
vn 0.023869 -0.502047 0.864511
v 0.601690 5.425070 -0.195490
vt 0.965332 0.201660
vn -0.052101 -0.819021 0.571393
v 0.489735 5.464178 -0.139537
vt 0.959961 0.118164
vn 0.081567 -0.841837 0.533532
v 0.483535 5.464195 -0.155134
vt 0.976074 0.118164
vn -0.357409 -0.837700 -0.412937
v 0.129404 5.489935 -0.006417
vt 0.979492 -0.128906
vn -0.249310 -0.860301 -0.444665
v 0.124654 5.514536 -0.019469
vt 0.993164 -0.128906
vn -0.372053 0.023589 -0.927912
v 0.482902 5.478805 -0.163988
vt 0.996094 0.117676
vn -0.388039 0.038783 -0.920827
v 0.596563 5.425050 -0.208791
vt 0.979492 0.201660
vn -0.495825 -0.795792 -0.347668
v 0.597432 5.437036 -0.216894
vt 0.993164 0.201660
vn -0.415325 0.027270 -0.909264
v 0.738158 5.357292 -0.277751
vt 0.979492 0.333984
vn -0.579239 -0.813809 0.046866
v 0.739979 5.367211 -0.285278
vt 0.993164 0.333984
vn -0.388823 0.032562 -0.920737
v 0.922452 5.211162 -0.366292
vt 0.979492 0.466309
vn -0.653750 -0.461058 -0.600030
v 0.931617 5.223096 -0.364387
vt 0.993164 0.466309
vn 0.543607 0.804313 -0.239942
v 0.354917 16.340567 0.106515
vt 0.439941 0.658203
vn -0.359135 0.635688 0.683317
v 0.200680 16.294655 0.068246
vt 0.442383 0.748291
vn -0.287257 0.854902 0.432003
v 0.351086 16.354071 0.106010
vt 0.433105 0.661621
vn -0.234042 -0.025537 0.971891
v 0.259494 16.241884 0.182945
vt 0.494873 0.688965
vn -0.315868 0.802228 0.506614
v 0.196173 16.310621 0.067516
vt 0.434326 0.748047
vn -0.264837 -0.032107 0.963759
v 0.090254 16.193333 0.182415
vt 0.520508 0.778931
vn -0.249933 0.845188 0.472430
v 0.079902 16.270432 0.030185
vt 0.441406 0.816284
vn -0.202415 0.886349 0.416429
v 0.075248 16.286938 0.029404
vt 0.433105 0.815430
vn -0.294941 -0.040818 0.954643
v -0.019022 16.267099 -0.000752
vt 0.440430 0.863892
vn -0.255858 0.603736 0.755009
v -0.022854 16.280603 -0.001257
vt 0.433594 0.868652
vn -0.296205 -0.042800 0.954165
v 0.516389 9.574438 0.276614
vt 0.975586 0.401855
vn 0.181758 -0.834907 -0.519514
v 0.150428 9.612000 0.037520
vt 0.974121 -0.096680
vn 0.231390 -0.842416 -0.486615
v 0.509802 9.574225 0.287045
vt 0.953613 0.402344
vn -0.387927 -0.855338 0.343380
v 0.521472 9.585280 0.272848
vt 0.996094 0.401855
vn 0.560935 0.100725 -0.821710
v 0.155134 9.626317 0.031504
vt 0.987305 -0.096680
vn 0.556949 0.085609 -0.826123
v 0.592979 9.562181 0.322432
vt 0.987305 0.512939
vn 0.601647 0.043138 -0.797596
v 0.142251 9.611615 0.051148
vt 0.960938 -0.096680
vn -0.322931 -0.873430 0.364467
v 0.583056 9.552856 0.334378
vt 0.960938 0.512939
vn -0.458730 -0.840339 0.288787
v 0.508297 9.584855 0.293709
vt 0.939453 0.401855
vn -0.535215 0.002679 0.844711
v 0.138780 9.625546 0.058758
vt 0.947754 -0.096680
vn -0.537642 -0.015014 0.843040
v 0.582375 9.561638 0.340406
vt 0.947754 0.512939
vn -0.531330 -0.012929 0.847066
v 0.513380 9.595696 0.289943
vt 0.933594 0.401367
vn -0.132410 0.868572 0.477546
v 0.143487 9.639861 0.052742
vt 0.935059 -0.096680
vn -0.176140 0.879467 0.442168
v 0.586996 9.570692 0.337447
vt 0.935059 0.512939
vn -0.033126 0.822204 0.568229
v 0.523803 9.592752 0.284583
vt 0.929199 0.401367
vn 0.105567 0.979380 0.172249
v 0.151663 9.640246 0.039114
vt 0.921875 -0.096680
vn 0.340850 0.870152 -0.355889
v 0.592298 9.570964 0.328460
vt 0.921875 0.512939
vn 0.509410 0.825401 -0.243339
v 0.521472 9.585280 0.272848
vt 0.916992 0.401855
vn 0.560935 0.100725 -0.821710
v 0.155134 9.626317 0.031504
vt 0.908691 -0.096680
vn 0.556949 0.085609 -0.826123
v -0.083253 14.627404 -0.373316
vt 0.974609 -0.038086
vn 0.612107 0.774552 0.159355
v -0.023175 14.561799 -0.180548
vt 0.974609 -0.182617
vn 0.574709 0.817849 0.028869
v -0.094795 14.620269 -0.369645
vt 0.961426 -0.038086
vn -0.981823 0.008879 0.189593
v -0.148135 14.762770 -0.610792
vt 0.961426 0.249512
vn -0.214740 0.501534 -0.838064
v -0.033643 14.561999 -0.177220
vt 0.961426 -0.182617
vn -0.480718 0.804985 0.347721
v 0.024842 14.521691 -0.034291
vt 0.988281 -0.326172
vn 0.957913 -0.034101 -0.285028
v -0.018558 14.551773 -0.183763
vt 0.988281 -0.182617
vn 0.941818 -0.093030 -0.322994
v 0.019641 14.532926 -0.030931
vt 0.974609 -0.326172
vn 0.548335 0.836247 0.004430
v 0.008016 14.533144 -0.027039
vt 0.961426 -0.326172
vn -0.448541 0.846413 0.287046
v -0.039493 14.552176 -0.177107
vt 0.948242 -0.182617
vn -0.963596 -0.000620 0.267364
v -0.094795 14.620269 -0.369645
vt 0.948242 -0.038086
vn -0.981823 0.008879 0.189593
v 0.001591 14.522128 -0.026507
vt 0.948242 -0.326172
vn -0.964535 0.004081 0.263924
v -0.034876 14.542150 -0.180322
vt 0.934570 -0.182617
vn -0.617351 -0.785156 -0.049061
v 0.006792 14.510895 -0.029866
vt 0.934570 -0.326172
vn -0.558191 -0.829523 -0.017736
v -0.094795 14.620269 -0.369645
vt 0.934570 -0.038086
vn -0.981823 0.008879 0.189593
v -0.083759 14.612768 -0.374219
vt 0.921387 -0.038086
vn 0.428865 -0.738553 -0.520206
v -0.148135 14.762770 -0.610792
vt 0.934570 0.249512
vn -0.214740 0.501534 -0.838064
v -0.024409 14.541951 -0.183650
vt 0.921387 -0.182617
vn 0.332466 -0.874674 -0.352721
v 0.018417 14.510676 -0.033759
vt 0.921387 -0.326172
vn 0.406082 -0.864430 -0.296408
v -0.018558 14.551773 -0.183763
vt 0.908203 -0.182617
vn 0.941818 -0.093030 -0.322994
v 0.024842 14.521691 -0.034291
vt 0.908203 -0.326172
vn 0.957913 -0.034101 -0.285028
v 1.515575 10.057425 -0.410663
vt 0.367676 0.407227
vn 0.199892 0.630496 0.750012
v 1.650839 10.140842 -0.517551
vt 0.301758 0.438477
vn 0.077065 0.776678 0.625165
v 1.634956 9.829180 -0.282372
vt 0.362305 0.313965
vn 0.212263 0.546301 0.810247
v 1.005232 9.805490 -0.078316
vt 0.606934 0.311035
vn 0.262755 0.519837 0.812853
v 0.906725 10.090841 -0.207877
vt 0.596680 0.424805
vn 0.255666 0.599952 0.758084
v 0.725276 9.736617 0.074093
vt 0.722656 0.295410
vn 0.195169 0.524176 0.828944
v 1.471562 10.130898 -0.482249
vt 0.367920 0.440918
vn 0.140981 0.842287 0.520266
v 0.564766 10.078474 -0.113984
vt 0.726074 0.433105
vn 0.215558 0.504948 0.835801
v 0.296838 9.645573 0.201082
vt 0.886719 0.297363
vn 0.133568 0.527748 0.838834
v 0.150387 9.963599 0.022821
vt 0.887207 0.429688
vn 0.187466 0.448449 0.873928
v 0.106976 10.095639 0.000934
vt 0.887207 0.496094
vn 0.080571 0.726773 0.682136
v 0.864229 10.167014 -0.272719
vt 0.597168 0.461914
vn 0.206914 0.783907 0.585386
v 0.525072 10.187598 -0.167587
vt 0.722168 0.480957
vn -0.068010 0.984379 0.162398
v 0.522556 10.227060 -0.162996
vt 0.720703 0.496582
vn 0.326279 -0.004811 0.945261
v 0.097279 10.127058 -0.002440
vt 0.883301 0.514404
vn 0.354219 0.044982 0.934080
v 0.855333 10.203804 -0.269266
vt 0.597168 0.475586
vn 0.308158 -0.037726 0.950587
v 1.461103 10.174148 -0.478189
vt 0.367676 0.457031
vn 0.271387 -0.024710 0.962153
v 1.641092 10.181142 -0.513767
vt 0.301514 0.453613
vn 0.228459 -0.036122 0.972883
v 1.743508 10.198039 -0.541828
vt 0.258301 0.451660
vn 0.289075 -0.019918 0.957099
v 1.752584 10.160517 -0.545350
vt 0.261719 0.436523
vn 0.027973 0.779279 0.626052
v 2.325957 10.344654 -0.730704
vt 0.018311 0.450684
vn 0.240704 -0.032809 0.970044
v 1.799861 10.088107 -0.487121
vt 0.258545 0.405273
vn 0.151566 0.589567 0.793371
v 2.065711 9.897264 -0.423144
vt 0.192261 0.316406
vn 0.212895 0.516289 0.829531
v 2.339683 10.287899 -0.736031
vt 0.026291 0.426758
vn 0.060075 0.492459 0.868260
v 2.440403 10.219890 -0.743063
vt 0.001349 0.384766
vn 0.200478 0.427793 0.881363
v 0.287876 15.406873 -0.273745
vt 0.187622 0.550049
vn 0.664803 -0.033437 0.746270
v 0.386339 15.483798 -0.349286
vt 0.247314 0.546143
vn 0.650567 -0.045418 0.758089
v 0.297341 15.384437 -0.283096
vt 0.188232 0.558105
vn 0.069768 0.674089 0.735348
v 0.196764 15.310981 -0.185280
vt 0.123718 0.560059
vn -0.726272 0.666107 -0.169792
v 0.395804 15.461364 -0.358637
vt 0.247559 0.553955
vn 0.016477 0.651622 0.758365
v -0.309195 14.340213 -0.126332
vt 0.988281 -0.038086
vn 0.256346 0.025520 -0.966248
v -0.134577 14.252423 -0.070297
vt 0.974609 -0.182617
vn 0.480936 0.729636 -0.486140
v -0.310579 14.347650 -0.114117
vt 0.961426 -0.038086
vn 0.256394 0.742770 0.618510
v -0.135972 14.242743 -0.076280
vt 0.988281 -0.182617
vn 0.224282 -0.123513 -0.966665
v 0.001697 14.190469 -0.031447
vt 0.988281 -0.326172
vn 0.288092 -0.060835 -0.955668
v 0.003055 14.201351 -0.024852
vt 0.974609 -0.326172
vn 0.435040 0.793030 -0.426431
v -0.137639 14.252842 -0.059425
vt 0.961426 -0.182617
vn 0.168960 0.813472 0.556522
v -0.000193 14.201784 -0.012671
vt 0.961426 -0.326172
vn 0.120464 0.826991 0.549158
v -0.313592 14.333462 -0.114518
vt 0.948242 -0.038086
vn -0.661719 -0.664426 0.347369
v -0.510957 14.512970 -0.195155
vt 0.948242 0.249512
vn 0.024262 0.465000 0.884978
v -0.142094 14.243579 -0.054538
vt 0.948242 -0.182617
vn -0.343234 -0.033623 0.938648
v -0.004798 14.191332 -0.007086
vt 0.948242 -0.326172
vn -0.318908 0.022480 0.947519
v -0.143488 14.233900 -0.060521
vt 0.934570 -0.182617
vn -0.500936 -0.771685 0.391875
v -0.313592 14.333462 -0.114518
vt 0.934570 -0.038086
vn -0.661719 -0.664426 0.347369
v -0.006156 14.180449 -0.013681
vt 0.934570 -0.326172
vn -0.450543 -0.785646 0.423995
v -0.140427 14.233480 -0.071393
vt 0.921387 -0.182617
vn -0.251673 -0.832538 -0.493499
v -0.002909 14.180017 -0.025862
vt 0.921387 -0.326172
vn -0.157875 -0.843415 -0.513543
v -0.135972 14.242743 -0.076280
vt 0.908203 -0.182617
vn 0.224282 -0.123513 -0.966665
v 0.001697 14.190469 -0.031447
vt 0.908203 -0.326172
vn 0.288092 -0.060835 -0.955668
v -0.309195 14.340213 -0.126332
vt 0.908203 -0.038086
vn 0.256346 0.025520 -0.966248
v -0.313592 14.333462 -0.114518
vt 0.921387 -0.038086
vn -0.661719 -0.664426 0.347369
v -0.510957 14.512970 -0.195155
vt 0.921387 0.249512
vn 0.024262 0.465000 0.884978
v -0.216663 13.557467 -0.318741
vt 0.908203 -0.038086
vn 0.729944 0.024212 -0.683078
v -0.383535 13.718646 -0.538166
vt 0.908203 0.249512
vn -0.351794 -0.861750 -0.365552
v -0.391814 13.718842 -0.530659
vt 0.921387 0.249512
vn -0.352415 -0.861147 -0.366373
v -0.227008 13.549347 -0.309369
vt 0.921387 -0.038086
vn -0.653725 -0.756732 0.000624
v -0.074690 13.469388 -0.146474
vt 0.921387 -0.182617
vn 0.157489 -0.872224 -0.463058
v -0.068694 13.480555 -0.149419
vt 0.908203 -0.182617
vn 0.725944 -0.108603 -0.679126
v 0.033312 13.434310 -0.017427
vt 0.921387 -0.326172
vn 0.241260 -0.866312 -0.437376
v 0.039716 13.446830 -0.021086
vt 0.908203 -0.326172
vn 0.758718 -0.036033 -0.650421
v 0.022958 13.434541 -0.007796
vt 0.934570 -0.326172
vn -0.519237 -0.830111 0.203246
v -0.084090 13.469600 -0.137985
vt 0.934570 -0.182617
vn -0.544320 -0.825033 0.151776
v -0.227008 13.549347 -0.309369
vt 0.934570 -0.038086
vn -0.653725 -0.756732 0.000624
v 0.019009 13.447291 -0.001823
vt 0.948242 -0.326172
vn -0.775249 -0.001440 0.631654
v -0.087494 13.480979 -0.132441
vt 0.948242 -0.182617
vn -0.788352 -0.058820 0.612406
v 0.025412 13.459812 -0.005482
vt 0.961426 -0.326172
vn -0.290647 0.844712 0.449428
v -0.081499 13.492146 -0.135387
vt 0.961426 -0.182617
vn -0.258436 0.841748 0.473995
v 0.035766 13.459580 -0.015113
vt 0.974609 -0.326172
vn 0.503942 0.837408 -0.211639
v -0.227008 13.549347 -0.309369
vt 0.948242 -0.038086
vn -0.653725 -0.756732 0.000624
v -0.072099 13.491935 -0.143876
vt 0.974609 -0.182617
vn 0.581656 0.779126 -0.233747
v 0.039716 13.446830 -0.021086
vt 0.988281 -0.326172
vn 0.758718 -0.036033 -0.650421
v -0.068694 13.480555 -0.149419
vt 0.988281 -0.182617
vn 0.725944 -0.108603 -0.679126
v -0.216663 13.557467 -0.318741
vt 0.988281 -0.038086
vn 0.729944 0.024212 -0.683078
v -0.226125 13.565969 -0.308696
vt 0.961426 -0.038086
vn -0.202458 0.795059 0.571744
v -0.391814 13.718842 -0.530659
vt 0.948242 0.249512
vn -0.352415 -0.861147 -0.366373
v -0.216663 13.557467 -0.318741
vt 0.974609 -0.038086
vn 0.729944 0.024212 -0.683078
v -0.391814 13.718842 -0.530659
vt 0.961426 0.249512
vn -0.352415 -0.861147 -0.366373
v 0.360893 10.692856 0.500818
vt 0.947754 0.512939
vn -0.392846 -0.893671 0.216851
v 0.312726 10.706399 0.429710
vt 0.939453 0.401855
vn -0.856112 -0.095614 0.507868
v 0.360929 10.710267 0.502682
vt 0.935059 0.512939
vn -0.304918 0.882443 0.358217
v 0.317330 10.717056 0.427346
vt 0.933594 0.401367
vn -0.520853 0.799892 0.298135
v 0.101602 10.662268 0.065997
vt 0.947754 -0.096680
vn -0.861241 -0.048717 0.505856
v 0.106464 10.675912 0.061124
vt 0.935059 -0.096680
vn -0.621611 0.738875 0.260123
v 0.109171 10.649451 0.063094
vt 0.960938 -0.096680
vn -0.342912 -0.886231 0.311458
v 0.118893 10.676742 0.053348
vt 0.921875 -0.096680
vn 0.364116 0.880428 -0.303753
v 0.317915 10.696359 0.426278
vt 0.953613 0.402344
vn -0.393771 -0.880676 0.263351
v 0.360893 10.692856 0.500818
vt 0.960938 0.512939
vn -0.392846 -0.893671 0.216851
v 0.121600 10.650282 0.055318
vt 0.974121 -0.096680
vn 0.536902 -0.820041 -0.198164
v 0.327124 10.717673 0.421550
vt 0.929199 0.401367
vn -0.145215 0.986833 0.071221
v 0.126461 10.663927 0.050446
vt 0.908691 -0.096680
vn 0.868314 0.056411 -0.492796
v 0.360929 10.710267 0.502682
vt 0.921875 0.512939
vn -0.304918 0.882443 0.358217
v 0.332314 10.707633 0.418119
vt 0.916992 0.401855
vn 0.883930 0.080820 -0.460582
v 0.327709 10.696976 0.420482
vt 0.975586 0.401855
vn 0.463201 -0.859426 -0.216407
v 0.126461 10.663927 0.050446
vt 0.987305 -0.096680
vn 0.868314 0.056411 -0.492796
v 0.332314 10.707633 0.418119
vt 0.996094 0.401855
vn 0.883930 0.080820 -0.460582
v 0.373091 10.702383 0.493994
vt 0.987305 0.512939
vn 0.908009 0.060309 -0.414586
v 0.762195 8.194905 -0.503015
vt 0.301514 0.284180
vn 0.546467 0.758305 0.355453
v 0.475276 8.316160 -0.294682
vt 0.176392 0.302734
vn 0.207716 0.978145 -0.009282
v 0.715218 8.111648 -0.568233
vt 0.301025 0.247070
vn -0.347056 0.581203 -0.736040
v 0.956827 8.111026 -0.650648
vt 0.386719 0.272949
vn -0.228320 0.694610 -0.682193
v 0.425400 8.202356 -0.339409
vt 0.171997 0.257812
vn -0.467703 0.511962 -0.720519
v 0.093341 8.357294 0.022866
vt 0.005379 0.321289
vn 0.442120 0.758495 0.478765
v 0.062186 8.212570 -0.020860
vt 0.004005 0.255859
vn -0.559245 0.482375 -0.674210
v 0.264134 7.877360 -0.479927
vt 0.154175 0.138184
vn -0.472349 0.515218 -0.715148
v -0.071481 7.864600 -0.206888
vt 0.002060 0.123535
vn -0.542015 0.547074 -0.637911
v 0.547595 7.724664 -0.696304
vt 0.278564 0.104004
vn -0.412100 0.518945 -0.748912
v 1.084849 7.702537 -1.099386
vt 0.507812 0.142090
vn -0.334162 0.588087 -0.736539
v 1.232122 7.890053 -0.969311
vt 0.529785 0.224609
vn -0.268456 0.656740 -0.704716
v 1.283937 7.970324 -0.897430
vt 0.530273 0.263672
vn 0.480375 0.820420 0.310082
v 1.449821 7.927712 -0.991953
vt 0.596191 0.259766
vn 0.444084 0.783330 0.434952
v 1.506680 7.835712 -1.121459
vt 0.638672 0.220215
vn -0.330357 0.643699 -0.690301
v 1.544691 7.917083 -1.055247
vt 0.636230 0.257324
vn 0.398797 0.799128 0.449838
v 1.426484 7.584982 -1.283181
vt 0.648438 0.130859
vn -0.328340 0.582711 -0.743398
v 2.085268 7.866889 -1.453059
vt 0.871582 0.248047
vn 0.431571 0.535788 0.725726
v 2.132383 7.768977 -1.529430
vt 0.895508 0.194336
vn -0.419026 0.538792 -0.730835
v -0.310579 14.347650 -0.114117
vt 0.974609 -0.038086
vn 0.256394 0.742770 0.618510
v -0.510957 14.512970 -0.195155
vt 0.961426 0.249512
vn 0.024262 0.465000 0.884978
v -0.507486 14.521286 -0.199615
vt 0.974609 0.249512
vn 0.025066 0.464266 0.885341
v -0.510957 14.512970 -0.195155
vt 0.988281 0.249512
vn 0.024262 0.465000 0.884978
v 0.161232 13.111405 0.202577
vt 0.974609 -0.182617
vn -0.477756 0.874907 0.079295
v 0.173183 13.111657 0.196859
vt 0.961426 -0.182617
vn 0.453907 0.808821 -0.373869
v 0.264597 13.171119 0.426648
vt 0.961426 -0.038086
vn -0.367846 0.908407 -0.198710
v 0.380450 13.304875 0.710144
vt 0.948242 0.249512
vn 0.613982 -0.774108 0.154219
v 0.380136 13.315538 0.709901
vt 0.961426 0.249512
vn -0.014504 0.888362 -0.458914
v 0.277525 13.162585 0.419735
vt 0.948242 -0.038086
vn 0.926634 0.118332 -0.356857
v 0.069189 13.090848 0.036688
vt 0.974609 -0.326172
vn -0.514679 0.837931 0.181595
v 0.063135 13.077234 0.040633
vt 0.988281 -0.326172
vn -0.870740 -0.027623 0.490967
v 0.155891 13.099236 0.206351
vt 0.988281 -0.182617
vn -0.884587 -0.035010 0.465059
v 0.082432 13.091141 0.030105
vt 0.961426 -0.326172
vn 0.390240 0.863847 -0.318561
v 0.264597 13.171119 0.426648
vt 0.974609 -0.038086
vn -0.367846 0.908407 -0.198710
v 0.260450 13.162213 0.428804
vt 0.988281 -0.038086
vn -0.890314 -0.087043 0.446950
v 0.372391 13.310032 0.713822
vt 0.974609 0.249512
vn -0.938900 0.099896 0.329376
v 0.179793 13.099741 0.194916
vt 0.948242 -0.182617
vn 0.907175 -0.077714 -0.413514
v 0.089621 13.077818 0.027467
vt 0.948242 -0.326172
vn 0.880634 -0.002941 -0.473788
v 0.264840 13.153492 0.426424
vt 0.934570 -0.038086
vn 0.046585 -0.927947 0.369788
v 0.380450 13.304875 0.710144
vt 0.934570 0.249512
vn 0.613982 -0.774108 0.154219
v 0.174453 13.087573 0.198690
vt 0.934570 -0.182617
vn 0.492785 -0.868737 -0.049588
v 0.083567 13.064205 0.031413
vt 0.934570 -0.326172
vn 0.492360 -0.857791 -0.147566
v 0.162502 13.087320 0.204408
vt 0.921387 -0.182617
vn -0.348935 -0.862915 0.365543
v 0.070324 13.063912 0.037995
vt 0.921387 -0.326172
vn -0.387712 -0.858527 0.335576
v 0.155891 13.099236 0.206351
vt 0.908203 -0.182617
vn -0.884587 -0.035010 0.465059
v 0.063135 13.077234 0.040633
vt 0.908203 -0.326172
vn -0.870740 -0.027623 0.490967
v 0.260450 13.162213 0.428804
vt 0.908203 -0.038086
vn -0.890314 -0.087043 0.446950
v 0.264840 13.153492 0.426424
vt 0.921387 -0.038086
vn 0.046585 -0.927947 0.369788
v 0.372391 13.310032 0.713822
vt 0.921387 0.249512
vn -0.938900 0.099896 0.329376
v 0.132344 16.446774 -0.129252
vt 0.442383 0.748291
vn 0.022270 0.783857 0.620542
v 0.056419 16.391043 -0.059551
vt 0.441406 0.816284
vn 0.042094 0.835191 0.548346
v 0.126711 16.459078 -0.123630
vt 0.434326 0.748047
vn 0.697321 0.003786 0.716749
v 0.050580 16.403755 -0.053756
vt 0.433105 0.815430
vn 0.681118 -0.009006 0.732118
v 0.214363 16.540142 -0.216035
vt 0.433105 0.661621
vn 0.710991 0.028362 0.702629
v 0.219503 16.529787 -0.220402
vt 0.439941 0.658203
vn 0.250979 0.585568 0.770792
v 0.250062 16.427755 -0.127106
vt 0.494873 0.688965
vn 0.085281 0.732807 0.675072
v 0.183945 16.342003 -0.006303
vt 0.520508 0.778931
vn 0.078470 0.790260 0.607727
v -0.008370 16.359476 0.000739
vt 0.440430 0.863892
vn -0.286644 0.606589 0.741542
v -0.013511 16.369831 0.005106
vt 0.433594 0.868652
vn 0.678895 -0.000237 0.734235
v -0.661478 9.343509 0.941010
vt 0.123718 0.553467
vn 0.567243 0.280614 0.774269
v -0.819712 9.318456 0.992274
vt 0.187622 0.551270
vn 0.246283 0.074370 0.966340
v -0.846140 9.071375 1.770360
vt 0.638672 0.220215
vn 0.608062 0.651355 0.453870
v -1.247579 9.156268 2.312427
vt 0.871582 0.248047
vn -0.676231 0.527909 -0.513832
v -0.904632 9.151653 1.719663
vt 0.636230 0.257324
vn -0.518523 0.795370 -0.313881
v -0.840968 9.152983 1.622005
vt 0.596191 0.259766
vn -0.552475 0.785124 -0.279915
v -0.718768 8.824284 1.901685
vt 0.648438 0.130859
vn 0.626895 0.591932 0.506576
v -1.263588 9.065494 2.409074
vt 0.895508 0.194336
vn 0.700511 0.543175 0.462867
v -0.473163 8.910309 1.583064
vt 0.507812 0.142090
vn 0.630387 0.595559 0.497917
v -0.651790 9.100276 1.512957
vt 0.529785 0.224609
vn 0.560716 0.667012 0.490604
v -0.724222 9.180066 1.463450
vt 0.530273 0.263672
vn -0.535334 0.830396 -0.154467
v -0.515397 9.286968 1.091750
vt 0.386719 0.272949
vn 0.517149 0.706885 0.482567
v -0.326104 9.267907 0.915486
vt 0.301025 0.247070
vn 0.640369 0.589280 0.492622
v -0.392352 9.350695 0.869315
vt 0.301514 0.284180
vn -0.616328 0.769379 -0.167915
v -0.136209 8.877662 0.988772
vt 0.278564 0.104004
vn 0.701873 0.522671 0.483931
v -0.204315 9.442717 0.551923
vt 0.176392 0.302734
vn -0.141537 0.989632 0.024386
v -0.146124 9.328265 0.579159
vt 0.171997 0.257812
vn 0.740023 0.510310 0.438119
v 0.023221 9.443290 0.098855
vt 0.005379 0.321289
vn -0.572419 0.755267 -0.319231
v 0.044793 9.000850 0.662279
vt 0.154175 0.138184
vn 0.741983 0.514306 0.430059
v 0.063788 9.299170 0.135616
vt 0.004005 0.255859
vn 0.802418 0.473678 0.362980
v 0.246227 8.952896 0.273418
vt 0.002060 0.123535
vn 0.774308 0.538207 0.332836
v -0.225960 6.103989 -0.589117
vt 0.947754 0.512939
vn 0.911542 -0.029609 -0.410140
v -0.186764 6.145594 -0.503738
vt 0.939453 0.401855
vn 0.912618 -0.013935 -0.408576
v -0.232438 6.113511 -0.590825
vt 0.935059 0.512939
vn 0.320207 0.750017 -0.578742
v -0.194240 6.157088 -0.505296
vt 0.933594 0.401367
vn 0.362432 0.798703 -0.480329
v -0.191488 6.134499 -0.496836
vt 0.953613 0.402344
vn 0.559919 -0.826838 0.053195
v -0.242611 6.114007 -0.586001
vt 0.921875 0.512939
vn -0.610456 0.767310 -0.196415
v 0.011675 6.271330 -0.063541
vt 0.947754 -0.096680
vn 0.914323 -0.029238 -0.403928
v 0.004771 6.256440 -0.056464
vt 0.960938 -0.096680
vn 0.521491 -0.853248 0.003934
v 0.003029 6.286923 -0.063385
vt 0.935059 -0.096680
vn 0.392627 0.820152 -0.416166
v -0.010779 6.257143 -0.049231
vt 0.974121 -0.096680
vn -0.420313 -0.810748 0.407462
v -0.206440 6.157487 -0.499953
vt 0.929199 0.401367
vn -0.026110 0.940045 -0.340050
v -0.012522 6.287625 -0.056151
vt 0.921875 -0.096680
vn -0.533454 0.845700 -0.014783
v -0.019426 6.272736 -0.049074
vt 0.908691 -0.096680
vn -0.921537 0.041777 0.386038
v -0.211163 6.146392 -0.493051
vt 0.916992 0.401855
vn -0.927250 0.051293 0.370912
v -0.203687 6.134898 -0.491493
vt 0.975586 0.401855
vn -0.399405 -0.793390 0.459355
v -0.019426 6.272736 -0.049074
vt 0.987305 -0.096680
vn -0.921537 0.041777 0.386038
v -0.211163 6.146392 -0.493051
vt 0.996094 0.401855
vn -0.927250 0.051293 0.370912
v -0.246305 6.104982 -0.579468
vt 0.987305 0.512939
vn -0.940739 0.018879 0.338606
v -0.229653 6.094964 -0.582584
vt 0.960938 0.512939
vn 0.586698 -0.798888 0.132527
v 2.009251 8.985049 0.405944
vt 0.488281 0.562012
vn -0.498070 0.623514 0.602625
v 1.734808 8.932721 0.258519
vt 0.357422 0.555908
vn -0.456925 0.800716 0.387393
v 1.975823 8.852120 0.131445
vt 0.435547 0.618408
vn 0.013608 0.858473 -0.512679
v 1.801678 8.789113 0.051260
vt 0.364014 0.628906
vn 0.064427 0.834859 -0.546681
v 1.851920 8.678141 -0.113186
vt 0.357666 0.701660
vn 0.056617 0.846328 -0.529644
v 1.722100 8.763653 0.005680
vt 0.329834 0.634766
vn 0.152132 0.819820 -0.552042
v 1.571752 8.908883 0.144486
vt 0.296387 0.554199
vn -0.387730 0.825954 0.409225
v 1.574687 8.729605 -0.079881
vt 0.263672 0.645508
vn 0.216342 0.803870 -0.554066
v 1.583824 8.586555 -0.320663
vt 0.229858 0.740234
vn 0.193015 0.834937 -0.515389
v 1.462590 8.914024 0.080498
vt 0.236206 0.559082
vn -0.338261 0.782721 0.522424
v 1.516333 8.731888 -0.105855
vt 0.239258 0.644287
vn 0.322420 0.776011 -0.542081
v 1.332295 8.924801 -0.005631
vt 0.188721 0.559326
vn -0.261228 0.788048 0.557441
v 1.443822 8.738100 -0.143325
vt 0.207886 0.643066
vn 0.316736 0.760709 -0.566568
v 1.417437 8.596949 -0.368334
vt 0.165649 0.730225
vn 0.273816 0.809857 -0.518802
v 1.354865 8.740051 -0.182666
vt 0.170654 0.641602
vn 0.328943 0.739693 -0.587070
v 1.183737 8.948468 -0.082722
vt 0.124634 0.561523
vn -0.245215 0.737267 0.629529
v 1.274251 8.749773 -0.223356
vt 0.135864 0.640137
vn 0.380230 0.735029 -0.561390
v 0.989611 8.821511 -0.322876
vt 0.008545 0.602783
vn 0.379494 0.696614 -0.608862
v 1.003641 8.950130 -0.170929
vt 0.047180 0.562256
vn -0.211058 0.780951 0.587853
v 0.899427 8.966876 -0.222582
vt 0.002554 0.558838
vn -0.242666 0.665935 0.705439
v 0.761783 15.286209 0.036531
vt 0.370117 0.552246
vn -0.740965 0.668816 -0.060461
v 0.748812 15.308681 0.036652
vt 0.371338 0.544434
vn 0.308471 0.109089 0.944958
v 0.957766 15.517962 0.039322
vt 0.490479 0.554199
vn -0.004713 -0.008113 0.999956
v 0.678977 6.326520 2.211126
vt 0.490479 0.554199
vn 0.962205 0.196470 0.188576
v 0.721578 6.399883 1.923404
vt 0.371338 0.547119
vn -0.922289 -0.318419 0.219073
v 0.111704 16.122776 -0.161009
vt 0.520508 0.778931
vn 0.537613 0.842521 0.033632
v -0.006209 16.194551 0.017020
vt 0.440430 0.863892
vn 0.806429 0.586738 -0.073566
v -0.018543 16.198172 -0.090117
vt 0.441406 0.816284
vn 0.457265 0.889192 0.015735
v -0.017544 16.214670 -0.085286
vt 0.433105 0.815430
vn 0.992703 -0.028417 -0.117192
v -0.005265 16.208050 0.020942
vt 0.433594 0.868652
vn 0.992784 -0.030420 -0.115997
v -0.032568 16.238712 -0.216298
vt 0.434326 0.748047
vn 0.989125 -0.020126 -0.145692
v -0.033558 16.222752 -0.220966
vt 0.442383 0.748291
vn 0.505487 0.858809 0.083250
v 0.044181 16.171232 -0.323256
vt 0.494873 0.688965
vn 0.597902 0.797704 0.078621
v -0.061015 16.282501 -0.379968
vt 0.433105 0.661621
vn 0.984461 -0.013532 -0.175079
v -0.061958 16.269003 -0.383890
vt 0.439941 0.658203
vn 0.769477 0.636939 0.047040
v -0.083253 14.627404 -0.373316
vt 0.988281 -0.038086
vn 0.612107 0.774552 0.159355
v 0.528981 10.186907 -0.155189
vt 0.933594 0.401367
vn 0.097382 0.840573 0.532874
v 0.531428 10.175096 -0.149777
vt 0.939453 0.401855
vn 0.355295 -0.022528 0.934483
v 0.106976 10.095639 0.000934
vt 0.935059 -0.096680
vn 0.080571 0.726773 0.682136
v 0.112249 10.080746 0.007104
vt 0.947754 -0.096680
vn 0.359565 -0.047630 0.931903
v 0.101575 10.096528 -0.014892
vt 0.921875 -0.096680
vn -0.320041 0.873709 -0.366343
v 0.112121 10.066742 -0.002553
vt 0.960938 -0.096680
vn 0.339068 -0.862721 0.375162
v 0.525072 10.187598 -0.167587
vt 0.929199 0.401367
vn -0.068010 0.984379 0.162398
v 0.523610 10.176477 -0.174572
vt 0.916992 0.401855
vn -0.335334 0.076383 -0.938998
v 0.101447 10.082525 -0.024549
vt 0.908691 -0.096680
vn -0.344138 0.049273 -0.937625
v 0.613663 10.189423 -0.198409
vt 0.921875 0.512939
vn -0.110736 0.889147 -0.444022
v 0.617287 10.188844 -0.188050
vt 0.935059 0.512939
vn 0.214375 0.841373 0.496119
v 0.618953 10.178850 -0.183340
vt 0.947754 0.512939
vn 0.363921 -0.038339 0.930640
v 0.529965 10.163974 -0.156762
vt 0.953613 0.402344
vn 0.278397 -0.873030 0.400392
v 0.616997 10.169434 -0.188989
vt 0.960938 0.512939
vn 0.188466 -0.886764 0.422054
v 0.526056 10.164666 -0.169159
vt 0.975586 0.401855
vn -0.080292 -0.821005 -0.565247
v 0.106720 10.067632 -0.018379
vt 0.974121 -0.096680
vn -0.012500 -0.824627 -0.565539
v 0.101447 10.082525 -0.024549
vt 0.987305 -0.096680
vn -0.344138 0.049273 -0.937625
v 0.523610 10.176477 -0.174572
vt 0.996094 0.401855
vn -0.335334 0.076383 -0.938998
v 0.611707 10.180008 -0.204058
vt 0.987305 0.512939
vn -0.288239 0.063176 -0.955472
v 0.723337 13.681409 -0.151318
vt 0.988281 0.249512
vn -0.194111 0.032376 -0.980445
v 0.457748 13.532782 -0.103307
vt 0.974609 -0.038086
vn -0.430455 0.789488 -0.437512
v -0.148135 14.762770 -0.610792
vt 0.921387 0.249512
vn -0.214740 0.501534 -0.838064
v -0.083253 14.627404 -0.373316
vt 0.908203 -0.038086
vn 0.612107 0.774552 0.159355
v -0.267595 14.099243 0.267152
vt 0.974609 -0.038086
vn 0.569499 0.792000 0.220015
v -0.482255 14.239305 0.422463
vt 0.961426 0.249512
vn 0.696944 0.479474 0.533267
v -0.484935 14.248843 0.417394
vt 0.974609 0.249512
vn 0.697714 0.478976 0.532708
v -0.482255 14.239305 0.422463
vt 0.988281 0.249512
vn 0.696944 0.479474 0.533267
v -1.505808 10.295603 0.628224
vt 0.490479 0.554199
vn -0.072580 -0.077575 -0.994341
v -1.825343 8.816876 -0.612580
vt 0.489990 0.553955
vn -0.583165 0.068095 0.809495
v 0.407321 15.018996 -0.009503
vt 0.188721 0.558350
vn -0.508731 0.860509 -0.026776
v 0.515764 15.117996 0.005412
vt 0.248047 0.545654
vn 0.085012 0.016312 -0.996246
v 0.528735 15.095520 0.006425
vt 0.248169 0.553955
vn -0.461819 0.676139 -0.574073
v 0.613119 15.182923 0.011879
vt 0.296387 0.546143
vn 0.100720 0.026918 -0.994551
v 0.761783 15.286209 0.036531
vt 0.370850 0.552490
vn -0.740965 0.668816 -0.060461
v 0.748812 15.308681 0.036652
vt 0.371582 0.544189
vn 0.308471 0.109089 0.944958
v 0.118610 10.549289 -0.401961
vt 0.934570 -0.038086
vn -0.483492 -0.855974 -0.183151
v 0.167048 10.576022 -0.710753
vt 0.934570 0.249512
vn 0.859491 -0.502935 0.091279
v -0.709946 15.997917 0.410937
vt 0.489990 0.553955
vn 0.526966 0.002167 0.849884
v -0.555625 15.839572 0.315673
vt 0.371582 0.544189
vn -0.478674 -0.014392 -0.877875
v -0.447186 15.745424 0.268851
vt 0.296387 0.546143
vn -0.078370 -0.166180 -0.982976
v -0.374139 15.699826 0.228712
vt 0.248047 0.545654
vn -0.465967 -0.019187 -0.884594
v -0.169943 -0.100000 -0.255310
vt 0.085938 0.000000
vn -0.120823 0.174573 -0.977203
v -0.138524 0.187995 -0.208895
vt 0.085938 0.093750
vn -0.192518 0.164190 -0.967460
v -0.234371 -0.100000 -0.236004
vt 0.125000 0.000000
vn -0.582445 0.218967 -0.782822
v -0.076430 0.189120 -0.202587
vt 0.046875 0.093750
vn -0.060823 0.123079 -0.990531
v -0.089483 -0.100000 -0.242552
vt 0.046875 0.000000
vn 0.019505 0.140041 -0.989954
v -0.007243 0.189833 -0.209173
vt 0.000000 0.093750
vn -0.151513 0.111573 -0.982138
v 0.000020 -0.100000 -0.251724
vt 0.000000 0.000000
vn -0.155806 0.136878 -0.978258
v -0.064654 0.568952 -0.167552
vt 0.046875 0.312500
vn -0.236542 0.077790 -0.968502
v -0.013298 0.569197 -0.180669
vt 0.000000 0.312500
vn -0.147933 0.068898 -0.986595
v -0.030756 1.118937 -0.149895
vt 0.000000 0.562500
vn -0.183905 0.029975 -0.982487
v -0.190182 0.186750 -0.186052
vt 0.125000 0.093750
vn -0.600262 0.198311 -0.774828
v -0.282870 -0.100000 -0.172076
vt 0.164062 0.000000
vn -0.829382 0.231882 -0.508287
v -0.112306 0.569122 -0.149962
vt 0.085938 0.312500
vn -0.380657 0.103492 -0.918907
v -0.075697 1.118516 -0.136136
vt 0.046875 0.562500
vn -0.373942 0.028896 -0.927002
v -0.042774 1.972453 -0.139037
vt 0.000000 1.000000
vn -0.255025 0.005695 -0.966918
v -0.079632 1.973067 -0.123492
vt 0.046875 1.000000
vn -0.449332 0.008494 -0.893324
v -0.118642 1.112263 -0.113141
vt 0.085938 0.562500
vn -0.518652 0.033172 -0.854342
v -0.114884 1.973608 -0.105318
vt 0.085938 1.000000
vn -0.634570 0.013967 -0.772739
v -0.150304 1.113179 -0.094767
vt 0.125000 0.562500
vn -0.742186 0.034193 -0.669322
v -0.141497 1.973913 -0.072198
vt 0.125000 1.000000
vn -0.836939 0.019096 -0.546963
v -0.153274 0.570816 -0.123251
vt 0.125000 0.312500
vn -0.657432 0.113180 -0.744965
v -0.171205 1.113513 -0.057120
vt 0.164062 0.562500
vn -0.917189 0.034870 -0.396924
v -0.159118 1.974133 -0.032563
vt 0.164062 1.000000
vn -0.956197 0.020678 -0.291994
v -0.185406 0.572887 -0.085616
vt 0.164062 0.312500
vn -0.870402 0.103665 -0.481304
v -0.229744 0.185335 -0.134716
vt 0.164062 0.093750
vn -0.839548 0.197208 -0.506229
v -0.324819 -0.100000 -0.099450
vt 0.210938 0.000000
vn -0.959422 0.236664 -0.153294
v -0.254747 0.183825 -0.068964
vt 0.210938 0.093750
vn -0.969939 0.183872 -0.159405
v -0.308232 -0.100000 -0.010818
vt 0.250000 0.000000
vn -0.961105 0.193071 0.197485
v -0.206640 0.573901 -0.037984
vt 0.210938 0.312500
vn -0.978210 0.089193 -0.187481
v -0.183453 1.112949 -0.011291
vt 0.210938 0.562500
vn -0.989310 0.036067 -0.141297
v -0.166567 1.974257 0.011040
vt 0.210938 1.000000
vn -0.998770 0.020399 -0.045199
v -0.211798 0.573124 0.019175
vt 0.250000 0.312500
vn -0.993476 0.071784 0.088616
v -0.247714 0.182416 -0.003189
vt 0.250000 0.093750
vn -0.978725 0.144072 0.146085
v -0.236888 0.181068 0.069091
vt 0.296875 0.093750
vn -0.953293 0.129082 0.273076
v -0.277994 -0.100000 0.074456
vt 0.296875 0.000000
vn -0.950674 0.173971 0.256814
v -0.183671 1.112178 0.038510
vt 0.250000 0.562500
vn -0.991390 0.034477 0.126321
v -0.162664 1.974267 0.056654
vt 0.250000 1.000000
vn -0.977676 0.019793 0.209182
v -0.200827 0.572150 0.076294
vt 0.296875 0.312500
vn -0.946549 0.063781 0.316191
v -0.171283 1.111480 0.086600
vt 0.296875 0.562500
vn -0.925707 0.031993 0.376885
v -0.147361 1.974161 0.099566
vt 0.296875 1.000000
vn -0.891874 0.018774 0.451894
v -0.122646 1.973951 0.135546
vt 0.335938 1.000000
vn -0.746968 0.017379 0.664633
v -0.176698 0.571385 0.126686
vt 0.335938 0.312500
vn -0.854151 0.066797 0.515718
v -0.148027 1.110921 0.128187
vt 0.335938 0.562500
vn -0.799910 0.029765 0.599382
v -0.115810 1.110519 0.161738
vt 0.375000 0.562500
vn -0.622026 0.028180 0.782489
v -0.090391 1.973658 0.163362
vt 0.375000 1.000000
vn -0.552513 0.015676 0.833357
v -0.076540 1.110290 0.185716
vt 0.421875 0.562500
vn -0.398431 0.027182 0.916795
v -0.052468 1.973299 0.181779
vt 0.421875 1.000000
vn -0.316525 0.013796 0.948484
v -0.010749 1.972888 0.189565
vt 0.460938 1.000000
vn -0.049612 0.011792 0.998699
v -0.209206 0.180009 0.133669
vt 0.335938 0.093750
vn -0.911258 0.146970 0.384720
v -0.262187 -0.100000 0.166793
vt 0.335938 0.000000
vn -0.930493 0.203510 0.304574
v -0.141524 0.570851 0.168407
vt 0.375000 0.312500
vn -0.691594 0.075786 0.718299
v -0.182101 0.179172 0.194911
vt 0.375000 0.093750
vn -0.748839 0.179675 0.637932
v -0.238105 -0.100000 0.242954
vt 0.375000 0.000000
vn -0.759975 0.244988 0.602012
v -0.169910 -0.100000 0.286622
vt 0.421875 0.000000
vn -0.373013 0.233182 0.898046
v -0.097423 0.570569 0.199514
vt 0.421875 0.312500
vn -0.423200 0.071568 0.903205
v -0.127783 0.178800 0.234016
vt 0.421875 0.093750
vn -0.386825 0.169871 0.906372
v -0.076569 -0.100000 0.305530
vt 0.460938 0.000000
vn -0.289126 0.222298 0.931123
v -0.060320 0.178898 0.243823
vt 0.460938 0.093750
vn -0.264707 0.156771 0.951500
v 0.008404 -0.100000 0.345869
vt 0.500000 0.000000
vn -0.124323 0.254178 0.959134
v 0.004127 0.179177 0.270766
vt 0.500000 0.093750
vn -0.090530 0.185597 0.978447
v -0.046507 0.570562 0.218065
vt 0.460938 0.312500
vn -0.211245 0.066795 0.975148
v 0.009109 0.570850 0.222117
vt 0.500000 0.312500
vn 0.031496 0.077585 0.996488
v -0.032124 1.110252 0.198589
vt 0.460938 0.562500
vn -0.138011 0.026587 0.990074
v 0.015532 1.110421 0.198820
vt 0.500000 0.562500
vn 0.138887 0.026677 0.989949
v 0.032893 1.972445 0.185485
vt 0.500000 1.000000
vn 0.226178 0.009693 0.974038
v 0.098153 1.107582 -0.121749
vt 0.375000 0.562500
vn 0.569466 0.043045 -0.820887
v 0.136498 0.567357 -0.144936
vt 0.375000 0.312500
vn 0.614841 0.126828 -0.778386
v 0.131290 1.111322 -0.093160
vt 0.335938 0.562500
vn 0.774988 0.041014 -0.630643
v 0.116137 1.971303 -0.097797
vt 0.335938 1.000000
vn 0.732458 0.005238 -0.680792
v 0.083882 1.971597 -0.125612
vt 0.375000 1.000000
vn 0.528840 0.004217 -0.848711
v 0.140852 1.971096 -0.061817
vt 0.296875 1.000000
vn 0.886390 0.005914 -0.462902
v 0.058883 1.114618 -0.140795
vt 0.421875 0.562500
vn 0.322161 0.035734 -0.946010
v 0.045959 1.971954 -0.143437
vt 0.421875 1.000000
vn 0.265919 0.003425 -0.963989
v 0.003886 1.972188 -0.145945
vt 0.460938 1.000000
vn -0.007003 0.003887 -0.999968
v 0.155792 1.113918 -0.055856
vt 0.296875 0.562500
vn 0.925668 0.037616 -0.376462
v 0.156155 1.970988 -0.018905
vt 0.250000 1.000000
vn 0.977306 0.005725 -0.211756
v 0.173220 0.567874 -0.105317
vt 0.335938 0.312500
vn 0.837638 0.116944 -0.533560
v 0.014175 1.117705 -0.151528
vt 0.460938 0.562500
vn 0.063235 0.032735 -0.997462
v -0.042774 1.972453 -0.139037
vt 0.500000 1.000000
vn -0.255025 0.005695 -0.966918
v -0.030756 1.118937 -0.149895
vt 0.500000 0.562500
vn -0.183905 0.029975 -0.982487
v -0.013298 0.569197 -0.180669
vt 0.500000 0.312500
vn -0.147933 0.068898 -0.986595
v 0.040256 0.568645 -0.181673
vt 0.460938 0.312500
vn 0.027708 0.087839 -0.995749
v 0.091686 0.567727 -0.170473
vt 0.421875 0.312500
vn 0.316241 0.117641 -0.941357
v 0.062479 0.190107 -0.225614
vt 0.460938 0.093750
vn -0.082211 0.125288 -0.988708
v -0.007243 0.189833 -0.209173
vt 0.500000 0.093750
vn -0.151513 0.111573 -0.982138
v 0.000020 -0.100000 -0.251724
vt 0.500000 0.000000
vn -0.155806 0.136878 -0.978258
v 0.089523 -0.100000 -0.269660
vt 0.460938 0.000000
vn -0.110514 0.133885 -0.984816
v 0.125407 0.190270 -0.231131
vt 0.421875 0.093750
vn 0.216154 0.168412 -0.961725
v 0.169988 -0.100000 -0.267471
vt 0.421875 0.000000
vn 0.176313 0.176434 -0.968393
v 0.179139 0.189933 -0.199084
vt 0.375000 0.093750
vn 0.619423 0.207538 -0.757129
v 0.238187 -0.100000 -0.254733
vt 0.375000 0.000000
vn 0.615645 0.238743 -0.750988
v 0.221123 0.189195 -0.144763
vt 0.335938 0.093750
vn 0.897314 0.188035 -0.399337
v 0.280158 -0.100000 -0.177816
vt 0.335938 0.000000
vn 0.919782 0.216824 -0.327090
v 0.191786 0.571289 -0.058473
vt 0.296875 0.312500
vn 0.973219 0.093309 -0.210091
v 0.239739 0.188072 -0.075228
vt 0.296875 0.093750
vn 0.988564 0.143494 -0.046375
v 0.278864 -0.100000 -0.078479
vt 0.296875 0.000000
vn 0.986604 0.162568 0.013537
v 0.224912 0.186609 -0.001338
vt 0.250000 0.093750
vn 0.992819 0.119581 0.003149
v 0.272929 -0.100000 0.007507
vt 0.250000 0.000000
vn 0.988703 0.148800 0.018038
v 0.236316 0.185188 0.069876
vt 0.210938 0.093750
vn 0.991410 0.130789 0.000428
v 0.274982 -0.100000 0.082674
vt 0.210938 0.000000
vn 0.984966 0.160507 -0.063867
v 0.194633 0.572994 -0.006990
vt 0.250000 0.312500
vn 0.995593 0.072505 -0.059480
v 0.168926 1.114194 -0.009342
vt 0.250000 0.562500
vn 0.989979 0.033219 -0.137249
v 0.160059 1.970999 0.026709
vt 0.210938 1.000000
vn 0.998940 0.005174 0.045736
v 0.168707 1.113423 0.040458
vt 0.210938 0.562500
vn 0.993355 0.033678 0.110057
v 0.152610 1.971121 0.070312
vt 0.164062 1.000000
vn 0.955996 0.005072 0.293335
v 0.199744 0.574032 0.054902
vt 0.210938 0.312500
vn 0.992236 0.077877 0.096967
v 0.156392 1.112661 0.086873
vt 0.164062 0.562500
vn 0.926109 0.033270 0.375786
v 0.133448 1.111944 0.127910
vt 0.125000 0.562500
vn 0.806276 0.030562 0.590749
v 0.134989 1.971340 0.109948
vt 0.125000 1.000000
vn 0.853874 0.005495 0.520451
v 0.181873 0.573999 0.102773
vt 0.164062 0.312500
vn 0.906794 0.090088 0.411835
v 0.151909 0.573125 0.148700
vt 0.125000 0.312500
vn 0.761891 0.090993 0.641282
v 0.101345 1.111307 0.161575
vt 0.085938 0.562500
vn 0.630765 0.028660 0.775445
v 0.108376 1.971644 0.143660
vt 0.085938 1.000000
vn 0.695358 0.006394 0.718635
v 0.226782 0.183771 0.130544
vt 0.164062 0.093750
vn 0.923490 0.176494 0.340612
v 0.290918 -0.100000 0.171747
vt 0.164062 0.000000
vn 0.926721 0.230077 0.297075
v 0.187069 0.182333 0.186685
vt 0.125000 0.093750
vn 0.722895 0.196394 0.662459
v 0.238218 -0.100000 0.243004
vt 0.125000 0.000000
vn 0.700931 0.259394 0.664388
v 0.111988 0.572192 0.185450
vt 0.085938 0.312500
vn 0.574499 0.087773 0.813785
v 0.135091 0.181039 0.230548
vt 0.085938 0.093750
vn 0.534275 0.196671 0.822113
v 0.170025 -0.100000 0.298071
vt 0.085938 0.000000
vn 0.515683 0.262474 0.815584
v 0.073296 0.179963 0.259464
vt 0.046875 0.093750
vn 0.295457 0.196891 0.934847
v 0.097907 -0.100000 0.333291
vt 0.046875 0.000000
vn 0.282055 0.265151 0.922030
v 0.004127 0.179177 0.270766
vt 0.000000 0.093750
vn -0.090530 0.185597 0.978447
v 0.008404 -0.100000 0.345869
vt 0.000000 0.000000
vn -0.124323 0.254178 0.959134
v 0.063768 0.571416 0.210659
vt 0.046875 0.312500
vn 0.338268 0.084967 0.937206
v 0.009109 0.570850 0.222117
vt 0.000000 0.312500
vn 0.031496 0.077585 0.996488
v 0.015532 1.110421 0.198820
vt 0.000000 0.562500
vn 0.138887 0.026677 0.989949
v 0.061550 1.110788 0.185876
vt 0.046875 0.562500
vn 0.403566 0.027493 0.914537
v 0.073951 1.972016 0.169491
vt 0.046875 1.000000
vn 0.482361 0.007859 0.875937
v 0.032893 1.972445 0.185485
vt 0.000000 1.000000
vn 0.226178 0.009693 0.974038
v 0.148228 6.665142 -0.047170
vt 0.765625 2.062500
vn 0.754632 -0.003842 -0.656137
v 0.178539 6.664684 0.014929
vt 0.679688 2.062500
vn 0.979670 -0.006519 -0.200508
v 0.146943 7.679053 -0.052568
vt 0.765625 2.500000
vn 0.682711 0.002203 -0.730686
v 0.180884 7.678842 0.001675
vt 0.679688 2.500000
vn 0.954575 0.000421 -0.297970
v 0.172029 8.573997 -0.006410
vt 0.679688 2.906250
vn 0.921881 0.008121 -0.387387
v 0.184391 7.678951 0.064500
vt 0.585938 2.500000
vn 0.980231 0.000990 0.197853
v 0.175361 6.664904 0.082538
vt 0.585938 2.062500
vn 0.955234 -0.005233 0.295804
v 0.173487 5.721162 0.029223
vt 0.679688 1.656250
vn 0.995739 -0.001030 -0.092206
v 0.148351 5.721524 -0.039657
vt 0.765625 1.656250
vn 0.823327 0.001828 -0.567565
v 0.162810 5.721216 0.099930
vt 0.585938 1.656250
vn 0.916628 -0.001710 0.399737
v 0.180196 4.530134 0.041085
vt 0.679688 1.125000
vn 0.999901 -0.003927 0.013490
v 0.139371 6.665755 0.141229
vt 0.500000 2.062500
vn 0.684290 -0.000410 0.729209
v 0.156715 7.679359 0.122499
vt 0.500000 2.500000
vn 0.756776 0.003863 0.653663
v 0.118601 5.721674 0.157373
vt 0.500000 1.656250
vn 0.595684 0.000064 0.803219
v 0.159913 8.574124 0.107371
vt 0.500000 2.906250
vn 0.816319 0.010867 0.577500
v 0.159616 4.529689 0.113925
vt 0.585938 1.125000
vn 0.869040 -0.007133 0.494691
v 0.105512 4.529883 0.167972
vt 0.500000 1.125000
vn 0.504482 -0.006522 0.863397
v 0.180570 8.574059 0.051270
vt 0.585938 2.906250
vn 0.994455 0.009286 0.104752
v 0.156818 9.417789 0.089728
vt 0.500000 3.281250
vn 0.836307 0.023301 0.547767
v 0.171057 9.417230 0.036396
vt 0.585938 3.281250
vn 0.997875 0.018587 0.062444
v 0.154638 9.801234 0.077788
vt 0.500000 3.437500
vn 0.906078 0.035167 0.421647
v 0.145136 3.890732 0.116606
vt 0.585938 0.843750
vn 0.840528 -0.013136 0.541609
v 0.085563 3.891516 0.167998
vt 0.500000 0.843750
vn 0.454017 -0.009528 0.890942
v 0.158389 9.416652 -0.015710
vt 0.679688 3.281250
vn 0.907533 0.013503 -0.419763
v 0.121519 9.416177 -0.055471
vt 0.765625 3.281250
vn 0.571155 0.009323 -0.820789
v 0.152027 9.799000 -0.023623
vt 0.679688 3.437500
vn 0.830325 0.016321 -0.557041
v 0.137793 10.529655 -0.042932
vt 0.679688 3.757812
vn 0.807390 0.005007 -0.589996
v 0.147784 10.531584 0.049956
vt 0.500000 3.757812
vn 0.922563 0.021480 0.385248
v 0.136938 11.494943 0.028397
vt 0.500000 4.179688
vn 0.956786 0.017775 0.290249
v 0.136113 8.573949 -0.053360
vt 0.765625 2.906250
vn 0.607126 0.007526 -0.794570
v 0.119690 11.494576 -0.053050
vt 0.679688 4.179688
vn 0.742645 0.011427 -0.669588
v 0.118973 12.692942 0.013674
vt 0.500000 4.710938
vn 0.983101 0.025991 0.181211
v 0.091451 7.679538 -0.081494
vt 0.843750 2.500000
vn 0.214044 0.006027 -0.976805
v 0.082435 8.573931 -0.074949
vt 0.843750 2.906250
vn 0.113214 0.007618 -0.993541
v 0.070487 9.415953 -0.070351
vt 0.843750 3.281250
vn 0.075032 0.006618 -0.997159
v 0.027245 8.573946 -0.066023
vt 0.921875 2.906250
vn -0.413200 0.008171 -0.910604
v 0.065387 9.797655 -0.072384
vt 0.843750 3.437500
vn -0.082706 0.005196 -0.996560
v 0.020627 9.416035 -0.057112
vt 0.921875 3.281250
vn -0.456319 0.006190 -0.889795
v -0.017678 8.573993 -0.028486
vt 1.000000 2.906250
vn -0.816336 0.009292 -0.577503
v -0.017419 9.416405 -0.018580
vt 1.000000 3.281250
vn -0.837332 0.008585 -0.546627
v -0.020557 7.680740 -0.042357
vt 1.000000 2.500000
vn -0.755734 0.014876 -0.654710
v -0.017097 9.798569 -0.018865
vt 1.000000 3.437500
vn -0.906988 0.012270 -0.420977
v 0.031341 7.680143 -0.077830
vt 0.921875 2.500000
vn -0.318530 0.010679 -0.947853
v -0.032007 6.668703 -0.056435
vt 1.000000 2.062500
vn -0.684033 0.017377 -0.729244
v 0.054603 10.528424 -0.080612
vt 0.843750 3.757812
vn -0.120775 -0.006081 -0.992661
v -0.017113 10.529142 -0.024731
vt 1.000000 3.757812
vn -0.921121 -0.000760 -0.389276
v 0.042479 11.494161 -0.078294
vt 0.843750 4.179688
vn -0.225047 0.004372 -0.974338
v -0.016108 11.494119 -0.021643
vt 1.000000 4.179688
vn -0.956227 0.003593 -0.292605
v 0.027399 6.667449 -0.088117
vt 0.921875 2.062500
vn -0.215602 0.010274 -0.976427
v 0.025743 5.723011 -0.097019
vt 0.921875 1.656250
vn -0.101024 0.011285 -0.994820
v 0.092079 6.666171 -0.084792
vt 0.843750 2.062500
vn 0.317057 0.002438 -0.948403
v -0.040160 5.723752 -0.070746
vt 1.000000 1.656250
vn -0.597586 0.014976 -0.801665
v 0.093392 5.722211 -0.085863
vt 0.843750 1.656250
vn 0.424346 0.006402 -0.905477
v 0.041462 4.533532 -0.113040
vt 0.921875 1.125000
vn 0.015626 0.016917 -0.999735
v -0.031340 4.534334 -0.094912
vt 1.000000 1.125000
vn -0.502719 0.021095 -0.864192
v 0.111154 4.532379 -0.091540
vt 0.843750 1.125000
vn 0.525188 0.009813 -0.850930
v 0.162861 4.531122 -0.035002
vt 0.765625 1.125000
vn 0.880423 0.002112 -0.474184
v 0.159206 3.892873 -0.036434
vt 0.765625 0.843750
vn 0.904508 -0.000203 -0.426457
v 0.110068 3.895247 -0.098685
vt 0.843750 0.843750
vn 0.571644 0.012733 -0.820403
v 0.039897 3.897626 -0.126280
vt 0.921875 0.843750
vn 0.073019 0.026023 -0.996991
v -0.036331 3.899501 -0.113329
vt 1.000000 0.843750
vn -0.453022 0.035787 -0.890781
v -0.040049 3.563506 -0.122867
vt 1.000000 0.687500
vn -0.358053 0.026586 -0.933323
v 0.037840 3.561705 -0.133066
vt 0.921875 0.687500
vn 0.182151 0.016628 -0.983130
v -0.001094 3.562677 -0.133496
vt 0.960938 0.687500
vn -0.093499 0.022383 -0.995368
v -0.001037 2.795088 -0.145125
vt 0.960938 0.343750
vn -0.063503 0.008391 -0.997946
v -0.042234 2.795657 -0.137564
vt 1.000000 0.343750
vn -0.322723 0.010466 -0.946436
v -0.042774 1.972453 -0.139037
vt 1.000000 0.000000
vn -0.255025 0.005695 -0.966918
v 0.003886 1.972188 -0.145945
vt 0.960938 0.000000
vn -0.007003 0.003887 -0.999968
v 0.039246 2.794530 -0.141238
vt 0.921875 0.343750
vn 0.212550 0.007012 -0.977125
v 0.045959 1.971954 -0.143437
vt 0.921875 0.000000
vn 0.265919 0.003425 -0.963989
v 0.083882 1.971597 -0.125612
vt 0.882812 0.000000
vn 0.528840 0.004217 -0.848711
v 0.076739 2.794010 -0.126918
vt 0.882812 0.343750
vn 0.475194 0.004606 -0.879869
v 0.074877 3.560645 -0.122399
vt 0.882812 0.687500
vn 0.430265 0.011116 -0.902634
v 0.109567 2.793553 -0.103180
vt 0.843750 0.343750
vn 0.686747 0.001641 -0.726894
v 0.116137 1.971303 -0.097797
vt 0.843750 0.000000
vn 0.732458 0.005238 -0.680792
v 0.108141 3.559556 -0.102314
vt 0.843750 0.687500
vn 0.652510 0.005227 -0.757762
v 0.140852 1.971096 -0.061817
vt 0.796875 0.000000
vn 0.886390 0.005914 -0.462902
v 0.135759 3.558496 -0.073633
vt 0.796875 0.687500
vn 0.823808 0.000127 -0.566869
v 0.135853 2.793186 -0.071040
vt 0.796875 0.343750
vn 0.850511 -0.001009 -0.525957
v 0.153721 2.792933 -0.031512
vt 0.757812 0.343750
vn 0.957013 -0.003014 -0.290030
v 0.155853 3.557520 -0.037175
vt 0.757812 0.687500
vn 0.942907 -0.004925 -0.333020
v 0.156155 1.970988 -0.018905
vt 0.757812 0.000000
vn 0.977306 0.005725 -0.211756
v 0.171564 3.891218 0.043244
vt 0.679688 0.843750
vn 0.997705 -0.009722 0.067006
v 0.160956 2.792828 0.011546
vt 0.710938 0.343750
vn 0.999276 -0.004227 -0.037800
v 0.166009 3.556736 0.003542
vt 0.710938 0.687500
vn 0.996217 -0.008425 -0.086495
v 0.160059 1.970999 0.026709
vt 0.710938 0.000000
vn 0.998940 0.005174 0.045736
v 0.165587 3.556214 0.044240
vt 0.671875 0.687500
vn 0.985810 -0.011105 0.167497
v 0.157237 2.792875 0.053650
vt 0.671875 0.343750
vn 0.977255 -0.004536 0.212021
v 0.152610 1.971121 0.070312
vt 0.671875 0.000000
vn 0.955996 0.005072 0.293335
v 0.155371 3.555962 0.082958
vt 0.632812 0.687500
vn 0.916176 -0.012024 0.400595
v 0.143536 2.793059 0.092839
vt 0.632812 0.343750
vn 0.895096 -0.004002 0.445855
v 0.134989 1.971340 0.109948
vt 0.632812 0.000000
vn 0.853874 0.005495 0.520451
v 0.136147 3.555985 0.117736
vt 0.585938 0.687500
vn 0.784047 -0.011518 0.620595
v 0.120825 2.793369 0.127151
vt 0.585938 0.343750
vn 0.755164 -0.002609 0.655531
v 0.108376 1.971644 0.143660
vt 0.585938 0.000000
vn 0.695358 0.006394 0.718635
v 0.108701 3.556290 0.146613
vt 0.539062 0.687500
vn 0.599494 -0.009613 0.800322
v 0.073817 3.556882 0.167628
vt 0.500000 0.687500
vn 0.358186 -0.006438 0.933628
v 0.052257 2.794312 0.173302
vt 0.500000 0.343750
vn 0.312843 0.002374 0.949802
v 0.090075 2.793791 0.154625
vt 0.539062 0.343750
vn 0.558191 -0.000530 0.829712
v 0.073951 1.972016 0.169491
vt 0.539062 0.000000
vn 0.482361 0.007859 0.875937
v 0.032893 1.972445 0.185485
vt 0.500000 0.000000
vn 0.226178 0.009693 0.974038
v -0.147361 1.974161 0.099566
vt 0.796875 0.000000
vn -0.891874 0.018774 0.451894
v -0.162664 1.974267 0.056654
vt 0.757812 0.000000
vn -0.977676 0.019793 0.209182
v -0.125830 2.796784 0.106778
vt 0.796875 0.343750
vn -0.850729 0.017888 0.525301
v -0.122646 1.973951 0.135546
vt 0.843750 0.000000
vn -0.746968 0.017379 0.664633
v -0.099544 2.796416 0.138918
vt 0.843750 0.343750
vn -0.686994 0.015371 0.726501
v -0.066716 2.795959 0.162656
vt 0.882812 0.343750
vn -0.477016 0.012465 0.878806
v -0.090391 1.973658 0.163362
vt 0.882812 0.000000
vn -0.552513 0.015676 0.833357
v -0.074373 3.560831 0.147075
vt 0.843750 0.687500
vn -0.652758 0.014676 0.757424
v -0.029223 2.795439 0.176976
vt 0.921875 0.343750
vn -0.230303 0.009196 0.973076
v -0.052468 1.973299 0.181779
vt 0.921875 0.000000
vn -0.316525 0.013796 0.948484
v -0.041109 3.559742 0.167160
vt 0.882812 0.687500
vn -0.430613 0.008990 0.902492
v 0.011060 2.794881 0.180863
vt 0.960938 0.343750
vn 0.040699 0.005696 0.999155
v -0.004072 3.558683 0.177827
vt 0.921875 0.687500
vn -0.182335 0.003300 0.983231
v -0.010749 1.972888 0.189565
vt 0.960938 0.000000
vn -0.049612 0.011792 0.998699
v 0.032893 1.972445 0.185485
vt 1.000000 0.000000
vn 0.226178 0.009693 0.974038
v 0.052257 2.794312 0.173302
vt 1.000000 0.343750
vn 0.312843 0.002374 0.949802
v 0.034862 3.557710 0.178257
vt 0.960938 0.687500
vn 0.093396 -0.001814 0.995627
v 0.073817 3.556882 0.167628
vt 1.000000 0.687500
vn 0.358186 -0.006438 0.933628
v 0.009335 3.893391 0.180948
vt 0.921875 0.843750
vn -0.071735 -0.000016 0.997424
v 0.085563 3.891516 0.167998
vt 1.000000 0.843750
vn 0.454017 -0.009528 0.890942
v -0.060836 3.895770 0.153353
vt 0.843750 0.843750
vn -0.570612 0.013098 0.821116
v 0.032710 4.530685 0.186100
vt 0.921875 1.125000
vn -0.012305 -0.002121 0.999922
v 0.105512 4.529883 0.167972
vt 1.000000 1.125000
vn 0.504482 -0.006522 0.863397
v -0.036982 4.531838 0.164600
vt 0.843750 1.125000
vn -0.522012 0.004779 0.852925
v -0.101991 3.561892 0.118394
vt 0.796875 0.687500
vn -0.823882 0.020079 0.566406
v 0.052698 5.722416 0.183646
vt 0.921875 1.656250
vn 0.098761 0.004071 0.995103
v 0.118601 5.721674 0.157373
vt 1.000000 1.656250
vn 0.595684 0.000064 0.803219
v -0.014951 5.723216 0.172489
vt 0.843750 1.656250
vn -0.425512 0.008767 0.904910
v 0.079964 6.667009 0.172911
vt 0.921875 2.062500
vn 0.215985 0.007083 0.976371
v 0.139371 6.665755 0.141229
vt 1.000000 2.062500
vn 0.684290 -0.000410 0.729209
v 0.104817 7.679956 0.157971
vt 0.921875 2.500000
vn 0.320373 0.008470 0.947254
v 0.156715 7.679359 0.122499
vt 1.000000 2.500000
vn 0.756776 0.003863 0.653663
v 0.159913 8.574124 0.107371
vt 1.000000 2.906250
vn 0.816319 0.010867 0.577500
v 0.044707 7.680562 0.161636
vt 0.843750 2.500000
vn -0.212128 0.013193 0.977153
v 0.114990 8.574169 0.144908
vt 0.921875 2.906250
vn 0.413679 0.012460 0.910338
v 0.015285 6.668287 0.169586
vt 0.843750 2.062500
vn -0.316509 0.014862 0.948473
v 0.118771 9.418158 0.128260
vt 0.921875 3.281250
vn 0.455586 0.026395 0.889800
v 0.156818 9.417789 0.089728
vt 1.000000 3.281250
vn 0.836307 0.023301 0.547767
v 0.059800 8.574184 0.153834
vt 0.843750 2.906250
vn -0.112236 0.013199 0.993594
v 0.072154 9.802148 0.131308
vt 0.843750 3.437500
vn 0.083175 0.044475 0.995542
v 0.068911 9.418239 0.141499
vt 0.843750 3.281250
vn -0.074934 0.026598 0.996834
v 0.154638 9.801234 0.077788
vt 1.000000 3.437500
vn 0.906078 0.035167 0.421647
v -0.010786 7.681046 0.132709
vt 0.765625 2.500000
vn -0.681741 0.016779 0.731401
v 0.076068 10.532302 0.105837
vt 0.843750 3.757812
vn 0.121388 0.027565 0.992222
v 0.147784 10.531584 0.049956
vt 1.000000 3.757812
vn 0.922563 0.021480 0.385248
v -0.014486 9.800801 0.082546
vt 0.679688 3.437500
vn -0.829154 0.031986 0.558104
v 0.078350 11.494900 0.085048
vt 0.843750 4.179688
vn 0.225600 0.017891 0.974056
v 0.136938 11.494943 0.028397
vt 1.000000 4.179688
vn 0.956786 0.017775 0.290249
v 0.118973 12.692942 0.013674
vt 1.000000 4.710938
vn 0.983101 0.025991 0.181211
v 0.076370 12.692659 0.066790
vt 0.843750 4.710938
vn 0.339283 0.021867 0.940430
v 0.080396 13.844745 0.000148
vt 1.000000 5.210938
vn 0.997150 0.034589 0.067049
v 0.010199 12.692114 0.054445
vt 0.679688 4.710938
vn -0.660034 0.010696 0.751160
v 0.056091 13.844404 0.039260
vt 0.843750 5.210938
vn 0.447830 0.028195 0.893674
v 0.030534 14.949155 0.018812
vt 0.843750 5.695312
vn 0.544455 0.023674 0.838456
v 0.042387 14.949369 -0.006239
vt 1.000000 5.695312
vn 0.998660 0.030428 -0.041851
v 0.020681 15.772634 -0.005383
vt 1.000000 6.062500
vn 0.981093 0.024822 -0.191938
v 0.001139 11.494484 0.059802
vt 0.679688 4.179688
vn -0.743971 0.010397 0.668131
v -0.007122 10.531072 0.068158
vt 0.679688 3.757812
vn -0.809450 0.015795 0.586977
v -0.012189 12.691859 -0.010792
vt 0.500000 4.710938
vn -0.983437 0.004281 -0.181202
v -0.016108 11.494119 -0.021643
vt 0.500000 4.179688
vn -0.956227 0.003593 -0.292605
v -0.009106 13.842596 -0.004998
vt 0.500000 5.210938
vn -0.997699 0.000683 -0.067792
v -0.017113 10.529142 -0.024731
vt 0.500000 3.757812
vn -0.921121 -0.000760 -0.389276
v 0.010939 13.843319 0.036660
vt 0.679688 5.210938
vn -0.568124 0.010759 0.822872
v -0.011222 14.947326 -0.002772
vt 0.500000 5.695312
vn -0.999209 -0.000523 0.039765
v -0.017097 9.798569 -0.018865
vt 0.500000 3.437500
vn -0.906988 0.012270 -0.420977
v 0.003491 14.948121 0.020562
vt 0.679688 5.695312
vn -0.473834 0.008088 0.880577
v -0.031658 9.416963 0.034752
vt 0.585938 3.281250
vn -0.998033 0.013191 -0.061289
v -0.017419 9.416405 -0.018580
vt 0.500000 3.281250
vn -0.837332 0.008585 -0.546627
v -0.017678 8.573993 -0.028486
vt 0.500000 2.906250
vn -0.816336 0.009292 -0.577503
v -0.000557 15.771679 0.012238
vt 0.679688 6.062500
vn -0.453041 0.006577 0.891465
v -0.010231 15.771018 -0.000503
vt 0.500000 6.062500
vn -0.992966 0.001886 0.118381
v -0.008315 16.313246 0.001749
vt 0.679688 6.312500
vn -0.977249 0.021468 0.211007
v 0.015034 15.772494 0.009777
vt 0.843750 6.062500
vn 0.614082 0.021895 0.788938
v 0.007219 16.314728 0.006986
vt 0.750000 6.312500
vn 0.656196 0.018469 0.754365
v -0.007179 16.486393 0.002705
vt 0.679688 6.375000
vn -0.971087 0.005098 0.238670
v 0.003839 16.314342 -0.009637
vt 0.843750 6.312500
vn 0.424134 0.030924 -0.905071
v 0.005022 16.488007 0.006406
vt 0.750000 6.375000
vn 0.713190 0.011376 0.700879
v 0.002023 16.487768 -0.006445
vt 0.843750 6.375000
vn 0.356118 0.020807 -0.934209
v -0.038335 8.574056 0.027615
vt 0.585938 2.906250
vn -0.994490 0.010597 -0.104294
v -0.020557 7.680740 -0.042357
vt 0.500000 2.500000
vn -0.755734 0.014876 -0.654710
v -0.029794 8.574119 0.085295
vt 0.679688 2.906250
vn -0.921512 0.012000 0.388163
v -0.048233 7.681148 0.015642
vt 0.585938 2.500000
vn -0.979964 0.017481 -0.198405
v -0.067997 6.669554 0.002256
vt 0.585938 2.062500
vn -0.955052 0.021983 -0.295623
v -0.032007 6.668703 -0.056435
vt 0.500000 2.062500
vn -0.684033 0.017377 -0.729244
v -0.040160 5.723752 -0.070746
vt 0.500000 1.656250
vn -0.597586 0.014976 -0.801665
v -0.071175 6.669774 0.069865
vt 0.679688 2.062500
vn -0.979361 0.023191 0.200786
v -0.044726 7.681258 0.078467
vt 0.679688 2.500000
vn -0.954304 0.018169 0.298284
v -0.018991 9.417541 0.086858
vt 0.679688 3.281250
vn -0.906804 0.018095 0.421165
v 0.006122 8.574167 0.132245
vt 0.765625 2.906250
vn -0.606219 0.012971 0.795192
v 0.017879 9.418015 0.126619
vt 0.765625 3.281250
vn -0.570521 0.023776 0.820938
v -0.040864 6.669315 0.131964
vt 0.765625 2.062500
vn -0.754119 0.020681 0.656412
v -0.069910 5.723903 0.126283
vt 0.765625 1.656250
vn -0.823321 0.013088 0.567425
v -0.088689 4.533096 0.108062
vt 0.765625 1.125000
vn -0.878977 0.012084 0.476712
v -0.095046 5.724264 0.057404
vt 0.679688 1.656250
vn -0.995531 0.015791 0.093110
v -0.084370 5.724211 -0.013303
vt 0.585938 1.656250
vn -0.917230 0.016460 -0.398019
v -0.106024 4.534084 0.031976
vt 0.679688 1.125000
vn -0.999764 0.018072 -0.012022
v -0.085444 4.534528 -0.040864
vt 0.585938 1.125000
vn -0.868729 0.021386 -0.494826
v -0.031340 4.534334 -0.094912
vt 0.500000 1.125000
vn -0.502719 0.021095 -0.864192
v -0.109974 3.898144 0.091102
vt 0.765625 0.843750
vn -0.903881 0.025773 0.427006
v -0.036331 3.899501 -0.113329
vt 0.500000 0.843750
vn -0.453022 0.035787 -0.890781
v -0.095904 3.900285 -0.061938
vt 0.585938 0.843750
vn -0.839813 0.038477 -0.541511
v -0.122331 3.899799 0.011425
vt 0.679688 0.843750
vn -0.997171 0.034665 -0.066698
v -0.122085 3.562868 0.081936
vt 0.757812 0.687500
vn -0.942816 0.024493 0.332412
v -0.132241 3.563652 0.041219
vt 0.710938 0.687500
vn -0.995900 0.028099 0.085991
v -0.143698 2.797036 0.067250
vt 0.757812 0.343750
vn -0.957012 0.019686 0.289381
v -0.150933 2.797141 0.024192
vt 0.710938 0.343750
vn -0.999088 0.020793 0.037279
v -0.166567 1.974257 0.011040
vt 0.710938 0.000000
vn -0.998770 0.020399 -0.045199
v -0.131819 3.564173 0.000521
vt 0.671875 0.687500
vn -0.985333 0.030268 -0.167936
v -0.121603 3.564425 -0.038197
vt 0.632812 0.687500
vn -0.915625 0.031468 -0.400799
v -0.147214 2.797095 -0.017912
vt 0.671875 0.343750
vn -0.976953 0.021168 -0.212403
v -0.159118 1.974133 -0.032563
vt 0.671875 0.000000
vn -0.956197 0.020678 -0.291994
v -0.133513 2.796910 -0.057101
vt 0.632812 0.343750
vn -0.894342 0.020783 -0.446901
v -0.141497 1.973913 -0.072198
vt 0.632812 0.000000
vn -0.836939 0.019096 -0.546963
v -0.102379 3.564403 -0.072975
vt 0.585938 0.687500
vn -0.783501 0.031456 -0.620593
v -0.110802 2.796601 -0.091412
vt 0.585938 0.343750
vn -0.741126 0.018558 -0.671109
v -0.114884 1.973608 -0.105318
vt 0.585938 0.000000
vn -0.634570 0.013967 -0.772739
v -0.079632 1.973067 -0.123492
vt 0.539062 0.000000
vn -0.449332 0.008494 -0.893324
v -0.074933 3.564098 -0.101852
vt 0.539062 0.687500
vn -0.599155 0.029964 -0.800072
v -0.040049 3.563506 -0.122867
vt 0.500000 0.687500
vn -0.358053 0.026586 -0.933323
v -0.080052 2.796179 -0.118887
vt 0.539062 0.343750
vn -0.544009 0.014371 -0.838956
v -0.042234 2.795657 -0.137564
vt 0.500000 0.343750
vn -0.322723 0.010466 -0.946436
v -0.042774 1.972453 -0.139037
vt 0.500000 0.000000
vn -0.255025 0.005695 -0.966918
v 0.015191 13.842935 -0.044109
vt 0.843750 5.210938
vn -0.447520 0.008281 -0.894236
v 0.030410 12.692142 -0.063906
vt 0.843750 4.710938
vn -0.337229 0.009592 -0.941374
v 0.060347 13.844019 -0.041517
vt 0.679688 5.210938
vn 0.567683 0.025540 -0.822851
v 0.027675 14.948574 -0.029577
vt 0.679688 5.695312
vn 0.470842 0.022923 -0.881920
v -0.012189 12.691859 -0.010792
vt 1.000000 4.710938
vn -0.983437 0.004281 -0.181202
v -0.009106 13.842596 -0.004998
vt 1.000000 5.210938
vn -0.997699 0.000683 -0.067792
v 0.000627 14.947540 -0.027828
vt 0.843750 5.695312
vn -0.545436 0.007087 -0.838122
v -0.011222 14.947326 -0.002772
vt 1.000000 5.695312
vn -0.999209 -0.000523 0.039765
v -0.010231 15.771018 -0.000503
vt 1.000000 6.062500
vn -0.992966 0.001886 0.118381
v 0.096581 12.692688 -0.051565
vt 0.679688 4.710938
vn 0.661722 0.020403 -0.749472
v 0.080396 13.844745 0.000148
vt 0.500000 5.210938
vn 0.997150 0.034589 0.067049
v 0.042387 14.949369 -0.006239
vt 0.500000 5.695312
vn 0.998660 0.030428 -0.041851
v 0.020681 15.772634 -0.005383
vt 0.500000 6.062500
vn 0.981093 0.024822 -0.191938
v 0.011004 15.771973 -0.018127
vt 0.679688 6.062500
vn 0.329815 0.022708 -0.943772
v 0.003839 16.314342 -0.009637
vt 0.679688 6.312500
vn 0.424134 0.030924 -0.905071
v -0.004591 15.771158 -0.015665
vt 0.843750 6.062500
vn -0.670229 0.009983 -0.742087
v -0.008315 16.313246 0.001749
vt 0.843750 6.312500
vn -0.977249 0.021468 0.211007
v 0.002023 16.487768 -0.006445
vt 0.679688 6.375000
vn 0.356118 0.020807 -0.934209
v -0.007179 16.486393 0.002705
vt 0.843750 6.375000
vn -0.971087 0.005098 0.238670
f 3/3/3 2/2/2 1/1/1
f 6/6/6 5/5/5 4/4/4
f 6/6/6 7/7/7 5/5/5
f 8/8/8 7/7/7 6/6/6
f 5/5/5 7/7/7 9/9/9
f 8/8/8 10/10/10 7/7/7
f 7/7/7 10/10/10 9/9/9
f 11/11/11 10/10/10 8/8/8
f 12/12/12 10/10/10 11/11/11
f 13/13/13 9/9/9 10/10/10
f 13/13/13 10/10/10 12/12/12
f 14/14/14 9/9/9 13/13/13
f 15/15/15 13/13/13 12/12/12
f 13/13/13 16/16/16 14/14/14
f 16/16/16 13/13/13 15/15/15
f 16/16/16 17/17/17 14/14/14
f 15/15/15 17/17/17 16/16/16
f 17/17/17 18/18/18 14/14/14
f 19/19/19 17/17/17 15/15/15
f 20/20/20 18/18/18 17/17/17
f 20/20/20 17/17/17 19/19/19
f 20/20/20 21/21/21 18/18/18
f 20/20/20 19/19/19 21/21/21
f 21/21/21 22/22/22 18/18/18
f 21/21/21 19/19/19 23/23/23
f 21/21/21 23/23/23 22/22/22
f 22/22/22 23/23/23 24/24/24
f 22/22/22 24/24/24 25/25/25
f 28/28/28 27/27/27 26/26/26
f 28/28/28 26/26/26 29/29/29
f 29/29/29 26/26/26 30/30/30
f 29/29/29 31/31/31 28/28/28
f 32/32/32 31/31/31 29/29/29
f 33/33/33 31/31/31 32/32/32
f 34/34/34 31/31/31 33/33/33
f 35/35/35 34/34/34 33/33/33
f 36/36/36 34/34/34 35/35/35
f 35/35/35 37/37/37 36/36/36
f 38/38/38 37/37/37 35/35/35
f 38/38/38 39/39/39 37/37/37
f 40/40/40 39/39/39 38/38/38
f 40/40/40 41/41/41 39/39/39
f 42/42/42 41/41/41 40/40/40
f 28/28/28 43/43/43 27/27/27
f 44/44/44 43/43/43 28/28/28
f 27/27/27 43/43/43 45/45/45
f 44/44/44 46/46/46 43/43/43
f 43/43/43 46/46/46 45/45/45
f 47/47/47 46/46/46 44/44/44
f 48/48/48 46/46/46 47/47/47
f 49/49/49 45/45/45 46/46/46
f 49/49/49 46/46/46 48/48/48
f 50/50/50 45/45/45 49/49/49
f 51/51/51 49/49/49 48/48/48
f 49/49/49 52/52/52 50/50/50
f 52/52/52 49/49/49 51/51/51
f 52/52/52 53/53/53 50/50/50
f 52/52/52 51/51/51 53/53/53
f 53/53/53 54/54/54 50/50/50
f 37/37/37 53/53/53 51/51/51
f 55/55/55 54/54/54 53/53/53
f 55/55/55 53/53/53 37/37/37
f 55/55/55 56/56/56 54/54/54
f 55/55/55 37/37/37 56/56/56
f 56/56/56 57/57/57 54/54/54
f 56/56/56 37/37/37 58/58/58
f 56/56/56 58/58/58 57/57/57
f 57/57/57 58/58/58 59/59/59
f 57/57/57 59/59/59 41/41/41
f 62/62/62 61/61/61 60/60/60
f 65/65/65 64/64/64 63/63/63
f 65/65/65 63/63/63 66/66/66
f 66/66/66 63/63/63 67/67/67
f 66/66/66 68/68/68 65/65/65
f 69/69/69 68/68/68 66/66/66
f 70/70/70 68/68/68 69/69/69
f 71/71/71 68/68/68 70/70/70
f 72/72/72 71/71/71 70/70/70
f 73/73/73 71/71/71 72/72/72
f 72/72/72 74/74/74 73/73/73
f 75/75/75 74/74/74 72/72/72
f 75/75/75 76/76/76 74/74/74
f 77/77/77 76/76/76 75/75/75
f 77/77/77 78/78/78 76/76/76
f 79/79/79 78/78/78 77/77/77
f 65/65/65 80/80/80 64/64/64
f 81/81/81 80/80/80 65/65/65
f 64/64/64 80/80/80 82/82/82
f 81/81/81 83/83/83 80/80/80
f 80/80/80 83/83/83 82/82/82
f 84/84/84 83/83/83 81/81/81
f 85/85/85 83/83/83 84/84/84
f 86/86/86 82/82/82 83/83/83
f 86/86/86 83/83/83 85/85/85
f 87/87/87 82/82/82 86/86/86
f 88/88/88 86/86/86 85/85/85
f 86/86/86 89/89/89 87/87/87
f 89/89/89 86/86/86 88/88/88
f 89/89/89 90/90/90 87/87/87
f 88/88/88 90/90/90 89/89/89
f 90/90/90 91/91/91 87/87/87
f 74/74/74 90/90/90 88/88/88
f 92/92/92 91/91/91 90/90/90
f 92/92/92 90/90/90 74/74/74
f 92/92/92 93/93/93 91/91/91
f 92/92/92 74/74/74 93/93/93
f 93/93/93 94/94/94 91/91/91
f 93/93/93 74/74/74 95/95/95
f 93/93/93 95/95/95 94/94/94
f 94/94/94 95/95/95 96/96/96
f 94/94/94 96/96/96 78/78/78
f 99/99/99 98/98/98 97/97/97
f 98/98/98 100/100/100 97/97/97
f 97/97/97 100/100/100 101/101/101
f 102/102/102 97/97/97 101/101/101
f 101/101/101 100/100/100 103/103/103
f 102/102/102 101/101/101 104/104/104
f 104/104/104 101/101/101 103/103/103
f 105/105/105 102/102/102 104/104/104
f 104/104/104 106/106/106 105/105/105
f 104/104/104 103/103/103 107/107/107
f 107/107/107 106/106/106 104/104/104
f 107/107/107 103/103/103 108/108/108
f 107/107/107 109/109/109 106/106/106
f 108/108/108 110/110/110 107/107/107
f 110/110/110 109/109/109 107/107/107
f 109/109/109 110/110/110 111/111/111
f 112/112/112 110/110/110 108/108/108
f 111/111/111 110/110/110 113/113/113
f 112/112/112 113/113/113 110/110/110
f 114/114/114 113/113/113 112/112/112
f 117/117/117 116/116/116 115/115/115
f 118/118/118 115/115/115 116/116/116
f 116/116/116 119/119/119 118/118/118
f 118/118/118 120/120/120 115/115/115
f 117/117/117 115/115/115 121/121/121
f 121/121/121 115/115/115 120/120/120
f 121/121/121 122/122/122 117/117/117
f 120/120/120 123/123/123 121/121/121
f 123/123/123 122/122/122 121/121/121
f 124/124/124 122/122/122 123/123/123
f 125/125/125 124/124/124 123/123/123
f 128/128/128 127/127/127 126/126/126
f 128/128/128 126/126/126 129/129/129
f 129/129/129 126/126/126 130/130/130
f 131/131/131 127/127/127 128/128/128
f 132/132/132 127/127/127 131/131/131
f 128/128/128 133/133/133 131/131/131
f 132/132/132 131/131/131 133/133/133
f 134/134/134 133/133/133 128/128/128
f 133/133/133 135/135/135 132/132/132
f 134/134/134 136/136/136 133/133/133
f 136/136/136 135/135/135 133/133/133
f 137/137/137 136/136/136 134/134/134
f 135/135/135 136/136/136 138/138/138
f 138/138/138 136/136/136 137/137/137
f 135/135/135 138/138/138 139/139/139
f 138/138/138 137/137/137 140/140/140
f 139/139/139 138/138/138 140/140/140
f 141/141/141 140/140/140 137/137/137
f 142/142/142 140/140/140 141/141/141
f 142/142/142 139/139/139 140/140/140
f 143/143/143 142/142/142 141/141/141
f 139/139/139 142/142/142 144/144/144
f 144/144/144 142/142/142 143/143/143
f 139/139/139 144/144/144 145/145/145
f 145/145/145 144/144/144 146/146/146
f 146/146/146 144/144/144 143/143/143
f 147/147/147 145/145/145 146/146/146
f 148/148/148 146/146/146 143/143/143
f 143/143/143 149/149/149 148/148/148
f 150/150/150 146/146/146 148/148/148
f 150/150/150 147/147/147 146/146/146
f 151/151/151 147/147/147 150/150/150
f 154/154/154 153/153/153 152/152/152
f 154/154/154 152/152/152 155/155/155
f 156/156/156 153/153/153 154/154/154
f 156/156/156 154/154/154 155/155/155
f 157/157/157 153/153/153 156/156/156
f 157/157/157 156/156/156 158/158/158
f 156/156/156 155/155/155 158/158/158
f 155/155/155 152/152/152 159/159/159
f 158/158/158 155/155/155 160/160/160
f 161/161/161 158/158/158 160/160/160
f 155/155/155 159/159/159 162/162/162
f 162/162/162 160/160/160 155/155/155
f 162/162/162 161/161/161 160/160/160
f 162/162/162 159/159/159 163/163/163
f 164/164/164 161/161/161 162/162/162
f 162/162/162 163/163/163 164/164/164
f 164/164/164 163/163/163 165/165/165
f 168/168/168 167/167/167 166/166/166
f 171/171/171 170/170/170 169/169/169
f 174/174/174 173/173/173 172/172/172
f 177/177/177 176/176/176 175/175/175
f 177/177/177 175/175/175 178/178/178
f 175/175/175 179/179/179 178/178/178
f 180/180/180 179/179/179 175/175/175
f 178/178/178 179/179/179 181/181/181
f 179/179/179 180/180/180 182/182/182
f 182/182/182 181/181/181 179/179/179
f 183/183/183 181/181/181 182/182/182
f 183/183/183 184/184/184 181/181/181
f 185/185/185 183/183/183 182/182/182
f 183/183/183 186/186/186 184/184/184
f 185/185/185 186/186/186 183/183/183
f 186/186/186 187/187/187 184/184/184
f 186/186/186 185/185/185 188/188/188
f 189/189/189 187/187/187 186/186/186
f 188/188/188 189/189/189 186/186/186
f 190/190/190 189/189/189 188/188/188
f 193/193/193 192/192/192 191/191/191
f 193/193/193 191/191/191 194/194/194
f 195/195/195 194/194/194 191/191/191
f 196/196/196 193/193/193 194/194/194
f 197/197/197 194/194/194 195/195/195
f 194/194/194 198/198/198 196/196/196
f 194/194/194 197/197/197 199/199/199
f 199/199/199 198/198/198 194/194/194
f 200/200/200 199/199/199 197/197/197
f 201/201/201 198/198/198 199/199/199
f 200/200/200 202/202/202 199/199/199
f 201/201/201 199/199/199 203/203/203
f 203/203/203 199/199/199 202/202/202
f 206/206/206 205/205/205 204/204/204
f 206/206/206 204/204/204 207/207/207
f 207/207/207 204/204/204 208/208/208
f 207/207/207 209/209/209 206/206/206
f 210/210/210 209/209/209 207/207/207
f 211/211/211 209/209/209 210/210/210
f 212/212/212 209/209/209 211/211/211
f 213/213/213 212/212/212 211/211/211
f 214/214/214 212/212/212 213/213/213
f 213/213/213 215/215/215 214/214/214
f 216/216/216 215/215/215 213/213/213
f 216/216/216 217/217/217 215/215/215
f 218/218/218 217/217/217 216/216/216
f 218/218/218 219/219/219 217/217/217
f 220/220/220 219/219/219 218/218/218
f 206/206/206 221/221/221 205/205/205
f 222/222/222 221/221/221 206/206/206
f 205/205/205 221/221/221 223/223/223
f 222/222/222 224/224/224 221/221/221
f 221/221/221 224/224/224 223/223/223
f 225/225/225 224/224/224 222/222/222
f 226/226/226 224/224/224 225/225/225
f 227/227/227 223/223/223 224/224/224
f 227/227/227 224/224/224 226/226/226
f 228/228/228 223/223/223 227/227/227
f 229/229/229 227/227/227 226/226/226
f 227/227/227 230/230/230 228/228/228
f 230/230/230 227/227/227 229/229/229
f 230/230/230 231/231/231 228/228/228
f 230/230/230 229/229/229 231/231/231
f 231/231/231 232/232/232 228/228/228
f 215/215/215 231/231/231 229/229/229
f 233/233/233 232/232/232 231/231/231
f 233/233/233 231/231/231 215/215/215
f 233/233/233 234/234/234 232/232/232
f 233/233/233 215/215/215 234/234/234
f 234/234/234 235/235/235 232/232/232
f 234/234/234 215/215/215 236/236/236
f 234/234/234 236/236/236 235/235/235
f 235/235/235 236/236/236 237/237/237
f 235/235/235 237/237/237 219/219/219
f 240/240/240 239/239/239 238/238/238
f 243/243/243 242/242/242 241/241/241
f 241/241/241 244/244/244 243/243/243
f 243/243/243 244/244/244 245/245/245
f 246/246/246 243/243/243 245/245/245
f 244/244/244 247/247/247 245/245/245
f 246/246/246 245/245/245 248/248/248
f 249/249/249 248/248/248 245/245/245
f 245/245/245 247/247/247 249/249/249
f 250/250/250 248/248/248 249/249/249
f 250/250/250 249/249/249 251/251/251
f 249/249/249 247/247/247 252/252/252
f 252/252/252 251/251/251 249/249/249
f 251/251/251 252/252/252 253/253/253
f 252/252/252 247/247/247 254/254/254
f 252/252/252 255/255/255 253/253/253
f 254/254/254 256/256/256 252/252/252
f 256/256/256 255/255/255 252/252/252
f 257/257/257 256/256/256 254/254/254
f 255/255/255 256/256/256 258/258/258
f 256/256/256 257/257/257 259/259/259
f 258/258/258 256/256/256 259/259/259
f 262/262/262 261/261/261 260/260/260
f 260/260/260 263/263/263 262/262/262
f 264/264/264 263/263/263 260/260/260
f 265/265/265 263/263/263 264/264/264
f 260/260/260 266/266/266 264/264/264
f 265/265/265 264/264/264 267/267/267
f 264/264/264 266/266/266 268/268/268
f 267/267/267 264/264/264 269/269/269
f 264/264/264 268/268/268 269/269/269
f 267/267/267 269/269/269 270/270/270
f 271/271/271 269/269/269 268/268/268
f 270/270/270 269/269/269 272/272/272
f 271/271/271 272/272/272 269/269/269
f 275/275/275 274/274/274 273/273/273
f 273/273/273 274/274/274 276/276/276
f 276/276/276 274/274/274 277/277/277
f 278/278/278 273/273/273 276/276/276
f 276/276/276 277/277/277 279/279/279
f 276/276/276 280/280/280 278/278/278
f 279/279/279 280/280/280 276/276/276
f 281/281/281 278/278/278 280/280/280
f 282/282/282 281/281/281 280/280/280
f 279/279/279 283/283/283 280/280/280
f 282/282/282 280/280/280 283/283/283
f 284/284/284 283/283/283 279/279/279
f 283/283/283 285/285/285 282/282/282
f 286/286/286 283/283/283 284/284/284
f 285/285/285 283/283/283 287/287/287
f 288/288/288 283/283/283 286/286/286
f 287/287/287 283/283/283 288/288/288
f 291/291/291 290/290/290 289/289/289
f 289/289/289 292/292/292 291/291/291
f 293/293/293 292/292/292 289/289/289
f 294/294/294 292/292/292 293/293/293
f 289/289/289 295/295/295 293/293/293
f 294/294/294 293/293/293 296/296/296
f 293/293/293 295/295/295 297/297/297
f 296/296/296 293/293/293 298/298/298
f 293/293/293 297/297/297 298/298/298
f 296/296/296 298/298/298 299/299/299
f 300/300/300 298/298/298 297/297/297
f 299/299/299 298/298/298 301/301/301
f 300/300/300 301/301/301 298/298/298
f 304/304/304 303/303/303 302/302/302
f 302/302/302 305/305/305 304/304/304
f 306/306/306 305/305/305 302/302/302
f 307/307/307 305/305/305 306/306/306
f 302/302/302 308/308/308 306/306/306
f 307/307/307 306/306/306 309/309/309
f 306/306/306 308/308/308 310/310/310
f 309/309/309 306/306/306 311/311/311
f 306/306/306 310/310/310 311/311/311
f 309/309/309 311/311/311 312/312/312
f 313/313/313 311/311/311 310/310/310
f 312/312/312 311/311/311 314/314/314
f 313/313/313 314/314/314 311/311/311
f 317/317/317 316/316/316 315/315/315
f 315/315/315 318/318/318 317/317/317
f 319/319/319 318/318/318 315/315/315
f 320/320/320 318/318/318 319/319/319
f 315/315/315 321/321/321 319/319/319
f 320/320/320 319/319/319 322/322/322
f 319/319/319 321/321/321 323/323/323
f 322/322/322 319/319/319 324/324/324
f 319/319/319 323/323/323 324/324/324
f 322/322/322 324/324/324 325/325/325
f 326/326/326 324/324/324 323/323/323
f 325/325/325 324/324/324 327/327/327
f 326/326/326 327/327/327 324/324/324
f 330/330/330 329/329/329 328/328/328
f 330/330/330 328/328/328 331/331/331
f 332/332/332 331/331/331 328/328/328
f 333/333/333 330/330/330 331/331/331
f 334/334/334 331/331/331 332/332/332
f 331/331/331 335/335/335 333/333/333
f 331/331/331 334/334/334 336/336/336
f 336/336/336 335/335/335 331/331/331
f 337/337/337 336/336/336 334/334/334
f 338/338/338 335/335/335 336/336/336
f 337/337/337 339/339/339 336/336/336
f 338/338/338 336/336/336 340/340/340
f 340/340/340 336/336/336 339/339/339
f 343/343/343 342/342/342 341/341/341
f 343/343/343 341/341/341 344/344/344
f 341/341/341 345/345/345 344/344/344
f 346/346/346 345/345/345 341/341/341
f 344/344/344 345/345/345 347/347/347
f 345/345/345 346/346/346 348/348/348
f 348/348/348 347/347/347 345/345/345
f 349/349/349 347/347/347 348/348/348
f 349/349/349 350/350/350 347/347/347
f 351/351/351 349/349/349 348/348/348
f 349/349/349 352/352/352 350/350/350
f 351/351/351 352/352/352 349/349/349
f 352/352/352 353/353/353 350/350/350
f 352/352/352 351/351/351 354/354/354
f 355/355/355 353/353/353 352/352/352
f 354/354/354 355/355/355 352/352/352
f 356/356/356 355/355/355 354/354/354
f 359/359/359 358/358/358 357/357/357
f 359/359/359 357/357/357 360/360/360
f 357/357/357 361/361/361 360/360/360
f 362/362/362 361/361/361 357/357/357
f 360/360/360 361/361/361 363/363/363
f 361/361/361 362/362/362 364/364/364
f 364/364/364 363/363/363 361/361/361
f 365/365/365 363/363/363 364/364/364
f 365/365/365 366/366/366 363/363/363
f 367/367/367 365/365/365 364/364/364
f 365/365/365 368/368/368 366/366/366
f 367/367/367 368/368/368 365/365/365
f 368/368/368 369/369/369 366/366/366
f 368/368/368 367/367/367 370/370/370
f 371/371/371 369/369/369 368/368/368
f 370/370/370 371/371/371 368/368/368
f 372/372/372 371/371/371 370/370/370
f 375/375/375 374/374/374 373/373/373
f 375/375/375 373/373/373 376/376/376
f 373/373/373 377/377/377 376/376/376
f 378/378/378 377/377/377 373/373/373
f 376/376/376 377/377/377 379/379/379
f 377/377/377 378/378/378 380/380/380
f 380/380/380 379/379/379 377/377/377
f 381/381/381 379/379/379 380/380/380
f 381/381/381 382/382/382 379/379/379
f 383/383/383 381/381/381 380/380/380
f 381/381/381 384/384/384 382/382/382
f 383/383/383 384/384/384 381/381/381
f 384/384/384 385/385/385 382/382/382
f 384/384/384 383/383/383 386/386/386
f 387/387/387 385/385/385 384/384/384
f 386/386/386 387/387/387 384/384/384
f 388/388/388 387/387/387 386/386/386
f 391/391/391 390/390/390 389/389/389
f 391/391/391 389/389/389 392/392/392
f 389/389/389 393/393/393 392/392/392
f 394/394/394 393/393/393 389/389/389
f 392/392/392 393/393/393 395/395/395
f 393/393/393 394/394/394 396/396/396
f 396/396/396 395/395/395 393/393/393
f 397/397/397 395/395/395 396/396/396
f 397/397/397 398/398/398 395/395/395
f 399/399/399 397/397/397 396/396/396
f 397/397/397 400/400/400 398/398/398
f 399/399/399 400/400/400 397/397/397
f 400/400/400 401/401/401 398/398/398
f 400/400/400 399/399/399 402/402/402
f 403/403/403 401/401/401 400/400/400
f 402/402/402 403/403/403 400/400/400
f 404/404/404 403/403/403 402/402/402
f 407/407/407 406/406/406 405/405/405
f 405/405/405 408/408/408 407/407/407
f 409/409/409 408/408/408 405/405/405
f 410/410/410 408/408/408 409/409/409
f 405/405/405 411/411/411 409/409/409
f 410/410/410 409/409/409 412/412/412
f 409/409/409 411/411/411 413/413/413
f 412/412/412 409/409/409 414/414/414
f 409/409/409 413/413/413 414/414/414
f 412/412/412 414/414/414 415/415/415
f 416/416/416 414/414/414 413/413/413
f 415/415/415 414/414/414 417/417/417
f 416/416/416 417/417/417 414/414/414
f 420/420/420 419/419/419 418/418/418
f 420/420/420 418/418/418 421/421/421
f 418/418/418 422/422/422 421/421/421
f 423/423/423 422/422/422 418/418/418
f 421/421/421 422/422/422 424/424/424
f 422/422/422 423/423/423 425/425/425
f 425/425/425 424/424/424 422/422/422
f 426/426/426 424/424/424 425/425/425
f 426/426/426 427/427/427 424/424/424
f 428/428/428 426/426/426 425/425/425
f 426/426/426 429/429/429 427/427/427
f 428/428/428 429/429/429 426/426/426
f 429/429/429 430/430/430 427/427/427
f 429/429/429 428/428/428 431/431/431
f 432/432/432 430/430/430 429/429/429
f 431/431/431 432/432/432 429/429/429
f 433/433/433 432/432/432 431/431/431
f 436/436/436 435/435/435 434/434/434
f 436/436/436 434/434/434 437/437/437
f 434/434/434 438/438/438 437/437/437
f 439/439/439 438/438/438 434/434/434
f 437/437/437 438/438/438 440/440/440
f 438/438/438 439/439/439 441/441/441
f 441/441/441 440/440/440 438/438/438
f 442/442/442 440/440/440 441/441/441
f 442/442/442 443/443/443 440/440/440
f 444/444/444 442/442/442 441/441/441
f 442/442/442 445/445/445 443/443/443
f 444/444/444 445/445/445 442/442/442
f 445/445/445 446/446/446 443/443/443
f 445/445/445 444/444/444 447/447/447
f 448/448/448 446/446/446 445/445/445
f 447/447/447 448/448/448 445/445/445
f 449/449/449 448/448/448 447/447/447
f 452/452/452 451/451/451 450/450/450
f 452/452/452 450/450/450 453/453/453
f 450/450/450 454/454/454 453/453/453
f 455/455/455 454/454/454 450/450/450
f 453/453/453 454/454/454 456/456/456
f 454/454/454 455/455/455 457/457/457
f 457/457/457 456/456/456 454/454/454
f 458/458/458 456/456/456 457/457/457
f 458/458/458 459/459/459 456/456/456
f 460/460/460 458/458/458 457/457/457
f 458/458/458 461/461/461 459/459/459
f 460/460/460 461/461/461 458/458/458
f 461/461/461 462/462/462 459/459/459
f 461/461/461 460/460/460 463/463/463
f 464/464/464 462/462/462 461/461/461
f 463/463/463 464/464/464 461/461/461
f 465/465/465 464/464/464 463/463/463
f 468/468/468 467/467/467 466/466/466
f 468/468/468 466/466/466 469/469/469
f 470/470/470 469/469/469 466/466/466
f 471/471/471 468/468/468 469/469/469
f 472/472/472 469/469/469 470/470/470
f 469/469/469 473/473/473 471/471/471
f 469/469/469 472/472/472 474/474/474
f 474/474/474 473/473/473 469/469/469
f 475/475/475 474/474/474 472/472/472
f 476/476/476 473/473/473 474/474/474
f 475/475/475 477/477/477 474/474/474
f 476/476/476 474/474/474 478/478/478
f 478/478/478 474/474/474 477/477/477
f 481/481/481 480/480/480 479/479/479
f 484/484/484 483/483/483 482/482/482
f 487/487/487 486/486/486 485/485/485
f 490/490/490 489/489/489 488/488/488
f 490/490/490 488/488/488 491/491/491
f 488/488/488 492/492/492 491/491/491
f 493/493/493 492/492/492 488/488/488
f 491/491/491 492/492/492 494/494/494
f 492/492/492 493/493/493 495/495/495
f 495/495/495 494/494/494 492/492/492
f 496/496/496 494/494/494 495/495/495
f 496/496/496 497/497/497 494/494/494
f 498/498/498 496/496/496 495/495/495
f 496/496/496 499/499/499 497/497/497
f 498/498/498 499/499/499 496/496/496
f 499/499/499 500/500/500 497/497/497
f 499/499/499 498/498/498 501/501/501
f 502/502/502 500/500/500 499/499/499
f 501/501/501 502/502/502 499/499/499
f 503/503/503 502/502/502 501/501/501
f 506/506/506 505/505/505 504/504/504
f 509/509/509 508/508/508 507/507/507
f 509/509/509 510/510/510 508/508/508
f 511/511/511 510/510/510 509/509/509
f 508/508/508 510/510/510 512/512/512
f 511/511/511 513/513/513 510/510/510
f 510/510/510 513/513/513 512/512/512
f 514/514/514 513/513/513 511/511/511
f 515/515/515 513/513/513 514/514/514
f 516/516/516 512/512/512 513/513/513
f 516/516/516 513/513/513 515/515/515
f 517/517/517 512/512/512 516/516/516
f 518/518/518 516/516/516 515/515/515
f 516/516/516 519/519/519 517/517/517
f 519/519/519 516/516/516 518/518/518
f 519/519/519 520/520/520 517/517/517
f 519/519/519 518/518/518 520/520/520
f 520/520/520 521/521/521 517/517/517
f 522/522/522 520/520/520 518/518/518
f 523/523/523 521/521/521 520/520/520
f 523/523/523 520/520/520 522/522/522
f 523/523/523 524/524/524 521/521/521
f 523/523/523 522/522/522 524/524/524
f 524/524/524 525/525/525 521/521/521
f 524/524/524 522/522/522 526/526/526
f 524/524/524 526/526/526 525/525/525
f 525/525/525 526/526/526 527/527/527
f 525/525/525 527/527/527 528/528/528
f 531/531/531 530/530/530 529/529/529
f 531/531/531 529/529/529 532/532/532
f 532/532/532 529/529/529 533/533/533
f 532/532/532 534/534/534 531/531/531
f 535/535/535 534/534/534 532/532/532
f 536/536/536 534/534/534 535/535/535
f 537/537/537 534/534/534 536/536/536
f 538/538/538 537/537/537 536/536/536
f 539/539/539 537/537/537 538/538/538
f 538/538/538 540/540/540 539/539/539
f 541/541/541 540/540/540 538/538/538
f 541/541/541 542/542/542 540/540/540
f 543/543/543 542/542/542 541/541/541
f 543/543/543 544/544/544 542/542/542
f 545/545/545 544/544/544 543/543/543
f 531/531/531 546/546/546 530/530/530
f 547/547/547 546/546/546 531/531/531
f 530/530/530 546/546/546 548/548/548
f 547/547/547 549/549/549 546/546/546
f 546/546/546 549/549/549 548/548/548
f 550/550/550 549/549/549 547/547/547
f 551/551/551 549/549/549 550/550/550
f 552/552/552 548/548/548 549/549/549
f 552/552/552 549/549/549 551/551/551
f 553/553/553 548/548/548 552/552/552
f 554/554/554 552/552/552 551/551/551
f 552/552/552 555/555/555 553/553/553
f 555/555/555 552/552/552 554/554/554
f 555/555/555 556/556/556 553/553/553
f 554/554/554 556/556/556 555/555/555
f 556/556/556 557/557/557 553/553/553
f 540/540/540 556/556/556 554/554/554
f 558/558/558 557/557/557 556/556/556
f 558/558/558 556/556/556 540/540/540
f 558/558/558 559/559/559 557/557/557
f 558/558/558 540/540/540 559/559/559
f 559/559/559 560/560/560 557/557/557
f 559/559/559 540/540/540 561/561/561
f 559/559/559 561/561/561 560/560/560
f 560/560/560 561/561/561 562/562/562
f 560/560/560 562/562/562 544/544/544
f 565/565/565 564/564/564 563/563/563
f 565/565/565 566/566/566 564/564/564
f 567/567/567 566/566/566 565/565/565
f 564/564/564 566/566/566 568/568/568
f 567/567/567 569/569/569 566/566/566
f 566/566/566 569/569/569 568/568/568
f 570/570/570 569/569/569 567/567/567
f 571/571/571 569/569/569 570/570/570
f 572/572/572 568/568/568 569/569/569
f 572/572/572 569/569/569 571/571/571
f 573/573/573 568/568/568 572/572/572
f 574/574/574 572/572/572 571/571/571
f 572/572/572 575/575/575 573/573/573
f 575/575/575 572/572/572 574/574/574
f 575/575/575 576/576/576 573/573/573
f 574/574/574 576/576/576 575/575/575
f 576/576/576 577/577/577 573/573/573
f 578/578/578 576/576/576 574/574/574
f 579/579/579 577/577/577 576/576/576
f 579/579/579 576/576/576 578/578/578
f 579/579/579 580/580/580 577/577/577
f 579/579/579 578/578/578 580/580/580
f 580/580/580 581/581/581 577/577/577
f 580/580/580 578/578/578 582/582/582
f 580/580/580 582/582/582 581/581/581
f 581/581/581 582/582/582 583/583/583
f 581/581/581 583/583/583 584/584/584
f 587/587/587 586/586/586 585/585/585
f 587/587/587 585/585/585 588/588/588
f 588/588/588 585/585/585 589/589/589
f 588/588/588 590/590/590 587/587/587
f 591/591/591 590/590/590 588/588/588
f 592/592/592 590/590/590 591/591/591
f 593/593/593 590/590/590 592/592/592
f 594/594/594 593/593/593 592/592/592
f 595/595/595 593/593/593 594/594/594
f 594/594/594 596/596/596 595/595/595
f 597/597/597 596/596/596 594/594/594
f 597/597/597 598/598/598 596/596/596
f 599/599/599 598/598/598 597/597/597
f 599/599/599 600/600/600 598/598/598
f 601/601/601 600/600/600 599/599/599
f 587/587/587 602/602/602 586/586/586
f 603/603/603 602/602/602 587/587/587
f 586/586/586 602/602/602 604/604/604
f 603/603/603 605/605/605 602/602/602
f 602/602/602 605/605/605 604/604/604
f 606/606/606 605/605/605 603/603/603
f 607/607/607 605/605/605 606/606/606
f 608/608/608 604/604/604 605/605/605
f 608/608/608 605/605/605 607/607/607
f 609/609/609 604/604/604 608/608/608
f 610/610/610 608/608/608 607/607/607
f 608/608/608 611/611/611 609/609/609
f 611/611/611 608/608/608 610/610/610
f 611/611/611 612/612/612 609/609/609
f 610/610/610 612/612/612 611/611/611
f 612/612/612 613/613/613 609/609/609
f 596/596/596 612/612/612 610/610/610
f 614/614/614 613/613/613 612/612/612
f 614/614/614 612/612/612 596/596/596
f 614/614/614 615/615/615 613/613/613
f 614/614/614 596/596/596 615/615/615
f 615/615/615 616/616/616 613/613/613
f 615/615/615 596/596/596 617/617/617
f 615/615/615 617/617/617 616/616/616
f 616/616/616 617/617/617 618/618/618
f 616/616/616 618/618/618 600/600/600
f 621/621/621 620/620/620 619/619/619
f 621/621/621 622/622/622 620/620/620
f 623/623/623 622/622/622 621/621/621
f 620/620/620 622/622/622 624/624/624
f 623/623/623 625/625/625 622/622/622
f 622/622/622 625/625/625 624/624/624
f 626/626/626 625/625/625 623/623/623
f 627/627/627 625/625/625 626/626/626
f 628/628/628 624/624/624 625/625/625
f 628/628/628 625/625/625 627/627/627
f 629/629/629 624/624/624 628/628/628
f 630/630/630 628/628/628 627/627/627
f 628/628/628 631/631/631 629/629/629
f 631/631/631 628/628/628 630/630/630
f 631/631/631 632/632/632 629/629/629
f 631/631/631 630/630/630 632/632/632
f 632/632/632 633/633/633 629/629/629
f 634/634/634 632/632/632 630/630/630
f 635/635/635 633/633/633 632/632/632
f 635/635/635 632/632/632 634/634/634
f 635/635/635 636/636/636 633/633/633
f 635/635/635 634/634/634 636/636/636
f 636/636/636 637/637/637 633/633/633
f 636/636/636 634/634/634 638/638/638
f 636/636/636 638/638/638 637/637/637
f 637/637/637 638/638/638 639/639/639
f 637/637/637 639/639/639 640/640/640
f 643/643/643 642/642/642 641/641/641
f 646/646/646 645/645/645 644/644/644
f 649/649/649 648/648/648 647/647/647
f 652/652/652 651/651/651 650/650/650
f 655/655/655 654/654/654 653/653/653
f 658/658/658 657/657/657 656/656/656
f 658/658/658 656/656/656 659/659/659
f 660/660/660 659/659/659 656/656/656
f 661/661/661 658/658/658 659/659/659
f 662/662/662 659/659/659 660/660/660
f 659/659/659 663/663/663 661/661/661
f 659/659/659 662/662/662 664/664/664
f 664/664/664 663/663/663 659/659/659
f 665/665/665 664/664/664 662/662/662
f 666/666/666 663/663/663 664/664/664
f 665/665/665 667/667/667 664/664/664
f 666/666/666 664/664/664 668/668/668
f 668/668/668 664/664/664 667/667/667
f 671/671/671 670/670/670 669/669/669
f 671/671/671 669/669/669 672/672/672
f 669/669/669 673/673/673 672/672/672
f 674/674/674 673/673/673 669/669/669
f 672/672/672 673/673/673 675/675/675
f 673/673/673 674/674/674 676/676/676
f 676/676/676 675/675/675 673/673/673
f 677/677/677 675/675/675 676/676/676
f 677/677/677 678/678/678 675/675/675
f 679/679/679 677/677/677 676/676/676
f 677/677/677 680/680/680 678/678/678
f 679/679/679 680/680/680 677/677/677
f 680/680/680 681/681/681 678/678/678
f 680/680/680 679/679/679 682/682/682
f 683/683/683 681/681/681 680/680/680
f 682/682/682 683/683/683 680/680/680
f 684/684/684 683/683/683 682/682/682
f 687/687/687 686/686/686 685/685/685
f 687/687/687 685/685/685 688/688/688
f 688/688/688 689/689/689 687/687/687
f 690/690/690 689/689/689 688/688/688
f 691/691/691 689/689/689 690/690/690
f 692/692/692 689/689/689 691/691/691
f 693/693/693 692/692/692 691/691/691
f 694/694/694 692/692/692 693/693/693
f 693/693/693 695/695/695 694/694/694
f 696/696/696 695/695/695 693/693/693
f 696/696/696 697/697/697 695/695/695
f 698/698/698 697/697/697 696/696/696
f 698/698/698 699/699/699 697/697/697
f 700/700/700 699/699/699 698/698/698
f 687/687/687 701/701/701 686/686/686
f 702/702/702 701/701/701 687/687/687
f 686/686/686 701/701/701 703/703/703
f 702/702/702 704/704/704 701/701/701
f 701/701/701 704/704/704 703/703/703
f 705/705/705 704/704/704 702/702/702
f 706/706/706 704/704/704 705/705/705
f 707/707/707 703/703/703 704/704/704
f 707/707/707 704/704/704 706/706/706
f 708/708/708 703/703/703 707/707/707
f 709/709/709 707/707/707 706/706/706
f 707/707/707 710/710/710 708/708/708
f 710/710/710 707/707/707 709/709/709
f 710/710/710 711/711/711 708/708/708
f 710/710/710 709/709/709 711/711/711
f 711/711/711 712/712/712 708/708/708
f 695/695/695 711/711/711 709/709/709
f 713/713/713 712/712/712 711/711/711
f 713/713/713 711/711/711 695/695/695
f 713/713/713 714/714/714 712/712/712
f 713/713/713 695/695/695 714/714/714
f 714/714/714 715/715/715 712/712/712
f 714/714/714 695/695/695 716/716/716
f 714/714/714 716/716/716 715/715/715
f 715/715/715 716/716/716 717/717/717
f 715/715/715 717/717/717 699/699/699
f 720/720/720 719/719/719 718/718/718
f 720/720/720 718/718/718 721/721/721
f 721/721/721 718/718/718 722/722/722
f 721/721/721 723/723/723 720/720/720
f 724/724/724 723/723/723 721/721/721
f 724/724/724 725/725/725 723/723/723
f 720/720/720 726/726/726 719/719/719
f 727/727/727 726/726/726 720/720/720
f 719/719/719 726/726/726 728/728/728
f 727/727/727 729/729/729 726/726/726
f 726/726/726 729/729/729 728/728/728
f 730/730/730 729/729/729 727/727/727
f 731/731/731 729/729/729 730/730/730
f 732/732/732 728/728/728 729/729/729
f 732/732/732 729/729/729 731/731/731
f 733/733/733 728/728/728 732/732/732
f 734/734/734 732/732/732 731/731/731
f 732/732/732 735/735/735 733/733/733
f 735/735/735 732/732/732 734/734/734
f 735/735/735 736/736/736 733/733/733
f 734/734/734 736/736/736 735/735/735
f 736/736/736 737/737/737 733/733/733
f 738/738/738 736/736/736 734/734/734
f 739/739/739 737/737/737 736/736/736
f 739/739/739 736/736/736 738/738/738
f 739/739/739 740/740/740 737/737/737
f 739/739/739 738/738/738 740/740/740
f 740/740/740 741/741/741 737/737/737
f 740/740/740 738/738/738 742/742/742
f 740/740/740 742/742/742 741/741/741
f 741/741/741 742/742/742 743/743/743
f 741/741/741 743/743/743 744/744/744
f 747/747/747 746/746/746 745/745/745
f 745/745/745 748/748/748 747/747/747
f 749/749/749 748/748/748 745/745/745
f 750/750/750 748/748/748 749/749/749
f 745/745/745 751/751/751 749/749/749
f 750/750/750 749/749/749 752/752/752
f 749/749/749 751/751/751 753/753/753
f 752/752/752 749/749/749 754/754/754
f 749/749/749 753/753/753 754/754/754
f 752/752/752 754/754/754 755/755/755
f 756/756/756 754/754/754 753/753/753
f 755/755/755 754/754/754 757/757/757
f 756/756/756 757/757/757 754/754/754
f 760/760/760 759/759/759 758/758/758
f 760/760/760 758/758/758 761/761/761
f 758/758/758 762/762/762 761/761/761
f 763/763/763 762/762/762 758/758/758
f 761/761/761 762/762/762 764/764/764
f 762/762/762 763/763/763 765/765/765
f 765/765/765 764/764/764 762/762/762
f 766/766/766 764/764/764 765/765/765
f 766/766/766 767/767/767 764/764/764
f 768/768/768 766/766/766 765/765/765
f 766/766/766 769/769/769 767/767/767
f 768/768/768 769/769/769 766/766/766
f 769/769/769 770/770/770 767/767/767
f 769/769/769 768/768/768 771/771/771
f 772/772/772 770/770/770 769/769/769
f 771/771/771 772/772/772 769/769/769
f 773/773/773 772/772/772 771/771/771
f 776/776/776 775/775/775 774/774/774
f 774/774/774 777/777/777 776/776/776
f 778/778/778 777/777/777 774/774/774
f 779/779/779 777/777/777 778/778/778
f 774/774/774 780/780/780 778/778/778
f 779/779/779 778/778/778 781/781/781
f 778/778/778 780/780/780 782/782/782
f 781/781/781 778/778/778 783/783/783
f 778/778/778 782/782/782 783/783/783
f 781/781/781 783/783/783 784/784/784
f 785/785/785 783/783/783 782/782/782
f 784/784/784 783/783/783 786/786/786
f 785/785/785 786/786/786 783/783/783
f 789/789/789 788/788/788 787/787/787
f 789/789/789 787/787/787 790/790/790
f 791/791/791 790/790/790 787/787/787
f 792/792/792 789/789/789 790/790/790
f 793/793/793 790/790/790 791/791/791
f 790/790/790 794/794/794 792/792/792
f 790/790/790 793/793/793 795/795/795
f 795/795/795 794/794/794 790/790/790
f 796/796/796 795/795/795 793/793/793
f 797/797/797 794/794/794 795/795/795
f 796/796/796 798/798/798 795/795/795
f 797/797/797 795/795/795 799/799/799
f 799/799/799 795/795/795 798/798/798
f 802/802/802 801/801/801 800/800/800
f 802/802/802 800/800/800 803/803/803
f 800/800/800 804/804/804 803/803/803
f 805/805/805 804/804/804 800/800/800
f 803/803/803 804/804/804 806/806/806
f 804/804/804 805/805/805 807/807/807
f 807/807/807 806/806/806 804/804/804
f 808/808/808 806/806/806 807/807/807
f 808/808/808 809/809/809 806/806/806
f 810/810/810 808/808/808 807/807/807
f 808/808/808 811/811/811 809/809/809
f 810/810/810 811/811/811 808/808/808
f 811/811/811 812/812/812 809/809/809
f 811/811/811 810/810/810 813/813/813
f 814/814/814 812/812/812 811/811/811
f 813/813/813 814/814/814 811/811/811
f 815/815/815 814/814/814 813/813/813
f 818/818/818 817/817/817 816/816/816
f 818/818/818 816/816/816 819/819/819
f 820/820/820 819/819/819 816/816/816
f 821/821/821 818/818/818 819/819/819
f 822/822/822 819/819/819 820/820/820
f 819/819/819 823/823/823 821/821/821
f 819/819/819 822/822/822 824/824/824
f 824/824/824 823/823/823 819/819/819
f 825/825/825 824/824/824 822/822/822
f 826/826/826 823/823/823 824/824/824
f 825/825/825 827/827/827 824/824/824
f 826/826/826 824/824/824 828/828/828
f 828/828/828 824/824/824 827/827/827
f 831/831/831 830/830/830 829/829/829
f 831/831/831 829/829/829 832/832/832
f 829/829/829 833/833/833 832/832/832
f 834/834/834 833/833/833 829/829/829
f 832/832/832 833/833/833 835/835/835
f 833/833/833 834/834/834 836/836/836
f 836/836/836 835/835/835 833/833/833
f 837/837/837 835/835/835 836/836/836
f 837/837/837 838/838/838 835/835/835
f 839/839/839 837/837/837 836/836/836
f 837/837/837 840/840/840 838/838/838
f 839/839/839 840/840/840 837/837/837
f 840/840/840 841/841/841 838/838/838
f 840/840/840 839/839/839 842/842/842
f 843/843/843 841/841/841 840/840/840
f 842/842/842 843/843/843 840/840/840
f 844/844/844 843/843/843 842/842/842
f 847/847/847 846/846/846 845/845/845
f 845/845/845 848/848/848 847/847/847
f 849/849/849 848/848/848 845/845/845
f 850/850/850 848/848/848 849/849/849
f 845/845/845 851/851/851 849/849/849
f 850/850/850 849/849/849 852/852/852
f 849/849/849 851/851/851 853/853/853
f 852/852/852 849/849/849 854/854/854
f 849/849/849 853/853/853 854/854/854
f 852/852/852 854/854/854 855/855/855
f 856/856/856 854/854/854 853/853/853
f 855/855/855 854/854/854 857/857/857
f 856/856/856 857/857/857 854/854/854
f 860/860/860 859/859/859 858/858/858
f 863/863/863 862/862/862 861/861/861
f 861/861/861 862/862/862 864/864/864
f 864/864/864 862/862/862 865/865/865
f 866/866/866 861/861/861 864/864/864
f 864/864/864 865/865/865 867/867/867
f 864/864/864 868/868/868 866/866/866
f 867/867/867 868/868/868 864/864/864
f 869/869/869 866/866/866 868/868/868
f 870/870/870 869/869/869 868/868/868
f 867/867/867 871/871/871 868/868/868
f 870/870/870 868/868/868 871/871/871
f 872/872/872 871/871/871 867/867/867
f 873/873/873 870/870/870 871/871/871
f 874/874/874 871/871/871 872/872/872
f 873/873/873 871/871/871 875/875/875
f 876/876/876 871/871/871 874/874/874
f 875/875/875 871/871/871 876/876/876
f 879/879/879 878/878/878 877/877/877
f 877/877/877 878/878/878 880/880/880
f 880/880/880 878/878/878 881/881/881
f 882/882/882 877/877/877 880/880/880
f 880/880/880 881/881/881 883/883/883
f 880/880/880 884/884/884 882/882/882
f 883/883/883 884/884/884 880/880/880
f 885/885/885 882/882/882 884/884/884
f 886/886/886 885/885/885 884/884/884
f 883/883/883 887/887/887 884/884/884
f 886/886/886 884/884/884 887/887/887
f 888/888/888 887/887/887 883/883/883
f 889/889/889 886/886/886 887/887/887
f 890/890/890 887/887/887 888/888/888
f 889/889/889 887/887/887 891/891/891
f 892/892/892 887/887/887 890/890/890
f 891/891/891 887/887/887 892/892/892
f 895/895/895 894/894/894 893/893/893
f 893/893/893 894/894/894 896/896/896
f 896/896/896 894/894/894 897/897/897
f 898/898/898 893/893/893 896/896/896
f 896/896/896 897/897/897 899/899/899
f 896/896/896 900/900/900 898/898/898
f 899/899/899 900/900/900 896/896/896
f 901/901/901 898/898/898 900/900/900
f 902/902/902 901/901/901 900/900/900
f 899/899/899 903/903/903 900/900/900
f 902/902/902 900/900/900 903/903/903
f 904/904/904 903/903/903 899/899/899
f 905/905/905 902/902/902 903/903/903
f 906/906/906 903/903/903 904/904/904
f 905/905/905 903/903/903 907/907/907
f 908/908/908 903/903/903 906/906/906
f 907/907/907 903/903/903 908/908/908
f 911/911/911 910/910/910 909/909/909
f 914/914/914 913/913/913 912/912/912
f 912/912/912 915/915/915 914/914/914
f 914/914/914 915/915/915 916/916/916
f 917/917/917 914/914/914 916/916/916
f 917/917/917 916/916/916 918/918/918
f 915/915/915 919/919/919 916/916/916
f 919/919/919 918/918/918 916/916/916
f 920/920/920 918/918/918 919/919/919
f 921/921/921 919/919/919 915/915/915
f 920/920/920 919/919/919 922/922/922
f 919/919/919 921/921/921 923/923/923
f 923/923/923 922/922/922 919/919/919
f 922/922/922 923/923/923 924/924/924
f 923/923/923 921/921/921 925/925/925
f 923/923/923 926/926/926 924/924/924
f 925/925/925 927/927/927 923/923/923
f 927/927/927 926/926/926 923/923/923
f 928/928/928 927/927/927 925/925/925
f 926/926/926 927/927/927 929/929/929
f 927/927/927 928/928/928 930/930/930
f 929/929/929 927/927/927 930/930/930
f 933/933/933 932/932/932 931/931/931
f 936/936/936 935/935/935 934/934/934
f 934/934/934 937/937/937 936/936/936
f 936/936/936 937/937/937 938/938/938
f 939/939/939 936/936/936 938/938/938
f 939/939/939 938/938/938 940/940/940
f 937/937/937 941/941/941 938/938/938
f 941/941/941 940/940/940 938/938/938
f 942/942/942 940/940/940 941/941/941
f 943/943/943 941/941/941 937/937/937
f 942/942/942 941/941/941 944/944/944
f 941/941/941 943/943/943 945/945/945
f 945/945/945 944/944/944 941/941/941
f 944/944/944 945/945/945 946/946/946
f 945/945/945 943/943/943 947/947/947
f 945/945/945 948/948/948 946/946/946
f 947/947/947 949/949/949 945/945/945
f 949/949/949 948/948/948 945/945/945
f 950/950/950 949/949/949 947/947/947
f 948/948/948 949/949/949 951/951/951
f 949/949/949 950/950/950 952/952/952
f 951/951/951 949/949/949 952/952/952
f 955/955/955 954/954/954 953/953/953
f 953/953/953 954/954/954 956/956/956
f 956/956/956 954/954/954 957/957/957
f 958/958/958 953/953/953 956/956/956
f 956/956/956 957/957/957 959/959/959
f 956/956/956 960/960/960 958/958/958
f 959/959/959 960/960/960 956/956/956
f 961/961/961 958/958/958 960/960/960
f 962/962/962 961/961/961 960/960/960
f 959/959/959 963/963/963 960/960/960
f 962/962/962 960/960/960 963/963/963
f 964/964/964 963/963/963 959/959/959
f 965/965/965 962/962/962 963/963/963
f 966/966/966 963/963/963 964/964/964
f 965/965/965 963/963/963 967/967/967
f 968/968/968 963/963/963 966/966/966
f 967/967/967 963/963/963 968/968/968
f 971/971/971 970/970/970 969/969/969
f 974/974/974 973/973/973 972/972/972
f 972/972/972 975/975/975 974/974/974
f 974/974/974 975/975/975 976/976/976
f 977/977/977 974/974/974 976/976/976
f 977/977/977 976/976/976 978/978/978
f 975/975/975 979/979/979 976/976/976
f 979/979/979 978/978/978 976/976/976
f 980/980/980 978/978/978 979/979/979
f 981/981/981 979/979/979 975/975/975
f 980/980/980 979/979/979 982/982/982
f 979/979/979 981/981/981 983/983/983
f 983/983/983 982/982/982 979/979/979
f 982/982/982 983/983/983 984/984/984
f 983/983/983 981/981/981 985/985/985
f 983/983/983 986/986/986 984/984/984
f 985/985/985 987/987/987 983/983/983
f 987/987/987 986/986/986 983/983/983
f 988/988/988 987/987/987 985/985/985
f 986/986/986 987/987/987 989/989/989
f 987/987/987 988/988/988 990/990/990
f 989/989/989 987/987/987 990/990/990
f 993/993/993 992/992/992 991/991/991
f 991/991/991 992/992/992 994/994/994
f 994/994/994 992/992/992 995/995/995
f 996/996/996 991/991/991 994/994/994
f 994/994/994 995/995/995 997/997/997
f 994/994/994 998/998/998 996/996/996
f 997/997/997 998/998/998 994/994/994
f 999/999/999 996/996/996 998/998/998
f 1000/1000/1000 999/999/999 998/998/998
f 997/997/997 1001/1001/1001 998/998/998
f 1000/1000/1000 998/998/998 1001/1001/1001
f 1002/1002/1002 1001/1001/1001 997/997/997
f 1003/1003/1003 1000/1000/1000 1001/1001/1001
f 1004/1004/1004 1001/1001/1001 1002/1002/1002
f 1003/1003/1003 1001/1001/1001 1005/1005/1005
f 1006/1006/1006 1001/1001/1001 1004/1004/1004
f 1005/1005/1005 1001/1001/1001 1006/1006/1006
f 1009/1009/1009 1008/1008/1008 1007/1007/1007
f 1012/1012/1012 1011/1011/1011 1010/1010/1010
f 1010/1010/1010 1013/1013/1013 1012/1012/1012
f 1012/1012/1012 1013/1013/1013 1014/1014/1014
f 1015/1015/1015 1012/1012/1012 1014/1014/1014
f 1015/1015/1015 1014/1014/1014 1016/1016/1016
f 1013/1013/1013 1017/1017/1017 1014/1014/1014
f 1017/1017/1017 1016/1016/1016 1014/1014/1014
f 1018/1018/1018 1016/1016/1016 1017/1017/1017
f 1019/1019/1019 1017/1017/1017 1013/1013/1013
f 1018/1018/1018 1017/1017/1017 1020/1020/1020
f 1017/1017/1017 1019/1019/1019 1021/1021/1021
f 1021/1021/1021 1020/1020/1020 1017/1017/1017
f 1020/1020/1020 1021/1021/1021 1022/1022/1022
f 1021/1021/1021 1019/1019/1019 1023/1023/1023
f 1021/1021/1021 1024/1024/1024 1022/1022/1022
f 1023/1023/1023 1025/1025/1025 1021/1021/1021
f 1025/1025/1025 1024/1024/1024 1021/1021/1021
f 1026/1026/1026 1025/1025/1025 1023/1023/1023
f 1024/1024/1024 1025/1025/1025 1027/1027/1027
f 1025/1025/1025 1026/1026/1026 1028/1028/1028
f 1027/1027/1027 1025/1025/1025 1028/1028/1028
f 1031/1031/1031 1030/1030/1030 1029/1029/1029
f 1029/1029/1029 1032/1032/1032 1031/1031/1031
f 1033/1033/1033 1032/1032/1032 1029/1029/1029
f 1034/1034/1034 1032/1032/1032 1033/1033/1033
f 1029/1029/1029 1035/1035/1035 1033/1033/1033
f 1034/1034/1034 1033/1033/1033 1036/1036/1036
f 1033/1033/1033 1035/1035/1035 1037/1037/1037
f 1036/1036/1036 1033/1033/1033 1038/1038/1038
f 1033/1033/1033 1037/1037/1037 1038/1038/1038
f 1036/1036/1036 1038/1038/1038 1039/1039/1039
f 1040/1040/1040 1038/1038/1038 1037/1037/1037
f 1039/1039/1039 1038/1038/1038 1041/1041/1041
f 1040/1040/1040 1041/1041/1041 1038/1038/1038
f 1044/1044/1044 1043/1043/1043 1042/1042/1042
f 1042/1042/1042 1043/1043/1043 1045/1045/1045
f 1045/1045/1045 1043/1043/1043 1046/1046/1046
f 1047/1047/1047 1042/1042/1042 1045/1045/1045
f 1045/1045/1045 1046/1046/1046 1048/1048/1048
f 1045/1045/1045 1049/1049/1049 1047/1047/1047
f 1048/1048/1048 1049/1049/1049 1045/1045/1045
f 1050/1050/1050 1047/1047/1047 1049/1049/1049
f 1051/1051/1051 1050/1050/1050 1049/1049/1049
f 1048/1048/1048 1052/1052/1052 1049/1049/1049
f 1051/1051/1051 1049/1049/1049 1052/1052/1052
f 1053/1053/1053 1052/1052/1052 1048/1048/1048
f 1054/1054/1054 1051/1051/1051 1052/1052/1052
f 1055/1055/1055 1052/1052/1052 1053/1053/1053
f 1054/1054/1054 1052/1052/1052 1056/1056/1056
f 1057/1057/1057 1052/1052/1052 1055/1055/1055
f 1056/1056/1056 1052/1052/1052 1057/1057/1057
f 1060/1060/1060 1059/1059/1059 1058/1058/1058
f 1063/1063/1063 1062/1062/1062 1061/1061/1061
f 1061/1061/1061 1064/1064/1064 1063/1063/1063
f 1063/1063/1063 1064/1064/1064 1065/1065/1065
f 1066/1066/1066 1063/1063/1063 1065/1065/1065
f 1064/1064/1064 1067/1067/1067 1065/1065/1065
f 1066/1066/1066 1065/1065/1065 1068/1068/1068
f 1069/1069/1069 1068/1068/1068 1065/1065/1065
f 1065/1065/1065 1067/1067/1067 1069/1069/1069
f 1070/1070/1070 1068/1068/1068 1069/1069/1069
f 1070/1070/1070 1069/1069/1069 1071/1071/1071
f 1069/1069/1069 1067/1067/1067 1072/1072/1072
f 1072/1072/1072 1071/1071/1071 1069/1069/1069
f 1071/1071/1071 1072/1072/1072 1073/1073/1073
f 1072/1072/1072 1067/1067/1067 1074/1074/1074
f 1072/1072/1072 1075/1075/1075 1073/1073/1073
f 1074/1074/1074 1076/1076/1076 1072/1072/1072
f 1076/1076/1076 1075/1075/1075 1072/1072/1072
f 1077/1077/1077 1076/1076/1076 1074/1074/1074
f 1075/1075/1075 1076/1076/1076 1078/1078/1078
f 1076/1076/1076 1077/1077/1077 1079/1079/1079
f 1078/1078/1078 1076/1076/1076 1079/1079/1079
f 1082/1082/1082 1081/1081/1081 1080/1080/1080
f 1085/1085/1085 1084/1084/1084 1083/1083/1083
f 1083/1083/1083 1086/1086/1086 1085/1085/1085
f 1085/1085/1085 1086/1086/1086 1087/1087/1087
f 1088/1088/1088 1085/1085/1085 1087/1087/1087
f 1086/1086/1086 1089/1089/1089 1087/1087/1087
f 1088/1088/1088 1087/1087/1087 1090/1090/1090
f 1091/1091/1091 1090/1090/1090 1087/1087/1087
f 1087/1087/1087 1089/1089/1089 1091/1091/1091
f 1092/1092/1092 1090/1090/1090 1091/1091/1091
f 1092/1092/1092 1091/1091/1091 1093/1093/1093
f 1091/1091/1091 1089/1089/1089 1094/1094/1094
f 1094/1094/1094 1093/1093/1093 1091/1091/1091
f 1093/1093/1093 1094/1094/1094 1095/1095/1095
f 1094/1094/1094 1089/1089/1089 1096/1096/1096
f 1094/1094/1094 1097/1097/1097 1095/1095/1095
f 1096/1096/1096 1098/1098/1098 1094/1094/1094
f 1098/1098/1098 1097/1097/1097 1094/1094/1094
f 1099/1099/1099 1098/1098/1098 1096/1096/1096
f 1097/1097/1097 1098/1098/1098 1100/1100/1100
f 1098/1098/1098 1099/1099/1099 1101/1101/1101
f 1100/1100/1100 1098/1098/1098 1101/1101/1101
f 1104/1104/1104 1103/1103/1103 1102/1102/1102
f 1107/1107/1107 1106/1106/1106 1105/1105/1105
f 1105/1105/1105 1108/1108/1108 1107/1107/1107
f 1107/1107/1107 1108/1108/1108 1109/1109/1109
f 1110/1110/1110 1107/1107/1107 1109/1109/1109
f 1108/1108/1108 1111/1111/1111 1109/1109/1109
f 1110/1110/1110 1109/1109/1109 1112/1112/1112
f 1113/1113/1113 1112/1112/1112 1109/1109/1109
f 1109/1109/1109 1111/1111/1111 1113/1113/1113
f 1114/1114/1114 1112/1112/1112 1113/1113/1113
f 1114/1114/1114 1113/1113/1113 1115/1115/1115
f 1113/1113/1113 1111/1111/1111 1116/1116/1116
f 1116/1116/1116 1115/1115/1115 1113/1113/1113
f 1115/1115/1115 1116/1116/1116 1117/1117/1117
f 1116/1116/1116 1111/1111/1111 1118/1118/1118
f 1116/1116/1116 1119/1119/1119 1117/1117/1117
f 1118/1118/1118 1120/1120/1120 1116/1116/1116
f 1120/1120/1120 1119/1119/1119 1116/1116/1116
f 1121/1121/1121 1120/1120/1120 1118/1118/1118
f 1119/1119/1119 1120/1120/1120 1122/1122/1122
f 1120/1120/1120 1121/1121/1121 1123/1123/1123
f 1122/1122/1122 1120/1120/1120 1123/1123/1123
f 1126/1126/1126 1125/1125/1125 1124/1124/1124
f 1129/1129/1129 1128/1128/1128 1127/1127/1127
f 1132/1132/1132 1131/1131/1131 1130/1130/1130
f 1133/1133/1133 1131/1131/1131 1132/1132/1132
f 1134/1134/1134 1133/1133/1133 1132/1132/1132
f 1135/1135/1135 1134/1134/1134 1132/1132/1132
f 1131/1131/1131 1133/1133/1133 1136/1136/1136
f 1131/1131/1131 1137/1137/1137 1130/1130/1130
f 1131/1131/1131 1136/1136/1136 1137/1137/1137
f 1137/1137/1137 1138/1138/1138 1130/1130/1130
f 1130/1130/1130 1138/1138/1138 1139/1139/1139
f 1140/1140/1140 1134/1134/1134 1135/1135/1135
f 1140/1140/1140 1135/1135/1135 1141/1141/1141
f 1134/1134/1134 1142/1142/1142 1133/1133/1133
f 1142/1142/1142 1134/1134/1134 1140/1140/1140
f 1133/1133/1133 1142/1142/1142 1136/1136/1136
f 1141/1141/1141 1143/1143/1143 1140/1140/1140
f 1144/1144/1144 1143/1143/1143 1141/1141/1141
f 1143/1143/1143 1145/1145/1145 1140/1140/1140
f 1140/1140/1140 1145/1145/1145 1142/1142/1142
f 1145/1145/1145 1146/1146/1146 1142/1142/1142
f 1142/1142/1142 1146/1146/1146 1136/1136/1136
f 1146/1146/1146 1147/1147/1147 1136/1136/1136
f 1136/1136/1136 1147/1147/1147 1148/1148/1148
f 1137/1137/1137 1136/1136/1136 1148/1148/1148
f 1137/1137/1137 1148/1148/1148 1138/1138/1138
f 1147/1147/1147 1149/1149/1149 1148/1148/1148
f 1148/1148/1148 1150/1150/1150 1138/1138/1138
f 1148/1148/1148 1149/1149/1149 1150/1150/1150
f 1138/1138/1138 1150/1150/1150 1151/1151/1151
f 1139/1139/1139 1138/1138/1138 1151/1151/1151
f 1150/1150/1150 1149/1149/1149 1152/1152/1152
f 1150/1150/1150 1152/1152/1152 1151/1151/1151
f 1152/1152/1152 1149/1149/1149 1153/1153/1153
f 1151/1151/1151 1154/1154/1154 1139/1139/1139
f 1151/1151/1151 1152/1152/1152 1154/1154/1154
f 1154/1154/1154 1155/1155/1155 1139/1139/1139
f 1154/1154/1154 1152/1152/1152 1155/1155/1155
f 1155/1155/1155 1152/1152/1152 1156/1156/1156
f 1159/1159/1159 1158/1158/1158 1157/1157/1157
f 1160/1160/1160 1158/1158/1158 1159/1159/1159
f 1158/1158/1158 1161/1161/1161 1157/1157/1157
f 1160/1160/1160 649/649/649 1158/1158/1158
f 1162/1162/1162 649/649/649 1160/1160/1160
f 1163/1163/1163 1158/1158/1158 649/649/649
f 1163/1163/1163 649/649/649 647/647/647
f 1164/1164/1164 1161/1161/1161 1158/1158/1158
f 1164/1164/1164 1158/1158/1158 1163/1163/1163
f 1165/1165/1165 1161/1161/1161 1164/1164/1164
f 1166/1166/1166 1164/1164/1164 1163/1163/1163
f 1165/1165/1165 1164/1164/1164 1166/1166/1166
f 1166/1166/1166 1163/1163/1163 647/647/647
f 1167/1167/1167 1161/1161/1161 1165/1165/1165
f 647/647/647 1168/1168/1168 1166/1166/1166
f 1168/1168/1168 1165/1165/1165 1166/1166/1166
f 1169/1169/1169 1167/1167/1167 1165/1165/1165
f 1169/1169/1169 1165/1165/1165 1168/1168/1168
f 1170/1170/1170 1167/1167/1167 1169/1169/1169
f 1171/1171/1171 1169/1169/1169 1168/1168/1168
f 647/647/647 1171/1171/1171 1168/1168/1168
f 647/647/647 648/648/648 1171/1171/1171
f 648/648/648 1172/1172/1172 1171/1171/1171
f 1169/1169/1169 1173/1173/1173 1170/1170/1170
f 1173/1173/1173 1169/1169/1169 1171/1171/1171
f 1171/1171/1171 1172/1172/1172 1173/1173/1173
f 1170/1170/1170 1173/1173/1173 1174/1174/1174
f 1173/1173/1173 1172/1172/1172 1174/1174/1174
f 1174/1174/1174 1172/1172/1172 1175/1175/1175
f 1178/1178/1178 1177/1177/1177 1176/1176/1176
f 1176/1176/1176 1179/1179/1179 1178/1178/1178
f 1178/1178/1178 1179/1179/1179 1180/1180/1180
f 1181/1181/1181 1180/1180/1180 1179/1179/1179
f 1184/1184/1184 1183/1183/1183 1182/1182/1182
f 1185/1185/1185 1183/1183/1183 1184/1184/1184
f 1184/1184/1184 1182/1182/1182 1186/1186/1186
f 1185/1185/1185 1187/1187/1187 1183/1183/1183
f 1188/1188/1188 1187/1187/1187 1185/1185/1185
f 1188/1188/1188 1189/1189/1189 1187/1187/1187
f 1190/1190/1190 1189/1189/1189 1188/1188/1188
f 1187/1187/1187 1189/1189/1189 1191/1191/1191
f 1187/1187/1187 1191/1191/1191 1183/1183/1183
f 1191/1191/1191 1189/1189/1189 1192/1192/1192
f 1192/1192/1192 1193/1193/1193 1191/1191/1191
f 1191/1191/1191 1193/1193/1193 1194/1194/1194
f 1183/1183/1183 1191/1191/1191 1195/1195/1195
f 1191/1191/1191 1194/1194/1194 1195/1195/1195
f 1183/1183/1183 1195/1195/1195 1182/1182/1182
f 1195/1195/1195 1194/1194/1194 1196/1196/1196
f 1195/1195/1195 1196/1196/1196 1197/1197/1197
f 1182/1182/1182 1195/1195/1195 1197/1197/1197
f 1197/1197/1197 1196/1196/1196 1198/1198/1198
f 1197/1197/1197 1199/1199/1199 1182/1182/1182
f 1198/1198/1198 1199/1199/1199 1197/1197/1197
f 1186/1186/1186 1182/1182/1182 1199/1199/1199
f 1186/1186/1186 1199/1199/1199 1200/1200/1200
f 1201/1201/1201 1199/1199/1199 1198/1198/1198
f 1201/1201/1201 1198/1198/1198 1202/1202/1202
f 1200/1200/1200 1199/1199/1199 1203/1203/1203
f 1199/1199/1199 1201/1201/1201 1203/1203/1203
f 1200/1200/1200 1203/1203/1203 1204/1204/1204
f 1201/1201/1201 1202/1202/1202 1205/1205/1205
f 1201/1201/1201 1205/1205/1205 1203/1203/1203
f 1204/1204/1204 1203/1203/1203 1205/1205/1205
f 1205/1205/1205 1202/1202/1202 1206/1206/1206
f 1206/1206/1206 1204/1204/1204 1205/1205/1205
f 1209/1209/1209 1208/1208/1208 1207/1207/1207
f 1208/1208/1208 1209/1209/1209 1210/1210/1210
f 1207/1207/1207 1211/1211/1211 1209/1209/1209
f 1210/1210/1210 1209/1209/1209 1212/1212/1212
f 1210/1210/1210 1212/1212/1212 1213/1213/1213
f 1212/1212/1212 1209/1209/1209 1214/1214/1214
f 1214/1214/1214 1213/1213/1213 1212/1212/1212
f 1209/1209/1209 1211/1211/1211 1214/1214/1214
f 1215/1215/1215 1213/1213/1213 1214/1214/1214
f 1214/1214/1214 1211/1211/1211 1216/1216/1216
f 1216/1216/1216 1215/1215/1215 1214/1214/1214
f 1216/1216/1216 1211/1211/1211 1217/1217/1217
f 1217/1217/1217 1218/1218/1218 1216/1216/1216
f 1215/1215/1215 1219/1219/1219 1213/1213/1213
f 1215/1215/1215 1216/1216/1216 1219/1219/1219
f 1213/1213/1213 1219/1219/1219 1220/1220/1220
f 1220/1220/1220 1219/1219/1219 1221/1221/1221
f 1219/1219/1219 1216/1216/1216 1222/1222/1222
f 1216/1216/1216 1218/1218/1218 1222/1222/1222
f 1221/1221/1221 1219/1219/1219 1223/1223/1223
f 1219/1219/1219 1222/1222/1222 1223/1223/1223
f 1221/1221/1221 1223/1223/1223 1224/1224/1224
f 1224/1224/1224 1223/1223/1223 1225/1225/1225
f 1223/1223/1223 1226/1226/1226 1225/1225/1225
f 1223/1223/1223 1222/1222/1222 1227/1227/1227
f 1222/1222/1222 1218/1218/1218 1227/1227/1227
f 1227/1227/1227 1226/1226/1226 1223/1223/1223
f 1227/1227/1227 1218/1218/1218 1228/1228/1228
f 1227/1227/1227 1228/1228/1228 1226/1226/1226
f 1226/1226/1226 1228/1228/1228 1229/1229/1229
f 1232/1232/1232 1231/1231/1231 1230/1230/1230
f 1233/1233/1233 1231/1231/1231 1232/1232/1232
f 1231/1231/1231 1234/1234/1234 1230/1230/1230
f 1232/1232/1232 1230/1230/1230 1235/1235/1235
f 1230/1230/1230 1234/1234/1234 1236/1236/1236
f 1236/1236/1236 1234/1234/1234 1237/1237/1237
f 1235/1235/1235 1230/1230/1230 1238/1238/1238
f 1235/1235/1235 1238/1238/1238 1239/1239/1239
f 1239/1239/1239 1238/1238/1238 1240/1240/1240
f 1230/1230/1230 1241/1241/1241 1238/1238/1238
f 1238/1238/1238 1241/1241/1241 1240/1240/1240
f 1236/1236/1236 1241/1241/1241 1230/1230/1230
f 1240/1240/1240 1241/1241/1241 1242/1242/1242
f 1237/1237/1237 1243/1243/1243 1236/1236/1236
f 1236/1236/1236 1243/1243/1243 1241/1241/1241
f 1243/1243/1243 1237/1237/1237 1244/1244/1244
f 1244/1244/1244 1245/1245/1245 1243/1243/1243
f 1241/1241/1241 1246/1246/1246 1242/1242/1242
f 1246/1246/1246 1241/1241/1241 1243/1243/1243
f 1242/1242/1242 1246/1246/1246 1247/1247/1247
f 1248/1248/1248 1243/1243/1243 1245/1245/1245
f 1246/1246/1246 1243/1243/1243 1248/1248/1248
f 1246/1246/1246 1248/1248/1248 1247/1247/1247
f 1245/1245/1245 1249/1249/1249 1248/1248/1248
f 1249/1249/1249 1247/1247/1247 1248/1248/1248
f 1252/1252/1252 1251/1251/1251 1250/1250/1250
f 1253/1253/1253 1251/1251/1251 1252/1252/1252
f 1250/1250/1250 1251/1251/1251 1254/1254/1254
f 1253/1253/1253 1252/1252/1252 1255/1255/1255
f 1256/1256/1256 1255/1255/1255 1252/1252/1252
f 1257/1257/1257 1251/1251/1251 1253/1253/1253
f 1257/1257/1257 1253/1253/1253 1255/1255/1255
f 1251/1251/1251 1258/1258/1258 1254/1254/1254
f 1257/1257/1257 1258/1258/1258 1251/1251/1251
f 1254/1254/1254 1259/1259/1259 1250/1250/1250
f 1258/1258/1258 1259/1259/1259 1254/1254/1254
f 1250/1250/1250 1259/1259/1259 1260/1260/1260
f 1258/1258/1258 1261/1261/1261 1259/1259/1259
f 1259/1259/1259 1261/1261/1261 1260/1260/1260
f 1260/1260/1260 1261/1261/1261 1262/1262/1262
f 1263/1263/1263 1257/1257/1257 1255/1255/1255
f 1263/1263/1263 1255/1255/1255 1256/1256/1256
f 1264/1264/1264 1257/1257/1257 1263/1263/1263
f 1265/1265/1265 1263/1263/1263 1256/1256/1256
f 1264/1264/1264 1263/1263/1263 1266/1266/1266
f 1266/1266/1266 1263/1263/1263 1265/1265/1265
f 1264/1264/1264 1266/1266/1266 1267/1267/1267
f 1268/1268/1268 1266/1266/1266 1265/1265/1265
f 1267/1267/1267 1266/1266/1266 1268/1268/1268
f 1269/1269/1269 1267/1267/1267 1268/1268/1268
f 1270/1270/1270 1269/1269/1269 1268/1268/1268
f 1271/1271/1271 1269/1269/1269 1270/1270/1270
f 1274/1274/1274 1273/1273/1273 1272/1272/1272
f 1272/1272/1272 1273/1273/1273 1275/1275/1275
f 1275/1275/1275 1273/1273/1273 1276/1276/1276
f 1275/1275/1275 1277/1277/1277 1272/1272/1272
f 1278/1278/1278 1273/1273/1273 1274/1274/1274
f 1274/1274/1274 1279/1279/1279 1278/1278/1278
f 1272/1272/1272 1277/1277/1277 1280/1280/1280
f 1277/1277/1277 1281/1281/1281 1280/1280/1280
f 1280/1280/1280 1281/1281/1281 1282/1282/1282
f 1280/1280/1280 1283/1283/1283 1272/1272/1272
f 1282/1282/1282 1284/1284/1284 1280/1280/1280
f 1283/1283/1283 1280/1280/1280 1285/1285/1285
f 1280/1280/1280 1284/1284/1284 1285/1285/1285
f 1285/1285/1285 1274/1274/1274 1283/1283/1283
f 1286/1286/1286 1279/1279/1279 1274/1274/1274
f 1274/1274/1274 1285/1285/1285 1286/1286/1286
f 1284/1284/1284 1286/1286/1286 1285/1285/1285
f 1286/1286/1286 1287/1287/1287 1279/1279/1279
f 1288/1288/1288 1287/1287/1287 1286/1286/1286
f 1288/1288/1288 1289/1289/1289 1287/1287/1287
f 1290/1290/1290 1286/1286/1286 1284/1284/1284
f 1290/1290/1290 1288/1288/1288 1286/1286/1286
f 1290/1290/1290 1289/1289/1289 1288/1288/1288
f 1291/1291/1291 1290/1290/1290 1284/1284/1284
f 1291/1291/1291 1289/1289/1289 1290/1290/1290
f 1294/1294/1294 1293/1293/1293 1292/1292/1292
f 1294/1294/1294 1292/1292/1292 1295/1295/1295
f 1296/1296/1296 1293/1293/1293 1294/1294/1294
f 1295/1295/1295 1292/1292/1292 1297/1297/1297
f 1298/1298/1298 1295/1295/1295 1297/1297/1297
f 1298/1298/1298 1297/1297/1297 1299/1299/1299
f 1292/1292/1292 1293/1293/1293 1300/1300/1300
f 1292/1292/1292 1300/1300/1300 1301/1301/1301
f 1292/1292/1292 1301/1301/1301 1297/1297/1297
f 1302/1302/1302 1300/1300/1300 1293/1293/1293
f 1299/1299/1299 1297/1297/1297 1303/1303/1303
f 1297/1297/1297 1301/1301/1301 1303/1303/1303
f 1303/1303/1303 1304/1304/1304 1299/1299/1299
f 1299/1299/1299 1304/1304/1304 1305/1305/1305
f 1303/1303/1303 1306/1306/1306 1304/1304/1304
f 1301/1301/1301 1306/1306/1306 1303/1303/1303
f 1301/1301/1301 1307/1307/1307 1306/1306/1306
f 1302/1302/1302 1307/1307/1307 1301/1301/1301
f 1302/1302/1302 1308/1308/1308 1307/1307/1307
f 1293/1293/1293 1309/1309/1309 1302/1302/1302
f 1309/1309/1309 1308/1308/1308 1302/1302/1302
f 1296/1296/1296 1309/1309/1309 1293/1293/1293
f 1309/1309/1309 1310/1310/1310 1308/1308/1308
f 1311/1311/1311 1309/1309/1309 1296/1296/1296
f 1311/1311/1311 1296/1296/1296 1312/1312/1312
f 1313/1313/1313 1310/1310/1310 1309/1309/1309
f 1309/1309/1309 1311/1311/1311 1313/1313/1313
f 1313/1313/1313 1314/1314/1314 1310/1310/1310
f 1312/1312/1312 1315/1315/1315 1311/1311/1311
f 1311/1311/1311 1315/1315/1315 1313/1313/1313
f 1315/1315/1315 1314/1314/1314 1313/1313/1313
f 1316/1316/1316 1315/1315/1315 1312/1312/1312
f 1316/1316/1316 1314/1314/1314 1315/1315/1315
f 1319/1319/1319 1318/1318/1318 1317/1317/1317
f 1317/1317/1317 1318/1318/1318 1320/1320/1320
f 1320/1320/1320 1318/1318/1318 1321/1321/1321
f 1320/1320/1320 1322/1322/1322 1317/1317/1317
f 1323/1323/1323 1318/1318/1318 1319/1319/1319
f 1319/1319/1319 1324/1324/1324 1323/1323/1323
f 1317/1317/1317 1322/1322/1322 1325/1325/1325
f 1322/1322/1322 1326/1326/1326 1325/1325/1325
f 1325/1325/1325 1326/1326/1326 1327/1327/1327
f 1325/1325/1325 1328/1328/1328 1317/1317/1317
f 1327/1327/1327 1329/1329/1329 1325/1325/1325
f 1328/1328/1328 1325/1325/1325 1330/1330/1330
f 1325/1325/1325 1329/1329/1329 1330/1330/1330
f 1330/1330/1330 1319/1319/1319 1328/1328/1328
f 1331/1331/1331 1324/1324/1324 1319/1319/1319
f 1319/1319/1319 1330/1330/1330 1331/1331/1331
f 1329/1329/1329 1331/1331/1331 1330/1330/1330
f 1331/1331/1331 1332/1332/1332 1324/1324/1324
f 1333/1333/1333 1332/1332/1332 1331/1331/1331
f 1333/1333/1333 1334/1334/1334 1332/1332/1332
f 1335/1335/1335 1331/1331/1331 1329/1329/1329
f 1335/1335/1335 1333/1333/1333 1331/1331/1331
f 1335/1335/1335 1334/1334/1334 1333/1333/1333
f 1336/1336/1336 1335/1335/1335 1329/1329/1329
f 1336/1336/1336 1334/1334/1334 1335/1335/1335
f 1339/1339/1339 1338/1338/1338 1337/1337/1337
f 1338/1338/1338 1339/1339/1339 1340/1340/1340
f 1337/1337/1337 1341/1341/1341 1339/1339/1339
f 1340/1340/1340 1339/1339/1339 1342/1342/1342
f 1340/1340/1340 1342/1342/1342 1343/1343/1343
f 1342/1342/1342 1339/1339/1339 1344/1344/1344
f 1344/1344/1344 1343/1343/1343 1342/1342/1342
f 1339/1339/1339 1341/1341/1341 1344/1344/1344
f 1345/1345/1345 1343/1343/1343 1344/1344/1344
f 1344/1344/1344 1341/1341/1341 1346/1346/1346
f 1346/1346/1346 1345/1345/1345 1344/1344/1344
f 1346/1346/1346 1341/1341/1341 1347/1347/1347
f 1347/1347/1347 1348/1348/1348 1346/1346/1346
f 1345/1345/1345 1349/1349/1349 1343/1343/1343
f 1345/1345/1345 1346/1346/1346 1349/1349/1349
f 1343/1343/1343 1349/1349/1349 1350/1350/1350
f 1350/1350/1350 1349/1349/1349 1351/1351/1351
f 1349/1349/1349 1346/1346/1346 1352/1352/1352
f 1346/1346/1346 1348/1348/1348 1352/1352/1352
f 1351/1351/1351 1349/1349/1349 1353/1353/1353
f 1349/1349/1349 1352/1352/1352 1353/1353/1353
f 1351/1351/1351 1353/1353/1353 1354/1354/1354
f 1354/1354/1354 1353/1353/1353 1355/1355/1355
f 1353/1353/1353 1356/1356/1356 1355/1355/1355
f 1353/1353/1353 1352/1352/1352 1357/1357/1357
f 1352/1352/1352 1348/1348/1348 1357/1357/1357
f 1357/1357/1357 1356/1356/1356 1353/1353/1353
f 1357/1357/1357 1348/1348/1348 1358/1358/1358
f 1357/1357/1357 1358/1358/1358 1356/1356/1356
f 1356/1356/1356 1358/1358/1358 1359/1359/1359
f 1362/1362/1362 1361/1361/1361 1360/1360/1360
f 1363/1363/1363 1361/1361/1361 1362/1362/1362
f 1363/1363/1363 1364/1364/1364 1361/1361/1361
f 1365/1365/1365 1364/1364/1364 1363/1363/1363
f 1366/1366/1366 1364/1364/1364 1365/1365/1365
f 1366/1366/1366 1365/1365/1365 1367/1367/1367
f 1368/1368/1368 1365/1365/1365 1363/1363/1363
f 1367/1367/1367 1365/1365/1365 1368/1368/1368
f 1362/1362/1362 1368/1368/1368 1363/1363/1363
f 1368/1368/1368 1369/1369/1369 1367/1367/1367
f 1368/1368/1368 1362/1362/1362 1369/1369/1369
f 1362/1362/1362 1360/1360/1360 1370/1370/1370
f 1370/1370/1370 1360/1360/1360 1371/1371/1371
f 1369/1369/1369 1362/1362/1362 1372/1372/1372
f 1372/1372/1372 1362/1362/1362 1370/1370/1370
f 1369/1369/1369 1372/1372/1372 1373/1373/1373
f 1370/1370/1370 1374/1374/1374 1372/1372/1372
f 1370/1370/1370 1371/1371/1371 1375/1375/1375
f 1373/1373/1373 1372/1372/1372 1376/1376/1376
f 1376/1376/1376 1372/1372/1372 1374/1374/1374
f 1376/1376/1376 1374/1374/1374 1375/1375/1375
f 1373/1373/1373 1376/1376/1376 1377/1377/1377
f 1375/1375/1375 1371/1371/1371 1378/1378/1378
f 1377/1377/1377 1376/1376/1376 1379/1379/1379
f 1376/1376/1376 1375/1375/1375 1379/1379/1379
f 1380/1380/1380 1377/1377/1377 1379/1379/1379
f 1380/1380/1380 1379/1379/1379 1381/1381/1381
f 1379/1379/1379 1375/1375/1375 1382/1382/1382
f 1375/1375/1375 1378/1378/1378 1382/1382/1382
f 1381/1381/1381 1379/1379/1379 1382/1382/1382
f 1382/1382/1382 1378/1378/1378 1383/1383/1383
f 1382/1382/1382 1383/1383/1383 1381/1381/1381
f 1381/1381/1381 1383/1383/1383 1384/1384/1384
f 1387/1387/1387 1386/1386/1386 1385/1385/1385
f 1387/1387/1387 1385/1385/1385 1388/1388/1388
f 1388/1388/1388 1385/1385/1385 1389/1389/1389
f 1389/1389/1389 1390/1390/1390 1388/1388/1388
f 1388/1388/1388 1390/1390/1390 1391/1391/1391
f 1390/1390/1390 1392/1392/1392 1391/1391/1391
f 1391/1391/1391 1392/1392/1392 1393/1393/1393
f 1393/1393/1393 1394/1394/1394 1391/1391/1391
f 1395/1395/1395 1394/1394/1394 1393/1393/1393
f 1394/1394/1394 1395/1395/1395 1396/1396/1396
f 1397/1397/1397 1391/1391/1391 1394/1394/1394
f 1388/1388/1388 1391/1391/1391 1397/1397/1397
f 1394/1394/1394 1398/1398/1398 1397/1397/1397
f 1399/1399/1399 1397/1397/1397 1398/1398/1398
f 1400/1400/1400 1397/1397/1397 1399/1399/1399
f 1400/1400/1400 1388/1388/1388 1397/1397/1397
f 1387/1387/1387 1388/1388/1388 1400/1400/1400
f 1401/1401/1401 1387/1387/1387 1400/1400/1400
f 1401/1401/1401 1400/1400/1400 1402/1402/1402
f 1403/1403/1403 1401/1401/1401 1402/1402/1402
f 1404/1404/1404 1387/1387/1387 1401/1401/1401
f 1403/1403/1403 1404/1404/1404 1401/1401/1401
f 1404/1404/1404 1386/1386/1386 1387/1387/1387
f 1405/1405/1405 1386/1386/1386 1404/1404/1404
f 1405/1405/1405 1404/1404/1404 1403/1403/1403
f 1406/1406/1406 1386/1386/1386 1405/1405/1405
f 1407/1407/1407 1406/1406/1406 1405/1405/1405
f 1408/1408/1408 1406/1406/1406 1407/1407/1407
f 1407/1407/1407 1405/1405/1405 1409/1409/1409
f 1409/1409/1409 1405/1405/1405 1403/1403/1403
f 1409/1409/1409 1403/1403/1403 1410/1410/1410
f 1410/1410/1410 1403/1403/1403 1411/1411/1411
f 1414/1414/1414 1413/1413/1413 1412/1412/1412
f 1412/1412/1412 1415/1415/1415 1414/1414/1414
f 1416/1416/1416 1415/1415/1415 1412/1412/1412
f 1415/1415/1415 1416/1416/1416 1417/1417/1417
f 1417/1417/1417 1416/1416/1416 1418/1418/1418
f 1419/1419/1419 1415/1415/1415 1417/1417/1417
f 1420/1420/1420 1415/1415/1415 1419/1419/1419
f 1415/1415/1415 1420/1420/1420 1414/1414/1414
f 1414/1414/1414 1420/1420/1420 1421/1421/1421
f 1422/1422/1422 1414/1414/1414 1421/1421/1421
f 1414/1414/1414 1422/1422/1422 1423/1423/1423
f 1423/1423/1423 1413/1413/1413 1414/1414/1414
f 1424/1424/1424 1423/1423/1423 1422/1422/1422
f 1424/1424/1424 1425/1425/1425 1423/1423/1423
f 1426/1426/1426 1413/1413/1413 1423/1423/1423
f 1423/1423/1423 1425/1425/1425 1426/1426/1426
f 1427/1427/1427 1426/1426/1426 1425/1425/1425
f 1428/1428/1428 1413/1413/1413 1426/1426/1426
f 1427/1427/1427 1429/1429/1429 1426/1426/1426
f 1429/1429/1429 1428/1428/1428 1426/1426/1426
f 1430/1430/1430 1428/1428/1428 1429/1429/1429
f 1433/1433/1433 1432/1432/1432 1431/1431/1431
f 1432/1432/1432 1433/1433/1433 1434/1434/1434
f 1431/1431/1431 1435/1435/1435 1433/1433/1433
f 1434/1434/1434 1433/1433/1433 1436/1436/1436
f 1434/1434/1434 1436/1436/1436 1437/1437/1437
f 1436/1436/1436 1433/1433/1433 1438/1438/1438
f 1438/1438/1438 1437/1437/1437 1436/1436/1436
f 1433/1433/1433 1435/1435/1435 1438/1438/1438
f 1439/1439/1439 1437/1437/1437 1438/1438/1438
f 1438/1438/1438 1435/1435/1435 1440/1440/1440
f 1440/1440/1440 1439/1439/1439 1438/1438/1438
f 1440/1440/1440 1435/1435/1435 1441/1441/1441
f 1441/1441/1441 1442/1442/1442 1440/1440/1440
f 1439/1439/1439 1443/1443/1443 1437/1437/1437
f 1439/1439/1439 1440/1440/1440 1443/1443/1443
f 1437/1437/1437 1443/1443/1443 1444/1444/1444
f 1444/1444/1444 1443/1443/1443 1445/1445/1445
f 1443/1443/1443 1440/1440/1440 1446/1446/1446
f 1440/1440/1440 1442/1442/1442 1446/1446/1446
f 1445/1445/1445 1443/1443/1443 1447/1447/1447
f 1443/1443/1443 1446/1446/1446 1447/1447/1447
f 1445/1445/1445 1447/1447/1447 1448/1448/1448
f 1448/1448/1448 1447/1447/1447 1449/1449/1449
f 1447/1447/1447 1450/1450/1450 1449/1449/1449
f 1447/1447/1447 1446/1446/1446 1451/1451/1451
f 1446/1446/1446 1442/1442/1442 1451/1451/1451
f 1451/1451/1451 1450/1450/1450 1447/1447/1447
f 1451/1451/1451 1442/1442/1442 1452/1452/1452
f 1451/1451/1451 1452/1452/1452 1450/1450/1450
f 1450/1450/1450 1452/1452/1452 1453/1453/1453
f 1456/1456/1456 1455/1455/1455 1454/1454/1454
f 1457/1457/1457 1456/1456/1456 1454/1454/1454
f 1458/1458/1458 1456/1456/1456 1457/1457/1457
f 1454/1454/1454 1459/1459/1459 1457/1457/1457
f 1458/1458/1458 1460/1460/1460 1456/1456/1456
f 1461/1461/1461 1460/1460/1460 1458/1458/1458
f 1454/1454/1454 1455/1455/1455 1462/1462/1462
f 1454/1454/1454 1462/1462/1462 1459/1459/1459
f 1455/1455/1455 1463/1463/1463 1462/1462/1462
f 1459/1459/1459 1462/1462/1462 1464/1464/1464
f 1462/1462/1462 1463/1463/1463 1465/1465/1465
f 1465/1465/1465 1464/1464/1464 1462/1462/1462
f 1465/1465/1465 1466/1466/1466 1464/1464/1464
f 1464/1464/1464 1466/1466/1466 1459/1459/1459
f 1459/1459/1459 1466/1466/1466 1467/1467/1467
f 1463/1463/1463 1455/1455/1455 1468/1468/1468
f 1468/1468/1468 1455/1455/1455 1456/1456/1456
f 1463/1463/1463 1468/1468/1468 1469/1469/1469
f 1468/1468/1468 1456/1456/1456 1470/1470/1470
f 1469/1469/1469 1468/1468/1468 1470/1470/1470
f 1460/1460/1460 1470/1470/1470 1456/1456/1456
f 1471/1471/1471 1470/1470/1470 1460/1460/1460
f 1471/1471/1471 1469/1469/1469 1470/1470/1470
f 1472/1472/1472 1471/1471/1471 1460/1460/1460
f 1469/1469/1469 1471/1471/1471 1473/1473/1473
f 1473/1473/1473 1471/1471/1471 1472/1472/1472
f 1469/1469/1469 1473/1473/1473 1474/1474/1474
f 1475/1475/1475 1473/1473/1473 1472/1472/1472
f 1474/1474/1474 1473/1473/1473 1475/1475/1475
f 1476/1476/1476 1474/1474/1474 1475/1475/1475
f 1477/1477/1477 1476/1476/1476 1475/1475/1475
f 1478/1478/1478 1476/1476/1476 1477/1477/1477
f 1475/1475/1475 1479/1479/1479 1477/1477/1477
f 1482/1482/1482 1481/1481/1481 1480/1480/1480
f 1483/1483/1483 1481/1481/1481 1482/1482/1482
f 1484/1484/1484 1483/1483/1483 1482/1482/1482
f 1485/1485/1485 1481/1481/1481 1483/1483/1483
f 1481/1481/1481 1486/1486/1486 1480/1480/1480
f 1485/1485/1485 1486/1486/1486 1481/1481/1481
f 1480/1480/1480 1486/1486/1486 1487/1487/1487
f 1486/1486/1486 1488/1488/1488 1487/1487/1487
f 1488/1488/1488 1486/1486/1486 1485/1485/1485
f 1487/1487/1487 1488/1488/1488 1489/1489/1489
f 1485/1485/1485 1490/1490/1490 1488/1488/1488
f 1490/1490/1490 1489/1489/1489 1488/1488/1488
f 1491/1491/1491 1490/1490/1490 1485/1485/1485
f 1490/1490/1490 1492/1492/1492 1489/1489/1489
f 1491/1491/1491 1492/1492/1492 1490/1490/1490
f 1489/1489/1489 1492/1492/1492 1493/1493/1493
f 1493/1493/1493 1492/1492/1492 1494/1494/1494
f 1492/1492/1492 1491/1491/1491 1495/1495/1495
f 1494/1494/1494 1492/1492/1492 1495/1495/1495
f 1495/1495/1495 1491/1491/1491 1496/1496/1496
f 1497/1497/1497 1494/1494/1494 1495/1495/1495
f 1496/1496/1496 1498/1498/1498 1495/1495/1495
f 1495/1495/1495 1498/1498/1498 1497/1497/1497
f 1496/1496/1496 1499/1499/1499 1498/1498/1498
f 1497/1497/1497 1498/1498/1498 1500/1500/1500
f 1499/1499/1499 1501/1501/1501 1498/1498/1498
f 1498/1498/1498 1501/1501/1501 1500/1500/1500
f 1504/1504/1504 1503/1503/1503 1502/1502/1502
f 1502/1502/1502 1505/1505/1505 1504/1504/1504
f 1504/1504/1504 1505/1505/1505 1506/1506/1506
f 1507/1507/1507 1506/1506/1506 1505/1505/1505
f 1510/1510/1510 1509/1509/1509 1508/1508/1508
f 1509/1509/1509 1511/1511/1511 1508/1508/1508
f 1512/1512/1512 1511/1511/1511 1509/1509/1509
f 480/480/480 1509/1509/1509 1510/1510/1510
f 479/479/479 480/480/480 1510/1510/1510
f 1511/1511/1511 1513/1513/1513 1508/1508/1508
f 1508/1508/1508 1513/1513/1513 1510/1510/1510
f 1514/1514/1514 1513/1513/1513 1511/1511/1511
f 1514/1514/1514 1515/1515/1515 1513/1513/1513
f 1510/1510/1510 1513/1513/1513 1516/1516/1516
f 479/479/479 1510/1510/1510 1516/1516/1516
f 1513/1513/1513 1515/1515/1515 1517/1517/1517
f 1513/1513/1513 1517/1517/1517 1516/1516/1516
f 1515/1515/1515 1518/1518/1518 1517/1517/1517
f 1516/1516/1516 1517/1517/1517 1519/1519/1519
f 479/479/479 1516/1516/1516 1519/1519/1519
f 1517/1517/1517 1518/1518/1518 1520/1520/1520
f 1517/1517/1517 1520/1520/1520 1519/1519/1519
f 1521/1521/1521 1520/1520/1520 1518/1518/1518
f 1519/1519/1519 1520/1520/1520 1522/1522/1522
f 1519/1519/1519 1522/1522/1522 479/479/479
f 1523/1523/1523 1520/1520/1520 1521/1521/1521
f 1520/1520/1520 1523/1523/1523 1522/1522/1522
f 1521/1521/1521 1524/1524/1524 1523/1523/1523
f 1523/1523/1523 1524/1524/1524 1525/1525/1525
f 1522/1522/1522 1523/1523/1523 481/481/481
f 1525/1525/1525 481/481/481 1523/1523/1523
f 1522/1522/1522 481/481/481 479/479/479
f 1526/1526/1526 481/481/481 1525/1525/1525
f 1529/1529/1529 1528/1528/1528 1527/1527/1527
f 1527/1527/1527 1530/1530/1530 1529/1529/1529
f 1529/1529/1529 1530/1530/1530 1531/1531/1531
f 1532/1532/1532 1531/1531/1531 1530/1530/1530
f 1535/1535/1535 1534/1534/1534 1533/1533/1533
f 1128/1128/1128 1534/1534/1534 1535/1535/1535
f 1534/1534/1534 1536/1536/1536 1533/1533/1533
f 1533/1533/1533 1536/1536/1536 1537/1537/1537
f 1537/1537/1537 1538/1538/1538 1533/1533/1533
f 1127/1127/1127 1128/1128/1128 1535/1535/1535
f 1533/1533/1533 1538/1538/1538 1539/1539/1539
f 1533/1533/1533 1539/1539/1539 1535/1535/1535
f 1538/1538/1538 1540/1540/1540 1539/1539/1539
f 1127/1127/1127 1535/1535/1535 1541/1541/1541
f 1535/1535/1535 1539/1539/1539 1541/1541/1541
f 1539/1539/1539 1540/1540/1540 1542/1542/1542
f 1539/1539/1539 1542/1542/1542 1541/1541/1541
f 1540/1540/1540 1543/1543/1543 1542/1542/1542
f 1544/1544/1544 1543/1543/1543 1540/1540/1540
f 1541/1541/1541 1542/1542/1542 1545/1545/1545
f 1127/1127/1127 1541/1541/1541 1545/1545/1545
f 1542/1542/1542 1543/1543/1543 1545/1545/1545
f 1546/1546/1546 1543/1543/1543 1544/1544/1544
f 1545/1545/1545 1547/1547/1547 1127/1127/1127
f 1545/1545/1545 1543/1543/1543 1547/1547/1547
f 1547/1547/1547 1129/1129/1129 1127/1127/1127
f 1543/1543/1543 1548/1548/1548 1547/1547/1547
f 1548/1548/1548 1543/1543/1543 1546/1546/1546
f 1547/1547/1547 1548/1548/1548 1129/1129/1129
f 1548/1548/1548 1546/1546/1546 1549/1549/1549
f 1549/1549/1549 1129/1129/1129 1548/1548/1548
f 1549/1549/1549 1546/1546/1546 1550/1550/1550
f 1551/1551/1551 1129/1129/1129 1549/1549/1549
f 1554/1554/1554 1553/1553/1553 1552/1552/1552
f 1553/1553/1553 1554/1554/1554 1555/1555/1555
f 1552/1552/1552 1556/1556/1556 1554/1554/1554
f 1555/1555/1555 1554/1554/1554 1557/1557/1557
f 1555/1555/1555 1557/1557/1557 1558/1558/1558
f 1557/1557/1557 1554/1554/1554 1559/1559/1559
f 1559/1559/1559 1558/1558/1558 1557/1557/1557
f 1554/1554/1554 1556/1556/1556 1559/1559/1559
f 1560/1560/1560 1558/1558/1558 1559/1559/1559
f 1559/1559/1559 1556/1556/1556 1561/1561/1561
f 1561/1561/1561 1560/1560/1560 1559/1559/1559
f 1561/1561/1561 1556/1556/1556 1562/1562/1562
f 1562/1562/1562 1563/1563/1563 1561/1561/1561
f 1560/1560/1560 1564/1564/1564 1558/1558/1558
f 1560/1560/1560 1561/1561/1561 1564/1564/1564
f 1558/1558/1558 1564/1564/1564 1565/1565/1565
f 1565/1565/1565 1564/1564/1564 1566/1566/1566
f 1564/1564/1564 1561/1561/1561 1567/1567/1567
f 1561/1561/1561 1563/1563/1563 1567/1567/1567
f 1566/1566/1566 1564/1564/1564 1568/1568/1568
f 1564/1564/1564 1567/1567/1567 1568/1568/1568
f 1566/1566/1566 1568/1568/1568 1569/1569/1569
f 1569/1569/1569 1568/1568/1568 1570/1570/1570
f 1568/1568/1568 1571/1571/1571 1570/1570/1570
f 1568/1568/1568 1567/1567/1567 1572/1572/1572
f 1567/1567/1567 1563/1563/1563 1572/1572/1572
f 1572/1572/1572 1571/1571/1571 1568/1568/1568
f 1572/1572/1572 1563/1563/1563 1573/1573/1573
f 1572/1572/1572 1573/1573/1573 1571/1571/1571
f 1571/1571/1571 1573/1573/1573 1574/1574/1574
f 1577/1577/1577 1576/1576/1576 1575/1575/1575
f 1576/1576/1576 1578/1578/1578 1575/1575/1575
f 1579/1579/1579 1576/1576/1576 1577/1577/1577
f 1575/1575/1575 1578/1578/1578 1580/1580/1580
f 1581/1581/1581 1580/1580/1580 1578/1578/1578
f 1582/1582/1582 1575/1575/1575 1580/1580/1580
f 1582/1582/1582 1577/1577/1577 1575/1575/1575
f 1579/1579/1579 1577/1577/1577 1583/1583/1583
f 1577/1577/1577 1582/1582/1582 1584/1584/1584
f 1583/1583/1583 1577/1577/1577 1584/1584/1584
f 1585/1585/1585 1584/1584/1584 1582/1582/1582
f 1586/1586/1586 1583/1583/1583 1584/1584/1584
f 1586/1586/1586 1584/1584/1584 1585/1585/1585
f 1587/1587/1587 1583/1583/1583 1586/1586/1586
f 1585/1585/1585 1587/1587/1587 1586/1586/1586
f 1587/1587/1587 1588/1588/1588 1583/1583/1583
f 1585/1585/1585 1589/1589/1589 1587/1587/1587
f 1589/1589/1589 1588/1588/1588 1587/1587/1587
f 1590/1590/1590 1589/1589/1589 1585/1585/1585
f 1588/1588/1588 1589/1589/1589 1591/1591/1591
f 1590/1590/1590 1592/1592/1592 1589/1589/1589
f 1592/1592/1592 1591/1591/1591 1589/1589/1589
f 1590/1590/1590 1593/1593/1593 1592/1592/1592
f 1594/1594/1594 1591/1591/1591 1592/1592/1592
f 1595/1595/1595 1592/1592/1592 1593/1593/1593
f 1594/1594/1594 1592/1592/1592 1595/1595/1595
f 1598/1598/1598 1597/1597/1597 1596/1596/1596
f 1596/1596/1596 1599/1599/1599 1598/1598/1598
f 1598/1598/1598 1599/1599/1599 1600/1600/1600
f 1601/1601/1601 1600/1600/1600 1599/1599/1599
f 1604/1604/1604 1603/1603/1603 1602/1602/1602
f 1603/1603/1603 1606/1606/1606 1605/1605/1605
f 1606/1606/1606 1603/1603/1603 1607/1607/1607
f 1608/1608/1608 1603/1603/1603 1604/1604/1604
f 1609/1609/1609 1608/1608/1608 1604/1604/1604
f 1607/1607/1607 1603/1603/1603 1610/1610/1610
f 1608/1608/1608 1610/1610/1610 1603/1603/1603
f 1610/1610/1610 1611/1611/1611 1607/1607/1607
f 1612/1612/1612 1611/1611/1611 1610/1610/1610
f 1613/1613/1613 1612/1612/1612 1610/1610/1610
f 1613/1613/1613 1610/1610/1610 1608/1608/1608
f 1614/1614/1614 1612/1612/1612 1613/1613/1613
f 1615/1615/1615 1608/1608/1608 1609/1609/1609
f 1615/1615/1615 1613/1613/1613 1608/1608/1608
f 1613/1613/1613 1616/1616/1616 1614/1614/1614
f 1617/1617/1617 1616/1616/1616 1613/1613/1613
f 1617/1617/1617 1613/1613/1613 1615/1615/1615
f 1617/1617/1617 1618/1618/1618 1616/1616/1616
f 1619/1619/1619 1617/1617/1617 1615/1615/1615
f 1619/1619/1619 1615/1615/1615 1620/1620/1620
f 1621/1621/1621 1618/1618/1618 1617/1617/1617
f 1621/1621/1621 1617/1617/1617 1619/1619/1619
f 1622/1622/1622 1619/1619/1619 1620/1620/1620
f 1622/1622/1622 1621/1621/1621 1619/1619/1619
f 1623/1623/1623 1618/1618/1618 1621/1621/1621
f 1623/1623/1623 1621/1621/1621 1622/1622/1622
f 1624/1624/1624 1618/1618/1618 1623/1623/1623
f 1625/1625/1625 1624/1624/1624 1623/1623/1623
f 1626/1626/1626 1624/1624/1624 1625/1625/1625
f 1625/1625/1625 1623/1623/1623 1627/1627/1627
f 1627/1627/1627 1623/1623/1623 1622/1622/1622
f 1627/1627/1627 1622/1622/1622 1628/1628/1628
f 1628/1628/1628 1622/1622/1622 1629/1629/1629
f 1632/1632/1632 1631/1631/1631 1630/1630/1630
f 1630/1630/1630 1633/1633/1633 1632/1632/1632
f 1632/1632/1632 1633/1633/1633 1634/1634/1634
f 1635/1635/1635 1634/1634/1634 1633/1633/1633
f 1638/1638/1638 1637/1637/1637 1636/1636/1636
f 1636/1636/1636 1637/1637/1637 1639/1639/1639
f 1638/1638/1638 1640/1640/1640 1637/1637/1637
f 1639/1639/1639 1637/1637/1637 1641/1641/1641
f 1637/1637/1637 1640/1640/1640 1641/1641/1641
f 1641/1641/1641 1640/1640/1640 1642/1642/1642
f 1643/1643/1643 1640/1640/1640 1638/1638/1638
f 1642/1642/1642 1644/1644/1644 1641/1641/1641
f 1645/1645/1645 1643/1643/1643 1638/1638/1638
f 1646/1646/1646 1643/1643/1643 1645/1645/1645
f 1647/1647/1647 1645/1645/1645 1638/1638/1638
f 1639/1639/1639 1641/1641/1641 1648/1648/1648
f 1641/1641/1641 1644/1644/1644 1648/1648/1648
f 1644/1644/1644 1649/1649/1649 1648/1648/1648
f 1648/1648/1648 1649/1649/1649 1650/1650/1650
f 1651/1651/1651 1650/1650/1650 1649/1649/1649
f 1648/1648/1648 1650/1650/1650 1652/1652/1652
f 1653/1653/1653 1650/1650/1650 1651/1651/1651
f 1652/1652/1652 1650/1650/1650 1654/1654/1654
f 1655/1655/1655 1650/1650/1650 1653/1653/1653
f 1654/1654/1654 1650/1650/1650 1655/1655/1655
f 1658/1658/1658 1657/1657/1657 1656/1656/1656
f 1656/1656/1656 1659/1659/1659 1658/1658/1658
f 1658/1658/1658 1659/1659/1659 1660/1660/1660
f 1661/1661/1661 1660/1660/1660 1659/1659/1659
f 1664/1664/1664 1663/1663/1663 1662/1662/1662
f 1666/1666/1666 1665/1665/1665 1663/1663/1663
f 1663/1663/1663 1665/1665/1665 1667/1667/1667
f 1663/1663/1663 1667/1667/1667 1662/1662/1662
f 1663/1663/1663 1668/1668/1668 1666/1666/1666
f 1662/1662/1662 1667/1667/1667 1669/1669/1669
f 1662/1662/1662 1669/1669/1669 1670/1670/1670
f 1670/1670/1670 1669/1669/1669 1671/1671/1671
f 1672/1672/1672 1668/1668/1668 1663/1663/1663
f 1672/1672/1672 1663/1663/1663 1664/1664/1664
f 1673/1673/1673 1668/1668/1668 1672/1672/1672
f 1674/1674/1674 1668/1668/1668 1673/1673/1673
f 1673/1673/1673 1672/1672/1672 1675/1675/1675
f 1675/1675/1675 1672/1672/1672 1664/1664/1664
f 1675/1675/1675 1664/1664/1664 1676/1676/1676
f 1676/1676/1676 1664/1664/1664 1677/1677/1677
f 1664/1664/1664 1662/1662/1662 1677/1677/1677
f 1677/1677/1677 1662/1662/1662 1670/1670/1670
f 1676/1676/1676 1677/1677/1677 1678/1678/1678
f 1670/1670/1670 1679/1679/1679 1677/1677/1677
f 1678/1678/1678 1677/1677/1677 1679/1679/1679
f 1671/1671/1671 1679/1679/1679 1670/1670/1670
f 1678/1678/1678 1679/1679/1679 1680/1680/1680
f 1681/1681/1681 1679/1679/1679 1671/1671/1671
f 1681/1681/1681 1671/1671/1671 1682/1682/1682
f 1680/1680/1680 1679/1679/1679 1683/1683/1683
f 1679/1679/1679 1681/1681/1681 1683/1683/1683
f 1680/1680/1680 1683/1683/1683 1684/1684/1684
f 1681/1681/1681 1682/1682/1682 1685/1685/1685
f 1681/1681/1681 1685/1685/1685 1683/1683/1683
f 1684/1684/1684 1683/1683/1683 1685/1685/1685
f 1685/1685/1685 1682/1682/1682 1686/1686/1686
f 1686/1686/1686 1684/1684/1684 1685/1685/1685
f 1689/1689/1689 1688/1688/1688 1687/1687/1687
f 1687/1687/1687 1690/1690/1690 1689/1689/1689
f 1689/1689/1689 1690/1690/1690 1691/1691/1691
f 1692/1692/1692 1691/1691/1691 1690/1690/1690
f 1695/1695/1695 1694/1694/1694 1693/1693/1693
f 1693/1693/1693 1696/1696/1696 1695/1695/1695
f 1695/1695/1695 1696/1696/1696 1697/1697/1697
f 1698/1698/1698 1697/1697/1697 1696/1696/1696
f 1701/1701/1701 1700/1700/1700 1699/1699/1699
f 1702/1702/1702 1699/1699/1699 1700/1700/1700
f 1703/1703/1703 1700/1700/1700 1701/1701/1701
f 1701/1701/1701 1704/1704/1704 1703/1703/1703
f 1707/1707/1707 1706/1706/1706 1705/1705/1705
f 1705/1705/1705 1708/1708/1708 1707/1707/1707
f 1707/1707/1707 1708/1708/1708 1709/1709/1709
f 1710/1710/1710 1709/1709/1709 1708/1708/1708
f 1713/1713/1713 1712/1712/1712 1711/1711/1711
f 1711/1711/1711 1712/1712/1712 1714/1714/1714
f 1714/1714/1714 1712/1712/1712 1715/1715/1715
f 1714/1714/1714 1716/1716/1716 1711/1711/1711
f 654/654/654 1712/1712/1712 1713/1713/1713
f 653/653/653 654/654/654 1713/1713/1713
f 1711/1711/1711 1716/1716/1716 1717/1717/1717
f 1711/1711/1711 1717/1717/1717 1713/1713/1713
f 1716/1716/1716 1718/1718/1718 1717/1717/1717
f 1713/1713/1713 1717/1717/1717 1719/1719/1719
f 653/653/653 1713/1713/1713 1719/1719/1719
f 1717/1717/1717 1718/1718/1718 1720/1720/1720
f 1717/1717/1717 1720/1720/1720 1719/1719/1719
f 1718/1718/1718 1721/1721/1721 1720/1720/1720
f 1722/1722/1722 1721/1721/1721 1718/1718/1718
f 1719/1719/1719 1720/1720/1720 1723/1723/1723
f 653/653/653 1719/1719/1719 1723/1723/1723
f 1720/1720/1720 1721/1721/1721 1723/1723/1723
f 1724/1724/1724 1721/1721/1721 1722/1722/1722
f 1723/1723/1723 1725/1725/1725 653/653/653
f 1723/1723/1723 1721/1721/1721 1725/1725/1725
f 1721/1721/1721 1726/1726/1726 1725/1725/1725
f 1726/1726/1726 1721/1721/1721 1724/1724/1724
f 1725/1725/1725 1726/1726/1726 655/655/655
f 1725/1725/1725 655/655/655 653/653/653
f 1726/1726/1726 1724/1724/1724 1727/1727/1727
f 1727/1727/1727 655/655/655 1726/1726/1726
f 1727/1727/1727 1724/1724/1724 1728/1728/1728
f 1729/1729/1729 655/655/655 1727/1727/1727
f 1732/1732/1732 1731/1731/1731 1730/1730/1730
f 1730/1730/1730 1733/1733/1733 1732/1732/1732
f 1732/1732/1732 1733/1733/1733 1734/1734/1734
f 1735/1735/1735 1734/1734/1734 1733/1733/1733
f 1738/1738/1738 1737/1737/1737 1736/1736/1736
f 1738/1738/1738 1736/1736/1736 1739/1739/1739
f 1740/1740/1740 1738/1738/1738 1739/1739/1739
f 1741/1741/1741 1738/1738/1738 1740/1740/1740
f 1742/1742/1742 1737/1737/1737 1738/1738/1738
f 1741/1741/1741 1742/1742/1742 1738/1738/1738
f 1742/1742/1742 1743/1743/1743 1737/1737/1737
f 1744/1744/1744 1742/1742/1742 1741/1741/1741
f 1744/1744/1744 1743/1743/1743 1742/1742/1742
f 1745/1745/1745 1743/1743/1743 1744/1744/1744
f 1748/1748/1748 1747/1747/1747 1746/1746/1746
f 1746/1746/1746 1749/1749/1749 1748/1748/1748
f 1748/1748/1748 1749/1749/1749 1750/1750/1750
f 1751/1751/1751 1750/1750/1750 1749/1749/1749
f 1754/1754/1754 1753/1753/1753 1752/1752/1752
f 641/641/641 1754/1754/1754 1752/1752/1752
f 1752/1752/1752 1755/1755/1755 641/641/641
f 1752/1752/1752 1756/1756/1756 1755/1755/1755
f 1753/1753/1753 1756/1756/1756 1752/1752/1752
f 1757/1757/1757 1753/1753/1753 1754/1754/1754
f 1757/1757/1757 1758/1758/1758 1753/1753/1753
f 1753/1753/1753 1759/1759/1759 1756/1756/1756
f 1758/1758/1758 1759/1759/1759 1753/1753/1753
f 1758/1758/1758 1760/1760/1760 1759/1759/1759
f 1761/1761/1761 1760/1760/1760 1758/1758/1758
f 1760/1760/1760 1762/1762/1762 1759/1759/1759
f 1761/1761/1761 1758/1758/1758 1763/1763/1763
f 1759/1759/1759 1762/1762/1762 1764/1764/1764
f 1759/1759/1759 1764/1764/1764 1756/1756/1756
f 1762/1762/1762 1765/1765/1765 1764/1764/1764
f 1764/1764/1764 1765/1765/1765 1766/1766/1766
f 1756/1756/1756 1764/1764/1764 1767/1767/1767
f 1764/1764/1764 1766/1766/1766 1767/1767/1767
f 1756/1756/1756 1767/1767/1767 643/643/643
f 1767/1767/1767 1766/1766/1766 1768/1768/1768
f 1767/1767/1767 1768/1768/1768 643/643/643
f 643/643/643 1768/1768/1768 1769/1769/1769
f 1763/1763/1763 1758/1758/1758 1770/1770/1770
f 1770/1770/1770 1758/1758/1758 1757/1757/1757
f 1763/1763/1763 1770/1770/1770 1771/1771/1771
f 1772/1772/1772 1770/1770/1770 1757/1757/1757
f 1772/1772/1772 1757/1757/1757 1773/1773/1773
f 1771/1771/1771 1770/1770/1770 1774/1774/1774
f 1774/1774/1774 1770/1770/1770 1772/1772/1772
f 1774/1774/1774 1775/1775/1775 1771/1771/1771
f 1776/1776/1776 1775/1775/1775 1774/1774/1774
f 1774/1774/1774 1777/1777/1777 1776/1776/1776
f 1772/1772/1772 1777/1777/1777 1774/1774/1774
f 1773/1773/1773 1777/1777/1777 1772/1772/1772
f 642/642/642 1777/1777/1777 1773/1773/1773
f 641/641/641 642/642/642 1773/1773/1773
f 1780/1780/1780 1779/1779/1779 1778/1778/1778
f 1781/1781/1781 1778/1778/1778 1779/1779/1779
f 1778/1778/1778 1782/1782/1782 1780/1780/1780
f 1780/1780/1780 1782/1782/1782 1783/1783/1783
f 1783/1783/1783 1782/1782/1782 1784/1784/1784
f 1785/1785/1785 1779/1779/1779 1780/1780/1780
f 1783/1783/1783 1785/1785/1785 1780/1780/1780
f 1786/1786/1786 1783/1783/1783 1784/1784/1784
f 1785/1785/1785 1783/1783/1783 1786/1786/1786
f 1787/1787/1787 1779/1779/1779 1785/1785/1785
f 1786/1786/1786 1787/1787/1787 1785/1785/1785
f 1788/1788/1788 1779/1779/1779 1787/1787/1787
f 1787/1787/1787 1789/1789/1789 1788/1788/1788
f 1790/1790/1790 1787/1787/1787 1786/1786/1786
f 1784/1784/1784 1790/1790/1790 1786/1786/1786
f 1790/1790/1790 1789/1789/1789 1787/1787/1787
f 1791/1791/1791 1790/1790/1790 1784/1784/1784
f 1792/1792/1792 1789/1789/1789 1790/1790/1790
f 1791/1791/1791 1792/1792/1792 1790/1790/1790
f 1793/1793/1793 1792/1792/1792 1791/1791/1791
f 1796/1796/1796 1795/1795/1795 1794/1794/1794
f 1794/1794/1794 1797/1797/1797 1796/1796/1796
f 1796/1796/1796 1797/1797/1797 1798/1798/1798
f 1799/1799/1799 1798/1798/1798 1797/1797/1797
f 1802/1802/1802 1801/1801/1801 1800/1800/1800
f 1801/1801/1801 1804/1804/1804 1803/1803/1803
f 1804/1804/1804 1801/1801/1801 1805/1805/1805
f 1806/1806/1806 1801/1801/1801 1802/1802/1802
f 1807/1807/1807 1806/1806/1806 1802/1802/1802
f 1805/1805/1805 1801/1801/1801 1808/1808/1808
f 1806/1806/1806 1808/1808/1808 1801/1801/1801
f 1808/1808/1808 1809/1809/1809 1805/1805/1805
f 1810/1810/1810 1809/1809/1809 1808/1808/1808
f 1811/1811/1811 1810/1810/1810 1808/1808/1808
f 1811/1811/1811 1808/1808/1808 1806/1806/1806
f 1812/1812/1812 1810/1810/1810 1811/1811/1811
f 1813/1813/1813 1806/1806/1806 1807/1807/1807
f 1813/1813/1813 1811/1811/1811 1806/1806/1806
f 1811/1811/1811 1814/1814/1814 1812/1812/1812
f 1815/1815/1815 1814/1814/1814 1811/1811/1811
f 1815/1815/1815 1811/1811/1811 1813/1813/1813
f 1815/1815/1815 1816/1816/1816 1814/1814/1814
f 1817/1817/1817 1815/1815/1815 1813/1813/1813
f 1817/1817/1817 1813/1813/1813 1818/1818/1818
f 1819/1819/1819 1817/1817/1817 1818/1818/1818
f 1820/1820/1820 1815/1815/1815 1817/1817/1817
f 1820/1820/1820 1816/1816/1816 1815/1815/1815
f 1821/1821/1821 1817/1817/1817 1819/1819/1819
f 1821/1821/1821 1820/1820/1820 1817/1817/1817
f 1822/1822/1822 1821/1821/1821 1819/1819/1819
f 1823/1823/1823 1816/1816/1816 1820/1820/1820
f 1823/1823/1823 1820/1820/1820 1821/1821/1821
f 1822/1822/1822 1823/1823/1823 1821/1821/1821
f 1824/1824/1824 1816/1816/1816 1823/1823/1823
f 1825/1825/1825 1823/1823/1823 1822/1822/1822
f 1825/1825/1825 1824/1824/1824 1823/1823/1823
f 1826/1826/1826 1824/1824/1824 1825/1825/1825
f 1829/1829/1829 1828/1828/1828 1827/1827/1827
f 1827/1827/1827 1830/1830/1830 1829/1829/1829
f 1829/1829/1829 1830/1830/1830 1831/1831/1831
f 1832/1832/1832 1831/1831/1831 1830/1830/1830
f 1835/1835/1835 1834/1834/1834 1833/1833/1833
f 1836/1836/1836 1834/1834/1834 1835/1835/1835
f 1834/1834/1834 1837/1837/1837 1833/1833/1833
f 1838/1838/1838 1834/1834/1834 1836/1836/1836
f 1839/1839/1839 1838/1838/1838 1836/1836/1836
f 1840/1840/1840 1838/1838/1838 1839/1839/1839
f 1838/1838/1838 1841/1841/1841 1834/1834/1834
f 1841/1841/1841 1837/1837/1837 1834/1834/1834
f 1837/1837/1837 1843/1843/1843 1842/1842/1842
f 1837/1837/1837 1844/1844/1844 1843/1843/1843
f 1845/1845/1845 1844/1844/1844 1837/1837/1837
f 1841/1841/1841 1845/1845/1845 1837/1837/1837
f 1846/1846/1846 1845/1845/1845 1841/1841/1841
f 1841/1841/1841 1847/1847/1847 1846/1846/1846
f 1848/1848/1848 1841/1841/1841 1838/1838/1838
f 1848/1848/1848 1847/1847/1847 1841/1841/1841
f 1848/1848/1848 1849/1849/1849 1847/1847/1847
f 1850/1850/1850 1849/1849/1849 1848/1848/1848
f 1850/1850/1850 1848/1848/1848 1851/1851/1851
f 1840/1840/1840 1850/1850/1850 1851/1851/1851
f 1852/1852/1852 1849/1849/1849 1850/1850/1850
f 1852/1852/1852 1850/1850/1850 1840/1840/1840
f 1853/1853/1853 1849/1849/1849 1852/1852/1852
f 1854/1854/1854 1852/1852/1852 1840/1840/1840
f 1854/1854/1854 1853/1853/1853 1852/1852/1852
f 1855/1855/1855 1853/1853/1853 1854/1854/1854
f 1858/1858/1858 1857/1857/1857 1856/1856/1856
f 1857/1857/1857 1858/1858/1858 1859/1859/1859
f 1856/1856/1856 1860/1860/1860 1858/1858/1858
f 1859/1859/1859 1858/1858/1858 1861/1861/1861
f 1859/1859/1859 1861/1861/1861 1862/1862/1862
f 1861/1861/1861 1858/1858/1858 1863/1863/1863
f 1863/1863/1863 1862/1862/1862 1861/1861/1861
f 1858/1858/1858 1860/1860/1860 1863/1863/1863
f 1864/1864/1864 1862/1862/1862 1863/1863/1863
f 1863/1863/1863 1860/1860/1860 1865/1865/1865
f 1865/1865/1865 1864/1864/1864 1863/1863/1863
f 1865/1865/1865 1860/1860/1860 1866/1866/1866
f 1866/1866/1866 1867/1867/1867 1865/1865/1865
f 1864/1864/1864 1868/1868/1868 1862/1862/1862
f 1864/1864/1864 1865/1865/1865 1868/1868/1868
f 1862/1862/1862 1868/1868/1868 1869/1869/1869
f 1869/1869/1869 1868/1868/1868 1870/1870/1870
f 1868/1868/1868 1865/1865/1865 1871/1871/1871
f 1865/1865/1865 1867/1867/1867 1871/1871/1871
f 1870/1870/1870 1868/1868/1868 1872/1872/1872
f 1868/1868/1868 1871/1871/1871 1872/1872/1872
f 1870/1870/1870 1872/1872/1872 1873/1873/1873
f 1873/1873/1873 1872/1872/1872 1874/1874/1874
f 1872/1872/1872 1875/1875/1875 1874/1874/1874
f 1872/1872/1872 1871/1871/1871 1876/1876/1876
f 1871/1871/1871 1867/1867/1867 1876/1876/1876
f 1876/1876/1876 1875/1875/1875 1872/1872/1872
f 1876/1876/1876 1867/1867/1867 1877/1877/1877
f 1876/1876/1876 1877/1877/1877 1875/1875/1875
f 1875/1875/1875 1877/1877/1877 1878/1878/1878
f 1881/1881/1881 1880/1880/1880 1879/1879/1879
f 1882/1882/1882 1880/1880/1880 1881/1881/1881
f 1880/1880/1880 1883/1883/1883 1879/1879/1879
f 1882/1882/1882 1126/1126/1126 1880/1880/1880
f 1884/1884/1884 1126/1126/1126 1882/1882/1882
f 1885/1885/1885 1880/1880/1880 1126/1126/1126
f 1885/1885/1885 1126/1126/1126 1124/1124/1124
f 1886/1886/1886 1883/1883/1883 1880/1880/1880
f 1886/1886/1886 1880/1880/1880 1885/1885/1885
f 1887/1887/1887 1883/1883/1883 1886/1886/1886
f 1888/1888/1888 1886/1886/1886 1885/1885/1885
f 1888/1888/1888 1885/1885/1885 1124/1124/1124
f 1887/1887/1887 1886/1886/1886 1888/1888/1888
f 1889/1889/1889 1883/1883/1883 1887/1887/1887
f 1124/1124/1124 1890/1890/1890 1888/1888/1888
f 1890/1890/1890 1887/1887/1887 1888/1888/1888
f 1891/1891/1891 1889/1889/1889 1887/1887/1887
f 1891/1891/1891 1887/1887/1887 1890/1890/1890
f 1892/1892/1892 1889/1889/1889 1891/1891/1891
f 1124/1124/1124 1893/1893/1893 1890/1890/1890
f 1893/1893/1893 1891/1891/1891 1890/1890/1890
f 1124/1124/1124 1125/1125/1125 1893/1893/1893
f 1125/1125/1125 1894/1894/1894 1893/1893/1893
f 1895/1895/1895 1891/1891/1891 1893/1893/1893
f 1895/1895/1895 1892/1892/1892 1891/1891/1891
f 1893/1893/1893 1894/1894/1894 1895/1895/1895
f 1896/1896/1896 1892/1892/1892 1895/1895/1895
f 1894/1894/1894 1896/1896/1896 1895/1895/1895
f 1897/1897/1897 1896/1896/1896 1894/1894/1894
f 1900/1900/1900 1899/1899/1899 1898/1898/1898
f 1898/1898/1898 1901/1901/1901 1900/1900/1900
f 1900/1900/1900 1901/1901/1901 1902/1902/1902
f 1898/1898/1898 1903/1903/1903 1901/1901/1901
f 1904/1904/1904 1899/1899/1899 1900/1900/1900
f 1904/1904/1904 1905/1905/1905 1899/1899/1899
f 1906/1906/1906 1903/1903/1903 1898/1898/1898
f 1899/1899/1899 1906/1906/1906 1898/1898/1898
f 1906/1906/1906 1907/1907/1907 1903/1903/1903
f 1905/1905/1905 1908/1908/1908 1899/1899/1899
f 1908/1908/1908 1906/1906/1906 1899/1899/1899
f 1909/1909/1909 1908/1908/1908 1905/1905/1905
f 1908/1908/1908 1910/1910/1910 1906/1906/1906
f 1911/1911/1911 1907/1907/1907 1906/1906/1906
f 1911/1911/1911 1912/1912/1912 1907/1907/1907
f 1908/1908/1908 1913/1913/1913 1910/1910/1910
f 1909/1909/1909 1913/1913/1913 1908/1908/1908
f 1911/1911/1911 1910/1910/1910 1913/1913/1913
f 1914/1914/1914 1913/1913/1913 1909/1909/1909
f 1915/1915/1915 1912/1912/1912 1911/1911/1911
f 1913/1913/1913 1915/1915/1915 1911/1911/1911
f 1914/1914/1914 1915/1915/1915 1913/1913/1913
f 1915/1915/1915 1916/1916/1916 1912/1912/1912
f 1917/1917/1917 1915/1915/1915 1914/1914/1914
f 1917/1917/1917 1914/1914/1914 1918/1918/1918
f 1919/1919/1919 1916/1916/1916 1915/1915/1915
f 1915/1915/1915 1917/1917/1917 1919/1919/1919
f 1919/1919/1919 1920/1920/1920 1916/1916/1916
f 1918/1918/1918 1921/1921/1921 1917/1917/1917
f 1917/1917/1917 1921/1921/1921 1919/1919/1919
f 1921/1921/1921 1920/1920/1920 1919/1919/1919
f 1922/1922/1922 1921/1921/1921 1918/1918/1918
f 1922/1922/1922 1920/1920/1920 1921/1921/1921
f 1925/1925/1925 1924/1924/1924 1923/1923/1923
f 1926/1926/1926 1924/1924/1924 1925/1925/1925
f 1924/1924/1924 1927/1927/1927 1923/1923/1923
f 1928/1928/1928 1926/1926/1926 1925/1925/1925
f 1929/1929/1929 1926/1926/1926 1928/1928/1928
f 1925/1925/1925 1930/1930/1930 1928/1928/1928
f 1925/1925/1925 1923/1923/1923 1930/1930/1930
f 1928/1928/1928 1930/1930/1930 1931/1931/1931
f 1930/1930/1930 1932/1932/1932 1931/1931/1931
f 1923/1923/1923 1927/1927/1927 1933/1933/1933
f 1927/1927/1927 1934/1934/1934 1933/1933/1933
f 1930/1930/1930 1923/1923/1923 1935/1935/1935
f 1923/1923/1923 1933/1933/1933 1935/1935/1935
f 1936/1936/1936 1932/1932/1932 1930/1930/1930
f 1935/1935/1935 1936/1936/1936 1930/1930/1930
f 1932/1932/1932 1936/1936/1936 1937/1937/1937
f 1933/1933/1933 1934/1934/1934 1938/1938/1938
f 1937/1937/1937 1936/1936/1936 1939/1939/1939
f 1940/1940/1940 1937/1937/1937 1939/1939/1939
f 1934/1934/1934 1941/1941/1941 1938/1938/1938
f 1942/1942/1942 1939/1939/1939 1936/1936/1936
f 1942/1942/1942 1936/1936/1936 1935/1935/1935
f 1935/1935/1935 1933/1933/1933 1943/1943/1943
f 1935/1935/1935 1943/1943/1943 1942/1942/1942
f 1938/1938/1938 1943/1943/1943 1933/1933/1933
f 1944/1944/1944 1939/1939/1939 1942/1942/1942
f 1940/1940/1940 1939/1939/1939 1944/1944/1944
f 1942/1942/1942 1943/1943/1943 1945/1945/1945
f 1942/1942/1942 1945/1945/1945 1944/1944/1944
f 1946/1946/1946 1943/1943/1943 1938/1938/1938
f 1946/1946/1946 1945/1945/1945 1943/1943/1943
f 1940/1940/1940 1944/1944/1944 1947/1947/1947
f 1944/1944/1944 1945/1945/1945 1947/1947/1947
f 1945/1945/1945 1948/1948/1948 1947/1947/1947
f 1948/1948/1948 1945/1945/1945 1946/1946/1946
f 1938/1938/1938 1949/1949/1949 1946/1946/1946
f 1946/1946/1946 1949/1949/1949 1948/1948/1948
f 1938/1938/1938 1941/1941/1941 1950/1950/1950
f 1950/1950/1950 1949/1949/1949 1938/1938/1938
f 1941/1941/1941 1951/1951/1951 1950/1950/1950
f 1950/1950/1950 1951/1951/1951 1952/1952/1952
f 1952/1952/1952 1949/1949/1949 1950/1950/1950
f 1953/1953/1953 1949/1949/1949 1952/1952/1952
f 1953/1953/1953 1954/1954/1954 1949/1949/1949
f 1948/1948/1948 1949/1949/1949 1954/1954/1954
f 1955/1955/1955 1954/1954/1954 1953/1953/1953
f 1955/1955/1955 1956/1956/1956 1954/1954/1954
f 1957/1957/1957 1956/1956/1956 1955/1955/1955
f 1958/1958/1958 1956/1956/1956 1957/1957/1957
f 1958/1958/1958 1959/1959/1959 1956/1956/1956
f 1960/1960/1960 1956/1956/1956 1959/1959/1959
f 1948/1948/1948 1954/1954/1954 1961/1961/1961
f 1961/1961/1961 1954/1954/1954 1956/1956/1956
f 1961/1961/1961 1956/1956/1956 1960/1960/1960
f 1960/1960/1960 1940/1940/1940 1961/1961/1961
f 1947/1947/1947 1948/1948/1948 1961/1961/1961
f 1947/1947/1947 1961/1961/1961 1940/1940/1940
f 1964/1964/1964 1963/1963/1963 1962/1962/1962
f 1965/1965/1965 1963/1963/1963 1964/1964/1964
f 1966/1966/1966 1965/1965/1965 1964/1964/1964
f 1967/1967/1967 1963/1963/1963 1965/1965/1965
f 1963/1963/1963 1968/1968/1968 1962/1962/1962
f 1967/1967/1967 1968/1968/1968 1963/1963/1963
f 1962/1962/1962 1968/1968/1968 1969/1969/1969
f 1968/1968/1968 1970/1970/1970 1969/1969/1969
f 1970/1970/1970 1968/1968/1968 1967/1967/1967
f 1969/1969/1969 1970/1970/1970 1971/1971/1971
f 1967/1967/1967 1972/1972/1972 1970/1970/1970
f 1972/1972/1972 1971/1971/1971 1970/1970/1970
f 1973/1973/1973 1972/1972/1972 1967/1967/1967
f 1972/1972/1972 1974/1974/1974 1971/1971/1971
f 1973/1973/1973 1974/1974/1974 1972/1972/1972
f 1971/1971/1971 1974/1974/1974 1975/1975/1975
f 1975/1975/1975 1974/1974/1974 1976/1976/1976
f 1974/1974/1974 1973/1973/1973 1977/1977/1977
f 1976/1976/1976 1974/1974/1974 1977/1977/1977
f 1977/1977/1977 1973/1973/1973 1978/1978/1978
f 1979/1979/1979 1976/1976/1976 1977/1977/1977
f 1978/1978/1978 1980/1980/1980 1977/1977/1977
f 1977/1977/1977 1980/1980/1980 1979/1979/1979
f 1978/1978/1978 1981/1981/1981 1980/1980/1980
f 1979/1979/1979 1980/1980/1980 1982/1982/1982
f 1981/1981/1981 1983/1983/1983 1980/1980/1980
f 1980/1980/1980 1983/1983/1983 1982/1982/1982
f 1986/1986/1986 1985/1985/1985 1984/1984/1984
f 1987/1987/1987 1985/1985/1985 1986/1986/1986
f 1985/1985/1985 1988/1988/1988 1984/1984/1984
f 1985/1985/1985 1987/1987/1987 1988/1988/1988
f 1989/1989/1989 1984/1984/1984 1988/1988/1988
f 1990/1990/1990 1988/1988/1988 1987/1987/1987
f 1991/1991/1991 1990/1990/1990 1987/1987/1987
f 1992/1992/1992 1989/1989/1989 1988/1988/1988
f 1992/1992/1992 1988/1988/1988 1990/1990/1990
f 1989/1989/1989 1992/1992/1992 1993/1993/1993
f 1994/1994/1994 1990/1990/1990 1991/1991/1991
f 1990/1990/1990 1994/1994/1994 1995/1995/1995
f 1993/1993/1993 1992/1992/1992 1996/1996/1996
f 1992/1992/1992 1990/1990/1990 1996/1996/1996
f 1993/1993/1993 1996/1996/1996 1997/1997/1997
f 1998/1998/1998 1990/1990/1990 1995/1995/1995
f 1996/1996/1996 1990/1990/1990 1998/1998/1998
f 1995/1995/1995 1999/1999/1999 1998/1998/1998
f 1997/1997/1997 1996/1996/1996 2000/2000/2000
f 1996/1996/1996 1998/1998/1998 2000/2000/2000
f 2000/2000/2000 2001/2001/2001 1997/1997/1997
f 2001/2001/2001 2002/2002/2002 1997/1997/1997
f 2000/2000/2000 1998/1998/1998 2003/2003/2003
f 1998/1998/1998 1999/1999/1999 2003/2003/2003
f 2003/2003/2003 2001/2001/2001 2000/2000/2000
f 2004/2004/2004 2002/2002/2002 2001/2001/2001
f 2001/2001/2001 2003/2003/2003 2004/2004/2004
f 2005/2005/2005 2002/2002/2002 2004/2004/2004
f 2003/2003/2003 2005/2005/2005 2004/2004/2004
f 1999/1999/1999 2005/2005/2005 2003/2003/2003
f 2006/2006/2006 2005/2005/2005 1999/1999/1999
f 2009/2009/2009 2008/2008/2008 2007/2007/2007
f 2008/2008/2008 2010/2010/2010 2007/2007/2007
f 2011/2011/2011 2010/2010/2010 2008/2008/2008
f 2012/2012/2012 2008/2008/2008 2009/2009/2009
f 2013/2013/2013 2012/2012/2012 2009/2009/2009
f 2014/2014/2014 2011/2011/2011 2008/2008/2008
f 2015/2015/2015 2011/2011/2011 2014/2014/2014
f 2015/2015/2015 2014/2014/2014 2016/2016/2016
f 2008/2008/2008 2017/2017/2017 2014/2014/2014
f 2012/2012/2012 2017/2017/2017 2008/2008/2008
f 2016/2016/2016 2014/2014/2014 2018/2018/2018
f 2019/2019/2019 2012/2012/2012 2013/2013/2013
f 2020/2020/2020 2019/2019/2019 2013/2013/2013
f 2020/2020/2020 2021/2021/2021 2019/2019/2019
f 2021/2021/2021 2022/2022/2022 2019/2019/2019
f 2019/2019/2019 2023/2023/2023 2012/2012/2012
f 2019/2019/2019 2022/2022/2022 2023/2023/2023
f 2012/2012/2012 2023/2023/2023 2017/2017/2017
f 2022/2022/2022 2024/2024/2024 2023/2023/2023
f 2025/2025/2025 2017/2017/2017 2023/2023/2023
f 2025/2025/2025 2023/2023/2023 2024/2024/2024
f 2026/2026/2026 2014/2014/2014 2017/2017/2017
f 2026/2026/2026 2017/2017/2017 2025/2025/2025
f 2018/2018/2018 2014/2014/2014 2026/2026/2026
f 2024/2024/2024 2027/2027/2027 2025/2025/2025
f 2025/2025/2025 2027/2027/2027 2026/2026/2026
f 2024/2024/2024 2028/2028/2028 2027/2027/2027
f 2026/2026/2026 2027/2027/2027 2029/2029/2029
f 2028/2028/2028 2029/2029/2029 2027/2027/2027
f 2026/2026/2026 2029/2029/2029 2018/2018/2018
f 2018/2018/2018 2029/2029/2029 2030/2030/2030
f 2030/2030/2030 2016/2016/2016 2018/2018/2018
f 2031/2031/2031 2016/2016/2016 2030/2030/2030
f 2032/2032/2032 2030/2030/2030 2029/2029/2029
f 2032/2032/2032 2029/2029/2029 2028/2028/2028
f 2033/2033/2033 2031/2031/2031 2030/2030/2030
f 2033/2033/2033 2030/2030/2030 2032/2032/2032
f 2034/2034/2034 2031/2031/2031 2033/2033/2033
f 2033/2033/2033 2035/2035/2035 2034/2034/2034
f 2036/2036/2036 2035/2035/2035 2033/2033/2033
f 2032/2032/2032 2036/2036/2036 2033/2033/2033
f 2037/2037/2037 2036/2036/2036 2032/2032/2032
f 2032/2032/2032 2038/2038/2038 2037/2037/2037
f 2028/2028/2028 2038/2038/2038 2032/2032/2032
f 2024/2024/2024 2038/2038/2038 2028/2028/2028
f 2041/2041/2041 2040/2040/2040 2039/2039/2039
f 2039/2039/2039 2042/2042/2042 2041/2041/2041
f 2041/2041/2041 2042/2042/2042 2043/2043/2043
f 2044/2044/2044 2042/2042/2042 2039/2039/2039
f 2045/2045/2045 2042/2042/2042 2044/2044/2044
f 2044/2044/2044 2046/2046/2046 2045/2045/2045
f 2047/2047/2047 2046/2046/2046 2044/2044/2044
f 2047/2047/2047 2048/2048/2048 2046/2046/2046
f 2049/2049/2049 2048/2048/2048 2047/2047/2047
f 2049/2049/2049 2050/2050/2050 2048/2048/2048
f 2040/2040/2040 2051/2051/2051 2039/2039/2039
f 2039/2039/2039 2051/2051/2051 2052/2052/2052
f 2053/2053/2053 2051/2051/2051 2040/2040/2040
f 2051/2051/2051 2054/2054/2054 2052/2052/2052
f 2053/2053/2053 2054/2054/2054 2051/2051/2051
f 2052/2052/2052 2054/2054/2054 2055/2055/2055
f 2054/2054/2054 2056/2056/2056 2055/2055/2055
f 2056/2056/2056 2054/2054/2054 2053/2053/2053
f 2055/2055/2055 2056/2056/2056 2057/2057/2057
f 2053/2053/2053 2058/2058/2058 2056/2056/2056
f 2058/2058/2058 2057/2057/2057 2056/2056/2056
f 2059/2059/2059 2058/2058/2058 2053/2053/2053
f 2058/2058/2058 2060/2060/2060 2057/2057/2057
f 2059/2059/2059 2060/2060/2060 2058/2058/2058
f 2057/2057/2057 2060/2060/2060 2061/2061/2061
f 2061/2061/2061 2060/2060/2060 2050/2050/2050
f 2060/2060/2060 2059/2059/2059 2062/2062/2062
f 2050/2050/2050 2060/2060/2060 2062/2062/2062
f 2062/2062/2062 2059/2059/2059 2063/2063/2063
f 2062/2062/2062 2064/2064/2064 2050/2050/2050
f 2063/2063/2063 2064/2064/2064 2062/2062/2062
f 2050/2050/2050 2064/2064/2064 2065/2065/2065
f 2063/2063/2063 2066/2066/2066 2064/2064/2064
f 2064/2064/2064 2066/2066/2066 2065/2065/2065
f 2065/2065/2065 2066/2066/2066 2067/2067/2067
f 2066/2066/2066 2068/2068/2068 2067/2067/2067
f 2071/2071/2071 2070/2070/2070 2069/2069/2069
f 2072/2072/2072 2070/2070/2070 2071/2071/2071
f 2070/2070/2070 2073/2073/2073 2069/2069/2069
f 2072/2072/2072 2074/2074/2074 2070/2070/2070
f 2074/2074/2074 2073/2073/2073 2070/2070/2070
f 2069/2069/2069 2073/2073/2073 2075/2075/2075
f 2076/2076/2076 2074/2074/2074 2072/2072/2072
f 2076/2076/2076 2077/2077/2077 2074/2074/2074
f 2078/2078/2078 2077/2077/2077 2076/2076/2076
f 2077/2077/2077 2079/2079/2079 2074/2074/2074
f 2074/2074/2074 2079/2079/2079 2080/2080/2080
f 2080/2080/2080 2073/2073/2073 2074/2074/2074
f 2080/2080/2080 2079/2079/2079 2081/2081/2081
f 2081/2081/2081 2082/2082/2082 2080/2080/2080
f 2080/2080/2080 2082/2082/2082 2073/2073/2073
f 2082/2082/2082 2081/2081/2081 2083/2083/2083
f 2083/2083/2083 2084/2084/2084 2082/2082/2082
f 2085/2085/2085 2073/2073/2073 2082/2082/2082
f 2073/2073/2073 2085/2085/2085 2075/2075/2075
f 2075/2075/2075 2085/2085/2085 2086/2086/2086
f 2085/2085/2085 2082/2082/2082 2087/2087/2087
f 2085/2085/2085 2087/2087/2087 2086/2086/2086
f 2087/2087/2087 2082/2082/2082 2084/2084/2084
f 2088/2088/2088 2086/2086/2086 2087/2087/2087
f 2084/2084/2084 2088/2088/2088 2087/2087/2087
f 2091/2091/2091 2090/2090/2090 2089/2089/2089
f 2092/2092/2092 2090/2090/2090 2091/2091/2091
f 2091/2091/2091 2093/2093/2093 2092/2092/2092
f 2091/2091/2091 2089/2089/2089 2094/2094/2094
f 2094/2094/2094 2089/2089/2089 2095/2095/2095
f 2096/2096/2096 2093/2093/2093 2091/2091/2091
f 2097/2097/2097 2093/2093/2093 2096/2096/2096
f 2098/2098/2098 2093/2093/2093 2097/2097/2097
f 2097/2097/2097 2096/2096/2096 2099/2099/2099
f 2096/2096/2096 2091/2091/2091 2100/2100/2100
f 2099/2099/2099 2096/2096/2096 2100/2100/2100
f 2100/2100/2100 2091/2091/2091 2094/2094/2094
f 2100/2100/2100 2101/2101/2101 2099/2099/2099
f 2095/2095/2095 2102/2102/2102 2094/2094/2094
f 2103/2103/2103 2101/2101/2101 2100/2100/2100
f 2100/2100/2100 2094/2094/2094 2103/2103/2103
f 2101/2101/2101 2103/2103/2103 2104/2104/2104
f 2094/2094/2094 2102/2102/2102 2105/2105/2105
f 2103/2103/2103 2094/2094/2094 2105/2105/2105
f 2103/2103/2103 2105/2105/2105 2106/2106/2106
f 2102/2102/2102 2106/2106/2106 2105/2105/2105
f 2104/2104/2104 2103/2103/2103 2106/2106/2106
f 2107/2107/2107 2106/2106/2106 2102/2102/2102
f 2108/2108/2108 2107/2107/2107 2102/2102/2102
f 2108/2108/2108 2109/2109/2109 2107/2107/2107
f 2107/2107/2107 2110/2110/2110 2106/2106/2106
f 2107/2107/2107 2109/2109/2109 2110/2110/2110
f 2106/2106/2106 2110/2110/2110 2104/2104/2104
f 2110/2110/2110 2109/2109/2109 2111/2111/2111
f 2104/2104/2104 2110/2110/2110 2111/2111/2111
f 2114/2114/2114 2113/2113/2113 2112/2112/2112
f 2113/2113/2113 2115/2115/2115 2112/2112/2112
f 2113/2113/2113 2116/2116/2116 2115/2115/2115
f 2112/2112/2112 2115/2115/2115 2117/2117/2117
f 2118/2118/2118 2116/2116/2116 2113/2113/2113
f 2118/2118/2118 2119/2119/2119 2116/2116/2116
f 2120/2120/2120 2119/2119/2119 2118/2118/2118
f 2118/2118/2118 2121/2121/2121 2120/2120/2120
f 2117/2117/2117 2122/2122/2122 2112/2112/2112
f 2112/2112/2112 2122/2122/2122 2114/2114/2114
f 2123/2123/2123 2118/2118/2118 2113/2113/2113
f 2123/2123/2123 2113/2113/2113 2114/2114/2114
f 2124/2124/2124 2121/2121/2121 2118/2118/2118
f 2124/2124/2124 2118/2118/2118 2123/2123/2123
f 2125/2125/2125 2121/2121/2121 2124/2124/2124
f 2126/2126/2126 2121/2121/2121 2125/2125/2125
f 2125/2125/2125 2124/2124/2124 2127/2127/2127
f 2127/2127/2127 2124/2124/2124 2123/2123/2123
f 2127/2127/2127 2123/2123/2123 2128/2128/2128
f 2128/2128/2128 2123/2123/2123 2114/2114/2114
f 2128/2128/2128 2114/2114/2114 2129/2129/2129
f 2129/2129/2129 2114/2114/2114 2122/2122/2122
f 2129/2129/2129 2122/2122/2122 2130/2130/2130
f 2130/2130/2130 2122/2122/2122 2131/2131/2131
f 2130/2130/2130 2131/2131/2131 2132/2132/2132
f 2122/2122/2122 2133/2133/2133 2131/2131/2131
f 2133/2133/2133 2122/2122/2122 2117/2117/2117
f 2133/2133/2133 2117/2117/2117 2134/2134/2134
f 2133/2133/2133 2135/2135/2135 2131/2131/2131
f 2133/2133/2133 2134/2134/2134 2135/2135/2135
f 2132/2132/2132 2131/2131/2131 2135/2135/2135
f 2135/2135/2135 2134/2134/2134 2136/2136/2136
f 2136/2136/2136 2132/2132/2132 2135/2135/2135
f 2139/2139/2139 2138/2138/2138 2137/2137/2137
f 2140/2140/2140 2138/2138/2138 2139/2139/2139
f 2141/2141/2141 2140/2140/2140 2139/2139/2139
f 2142/2142/2142 2140/2140/2140 2141/2141/2141
f 2143/2143/2143 2142/2142/2142 2141/2141/2141
f 2144/2144/2144 2140/2140/2140 2142/2142/2142
f 2144/2144/2144 2138/2138/2138 2140/2140/2140
f 2138/2138/2138 2145/2145/2145 2137/2137/2137
f 2145/2145/2145 2138/2138/2138 2144/2144/2144
f 2137/2137/2137 2145/2145/2145 2146/2146/2146
f 2144/2144/2144 2147/2147/2147 2145/2145/2145
f 2147/2147/2147 2146/2146/2146 2145/2145/2145
f 2148/2148/2148 2147/2147/2147 2144/2144/2144
f 2147/2147/2147 2149/2149/2149 2146/2146/2146
f 2148/2148/2148 2149/2149/2149 2147/2147/2147
f 2146/2146/2146 2149/2149/2149 2150/2150/2150
f 2150/2150/2150 2149/2149/2149 2151/2151/2151
f 2149/2149/2149 2148/2148/2148 2152/2152/2152
f 2151/2151/2151 2149/2149/2149 2152/2152/2152
f 2152/2152/2152 2148/2148/2148 2153/2153/2153
f 2154/2154/2154 2151/2151/2151 2152/2152/2152
f 2153/2153/2153 2155/2155/2155 2152/2152/2152
f 2152/2152/2152 2155/2155/2155 2154/2154/2154
f 2153/2153/2153 2156/2156/2156 2155/2155/2155
f 2154/2154/2154 2155/2155/2155 2157/2157/2157
f 2156/2156/2156 2158/2158/2158 2155/2155/2155
f 2155/2155/2155 2158/2158/2158 2157/2157/2157
f 2161/2161/2161 2160/2160/2160 2159/2159/2159
f 2159/2159/2159 2162/2162/2162 2161/2161/2161
f 2162/2162/2162 2163/2163/2163 2161/2161/2161
f 2159/2159/2159 2164/2164/2164 2162/2162/2162
f 2159/2159/2159 2160/2160/2160 2164/2164/2164
f 2162/2162/2162 2165/2165/2165 2163/2163/2163
f 2162/2162/2162 2164/2164/2164 2165/2165/2165
f 2163/2163/2163 2165/2165/2165 2166/2166/2166
f 2166/2166/2166 2165/2165/2165 2167/2167/2167
f 2164/2164/2164 2168/2168/2168 2165/2165/2165
f 2169/2169/2169 2168/2168/2168 2164/2164/2164
f 2170/2170/2170 2160/2160/2160 2161/2161/2161
f 2171/2171/2171 2169/2169/2169 2164/2164/2164
f 2160/2160/2160 2171/2171/2171 2164/2164/2164
f 2172/2172/2172 2169/2169/2169 2171/2171/2171
f 2173/2173/2173 2171/2171/2171 2160/2160/2160
f 2173/2173/2173 2160/2160/2160 2170/2170/2170
f 2173/2173/2173 2174/2174/2174 2171/2171/2171
f 2175/2175/2175 2173/2173/2173 2170/2170/2170
f 2175/2175/2175 2174/2174/2174 2173/2173/2173
f 2170/2170/2170 2176/2176/2176 2175/2175/2175
f 2175/2175/2175 2176/2176/2176 2174/2174/2174
f 2177/2177/2177 2176/2176/2176 2170/2170/2170
f 2176/2176/2176 2178/2178/2178 2174/2174/2174
f 2179/2179/2179 2176/2176/2176 2177/2177/2177
f 2179/2179/2179 2178/2178/2178 2176/2176/2176
f 2180/2180/2180 2179/2179/2179 2177/2177/2177
f 2181/2181/2181 2179/2179/2179 2180/2180/2180
f 2178/2178/2178 2179/2179/2179 2181/2181/2181
f 2181/2181/2181 2180/2180/2180 2182/2182/2182
f 2181/2181/2181 2183/2183/2183 2178/2178/2178
f 2183/2183/2183 2184/2184/2184 2178/2178/2178
f 2185/2185/2185 2183/2183/2183 2181/2181/2181
f 2182/2182/2182 2185/2185/2185 2181/2181/2181
f 2186/2186/2186 2185/2185/2185 2182/2182/2182
f 2189/2189/2189 2188/2188/2188 2187/2187/2187
f 2189/2189/2189 2187/2187/2187 2190/2190/2190
f 2190/2190/2190 2187/2187/2187 2191/2191/2191
f 2192/2192/2192 2188/2188/2188 2189/2189/2189
f 2192/2192/2192 2193/2193/2193 2188/2188/2188
f 2194/2194/2194 2193/2193/2193 2192/2192/2192
f 2194/2194/2194 2195/2195/2195 2193/2193/2193
f 2196/2196/2196 2195/2195/2195 2194/2194/2194
f 2196/2196/2196 2197/2197/2197 2195/2195/2195
f 2198/2198/2198 2197/2197/2197 2196/2196/2196
f 2198/2198/2198 2199/2199/2199 2197/2197/2197
f 2200/2200/2200 2199/2199/2199 2198/2198/2198
f 2201/2201/2201 2199/2199/2199 2200/2200/2200
f 2203/2203/2203 2068/2068/2068 2202/2202/2202
f 2202/2202/2202 2204/2204/2204 2203/2203/2203
f 2203/2203/2203 2204/2204/2204 2050/2050/2050
f 2207/2207/2207 2206/2206/2206 2205/2205/2205
f 2208/2208/2208 2206/2206/2206 2207/2207/2207
f 2209/2209/2209 2207/2207/2207 2205/2205/2205
f 2210/2210/2210 2207/2207/2207 2209/2209/2209
f 2209/2209/2209 2205/2205/2205 2211/2211/2211
f 2210/2210/2210 2212/2212/2212 2207/2207/2207
f 2212/2212/2212 2208/2208/2208 2207/2207/2207
f 2213/2213/2213 2212/2212/2212 2210/2210/2210
f 2213/2213/2213 2214/2214/2214 2212/2212/2212
f 2215/2215/2215 2214/2214/2214 2213/2213/2213
f 2215/2215/2215 2216/2216/2216 2214/2214/2214
f 2217/2217/2217 2216/2216/2216 2215/2215/2215
f 2216/2216/2216 2218/2218/2218 2214/2214/2214
f 2214/2214/2214 2219/2219/2219 2212/2212/2212
f 2218/2218/2218 2219/2219/2219 2214/2214/2214
f 2219/2219/2219 2208/2208/2208 2212/2212/2212
f 2220/2220/2220 2219/2219/2219 2218/2218/2218
f 2220/2220/2220 2208/2208/2208 2219/2219/2219
f 2208/2208/2208 2220/2220/2220 2206/2206/2206
f 2220/2220/2220 2221/2221/2221 2206/2206/2206
f 2221/2221/2221 2205/2205/2205 2206/2206/2206
f 2222/2222/2222 2221/2221/2221 2220/2220/2220
f 2221/2221/2221 2223/2223/2223 2205/2205/2205
f 2222/2222/2222 2223/2223/2223 2221/2221/2221
f 2205/2205/2205 2223/2223/2223 2224/2224/2224
f 2211/2211/2211 2205/2205/2205 2224/2224/2224
f 2223/2223/2223 2222/2222/2222 2225/2225/2225
f 2224/2224/2224 2223/2223/2223 2225/2225/2225
f 2225/2225/2225 2222/2222/2222 2226/2226/2226
f 2224/2224/2224 2227/2227/2227 2211/2211/2211
f 2224/2224/2224 2225/2225/2225 2227/2227/2227
f 2226/2226/2226 2228/2228/2228 2225/2225/2225
f 2227/2227/2227 2225/2225/2225 2228/2228/2228
f 2226/2226/2226 2229/2229/2229 2228/2228/2228
f 2228/2228/2228 2229/2229/2229 2227/2227/2227
f 2211/2211/2211 2227/2227/2227 2230/2230/2230
f 2227/2227/2227 2229/2229/2229 2231/2231/2231
f 2227/2227/2227 2231/2231/2231 2230/2230/2230
f 2230/2230/2230 2231/2231/2231 2232/2232/2232
f 2235/2235/2235 2234/2234/2234 2233/2233/2233
f 2233/2233/2233 2236/2236/2236 2235/2235/2235
f 2237/2237/2237 2236/2236/2236 2233/2233/2233
f 2236/2236/2236 2238/2238/2238 2235/2235/2235
f 2239/2239/2239 2237/2237/2237 2233/2233/2233
f 2240/2240/2240 2237/2237/2237 2239/2239/2239
f 2241/2241/2241 2240/2240/2240 2239/2239/2239
f 2242/2242/2242 2240/2240/2240 2241/2241/2241
f 2239/2239/2239 2243/2243/2243 2241/2241/2241
f 2239/2239/2239 2233/2233/2233 2244/2244/2244
f 2244/2244/2244 2243/2243/2243 2239/2239/2239
f 2244/2244/2244 2233/2233/2233 2234/2234/2234
f 2244/2244/2244 2245/2245/2245 2243/2243/2243
f 2246/2246/2246 2245/2245/2245 2244/2244/2244
f 2234/2234/2234 2246/2246/2246 2244/2244/2244
f 2245/2245/2245 2246/2246/2246 2247/2247/2247
f 2247/2247/2247 2246/2246/2246 2248/2248/2248
f 2249/2249/2249 2247/2247/2247 2248/2248/2248
f 2250/2250/2250 2246/2246/2246 2234/2234/2234
f 2250/2250/2250 2248/2248/2248 2246/2246/2246
f 2234/2234/2234 2251/2251/2251 2250/2250/2250
f 2251/2251/2251 2234/2234/2234 2235/2235/2235
f 2252/2252/2252 2248/2248/2248 2250/2250/2250
f 2249/2249/2249 2248/2248/2248 2252/2252/2252
f 2250/2250/2250 2251/2251/2251 2253/2253/2253
f 2250/2250/2250 2253/2253/2253 2252/2252/2252
f 2251/2251/2251 2235/2235/2235 2254/2254/2254
f 2254/2254/2254 2253/2253/2253 2251/2251/2251
f 2252/2252/2252 2253/2253/2253 2255/2255/2255
f 2249/2249/2249 2252/2252/2252 2255/2255/2255
f 2256/2256/2256 2253/2253/2253 2254/2254/2254
f 2253/2253/2253 2256/2256/2256 2255/2255/2255
f 2254/2254/2254 2235/2235/2235 2257/2257/2257
f 2235/2235/2235 2238/2238/2238 2257/2257/2257
f 2238/2238/2238 2258/2258/2258 2257/2257/2257
f 2257/2257/2257 2259/2259/2259 2254/2254/2254
f 2254/2254/2254 2259/2259/2259 2256/2256/2256
f 2257/2257/2257 2258/2258/2258 2260/2260/2260
f 2260/2260/2260 2259/2259/2259 2257/2257/2257
f 2258/2258/2258 2261/2261/2261 2260/2260/2260
f 2260/2260/2260 2261/2261/2261 2262/2262/2262
f 2262/2262/2262 2259/2259/2259 2260/2260/2260
f 2263/2263/2263 2259/2259/2259 2262/2262/2262
f 2263/2263/2263 2264/2264/2264 2259/2259/2259
f 2256/2256/2256 2259/2259/2259 2264/2264/2264
f 2265/2265/2265 2264/2264/2264 2263/2263/2263
f 2265/2265/2265 2266/2266/2266 2264/2264/2264
f 2267/2267/2267 2266/2266/2266 2265/2265/2265
f 2268/2268/2268 2266/2266/2266 2267/2267/2267
f 2268/2268/2268 2269/2269/2269 2266/2266/2266
f 2270/2270/2270 2266/2266/2266 2269/2269/2269
f 2256/2256/2256 2264/2264/2264 2271/2271/2271
f 2266/2266/2266 2271/2271/2271 2264/2264/2264
f 2271/2271/2271 2266/2266/2266 2270/2270/2270
f 2255/2255/2255 2256/2256/2256 2271/2271/2271
f 2270/2270/2270 2249/2249/2249 2271/2271/2271
f 2255/2255/2255 2271/2271/2271 2249/2249/2249
f 2274/2274/2274 2273/2273/2273 2272/2272/2272
f 2273/2273/2273 2275/2275/2275 2272/2272/2272
f 2272/2272/2272 2275/2275/2275 2276/2276/2276
f 2277/2277/2277 2275/2275/2275 2273/2273/2273
f 2275/2275/2275 2278/2278/2278 2276/2276/2276
f 2277/2277/2277 2278/2278/2278 2275/2275/2275
f 2276/2276/2276 2278/2278/2278 2279/2279/2279
f 2278/2278/2278 2280/2280/2280 2279/2279/2279
f 2280/2280/2280 2278/2278/2278 2277/2277/2277
f 2279/2279/2279 2280/2280/2280 2281/2281/2281
f 2277/2277/2277 2282/2282/2282 2280/2280/2280
f 2280/2280/2280 2282/2282/2282 2281/2281/2281
f 2281/2281/2281 2282/2282/2282 2283/2283/2283
f 2284/2284/2284 2282/2282/2282 2277/2277/2277
f 2282/2282/2282 2285/2285/2285 2283/2283/2283
f 2284/2284/2284 2286/2286/2286 2282/2282/2282
f 2286/2286/2286 2285/2285/2285 2282/2282/2282
f 2286/2286/2286 2284/2284/2284 2287/2287/2287
f 2286/2286/2286 2287/2287/2287 2285/2285/2285
f 2287/2287/2287 2284/2284/2284 2288/2288/2288
f 2285/2285/2285 2287/2287/2287 2289/2289/2289
f 2288/2288/2288 2290/2290/2290 2287/2287/2287
f 2287/2287/2287 2290/2290/2290 2289/2289/2289
f 2288/2288/2288 2291/2291/2291 2290/2290/2290
f 2289/2289/2289 2290/2290/2290 2292/2292/2292
f 2291/2291/2291 2293/2293/2293 2290/2290/2290
f 2290/2290/2290 2293/2293/2293 2292/2292/2292
f 2296/2296/2296 2295/2295/2295 2294/2294/2294
f 2297/2297/2297 2295/2295/2295 2296/2296/2296
f 2298/2298/2298 2297/2297/2297 2296/2296/2296
f 2299/2299/2299 2297/2297/2297 2298/2298/2298
f 2300/2300/2300 2299/2299/2299 2298/2298/2298
f 2301/2301/2301 2297/2297/2297 2299/2299/2299
f 2301/2301/2301 2295/2295/2295 2297/2297/2297
f 2295/2295/2295 2302/2302/2302 2294/2294/2294
f 2302/2302/2302 2295/2295/2295 2301/2301/2301
f 2294/2294/2294 2302/2302/2302 2303/2303/2303
f 2301/2301/2301 2304/2304/2304 2302/2302/2302
f 2302/2302/2302 2304/2304/2304 2303/2303/2303
f 2303/2303/2303 2304/2304/2304 2305/2305/2305
f 2306/2306/2306 2304/2304/2304 2301/2301/2301
f 2304/2304/2304 2307/2307/2307 2305/2305/2305
f 2306/2306/2306 2308/2308/2308 2304/2304/2304
f 2308/2308/2308 2307/2307/2307 2304/2304/2304
f 2308/2308/2308 2306/2306/2306 2309/2309/2309
f 2308/2308/2308 2309/2309/2309 2307/2307/2307
f 2309/2309/2309 2306/2306/2306 2310/2310/2310
f 2307/2307/2307 2309/2309/2309 2311/2311/2311
f 2310/2310/2310 2312/2312/2312 2309/2309/2309
f 2309/2309/2309 2312/2312/2312 2311/2311/2311
f 2310/2310/2310 2313/2313/2313 2312/2312/2312
f 2311/2311/2311 2312/2312/2312 2314/2314/2314
f 2313/2313/2313 2315/2315/2315 2312/2312/2312
f 2312/2312/2312 2315/2315/2315 2314/2314/2314
f 2318/2318/2318 2317/2317/2317 2316/2316/2316
f 2317/2317/2317 2319/2319/2319 2316/2316/2316
f 2320/2320/2320 2319/2319/2319 2317/2317/2317
f 2321/2321/2321 2319/2319/2319 2320/2320/2320
f 2322/2322/2322 2320/2320/2320 2317/2317/2317
f 2322/2322/2322 2317/2317/2317 2318/2318/2318
f 2323/2323/2323 2322/2322/2322 2318/2318/2318
f 2318/2318/2318 2324/2324/2324 2323/2323/2323
f 2318/2318/2318 2316/2316/2316 2325/2325/2325
f 2325/2325/2325 2324/2324/2324 2318/2318/2318
f 2325/2325/2325 2316/2316/2316 2326/2326/2326
f 2325/2325/2325 2327/2327/2327 2324/2324/2324
f 2326/2326/2326 2328/2328/2328 2325/2325/2325
f 2328/2328/2328 2327/2327/2327 2325/2325/2325
f 2327/2327/2327 2328/2328/2328 2329/2329/2329
f 2330/2330/2330 2328/2328/2328 2326/2326/2326
f 2329/2329/2329 2328/2328/2328 2331/2331/2331
f 2330/2330/2330 2331/2331/2331 2328/2328/2328
f 2332/2332/2332 2331/2331/2331 2330/2330/2330
f 2335/2335/2335 2334/2334/2334 2333/2333/2333
f 2333/2333/2333 2336/2336/2336 2335/2335/2335
f 2336/2336/2336 2333/2333/2333 2337/2337/2337
f 2337/2337/2337 2333/2333/2333 2338/2338/2338
f 2333/2333/2333 2334/2334/2334 2338/2338/2338
f 2339/2339/2339 2336/2336/2336 2337/2337/2337
f 2338/2338/2338 2334/2334/2334 2340/2340/2340
f 2334/2334/2334 2341/2341/2341 2340/2340/2340
f 2342/2342/2342 2336/2336/2336 2339/2339/2339
f 2335/2335/2335 2336/2336/2336 2342/2342/2342
f 2343/2343/2343 2342/2342/2342 2339/2339/2339
f 2335/2335/2335 2342/2342/2342 2344/2344/2344
f 2344/2344/2344 2342/2342/2342 2343/2343/2343
f 2345/2345/2345 2334/2334/2334 2335/2335/2335
f 2346/2346/2346 2344/2344/2344 2343/2343/2343
f 2343/2343/2343 2347/2347/2347 2346/2346/2346
f 2346/2346/2346 2347/2347/2347 2348/2348/2348
f 2349/2349/2349 2347/2347/2347 2343/2343/2343
f 2350/2350/2350 2347/2347/2347 2349/2349/2349
f 2349/2349/2349 2351/2351/2351 2350/2350/2350
f 2352/2352/2352 2351/2351/2351 2349/2349/2349
f 2352/2352/2352 2353/2353/2353 2351/2351/2351
f 2354/2354/2354 2353/2353/2353 2352/2352/2352
f 2341/2341/2341 2353/2353/2353 2354/2354/2354
f 2355/2355/2355 2353/2353/2353 2341/2341/2341
f 2341/2341/2341 2356/2356/2356 2355/2355/2355
f 2345/2345/2345 2357/2357/2357 2334/2334/2334
f 2357/2357/2357 2341/2341/2341 2334/2334/2334
f 2357/2357/2357 2345/2345/2345 2358/2358/2358
f 2357/2357/2357 2358/2358/2358 2341/2341/2341
f 2358/2358/2358 2345/2345/2345 2359/2359/2359
f 2341/2341/2341 2358/2358/2358 2360/2360/2360
f 2359/2359/2359 2361/2361/2361 2358/2358/2358
f 2358/2358/2358 2361/2361/2361 2360/2360/2360
f 2359/2359/2359 2362/2362/2362 2361/2361/2361
f 2360/2360/2360 2361/2361/2361 2363/2363/2363
f 2362/2362/2362 2364/2364/2364 2361/2361/2361
f 2361/2361/2361 2364/2364/2364 2363/2363/2363
f 2367/2367/2367 2366/2366/2366 2365/2365/2365
f 2368/2368/2368 2366/2366/2366 2367/2367/2367
f 2369/2369/2369 2367/2367/2367 2365/2365/2365
f 2365/2365/2365 2366/2366/2366 2370/2370/2370
f 2369/2369/2369 2365/2365/2365 2371/2371/2371
f 2371/2371/2371 2365/2365/2365 2370/2370/2370
f 2372/2372/2372 2369/2369/2369 2371/2371/2371
f 2371/2371/2371 2373/2373/2373 2372/2372/2372
f 2371/2371/2371 2370/2370/2370 2374/2374/2374
f 2374/2374/2374 2373/2373/2373 2371/2371/2371
f 2374/2374/2374 2370/2370/2370 2375/2375/2375
f 2374/2374/2374 2376/2376/2376 2373/2373/2373
f 2375/2375/2375 2377/2377/2377 2374/2374/2374
f 2377/2377/2377 2376/2376/2376 2374/2374/2374
f 2376/2376/2376 2377/2377/2377 2378/2378/2378
f 2379/2379/2379 2377/2377/2377 2375/2375/2375
f 2378/2378/2378 2377/2377/2377 2380/2380/2380
f 2379/2379/2379 2380/2380/2380 2377/2377/2377
f 2381/2381/2381 2380/2380/2380 2379/2379/2379
f 2384/2384/2384 2383/2383/2383 2382/2382/2382
f 2385/2385/2385 2383/2383/2383 2384/2384/2384
f 2384/2384/2384 2386/2386/2386 2385/2385/2385
f 2387/2387/2387 2386/2386/2386 2384/2384/2384
f 2388/2388/2388 2387/2387/2387 2384/2384/2384
f 2384/2384/2384 2382/2382/2382 2388/2388/2388
f 2389/2389/2389 2387/2387/2387 2388/2388/2388
f 2383/2383/2383 2390/2390/2390 2382/2382/2382
f 2391/2391/2391 2390/2390/2390 2383/2383/2383
f 2388/2388/2388 2382/2382/2382 2392/2392/2392
f 2391/2391/2391 2393/2393/2393 2390/2390/2390
f 2394/2394/2394 2393/2393/2393 2391/2391/2391
f 2395/2395/2395 2393/2393/2393 2394/2394/2394
f 2395/2395/2395 2396/2396/2396 2393/2393/2393
f 2397/2397/2397 2393/2393/2393 2396/2396/2396
f 2398/2398/2398 2393/2393/2393 2397/2397/2397
f 2393/2393/2393 2398/2398/2398 2390/2390/2390
f 2397/2397/2397 2399/2399/2399 2398/2398/2398
f 2400/2400/2400 2382/2382/2382 2390/2390/2390
f 2400/2400/2400 2390/2390/2390 2398/2398/2398
f 2392/2392/2392 2382/2382/2382 2400/2400/2400
f 2401/2401/2401 2398/2398/2398 2399/2399/2399
f 2401/2401/2401 2400/2400/2400 2398/2398/2398
f 2402/2402/2402 2400/2400/2400 2401/2401/2401
f 2400/2400/2400 2402/2402/2402 2392/2392/2392
f 2399/2399/2399 2403/2403/2403 2401/2401/2401
f 2403/2403/2403 2402/2402/2402 2401/2401/2401
f 2399/2399/2399 2404/2404/2404 2403/2403/2403
f 2399/2399/2399 2405/2405/2405 2404/2404/2404
f 2406/2406/2406 2402/2402/2402 2403/2403/2403
f 2403/2403/2403 2404/2404/2404 2406/2406/2406
f 2392/2392/2392 2402/2402/2402 2407/2407/2407
f 2406/2406/2406 2407/2407/2407 2402/2402/2402
f 2392/2392/2392 2407/2407/2407 2388/2388/2388
f 2405/2405/2405 2408/2408/2408 2404/2404/2404
f 2406/2406/2406 2404/2404/2404 2408/2408/2408
f 2409/2409/2409 2408/2408/2408 2405/2405/2405
f 2410/2410/2410 2407/2407/2407 2406/2406/2406
f 2406/2406/2406 2408/2408/2408 2410/2410/2410
f 2388/2388/2388 2407/2407/2407 2411/2411/2411
f 2410/2410/2410 2411/2411/2411 2407/2407/2407
f 2411/2411/2411 2389/2389/2389 2388/2388/2388
f 2412/2412/2412 2389/2389/2389 2411/2411/2411
f 2408/2408/2408 2409/2409/2409 2413/2413/2413
f 2410/2410/2410 2408/2408/2408 2413/2413/2413
f 2413/2413/2413 2409/2409/2409 2414/2414/2414
f 2415/2415/2415 2411/2411/2411 2410/2410/2410
f 2415/2415/2415 2412/2412/2412 2411/2411/2411
f 2413/2413/2413 2415/2415/2415 2410/2410/2410
f 2416/2416/2416 2412/2412/2412 2415/2415/2415
f 2413/2413/2413 2414/2414/2414 2417/2417/2417
f 2417/2417/2417 2415/2415/2415 2413/2413/2413
f 2417/2417/2417 2416/2416/2416 2415/2415/2415
f 2417/2417/2417 2414/2414/2414 2418/2418/2418
f 2419/2419/2419 2416/2416/2416 2417/2417/2417
f 2418/2418/2418 2419/2419/2419 2417/2417/2417
f 2420/2420/2420 2419/2419/2419 2418/2418/2418
f 2423/2423/2423 2422/2422/2422 2421/2421/2421
f 2424/2424/2424 2422/2422/2422 2423/2423/2423
f 2421/2421/2421 2422/2422/2422 2425/2425/2425
f 2426/2426/2426 2424/2424/2424 2423/2423/2423
f 2425/2425/2425 2422/2422/2422 2427/2427/2427
f 2425/2425/2425 2427/2427/2427 2428/2428/2428
f 2428/2428/2428 2427/2427/2427 2429/2429/2429
f 2430/2430/2430 2424/2424/2424 2426/2426/2426
f 2425/2425/2425 2428/2428/2428 2431/2431/2431
f 2431/2431/2431 2428/2428/2428 2432/2432/2432
f 2431/2431/2431 2432/2432/2432 2433/2433/2433
f 2434/2434/2434 2425/2425/2425 2431/2431/2431
f 2434/2434/2434 2431/2431/2431 2433/2433/2433
f 2421/2421/2421 2425/2425/2425 2434/2434/2434
f 2433/2433/2433 2435/2435/2435 2434/2434/2434
f 2434/2434/2434 2435/2435/2435 2421/2421/2421
f 2435/2435/2435 2423/2423/2423 2421/2421/2421
f 2436/2436/2436 2435/2435/2435 2433/2433/2433
f 2437/2437/2437 2423/2423/2423 2435/2435/2435
f 2437/2437/2437 2435/2435/2435 2436/2436/2436
f 2437/2437/2437 2426/2426/2426 2423/2423/2423
f 2438/2438/2438 2437/2437/2437 2436/2436/2436
f 2438/2438/2438 2426/2426/2426 2437/2437/2437
f 2436/2436/2436 2439/2439/2439 2438/2438/2438
f 2438/2438/2438 2439/2439/2439 2426/2426/2426
f 2440/2440/2440 2439/2439/2439 2436/2436/2436
f 2439/2439/2439 2441/2441/2441 2426/2426/2426
f 2441/2441/2441 2430/2430/2430 2426/2426/2426
f 2442/2442/2442 2430/2430/2430 2441/2441/2441
f 2443/2443/2443 2439/2439/2439 2440/2440/2440
f 2443/2443/2443 2441/2441/2441 2439/2439/2439
f 2444/2444/2444 2443/2443/2443 2440/2440/2440
f 2445/2445/2445 2442/2442/2442 2441/2441/2441
f 2443/2443/2443 2445/2445/2445 2441/2441/2441
f 2444/2444/2444 2445/2445/2445 2443/2443/2443
f 2446/2446/2446 2442/2442/2442 2445/2445/2445
f 2445/2445/2445 2444/2444/2444 2447/2447/2447
f 2447/2447/2447 2446/2446/2446 2445/2445/2445
f 2448/2448/2448 2446/2446/2446 2447/2447/2447
f 2451/2451/2451 2450/2450/2450 2449/2449/2449
f 2452/2452/2452 2450/2450/2450 2451/2451/2451
f 2451/2451/2451 2449/2449/2449 2453/2453/2453
f 2453/2453/2453 2449/2449/2449 2454/2454/2454
f 2449/2449/2449 2455/2455/2455 2454/2454/2454
f 2449/2449/2449 2456/2456/2456 2455/2455/2455
f 2450/2450/2450 2456/2456/2456 2449/2449/2449
f 2450/2450/2450 2457/2457/2457 2456/2456/2456
f 2452/2452/2452 2457/2457/2457 2450/2450/2450
f 2458/2458/2458 2457/2457/2457 2452/2452/2452
f 2461/2461/2461 2460/2460/2460 2459/2459/2459
f 2460/2460/2460 2462/2462/2462 2459/2459/2459
f 2462/2462/2462 2460/2460/2460 2463/2463/2463
f 2459/2459/2459 2462/2462/2462 2464/2464/2464
f 2463/2463/2463 2460/2460/2460 2465/2465/2465
f 2466/2466/2466 2463/2463/2463 2465/2465/2465
f 2464/2464/2464 2467/2467/2467 2459/2459/2459
f 2468/2468/2468 2467/2467/2467 2464/2464/2464
f 2469/2469/2469 2467/2467/2467 2468/2468/2468
f 2470/2470/2470 2459/2459/2459 2467/2467/2467
f 2461/2461/2461 2459/2459/2459 2470/2470/2470
f 2471/2471/2471 2465/2465/2465 2460/2460/2460
f 2471/2471/2471 2460/2460/2460 2461/2461/2461
f 2472/2472/2472 2465/2465/2465 2471/2471/2471
f 2466/2466/2466 2465/2465/2465 2472/2472/2472
f 2461/2461/2461 2473/2473/2473 2471/2471/2471
f 2466/2466/2466 2472/2472/2472 2474/2474/2474
f 2471/2471/2471 2475/2475/2475 2472/2472/2472
f 2472/2472/2472 2475/2475/2475 2474/2474/2474
f 2471/2471/2471 2473/2473/2473 2475/2475/2475
f 2476/2476/2476 2461/2461/2461 2470/2470/2470
f 2473/2473/2473 2461/2461/2461 2476/2476/2476
f 2477/2477/2477 2475/2475/2475 2473/2473/2473
f 2478/2478/2478 2473/2473/2473 2476/2476/2476
f 2477/2477/2477 2473/2473/2473 2478/2478/2478
f 2479/2479/2479 2475/2475/2475 2477/2477/2477
f 2475/2475/2475 2479/2479/2479 2474/2474/2474
f 2478/2478/2478 2480/2480/2480 2477/2477/2477
f 2474/2474/2474 2479/2479/2479 2481/2481/2481
f 2474/2474/2474 2481/2481/2481 2466/2466/2466
f 2482/2482/2482 2466/2466/2466 2481/2481/2481
f 2481/2481/2481 2483/2483/2483 2482/2482/2482
f 2482/2482/2482 2483/2483/2483 2484/2484/2484
f 2485/2485/2485 2484/2484/2484 2483/2483/2483
f 2485/2485/2485 2483/2483/2483 2486/2486/2486
f 2486/2486/2486 2483/2483/2483 2487/2487/2487
f 2481/2481/2481 2488/2488/2488 2483/2483/2483
f 2487/2487/2487 2483/2483/2483 2488/2488/2488
f 2479/2479/2479 2488/2488/2488 2481/2481/2481
f 2487/2487/2487 2488/2488/2488 2489/2489/2489
f 2479/2479/2479 2490/2490/2490 2488/2488/2488
f 2489/2489/2489 2488/2488/2488 2490/2490/2490
f 2477/2477/2477 2490/2490/2490 2479/2479/2479
f 2477/2477/2477 2480/2480/2480 2490/2490/2490
f 2490/2490/2490 2491/2491/2491 2489/2489/2489
f 2480/2480/2480 2491/2491/2491 2490/2490/2490
f 2492/2492/2492 2491/2491/2491 2480/2480/2480
f 2493/2493/2493 2491/2491/2491 2492/2492/2492
f 2492/2492/2492 2494/2494/2494 2493/2493/2493
f 2478/2478/2478 2492/2492/2492 2480/2480/2480
f 2495/2495/2495 2494/2494/2494 2492/2492/2492
f 2496/2496/2496 2492/2492/2492 2478/2478/2478
f 2496/2496/2496 2495/2495/2495 2492/2492/2492
f 2478/2478/2478 2476/2476/2476 2496/2496/2496
f 2497/2497/2497 2495/2495/2495 2496/2496/2496
f 2496/2496/2496 2476/2476/2476 2498/2498/2498
f 2498/2498/2498 2497/2497/2497 2496/2496/2496
f 2470/2470/2470 2498/2498/2498 2476/2476/2476
f 2499/2499/2499 2497/2497/2497 2498/2498/2498
f 2500/2500/2500 2498/2498/2498 2470/2470/2470
f 2500/2500/2500 2499/2499/2499 2498/2498/2498
f 2467/2467/2467 2500/2500/2500 2470/2470/2470
f 2501/2501/2501 2499/2499/2499 2500/2500/2500
f 2502/2502/2502 2500/2500/2500 2467/2467/2467
f 2502/2502/2502 2501/2501/2501 2500/2500/2500
f 2502/2502/2502 2467/2467/2467 2469/2469/2469
f 2503/2503/2503 2501/2501/2501 2502/2502/2502
f 2469/2469/2469 2503/2503/2503 2502/2502/2502
f 2504/2504/2504 2503/2503/2503 2469/2469/2469
f 2507/2507/2507 2506/2506/2506 2505/2505/2505
f 2506/2506/2506 2508/2508/2508 2505/2505/2505
f 2505/2505/2505 2508/2508/2508 2509/2509/2509
f 2510/2510/2510 2508/2508/2508 2506/2506/2506
f 2508/2508/2508 2511/2511/2511 2509/2509/2509
f 2510/2510/2510 2511/2511/2511 2508/2508/2508
f 2509/2509/2509 2511/2511/2511 2512/2512/2512
f 2511/2511/2511 2513/2513/2513 2512/2512/2512
f 2513/2513/2513 2511/2511/2511 2510/2510/2510
f 2512/2512/2512 2513/2513/2513 2514/2514/2514
f 2510/2510/2510 2515/2515/2515 2513/2513/2513
f 2515/2515/2515 2514/2514/2514 2513/2513/2513
f 2516/2516/2516 2515/2515/2515 2510/2510/2510
f 2515/2515/2515 2517/2517/2517 2514/2514/2514
f 2516/2516/2516 2517/2517/2517 2515/2515/2515
f 2514/2514/2514 2517/2517/2517 2518/2518/2518
f 2518/2518/2518 2517/2517/2517 2519/2519/2519
f 2517/2517/2517 2516/2516/2516 2520/2520/2520
f 2519/2519/2519 2517/2517/2517 2520/2520/2520
f 2520/2520/2520 2516/2516/2516 2521/2521/2521
f 2522/2522/2522 2519/2519/2519 2520/2520/2520
f 2521/2521/2521 2523/2523/2523 2520/2520/2520
f 2520/2520/2520 2523/2523/2523 2522/2522/2522
f 2521/2521/2521 2524/2524/2524 2523/2523/2523
f 2522/2522/2522 2523/2523/2523 2525/2525/2525
f 2524/2524/2524 2526/2526/2526 2523/2523/2523
f 2523/2523/2523 2526/2526/2526 2525/2525/2525
f 2529/2529/2529 2528/2528/2528 2527/2527/2527
f 2528/2528/2528 2530/2530/2530 2527/2527/2527
f 2531/2531/2531 2530/2530/2530 2528/2528/2528
f 2532/2532/2532 2531/2531/2531 2528/2528/2528
f 2533/2533/2533 2528/2528/2528 2529/2529/2529
f 2532/2532/2532 2528/2528/2528 2533/2533/2533
f 2529/2529/2529 2534/2534/2534 2533/2533/2533
f 2533/2533/2533 2535/2535/2535 2532/2532/2532
f 2534/2534/2534 2536/2536/2536 2533/2533/2533
f 2536/2536/2536 2535/2535/2535 2533/2533/2533
f 2537/2537/2537 2536/2536/2536 2534/2534/2534
f 2538/2538/2538 2536/2536/2536 2537/2537/2537
f 2535/2535/2535 2536/2536/2536 2539/2539/2539
f 2539/2539/2539 2536/2536/2536 2538/2538/2538
f 2535/2535/2535 2539/2539/2539 2540/2540/2540
f 2539/2539/2539 2538/2538/2538 2541/2541/2541
f 2540/2540/2540 2539/2539/2539 2541/2541/2541
f 2542/2542/2542 2541/2541/2541 2538/2538/2538
f 2543/2543/2543 2541/2541/2541 2542/2542/2542
f 2541/2541/2541 2543/2543/2543 2540/2540/2540
f 2544/2544/2544 2543/2543/2543 2542/2542/2542
f 2540/2540/2540 2543/2543/2543 2545/2545/2545
f 2545/2545/2545 2543/2543/2543 2544/2544/2544
f 2540/2540/2540 2545/2545/2545 2546/2546/2546
f 2547/2547/2547 2545/2545/2545 2544/2544/2544
f 2546/2546/2546 2545/2545/2545 2547/2547/2547
f 2548/2548/2548 2546/2546/2546 2547/2547/2547
f 2547/2547/2547 2549/2549/2549 2548/2548/2548
f 2548/2548/2548 2549/2549/2549 2550/2550/2550
f 2551/2551/2551 2549/2549/2549 2547/2547/2547
f 2552/2552/2552 2549/2549/2549 2551/2551/2551
f 2555/2555/2555 2554/2554/2554 2553/2553/2553
f 2556/2556/2556 2554/2554/2554 2555/2555/2555
f 2556/2556/2556 2557/2557/2557 2554/2554/2554
f 2558/2558/2558 2557/2557/2557 2556/2556/2556
f 2559/2559/2559 2557/2557/2557 2558/2558/2558
f 2559/2559/2559 2558/2558/2558 2560/2560/2560
f 2561/2561/2561 2558/2558/2558 2556/2556/2556
f 2560/2560/2560 2558/2558/2558 2561/2561/2561
f 2555/2555/2555 2561/2561/2561 2556/2556/2556
f 2561/2561/2561 2562/2562/2562 2560/2560/2560
f 2561/2561/2561 2555/2555/2555 2562/2562/2562
f 2555/2555/2555 2553/2553/2553 2563/2563/2563
f 2563/2563/2563 2553/2553/2553 2564/2564/2564
f 2562/2562/2562 2555/2555/2555 2565/2565/2565
f 2565/2565/2565 2555/2555/2555 2563/2563/2563
f 2562/2562/2562 2565/2565/2565 2566/2566/2566
f 2563/2563/2563 2567/2567/2567 2565/2565/2565
f 2563/2563/2563 2564/2564/2564 2568/2568/2568
f 2566/2566/2566 2565/2565/2565 2569/2569/2569
f 2569/2569/2569 2565/2565/2565 2567/2567/2567
f 2569/2569/2569 2567/2567/2567 2568/2568/2568
f 2566/2566/2566 2569/2569/2569 2570/2570/2570
f 2568/2568/2568 2564/2564/2564 2571/2571/2571
f 2570/2570/2570 2569/2569/2569 2572/2572/2572
f 2569/2569/2569 2568/2568/2568 2572/2572/2572
f 2573/2573/2573 2570/2570/2570 2572/2572/2572
f 2573/2573/2573 2572/2572/2572 2574/2574/2574
f 2572/2572/2572 2568/2568/2568 2575/2575/2575
f 2568/2568/2568 2571/2571/2571 2575/2575/2575
f 2574/2574/2574 2572/2572/2572 2575/2575/2575
f 2575/2575/2575 2571/2571/2571 2576/2576/2576
f 2575/2575/2575 2576/2576/2576 2574/2574/2574
f 2574/2574/2574 2576/2576/2576 2577/2577/2577
f 2580/2580/2580 2579/2579/2579 2578/2578/2578
f 2581/2581/2581 2580/2580/2580 2578/2578/2578
f 2578/2578/2578 2582/2582/2582 2581/2581/2581
f 2583/2583/2583 2580/2580/2580 2581/2581/2581
f 2581/2581/2581 2582/2582/2582 2584/2584/2584
f 2581/2581/2581 2584/2584/2584 2583/2583/2583
f 2584/2584/2584 2582/2582/2582 2585/2585/2585
f 2584/2584/2584 2585/2585/2585 2583/2583/2583
f 2585/2585/2585 2582/2582/2582 2586/2586/2586
f 2587/2587/2587 2580/2580/2580 2583/2583/2583
f 2588/2588/2588 2579/2579/2579 2580/2580/2580
f 2588/2588/2588 2580/2580/2580 2587/2587/2587
f 2588/2588/2588 2589/2589/2589 2579/2579/2579
f 2589/2589/2589 2590/2590/2590 2579/2579/2579
f 2591/2591/2591 2588/2588/2588 2587/2587/2587
f 2591/2591/2591 2589/2589/2589 2588/2588/2588
f 2592/2592/2592 2590/2590/2590 2589/2589/2589
f 2593/2593/2593 2591/2591/2591 2587/2587/2587
f 2589/2589/2589 2594/2594/2594 2592/2592/2592
f 2591/2591/2591 2595/2595/2595 2589/2589/2589
f 2595/2595/2595 2591/2591/2591 2593/2593/2593
f 2595/2595/2595 2594/2594/2594 2589/2589/2589
f 2596/2596/2596 2595/2595/2595 2593/2593/2593
f 2596/2596/2596 2594/2594/2594 2595/2595/2595
f 2597/2597/2597 2596/2596/2596 2593/2593/2593
f 2594/2594/2594 2596/2596/2596 2598/2598/2598
f 2598/2598/2598 2596/2596/2596 2597/2597/2597
f 2598/2598/2598 2597/2597/2597 2599/2599/2599
f 2602/2602/2602 2601/2601/2601 2600/2600/2600
f 2603/2603/2603 2601/2601/2601 2602/2602/2602
f 2601/2601/2601 2604/2604/2604 2600/2600/2600
f 2605/2605/2605 2603/2603/2603 2602/2602/2602
f 2606/2606/2606 2603/2603/2603 2605/2605/2605
f 2605/2605/2605 2607/2607/2607 2606/2606/2606
f 2608/2608/2608 2607/2607/2607 2605/2605/2605
f 2602/2602/2602 2609/2609/2609 2605/2605/2605
f 2602/2602/2602 2600/2600/2600 2609/2609/2609
f 2610/2610/2610 2608/2608/2608 2605/2605/2605
f 2605/2605/2605 2609/2609/2609 2610/2610/2610
f 2611/2611/2611 2608/2608/2608 2610/2610/2610
f 2612/2612/2612 2611/2611/2611 2610/2610/2610
f 2610/2610/2610 2609/2609/2609 2612/2612/2612
f 61/61/61 2611/2611/2611 2612/2612/2612
f 60/60/60 61/61/61 2612/2612/2612
f 2612/2612/2612 2609/2609/2609 2613/2613/2613
f 60/60/60 2612/2612/2612 2613/2613/2613
f 2609/2609/2609 2614/2614/2614 2613/2613/2613
f 2609/2609/2609 2600/2600/2600 2614/2614/2614
f 2613/2613/2613 2614/2614/2614 2615/2615/2615
f 60/60/60 2613/2613/2613 2615/2615/2615
f 2600/2600/2600 2616/2616/2616 2614/2614/2614
f 2614/2614/2614 2616/2616/2616 2615/2615/2615
f 2617/2617/2617 2616/2616/2616 2600/2600/2600
f 2600/2600/2600 2604/2604/2604 2617/2617/2617
f 2618/2618/2618 2617/2617/2617 2604/2604/2604
f 2619/2619/2619 2617/2617/2617 2618/2618/2618
f 2619/2619/2619 2616/2616/2616 2617/2617/2617
f 2620/2620/2620 2619/2619/2619 2618/2618/2618
f 2621/2621/2621 2619/2619/2619 2620/2620/2620
f 2621/2621/2621 2622/2622/2622 2619/2619/2619
f 2622/2622/2622 2616/2616/2616 2619/2619/2619
f 2623/2623/2623 2622/2622/2622 2621/2621/2621
f 2623/2623/2623 62/62/62 2622/2622/2622
f 2624/2624/2624 62/62/62 2623/2623/2623
f 2616/2616/2616 2622/2622/2622 2625/2625/2625
f 2625/2625/2625 2622/2622/2622 62/62/62
f 2615/2615/2615 2616/2616/2616 2625/2625/2625
f 2625/2625/2625 62/62/62 60/60/60
f 2615/2615/2615 2625/2625/2625 60/60/60
f 2628/2628/2628 2627/2627/2627 2626/2626/2626
f 2627/2627/2627 2629/2629/2629 2626/2626/2626
f 2630/2630/2630 2629/2629/2629 2627/2627/2627
f 2631/2631/2631 2627/2627/2627 2628/2628/2628
f 2631/2631/2631 2628/2628/2628 2632/2632/2632
f 2633/2633/2633 2630/2630/2630 2627/2627/2627
f 2631/2631/2631 2633/2633/2633 2627/2627/2627
f 2634/2634/2634 2631/2631/2631 2632/2632/2632
f 2634/2634/2634 2633/2633/2633 2631/2631/2631
f 2635/2635/2635 2630/2630/2630 2633/2633/2633
f 2632/2632/2632 2636/2636/2636 2634/2634/2634
f 2636/2636/2636 2633/2633/2633 2634/2634/2634
f 2637/2637/2637 2636/2636/2636 2632/2632/2632
f 2638/2638/2638 2635/2635/2635 2633/2633/2633
f 2638/2638/2638 2633/2633/2633 2636/2636/2636
f 2639/2639/2639 2635/2635/2635 2638/2638/2638
f 2640/2640/2640 2636/2636/2636 2637/2637/2637
f 2636/2636/2636 2640/2640/2640 2638/2638/2638
f 2641/2641/2641 2639/2639/2639 2638/2638/2638
f 2640/2640/2640 2641/2641/2641 2638/2638/2638
f 2642/2642/2642 2639/2639/2639 2641/2641/2641
f 2643/2643/2643 2640/2640/2640 2637/2637/2637
f 2643/2643/2643 2641/2641/2641 2640/2640/2640
f 2637/2637/2637 2644/2644/2644 2643/2643/2643
f 2643/2643/2643 2644/2644/2644 2641/2641/2641
f 2645/2645/2645 2644/2644/2644 2637/2637/2637
f 2646/2646/2646 2642/2642/2642 2641/2641/2641
f 2644/2644/2644 2646/2646/2646 2641/2641/2641
f 2647/2647/2647 2642/2642/2642 2646/2646/2646
f 2648/2648/2648 2644/2644/2644 2645/2645/2645
f 2648/2648/2648 2646/2646/2646 2644/2644/2644
f 2649/2649/2649 2648/2648/2648 2645/2645/2645
f 2650/2650/2650 2647/2647/2647 2646/2646/2646
f 2646/2646/2646 2648/2648/2648 2650/2650/2650
f 2650/2650/2650 2648/2648/2648 2649/2649/2649
f 2651/2651/2651 2647/2647/2647 2650/2650/2650
f 2650/2650/2650 2649/2649/2649 2652/2652/2652
f 2655/2655/2655 2654/2654/2654 2653/2653/2653
f 2653/2653/2653 2654/2654/2654 2656/2656/2656
f 2656/2656/2656 2654/2654/2654 2657/2657/2657
f 2658/2658/2658 2656/2656/2656 2657/2657/2657
f 2657/2657/2657 2654/2654/2654 2658/2658/2658
f 2658/2658/2658 2654/2654/2654 2659/2659/2659
f 2658/2658/2658 2659/2659/2659 2660/2660/2660
f 2660/2660/2660 2659/2659/2659 2661/2661/2661
f 2662/2662/2662 2654/2654/2654 2655/2655/2655
f 2659/2659/2659 2654/2654/2654 2662/2662/2662
f 2663/2663/2663 2662/2662/2662 2655/2655/2655
f 2659/2659/2659 2664/2664/2664 2661/2661/2661
f 2662/2662/2662 2664/2664/2664 2659/2659/2659
f 2665/2665/2665 2661/2661/2661 2664/2664/2664
f 2664/2664/2664 2666/2666/2666 2665/2665/2665
f 2667/2667/2667 2664/2664/2664 2662/2662/2662
f 2667/2667/2667 2662/2662/2662 2663/2663/2663
f 2667/2667/2667 2666/2666/2666 2664/2664/2664
f 2668/2668/2668 2667/2667/2667 2663/2663/2663
f 2669/2669/2669 2666/2666/2666 2667/2667/2667
f 2669/2669/2669 2667/2667/2667 2668/2668/2668
f 2672/2672/2672 2671/2671/2671 2670/2670/2670
f 2673/2673/2673 2671/2671/2671 2672/2672/2672
f 2671/2671/2671 2674/2674/2674 2670/2670/2670
f 2675/2675/2675 2673/2673/2673 2672/2672/2672
f 2676/2676/2676 2673/2673/2673 2675/2675/2675
f 2675/2675/2675 2672/2672/2672 2677/2677/2677
f 2672/2672/2672 2670/2670/2670 2677/2677/2677
f 2677/2677/2677 2670/2670/2670 2678/2678/2678
f 2677/2677/2677 2678/2678/2678 2679/2679/2679
f 2670/2670/2670 2680/2680/2680 2678/2678/2678
f 2670/2670/2670 2674/2674/2674 2680/2680/2680
f 2674/2674/2674 2681/2681/2681 2680/2680/2680
f 2680/2680/2680 2681/2681/2681 2682/2682/2682
f 2681/2681/2681 2683/2683/2683 2682/2682/2682
f 2680/2680/2680 2682/2682/2682 2684/2684/2684
f 2682/2682/2682 2683/2683/2683 2685/2685/2685
f 2686/2686/2686 2685/2685/2685 2683/2683/2683
f 2687/2687/2687 2685/2685/2685 2686/2686/2686
f 2685/2685/2685 2687/2687/2687 2688/2688/2688
f 2682/2682/2682 2685/2685/2685 2689/2689/2689
f 2684/2684/2684 2682/2682/2682 2689/2689/2689
f 2684/2684/2684 2689/2689/2689 2690/2690/2690
f 2689/2689/2689 2685/2685/2685 2691/2691/2691
f 2691/2691/2691 2692/2692/2692 2689/2689/2689
f 2695/2695/2695 2694/2694/2694 2693/2693/2693
f 2696/2696/2696 2694/2694/2694 2695/2695/2695
f 2694/2694/2694 2697/2697/2697 2693/2693/2693
f 2698/2698/2698 2696/2696/2696 2695/2695/2695
f 2693/2693/2693 2697/2697/2697 2699/2699/2699
f 2697/2697/2697 2700/2700/2700 2699/2699/2699
f 2699/2699/2699 2700/2700/2700 2701/2701/2701
f 2701/2701/2701 2702/2702/2702 2699/2699/2699
f 2703/2703/2703 2696/2696/2696 2698/2698/2698
f 2699/2699/2699 2702/2702/2702 2704/2704/2704
f 2705/2705/2705 2703/2703/2703 2698/2698/2698
f 2706/2706/2706 2703/2703/2703 2705/2705/2705
f 2707/2707/2707 2706/2706/2706 2705/2705/2705
f 2708/2708/2708 2706/2706/2706 2707/2707/2707
f 2705/2705/2705 2709/2709/2709 2707/2707/2707
f 2710/2710/2710 2709/2709/2709 2705/2705/2705
f 2698/2698/2698 2710/2710/2710 2705/2705/2705
f 2710/2710/2710 2711/2711/2711 2709/2709/2709
f 2712/2712/2712 2710/2710/2710 2698/2698/2698
f 2695/2695/2695 2712/2712/2712 2698/2698/2698
f 2713/2713/2713 2711/2711/2711 2710/2710/2710
f 2712/2712/2712 2713/2713/2713 2710/2710/2710
f 2711/2711/2711 2713/2713/2713 2714/2714/2714
f 2715/2715/2715 2712/2712/2712 2695/2695/2695
f 2693/2693/2693 2715/2715/2715 2695/2695/2695
f 2716/2716/2716 2713/2713/2713 2712/2712/2712
f 2712/2712/2712 2715/2715/2715 2716/2716/2716
f 2714/2714/2714 2713/2713/2713 2717/2717/2717
f 2716/2716/2716 2717/2717/2717 2713/2713/2713
f 2718/2718/2718 2714/2714/2714 2717/2717/2717
f 2719/2719/2719 2717/2717/2717 2716/2716/2716
f 2718/2718/2718 2717/2717/2717 2719/2719/2719
f 2716/2716/2716 2715/2715/2715 2720/2720/2720
f 2716/2716/2716 2720/2720/2720 2719/2719/2719
f 2721/2721/2721 2715/2715/2715 2693/2693/2693
f 2721/2721/2721 2720/2720/2720 2715/2715/2715
f 2693/2693/2693 2699/2699/2699 2721/2721/2721
f 2721/2721/2721 2699/2699/2699 2704/2704/2704
f 2718/2718/2718 2719/2719/2719 2722/2722/2722
f 2719/2719/2719 2720/2720/2720 2722/2722/2722
f 2723/2723/2723 2720/2720/2720 2721/2721/2721
f 2720/2720/2720 2723/2723/2723 2722/2722/2722
f 2721/2721/2721 2704/2704/2704 2723/2723/2723
f 2722/2722/2722 2723/2723/2723 2724/2724/2724
f 2722/2722/2722 2724/2724/2724 2718/2718/2718
f 2725/2725/2725 2718/2718/2718 2724/2724/2724
f 2723/2723/2723 2704/2704/2704 2726/2726/2726
f 2723/2723/2723 2726/2726/2726 2724/2724/2724
f 2702/2702/2702 2726/2726/2726 2704/2704/2704
f 2727/2727/2727 2726/2726/2726 2702/2702/2702
f 2724/2724/2724 2726/2726/2726 2728/2728/2728
f 2724/2724/2724 2728/2728/2728 2725/2725/2725
f 2727/2727/2727 2728/2728/2728 2726/2726/2726
f 2725/2725/2725 2728/2728/2728 2729/2729/2729
f 2730/2730/2730 2728/2728/2728 2727/2727/2727
f 2731/2731/2731 2729/2729/2729 2728/2728/2728
f 2731/2731/2731 2728/2728/2728 2730/2730/2730
f 2734/2734/2734 2733/2733/2733 2732/2732/2732
f 2733/2733/2733 2735/2735/2735 2732/2732/2732
f 2735/2735/2735 2736/2736/2736 2732/2732/2732
f 2737/2737/2737 2735/2735/2735 2733/2733/2733
f 2733/2733/2733 2738/2738/2738 2737/2737/2737
f 2732/2732/2732 2736/2736/2736 2739/2739/2739
f 2732/2732/2732 2739/2739/2739 2734/2734/2734
f 2740/2740/2740 2739/2739/2739 2736/2736/2736
f 2741/2741/2741 2739/2739/2739 2740/2740/2740
f 2741/2741/2741 2742/2742/2742 2739/2739/2739
f 2734/2734/2734 2739/2739/2739 2742/2742/2742
f 2743/2743/2743 2742/2742/2742 2741/2741/2741
f 2742/2742/2742 2743/2743/2743 2744/2744/2744
f 2744/2744/2744 2743/2743/2743 2745/2745/2745
f 2742/2742/2742 2746/2746/2746 2734/2734/2734
f 2747/2747/2747 2734/2734/2734 2746/2746/2746
f 2748/2748/2748 2734/2734/2734 2747/2747/2747
f 2748/2748/2748 2733/2733/2733 2734/2734/2734
f 2748/2748/2748 2749/2749/2749 2733/2733/2733
f 2749/2749/2749 2738/2738/2738 2733/2733/2733
f 2750/2750/2750 2749/2749/2749 2748/2748/2748
f 2750/2750/2750 2748/2748/2748 2751/2751/2751
f 2752/2752/2752 2750/2750/2750 2751/2751/2751
f 2752/2752/2752 2749/2749/2749 2750/2750/2750
f 2753/2753/2753 2738/2738/2738 2749/2749/2749
f 2753/2753/2753 2749/2749/2749 2752/2752/2752
f 2754/2754/2754 2738/2738/2738 2753/2753/2753
f 2755/2755/2755 2754/2754/2754 2753/2753/2753
f 2756/2756/2756 2754/2754/2754 2755/2755/2755
f 2753/2753/2753 2757/2757/2757 2755/2755/2755
f 2752/2752/2752 2757/2757/2757 2753/2753/2753
f 2757/2757/2757 2752/2752/2752 2758/2758/2758
f 2758/2758/2758 2752/2752/2752 2759/2759/2759
f 2762/2762/2762 2761/2761/2761 2760/2760/2760
f 2763/2763/2763 2761/2761/2761 2762/2762/2762
f 2762/2762/2762 2760/2760/2760 2764/2764/2764
f 2760/2760/2760 2761/2761/2761 2765/2765/2765
f 2765/2765/2765 2761/2761/2761 2766/2766/2766
f 2764/2764/2764 2760/2760/2760 2767/2767/2767
f 2766/2766/2766 2768/2768/2768 2765/2765/2765
f 2760/2760/2760 2765/2765/2765 2767/2767/2767
f 2765/2765/2765 2768/2768/2768 2769/2769/2769
f 2764/2764/2764 2767/2767/2767 2770/2770/2770
f 2765/2765/2765 2769/2769/2769 2771/2771/2771
f 2767/2767/2767 2765/2765/2765 2771/2771/2771
f 2771/2771/2771 2769/2769/2769 2772/2772/2772
f 2770/2770/2770 2767/2767/2767 2773/2773/2773
f 2767/2767/2767 2771/2771/2771 2773/2773/2773
f 2770/2770/2770 2773/2773/2773 2774/2774/2774
f 2771/2771/2771 2772/2772/2772 2775/2775/2775
f 2773/2773/2773 2771/2771/2771 2775/2775/2775
f 2775/2775/2775 2772/2772/2772 2776/2776/2776
f 2774/2774/2774 2773/2773/2773 2777/2777/2777
f 2775/2775/2775 2777/2777/2777 2773/2773/2773
f 2776/2776/2776 2777/2777/2777 2775/2775/2775
f 2774/2774/2774 2777/2777/2777 2778/2778/2778
f 2779/2779/2779 2777/2777/2777 2776/2776/2776
f 2779/2779/2779 2776/2776/2776 2780/2780/2780
f 2778/2778/2778 2777/2777/2777 2781/2781/2781
f 2777/2777/2777 2779/2779/2779 2781/2781/2781
f 2778/2778/2778 2781/2781/2781 2782/2782/2782
f 2779/2779/2779 2780/2780/2780 2783/2783/2783
f 2779/2779/2779 2783/2783/2783 2781/2781/2781
f 2782/2782/2782 2781/2781/2781 2783/2783/2783
f 2783/2783/2783 2780/2780/2780 2784/2784/2784
f 2784/2784/2784 2782/2782/2782 2783/2783/2783
f 2787/2787/2787 2786/2786/2786 2785/2785/2785
f 2785/2785/2785 2786/2786/2786 2788/2788/2788
f 2788/2788/2788 2786/2786/2786 2789/2789/2789
f 2790/2790/2790 2786/2786/2786 2787/2787/2787
f 2787/2787/2787 2791/2791/2791 2790/2790/2790
f 2792/2792/2792 2791/2791/2791 2787/2787/2787
f 2793/2793/2793 2791/2791/2791 2792/2792/2792
f 2787/2787/2787 2785/2785/2785 2794/2794/2794
f 2787/2787/2787 2794/2794/2794 2792/2792/2792
f 2788/2788/2788 2795/2795/2795 2785/2785/2785
f 2794/2794/2794 2785/2785/2785 2795/2795/2795
f 2796/2796/2796 2795/2795/2795 2788/2788/2788
f 2797/2797/2797 2795/2795/2795 2796/2796/2796
f 2798/2798/2798 2795/2795/2795 2797/2797/2797
f 2798/2798/2798 2794/2794/2794 2795/2795/2795
f 2799/2799/2799 2798/2798/2798 2797/2797/2797
f 2792/2792/2792 2794/2794/2794 2800/2800/2800
f 2793/2793/2793 2792/2792/2792 2800/2800/2800
f 2801/2801/2801 2794/2794/2794 2798/2798/2798
f 2801/2801/2801 2800/2800/2800 2794/2794/2794
f 2802/2802/2802 2798/2798/2798 2799/2799/2799
f 2802/2802/2802 2801/2801/2801 2798/2798/2798
f 2799/2799/2799 2803/2803/2803 2802/2802/2802
f 2804/2804/2804 2803/2803/2803 2799/2799/2799
f 2804/2804/2804 2805/2805/2805 2803/2803/2803
f 2806/2806/2806 2805/2805/2805 2804/2804/2804
f 2805/2805/2805 2807/2807/2807 2803/2803/2803
f 2808/2808/2808 2807/2807/2807 2805/2805/2805
f 2802/2802/2802 2803/2803/2803 2809/2809/2809
f 2809/2809/2809 2801/2801/2801 2802/2802/2802
f 2809/2809/2809 2803/2803/2803 2807/2807/2807
f 2808/2808/2808 2810/2810/2810 2807/2807/2807
f 2811/2811/2811 2800/2800/2800 2801/2801/2801
f 2809/2809/2809 2811/2811/2811 2801/2801/2801
f 2793/2793/2793 2800/2800/2800 2811/2811/2811
f 2812/2812/2812 2811/2811/2811 2809/2809/2809
f 2811/2811/2811 2812/2812/2812 2793/2793/2793
f 2809/2809/2809 2807/2807/2807 2812/2812/2812
f 2813/2813/2813 2793/2793/2793 2812/2812/2812
f 2810/2810/2810 2814/2814/2814 2807/2807/2807
f 2814/2814/2814 2812/2812/2812 2807/2807/2807
f 2812/2812/2812 2814/2814/2814 2813/2813/2813
f 2810/2810/2810 2815/2815/2815 2814/2814/2814
f 2816/2816/2816 2813/2813/2813 2814/2814/2814
f 2815/2815/2815 2816/2816/2816 2814/2814/2814
f 2819/2819/2819 2818/2818/2818 2817/2817/2817
f 2820/2820/2820 2818/2818/2818 2819/2819/2819
f 2818/2818/2818 2821/2821/2821 2817/2817/2817
f 2819/2819/2819 2817/2817/2817 2822/2822/2822
f 2817/2817/2817 2821/2821/2821 2823/2823/2823
f 2823/2823/2823 2821/2821/2821 2824/2824/2824
f 2822/2822/2822 2817/2817/2817 2825/2825/2825
f 2822/2822/2822 2825/2825/2825 2826/2826/2826
f 2826/2826/2826 2825/2825/2825 2827/2827/2827
f 2817/2817/2817 2828/2828/2828 2825/2825/2825
f 2825/2825/2825 2828/2828/2828 2827/2827/2827
f 2823/2823/2823 2828/2828/2828 2817/2817/2817
f 2827/2827/2827 2828/2828/2828 2829/2829/2829
f 2824/2824/2824 2830/2830/2830 2823/2823/2823
f 2823/2823/2823 2830/2830/2830 2828/2828/2828
f 2830/2830/2830 2824/2824/2824 2831/2831/2831
f 2831/2831/2831 2832/2832/2832 2830/2830/2830
f 2828/2828/2828 2833/2833/2833 2829/2829/2829
f 2833/2833/2833 2828/2828/2828 2830/2830/2830
f 2829/2829/2829 2833/2833/2833 2834/2834/2834
f 2835/2835/2835 2830/2830/2830 2832/2832/2832
f 2833/2833/2833 2830/2830/2830 2835/2835/2835
f 2833/2833/2833 2835/2835/2835 2834/2834/2834
f 2832/2832/2832 2836/2836/2836 2835/2835/2835
f 2836/2836/2836 2834/2834/2834 2835/2835/2835
f 2839/2839/2839 2838/2838/2838 2837/2837/2837
f 2839/2839/2839 2837/2837/2837 2840/2840/2840
f 2840/2840/2840 2837/2837/2837 2841/2841/2841
f 2840/2840/2840 2841/2841/2841 2842/2842/2842
f 2842/2842/2842 2841/2841/2841 2843/2843/2843
f 2842/2842/2842 2843/2843/2843 2844/2844/2844
f 2844/2844/2844 2843/2843/2843 2845/2845/2845
f 2847/2847/2847 240/240/240 2846/2846/2846
f 2848/2848/2848 240/240/240 2847/2847/2847
f 2846/2846/2846 2849/2849/2849 2847/2847/2847
f 2847/2847/2847 2849/2849/2849 2850/2850/2850
f 2846/2846/2846 2851/2851/2851 2849/2849/2849
f 240/240/240 2851/2851/2851 2846/2846/2846
f 2849/2849/2849 2851/2851/2851 2852/2852/2852
f 2853/2853/2853 2851/2851/2851 240/240/240
f 2853/2853/2853 240/240/240 238/238/238
f 2854/2854/2854 2852/2852/2852 2851/2851/2851
f 2855/2855/2855 2852/2852/2852 2854/2854/2854
f 2856/2856/2856 2851/2851/2851 2853/2853/2853
f 2854/2854/2854 2851/2851/2851 2856/2856/2856
f 2856/2856/2856 2853/2853/2853 238/238/238
f 2855/2855/2855 2854/2854/2854 2857/2857/2857
f 238/238/238 2858/2858/2858 2856/2856/2856
f 2858/2858/2858 2854/2854/2854 2856/2856/2856
f 238/238/238 2859/2859/2859 2858/2858/2858
f 2860/2860/2860 2854/2854/2854 2858/2858/2858
f 2857/2857/2857 2854/2854/2854 2860/2860/2860
f 2859/2859/2859 2860/2860/2860 2858/2858/2858
f 2861/2861/2861 2857/2857/2857 2860/2860/2860
f 2861/2861/2861 2860/2860/2860 2859/2859/2859
f 2862/2862/2862 2857/2857/2857 2861/2861/2861
f 2861/2861/2861 2863/2863/2863 2862/2862/2862
f 2859/2859/2859 2863/2863/2863 2861/2861/2861
f 2862/2862/2862 2863/2863/2863 2864/2864/2864
f 239/239/239 2863/2863/2863 2859/2859/2859
f 238/238/238 239/239/239 2859/2859/2859
f 2866/2866/2866 2865/2865/2865 129/129/129
f 2868/2868/2868 2866/2866/2866 2867/2867/2867
f 2869/2869/2869 2866/2866/2866 2868/2868/2868
f 2869/2869/2869 2868/2868/2868 2870/2870/2870
f 2871/2871/2871 2866/2866/2866 2869/2869/2869
f 2871/2871/2871 2869/2869/2869 2870/2870/2870
f 2872/2872/2872 2865/2865/2865 2866/2866/2866
f 2872/2872/2872 2866/2866/2866 2871/2871/2871
f 2870/2870/2870 2873/2873/2873 2871/2871/2871
f 2871/2871/2871 2873/2873/2873 2872/2872/2872
f 2874/2874/2874 2873/2873/2873 2870/2870/2870
f 2875/2875/2875 2865/2865/2865 2872/2872/2872
f 2873/2873/2873 2875/2875/2875 2872/2872/2872
f 2876/2876/2876 2865/2865/2865 2875/2875/2875
f 2877/2877/2877 2873/2873/2873 2874/2874/2874
f 2877/2877/2877 2875/2875/2875 2873/2873/2873
f 2878/2878/2878 2876/2876/2876 2875/2875/2875
f 2877/2877/2877 2878/2878/2878 2875/2875/2875
f 2879/2879/2879 2876/2876/2876 2878/2878/2878
f 2878/2878/2878 2880/2880/2880 2879/2879/2879
f 2881/2881/2881 2877/2877/2877 2874/2874/2874
f 2881/2881/2881 2878/2878/2878 2877/2877/2877
f 2882/2882/2882 2881/2881/2881 2874/2874/2874
f 2881/2881/2881 2883/2883/2883 2878/2878/2878
f 2883/2883/2883 2880/2880/2880 2878/2878/2878
f 2883/2883/2883 2881/2881/2881 2882/2882/2882
f 2884/2884/2884 2880/2880/2880 2883/2883/2883
f 2884/2884/2884 2883/2883/2883 2882/2882/2882
f 2880/2880/2880 2884/2884/2884 2885/2885/2885
f 2886/2886/2886 2884/2884/2884 2882/2882/2882
f 2885/2885/2885 2884/2884/2884 2886/2886/2886
f 2885/2885/2885 2886/2886/2886 2887/2887/2887
f 2890/2890/2890 2889/2889/2889 2888/2888/2888
f 2891/2891/2891 2888/2888/2888 2889/2889/2889
f 2892/2892/2892 2890/2890/2890 2888/2888/2888
f 2893/2893/2893 2891/2891/2891 2889/2889/2889
f 2889/2889/2889 2894/2894/2894 2893/2893/2893
f 2890/2890/2890 2894/2894/2894 2889/2889/2889
f 2895/2895/2895 2893/2893/2893 2894/2894/2894
f 2894/2894/2894 2896/2896/2896 2895/2895/2895
f 2897/2897/2897 2890/2890/2890 2892/2892/2892
f 2890/2890/2890 2897/2897/2897 2894/2894/2894
f 2898/2898/2898 2897/2897/2897 2892/2892/2892
f 2896/2896/2896 2894/2894/2894 2899/2899/2899
f 2899/2899/2899 2894/2894/2894 2897/2897/2897
f 2899/2899/2899 2900/2900/2900 2896/2896/2896
f 2901/2901/2901 2900/2900/2900 2899/2899/2899
f 2899/2899/2899 2897/2897/2897 2901/2901/2901
f 2902/2902/2902 2900/2900/2900 2901/2901/2901
f 2903/2903/2903 2897/2897/2897 2898/2898/2898
f 2901/2901/2901 2897/2897/2897 2903/2903/2903
f 2904/2904/2904 2903/2903/2903 2898/2898/2898
f 2905/2905/2905 2903/2903/2903 2904/2904/2904
f 2905/2905/2905 2901/2901/2901 2903/2903/2903
f 2906/2906/2906 2901/2901/2901 2905/2905/2905
f 2906/2906/2906 2902/2902/2902 2901/2901/2901
f 2907/2907/2907 2902/2902/2902 2906/2906/2906
f 2910/2910/2910 2909/2909/2909 2908/2908/2908
f 2908/2908/2908 2911/2911/2911 2910/2910/2910
f 2912/2912/2912 2908/2908/2908 2909/2909/2909
f 2913/2913/2913 2909/2909/2909 2910/2910/2910
f 2914/2914/2914 2908/2908/2908 2912/2912/2912
f 2914/2914/2914 2911/2911/2911 2908/2908/2908
f 2912/2912/2912 2909/2909/2909 2915/2915/2915
f 2915/2915/2915 2909/2909/2909 2916/2916/2916
f 2909/2909/2909 2913/2913/2913 2916/2916/2916
f 2915/2915/2915 2917/2917/2917 2912/2912/2912
f 2918/2918/2918 2915/2915/2915 2916/2916/2916
f 2918/2918/2918 2917/2917/2917 2915/2915/2915
f 2912/2912/2912 2917/2917/2917 2919/2919/2919
f 2912/2912/2912 2919/2919/2919 2914/2914/2914
f 2918/2918/2918 2920/2920/2920 2917/2917/2917
f 2920/2920/2920 2919/2919/2919 2917/2917/2917
f 2921/2921/2921 2919/2919/2919 2920/2920/2920
f 2916/2916/2916 2922/2922/2922 2918/2918/2918
f 2916/2916/2916 2913/2913/2913 2922/2922/2922
f 2923/2923/2923 2918/2918/2918 2922/2922/2922
f 2919/2919/2919 2921/2921/2921 2924/2924/2924
f 2914/2914/2914 2919/2919/2919 2924/2924/2924
f 2924/2924/2924 2921/2921/2921 2925/2925/2925
f 2922/2922/2922 2926/2926/2926 2923/2923/2923
f 2923/2923/2923 2926/2926/2926 2927/2927/2927
f 2928/2928/2928 2927/2927/2927 2926/2926/2926
f 2928/2928/2928 2926/2926/2926 2929/2929/2929
f 2929/2929/2929 2926/2926/2926 2930/2930/2930
f 2922/2922/2922 2931/2931/2931 2926/2926/2926
f 2930/2930/2930 2926/2926/2926 2931/2931/2931
f 2913/2913/2913 2931/2931/2931 2922/2922/2922
f 2930/2930/2930 2931/2931/2931 2932/2932/2932
f 2913/2913/2913 2933/2933/2933 2931/2931/2931
f 2932/2932/2932 2931/2931/2931 2933/2933/2933
f 2910/2910/2910 2933/2933/2933 2913/2913/2913
f 2932/2932/2932 2933/2933/2933 2934/2934/2934
f 2935/2935/2935 2933/2933/2933 2910/2910/2910
f 2934/2934/2934 2933/2933/2933 2936/2936/2936
f 2936/2936/2936 2933/2933/2933 2935/2935/2935
f 2936/2936/2936 2937/2937/2937 2934/2934/2934
f 2938/2938/2938 2937/2937/2937 2936/2936/2936
f 2935/2935/2935 2938/2938/2938 2936/2936/2936
f 2939/2939/2939 2938/2938/2938 2935/2935/2935
f 2910/2910/2910 2911/2911/2911 2935/2935/2935
f 2911/2911/2911 2939/2939/2939 2935/2935/2935
f 2940/2940/2940 2939/2939/2939 2911/2911/2911
f 2941/2941/2941 2940/2940/2940 2911/2911/2911
f 2941/2941/2941 2911/2911/2911 2914/2914/2914
f 2942/2942/2942 2940/2940/2940 2941/2941/2941
f 2914/2914/2914 2924/2924/2924 2941/2941/2941
f 2943/2943/2943 2942/2942/2942 2941/2941/2941
f 2941/2941/2941 2924/2924/2924 2943/2943/2943
f 2925/2925/2925 2943/2943/2943 2924/2924/2924
f 2944/2944/2944 2942/2942/2942 2943/2943/2943
f 2945/2945/2945 2943/2943/2943 2925/2925/2925
f 2945/2945/2945 2944/2944/2944 2943/2943/2943
f 2946/2946/2946 2944/2944/2944 2945/2945/2945
f 2949/2949/2949 2948/2948/2948 2947/2947/2947
f 2950/2950/2950 2948/2948/2948 2949/2949/2949
f 2949/2949/2949 2947/2947/2947 2951/2951/2951
f 2947/2947/2947 2948/2948/2948 2952/2952/2952
f 2952/2952/2952 2948/2948/2948 2953/2953/2953
f 2951/2951/2951 2947/2947/2947 2954/2954/2954
f 2953/2953/2953 2955/2955/2955 2952/2952/2952
f 2947/2947/2947 2952/2952/2952 2954/2954/2954
f 2952/2952/2952 2955/2955/2955 2956/2956/2956
f 2951/2951/2951 2954/2954/2954 2957/2957/2957
f 2952/2952/2952 2956/2956/2956 2958/2958/2958
f 2954/2954/2954 2952/2952/2952 2958/2958/2958
f 2958/2958/2958 2956/2956/2956 2959/2959/2959
f 2957/2957/2957 2954/2954/2954 2960/2960/2960
f 2954/2954/2954 2958/2958/2958 2960/2960/2960
f 2957/2957/2957 2960/2960/2960 2961/2961/2961
f 2958/2958/2958 2959/2959/2959 2962/2962/2962
f 2960/2960/2960 2958/2958/2958 2962/2962/2962
f 2962/2962/2962 2959/2959/2959 2963/2963/2963
f 2961/2961/2961 2960/2960/2960 2964/2964/2964
f 2962/2962/2962 2964/2964/2964 2960/2960/2960
f 2963/2963/2963 2964/2964/2964 2962/2962/2962
f 2961/2961/2961 2964/2964/2964 2965/2965/2965
f 2966/2966/2966 2964/2964/2964 2963/2963/2963
f 2966/2966/2966 2963/2963/2963 2967/2967/2967
f 2965/2965/2965 2964/2964/2964 2968/2968/2968
f 2964/2964/2964 2966/2966/2966 2968/2968/2968
f 2965/2965/2965 2968/2968/2968 2969/2969/2969
f 2966/2966/2966 2967/2967/2967 2970/2970/2970
f 2966/2966/2966 2970/2970/2970 2968/2968/2968
f 2969/2969/2969 2968/2968/2968 2970/2970/2970
f 2970/2970/2970 2967/2967/2967 2971/2971/2971
f 2971/2971/2971 2969/2969/2969 2970/2970/2970
f 2974/2974/2974 2973/2973/2973 2972/2972/2972
f 2973/2973/2973 2975/2975/2975 2972/2972/2972
f 2972/2972/2972 2976/2976/2976 2974/2974/2974
f 2977/2977/2977 2976/2976/2976 2972/2972/2972
f 2977/2977/2977 2978/2978/2978 2976/2976/2976
f 2979/2979/2979 2978/2978/2978 2977/2977/2977
f 2978/2978/2978 2980/2980/2980 2976/2976/2976
f 2976/2976/2976 2980/2980/2980 2981/2981/2981
f 2976/2976/2976 2981/2981/2981 2974/2974/2974
f 2981/2981/2981 2980/2980/2980 2982/2982/2982
f 2982/2982/2982 2983/2983/2983 2981/2981/2981
f 2974/2974/2974 2981/2981/2981 2984/2984/2984
f 2981/2981/2981 2983/2983/2983 2984/2984/2984
f 2984/2984/2984 2973/2973/2973 2974/2974/2974
f 2973/2973/2973 2984/2984/2984 2985/2985/2985
f 2984/2984/2984 2983/2983/2983 2985/2985/2985
f 2985/2985/2985 2975/2975/2975 2973/2973/2973
f 2986/2986/2986 2975/2975/2975 2985/2985/2985
f 2985/2985/2985 2983/2983/2983 2986/2986/2986
f 2987/2987/2987 2986/2986/2986 2983/2983/2983
f 2990/2990/2990 2989/2989/2989 2988/2988/2988
f 2989/2989/2989 2991/2991/2991 2988/2988/2988
f 2988/2988/2988 2991/2991/2991 2992/2992/2992
f 2995/2995/2995 2994/2994/2994 2993/2993/2993
f 2993/2993/2993 2994/2994/2994 2996/2996/2996
f 2997/2997/2997 2994/2994/2994 2995/2995/2995
f 2996/2996/2996 2998/2998/2998 2993/2993/2993
f 2998/2998/2998 2996/2996/2996 2999/2999/2999
f 2999/2999/2999 3000/3000/3000 2998/2998/2998
f 3002/3002/3002 2997/2997/2997 3001/3001/3001
f 3001/3001/3001 2997/2997/2997 2995/2995/2995
f 3001/3001/3001 2995/2995/2995 3003/3003/3003
f 2993/2993/2993 3004/3004/3004 2995/2995/2995
f 2993/2993/2993 2998/2998/2998 3004/3004/3004
f 3003/3003/3003 2995/2995/2995 3005/3005/3005
f 2995/2995/2995 3004/3004/3004 3005/3005/3005
f 3003/3003/3003 3005/3005/3005 3006/3006/3006
f 3006/3006/3006 3005/3005/3005 3007/3007/3007
f 3005/3005/3005 3004/3004/3004 3007/3007/3007
f 3007/3007/3007 3004/3004/3004 3008/3008/3008
f 3004/3004/3004 3009/3009/3009 3008/3008/3008
f 3009/3009/3009 3004/3004/3004 2998/2998/2998
f 3008/3008/3008 3009/3009/3009 3010/3010/3010
f 3009/3009/3009 2998/2998/2998 3011/3011/3011
f 3009/3009/3009 3011/3011/3011 3010/3010/3010
f 3011/3011/3011 2998/2998/2998 3000/3000/3000
f 3012/3012/3012 3010/3010/3010 3011/3011/3011
f 3000/3000/3000 3012/3012/3012 3011/3011/3011
f 3015/3015/3015 3014/3014/3014 3013/3013/3013
f 3016/3016/3016 3014/3014/3014 3015/3015/3015
f 3017/3017/3017 3014/3014/3014 3016/3016/3016
f 167/167/167 3014/3014/3014 3017/3017/3017
f 166/166/166 167/167/167 3017/3017/3017
f 3015/3015/3015 3018/3018/3018 3016/3016/3016
f 3016/3016/3016 3018/3018/3018 3017/3017/3017
f 3019/3019/3019 3018/3018/3018 3015/3015/3015
f 3017/3017/3017 3018/3018/3018 3020/3020/3020
f 166/166/166 3017/3017/3017 3020/3020/3020
f 3019/3019/3019 3021/3021/3021 3018/3018/3018
f 3018/3018/3018 3021/3021/3021 3020/3020/3020
f 3022/3022/3022 3021/3021/3021 3019/3019/3019
f 3022/3022/3022 3023/3023/3023 3021/3021/3021
f 3020/3020/3020 3021/3021/3021 3024/3024/3024
f 166/166/166 3020/3020/3020 3024/3024/3024
f 3021/3021/3021 3023/3023/3023 3025/3025/3025
f 3021/3021/3021 3025/3025/3025 3024/3024/3024
f 3023/3023/3023 3026/3026/3026 3025/3025/3025
f 3024/3024/3024 3025/3025/3025 3027/3027/3027
f 3024/3024/3024 3027/3027/3027 166/166/166
f 3025/3025/3025 3026/3026/3026 3028/3028/3028
f 3025/3025/3025 3028/3028/3028 3027/3027/3027
f 3026/3026/3026 3029/3029/3029 3028/3028/3028
f 3030/3030/3030 3029/3029/3029 3026/3026/3026
f 3027/3027/3027 3028/3028/3028 168/168/168
f 3028/3028/3028 3029/3029/3029 168/168/168
f 3027/3027/3027 168/168/168 166/166/166
f 168/168/168 3029/3029/3029 3031/3031/3031
f 3034/3034/3034 3033/3033/3033 3032/3032/3032
f 3035/3035/3035 3033/3033/3033 3034/3034/3034
f 3032/3032/3032 3033/3033/3033 3036/3036/3036
f 3034/3034/3034 3032/3032/3032 3037/3037/3037
f 3032/3032/3032 3036/3036/3036 3038/3038/3038
f 3037/3037/3037 3032/3032/3032 3038/3038/3038
f 3038/3038/3038 3036/3036/3036 3039/3039/3039
f 3037/3037/3037 3038/3038/3038 3040/3040/3040
f 3038/3038/3038 3039/3039/3039 3041/3041/3041
f 3040/3040/3040 3038/3038/3038 3041/3041/3041
f 3044/3044/3044 3043/3043/3043 3042/3042/3042
f 3042/3042/3042 3045/3045/3045 3044/3044/3044
f 3045/3045/3045 3046/3046/3046 3044/3044/3044
f 3047/3047/3047 3043/3043/3043 3044/3044/3044
f 3045/3045/3045 3048/3048/3048 3046/3046/3046
f 3042/3042/3042 3048/3048/3048 3045/3045/3045
f 3046/3046/3046 3048/3048/3048 3049/3049/3049
f 3042/3042/3042 3043/3043/3043 3050/3050/3050
f 3050/3050/3050 3048/3048/3048 3042/3042/3042
f 3048/3048/3048 3051/3051/3051 3049/3049/3049
f 3048/3048/3048 3052/3052/3052 3051/3051/3051
f 3049/3049/3049 3051/3051/3051 3053/3053/3053
f 3043/3043/3043 3054/3054/3054 3050/3050/3050
f 3054/3054/3054 3052/3052/3052 3050/3050/3050
f 3055/3055/3055 3052/3052/3052 3054/3054/3054
f 3056/3056/3056 3054/3054/3054 3043/3043/3043
f 3056/3056/3056 3043/3043/3043 3047/3047/3047
f 3057/3057/3057 3055/3055/3055 3054/3054/3054
f 3056/3056/3056 3057/3057/3057 3054/3054/3054
f 3058/3058/3058 3055/3055/3055 3057/3057/3057
f 3059/3059/3059 3056/3056/3056 3047/3047/3047
f 3059/3059/3059 3057/3057/3057 3056/3056/3056
f 3060/3060/3060 3059/3059/3059 3047/3047/3047
f 3061/3061/3061 3058/3058/3058 3057/3057/3057
f 3059/3059/3059 3062/3062/3062 3057/3057/3057
f 3062/3062/3062 3059/3059/3059 3060/3060/3060
f 3062/3062/3062 3061/3061/3061 3057/3057/3057
f 3063/3063/3063 3058/3058/3058 3061/3061/3061
f 3064/3064/3064 3062/3062/3062 3060/3060/3060
f 3064/3064/3064 3061/3061/3061 3062/3062/3062
f 3065/3065/3065 3064/3064/3064 3060/3060/3060
f 3066/3066/3066 3063/3063/3063 3061/3061/3061
f 3061/3061/3061 3064/3064/3064 3066/3066/3066
f 3066/3066/3066 3064/3064/3064 3065/3065/3065
f 3067/3067/3067 3063/3063/3063 3066/3066/3066
f 3066/3066/3066 3065/3065/3065 3068/3068/3068
f 3068/3068/3068 3067/3067/3067 3066/3066/3066
f 3069/3069/3069 3067/3067/3067 3068/3068/3068
f 3072/3072/3072 3071/3071/3071 3070/3070/3070
f 3073/3073/3073 3071/3071/3071 3072/3072/3072
f 3074/3074/3074 3072/3072/3072 3070/3070/3070
f 3070/3070/3070 3071/3071/3071 3075/3075/3075
f 3074/3074/3074 3070/3070/3070 3076/3076/3076
f 3076/3076/3076 3070/3070/3070 3075/3075/3075
f 3077/3077/3077 3074/3074/3074 3076/3076/3076
f 3076/3076/3076 3078/3078/3078 3077/3077/3077
f 3076/3076/3076 3075/3075/3075 3079/3079/3079
f 3079/3079/3079 3078/3078/3078 3076/3076/3076
f 3079/3079/3079 3075/3075/3075 3080/3080/3080
f 3079/3079/3079 3081/3081/3081 3078/3078/3078
f 3080/3080/3080 3082/3082/3082 3079/3079/3079
f 3082/3082/3082 3081/3081/3081 3079/3079/3079
f 3081/3081/3081 3082/3082/3082 3083/3083/3083
f 3084/3084/3084 3082/3082/3082 3080/3080/3080
f 3083/3083/3083 3082/3082/3082 3085/3085/3085
f 3084/3084/3084 3085/3085/3085 3082/3082/3082
f 3086/3086/3086 3085/3085/3085 3084/3084/3084
f 3089/3089/3089 3088/3088/3088 3087/3087/3087
f 3090/3090/3090 3088/3088/3088 3089/3089/3089
f 3088/3088/3088 3091/3091/3091 3087/3087/3087
f 3092/3092/3092 3090/3090/3090 3089/3089/3089
f 3093/3093/3093 3090/3090/3090 3092/3092/3092
f 3094/3094/3094 3089/3089/3089 3087/3087/3087
f 3095/3095/3095 3093/3093/3093 3092/3092/3092
f 3096/3096/3096 3093/3093/3093 3095/3095/3095
f 3097/3097/3097 3096/3096/3096 3095/3095/3095
f 3098/3098/3098 3096/3096/3096 3097/3097/3097
f 3095/3095/3095 3099/3099/3099 3097/3097/3097
f 3099/3099/3099 3095/3095/3095 3100/3100/3100
f 3100/3100/3100 3095/3095/3095 3092/3092/3092
f 3099/3099/3099 3100/3100/3100 3101/3101/3101
f 3100/3100/3100 3092/3092/3092 3102/3102/3102
f 3100/3100/3100 3102/3102/3102 3101/3101/3101
f 3102/3102/3102 3092/3092/3092 3089/3089/3089
f 3101/3101/3101 3102/3102/3102 3103/3103/3103
f 3104/3104/3104 3102/3102/3102 3089/3089/3089
f 3103/3103/3103 3102/3102/3102 3104/3104/3104
f 3104/3104/3104 3089/3089/3089 3094/3094/3094
f 3104/3104/3104 3094/3094/3094 3103/3103/3103
f 3094/3094/3094 3105/3105/3105 3103/3103/3103
f 3094/3094/3094 3087/3087/3087 3105/3105/3105
f 3103/3103/3103 3105/3105/3105 3106/3106/3106
f 3087/3087/3087 3107/3107/3107 3105/3105/3105
f 3087/3087/3087 3091/3091/3091 3107/3107/3107
f 3106/3106/3106 3105/3105/3105 3108/3108/3108
f 3105/3105/3105 3107/3107/3107 3108/3108/3108
f 3107/3107/3107 3091/3091/3091 3109/3109/3109
f 3107/3107/3107 3109/3109/3109 3108/3108/3108
f 3109/3109/3109 3091/3091/3091 3110/3110/3110
f 3108/3108/3108 3111/3111/3111 3106/3106/3106
f 3108/3108/3108 3109/3109/3109 3111/3111/3111
f 3111/3111/3111 3112/3112/3112 3106/3106/3106
f 3111/3111/3111 3113/3113/3113 3112/3112/3112
f 3109/3109/3109 3113/3113/3113 3111/3111/3111
f 3109/3109/3109 3110/3110/3110 3113/3113/3113
f 3113/3113/3113 3110/3110/3110 3114/3114/3114
f 3117/3117/3117 3116/3116/3116 3115/3115/3115
f 3117/3117/3117 3115/3115/3115 3118/3118/3118
f 3118/3118/3118 3115/3115/3115 3119/3119/3119
f 3120/3120/3120 3116/3116/3116 3117/3117/3117
f 3119/3119/3119 3121/3121/3121 3118/3118/3118
f 3122/3122/3122 3116/3116/3116 3120/3120/3120
f 3118/3118/3118 3121/3121/3121 3123/3123/3123
f 3124/3124/3124 3123/3123/3123 3121/3121/3121
f 3125/3125/3125 3123/3123/3123 3124/3124/3124
f 3126/3126/3126 3123/3123/3123 3125/3125/3125
f 3127/3127/3127 3123/3123/3123 3126/3126/3126
f 3127/3127/3127 3118/3118/3118 3123/3123/3123
f 3128/3128/3128 3127/3127/3127 3126/3126/3126
f 3129/3129/3129 3127/3127/3127 3128/3128/3128
f 3130/3130/3130 3118/3118/3118 3127/3127/3127
f 3130/3130/3130 3117/3117/3117 3118/3118/3118
f 3129/3129/3129 3130/3130/3130 3127/3127/3127
f 3131/3131/3131 3129/3129/3129 3128/3128/3128
f 3132/3132/3132 3117/3117/3117 3130/3130/3130
f 3132/3132/3132 3120/3120/3120 3117/3117/3117
f 3133/3133/3133 3130/3130/3130 3129/3129/3129
f 3130/3130/3130 3133/3133/3133 3132/3132/3132
f 3134/3134/3134 3129/3129/3129 3131/3131/3131
f 3135/3135/3135 3120/3120/3120 3132/3132/3132
f 3122/3122/3122 3120/3120/3120 3135/3135/3135
f 3136/3136/3136 3134/3134/3134 3131/3131/3131
f 3132/3132/3132 3137/3137/3137 3135/3135/3135
f 3132/3132/3132 3133/3133/3133 3137/3137/3137
f 3133/3133/3133 3129/3129/3129 3138/3138/3138
f 3138/3138/3138 3137/3137/3137 3133/3133/3133
f 3138/3138/3138 3129/3129/3129 3134/3134/3134
f 3135/3135/3135 3137/3137/3137 3139/3139/3139
f 3122/3122/3122 3135/3135/3135 3139/3139/3139
f 3140/3140/3140 3137/3137/3137 3138/3138/3138
f 3140/3140/3140 3139/3139/3139 3137/3137/3137
f 3138/3138/3138 3134/3134/3134 3141/3141/3141
f 3141/3141/3141 3140/3140/3140 3138/3138/3138
f 3142/3142/3142 3134/3134/3134 3136/3136/3136
f 3141/3141/3141 3134/3134/3134 3142/3142/3142
f 3143/3143/3143 3142/3142/3142 3136/3136/3136
f 3144/3144/3144 3142/3142/3142 3143/3143/3143
f 3144/3144/3144 3141/3141/3141 3142/3142/3142
f 3145/3145/3145 3141/3141/3141 3144/3144/3144
f 3146/3146/3146 3141/3141/3141 3145/3145/3145
f 3147/3147/3147 3141/3141/3141 3146/3146/3146
f 3147/3147/3147 3140/3140/3140 3141/3141/3141
f 3148/3148/3148 3147/3147/3147 3146/3146/3146
f 3149/3149/3149 3139/3139/3139 3140/3140/3140
f 3147/3147/3147 3149/3149/3149 3140/3140/3140
f 3139/3139/3139 3149/3149/3149 3122/3122/3122
f 3150/3150/3150 3122/3122/3122 3149/3149/3149
f 3151/3151/3151 3149/3149/3149 3147/3147/3147
f 3151/3151/3151 3147/3147/3147 3148/3148/3148
f 3151/3151/3151 3150/3150/3150 3149/3149/3149
f 3148/3148/3148 3152/3152/3152 3151/3151/3151
f 3153/3153/3153 3150/3150/3150 3151/3151/3151
f 3152/3152/3152 3153/3153/3153 3151/3151/3151
f 3156/3156/3156 3155/3155/3155 3154/3154/3154
f 3156/3156/3156 3154/3154/3154 3157/3157/3157
f 3154/3154/3154 3155/3155/3155 3158/3158/3158
f 3158/3158/3158 3155/3155/3155 3159/3159/3159
f 3157/3157/3157 3154/3154/3154 3160/3160/3160
f 3160/3160/3160 3154/3154/3154 3158/3158/3158
f 3160/3160/3160 3161/3161/3161 3157/3157/3157
f 3158/3158/3158 3159/3159/3159 3162/3162/3162
f 3162/3162/3162 3160/3160/3160 3158/3158/3158
f 3160/3160/3160 3162/3162/3162 3161/3161/3161
f 3162/3162/3162 3159/3159/3159 3163/3163/3163
f 3161/3161/3161 3162/3162/3162 3164/3164/3164
f 3162/3162/3162 3163/3163/3163 3165/3165/3165
f 3164/3164/3164 3162/3162/3162 3165/3165/3165
f 3165/3165/3165 3163/3163/3163 3166/3166/3166
f 3161/3161/3161 3164/3164/3164 3167/3167/3167
f 3165/3165/3165 3166/3166/3166 3168/3168/3168
f 3165/3165/3165 3169/3169/3169 3164/3164/3164
f 3168/3168/3168 3166/3166/3166 3170/3170/3170
f 3167/3167/3167 3164/3164/3164 3171/3171/3171
f 3171/3171/3171 3164/3164/3164 3169/3169/3169
f 3171/3171/3171 3169/3169/3169 3168/3168/3168
f 3167/3167/3167 3171/3171/3171 3172/3172/3172
f 3168/3168/3168 3170/3170/3170 3173/3173/3173
f 3173/3173/3173 3170/3170/3170 3174/3174/3174
f 3171/3171/3171 3168/3168/3168 3175/3175/3175
f 3172/3172/3172 3171/3171/3171 3175/3175/3175
f 3175/3175/3175 3168/3168/3168 3173/3173/3173
f 3176/3176/3176 3172/3172/3172 3175/3175/3175
f 3176/3176/3176 3175/3175/3175 3177/3177/3177
f 3177/3177/3177 3175/3175/3175 3173/3173/3173
f 3173/3173/3173 3174/3174/3174 3177/3177/3177
f 3177/3177/3177 3174/3174/3174 3178/3178/3178
f 3181/3181/3181 3180/3180/3180 3179/3179/3179
f 3182/3182/3182 3180/3180/3180 3181/3181/3181
f 3183/3183/3183 3182/3182/3182 3181/3181/3181
f 3184/3184/3184 3182/3182/3182 3183/3183/3183
f 3185/3185/3185 3183/3183/3183 3181/3181/3181
f 3185/3185/3185 3181/3181/3181 3186/3186/3186
f 3179/3179/3179 3186/3186/3186 3181/3181/3181
f 3187/3187/3187 3186/3186/3186 3179/3179/3179
f 3187/3187/3187 3179/3179/3179 3188/3188/3188
f 3179/3179/3179 3180/3180/3180 3189/3189/3189
f 3189/3189/3189 3188/3188/3188 3179/3179/3179
f 3188/3188/3188 3189/3189/3189 3190/3190/3190
f 3189/3189/3189 3180/3180/3180 3191/3191/3191
f 3189/3189/3189 3192/3192/3192 3190/3190/3190
f 3191/3191/3191 3193/3193/3193 3189/3189/3189
f 3193/3193/3193 3192/3192/3192 3189/3189/3189
f 3192/3192/3192 3193/3193/3193 3194/3194/3194
f 3195/3195/3195 3193/3193/3193 3191/3191/3191
f 3194/3194/3194 3193/3193/3193 3196/3196/3196
f 3193/3193/3193 3195/3195/3195 3196/3196/3196
f 3196/3196/3196 3195/3195/3195 3197/3197/3197
f 3200/3200/3200 3199/3199/3199 3198/3198/3198
f 3200/3200/3200 3198/3198/3198 3201/3201/3201
f 3201/3201/3201 3198/3198/3198 3202/3202/3202
f 3203/3203/3203 3200/3200/3200 3201/3201/3201
f 3202/3202/3202 3198/3198/3198 3204/3204/3204
f 3205/3205/3205 3200/3200/3200 3203/3203/3203
f 3206/3206/3206 3205/3205/3205 3203/3203/3203
f 3205/3205/3205 3207/3207/3207 3200/3200/3200
f 3207/3207/3207 3199/3199/3199 3200/3200/3200
f 3206/3206/3206 3208/3208/3208 3205/3205/3205
f 3208/3208/3208 3207/3207/3207 3205/3205/3205
f 3208/3208/3208 3209/3209/3209 3207/3207/3207
f 3207/3207/3207 3209/3209/3209 3210/3210/3210
f 3207/3207/3207 3210/3210/3210 3199/3199/3199
f 3199/3199/3199 3210/3210/3210 3211/3211/3211
f 3211/3211/3211 3212/3212/3212 3199/3199/3199
f 3213/3213/3213 3209/3209/3209 3208/3208/3208
f 3213/3213/3213 3208/3208/3208 3206/3206/3206
f 3214/3214/3214 3209/3209/3209 3213/3213/3213
f 3215/3215/3215 3213/3213/3213 3206/3206/3206
f 3215/3215/3215 3206/3206/3206 3216/3216/3216
f 3217/3217/3217 3213/3213/3213 3215/3215/3215
f 3217/3217/3217 3214/3214/3214 3213/3213/3213
f 3218/3218/3218 3214/3214/3214 3217/3217/3217
f 3199/3199/3199 3212/3212/3212 3219/3219/3219
f 3212/3212/3212 3220/3220/3220 3219/3219/3219
f 3199/3199/3199 3219/3219/3219 3198/3198/3198
f 3219/3219/3219 3220/3220/3220 3221/3221/3221
f 3198/3198/3198 3219/3219/3219 3204/3204/3204
f 3221/3221/3221 3204/3204/3204 3219/3219/3219
f 3222/3222/3222 3204/3204/3204 3221/3221/3221
f 3222/3222/3222 3223/3223/3223 3204/3204/3204
f 3224/3224/3224 3223/3223/3223 3222/3222/3222
f 3227/3227/3227 3226/3226/3226 3225/3225/3225
f 3228/3228/3228 3226/3226/3226 3227/3227/3227
f 3227/3227/3227 3229/3229/3229 3228/3228/3228
f 3230/3230/3230 3229/3229/3229 3227/3227/3227
f 3226/3226/3226 3231/3231/3231 3225/3225/3225
f 3232/3232/3232 3230/3230/3230 3227/3227/3227
f 3225/3225/3225 3232/3232/3232 3227/3227/3227
f 1008/1008/1008 3230/3230/3230 3232/3232/3232
f 1007/1007/1007 1008/1008/1008 3232/3232/3232
f 3233/3233/3233 3232/3232/3232 3225/3225/3225
f 1007/1007/1007 3232/3232/3232 3233/3233/3233
f 3225/3225/3225 3231/3231/3231 3234/3234/3234
f 3225/3225/3225 3234/3234/3234 3233/3233/3233
f 3231/3231/3231 3235/3235/3235 3234/3234/3234
f 3233/3233/3233 3234/3234/3234 3236/3236/3236
f 1007/1007/1007 3233/3233/3233 3236/3236/3236
f 3234/3234/3234 3235/3235/3235 3237/3237/3237
f 3234/3234/3234 3237/3237/3237 3236/3236/3236
f 3235/3235/3235 3238/3238/3238 3237/3237/3237
f 3236/3236/3236 3237/3237/3237 3239/3239/3239
f 3236/3236/3236 3239/3239/3239 1007/1007/1007
f 3237/3237/3237 3238/3238/3238 3240/3240/3240
f 3240/3240/3240 3239/3239/3239 3237/3237/3237
f 3238/3238/3238 3241/3241/3241 3240/3240/3240
f 3240/3240/3240 3241/3241/3241 3242/3242/3242
f 1009/1009/1009 3239/3239/3239 3240/3240/3240
f 3240/3240/3240 3242/3242/3242 1009/1009/1009
f 3239/3239/3239 1009/1009/1009 1007/1007/1007
f 1009/1009/1009 3242/3242/3242 3243/3243/3243
f 3246/3246/3246 3245/3245/3245 3244/3244/3244
f 3247/3247/3247 3245/3245/3245 3246/3246/3246
f 3248/3248/3248 3247/3247/3247 3246/3246/3246
f 3249/3249/3249 3247/3247/3247 3248/3248/3248
f 3250/3250/3250 3248/3248/3248 3246/3246/3246
f 3250/3250/3250 3246/3246/3246 3251/3251/3251
f 3244/3244/3244 3251/3251/3251 3246/3246/3246
f 3252/3252/3252 3251/3251/3251 3244/3244/3244
f 3252/3252/3252 3244/3244/3244 3253/3253/3253
f 3244/3244/3244 3245/3245/3245 3254/3254/3254
f 3254/3254/3254 3253/3253/3253 3244/3244/3244
f 3253/3253/3253 3254/3254/3254 3255/3255/3255
f 3254/3254/3254 3245/3245/3245 3256/3256/3256
f 3254/3254/3254 3257/3257/3257 3255/3255/3255
f 3256/3256/3256 3258/3258/3258 3254/3254/3254
f 3258/3258/3258 3257/3257/3257 3254/3254/3254
f 3257/3257/3257 3258/3258/3258 3259/3259/3259
f 3260/3260/3260 3258/3258/3258 3256/3256/3256
f 3259/3259/3259 3258/3258/3258 3261/3261/3261
f 3258/3258/3258 3260/3260/3260 3261/3261/3261
f 3261/3261/3261 3260/3260/3260 3262/3262/3262
f 3265/3265/3265 3264/3264/3264 3263/3263/3263
f 3264/3264/3264 3266/3266/3266 3263/3263/3263
f 3263/3263/3263 3266/3266/3266 3265/3265/3265
f 3267/3267/3267 3266/3266/3266 3264/3264/3264
f 3268/3268/3268 3266/3266/3266 3267/3267/3267
f 3265/3265/3265 3266/3266/3266 3269/3269/3269
f 3265/3265/3265 3269/3269/3269 3270/3270/3270
f 3270/3270/3270 3269/3269/3269 3271/3271/3271
f 3272/3272/3272 3266/3266/3266 3268/3268/3268
f 3269/3269/3269 3266/3266/3266 3272/3272/3272
f 3273/3273/3273 3272/3272/3272 3268/3268/3268
f 3269/3269/3269 3274/3274/3274 3271/3271/3271
f 3272/3272/3272 3274/3274/3274 3269/3269/3269
f 3275/3275/3275 3271/3271/3271 3274/3274/3274
f 3274/3274/3274 3276/3276/3276 3275/3275/3275
f 3277/3277/3277 3274/3274/3274 3272/3272/3272
f 3277/3277/3277 3272/3272/3272 3273/3273/3273
f 3277/3277/3277 3276/3276/3276 3274/3274/3274
f 3278/3278/3278 3277/3277/3277 3273/3273/3273
f 3279/3279/3279 3276/3276/3276 3277/3277/3277
f 3279/3279/3279 3277/3277/3277 3278/3278/3278
f 3282/3282/3282 3281/3281/3281 3280/3280/3280
f 3282/3282/3282 3280/3280/3280 3283/3283/3283
f 3284/3284/3284 3281/3281/3281 3282/3282/3282
f 3284/3284/3284 3282/3282/3282 3283/3283/3283
f 3285/3285/3285 3281/3281/3281 3284/3284/3284
f 3285/3285/3285 3284/3284/3284 3286/3286/3286
f 3284/3284/3284 3283/3283/3283 3286/3286/3286
f 3283/3283/3283 3280/3280/3280 3287/3287/3287
f 3283/3283/3283 3287/3287/3287 3288/3288/3288
f 3288/3288/3288 3287/3287/3287 3289/3289/3289
f 3289/3289/3289 3290/3290/3290 3288/3288/3288
f 3288/3288/3288 3291/3291/3291 3283/3283/3283
f 3286/3286/3286 3283/3283/3283 3291/3291/3291
f 3291/3291/3291 3288/3288/3288 3292/3292/3292
f 3293/3293/3293 3286/3286/3286 3291/3291/3291
f 3292/3292/3292 3293/3293/3293 3291/3291/3291
f 3294/3294/3294 3286/3286/3286 3293/3293/3293
f 3293/3293/3293 3295/3295/3295 3294/3294/3294
f 3296/3296/3296 3295/3295/3295 3293/3293/3293
f 3293/3293/3293 3292/3292/3292 3297/3297/3297
f 3297/3297/3297 3296/3296/3296 3293/3293/3293
f 3288/3288/3288 3290/3290/3290 3297/3297/3297
f 3298/3298/3298 3296/3296/3296 3297/3297/3297
f 3297/3297/3297 3290/3290/3290 3298/3298/3298
f 3298/3298/3298 3290/3290/3290 3299/3299/3299
f 3302/3302/3302 3301/3301/3301 3300/3300/3300
f 3300/3300/3300 3301/3301/3301 3303/3303/3303
f 3300/3300/3300 3303/3303/3303 3304/3304/3304
f 3301/3301/3301 3305/3305/3305 3303/3303/3303
f 3304/3304/3304 3303/3303/3303 3306/3306/3306
f 3303/3303/3303 3305/3305/3305 3307/3307/3307
f 3307/3307/3307 3306/3306/3306 3303/3303/3303
f 3307/3307/3307 3308/3308/3308 3306/3306/3306
f 3306/3306/3306 3308/3308/3308 3304/3304/3304
f 3304/3304/3304 3308/3308/3308 3309/3309/3309
f 3305/3305/3305 3301/3301/3301 3310/3310/3310
f 3310/3310/3310 3301/3301/3301 3302/3302/3302
f 3305/3305/3305 3310/3310/3310 3311/3311/3311
f 3302/3302/3302 3313/3313/3313 3312/3312/3312
f 3302/3302/3302 3312/3312/3312 3314/3314/3314
f 3310/3310/3310 3302/3302/3302 3315/3315/3315
f 3314/3314/3314 3315/3315/3315 3302/3302/3302
f 3311/3311/3311 3310/3310/3310 3315/3315/3315
f 3316/3316/3316 3315/3315/3315 3314/3314/3314
f 3316/3316/3316 3311/3311/3311 3315/3315/3315
f 3317/3317/3317 3316/3316/3316 3314/3314/3314
f 3311/3311/3311 3316/3316/3316 3318/3318/3318
f 3318/3318/3318 3316/3316/3316 3317/3317/3317
f 3311/3311/3311 3318/3318/3318 3319/3319/3319
f 3320/3320/3320 3318/3318/3318 3317/3317/3317
f 3319/3319/3319 3318/3318/3318 3320/3320/3320
f 3321/3321/3321 3319/3319/3319 3320/3320/3320
f 3324/3324/3324 3323/3323/3323 3322/3322/3322
f 3325/3325/3325 3323/3323/3323 3324/3324/3324
f 3324/3324/3324 3326/3326/3326 3325/3325/3325
f 3327/3327/3327 3323/3323/3323 3325/3325/3325
f 3328/3328/3328 3323/3323/3323 3327/3327/3327
f 3325/3325/3325 3326/3326/3326 3329/3329/3329
f 3327/3327/3327 3330/3330/3330 3328/3328/3328
f 3326/3326/3326 3331/3331/3331 3329/3329/3329
f 3329/3329/3329 3331/3331/3331 3332/3332/3332
f 3329/3329/3329 3333/3333/3333 3325/3325/3325
f 3332/3332/3332 3334/3334/3334 3329/3329/3329
f 3333/3333/3333 3329/3329/3329 3335/3335/3335
f 3329/3329/3329 3334/3334/3334 3335/3335/3335
f 3335/3335/3335 3327/3327/3327 3333/3333/3333
f 3336/3336/3336 3330/3330/3330 3327/3327/3327
f 3327/3327/3327 3335/3335/3335 3336/3336/3336
f 3334/3334/3334 3336/3336/3336 3335/3335/3335
f 3336/3336/3336 3337/3337/3337 3330/3330/3330
f 3338/3338/3338 3337/3337/3337 3336/3336/3336
f 3338/3338/3338 3339/3339/3339 3337/3337/3337
f 3340/3340/3340 3336/3336/3336 3334/3334/3334
f 3340/3340/3340 3338/3338/3338 3336/3336/3336
f 3340/3340/3340 3339/3339/3339 3338/3338/3338
f 3341/3341/3341 3340/3340/3340 3334/3334/3334
f 3341/3341/3341 3339/3339/3339 3340/3340/3340
f 3344/3344/3344 3343/3343/3343 3342/3342/3342
f 3346/3346/3346 3345/3345/3345 3342/3342/3342
f 3342/3342/3342 3345/3345/3345 3344/3344/3344
f 3345/3345/3345 3347/3347/3347 3344/3344/3344
f 3348/3348/3348 3343/3343/3343 3344/3344/3344
f 3343/3343/3343 3348/3348/3348 3349/3349/3349
f 3349/3349/3349 3348/3348/3348 3350/3350/3350
f 3344/3344/3344 3351/3351/3351 3348/3348/3348
f 3344/3344/3344 3347/3347/3347 3351/3351/3351
f 3348/3348/3348 3351/3351/3351 3352/3352/3352
f 3348/3348/3348 3352/3352/3352 3353/3353/3353
f 3351/3351/3351 3347/3347/3347 3354/3354/3354
f 3354/3354/3354 3347/3347/3347 3355/3355/3355
f 3352/3352/3352 3351/3351/3351 3356/3356/3356
f 3352/3352/3352 3356/3356/3356 3353/3353/3353
f 3356/3356/3356 3351/3351/3351 3354/3354/3354
f 3353/3353/3353 3356/3356/3356 3357/3357/3357
f 3355/3355/3355 3358/3358/3358 3354/3354/3354
f 3356/3356/3356 3359/3359/3359 3357/3357/3357
f 3356/3356/3356 3354/3354/3354 3359/3359/3359
f 3354/3354/3354 3358/3358/3358 3360/3360/3360
f 3359/3359/3359 3354/3354/3354 3360/3360/3360
f 3358/3358/3358 3361/3361/3361 3360/3360/3360
f 3360/3360/3360 3361/3361/3361 3362/3362/3362
f 3360/3360/3360 3362/3362/3362 3359/3359/3359
f 3363/3363/3363 3362/3362/3362 3361/3361/3361
f 3364/3364/3364 3362/3362/3362 3363/3363/3363
f 3359/3359/3359 3362/3362/3362 3365/3365/3365
f 3364/3364/3364 3365/3365/3365 3362/3362/3362
f 3365/3365/3365 3366/3366/3366 3359/3359/3359
f 3367/3367/3367 3365/3365/3365 3364/3364/3364
f 3365/3365/3365 3367/3367/3367 3368/3368/3368
f 3368/3368/3368 3367/3367/3367 3369/3369/3369
f 3372/3372/3372 3371/3371/3371 3370/3370/3370
f 3371/3371/3371 3373/3373/3373 3370/3370/3370
f 3370/3370/3370 3373/3373/3373 3372/3372/3372
f 3374/3374/3374 3373/3373/3373 3371/3371/3371
f 3375/3375/3375 3373/3373/3373 3374/3374/3374
f 3372/3372/3372 3373/3373/3373 3376/3376/3376
f 3372/3372/3372 3376/3376/3376 3377/3377/3377
f 3377/3377/3377 3376/3376/3376 3378/3378/3378
f 3379/3379/3379 3373/3373/3373 3375/3375/3375
f 3376/3376/3376 3373/3373/3373 3379/3379/3379
f 3380/3380/3380 3379/3379/3379 3375/3375/3375
f 3376/3376/3376 3381/3381/3381 3378/3378/3378
f 3379/3379/3379 3381/3381/3381 3376/3376/3376
f 3382/3382/3382 3378/3378/3378 3381/3381/3381
f 3381/3381/3381 3383/3383/3383 3382/3382/3382
f 3384/3384/3384 3381/3381/3381 3379/3379/3379
f 3384/3384/3384 3379/3379/3379 3380/3380/3380
f 3384/3384/3384 3383/3383/3383 3381/3381/3381
f 3385/3385/3385 3384/3384/3384 3380/3380/3380
f 3386/3386/3386 3383/3383/3383 3384/3384/3384
f 3386/3386/3386 3384/3384/3384 3385/3385/3385
f 3389/3389/3389 3388/3388/3388 3387/3387/3387
f 3391/3391/3391 3390/3390/3390 3387/3387/3387
f 3391/3391/3391 3387/3387/3387 3392/3392/3392
f 3393/3393/3393 3387/3387/3387 3390/3390/3390
f 3392/3392/3392 3387/3387/3387 3394/3394/3394
f 3389/3389/3389 3387/3387/3387 3393/3393/3393
f 3394/3394/3394 3387/3387/3387 3388/3388/3388
f 3393/3393/3393 3395/3395/3395 3389/3389/3389
f 3394/3394/3394 3388/3388/3388 3396/3396/3396
f 3397/3397/3397 3388/3388/3388 3389/3389/3389
f 3396/3396/3396 3388/3388/3388 3398/3398/3398
f 3397/3397/3397 3398/3398/3398 3388/3388/3388
f 3399/3399/3399 3396/3396/3396 3398/3398/3398
f 3400/3400/3400 3396/3396/3396 3399/3399/3399
f 3399/3399/3399 3401/3401/3401 3400/3400/3400
f 3402/3402/3402 3401/3401/3401 3399/3399/3399
f 3403/3403/3403 3397/3397/3397 3389/3389/3389
f 3403/3403/3403 3389/3389/3389 3395/3395/3395
f 3404/3404/3404 3398/3398/3398 3397/3397/3397
f 3404/3404/3404 3399/3399/3399 3398/3398/3398
f 3405/3405/3405 3402/3402/3402 3399/3399/3399
f 3405/3405/3405 3399/3399/3399 3404/3404/3404
f 3406/3406/3406 3402/3402/3402 3405/3405/3405
f 3397/3397/3397 3407/3407/3407 3404/3404/3404
f 3407/3407/3407 3397/3397/3397 3403/3403/3403
f 3404/3404/3404 3408/3408/3408 3405/3405/3405
f 3404/3404/3404 3407/3407/3407 3408/3408/3408
f 3409/3409/3409 3406/3406/3406 3405/3405/3405
f 3405/3405/3405 3408/3408/3408 3409/3409/3409
f 3410/3410/3410 3406/3406/3406 3409/3409/3409
f 3411/3411/3411 3407/3407/3407 3403/3403/3403
f 3395/3395/3395 3411/3411/3411 3403/3403/3403
f 3395/3395/3395 3412/3412/3412 3411/3411/3411
f 3413/3413/3413 3407/3407/3407 3411/3411/3411
f 3411/3411/3411 3412/3412/3412 3413/3413/3413
f 3413/3413/3413 3408/3408/3408 3407/3407/3407
f 3414/3414/3414 3410/3410/3410 3409/3409/3409
f 3415/3415/3415 3410/3410/3410 3414/3414/3414
f 3416/3416/3416 3409/3409/3409 3408/3408/3408
f 3414/3414/3414 3409/3409/3409 3416/3416/3416
f 3416/3416/3416 3408/3408/3408 3413/3413/3413
f 3417/3417/3417 3415/3415/3415 3414/3414/3414
f 3418/3418/3418 3415/3415/3415 3417/3417/3417
f 3419/3419/3419 3418/3418/3418 3417/3417/3417
f 3420/3420/3420 3418/3418/3418 3419/3419/3419
f 3417/3417/3417 3421/3421/3421 3419/3419/3419
f 3417/3417/3417 3414/3414/3414 3422/3422/3422
f 3422/3422/3422 3421/3421/3421 3417/3417/3417
f 3422/3422/3422 3414/3414/3414 3416/3416/3416
f 3422/3422/3422 3423/3423/3423 3421/3421/3421
f 3413/3413/3413 3424/3424/3424 3416/3416/3416
f 3416/3416/3416 3424/3424/3424 3422/3422/3422
f 3424/3424/3424 3423/3423/3423 3422/3422/3422
f 3413/3413/3413 3412/3412/3412 3424/3424/3424
f 3423/3423/3423 3424/3424/3424 3425/3425/3425
f 3425/3425/3425 3424/3424/3424 3412/3412/3412
f 3395/3395/3395 3425/3425/3425 3412/3412/3412
f 3428/3428/3428 3427/3427/3427 3426/3426/3426
f 3426/3426/3426 3427/3427/3427 3429/3429/3429
f 3430/3430/3430 3429/3429/3429 3427/3427/3427
f 3431/3431/3431 3426/3426/3426 3429/3429/3429
f 3427/3427/3427 3432/3432/3432 3430/3430/3430
f 3433/3433/3433 3426/3426/3426 3431/3431/3431
f 3434/3434/3434 3432/3432/3432 3427/3427/3427
f 3434/3434/3434 3427/3427/3427 3428/3428/3428
f 3435/3435/3435 3432/3432/3432 3434/3434/3434
f 3435/3435/3435 3434/3434/3434 3436/3436/3436
f 3436/3436/3436 3434/3434/3434 3437/3437/3437
f 3434/3434/3434 3428/3428/3428 3437/3437/3437
f 3437/3437/3437 3428/3428/3428 3438/3438/3438
f 3426/3426/3426 3439/3439/3439 3428/3428/3428
f 3428/3428/3428 3439/3439/3439 3438/3438/3438
f 3433/3433/3433 3439/3439/3439 3426/3426/3426
f 3438/3438/3438 3439/3439/3439 3440/3440/3440
f 3440/3440/3440 3439/3439/3439 3441/3441/3441
f 3442/3442/3442 3439/3439/3439 3433/3433/3433
f 3441/3441/3441 3439/3439/3439 3442/3442/3442
f 3433/3433/3433 3441/3441/3441 3442/3442/3442
f 3445/3445/3445 3444/3444/3444 3443/3443/3443
f 3446/3446/3446 3444/3444/3444 3445/3445/3445
f 3445/3445/3445 3443/3443/3443 3447/3447/3447
f 3443/3443/3443 3444/3444/3444 3448/3448/3448
f 3448/3448/3448 3444/3444/3444 3449/3449/3449
f 3447/3447/3447 3443/3443/3443 3450/3450/3450
f 3449/3449/3449 3451/3451/3451 3448/3448/3448
f 3443/3443/3443 3448/3448/3448 3450/3450/3450
f 3448/3448/3448 3451/3451/3451 3452/3452/3452
f 3447/3447/3447 3450/3450/3450 3453/3453/3453
f 3448/3448/3448 3452/3452/3452 3454/3454/3454
f 3450/3450/3450 3448/3448/3448 3454/3454/3454
f 3454/3454/3454 3452/3452/3452 3455/3455/3455
f 3453/3453/3453 3450/3450/3450 3456/3456/3456
f 3450/3450/3450 3454/3454/3454 3456/3456/3456
f 3453/3453/3453 3456/3456/3456 3457/3457/3457
f 3454/3454/3454 3455/3455/3455 3458/3458/3458
f 3456/3456/3456 3454/3454/3454 3458/3458/3458
f 3458/3458/3458 3455/3455/3455 3459/3459/3459
f 3457/3457/3457 3456/3456/3456 3460/3460/3460
f 3458/3458/3458 3460/3460/3460 3456/3456/3456
f 3459/3459/3459 3460/3460/3460 3458/3458/3458
f 3457/3457/3457 3460/3460/3460 3461/3461/3461
f 3462/3462/3462 3460/3460/3460 3459/3459/3459
f 3462/3462/3462 3459/3459/3459 3463/3463/3463
f 3461/3461/3461 3460/3460/3460 3464/3464/3464
f 3460/3460/3460 3462/3462/3462 3464/3464/3464
f 3461/3461/3461 3464/3464/3464 3465/3465/3465
f 3462/3462/3462 3463/3463/3463 3466/3466/3466
f 3462/3462/3462 3466/3466/3466 3464/3464/3464
f 3465/3465/3465 3464/3464/3464 3466/3466/3466
f 3466/3466/3466 3463/3463/3463 3467/3467/3467
f 3467/3467/3467 3465/3465/3465 3466/3466/3466
f 3470/3470/3470 3469/3469/3469 3468/3468/3468
f 3471/3471/3471 3469/3469/3469 3470/3470/3470
f 3472/3472/3472 3471/3471/3471 3470/3470/3470
f 3473/3473/3473 3471/3471/3471 3472/3472/3472
f 3470/3470/3470 3474/3474/3474 3472/3472/3472
f 3475/3475/3475 3474/3474/3474 3470/3470/3470
f 3470/3470/3470 3468/3468/3468 3475/3475/3475
f 3474/3474/3474 3475/3475/3475 3476/3476/3476
f 3476/3476/3476 3475/3475/3475 3477/3477/3477
f 3475/3475/3475 3468/3468/3468 3478/3478/3478
f 3475/3475/3475 3478/3478/3478 3479/3479/3479
f 3478/3478/3478 3480/3480/3480 3479/3479/3479
f 3478/3478/3478 3468/3468/3468 3480/3480/3480
f 3468/3468/3468 3469/3469/3469 3481/3481/3481
f 3480/3480/3480 3468/3468/3468 3481/3481/3481
f 3481/3481/3481 3469/3469/3469 3482/3482/3482
f 3482/3482/3482 3483/3483/3483 3481/3481/3481
f 3480/3480/3480 3481/3481/3481 3484/3484/3484
f 3480/3480/3480 3484/3484/3484 3485/3485/3485
f 3481/3481/3481 3483/3483/3483 3486/3486/3486
f 3484/3484/3484 3481/3481/3481 3486/3486/3486
f 3483/3483/3483 3487/3487/3487 3486/3486/3486
f 3485/3485/3485 3484/3484/3484 3488/3488/3488
f 3486/3486/3486 3487/3487/3487 3489/3489/3489
f 3486/3486/3486 3489/3489/3489 3484/3484/3484
f 3490/3490/3490 3489/3489/3489 3487/3487/3487
f 3491/3491/3491 3489/3489/3489 3490/3490/3490
f 3484/3484/3484 3489/3489/3489 3492/3492/3492
f 3484/3484/3484 3492/3492/3492 3488/3488/3488
f 3491/3491/3491 3492/3492/3492 3489/3489/3489
f 3488/3488/3488 3492/3492/3492 3493/3493/3493
f 3494/3494/3494 3492/3492/3492 3491/3491/3491
f 3492/3492/3492 3494/3494/3494 3493/3493/3493
f 3497/3497/3497 3496/3496/3496 3495/3495/3495
f 3496/3496/3496 3498/3498/3498 3495/3495/3495
f 3499/3499/3499 3496/3496/3496 3497/3497/3497
f 3495/3495/3495 3498/3498/3498 3500/3500/3500
f 3501/3501/3501 3497/3497/3497 3495/3495/3495
f 3495/3495/3495 3500/3500/3500 3501/3501/3501
f 3500/3500/3500 3498/3498/3498 3502/3502/3502
f 3500/3500/3500 3502/3502/3502 3501/3501/3501
f 3502/3502/3502 3498/3498/3498 3503/3503/3503
f 3504/3504/3504 3497/3497/3497 3501/3501/3501
f 3505/3505/3505 3499/3499/3499 3497/3497/3497
f 3505/3505/3505 3497/3497/3497 3504/3504/3504
f 3505/3505/3505 3506/3506/3506 3499/3499/3499
f 3507/3507/3507 3505/3505/3505 3504/3504/3504
f 3507/3507/3507 3506/3506/3506 3505/3505/3505
f 3508/3508/3508 3507/3507/3507 3504/3504/3504
f 3507/3507/3507 3509/3509/3509 3506/3506/3506
f 3509/3509/3509 3507/3507/3507 3508/3508/3508
f 3509/3509/3509 3510/3510/3510 3506/3506/3506
f 3511/3511/3511 3509/3509/3509 3508/3508/3508
f 3511/3511/3511 3510/3510/3510 3509/3509/3509
f 3512/3512/3512 3511/3511/3511 3508/3508/3508
f 3510/3510/3510 3511/3511/3511 3513/3513/3513
f 3513/3513/3513 3511/3511/3511 3512/3512/3512
f 3513/3513/3513 3512/3512/3512 3514/3514/3514
f 3517/3517/3517 3516/3516/3516 3515/3515/3515
f 3516/3516/3516 3518/3518/3518 3515/3515/3515
f 3515/3515/3515 3518/3518/3518 3517/3517/3517
f 3519/3519/3519 3518/3518/3518 3516/3516/3516
f 3520/3520/3520 3518/3518/3518 3519/3519/3519
f 3517/3517/3517 3518/3518/3518 3521/3521/3521
f 3517/3517/3517 3521/3521/3521 3522/3522/3522
f 3522/3522/3522 3521/3521/3521 3523/3523/3523
f 3524/3524/3524 3518/3518/3518 3520/3520/3520
f 3521/3521/3521 3518/3518/3518 3524/3524/3524
f 3525/3525/3525 3524/3524/3524 3520/3520/3520
f 3521/3521/3521 3526/3526/3526 3523/3523/3523
f 3524/3524/3524 3526/3526/3526 3521/3521/3521
f 3527/3527/3527 3523/3523/3523 3526/3526/3526
f 3526/3526/3526 3528/3528/3528 3527/3527/3527
f 3529/3529/3529 3526/3526/3526 3524/3524/3524
f 3529/3529/3529 3524/3524/3524 3525/3525/3525
f 3529/3529/3529 3528/3528/3528 3526/3526/3526
f 3530/3530/3530 3529/3529/3529 3525/3525/3525
f 3531/3531/3531 3528/3528/3528 3529/3529/3529
f 3531/3531/3531 3529/3529/3529 3530/3530/3530
f 3534/3534/3534 3533/3533/3533 3532/3532/3532
f 3533/3533/3533 3535/3535/3535 3532/3532/3532
f 3532/3532/3532 3536/3536/3536 3534/3534/3534
f 3537/3537/3537 3536/3536/3536 3532/3532/3532
f 3537/3537/3537 3538/3538/3538 3536/3536/3536
f 3539/3539/3539 3538/3538/3538 3537/3537/3537
f 3538/3538/3538 3540/3540/3540 3536/3536/3536
f 3536/3536/3536 3540/3540/3540 3541/3541/3541
f 3536/3536/3536 3541/3541/3541 3534/3534/3534
f 3541/3541/3541 3540/3540/3540 3542/3542/3542
f 3542/3542/3542 3543/3543/3543 3541/3541/3541
f 3534/3534/3534 3541/3541/3541 3544/3544/3544
f 3541/3541/3541 3543/3543/3543 3544/3544/3544
f 3544/3544/3544 3533/3533/3533 3534/3534/3534
f 3533/3533/3533 3544/3544/3544 3545/3545/3545
f 3544/3544/3544 3543/3543/3543 3545/3545/3545
f 3545/3545/3545 3535/3535/3535 3533/3533/3533
f 3546/3546/3546 3535/3535/3535 3545/3545/3545
f 3545/3545/3545 3543/3543/3543 3546/3546/3546
f 3547/3547/3547 3546/3546/3546 3543/3543/3543
f 3550/3550/3550 3549/3549/3549 3548/3548/3548
f 3551/3551/3551 3549/3549/3549 3550/3550/3550
f 3548/3548/3548 3552/3552/3552 3550/3550/3550
f 3551/3551/3551 3553/3553/3553 3549/3549/3549
f 3549/3549/3549 3553/3553/3553 3554/3554/3554
f 3554/3554/3554 3553/3553/3553 3555/3555/3555
f 3555/3555/3555 3556/3556/3556 3554/3554/3554
f 3556/3556/3556 3557/3557/3557 3554/3554/3554
f 3558/3558/3558 3554/3554/3554 3557/3557/3557
f 3559/3559/3559 3554/3554/3554 3558/3558/3558
f 3559/3559/3559 3549/3549/3549 3554/3554/3554
f 3560/3560/3560 3549/3549/3549 3559/3559/3559
f 3560/3560/3560 3548/3548/3548 3549/3549/3549
f 3561/3561/3561 3548/3548/3548 3560/3560/3560
f 3561/3561/3561 3562/3562/3562 3548/3548/3548
f 3548/3548/3548 3562/3562/3562 3552/3552/3552
f 3563/3563/3563 3562/3562/3562 3561/3561/3561
f 3564/3564/3564 3552/3552/3552 3562/3562/3562
f 3565/3565/3565 3564/3564/3564 3562/3562/3562
f 3568/3568/3568 3567/3567/3567 3566/3566/3566
f 3566/3566/3566 3569/3569/3569 3568/3568/3568
f 3570/3570/3570 3566/3566/3566 3567/3567/3567
f 3569/3569/3569 3571/3571/3571 3568/3568/3568
f 3567/3567/3567 3572/3572/3572 3570/3570/3570
f 3573/3573/3573 3568/3568/3568 3571/3571/3571
f 3573/3573/3573 3567/3567/3567 3568/3568/3568
f 3574/3574/3574 3573/3573/3573 3571/3571/3571
f 3575/3575/3575 3573/3573/3573 3574/3574/3574
f 3573/3573/3573 3575/3575/3575 3567/3567/3567
f 3576/3576/3576 3575/3575/3575 3574/3574/3574
f 3572/3572/3572 3567/3567/3567 3577/3577/3577
f 3577/3577/3577 3567/3567/3567 3575/3575/3575
f 3577/3577/3577 3578/3578/3578 3572/3572/3572
f 3579/3579/3579 3578/3578/3578 3577/3577/3577
f 3577/3577/3577 3575/3575/3575 3579/3579/3579
f 3580/3580/3580 3578/3578/3578 3579/3579/3579
f 3581/3581/3581 3575/3575/3575 3576/3576/3576
f 3579/3579/3579 3575/3575/3575 3581/3581/3581
f 3582/3582/3582 3581/3581/3581 3576/3576/3576
f 3583/3583/3583 3581/3581/3581 3582/3582/3582
f 3583/3583/3583 3579/3579/3579 3581/3581/3581
f 3584/3584/3584 3579/3579/3579 3583/3583/3583
f 3584/3584/3584 3580/3580/3580 3579/3579/3579
f 3585/3585/3585 3580/3580/3580 3584/3584/3584
f 3588/3588/3588 3587/3587/3587 3586/3586/3586
f 3589/3589/3589 3587/3587/3587 3588/3588/3588
f 3587/3587/3587 3590/3590/3590 3586/3586/3586
f 3586/3586/3586 3590/3590/3590 3591/3591/3591
f 3590/3590/3590 3587/3587/3587 3592/3592/3592
f 3587/3587/3587 3589/3589/3589 3593/3593/3593
f 3592/3592/3592 3587/3587/3587 3593/3593/3593
f 3593/3593/3593 3589/3589/3589 3594/3594/3594
f 3593/3593/3593 3595/3595/3595 3592/3592/3592
f 3596/3596/3596 3593/3593/3593 3594/3594/3594
f 3593/3593/3593 3596/3596/3596 3597/3597/3597
f 3597/3597/3597 3595/3595/3595 3593/3593/3593
f 3598/3598/3598 3597/3597/3597 3596/3596/3596
f 3598/3598/3598 3599/3599/3599 3597/3597/3597
f 3600/3600/3600 3595/3595/3595 3597/3597/3597
f 3597/3597/3597 3599/3599/3599 3600/3600/3600
f 3601/3601/3601 3600/3600/3600 3599/3599/3599
f 3602/3602/3602 3595/3595/3595 3600/3600/3600
f 3601/3601/3601 3603/3603/3603 3600/3600/3600
f 3603/3603/3603 3602/3602/3602 3600/3600/3600
f 3604/3604/3604 3602/3602/3602 3603/3603/3603
f 3607/3607/3607 3606/3606/3606 3605/3605/3605
f 3608/3608/3608 3606/3606/3606 3607/3607/3607
f 3609/3609/3609 3608/3608/3608 3607/3607/3607
f 3606/3606/3606 3610/3610/3610 3605/3605/3605
f 3605/3605/3605 3610/3610/3610 3611/3611/3611
f 3611/3611/3611 3610/3610/3610 3612/3612/3612
f 3614/3614/3614 3609/3609/3609 3613/3613/3613
f 3614/3614/3614 3615/3615/3615 3609/3609/3609
f 3616/3616/3616 3615/3615/3615 3614/3614/3614
f 3616/3616/3616 3617/3617/3617 3615/3615/3615
f 3618/3618/3618 3617/3617/3617 3616/3616/3616
f 3617/3617/3617 3619/3619/3619 3615/3615/3615
f 3615/3615/3615 3620/3620/3620 3609/3609/3609
f 3615/3615/3615 3619/3619/3619 3620/3620/3620
f 3609/3609/3609 3620/3620/3620 3608/3608/3608
f 3619/3619/3619 3621/3621/3621 3620/3620/3620
f 3620/3620/3620 3622/3622/3622 3608/3608/3608
f 3620/3620/3620 3621/3621/3621 3622/3622/3622
f 3608/3608/3608 3622/3622/3622 3606/3606/3606
f 3621/3621/3621 3623/3623/3623 3622/3622/3622
f 3622/3622/3622 3624/3624/3624 3606/3606/3606
f 3622/3622/3622 3623/3623/3623 3624/3624/3624
f 3606/3606/3606 3624/3624/3624 3610/3610/3610
f 3623/3623/3623 3625/3625/3625 3624/3624/3624
f 3624/3624/3624 3626/3626/3626 3610/3610/3610
f 3624/3624/3624 3625/3625/3625 3626/3626/3626
f 3627/3627/3627 3626/3626/3626 3625/3625/3625
f 3610/3610/3610 3626/3626/3626 3612/3612/3612
f 3628/3628/3628 3626/3626/3626 3627/3627/3627
f 3628/3628/3628 3612/3612/3612 3626/3626/3626
f 3629/3629/3629 3612/3612/3612 3628/3628/3628
f 3629/3629/3629 3630/3630/3630 3612/3612/3612
f 3631/3631/3631 3630/3630/3630 3629/3629/3629
f 3634/3634/3634 3633/3633/3633 3632/3632/3632
f 3635/3635/3635 3632/3632/3632 3633/3633/3633
f 3636/3636/3636 3634/3634/3634 3632/3632/3632
f 3637/3637/3637 3635/3635/3635 3633/3633/3633
f 3633/3633/3633 3638/3638/3638 3637/3637/3637
f 3634/3634/3634 3638/3638/3638 3633/3633/3633
f 3639/3639/3639 3637/3637/3637 3638/3638/3638
f 3638/3638/3638 3640/3640/3640 3639/3639/3639
f 3641/3641/3641 3634/3634/3634 3636/3636/3636
f 3634/3634/3634 3641/3641/3641 3638/3638/3638
f 3642/3642/3642 3641/3641/3641 3636/3636/3636
f 3640/3640/3640 3638/3638/3638 3643/3643/3643
f 3643/3643/3643 3638/3638/3638 3641/3641/3641
f 3643/3643/3643 3644/3644/3644 3640/3640/3640
f 3645/3645/3645 3644/3644/3644 3643/3643/3643
f 3643/3643/3643 3641/3641/3641 3645/3645/3645
f 3646/3646/3646 3644/3644/3644 3645/3645/3645
f 3647/3647/3647 3641/3641/3641 3642/3642/3642
f 3645/3645/3645 3641/3641/3641 3647/3647/3647
f 3648/3648/3648 3647/3647/3647 3642/3642/3642
f 3649/3649/3649 3647/3647/3647 3648/3648/3648
f 3649/3649/3649 3645/3645/3645 3647/3647/3647
f 3650/3650/3650 3645/3645/3645 3649/3649/3649
f 3650/3650/3650 3646/3646/3646 3645/3645/3645
f 3651/3651/3651 3646/3646/3646 3650/3650/3650
f 3654/3654/3654 3653/3653/3653 3652/3652/3652
f 3655/3655/3655 3653/3653/3653 3654/3654/3654
f 3653/3653/3653 3656/3656/3656 3652/3652/3652
f 3653/3653/3653 3655/3655/3655 3657/3657/3657
f 3658/3658/3658 3656/3656/3656 3653/3653/3653
f 3657/3657/3657 3658/3658/3658 3653/3653/3653
f 3659/3659/3659 3658/3658/3658 3657/3657/3657
f 3662/3662/3662 3661/3661/3661 3660/3660/3660
f 3663/3663/3663 3660/3660/3660 3661/3661/3661
f 3664/3664/3664 3662/3662/3662 3660/3660/3660
f 3665/3665/3665 3663/3663/3663 3661/3661/3661
f 3661/3661/3661 3666/3666/3666 3665/3665/3665
f 3662/3662/3662 3666/3666/3666 3661/3661/3661
f 3667/3667/3667 3665/3665/3665 3666/3666/3666
f 3666/3666/3666 3668/3668/3668 3667/3667/3667
f 3669/3669/3669 3662/3662/3662 3664/3664/3664
f 3662/3662/3662 3669/3669/3669 3666/3666/3666
f 3670/3670/3670 3669/3669/3669 3664/3664/3664
f 3668/3668/3668 3666/3666/3666 3671/3671/3671
f 3671/3671/3671 3666/3666/3666 3669/3669/3669
f 3671/3671/3671 3672/3672/3672 3668/3668/3668
f 3673/3673/3673 3672/3672/3672 3671/3671/3671
f 3671/3671/3671 3669/3669/3669 3673/3673/3673
f 3674/3674/3674 3672/3672/3672 3673/3673/3673
f 3675/3675/3675 3669/3669/3669 3670/3670/3670
f 3673/3673/3673 3669/3669/3669 3675/3675/3675
f 3676/3676/3676 3675/3675/3675 3670/3670/3670
f 3677/3677/3677 3675/3675/3675 3676/3676/3676
f 3677/3677/3677 3673/3673/3673 3675/3675/3675
f 3678/3678/3678 3673/3673/3673 3677/3677/3677
f 3678/3678/3678 3674/3674/3674 3673/3673/3673
f 3679/3679/3679 3674/3674/3674 3678/3678/3678
f 3682/3682/3682 3681/3681/3681 3680/3680/3680
f 3680/3680/3680 3681/3681/3681 3683/3683/3683
f 3683/3683/3683 3681/3681/3681 3684/3684/3684
f 3685/3685/3685 3683/3683/3683 3684/3684/3684
f 3684/3684/3684 3681/3681/3681 3685/3685/3685
f 3685/3685/3685 3681/3681/3681 3686/3686/3686
f 3685/3685/3685 3686/3686/3686 3687/3687/3687
f 3687/3687/3687 3686/3686/3686 3688/3688/3688
f 3689/3689/3689 3681/3681/3681 3682/3682/3682
f 3686/3686/3686 3681/3681/3681 3689/3689/3689
f 3690/3690/3690 3689/3689/3689 3682/3682/3682
f 3686/3686/3686 3691/3691/3691 3688/3688/3688
f 3689/3689/3689 3691/3691/3691 3686/3686/3686
f 3692/3692/3692 3688/3688/3688 3691/3691/3691
f 3691/3691/3691 3693/3693/3693 3692/3692/3692
f 3694/3694/3694 3691/3691/3691 3689/3689/3689
f 3694/3694/3694 3689/3689/3689 3690/3690/3690
f 3694/3694/3694 3693/3693/3693 3691/3691/3691
f 3695/3695/3695 3694/3694/3694 3690/3690/3690
f 3696/3696/3696 3693/3693/3693 3694/3694/3694
f 3696/3696/3696 3694/3694/3694 3695/3695/3695
f 3699/3699/3699 3698/3698/3698 3697/3697/3697
f 3700/3700/3700 3698/3698/3698 3699/3699/3699
f 3701/3701/3701 3697/3697/3697 3698/3698/3698
f 3699/3699/3699 3697/3697/3697 3702/3702/3702
f 3703/3703/3703 3697/3697/3697 3701/3701/3701
f 3702/3702/3702 3697/3697/3697 3704/3704/3704
f 3697/3697/3697 3703/3703/3703 3704/3704/3704
f 3704/3704/3704 3705/3705/3705 3702/3702/3702
f 3704/3704/3704 3703/3703/3703 3706/3706/3706
f 3704/3704/3704 3706/3706/3706 3707/3707/3707
f 3707/3707/3707 3705/3705/3705 3704/3704/3704
f 3707/3707/3707 3706/3706/3706 3708/3708/3708
f 3708/3708/3708 3709/3709/3709 3707/3707/3707
f 3707/3707/3707 3710/3710/3710 3705/3705/3705
f 3709/3709/3709 3710/3710/3710 3707/3707/3707
f 3710/3710/3710 3711/3711/3711 3705/3705/3705
f 3709/3709/3709 3712/3712/3712 3710/3710/3710
f 3712/3712/3712 3711/3711/3711 3710/3710/3710
f 3713/3713/3713 3711/3711/3711 3712/3712/3712
f 3716/3716/3716 3715/3715/3715 3714/3714/3714
f 3717/3717/3717 3715/3715/3715 3716/3716/3716
f 3716/3716/3716 3714/3714/3714 3718/3718/3718
f 3714/3714/3714 3715/3715/3715 3719/3719/3719
f 3719/3719/3719 3715/3715/3715 3720/3720/3720
f 3718/3718/3718 3714/3714/3714 3721/3721/3721
f 3720/3720/3720 3722/3722/3722 3719/3719/3719
f 3714/3714/3714 3719/3719/3719 3721/3721/3721
f 3719/3719/3719 3722/3722/3722 3723/3723/3723
f 3721/3721/3721 3724/3724/3724 3718/3718/3718
f 3719/3719/3719 3723/3723/3723 3725/3725/3725
f 3721/3721/3721 3719/3719/3719 3725/3725/3725
f 3725/3725/3725 3723/3723/3723 3726/3726/3726
f 3727/3727/3727 3724/3724/3724 3721/3721/3721
f 3721/3721/3721 3725/3725/3725 3727/3727/3727
f 3724/3724/3724 3727/3727/3727 3728/3728/3728
f 3726/3726/3726 3729/3729/3729 3725/3725/3725
f 3727/3727/3727 3725/3725/3725 3730/3730/3730
f 3725/3725/3725 3729/3729/3729 3730/3730/3730
f 3727/3727/3727 3730/3730/3730 3731/3731/3731
f 3729/3729/3729 3731/3731/3731 3730/3730/3730
f 3728/3728/3728 3727/3727/3727 3731/3731/3731
f 3732/3732/3732 3731/3731/3731 3729/3729/3729
f 3733/3733/3733 3732/3732/3732 3729/3729/3729
f 3733/3733/3733 3734/3734/3734 3732/3732/3732
f 3732/3732/3732 3735/3735/3735 3731/3731/3731
f 3732/3732/3732 3734/3734/3734 3735/3735/3735
f 3731/3731/3731 3735/3735/3735 3728/3728/3728
f 3735/3735/3735 3734/3734/3734 3736/3736/3736
f 3728/3728/3728 3735/3735/3735 3736/3736/3736
f 3739/3739/3739 3738/3738/3738 3737/3737/3737
f 3740/3740/3740 3739/3739/3739 3737/3737/3737
f 3741/3741/3741 3739/3739/3739 3740/3740/3740
f 3740/3740/3740 3742/3742/3742 3741/3741/3741
f 3743/3743/3743 3742/3742/3742 3740/3740/3740
f 3744/3744/3744 3740/3740/3740 3737/3737/3737
f 3745/3745/3745 3743/3743/3743 3740/3740/3740
f 3740/3740/3740 3744/3744/3744 3745/3745/3745
f 3746/3746/3746 3743/3743/3743 3745/3745/3745
f 3737/3737/3737 3747/3747/3747 3744/3744/3744
f 3745/3745/3745 3748/3748/3748 3746/3746/3746
f 3746/3746/3746 3748/3748/3748 3749/3749/3749
f 3747/3747/3747 3748/3748/3748 3745/3745/3745
f 3750/3750/3750 3748/3748/3748 3747/3747/3747
f 3747/3747/3747 3737/3737/3737 3738/3738/3738
f 3747/3747/3747 3751/3751/3751 3750/3750/3750
f 3738/3738/3738 3751/3751/3751 3747/3747/3747
f 3738/3738/3738 3752/3752/3752 3751/3751/3751
f 3753/3753/3753 3752/3752/3752 3738/3738/3738
f 3753/3753/3753 3754/3754/3754 3752/3752/3752
f 3755/3755/3755 3753/3753/3753 3738/3738/3738
f 3755/3755/3755 3754/3754/3754 3753/3753/3753
f 3755/3755/3755 3738/3738/3738 3739/3739/3739
f 3756/3756/3756 3754/3754/3754 3755/3755/3755
f 3756/3756/3756 3755/3755/3755 3739/3739/3739
f 3759/3759/3759 3758/3758/3758 3757/3757/3757
f 3760/3760/3760 3758/3758/3758 3759/3759/3759
f 3759/3759/3759 3757/3757/3757 3761/3761/3761
f 3762/3762/3762 3760/3760/3760 3759/3759/3759
f 3761/3761/3761 3763/3763/3763 3759/3759/3759
f 3759/3759/3759 3763/3763/3763 3762/3762/3762
f 3761/3761/3761 3764/3764/3764 3763/3763/3763
f 3765/3765/3765 3762/3762/3762 3763/3763/3763
f 3763/3763/3763 3764/3764/3764 3765/3765/3765
f 3764/3764/3764 3766/3766/3766 3765/3765/3765
f 3769/3769/3769 3768/3768/3768 3767/3767/3767
f 3770/3770/3770 3767/3767/3767 3768/3768/3768
f 3771/3771/3771 3769/3769/3769 3767/3767/3767
f 3772/3772/3772 3770/3770/3770 3768/3768/3768
f 3768/3768/3768 3773/3773/3773 3772/3772/3772
f 3769/3769/3769 3773/3773/3773 3768/3768/3768
f 3774/3774/3774 3772/3772/3772 3773/3773/3773
f 3773/3773/3773 3775/3775/3775 3774/3774/3774
f 3776/3776/3776 3769/3769/3769 3771/3771/3771
f 3769/3769/3769 3776/3776/3776 3773/3773/3773
f 3777/3777/3777 3776/3776/3776 3771/3771/3771
f 3775/3775/3775 3773/3773/3773 3778/3778/3778
f 3778/3778/3778 3773/3773/3773 3776/3776/3776
f 3778/3778/3778 3779/3779/3779 3775/3775/3775
f 3780/3780/3780 3779/3779/3779 3778/3778/3778
f 3778/3778/3778 3776/3776/3776 3780/3780/3780
f 3781/3781/3781 3779/3779/3779 3780/3780/3780
f 3782/3782/3782 3776/3776/3776 3777/3777/3777
f 3780/3780/3780 3776/3776/3776 3782/3782/3782
f 3783/3783/3783 3782/3782/3782 3777/3777/3777
f 3784/3784/3784 3782/3782/3782 3783/3783/3783
f 3784/3784/3784 3780/3780/3780 3782/3782/3782
f 3785/3785/3785 3780/3780/3780 3784/3784/3784
f 3785/3785/3785 3781/3781/3781 3780/3780/3780
f 3786/3786/3786 3781/3781/3781 3785/3785/3785
f 3789/3789/3789 3788/3788/3788 3787/3787/3787
f 3788/3788/3788 3790/3790/3790 3787/3787/3787
f 3787/3787/3787 3790/3790/3790 3791/3791/3791
f 3788/3788/3788 3792/3792/3792 3790/3790/3790
f 3787/3787/3787 3791/3791/3791 3793/3793/3793
f 3793/3793/3793 3791/3791/3791 3794/3794/3794
f 3793/3793/3793 3789/3789/3789 3787/3787/3787
f 3795/3795/3795 3789/3789/3789 3793/3793/3793
f 3795/3795/3795 3796/3796/3796 3789/3789/3789
f 3796/3796/3796 3797/3797/3797 3789/3789/3789
f 3797/3797/3797 3788/3788/3788 3789/3789/3789
f 3798/3798/3798 3797/3797/3797 3796/3796/3796
f 3797/3797/3797 3799/3799/3799 3788/3788/3788
f 3800/3800/3800 3792/3792/3792 3788/3788/3788
f 3800/3800/3800 3801/3801/3801 3792/3792/3792
f 3797/3797/3797 3802/3802/3802 3799/3799/3799
f 3798/3798/3798 3802/3802/3802 3797/3797/3797
f 3800/3800/3800 3799/3799/3799 3802/3802/3802
f 3803/3803/3803 3802/3802/3802 3798/3798/3798
f 3804/3804/3804 3801/3801/3801 3800/3800/3800
f 3802/3802/3802 3804/3804/3804 3800/3800/3800
f 3803/3803/3803 3804/3804/3804 3802/3802/3802
f 3804/3804/3804 3805/3805/3805 3801/3801/3801
f 3806/3806/3806 3804/3804/3804 3803/3803/3803
f 3806/3806/3806 3803/3803/3803 3807/3807/3807
f 3808/3808/3808 3805/3805/3805 3804/3804/3804
f 3804/3804/3804 3806/3806/3806 3808/3808/3808
f 3808/3808/3808 3809/3809/3809 3805/3805/3805
f 3807/3807/3807 3810/3810/3810 3806/3806/3806
f 3806/3806/3806 3810/3810/3810 3808/3808/3808
f 3810/3810/3810 3809/3809/3809 3808/3808/3808
f 3811/3811/3811 3810/3810/3810 3807/3807/3807
f 3811/3811/3811 3809/3809/3809 3810/3810/3810
f 3814/3814/3814 3813/3813/3813 3812/3812/3812
f 3815/3815/3815 3812/3812/3812 3813/3813/3813
f 3816/3816/3816 3814/3814/3814 3812/3812/3812
f 3817/3817/3817 3815/3815/3815 3813/3813/3813
f 3813/3813/3813 3818/3818/3818 3817/3817/3817
f 3814/3814/3814 3818/3818/3818 3813/3813/3813
f 3819/3819/3819 3817/3817/3817 3818/3818/3818
f 3818/3818/3818 3820/3820/3820 3819/3819/3819
f 3821/3821/3821 3814/3814/3814 3816/3816/3816
f 3814/3814/3814 3821/3821/3821 3818/3818/3818
f 3822/3822/3822 3821/3821/3821 3816/3816/3816
f 3820/3820/3820 3818/3818/3818 3823/3823/3823
f 3823/3823/3823 3818/3818/3818 3821/3821/3821
f 3823/3823/3823 3824/3824/3824 3820/3820/3820
f 3825/3825/3825 3824/3824/3824 3823/3823/3823
f 3823/3823/3823 3821/3821/3821 3825/3825/3825
f 3826/3826/3826 3824/3824/3824 3825/3825/3825
f 3827/3827/3827 3821/3821/3821 3822/3822/3822
f 3825/3825/3825 3821/3821/3821 3827/3827/3827
f 3828/3828/3828 3827/3827/3827 3822/3822/3822
f 3829/3829/3829 3827/3827/3827 3828/3828/3828
f 3829/3829/3829 3825/3825/3825 3827/3827/3827
f 3830/3830/3830 3825/3825/3825 3829/3829/3829
f 3830/3830/3830 3826/3826/3826 3825/3825/3825
f 3831/3831/3831 3826/3826/3826 3830/3830/3830
f 3834/3834/3834 3833/3833/3833 3832/3832/3832
f 3835/3835/3835 3832/3832/3832 3833/3833/3833
f 3836/3836/3836 3834/3834/3834 3832/3832/3832
f 3837/3837/3837 3835/3835/3835 3833/3833/3833
f 3833/3833/3833 3838/3838/3838 3837/3837/3837
f 3834/3834/3834 3838/3838/3838 3833/3833/3833
f 3839/3839/3839 3837/3837/3837 3838/3838/3838
f 3838/3838/3838 3840/3840/3840 3839/3839/3839
f 3841/3841/3841 3834/3834/3834 3836/3836/3836
f 3834/3834/3834 3841/3841/3841 3838/3838/3838
f 3842/3842/3842 3841/3841/3841 3836/3836/3836
f 3840/3840/3840 3838/3838/3838 3843/3843/3843
f 3843/3843/3843 3838/3838/3838 3841/3841/3841
f 3843/3843/3843 3844/3844/3844 3840/3840/3840
f 3845/3845/3845 3844/3844/3844 3843/3843/3843
f 3843/3843/3843 3841/3841/3841 3845/3845/3845
f 3846/3846/3846 3844/3844/3844 3845/3845/3845
f 3847/3847/3847 3841/3841/3841 3842/3842/3842
f 3845/3845/3845 3841/3841/3841 3847/3847/3847
f 3848/3848/3848 3847/3847/3847 3842/3842/3842
f 3849/3849/3849 3847/3847/3847 3848/3848/3848
f 3849/3849/3849 3845/3845/3845 3847/3847/3847
f 3850/3850/3850 3845/3845/3845 3849/3849/3849
f 3850/3850/3850 3846/3846/3846 3845/3845/3845
f 3851/3851/3851 3846/3846/3846 3850/3850/3850
f 3854/3854/3854 3853/3853/3853 3852/3852/3852
f 3855/3855/3855 3853/3853/3853 3854/3854/3854
f 3853/3853/3853 3856/3856/3856 3852/3852/3852
f 3854/3854/3854 3852/3852/3852 3857/3857/3857
f 3858/3858/3858 3854/3854/3854 3857/3857/3857
f 3858/3858/3858 3855/3855/3855 3854/3854/3854
f 3859/3859/3859 3855/3855/3855 3858/3858/3858
f 3860/3860/3860 3859/3859/3859 3858/3858/3858
f 3861/3861/3861 3859/3859/3859 3860/3860/3860
f 3860/3860/3860 3858/3858/3858 3862/3862/3862
f 3862/3862/3862 3858/3858/3858 3863/3863/3863
f 3862/3862/3862 3863/3863/3863 3864/3864/3864
f 3852/3852/3852 3856/3856/3856 3865/3865/3865
f 3856/3856/3856 3866/3866/3866 3865/3865/3865
f 3852/3852/3852 3865/3865/3865 3867/3867/3867
f 3865/3865/3865 3866/3866/3866 3868/3868/3868
f 3869/3869/3869 3868/3868/3868 3866/3866/3866
f 3870/3870/3870 3868/3868/3868 3869/3869/3869
f 3868/3868/3868 3870/3870/3870 3871/3871/3871
f 3872/3872/3872 3868/3868/3868 3871/3871/3871
f 3865/3865/3865 3868/3868/3868 3872/3872/3872
f 3867/3867/3867 3865/3865/3865 3872/3872/3872
f 3867/3867/3867 3872/3872/3872 3873/3873/3873
f 3874/3874/3874 3873/3873/3873 3872/3872/3872
f 3877/3877/3877 3876/3876/3876 3875/3875/3875
f 3876/3876/3876 3878/3878/3878 3875/3875/3875
f 3875/3875/3875 3879/3879/3879 3877/3877/3877
f 3880/3880/3880 3879/3879/3879 3875/3875/3875
f 3880/3880/3880 3881/3881/3881 3879/3879/3879
f 3882/3882/3882 3881/3881/3881 3880/3880/3880
f 3881/3881/3881 3883/3883/3883 3879/3879/3879
f 3879/3879/3879 3883/3883/3883 3884/3884/3884
f 3879/3879/3879 3884/3884/3884 3877/3877/3877
f 3884/3884/3884 3883/3883/3883 3885/3885/3885
f 3885/3885/3885 3886/3886/3886 3884/3884/3884
f 3877/3877/3877 3884/3884/3884 3887/3887/3887
f 3884/3884/3884 3886/3886/3886 3887/3887/3887
f 3887/3887/3887 3876/3876/3876 3877/3877/3877
f 3876/3876/3876 3887/3887/3887 3888/3888/3888
f 3887/3887/3887 3886/3886/3886 3888/3888/3888
f 3888/3888/3888 3878/3878/3878 3876/3876/3876
f 3889/3889/3889 3878/3878/3878 3888/3888/3888
f 3888/3888/3888 3886/3886/3886 3889/3889/3889
f 3890/3890/3890 3889/3889/3889 3886/3886/3886
f 3893/3893/3893 3892/3892/3892 3891/3891/3891
f 3894/3894/3894 3891/3891/3891 3892/3892/3892
f 3895/3895/3895 3893/3893/3893 3891/3891/3891
f 3896/3896/3896 3894/3894/3894 3892/3892/3892
f 3892/3892/3892 3897/3897/3897 3896/3896/3896
f 3893/3893/3893 3897/3897/3897 3892/3892/3892
f 3898/3898/3898 3896/3896/3896 3897/3897/3897
f 3897/3897/3897 3899/3899/3899 3898/3898/3898
f 3900/3900/3900 3893/3893/3893 3895/3895/3895
f 3893/3893/3893 3900/3900/3900 3897/3897/3897
f 3901/3901/3901 3900/3900/3900 3895/3895/3895
f 3899/3899/3899 3897/3897/3897 3902/3902/3902
f 3902/3902/3902 3897/3897/3897 3900/3900/3900
f 3902/3902/3902 3903/3903/3903 3899/3899/3899
f 3904/3904/3904 3903/3903/3903 3902/3902/3902
f 3902/3902/3902 3900/3900/3900 3904/3904/3904
f 3905/3905/3905 3903/3903/3903 3904/3904/3904
f 3906/3906/3906 3900/3900/3900 3901/3901/3901
f 3904/3904/3904 3900/3900/3900 3906/3906/3906
f 3907/3907/3907 3906/3906/3906 3901/3901/3901
f 3908/3908/3908 3906/3906/3906 3907/3907/3907
f 3908/3908/3908 3904/3904/3904 3906/3906/3906
f 3909/3909/3909 3904/3904/3904 3908/3908/3908
f 3909/3909/3909 3905/3905/3905 3904/3904/3904
f 3910/3910/3910 3905/3905/3905 3909/3909/3909
f 3913/3913/3913 3912/3912/3912 3911/3911/3911
f 3914/3914/3914 3912/3912/3912 3913/3913/3913
f 3912/3912/3912 3915/3915/3915 3911/3911/3911
f 3911/3911/3911 3915/3915/3915 3916/3916/3916
f 3915/3915/3915 3912/3912/3912 3917/3917/3917
f 3912/3912/3912 3914/3914/3914 3918/3918/3918
f 3917/3917/3917 3912/3912/3912 3918/3918/3918
f 3918/3918/3918 3914/3914/3914 3919/3919/3919
f 3918/3918/3918 3920/3920/3920 3917/3917/3917
f 3921/3921/3921 3918/3918/3918 3919/3919/3919
f 3918/3918/3918 3921/3921/3921 3922/3922/3922
f 3922/3922/3922 3920/3920/3920 3918/3918/3918
f 3923/3923/3923 3922/3922/3922 3921/3921/3921
f 3923/3923/3923 3924/3924/3924 3922/3922/3922
f 3925/3925/3925 3920/3920/3920 3922/3922/3922
f 3922/3922/3922 3924/3924/3924 3925/3925/3925
f 3926/3926/3926 3925/3925/3925 3924/3924/3924
f 3927/3927/3927 3920/3920/3920 3925/3925/3925
f 3926/3926/3926 3928/3928/3928 3925/3925/3925
f 3928/3928/3928 3927/3927/3927 3925/3925/3925
f 3929/3929/3929 3927/3927/3927 3928/3928/3928
f 3932/3932/3932 3931/3931/3931 3930/3930/3930
f 3933/3933/3933 3931/3931/3931 3932/3932/3932
f 3932/3932/3932 3934/3934/3934 3933/3933/3933
f 3935/3935/3935 3931/3931/3931 3933/3933/3933
f 3936/3936/3936 3931/3931/3931 3935/3935/3935
f 3933/3933/3933 3934/3934/3934 3937/3937/3937
f 3935/3935/3935 3938/3938/3938 3936/3936/3936
f 3934/3934/3934 3939/3939/3939 3937/3937/3937
f 3937/3937/3937 3939/3939/3939 3940/3940/3940
f 3937/3937/3937 3941/3941/3941 3933/3933/3933
f 3940/3940/3940 3942/3942/3942 3937/3937/3937
f 3941/3941/3941 3937/3937/3937 3943/3943/3943
f 3937/3937/3937 3942/3942/3942 3943/3943/3943
f 3943/3943/3943 3935/3935/3935 3941/3941/3941
f 3944/3944/3944 3938/3938/3938 3935/3935/3935
f 3935/3935/3935 3943/3943/3943 3944/3944/3944
f 3942/3942/3942 3944/3944/3944 3943/3943/3943
f 3944/3944/3944 3945/3945/3945 3938/3938/3938
f 3946/3946/3946 3945/3945/3945 3944/3944/3944
f 3946/3946/3946 3947/3947/3947 3945/3945/3945
f 3948/3948/3948 3944/3944/3944 3942/3942/3942
f 3948/3948/3948 3946/3946/3946 3944/3944/3944
f 3948/3948/3948 3947/3947/3947 3946/3946/3946
f 3949/3949/3949 3948/3948/3948 3942/3942/3942
f 3949/3949/3949 3947/3947/3947 3948/3948/3948
f 3952/3952/3952 3951/3951/3951 3950/3950/3950
f 3952/3952/3952 3950/3950/3950 3953/3953/3953
f 3954/3954/3954 3952/3952/3952 3953/3953/3953
f 3955/3955/3955 3952/3952/3952 3954/3954/3954
f 3956/3956/3956 3951/3951/3951 3952/3952/3952
f 3955/3955/3955 3956/3956/3956 3952/3952/3952
f 3956/3956/3956 3957/3957/3957 3951/3951/3951
f 3958/3958/3958 3956/3956/3956 3955/3955/3955
f 3958/3958/3958 3957/3957/3957 3956/3956/3956
f 3959/3959/3959 3957/3957/3957 3958/3958/3958
f 3962/3962/3962 3961/3961/3961 3960/3960/3960
f 3962/3962/3962 3960/3960/3960 3963/3963/3963
f 3963/3963/3963 3960/3960/3960 3964/3964/3964
f 3965/3965/3965 3961/3961/3961 3962/3962/3962
f 3965/3965/3965 3966/3966/3966 3961/3961/3961
f 3963/3963/3963 3967/3967/3967 3962/3962/3962
f 3967/3967/3967 3965/3965/3965 3962/3962/3962
f 3968/3968/3968 3967/3967/3967 3963/3963/3963
f 3968/3968/3968 3969/3969/3969 3967/3967/3967
f 3969/3969/3969 3970/3970/3970 3967/3967/3967
f 3970/3970/3970 3965/3965/3965 3967/3967/3967
f 3971/3971/3971 3970/3970/3970 3969/3969/3969
f 3970/3970/3970 3972/3972/3972 3965/3965/3965
f 3973/3973/3973 3966/3966/3966 3965/3965/3965
f 3973/3973/3973 3974/3974/3974 3966/3966/3966
f 3970/3970/3970 3975/3975/3975 3972/3972/3972
f 3971/3971/3971 3975/3975/3975 3970/3970/3970
f 3973/3973/3973 3972/3972/3972 3975/3975/3975
f 3976/3976/3976 3975/3975/3975 3971/3971/3971
f 3977/3977/3977 3974/3974/3974 3973/3973/3973
f 3975/3975/3975 3977/3977/3977 3973/3973/3973
f 3976/3976/3976 3977/3977/3977 3975/3975/3975
f 3977/3977/3977 3978/3978/3978 3974/3974/3974
f 3979/3979/3979 3977/3977/3977 3976/3976/3976
f 3979/3979/3979 3976/3976/3976 3980/3980/3980
f 3981/3981/3981 3978/3978/3978 3977/3977/3977
f 3977/3977/3977 3979/3979/3979 3981/3981/3981
f 3981/3981/3981 3982/3982/3982 3978/3978/3978
f 3980/3980/3980 3983/3983/3983 3979/3979/3979
f 3979/3979/3979 3983/3983/3983 3981/3981/3981
f 3983/3983/3983 3982/3982/3982 3981/3981/3981
f 3984/3984/3984 3983/3983/3983 3980/3980/3980
f 3984/3984/3984 3982/3982/3982 3983/3983/3983
f 3987/3987/3987 3986/3986/3986 3985/3985/3985
f 3985/3985/3985 528/528/528 3987/3987/3987
f 3988/3988/3988 528/528/528 3985/3985/3985
f 3991/3991/3991 3990/3990/3990 3989/3989/3989
f 3992/3992/3992 3990/3990/3990 3991/3991/3991
f 3992/3992/3992 3991/3991/3991 3993/3993/3993
f 3994/3994/3994 3992/3992/3992 3993/3993/3993
f 3991/3991/3991 3995/3995/3995 3993/3993/3993
f 3995/3995/3995 3991/3991/3991 3989/3989/3989
f 3993/3993/3993 3995/3995/3995 3996/3996/3996
f 3997/3997/3997 3992/3992/3992 3994/3994/3994
f 3990/3990/3990 3992/3992/3992 3997/3997/3997
f 3997/3997/3997 3994/3994/3994 3998/3998/3998
f 3998/3998/3998 3999/3999/3999 3997/3997/3997
f 4000/4000/4000 3999/3999/3999 3998/3998/3998
f 3999/3999/3999 4001/4001/4001 3997/3997/3997
f 3997/3997/3997 4001/4001/4001 3990/3990/3990
f 4001/4001/4001 4002/4002/4002 3990/3990/3990
f 3990/3990/3990 4002/4002/4002 3989/3989/3989
f 4002/4002/4002 4003/4003/4003 3989/3989/3989
f 3989/3989/3989 4003/4003/4003 4004/4004/4004
f 4003/4003/4003 4005/4005/4005 4004/4004/4004
f 3995/3995/3995 3989/3989/3989 4006/4006/4006
f 4006/4006/4006 3989/3989/3989 4004/4004/4004
f 3995/3995/3995 4006/4006/4006 3996/3996/3996
f 4006/4006/4006 4007/4007/4007 3996/3996/3996
f 4006/4006/4006 4004/4004/4004 4007/4007/4007
f 3996/3996/3996 4007/4007/4007 4008/4008/4008
f 4004/4004/4004 4005/4005/4005 4009/4009/4009
f 4007/4007/4007 4004/4004/4004 4009/4009/4009
f 4009/4009/4009 4005/4005/4005 4010/4010/4010
f 4011/4011/4011 4007/4007/4007 4009/4009/4009
f 4008/4008/4008 4007/4007/4007 4011/4011/4011
f 4009/4009/4009 4010/4010/4010 4011/4011/4011
f 4011/4011/4011 4012/4012/4012 4008/4008/4008
f 4011/4011/4011 4010/4010/4010 4012/4012/4012
f 4012/4012/4012 4013/4013/4013 4008/4008/4008
f 4012/4012/4012 4010/4010/4010 4013/4013/4013
f 4013/4013/4013 4010/4010/4010 4014/4014/4014
f 4010/4010/4010 4005/4005/4005 4015/4015/4015
f 4010/4010/4010 4015/4015/4015 4014/4014/4014
f 4014/4014/4014 4015/4015/4015 4016/4016/4016
f 4019/4019/4019 4018/4018/4018 4017/4017/4017
f 4020/4020/4020 4018/4018/4018 4019/4019/4019
f 4020/4020/4020 4019/4019/4019 4021/4021/4021
f 4017/4017/4017 4018/4018/4018 4022/4022/4022
f 4021/4021/4021 4019/4019/4019 4023/4023/4023
f 4022/4022/4022 4024/4024/4024 4017/4017/4017
f 4019/4019/4019 4025/4025/4025 4023/4023/4023
f 4019/4019/4019 4017/4017/4017 4025/4025/4025
f 4023/4023/4023 4025/4025/4025 4026/4026/4026
f 4027/4027/4027 4017/4017/4017 4024/4024/4024
f 4025/4025/4025 4017/4017/4017 4027/4027/4027
f 4028/4028/4028 4027/4027/4027 4024/4024/4024
f 4029/4029/4029 4027/4027/4027 4028/4028/4028
f 4027/4027/4027 4030/4030/4030 4025/4025/4025
f 4025/4025/4025 4030/4030/4030 4026/4026/4026
f 4029/4029/4029 4030/4030/4030 4027/4027/4027
f 4026/4026/4026 4030/4030/4030 4031/4031/4031
f 4031/4031/4031 4030/4030/4030 4032/4032/4032
f 4033/4033/4033 4030/4030/4030 4029/4029/4029
f 4032/4032/4032 4030/4030/4030 4033/4033/4033
f 4029/4029/4029 4032/4032/4032 4033/4033/4033
f 4036/4036/4036 4035/4035/4035 4034/4034/4034
f 4036/4036/4036 4034/4034/4034 4037/4037/4037
f 4038/4038/4038 4036/4036/4036 4037/4037/4037
f 4037/4037/4037 4034/4034/4034 4039/4039/4039
f 4040/4040/4040 4036/4036/4036 4038/4038/4038
f 4040/4040/4040 4041/4041/4041 4036/4036/4036
f 4041/4041/4041 4035/4035/4035 4036/4036/4036
f 4042/4042/4042 4041/4041/4041 4040/4040/4040
f 4043/4043/4043 4039/4039/4039 4034/4034/4034
f 4044/4044/4044 4039/4039/4039 4043/4043/4043
f 4045/4045/4045 4034/4034/4034 4035/4035/4035
f 4043/4043/4043 4034/4034/4034 4045/4045/4045
f 4042/4042/4042 4046/4046/4046 4041/4041/4041
f 4047/4047/4047 4046/4046/4046 4042/4042/4042
f 4047/4047/4047 3/3/3 4046/4046/4046
f 4048/4048/4048 3/3/3 4047/4047/4047
f 4049/4049/4049 4046/4046/4046 3/3/3
f 4049/4049/4049 3/3/3 1/1/1
f 4046/4046/4046 4050/4050/4050 4041/4041/4041
f 4050/4050/4050 4046/4046/4046 4049/4049/4049
f 4041/4041/4041 4050/4050/4050 4035/4035/4035
f 4051/4051/4051 4050/4050/4050 4049/4049/4049
f 4051/4051/4051 4049/4049/4049 1/1/1
f 4052/4052/4052 4035/4035/4035 4050/4050/4050
f 4052/4052/4052 4050/4050/4050 4051/4051/4051
f 4045/4045/4045 4035/4035/4035 4052/4052/4052
f 1/1/1 4053/4053/4053 4051/4051/4051
f 4053/4053/4053 4052/4052/4052 4051/4051/4051
f 4054/4054/4054 4052/4052/4052 4053/4053/4053
f 4054/4054/4054 4045/4045/4045 4052/4052/4052
f 4055/4055/4055 4054/4054/4054 4053/4053/4053
f 1/1/1 4055/4055/4055 4053/4053/4053
f 1/1/1 2/2/2 4055/4055/4055
f 2/2/2 4056/4056/4056 4055/4055/4055
f 4057/4057/4057 4045/4045/4045 4054/4054/4054
f 4058/4058/4058 4054/4054/4054 4055/4055/4055
f 4055/4055/4055 4056/4056/4056 4058/4058/4058
f 4058/4058/4058 4057/4057/4057 4054/4054/4054
f 4057/4057/4057 4043/4043/4043 4045/4045/4045
f 4058/4058/4058 4056/4056/4056 4059/4059/4059
f 4059/4059/4059 4057/4057/4057 4058/4058/4058
f 4059/4059/4059 4056/4056/4056 4060/4060/4060
f 4061/4061/4061 4043/4043/4043 4057/4057/4057
f 4059/4059/4059 4061/4061/4061 4057/4057/4057
f 4061/4061/4061 4044/4044/4044 4043/4043/4043
f 4062/4062/4062 4044/4044/4044 4061/4061/4061
f 4063/4063/4063 4061/4061/4061 4059/4059/4059
f 4059/4059/4059 4060/4060/4060 4063/4063/4063
f 4063/4063/4063 4062/4062/4062 4061/4061/4061
f 4063/4063/4063 4060/4060/4060 4064/4064/4064
f 4065/4065/4065 4062/4062/4062 4063/4063/4063
f 4064/4064/4064 4066/4066/4066 4063/4063/4063
f 4063/4063/4063 4066/4066/4066 4065/4065/4065
f 4069/4069/4069 4068/4068/4068 4067/4067/4067
f 4070/4070/4070 4069/4069/4069 4067/4067/4067
f 4067/4067/4067 4068/4068/4068 4070/4070/4070
f 4071/4071/4071 4068/4068/4068 4069/4069/4069
f 4072/4072/4072 4068/4068/4068 4071/4071/4071
f 4070/4070/4070 4068/4068/4068 4073/4073/4073
f 4070/4070/4070 4073/4073/4073 4074/4074/4074
f 4074/4074/4074 4073/4073/4073 4075/4075/4075
f 4076/4076/4076 4068/4068/4068 4072/4072/4072
f 4073/4073/4073 4068/4068/4068 4076/4076/4076
f 4077/4077/4077 4076/4076/4076 4072/4072/4072
f 4073/4073/4073 4078/4078/4078 4075/4075/4075
f 4076/4076/4076 4078/4078/4078 4073/4073/4073
f 4079/4079/4079 4075/4075/4075 4078/4078/4078
f 4078/4078/4078 4080/4080/4080 4079/4079/4079
f 4081/4081/4081 4078/4078/4078 4076/4076/4076
f 4081/4081/4081 4076/4076/4076 4077/4077/4077
f 4081/4081/4081 4080/4080/4080 4078/4078/4078
f 4082/4082/4082 4081/4081/4081 4077/4077/4077
f 4083/4083/4083 4080/4080/4080 4081/4081/4081
f 4083/4083/4083 4081/4081/4081 4082/4082/4082
f 4086/4086/4086 4085/4085/4085 4084/4084/4084
f 4087/4087/4087 4085/4085/4085 4086/4086/4086
f 4088/4088/4088 4087/4087/4087 4086/4086/4086
f 4089/4089/4089 4087/4087/4087 4088/4088/4088
f 4090/4090/4090 4088/4088/4088 4086/4086/4086
f 4090/4090/4090 4086/4086/4086 4091/4091/4091
f 4084/4084/4084 4091/4091/4091 4086/4086/4086
f 4092/4092/4092 4091/4091/4091 4084/4084/4084
f 4092/4092/4092 4084/4084/4084 4093/4093/4093
f 4084/4084/4084 4085/4085/4085 4094/4094/4094
f 4094/4094/4094 4093/4093/4093 4084/4084/4084
f 4093/4093/4093 4094/4094/4094 4095/4095/4095
f 4094/4094/4094 4085/4085/4085 4096/4096/4096
f 4094/4094/4094 4097/4097/4097 4095/4095/4095
f 4096/4096/4096 4098/4098/4098 4094/4094/4094
f 4098/4098/4098 4097/4097/4097 4094/4094/4094
f 4097/4097/4097 4098/4098/4098 4099/4099/4099
f 4100/4100/4100 4098/4098/4098 4096/4096/4096
f 4099/4099/4099 4098/4098/4098 4101/4101/4101
f 4098/4098/4098 4100/4100/4100 4101/4101/4101
f 4101/4101/4101 4100/4100/4100 4102/4102/4102
f 4105/4105/4105 4104/4104/4104 4103/4103/4103
f 4104/4104/4104 4106/4106/4106 4103/4103/4103
f 4103/4103/4103 4106/4106/4106 4107/4107/4107
f 4110/4110/4110 4109/4109/4109 4108/4108/4108
f 4110/4110/4110 4108/4108/4108 4111/4111/4111
f 4111/4111/4111 4108/4108/4108 4112/4112/4112
f 4113/4113/4113 4109/4109/4109 4110/4110/4110
f 4108/4108/4108 4114/4114/4114 4112/4112/4112
f 4109/4109/4109 4114/4114/4114 4108/4108/4108
f 4112/4112/4112 4114/4114/4114 4115/4115/4115
f 4113/4113/4113 4116/4116/4116 4109/4109/4109
f 4117/4117/4117 4116/4116/4116 4113/4113/4113
f 4116/4116/4116 4118/4118/4118 4109/4109/4109
f 4109/4109/4109 4118/4118/4118 4119/4119/4119
f 4119/4119/4119 4114/4114/4114 4109/4109/4109
f 4119/4119/4119 4118/4118/4118 4120/4120/4120
f 4120/4120/4120 4121/4121/4121 4119/4119/4119
f 4119/4119/4119 4121/4121/4121 4114/4114/4114
f 4121/4121/4121 4120/4120/4120 4122/4122/4122
f 4122/4122/4122 4123/4123/4123 4121/4121/4121
f 4124/4124/4124 4114/4114/4114 4121/4121/4121
f 4114/4114/4114 4124/4124/4124 4115/4115/4115
f 4115/4115/4115 4124/4124/4124 4125/4125/4125
f 4124/4124/4124 4121/4121/4121 4126/4126/4126
f 4124/4124/4124 4126/4126/4126 4125/4125/4125
f 4126/4126/4126 4121/4121/4121 4123/4123/4123
f 4127/4127/4127 4125/4125/4125 4126/4126/4126
f 4123/4123/4123 4127/4127/4127 4126/4126/4126
f 4130/4130/4130 4129/4129/4129 4128/4128/4128
f 4131/4131/4131 4129/4129/4129 4130/4130/4130
f 4130/4130/4130 4132/4132/4132 4131/4131/4131
f 4129/4129/4129 4133/4133/4133 4128/4128/4128
f 4134/4134/4134 4132/4132/4132 4130/4130/4130
f 4134/4134/4134 4135/4135/4135 4132/4132/4132
f 4136/4136/4136 4135/4135/4135 4134/4134/4134
f 4134/4134/4134 4137/4137/4137 4136/4136/4136
f 4138/4138/4138 4130/4130/4130 4128/4128/4128
f 4138/4138/4138 4128/4128/4128 4133/4133/4133
f 4139/4139/4139 4134/4134/4134 4130/4130/4130
f 4139/4139/4139 4130/4130/4130 4138/4138/4138
f 4140/4140/4140 4137/4137/4137 4134/4134/4134
f 4140/4140/4140 4134/4134/4134 4139/4139/4139
f 4141/4141/4141 4137/4137/4137 4140/4140/4140
f 4142/4142/4142 4137/4137/4137 4141/4141/4141
f 4141/4141/4141 4140/4140/4140 4143/4143/4143
f 4143/4143/4143 4140/4140/4140 4139/4139/4139
f 4139/4139/4139 4144/4144/4144 4143/4143/4143
f 4138/4138/4138 4144/4144/4144 4139/4139/4139
f 4144/4144/4144 4138/4138/4138 4145/4145/4145
f 4145/4145/4145 4138/4138/4138 4133/4133/4133
f 4133/4133/4133 4146/4146/4146 4145/4145/4145
f 4145/4145/4145 4146/4146/4146 4147/4147/4147
f 4146/4146/4146 4148/4148/4148 4147/4147/4147
f 4149/4149/4149 4146/4146/4146 4133/4133/4133
f 4149/4149/4149 4148/4148/4148 4146/4146/4146
f 4149/4149/4149 4133/4133/4133 4129/4129/4129
f 4150/4150/4150 4148/4148/4148 4149/4149/4149
f 4150/4150/4150 4149/4149/4149 4129/4129/4129
f 4153/4153/4153 4152/4152/4152 4151/4151/4151
f 4154/4154/4154 4152/4152/4152 4153/4153/4153
f 4153/4153/4153 4151/4151/4151 4155/4155/4155
f 4154/4154/4154 4156/4156/4156 4152/4152/4152
f 4157/4157/4157 4156/4156/4156 4154/4154/4154
f 4152/4152/4152 4156/4156/4156 4158/4158/4158
f 4152/4152/4152 4158/4158/4158 4151/4151/4151
f 4158/4158/4158 4156/4156/4156 4159/4159/4159
f 4159/4159/4159 4160/4160/4160 4158/4158/4158
f 4158/4158/4158 4160/4160/4160 4161/4161/4161
f 4158/4158/4158 4161/4161/4161 4162/4162/4162
f 4151/4151/4151 4158/4158/4158 4162/4162/4162
f 4162/4162/4162 4161/4161/4161 4163/4163/4163
f 4155/4155/4155 4151/4151/4151 4164/4164/4164
f 4151/4151/4151 4162/4162/4162 4164/4164/4164
f 4155/4155/4155 4164/4164/4164 4165/4165/4165
f 4162/4162/4162 4163/4163/4163 4166/4166/4166
f 4164/4164/4164 4162/4162/4162 4166/4166/4166
f 4166/4166/4166 4163/4163/4163 4167/4167/4167
f 4165/4165/4165 4164/4164/4164 4168/4168/4168
f 4166/4166/4166 4168/4168/4168 4164/4164/4164
f 4167/4167/4167 4168/4168/4168 4166/4166/4166
f 4165/4165/4165 4168/4168/4168 4169/4169/4169
f 4170/4170/4170 4168/4168/4168 4167/4167/4167
f 4170/4170/4170 4167/4167/4167 4171/4171/4171
f 4169/4169/4169 4168/4168/4168 4172/4172/4172
f 4168/4168/4168 4170/4170/4170 4172/4172/4172
f 4169/4169/4169 4172/4172/4172 4173/4173/4173
f 4170/4170/4170 4171/4171/4171 4174/4174/4174
f 4170/4170/4170 4174/4174/4174 4172/4172/4172
f 4173/4173/4173 4172/4172/4172 4174/4174/4174
f 4174/4174/4174 4171/4171/4171 4175/4175/4175
f 4175/4175/4175 4173/4173/4173 4174/4174/4174
f 4178/4178/4178 4177/4177/4177 4176/4176/4176
f 4178/4178/4178 4179/4179/4179 1153/1153/1153
f 4178/4178/4178 4180/4180/4180 4179/4179/4179
f 4176/4176/4176 4180/4180/4180 4178/4178/4178
f 4181/4181/4181 4180/4180/4180 4176/4176/4176
f 4181/4181/4181 4176/4176/4176 4177/4177/4177
f 4182/4182/4182 4177/4177/4177 4178/4178/4178
f 4177/4177/4177 4183/4183/4183 4181/4181/4181
f 4182/4182/4182 4184/4184/4184 4177/4177/4177
f 4184/4184/4184 4183/4183/4183 4177/4177/4177
f 4185/4185/4185 4184/4184/4184 4182/4182/4182
f 4183/4183/4183 4184/4184/4184 4186/4186/4186
f 4186/4186/4186 4184/4184/4184 4185/4185/4185
f 4183/4183/4183 4186/4186/4186 4187/4187/4187
f 4186/4186/4186 4185/4185/4185 4188/4188/4188
f 4187/4187/4187 4186/4186/4186 4188/4188/4188
f 4189/4189/4189 4188/4188/4188 4185/4185/4185
f 4190/4190/4190 4188/4188/4188 4189/4189/4189
f 4190/4190/4190 4187/4187/4187 4188/4188/4188
f 4191/4191/4191 4190/4190/4190 4189/4189/4189
f 4187/4187/4187 4190/4190/4190 4192/4192/4192
f 4192/4192/4192 4190/4190/4190 4191/4191/4191
f 4187/4187/4187 4192/4192/4192 4193/4193/4193
f 4194/4194/4194 4192/4192/4192 4191/4191/4191
f 4193/4193/4193 4192/4192/4192 4194/4194/4194
f 4195/4195/4195 4193/4193/4193 4194/4194/4194
f 4198/4198/4198 4197/4197/4197 4196/4196/4196
f 4198/4198/4198 4196/4196/4196 4199/4199/4199
f 4199/4199/4199 4196/4196/4196 4200/4200/4200
f 4201/4201/4201 4197/4197/4197 4198/4198/4198
f 4201/4201/4201 4202/4202/4202 4197/4197/4197
f 4203/4203/4203 4202/4202/4202 4201/4201/4201
f 4202/4202/4202 4204/4204/4204 4197/4197/4197
f 4197/4197/4197 4204/4204/4204 4205/4205/4205
f 4197/4197/4197 4205/4205/4205 4196/4196/4196
f 4204/4204/4204 4206/4206/4206 4205/4205/4205
f 4196/4196/4196 4205/4205/4205 4207/4207/4207
f 4196/4196/4196 4207/4207/4207 4208/4208/4208
f 4205/4205/4205 4206/4206/4206 4209/4209/4209
f 4205/4205/4205 4209/4209/4209 4207/4207/4207
f 4206/4206/4206 4210/4210/4210 4209/4209/4209
f 4207/4207/4207 4211/4211/4211 4208/4208/4208
f 4207/4207/4207 4209/4209/4209 4211/4211/4211
f 4209/4209/4209 4210/4210/4210 4212/4212/4212
f 4209/4209/4209 4212/4212/4212 4211/4211/4211
f 4210/4210/4210 4213/4213/4213 4212/4212/4212
f 4211/4211/4211 4212/4212/4212 4214/4214/4214
f 4211/4211/4211 4214/4214/4214 4215/4215/4215
f 4215/4215/4215 4214/4214/4214 4216/4216/4216
f 4212/4212/4212 4213/4213/4213 4217/4217/4217
f 4212/4212/4212 4217/4217/4217 4214/4214/4214
f 4218/4218/4218 4217/4217/4217 4213/4213/4213
f 4219/4219/4219 4217/4217/4217 4218/4218/4218
f 4214/4214/4214 4217/4217/4217 4220/4220/4220
f 4214/4214/4214 4220/4220/4220 4216/4216/4216
f 4219/4219/4219 4220/4220/4220 4217/4217/4217
f 4216/4216/4216 4220/4220/4220 4221/4221/4221
f 4222/4222/4222 4220/4220/4220 4219/4219/4219
f 4220/4220/4220 4222/4222/4222 4221/4221/4221
f 4225/4225/4225 4224/4224/4224 4223/4223/4223
f 4226/4226/4226 4224/4224/4224 4225/4225/4225
f 4227/4227/4227 4226/4226/4226 4225/4225/4225
f 4228/4228/4228 4226/4226/4226 4227/4227/4227
f 4225/4225/4225 4229/4229/4229 4227/4227/4227
f 4230/4230/4230 4229/4229/4229 4225/4225/4225
f 4225/4225/4225 4223/4223/4223 4230/4230/4230
f 4229/4229/4229 4230/4230/4230 4231/4231/4231
f 4223/4223/4223 4224/4224/4224 4232/4232/4232
f 4230/4230/4230 4233/4233/4233 4231/4231/4231
f 4230/4230/4230 4223/4223/4223 4233/4233/4233
f 4231/4231/4231 4233/4233/4233 4234/4234/4234
f 4233/4233/4233 4235/4235/4235 4234/4234/4234
f 4233/4233/4233 4223/4223/4223 4235/4235/4235
f 4235/4235/4235 4223/4223/4223 4232/4232/4232
f 4232/4232/4232 4224/4224/4224 4236/4236/4236
f 4236/4236/4236 4237/4237/4237 4232/4232/4232
f 4235/4235/4235 4232/4232/4232 4238/4238/4238
f 4235/4235/4235 4238/4238/4238 4239/4239/4239
f 4232/4232/4232 4237/4237/4237 4240/4240/4240
f 4238/4238/4238 4232/4232/4232 4240/4240/4240
f 4237/4237/4237 4241/4241/4241 4240/4240/4240
f 4239/4239/4239 4238/4238/4238 4242/4242/4242
f 4240/4240/4240 4241/4241/4241 4243/4243/4243
f 4240/4240/4240 4243/4243/4243 4238/4238/4238
f 4244/4244/4244 4243/4243/4243 4241/4241/4241
f 4245/4245/4245 4243/4243/4243 4244/4244/4244
f 4238/4238/4238 4243/4243/4243 4246/4246/4246
f 4245/4245/4245 4246/4246/4246 4243/4243/4243
f 4246/4246/4246 4242/4242/4242 4238/4238/4238
f 4247/4247/4247 4246/4246/4246 4245/4245/4245
f 4246/4246/4246 4247/4247/4247 4242/4242/4242
f 4242/4242/4242 4247/4247/4247 4248/4248/4248
f 4251/4251/4251 4250/4250/4250 4249/4249/4249
f 4250/4250/4250 4252/4252/4252 4249/4249/4249
f 4253/4253/4253 4250/4250/4250 4251/4251/4251
f 4254/4254/4254 4253/4253/4253 4251/4251/4251
f 4254/4254/4254 4255/4255/4255 4253/4253/4253
f 4256/4256/4256 4255/4255/4255 4254/4254/4254
f 4256/4256/4256 4257/4257/4257 4255/4255/4255
f 4258/4258/4258 4257/4257/4257 4256/4256/4256
f 4257/4257/4257 4259/4259/4259 4255/4255/4255
f 4255/4255/4255 4260/4260/4260 4253/4253/4253
f 4255/4255/4255 4259/4259/4259 4260/4260/4260
f 4253/4253/4253 4260/4260/4260 4250/4250/4250
f 4260/4260/4260 4259/4259/4259 4261/4261/4261
f 4260/4260/4260 4261/4261/4261 4250/4250/4250
f 4250/4250/4250 4261/4261/4261 4252/4252/4252
f 4261/4261/4261 4259/4259/4259 4262/4262/4262
f 4261/4261/4261 4262/4262/4262 4263/4263/4263
f 4261/4261/4261 4263/4263/4263 4252/4252/4252
f 4263/4263/4263 4262/4262/4262 4264/4264/4264
f 4264/4264/4264 4265/4265/4265 4263/4263/4263
f 4252/4252/4252 4263/4263/4263 4266/4266/4266
f 4252/4252/4252 4266/4266/4266 4267/4267/4267
f 4263/4263/4263 4265/4265/4265 4268/4268/4268
f 4263/4263/4263 4268/4268/4268 4266/4266/4266
f 4265/4265/4265 4269/4269/4269 4268/4268/4268
f 4268/4268/4268 4269/4269/4269 4270/4270/4270
f 4266/4266/4266 4268/4268/4268 4271/4271/4271
f 4270/4270/4270 4271/4271/4271 4268/4268/4268
f 4266/4266/4266 4271/4271/4271 4272/4272/4272
f 4272/4272/4272 4271/4271/4271 4273/4273/4273
f 4274/4274/4274 4271/4271/4271 4270/4270/4270
f 4271/4271/4271 4274/4274/4274 4275/4275/4275
f 4278/4278/4278 4277/4277/4277 4276/4276/4276
f 4276/4276/4276 4279/4279/4279 4278/4278/4278
f 4278/4278/4278 4279/4279/4279 4280/4280/4280
f 4276/4276/4276 4281/4281/4281 4279/4279/4279
f 4277/4277/4277 4282/4282/4282 4276/4276/4276
f 4276/4276/4276 4282/4282/4282 4283/4283/4283
f 4284/4284/4284 4282/4282/4282 4277/4277/4277
f 4282/4282/4282 4285/4285/4285 4283/4283/4283
f 4284/4284/4284 4285/4285/4285 4282/4282/4282
f 4283/4283/4283 4285/4285/4285 4286/4286/4286
f 4285/4285/4285 4287/4287/4287 4286/4286/4286
f 4287/4287/4287 4285/4285/4285 4284/4284/4284
f 4286/4286/4286 4287/4287/4287 4288/4288/4288
f 4284/4284/4284 4289/4289/4289 4287/4287/4287
f 4289/4289/4289 4288/4288/4288 4287/4287/4287
f 4290/4290/4290 4289/4289/4289 4284/4284/4284
f 4289/4289/4289 4291/4291/4291 4288/4288/4288
f 4290/4290/4290 4291/4291/4291 4289/4289/4289
f 4288/4288/4288 4291/4291/4291 4292/4292/4292
f 4292/4292/4292 4291/4291/4291 4293/4293/4293
f 4291/4291/4291 4290/4290/4290 4294/4294/4294
f 4293/4293/4293 4291/4291/4291 4294/4294/4294
f 4294/4294/4294 4290/4290/4290 4295/4295/4295
f 4296/4296/4296 4293/4293/4293 4294/4294/4294
f 4295/4295/4295 4297/4297/4297 4294/4294/4294
f 4294/4294/4294 4297/4297/4297 4296/4296/4296
f 4295/4295/4295 4298/4298/4298 4297/4297/4297
f 4296/4296/4296 4297/4297/4297 4299/4299/4299
f 4298/4298/4298 4300/4300/4300 4297/4297/4297
f 4297/4297/4297 4300/4300/4300 4299/4299/4299
f 4303/4303/4303 4302/4302/4302 4301/4301/4301
f 4303/4303/4303 4301/4301/4301 4304/4304/4304
f 4304/4304/4304 4301/4301/4301 4305/4305/4305
f 4301/4301/4301 4306/4306/4306 4305/4305/4305
f 4305/4305/4305 4306/4306/4306 4307/4307/4307
f 4306/4306/4306 4308/4308/4308 4307/4307/4307
f 4308/4308/4308 4306/4306/4306 4309/4309/4309
f 4301/4301/4301 4310/4310/4310 4306/4306/4306
f 4309/4309/4309 4306/4306/4306 4310/4310/4310
f 4302/4302/4302 4310/4310/4310 4301/4301/4301
f 4310/4310/4310 4311/4311/4311 4309/4309/4309
f 4312/4312/4312 4311/4311/4311 4310/4310/4310
f 4302/4302/4302 4312/4312/4312 4310/4310/4310
f 4313/4313/4313 4312/4312/4312 4302/4302/4302
f 4302/4302/4302 4314/4314/4314 4313/4313/4313
f 4315/4315/4315 4314/4314/4314 4302/4302/4302
f 4315/4315/4315 4302/4302/4302 4303/4303/4303
f 4315/4315/4315 4316/4316/4316 4314/4314/4314
f 4317/4317/4317 4315/4315/4315 4303/4303/4303
f 4317/4317/4317 4303/4303/4303 4318/4318/4318
f 4319/4319/4319 4316/4316/4316 4315/4315/4315
f 4319/4319/4319 4315/4315/4315 4317/4317/4317
f 4320/4320/4320 4317/4317/4317 4318/4318/4318
f 4320/4320/4320 4319/4319/4319 4317/4317/4317
f 4321/4321/4321 4316/4316/4316 4319/4319/4319
f 4321/4321/4321 4319/4319/4319 4320/4320/4320
f 4322/4322/4322 4316/4316/4316 4321/4321/4321
f 4323/4323/4323 4322/4322/4322 4321/4321/4321
f 4324/4324/4324 4322/4322/4322 4323/4323/4323
f 4323/4323/4323 4321/4321/4321 4325/4325/4325
f 4325/4325/4325 4321/4321/4321 4320/4320/4320
f 4325/4325/4325 4320/4320/4320 4326/4326/4326
f 4326/4326/4326 4320/4320/4320 4327/4327/4327
f 4330/4330/4330 4329/4329/4329 4328/4328/4328
f 4331/4331/4331 4329/4329/4329 4330/4330/4330
f 4329/4329/4329 4332/4332/4332 4328/4328/4328
f 4330/4330/4330 4333/4333/4333 4331/4331/4331
f 4331/4331/4331 4333/4333/4333 4334/4334/4334
f 4328/4328/4328 4332/4332/4332 4335/4335/4335
f 4328/4328/4328 4336/4336/4336 4330/4330/4330
f 4337/4337/4337 4333/4333/4333 4330/4330/4330
f 4338/4338/4338 4333/4333/4333 4337/4337/4337
f 4337/4337/4337 4339/4339/4339 4338/4338/4338
f 4335/4335/4335 4340/4340/4340 4328/4328/4328
f 4336/4336/4336 4328/4328/4328 4341/4341/4341
f 4328/4328/4328 4340/4340/4340 4341/4341/4341
f 4341/4341/4341 4337/4337/4337 4336/4336/4336
f 4342/4342/4342 4339/4339/4339 4337/4337/4337
f 4337/4337/4337 4341/4341/4341 4342/4342/4342
f 4340/4340/4340 4342/4342/4342 4341/4341/4341
f 4342/4342/4342 4343/4343/4343 4339/4339/4339
f 4344/4344/4344 4343/4343/4343 4342/4342/4342
f 4344/4344/4344 4345/4345/4345 4343/4343/4343
f 4346/4346/4346 4342/4342/4342 4340/4340/4340
f 4346/4346/4346 4344/4344/4344 4342/4342/4342
f 4346/4346/4346 4345/4345/4345 4344/4344/4344
f 4347/4347/4347 4346/4346/4346 4340/4340/4340
f 4347/4347/4347 4345/4345/4345 4346/4346/4346
f 4350/4350/4350 4349/4349/4349 4348/4348/4348
f 4351/4351/4351 4349/4349/4349 4350/4350/4350
f 4352/4352/4352 4350/4350/4350 4348/4348/4348
f 4352/4352/4352 4348/4348/4348 4353/4353/4353
f 4353/4353/4353 4348/4348/4348 4354/4354/4354
f 4349/4349/4349 4354/4354/4354 4348/4348/4348
f 4355/4355/4355 4352/4352/4352 4353/4353/4353
f 4350/4350/4350 4352/4352/4352 4356/4356/4356
f 4356/4356/4356 4352/4352/4352 4355/4355/4355
f 4350/4350/4350 4356/4356/4356 4357/4357/4357
f 4357/4357/4357 4356/4356/4356 4358/4358/4358
f 4358/4358/4358 4356/4356/4356 4355/4355/4355
f 4359/4359/4359 4357/4357/4357 4358/4358/4358
f 4360/4360/4360 4358/4358/4358 4355/4355/4355
f 4355/4355/4355 4361/4361/4361 4360/4360/4360
f 4362/4362/4362 4358/4358/4358 4360/4360/4360
f 4362/4362/4362 4359/4359/4359 4358/4358/4358
f 4363/4363/4363 4359/4359/4359 4362/4362/4362
f 4365/4365/4365 4354/4354/4354 4364/4364/4364
f 4364/4364/4364 4354/4354/4354 4366/4366/4366
f 4366/4366/4366 4367/4367/4367 4364/4364/4364
f 4364/4364/4364 4367/4367/4367 4368/4368/4368
f 4354/4354/4354 4369/4369/4369 4366/4366/4366
f 4349/4349/4349 4369/4369/4369 4354/4354/4354
f 4351/4351/4351 4369/4369/4369 4349/4349/4349
f 4366/4366/4366 4369/4369/4369 4370/4370/4370
f 4369/4369/4369 4351/4351/4351 4370/4370/4370
f 4366/4366/4366 4370/4370/4370 4367/4367/4367
f 4370/4370/4370 4351/4351/4351 4371/4371/4371
f 4367/4367/4367 4372/4372/4372 4368/4368/4368
f 4368/4368/4368 4372/4372/4372 4373/4373/4373
f 4367/4367/4367 4374/4374/4374 4372/4372/4372
f 4367/4367/4367 4370/4370/4370 4375/4375/4375
f 4371/4371/4371 4375/4375/4375 4370/4370/4370
f 4375/4375/4375 4374/4374/4374 4367/4367/4367
f 4371/4371/4371 4374/4374/4374 4375/4375/4375
f 4378/4378/4378 4377/4377/4377 4376/4376/4376
f 4376/4376/4376 4379/4379/4379 4378/4378/4378
f 4380/4380/4380 4379/4379/4379 4376/4376/4376
f 4379/4379/4379 4381/4381/4381 4378/4378/4378
f 4382/4382/4382 4380/4380/4380 4376/4376/4376
f 4383/4383/4383 4380/4380/4380 4382/4382/4382
f 4384/4384/4384 4383/4383/4383 4382/4382/4382
f 4385/4385/4385 4383/4383/4383 4384/4384/4384
f 4382/4382/4382 4386/4386/4386 4384/4384/4384
f 4382/4382/4382 4376/4376/4376 4387/4387/4387
f 4387/4387/4387 4386/4386/4386 4382/4382/4382
f 4387/4387/4387 4376/4376/4376 4377/4377/4377
f 4387/4387/4387 4388/4388/4388 4386/4386/4386
f 4389/4389/4389 4388/4388/4388 4387/4387/4387
f 4377/4377/4377 4389/4389/4389 4387/4387/4387
f 4388/4388/4388 4389/4389/4389 4390/4390/4390
f 4390/4390/4390 4389/4389/4389 4391/4391/4391
f 4392/4392/4392 4390/4390/4390 4391/4391/4391
f 4393/4393/4393 4389/4389/4389 4377/4377/4377
f 4393/4393/4393 4391/4391/4391 4389/4389/4389
f 4377/4377/4377 4394/4394/4394 4393/4393/4393
f 4394/4394/4394 4377/4377/4377 4378/4378/4378
f 4395/4395/4395 4391/4391/4391 4393/4393/4393
f 4392/4392/4392 4391/4391/4391 4395/4395/4395
f 4393/4393/4393 4394/4394/4394 4396/4396/4396
f 4393/4393/4393 4396/4396/4396 4395/4395/4395
f 4397/4397/4397 4394/4394/4394 4378/4378/4378
f 4392/4392/4392 4395/4395/4395 4398/4398/4398
f 4395/4395/4395 4396/4396/4396 4398/4398/4398
f 4378/4378/4378 4381/4381/4381 4397/4397/4397
f 4381/4381/4381 4399/4399/4399 4397/4397/4397
f 4397/4397/4397 4399/4399/4399 4400/4400/4400
f 4399/4399/4399 4401/4401/4401 4400/4400/4400
f 4400/4400/4400 4401/4401/4401 4402/4402/4402
f 4402/4402/4402 4403/4403/4403 4400/4400/4400
f 4397/4397/4397 4400/4400/4400 4404/4404/4404
f 4404/4404/4404 4394/4394/4394 4397/4397/4397
f 4404/4404/4404 4396/4396/4396 4394/4394/4394
f 4404/4404/4404 4400/4400/4400 4405/4405/4405
f 4400/4400/4400 4403/4403/4403 4405/4405/4405
f 4406/4406/4406 4396/4396/4396 4404/4404/4404
f 4404/4404/4404 4405/4405/4405 4406/4406/4406
f 4396/4396/4396 4406/4406/4406 4398/4398/4398
f 4403/4403/4403 4407/4407/4407 4405/4405/4405
f 4406/4406/4406 4405/4405/4405 4407/4407/4407
f 4408/4408/4408 4407/4407/4407 4403/4403/4403
f 4398/4398/4398 4406/4406/4406 4409/4409/4409
f 4406/4406/4406 4407/4407/4407 4409/4409/4409
f 4398/4398/4398 4409/4409/4409 4392/4392/4392
f 4408/4408/4408 4410/4410/4410 4407/4407/4407
f 4410/4410/4410 4409/4409/4409 4407/4407/4407
f 4411/4411/4411 4410/4410/4410 4408/4408/4408
f 4412/4412/4412 4410/4410/4410 4411/4411/4411
f 4412/4412/4412 4413/4413/4413 4410/4410/4410
f 4414/4414/4414 4410/4410/4410 4413/4413/4413
f 4409/4409/4409 4410/4410/4410 4414/4414/4414
f 4414/4414/4414 4392/4392/4392 4409/4409/4409
f 4417/4417/4417 4416/4416/4416 4415/4415/4415
f 4415/4415/4415 4418/4418/4418 4417/4417/4417
f 4420/4420/4420 4419/4419/4419 4281/4281/4281
f 4423/4423/4423 4422/4422/4422 4421/4421/4421
f 4424/4424/4424 4422/4422/4422 4423/4423/4423
f 4422/4422/4422 4425/4425/4425 4421/4421/4421
f 4422/4422/4422 4424/4424/4424 4425/4425/4425
f 4426/4426/4426 4421/4421/4421 4425/4425/4425
f 4427/4427/4427 4425/4425/4425 4424/4424/4424
f 4428/4428/4428 4427/4427/4427 4424/4424/4424
f 4429/4429/4429 4426/4426/4426 4425/4425/4425
f 4429/4429/4429 4425/4425/4425 4427/4427/4427
f 4426/4426/4426 4429/4429/4429 4430/4430/4430
f 4431/4431/4431 4427/4427/4427 4428/4428/4428
f 4427/4427/4427 4431/4431/4431 4432/4432/4432
f 4430/4430/4430 4429/4429/4429 4433/4433/4433
f 4429/4429/4429 4427/4427/4427 4433/4433/4433
f 4430/4430/4430 4433/4433/4433 4434/4434/4434
f 4435/4435/4435 4427/4427/4427 4432/4432/4432
f 4433/4433/4433 4427/4427/4427 4435/4435/4435
f 4432/4432/4432 4436/4436/4436 4435/4435/4435
f 4434/4434/4434 4433/4433/4433 4437/4437/4437
f 4433/4433/4433 4435/4435/4435 4437/4437/4437
f 4437/4437/4437 4438/4438/4438 4434/4434/4434
f 4438/4438/4438 4439/4439/4439 4434/4434/4434
f 4437/4437/4437 4435/4435/4435 4440/4440/4440
f 4435/4435/4435 4436/4436/4436 4440/4440/4440
f 4440/4440/4440 4438/4438/4438 4437/4437/4437
f 4441/4441/4441 4439/4439/4439 4438/4438/4438
f 4438/4438/4438 4440/4440/4440 4441/4441/4441
f 4442/4442/4442 4439/4439/4439 4441/4441/4441
f 4440/4440/4440 4442/4442/4442 4441/4441/4441
f 4436/4436/4436 4442/4442/4442 4440/4440/4440
f 4443/4443/4443 4442/4442/4442 4436/4436/4436
f 4446/4446/4446 4445/4445/4445 4444/4444/4444
f 4445/4445/4445 4447/4447/4447 4444/4444/4444
f 4444/4444/4444 4448/4448/4448 4446/4446/4446
f 4449/4449/4449 4448/4448/4448 4444/4444/4444
f 4449/4449/4449 4450/4450/4450 4448/4448/4448
f 4451/4451/4451 4450/4450/4450 4449/4449/4449
f 4450/4450/4450 4452/4452/4452 4448/4448/4448
f 4448/4448/4448 4452/4452/4452 4453/4453/4453
f 4448/4448/4448 4453/4453/4453 4446/4446/4446
f 4453/4453/4453 4452/4452/4452 4454/4454/4454
f 4454/4454/4454 4455/4455/4455 4453/4453/4453
f 4446/4446/4446 4453/4453/4453 4456/4456/4456
f 4453/4453/4453 4455/4455/4455 4456/4456/4456
f 4456/4456/4456 4445/4445/4445 4446/4446/4446
f 4445/4445/4445 4456/4456/4456 4457/4457/4457
f 4456/4456/4456 4455/4455/4455 4457/4457/4457
f 4457/4457/4457 4447/4447/4447 4445/4445/4445
f 4458/4458/4458 4447/4447/4447 4457/4457/4457
f 4457/4457/4457 4455/4455/4455 4458/4458/4458
f 4459/4459/4459 4458/4458/4458 4455/4455/4455
f 4462/4462/4462 4461/4461/4461 4460/4460/4460
f 1058/1058/1058 4462/4462/4462 4460/4460/4460
f 1058/1058/1058 1059/1059/1059 4462/4462/4462
f 1059/1059/1059 4463/4463/4463 4462/4462/4462
f 4462/4462/4462 4463/4463/4463 4464/4464/4464
f 4464/4464/4464 4461/4461/4461 4462/4462/4462
f 4464/4464/4464 4463/4463/4463 4465/4465/4465
f 4465/4465/4465 4463/4463/4463 4466/4466/4466
f 4465/4465/4465 4461/4461/4461 4464/4464/4464
f 4467/4467/4467 4461/4461/4461 4465/4465/4465
f 4467/4467/4467 4468/4468/4468 4461/4461/4461
f 4461/4461/4461 4468/4468/4468 4469/4469/4469
f 4461/4461/4461 4469/4469/4469 4460/4460/4460
f 4470/4470/4470 4469/4469/4469 4468/4468/4468
f 4460/4460/4460 4469/4469/4469 4471/4471/4471
f 1058/1058/1058 4460/4460/4460 4471/4471/4471
f 4472/4472/4472 4469/4469/4469 4470/4470/4470
f 4469/4469/4469 4472/4472/4472 4471/4471/4471
f 4470/4470/4470 4473/4473/4473 4472/4472/4472
f 4471/4471/4471 4472/4472/4472 4474/4474/4474
f 4471/4471/4471 4474/4474/4474 1058/1058/1058
f 4472/4472/4472 4473/4473/4473 4475/4475/4475
f 4472/4472/4472 4475/4475/4475 4474/4474/4474
f 4473/4473/4473 4476/4476/4476 4475/4475/4475
f 4477/4477/4477 4476/4476/4476 4473/4473/4473
f 4474/4474/4474 4475/4475/4475 1060/1060/1060
f 4475/4475/4475 4476/4476/4476 1060/1060/1060
f 4474/4474/4474 1060/1060/1060 1058/1058/1058
f 1060/1060/1060 4476/4476/4476 4478/4478/4478
f 4481/4481/4481 4480/4480/4480 4479/4479/4479
f 4480/4480/4480 4482/4482/4482 4479/4479/4479
f 4479/4479/4479 4482/4482/4482 4483/4483/4483
f 4484/4484/4484 4482/4482/4482 4480/4480/4480
f 4482/4482/4482 4485/4485/4485 4483/4483/4483
f 4484/4484/4484 4485/4485/4485 4482/4482/4482
f 4483/4483/4483 4485/4485/4485 4486/4486/4486
f 4485/4485/4485 4487/4487/4487 4486/4486/4486
f 4487/4487/4487 4485/4485/4485 4484/4484/4484
f 4486/4486/4486 4487/4487/4487 4488/4488/4488
f 4484/4484/4484 4489/4489/4489 4487/4487/4487
f 4487/4487/4487 4489/4489/4489 4488/4488/4488
f 4488/4488/4488 4489/4489/4489 4490/4490/4490
f 4491/4491/4491 4489/4489/4489 4484/4484/4484
f 4489/4489/4489 4492/4492/4492 4490/4490/4490
f 4491/4491/4491 4493/4493/4493 4489/4489/4489
f 4493/4493/4493 4492/4492/4492 4489/4489/4489
f 4493/4493/4493 4491/4491/4491 4494/4494/4494
f 4493/4493/4493 4494/4494/4494 4492/4492/4492
f 4494/4494/4494 4491/4491/4491 4495/4495/4495
f 4492/4492/4492 4494/4494/4494 4496/4496/4496
f 4495/4495/4495 4497/4497/4497 4494/4494/4494
f 4494/4494/4494 4497/4497/4497 4496/4496/4496
f 4495/4495/4495 4498/4498/4498 4497/4497/4497
f 4496/4496/4496 4497/4497/4497 4499/4499/4499
f 4498/4498/4498 4500/4500/4500 4497/4497/4497
f 4497/4497/4497 4500/4500/4500 4499/4499/4499
f 4503/4503/4503 4502/4502/4502 4501/4501/4501
f 4504/4504/4504 4502/4502/4502 4503/4503/4503
f 4501/4501/4501 4502/4502/4502 4505/4505/4505
f 4503/4503/4503 4501/4501/4501 4506/4506/4506
f 4501/4501/4501 4505/4505/4505 4507/4507/4507
f 4506/4506/4506 4501/4501/4501 4507/4507/4507
f 4507/4507/4507 4505/4505/4505 4508/4508/4508
f 4506/4506/4506 4507/4507/4507 4509/4509/4509
f 4507/4507/4507 4508/4508/4508 4510/4510/4510
f 4509/4509/4509 4507/4507/4507 4510/4510/4510
f 4513/4513/4513 4512/4512/4512 4511/4511/4511
f 4514/4514/4514 4513/4513/4513 4511/4511/4511
f 4515/4515/4515 4512/4512/4512 4513/4513/4513
f 4512/4512/4512 4515/4515/4515 4516/4516/4516
f 4516/4516/4516 4515/4515/4515 4517/4517/4517
f 4515/4515/4515 4518/4518/4518 4517/4517/4517
f 4517/4517/4517 4518/4518/4518 4519/4519/4519
f 4518/4518/4518 4515/4515/4515 4520/4520/4520
f 4520/4520/4520 4515/4515/4515 4513/4513/4513
f 4513/4513/4513 4521/4521/4521 4520/4520/4520
f 4513/4513/4513 4514/4514/4514 4522/4522/4522
f 4522/4522/4522 4521/4521/4521 4513/4513/4513
f 4523/4523/4523 4522/4522/4522 4514/4514/4514
f 4523/4523/4523 4524/4524/4524 4522/4522/4522
f 4525/4525/4525 4521/4521/4521 4522/4522/4522
f 4522/4522/4522 4524/4524/4524 4525/4525/4525
f 4526/4526/4526 4525/4525/4525 4524/4524/4524
f 4527/4527/4527 4521/4521/4521 4525/4525/4525
f 4526/4526/4526 4528/4528/4528 4525/4525/4525
f 4528/4528/4528 4527/4527/4527 4525/4525/4525
f 4529/4529/4529 4527/4527/4527 4528/4528/4528
f 4532/4532/4532 4531/4531/4531 4530/4530/4530
f 4532/4532/4532 4530/4530/4530 4533/4533/4533
f 4534/4534/4534 4531/4531/4531 4532/4532/4532
f 4535/4535/4535 4534/4534/4534 4532/4532/4532
f 4534/4534/4534 4536/4536/4536 4531/4531/4531
f 4537/4537/4537 4536/4536/4536 4534/4534/4534
f 4535/4535/4535 4537/4537/4537 4534/4534/4534
f 4536/4536/4536 4538/4538/4538 4531/4531/4531
f 4539/4539/4539 4537/4537/4537 4535/4535/4535
f 4531/4531/4531 4538/4538/4538 4540/4540/4540
f 4531/4531/4531 4540/4540/4540 4530/4530/4530
f 4538/4538/4538 4541/4541/4541 4540/4540/4540
f 4530/4530/4530 4540/4540/4540 4542/4542/4542
f 4530/4530/4530 4542/4542/4542 4543/4543/4543
f 4544/4544/4544 4543/4543/4543 4542/4542/4542
f 4542/4542/4542 4540/4540/4540 4545/4545/4545
f 4540/4540/4540 4541/4541/4541 4545/4545/4545
f 4546/4546/4546 4545/4545/4545 4541/4541/4541
f 4547/4547/4547 4545/4545/4545 4546/4546/4546
f 4547/4547/4547 4548/4548/4548 4545/4545/4545
f 4549/4549/4549 4548/4548/4548 4547/4547/4547
f 4549/4549/4549 4550/4550/4550 4548/4548/4548
f 4551/4551/4551 4550/4550/4550 4549/4549/4549
f 4552/4552/4552 4539/4539/4539 4535/4535/4535
f 4553/4553/4553 4539/4539/4539 4552/4552/4552
f 4552/4552/4552 4535/4535/4535 4554/4554/4554
f 4554/4554/4554 4535/4535/4535 4555/4555/4555
f 4554/4554/4554 4555/4555/4555 4556/4556/4556
f 4556/4556/4556 4555/4555/4555 4557/4557/4557
f 4560/4560/4560 4559/4559/4559 4558/4558/4558
f 4561/4561/4561 4559/4559/4559 4560/4560/4560
f 4560/4560/4560 4558/4558/4558 4562/4562/4562
f 4561/4561/4561 4563/4563/4563 4559/4559/4559
f 4564/4564/4564 4563/4563/4563 4561/4561/4561
f 4564/4564/4564 4565/4565/4565 4563/4563/4563
f 4566/4566/4566 4565/4565/4565 4564/4564/4564
f 4566/4566/4566 4567/4567/4567 4565/4565/4565
f 4568/4568/4568 4567/4567/4567 4566/4566/4566
f 4565/4565/4565 4567/4567/4567 4569/4569/4569
f 4565/4565/4565 4569/4569/4569 4563/4563/4563
f 4569/4569/4569 4567/4567/4567 4570/4570/4570
f 4570/4570/4570 4571/4571/4571 4569/4569/4569
f 4569/4569/4569 4571/4571/4571 4572/4572/4572
f 4563/4563/4563 4569/4569/4569 4573/4573/4573
f 4569/4569/4569 4572/4572/4572 4573/4573/4573
f 4563/4563/4563 4573/4573/4573 4559/4559/4559
f 4573/4573/4573 4572/4572/4572 4574/4574/4574
f 4559/4559/4559 4573/4573/4573 4575/4575/4575
f 4573/4573/4573 4574/4574/4574 4575/4575/4575
f 4575/4575/4575 4574/4574/4574 4576/4576/4576
f 4575/4575/4575 4558/4558/4558 4559/4559/4559
f 4576/4576/4576 4558/4558/4558 4575/4575/4575
f 4577/4577/4577 4558/4558/4558 4576/4576/4576
f 4577/4577/4577 4576/4576/4576 4578/4578/4578
f 4558/4558/4558 4577/4577/4577 4579/4579/4579
f 4562/4562/4562 4558/4558/4558 4579/4579/4579
f 4562/4562/4562 4579/4579/4579 4580/4580/4580
f 4577/4577/4577 4581/4581/4581 4579/4579/4579
f 4580/4580/4580 4579/4579/4579 4581/4581/4581
f 4577/4577/4577 4578/4578/4578 4581/4581/4581
f 4582/4582/4582 4580/4580/4580 4581/4581/4581
f 4581/4581/4581 4578/4578/4578 4582/4582/4582
f 4585/4585/4585 4584/4584/4584 4583/4583/4583
f 4583/4583/4583 4586/4586/4586 4585/4585/4585
f 4585/4585/4585 4586/4586/4586 4587/4587/4587
f 4588/4588/4588 4584/4584/4584 4585/4585/4585
f 4585/4585/4585 4587/4587/4587 4589/4589/4589
f 4585/4585/4585 4589/4589/4589 4588/4588/4588
f 4589/4589/4589 4587/4587/4587 4590/4590/4590
f 4588/4588/4588 4591/4591/4591 4584/4584/4584
f 4589/4589/4589 4590/4590/4590 4592/4592/4592
f 4592/4592/4592 4590/4590/4590 4593/4593/4593
f 4588/4588/4588 4589/4589/4589 4594/4594/4594
f 4589/4589/4589 4592/4592/4592 4594/4594/4594
f 4593/4593/4593 4595/4595/4595 4592/4592/4592
f 4596/4596/4596 4595/4595/4595 4593/4593/4593
f 4595/4595/4595 4596/4596/4596 4597/4597/4597
f 4597/4597/4597 4598/4598/4598 4595/4595/4595
f 4592/4592/4592 4595/4595/4595 4599/4599/4599
f 4594/4594/4594 4592/4592/4592 4599/4599/4599
f 4595/4595/4595 4598/4598/4598 4600/4600/4600
f 4599/4599/4599 4595/4595/4595 4600/4600/4600
f 4600/4600/4600 4598/4598/4598 4601/4601/4601
f 4601/4601/4601 4602/4602/4602 4600/4600/4600
f 4600/4600/4600 4603/4603/4603 4599/4599/4599
f 4603/4603/4603 4600/4600/4600 4602/4602/4602
f 4599/4599/4599 4604/4604/4604 4594/4594/4594
f 4599/4599/4599 4603/4603/4603 4604/4604/4604
f 4602/4602/4602 4605/4605/4605 4603/4603/4603
f 4603/4603/4603 4605/4605/4605 4604/4604/4604
f 4602/4602/4602 4606/4606/4606 4605/4605/4605
f 4594/4594/4594 4604/4604/4604 4607/4607/4607
f 4604/4604/4604 4605/4605/4605 4608/4608/4608
f 4605/4605/4605 4606/4606/4606 4608/4608/4608
f 4604/4604/4604 4608/4608/4608 4607/4607/4607
f 4594/4594/4594 4607/4607/4607 4588/4588/4588
f 4608/4608/4608 4606/4606/4606 4609/4609/4609
f 4588/4588/4588 4607/4607/4607 4610/4610/4610
f 4610/4610/4610 4591/4591/4591 4588/4588/4588
f 4610/4610/4610 4611/4611/4611 4591/4591/4591
f 4607/4607/4607 4608/4608/4608 4612/4612/4612
f 4607/4607/4607 4612/4612/4612 4610/4610/4610
f 4608/4608/4608 4609/4609/4609 4612/4612/4612
f 4606/4606/4606 4613/4613/4613 4609/4609/4609
f 4602/4602/4602 4613/4613/4613 4606/4606/4606
f 4609/4609/4609 4613/4613/4613 4614/4614/4614
f 4614/4614/4614 4615/4615/4615 4609/4609/4609
f 4612/4612/4612 4609/4609/4609 4615/4615/4615
f 4616/4616/4616 4615/4615/4615 4614/4614/4614
f 4610/4610/4610 4612/4612/4612 4617/4617/4617
f 4615/4615/4615 4617/4617/4617 4612/4612/4612
f 4617/4617/4617 4611/4611/4611 4610/4610/4610
f 4616/4616/4616 4618/4618/4618 4615/4615/4615
f 4618/4618/4618 4617/4617/4617 4615/4615/4615
f 4618/4618/4618 4611/4611/4611 4617/4617/4617
f 4619/4619/4619 4618/4618/4618 4616/4616/4616
f 4620/4620/4620 4611/4611/4611 4618/4618/4618
f 4619/4619/4619 4620/4620/4620 4618/4618/4618
f 4621/4621/4621 4620/4620/4620 4619/4619/4619
f 4481/4481/4481 4623/4623/4623 4622/4622/4622
f 4626/4626/4626 4625/4625/4625 4624/4624/4624
f 4627/4627/4627 4626/4626/4626 4624/4624/4624
f 4627/4627/4627 4624/4624/4624 4628/4628/4628
f 4629/4629/4629 4626/4626/4626 4627/4627/4627
f 4624/4624/4624 4630/4630/4630 4628/4628/4628
f 4625/4625/4625 4630/4630/4630 4624/4624/4624
f 4631/4631/4631 4628/4628/4628 4630/4630/4630
f 4632/4632/4632 4631/4631/4631 4630/4630/4630
f 4633/4633/4633 4631/4631/4631 4632/4632/4632
f 4632/4632/4632 4630/4630/4630 4634/4634/4634
f 4634/4634/4634 4630/4630/4630 4625/4625/4625
f 4634/4634/4634 4625/4625/4625 4635/4635/4635
f 4635/4635/4635 4625/4625/4625 4636/4636/4636
f 4636/4636/4636 4625/4625/4625 4626/4626/4626
f 4635/4635/4635 4636/4636/4636 4637/4637/4637
f 4636/4636/4636 4626/4626/4626 4638/4638/4638
f 4638/4638/4638 4626/4626/4626 4629/4629/4629
f 4637/4637/4637 4636/4636/4636 4639/4639/4639
f 4640/4640/4640 4636/4636/4636 4638/4638/4638
f 4629/4629/4629 4640/4640/4640 4638/4638/4638
f 4639/4639/4639 4636/4636/4636 4640/4640/4640
f 4637/4637/4637 4639/4639/4639 4641/4641/4641
f 4629/4629/4629 4642/4642/4642 4640/4640/4640
f 4642/4642/4642 4639/4639/4639 4640/4640/4640
f 4643/4643/4643 4642/4642/4642 4629/4629/4629
f 4644/4644/4644 4642/4642/4642 4643/4643/4643
f 4645/4645/4645 4639/4639/4639 4642/4642/4642
f 4641/4641/4641 4639/4639/4639 4645/4645/4645
f 4645/4645/4645 4642/4642/4642 4644/4644/4644
f 4643/4643/4643 4646/4646/4646 4644/4644/4644
f 4646/4646/4646 4645/4645/4645 4644/4644/4644
f 4643/4643/4643 4647/4647/4647 4646/4646/4646
f 4645/4645/4645 4648/4648/4648 4641/4641/4641
f 4648/4648/4648 4645/4645/4645 4646/4646/4646
f 4647/4647/4647 4648/4648/4648 4646/4646/4646
f 4641/4641/4641 4648/4648/4648 4649/4649/4649
f 4650/4650/4650 4648/4648/4648 4647/4647/4647
f 4648/4648/4648 4650/4650/4650 4649/4649/4649
f 4649/4649/4649 4650/4650/4650 4651/4651/4651
f 4654/4654/4654 4653/4653/4653 4652/4652/4652
f 4653/4653/4653 4655/4655/4655 4652/4652/4652
f 4656/4656/4656 4655/4655/4655 4653/4653/4653
f 4657/4657/4657 4655/4655/4655 4656/4656/4656
f 4657/4657/4657 4656/4656/4656 4658/4658/4658
f 4656/4656/4656 4653/4653/4653 4659/4659/4659
f 4656/4656/4656 4659/4659/4659 4658/4658/4658
f 4659/4659/4659 4653/4653/4653 4654/4654/4654
f 4658/4658/4658 4659/4659/4659 4660/4660/4660
f 4654/4654/4654 4661/4661/4661 4659/4659/4659
f 4661/4661/4661 4660/4660/4660 4659/4659/4659
f 4662/4662/4662 4661/4661/4661 4654/4654/4654
f 4663/4663/4663 4658/4658/4658 4660/4660/4660
f 4661/4661/4661 4663/4663/4663 4660/4660/4660
f 4664/4664/4664 4658/4658/4658 4663/4663/4663
f 4663/4663/4663 4665/4665/4665 4664/4664/4664
f 4661/4661/4661 4662/4662/4662 4666/4666/4666
f 4666/4666/4666 4663/4663/4663 4661/4661/4661
f 4666/4666/4666 4662/4662/4662 4667/4667/4667
f 4668/4668/4668 4665/4665/4665 4663/4663/4663
f 4666/4666/4666 4668/4668/4668 4663/4663/4663
f 4668/4668/4668 4669/4669/4669 4665/4665/4665
f 4670/4670/4670 4669/4669/4669 4668/4668/4668
f 4668/4668/4668 4671/4671/4671 4670/4670/4670
f 4667/4667/4667 4672/4672/4672 4666/4666/4666
f 4672/4672/4672 4668/4668/4668 4666/4666/4666
f 4672/4672/4672 4671/4671/4671 4668/4668/4668
f 4673/4673/4673 4672/4672/4672 4667/4667/4667
f 4673/4673/4673 4671/4671/4671 4672/4672/4672
f 4674/4674/4674 4671/4671/4671 4673/4673/4673
f 4677/4677/4677 4676/4676/4676 4675/4675/4675
f 4675/4675/4675 4678/4678/4678 4677/4677/4677
f 4679/4679/4679 4678/4678/4678 4675/4675/4675
f 4678/4678/4678 4679/4679/4679 4680/4680/4680
f 4680/4680/4680 4679/4679/4679 4681/4681/4681
f 4682/4682/4682 4678/4678/4678 4680/4680/4680
f 4683/4683/4683 4678/4678/4678 4682/4682/4682
f 4678/4678/4678 4683/4683/4683 4677/4677/4677
f 4677/4677/4677 4683/4683/4683 4684/4684/4684
f 4685/4685/4685 4677/4677/4677 4684/4684/4684
f 4677/4677/4677 4685/4685/4685 4686/4686/4686
f 4686/4686/4686 4676/4676/4676 4677/4677/4677
f 4687/4687/4687 4686/4686/4686 4685/4685/4685
f 4687/4687/4687 4688/4688/4688 4686/4686/4686
f 4689/4689/4689 4676/4676/4676 4686/4686/4686
f 4686/4686/4686 4688/4688/4688 4689/4689/4689
f 4690/4690/4690 4689/4689/4689 4688/4688/4688
f 4691/4691/4691 4676/4676/4676 4689/4689/4689
f 4690/4690/4690 4692/4692/4692 4689/4689/4689
f 4692/4692/4692 4691/4691/4691 4689/4689/4689
f 4693/4693/4693 4691/4691/4691 4692/4692/4692
f 4696/4696/4696 4695/4695/4695 4694/4694/4694
f 4697/4697/4697 4695/4695/4695 4696/4696/4696
f 4698/4698/4698 4697/4697/4697 4696/4696/4696
f 4699/4699/4699 4697/4697/4697 4698/4698/4698
f 4697/4697/4697 4700/4700/4700 4695/4695/4695
f 4699/4699/4699 4701/4701/4701 4697/4697/4697
f 4701/4701/4701 4700/4700/4700 4697/4697/4697
f 4702/4702/4702 4701/4701/4701 4699/4699/4699
f 4703/4703/4703 4702/4702/4702 4699/4699/4699
f 4701/4701/4701 4704/4704/4704 4700/4700/4700
f 4705/4705/4705 4704/4704/4704 4701/4701/4701
f 4702/4702/4702 4705/4705/4705 4701/4701/4701
f 4704/4704/4704 4706/4706/4706 4700/4700/4700
f 4707/4707/4707 4705/4705/4705 4702/4702/4702
f 4703/4703/4703 4707/4707/4707 4702/4702/4702
f 4708/4708/4708 4707/4707/4707 4703/4703/4703
f 4709/4709/4709 4708/4708/4708 4703/4703/4703
f 4710/4710/4710 4708/4708/4708 4709/4709/4709
f 4709/4709/4709 4703/4703/4703 4711/4711/4711
f 4711/4711/4711 4703/4703/4703 4712/4712/4712
f 4711/4711/4711 4712/4712/4712 4713/4713/4713
f 4700/4700/4700 4706/4706/4706 4714/4714/4714
f 4715/4715/4715 4714/4714/4714 4706/4706/4706
f 4700/4700/4700 4714/4714/4714 4695/4695/4695
f 4716/4716/4716 4714/4714/4714 4715/4715/4715
f 4695/4695/4695 4714/4714/4714 4717/4717/4717
f 4714/4714/4714 4716/4716/4716 4717/4717/4717
f 4720/4720/4720 4719/4719/4719 4718/4718/4718
f 4718/4718/4718 4721/4721/4721 4720/4720/4720
f 4720/4720/4720 4721/4721/4721 4722/4722/4722
f 4723/4723/4723 4721/4721/4721 4718/4718/4718
f 4723/4723/4723 4718/4718/4718 4719/4719/4719
f 4724/4724/4724 4719/4719/4719 4720/4720/4720
f 4725/4725/4725 4723/4723/4723 4719/4719/4719
f 4724/4724/4724 4725/4725/4725 4719/4719/4719
f 4726/4726/4726 4723/4723/4723 4725/4725/4725
f 4727/4727/4727 4725/4725/4725 4724/4724/4724
f 4726/4726/4726 4725/4725/4725 4728/4728/4728
f 4725/4725/4725 4727/4727/4727 4728/4728/4728
f 4726/4726/4726 4728/4728/4728 4729/4729/4729
f 4728/4728/4728 4727/4727/4727 4730/4730/4730
f 4729/4729/4729 4728/4728/4728 4730/4730/4730
f 4731/4731/4731 4730/4730/4730 4727/4727/4727
f 4732/4732/4732 4730/4730/4730 4731/4731/4731
f 4732/4732/4732 4729/4729/4729 4730/4730/4730
f 4733/4733/4733 4732/4732/4732 4731/4731/4731
f 4729/4729/4729 4732/4732/4732 4734/4734/4734
f 4734/4734/4734 4732/4732/4732 4733/4733/4733
f 4729/4729/4729 4734/4734/4734 4735/4735/4735
f 4733/4733/4733 4735/4735/4735 4734/4734/4734
f 4736/4736/4736 4735/4735/4735 4733/4733/4733
f 4737/4737/4737 4735/4735/4735 4736/4736/4736
f 738/738/738 4739/4739/4739 4738/4738/4738
f 4738/4738/4738 4740/4740/4740 738/738/738
f 4741/4741/4741 4740/4740/4740 4738/4738/4738
f 4741/4741/4741 744/744/744 4740/4740/4740
f 4742/4742/4742 744/744/744 4741/4741/4741
f 4745/4745/4745 4744/4744/4744 4743/4743/4743
f 4746/4746/4746 4745/4745/4745 4743/4743/4743
f 4747/4747/4747 4745/4745/4745 4746/4746/4746
f 4748/4748/4748 4744/4744/4744 4745/4745/4745
f 4745/4745/4745 4747/4747/4747 4749/4749/4749
f 4745/4745/4745 4749/4749/4749 4748/4748/4748
f 4749/4749/4749 4747/4747/4747 4750/4750/4750
f 4750/4750/4750 4751/4751/4751 4749/4749/4749
f 4748/4748/4748 4752/4752/4752 4744/4744/4744
f 4749/4749/4749 4752/4752/4752 4748/4748/4748
f 4744/4744/4744 4752/4752/4752 4753/4753/4753
f 4753/4753/4753 4752/4752/4752 4754/4754/4754
f 4755/4755/4755 4752/4752/4752 4749/4749/4749
f 4755/4755/4755 4749/4749/4749 4756/4756/4756
f 4752/4752/4752 4755/4755/4755 4757/4757/4757
f 4754/4754/4754 4752/4752/4752 4757/4757/4757
f 4757/4757/4757 4758/4758/4758 4754/4754/4754
f 4758/4758/4758 4757/4757/4757 4759/4759/4759
f 4754/4754/4754 4758/4758/4758 4760/4760/4760
f 4758/4758/4758 4761/4761/4761 4760/4760/4760
f 4760/4760/4760 4761/4761/4761 4762/4762/4762
f 4761/4761/4761 4758/4758/4758 4763/4763/4763
f 4763/4763/4763 4758/4758/4758 4764/4764/4764
f 4763/4763/4763 4764/4764/4764 4765/4765/4765
f 4765/4765/4765 4766/4766/4766 4763/4763/4763
f 4769/4769/4769 4768/4768/4768 4767/4767/4767
f 4767/4767/4767 4768/4768/4768 4770/4770/4770
f 4771/4771/4771 4770/4770/4770 4768/4768/4768
f 4772/4772/4772 4767/4767/4767 4770/4770/4770
f 4768/4768/4768 4773/4773/4773 4771/4771/4771
f 4774/4774/4774 4767/4767/4767 4772/4772/4772
f 4775/4775/4775 4773/4773/4773 4768/4768/4768
f 4775/4775/4775 4768/4768/4768 4769/4769/4769
f 4776/4776/4776 4773/4773/4773 4775/4775/4775
f 4776/4776/4776 4775/4775/4775 4777/4777/4777
f 4777/4777/4777 4775/4775/4775 4778/4778/4778
f 4775/4775/4775 4769/4769/4769 4778/4778/4778
f 4778/4778/4778 4769/4769/4769 4779/4779/4779
f 4767/4767/4767 4780/4780/4780 4769/4769/4769
f 4769/4769/4769 4780/4780/4780 4779/4779/4779
f 4774/4774/4774 4780/4780/4780 4767/4767/4767
f 4779/4779/4779 4780/4780/4780 4781/4781/4781
f 4781/4781/4781 4780/4780/4780 4782/4782/4782
f 4783/4783/4783 4780/4780/4780 4774/4774/4774
f 4782/4782/4782 4780/4780/4780 4783/4783/4783
f 4774/4774/4774 4782/4782/4782 4783/4783/4783
f 4786/4786/4786 4785/4785/4785 4784/4784/4784
f 4786/4786/4786 4784/4784/4784 4787/4787/4787
f 4788/4788/4788 4786/4786/4786 4787/4787/4787
f 4789/4789/4789 4786/4786/4786 4788/4788/4788
f 4790/4790/4790 4785/4785/4785 4786/4786/4786
f 4789/4789/4789 4790/4790/4790 4786/4786/4786
f 4790/4790/4790 4791/4791/4791 4785/4785/4785
f 4792/4792/4792 4790/4790/4790 4789/4789/4789
f 4792/4792/4792 4791/4791/4791 4790/4790/4790
f 4793/4793/4793 4791/4791/4791 4792/4792/4792
f 4796/4796/4796 4795/4795/4795 4794/4794/4794
f 4797/4797/4797 4795/4795/4795 4796/4796/4796
f 4794/4794/4794 4795/4795/4795 4798/4798/4798
f 4796/4796/4796 4794/4794/4794 4799/4799/4799
f 4794/4794/4794 4798/4798/4798 4800/4800/4800
f 4799/4799/4799 4794/4794/4794 4800/4800/4800
f 4800/4800/4800 4798/4798/4798 4801/4801/4801
f 4799/4799/4799 4800/4800/4800 4802/4802/4802
f 4800/4800/4800 4801/4801/4801 4803/4803/4803
f 4802/4802/4802 4800/4800/4800 4803/4803/4803
f 4806/4806/4806 4805/4805/4805 4804/4804/4804
f 4807/4807/4807 4804/4804/4804 4805/4805/4805
f 4805/4805/4805 4808/4808/4808 4807/4807/4807
f 4809/4809/4809 4804/4804/4804 4807/4807/4807
f 4810/4810/4810 4808/4808/4808 4805/4805/4805
f 4811/4811/4811 4810/4810/4810 4805/4805/4805
f 4811/4811/4811 4805/4805/4805 4806/4806/4806
f 4812/4812/4812 4810/4810/4810 4811/4811/4811
f 4811/4811/4811 4813/4813/4813 4812/4812/4812
f 4809/4809/4809 4814/4814/4814 4804/4804/4804
f 4815/4815/4815 4814/4814/4814 4809/4809/4809
f 4815/4815/4815 4816/4816/4816 4814/4814/4814
f 4816/4816/4816 4817/4817/4817 4814/4814/4814
f 4817/4817/4817 4818/4818/4818 4814/4814/4814
f 4819/4819/4819 4804/4804/4804 4814/4814/4814
f 4814/4814/4814 4818/4818/4818 4819/4819/4819
f 4806/4806/4806 4804/4804/4804 4819/4819/4819
f 4818/4818/4818 4820/4820/4820 4819/4819/4819
f 4819/4819/4819 4821/4821/4821 4806/4806/4806
f 4821/4821/4821 4819/4819/4819 4820/4820/4820
f 4806/4806/4806 4821/4821/4821 4822/4822/4822
f 4806/4806/4806 4822/4822/4822 4811/4811/4811
f 4820/4820/4820 4823/4823/4823 4821/4821/4821
f 4821/4821/4821 4823/4823/4823 4822/4822/4822
f 4820/4820/4820 4824/4824/4824 4823/4823/4823
f 4820/4820/4820 4825/4825/4825 4824/4824/4824
f 4822/4822/4822 4823/4823/4823 4826/4826/4826
f 4824/4824/4824 4826/4826/4826 4823/4823/4823
f 4811/4811/4811 4822/4822/4822 4827/4827/4827
f 4822/4822/4822 4826/4826/4826 4827/4827/4827
f 4827/4827/4827 4813/4813/4813 4811/4811/4811
f 4824/4824/4824 4825/4825/4825 4828/4828/4828
f 4828/4828/4828 4826/4826/4826 4824/4824/4824
f 4828/4828/4828 4825/4825/4825 4829/4829/4829
f 4829/4829/4829 4830/4830/4830 4828/4828/4828
f 4831/4831/4831 4813/4813/4813 4827/4827/4827
f 4827/4827/4827 4826/4826/4826 4831/4831/4831
f 4828/4828/4828 4831/4831/4831 4826/4826/4826
f 4832/4832/4832 4813/4813/4813 4831/4831/4831
f 4832/4832/4832 4831/4831/4831 4833/4833/4833
f 4833/4833/4833 4830/4830/4830 4834/4834/4834
f 4835/4835/4835 4831/4831/4831 4828/4828/4828
f 4828/4828/4828 4830/4830/4830 4835/4835/4835
f 4833/4833/4833 4831/4831/4831 4835/4835/4835
f 4835/4835/4835 4830/4830/4830 4833/4833/4833
f 4838/4838/4838 4837/4837/4837 4836/4836/4836
f 4837/4837/4837 4839/4839/4839 4836/4836/4836
f 4836/4836/4836 4840/4840/4840 4838/4838/4838
f 4841/4841/4841 4840/4840/4840 4836/4836/4836
f 4841/4841/4841 4842/4842/4842 4840/4840/4840
f 4843/4843/4843 4842/4842/4842 4841/4841/4841
f 4842/4842/4842 4844/4844/4844 4840/4840/4840
f 4840/4840/4840 4844/4844/4844 4845/4845/4845
f 4840/4840/4840 4845/4845/4845 4838/4838/4838
f 4845/4845/4845 4844/4844/4844 4846/4846/4846
f 4846/4846/4846 4847/4847/4847 4845/4845/4845
f 4838/4838/4838 4845/4845/4845 4848/4848/4848
f 4845/4845/4845 4847/4847/4847 4848/4848/4848
f 4848/4848/4848 4837/4837/4837 4838/4838/4838
f 4837/4837/4837 4848/4848/4848 4849/4849/4849
f 4848/4848/4848 4847/4847/4847 4849/4849/4849
f 4849/4849/4849 4839/4839/4839 4837/4837/4837
f 4850/4850/4850 4839/4839/4839 4849/4849/4849
f 4849/4849/4849 4847/4847/4847 4850/4850/4850
f 4851/4851/4851 4850/4850/4850 4847/4847/4847
f 4854/4854/4854 4853/4853/4853 4852/4852/4852
f 4852/4852/4852 4855/4855/4855 4854/4854/4854
f 4854/4854/4854 4855/4855/4855 4856/4856/4856
f 4858/4858/4858 4853/4853/4853 4857/4857/4857
f 4857/4857/4857 4853/4853/4853 4859/4859/4859
f 4859/4859/4859 4853/4853/4853 4854/4854/4854
f 4857/4857/4857 4859/4859/4859 4860/4860/4860
f 4860/4860/4860 4859/4859/4859 4861/4861/4861
f 4859/4859/4859 4854/4854/4854 4861/4861/4861
f 4860/4860/4860 4861/4861/4861 4862/4862/4862
f 4854/4854/4854 4856/4856/4856 4863/4863/4863
f 4861/4861/4861 4854/4854/4854 4863/4863/4863
f 4863/4863/4863 4856/4856/4856 4864/4864/4864
f 4862/4862/4862 4861/4861/4861 4865/4865/4865
f 4861/4861/4861 4863/4863/4863 4865/4865/4865
f 4862/4862/4862 4865/4865/4865 4866/4866/4866
f 4863/4863/4863 4864/4864/4864 4867/4867/4867
f 4865/4865/4865 4863/4863/4863 4867/4867/4867
f 4867/4867/4867 4864/4864/4864 4868/4868/4868
f 4866/4866/4866 4865/4865/4865 4869/4869/4869
f 4867/4867/4867 4869/4869/4869 4865/4865/4865
f 4868/4868/4868 4869/4869/4869 4867/4867/4867
f 4866/4866/4866 4869/4869/4869 4870/4870/4870
f 4871/4871/4871 4869/4869/4869 4868/4868/4868
f 4871/4871/4871 4868/4868/4868 4872/4872/4872
f 4870/4870/4870 4869/4869/4869 4873/4873/4873
f 4869/4869/4869 4871/4871/4871 4873/4873/4873
f 4870/4870/4870 4873/4873/4873 4874/4874/4874
f 4871/4871/4871 4872/4872/4872 4875/4875/4875
f 4871/4871/4871 4875/4875/4875 4873/4873/4873
f 4874/4874/4874 4873/4873/4873 4875/4875/4875
f 4875/4875/4875 4872/4872/4872 4876/4876/4876
f 4876/4876/4876 4874/4874/4874 4875/4875/4875
f 4879/4879/4879 4878/4878/4878 4877/4877/4877
f 4880/4880/4880 4877/4877/4877 4878/4878/4878
f 4881/4881/4881 4879/4879/4879 4877/4877/4877
f 4882/4882/4882 4879/4879/4879 4881/4881/4881
f 4879/4879/4879 4882/4882/4882 4883/4883/4883
f 4880/4880/4880 4884/4884/4884 4877/4877/4877
f 4877/4877/4877 4884/4884/4884 4885/4885/4885
f 4886/4886/4886 4880/4880/4880 4878/4878/4878
f 4886/4886/4886 4884/4884/4884 4880/4880/4880
f 4887/4887/4887 4878/4878/4878 4879/4879/4879
f 4883/4883/4883 4887/4887/4887 4879/4879/4879
f 4887/4887/4887 4886/4886/4886 4878/4878/4878
f 4886/4886/4886 4888/4888/4888 4884/4884/4884
f 4889/4889/4889 4886/4886/4886 4887/4887/4887
f 4885/4885/4885 4884/4884/4884 4890/4890/4890
f 4884/4884/4884 4888/4888/4888 4890/4890/4890
f 4890/4890/4890 4891/4891/4891 4885/4885/4885
f 4888/4888/4888 4891/4891/4891 4890/4890/4890
f 4885/4885/4885 4891/4891/4891 4892/4892/4892
f 4888/4888/4888 4893/4893/4893 4891/4891/4891
f 4891/4891/4891 4893/4893/4893 4892/4892/4892
f 4892/4892/4892 4893/4893/4893 4894/4894/4894
f 4889/4889/4889 4887/4887/4887 4895/4895/4895
f 4895/4895/4895 4887/4887/4887 4883/4883/4883
f 4889/4889/4889 4895/4895/4895 4896/4896/4896
f 4897/4897/4897 4895/4895/4895 4883/4883/4883
f 4896/4896/4896 4895/4895/4895 4897/4897/4897
f 4898/4898/4898 4896/4896/4896 4897/4897/4897
f 4901/4901/4901 4900/4900/4900 4899/4899/4899
f 4902/4902/4902 4900/4900/4900 4901/4901/4901
f 4900/4900/4900 4903/4903/4903 4899/4899/4899
f 4900/4900/4900 4902/4902/4902 506/506/506
f 506/506/506 4902/4902/4902 4904/4904/4904
f 4905/4905/4905 4900/4900/4900 506/506/506
f 4905/4905/4905 4903/4903/4903 4900/4900/4900
f 4906/4906/4906 4903/4903/4903 4905/4905/4905
f 4907/4907/4907 4903/4903/4903 4906/4906/4906
f 4906/4906/4906 4905/4905/4905 4908/4908/4908
f 4908/4908/4908 4905/4905/4905 4909/4909/4909
f 4908/4908/4908 4909/4909/4909 504/504/504
f 504/504/504 4910/4910/4910 4908/4908/4908
f 4910/4910/4910 4906/4906/4906 4908/4908/4908
f 4911/4911/4911 4906/4906/4906 4910/4910/4910
f 4911/4911/4911 4907/4907/4907 4906/4906/4906
f 4912/4912/4912 4907/4907/4907 4911/4911/4911
f 4911/4911/4911 4913/4913/4913 4912/4912/4912
f 4912/4912/4912 4913/4913/4913 4914/4914/4914
f 4913/4913/4913 4911/4911/4911 4915/4915/4915
f 4913/4913/4913 4916/4916/4916 4914/4914/4914
f 4915/4915/4915 4916/4916/4916 4913/4913/4913
f 4914/4914/4914 4916/4916/4916 4917/4917/4917
f 505/505/505 4916/4916/4916 4915/4915/4915
f 504/504/504 505/505/505 4915/4915/4915
f 4920/4920/4920 4919/4919/4919 4918/4918/4918
f 4921/4921/4921 4919/4919/4919 4920/4920/4920
f 4919/4919/4919 4922/4922/4922 4918/4918/4918
f 4921/4921/4921 4923/4923/4923 4919/4919/4919
f 4919/4919/4919 4923/4923/4923 4922/4922/4922
f 4923/4923/4923 4921/4921/4921 4924/4924/4924
f 4924/4924/4924 4921/4921/4921 4925/4925/4925
f 4925/4925/4925 4926/4926/4926 4924/4924/4924
f 4925/4925/4925 4927/4927/4927 4926/4926/4926
f 4926/4926/4926 4927/4927/4927 4928/4928/4928
f 4928/4928/4928 4924/4924/4924 4926/4926/4926
f 4928/4928/4928 4927/4927/4927 4929/4929/4929
f 4930/4930/4930 4923/4923/4923 4924/4924/4924
f 4930/4930/4930 4924/4924/4924 4928/4928/4928
f 4922/4922/4922 4923/4923/4923 4930/4930/4930
f 4928/4928/4928 4929/4929/4929 4931/4931/4931
f 4931/4931/4931 4929/4929/4929 4932/4932/4932
f 4933/4933/4933 4928/4928/4928 4931/4931/4931
f 4930/4930/4930 4928/4928/4928 4933/4933/4933
f 4933/4933/4933 4922/4922/4922 4930/4930/4930
f 4934/4934/4934 4922/4922/4922 4933/4933/4933
f 4934/4934/4934 4935/4935/4935 4922/4922/4922
f 4935/4935/4935 4918/4918/4918 4922/4922/4922
f 4936/4936/4936 4935/4935/4935 4934/4934/4934
f 4937/4937/4937 4918/4918/4918 4935/4935/4935
f 4937/4937/4937 4920/4920/4920 4918/4918/4918
f 4936/4936/4936 4938/4938/4938 4935/4935/4935
f 4938/4938/4938 4937/4937/4937 4935/4935/4935
f 4939/4939/4939 4938/4938/4938 4936/4936/4936
f 4920/4920/4920 4937/4937/4937 4940/4940/4940
f 4940/4940/4940 4937/4937/4937 4938/4938/4938
f 4920/4920/4920 4940/4940/4940 4941/4941/4941
f 4939/4939/4939 4942/4942/4942 4938/4938/4938
f 4942/4942/4942 4940/4940/4940 4938/4938/4938
f 4941/4941/4941 4940/4940/4940 4942/4942/4942
f 4943/4943/4943 4942/4942/4942 4939/4939/4939
f 4944/4944/4944 4941/4941/4941 4942/4942/4942
f 4943/4943/4943 4944/4944/4944 4942/4942/4942
f 4945/4945/4945 4944/4944/4944 4943/4943/4943
f 4948/4948/4948 4947/4947/4947 4946/4946/4946
f 4949/4949/4949 4947/4947/4947 4948/4948/4948
f 4947/4947/4947 4950/4950/4950 4946/4946/4946
f 4946/4946/4946 4950/4950/4950 4951/4951/4951
f 4950/4950/4950 4947/4947/4947 4952/4952/4952
f 4947/4947/4947 4949/4949/4949 4953/4953/4953
f 4952/4952/4952 4947/4947/4947 4953/4953/4953
f 4953/4953/4953 4949/4949/4949 4954/4954/4954
f 4953/4953/4953 4955/4955/4955 4952/4952/4952
f 4956/4956/4956 4953/4953/4953 4954/4954/4954
f 4953/4953/4953 4956/4956/4956 4957/4957/4957
f 4957/4957/4957 4955/4955/4955 4953/4953/4953
f 4958/4958/4958 4957/4957/4957 4956/4956/4956
f 4958/4958/4958 4959/4959/4959 4957/4957/4957
f 4960/4960/4960 4955/4955/4955 4957/4957/4957
f 4957/4957/4957 4959/4959/4959 4960/4960/4960
f 4961/4961/4961 4960/4960/4960 4959/4959/4959
f 4962/4962/4962 4955/4955/4955 4960/4960/4960
f 4961/4961/4961 4963/4963/4963 4960/4960/4960
f 4963/4963/4963 4962/4962/4962 4960/4960/4960
f 4964/4964/4964 4962/4962/4962 4963/4963/4963
f 4967/4967/4967 4966/4966/4966 4965/4965/4965
f 4968/4968/4968 4966/4966/4966 4967/4967/4967
f 4967/4967/4967 4965/4965/4965 4969/4969/4969
f 4968/4968/4968 4970/4970/4970 4966/4966/4966
f 4971/4971/4971 4970/4970/4970 4968/4968/4968
f 4971/4971/4971 4972/4972/4972 4970/4970/4970
f 4973/4973/4973 4972/4972/4972 4971/4971/4971
f 4973/4973/4973 4974/4974/4974 4972/4972/4972
f 4975/4975/4975 4974/4974/4974 4973/4973/4973
f 4972/4972/4972 4974/4974/4974 4976/4976/4976
f 4972/4972/4972 4976/4976/4976 4970/4970/4970
f 4976/4976/4976 4974/4974/4974 4977/4977/4977
f 4977/4977/4977 4978/4978/4978 4976/4976/4976
f 4976/4976/4976 4978/4978/4978 4979/4979/4979
f 4970/4970/4970 4976/4976/4976 4980/4980/4980
f 4976/4976/4976 4979/4979/4979 4980/4980/4980
f 4970/4970/4970 4980/4980/4980 4966/4966/4966
f 4980/4980/4980 4979/4979/4979 4981/4981/4981
f 4966/4966/4966 4980/4980/4980 4982/4982/4982
f 4980/4980/4980 4981/4981/4981 4982/4982/4982
f 4982/4982/4982 4981/4981/4981 4983/4983/4983
f 4982/4982/4982 4965/4965/4965 4966/4966/4966
f 4983/4983/4983 4965/4965/4965 4982/4982/4982
f 4984/4984/4984 4965/4965/4965 4983/4983/4983
f 4984/4984/4984 4983/4983/4983 4985/4985/4985
f 4965/4965/4965 4984/4984/4984 4986/4986/4986
f 4969/4969/4969 4965/4965/4965 4986/4986/4986
f 4969/4969/4969 4986/4986/4986 4987/4987/4987
f 4984/4984/4984 4988/4988/4988 4986/4986/4986
f 4987/4987/4987 4986/4986/4986 4988/4988/4988
f 4984/4984/4984 4985/4985/4985 4988/4988/4988
f 4989/4989/4989 4987/4987/4987 4988/4988/4988
f 4988/4988/4988 4985/4985/4985 4989/4989/4989
f 4992/4992/4992 4991/4991/4991 4990/4990/4990
f 4990/4990/4990 4993/4993/4993 4992/4992/4992
f 4994/4994/4994 4993/4993/4993 4990/4990/4990
f 4995/4995/4995 4991/4991/4991 4992/4992/4992
f 4996/4996/4996 4994/4994/4994 4990/4990/4990
f 4991/4991/4991 4996/4996/4996 4990/4990/4990
f 970/970/970 4994/4994/4994 4996/4996/4996
f 969/969/969 970/970/970 4996/4996/4996
f 4995/4995/4995 4997/4997/4997 4991/4991/4991
f 4998/4998/4998 4997/4997/4997 4995/4995/4995
f 4999/4999/4999 4996/4996/4996 4991/4991/4991
f 969/969/969 4996/4996/4996 4999/4999/4999
f 4991/4991/4991 4997/4997/4997 4999/4999/4999
f 4998/4998/4998 5000/5000/5000 4997/4997/4997
f 4999/4999/4999 4997/4997/4997 5001/5001/5001
f 969/969/969 4999/4999/4999 5001/5001/5001
f 4997/4997/4997 5000/5000/5000 5002/5002/5002
f 4997/4997/4997 5002/5002/5002 5001/5001/5001
f 5000/5000/5000 5003/5003/5003 5002/5002/5002
f 5004/5004/5004 5003/5003/5003 5000/5000/5000
f 5001/5001/5001 5002/5002/5002 5005/5005/5005
f 5001/5001/5001 5005/5005/5005 969/969/969
f 5002/5002/5002 5003/5003/5003 5005/5005/5005
f 5004/5004/5004 5006/5006/5006 5003/5003/5003
f 5003/5003/5003 5006/5006/5006 5007/5007/5007
f 5005/5005/5005 5003/5003/5003 971/971/971
f 5003/5003/5003 5007/5007/5007 971/971/971
f 5005/5005/5005 971/971/971 969/969/969
f 971/971/971 5007/5007/5007 5008/5008/5008
f 5011/5011/5011 5010/5010/5010 5009/5009/5009
f 5012/5012/5012 5010/5010/5010 5011/5011/5011
f 5013/5013/5013 5012/5012/5012 5011/5011/5011
f 5014/5014/5014 5010/5010/5010 5012/5012/5012
f 5010/5010/5010 5015/5015/5015 5009/5009/5009
f 5014/5014/5014 5015/5015/5015 5010/5010/5010
f 5009/5009/5009 5015/5015/5015 5016/5016/5016
f 5015/5015/5015 5017/5017/5017 5016/5016/5016
f 5015/5015/5015 5014/5014/5014 5017/5017/5017
f 5016/5016/5016 5017/5017/5017 5018/5018/5018
f 5014/5014/5014 5019/5019/5019 5017/5017/5017
f 5019/5019/5019 5018/5018/5018 5017/5017/5017
f 5020/5020/5020 5019/5019/5019 5014/5014/5014
f 5019/5019/5019 5021/5021/5021 5018/5018/5018
f 5020/5020/5020 5021/5021/5021 5019/5019/5019
f 5018/5018/5018 5021/5021/5021 5022/5022/5022
f 5021/5021/5021 5020/5020/5020 5023/5023/5023
f 5022/5022/5022 5021/5021/5021 5023/5023/5023
f 5023/5023/5023 5020/5020/5020 5024/5024/5024
f 5024/5024/5024 5025/5025/5025 5023/5023/5023
f 5024/5024/5024 5026/5026/5026 5025/5025/5025
f 5022/5022/5022 5023/5023/5023 5027/5027/5027
f 5027/5027/5027 5023/5023/5023 5025/5025/5025
f 5025/5025/5025 5026/5026/5026 5027/5027/5027
f 5022/5022/5022 5027/5027/5027 5028/5028/5028
f 5027/5027/5027 5026/5026/5026 5029/5029/5029
f 5032/5032/5032 5031/5031/5031 5030/5030/5030
f 5033/5033/5033 5031/5031/5031 5032/5032/5032
f 5032/5032/5032 5030/5030/5030 5034/5034/5034
f 5034/5034/5034 5030/5030/5030 5035/5035/5035
f 5030/5030/5030 5036/5036/5036 5035/5035/5035
f 5030/5030/5030 5037/5037/5037 5036/5036/5036
f 5031/5031/5031 5037/5037/5037 5030/5030/5030
f 5031/5031/5031 5038/5038/5038 5037/5037/5037
f 5033/5033/5033 5038/5038/5038 5031/5031/5031
f 5039/5039/5039 5038/5038/5038 5033/5033/5033
f 5042/5042/5042 5041/5041/5041 5040/5040/5040
f 5042/5042/5042 5040/5040/5040 5043/5043/5043
f 5040/5040/5040 5041/5041/5041 5044/5044/5044
f 5044/5044/5044 5041/5041/5041 5045/5045/5045
f 5043/5043/5043 5040/5040/5040 5046/5046/5046
f 5046/5046/5046 5040/5040/5040 5044/5044/5044
f 5046/5046/5046 5047/5047/5047 5043/5043/5043
f 5044/5044/5044 5045/5045/5045 5048/5048/5048
f 5048/5048/5048 5046/5046/5046 5044/5044/5044
f 5046/5046/5046 5048/5048/5048 5047/5047/5047
f 5048/5048/5048 5045/5045/5045 5049/5049/5049
f 5047/5047/5047 5048/5048/5048 5050/5050/5050
f 5048/5048/5048 5049/5049/5049 5051/5051/5051
f 5050/5050/5050 5048/5048/5048 5051/5051/5051
f 5051/5051/5051 5049/5049/5049 5052/5052/5052
f 5047/5047/5047 5050/5050/5050 5053/5053/5053
f 5051/5051/5051 5052/5052/5052 5054/5054/5054
f 5051/5051/5051 5055/5055/5055 5050/5050/5050
f 5054/5054/5054 5052/5052/5052 5056/5056/5056
f 5053/5053/5053 5050/5050/5050 5057/5057/5057
f 5057/5057/5057 5050/5050/5050 5055/5055/5055
f 5057/5057/5057 5055/5055/5055 5054/5054/5054
f 5053/5053/5053 5057/5057/5057 5058/5058/5058
f 5054/5054/5054 5056/5056/5056 5059/5059/5059
f 5059/5059/5059 5056/5056/5056 5060/5060/5060
f 5057/5057/5057 5054/5054/5054 5061/5061/5061
f 5058/5058/5058 5057/5057/5057 5061/5061/5061
f 5061/5061/5061 5054/5054/5054 5059/5059/5059
f 5062/5062/5062 5058/5058/5058 5061/5061/5061
f 5062/5062/5062 5061/5061/5061 5063/5063/5063
f 5063/5063/5063 5061/5061/5061 5059/5059/5059
f 5059/5059/5059 5060/5060/5060 5063/5063/5063
f 5063/5063/5063 5060/5060/5060 5064/5064/5064
f 5067/5067/5067 5066/5066/5066 5065/5065/5065
f 5068/5068/5068 5066/5066/5066 5067/5067/5067
f 5065/5065/5065 5066/5066/5066 5069/5069/5069
f 5067/5067/5067 5065/5065/5065 5070/5070/5070
f 5065/5065/5065 5069/5069/5069 5071/5071/5071
f 5070/5070/5070 5065/5065/5065 5071/5071/5071
f 5071/5071/5071 5069/5069/5069 5072/5072/5072
f 5070/5070/5070 5071/5071/5071 5073/5073/5073
f 5071/5071/5071 5072/5072/5072 5074/5074/5074
f 5073/5073/5073 5071/5071/5071 5074/5074/5074
f 5077/5077/5077 5076/5076/5076 5075/5075/5075
f 5078/5078/5078 5076/5076/5076 5077/5077/5077
f 5076/5076/5076 5078/5078/5078 5079/5079/5079
f 5078/5078/5078 5077/5077/5077 5080/5080/5080
f 5081/5081/5081 5080/5080/5080 5077/5077/5077
f 5079/5079/5079 5078/5078/5078 5082/5082/5082
f 5080/5080/5080 5082/5082/5082 5078/5078/5078
f 5079/5079/5079 5082/5082/5082 5083/5083/5083
f 5083/5083/5083 5082/5082/5082 5084/5084/5084
f 5085/5085/5085 5080/5080/5080 5081/5081/5081
f 5086/5086/5086 5084/5084/5084 5082/5082/5082
f 5086/5086/5086 5082/5082/5082 5080/5080/5080
f 5087/5087/5087 5084/5084/5084 5086/5086/5086
f 5080/5080/5080 5088/5088/5088 5086/5086/5086
f 5088/5088/5088 5087/5087/5087 5086/5086/5086
f 5085/5085/5085 5088/5088/5088 5080/5080/5080
f 5089/5089/5089 5087/5087/5087 5088/5088/5088
f 5088/5088/5088 5090/5090/5090 5089/5089/5089
f 5085/5085/5085 5091/5091/5091 5088/5088/5088
f 5091/5091/5091 5090/5090/5090 5088/5088/5088
f 5092/5092/5092 5091/5091/5091 5085/5085/5085
f 5092/5092/5092 5085/5085/5085 5093/5093/5093
f 5094/5094/5094 5092/5092/5092 5093/5093/5093
f 5094/5094/5094 5091/5091/5091 5092/5092/5092
f 5095/5095/5095 5094/5094/5094 5093/5093/5093
f 5096/5096/5096 5094/5094/5094 5095/5095/5095
f 5097/5097/5097 5091/5091/5091 5094/5094/5094
f 5097/5097/5097 5090/5090/5090 5091/5091/5091
f 5094/5094/5094 5096/5096/5096 5097/5097/5097
f 5098/5098/5098 5090/5090/5090 5097/5097/5097
f 5097/5097/5097 5096/5096/5096 5099/5099/5099
f 5099/5099/5099 5098/5098/5098 5097/5097/5097
f 5100/5100/5100 5098/5098/5098 5099/5099/5099
f 5103/5103/5103 5102/5102/5102 5101/5101/5101
f 5101/5101/5101 5104/5104/5104 5103/5103/5103
f 5105/5105/5105 5104/5104/5104 5101/5101/5101
f 5106/5106/5106 5102/5102/5102 5103/5103/5103
f 5101/5101/5101 651/651/651 5105/5105/5105
f 5107/5107/5107 5102/5102/5102 5106/5106/5106
f 5108/5108/5108 651/651/651 5101/5101/5101
f 5101/5101/5101 5102/5102/5102 5108/5108/5108
f 650/650/650 651/651/651 5108/5108/5108
f 5109/5109/5109 5102/5102/5102 5107/5107/5107
f 5108/5108/5108 5102/5102/5102 5110/5110/5110
f 650/650/650 5108/5108/5108 5110/5110/5110
f 5102/5102/5102 5109/5109/5109 5110/5110/5110
f 5107/5107/5107 5111/5111/5111 5109/5109/5109
f 5110/5110/5110 5109/5109/5109 5112/5112/5112
f 650/650/650 5110/5110/5110 5112/5112/5112
f 5109/5109/5109 5111/5111/5111 5113/5113/5113
f 5113/5113/5113 5112/5112/5112 5109/5109/5109
f 5113/5113/5113 5111/5111/5111 5114/5114/5114
f 5115/5115/5115 5112/5112/5112 5113/5113/5113
f 5114/5114/5114 5115/5115/5115 5113/5113/5113
f 5112/5112/5112 5115/5115/5115 650/650/650
f 5114/5114/5114 5111/5111/5111 5116/5116/5116
f 652/652/652 5115/5115/5115 5114/5114/5114
f 5115/5115/5115 652/652/652 650/650/650
f 5114/5114/5114 5116/5116/5116 5117/5117/5117
f 5117/5117/5117 652/652/652 5114/5114/5114
f 5117/5117/5117 5116/5116/5116 5118/5118/5118
f 5119/5119/5119 652/652/652 5117/5117/5117
f 5122/5122/5122 5121/5121/5121 5120/5120/5120
f 5120/5120/5120 5121/5121/5121 5123/5123/5123
f 5123/5123/5123 5124/5124/5124 5120/5120/5120
f 5121/5121/5121 5125/5125/5125 5123/5123/5123
f 5120/5120/5120 5124/5124/5124 5126/5126/5126
f 5120/5120/5120 5126/5126/5126 5122/5122/5122
f 5124/5124/5124 5127/5127/5127 5126/5126/5126
f 5126/5126/5126 5127/5127/5127 5128/5128/5128
f 5126/5126/5126 5128/5128/5128 5122/5122/5122
f 5129/5129/5129 5121/5121/5121 5122/5122/5122
f 5130/5130/5130 5125/5125/5125 5121/5121/5121
f 5130/5130/5130 5121/5121/5121 5129/5129/5129
f 5131/5131/5131 5125/5125/5125 5130/5130/5130
f 5131/5131/5131 5130/5130/5130 5129/5129/5129
f 5132/5132/5132 5125/5125/5125 5131/5131/5131
f 5129/5129/5129 5133/5133/5133 5131/5131/5131
f 5131/5131/5131 5133/5133/5133 5132/5132/5132
f 5134/5134/5134 5133/5133/5133 5129/5129/5129
f 5135/5135/5135 5132/5132/5132 5133/5133/5133
f 5135/5135/5135 5133/5133/5133 5134/5134/5134
f 5136/5136/5136 5132/5132/5132 5135/5135/5135
f 5137/5137/5137 5135/5135/5135 5134/5134/5134
f 5137/5137/5137 5136/5136/5136 5135/5135/5135
f 5138/5138/5138 5136/5136/5136 5137/5137/5137
f 5138/5138/5138 5137/5137/5137 5139/5139/5139
f 5142/5142/5142 5141/5141/5141 5140/5140/5140
f 5143/5143/5143 5141/5141/5141 5142/5142/5142
f 5144/5144/5144 5143/5143/5143 5142/5142/5142
f 5145/5145/5145 5143/5143/5143 5144/5144/5144
f 5146/5146/5146 5144/5144/5144 5142/5142/5142
f 5146/5146/5146 5142/5142/5142 5147/5147/5147
f 5140/5140/5140 5147/5147/5147 5142/5142/5142
f 5148/5148/5148 5147/5147/5147 5140/5140/5140
f 5148/5148/5148 5140/5140/5140 5149/5149/5149
f 5140/5140/5140 5141/5141/5141 5150/5150/5150
f 5150/5150/5150 5149/5149/5149 5140/5140/5140
f 5149/5149/5149 5150/5150/5150 5151/5151/5151
f 5150/5150/5150 5141/5141/5141 5152/5152/5152
f 5150/5150/5150 5153/5153/5153 5151/5151/5151
f 5152/5152/5152 5154/5154/5154 5150/5150/5150
f 5154/5154/5154 5153/5153/5153 5150/5150/5150
f 5153/5153/5153 5154/5154/5154 5155/5155/5155
f 5156/5156/5156 5154/5154/5154 5152/5152/5152
f 5155/5155/5155 5154/5154/5154 5157/5157/5157
f 5154/5154/5154 5156/5156/5156 5157/5157/5157
f 5157/5157/5157 5156/5156/5156 5158/5158/5158
f 5161/5161/5161 5160/5160/5160 5159/5159/5159
f 5162/5162/5162 5160/5160/5160 5161/5161/5161
f 5162/5162/5162 5163/5163/5163 5160/5160/5160
f 5164/5164/5164 5163/5163/5163 5162/5162/5162
f 5165/5165/5165 5163/5163/5163 5164/5164/5164
f 5162/5162/5162 5166/5166/5166 5164/5164/5164
f 5165/5165/5165 5164/5164/5164 5166/5166/5166
f 5167/5167/5167 5166/5166/5166 5162/5162/5162
f 5166/5166/5166 5168/5168/5168 5165/5165/5165
f 5167/5167/5167 5169/5169/5169 5166/5166/5166
f 5169/5169/5169 5168/5168/5168 5166/5166/5166
f 5170/5170/5170 5169/5169/5169 5167/5167/5167
f 5168/5168/5168 5169/5169/5169 5171/5171/5171
f 5171/5171/5171 5169/5169/5169 5170/5170/5170
f 5168/5168/5168 5171/5171/5171 5172/5172/5172
f 5171/5171/5171 5170/5170/5170 5173/5173/5173
f 5172/5172/5172 5171/5171/5171 5173/5173/5173
f 5174/5174/5174 5173/5173/5173 5170/5170/5170
f 5175/5175/5175 5173/5173/5173 5174/5174/5174
f 5175/5175/5175 5172/5172/5172 5173/5173/5173
f 5176/5176/5176 5175/5175/5175 5174/5174/5174
f 5172/5172/5172 5175/5175/5175 5177/5177/5177
f 5177/5177/5177 5175/5175/5175 5176/5176/5176
f 5172/5172/5172 5177/5177/5177 5178/5178/5178
f 5179/5179/5179 5177/5177/5177 5176/5176/5176
f 5178/5178/5178 5177/5177/5177 5179/5179/5179
f 5180/5180/5180 5178/5178/5178 5179/5179/5179
f 5183/5183/5183 5182/5182/5182 5181/5181/5181
f 5184/5184/5184 5182/5182/5182 5183/5183/5183
f 5185/5185/5185 5184/5184/5184 5183/5183/5183
f 5182/5182/5182 5184/5184/5184 5186/5186/5186
f 5187/5187/5187 5184/5184/5184 5185/5185/5185
f 5186/5186/5186 5184/5184/5184 5188/5188/5188
f 5184/5184/5184 5187/5187/5187 5188/5188/5188
f 5188/5188/5188 5189/5189/5189 5186/5186/5186
f 5188/5188/5188 5187/5187/5187 5190/5190/5190
f 5190/5190/5190 5191/5191/5191 5188/5188/5188
f 5191/5191/5191 5189/5189/5189 5188/5188/5188
f 5192/5192/5192 5191/5191/5191 5190/5190/5190
f 5192/5192/5192 5193/5193/5193 5191/5191/5191
f 5194/5194/5194 5189/5189/5189 5191/5191/5191
f 5191/5191/5191 5193/5193/5193 5194/5194/5194
f 5195/5195/5195 5194/5194/5194 5193/5193/5193
f 5196/5196/5196 5189/5189/5189 5194/5194/5194
f 5195/5195/5195 5197/5197/5197 5194/5194/5194
f 5197/5197/5197 5196/5196/5196 5194/5194/5194
f 5198/5198/5198 5196/5196/5196 5197/5197/5197
f 5201/5201/5201 5200/5200/5200 5199/5199/5199
f 5199/5199/5199 5202/5202/5202 5201/5201/5201
f 5203/5203/5203 5202/5202/5202 5199/5199/5199
f 5203/5203/5203 5204/5204/5204 5202/5202/5202
f 5205/5205/5205 5204/5204/5204 5203/5203/5203
f 5206/5206/5206 5202/5202/5202 5204/5204/5204
f 5207/5207/5207 5202/5202/5202 5206/5206/5206
f 5202/5202/5202 5207/5207/5207 5201/5201/5201
f 5201/5201/5201 5207/5207/5207 5208/5208/5208
f 5201/5201/5201 5208/5208/5208 5209/5209/5209
f 5209/5209/5209 5200/5200/5200 5201/5201/5201
f 5209/5209/5209 5208/5208/5208 5210/5210/5210
f 5210/5210/5210 5211/5211/5211 5209/5209/5209
f 5209/5209/5209 5212/5212/5212 5200/5200/5200
f 5211/5211/5211 5212/5212/5212 5209/5209/5209
f 5212/5212/5212 5213/5213/5213 5200/5200/5200
f 5211/5211/5211 5214/5214/5214 5212/5212/5212
f 5214/5214/5214 5213/5213/5213 5212/5212/5212
f 5215/5215/5215 5213/5213/5213 5214/5214/5214
f 5218/5218/5218 5217/5217/5217 5216/5216/5216
f 5219/5219/5219 5217/5217/5217 5218/5218/5218
f 5219/5219/5219 5220/5220/5220 5217/5217/5217
f 5221/5221/5221 5220/5220/5220 5219/5219/5219
f 5220/5220/5220 5221/5221/5221 5222/5222/5222
f 5223/5223/5223 5216/5216/5216 5217/5217/5217
f 5224/5224/5224 5216/5216/5216 5223/5223/5223
f 5225/5225/5225 5223/5223/5223 5217/5217/5217
f 5227/5227/5227 5225/5225/5225 5226/5226/5226
f 5228/5228/5228 5224/5224/5224 5223/5223/5223
f 5229/5229/5229 5224/5224/5224 5228/5228/5228
f 5230/5230/5230 5223/5223/5223 5225/5225/5225
f 5228/5228/5228 5223/5223/5223 5230/5230/5230
f 5230/5230/5230 5225/5225/5225 5227/5227/5227
f 5231/5231/5231 5230/5230/5230 5227/5227/5227
f 5232/5232/5232 5230/5230/5230 5231/5231/5231
f 5232/5232/5232 5228/5228/5228 5230/5230/5230
f 5233/5233/5233 5229/5229/5229 5228/5228/5228
f 5233/5233/5233 5228/5228/5228 5232/5232/5232
f 5234/5234/5234 5229/5229/5229 5233/5233/5233
f 5235/5235/5235 5233/5233/5233 5232/5232/5232
f 5235/5235/5235 5234/5234/5234 5233/5233/5233
f 5236/5236/5236 5234/5234/5234 5235/5235/5235
f 5237/5237/5237 5236/5236/5236 5235/5235/5235
f 5238/5238/5238 5236/5236/5236 5237/5237/5237
f 5237/5237/5237 5235/5235/5235 5239/5239/5239
f 5242/5242/5242 5241/5241/5241 5240/5240/5240
f 5243/5243/5243 5241/5241/5241 5242/5242/5242
f 5242/5242/5242 5240/5240/5240 5244/5244/5244
f 5244/5244/5244 5240/5240/5240 5245/5245/5245
f 5246/5246/5246 5240/5240/5240 5241/5241/5241
f 5245/5245/5245 5240/5240/5240 5246/5246/5246
f 5247/5247/5247 5246/5246/5246 5241/5241/5241
f 5245/5245/5245 5246/5246/5246 5248/5248/5248
f 5248/5248/5248 5246/5246/5246 5247/5247/5247
f 5248/5248/5248 5247/5247/5247 1581/1581/1581
f 5244/5244/5244 5249/5249/5249 5242/5242/5242
f 5242/5242/5242 5249/5249/5249 5243/5243/5243
f 5250/5250/5250 5249/5249/5249 5244/5244/5244
f 5249/5249/5249 5251/5251/5251 5243/5243/5243
f 5250/5250/5250 5251/5251/5251 5249/5249/5249
f 5251/5251/5251 5252/5252/5252 5243/5243/5243
f 1588/1588/1588 5251/5251/5251 5250/5250/5250
f 5253/5253/5253 5251/5251/5251 1588/1588/1588
f 5253/5253/5253 5252/5252/5252 5251/5251/5251
f 5254/5254/5254 5253/5253/5253 1588/1588/1588
f 5253/5253/5253 5255/5255/5255 5252/5252/5252
f 5255/5255/5255 5253/5253/5253 5254/5254/5254
f 5255/5255/5255 5256/5256/5256 5252/5252/5252
f 5255/5255/5255 5254/5254/5254 5256/5256/5256
f 5256/5256/5256 5254/5254/5254 5257/5257/5257
f 5258/5258/5258 5256/5256/5256 5257/5257/5257
f 5261/5261/5261 5260/5260/5260 5259/5259/5259
f 5259/5259/5259 5262/5262/5262 5261/5261/5261
f 5262/5262/5262 5263/5263/5263 5261/5261/5261
f 5264/5264/5264 5260/5260/5260 5261/5261/5261
f 5262/5262/5262 5265/5265/5265 5263/5263/5263
f 5259/5259/5259 5265/5265/5265 5262/5262/5262
f 5263/5263/5263 5265/5265/5265 5266/5266/5266
f 5265/5265/5265 5267/5267/5267 5266/5266/5266
f 5266/5266/5266 5267/5267/5267 5268/5268/5268
f 5265/5265/5265 5269/5269/5269 5267/5267/5267
f 5270/5270/5270 5265/5265/5265 5259/5259/5259
f 5270/5270/5270 5269/5269/5269 5265/5265/5265
f 5260/5260/5260 5270/5270/5270 5259/5259/5259
f 5271/5271/5271 5269/5269/5269 5270/5270/5270
f 5271/5271/5271 5270/5270/5270 5260/5260/5260
f 5272/5272/5272 5269/5269/5269 5271/5271/5271
f 5273/5273/5273 5271/5271/5271 5260/5260/5260
f 5273/5273/5273 5260/5260/5260 5264/5264/5264
f 5274/5274/5274 5272/5272/5272 5271/5271/5271
f 5273/5273/5273 5274/5274/5274 5271/5271/5271
f 5275/5275/5275 5272/5272/5272 5274/5274/5274
f 5276/5276/5276 5273/5273/5273 5264/5264/5264
f 5276/5276/5276 5274/5274/5274 5273/5273/5273
f 5277/5277/5277 5276/5276/5276 5264/5264/5264
f 5278/5278/5278 5275/5275/5275 5274/5274/5274
f 5276/5276/5276 5279/5279/5279 5274/5274/5274
f 5279/5279/5279 5276/5276/5276 5277/5277/5277
f 5279/5279/5279 5278/5278/5278 5274/5274/5274
f 5280/5280/5280 5275/5275/5275 5278/5278/5278
f 5281/5281/5281 5279/5279/5279 5277/5277/5277
f 5281/5281/5281 5278/5278/5278 5279/5279/5279
f 5282/5282/5282 5281/5281/5281 5277/5277/5277
f 5283/5283/5283 5280/5280/5280 5278/5278/5278
f 5278/5278/5278 5281/5281/5281 5283/5283/5283
f 5283/5283/5283 5281/5281/5281 5282/5282/5282
f 5284/5284/5284 5280/5280/5280 5283/5283/5283
f 5283/5283/5283 5282/5282/5282 5285/5285/5285
f 5285/5285/5285 5284/5284/5284 5283/5283/5283
f 5286/5286/5286 5284/5284/5284 5285/5285/5285
f 5289/5289/5289 5288/5288/5288 5287/5287/5287
f 5290/5290/5290 5288/5288/5288 5289/5289/5289
f 5291/5291/5291 5287/5287/5287 5288/5288/5288
f 5292/5292/5292 5287/5287/5287 5291/5291/5291
f 5291/5291/5291 5288/5288/5288 5293/5293/5293
f 5288/5288/5288 5290/5290/5290 5294/5294/5294
f 5293/5293/5293 5288/5288/5288 5294/5294/5294
f 5294/5294/5294 5290/5290/5290 5295/5295/5295
f 5294/5294/5294 5296/5296/5296 5293/5293/5293
f 5294/5294/5294 5295/5295/5295 5297/5297/5297
f 5297/5297/5297 5296/5296/5296 5294/5294/5294
f 5297/5297/5297 5295/5295/5295 5298/5298/5298
f 5298/5298/5298 5299/5299/5299 5297/5297/5297
f 5297/5297/5297 5300/5300/5300 5296/5296/5296
f 5299/5299/5299 5300/5300/5300 5297/5297/5297
f 5300/5300/5300 5301/5301/5301 5296/5296/5296
f 5299/5299/5299 5302/5302/5302 5300/5300/5300
f 5302/5302/5302 5301/5301/5301 5300/5300/5300
f 5303/5303/5303 5301/5301/5301 5302/5302/5302
f 5306/5306/5306 5305/5305/5305 5304/5304/5304
f 5305/5305/5305 5307/5307/5307 5304/5304/5304
f 5304/5304/5304 5307/5307/5307 5308/5308/5308
f 5309/5309/5309 5305/5305/5305 5306/5306/5306
f 5306/5306/5306 578/578/578 5309/5309/5309
f 5310/5310/5310 578/578/578 5306/5306/5306
f 5310/5310/5310 5311/5311/5311 578/578/578
f 5312/5312/5312 5311/5311/5311 5310/5310/5310
f 5312/5312/5312 584/584/584 5311/5311/5311
f 5313/5313/5313 584/584/584 5312/5312/5312
f 5316/5316/5316 5315/5315/5315 5314/5314/5314
f 5317/5317/5317 5315/5315/5315 5316/5316/5316
f 5317/5317/5317 5318/5318/5318 5315/5315/5315
f 5319/5319/5319 5316/5316/5316 5314/5314/5314
f 5314/5314/5314 5320/5320/5320 5319/5319/5319
f 5317/5317/5317 5316/5316/5316 5321/5321/5321
f 5322/5322/5322 5316/5316/5316 5319/5319/5319
f 5321/5321/5321 5316/5316/5316 5322/5322/5322
f 5319/5319/5319 5323/5323/5323 5322/5322/5322
f 5319/5319/5319 5320/5320/5320 5323/5323/5323
f 5323/5323/5323 5324/5324/5324 5322/5322/5322
f 5323/5323/5323 5320/5320/5320 5324/5324/5324
f 5324/5324/5324 5320/5320/5320 5325/5325/5325
f 5320/5320/5320 5326/5326/5326 5325/5325/5325
f 5320/5320/5320 5327/5327/5327 5326/5326/5326
f 5325/5325/5325 5326/5326/5326 5328/5328/5328
f 5329/5329/5329 5317/5317/5317 5321/5321/5321
f 5329/5329/5329 5318/5318/5318 5317/5317/5317
f 5330/5330/5330 5329/5329/5329 5321/5321/5321
f 5329/5329/5329 5331/5331/5331 5318/5318/5318
f 5331/5331/5331 5329/5329/5329 5330/5330/5330
f 5331/5331/5331 5332/5332/5332 5318/5318/5318
f 5332/5332/5332 5333/5333/5333 5318/5318/5318
f 5334/5334/5334 5333/5333/5333 5332/5332/5332
f 5332/5332/5332 5335/5335/5335 5334/5334/5334
f 5336/5336/5336 5332/5332/5332 5331/5331/5331
f 5336/5336/5336 5331/5331/5331 5330/5330/5330
f 5332/5332/5332 5336/5336/5336 5335/5335/5335
f 5337/5337/5337 5336/5336/5336 5330/5330/5330
f 5335/5335/5335 5336/5336/5336 5337/5337/5337
f 5335/5335/5335 5337/5337/5337 5338/5338/5338
f 5341/5341/5341 5340/5340/5340 5339/5339/5339
f 5339/5339/5339 5340/5340/5340 5342/5342/5342
f 5342/5342/5342 5340/5340/5340 5343/5343/5343
f 5344/5344/5344 5343/5343/5343 5340/5340/5340
f 5343/5343/5343 5345/5345/5345 5342/5342/5342
f 5344/5344/5344 5345/5345/5345 5343/5343/5343
f 5342/5342/5342 5345/5345/5345 5346/5346/5346
f 5345/5345/5345 5347/5347/5347 5346/5346/5346
f 5345/5345/5345 5344/5344/5344 5347/5347/5347
f 5346/5346/5346 5347/5347/5347 5348/5348/5348
f 5344/5344/5344 5349/5349/5349 5347/5347/5347
f 5349/5349/5349 5348/5348/5348 5347/5347/5347
f 5350/5350/5350 5349/5349/5349 5344/5344/5344
f 5349/5349/5349 5351/5351/5351 5348/5348/5348
f 5350/5350/5350 5351/5351/5351 5349/5349/5349
f 5348/5348/5348 5351/5351/5351 5352/5352/5352
f 5350/5350/5350 5353/5353/5353 5351/5351/5351
f 5352/5352/5352 5351/5351/5351 5354/5354/5354
f 5351/5351/5351 5353/5353/5353 5354/5354/5354
f 5352/5352/5352 5354/5354/5354 5355/5355/5355
f 5353/5353/5353 5356/5356/5356 5354/5354/5354
f 5355/5355/5355 5354/5354/5354 5356/5356/5356
f 5353/5353/5353 5357/5357/5357 5356/5356/5356
f 5356/5356/5356 5357/5357/5357 5355/5355/5355
f 5355/5355/5355 5357/5357/5357 5358/5358/5358
f 5361/5361/5361 5360/5360/5360 5359/5359/5359
f 5362/5362/5362 5360/5360/5360 5361/5361/5361
f 5361/5361/5361 5359/5359/5359 5363/5363/5363
f 5359/5359/5359 5360/5360/5360 5364/5364/5364
f 5364/5364/5364 5360/5360/5360 5365/5365/5365
f 5363/5363/5363 5359/5359/5359 5366/5366/5366
f 5365/5365/5365 5367/5367/5367 5364/5364/5364
f 5359/5359/5359 5364/5364/5364 5366/5366/5366
f 5364/5364/5364 5367/5367/5367 5368/5368/5368
f 5363/5363/5363 5366/5366/5366 5369/5369/5369
f 5364/5364/5364 5368/5368/5368 5370/5370/5370
f 5366/5366/5366 5364/5364/5364 5370/5370/5370
f 5370/5370/5370 5368/5368/5368 5371/5371/5371
f 5369/5369/5369 5366/5366/5366 5372/5372/5372
f 5366/5366/5366 5370/5370/5370 5372/5372/5372
f 5369/5369/5369 5372/5372/5372 5373/5373/5373
f 5370/5370/5370 5371/5371/5371 5374/5374/5374
f 5372/5372/5372 5370/5370/5370 5374/5374/5374
f 5374/5374/5374 5371/5371/5371 5375/5375/5375
f 5373/5373/5373 5372/5372/5372 5376/5376/5376
f 5374/5374/5374 5376/5376/5376 5372/5372/5372
f 5375/5375/5375 5376/5376/5376 5374/5374/5374
f 5373/5373/5373 5376/5376/5376 5377/5377/5377
f 5378/5378/5378 5376/5376/5376 5375/5375/5375
f 5378/5378/5378 5375/5375/5375 5379/5379/5379
f 5377/5377/5377 5376/5376/5376 5380/5380/5380
f 5376/5376/5376 5378/5378/5378 5380/5380/5380
f 5377/5377/5377 5380/5380/5380 5381/5381/5381
f 5378/5378/5378 5379/5379/5379 5382/5382/5382
f 5378/5378/5378 5382/5382/5382 5380/5380/5380
f 5381/5381/5381 5380/5380/5380 5382/5382/5382
f 5382/5382/5382 5379/5379/5379 5383/5383/5383
f 5383/5383/5383 5381/5381/5381 5382/5382/5382
f 5386/5386/5386 5385/5385/5385 5384/5384/5384
f 5387/5387/5387 5385/5385/5385 5386/5386/5386
f 5385/5385/5385 5388/5388/5388 5384/5384/5384
f 5384/5384/5384 5388/5388/5388 5389/5389/5389
f 5389/5389/5389 5388/5388/5388 5390/5390/5390
f 5388/5388/5388 5391/5391/5391 5390/5390/5390
f 5385/5385/5385 5392/5392/5392 5388/5388/5388
f 5392/5392/5392 5391/5391/5391 5388/5388/5388
f 5393/5393/5393 5392/5392/5392 5385/5385/5385
f 5391/5391/5391 5395/5395/5395 5394/5394/5394
f 5395/5395/5395 5391/5391/5391 5396/5396/5396
f 5396/5396/5396 5391/5391/5391 5397/5397/5397
f 5392/5392/5392 5397/5397/5397 5391/5391/5391
f 5398/5398/5398 5397/5397/5397 5392/5392/5392
f 5393/5393/5393 5398/5398/5398 5392/5392/5392
f 5399/5399/5399 5398/5398/5398 5393/5393/5393
f 5400/5400/5400 5399/5399/5399 5393/5393/5393
f 5400/5400/5400 5393/5393/5393 5401/5401/5401
f 5402/5402/5402 5399/5399/5399 5400/5400/5400
f 5387/5387/5387 5400/5400/5400 5401/5401/5401
f 5403/5403/5403 5402/5402/5402 5400/5400/5400
f 5403/5403/5403 5400/5400/5400 5387/5387/5387
f 5404/5404/5404 5402/5402/5402 5403/5403/5403
f 5405/5405/5405 5403/5403/5403 5387/5387/5387
f 5405/5405/5405 5404/5404/5404 5403/5403/5403
f 5406/5406/5406 5404/5404/5404 5405/5405/5405
f 5409/5409/5409 5408/5408/5408 5407/5407/5407
f 5410/5410/5410 5408/5408/5408 5409/5409/5409
f 5408/5408/5408 5411/5411/5411 5407/5407/5407
f 5407/5407/5407 5411/5411/5411 5412/5412/5412
f 5411/5411/5411 5408/5408/5408 5413/5413/5413
f 5408/5408/5408 5410/5410/5410 5414/5414/5414
f 5413/5413/5413 5408/5408/5408 5414/5414/5414
f 5414/5414/5414 5410/5410/5410 5415/5415/5415
f 5414/5414/5414 5416/5416/5416 5413/5413/5413
f 5417/5417/5417 5414/5414/5414 5415/5415/5415
f 5414/5414/5414 5417/5417/5417 5418/5418/5418
f 5418/5418/5418 5416/5416/5416 5414/5414/5414
f 5419/5419/5419 5418/5418/5418 5417/5417/5417
f 5419/5419/5419 5420/5420/5420 5418/5418/5418
f 5421/5421/5421 5416/5416/5416 5418/5418/5418
f 5418/5418/5418 5420/5420/5420 5421/5421/5421
f 5422/5422/5422 5421/5421/5421 5420/5420/5420
f 5423/5423/5423 5416/5416/5416 5421/5421/5421
f 5422/5422/5422 5424/5424/5424 5421/5421/5421
f 5424/5424/5424 5423/5423/5423 5421/5421/5421
f 5425/5425/5425 5423/5423/5423 5424/5424/5424
f 5428/5428/5428 5427/5427/5427 5426/5426/5426
f 5429/5429/5429 5427/5427/5427 5428/5428/5428
f 5430/5430/5430 5427/5427/5427 5429/5429/5429
f 859/859/859 5427/5427/5427 5430/5430/5430
f 858/858/858 859/859/859 5430/5430/5430
f 5429/5429/5429 5431/5431/5431 5430/5430/5430
f 5428/5428/5428 5431/5431/5431 5429/5429/5429
f 5432/5432/5432 5431/5431/5431 5428/5428/5428
f 5432/5432/5432 5433/5433/5433 5431/5431/5431
f 5431/5431/5431 5433/5433/5433 5434/5434/5434
f 5435/5435/5435 5434/5434/5434 5433/5433/5433
f 5431/5431/5431 5434/5434/5434 5436/5436/5436
f 5436/5436/5436 5434/5434/5434 5437/5437/5437
f 858/858/858 5436/5436/5436 5437/5437/5437
f 5438/5438/5438 5434/5434/5434 5435/5435/5435
f 5434/5434/5434 5438/5438/5438 5439/5439/5439
f 5440/5440/5440 5438/5438/5438 5435/5435/5435
f 5441/5441/5441 5438/5438/5438 5440/5440/5440
f 5442/5442/5442 5441/5441/5441 5440/5440/5440
f 5438/5438/5438 5441/5441/5441 860/860/860
f 5443/5443/5443 5441/5441/5441 5442/5442/5442
f 5443/5443/5443 860/860/860 5441/5441/5441
f 5444/5444/5444 860/860/860 5443/5443/5443
f 5447/5447/5447 5446/5446/5446 5445/5445/5445
f 5448/5448/5448 5446/5446/5446 5447/5447/5447
f 5445/5445/5445 5446/5446/5446 5449/5449/5449
f 5447/5447/5447 5445/5445/5445 5450/5450/5450
f 5445/5445/5445 5449/5449/5449 5451/5451/5451
f 5450/5450/5450 5445/5445/5445 5451/5451/5451
f 5451/5451/5451 5449/5449/5449 5452/5452/5452
f 5450/5450/5450 5451/5451/5451 5453/5453/5453
f 5451/5451/5451 5452/5452/5452 5454/5454/5454
f 5453/5453/5453 5451/5451/5451 5454/5454/5454
f 5457/5457/5457 5456/5456/5456 5455/5455/5455
f 5458/5458/5458 5456/5456/5456 5457/5457/5457
f 5457/5457/5457 5459/5459/5459 5458/5458/5458
f 5457/5457/5457 5455/5455/5455 5460/5460/5460
f 5460/5460/5460 5455/5455/5455 5461/5461/5461
f 5462/5462/5462 5459/5459/5459 5457/5457/5457
f 5463/5463/5463 5459/5459/5459 5462/5462/5462
f 5464/5464/5464 5459/5459/5459 5463/5463/5463
f 5463/5463/5463 5462/5462/5462 5465/5465/5465
f 5462/5462/5462 5457/5457/5457 5466/5466/5466
f 5465/5465/5465 5462/5462/5462 5466/5466/5466
f 5466/5466/5466 5457/5457/5457 5460/5460/5460
f 5465/5465/5465 5466/5466/5466 5467/5467/5467
f 5460/5460/5460 5461/5461/5461 5468/5468/5468
f 5468/5468/5468 5461/5461/5461 5469/5469/5469
f 5466/5466/5466 5460/5460/5460 5470/5470/5470
f 5467/5467/5467 5466/5466/5466 5470/5470/5470
f 5470/5470/5470 5460/5460/5460 5468/5468/5468
f 5467/5467/5467 5470/5470/5470 5471/5471/5471
f 5468/5468/5468 5472/5472/5472 5470/5470/5470
f 5471/5471/5471 5470/5470/5470 5472/5472/5472
f 5469/5469/5469 5472/5472/5472 5468/5468/5468
f 5471/5471/5471 5472/5472/5472 5473/5473/5473
f 5474/5474/5474 5472/5472/5472 5469/5469/5469
f 5474/5474/5474 5469/5469/5469 5475/5475/5475
f 5473/5473/5473 5472/5472/5472 5476/5476/5476
f 5472/5472/5472 5474/5474/5474 5476/5476/5476
f 5473/5473/5473 5476/5476/5476 5477/5477/5477
f 5474/5474/5474 5475/5475/5475 5478/5478/5478
f 5474/5474/5474 5478/5478/5478 5476/5476/5476
f 5477/5477/5477 5476/5476/5476 5478/5478/5478
f 5478/5478/5478 5475/5475/5475 5479/5479/5479
f 5479/5479/5479 5477/5477/5477 5478/5478/5478
f 5482/5482/5482 5481/5481/5481 5480/5480/5480
f 5483/5483/5483 5481/5481/5481 5482/5482/5482
f 5481/5481/5481 5483/5483/5483 5484/5484/5484
f 5484/5484/5484 5483/5483/5483 5485/5485/5485
f 5486/5486/5486 5485/5485/5485 5483/5483/5483
f 5487/5487/5487 5485/5485/5485 5486/5486/5486
f 5486/5486/5486 5483/5483/5483 5488/5488/5488
f 5488/5488/5488 5483/5483/5483 5482/5482/5482
f 5482/5482/5482 5489/5489/5489 5488/5488/5488
f 5482/5482/5482 5480/5480/5480 5490/5490/5490
f 5490/5490/5490 5489/5489/5489 5482/5482/5482
f 5490/5490/5490 5480/5480/5480 5491/5491/5491
f 5491/5491/5491 5492/5492/5492 5490/5490/5490
f 5490/5490/5490 5493/5493/5493 5489/5489/5489
f 5492/5492/5492 5493/5493/5493 5490/5490/5490
f 5493/5493/5493 5494/5494/5494 5489/5489/5489
f 5492/5492/5492 5495/5495/5495 5493/5493/5493
f 5495/5495/5495 5494/5494/5494 5493/5493/5493
f 5496/5496/5496 5494/5494/5494 5495/5495/5495
f 5499/5499/5499 5498/5498/5498 5497/5497/5497
f 5497/5497/5497 5500/5500/5500 5499/5499/5499
f 5500/5500/5500 5501/5501/5501 5499/5499/5499
f 5502/5502/5502 5498/5498/5498 5499/5499/5499
f 5500/5500/5500 5503/5503/5503 5501/5501/5501
f 5497/5497/5497 5503/5503/5503 5500/5500/5500
f 5501/5501/5501 5503/5503/5503 5504/5504/5504
f 5497/5497/5497 5498/5498/5498 5505/5505/5505
f 5505/5505/5505 5503/5503/5503 5497/5497/5497
f 5505/5505/5505 5506/5506/5506 5503/5503/5503
f 5503/5503/5503 5506/5506/5506 5161/5161/5161
f 5507/5507/5507 5506/5506/5506 5505/5505/5505
f 5498/5498/5498 5507/5507/5507 5505/5505/5505
f 5508/5508/5508 5506/5506/5506 5507/5507/5507
f 5509/5509/5509 5508/5508/5508 5507/5507/5507
f 5510/5510/5510 5508/5508/5508 5509/5509/5509
f 5511/5511/5511 5507/5507/5507 5498/5498/5498
f 5511/5511/5511 5509/5509/5509 5507/5507/5507
f 5511/5511/5511 5498/5498/5498 5502/5502/5502
f 5509/5509/5509 5512/5512/5512 5510/5510/5510
f 5513/5513/5513 5511/5511/5511 5502/5502/5502
f 5513/5513/5513 5509/5509/5509 5511/5511/5511
f 5514/5514/5514 5513/5513/5513 5502/5502/5502
f 5513/5513/5513 5515/5515/5515 5509/5509/5509
f 5515/5515/5515 5513/5513/5513 5514/5514/5514
f 5515/5515/5515 5512/5512/5512 5509/5509/5509
f 5516/5516/5516 5515/5515/5515 5514/5514/5514
f 5516/5516/5516 5512/5512/5512 5515/5515/5515
f 5517/5517/5517 5516/5516/5516 5514/5514/5514
f 5512/5512/5512 5516/5516/5516 5518/5518/5518
f 5518/5518/5518 5516/5516/5516 5517/5517/5517
f 5518/5518/5518 5519/5519/5519 5512/5512/5512
f 5518/5518/5518 5517/5517/5517 5520/5520/5520
f 5521/5521/5521 5519/5519/5519 5518/5518/5518
f 5520/5520/5520 5521/5521/5521 5518/5518/5518
f 5522/5522/5522 5521/5521/5521 5520/5520/5520
f 5525/5525/5525 5524/5524/5524 5523/5523/5523
f 5524/5524/5524 5526/5526/5526 5523/5523/5523
f 5523/5523/5523 5526/5526/5526 5527/5527/5527
f 5528/5528/5528 5526/5526/5526 5524/5524/5524
f 5526/5526/5526 5529/5529/5529 5527/5527/5527
f 5528/5528/5528 5529/5529/5529 5526/5526/5526
f 5527/5527/5527 5529/5529/5529 5530/5530/5530
f 5529/5529/5529 5531/5531/5531 5530/5530/5530
f 5529/5529/5529 5528/5528/5528 5531/5531/5531
f 5530/5530/5530 5531/5531/5531 5532/5532/5532
f 5528/5528/5528 5533/5533/5533 5531/5531/5531
f 5533/5533/5533 5532/5532/5532 5531/5531/5531
f 5534/5534/5534 5533/5533/5533 5528/5528/5528
f 5533/5533/5533 5535/5535/5535 5532/5532/5532
f 5534/5534/5534 5535/5535/5535 5533/5533/5533
f 5532/5532/5532 5535/5535/5535 5536/5536/5536
f 5535/5535/5535 5534/5534/5534 5537/5537/5537
f 5536/5536/5536 5535/5535/5535 5537/5537/5537
f 5537/5537/5537 5534/5534/5534 5538/5538/5538
f 5536/5536/5536 5537/5537/5537 5539/5539/5539
f 5538/5538/5538 5540/5540/5540 5537/5537/5537
f 5539/5539/5539 5537/5537/5537 5540/5540/5540
f 5538/5538/5538 5541/5541/5541 5540/5540/5540
f 5540/5540/5540 5541/5541/5541 5539/5539/5539
f 5539/5539/5539 5541/5541/5541 5542/5542/5542
f 5545/5545/5545 5544/5544/5544 5543/5543/5543
f 5546/5546/5546 5544/5544/5544 5545/5545/5545
f 5543/5543/5543 5544/5544/5544 5547/5547/5547
f 5545/5545/5545 5543/5543/5543 5548/5548/5548
f 5543/5543/5543 5547/5547/5547 5549/5549/5549
f 5548/5548/5548 5543/5543/5543 5549/5549/5549
f 5549/5549/5549 5547/5547/5547 5550/5550/5550
f 5548/5548/5548 5549/5549/5549 5551/5551/5551
f 5549/5549/5549 5550/5550/5550 5552/5552/5552
f 5551/5551/5551 5549/5549/5549 5552/5552/5552
f 5555/5555/5555 5554/5554/5554 5553/5553/5553
f 5555/5555/5555 5553/5553/5553 5556/5556/5556
f 5556/5556/5556 5553/5553/5553 5557/5557/5557
f 5553/5553/5553 5558/5558/5558 5557/5557/5557
f 5559/5559/5559 5558/5558/5558 5553/5553/5553
f 5553/5553/5553 5560/5560/5560 5559/5559/5559
f 5554/5554/5554 5560/5560/5560 5553/5553/5553
f 5561/5561/5561 5554/5554/5554 5555/5555/5555
f 5554/5554/5554 5562/5562/5562 5560/5560/5560
f 5561/5561/5561 5563/5563/5563 5554/5554/5554
f 5563/5563/5563 5562/5562/5562 5554/5554/5554
f 5564/5564/5564 5563/5563/5563 5561/5561/5561
f 5563/5563/5563 5565/5565/5565 5562/5562/5562
f 5564/5564/5564 5565/5565/5565 5563/5563/5563
f 5566/5566/5566 5565/5565/5565 5564/5564/5564
f 5565/5565/5565 5566/5566/5566 5567/5567/5567
f 5566/5566/5566 5564/5564/5564 5568/5568/5568
f 5566/5566/5566 5569/5569/5569 5567/5567/5567
f 5568/5568/5568 5569/5569/5569 5566/5566/5566
f 5570/5570/5570 5569/5569/5569 5568/5568/5568
f 5573/5573/5573 5572/5572/5572 5571/5571/5571
f 5571/5571/5571 5574/5574/5574 5573/5573/5573
f 5575/5575/5575 5572/5572/5572 5573/5573/5573
f 5575/5575/5575 5576/5576/5576 5572/5572/5572
f 5574/5574/5574 5577/5577/5577 5573/5573/5573
f 5574/5574/5574 5578/5578/5578 5577/5577/5577
f 5573/5573/5573 5579/5579/5579 5575/5575/5575
f 5573/5573/5573 5577/5577/5577 5579/5579/5579
f 5578/5578/5578 5580/5580/5580 5577/5577/5577
f 5577/5577/5577 5580/5580/5580 5579/5579/5579
f 5581/5581/5581 5580/5580/5580 5578/5578/5578
f 5575/5575/5575 5579/5579/5579 5582/5582/5582
f 5583/5583/5583 5576/5576/5576 5575/5575/5575
f 5582/5582/5582 5583/5583/5583 5575/5575/5575
f 5576/5576/5576 5583/5583/5583 5584/5584/5584
f 5585/5585/5585 5583/5583/5583 5582/5582/5582
f 5584/5584/5584 5583/5583/5583 5586/5586/5586
f 5585/5585/5585 5586/5586/5586 5583/5583/5583
f 5587/5587/5587 5586/5586/5586 5585/5585/5585
f 5590/5590/5590 5589/5589/5589 5588/5588/5588
f 5591/5591/5591 5589/5589/5589 5590/5590/5590
f 5590/5590/5590 5588/5588/5588 5592/5592/5592
f 5593/5593/5593 5591/5591/5591 5590/5590/5590
f 5590/5590/5590 5592/5592/5592 5593/5593/5593
f 5593/5593/5593 5592/5592/5592 5594/5594/5594
f 5595/5595/5595 5594/5594/5594 5592/5592/5592
f 5596/5596/5596 5593/5593/5593 5594/5594/5594
f 5595/5595/5595 5596/5596/5596 5594/5594/5594
f 5597/5597/5597 5596/5596/5596 5595/5595/5595
f 5600/5600/5600 5599/5599/5599 5598/5598/5598
f 5598/5598/5598 5599/5599/5599 5601/5601/5601
f 5600/5600/5600 5598/5598/5598 5602/5602/5602
f 5602/5602/5602 5598/5598/5598 5603/5603/5603
f 5601/5601/5601 5603/5603/5603 5598/5598/5598
f 5601/5601/5601 5604/5604/5604 5603/5603/5603
f 5603/5603/5603 5604/5604/5604 5602/5602/5602
f 5605/5605/5605 5601/5601/5601 5599/5599/5599
f 5601/5601/5601 5606/5606/5606 5604/5604/5604
f 5606/5606/5606 5607/5607/5607 5604/5604/5604
f 5604/5604/5604 5607/5607/5607 5608/5608/5608
f 5602/5602/5602 5604/5604/5604 5608/5608/5608
f 5609/5609/5609 5608/5608/5608 5607/5607/5607
f 5599/5599/5599 5610/5610/5610 5605/5605/5605
f 5605/5605/5605 5610/5610/5610 5611/5611/5611
f 5612/5612/5612 5611/5611/5611 5610/5610/5610
f 5612/5612/5612 5610/5610/5610 5613/5613/5613
f 5613/5613/5613 5610/5610/5610 5614/5614/5614
f 5599/5599/5599 5615/5615/5615 5610/5610/5610
f 5614/5614/5614 5610/5610/5610 5615/5615/5615
f 5616/5616/5616 5615/5615/5615 5599/5599/5599
f 5616/5616/5616 5599/5599/5599 5600/5600/5600
f 5615/5615/5615 5617/5617/5617 5614/5614/5614
f 5616/5616/5616 5617/5617/5617 5615/5615/5615
f 5614/5614/5614 5617/5617/5617 5618/5618/5618
f 5617/5617/5617 5619/5619/5619 5618/5618/5618
f 5620/5620/5620 5619/5619/5619 5617/5617/5617
f 5621/5621/5621 5617/5617/5617 5616/5616/5616
f 5621/5621/5621 5620/5620/5620 5617/5617/5617
f 5616/5616/5616 5600/5600/5600 5621/5621/5621
f 5622/5622/5622 5620/5620/5620 5621/5621/5621
f 5621/5621/5621 5600/5600/5600 5623/5623/5623
f 5623/5623/5623 5622/5622/5622 5621/5621/5621
f 5602/5602/5602 5623/5623/5623 5600/5600/5600
f 5624/5624/5624 5622/5622/5622 5623/5623/5623
f 5625/5625/5625 5623/5623/5623 5602/5602/5602
f 5625/5625/5625 5624/5624/5624 5623/5623/5623
f 5608/5608/5608 5625/5625/5625 5602/5602/5602
f 5626/5626/5626 5624/5624/5624 5625/5625/5625
f 5627/5627/5627 5625/5625/5625 5608/5608/5608
f 5627/5627/5627 5626/5626/5626 5625/5625/5625
f 5627/5627/5627 5608/5608/5608 5609/5609/5609
f 5628/5628/5628 5626/5626/5626 5627/5627/5627
f 5609/5609/5609 5628/5628/5628 5627/5627/5627
f 5629/5629/5629 5628/5628/5628 5609/5609/5609
f 5632/5632/5632 5631/5631/5631 5630/5630/5630
f 5633/5633/5633 5631/5631/5631 5632/5632/5632
f 5634/5634/5634 5633/5633/5633 5632/5632/5632
f 5635/5635/5635 5633/5633/5633 5634/5634/5634
f 5636/5636/5636 5634/5634/5634 5632/5632/5632
f 5636/5636/5636 5632/5632/5632 5637/5637/5637
f 5630/5630/5630 5637/5637/5637 5632/5632/5632
f 5638/5638/5638 5637/5637/5637 5630/5630/5630
f 5638/5638/5638 5630/5630/5630 5639/5639/5639
f 5630/5630/5630 5631/5631/5631 5640/5640/5640
f 5640/5640/5640 5639/5639/5639 5630/5630/5630
f 5639/5639/5639 5640/5640/5640 5641/5641/5641
f 5640/5640/5640 5631/5631/5631 5642/5642/5642
f 5640/5640/5640 5643/5643/5643 5641/5641/5641
f 5642/5642/5642 5644/5644/5644 5640/5640/5640
f 5644/5644/5644 5643/5643/5643 5640/5640/5640
f 5643/5643/5643 5644/5644/5644 5645/5645/5645
f 5646/5646/5646 5644/5644/5644 5642/5642/5642
f 5645/5645/5645 5644/5644/5644 5647/5647/5647
f 5644/5644/5644 5646/5646/5646 5647/5647/5647
f 5647/5647/5647 5646/5646/5646 5648/5648/5648
f 5651/5651/5651 5650/5650/5650 5649/5649/5649
f 5650/5650/5650 5652/5652/5652 5649/5649/5649
f 5650/5650/5650 5653/5653/5653 5652/5652/5652
f 5649/5649/5649 5652/5652/5652 5654/5654/5654
f 5655/5655/5655 5653/5653/5653 5650/5650/5650
f 5655/5655/5655 5656/5656/5656 5653/5653/5653
f 5657/5657/5657 5656/5656/5656 5655/5655/5655
f 5655/5655/5655 5658/5658/5658 5657/5657/5657
f 5654/5654/5654 5659/5659/5659 5649/5649/5649
f 5649/5649/5649 5659/5659/5659 5651/5651/5651
f 5660/5660/5660 5655/5655/5655 5650/5650/5650
f 5660/5660/5660 5650/5650/5650 5651/5651/5651
f 5661/5661/5661 5658/5658/5658 5655/5655/5655
f 5661/5661/5661 5655/5655/5655 5660/5660/5660
f 5662/5662/5662 5658/5658/5658 5661/5661/5661
f 5663/5663/5663 5658/5658/5658 5662/5662/5662
f 5662/5662/5662 5661/5661/5661 5664/5664/5664
f 5664/5664/5664 5661/5661/5661 5660/5660/5660
f 5664/5664/5664 5660/5660/5660 5665/5665/5665
f 5665/5665/5665 5660/5660/5660 5651/5651/5651
f 5665/5665/5665 5651/5651/5651 5666/5666/5666
f 5666/5666/5666 5651/5651/5651 5659/5659/5659
f 5666/5666/5666 5659/5659/5659 5667/5667/5667
f 5667/5667/5667 5659/5659/5659 5668/5668/5668
f 5667/5667/5667 5668/5668/5668 5669/5669/5669
f 5659/5659/5659 5670/5670/5670 5668/5668/5668
f 5670/5670/5670 5659/5659/5659 5654/5654/5654
f 5670/5670/5670 5654/5654/5654 5671/5671/5671
f 5670/5670/5670 5672/5672/5672 5668/5668/5668
f 5670/5670/5670 5671/5671/5671 5672/5672/5672
f 5669/5669/5669 5668/5668/5668 5672/5672/5672
f 5672/5672/5672 5671/5671/5671 5673/5673/5673
f 5673/5673/5673 5669/5669/5669 5672/5672/5672
f 5676/5676/5676 5675/5675/5675 5674/5674/5674
f 5677/5677/5677 5675/5675/5675 5676/5676/5676
f 5678/5678/5678 5675/5675/5675 5677/5677/5677
f 5676/5676/5676 5679/5679/5679 5677/5677/5677
f 5678/5678/5678 5677/5677/5677 5679/5679/5679
f 5680/5680/5680 5679/5679/5679 5676/5676/5676
f 5679/5679/5679 5681/5681/5681 5678/5678/5678
f 5680/5680/5680 5682/5682/5682 5679/5679/5679
f 5682/5682/5682 5681/5681/5681 5679/5679/5679
f 5683/5683/5683 5682/5682/5682 5680/5680/5680
f 5681/5681/5681 5682/5682/5682 5684/5684/5684
f 5684/5684/5684 5682/5682/5682 5683/5683/5683
f 5681/5681/5681 5684/5684/5684 5685/5685/5685
f 5684/5684/5684 5683/5683/5683 5686/5686/5686
f 5685/5685/5685 5684/5684/5684 5686/5686/5686
f 5687/5687/5687 5686/5686/5686 5683/5683/5683
f 5688/5688/5688 5686/5686/5686 5687/5687/5687
f 5688/5688/5688 5685/5685/5685 5686/5686/5686
f 5689/5689/5689 5688/5688/5688 5687/5687/5687
f 5685/5685/5685 5688/5688/5688 5690/5690/5690
f 5690/5690/5690 5688/5688/5688 5689/5689/5689
f 5685/5685/5685 5690/5690/5690 5691/5691/5691
f 5692/5692/5692 5690/5690/5690 5689/5689/5689
f 5691/5691/5691 5690/5690/5690 5692/5692/5692
f 5693/5693/5693 5691/5691/5691 5692/5692/5692
f 5696/5696/5696 5695/5695/5695 5694/5694/5694
f 5696/5696/5696 5694/5694/5694 5697/5697/5697
f 5694/5694/5694 5698/5698/5698 5697/5697/5697
f 5694/5694/5694 5695/5695/5695 5698/5698/5698
f 5698/5698/5698 5695/5695/5695 5699/5699/5699
f 5695/5695/5695 5700/5700/5700 5699/5699/5699
f 5695/5695/5695 5701/5701/5701 5700/5700/5700
f 5702/5702/5702 5701/5701/5701 5695/5695/5695
f 5702/5702/5702 5695/5695/5695 5696/5696/5696
f 5702/5702/5702 5703/5703/5703 5701/5701/5701
f 5697/5697/5697 5704/5704/5704 5696/5696/5696
f 5696/5696/5696 5704/5704/5704 5702/5702/5702
f 5704/5704/5704 5703/5703/5703 5702/5702/5702
f 5705/5705/5705 5704/5704/5704 5697/5697/5697
f 5706/5706/5706 5703/5703/5703 5704/5704/5704
f 5706/5706/5706 5704/5704/5704 5705/5705/5705
f 5706/5706/5706 5707/5707/5707 5703/5703/5703
f 5708/5708/5708 5706/5706/5706 5705/5705/5705
f 5708/5708/5708 5707/5707/5707 5706/5706/5706
f 5709/5709/5709 5708/5708/5708 5705/5705/5705
f 5708/5708/5708 5710/5710/5710 5707/5707/5707
f 5710/5710/5710 5708/5708/5708 5709/5709/5709
f 5712/5712/5712 5711/5711/5711 5707/5707/5707
f 5713/5713/5713 5712/5712/5712 5707/5707/5707
f 5710/5710/5710 5713/5713/5713 5707/5707/5707
f 5714/5714/5714 5712/5712/5712 5713/5713/5713
f 5715/5715/5715 5710/5710/5710 5709/5709/5709
f 5715/5715/5715 5713/5713/5713 5710/5710/5710
f 5716/5716/5716 5715/5715/5715 5709/5709/5709
f 5717/5717/5717 5714/5714/5714 5713/5713/5713
f 5713/5713/5713 5715/5715/5715 5717/5717/5717
f 5717/5717/5717 5715/5715/5715 5716/5716/5716
f 5718/5718/5718 5714/5714/5714 5717/5717/5717
f 5717/5717/5717 5716/5716/5716 5719/5719/5719
f 5719/5719/5719 5718/5718/5718 5717/5717/5717
f 5720/5720/5720 5718/5718/5718 5719/5719/5719
f 5723/5723/5723 5722/5722/5722 5721/5721/5721
f 5721/5721/5721 5724/5724/5724 5723/5723/5723
f 5723/5723/5723 5724/5724/5724 5725/5725/5725
f 5724/5724/5724 5726/5726/5726 5725/5725/5725
f 5727/5727/5727 5722/5722/5722 5723/5723/5723
f 5725/5725/5725 5726/5726/5726 5728/5728/5728
f 5728/5728/5728 5726/5726/5726 5729/5729/5729
f 5729/5729/5729 5726/5726/5726 5730/5730/5730
f 5729/5729/5729 933/933/933 5728/5728/5728
f 5731/5731/5731 933/933/933 5729/5729/5729
f 5732/5732/5732 5728/5728/5728 933/933/933
f 5725/5725/5725 5728/5728/5728 5732/5732/5732
f 5732/5732/5732 933/933/933 931/931/931
f 5733/5733/5733 5725/5725/5725 5732/5732/5732
f 5723/5723/5723 5725/5725/5725 5733/5733/5733
f 5733/5733/5733 5732/5732/5732 931/931/931
f 5734/5734/5734 5723/5723/5723 5733/5733/5733
f 931/931/931 5734/5734/5734 5733/5733/5733
f 5727/5727/5727 5723/5723/5723 5734/5734/5734
f 5735/5735/5735 5727/5727/5727 5734/5734/5734
f 931/931/931 5735/5735/5735 5734/5734/5734
f 931/931/931 932/932/932 5735/5735/5735
f 5736/5736/5736 5727/5727/5727 5735/5735/5735
f 932/932/932 5736/5736/5736 5735/5735/5735
f 5736/5736/5736 5722/5722/5722 5727/5727/5727
f 5737/5737/5737 5736/5736/5736 932/932/932
f 5738/5738/5738 5722/5722/5722 5736/5736/5736
f 5736/5736/5736 5737/5737/5737 5738/5738/5738
f 5738/5738/5738 5737/5737/5737 5739/5739/5739
f 5742/5742/5742 5741/5741/5741 5740/5740/5740
f 5743/5743/5743 5741/5741/5741 5742/5742/5742
f 5743/5743/5743 5744/5744/5744 5741/5741/5741
f 5742/5742/5742 5740/5740/5740 5745/5745/5745
f 5745/5745/5745 5740/5740/5740 5746/5746/5746
f 5746/5746/5746 5747/5747/5747 5745/5745/5745
f 5745/5745/5745 5747/5747/5747 5748/5748/5748
f 5749/5749/5749 5745/5745/5745 5748/5748/5748
f 5750/5750/5750 5745/5745/5745 5749/5749/5749
f 5751/5751/5751 5750/5750/5750 5749/5749/5749
f 5745/5745/5745 5752/5752/5752 5742/5742/5742
f 5750/5750/5750 5752/5752/5752 5745/5745/5745
f 5752/5752/5752 5753/5753/5753 5742/5742/5742
f 5742/5742/5742 5753/5753/5753 5743/5743/5743
f 5754/5754/5754 5750/5750/5750 5751/5751/5751
f 5751/5751/5751 5755/5755/5755 5754/5754/5754
f 5755/5755/5755 5756/5756/5756 5754/5754/5754
f 5757/5757/5757 5754/5754/5754 5756/5756/5756
f 5754/5754/5754 5758/5758/5758 5750/5750/5750
f 5758/5758/5758 5754/5754/5754 5757/5757/5757
f 5750/5750/5750 5758/5758/5758 5752/5752/5752
f 5757/5757/5757 5759/5759/5759 5758/5758/5758
f 5760/5760/5760 5752/5752/5752 5758/5758/5758
f 5753/5753/5753 5752/5752/5752 5760/5760/5760
f 5760/5760/5760 5758/5758/5758 5759/5759/5759
f 5759/5759/5759 5761/5761/5761 5760/5760/5760
f 5760/5760/5760 5761/5761/5761 5753/5753/5753
f 5759/5759/5759 5762/5762/5762 5761/5761/5761
f 5753/5753/5753 5761/5761/5761 5763/5763/5763
f 5762/5762/5762 5763/5763/5763 5761/5761/5761
f 5753/5753/5753 5763/5763/5763 5743/5743/5743
f 5743/5743/5743 5763/5763/5763 5764/5764/5764
f 5764/5764/5764 5744/5744/5744 5743/5743/5743
f 5765/5765/5765 5763/5763/5763 5762/5762/5762
f 5765/5765/5765 5764/5764/5764 5763/5763/5763
f 5759/5759/5759 5766/5766/5766 5762/5762/5762
f 5762/5762/5762 5766/5766/5766 5765/5765/5765
f 5765/5765/5765 5766/5766/5766 5767/5767/5767
f 5767/5767/5767 5768/5768/5768 5765/5765/5765
f 5769/5769/5769 5744/5744/5744 5764/5764/5764
f 5769/5769/5769 5764/5764/5764 5765/5765/5765
f 5765/5765/5765 5768/5768/5768 5769/5769/5769
f 5770/5770/5770 5744/5744/5744 5769/5769/5769
f 5768/5768/5768 5771/5771/5771 5769/5769/5769
f 5769/5769/5769 5771/5771/5771 5770/5770/5770
f 5774/5774/5774 5773/5773/5773 5772/5772/5772
f 5774/5774/5774 5772/5772/5772 5775/5775/5775
f 5776/5776/5776 5773/5773/5773 5774/5774/5774
f 5777/5777/5777 5773/5773/5773 5776/5776/5776
f 5778/5778/5778 5773/5773/5773 5777/5777/5777
f 5779/5779/5779 5777/5777/5777 5776/5776/5776
f 5780/5780/5780 5777/5777/5777 5779/5779/5779
f 5776/5776/5776 5781/5781/5781 5779/5779/5779
f 5779/5779/5779 5782/5782/5782 5780/5780/5780
f 5779/5779/5779 5781/5781/5781 5782/5782/5782
f 5780/5780/5780 5782/5782/5782 5783/5783/5783
f 5783/5783/5783 5782/5782/5782 5784/5784/5784
f 5785/5785/5785 5782/5782/5782 5781/5781/5781
f 5785/5785/5785 5781/5781/5781 5786/5786/5786
f 5787/5787/5787 5782/5782/5782 5785/5785/5785
f 5784/5784/5784 5782/5782/5782 5787/5787/5787
f 5787/5787/5787 5788/5788/5788 5784/5784/5784
f 5784/5784/5784 5788/5788/5788 5789/5789/5789
f 5788/5788/5788 5787/5787/5787 5790/5790/5790
f 5790/5790/5790 5787/5787/5787 5791/5791/5791
f 5790/5790/5790 5791/5791/5791 5792/5792/5792
f 5793/5793/5793 5788/5788/5788 5790/5790/5790
f 5788/5788/5788 5793/5793/5793 5789/5789/5789
f 5789/5789/5789 5793/5793/5793 5794/5794/5794
f 5797/5797/5797 5796/5796/5796 5795/5795/5795
f 5798/5798/5798 5796/5796/5796 5797/5797/5797
f 5799/5799/5799 5796/5796/5796 5798/5798/5798
f 5800/5800/5800 5797/5797/5797 5795/5795/5795
f 5801/5801/5801 5797/5797/5797 5800/5800/5800
f 5795/5795/5795 5796/5796/5796 5802/5802/5802
f 5800/5800/5800 5795/5795/5795 5803/5803/5803
f 5803/5803/5803 5795/5795/5795 5802/5802/5802
f 482/482/482 5803/5803/5803 5802/5802/5802
f 5804/5804/5804 5800/5800/5800 5803/5803/5803
f 482/482/482 5804/5804/5804 5803/5803/5803
f 5805/5805/5805 5801/5801/5801 5800/5800/5800
f 5805/5805/5805 5800/5800/5800 5804/5804/5804
f 5806/5806/5806 5801/5801/5801 5805/5805/5805
f 5805/5805/5805 5807/5807/5807 5806/5806/5806
f 5808/5808/5808 5807/5807/5807 5805/5805/5805
f 5804/5804/5804 5808/5808/5808 5805/5805/5805
f 483/483/483 5808/5808/5808 5804/5804/5804
f 482/482/482 483/483/483 5804/5804/5804
f 5802/5802/5802 5796/5796/5796 5809/5809/5809
f 5802/5802/5802 5809/5809/5809 482/482/482
f 5796/5796/5796 5810/5810/5810 5809/5809/5809
f 5810/5810/5810 5796/5796/5796 5799/5799/5799
f 5811/5811/5811 5810/5810/5810 5799/5799/5799
f 5812/5812/5812 5810/5810/5810 5811/5811/5811
f 5809/5809/5809 5810/5810/5810 484/484/484
f 5812/5812/5812 484/484/484 5810/5810/5810
f 5809/5809/5809 484/484/484 482/482/482
f 5813/5813/5813 484/484/484 5812/5812/5812
f 5816/5816/5816 5815/5815/5815 5814/5814/5814
f 5817/5817/5817 5814/5814/5814 5815/5815/5815
f 5818/5818/5818 5814/5814/5814 5817/5817/5817
f 5814/5814/5814 5818/5818/5818 5819/5819/5819
f 5820/5820/5820 5814/5814/5814 5819/5819/5819
f 5816/5816/5816 5814/5814/5814 5820/5820/5820
f 5821/5821/5821 5815/5815/5815 5816/5816/5816
f 5822/5822/5822 5816/5816/5816 5820/5820/5820
f 5822/5822/5822 5820/5820/5820 5823/5823/5823
f 5824/5824/5824 5816/5816/5816 5822/5822/5822
f 5824/5824/5824 5821/5821/5821 5816/5816/5816
f 5825/5825/5825 5821/5821/5821 5824/5824/5824
f 5826/5826/5826 5825/5825/5825 5824/5824/5824
f 5826/5826/5826 5824/5824/5824 5827/5827/5827
f 5828/5828/5828 5825/5825/5825 5826/5826/5826
f 5829/5829/5829 5826/5826/5826 5827/5827/5827
f 5829/5829/5829 5828/5828/5828 5826/5826/5826
f 5830/5830/5830 5828/5828/5828 5829/5829/5829
f 5831/5831/5831 5830/5830/5830 5829/5829/5829
f 5832/5832/5832 5830/5830/5830 5831/5831/5831
f 5831/5831/5831 5829/5829/5829 5833/5833/5833
f 5833/5833/5833 5829/5829/5829 5834/5834/5834
f 5833/5833/5833 5834/5834/5834 5835/5835/5835
f 5837/5837/5837 4717/4717/4717 5836/5836/5836
f 5836/5836/5836 5838/5838/5838 5837/5837/5837
f 5841/5841/5841 5840/5840/5840 5839/5839/5839
f 5842/5842/5842 5840/5840/5840 5841/5841/5841
f 5840/5840/5840 5842/5842/5842 5843/5843/5843
f 5839/5839/5839 5844/5844/5844 5841/5841/5841
f 5845/5845/5845 5840/5840/5840 5843/5843/5843
f 5846/5846/5846 5844/5844/5844 5839/5839/5839
f 5847/5847/5847 5840/5840/5840 5845/5845/5845
f 5847/5847/5847 5839/5839/5839 5840/5840/5840
f 5848/5848/5848 5847/5847/5847 5845/5845/5845
f 5849/5849/5849 5846/5846/5846 5839/5839/5839
f 5849/5849/5849 5839/5839/5839 5847/5847/5847
f 5850/5850/5850 5846/5846/5846 5849/5849/5849
f 5851/5851/5851 5847/5847/5847 5848/5848/5848
f 5851/5851/5851 5849/5849/5849 5847/5847/5847
f 5849/5849/5849 5852/5852/5852 5850/5850/5850
f 5853/5853/5853 5852/5852/5852 5849/5849/5849
f 5853/5853/5853 5849/5849/5849 5851/5851/5851
f 5853/5853/5853 5854/5854/5854 5852/5852/5852
f 5855/5855/5855 5853/5853/5853 5851/5851/5851
f 5855/5855/5855 5851/5851/5851 5856/5856/5856
f 5857/5857/5857 5854/5854/5854 5853/5853/5853
f 5857/5857/5857 5853/5853/5853 5855/5855/5855
f 5858/5858/5858 5855/5855/5855 5856/5856/5856
f 5858/5858/5858 5857/5857/5857 5855/5855/5855
f 5859/5859/5859 5854/5854/5854 5857/5857/5857
f 5859/5859/5859 5857/5857/5857 5858/5858/5858
f 5860/5860/5860 5854/5854/5854 5859/5859/5859
f 5861/5861/5861 5860/5860/5860 5859/5859/5859
f 5862/5862/5862 5860/5860/5860 5861/5861/5861
f 5861/5861/5861 5859/5859/5859 5863/5863/5863
f 5863/5863/5863 5859/5859/5859 5858/5858/5858
f 5863/5863/5863 5858/5858/5858 5864/5864/5864
f 5864/5864/5864 5858/5858/5858 5865/5865/5865
f 5868/5868/5868 5867/5867/5867 5866/5866/5866
f 5869/5869/5869 5866/5866/5866 5867/5867/5867
f 5870/5870/5870 5869/5869/5869 5867/5867/5867
f 5871/5871/5871 5867/5867/5867 5868/5868/5868
f 5867/5867/5867 5872/5872/5872 5870/5870/5870
f 5871/5871/5871 5873/5873/5873 5867/5867/5867
f 5873/5873/5873 5872/5872/5872 5867/5867/5867
f 5874/5874/5874 5872/5872/5872 5873/5873/5873
f 5875/5875/5875 5873/5873/5873 5871/5871/5871
f 5874/5874/5874 5873/5873/5873 5876/5876/5876
f 5875/5875/5875 5877/5877/5877 5873/5873/5873
f 5876/5876/5876 5873/5873/5873 5877/5877/5877
f 5878/5878/5878 5877/5877/5877 5875/5875/5875
f 5877/5877/5877 5879/5879/5879 5876/5876/5876
f 5878/5878/5878 5880/5880/5880 5877/5877/5877
f 5877/5877/5877 5880/5880/5880 5879/5879/5879
f 5881/5881/5881 5880/5880/5880 5878/5878/5878
f 5882/5882/5882 5879/5879/5879 5880/5880/5880
f 5883/5883/5883 5882/5882/5882 5880/5880/5880
f 5886/5886/5886 5885/5885/5885 5884/5884/5884
f 5885/5885/5885 5887/5887/5887 5884/5884/5884
f 5884/5884/5884 5887/5887/5887 5888/5888/5888
f 5889/5889/5889 5885/5885/5885 5886/5886/5886
f 5890/5890/5890 5889/5889/5889 5886/5886/5886
f 5891/5891/5891 5887/5887/5887 5885/5885/5885
f 5885/5885/5885 5889/5889/5889 5891/5891/5891
f 5892/5892/5892 5887/5887/5887 5891/5891/5891
f 5893/5893/5893 5889/5889/5889 5890/5890/5890
f 5894/5894/5894 5893/5893/5893 5890/5890/5890
f 5891/5891/5891 5889/5889/5889 5895/5895/5895
f 5893/5893/5893 5895/5895/5895 5889/5889/5889
f 5896/5896/5896 5892/5892/5892 5891/5891/5891
f 5891/5891/5891 5895/5895/5895 5896/5896/5896
f 5897/5897/5897 5892/5892/5892 5896/5896/5896
f 5898/5898/5898 5897/5897/5897 5896/5896/5896
f 5896/5896/5896 5895/5895/5895 5899/5899/5899
f 5898/5898/5898 5896/5896/5896 5899/5899/5899
f 5900/5900/5900 5895/5895/5895 5893/5893/5893
f 5900/5900/5900 5899/5899/5899 5895/5895/5895
f 5901/5901/5901 5893/5893/5893 5894/5894/5894
f 5901/5901/5901 5900/5900/5900 5893/5893/5893
f 5902/5902/5902 5901/5901/5901 5894/5894/5894
f 5898/5898/5898 5899/5899/5899 5903/5903/5903
f 5903/5903/5903 5899/5899/5899 5900/5900/5900
f 5904/5904/5904 5900/5900/5900 5901/5901/5901
f 5900/5900/5900 5904/5904/5904 5903/5903/5903
f 5905/5905/5905 5901/5901/5901 5902/5902/5902
f 5905/5905/5905 5904/5904/5904 5901/5901/5901
f 5902/5902/5902 5906/5906/5906 5905/5905/5905
f 5907/5907/5907 5906/5906/5906 5902/5902/5902
f 5908/5908/5908 5905/5905/5905 5906/5906/5906
f 5909/5909/5909 5905/5905/5905 5908/5908/5908
f 5909/5909/5909 5904/5904/5904 5905/5905/5905
f 5908/5908/5908 5910/5910/5910 5909/5909/5909
f 5903/5903/5903 5904/5904/5904 5911/5911/5911
f 5904/5904/5904 5909/5909/5909 5911/5911/5911
f 5903/5903/5903 5911/5911/5911 5898/5898/5898
f 5910/5910/5910 5912/5912/5912 5909/5909/5909
f 5912/5912/5912 5911/5911/5911 5909/5909/5909
f 5910/5910/5910 5913/5913/5913 5912/5912/5912
f 5913/5913/5913 5914/5914/5914 5912/5912/5912
f 5914/5914/5914 5915/5915/5915 5912/5912/5912
f 5911/5911/5911 5912/5912/5912 5915/5915/5915
f 5915/5915/5915 5898/5898/5898 5911/5911/5911
f 5918/5918/5918 5917/5917/5917 5916/5916/5916
f 5919/5919/5919 5917/5917/5917 5918/5918/5918
f 5917/5917/5917 5920/5920/5920 5916/5916/5916
f 5916/5916/5916 5920/5920/5920 5921/5921/5921
f 5920/5920/5920 5922/5922/5922 5921/5921/5921
f 5922/5922/5922 5920/5920/5920 5923/5923/5923
f 5923/5923/5923 5920/5920/5920 5924/5924/5924
f 5917/5917/5917 5924/5924/5924 5920/5920/5920
f 5924/5924/5924 5925/5925/5925 5923/5923/5923
f 5926/5926/5926 5925/5925/5925 5924/5924/5924
f 5927/5927/5927 5924/5924/5924 5917/5917/5917
f 5927/5927/5927 5926/5926/5926 5924/5924/5924
f 5919/5919/5919 5927/5927/5927 5917/5917/5917
f 5928/5928/5928 5926/5926/5926 5927/5927/5927
f 5927/5927/5927 5929/5929/5929 5928/5928/5928
f 5930/5930/5930 5929/5929/5929 5927/5927/5927
f 5930/5930/5930 5927/5927/5927 5919/5919/5919
f 5930/5930/5930 5931/5931/5931 5929/5929/5929
f 5932/5932/5932 5930/5930/5930 5919/5919/5919
f 5932/5932/5932 5919/5919/5919 5933/5933/5933
f 5934/5934/5934 5931/5931/5931 5930/5930/5930
f 5934/5934/5934 5930/5930/5930 5932/5932/5932
f 5935/5935/5935 5932/5932/5932 5933/5933/5933
f 5935/5935/5935 5934/5934/5934 5932/5932/5932
f 5936/5936/5936 5931/5931/5931 5934/5934/5934
f 5936/5936/5936 5934/5934/5934 5935/5935/5935
f 5937/5937/5937 5931/5931/5931 5936/5936/5936
f 5938/5938/5938 5937/5937/5937 5936/5936/5936
f 5939/5939/5939 5937/5937/5937 5938/5938/5938
f 5938/5938/5938 5936/5936/5936 5940/5940/5940
f 5940/5940/5940 5936/5936/5936 5935/5935/5935
f 5940/5940/5940 5935/5935/5935 5941/5941/5941
f 5941/5941/5941 5935/5935/5935 5942/5942/5942
f 5945/5945/5945 5944/5944/5944 5943/5943/5943
f 1080/1080/1080 5945/5945/5945 5943/5943/5943
f 5946/5946/5946 5944/5944/5944 5945/5945/5945
f 5944/5944/5944 5947/5947/5947 5943/5943/5943
f 1080/1080/1080 5948/5948/5948 5945/5945/5945
f 5948/5948/5948 5946/5946/5946 5945/5945/5945
f 1080/1080/1080 1081/1081/1081 5948/5948/5948
f 1081/1081/1081 5949/5949/5949 5948/5948/5948
f 5949/5949/5949 5946/5946/5946 5948/5948/5948
f 5950/5950/5950 5949/5949/5949 1081/1081/1081
f 5950/5950/5950 5951/5951/5951 5949/5949/5949
f 5951/5951/5951 5946/5946/5946 5949/5949/5949
f 5952/5952/5952 5951/5951/5951 5950/5950/5950
f 5953/5953/5953 5946/5946/5946 5951/5951/5951
f 5953/5953/5953 5954/5954/5954 5946/5946/5946
f 5946/5946/5946 5954/5954/5954 5944/5944/5944
f 5954/5954/5954 5955/5955/5955 5944/5944/5944
f 5944/5944/5944 5955/5955/5955 5947/5947/5947
f 5955/5955/5955 5956/5956/5956 5947/5947/5947
f 5947/5947/5947 5956/5956/5956 5957/5957/5957
f 5958/5958/5958 5957/5957/5957 5956/5956/5956
f 5959/5959/5959 5957/5957/5957 5958/5958/5958
f 5959/5959/5959 1082/1082/1082 5957/5957/5957
f 5960/5960/5960 1082/1082/1082 5959/5959/5959
f 5947/5947/5947 5957/5957/5957 5961/5961/5961
f 5961/5961/5961 5957/5957/5957 1082/1082/1082
f 5961/5961/5961 1082/1082/1082 1080/1080/1080
f 5943/5943/5943 5947/5947/5947 5961/5961/5961
f 5943/5943/5943 5961/5961/5961 1080/1080/1080
f 5964/5964/5964 5963/5963/5963 5962/5962/5962
f 5965/5965/5965 5963/5963/5963 5964/5964/5964
f 5965/5965/5965 5966/5966/5966 5963/5963/5963
f 5967/5967/5967 5966/5966/5966 5965/5965/5965
f 5964/5964/5964 5962/5962/5962 5968/5968/5968
f 5968/5968/5968 5962/5962/5962 5969/5969/5969
f 5968/5968/5968 5969/5969/5969 5970/5970/5970
f 5970/5970/5970 5969/5969/5969 5971/5971/5971
f 5970/5970/5970 5971/5971/5971 5972/5972/5972
f 5972/5972/5972 5971/5971/5971 5973/5973/5973
f 5973/5973/5973 5974/5974/5974 5972/5972/5972
f 5972/5972/5972 5974/5974/5974 5975/5975/5975
f 5974/5974/5974 5976/5976/5976 5975/5975/5975
f 5975/5975/5975 5976/5976/5976 5977/5977/5977
f 5980/5980/5980 5979/5979/5979 5978/5978/5978
f 5978/5978/5978 5979/5979/5979 5981/5981/5981
f 5981/5981/5981 5979/5979/5979 5982/5982/5982
f 5978/5978/5978 5981/5981/5981 5983/5983/5983
f 5983/5983/5983 5980/5980/5980 5978/5978/5978
f 5983/5983/5983 5981/5981/5981 5984/5984/5984
f 5985/5985/5985 5979/5979/5979 5980/5980/5980
f 5984/5984/5984 5986/5986/5986 5983/5983/5983
f 5987/5987/5987 5985/5985/5985 5980/5980/5980
f 5988/5988/5988 5985/5985/5985 5987/5987/5987
f 5989/5989/5989 5980/5980/5980 5983/5983/5983
f 5989/5989/5989 5987/5987/5987 5980/5980/5980
f 5983/5983/5983 5986/5986/5986 5990/5990/5990
f 5983/5983/5983 5990/5990/5990 5989/5989/5989
f 5986/5986/5986 5991/5991/5991 5990/5990/5990
f 5992/5992/5992 5988/5988/5988 5987/5987/5987
f 5993/5993/5993 5987/5987/5987 5989/5989/5989
f 5992/5992/5992 5987/5987/5987 5993/5993/5993
f 5994/5994/5994 5993/5993/5993 5989/5989/5989
f 5989/5989/5989 5990/5990/5990 5994/5994/5994
f 5992/5992/5992 5993/5993/5993 5995/5995/5995
f 5995/5995/5995 5993/5993/5993 5994/5994/5994
f 5995/5995/5995 5996/5996/5996 5992/5992/5992
f 5997/5997/5997 5992/5992/5992 5996/5996/5996
f 5994/5994/5994 5998/5998/5998 5995/5995/5995
f 5995/5995/5995 5998/5998/5998 5996/5996/5996
f 5990/5990/5990 5999/5999/5999 5994/5994/5994
f 5994/5994/5994 5999/5999/5999 5998/5998/5998
f 5990/5990/5990 5991/5991/5991 5999/5999/5999
f 5991/5991/5991 6000/6000/6000 5999/5999/5999
f 5999/5999/5999 6000/6000/6000 5998/5998/5998
f 6001/6001/6001 6000/6000/6000 5991/5991/5991
f 6001/6001/6001 6002/6002/6002 6000/6000/6000
f 6000/6000/6000 6002/6002/6002 6003/6003/6003
f 5998/5998/5998 6000/6000/6000 6004/6004/6004
f 6003/6003/6003 6004/6004/6004 6000/6000/6000
f 5998/5998/5998 6004/6004/6004 5996/5996/5996
f 6005/6005/6005 6004/6004/6004 6003/6003/6003
f 5996/5996/5996 6004/6004/6004 6006/6006/6006
f 6004/6004/6004 6005/6005/6005 6006/6006/6006
f 6006/6006/6006 5997/5997/5997 5996/5996/5996
f 6006/6006/6006 6005/6005/6005 6007/6007/6007
f 6008/6008/6008 5997/5997/5997 6006/6006/6006
f 6007/6007/6007 6009/6009/6009 6006/6006/6006
f 6009/6009/6009 6008/6008/6008 6006/6006/6006
f 6012/6012/6012 6011/6011/6011 6010/6010/6010
f 6011/6011/6011 6013/6013/6013 6010/6010/6010
f 6014/6014/6014 6011/6011/6011 6012/6012/6012
f 6011/6011/6011 6015/6015/6015 6013/6013/6013
f 6014/6014/6014 6016/6016/6016 6011/6011/6011
f 6016/6016/6016 6015/6015/6015 6011/6011/6011
f 6017/6017/6017 6016/6016/6016 6014/6014/6014
f 6016/6016/6016 6018/6018/6018 6015/6015/6015
f 6017/6017/6017 6018/6018/6018 6016/6016/6016
f 6019/6019/6019 6018/6018/6018 6017/6017/6017
f 6022/6022/6022 6021/6021/6021 6020/6020/6020
f 6020/6020/6020 6021/6021/6021 6023/6023/6023
f 6023/6023/6023 6021/6021/6021 6024/6024/6024
f 6020/6020/6020 6023/6023/6023 1104/1104/1104
f 1104/1104/1104 6023/6023/6023 6025/6025/6025
f 1104/1104/1104 6022/6022/6022 6020/6020/6020
f 6026/6026/6026 6021/6021/6021 6022/6022/6022
f 6027/6027/6027 6022/6022/6022 1104/1104/1104
f 6027/6027/6027 1104/1104/1104 1102/1102/1102
f 6028/6028/6028 6026/6026/6026 6022/6022/6022
f 6029/6029/6029 6026/6026/6026 6028/6028/6028
f 6030/6030/6030 6022/6022/6022 6027/6027/6027
f 6028/6028/6028 6022/6022/6022 6030/6030/6030
f 6030/6030/6030 6027/6027/6027 1102/1102/1102
f 6031/6031/6031 6029/6029/6029 6028/6028/6028
f 6032/6032/6032 6029/6029/6029 6031/6031/6031
f 6033/6033/6033 6028/6028/6028 6030/6030/6030
f 6031/6031/6031 6028/6028/6028 6033/6033/6033
f 1102/1102/1102 6033/6033/6033 6030/6030/6030
f 6034/6034/6034 6032/6032/6032 6031/6031/6031
f 6035/6035/6035 6032/6032/6032 6034/6034/6034
f 6033/6033/6033 6036/6036/6036 6031/6031/6031
f 6031/6031/6031 6036/6036/6036 6034/6034/6034
f 1102/1102/1102 6036/6036/6036 6033/6033/6033
f 6034/6034/6034 6037/6037/6037 6035/6035/6035
f 6036/6036/6036 6037/6037/6037 6034/6034/6034
f 6035/6035/6035 6037/6037/6037 6038/6038/6038
f 1103/1103/1103 6037/6037/6037 6036/6036/6036
f 1102/1102/1102 1103/1103/1103 6036/6036/6036
f 6041/6041/6041 6040/6040/6040 6039/6039/6039
f 6039/6039/6039 6042/6042/6042 6041/6041/6041
f 6043/6043/6043 6040/6040/6040 6041/6041/6041
f 6045/6045/6045 6040/6040/6040 6044/6044/6044
f 6044/6044/6044 6040/6040/6040 6046/6046/6046
f 6043/6043/6043 6046/6046/6046 6040/6040/6040
f 6047/6047/6047 6046/6046/6046 6043/6043/6043
f 6048/6048/6048 6047/6047/6047 6043/6043/6043
f 6048/6048/6048 6043/6043/6043 6049/6049/6049
f 6050/6050/6050 6047/6047/6047 6048/6048/6048
f 6051/6051/6051 6050/6050/6050 6048/6048/6048
f 6052/6052/6052 6050/6050/6050 6051/6051/6051
f 6051/6051/6051 6048/6048/6048 6053/6053/6053
f 6054/6054/6054 6051/6051/6051 6053/6053/6053
f 6054/6054/6054 6053/6053/6053 6055/6055/6055
f 6056/6056/6056 6052/6052/6052 6051/6051/6051
f 6056/6056/6056 6051/6051/6051 6054/6054/6054
f 6057/6057/6057 6052/6052/6052 6056/6056/6056
f 6058/6058/6058 6056/6056/6056 6054/6054/6054
f 6058/6058/6058 6057/6057/6057 6056/6056/6056
f 6059/6059/6059 6057/6057/6057 6058/6058/6058
f 6062/6062/6062 6061/6061/6061 6060/6060/6060
f 6060/6060/6060 6063/6063/6063 6062/6062/6062
f 6064/6064/6064 6063/6063/6063 6060/6060/6060
f 6064/6064/6064 6065/6065/6065 6063/6063/6063
f 6066/6066/6066 6064/6064/6064 6060/6060/6060
f 6060/6060/6060 6061/6061/6061 6066/6066/6066
f 6067/6067/6067 6065/6065/6065 6064/6064/6064
f 6067/6067/6067 6068/6068/6068 6065/6065/6065
f 6069/6069/6069 6068/6068/6068 6067/6067/6067
f 6067/6067/6067 6070/6070/6070 6069/6069/6069
f 6071/6071/6071 6067/6067/6067 6064/6064/6064
f 6071/6071/6071 6064/6064/6064 6066/6066/6066
f 6072/6072/6072 6070/6070/6070 6067/6067/6067
f 6072/6072/6072 6067/6067/6067 6071/6071/6071
f 6073/6073/6073 6070/6070/6070 6072/6072/6072
f 6074/6074/6074 6070/6070/6070 6073/6073/6073
f 6073/6073/6073 6072/6072/6072 6075/6075/6075
f 6075/6075/6075 6072/6072/6072 6071/6071/6071
f 6075/6075/6075 6071/6071/6071 6076/6076/6076
f 6076/6076/6076 6071/6071/6071 6066/6066/6066
f 6076/6076/6076 6066/6066/6066 6077/6077/6077
f 6077/6077/6077 6066/6066/6066 6061/6061/6061
f 6077/6077/6077 6061/6061/6061 6078/6078/6078
f 6078/6078/6078 6061/6061/6061 6079/6079/6079
f 6078/6078/6078 6079/6079/6079 6080/6080/6080
f 6061/6061/6061 6081/6081/6081 6079/6079/6079
f 6081/6081/6081 6061/6061/6061 6062/6062/6062
f 6081/6081/6081 6062/6062/6062 6082/6082/6082
f 6081/6081/6081 6083/6083/6083 6079/6079/6079
f 6081/6081/6081 6082/6082/6082 6083/6083/6083
f 6080/6080/6080 6079/6079/6079 6083/6083/6083
f 6083/6083/6083 6082/6082/6082 6084/6084/6084
f 6084/6084/6084 6080/6080/6080 6083/6083/6083
f 6087/6087/6087 6086/6086/6086 6085/6085/6085
f 6087/6087/6087 6085/6085/6085 6088/6088/6088
f 6089/6089/6089 6086/6086/6086 6087/6087/6087
f 6089/6089/6089 2151/2151/2151 6086/6086/6086
f 6092/6092/6092 6091/6091/6091 6090/6090/6090
f 6091/6091/6091 6093/6093/6093 6090/6090/6090
f 6093/6093/6093 6091/6091/6091 6094/6094/6094
f 6094/6094/6094 6091/6091/6091 6095/6095/6095
f 6096/6096/6096 6095/6095/6095 6091/6091/6091
f 6096/6096/6096 6091/6091/6091 6092/6092/6092
f 6097/6097/6097 6095/6095/6095 6096/6096/6096
f 6098/6098/6098 6096/6096/6096 6092/6092/6092
f 6098/6098/6098 6092/6092/6092 6099/6099/6099
f 6100/6100/6100 6096/6096/6096 6098/6098/6098
f 6100/6100/6100 6097/6097/6097 6096/6096/6096
f 6101/6101/6101 6097/6097/6097 6100/6100/6100
f 6102/6102/6102 6101/6101/6101 6100/6100/6100
f 6102/6102/6102 6100/6100/6100 6103/6103/6103
f 6104/6104/6104 6101/6101/6101 6102/6102/6102
f 6105/6105/6105 6102/6102/6102 6103/6103/6103
f 6105/6105/6105 6104/6104/6104 6102/6102/6102
f 6106/6106/6106 6104/6104/6104 6105/6105/6105
f 6107/6107/6107 6106/6106/6106 6105/6105/6105
f 6108/6108/6108 6106/6106/6106 6107/6107/6107
f 6107/6107/6107 6105/6105/6105 6109/6109/6109
f 6109/6109/6109 6105/6105/6105 6110/6110/6110
f 6109/6109/6109 6110/6110/6110 6111/6111/6111
f 6114/6114/6114 6113/6113/6113 6112/6112/6112
f 6112/6112/6112 6115/6115/6115 6114/6114/6114
f 6112/6112/6112 6116/6116/6116 6115/6115/6115
f 6117/6117/6117 6116/6116/6116 6112/6112/6112
f 6117/6117/6117 6118/6118/6118 6116/6116/6116
f 6119/6119/6119 6118/6118/6118 6117/6117/6117
f 6118/6118/6118 6120/6120/6120 6116/6116/6116
f 6116/6116/6116 6120/6120/6120 6121/6121/6121
f 6116/6116/6116 6121/6121/6121 6122/6122/6122
f 6120/6120/6120 6123/6123/6123 6121/6121/6121
f 6121/6121/6121 6124/6124/6124 6122/6122/6122
f 6121/6121/6121 6123/6123/6123 6124/6124/6124
f 6123/6123/6123 6125/6125/6125 6124/6124/6124
f 6124/6124/6124 6125/6125/6125 6126/6126/6126
f 6125/6125/6125 6127/6127/6127 6126/6126/6126
f 6124/6124/6124 6126/6126/6126 6128/6128/6128
f 6126/6126/6126 6127/6127/6127 6129/6129/6129
f 6130/6130/6130 6129/6129/6129 6127/6127/6127
f 6131/6131/6131 6129/6129/6129 6130/6130/6130
f 6129/6129/6129 6131/6131/6131 6132/6132/6132
f 6126/6126/6126 6129/6129/6129 6133/6133/6133
f 6128/6128/6128 6126/6126/6126 6133/6133/6133
f 6128/6128/6128 6133/6133/6133 6134/6134/6134
f 6133/6133/6133 6129/6129/6129 6135/6135/6135
f 6135/6135/6135 6136/6136/6136 6133/6133/6133
f 6139/6139/6139 6138/6138/6138 6137/6137/6137
f 485/485/485 6139/6139/6139 6137/6137/6137
f 6140/6140/6140 6138/6138/6138 6139/6139/6139
f 6140/6140/6140 6141/6141/6141 6138/6138/6138
f 6142/6142/6142 6141/6141/6141 6140/6140/6140
f 6141/6141/6141 6143/6143/6143 6138/6138/6138
f 6140/6140/6140 6144/6144/6144 6142/6142/6142
f 6138/6138/6138 6143/6143/6143 6145/6145/6145
f 6138/6138/6138 6145/6145/6145 6146/6146/6146
f 6147/6147/6147 6145/6145/6145 6143/6143/6143
f 6148/6148/6148 6144/6144/6144 6140/6140/6140
f 6148/6148/6148 6149/6149/6149 6144/6144/6144
f 6148/6148/6148 6140/6140/6140 6150/6150/6150
f 6151/6151/6151 6149/6149/6149 6148/6148/6148
f 6150/6150/6150 6151/6151/6151 6148/6148/6148
f 486/486/486 6151/6151/6151 6150/6150/6150
f 485/485/485 486/486/486 6150/6150/6150
f 6152/6152/6152 6145/6145/6145 6147/6147/6147
f 6153/6153/6153 6152/6152/6152 6147/6147/6147
f 6145/6145/6145 6152/6152/6152 487/487/487
f 6154/6154/6154 6152/6152/6152 6153/6153/6153
f 6154/6154/6154 487/487/487 6152/6152/6152
f 6155/6155/6155 487/487/487 6154/6154/6154
f 6158/6158/6158 6157/6157/6157 6156/6156/6156
f 6159/6159/6159 6158/6158/6158 6156/6156/6156
f 6160/6160/6160 6157/6157/6157 6158/6158/6158
f 6157/6157/6157 6160/6160/6160 6161/6161/6161
f 6161/6161/6161 6160/6160/6160 6162/6162/6162
f 6160/6160/6160 6163/6163/6163 6162/6162/6162
f 6162/6162/6162 6163/6163/6163 6164/6164/6164
f 6163/6163/6163 6160/6160/6160 6165/6165/6165
f 6165/6165/6165 6160/6160/6160 6158/6158/6158
f 6158/6158/6158 6166/6166/6166 6165/6165/6165
f 6158/6158/6158 6159/6159/6159 6167/6167/6167
f 6167/6167/6167 6166/6166/6166 6158/6158/6158
f 6168/6168/6168 6167/6167/6167 6159/6159/6159
f 6168/6168/6168 6169/6169/6169 6167/6167/6167
f 6170/6170/6170 6166/6166/6166 6167/6167/6167
f 6167/6167/6167 6169/6169/6169 6170/6170/6170
f 6171/6171/6171 6170/6170/6170 6169/6169/6169
f 6172/6172/6172 6166/6166/6166 6170/6170/6170
f 6171/6171/6171 6173/6173/6173 6170/6170/6170
f 6173/6173/6173 6172/6172/6172 6170/6170/6170
f 6174/6174/6174 6172/6172/6172 6173/6173/6173
f 6177/6177/6177 6176/6176/6176 6175/6175/6175
f 6175/6175/6175 6090/6090/6090 6178/6178/6178
f 6181/6181/6181 6180/6180/6180 6179/6179/6179
f 6183/6183/6183 6182/6182/6182 6181/6181/6181
f 6184/6184/6184 6181/6181/6181 6182/6182/6182
f 6184/6184/6184 6180/6180/6180 6181/6181/6181
f 6180/6180/6180 6185/6185/6185 6179/6179/6179
f 6186/6186/6186 6179/6179/6179 6185/6185/6185
f 6187/6187/6187 6179/6179/6179 6186/6186/6186
f 6188/6188/6188 6185/6185/6185 6180/6180/6180
f 6187/6187/6187 6189/6189/6189 6179/6179/6179
f 6190/6190/6190 6189/6189/6189 6187/6187/6187
f 6189/6189/6189 6190/6190/6190 6183/6183/6183
f 6183/6183/6183 6190/6190/6190 6191/6191/6191
f 6192/6192/6192 6188/6188/6188 6180/6180/6180
f 6192/6192/6192 6180/6180/6180 6184/6184/6184
f 6193/6193/6193 6188/6188/6188 6192/6192/6192
f 6194/6194/6194 6192/6192/6192 6184/6184/6184
f 6194/6194/6194 6184/6184/6184 6195/6195/6195
f 6196/6196/6196 6193/6193/6193 6192/6192/6192
f 6196/6196/6196 6192/6192/6192 6194/6194/6194
f 6197/6197/6197 6193/6193/6193 6196/6196/6196
f 6198/6198/6198 6196/6196/6196 6194/6194/6194
f 6198/6198/6198 6197/6197/6197 6196/6196/6196
f 6199/6199/6199 6197/6197/6197 6198/6198/6198
f 6200/6200/6200 6199/6199/6199 6198/6198/6198
f 6201/6201/6201 6199/6199/6199 6200/6200/6200
f 6200/6200/6200 6198/6198/6198 6202/6202/6202
f 6202/6202/6202 6198/6198/6198 6203/6203/6203
f 6202/6202/6202 6203/6203/6203 6204/6204/6204
f 6204/6204/6204 6203/6203/6203 6195/6195/6195
f 6207/6207/6207 6206/6206/6206 6205/6205/6205
f 6208/6208/6208 6206/6206/6206 6207/6207/6207
f 6207/6207/6207 6205/6205/6205 6209/6209/6209
f 6209/6209/6209 6205/6205/6205 6210/6210/6210
f 6205/6205/6205 6211/6211/6211 6210/6210/6210
f 6205/6205/6205 6212/6212/6212 6211/6211/6211
f 6206/6206/6206 6212/6212/6212 6205/6205/6205
f 6206/6206/6206 6213/6213/6213 6212/6212/6212
f 6208/6208/6208 6213/6213/6213 6206/6206/6206
f 6214/6214/6214 6213/6213/6213 6208/6208/6208
f 5176/5176/5176 6216/6216/6216 6215/6215/6215
f 6219/6219/6219 6218/6218/6218 6217/6217/6217
f 6219/6219/6219 6217/6217/6217 6220/6220/6220
f 6218/6218/6218 6221/6221/6221 6217/6217/6217
f 6222/6222/6222 6221/6221/6221 6218/6218/6218
f 6221/6221/6221 6223/6223/6223 6217/6217/6217
f 6224/6224/6224 6220/6220/6220 6217/6217/6217
f 6217/6217/6217 6223/6223/6223 6224/6224/6224
f 6225/6225/6225 6220/6220/6220 6224/6224/6224
f 6225/6225/6225 6224/6224/6224 6226/6226/6226
f 6224/6224/6224 6223/6223/6223 6227/6227/6227
f 6227/6227/6227 6226/6226/6226 6224/6224/6224
f 6226/6226/6226 6227/6227/6227 6228/6228/6228
f 6227/6227/6227 6223/6223/6223 6229/6229/6229
f 6227/6227/6227 6230/6230/6230 6228/6228/6228
f 6229/6229/6229 6231/6231/6231 6227/6227/6227
f 6231/6231/6231 6230/6230/6230 6227/6227/6227
f 6230/6230/6230 6231/6231/6231 6232/6232/6232
f 6233/6233/6233 6231/6231/6231 6229/6229/6229
f 6232/6232/6232 6231/6231/6231 6234/6234/6234
f 6231/6231/6231 6233/6233/6233 6234/6234/6234
f 6234/6234/6234 6233/6233/6233 6235/6235/6235
f 6238/6238/6238 6237/6237/6237 6236/6236/6236
f 909/909/909 6238/6238/6238 6236/6236/6236
f 6239/6239/6239 6237/6237/6237 6238/6238/6238
f 6237/6237/6237 6240/6240/6240 6236/6236/6236
f 909/909/909 6241/6241/6241 6238/6238/6238
f 6238/6238/6238 6241/6241/6241 6239/6239/6239
f 6239/6239/6239 6242/6242/6242 6237/6237/6237
f 6242/6242/6242 6243/6243/6243 6237/6237/6237
f 6237/6237/6237 6243/6243/6243 6240/6240/6240
f 6244/6244/6244 6242/6242/6242 6239/6239/6239
f 6243/6243/6243 6245/6245/6245 6240/6240/6240
f 6246/6246/6246 6244/6244/6244 6239/6239/6239
f 6239/6239/6239 6241/6241/6241 6246/6246/6246
f 6247/6247/6247 6244/6244/6244 6246/6246/6246
f 6246/6246/6246 6248/6248/6248 6247/6247/6247
f 6249/6249/6249 6248/6248/6248 6246/6246/6246
f 6241/6241/6241 6249/6249/6249 6246/6246/6246
f 910/910/910 6249/6249/6249 6241/6241/6241
f 909/909/909 910/910/910 6241/6241/6241
f 6240/6240/6240 6245/6245/6245 6250/6250/6250
f 6245/6245/6245 6251/6251/6251 6250/6250/6250
f 6250/6250/6250 6251/6251/6251 6252/6252/6252
f 6250/6250/6250 6252/6252/6252 911/911/911
f 911/911/911 6252/6252/6252 6253/6253/6253
f 6250/6250/6250 6254/6254/6254 6240/6240/6240
f 911/911/911 6254/6254/6254 6250/6250/6250
f 6254/6254/6254 911/911/911 909/909/909
f 6236/6236/6236 6240/6240/6240 6254/6254/6254
f 6236/6236/6236 6254/6254/6254 909/909/909
f 6257/6257/6257 6256/6256/6256 6255/6255/6255
f 6258/6258/6258 6256/6256/6256 6257/6257/6257
f 6258/6258/6258 6257/6257/6257 6259/6259/6259
f 6260/6260/6260 6256/6256/6256 6258/6258/6258
f 6260/6260/6260 6258/6258/6258 6259/6259/6259
f 6261/6261/6261 6256/6256/6256 6260/6260/6260
f 6259/6259/6259 6262/6262/6262 6260/6260/6260
f 6262/6262/6262 6261/6261/6261 6260/6260/6260
f 6263/6263/6263 6262/6262/6262 6259/6259/6259
f 6264/6264/6264 6261/6261/6261 6262/6262/6262
f 6265/6265/6265 6264/6264/6264 6262/6262/6262
f 6265/6265/6265 6262/6262/6262 6263/6263/6263
f 6265/6265/6265 6266/6266/6266 6264/6264/6264
f 6267/6267/6267 6265/6265/6265 6263/6263/6263
f 6267/6267/6267 6266/6266/6266 6265/6265/6265
f 6268/6268/6268 6267/6267/6267 6263/6263/6263
f 6267/6267/6267 6269/6269/6269 6266/6266/6266
f 6269/6269/6269 6267/6267/6267 6268/6268/6268
f 6269/6269/6269 6270/6270/6270 6266/6266/6266
f 6271/6271/6271 6269/6269/6269 6268/6268/6268
f 6271/6271/6271 6270/6270/6270 6269/6269/6269
f 6272/6272/6272 6271/6271/6271 6268/6268/6268
f 6270/6270/6270 6271/6271/6271 6273/6273/6273
f 6273/6273/6273 6271/6271/6271 6272/6272/6272
f 6273/6273/6273 6272/6272/6272 6274/6274/6274
f 4300/4300/4300 6276/6276/6276 6275/6275/6275
f 6277/6277/6277 6276/6276/6276 4300/4300/4300
f 6279/6279/6279 4892/4892/4892 6278/6278/6278
f 6282/6282/6282 6281/6281/6281 6280/6280/6280
f 6283/6283/6283 6281/6281/6281 6282/6282/6282
f 6284/6284/6284 6281/6281/6281 6283/6283/6283
f 6283/6283/6283 6282/6282/6282 6285/6285/6285
f 6282/6282/6282 6280/6280/6280 6286/6286/6286
f 6285/6285/6285 6282/6282/6282 6286/6286/6286
f 6286/6286/6286 6280/6280/6280 6287/6287/6287
f 6285/6285/6285 6286/6286/6286 6288/6288/6288
f 6286/6286/6286 6287/6287/6287 6289/6289/6289
f 6288/6288/6288 6286/6286/6286 6289/6289/6289
f 6058/6058/6058 6290/6290/6290 6040/6040/6040
f 6054/6054/6054 6290/6290/6290 6058/6058/6058
f 6293/6293/6293 6292/6292/6292 6291/6291/6291
f 6294/6294/6294 6292/6292/6292 6293/6293/6293
f 6293/6293/6293 6291/6291/6291 6295/6295/6295
f 6294/6294/6294 6296/6296/6296 6292/6292/6292
f 6295/6295/6295 6291/6291/6291 6297/6297/6297
f 6297/6297/6297 6298/6298/6298 6295/6295/6295
f 6295/6295/6295 6298/6298/6298 6299/6299/6299
f 6300/6300/6300 6298/6298/6298 6297/6297/6297
f 6297/6297/6297 6291/6291/6291 6300/6300/6300
f 645/645/645 6298/6298/6298 6300/6300/6300
f 644/644/644 645/645/645 6300/6300/6300
f 6300/6300/6300 6291/6291/6291 6301/6301/6301
f 6291/6291/6291 6292/6292/6292 6301/6301/6301
f 644/644/644 6300/6300/6300 6301/6301/6301
f 6301/6301/6301 6292/6292/6292 6302/6302/6302
f 644/644/644 6301/6301/6301 6302/6302/6302
f 6292/6292/6292 6303/6303/6303 6302/6302/6302
f 6292/6292/6292 6296/6296/6296 6303/6303/6303
f 6302/6302/6302 6303/6303/6303 6304/6304/6304
f 6302/6302/6302 6304/6304/6304 644/644/644
f 6303/6303/6303 6296/6296/6296 6305/6305/6305
f 6303/6303/6303 6305/6305/6305 6304/6304/6304
f 6305/6305/6305 6296/6296/6296 6306/6306/6306
f 6307/6307/6307 6305/6305/6305 6306/6306/6306
f 6308/6308/6308 6305/6305/6305 6307/6307/6307
f 6304/6304/6304 6305/6305/6305 646/646/646
f 6308/6308/6308 646/646/646 6305/6305/6305
f 6304/6304/6304 646/646/646 644/644/644
f 6309/6309/6309 646/646/646 6308/6308/6308
f 6311/6311/6311 3871/3871/3871 6310/6310/6310
f 6313/6313/6313 6054/6054/6054 6312/6312/6312
f 6316/6316/6316 6315/6315/6315 6314/6314/6314
f 6314/6314/6314 5819/5819/5819 6317/6317/6317
f 6318/6318/6318 5700/5700/5700 3309/3309/3309
f 1156/1156/1156 1153/1153/1153 6319/6319/6319
f 6321/6321/6321 6320/6320/6320 4416/4416/4416
f 6322/6322/6322 6320/6320/6320 6321/6321/6321
f 6321/6321/6321 634/634/634 6322/6322/6322
f 6323/6323/6323 634/634/634 6321/6321/6321
f 6323/6323/6323 6324/6324/6324 634/634/634
f 6325/6325/6325 6324/6324/6324 6323/6323/6323
f 6327/6327/6327 5792/5792/5792 6326/6326/6326
f 25/25/25 6329/6329/6329 6328/6328/6328
f 19/19/19 6331/6331/6331 6330/6330/6330
f 6334/6334/6334 6333/6333/6333 6332/6332/6332
f 6333/6333/6333 6335/6335/6335 6332/6332/6332
f 6332/6332/6332 6335/6335/6335 6336/6336/6336
f 6335/6335/6335 6337/6337/6337 6336/6336/6336
f 6336/6336/6336 6337/6337/6337 6338/6338/6338
f 6339/6339/6339 6337/6337/6337 6335/6335/6335
f 6333/6333/6333 6339/6339/6339 6335/6335/6335
f 6340/6340/6340 6337/6337/6337 6339/6339/6339
f 6340/6340/6340 6339/6339/6339 6341/6341/6341
f 6342/6342/6342 6333/6333/6333 6334/6334/6334
f 6334/6334/6334 6343/6343/6343 6342/6342/6342
f 6344/6344/6344 6339/6339/6339 6333/6333/6333
f 6342/6342/6342 6344/6344/6344 6333/6333/6333
f 6341/6341/6341 6339/6339/6339 6345/6345/6345
f 6339/6339/6339 6344/6344/6344 6345/6345/6345
f 6341/6341/6341 6345/6345/6345 6346/6346/6346
f 6346/6346/6346 6345/6345/6345 6347/6347/6347
f 6348/6348/6348 6347/6347/6347 6345/6345/6345
f 6345/6345/6345 6344/6344/6344 6348/6348/6348
f 6349/6349/6349 6347/6347/6347 6348/6348/6348
f 6350/6350/6350 6349/6349/6349 6348/6348/6348
f 6348/6348/6348 6344/6344/6344 6350/6350/6350
f 6351/6351/6351 6349/6349/6349 6350/6350/6350
f 6350/6350/6350 6344/6344/6344 6352/6352/6352
f 6352/6352/6352 6344/6344/6344 6342/6342/6342
f 6350/6350/6350 6353/6353/6353 6351/6351/6351
f 6351/6351/6351 6353/6353/6353 6354/6354/6354
f 6355/6355/6355 6350/6350/6350 6352/6352/6352
f 6353/6353/6353 6350/6350/6350 6355/6355/6355
f 6356/6356/6356 6352/6352/6352 6342/6342/6342
f 6355/6355/6355 6352/6352/6352 6356/6356/6356
f 6342/6342/6342 6343/6343/6343 6356/6356/6356
f 6357/6357/6357 6356/6356/6356 6343/6343/6343
f 6358/6358/6358 6356/6356/6356 6357/6357/6357
f 6358/6358/6358 6355/6355/6355 6356/6356/6356
f 6359/6359/6359 6358/6358/6358 6357/6357/6357
f 6360/6360/6360 6353/6353/6353 6355/6355/6355
f 6360/6360/6360 6355/6355/6355 6358/6358/6358
f 6361/6361/6361 6354/6354/6354 6353/6353/6353
f 6361/6361/6361 6353/6353/6353 6360/6360/6360
f 6362/6362/6362 6354/6354/6354 6361/6361/6361
f 6360/6360/6360 6358/6358/6358 6363/6363/6363
f 6363/6363/6363 6361/6361/6361 6360/6360/6360
f 6364/6364/6364 6358/6358/6358 6359/6359/6359
f 6363/6363/6363 6358/6358/6358 6364/6364/6364
f 6364/6364/6364 6359/6359/6359 6365/6365/6365
f 6364/6364/6364 6365/6365/6365 6363/6363/6363
f 6365/6365/6365 6359/6359/6359 6366/6366/6366
f 6367/6367/6367 6362/6362/6362 6361/6361/6361
f 6367/6367/6367 6361/6361/6361 6363/6363/6363
f 6368/6368/6368 6362/6362/6362 6367/6367/6367
f 6363/6363/6363 6365/6365/6365 6369/6369/6369
f 6367/6367/6367 6363/6363/6363 6370/6370/6370
f 6370/6370/6370 6368/6368/6368 6367/6367/6367
f 6370/6370/6370 6363/6363/6363 6369/6369/6369
f 6371/6371/6371 6368/6368/6368 6370/6370/6370
f 6371/6371/6371 6370/6370/6370 6372/6372/6372
f 6369/6369/6369 6373/6373/6373 6370/6370/6370
f 6369/6369/6369 6365/6365/6365 6373/6373/6373
f 6372/6372/6372 6370/6370/6370 6374/6374/6374
f 6370/6370/6370 6373/6373/6373 6374/6374/6374
f 6375/6375/6375 6372/6372/6372 6374/6374/6374
f 6373/6373/6373 6375/6375/6375 6374/6374/6374
f 6376/6376/6376 6372/6372/6372 6375/6375/6375
f 6377/6377/6377 6376/6376/6376 6375/6375/6375
f 6378/6378/6378 6376/6376/6376 6377/6377/6377
f 6377/6377/6377 6379/6379/6379 6378/6378/6378
f 6373/6373/6373 6365/6365/6365 6380/6380/6380
f 6365/6365/6365 6366/6366/6366 6380/6380/6380
f 6380/6380/6380 6366/6366/6366 6381/6381/6381
f 6382/6382/6382 6375/6375/6375 6373/6373/6373
f 6382/6382/6382 6377/6377/6377 6375/6375/6375
f 6373/6373/6373 6380/6380/6380 6382/6382/6382
f 6380/6380/6380 6381/6381/6381 6383/6383/6383
f 6382/6382/6382 6380/6380/6380 6383/6383/6383
f 6383/6383/6383 6381/6381/6381 6384/6384/6384
f 6384/6384/6384 6385/6385/6385 6383/6383/6383
f 6383/6383/6383 6386/6386/6386 6382/6382/6382
f 6386/6386/6386 6377/6377/6377 6382/6382/6382
f 6383/6383/6383 6385/6385/6385 6387/6387/6387
f 6387/6387/6387 6386/6386/6386 6383/6383/6383
f 6385/6385/6385 6388/6388/6388 6387/6387/6387
f 6387/6387/6387 6388/6388/6388 6389/6389/6389
f 6387/6387/6387 6389/6389/6389 6386/6386/6386
f 6388/6388/6388 6390/6390/6390 6389/6389/6389
f 6389/6389/6389 6390/6390/6390 6391/6391/6391
f 6389/6389/6389 6391/6391/6391 6392/6392/6392
f 6386/6386/6386 6389/6389/6389 6392/6392/6392
f 6392/6392/6392 6391/6391/6391 6393/6393/6393
f 6392/6392/6392 6394/6394/6394 6386/6386/6386
f 6392/6392/6392 6393/6393/6393 6394/6394/6394
f 6386/6386/6386 6394/6394/6394 6377/6377/6377
f 6394/6394/6394 6393/6393/6393 6395/6395/6395
f 6394/6394/6394 6379/6379/6379 6377/6377/6377
f 6394/6394/6394 6395/6395/6395 6379/6379/6379
f 6379/6379/6379 6395/6395/6395 6396/6396/6396
f 6399/6399/6399 6398/6398/6398 6397/6397/6397
f 6397/6397/6397 6400/6400/6400 6399/6399/6399
f 6401/6401/6401 6400/6400/6400 6397/6397/6397
f 6402/6402/6402 6399/6399/6399 6400/6400/6400
f 6397/6397/6397 6403/6403/6403 6401/6401/6401
f 6398/6398/6398 6403/6403/6403 6397/6397/6397
f 6401/6401/6401 6403/6403/6403 6404/6404/6404
f 6404/6404/6404 6403/6403/6403 6405/6405/6405
f 6406/6406/6406 6399/6399/6399 6402/6402/6402
f 6402/6402/6402 6407/6407/6407 6406/6406/6406
f 6408/6408/6408 6398/6398/6398 6399/6399/6399
f 6406/6406/6406 6408/6408/6408 6399/6399/6399
f 6405/6405/6405 6403/6403/6403 6409/6409/6409
f 6405/6405/6405 6409/6409/6409 6410/6410/6410
f 6410/6410/6410 6409/6409/6409 6411/6411/6411
f 6411/6411/6411 6409/6409/6409 6412/6412/6412
f 6409/6409/6409 6403/6403/6403 6413/6413/6413
f 6412/6412/6412 6409/6409/6409 6413/6413/6413
f 6413/6413/6413 6403/6403/6403 6414/6414/6414
f 6414/6414/6414 6403/6403/6403 6398/6398/6398
f 6413/6413/6413 6415/6415/6415 6412/6412/6412
f 6413/6413/6413 6414/6414/6414 6415/6415/6415
f 6412/6412/6412 6415/6415/6415 6416/6416/6416
f 6416/6416/6416 6415/6415/6415 6417/6417/6417
f 6417/6417/6417 6415/6415/6415 6418/6418/6418
f 6415/6415/6415 6419/6419/6419 6418/6418/6418
f 6415/6415/6415 6414/6414/6414 6419/6419/6419
f 6418/6418/6418 6419/6419/6419 6420/6420/6420
f 6398/6398/6398 6421/6421/6421 6414/6414/6414
f 6414/6414/6414 6421/6421/6421 6419/6419/6419
f 6419/6419/6419 6421/6421/6421 6420/6420/6420
f 6398/6398/6398 6408/6408/6408 6421/6421/6421
f 6420/6420/6420 6421/6421/6421 6422/6422/6422
f 6421/6421/6421 6423/6423/6423 6422/6422/6422
f 6421/6421/6421 6408/6408/6408 6423/6423/6423
f 6422/6422/6422 6423/6423/6423 6424/6424/6424
f 6408/6408/6408 6425/6425/6425 6423/6423/6423
f 6423/6423/6423 6426/6426/6426 6424/6424/6424
f 6423/6423/6423 6425/6425/6425 6426/6426/6426
f 6424/6424/6424 6426/6426/6426 6427/6427/6427
f 6425/6425/6425 6408/6408/6408 6406/6406/6406
f 6426/6426/6426 6428/6428/6428 6427/6427/6427
f 6425/6425/6425 6428/6428/6428 6426/6426/6426
f 6427/6427/6427 6428/6428/6428 6429/6429/6429
f 6428/6428/6428 6430/6430/6430 6429/6429/6429
f 6429/6429/6429 6430/6430/6430 6431/6431/6431
f 6432/6432/6432 6428/6428/6428 6425/6425/6425
f 6432/6432/6432 6430/6430/6430 6428/6428/6428
f 6433/6433/6433 6425/6425/6425 6406/6406/6406
f 6432/6432/6432 6425/6425/6425 6433/6433/6433
f 6406/6406/6406 6407/6407/6407 6433/6433/6433
f 6407/6407/6407 6434/6434/6434 6433/6433/6433
f 6433/6433/6433 6434/6434/6434 6435/6435/6435
f 6433/6433/6433 6435/6435/6435 6432/6432/6432
f 6434/6434/6434 6436/6436/6436 6435/6435/6435
f 6437/6437/6437 6430/6430/6430 6432/6432/6432
f 6432/6432/6432 6435/6435/6435 6437/6437/6437
f 6435/6435/6435 6436/6436/6436 6438/6438/6438
f 6435/6435/6435 6438/6438/6438 6437/6437/6437
f 6438/6438/6438 6436/6436/6436 6439/6439/6439
f 6439/6439/6439 6436/6436/6436 6440/6440/6440
f 6437/6437/6437 6438/6438/6438 6441/6441/6441
f 6437/6437/6437 6441/6441/6441 6430/6430/6430
f 6439/6439/6439 6442/6442/6442 6438/6438/6438
f 6438/6438/6438 6442/6442/6442 6441/6441/6441
f 6439/6439/6439 6440/6440/6440 6443/6443/6443
f 6443/6443/6443 6442/6442/6442 6439/6439/6439
f 6443/6443/6443 6440/6440/6440 6444/6444/6444
f 6430/6430/6430 6441/6441/6441 6445/6445/6445
f 6442/6442/6442 6445/6445/6445 6441/6441/6441
f 6430/6430/6430 6445/6445/6445 6431/6431/6431
f 6431/6431/6431 6445/6445/6445 6446/6446/6446
f 6445/6445/6445 6447/6447/6447 6446/6446/6446
f 6447/6447/6447 6445/6445/6445 6442/6442/6442
f 6446/6446/6446 6447/6447/6447 6448/6448/6448
f 6442/6442/6442 6449/6449/6449 6447/6447/6447
f 6449/6449/6449 6442/6442/6442 6443/6443/6443
f 6447/6447/6447 6450/6450/6450 6448/6448/6448
f 6447/6447/6447 6449/6449/6449 6450/6450/6450
f 6448/6448/6448 6450/6450/6450 6451/6451/6451
f 6450/6450/6450 6452/6452/6452 6451/6451/6451
f 6449/6449/6449 6452/6452/6452 6450/6450/6450
f 6451/6451/6451 6452/6452/6452 6453/6453/6453
f 6452/6452/6452 6454/6454/6454 6453/6453/6453
f 6453/6453/6453 6454/6454/6454 6455/6455/6455
f 6456/6456/6456 6452/6452/6452 6449/6449/6449
f 6456/6456/6456 6454/6454/6454 6452/6452/6452
f 6449/6449/6449 6443/6443/6443 6456/6456/6456
f 6457/6457/6457 6454/6454/6454 6456/6456/6456
f 6457/6457/6457 6456/6456/6456 6458/6458/6458
f 6456/6456/6456 6443/6443/6443 6459/6459/6459
f 6458/6458/6458 6456/6456/6456 6459/6459/6459
f 6443/6443/6443 6444/6444/6444 6459/6459/6459
f 6459/6459/6459 6444/6444/6444 6460/6460/6460
f 6459/6459/6459 6460/6460/6460 6458/6458/6458
f 6458/6458/6458 6460/6460/6460 6461/6461/6461
f 6464/6464/6464 6463/6463/6463 6462/6462/6462
f 6465/6465/6465 6463/6463/6463 6464/6464/6464
f 6464/6464/6464 6466/6466/6466 6465/6465/6465
f 6467/6467/6467 6463/6463/6463 6465/6465/6465
f 6465/6465/6465 6466/6466/6466 6467/6467/6467
f 6468/6468/6468 6463/6463/6463 6467/6467/6467
f 6468/6468/6468 6469/6469/6469 6463/6463/6463
f 6470/6470/6470 6463/6463/6463 6469/6469/6469
f 6462/6462/6462 6463/6463/6463 6470/6470/6470
f 6471/6471/6471 6469/6469/6469 6468/6468/6468
f 6469/6469/6469 6472/6472/6472 6470/6470/6470
f 6471/6471/6471 6472/6472/6472 6469/6469/6469
f 6473/6473/6473 6471/6471/6471 6468/6468/6468
f 6468/6468/6468 6467/6467/6467 6473/6473/6473
f 6473/6473/6473 6467/6467/6467 6474/6474/6474
f 6475/6475/6475 6471/6471/6471 6473/6473/6473
f 6474/6474/6474 6467/6467/6467 6476/6476/6476
f 6475/6475/6475 6477/6477/6477 6471/6471/6471
f 6477/6477/6477 6472/6472/6472 6471/6471/6471
f 6478/6478/6478 6477/6477/6477 6475/6475/6475
f 6476/6476/6476 6467/6467/6467 6479/6479/6479
f 6476/6476/6476 6479/6479/6479 6480/6480/6480
f 6467/6467/6467 6466/6466/6466 6479/6479/6479
f 6480/6480/6480 6479/6479/6479 6481/6481/6481
f 6479/6479/6479 6466/6466/6466 6481/6481/6481
f 6481/6481/6481 6482/6482/6482 6480/6480/6480
f 6478/6478/6478 6483/6483/6483 6477/6477/6477
f 6484/6484/6484 6483/6483/6483 6478/6478/6478
f 6481/6481/6481 6466/6466/6466 6485/6485/6485
f 6481/6481/6481 6485/6485/6485 6482/6482/6482
f 6466/6466/6466 6486/6486/6486 6485/6485/6485
f 6482/6482/6482 6485/6485/6485 6487/6487/6487
f 6486/6486/6486 6487/6487/6487 6485/6485/6485
f 6487/6487/6487 6488/6488/6488 6482/6482/6482
f 6482/6482/6482 6488/6488/6488 6489/6489/6489
f 6489/6489/6489 6488/6488/6488 6490/6490/6490
f 6491/6491/6491 6486/6486/6486 6466/6466/6466
f 6491/6491/6491 6466/6466/6466 6464/6464/6464
f 6490/6490/6490 6488/6488/6488 6492/6492/6492
f 6490/6490/6490 6492/6492/6492 6493/6493/6493
f 6494/6494/6494 6491/6491/6491 6464/6464/6464
f 6464/6464/6464 6462/6462/6462 6494/6494/6494
f 6495/6495/6495 6486/6486/6486 6491/6491/6491
f 6495/6495/6495 6491/6491/6491 6494/6494/6494
f 6496/6496/6496 6486/6486/6486 6495/6495/6495
f 6486/6486/6486 6496/6496/6496 6487/6487/6487
f 6497/6497/6497 6496/6496/6496 6495/6495/6495
f 6495/6495/6495 6494/6494/6494 6497/6497/6497
f 6487/6487/6487 6496/6496/6496 6498/6498/6498
f 6487/6487/6487 6498/6498/6498 6488/6488/6488
f 6499/6499/6499 6496/6496/6496 6497/6497/6497
f 6499/6499/6499 6498/6498/6498 6496/6496/6496
f 6500/6500/6500 6499/6499/6499 6497/6497/6497
f 6501/6501/6501 6499/6499/6499 6500/6500/6500
f 6501/6501/6501 6498/6498/6498 6499/6499/6499
f 6500/6500/6500 6497/6497/6497 6502/6502/6502
f 6503/6503/6503 6498/6498/6498 6501/6501/6501
f 6502/6502/6502 6497/6497/6497 6504/6504/6504
f 6497/6497/6497 6494/6494/6494 6504/6504/6504
f 6502/6502/6502 6504/6504/6504 6505/6505/6505
f 6503/6503/6503 6506/6506/6506 6498/6498/6498
f 6488/6488/6488 6498/6498/6498 6506/6506/6506
f 6507/6507/6507 6506/6506/6506 6503/6503/6503
f 6488/6488/6488 6506/6506/6506 6492/6492/6492
f 6506/6506/6506 6507/6507/6507 6508/6508/6508
f 6492/6492/6492 6506/6506/6506 6508/6508/6508
f 6508/6508/6508 6507/6507/6507 6509/6509/6509
f 6505/6505/6505 6504/6504/6504 6510/6510/6510
f 6504/6504/6504 6494/6494/6494 6510/6510/6510
f 6510/6510/6510 6511/6511/6511 6505/6505/6505
f 6510/6510/6510 6494/6494/6494 6512/6512/6512
f 6510/6510/6510 6512/6512/6512 6511/6511/6511
f 6494/6494/6494 6462/6462/6462 6512/6512/6512
f 6505/6505/6505 6511/6511/6511 6513/6513/6513
f 6512/6512/6512 6462/6462/6462 6514/6514/6514
f 6511/6511/6511 6512/6512/6512 6514/6514/6514
f 6514/6514/6514 6462/6462/6462 6470/6470/6470
f 6515/6515/6515 6513/6513/6513 6511/6511/6511
f 6516/6516/6516 6513/6513/6513 6515/6515/6515
f 6514/6514/6514 6517/6517/6517 6511/6511/6511
f 6511/6511/6511 6517/6517/6517 6515/6515/6515
f 6470/6470/6470 6518/6518/6518 6514/6514/6514
f 6514/6514/6514 6518/6518/6518 6517/6517/6517
f 6470/6470/6470 6472/6472/6472 6518/6518/6518
f 6518/6518/6518 6519/6519/6519 6517/6517/6517
f 6518/6518/6518 6472/6472/6472 6519/6519/6519
f 6517/6517/6517 6520/6520/6520 6515/6515/6515
f 6517/6517/6517 6519/6519/6519 6520/6520/6520
f 6515/6515/6515 6521/6521/6521 6516/6516/6516
f 6515/6515/6515 6520/6520/6520 6521/6521/6521
f 6516/6516/6516 6521/6521/6521 6522/6522/6522
f 6521/6521/6521 6523/6523/6523 6522/6522/6522
f 6521/6521/6521 6520/6520/6520 6524/6524/6524
f 6525/6525/6525 6523/6523/6523 6521/6521/6521
f 6525/6525/6525 6521/6521/6521 6524/6524/6524
f 6525/6525/6525 6526/6526/6526 6523/6523/6523
f 6523/6523/6523 6526/6526/6526 6527/6527/6527
f 6527/6527/6527 6526/6526/6526 6528/6528/6528
f 6528/6528/6528 6526/6526/6526 6529/6529/6529
f 6525/6525/6525 6530/6530/6530 6526/6526/6526
f 6526/6526/6526 6530/6530/6530 6529/6529/6529
f 6524/6524/6524 6530/6530/6530 6525/6525/6525
f 6529/6529/6529 6530/6530/6530 6531/6531/6531
f 6530/6530/6530 6532/6532/6532 6531/6531/6531
f 6533/6533/6533 6532/6532/6532 6530/6530/6530
f 6524/6524/6524 6534/6534/6534 6530/6530/6530
f 6530/6530/6530 6534/6534/6534 6533/6533/6533
f 6524/6524/6524 6520/6520/6520 6534/6534/6534
f 6533/6533/6533 6535/6535/6535 6532/6532/6532
f 6533/6533/6533 6534/6534/6534 6535/6535/6535
f 6532/6532/6532 6535/6535/6535 6536/6536/6536
f 6534/6534/6534 6520/6520/6520 6537/6537/6537
f 6535/6535/6535 6534/6534/6534 6537/6537/6537
f 6535/6535/6535 6538/6538/6538 6536/6536/6536
f 6519/6519/6519 6537/6537/6537 6520/6520/6520
f 6539/6539/6539 6535/6535/6535 6537/6537/6537
f 6539/6539/6539 6537/6537/6537 6519/6519/6519
f 6540/6540/6540 6538/6538/6538 6535/6535/6535
f 6540/6540/6540 6535/6535/6535 6539/6539/6539
f 6541/6541/6541 6538/6538/6538 6540/6540/6540
f 6542/6542/6542 6540/6540/6540 6539/6539/6539
f 6539/6539/6539 6519/6519/6519 6542/6542/6542
f 6541/6541/6541 6540/6540/6540 6542/6542/6542
f 6543/6543/6543 6538/6538/6538 6541/6541/6541
f 6544/6544/6544 6542/6542/6542 6519/6519/6519
f 6519/6519/6519 6472/6472/6472 6544/6544/6544
f 6477/6477/6477 6544/6544/6544 6472/6472/6472
f 6483/6483/6483 6544/6544/6544 6477/6477/6477
f 6545/6545/6545 6543/6543/6543 6541/6541/6541
f 6546/6546/6546 6541/6541/6541 6542/6542/6542
f 6546/6546/6546 6542/6542/6542 6544/6544/6544
f 6545/6545/6545 6541/6541/6541 6546/6546/6546
f 6547/6547/6547 6543/6543/6543 6545/6545/6545
f 6546/6546/6546 6544/6544/6544 6548/6548/6548
f 6548/6548/6548 6545/6545/6545 6546/6546/6546
f 6483/6483/6483 6548/6548/6548 6544/6544/6544
f 6549/6549/6549 6547/6547/6547 6545/6545/6545
f 6549/6549/6549 6545/6545/6545 6548/6548/6548
f 6550/6550/6550 6547/6547/6547 6549/6549/6549
f 6551/6551/6551 6548/6548/6548 6483/6483/6483
f 6551/6551/6551 6549/6549/6549 6548/6548/6548
f 6552/6552/6552 6550/6550/6550 6549/6549/6549
f 6552/6552/6552 6549/6549/6549 6551/6551/6551
f 6553/6553/6553 6550/6550/6550 6552/6552/6552
f 6551/6551/6551 6483/6483/6483 6554/6554/6554
f 6554/6554/6554 6552/6552/6552 6551/6551/6551
f 6483/6483/6483 6484/6484/6484 6554/6554/6554
f 6555/6555/6555 6553/6553/6553 6552/6552/6552
f 6555/6555/6555 6552/6552/6552 6554/6554/6554
f 6556/6556/6556 6553/6553/6553 6555/6555/6555
f 6554/6554/6554 6484/6484/6484 6557/6557/6557
f 6557/6557/6557 6555/6555/6555 6554/6554/6554
f 6557/6557/6557 6484/6484/6484 6558/6558/6558
f 6559/6559/6559 6557/6557/6557 6558/6558/6558
f 6560/6560/6560 6555/6555/6555 6557/6557/6557
f 6560/6560/6560 6556/6556/6556 6555/6555/6555
f 6560/6560/6560 6557/6557/6557 6559/6559/6559
f 6561/6561/6561 6556/6556/6556 6560/6560/6560
f 6559/6559/6559 6561/6561/6561 6560/6560/6560
f 6562/6562/6562 6561/6561/6561 6559/6559/6559
f 6565/6565/6565 6564/6564/6564 6563/6563/6563
f 6566/6566/6566 6565/6565/6565 6563/6563/6563
f 6567/6567/6567 6565/6565/6565 6566/6566/6566
f 6567/6567/6567 6566/6566/6566 6568/6568/6568
f 6568/6568/6568 6566/6566/6566 6569/6569/6569
f 6567/6567/6567 6570/6570/6570 6565/6565/6565
f 6568/6568/6568 6570/6570/6570 6567/6567/6567
f 6568/6568/6568 6569/6569/6569 6571/6571/6571
f 6571/6571/6571 6569/6569/6569 6572/6572/6572
f 6573/6573/6573 6570/6570/6570 6568/6568/6568
f 6571/6571/6571 6572/6572/6572 6574/6574/6574
f 6575/6575/6575 6568/6568/6568 6571/6571/6571
f 6573/6573/6573 6568/6568/6568 6575/6575/6575
f 6574/6574/6574 6575/6575/6575 6571/6571/6571
f 6574/6574/6574 6572/6572/6572 6576/6576/6576
f 6577/6577/6577 6574/6574/6574 6576/6576/6576
f 6578/6578/6578 6574/6574/6574 6577/6577/6577
f 6578/6578/6578 6579/6579/6579 6574/6574/6574
f 6579/6579/6579 6575/6575/6575 6574/6574/6574
f 6580/6580/6580 6579/6579/6579 6578/6578/6578
f 6579/6579/6579 6580/6580/6580 6581/6581/6581
f 6579/6579/6579 6581/6581/6581 6575/6575/6575
f 6581/6581/6581 6580/6580/6580 6582/6582/6582
f 6575/6575/6575 6583/6583/6583 6573/6573/6573
f 6581/6581/6581 6583/6583/6583 6575/6575/6575
f 6573/6573/6573 6583/6583/6583 6570/6570/6570
f 6582/6582/6582 6584/6584/6584 6581/6581/6581
f 6585/6585/6585 6584/6584/6584 6582/6582/6582
f 6581/6581/6581 6586/6586/6586 6583/6583/6583
f 6584/6584/6584 6586/6586/6586 6581/6581/6581
f 6583/6583/6583 6587/6587/6587 6570/6570/6570
f 6565/6565/6565 6570/6570/6570 6587/6587/6587
f 6585/6585/6585 6588/6588/6588 6584/6584/6584
f 6589/6589/6589 6588/6588/6588 6585/6585/6585
f 6584/6584/6584 6590/6590/6590 6586/6586/6586
f 6588/6588/6588 6590/6590/6590 6584/6584/6584
f 6589/6589/6589 6591/6591/6591 6588/6588/6588
f 6591/6591/6591 6590/6590/6590 6588/6588/6588
f 6592/6592/6592 6591/6591/6591 6589/6589/6589
f 6592/6592/6592 6593/6593/6593 6591/6591/6591
f 6594/6594/6594 6593/6593/6593 6592/6592/6592
f 6595/6595/6595 6593/6593/6593 6594/6594/6594
f 6593/6593/6593 6596/6596/6596 6591/6591/6591
f 6597/6597/6597 6593/6593/6593 6595/6595/6595
f 6597/6597/6597 6596/6596/6596 6593/6593/6593
f 6591/6591/6591 6596/6596/6596 6598/6598/6598
f 6598/6598/6598 6590/6590/6590 6591/6591/6591
f 6597/6597/6597 6595/6595/6595 6599/6599/6599
f 6599/6599/6599 6595/6595/6595 6600/6600/6600
f 6601/6601/6601 6596/6596/6596 6597/6597/6597
f 6600/6600/6600 6602/6602/6602 6599/6599/6599
f 6599/6599/6599 6603/6603/6603 6597/6597/6597
f 6599/6599/6599 6602/6602/6602 6603/6603/6603
f 6597/6597/6597 6603/6603/6603 6601/6601/6601
f 6604/6604/6604 6602/6602/6602 6600/6600/6600
f 6601/6601/6601 6605/6605/6605 6596/6596/6596
f 6596/6596/6596 6605/6605/6605 6598/6598/6598
f 6602/6602/6602 6604/6604/6604 6606/6606/6606
f 6606/6606/6606 6604/6604/6604 6607/6607/6607
f 6608/6608/6608 6603/6603/6603 6602/6602/6602
f 6602/6602/6602 6606/6606/6606 6608/6608/6608
f 6607/6607/6607 6609/6609/6609 6606/6606/6606
f 6610/6610/6610 6609/6609/6609 6607/6607/6607
f 6611/6611/6611 6609/6609/6609 6610/6610/6610
f 6612/6612/6612 6609/6609/6609 6611/6611/6611
f 6611/6611/6611 6613/6613/6613 6612/6612/6612
f 6614/6614/6614 6609/6609/6609 6612/6612/6612
f 6612/6612/6612 6613/6613/6613 6615/6615/6615
f 6612/6612/6612 6615/6615/6615 6614/6614/6614
f 6615/6615/6615 6613/6613/6613 6616/6616/6616
f 6616/6616/6616 6613/6613/6613 6617/6617/6617
f 6617/6617/6617 6618/6618/6618 6616/6616/6616
f 6619/6619/6619 6606/6606/6606 6609/6609/6609
f 6619/6619/6619 6609/6609/6609 6614/6614/6614
f 6620/6620/6620 6606/6606/6606 6619/6619/6619
f 6608/6608/6608 6606/6606/6606 6620/6620/6620
f 6621/6621/6621 6619/6619/6619 6614/6614/6614
f 6622/6622/6622 6619/6619/6619 6621/6621/6621
f 6622/6622/6622 6620/6620/6620 6619/6619/6619
f 6621/6621/6621 6614/6614/6614 6623/6623/6623
f 6624/6624/6624 6620/6620/6620 6622/6622/6622
f 6624/6624/6624 6608/6608/6608 6620/6620/6620
f 6623/6623/6623 6614/6614/6614 6625/6625/6625
f 6614/6614/6614 6615/6615/6615 6625/6625/6625
f 6623/6623/6623 6625/6625/6625 6626/6626/6626
f 6627/6627/6627 6608/6608/6608 6624/6624/6624
f 6625/6625/6625 6615/6615/6615 6628/6628/6628
f 6626/6626/6626 6625/6625/6625 6628/6628/6628
f 6628/6628/6628 6615/6615/6615 6616/6616/6616
f 6627/6627/6627 6629/6629/6629 6608/6608/6608
f 6630/6630/6630 6629/6629/6629 6627/6627/6627
f 6631/6631/6631 6629/6629/6629 6630/6630/6630
f 6628/6628/6628 6632/6632/6632 6626/6626/6626
f 6626/6626/6626 6632/6632/6632 6633/6633/6633
f 6633/6633/6633 6632/6632/6632 6634/6634/6634
f 6628/6628/6628 6635/6635/6635 6632/6632/6632
f 6632/6632/6632 6635/6635/6635 6634/6634/6634
f 6616/6616/6616 6635/6635/6635 6628/6628/6628
f 6616/6616/6616 6618/6618/6618 6635/6635/6635
f 6634/6634/6634 6635/6635/6635 6636/6636/6636
f 6635/6635/6635 6618/6618/6618 6636/6636/6636
f 6634/6634/6634 6636/6636/6636 6637/6637/6637
f 6636/6636/6636 6618/6618/6618 6638/6638/6638
f 6637/6637/6637 6636/6636/6636 6639/6639/6639
f 6638/6638/6638 6639/6639/6639 6636/6636/6636
f 6640/6640/6640 6639/6639/6639 6638/6638/6638
f 6641/6641/6641 6629/6629/6629 6631/6631/6631
f 6642/6642/6642 6641/6641/6641 6631/6631/6631
f 6641/6641/6641 6643/6643/6643 6629/6629/6629
f 6644/6644/6644 6641/6641/6641 6642/6642/6642
f 6644/6644/6644 6643/6643/6643 6641/6641/6641
f 6642/6642/6642 6645/6645/6645 6644/6644/6644
f 6646/6646/6646 6645/6645/6645 6642/6642/6642
f 6647/6647/6647 6645/6645/6645 6646/6646/6646
f 6645/6645/6645 6648/6648/6648 6644/6644/6644
f 6649/6649/6649 6643/6643/6643 6644/6644/6644
f 6644/6644/6644 6648/6648/6648 6649/6649/6649
f 6629/6629/6629 6643/6643/6643 6650/6650/6650
f 6608/6608/6608 6629/6629/6629 6650/6650/6650
f 6649/6649/6649 6605/6605/6605 6643/6643/6643
f 6649/6649/6649 6648/6648/6648 6605/6605/6605
f 6643/6643/6643 6651/6651/6651 6650/6650/6650
f 6643/6643/6643 6605/6605/6605 6651/6651/6651
f 6652/6652/6652 6608/6608/6608 6650/6650/6650
f 6650/6650/6650 6651/6651/6651 6652/6652/6652
f 6652/6652/6652 6603/6603/6603 6608/6608/6608
f 6603/6603/6603 6652/6652/6652 6601/6601/6601
f 6601/6601/6601 6652/6652/6652 6651/6651/6651
f 6651/6651/6651 6605/6605/6605 6601/6601/6601
f 6605/6605/6605 6648/6648/6648 6653/6653/6653
f 6598/6598/6598 6605/6605/6605 6653/6653/6653
f 6598/6598/6598 6653/6653/6653 6590/6590/6590
f 6648/6648/6648 6654/6654/6654 6653/6653/6653
f 6590/6590/6590 6653/6653/6653 6654/6654/6654
f 6654/6654/6654 6655/6655/6655 6590/6590/6590
f 6590/6590/6590 6655/6655/6655 6586/6586/6586
f 6656/6656/6656 6654/6654/6654 6648/6648/6648
f 6654/6654/6654 6656/6656/6656 6655/6655/6655
f 6656/6656/6656 6648/6648/6648 6657/6657/6657
f 6657/6657/6657 6648/6648/6648 6645/6645/6645
f 6657/6657/6657 6645/6645/6645 6647/6647/6647
f 6657/6657/6657 6658/6658/6658 6656/6656/6656
f 6655/6655/6655 6656/6656/6656 6658/6658/6658
f 6657/6657/6657 6647/6647/6647 6659/6659/6659
f 6659/6659/6659 6658/6658/6658 6657/6657/6657
f 6659/6659/6659 6647/6647/6647 6660/6660/6660
f 6655/6655/6655 6661/6661/6661 6586/6586/6586
f 6655/6655/6655 6658/6658/6658 6661/6661/6661
f 6586/6586/6586 6661/6661/6661 6583/6583/6583
f 6662/6662/6662 6659/6659/6659 6660/6660/6660
f 6661/6661/6661 6587/6587/6587 6583/6583/6583
f 6663/6663/6663 6658/6658/6658 6659/6659/6659
f 6663/6663/6663 6659/6659/6659 6662/6662/6662
f 6661/6661/6661 6658/6658/6658 6664/6664/6664
f 6664/6664/6664 6658/6658/6658 6663/6663/6663
f 6665/6665/6665 6587/6587/6587 6661/6661/6661
f 6665/6665/6665 6565/6565/6565 6587/6587/6587
f 6664/6664/6664 6666/6666/6666 6661/6661/6661
f 6661/6661/6661 6666/6666/6666 6665/6665/6665
f 6667/6667/6667 6565/6565/6565 6665/6665/6665
f 6666/6666/6666 6667/6667/6667 6665/6665/6665
f 6667/6667/6667 6564/6564/6564 6565/6565/6565
f 6668/6668/6668 6564/6564/6564 6667/6667/6667
f 6668/6668/6668 6667/6667/6667 6666/6666/6666
f 6669/6669/6669 6564/6564/6564 6668/6668/6668
f 6670/6670/6670 6666/6666/6666 6664/6664/6664
f 6666/6666/6666 6670/6670/6670 6668/6668/6668
f 6664/6664/6664 6671/6671/6671 6670/6670/6670
f 6663/6663/6663 6671/6671/6671 6664/6664/6664
f 6668/6668/6668 6670/6670/6670 6672/6672/6672
f 6672/6672/6672 6669/6669/6669 6668/6668/6668
f 6671/6671/6671 6672/6672/6672 6670/6670/6670
f 6673/6673/6673 6669/6669/6669 6672/6672/6672
f 6674/6674/6674 6673/6673/6673 6672/6672/6672
f 6674/6674/6674 6672/6672/6672 6671/6671/6671
f 6675/6675/6675 6673/6673/6673 6674/6674/6674
f 6676/6676/6676 6671/6671/6671 6663/6663/6663
f 6676/6676/6676 6674/6674/6674 6671/6671/6671
f 6663/6663/6663 6662/6662/6662 6676/6676/6676
f 6677/6677/6677 6675/6675/6675 6674/6674/6674
f 6677/6677/6677 6674/6674/6674 6676/6676/6676
f 6678/6678/6678 6675/6675/6675 6677/6677/6677
f 6677/6677/6677 6679/6679/6679 6678/6678/6678
f 6676/6676/6676 6662/6662/6662 6680/6680/6680
f 6680/6680/6680 6677/6677/6677 6676/6676/6676
f 6680/6680/6680 6662/6662/6662 6681/6681/6681
f 6682/6682/6682 6677/6677/6677 6680/6680/6680
f 6681/6681/6681 6682/6682/6682 6680/6680/6680
f 6682/6682/6682 6679/6679/6679 6677/6677/6677
f 6683/6683/6683 6682/6682/6682 6681/6681/6681
f 6683/6683/6683 6679/6679/6679 6682/6682/6682
f 6684/6684/6684 6679/6679/6679 6683/6683/6683
f 6687/6687/6687 6686/6686/6686 6685/6685/6685
f 6685/6685/6685 6688/6688/6688 6687/6687/6687
f 6686/6686/6686 6689/6689/6689 6685/6685/6685
f 6686/6686/6686 6509/6509/6509 6689/6689/6689
f 6685/6685/6685 6689/6689/6689 6690/6690/6690
f 6508/6508/6508 6509/6509/6509 6686/6686/6686
f 6685/6685/6685 6690/6690/6690 6691/6691/6691
f 6691/6691/6691 6688/6688/6688 6685/6685/6685
f 6691/6691/6691 6690/6690/6690 6692/6692/6692
f 6692/6692/6692 6693/6693/6693 6691/6691/6691
f 6694/6694/6694 6508/6508/6508 6686/6686/6686
f 6694/6694/6694 6686/6686/6686 6687/6687/6687
f 6492/6492/6492 6508/6508/6508 6694/6694/6694
f 6493/6493/6493 6492/6492/6492 6694/6694/6694
f 6694/6694/6694 6695/6695/6695 6493/6493/6493
f 6687/6687/6687 6695/6695/6695 6694/6694/6694
f 6688/6688/6688 6695/6695/6695 6687/6687/6687
f 6696/6696/6696 6695/6695/6695 6688/6688/6688
f 6688/6688/6688 6697/6697/6697 6696/6696/6696
f 6698/6698/6698 6697/6697/6697 6688/6688/6688
f 6691/6691/6691 6698/6698/6698 6688/6688/6688
f 6698/6698/6698 6699/6699/6699 6697/6697/6697
f 6700/6700/6700 6698/6698/6698 6691/6691/6691
f 6700/6700/6700 6699/6699/6699 6698/6698/6698
f 6691/6691/6691 6693/6693/6693 6700/6700/6700
f 6693/6693/6693 6701/6701/6701 6700/6700/6700
f 6701/6701/6701 6699/6699/6699 6700/6700/6700
f 6701/6701/6701 6702/6702/6702 6699/6699/6699
f 6703/6703/6703 6702/6702/6702 6701/6701/6701
