# Exported from Godot Engine
o MS_Tree_B_Optimized
v -0.312507 2.377825 0.250405
vt 0.187622 0.550049
vn -0.607060 0.022289 -0.794344
v -0.416675 2.289228 0.317728
vt 0.247314 0.546143
vn -0.591455 0.036170 -0.805526
v -0.300466 2.356395 0.240601
vt 0.188232 0.558105
vn -0.713063 0.683698 -0.155235
v -0.404635 2.267798 0.307925
vt 0.247559 0.553955
vn -0.650850 0.732110 -0.201022
v -0.203462 2.461977 0.159283
vt 0.123718 0.560059
vn -0.777811 0.596788 -0.197115
v -0.486498 2.198198 0.369010
vt 0.295898 0.554199
vn -0.586059 0.790644 -0.177245
v -0.215502 2.483407 0.169087
vt 0.123291 0.552002
vn -0.624479 -0.070195 -0.777880
v -0.498538 2.219628 0.378814
vt 0.295898 0.545898
vn -0.583536 0.043082 -0.810944
v -0.104158 2.593678 0.059947
vt 0.046814 0.551025
vn -0.833394 0.321968 -0.449212
v -0.635643 2.114866 0.463858
vt 0.370117 0.552246
vn -0.511342 0.824008 -0.244007
v -0.647683 2.136296 0.473662
vt 0.371338 0.544434
vn -0.605321 0.023872 -0.795623
v -0.853940 1.992898 0.645839
vt 0.487793 0.561768
vn -0.661673 0.627020 -0.411140
v -0.865980 2.014328 0.655643
vt 0.490479 0.554199
vn -0.638206 -0.006389 -0.769839
v -0.080047 2.568085 0.049512
vt 0.046692 0.562012
vn -0.764443 0.631306 -0.130691
v -0.018735 2.641854 -0.013714
vt 0.002026 0.558838
vn -0.127131 0.979237 -0.157901
v -0.026494 2.663201 0.000889
vt 0.002079 0.551025
vn -0.643371 -0.028772 -0.765014
v -0.054835 2.503819 -0.126468
vt 0.008018 0.602539
vn -0.800430 0.527484 -0.284732
v -0.239939 2.290080 -0.018698
vt 0.135376 0.639893
vn -0.789068 0.567326 -0.235613
v -0.203462 2.461977 0.159283
vt 0.123718 0.561768
vn -0.777811 0.596788 -0.197115
v -0.330157 2.133693 -0.178515
vt 0.164551 0.728271
vn -0.671052 0.714226 -0.198923
v -0.293588 2.235410 0.026004
vt 0.170166 0.641357
vn -0.759076 0.596040 -0.261801
v -0.300466 2.356395 0.240601
vt 0.188599 0.558105
vn -0.713063 0.683698 -0.155235
v -0.358758 2.181696 0.074476
vt 0.207397 0.643066
vn -0.662473 0.686078 -0.300710
v -0.347760 2.315856 0.271858
vt 0.214111 0.560059
vn -0.386150 0.857303 0.340470
v -0.425334 2.139132 0.083971
vt 0.238770 0.644287
vn -0.659634 0.707701 -0.253068
v -0.404635 2.267798 0.307925
vt 0.244507 0.556641
vn -0.650850 0.732110 -0.201022
v -0.494535 2.023072 -0.138076
vt 0.229370 0.739990
vn -0.567635 0.796829 -0.207012
v -0.467064 2.103861 0.114573
vt 0.263184 0.645264
vn -0.646825 0.725286 -0.235751
v -0.576148 2.053403 0.204395
vt 0.329346 0.634521
vn -0.540862 0.794749 -0.275397
v -0.723051 1.929420 0.076493
vt 0.357178 0.701660
vn -0.503958 0.829619 -0.240331
v -0.582288 2.144489 0.430556
vt 0.344238 0.556396
vn -0.250122 0.947627 0.198602
v -0.684724 2.009418 0.247955
vt 0.363525 0.628906
vn -0.496923 0.824399 -0.270985
v -0.837903 1.957464 0.361528
vt 0.435059 0.618164
vn -0.527445 0.822141 -0.214209
v -0.635643 2.114866 0.463858
vt 0.370117 0.554443
vn -0.511342 0.824008 -0.244007
v 0.325425 4.836794 0.208220
vt 0.439941 0.658203
vn -0.754334 0.571079 0.323804
v 0.197438 4.710190 0.133400
vt 0.442383 0.748291
vn -0.675337 0.732214 0.088214
v 0.316897 4.848186 0.201579
vt 0.433105 0.661621
vn -0.553612 0.069182 0.829896
v 0.233327 4.705510 0.288591
vt 0.494873 0.688965
vn -0.710165 0.684616 0.164214
v 0.187349 4.723666 0.125544
vt 0.434326 0.748047
vn -0.568232 0.037583 0.822010
v 0.075497 4.575419 0.249657
vt 0.520508 0.778931
vn -0.653954 0.744405 0.134927
v 0.096418 4.621250 0.061924
vt 0.441406 0.816284
vn -0.609948 0.787484 0.088496
v 0.085548 4.635261 0.054515
vt 0.433105 0.815430
vn -0.578047 0.010998 0.815929
v 0.006448 4.564990 -0.000189
vt 0.440430 0.863892
vn -0.681020 0.551434 0.481802
v -0.002080 4.576382 -0.006830
vt 0.433594 0.868652
vn -0.576056 0.012074 0.817321
v -0.313669 4.988462 0.172073
vt 0.439941 0.658203
vn 0.091001 0.535225 -0.839793
v -0.194479 4.853106 0.098663
vt 0.442383 0.748291
vn 0.284530 0.701844 -0.653038
v -0.303458 4.999253 0.166850
vt 0.433105 0.661621
vn -0.486402 0.044370 -0.872608
v -0.348756 4.856816 0.054865
vt 0.494873 0.688965
vn 0.238457 0.658054 -0.714215
v -0.182326 4.865854 0.092618
vt 0.434326 0.748047
vn -0.465730 0.022499 -0.884641
v -0.247048 4.718170 -0.061792
vt 0.520508 0.778931
vn 0.240529 0.717258 -0.653978
v -0.089218 4.756797 0.045736
vt 0.441406 0.816284
vn 0.256424 0.757499 -0.600368
v -0.076641 4.769969 0.039514
vt 0.433105 0.815430
vn -0.450863 -0.010370 -0.892533
v 0.005189 4.693902 -0.000399
vt 0.440430 0.863892
vn -0.512313 0.854989 0.080808
v 0.015572 4.704607 -0.006442
vt 0.433594 0.868652
vn -0.453962 -0.020964 -0.890774
v 0.376480 4.966011 0.085577
vt 0.439941 0.658203
vn -0.421556 0.309589 0.852318
v 0.230520 4.839318 0.059425
vt 0.442383 0.748291
vn -0.491154 0.438530 0.752635
v 0.366188 4.977390 0.082196
vt 0.433105 0.661621
vn -0.237219 0.073295 0.968687
v 0.317496 4.835169 0.193044
vt 0.494873 0.688965
vn -0.610440 0.686251 0.395504
v 0.218346 4.852779 0.055426
vt 0.434326 0.748047
vn -0.259028 0.052187 0.964459
v 0.155807 4.705169 0.210800
vt 0.520508 0.778931
vn -0.568030 0.745205 0.349301
v 0.110882 4.750347 0.027884
vt 0.441406 0.816284
vn -0.478318 0.478577 0.736326
v 0.098299 4.764261 0.023750
vt 0.433105 0.815430
vn -0.277038 0.034763 0.960230
v -0.005103 4.705280 -0.003780
vt 0.433594 0.868652
vn -0.276123 0.035702 0.960459
v 0.137336 1.443205 -0.007574
vt 0.301025 0.247070
vn 0.213652 0.708801 -0.672275
v 0.388910 1.486724 0.117704
vt 0.407715 0.236328
vn 0.146821 0.737968 -0.658670
v 0.093580 1.508145 0.061820
vt 0.301025 0.288086
vn -0.424151 0.634601 0.646047
v 0.240265 1.229359 -0.158739
vt 0.301270 0.134277
vn 0.192153 0.664681 -0.721995
v 0.341492 1.541835 0.175907
vt 0.403809 0.273926
vn -0.614621 0.612463 0.497122
v 0.880629 1.431290 0.148380
vt 0.593262 0.127441
vn 0.106035 0.747037 -0.656272
v 0.798033 1.604717 0.338230
vt 0.596191 0.218262
vn 0.083225 0.768440 -0.634486
v 0.759445 1.667998 0.418422
vt 0.596191 0.260742
vn -0.537834 0.594276 0.597972
v 1.483925 1.796438 0.643155
vt 0.891113 0.176758
vn 0.075634 0.758648 -0.647095
v 1.135465 1.824135 0.607099
vt 0.771973 0.250977
vn -0.511500 0.507006 0.693767
v 1.435650 1.852283 0.706787
vt 0.895386 0.208862
vn 0.090141 0.670553 -0.736365
v 1.347692 1.881408 0.715890
vt 0.881519 0.248520
vn -0.920961 0.372402 0.114666
v 1.327904 1.927835 0.715664
vt 0.891357 0.263428
vn -0.645556 -0.327637 0.689863
v -0.036214 0.852858 0.949264
vt 0.299072 0.439941
vn -0.713727 0.698387 0.053378
v -0.014561 0.896926 0.445622
vt 0.491699 0.450684
vn -0.662166 0.745116 0.079614
v -0.044687 0.909516 0.950202
vt 0.299561 0.462891
vn -0.989008 -0.146687 -0.018618
v -0.022314 0.954910 0.446585
vt 0.488770 0.474609
vn -0.989891 -0.140294 -0.020812
v -0.022496 0.935220 0.176229
vt 0.594727 0.462402
vn -0.724647 0.680314 0.109815
v -0.029082 0.977765 0.176932
vt 0.595215 0.479980
vn -0.989891 -0.141408 0.010963
v -0.091708 0.842090 0.174554
vt 0.593750 0.420898
vn -0.758132 0.644908 0.096589
v -0.081693 0.814640 0.454220
vt 0.487061 0.413086
vn -0.782917 0.616886 0.080575
v -0.307392 0.601239 0.273701
vt 0.553223 0.314453
vn -0.758844 0.643598 0.099683
v -0.021052 0.823824 1.409872
vt 0.122681 0.431641
vn -0.781126 0.616050 0.101611
v -0.025344 0.843319 1.670293
vt 0.015472 0.448730
vn -0.926665 -0.129886 -0.352736
v -0.240872 0.515052 1.005607
vt 0.271973 0.301758
vn -0.832175 0.546307 0.095042
v -0.092489 0.762539 0.947658
vt 0.298340 0.399414
vn -0.824827 0.561001 0.070278
v -0.018214 0.789983 1.669409
vt 0.023346 0.424316
vn -0.467665 0.681721 -0.562624
v -0.048426 0.720326 1.730286
vt 0.005169 0.396973
vn -0.956954 0.279086 0.079684
v -0.057783 0.644334 1.720169
vt 0.008879 0.364746
vn -0.968646 0.088388 0.232192
v -0.028477 2.828641 -0.014509
vt 0.002079 0.551025
vn 0.016972 -0.000823 0.999856
v 0.065463 2.864001 -0.015865
vt 0.046814 0.551025
vn 0.022588 -0.003522 0.999739
v -0.020210 2.807154 -0.014456
vt 0.002026 0.558838
vn -0.173756 0.680327 0.712014
v 0.077114 2.833714 -0.016300
vt 0.046692 0.562012
vn -0.243245 0.780312 0.576147
v 0.059106 2.708818 0.088155
vt 0.008018 0.602539
vn -0.204412 0.660856 0.722139
v 0.236131 2.899465 -0.020484
vt 0.123718 0.560059
vn -0.239216 0.740612 0.627909
v 0.227865 2.920953 -0.020026
vt 0.123291 0.552002
vn 0.013077 -0.008526 0.999878
v 0.367663 2.959579 -0.019379
vt 0.187622 0.550049
vn -0.048727 -0.022511 0.998558
v 0.375930 2.938092 -0.019326
vt 0.188232 0.558105
vn -0.310947 0.759996 0.570717
v 0.493080 3.004067 -0.005516
vt 0.247314 0.546143
vn -0.069615 -0.030213 0.997116
v 0.501346 2.982579 -0.005463
vt 0.247559 0.553955
vn -0.373528 0.734868 0.566079
v 0.602501 3.021259 -0.000560
vt 0.295898 0.554199
vn -0.455449 0.733448 0.504599
v 0.594234 3.042747 -0.000102
vt 0.295898 0.545898
vn -0.074331 -0.043327 0.996292
v 0.749409 3.105456 0.019978
vt 0.370117 0.552246
vn -0.545954 0.664477 0.510298
v 0.741142 3.126945 0.020368
vt 0.371338 0.544434
vn -0.046826 -0.031124 0.998418
v 0.978216 3.248253 0.021464
vt 0.487793 0.561768
vn -0.385236 0.567918 0.727367
v 0.969949 3.269740 0.021412
vt 0.490479 0.554199
vn -0.000508 -0.008017 0.999968
v 0.319795 2.755064 0.121270
vt 0.135376 0.639893
vn -0.213131 0.702513 0.679007
v 0.236131 2.899465 -0.020484
vt 0.123718 0.561768
vn -0.239216 0.740612 0.627909
v 0.417621 2.655929 0.280187
vt 0.164551 0.728271
vn -0.370443 0.728899 0.575742
v 0.394273 2.778118 0.121775
vt 0.170166 0.641357
vn -0.259148 0.685598 0.680292
v 0.375930 2.938092 -0.019326
vt 0.188599 0.558105
vn -0.310947 0.759996 0.570717
v 0.473498 2.809664 0.126175
vt 0.207397 0.643066
vn -0.387820 0.654110 0.649412
v 0.433324 2.958449 -0.013492
vt 0.214111 0.560059
vn -0.409915 0.911879 -0.021127
v 0.532551 2.829749 0.157370
vt 0.238770 0.644287
vn -0.388748 0.689878 0.610691
v 0.501346 2.982579 -0.005463
vt 0.244507 0.556641
vn -0.373528 0.734868 0.566079
v 0.572940 2.710527 0.345874
vt 0.229370 0.739990
vn -0.484856 0.705807 0.516480
v 0.583791 2.849324 0.160487
vt 0.263184 0.645264
vn -0.402426 0.700973 0.588805
v 0.690017 2.925285 0.161656
vt 0.329346 0.634521
vn -0.520352 0.651406 0.552181
v 0.794996 2.887493 0.330516
vt 0.357178 0.701660
vn -0.551802 0.665852 0.502151
v 0.697193 3.075530 0.012678
vt 0.344238 0.556396
vn -0.595506 0.803351 0.000192
v 0.776494 2.983154 0.193478
vt 0.363525 0.628906
vn -0.561711 0.642591 0.521113
v 0.907679 3.093337 0.203356
vt 0.435059 0.618164
vn -0.526319 0.690371 0.496363
v 0.749409 3.105456 0.019978
vt 0.370117 0.554443
vn -0.545954 0.664477 0.510298
v 0.181969 5.056535 -0.340211
vt 0.439941 0.658203
vn 0.405815 0.569688 0.714682
v 0.119645 4.931179 -0.204798
vt 0.442383 0.748291
vn 0.142681 0.742162 0.654857
v 0.176705 5.068087 -0.330953
vt 0.433105 0.661621
vn 0.889651 0.047579 0.454156
v 0.272431 4.927433 -0.253508
vt 0.494873 0.688965
vn 0.215672 0.697494 0.683365
v 0.113280 4.944828 -0.193916
vt 0.434326 0.748047
vn 0.875392 0.038092 0.481910
v 0.248608 4.799348 -0.091546
vt 0.520508 0.778931
vn 0.183392 0.754837 0.629753
v 0.059422 4.843305 -0.096241
vt 0.441406 0.816284
vn 0.133996 0.796580 0.589496
v 0.052068 4.857314 -0.085382
vt 0.433105 0.815430
vn 0.857982 0.040000 0.512121
v 0.005009 4.787738 -0.001071
vt 0.440430 0.863892
vn 0.517704 0.576184 0.632451
v -0.001006 4.799195 0.007810
vt 0.433594 0.868652
vn 0.854700 0.048069 0.516892
v -0.848818 0.473075 0.456443
vt 0.299072 0.439941
vn -0.412310 0.773901 -0.480706
v -0.402119 0.553671 0.229963
vt 0.491699 0.450684
vn -0.408150 0.812204 -0.416819
v -0.853903 0.530073 0.458840
vt 0.299561 0.462891
vn -0.486593 -0.014176 -0.873514
v -0.407759 0.611881 0.231641
vt 0.488770 0.474609
vn -0.482477 -0.019082 -0.875701
v -0.174136 0.613656 0.092817
vt 0.594727 0.462402
vn -0.466558 0.752813 -0.464323
v -0.178402 0.656478 0.093849
vt 0.595215 0.479980
vn -0.510470 -0.026986 -0.859472
v -0.207201 0.529880 0.019433
vt 0.593750 0.420898
vn -0.471551 0.722937 -0.504977
v -0.443525 0.479563 0.164335
vt 0.487061 0.413086
vn -0.469897 0.698982 -0.539092
v -0.400767 0.309455 -0.149562
vt 0.553223 0.314453
vn -0.474545 0.720459 -0.505713
v -1.237947 0.406380 0.697888
vt 0.122681 0.431641
vn -0.485633 0.704215 -0.517920
v -1.464815 0.405731 0.828663
vt 0.015472 0.448730
vn -0.166720 0.043102 -0.985062
v -0.998647 0.158781 0.261793
vt 0.271973 0.301758
vn -0.506945 0.633813 -0.584198
v -0.874939 0.390541 0.395269
vt 0.298340 0.399414
vn -0.482652 0.648399 -0.588750
v -1.460929 0.352168 0.824871
vt 0.023346 0.424316
vn 0.222530 0.776284 -0.589800
v -1.528377 0.282062 0.819499
vt 0.005169 0.396973
vn -0.557530 0.389307 -0.733213
v -1.523841 0.208784 0.795260
vt 0.008879 0.364746
vn -0.691025 0.188085 -0.697932
v -0.012539 3.137249 -0.016148
vt 0.002079 0.551025
vn 0.341698 -0.020338 -0.939590
v -0.101332 3.071907 -0.046930
vt 0.046814 0.551025
vn 0.337274 -0.023804 -0.941105
v 0.001972 3.115885 -0.010302
vt 0.002026 0.558838
vn -0.197597 0.536571 -0.820394
v -0.080797 3.041795 -0.038915
vt 0.046692 0.562012
vn -0.273933 0.641901 -0.716187
v 0.085226 2.979394 -0.105724
vt 0.008018 0.602539
vn -0.153204 0.542599 -0.825903
v -0.237232 2.934927 -0.090955
vt 0.123718 0.560059
vn -0.228207 0.614062 -0.755546
v -0.251743 2.956291 -0.096801
vt 0.123291 0.552002
vn 0.345257 -0.019809 -0.938299
v -0.370053 2.850168 -0.140817
vt 0.187622 0.550049
vn 0.394368 0.016434 -0.918806
v -0.355542 2.828804 -0.134971
vt 0.188232 0.558105
vn -0.224920 0.685912 -0.692051
v -0.479923 2.761210 -0.197861
vt 0.247314 0.546143
vn 0.410712 0.029617 -0.911284
v -0.465412 2.739846 -0.192015
vt 0.247559 0.553955
vn -0.154214 0.734280 -0.661098
v -0.558862 2.669871 -0.232754
vt 0.295898 0.554199
vn -0.143637 0.793197 -0.591784
v -0.573373 2.691236 -0.238600
vt 0.295898 0.545898
vn 0.417618 0.036239 -0.907900
v -0.715153 2.586037 -0.314880
vt 0.370117 0.552246
vn -0.048640 0.826709 -0.560524
v -0.729691 2.607402 -0.320654
vt 0.371338 0.544434
vn 0.391771 0.016128 -0.919921
v -0.981472 2.462854 -0.413327
vt 0.487793 0.561768
vn 0.024527 0.626347 -0.779159
v -0.995983 2.484220 -0.419173
vt 0.490479 0.554199
vn 0.352704 -0.014633 -0.935620
v -0.099249 2.765150 -0.213526
vt 0.135376 0.639893
vn -0.195839 0.572097 -0.796462
v -0.237232 2.934927 -0.090955
vt 0.123718 0.561768
vn -0.228207 0.614062 -0.755546
v -0.004248 2.610877 -0.372711
vt 0.164551 0.728271
vn -0.169220 0.717839 -0.675331
v -0.164475 2.710184 -0.237973
vt 0.170166 0.641357
vn -0.158040 0.601463 -0.783112
v -0.355542 2.828804 -0.134971
vt 0.188599 0.558105
vn -0.224920 0.685912 -0.692051
v -0.238746 2.656174 -0.270469
vt 0.207397 0.643066
vn -0.077330 0.691116 -0.718595
v -0.405821 2.788094 -0.161076
vt 0.214111 0.560059
vn -0.493246 0.855316 -0.158566
v -0.279945 2.613750 -0.323565
vt 0.238770 0.644287
vn -0.117547 0.711924 -0.692349
v -0.465412 2.739846 -0.192015
vt 0.244507 0.556641
vn -0.154214 0.734280 -0.661098
v -0.120691 2.500414 -0.495363
vt 0.229370 0.739990
vn -0.111148 0.800342 -0.589151
v -0.327117 2.578294 -0.344599
vt 0.263184 0.645264
vn -0.125626 0.729888 -0.671923
v -0.459300 2.527241 -0.394293
vt 0.329346 0.634521
vn -0.038923 0.799267 -0.599714
v -0.420635 2.405222 -0.586153
vt 0.357178 0.701660
vn -0.051144 0.833456 -0.550215
v -0.659602 2.615835 -0.285690
vt 0.344238 0.556396
vn -0.304031 0.946229 -0.110528
v -0.551088 2.483172 -0.466620
vt 0.363525 0.628906
vn -0.021422 0.828479 -0.559610
v -0.725946 2.430520 -0.542510
vt 0.435059 0.618164
vn -0.085611 0.826036 -0.557078
v -0.715153 2.586037 -0.314880
vt 0.370117 0.554443
vn -0.048640 0.826709 -0.560524
v -0.112915 0.522932 0.723753
vt 0.187622 0.550049
vn -0.792690 0.016582 -0.609400
v -0.111307 0.500627 0.721264
vt 0.188232 0.558105
vn -0.498347 0.831124 -0.246745
v -0.033356 0.552776 0.610223
vt 0.123779 0.553955
vn -0.829427 0.014681 -0.558423
v -0.195895 0.482646 0.819692
vt 0.248047 0.556396
vn -0.454743 0.837323 -0.303479
v -0.197504 0.504952 0.822182
vt 0.247681 0.548584
vn -0.777257 0.014175 -0.629023
v -0.260140 0.470432 0.903384
vt 0.308105 0.554199
vn -0.364163 0.872350 -0.326177
v -0.261749 0.492737 0.905874
vt 0.295898 0.545898
vn -0.771388 0.016075 -0.636162
v -0.305818 0.340237 0.690456
vt 0.238770 0.644287
vn -0.471431 0.807911 -0.353598
v -0.152973 0.491770 0.769748
vt 0.217041 0.559570
vn 0.003093 0.997390 0.072130
v -0.370688 0.477177 1.029095
vt 0.375244 0.553467
vn -0.301416 0.853225 -0.425624
v -0.372242 0.499481 1.031623
vt 0.376221 0.544434
vn -0.792432 0.012391 -0.609834
v -0.520621 0.497051 1.246680
vt 0.480469 0.563232
vn -0.550793 0.689653 -0.470113
v -0.522230 0.519357 1.249169
vt 0.483154 0.555420
vn -0.823144 0.005498 -0.567806
v -0.594948 0.399278 1.034399
vt 0.435059 0.618164
vn -0.308213 0.869172 -0.386710
v -0.494390 0.363223 0.903513
vt 0.363525 0.628906
vn -0.296229 0.844570 -0.446038
v -0.590892 0.275334 0.802659
vt 0.357178 0.701660
vn -0.293932 0.859397 -0.418379
v -0.341484 0.475395 0.995886
vt 0.351074 0.556152
vn 0.111119 0.986465 -0.120580
v -0.411253 0.351634 0.837109
vt 0.329346 0.634521
vn -0.346611 0.833576 -0.430130
v -0.449057 0.223266 0.567180
vt 0.229370 0.739990
vn -0.349696 0.863681 -0.362998
v -0.338660 0.334043 0.732635
vt 0.263184 0.645264
vn -0.449525 0.823181 -0.346843
v -0.305088 0.244868 0.472300
vt 0.164551 0.728271
vn -0.463050 0.832239 -0.304899
v -0.246204 0.348892 0.658090
vt 0.207397 0.643066
vn -0.495054 0.777022 -0.388790
v -0.195447 0.357375 0.592130
vt 0.170166 0.641357
vn -0.595326 0.744946 -0.301069
v -0.152315 0.371132 0.530749
vt 0.135376 0.639893
vn -0.622545 0.738001 -0.260371
v 0.015501 0.448329 0.346960
vt 0.008018 0.602539
vn -0.643552 0.703186 -0.302275
v -0.032161 0.530483 0.607452
vt 0.124146 0.562012
vn -0.576667 0.782304 -0.235489
v 0.058088 0.577122 0.470805
vt 0.046814 0.551025
vn -0.824509 -0.023683 -0.565353
v 0.060186 0.545689 0.467180
vt 0.046692 0.562012
vn -0.546547 0.809882 -0.213020
v 0.113513 0.564198 0.394908
vt 0.002026 0.558838
vn -0.660413 0.746787 0.078508
v 0.112435 0.589095 0.389778
vt 0.002079 0.551025
vn -0.810986 -0.061284 -0.581847
v -0.141179 4.766568 -0.330181
vt 0.439941 0.658203
vn 0.936942 0.318223 -0.144482
v -0.076105 4.631064 -0.206679
vt 0.442383 0.748291
vn 0.898244 0.439035 -0.020154
v -0.137778 4.777220 -0.319148
vt 0.433105 0.661621
vn 0.920652 0.097622 -0.377981
v -0.019730 4.636825 -0.355659
vt 0.494873 0.688965
vn 0.681472 0.665495 0.304486
v -0.072082 4.643664 -0.193628
vt 0.434326 0.748047
vn 0.930214 0.075127 -0.359247
v 0.090136 4.498810 -0.245774
vt 0.520508 0.778931
vn 0.619911 0.724205 0.302056
v -0.030890 4.534452 -0.098434
vt 0.441406 0.816284
vn 0.880093 0.474393 -0.019690
v -0.026732 4.547477 -0.084945
vt 0.433105 0.815430
vn 0.936005 0.043137 -0.349334
v 0.008005 4.471084 -0.000675
vt 0.440430 0.863892
vn 0.289939 0.724748 -0.625040
v 0.012176 4.481842 0.010018
vt 0.433594 0.868652
vn 0.934398 0.033541 -0.354648
v 0.055469 2.755770 0.244432
vt 0.123291 0.552002
vn -0.963120 -0.009911 0.268888
v 0.092337 2.756701 0.384450
vt 0.187622 0.550049
vn -0.978051 -0.015824 0.207763
v 0.056269 2.732905 0.246454
vt 0.123718 0.560059
vn -0.621734 0.772784 0.127477
v 0.007184 2.742978 0.079862
vt 0.046814 0.551025
vn -0.960834 -0.009114 0.276973
v 0.093136 2.733836 0.386471
vt 0.188232 0.558105
vn -0.584859 0.809512 0.051288
v 0.113104 2.766850 0.516084
vt 0.247314 0.546143
vn -0.982805 -0.018131 0.183755
v 0.113903 2.743985 0.518105
vt 0.247559 0.553955
vn -0.597420 0.801771 -0.015870
v 0.136403 2.754943 0.623522
vt 0.295898 0.554199
vn -0.559239 0.821953 -0.107908
v 0.135604 2.777809 0.621501
vt 0.295898 0.545898
vn -0.984746 -0.019124 0.172944
v 0.158472 2.797715 0.787257
vt 0.370117 0.552246
vn -0.590523 0.779981 -0.207152
v 0.157672 2.820581 0.785236
vt 0.371338 0.544434
vn -0.978892 -0.016226 0.203732
v 0.223402 2.875967 1.037380
vt 0.487793 0.561768
vn -0.766795 0.641374 -0.025798
v 0.222603 2.898833 1.035359
vt 0.490479 0.554199
vn -0.966995 -0.011306 0.254546
v 0.008311 2.710749 0.082711
vt 0.046692 0.562012
vn -0.572334 0.811321 0.119127
v -0.019067 2.710396 -0.014218
vt 0.002026 0.558838
vn -0.686672 0.701325 0.191376
v -0.019866 2.733262 -0.016239
vt 0.002079 0.551025
vn -0.962323 -0.009622 0.271737
v -0.104158 2.593678 0.059947
vt 0.008018 0.602539
vn -0.833394 0.321968 -0.449212
v -0.067816 2.570149 0.322494
vt 0.135376 0.639893
vn -0.669554 0.726193 0.156017
v 0.056269 2.732905 0.246454
vt 0.123718 0.561768
vn -0.621734 0.772784 0.127477
v -0.202857 2.447136 0.428158
vt 0.164551 0.728271
vn -0.607038 0.794598 -0.010885
v -0.048189 2.573030 0.397782
vt 0.170166 0.641357
vn -0.682933 0.722305 0.108989
v 0.093136 2.733836 0.386471
vt 0.188599 0.558105
vn -0.584859 0.809512 0.051288
v -0.030649 2.582817 0.480716
vt 0.207397 0.643066
vn -0.686685 0.726431 -0.027590
v 0.103134 2.738486 0.446579
vt 0.214111 0.560059
vn -0.032422 0.987305 -0.155495
v -0.044829 2.586450 0.548839
vt 0.238770 0.644287
vn -0.647569 0.761424 -0.029792
v 0.113903 2.743985 0.518105
vt 0.244507 0.556641
vn -0.597420 0.801771 -0.015870
v -0.224192 2.458610 0.603574
vt 0.229370 0.739990
vn -0.579534 0.802989 -0.139102
v -0.033796 2.591979 0.602329
vt 0.263184 0.645264
vn -0.629466 0.775711 -0.045215
v -0.003759 2.637620 0.721175
vt 0.329346 0.634521
vn -0.626065 0.759507 -0.176611
v -0.143105 2.571770 0.852201
vt 0.357178 0.701660
vn -0.584250 0.782492 -0.215310
v 0.151080 2.782518 0.728940
vt 0.344238 0.556396
vn -0.104306 0.930806 -0.350315
v -0.009455 2.670555 0.824851
vt 0.363525 0.628906
vn -0.606642 0.762269 -0.225678
v 0.020407 2.742601 0.978112
vt 0.435059 0.618164
vn -0.571464 0.799204 -0.186283
v 0.158472 2.797715 0.787257
vt 0.370117 0.554443
vn -0.590523 0.779981 -0.207152
v -0.034304 0.889565 -0.156333
vt 0.301025 0.247070
vn -0.425373 0.830934 -0.358617
v 0.118030 0.855612 -0.416728
vt 0.407715 0.236328
vn -0.406474 0.864623 -0.295307
v 0.055969 0.941228 -0.113817
vt 0.301025 0.288086
vn 0.784590 0.482967 0.388795
v -0.254011 0.702622 -0.246387
vt 0.301270 0.134277
vn -0.485518 0.807474 -0.335048
v 0.193525 0.901304 -0.369881
vt 0.403809 0.273926
vn 0.734000 0.538116 0.414337
v 0.151117 0.711927 -0.923530
vt 0.593262 0.127441
vn -0.402470 0.878969 -0.255795
v 0.398196 0.843070 -0.845654
vt 0.596191 0.218262
vn -0.377857 0.895523 -0.235079
v 0.498491 0.889277 -0.807854
vt 0.596191 0.260742
vn 0.724696 0.469195 0.504651
v 0.799595 0.835459 -1.569411
vt 0.891113 0.176758
vn -0.391451 0.891916 -0.226389
v 0.757043 0.930203 -1.210242
vt 0.771973 0.250977
vn 0.791477 0.356756 0.496276
v 0.880851 0.880388 -1.521304
vt 0.895386 0.208862
vn -0.505850 0.829881 -0.235400
v 0.896072 0.921104 -1.432203
vt 0.881519 0.248520
vn 0.206789 0.445869 0.870884
v 0.908629 0.971886 -1.419069
vt 0.891357 0.263428
vn 0.536515 -0.402982 0.741456
v 0.946976 0.455607 0.096976
vt 0.298340 0.399414
vn 0.025278 0.619346 0.784711
v 0.435912 0.505511 0.081374
vt 0.487061 0.413086
vn 0.042182 0.680085 0.731919
v 0.972643 0.562593 0.029168
vt 0.299072 0.439941
vn -0.019438 0.756036 0.654242
v 0.982619 0.270327 0.276530
vt 0.271973 0.301758
vn 0.051665 0.651409 0.756966
v 0.164082 0.291298 0.344425
vt 0.555176 0.326660
vn 0.037380 0.755567 0.654004
v 1.754056 0.420776 0.076602
vt 0.008879 0.364746
vn 0.045576 0.581814 0.812044
v 0.134555 0.496653 0.090300
vt 0.593750 0.420898
vn 0.028765 0.699759 0.713800
v 1.780978 0.514086 0.057053
vt 0.005169 0.396973
vn -0.034242 0.509222 0.859954
v 0.438466 0.578842 0.003131
vt 0.491699 0.450684
vn 0.062698 0.802301 0.593618
v 0.149025 0.630551 0.008590
vt 0.594727 0.462402
vn 0.110075 0.759279 0.641389
v 0.156421 0.672966 0.009374
vt 0.595215 0.479980
vn 0.016076 -0.018127 0.999706
v 0.448520 0.636496 0.003878
vt 0.488770 0.474609
vn -0.018012 -0.009515 0.999793
v 0.989073 0.617547 0.029921
vt 0.299561 0.462891
vn -0.006101 -0.038630 0.999235
v 1.452891 0.590132 0.017348
vt 0.122681 0.431641
vn 0.020788 0.666950 0.744813
v 1.450339 0.634518 0.022646
vt 0.117981 0.454102
vn 0.014595 -0.058333 0.998190
v 1.712045 0.628429 0.017946
vt 0.015472 0.448730
vn -0.341020 -0.068813 0.937534
v 1.715115 0.574715 0.018078
vt 0.023346 0.424316
vn -0.616286 0.667338 0.418154
v 0.249318 3.662879 0.097583
vt 0.123291 0.552002
vn -0.355751 0.215366 0.909428
v 0.377215 3.630210 0.157618
vt 0.187622 0.550049
vn -0.410441 0.229086 0.882642
v 0.244137 3.640724 0.100925
vt 0.123718 0.560059
vn -0.028141 0.883323 0.467919
v 0.092468 3.691594 0.032179
vt 0.046814 0.551025
vn -0.350128 0.182561 0.918739
v 0.372034 3.608055 0.160960
vt 0.188232 0.558105
vn -0.052205 0.920999 0.386050
v 0.492357 3.612088 0.223596
vt 0.247314 0.546143
vn -0.431530 0.232366 0.871658
v 0.487177 3.589934 0.226938
vt 0.247559 0.553955
vn -0.111904 0.928490 0.354096
v 0.583658 3.576476 0.274956
vt 0.295898 0.554199
vn -0.154242 0.951435 0.266422
v 0.588839 3.598630 0.271614
vt 0.295898 0.545898
vn -0.441151 0.228800 0.867777
v 0.734336 3.583352 0.355970
vt 0.370117 0.552246
vn -0.259935 0.937124 0.232879
v 0.739356 3.605602 0.353029
vt 0.371338 0.544434
vn -0.413922 0.219961 0.883338
v 0.986150 3.597680 0.455356
vt 0.487793 0.561768
vn -0.269050 0.820237 0.504800
v 0.991331 3.619834 0.452014
vt 0.490479 0.554199
vn -0.368427 0.212684 0.905001
v 0.085352 3.660260 0.036427
vt 0.046692 0.562012
vn 0.004998 0.903506 0.428546
v -0.004165 3.683661 -0.003748
vt 0.002026 0.558838
vn -0.090222 0.742123 0.664164
v -0.008738 3.706314 -0.007648
vt 0.002079 0.551025
vn 0.118688 0.973201 0.196961
v -0.033690 3.584626 0.122244
vt 0.008018 0.602539
vn -0.080209 0.817833 0.569838
v 0.179299 3.508543 0.262849
vt 0.135376 0.639893
vn -0.048814 0.847326 0.528826
v 0.244137 3.640724 0.100925
vt 0.123718 0.561768
vn -0.028141 0.883323 0.467919
v 0.143124 3.411973 0.447186
vt 0.164551 0.728271
vn -0.117440 0.922050 0.368824
v 0.248703 3.493279 0.295001
vt 0.170166 0.641357
vn -0.092842 0.855070 0.510132
v 0.372034 3.608055 0.160960
vt 0.188599 0.558105
vn -0.052205 0.920999 0.386050
v 0.324881 3.483837 0.332765
vt 0.207397 0.643066
vn -0.196225 0.882980 0.426430
v 0.424913 3.599653 0.190691
vt 0.214111 0.560059
vn 0.164040 0.968151 -0.189142
v 0.369596 3.479806 0.386162
vt 0.238770 0.644287
vn -0.165034 0.905289 0.391429
v 0.487177 3.589934 0.226938
vt 0.244507 0.556641
vn -0.111904 0.928490 0.354096
v 0.267676 3.399407 0.572827
vt 0.229370 0.739990
vn -0.195620 0.943913 0.266010
v 0.418321 3.473053 0.410824
vt 0.263184 0.645264
vn -0.161939 0.916329 0.366219
v 0.540232 3.488031 0.457489
vt 0.329346 0.634521
vn -0.263130 0.922311 0.283028
v 0.538783 3.442403 0.654425
vt 0.357178 0.701660
vn -0.261630 0.938819 0.223984
v 0.680847 3.580870 0.327011
vt 0.344238 0.556396
vn -0.042733 0.967971 -0.247397
v 0.626040 3.503398 0.523397
vt 0.363525 0.628906
vn -0.288120 0.927848 0.236822
v 0.782280 3.537616 0.588816
vt 0.435059 0.618164
vn -0.227536 0.946233 0.229935
v 0.734336 3.583352 0.355970
vt 0.370117 0.554443
vn -0.259935 0.937124 0.232879
v 0.161035 4.685558 0.656917
vt 0.895386 0.208862
vn 0.781622 0.373641 -0.499459
v 0.091999 4.597593 0.447899
vt 0.771973 0.250977
vn -0.704539 0.671666 -0.229106
v 0.211382 4.636794 0.670542
vt 0.891113 0.176758
vn 0.728165 0.478226 -0.490995
v 0.123034 4.702425 0.602830
vt 0.881519 0.248520
vn -0.593029 0.149498 -0.791181
v 0.121126 4.733826 0.583184
vt 0.891357 0.263428
vn -0.973211 -0.200084 -0.113254
v 0.128744 4.540202 0.466690
vt 0.773926 0.212402
vn 0.725448 0.521556 -0.449115
v 0.208885 4.459795 0.490474
vt 0.779297 0.158203
vn 0.702344 0.554411 -0.446476
v 0.082434 4.400158 0.172843
vt 0.596191 0.218262
vn 0.716924 0.567249 -0.405277
v 0.027268 4.457987 0.170200
vt 0.596191 0.260742
vn -0.714172 0.674910 -0.185619
v 0.206272 4.246099 0.177753
vt 0.593262 0.127441
vn 0.724018 0.555843 -0.408458
v 0.004178 4.377060 0.008379
vt 0.500000 0.267090
vn -0.449148 0.829638 -0.331614
v 0.173371 4.173965 0.037475
vt 0.505859 0.129395
vn 0.728304 0.543019 -0.417975
v 0.052839 4.317983 0.003782
vt 0.493652 0.228027
vn 0.707372 0.572723 -0.414263
v -0.254297 1.477068 0.845568
vt 0.298340 0.399414
vn -0.745756 0.622410 -0.237600
v -0.157954 1.399611 0.397557
vt 0.487061 0.413086
vn -0.700218 0.674695 -0.233414
v -0.192025 1.554588 0.835871
vt 0.299072 0.439941
vn -0.616876 0.741142 -0.264902
v -0.255649 1.642735 1.254240
vt 0.122681 0.431641
vn -0.701307 0.680485 -0.212387
v -0.192988 1.606330 0.821532
vt 0.299561 0.462891
vn -0.981402 -0.067684 -0.179635
v -0.300277 1.725691 1.479542
vt 0.015472 0.448730
vn -0.860282 -0.150091 -0.487225
v -0.085079 1.466583 0.382768
vt 0.491699 0.450684
vn -0.564352 0.789421 -0.241500
v -0.085224 1.519472 0.368269
vt 0.488770 0.474609
vn -0.981293 -0.056876 -0.183925
v -0.044744 1.434095 0.133085
vt 0.594727 0.462402
vn -0.641630 0.737967 -0.209085
v -0.044850 1.473004 0.122416
vt 0.595215 0.479980
vn -0.987111 -0.044791 -0.153640
v -0.118361 1.354998 0.141115
vt 0.593750 0.420898
vn -0.676166 0.703203 -0.219785
v -0.361226 1.178857 0.246409
vt 0.553223 0.314453
vn -0.676324 0.703820 -0.217308
v -0.429731 1.279843 0.928519
vt 0.271973 0.301758
vn -0.759325 0.615063 -0.212422
v -0.300144 1.677043 1.492880
vt 0.023346 0.424316
vn -0.269956 0.537314 -0.799010
v -0.346189 1.631860 1.557908
vt 0.005169 0.396973
vn -0.912396 0.365173 -0.184885
v -0.362413 1.561726 1.565406
vt 0.008879 0.364746
vn -0.974194 0.225692 0.003102
v -0.019587 2.152420 -0.014497
vt 0.395508 0.445312
vn 0.360027 0.908871 -0.210557
v -0.028189 2.218191 -0.022120
vt 0.394287 0.468750
vn 0.837519 0.047729 -0.544320
v -0.187808 2.162177 -0.272582
vt 0.299072 0.439941
vn 0.538617 0.758097 -0.367671
v -0.198553 2.226613 -0.283299
vt 0.299561 0.462891
vn 0.815185 0.008821 -0.579134
v 0.033822 2.050205 -0.096458
vt 0.378174 0.405273
vn 0.594885 0.684222 -0.421844
v -0.513938 2.176671 -0.698366
vt 0.122681 0.431641
vn 0.551146 0.762547 -0.338761
v -0.506682 2.227949 -0.696052
vt 0.117981 0.454102
vn 0.797294 -0.013901 -0.603432
v -0.106079 2.041137 -0.304245
vt 0.298340 0.399414
vn 0.601309 0.661205 -0.448593
v 0.039699 1.840584 -0.475448
vt 0.271973 0.301758
vn 0.543464 0.717543 -0.435636
v 0.291230 1.829066 -0.182664
vt 0.387451 0.312012
vn 0.523934 0.748784 -0.405976
v -0.470209 2.067864 -0.757541
vt 0.112183 0.397949
vn 0.673013 0.561630 -0.481274
v -0.412472 1.931033 -0.836411
vt 0.096069 0.342773
vn 0.641150 0.584733 -0.497005
v -0.701753 2.226438 -0.953786
vt 0.023346 0.424316
vn 0.770881 0.516007 0.373470
v -0.700142 2.288054 -0.945871
vt 0.015472 0.448730
vn 0.964957 -0.052431 -0.257118
v -0.707593 2.163511 -1.048126
vt 0.005112 0.396973
vn 0.783844 0.440918 -0.437241
v -0.670440 2.055362 -1.044861
vt 0.008879 0.364746
vn 0.726252 0.443458 -0.525265
v 0.423906 4.240314 0.141192
vt 0.773926 0.212402
vn 0.061231 0.502161 -0.862604
v 0.393446 4.294275 0.158505
vt 0.771973 0.250977
vn -0.550540 0.709105 0.440541
v 0.173020 4.122945 0.028457
vt 0.596191 0.218262
vn 0.095442 0.546071 -0.832285
v 0.623636 4.319246 0.181666
vt 0.891113 0.176758
vn 0.025438 0.460437 -0.887328
v 0.478938 4.163719 0.094926
vt 0.779297 0.158203
vn 0.052704 0.534678 -0.843411
v 0.589975 4.365747 0.211436
vt 0.895386 0.208862
vn 0.043218 0.353173 -0.934559
v 0.530725 4.383925 0.211925
vt 0.881519 0.248520
vn -0.978726 0.200676 0.042724
v 0.516403 4.412956 0.202747
vt 0.891357 0.263428
vn -0.651218 -0.144822 0.744944
v 0.145574 4.177558 0.067264
vt 0.596191 0.260742
vn -0.523928 0.719393 0.456042
v 0.232763 3.978417 -0.058732
vt 0.593262 0.127441
vn 0.096435 0.534049 -0.839936
v 0.008468 4.109383 0.003447
vt 0.500000 0.267090
vn -0.504712 0.836664 0.212741
v 0.107262 3.918027 -0.104387
vt 0.505859 0.129395
vn 0.090420 0.521172 -0.848648
v 0.027102 4.054082 -0.034170
vt 0.493652 0.228027
vn 0.083146 0.551851 -0.829788
v -0.029900 1.593560 -0.332054
vt 0.387451 0.312012
vn -0.373058 0.693989 -0.615798
v -0.057895 1.812718 -0.061178
vt 0.378174 0.405273
vn -0.358143 0.629834 -0.689234
v -0.377846 1.542909 -0.171449
vt 0.271973 0.301758
vn -0.390329 0.658984 -0.642948
v -0.291261 1.761748 0.015763
vt 0.298340 0.399414
vn -0.377063 0.603013 -0.702993
v -0.824751 1.693353 0.240195
vt 0.112183 0.397949
vn -0.370952 0.500709 -0.782103
v -0.859079 1.548340 0.162874
vt 0.096069 0.342773
vn -0.398234 0.522580 -0.753870
v -0.305344 1.882063 0.103066
vt 0.299072 0.439941
vn -0.334427 0.711812 -0.617643
v -0.013504 1.924404 0.011800
vt 0.395508 0.445312
vn -0.261148 0.878107 -0.400911
v -0.034705 1.987404 0.019065
vt 0.394287 0.468750
vn -0.297631 0.003180 -0.954676
v -0.330168 1.943114 0.110567
vt 0.299561 0.462891
vn -0.328393 -0.041365 -0.943635
v -0.800579 1.808171 0.297650
vt 0.122681 0.431641
vn -0.302736 0.719487 -0.625052
v -0.805422 1.859384 0.292416
vt 0.117981 0.454102
vn -0.348812 -0.067799 -0.934737
v -1.103178 1.804647 0.406589
vt 0.023346 0.424316
vn 0.449969 0.607866 -0.654237
v -1.106467 1.866685 0.407363
vt 0.015472 0.448730
vn 0.033373 -0.036831 -0.998764
v -1.182131 1.726556 0.388042
vt 0.005112 0.396973
vn -0.279937 0.392262 -0.876222
v -1.149279 1.622569 0.353085
vt 0.008879 0.364746
vn -0.376944 0.382570 -0.843537
v -0.151661 2.951085 0.325642
vt 0.170654 0.641602
vn 0.391507 0.718925 0.574342
v -0.014281 2.834378 0.411050
vt 0.165649 0.730225
vn 0.347666 0.792623 0.500877
v -0.206441 2.938423 0.387593
vt 0.207886 0.643066
vn 0.377798 0.741063 0.555063
v -0.095957 2.805909 0.533034
vt 0.229858 0.740234
vn 0.364677 0.826105 0.429606
v -0.255093 2.924318 0.436224
vt 0.239258 0.644287
vn 0.360573 0.755581 0.546886
v -0.397192 3.070966 0.362023
vt 0.244995 0.556885
vn -0.425110 0.817363 -0.388843
v -0.291103 2.915212 0.476719
vt 0.263672 0.645508
vn 0.397506 0.793524 0.460770
v -0.336500 2.843142 0.706080
vt 0.357666 0.701660
vn 0.417584 0.853026 0.313001
v -0.341735 3.084769 0.317273
vt 0.214722 0.560303
vn -0.071930 0.994000 0.082408
v -0.294944 3.096416 0.279515
vt 0.189087 0.558105
vn -0.492942 0.806101 -0.327429
v -0.477000 3.052902 0.433307
vt 0.296387 0.554199
vn -0.344209 0.856580 -0.384435
v -0.195984 3.133996 0.180680
vt 0.124207 0.562012
vn -0.569044 0.753364 -0.329594
v -0.399995 2.923365 0.577720
vt 0.329834 0.634766
vn 0.416496 0.815414 0.402035
v -0.458692 2.933397 0.633099
vt 0.364014 0.628906
vn 0.449998 0.832862 0.322246
v -0.572141 2.961562 0.760116
vt 0.435547 0.618408
vn 0.409265 0.865192 0.289734
v -0.563655 3.051378 0.501505
vt 0.344727 0.556641
vn 0.066525 0.994502 -0.080866
v -0.611953 3.050531 0.538598
vt 0.370605 0.554443
vn -0.272926 0.845306 -0.459314
v -0.804358 3.057198 0.729010
vt 0.488281 0.562012
vn -0.493519 0.669595 -0.555051
v -0.098492 2.968979 0.271601
vt 0.135864 0.640137
vn 0.364903 0.709100 0.603343
v -0.078210 3.158001 0.057272
vt 0.047180 0.562256
vn -0.542532 0.791034 -0.282709
v 0.052388 3.060883 0.072924
vt 0.008545 0.602783
vn 0.412680 0.672378 0.614494
v -0.010455 3.184427 -0.012427
vt 0.002554 0.558838
vn -0.638322 0.678777 -0.363052
v -0.141084 0.816919 0.116889
vt 0.301025 0.247070
vn 0.114659 0.703648 0.701237
v -0.449351 0.818324 0.166452
vt 0.407715 0.236328
vn 0.156187 0.741813 0.652165
v -0.157421 0.890254 0.030290
vt 0.301025 0.288086
vn -0.122816 0.658540 -0.742456
v -0.100332 0.577535 0.306945
vt 0.301270 0.134277
vn 0.166779 0.665997 0.727072
v -0.453727 0.882187 0.087059
vt 0.403809 0.273926
vn 0.117718 0.667148 -0.735565
v -0.892447 0.680567 0.447903
vt 0.593262 0.127441
vn 0.185957 0.756591 0.626889
v -0.969101 0.870870 0.234289
vt 0.596191 0.218262
vn 0.188776 0.779971 0.596665
v -0.996590 0.941014 0.141246
vt 0.596191 0.260742
vn 0.001419 0.634149 -0.773210
v -1.798203 0.955921 0.405561
vt 0.891113 0.176758
vn 0.203599 0.772001 0.602131
v -1.473184 1.041771 0.218344
vt 0.771973 0.250977
vn -0.062614 0.539633 -0.839569
v -1.805404 1.020412 0.320815
vt 0.895386 0.208862
vn 0.256562 0.686898 0.679962
v -1.738584 1.065073 0.258350
vt 0.881519 0.248520
vn 0.617052 0.495420 -0.611397
v -1.728638 1.118466 0.248207
vt 0.891357 0.263428
vn 0.169659 -0.265111 -0.949174
v -0.230801 0.594543 -0.757519
vt 0.187622 0.550049
vn 0.974144 0.006684 0.225828
v -0.230524 0.571184 -0.757461
vt 0.188232 0.558105
vn 0.548006 0.827326 0.123377
v -0.257253 0.607029 -0.613205
vt 0.123779 0.553955
vn 0.986188 0.007268 0.165470
v -0.193421 0.569462 -0.888215
vt 0.248047 0.556396
vn 0.529293 0.826203 0.192971
v -0.193185 0.592827 -0.888183
vt 0.247681 0.548584
vn 0.968080 0.000986 0.250642
v -0.168211 0.570693 -0.995547
vt 0.308105 0.554199
vn 0.457389 0.851614 0.256026
v -0.168488 0.594051 -0.995604
vt 0.295898 0.545898
vn 0.964990 0.006797 0.262200
v -0.032362 0.414613 -0.833135
vt 0.238770 0.644287
vn 0.568336 0.790254 0.229113
v -0.212508 0.570333 -0.821914
vt 0.217041 0.559570
vn -0.042132 0.997125 0.062988
v -0.118140 0.599256 -1.159442
vt 0.375244 0.553467
vn 0.441717 0.818124 0.368184
v -0.118417 0.622615 -1.159500
vt 0.376221 0.544434
vn 0.973467 0.005881 0.228753
v -0.071018 0.654535 -1.424483
vt 0.480469 0.563232
vn 0.684941 0.670218 0.285770
v -0.070782 0.677900 -1.424450
vt 0.483154 0.555420
vn 0.984344 0.000868 0.176254
v 0.091840 0.533727 -1.270312
vt 0.435059 0.618164
vn 0.433785 0.837094 0.333324
v 0.053654 0.475000 -1.109822
vt 0.363525 0.628906
vn 0.447214 0.805216 0.389393
v 0.189257 0.378771 -1.068209
vt 0.357178 0.701660
vn 0.433374 0.823175 0.366838
v -0.131830 0.591705 -1.116227
vt 0.351074 0.556152
vn -0.061510 0.957872 0.280532
v 0.003856 0.450091 -1.013853
vt 0.329346 0.634521
vn 0.486873 0.799204 0.352460
v 0.157377 0.288750 -0.794303
vt 0.229370 0.739990
vn 0.461111 0.837096 0.294358
v -0.019477 0.415220 -0.887476
vt 0.263184 0.645264
vn 0.545686 0.804689 0.233886
v 0.062064 0.290881 -0.641276
vt 0.164551 0.728271
vn 0.540265 0.819450 0.191354
v -0.074815 0.416005 -0.776301
vt 0.207397 0.643066
vn 0.605305 0.756981 0.246142
v -0.094386 0.413853 -0.691743
vt 0.170166 0.641357
vn 0.660182 0.741121 0.122060
v -0.108776 0.418148 -0.613994
vt 0.135376 0.639893
vn 0.667826 0.740654 0.073755
v -0.188753 0.465660 -0.359862
vt 0.008018 0.602539
vn 0.711006 0.698010 0.085157
v -0.256976 0.583671 -0.613148
vt 0.124146 0.562012
vn 0.613486 0.786105 0.075327
v -0.283706 0.610086 -0.440321
vt 0.046814 0.551025
vn 0.988452 0.022585 0.149842
v -0.283828 0.577158 -0.440330
vt 0.046692 0.562012
vn 0.558809 0.827421 0.055734
v -0.298479 0.585932 -0.334141
vt 0.002026 0.558838
vn -0.036705 0.974395 0.221827
v -0.300195 0.609545 -0.339632
vt 0.002079 0.551025
vn 0.988221 0.042096 0.147129
v 0.183493 0.904858 -0.361105
vt 0.948242 -0.038086
vn -0.767864 -0.122784 -0.628735
v 0.058287 0.930432 -0.156670
vt 0.948242 -0.182617
vn -0.779737 0.359696 -0.512473
v 0.183487 0.886625 -0.355854
vt 0.934570 -0.038086
vn -0.731376 -0.249857 -0.634555
v 0.358987 0.884550 -0.609693
vt 0.934570 0.249512
vn -0.812462 -0.160265 -0.560553
v 0.358911 0.895631 -0.612724
vt 0.948242 0.249512
vn -0.812462 -0.160265 -0.560553
v 0.058680 0.917742 -0.153811
vt 0.934570 -0.182617
vn -0.734972 -0.608105 -0.300041
v 0.069019 0.912830 -0.147212
vt 0.921387 -0.182617
vn 0.033800 -0.980359 0.194302
v -0.021933 0.954214 -0.000775
vt 0.934570 -0.326172
vn -0.762266 -0.592599 -0.260340
v -0.022224 0.968327 -0.004192
vt 0.948242 -0.326172
vn -0.774631 0.381969 -0.504030
v -0.010311 0.948670 0.006401
vt 0.921387 -0.326172
vn 0.015384 -0.971943 0.234711
v 0.078965 0.920608 -0.143471
vt 0.908203 -0.182617
vn 0.787821 -0.395035 0.472531
v 0.001021 0.957239 0.010159
vt 0.908203 -0.326172
vn 0.783997 -0.382513 0.488909
v 0.183487 0.886625 -0.355854
vt 0.921387 -0.038086
vn -0.731376 -0.249857 -0.634555
v 0.068233 0.938210 -0.152929
vt 0.961426 -0.182617
vn -0.033315 0.975016 -0.219620
v -0.010892 0.976896 -0.000434
vt 0.961426 -0.326172
vn -0.011721 0.967775 -0.251543
v 0.000730 0.971352 0.006742
vt 0.974609 -0.326172
vn 0.766339 0.595177 0.241843
v 0.078573 0.933299 -0.146329
vt 0.974609 -0.182617
vn 0.764414 0.585796 0.269286
v 0.183493 0.904858 -0.361105
vt 0.961426 -0.038086
vn -0.767864 -0.122784 -0.628735
v 0.001021 0.957239 0.010159
vt 0.988281 -0.326172
vn 0.783997 -0.382513 0.488909
v 0.078965 0.920608 -0.143471
vt 0.988281 -0.182617
vn 0.787821 -0.395035 0.472531
v 0.183493 0.904858 -0.361105
vt 0.974609 -0.038086
vn -0.767864 -0.122784 -0.628735
v 0.183487 0.886625 -0.355854
vt 0.988281 -0.038086
vn -0.731376 -0.249857 -0.634555
v -0.002402 3.302871 -0.013387
vt 0.002079 0.551025
vn -0.859286 -0.004512 0.511475
v 0.045467 3.337900 0.067332
vt 0.046814 0.551025
vn -0.856715 -0.002623 0.515783
v 0.001859 3.281354 -0.006420
vt 0.002026 0.558838
vn -0.706457 0.676804 0.207014
v 0.051473 3.307573 0.077152
vt 0.046692 0.562012
vn -0.625146 0.776198 0.081909
v -0.046837 3.181598 0.112457
vt 0.008018 0.602539
vn -0.733041 0.653315 0.189289
v 0.134097 3.372786 0.212901
vt 0.123718 0.560059
vn -0.666187 0.737432 0.111305
v 0.129836 3.394303 0.205933
vt 0.123291 0.552002
vn -0.860699 -0.005604 0.509083
v 0.198870 3.432409 0.327265
vt 0.187622 0.550049
vn -0.888840 -0.027908 0.457367
v 0.203131 3.410892 0.334232
vt 0.188232 0.558105
vn -0.653741 0.756401 0.021917
v 0.249184 3.476282 0.442843
vt 0.247314 0.546143
vn -0.899074 -0.036743 0.436253
v 0.253445 3.454765 0.449811
vt 0.247559 0.553955
vn -0.681343 0.731074 -0.036094
v 0.299013 3.493014 0.540173
vt 0.295898 0.554199
vn -0.669129 0.730296 -0.137602
v 0.294752 3.514531 0.533205
vt 0.295898 0.545898
vn -0.903248 -0.040521 0.427201
v 0.354013 3.576443 0.677962
vt 0.370117 0.552246
vn -0.718032 0.662480 -0.213425
v 0.349752 3.597959 0.670995
vt 0.371338 0.544434
vn -0.890849 -0.029535 0.453338
v 0.466373 3.718382 0.877253
vt 0.487793 0.561768
vn -0.824506 0.564960 0.031771
v 0.462112 3.739898 0.870285
vt 0.490479 0.554199
vn -0.867714 -0.010936 0.496943
v 0.054381 3.226522 0.354432
vt 0.135376 0.639893
vn -0.699355 0.696314 0.161397
v 0.134097 3.372786 0.212901
vt 0.123718 0.561768
vn -0.666187 0.737432 0.111305
v -0.033973 3.125274 0.517432
vt 0.164551 0.728271
vn -0.688736 0.724485 -0.027637
v 0.091000 3.249297 0.419174
vt 0.170166 0.641357
vn -0.723222 0.679808 0.121704
v 0.203131 3.410892 0.334232
vt 0.188599 0.558105
vn -0.653741 0.756401 0.021917
v 0.126541 3.280504 0.490038
vt 0.207397 0.643066
vn -0.760746 0.649018 -0.006505
v 0.226600 3.430974 0.386869
vt 0.214111 0.560059
vn -0.194429 0.913092 -0.358414
v 0.128806 3.300025 0.556785
vt 0.238770 0.644287
vn -0.728057 0.684997 -0.026692
v 0.253445 3.454765 0.449811
vt 0.244507 0.556641
vn -0.681343 0.731074 -0.036094
v -0.013815 3.178573 0.684822
vt 0.229370 0.739990
vn -0.694342 0.702308 -0.157014
v 0.151563 3.319378 0.602744
vt 0.263184 0.645264
vn -0.716103 0.696254 -0.049267
v 0.203055 3.394933 0.695696
vt 0.329346 0.634521
vn -0.742885 0.647453 -0.170078
v 0.109144 3.354887 0.870394
vt 0.357178 0.701660
vn -0.714969 0.662707 -0.222799
v 0.334870 3.546794 0.628755
vt 0.344238 0.556396
vn -0.303255 0.804614 -0.510521
v 0.218184 3.452130 0.786767
vt 0.363525 0.628906
vn -0.736444 0.638983 -0.222152
v 0.274315 3.561717 0.905924
vt 0.435059 0.618164
vn -0.697659 0.687195 -0.202573
v 0.354013 3.576443 0.677962
vt 0.370117 0.554443
vn -0.718032 0.662480 -0.213425
v -0.158175 0.532316 -0.066873
vt 0.301025 0.247070
vn -0.656134 0.577000 0.486374
v -0.356785 0.508526 -0.305802
vt 0.407715 0.236328
vn -0.600149 0.625564 0.498489
v -0.106945 0.618091 -0.121414
vt 0.301025 0.288086
vn 0.449759 0.766804 -0.457961
v -0.255654 0.267155 0.055161
vt 0.301270 0.134277
vn -0.643545 0.540672 0.541779
v -0.303897 0.584428 -0.346805
vt 0.403809 0.273926
vn 0.443844 0.808043 -0.387387
v -0.795267 0.301552 -0.547871
vt 0.593262 0.127441
vn -0.564560 0.648514 0.510589
v -0.687295 0.520418 -0.714634
vt 0.596191 0.218262
vn -0.543230 0.674746 0.499619
v -0.635698 0.603525 -0.782141
vt 0.596191 0.260742
vn 0.542117 0.755671 -0.367519
v -1.268127 0.530016 -1.334663
vt 0.891113 0.176758
vn -0.537350 0.668833 0.513730
v -0.960760 0.663652 -1.147337
vt 0.771973 0.250977
vn 0.580472 0.670291 -0.462344
v -1.211551 0.607287 -1.381371
vt 0.895386 0.208862
vn -0.565123 0.568980 0.597409
v -1.134143 0.665345 -1.352925
vt 0.881519 0.248520
vn 0.724891 0.635294 0.266334
v -1.130044 0.720116 -1.347418
vt 0.891357 0.263428
vn 0.931586 -0.095227 -0.350827
v 0.590225 0.864173 0.464932
vt 0.187622 0.550049
vn -0.907141 -0.251021 0.337761
v 0.594140 0.842676 0.459467
vt 0.188232 0.558105
vn -0.658462 0.642601 0.391781
v 0.527939 0.896121 0.341690
vt 0.123779 0.553955
vn -0.881132 -0.260811 0.394441
v 0.638343 0.818840 0.580306
vt 0.248047 0.556396
vn -0.683338 0.653404 0.325751
v 0.634428 0.840338 0.585771
vt 0.247681 0.548584
vn -0.916134 -0.247126 0.315638
v 0.678992 0.803351 0.677101
vt 0.308105 0.554199
vn -0.665929 0.705575 0.242284
v 0.675077 0.824849 0.682566
vt 0.295898 0.545898
vn -0.920141 -0.245211 0.305307
v 0.512147 0.638311 0.582371
vt 0.238770 0.644287
vn -0.728724 0.611668 0.307934
v 0.616358 0.831060 0.518797
vt 0.217041 0.559570
vn -0.183335 0.968900 0.166194
v 0.726753 0.800846 0.837459
vt 0.375244 0.553467
vn -0.711982 0.689406 0.133422
v 0.722838 0.822344 0.842924
vt 0.376221 0.544434
vn -0.908517 -0.250516 0.334424
v 0.827891 0.814190 1.081870
vt 0.480469 0.563232
vn -0.831238 0.471899 0.293861
v 0.823976 0.835688 1.087335
vt 0.483154 0.555420
vn -0.887505 -0.258604 0.381391
v 0.639080 0.673546 1.015560
vt 0.435059 0.618164
vn -0.689117 0.706368 0.161747
v 0.589469 0.644841 0.856742
vt 0.363525 0.628906
vn -0.726347 0.677515 0.115729
v 0.479415 0.523624 0.870492
vt 0.357178 0.701660
vn -0.705423 0.696581 0.130970
v 0.714537 0.801621 0.794922
vt 0.351074 0.556152
vn -0.285615 0.957869 -0.030182
v 0.578669 0.644355 0.750450
vt 0.329346 0.634521
vn -0.735806 0.656584 0.165792
v 0.367392 0.474969 0.618851
vt 0.229370 0.739990
vn -0.688451 0.694668 0.208500
v 0.532411 0.630358 0.631534
vt 0.263184 0.645264
vn -0.715705 0.632555 0.296042
v 0.354921 0.516899 0.451214
vt 0.164551 0.728271
vn -0.689313 0.644244 0.331357
v 0.512819 0.656348 0.516656
vt 0.207397 0.643066
vn -0.762273 0.570898 0.304984
v 0.481134 0.667486 0.440114
vt 0.170166 0.641357
vn -0.731407 0.527182 0.432578
v 0.448117 0.682504 0.373068
vt 0.135376 0.639893
vn -0.709643 0.519451 0.476001
v 0.359507 0.771235 0.145085
vt 0.008018 0.602539
vn -0.743439 0.466663 0.479087
v 0.531854 0.874624 0.336225
vt 0.124146 0.562012
vn -0.675452 0.578791 0.456908
v 0.451425 0.922055 0.193887
vt 0.046814 0.551025
vn -0.877840 -0.244020 0.412130
v 0.456943 0.891755 0.186184
vt 0.046692 0.562012
vn -0.628746 0.631989 0.453065
v 0.407939 0.913704 0.097664
vt 0.002026 0.558838
vn -0.297933 0.951669 0.074579
v 0.408108 0.935324 0.106700
vt 0.002079 0.551025
vn -0.880361 -0.225314 0.417370
v 0.154997 3.142070 0.262752
vt 0.123291 0.552002
vn -0.860462 -0.008942 0.509435
v 0.237272 3.129339 0.406238
vt 0.187622 0.550049
vn -0.890842 -0.009404 0.454215
v 0.155309 3.115774 0.262817
vt 0.123718 0.560059
vn -0.533745 0.774301 0.339962
v 0.052221 3.143817 0.094593
vt 0.046814 0.551025
vn -0.856057 -0.008919 0.516805
v 0.237584 3.103043 0.406303
vt 0.188232 0.558105
vn -0.516209 0.816134 0.259720
v 0.299740 3.128319 0.546044
vt 0.247314 0.546143
vn -0.901688 -0.009615 0.432280
v 0.300052 3.102022 0.546108
vt 0.247559 0.553955
vn -0.545737 0.814291 0.197743
v 0.356711 3.104280 0.656563
vt 0.295898 0.554199
vn -0.531936 0.840787 0.100605
v 0.356399 3.130576 0.656499
vt 0.295898 0.545898
vn -0.906415 -0.009701 0.422277
v 0.431797 3.137510 0.834122
vt 0.370117 0.552246
vn -0.589333 0.807822 0.010504
v 0.431485 3.163806 0.834057
vt 0.371338 0.544434
vn -0.892650 -0.009516 0.450650
v 0.581666 3.202180 1.097169
vt 0.487793 0.561768
vn -0.719416 0.658259 0.221665
v 0.581354 3.228477 1.097104
vt 0.490479 0.554199
vn -0.867891 -0.009118 0.496671
v 0.052661 3.106754 0.094684
vt 0.046692 0.562012
vn -0.486641 0.812174 0.321798
v -0.006331 3.115947 -0.004070
vt 0.002026 0.558838
vn -0.582369 0.700194 0.413006
v -0.006643 3.142244 -0.004134
vt 0.002079 0.551025
vn -0.858823 -0.008907 0.512194
v -0.084386 2.978230 0.093159
vt 0.008018 0.602539
vn -0.615554 0.683734 0.391918
v 0.032354 2.926385 0.369826
vt 0.135376 0.639893
vn -0.574728 0.726456 0.376760
v 0.155309 3.115774 0.262817
vt 0.123718 0.561768
vn -0.533745 0.774301 0.339962
v -0.091899 2.779922 0.516101
vt 0.164551 0.728271
vn -0.554234 0.806777 0.204782
v 0.076498 2.922261 0.447238
vt 0.170166 0.641357
vn -0.599830 0.726686 0.334861
v 0.237584 3.103043 0.406303
vt 0.188599 0.558105
vn -0.516209 0.816134 0.259720
v 0.120954 2.925371 0.534283
vt 0.207397 0.643066
vn -0.638241 0.742184 0.204476
v 0.266679 3.102581 0.469989
vt 0.214111 0.560059
vn -0.028618 0.997058 -0.071111
v 0.125649 2.923655 0.613909
vt 0.238770 0.644287
vn -0.599660 0.776230 0.194615
v 0.300052 3.102022 0.546108
vt 0.244507 0.556641
vn -0.545737 0.814291 0.197743
v -0.062927 2.777518 0.716804
vt 0.229370 0.739990
vn -0.560243 0.824962 0.074600
v 0.153973 2.924775 0.670067
vt 0.263184 0.645264
vn -0.585462 0.791335 0.176134
v 0.224715 2.965177 0.796008
vt 0.329346 0.634521
vn -0.616536 0.785887 0.047593
v 0.106144 2.881730 0.976340
vt 0.357178 0.701660
vn -0.585220 0.810874 0.001130
v 0.405574 3.125703 0.770745
vt 0.344238 0.556396
vn -0.150639 0.958105 -0.243602
v 0.250819 2.993416 0.914778
vt 0.363525 0.628906
vn -0.610358 0.792113 -0.004487
v 0.332915 3.060800 1.080938
vt 0.435059 0.618164
vn -0.564558 0.824954 0.026908
v 0.431797 3.137510 0.834122
vt 0.370117 0.554443
vn -0.589333 0.807822 0.010504
v -0.021911 1.224952 -0.011869
vt 0.395508 0.445312
vn 0.397143 0.909035 -0.126225
v -0.028253 1.289927 -0.025980
vt 0.394287 0.468750
vn 0.973568 0.047903 -0.223315
v -0.090237 1.216041 -0.312030
vt 0.299072 0.439941
vn 0.622251 0.756025 -0.203050
v -0.097498 1.279456 -0.329695
vt 0.299561 0.462891
vn 0.965218 0.006321 -0.261369
v 0.058084 1.120532 -0.064058
vt 0.378174 0.405273
vn 0.694725 0.681539 -0.229917
v -0.248531 1.198138 -0.823833
vt 0.122681 0.431641
vn 0.623942 0.762358 -0.171772
v -0.243246 1.249676 -0.822303
vt 0.117981 0.454102
vn 0.957187 -0.018212 -0.288896
v -0.000877 1.096319 -0.306222
vt 0.298340 0.399414
vn 0.710357 0.657436 -0.251338
v 0.198133 0.892264 -0.404273
vt 0.271973 0.301758
vn 0.650803 0.712330 -0.262757
v 0.332588 0.903926 -0.042875
vt 0.387451 0.312012
vn 0.621787 0.744396 -0.243425
v -0.185438 1.087977 -0.857600
vt 0.112183 0.397949
vn 0.790347 0.558743 -0.251312
v -0.101972 0.949305 -0.903294
vt 0.096069 0.342773
vn 0.765529 0.580020 -0.278462
v -0.336723 1.228651 -1.130672
vt 0.023346 0.424316
vn 0.586577 0.560100 0.584992
v -0.338823 1.290605 -1.126466
vt 0.015472 0.448730
vn 0.994776 -0.032713 0.096697
v -0.308563 1.160862 -1.217213
vt 0.005112 0.396973
vn 0.880696 0.444211 -0.164471
v -0.273329 1.054309 -1.194788
vt 0.008879 0.364746
vn 0.857160 0.440232 -0.267343
v -0.770281 0.863773 -0.184281
vt 0.187622 0.550049
vn 0.687292 -0.174333 -0.705151
v -0.771758 0.840827 -0.180049
vt 0.188232 0.558105
vn 0.433244 0.719641 -0.542602
v -0.658477 0.886203 -0.090763
vt 0.123779 0.553955
vn 0.640214 -0.177126 -0.747497
v -0.865507 0.827607 -0.277877
vt 0.248047 0.556396
vn 0.482328 0.725618 -0.490752
v -0.864031 0.850553 -0.282110
vt 0.247681 0.548584
vn 0.705118 -0.166846 -0.689181
v -0.945253 0.820322 -0.353909
vt 0.308105 0.554199
vn 0.500458 0.766557 -0.402409
v -0.944114 0.843346 -0.357756
vt 0.295898 0.545898
vn 0.712089 -0.159946 -0.683627
v -0.745078 0.649768 -0.358441
vt 0.238770 0.644287
vn 0.529126 0.686755 -0.498390
v -0.817937 0.834315 -0.228237
vt 0.217041 0.559570
vn 0.090317 0.990639 -0.102361
v -1.059927 0.833529 -0.484038
vt 0.375244 0.553467
vn 0.586244 0.742327 -0.324450
v -1.058495 0.856485 -0.488220
vt 0.376221 0.544434
vn 0.688578 -0.161926 -0.706852
v -1.260920 0.869380 -0.668847
vt 0.480469 0.563232
vn 0.631119 0.549744 -0.547239
v -1.259781 0.892405 -0.672694
vt 0.483154 0.555420
vn 0.650697 -0.165740 -0.741029
v -1.052485 0.728648 -0.706015
vt 0.435059 0.618164
vn 0.553120 0.761416 -0.338090
v -0.936728 0.683662 -0.582049
vt 0.363525 0.628906
vn 0.606030 0.729818 -0.316377
v -0.837499 0.567338 -0.658224
vt 0.357178 0.701660
vn 0.580741 0.748996 -0.318975
v -1.029722 0.830061 -0.449559
vt 0.351074 0.556152
vn 0.263901 0.964038 0.031419
v -0.880608 0.671434 -0.487015
vt 0.329346 0.634521
vn 0.594012 0.715333 -0.368033
v -0.622468 0.494890 -0.476418
vt 0.229370 0.739990
vn 0.533212 0.754815 -0.382020
v -0.785391 0.646042 -0.397035
vt 0.263184 0.645264
vn 0.522539 0.705228 -0.479173
v -0.538672 0.519290 -0.318760
vt 0.164551 0.728271
vn 0.483623 0.718943 -0.499230
v -0.717501 0.660631 -0.294059
vt 0.207397 0.643066
vn 0.561088 0.648271 -0.514708
v -0.654597 0.665158 -0.234197
vt 0.170166 0.641357
vn 0.481176 0.617987 -0.621742
v -0.594571 0.674873 -0.183276
vt 0.135376 0.639893
vn 0.442913 0.614159 -0.653174
v -0.413180 0.745212 0.005066
vt 0.008018 0.602539
vn 0.480040 0.571112 -0.665878
v -0.659954 0.863257 -0.086530
vt 0.124146 0.562012
vn 0.422605 0.663515 -0.617376
v -0.522560 0.900466 0.018930
vt 0.046814 0.551025
vn 0.639479 -0.209927 -0.739593
v -0.524503 0.868093 0.024738
vt 0.046692 0.562012
vn 0.400569 0.698272 -0.593263
v -0.453727 0.882187 0.087059
vt 0.002026 0.558838
vn 0.117718 0.667148 -0.735565
v -0.444082 0.906676 0.084130
vt 0.002079 0.551025
vn 0.649020 -0.243020 -0.720912
v 0.100680 0.547642 0.087574
vt 0.301025 0.247070
vn 0.758624 0.643737 -0.100463
v 0.181528 0.497286 0.371580
vt 0.407715 0.236328
vn 0.709445 0.692806 -0.129256
v 0.028160 0.622332 0.124434
vt 0.301025 0.288086
vn -0.641354 0.700300 0.313442
v 0.250463 0.310306 -0.009387
vt 0.301270 0.134277
vn 0.773615 0.612923 -0.160762
v 0.113513 0.564198 0.394908
vt 0.403809 0.273926
vn -0.660413 0.746787 0.078508
v 0.482388 0.273683 0.733220
vt 0.593262 0.127441
vn 0.682527 0.714607 -0.153279
v 0.308505 0.461252 0.859714
vt 0.596191 0.218262
vn 0.655005 0.740881 -0.148539
v 0.230691 0.531802 0.907399
vt 0.596191 0.260742
vn -0.689948 0.697999 0.191753
v 0.571315 0.399216 1.630714
vt 0.891113 0.176758
vn 0.657755 0.734954 -0.164926
v 0.367251 0.547120 1.360829
vt 0.771973 0.250977
vn -0.758635 0.601793 0.249635
v 0.498573 0.466776 1.657456
vt 0.895386 0.208862
vn 0.719039 0.652160 -0.240147
v 0.436808 0.524896 1.608901
vt 0.881519 0.248520
vn -0.616259 0.644910 -0.452012
v 0.432079 0.577822 1.608609
vt 0.891357 0.263428
vn -0.986429 -0.140401 -0.085124
v -0.018567 2.668155 -0.014114
vt 0.002079 0.551025
vn 0.765281 -0.001830 0.643694
v 0.096645 2.670132 -0.015573
vt 0.046814 0.551025
vn 0.019597 0.000669 0.999808
v 0.097084 2.633069 -0.015482
vt 0.046692 0.562012
vn 0.032280 0.818119 0.574142
v 0.027715 2.505604 0.103510
vt 0.008018 0.602539
vn 0.028984 0.691281 0.722004
v 0.294466 2.642757 -0.020695
vt 0.123718 0.560059
vn 0.023977 0.777940 0.627881
v 0.294154 2.669055 -0.020175
vt 0.123291 0.552002
vn 0.009594 -0.012901 0.999871
v 0.460016 2.656937 -0.019295
vt 0.187622 0.550049
vn -0.054105 -0.020414 0.998327
v 0.460329 2.630639 -0.019815
vt 0.188232 0.558105
vn -0.037616 0.819239 0.572218
v 0.612731 2.656651 -0.003295
vt 0.247314 0.546143
vn -0.078520 -0.015125 0.996798
v 0.613042 2.630353 -0.003814
vt 0.247559 0.553955
vn -0.106307 0.818063 0.565218
v 0.737338 2.633136 0.003072
vt 0.295898 0.554199
vn -0.183125 0.844424 0.503402
v 0.737026 2.659432 0.003007
vt 0.295898 0.545898
vn -0.089435 -0.003806 0.995985
v 0.929035 2.667329 0.026665
vt 0.370117 0.552246
vn -0.288452 0.812420 0.506723
v 0.928724 2.693626 0.026601
vt 0.371338 0.544434
vn -0.057229 0.001791 0.998359
v 1.232287 2.733126 0.028101
vt 0.487793 0.561768
vn -0.170404 0.664806 0.727321
v 1.231976 2.759423 0.028036
vt 0.490479 0.554199
vn -0.005212 0.002383 0.999984
v 0.326676 2.455269 0.141685
vt 0.135376 0.639893
vn 0.035274 0.733907 0.678334
v 0.294466 2.642757 -0.020695
vt 0.123718 0.561768
vn 0.023977 0.777940 0.627881
v 0.392191 2.311054 0.323740
vt 0.164551 0.728271
vn -0.103025 0.812131 0.574308
v 0.416028 2.451477 0.142338
vt 0.170166 0.641357
vn -0.014221 0.734027 0.678972
v 0.460329 2.630639 -0.019815
vt 0.188599 0.558105
vn -0.037616 0.819239 0.572218
v 0.513877 2.455002 0.147456
vt 0.207397 0.643066
vn -0.145124 0.748425 0.647146
v 0.530214 2.630509 -0.012493
vt 0.214111 0.560059
vn -0.079714 0.996631 -0.019310
v 0.585416 2.453943 0.183237
vt 0.238770 0.644287
vn -0.134434 0.782009 0.608596
v 0.613042 2.630353 -0.003814
vt 0.244507 0.556641
vn -0.106307 0.818063 0.565218
v 0.581072 2.310175 0.399116
vt 0.229370 0.739990
vn -0.218455 0.829318 0.514304
v 0.648369 2.455333 0.186859
vt 0.263184 0.645264
vn -0.144035 0.796822 0.586795
v 0.793018 2.496281 0.188311
vt 0.329346 0.634521
vn -0.269752 0.790336 0.550093
v 0.890726 2.415331 0.381769
vt 0.357178 0.701660
vn -0.294549 0.814718 0.499475
v 0.860900 2.655175 0.017745
vt 0.344238 0.556396
vn -0.289115 0.957292 -0.001924
v 0.909160 2.525351 0.224843
vt 0.363525 0.628906
vn -0.311754 0.796125 0.518647
v 1.094329 2.593543 0.236296
vt 0.435059 0.618164
vn -0.261819 0.828897 0.494349
v 0.929035 2.667329 0.026665
vt 0.370117 0.554443
vn -0.288452 0.812420 0.506723
v -0.286032 4.560333 -0.511458
vt 0.895386 0.208862
vn -0.708181 0.295274 0.641321
v -0.248741 4.611111 -0.462476
vt 0.891357 0.263428
vn 0.993584 -0.030920 -0.108790
v -0.249235 4.583511 -0.475992
vt 0.881519 0.248520
vn 0.702206 0.322075 0.634960
v -0.179686 4.516078 -0.351451
vt 0.771973 0.250977
vn 0.607591 0.794217 0.007246
v -0.321439 4.513093 -0.509623
vt 0.891113 0.176758
vn -0.673148 0.411252 0.614609
v -0.203936 4.463035 -0.355899
vt 0.773926 0.212402
vn -0.687801 0.449078 0.570315
v -0.260269 4.385381 -0.354495
vt 0.779297 0.158203
vn -0.671255 0.485464 0.560126
v -0.092428 4.381154 -0.120057
vt 0.596191 0.218262
vn -0.698162 0.489405 0.522545
v -0.056993 4.435304 -0.132014
vt 0.596191 0.260742
vn 0.600143 0.799554 -0.023254
v -0.169232 4.239735 -0.090461
vt 0.593262 0.127441
vn -0.700862 0.479277 0.528286
v 0.003053 4.386811 -0.001434
vt 0.500000 0.267090
vn 0.133581 0.934641 0.329548
v -0.106625 4.197685 0.020343
vt 0.505859 0.129395
vn -0.700679 0.467024 0.539387
v -0.025687 4.333106 0.015153
vt 0.493652 0.228027
vn -0.687964 0.497059 0.528807
v -0.020210 2.807154 -0.014456
vt 0.002554 0.558838
vn -0.173756 0.680327 0.712014
v 0.059106 2.708329 -0.117602
vt 0.008545 0.602783
vn -0.216011 0.640446 -0.736999
v 0.077114 2.833714 -0.016300
vt 0.047180 0.562256
vn -0.243245 0.780312 0.576147
v 0.319795 2.754416 -0.150944
vt 0.135864 0.640137
vn -0.210613 0.687993 -0.694484
v 0.236131 2.899465 -0.020484
vt 0.124207 0.562012
vn -0.239216 0.740612 0.627909
v 0.425137 2.657311 -0.307293
vt 0.165649 0.730225
vn -0.306929 0.729610 -0.611117
v 0.394273 2.777467 -0.151563
vt 0.170654 0.641602
vn -0.250155 0.676535 -0.692620
v 0.375930 2.938092 -0.019326
vt 0.189087 0.558105
vn -0.310947 0.759996 0.570717
v 0.433324 2.958449 -0.013492
vt 0.214722 0.560303
vn -0.409915 0.911879 -0.021127
v 0.471806 2.808366 -0.156711
vt 0.207886 0.643066
vn -0.265644 0.693637 -0.669553
v 0.563892 2.705560 -0.335819
vt 0.229858 0.740234
vn -0.377863 0.726994 -0.573324
v 0.501346 2.982579 -0.005463
vt 0.244995 0.556885
vn -0.373528 0.734868 0.566079
v 0.538261 2.831113 -0.156726
vt 0.239258 0.644287
vn -0.256209 0.715375 -0.650073
v 0.589500 2.850674 -0.159939
vt 0.263672 0.645508
vn -0.360022 0.700804 -0.615839
v 0.794996 2.886018 -0.289485
vt 0.357666 0.701660
vn -0.495117 0.688551 -0.529866
v 0.602501 3.021259 -0.000560
vt 0.296387 0.554199
vn -0.455449 0.733448 0.504599
v 0.712556 2.932867 -0.154903
vt 0.329834 0.634766
vn -0.436857 0.683516 -0.584775
v 0.776494 2.982330 -0.152919
vt 0.364014 0.628906
vn -0.498438 0.662327 -0.559359
v 0.907679 3.092465 -0.163337
vt 0.435547 0.618408
vn -0.510143 0.694020 -0.508026
v 0.697193 3.075530 0.012678
vt 0.344727 0.556641
vn -0.595506 0.803351 0.000192
v 0.749409 3.105456 0.019978
vt 0.370605 0.554443
vn -0.545954 0.664477 0.510298
v 0.978216 3.248253 0.021464
vt 0.488281 0.562012
vn -0.385236 0.567918 0.727367
v -0.228946 3.787344 0.929212
vt 0.895386 0.208862
vn 0.880559 0.472184 0.040718
v -0.241270 3.881342 0.847958
vt 0.891357 0.263428
vn -0.812098 -0.095560 -0.575643
v -0.244371 3.834331 0.857045
vt 0.881519 0.248520
vn -0.171102 0.448978 -0.877008
v -0.185067 3.776660 0.624094
vt 0.771973 0.250977
vn -0.602112 0.750793 -0.271607
v -0.171388 3.718092 0.950421
vt 0.891113 0.176758
vn 0.816799 0.574299 0.054965
v -0.144433 3.695683 0.639841
vt 0.773926 0.212402
vn 0.793154 0.600147 0.103584
v -0.053615 3.581148 0.674663
vt 0.779297 0.158203
vn 0.769019 0.630109 0.107574
v -0.020201 3.656700 0.231993
vt 0.596191 0.218262
vn 0.763805 0.627086 0.152855
v -0.090550 3.732585 0.224095
vt 0.596191 0.260742
vn -0.613353 0.751192 -0.243942
v 0.141293 3.457277 0.237938
vt 0.593262 0.127441
vn 0.772774 0.616975 0.148873
v -0.018070 3.706260 -0.000641
vt 0.500000 0.267090
vn -0.376712 0.900506 -0.217202
v 0.188614 3.433081 0.034955
vt 0.505859 0.129395
vn 0.781767 0.607984 0.138546
v 0.048018 3.632551 -0.004992
vt 0.493652 0.228027
vn 0.759385 0.634686 0.143207
v -0.236725 3.468610 -0.905183
vt 0.895386 0.208862
vn -0.867643 0.441717 0.228214
v -0.205333 3.583741 -0.872148
vt 0.891357 0.263428
vn 0.984348 0.102706 0.143217
v -0.198301 3.536617 -0.866711
vt 0.881519 0.248520
vn 0.487421 0.716018 0.499739
v -0.142403 3.561055 -0.626973
vt 0.771973 0.250977
vn 0.547843 0.789961 -0.275374
v -0.287346 3.397402 -0.874995
vt 0.891113 0.176758
vn -0.831643 0.533991 0.152393
v -0.173145 3.480436 -0.596390
vt 0.773926 0.212402
vn -0.835384 0.541688 0.093314
v -0.252857 3.362673 -0.548234
vt 0.779297 0.158203
vn -0.818595 0.570220 0.068934
v -0.100921 3.582034 -0.187254
vt 0.596191 0.218262
vn -0.834340 0.550388 0.030823
v -0.046408 3.654728 -0.236257
vt 0.596191 0.260742
vn 0.548611 0.778308 -0.305390
v -0.218936 3.395298 -0.056220
vt 0.593262 0.127441
vn -0.838189 0.543865 0.040617
v -0.008738 3.706314 -0.007648
vt 0.500000 0.267090
vn 0.118688 0.973201 0.196961
v -0.169390 3.441100 0.142337
vt 0.505859 0.129395
vn -0.840403 0.539075 0.055872
v -0.055208 3.639591 0.049152
vt 0.493652 0.228027
vn -0.826839 0.561379 0.034496
v 0.696486 4.106080 -0.245291
vt 0.895386 0.208862
vn -0.512038 0.294999 -0.806717
v 0.626783 4.168244 -0.209571
vt 0.891357 0.263428
vn -0.066906 -0.032307 0.997236
v 0.644167 4.133951 -0.207542
vt 0.881519 0.248520
vn -0.752531 0.305275 0.583527
v 0.476599 4.046526 -0.149308
vt 0.771973 0.250977
vn -0.125224 0.787827 0.603032
v 0.702872 4.047424 -0.289700
vt 0.891113 0.176758
vn -0.493251 0.411697 -0.766296
v 0.488299 3.980457 -0.179316
vt 0.773926 0.212402
vn -0.447546 0.450299 -0.772615
v 0.500383 3.884038 -0.249672
vt 0.779297 0.158203
vn -0.440528 0.484592 -0.755715
v 0.174139 3.872305 -0.094491
vt 0.596191 0.218262
vn -0.398942 0.491084 -0.774391
v 0.180273 3.939893 -0.047166
vt 0.596191 0.260742
vn -0.099611 0.810394 0.577355
v 0.157112 3.695883 -0.196819
vt 0.593262 0.127441
vn -0.403965 0.478995 -0.779343
v 0.006611 3.875978 -0.002921
vt 0.500000 0.267090
vn -0.376422 0.901502 -0.213541
v 0.007367 3.640450 -0.144453
vt 0.505859 0.129395
vn -0.414724 0.466577 -0.781223
v -0.006560 3.808880 -0.042418
vt 0.493652 0.228027
vn -0.406729 0.497781 -0.766019
v -0.763953 3.541611 0.557807
vt 0.895386 0.208862
vn 0.676437 0.498583 0.542077
v -0.716652 3.625829 0.478235
vt 0.891357 0.263428
vn -0.257093 -0.166065 -0.952011
v -0.728178 3.580019 0.486770
vt 0.881519 0.248520
vn 0.408136 0.345350 -0.845079
v -0.535725 3.498904 0.354090
vt 0.771973 0.250977
vn -0.250929 0.700297 -0.668295
v -0.736807 3.476613 0.617796
vt 0.891113 0.176758
vn 0.621009 0.597889 0.506830
v -0.518709 3.421223 0.400358
vt 0.773926 0.212402
vn 0.573097 0.628295 0.526123
v -0.477015 3.313580 0.496593
vt 0.779297 0.158203
vn 0.553584 0.657905 0.510594
v -0.164471 3.341296 0.172347
vt 0.596191 0.218262
vn 0.520681 0.660790 0.540599
v -0.209622 3.414004 0.113684
vt 0.596191 0.260742
vn -0.275359 0.707918 -0.650407
v -0.054333 3.148006 0.300335
vt 0.593262 0.127441
vn 0.529531 0.649432 0.545742
v -0.012651 3.365239 -0.010049
vt 0.500000 0.267090
vn 0.051198 0.998363 0.025509
v 0.110562 3.103087 0.178121
vt 0.505859 0.129395
vn 0.542531 0.639597 0.544587
v 0.038233 3.293264 0.037490
vt 0.493652 0.228027
vn 0.523810 0.667829 0.528798
v -0.783513 2.158658 -0.993732
vt 0.895386 0.208862
vn -0.614480 0.475008 0.629907
v -0.700142 2.288054 -0.945871
vt 0.891357 0.263428
vn 0.964957 -0.052431 -0.257118
v -0.701753 2.226438 -0.953786
vt 0.881519 0.248520
vn 0.770881 0.516007 0.373470
v -0.513938 2.176671 -0.698366
vt 0.771973 0.250977
vn 0.551146 0.762547 -0.338761
v -0.847346 2.068066 -0.948056
vt 0.891113 0.176758
vn -0.591503 0.577076 0.563124
v -0.556709 2.071232 -0.664743
vt 0.773926 0.212402
vn -0.615229 0.598787 0.512783
v -0.658420 1.921347 -0.593359
vt 0.779297 0.158203
vn -0.603025 0.630094 0.489226
v -0.247536 2.064655 -0.203291
vt 0.596191 0.218262
vn -0.635538 0.621668 0.457844
v -0.187808 2.162177 -0.272582
vt 0.596191 0.260742
vn 0.538617 0.758097 -0.367671
v -0.372595 1.809316 -0.030814
vt 0.593262 0.127441
vn -0.636630 0.613780 0.466879
v -0.019587 2.152420 -0.014497
vt 0.500000 0.267090
vn 0.360027 0.908871 -0.210557
v -0.206442 1.799584 0.184762
vt 0.505859 0.129395
vn -0.633943 0.605694 0.480885
v -0.064516 2.058827 0.061003
vt 0.493652 0.228027
vn -0.625027 0.630786 0.459837
v -1.487840 0.282691 0.889482
vt 0.895386 0.208862
vn 0.358095 0.613494 0.703842
v -1.464815 0.405731 0.828663
vt 0.891357 0.263428
vn -0.166720 0.043102 -0.985062
v -1.460929 0.352168 0.824871
vt 0.881519 0.248520
vn 0.222530 0.776284 -0.589800
v -0.800268 0.391699 0.524178
vt 0.596191 0.218262
vn 0.247884 0.692599 0.677392
v -1.437525 0.210122 0.944275
vt 0.891113 0.176758
vn 0.244854 0.697775 0.673169
v -1.237947 0.406380 0.697888
vt 0.771973 0.250977
vn -0.485633 0.704215 -0.517920
v -0.682929 0.208366 0.673667
vt 0.593262 0.127441
vn 0.274098 0.671495 0.688450
v -0.848818 0.473075 0.456443
vt 0.596191 0.260742
vn -0.412310 0.773901 -0.480706
v -0.371454 0.480680 0.288757
vt 0.407715 0.236328
vn 0.313901 0.611194 0.726573
v 0.012693 0.235630 0.247350
vt 0.285645 0.125488
vn 0.399085 0.495177 0.771707
v -0.402119 0.553671 0.229963
vt 0.403809 0.273926
vn -0.408150 0.812204 -0.416819
v -0.130134 0.531075 0.152480
vt 0.301025 0.247070
vn 0.315946 0.555366 0.769251
v -0.174136 0.613656 0.092817
vt 0.301025 0.288086
vn -0.466558 0.752813 -0.464323
v 1.780979 0.513894 -0.023758
vt 0.895386 0.208862
vn -0.056503 0.582415 -0.810925
v 1.712045 0.628429 0.017946
vt 0.891357 0.263428
vn -0.341020 -0.068813 0.937534
v 1.715115 0.574715 0.018078
vt 0.881519 0.248520
vn -0.616286 0.667338 0.418154
v 1.452891 0.590132 0.017348
vt 0.771973 0.250977
vn 0.020788 0.666950 0.744813
v 0.949001 0.483329 -0.051947
vt 0.596191 0.218262
vn 0.012310 0.678520 -0.734479
v 0.972643 0.562593 0.029168
vt 0.596191 0.260742
vn -0.019438 0.756036 0.654242
v 1.776380 0.439047 -0.095514
vt 0.891113 0.176758
vn -0.002938 0.673519 -0.739164
v 0.438466 0.578842 0.003131
vt 0.403809 0.273926
vn 0.062698 0.802301 0.593618
v 0.877512 0.275052 -0.237892
vt 0.593262 0.127441
vn 0.015620 0.651933 -0.758116
v 0.435912 0.505169 -0.062299
vt 0.407715 0.236328
vn 0.046135 0.627076 -0.777591
v 0.149025 0.630551 0.008590
vt 0.301025 0.288086
vn 0.110075 0.759279 0.641389
v 0.086989 0.292803 -0.214466
vt 0.301270 0.134277
vn 0.035515 0.542888 -0.839054
v 0.134667 0.548036 -0.064139
vt 0.301025 0.247070
vn 0.088004 0.575429 -0.813103
v 0.031967 0.730652 1.730589
vt 0.895386 0.208862
vn 0.704253 0.709950 0.000022
v -0.025344 0.843319 1.670293
vt 0.891357 0.263428
vn -0.926665 -0.129886 -0.352736
v -0.018214 0.789983 1.669409
vt 0.881519 0.248520
vn -0.467665 0.681721 -0.562624
v 0.055596 0.781560 0.948215
vt 0.596191 0.218262
vn 0.619225 0.781936 0.071669
v 0.113398 0.666322 1.720814
vt 0.891113 0.176758
vn 0.612808 0.786986 0.071552
v -0.021052 0.823824 1.409872
vt 0.771973 0.250977
vn -0.781126 0.616050 0.101611
v 0.265811 0.620685 0.937464
vt 0.593262 0.127441
vn 0.643873 0.763080 0.056009
v -0.036214 0.852858 0.949264
vt 0.596191 0.260742
vn -0.713727 0.698387 0.053378
v 0.061238 0.832999 0.454758
vt 0.407715 0.236328
vn 0.703225 0.709501 0.045641
v 0.251461 0.581951 0.124177
vt 0.285645 0.125488
vn 0.799354 0.600849 0.003749
v -0.014561 0.896926 0.445622
vt 0.403809 0.273926
vn -0.662166 0.745116 0.079614
v 0.061130 0.861722 0.175130
vt 0.301025 0.247070
vn 0.746426 0.661727 0.070462
v -0.022496 0.935220 0.176229
vt 0.301025 0.288086
vn -0.724647 0.680314 0.109815
v 1.687637 1.084314 0.455009
vt 0.895386 0.208862
vn 0.002800 0.766907 -0.641752
v 1.585692 1.168367 0.498560
vt 0.891357 0.263428
vn -0.525149 -0.389036 0.756882
v 1.601656 1.118726 0.487729
vt 0.881519 0.248520
vn -0.843120 0.405367 0.353307
v 1.354700 1.089355 0.414362
vt 0.771973 0.250977
vn -0.319329 0.424955 0.847020
v 0.929719 0.923954 0.180946
vt 0.596191 0.218262
vn 0.024727 0.848584 -0.528483
v 0.912715 0.979730 0.280596
vt 0.596191 0.260742
vn -0.356310 0.527483 0.771236
v 1.718789 1.033086 0.371270
vt 0.891113 0.176758
vn 0.014013 0.841281 -0.540416
v 0.419201 0.912387 0.105251
vt 0.403809 0.273926
vn -0.275821 0.603368 0.748244
v 0.958664 0.767854 -0.056496
vt 0.593262 0.127441
vn 0.040816 0.829466 -0.557065
v 0.450669 0.861126 0.027359
vt 0.407715 0.236328
vn 0.079326 0.818375 -0.569183
v 0.136631 0.910646 0.037673
vt 0.301025 0.288086
vn -0.232216 0.555212 0.798633
v 0.215092 0.645585 -0.260474
vt 0.301270 0.134277
vn 0.104648 0.753141 -0.649482
v 0.161047 0.851127 -0.052299
vt 0.301025 0.247070
vn 0.139254 0.787568 -0.600288
v 1.436225 1.705879 -0.264917
vt 0.895386 0.208862
vn -0.460625 0.394253 -0.795229
v 1.372753 1.807103 -0.219201
vt 0.891357 0.263428
vn -0.381047 -0.016439 0.924409
v 1.368962 1.750200 -0.218367
vt 0.881519 0.248520
vn -0.579001 0.387088 0.717579
v 1.151094 1.598680 -0.186123
vt 0.771973 0.250977
vn -0.237530 0.557602 0.795399
v 1.150557 1.485849 -0.232286
vt 0.771973 0.212402
vn -0.474400 0.537142 -0.697440
v 1.437980 1.645121 -0.341540
vt 0.891113 0.176758
vn -0.492146 0.536192 -0.685777
v 0.807004 1.375584 -0.119520
vt 0.596191 0.260742
vn -0.233216 0.678592 0.696507
v 1.142623 1.379043 -0.351696
vt 0.772461 0.157227
vn -0.493953 0.608092 -0.621478
v 0.790420 1.269774 -0.191434
vt 0.596191 0.218262
vn -0.392357 0.527483 -0.753537
v 0.390452 1.203466 -0.077453
vt 0.403809 0.273926
vn -0.166447 0.760790 0.627291
v 0.764962 1.097203 -0.275725
vt 0.593262 0.127441
vn -0.352935 0.502873 -0.789022
v 0.394020 1.107335 -0.136819
vt 0.407715 0.236328
vn -0.305237 0.529773 -0.791309
v 0.118027 1.146758 -0.025562
vt 0.301025 0.288086
vn -0.085514 0.770446 0.631744
v 0.379745 0.932533 -0.299052
vt 0.412598 0.131836
vn -0.340143 0.567985 -0.749464
v 0.111869 1.040013 -0.091336
vt 0.301025 0.247070
vn -0.340500 0.496575 -0.798419
v 0.121781 0.830193 -0.166451
vt 0.301270 0.134277
vn -0.407317 0.482997 -0.775117
v -0.977628 1.481798 1.331729
vt 0.895386 0.208862
vn 0.700952 0.676941 0.224538
v -0.967592 1.558690 1.226033
vt 0.891357 0.263428
vn -0.562568 -0.321489 -0.761684
v -0.971165 1.511906 1.244541
vt 0.881519 0.248520
vn 0.047409 0.387504 -0.920648
v -0.826598 1.458371 1.054163
vt 0.771973 0.250977
vn -0.600277 0.505436 -0.619840
v -0.498831 1.246495 0.767740
vt 0.596191 0.218262
vn 0.596771 0.777298 0.199180
v -0.572400 1.309064 0.716496
vt 0.596191 0.260742
vn -0.502965 0.591495 -0.630207
v -0.922223 1.426324 1.389671
vt 0.891113 0.176758
vn 0.610696 0.767790 0.193777
v -0.258226 1.190947 0.347283
vt 0.403809 0.273926
vn -0.500417 0.669794 -0.548597
v -0.322757 1.074852 0.880255
vt 0.593262 0.127441
vn 0.614634 0.755928 0.225383
v -0.208048 1.136139 0.403447
vt 0.407715 0.236328
vn 0.609992 0.746404 0.266065
v -0.101948 1.161604 0.123474
vt 0.301025 0.288086
vn -0.569554 0.632012 -0.525517
v 0.095071 0.884343 0.303301
vt 0.301270 0.134277
vn 0.665624 0.673631 0.321195
v -0.039917 1.097167 0.177900
vt 0.301025 0.247070
vn 0.612383 0.716379 0.334348
v -1.425727 1.272279 -0.770245
vt 0.895386 0.208862
vn -0.249517 0.611211 0.751107
v -1.332364 1.364192 -0.763908
vt 0.891357 0.263428
vn 0.750070 -0.127807 -0.648891
v -1.344097 1.315366 -0.768726
vt 0.881519 0.248520
vn 0.829508 0.556696 0.044785
v -0.814539 1.128304 -0.386495
vt 0.596191 0.218262
vn -0.246945 0.712178 0.657131
v -1.468570 1.205028 -0.714423
vt 0.891113 0.176758
vn -0.243331 0.717090 0.653125
v -1.132879 1.283755 -0.647148
vt 0.771973 0.250977
vn 0.425147 0.693166 -0.582041
v -0.935636 0.962847 -0.247898
vt 0.593262 0.127441
vn -0.250745 0.687083 0.681942
v -0.758200 1.200597 -0.445883
vt 0.596191 0.260742
vn 0.445118 0.753126 -0.484428
v -0.421291 1.055690 -0.147853
vt 0.407715 0.236328
vn -0.282622 0.626261 0.726582
v -0.296694 0.734048 0.101524
vt 0.285645 0.125488
vn -0.316037 0.501831 0.805162
v -0.366833 1.117581 -0.190002
vt 0.403809 0.273926
vn 0.405336 0.800063 -0.442270
v -0.196908 1.014443 -0.015326
vt 0.301025 0.247070
vn -0.333353 0.582375 0.741428
v -0.144646 1.088051 -0.067086
vt 0.301025 0.288086
vn 0.403148 0.745511 -0.530740
v -0.018735 2.641854 -0.013714
vt 0.002554 0.558838
vn -0.127131 0.979237 -0.157901
v 0.027715 2.505044 -0.132107
vt 0.008545 0.602783
vn 0.012529 0.677542 -0.735377
v 0.097084 2.633069 -0.015482
vt 0.047180 0.562256
vn 0.032280 0.818119 0.574142
v 0.326676 2.454528 -0.170033
vt 0.135864 0.640137
vn 0.032608 0.719227 -0.694010
v 0.294466 2.642757 -0.020695
vt 0.124207 0.562012
vn 0.023977 0.777940 0.627881
v 0.401389 2.309559 -0.348991
vt 0.165649 0.730225
vn -0.042702 0.791069 -0.610235
v 0.416028 2.450732 -0.170668
vt 0.170654 0.641602
vn -0.007504 0.721501 -0.692373
v 0.460329 2.630639 -0.019815
vt 0.189087 0.558105
vn -0.037616 0.819239 0.572218
v 0.530214 2.630509 -0.012493
vt 0.214722 0.560303
vn -0.079714 0.996631 -0.019310
v 0.511806 2.454208 -0.176485
vt 0.207886 0.643066
vn -0.016215 0.742938 -0.669163
v 0.569999 2.308193 -0.381517
vt 0.229858 0.740234
vn -0.110238 0.812639 -0.572246
v 0.613042 2.630353 -0.003814
vt 0.244995 0.556885
vn -0.106307 0.818063 0.565218
v 0.592403 2.453168 -0.176436
vt 0.239258 0.644287
vn 0.000129 0.760226 -0.649659
v 0.655357 2.454540 -0.180064
vt 0.263672 0.645508
vn -0.101227 0.782202 -0.614747
v 0.890726 2.413643 -0.328210
vt 0.357666 0.701660
vn -0.232936 0.816577 -0.528151
v 0.737338 2.633136 0.003072
vt 0.296387 0.554199
vn -0.183125 0.844424 0.503402
v 0.820601 2.495734 -0.174166
vt 0.329834 0.634766
vn -0.180711 0.792164 -0.582941
v 0.909160 2.524408 -0.171826
vt 0.364014 0.628906
vn -0.245043 0.793321 -0.557311
v 1.094329 2.592545 -0.183614
vt 0.435547 0.618408
vn -0.245063 0.827167 -0.505705
v 0.860900 2.655175 0.017745
vt 0.344727 0.556641
vn -0.289115 0.957292 -0.001924
v 0.929035 2.667329 0.026665
vt 0.370605 0.554443
vn -0.288452 0.812420 0.506723
v 1.232287 2.733126 0.028101
vt 0.488281 0.562012
vn -0.170404 0.664806 0.727321
v -0.110331 2.497318 0.059224
vt 0.008545 0.602783
vn -0.751060 0.623499 0.217160
v -0.079439 2.592827 -0.098284
vt 0.047180 0.562256
vn 0.285711 0.754645 -0.590660
v -0.289838 2.344179 -0.132131
vt 0.135864 0.640137
vn -0.735741 0.656605 0.166000
v -0.190446 2.531977 -0.249123
vt 0.124207 0.562012
vn 0.340837 0.720854 -0.603490
v -0.445544 2.181510 -0.043475
vt 0.165649 0.730225
vn -0.641213 0.751588 0.154795
v -0.337124 2.309012 -0.198815
vt 0.170654 0.641602
vn -0.713025 0.673395 0.195278
v -0.275437 2.461978 -0.372578
vt 0.189087 0.558105
vn 0.317547 0.782738 -0.535243
v -0.306604 2.437164 -0.430059
vt 0.214722 0.560303
vn -0.181238 0.959833 -0.214181
v -0.393661 2.278321 -0.269598
vt 0.207886 0.643066
vn -0.693861 0.696645 0.182327
v -0.561787 2.120371 -0.153088
vt 0.229858 0.740234
vn -0.578162 0.796090 0.178802
v -0.343542 2.407754 -0.498184
vt 0.244995 0.556885
vn 0.350298 0.804927 -0.478941
v -0.436317 2.248825 -0.330815
vt 0.239258 0.644287
vn -0.690137 0.707086 0.154077
v -0.473120 2.227803 -0.377180
vt 0.263672 0.645508
vn -0.611317 0.764189 0.205686
v -0.711474 2.105503 -0.459730
vt 0.357666 0.701660
vn -0.476673 0.843925 0.246118
v -0.405150 2.366393 -0.597463
vt 0.296387 0.554199
vn 0.335340 0.856863 -0.391577
v -0.565147 2.207768 -0.518903
vt 0.329834 0.634766
vn -0.545048 0.801870 0.244799
v -0.616562 2.203178 -0.596349
vt 0.364014 0.628906
vn -0.489503 0.826172 0.278976
v -0.739549 2.201113 -0.751161
vt 0.435547 0.618408
vn -0.454190 0.857852 0.240420
v -0.463154 2.343302 -0.707044
vt 0.344727 0.556641
vn -0.045112 0.997570 -0.053087
v -0.495138 2.330570 -0.767469
vt 0.370605 0.554443
vn 0.403335 0.863303 -0.303363
v -0.669694 2.284606 -1.019216
vt 0.488281 0.562012
vn 0.557625 0.675632 -0.482261
v 0.097113 2.505980 0.054022
vt 0.008545 0.602783
vn 0.161361 0.557641 0.814247
v -0.080047 2.568085 0.049512
vt 0.047180 0.562256
vn -0.764443 0.631306 -0.130691
v -0.038914 2.292939 0.220086
vt 0.135864 0.640137
vn 0.100696 0.571578 0.814346
v -0.203462 2.461977 0.159283
vt 0.124207 0.562012
vn -0.777811 0.596788 -0.197115
v 0.097970 2.134637 0.341655
vt 0.165649 0.730225
vn 0.061460 0.673586 0.736550
v -0.091733 2.238281 0.265775
vt 0.170654 0.641602
vn 0.123776 0.598003 0.791879
v -0.300466 2.356395 0.240601
vt 0.189087 0.558105
vn -0.713063 0.683698 -0.155235
v -0.347760 2.315856 0.271858
vt 0.214722 0.560303
vn -0.386150 0.857303 0.340470
v -0.148565 2.185845 0.321533
vt 0.207886 0.643066
vn 0.104393 0.619690 0.777873
v 0.015763 2.036525 0.454083
vt 0.229858 0.740234
vn 0.069457 0.730619 0.679243
v -0.404635 2.267798 0.307925
vt 0.244995 0.556885
vn -0.650850 0.732110 -0.201022
v -0.197722 2.138461 0.363167
vt 0.239258 0.644287
vn 0.083152 0.629842 0.772260
v -0.234777 2.103256 0.399322
vt 0.263672 0.645508
vn 0.109671 0.701893 0.703789
v -0.265193 1.935933 0.620355
vt 0.357666 0.701660
vn 0.114280 0.805729 0.581155
v -0.486498 2.198198 0.369010
vt 0.296387 0.554199
vn -0.586059 0.790644 -0.177245
v -0.359515 2.041054 0.496576
vt 0.329834 0.634766
vn 0.122865 0.744790 0.655890
v -0.428916 2.013057 0.551814
vt 0.364014 0.628906
vn 0.151177 0.794316 0.588394
v -0.567108 1.961316 0.683190
vt 0.435547 0.618408
vn 0.103260 0.821253 0.561142
v -0.582288 2.144489 0.430556
vt 0.344727 0.556641
vn -0.250122 0.947627 0.198602
v -0.635643 2.114866 0.463858
vt 0.370605 0.554443
vn -0.511342 0.824008 -0.244007
v -0.853940 1.992898 0.645839
vt 0.488281 0.562012
vn -0.661673 0.627020 -0.411140
v -0.019067 2.710396 -0.014218
vt 0.002554 0.558838
vn -0.686672 0.701325 0.191376
v 0.095238 2.595824 0.006688
vt 0.008545 0.602783
vn 0.689921 0.687228 -0.227435
v 0.008311 2.710749 0.082711
vt 0.047180 0.562256
vn -0.572334 0.811321 0.119127
v 0.195982 2.572989 0.252032
vt 0.135864 0.640137
vn 0.653138 0.730060 -0.201057
v 0.056269 2.732905 0.246454
vt 0.124207 0.562012
vn -0.621734 0.772784 0.127477
v 0.368519 2.453994 0.283794
vt 0.165649 0.730225
vn 0.550833 0.793751 -0.257957
v 0.216699 2.575881 0.327029
vt 0.170654 0.641602
vn 0.640911 0.729023 -0.240329
v 0.093136 2.733836 0.386471
vt 0.189087 0.558105
vn -0.584859 0.809512 0.051288
v 0.103134 2.738486 0.446579
vt 0.214722 0.560303
vn -0.032422 0.987305 -0.155495
v 0.243029 2.585604 0.405757
vt 0.207886 0.643066
vn 0.615914 0.749123 -0.243856
v 0.433952 2.464845 0.417845
vt 0.229858 0.740234
vn 0.496118 0.809146 -0.314882
v 0.113903 2.743985 0.518105
vt 0.244995 0.556885
vn -0.597420 0.801771 -0.015870
v 0.261119 2.590280 0.473389
vt 0.239258 0.644287
vn 0.600804 0.767332 -0.224135
v 0.278287 2.595876 0.525241
vt 0.263672 0.645508
vn 0.540136 0.780253 -0.315371
v 0.457729 2.578239 0.691716
vt 0.357666 0.701660
vn 0.422035 0.802262 -0.422210
v 0.136403 2.754943 0.623522
vt 0.296387 0.554199
vn -0.559239 0.821953 -0.107908
v 0.309180 2.643106 0.662337
vt 0.329834 0.634766
vn 0.489119 0.783015 -0.384253
v 0.326234 2.674170 0.735188
vt 0.364014 0.628906
vn 0.447798 0.778499 -0.439790
v 0.375764 2.746427 0.883195
vt 0.435547 0.618408
vn 0.397022 0.811335 -0.429079
v 0.151080 2.782518 0.728940
vt 0.344727 0.556641
vn -0.104306 0.930806 -0.350315
v 0.158472 2.797715 0.787257
vt 0.370605 0.554443
vn -0.590523 0.779981 -0.207152
v 0.223402 2.875967 1.037380
vt 0.488281 0.562012
vn -0.766795 0.641374 -0.025798
v -1.555214 1.321231 0.264696
vt 0.895386 0.208862
vn 0.127374 0.840302 0.526942
v -1.503772 1.400488 0.186314
vt 0.891357 0.263428
vn 0.231400 -0.424942 -0.875145
v -1.504577 1.356883 0.204071
vt 0.881519 0.248520
vn 0.538817 0.453924 -0.709668
v -1.277726 1.368262 0.172060
vt 0.771973 0.250977
vn -0.134329 0.339702 -0.930891
v -0.830321 1.300173 0.207631
vt 0.596191 0.218262
vn 0.047984 0.902393 0.428235
v -0.862030 1.338596 0.118309
vt 0.596191 0.260742
vn -0.088449 0.455599 -0.885780
v -1.541217 1.283258 0.346383
vt 0.891113 0.176758
vn 0.063482 0.898315 0.434741
v -0.397036 1.356704 0.076350
vt 0.403809 0.273926
vn -0.163747 0.524819 -0.835315
v -0.741932 1.189778 0.417558
vt 0.593262 0.127441
vn 0.048290 0.885429 0.462259
v -0.385414 1.317968 0.153498
vt 0.407715 0.236328
vn 0.020777 0.871317 0.490281
v -0.148596 1.395113 0.023863
vt 0.301025 0.288086
vn -0.215248 0.467914 -0.857161
v -0.059970 1.191793 0.307652
vt 0.301270 0.134277
vn 0.042377 0.815110 0.577754
v -0.125683 1.351447 0.108499
vt 0.301025 0.247070
vn -0.014617 0.837419 0.546366
v -0.271442 1.635463 1.570748
vt 0.895386 0.208862
vn 0.778277 0.626997 -0.034064
v -0.300277 1.725691 1.479542
vt 0.891357 0.263428
vn -0.860282 -0.150091 -0.487225
v -0.300144 1.677043 1.492880
vt 0.881519 0.248520
vn -0.269956 0.537314 -0.799010
v -0.116613 1.483705 0.869219
vt 0.596191 0.218262
vn 0.692200 0.721704 -0.001577
v -0.203255 1.569398 1.592745
vt 0.891113 0.176758
vn 0.686299 0.727309 -0.003872
v -0.255649 1.642735 1.254240
vt 0.771973 0.250977
vn -0.701307 0.680485 -0.212387
v 0.057702 1.321449 0.937603
vt 0.593262 0.127441
vn 0.716373 0.697688 -0.006438
v -0.192025 1.554588 0.835871
vt 0.596191 0.260742
vn -0.616876 0.741142 -0.264902
v -0.025062 1.406017 0.420384
vt 0.407715 0.236328
vn 0.769229 0.638916 0.008582
v 0.171833 1.084137 0.223046
vt 0.285645 0.125488
vn 0.857147 0.514838 0.015519
v -0.085079 1.466583 0.382768
vt 0.403809 0.273926
vn -0.564352 0.789421 -0.241500
v 0.023742 1.361847 0.165525
vt 0.301025 0.247070
vn 0.800323 0.597317 0.051913
v -0.044744 1.434095 0.133085
vt 0.301025 0.288086
vn -0.641630 0.737967 -0.209085
v -0.405085 2.002313 -1.425789
vt 0.895386 0.208862
vn -0.754336 0.394469 0.524759
v -0.354926 2.104861 -1.368221
vt 0.891357 0.263428
vn 0.953673 -0.002128 0.300838
v -0.353169 2.048029 -1.363709
vt 0.881519 0.248520
vn 0.760822 0.401704 0.509690
v -0.300404 1.900031 -1.148034
vt 0.771973 0.250977
vn 0.808479 0.566677 0.158868
v -0.345319 1.786819 -1.141848
vt 0.771973 0.212402
vn -0.657852 0.537970 0.527086
v -0.481186 1.940863 -1.419976
vt 0.891113 0.176758
vn -0.643685 0.537761 0.544503
v -0.202376 1.682648 -0.808797
vt 0.596191 0.260742
vn 0.706463 0.688825 0.162573
v -0.462862 1.679094 -1.122023
vt 0.772461 0.157227
vn -0.581382 0.609309 0.539200
v -0.270898 1.576449 -0.784750
vt 0.596191 0.218262
vn -0.720854 0.526097 0.451211
v -0.120677 1.517041 -0.396858
vt 0.403809 0.273926
vn 0.631995 0.768413 0.100618
v -0.351130 1.403538 -0.749637
vt 0.593262 0.127441
vn -0.758072 0.503020 0.415087
v -0.180127 1.420365 -0.393625
vt 0.407715 0.236328
vn -0.765560 0.528595 0.366750
v -0.046132 1.464849 -0.129677
vt 0.301025 0.288086
vn 0.627038 0.778685 0.021760
v -0.339208 1.244371 -0.362789
vt 0.412598 0.131836
vn -0.721229 0.567171 0.397676
v -0.109415 1.357616 -0.116502
vt 0.301025 0.247070
vn -0.769689 0.495456 0.402620
v -0.183164 1.147020 -0.116765
vt 0.301270 0.134277
vn -0.740040 0.482668 0.468372
v -0.008553 3.115899 -0.013997
vt 0.002554 0.558838
vn 0.759534 0.650223 0.017841
v -0.117094 2.970891 -0.058133
vt 0.008545 0.602783
vn -0.566711 0.624163 -0.537827
v 0.034433 3.068028 -0.109364
vt 0.047180 0.562256
vn 0.645931 0.762238 -0.042022
v -0.039368 2.820541 -0.310122
vt 0.135864 0.640137
vn -0.515653 0.657222 -0.549692
v 0.110999 3.009267 -0.280895
vt 0.124207 0.562012
vn 0.685537 0.728038 -0.000280
v -0.192947 2.657468 -0.401650
vt 0.165649 0.730225
vn -0.459850 0.751613 -0.472881
v -0.004792 2.786289 -0.384594
vt 0.170654 0.641602
vn -0.529928 0.673595 -0.515215
v 0.175794 2.940946 -0.416856
vt 0.189087 0.558105
vn 0.613111 0.789891 0.012942
v 0.210350 2.916885 -0.472720
vt 0.214722 0.560303
vn 0.086515 0.962623 -0.256656
v 0.028682 2.756591 -0.469059
vt 0.207886 0.643066
vn -0.509037 0.696473 -0.505773
v -0.155348 2.597973 -0.557336
vt 0.229858 0.740234
vn -0.449413 0.795783 -0.405903
v 0.251837 2.888375 -0.538683
vt 0.244995 0.556885
vn 0.574110 0.813726 0.090815
v 0.060777 2.727932 -0.536750
vt 0.239258 0.644287
vn -0.488955 0.710479 -0.506106
v 0.082826 2.707560 -0.591887
vt 0.263672 0.645508
vn -0.492647 0.763109 -0.418287
v 0.036342 2.587054 -0.839986
vt 0.357666 0.701660
vn -0.457245 0.842802 -0.283923
v 0.307088 2.848336 -0.642115
vt 0.296387 0.554199
vn 0.497496 0.860759 0.107659
v 0.160103 2.689434 -0.742357
vt 0.329834 0.634766
vn -0.489253 0.793844 -0.361169
v 0.201717 2.685891 -0.825498
vt 0.364014 0.628906
vn -0.492051 0.824792 -0.278574
v 0.274739 2.685993 -1.009073
vt 0.435547 0.618408
vn -0.441351 0.856720 -0.266907
v 0.373477 2.826674 -0.747177
vt 0.344727 0.556641
vn 0.015719 0.998257 -0.056880
v 0.410085 2.814729 -0.805110
vt 0.370605 0.554443
vn 0.456988 0.865206 0.206348
v 0.541894 2.772199 -1.082057
vt 0.488281 0.562012
vn 0.690539 0.678828 0.249697
v 0.001972 3.115885 -0.010302
vt 0.002554 0.558838
vn -0.197597 0.536571 -0.820394
v 0.004377 2.978999 0.115687
vt 0.008545 0.602783
vn -0.634004 0.539369 0.554184
v -0.080797 3.041795 -0.038915
vt 0.047180 0.562256
vn -0.273933 0.641901 -0.716187
v -0.206212 2.764627 0.079396
vt 0.135864 0.640137
vn -0.657636 0.562506 0.501100
v -0.237232 2.934927 -0.090955
vt 0.124207 0.562012
vn -0.228207 0.614062 -0.755546
v -0.242107 2.604488 0.256900
vt 0.165649 0.730225
vn -0.610951 0.665898 0.428157
v -0.271880 2.709659 0.056160
vt 0.170654 0.641602
vn -0.627420 0.588498 0.509916
v -0.355542 2.828804 -0.134971
vt 0.189087 0.558105
vn -0.224920 0.685912 -0.692051
v -0.405821 2.788094 -0.161076
vt 0.214722 0.560303
vn -0.493246 0.855316 -0.158566
v -0.348322 2.656815 0.034516
vt 0.207886 0.643066
vn -0.624790 0.610969 0.486164
v -0.380107 2.505436 0.241277
vt 0.229858 0.740234
vn -0.557729 0.723505 0.406790
v -0.465412 2.739846 -0.192015
vt 0.244995 0.556885
vn -0.154214 0.734280 -0.661098
v -0.408695 2.609151 0.012479
vt 0.239258 0.644287
vn -0.630144 0.621707 0.465187
v -0.458354 2.573683 -0.001743
vt 0.263672 0.645508
vn -0.558614 0.693794 0.454533
v -0.664257 2.404030 0.081015
vt 0.357666 0.701660
vn -0.450864 0.799287 0.397318
v -0.558862 2.669871 -0.232754
vt 0.296387 0.554199
vn -0.143637 0.793197 -0.591784
v -0.604728 2.510860 -0.061337
vt 0.329834 0.634766
vn -0.511331 0.737065 0.441899
v -0.687200 2.482507 -0.093870
vt 0.364014 0.628906
vn -0.438848 0.787283 0.433126
v -0.870033 2.429816 -0.147921
vt 0.435547 0.618408
vn -0.439155 0.814868 0.378329
v -0.659602 2.615835 -0.285690
vt 0.344727 0.556641
vn -0.304031 0.946229 -0.110528
v -0.715153 2.586037 -0.314880
vt 0.370605 0.554443
vn -0.048640 0.826709 -0.560524
v -0.981472 2.462854 -0.413327
vt 0.488281 0.562012
vn 0.024527 0.626347 -0.779159
v 0.001859 3.281354 -0.006420
vt 0.002554 0.558838
vn -0.706457 0.676804 0.207014
v 0.131937 3.183391 0.009574
vt 0.008545 0.602783
vn 0.522837 0.651428 -0.549802
v 0.051473 3.307573 0.077152
vt 0.047180 0.562256
vn -0.625146 0.776198 0.081909
v 0.290896 3.228895 0.218319
vt 0.135864 0.640137
vn 0.488231 0.697375 -0.524689
v 0.134097 3.372786 0.212901
vt 0.124207 0.562012
vn -0.666187 0.737432 0.111305
v 0.480200 3.133147 0.230189
vt 0.165649 0.730225
vn 0.368207 0.737740 -0.565830
v 0.328492 3.251679 0.282499
vt 0.170654 0.641602
vn 0.467254 0.685634 -0.558194
v 0.203131 3.410892 0.334232
vt 0.189087 0.558105
vn -0.653741 0.756401 0.021917
v 0.226600 3.430974 0.386869
vt 0.214722 0.560303
vn -0.194429 0.913092 -0.358414
v 0.371488 3.282350 0.347121
vt 0.207886 0.643066
vn 0.439856 0.702450 -0.559545
v 0.573982 3.181202 0.336120
vt 0.229858 0.740234
vn 0.300027 0.734647 -0.608504
v 0.253445 3.454765 0.449811
vt 0.244995 0.556885
vn -0.681343 0.731074 -0.036094
v 0.404549 3.304854 0.404676
vt 0.239258 0.644287
vn 0.427718 0.724108 -0.541041
v 0.432806 3.324261 0.447470
vt 0.263672 0.645508
vn 0.346036 0.709547 -0.613842
v 0.647837 3.360291 0.560378
vt 0.357666 0.701660
vn 0.204201 0.695942 -0.688452
v 0.299013 3.493014 0.540173
vt 0.296387 0.554199
vn -0.669129 0.730296 -0.137602
v 0.489304 3.405944 0.556938
vt 0.329834 0.634766
vn 0.280316 0.691418 -0.665856
v 0.519155 3.455149 0.613560
vt 0.364014 0.628906
vn 0.227821 0.670145 -0.706402
v 0.592920 3.564913 0.722569
vt 0.435547 0.618408
vn 0.177424 0.701267 -0.690468
v 0.334870 3.546794 0.628755
vt 0.344727 0.556641
vn -0.303255 0.804614 -0.510521
v 0.354013 3.576443 0.677962
vt 0.370605 0.554443
vn -0.718032 0.662480 -0.213425
v 0.466373 3.718382 0.877253
vt 0.488281 0.562012
vn -0.824506 0.564960 0.031771
v -0.004165 3.683661 -0.003748
vt 0.002554 0.558838
vn -0.090222 0.742123 0.664164
v 0.041442 3.540538 -0.064089
vt 0.008545 0.602783
vn 0.435168 0.490666 -0.754901
v 0.085352 3.660260 0.036427
vt 0.047180 0.562256
vn 0.004998 0.903506 0.428546
v 0.278697 3.450215 0.016333
vt 0.135864 0.640137
vn 0.446474 0.538383 -0.714706
v 0.244137 3.640724 0.100925
vt 0.124207 0.562012
vn -0.028141 0.883323 0.467919
v 0.364908 3.284927 -0.081634
vt 0.165649 0.730225
vn 0.363818 0.638040 -0.678632
v 0.348513 3.434710 0.047466
vt 0.170654 0.641602
vn 0.409054 0.547774 -0.729807
v 0.372034 3.608055 0.160960
vt 0.189087 0.558105
vn -0.052205 0.920999 0.386050
v 0.424913 3.599653 0.190691
vt 0.214722 0.560303
vn 0.164040 0.968151 -0.189142
v 0.426540 3.423485 0.075862
vt 0.207886 0.643066
vn 0.398107 0.574626 -0.715063
v 0.507849 3.254743 -0.048370
vt 0.229858 0.740234
vn 0.293508 0.677856 -0.674065
v 0.487177 3.589934 0.226938
vt 0.244995 0.556885
vn -0.111904 0.928490 0.354096
v 0.489807 3.411618 0.104150
vt 0.239258 0.644287
vn 0.409918 0.592932 -0.693108
v 0.540844 3.403509 0.123079
vt 0.263672 0.645508
vn 0.309517 0.638047 -0.705050
v 0.765177 3.309554 0.092952
vt 0.357666 0.701660
vn 0.166929 0.710735 -0.683366
v 0.583658 3.576476 0.274956
vt 0.296387 0.554199
vn -0.154242 0.951435 0.266422
v 0.677611 3.416705 0.180418
vt 0.329834 0.634766
vn 0.228606 0.666913 -0.709201
v 0.752527 3.429175 0.209700
vt 0.364014 0.628906
vn 0.161236 0.683663 -0.711763
v 0.916178 3.459044 0.256739
vt 0.435547 0.618408
vn 0.150502 0.727435 -0.669468
v 0.680847 3.580870 0.327011
vt 0.344727 0.556641
vn -0.042733 0.967971 -0.247397
v 0.734336 3.583352 0.355970
vt 0.370605 0.554443
vn -0.259935 0.937124 0.232879
v 0.986150 3.597680 0.455356
vt 0.488281 0.562012
vn -0.269050 0.820237 0.504800
v -0.649696 4.219543 0.048834
vt 0.895386 0.208862
vn 0.378792 0.334867 0.862775
v -0.566756 4.262349 0.023725
vt 0.891357 0.263428
vn 0.255695 -0.206918 -0.944354
v -0.588713 4.232402 0.022005
vt 0.881519 0.248520
vn 0.899953 0.084513 -0.427717
v -0.438174 4.116996 0.015555
vt 0.771973 0.250977
vn 0.388761 0.652684 -0.650284
v -0.675151 4.172021 0.095563
vt 0.891113 0.176758
vn 0.390689 0.443772 0.806492
v -0.467044 4.061183 0.047975
vt 0.773926 0.212402
vn 0.352701 0.489407 0.797548
v -0.509830 3.982908 0.121979
vt 0.779297 0.158203
vn 0.356864 0.522867 0.774118
v -0.179432 3.900853 0.050894
vt 0.596191 0.218262
vn 0.313698 0.537074 0.783036
v -0.163345 3.958133 -0.001736
vt 0.596191 0.260742
vn 0.359420 0.663343 -0.656348
v -0.216281 3.747944 0.170367
vt 0.593262 0.127441
vn 0.315753 0.527052 0.788997
v -0.005639 3.866053 0.002209
vt 0.500000 0.267090
vn 0.456196 0.780121 -0.428132
v -0.077534 3.666101 0.161112
vt 0.505859 0.129395
vn 0.323580 0.513570 0.794696
v -0.013575 3.807001 0.049661
vt 0.493652 0.228027
vn 0.324585 0.541877 0.775251
v 0.548804 3.633210 -0.736855
vt 0.895386 0.208862
vn -0.829911 0.453486 -0.324960
v 0.517276 3.709340 -0.642478
vt 0.891357 0.263428
vn 0.517194 -0.202924 0.831464
v 0.528629 3.665167 -0.657695
vt 0.881519 0.248520
vn -0.246195 0.263273 0.932778
v 0.385325 3.561326 -0.485495
vt 0.771973 0.250977
vn 0.363669 0.690358 0.625420
v 0.512265 3.568556 -0.792088
vt 0.891113 0.176758
vn -0.777405 0.556375 -0.293408
v 0.363756 3.484424 -0.530406
vt 0.773926 0.212402
vn -0.738845 0.591853 -0.322208
v 0.307197 3.377522 -0.619708
vt 0.779297 0.158203
vn -0.717642 0.624304 -0.308601
v 0.089009 3.362959 -0.225431
vt 0.596191 0.218262
vn -0.695034 0.628889 -0.348462
v 0.141292 3.436979 -0.176067
vt 0.596191 0.260742
vn 0.386090 0.696713 0.604587
v -0.034770 3.165904 -0.333565
vt 0.593262 0.127441
vn -0.702757 0.619798 -0.349261
v -0.157834 3.101022 -0.176604
vt 0.505859 0.129395
vn -0.714223 0.608670 -0.345553
v -0.066877 3.290987 -0.046840
vt 0.493652 0.228027
vn -0.695347 0.635278 -0.336026
v -0.006331 3.115947 -0.004070
vt 0.002554 0.558838
vn -0.582369 0.700194 0.413006
v 0.120333 2.980284 -0.024655
vt 0.008545 0.602783
vn 0.636833 0.686845 -0.350268
v 0.052661 3.106754 0.094684
vt 0.047180 0.562256
vn -0.486641 0.812174 0.321798
v 0.303193 2.929102 0.213960
vt 0.135864 0.640137
vn 0.609987 0.728308 -0.312222
v 0.155309 3.115774 0.262817
vt 0.124207 0.562012
vn -0.533745 0.774301 0.339962
v 0.497209 2.785857 0.187659
vt 0.165649 0.730225
vn 0.499371 0.798765 -0.335565
v 0.348457 2.924989 0.290727
vt 0.170654 0.641602
vn 0.587998 0.730728 -0.346836
v 0.237584 3.103043 0.406303
vt 0.189087 0.558105
vn -0.516209 0.816134 0.259720
v 0.266679 3.102581 0.469989
vt 0.214722 0.560303
vn -0.028618 0.997058 -0.071111
v 0.401378 2.928179 0.370516
vt 0.207886 0.643066
vn 0.563801 0.751600 -0.342384
v 0.609796 2.784236 0.316911
vt 0.229858 0.740234
vn 0.432546 0.819945 -0.374958
v 0.300052 3.102022 0.546108
vt 0.244995 0.556885
vn -0.545737 0.814291 0.197743
v 0.441648 2.926844 0.440095
vt 0.239258 0.644287
vn 0.555143 0.768532 -0.318080
v 0.476270 2.928027 0.492629
vt 0.263672 0.645508
vn 0.473519 0.790223 -0.389008
v 0.723015 2.887918 0.621333
vt 0.357666 0.701660
vn 0.333044 0.823537 -0.459205
v 0.356711 3.104280 0.656563
vt 0.296387 0.554199
vn -0.531936 0.840787 0.100605
v 0.553447 2.968550 0.638571
vt 0.329834 0.634766
vn 0.406692 0.799704 -0.441673
v 0.595468 2.996873 0.716434
vt 0.364014 0.628906
vn 0.352325 0.800653 -0.484584
v 0.697757 3.064460 0.870973
vt 0.435547 0.618408
vn 0.307502 0.833694 -0.458690
v 0.405574 3.125703 0.770745
vt 0.344727 0.556641
vn -0.150639 0.958105 -0.243602
v 0.431797 3.137510 0.834122
vt 0.370605 0.554443
vn -0.589333 0.807822 0.010504
v 0.581666 3.202180 1.097169
vt 0.488281 0.562012
vn -0.719416 0.658259 0.221665
v -0.335546 4.457586 0.551521
vt 0.895386 0.208862
vn 0.921297 0.345070 0.179274
v -0.309734 4.499671 0.468250
vt 0.891357 0.263428
vn -0.626719 -0.223738 -0.746434
v -0.322651 4.469807 0.486210
vt 0.881519 0.248520
vn 0.188035 0.069234 -0.979719
v -0.241748 4.353357 0.360506
vt 0.771973 0.250977
vn -0.312249 0.642525 -0.699759
v -0.311600 4.410630 0.599614
vt 0.891113 0.176758
vn 0.882496 0.450511 0.135057
v -0.230995 4.297987 0.403619
vt 0.773926 0.212402
vn 0.853173 0.495942 0.161672
v -0.194481 4.220626 0.481834
vt 0.779297 0.158203
vn 0.836600 0.528103 0.145629
v -0.063125 4.135735 0.172219
vt 0.596191 0.218262
vn 0.818733 0.543595 0.184881
v -0.097324 4.192461 0.128283
vt 0.596191 0.260742
vn -0.329821 0.656695 -0.678211
v 0.014389 3.984083 0.272468
vt 0.593262 0.127441
vn 0.825278 0.532582 0.187811
v -0.003836 4.099376 0.002439
vt 0.500000 0.267090
vn -0.029707 0.798725 -0.600963
v 0.086622 3.901224 0.154771
vt 0.505859 0.129395
vn 0.834467 0.519086 0.184970
v 0.031288 4.040749 0.037120
vt 0.493652 0.228027
vn 0.818860 0.547854 0.171244
v -1.150110 1.727130 0.475733
vt 0.895386 0.208862
vn 0.344292 0.550347 0.760645
v -1.106467 1.866685 0.407363
vt 0.891357 0.263428
vn 0.033373 -0.036831 -0.998764
v -1.103178 1.804647 0.406589
vt 0.881519 0.248520
vn 0.449969 0.607866 -0.654237
v -0.800579 1.808171 0.297650
vt 0.771973 0.250977
vn -0.302736 0.719487 -0.625052
v -1.107466 1.642484 0.549246
vt 0.891113 0.176758
vn 0.269164 0.635504 0.723661
v -0.760630 1.707953 0.348598
vt 0.773926 0.212402
vn 0.211579 0.646197 0.733256
v -0.692996 1.567398 0.465337
vt 0.779297 0.158203
vn 0.187389 0.672106 0.716351
v -0.237910 1.794785 0.179119
vt 0.596191 0.218262
vn 0.150365 0.658155 0.737714
v -0.305344 1.882063 0.103066
vt 0.596191 0.260742
vn -0.334427 0.711812 -0.617643
v -0.061386 1.566334 0.345772
vt 0.593262 0.127441
vn 0.160593 0.650503 0.742331
v -0.013504 1.924404 0.011800
vt 0.500000 0.267090
vn -0.261148 0.878107 -0.400911
v 0.189891 1.601439 0.245770
vt 0.505859 0.129395
vn 0.175773 0.645155 0.743558
v 0.063455 1.842788 0.076352
vt 0.493652 0.228027
vn 0.154099 0.667556 0.728438
v -1.233780 1.418205 -0.059769
vt 0.895386 0.208862
vn -0.047633 0.504972 0.861821
v -1.179112 1.564833 -0.095983
vt 0.891357 0.263428
vn 0.440437 0.033217 -0.897169
v -1.170079 1.503371 -0.097943
vt 0.881519 0.248520
vn 0.630528 0.686936 -0.361323
v -0.850868 1.534364 -0.072902
vt 0.771973 0.250977
vn -0.085526 0.743591 -0.663143
v -1.217460 1.331279 0.021111
vt 0.891113 0.176758
vn -0.107641 0.593227 0.797807
v -0.826205 1.433480 -0.015329
vt 0.773926 0.212402
vn -0.164513 0.600318 0.782658
v -0.799798 1.289328 0.112816
vt 0.779297 0.158203
vn -0.182233 0.627117 0.757308
v -0.290069 1.565904 0.050103
vt 0.596191 0.218262
vn -0.223237 0.608014 0.761895
v -0.328092 1.654049 -0.043213
vt 0.596191 0.260742
vn -0.113840 0.731714 -0.672038
v -0.177206 1.337582 0.264891
vt 0.593262 0.127441
vn -0.215239 0.601911 0.769010
v -0.029652 1.721586 -0.002867
vt 0.500000 0.267090
vn -0.151414 0.888477 -0.433224
v 0.088748 1.396006 0.279216
vt 0.505859 0.129395
vn -0.201432 0.597519 0.776142
v 0.021300 1.640577 0.083142
vt 0.493652 0.228027
vn -0.217347 0.618393 0.755215
v -0.398603 1.156276 -1.192046
vt 0.895386 0.208862
vn -0.800731 0.486173 0.349950
v -0.338823 1.290605 -1.126466
vt 0.891357 0.263428
vn 0.994776 -0.032713 0.096697
v -0.336723 1.228651 -1.130672
vt 0.881519 0.248520
vn 0.586577 0.560100 0.584992
v -0.248531 1.198138 -0.823833
vt 0.771973 0.250977
vn 0.623942 0.762358 -0.171772
v -0.473077 1.066069 -1.165660
vt 0.891113 0.176758
vn -0.757342 0.585569 0.289037
v -0.298854 1.093196 -0.800594
vt 0.773926 0.212402
vn -0.762507 0.603795 0.232409
v -0.416959 0.943865 -0.759519
vt 0.779297 0.158203
vn -0.743409 0.634174 0.212524
v -0.168963 1.120252 -0.261688
vt 0.596191 0.218262
vn -0.762831 0.623196 0.172380
v -0.090237 1.216041 -0.312030
vt 0.596191 0.260742
vn 0.622251 0.756025 -0.203050
v -0.342600 0.870028 -0.127495
vt 0.593262 0.127441
vn -0.767013 0.615552 0.181070
v -0.021911 1.224952 -0.011869
vt 0.500000 0.267090
vn 0.397143 0.909035 -0.126225
v -0.261452 0.876738 0.132133
vt 0.505859 0.129395
vn -0.769141 0.608405 0.195616
v -0.088966 1.133887 0.049136
vt 0.493652 0.228027
vn -0.753906 0.632586 0.177374
v -0.288068 2.085503 -1.164457
vt 0.895386 0.208862
vn -0.783153 0.451853 0.427200
v -0.222561 2.185296 -1.055170
vt 0.891357 0.263428
vn 0.972134 -0.184443 0.144691
v -0.226105 2.127832 -1.078912
vt 0.881519 0.248520
vn 0.572945 0.273957 0.772452
v -0.173657 1.995893 -0.792351
vt 0.771973 0.250977
vn 0.708499 0.695915 0.117181
v -0.373361 2.001422 -1.173544
vt 0.891113 0.176758
vn -0.724699 0.558369 0.403777
v -0.236156 1.895929 -0.807505
vt 0.773926 0.212402
vn -0.722131 0.593468 0.355418
v -0.371952 1.756898 -0.824659
vt 0.779297 0.158203
vn -0.698164 0.625927 0.347539
v -0.160907 1.743352 -0.280007
vt 0.596191 0.218262
vn -0.714300 0.630111 0.304525
v -0.068369 1.839406 -0.291506
vt 0.596191 0.260742
vn 0.709582 0.699411 0.085542
v -0.371221 1.487752 -0.245245
vt 0.593262 0.127441
vn -0.719861 0.621115 0.309865
v -0.031040 1.749096 0.000049
vt 0.500000 0.267090
vn 0.498188 0.846165 0.189245
v -0.317203 1.406026 0.008121
vt 0.505859 0.129395
vn -0.724216 0.610069 0.321444
v -0.112669 1.652876 0.023950
vt 0.493652 0.228027
vn -0.704852 0.636697 0.312732
v 1.129488 2.076088 -0.365033
vt 0.895386 0.208862
vn -0.498763 0.452792 -0.739064
v 1.024657 2.173859 -0.289518
vt 0.891357 0.263428
vn -0.058105 -0.185826 0.980863
v 1.048838 2.116752 -0.295653
vt 0.881519 0.248520
vn -0.722851 0.259588 0.640391
v 0.769039 1.980528 -0.218872
vt 0.771973 0.250977
vn -0.063514 0.688396 0.722549
v 1.132242 1.992828 -0.451308
vt 0.891113 0.176758
vn -0.471348 0.559889 -0.681437
v 0.779790 1.881279 -0.284187
vt 0.773926 0.212402
vn -0.423028 0.595105 -0.683299
v 0.786929 1.743591 -0.421830
vt 0.779297 0.158203
vn -0.413611 0.626099 -0.661004
v 0.261190 1.720961 -0.164954
vt 0.596191 0.218262
vn -0.372510 0.632054 -0.679517
v 0.279484 1.816415 -0.073166
vt 0.596191 0.260742
vn -0.032720 0.693613 0.719604
v 0.211487 1.466614 -0.373168
vt 0.593262 0.127441
vn -0.378020 0.621870 -0.685842
v -0.007179 1.721867 -0.010561
vt 0.500000 0.267090
vn -0.154226 0.838915 0.521955
v -0.035932 1.381029 -0.298232
vt 0.505859 0.129395
vn -0.389525 0.610791 -0.689351
v -0.037179 1.625986 -0.091431
vt 0.493652 0.228027
vn -0.380248 0.638211 -0.669401
v 0.028259 2.094749 1.207228
vt 0.895386 0.208862
vn 0.830177 0.475250 -0.291451
v -0.021555 2.192683 1.087578
vt 0.891357 0.263428
vn -0.926714 -0.201496 -0.317175
v -0.020875 2.135381 1.111969
vt 0.881519 0.248520
vn -0.458045 0.260106 -0.850023
v -0.018494 2.001500 0.821606
vt 0.771973 0.250977
vn -0.693018 0.678076 -0.244822
v 0.112592 2.012681 1.231514
vt 0.891113 0.176758
vn 0.769232 0.576231 -0.276115
v 0.043736 1.903057 0.848035
vt 0.773926 0.212402
vn 0.757497 0.611410 -0.228858
v 0.177656 1.767239 0.889385
vt 0.779297 0.158203
vn 0.733515 0.641441 -0.224741
v 0.065104 1.747347 0.316596
vt 0.596191 0.218262
vn 0.739765 0.648252 -0.180323
v -0.031256 1.841262 0.311245
vt 0.596191 0.260742
vn -0.697364 0.684271 -0.213205
v 0.284130 1.496568 0.320518
vt 0.593262 0.127441
vn 0.748401 0.637223 -0.183963
v -0.015112 1.749321 0.018290
vt 0.500000 0.267090
vn -0.477033 0.833485 -0.278823
v 0.276990 1.412929 0.062226
vt 0.505859 0.129395
vn 0.755032 0.626212 -0.194384
v 0.072673 1.654954 0.009542
vt 0.493652 0.228027
vn 0.732036 0.654253 -0.189936
v 0.992659 2.507678 0.644431
vt 0.895386 0.208862
vn 0.236332 0.466115 -0.852575
v 0.865453 2.604946 0.615417
vt 0.891357 0.263428
vn -0.789115 -0.197440 0.581648
v 0.886063 2.547845 0.629467
vt 0.881519 0.248520
vn -0.959767 0.256698 -0.113815
v 0.649204 2.411531 0.462414
vt 0.771973 0.250977
vn -0.599019 0.680695 0.421699
v 1.061244 2.425245 0.590395
vt 0.891113 0.176758
vn 0.213742 0.567430 -0.795196
v 0.706920 2.312891 0.427826
vt 0.773926 0.212402
vn 0.245546 0.603096 -0.758935
v 0.818136 2.176516 0.343675
vt 0.779297 0.158203
vn 0.234905 0.633323 -0.737375
v 0.282893 2.152606 0.107231
vt 0.596191 0.218262
vn 0.274851 0.640522 -0.717069
v 0.222935 2.247126 0.181818
vt 0.596191 0.260742
vn -0.575546 0.687224 0.443250
v 0.412519 1.900385 -0.066633
vt 0.593262 0.127441
vn 0.276825 0.629419 -0.726086
v -0.008287 2.152632 0.001593
vt 0.500000 0.267090
vn -0.504234 0.833921 0.224329
v 0.196403 1.814641 -0.208058
vt 0.505859 0.129395
vn 0.272123 0.618263 -0.737360
v 0.035166 2.057601 -0.074077
vt 0.493652 0.228027
vn 0.262549 0.646577 -0.716244
v 0.166383 4.126828 0.604123
vt 0.895386 0.208862
vn 0.830290 0.289101 -0.476486
v 0.136990 4.175668 0.537546
vt 0.891357 0.263428
vn -0.987769 -0.080468 -0.133557
v 0.135523 4.146767 0.554690
vt 0.881519 0.248520
vn -0.536708 0.227076 -0.812639
v 0.098249 4.058327 0.411803
vt 0.771973 0.250977
vn -0.617258 0.753326 -0.226920
v 0.206270 4.077486 0.616366
vt 0.891113 0.176758
vn 0.787089 0.400800 -0.468881
v 0.125407 4.002443 0.428247
vt 0.773926 0.212402
vn 0.789621 0.442427 -0.425155
v 0.188562 3.921358 0.449580
vt 0.779297 0.158203
vn 0.770752 0.477120 -0.422252
v 0.074344 3.886043 0.158285
vt 0.596191 0.218262
vn 0.786457 0.486730 -0.380235
v 0.031414 3.943775 0.156012
vt 0.596191 0.260742
vn -0.615641 0.763473 -0.195180
v 0.169361 3.734435 0.161795
vt 0.593262 0.127441
vn 0.791741 0.475266 -0.383755
v 0.004521 3.876084 0.007396
vt 0.500000 0.267090
vn -0.237234 0.953245 0.187201
v 0.134698 3.675221 0.032635
vt 0.505859 0.129395
vn 0.794793 0.462089 -0.393418
v 0.042137 3.817934 0.002886
vt 0.493652 0.228027
vn 0.777816 0.493053 -0.389744
v 0.183588 4.337409 -0.703974
vt 0.895386 0.208862
vn -0.896997 0.441679 0.017780
v 0.186635 4.396968 -0.623845
vt 0.891357 0.263428
vn 0.790630 -0.190960 0.581755
v 0.192042 4.361933 -0.638750
vt 0.881519 0.248520
vn 0.137392 0.249795 0.958502
v 0.137852 4.275442 -0.469829
vt 0.771973 0.250977
vn 0.561402 0.690265 0.456467
v 0.140407 4.285829 -0.735065
vt 0.891113 0.176758
vn -0.835507 0.548782 0.027686
v 0.108961 4.214131 -0.497873
vt 0.773926 0.212402
vn -0.810804 0.585177 -0.012790
v 0.041032 4.128870 -0.548922
vt 0.779297 0.158203
vn -0.786276 0.617829 -0.007561
v -0.003017 4.110666 -0.191597
vt 0.596191 0.218262
vn -0.780213 0.623264 -0.053005
v 0.050034 4.169981 -0.169404
vt 0.596191 0.260742
vn 0.577270 0.694650 0.429209
v -0.125844 3.952699 -0.237964
vt 0.593262 0.127441
vn -0.787616 0.614044 -0.051097
v -0.014135 4.109112 -0.001457
vt 0.500000 0.267090
vn 0.339888 0.839286 0.424353
v -0.169840 3.897766 -0.085810
vt 0.505859 0.129395
vn -0.796776 0.602712 -0.043441
v -0.064868 4.049461 -0.013741
vt 0.493652 0.228027
vn -0.775823 0.629603 -0.041213
v 0.568036 4.642352 -0.265146
vt 0.895386 0.208862
vn -0.626737 0.344512 -0.698937
v 0.509737 4.689817 -0.219857
vt 0.891357 0.263428
vn 0.073569 -0.149702 0.985990
v 0.526248 4.660745 -0.223719
vt 0.881519 0.248520
vn -0.680342 0.198559 0.705485
v 0.391490 4.571294 -0.163952
vt 0.771973 0.250977
vn -0.079221 0.713308 0.696359
v 0.570828 4.595477 -0.309507
vt 0.891113 0.176758
vn -0.608628 0.451976 -0.652143
v 0.401069 4.517119 -0.196669
vt 0.773926 0.212402
vn -0.566144 0.493605 -0.660178
v 0.407339 4.439930 -0.267488
vt 0.779297 0.158203
vn -0.558938 0.528275 -0.639151
v 0.143962 4.400000 -0.098533
vt 0.596191 0.218262
vn -0.517153 0.532320 -0.670215
v 0.151762 4.454980 -0.052749
vt 0.596191 0.260742
vn -0.033041 0.711516 0.701893
v 0.124691 4.254547 -0.201007
vt 0.593262 0.127441
vn -0.525644 0.527271 -0.667595
v 0.003701 4.194365 -0.144308
vt 0.505859 0.129395
vn -0.535984 0.514517 -0.669324
v -0.003486 4.331307 -0.039370
vt 0.493652 0.228027
vn -0.521906 0.536249 -0.663363
v 0.691924 2.527595 -0.944035
vt 0.895386 0.208862
vn -0.830017 0.454458 -0.323327
v 0.651052 2.626285 -0.821691
vt 0.891357 0.263428
vn 0.516381 -0.194919 0.833881
v 0.665770 2.569023 -0.841417
vt 0.881519 0.248520
vn -0.246533 0.263882 0.932517
v 0.480788 2.434420 -0.617528
vt 0.771973 0.250977
vn 0.362957 0.691763 0.624280
v 0.644557 2.443783 -1.015637
vt 0.891113 0.176758
vn -0.776832 0.558177 -0.291498
v 0.452038 2.334719 -0.676408
vt 0.773926 0.212402
vn -0.738127 0.593658 -0.320529
v 0.378719 2.196138 -0.792174
vt 0.779297 0.158203
vn -0.717642 0.624304 -0.308601
v 0.095873 2.177259 -0.281057
vt 0.596191 0.218262
vn -0.694065 0.630537 -0.347415
v 0.164438 2.273224 -0.216405
vt 0.596191 0.260742
vn 0.384365 0.697777 0.604459
v -0.064586 1.921809 -0.421235
vt 0.593262 0.127441
vn -0.702757 0.619798 -0.349261
v -0.035913 2.180214 -0.001848
vt 0.500000 0.267090
vn 0.167485 0.844203 0.509186
v -0.224120 1.837700 -0.217760
vt 0.505859 0.129395
vn -0.714223 0.608670 -0.345553
v -0.106209 2.083959 -0.049542
vt 0.493652 0.228027
vn -0.694601 0.636264 -0.335704
v -0.089218 4.756797 0.045736
vt 0.441162 0.816284
vn 0.256424 0.757499 -0.600368
v 0.005189 4.693902 -0.000399
vt 0.439941 0.863892
vn -0.512313 0.854989 0.080808
v -0.119295 4.692966 0.228096
vt 0.520020 0.779053
vn 0.684405 0.636307 0.355954
v -0.194479 4.853106 0.098663
vt 0.442139 0.748291
vn 0.284530 0.701844 -0.653038
v -0.264947 4.840133 0.245244
vt 0.494385 0.689209
vn 0.744114 0.542911 0.389284
v -0.313669 4.988462 0.172073
vt 0.439697 0.658447
vn 0.091001 0.535225 -0.839793
v -0.590398 3.416382 0.333839
vt 0.112183 0.397949
vn -0.417121 0.496293 -0.761383
v -0.535725 3.498904 0.354090
vt 0.122681 0.431641
vn -0.250929 0.700297 -0.668295
v -0.805378 3.540999 0.498839
vt 0.005112 0.396973
vn -0.389710 0.354247 -0.850080
v -0.663152 3.312651 0.305414
vt 0.096069 0.342773
vn -0.428455 0.528607 -0.732804
v -0.812425 3.454480 0.483675
vt 0.008879 0.364746
vn -0.471746 0.380092 -0.795604
v -0.393641 3.160964 -0.022444
vt 0.271973 0.301758
vn -0.353223 0.668080 -0.654907
v -0.728178 3.580019 0.486770
vt 0.023346 0.424316
vn 0.408136 0.345350 -0.845079
v -0.716652 3.625829 0.478235
vt 0.015472 0.448730
vn -0.257093 -0.166065 -0.952011
v -0.528964 3.536704 0.343086
vt 0.117981 0.454102
vn -0.594875 -0.058897 -0.801658
v -0.211717 3.464967 0.114600
vt 0.299561 0.462891
vn -0.567389 -0.026771 -0.823015
v -0.244226 3.315464 0.066400
vt 0.298340 0.399414
vn -0.373948 0.602464 -0.705124
v -0.083655 3.288504 -0.038237
vt 0.378174 0.405273
vn -0.345650 0.622180 -0.702437
v -0.169545 3.098224 -0.208287
vt 0.387451 0.312012
vn -0.320104 0.698772 -0.639727
v -0.209622 3.414004 0.113684
vt 0.299072 0.439941
vn -0.275359 0.707918 -0.650407
v -0.016380 3.416367 -0.005233
vt 0.394287 0.468750
vn 0.579953 0.035328 -0.813884
v -0.012651 3.365239 -0.010049
vt 0.395508 0.445312
vn 0.051198 0.998363 0.025509
v 0.059422 4.843305 -0.096241
vt 0.441162 0.816284
vn 0.133996 0.796580 0.589496
v 0.005009 4.787738 -0.001071
vt 0.439941 0.863892
vn 0.517704 0.576184 0.632451
v -0.019668 4.771121 -0.260621
vt 0.520020 0.779053
vn -0.747632 0.662586 0.045010
v 0.119645 4.931179 -0.204798
vt 0.442139 0.748291
vn 0.142681 0.742162 0.654857
v 0.096317 4.908761 -0.364588
vt 0.494385 0.689209
vn -0.818410 0.571980 0.055166
v 0.181969 5.056535 -0.340211
vt 0.439697 0.658447
vn 0.405815 0.569688 0.714682
v -0.439817 0.883365 0.089575
vt 0.961426 -0.038086
vn 0.073601 0.928028 0.365167
v -0.196584 0.889992 0.046199
vt 0.961426 -0.182617
vn -0.017217 0.936211 0.351017
v -0.436534 0.867023 0.092085
vt 0.948242 -0.038086
vn 0.013757 -0.755498 0.655006
v -0.751506 0.903977 0.116402
vt 0.934570 0.249512
vn -0.182870 -0.898626 -0.398785
v -0.750825 0.910536 0.124306
vt 0.948242 0.249512
vn 0.091561 0.310354 0.946201
v -0.753092 0.913926 0.114805
vt 0.961426 0.249512
vn -0.015939 0.788665 -0.614617
v -0.441171 0.872500 0.076578
vt 0.974609 -0.038086
vn -0.183981 -0.117366 -0.975898
v -0.198788 0.887613 0.033042
vt 0.974609 -0.182617
vn -0.185411 0.710020 -0.679334
v -0.441171 0.872500 0.076578
vt 0.988281 -0.038086
vn -0.183981 -0.117366 -0.975898
v -0.198776 0.875080 0.028399
vt 0.988281 -0.182617
vn -0.180467 -0.266871 -0.946684
v -0.021958 0.893649 -0.006687
vt 0.988281 -0.326172
vn -0.173365 -0.178968 -0.968460
v -0.022254 0.907621 -0.001478
vt 0.974609 -0.326172
vn -0.206365 0.762161 -0.613616
v -0.019581 0.910319 0.013157
vt 0.961426 -0.326172
vn -0.042436 0.936242 0.348784
v -0.016613 0.899046 0.022582
vt 0.948242 -0.326172
vn 0.155692 0.182863 0.970732
v -0.194367 0.879839 0.054714
vt 0.948242 -0.182617
vn 0.158879 0.096469 0.982574
v -0.016317 0.885074 0.017373
vt 0.934570 -0.326172
vn 0.190265 -0.757823 0.624102
v -0.194355 0.867306 0.050072
vt 0.934570 -0.182617
vn 0.149566 -0.769495 0.620893
v -0.436534 0.867023 0.092085
vt 0.934570 -0.038086
vn 0.013757 -0.755498 0.655006
v -0.196559 0.864927 0.036914
vt 0.921387 -0.182617
vn -0.008869 -0.964747 -0.263029
v -0.018990 0.882376 0.002739
vt 0.921387 -0.326172
vn 0.026382 -0.939278 -0.342142
v -0.198776 0.875080 0.028399
vt 0.908203 -0.182617
vn -0.180467 -0.266871 -0.946684
v -0.021958 0.893649 -0.006687
vt 0.908203 -0.326172
vn -0.173365 -0.178968 -0.968460
v -0.441171 0.872500 0.076578
vt 0.908203 -0.038086
vn -0.183981 -0.117366 -0.975898
v -0.436534 0.867023 0.092085
vt 0.921387 -0.038086
vn 0.013757 -0.755498 0.655006
v -0.751506 0.903977 0.116402
vt 0.921387 0.249512
vn -0.182870 -0.898626 -0.398785
v -0.030326 4.526064 0.102310
vt 0.441162 0.816284
vn -0.257626 0.787035 -0.560540
v 0.008005 4.471084 -0.000675
vt 0.439941 0.863892
vn 0.289939 0.724748 -0.625040
v 0.077095 4.456836 0.250463
vt 0.520020 0.779053
vn 0.713031 0.679036 -0.174636
v -0.073621 4.613380 0.219153
vt 0.442139 0.748291
vn -0.270613 0.733406 -0.623606
v -0.022288 4.592557 0.372538
vt 0.494385 0.689209
vn 0.781614 0.591818 -0.197057
v -0.115209 4.738300 0.362701
vt 0.439697 0.658447
vn -0.525764 0.561588 -0.638898
v -0.080450 1.898999 0.874848
vt 0.112183 0.397949
vn -0.864060 0.482821 -0.142419
v -0.018494 2.001500 0.821606
vt 0.122681 0.431641
vn -0.693018 0.678076 -0.244822
v -0.065366 2.093682 1.207230
vt 0.005112 0.396973
vn -0.920674 0.334067 -0.201885
v -0.164491 1.770335 0.943816
vt 0.096069 0.342773
vn -0.847131 0.517676 -0.119915
v -0.086424 1.981636 1.214625
vt 0.008879 0.364746
vn -0.923206 0.369359 -0.106138
v -0.312242 1.523042 0.436895
vt 0.271973 0.301758
vn -0.740342 0.655183 -0.150432
v -0.020875 2.135381 1.111969
vt 0.023346 0.424316
vn -0.458045 0.260106 -0.850023
v -0.021555 2.192683 1.087578
vt 0.015472 0.448730
vn -0.926714 -0.201496 -0.317175
v -0.025321 2.048761 0.801440
vt 0.117981 0.454102
vn -0.997688 -0.058921 0.033861
v -0.032038 1.907285 0.307525
vt 0.299561 0.462891
vn -0.999163 -0.040905 0.000175
v -0.106984 1.714057 0.325411
vt 0.298340 0.399414
vn -0.792924 0.588908 -0.156393
v -0.098700 1.655339 0.082365
vt 0.378174 0.405273
vn -0.773971 0.607018 -0.180271
v -0.342966 1.405706 0.071461
vt 0.387451 0.312012
vn -0.708946 0.684019 -0.171793
v -0.031256 1.841262 0.311245
vt 0.299072 0.439941
vn -0.697364 0.684271 -0.213205
v -0.015898 1.815608 0.010583
vt 0.394287 0.468750
vn -0.998637 -0.016079 -0.049649
v -0.015112 1.749321 0.018290
vt 0.395508 0.445312
vn -0.477033 0.833485 -0.278823
v 0.096418 4.621250 0.061924
vt 0.441162 0.816284
vn -0.609948 0.787484 0.088496
v 0.006448 4.564990 -0.000189
vt 0.439941 0.863892
vn -0.681020 0.551434 0.481802
v 0.268250 4.552251 -0.002220
vt 0.520020 0.779053
vn 0.011120 0.668869 -0.743297
v 0.197438 4.710190 0.133400
vt 0.442139 0.748291
vn -0.675337 0.732214 0.088214
v 0.359952 4.690160 0.123247
vt 0.494385 0.689209
vn 0.006715 0.580705 -0.814086
v 0.325425 4.836794 0.208220
vt 0.439697 0.658447
vn -0.754334 0.571079 0.323804
v 0.058887 4.544466 0.495035
vt 0.112183 0.397949
vn -0.859707 0.505994 -0.069810
v 0.091999 4.597593 0.447899
vt 0.122681 0.431641
vn -0.704539 0.671666 -0.229106
v 0.106278 4.688111 0.666415
vt 0.005112 0.396973
vn -0.930653 0.353497 -0.094475
v 0.014637 4.478149 0.555935
vt 0.096069 0.342773
vn -0.838627 0.541894 -0.055276
v 0.092678 4.623828 0.683797
vt 0.008879 0.364746
vn -0.915497 0.402289 -0.005310
v -0.129658 4.292388 0.302206
vt 0.271973 0.301758
vn -0.735045 0.666376 -0.125108
v 0.123034 4.702425 0.602830
vt 0.023346 0.424316
vn -0.593029 0.149498 -0.791181
v 0.121126 4.733826 0.583184
vt 0.015472 0.448730
vn -0.973211 -0.200084 -0.113254
v 0.086155 4.623727 0.432401
vt 0.117981 0.454102
vn -0.976376 -0.001403 0.216072
v 0.027637 4.496372 0.161649
vt 0.299561 0.462891
vn -0.980201 -0.010024 0.197751
v -0.017863 4.387287 0.198466
vt 0.298340 0.399414
vn -0.789361 0.603718 -0.111510
v -0.039682 4.330612 0.063002
vt 0.378174 0.405273
vn -0.775019 0.616079 -0.140685
v -0.188244 4.191614 0.105710
vt 0.387451 0.312012
vn -0.707251 0.689577 -0.155822
v 0.027268 4.457987 0.170200
vt 0.299072 0.439941
vn -0.714172 0.674910 -0.185619
v -0.000088 4.419003 0.004778
vt 0.394287 0.468750
vn 0.259560 0.129996 0.956938
v 0.004178 4.377060 0.008379
vt 0.395508 0.445312
vn -0.449148 0.829638 -0.331614
v 0.038558 5.742869 0.012692
vt 0.256836 0.822266
vn -0.377039 0.106165 -0.920093
v -0.067765 5.531187 0.031995
vt 0.359619 0.740234
vn -0.376919 0.105380 -0.920232
v 0.004855 5.454223 -0.006570
vt 0.411377 0.774292
vn -0.376919 0.105380 -0.920232
v -0.093303 5.717669 0.063820
vt 0.253662 0.743896
vn -0.377013 0.106072 -0.920114
v -0.040897 5.800000 0.051951
vt 0.214233 0.782227
vn -0.377200 0.107459 -0.919876
v -0.249235 4.583511 -0.475992
vt 0.023346 0.424316
vn 0.702206 0.322075 0.634960
v -0.248741 4.611111 -0.462476
vt 0.015472 0.448730
vn 0.993584 -0.030920 -0.108790
v -0.244541 4.568374 -0.529934
vt 0.005112 0.396973
vn 0.850578 0.504196 -0.149345
v -0.176042 4.539503 -0.341718
vt 0.117981 0.454102
vn 0.887730 0.123508 -0.443488
v -0.179686 4.516078 -0.351451
vt 0.122681 0.431641
vn 0.607591 0.794217 0.007246
v -0.060924 4.467402 -0.127607
vt 0.299561 0.462891
vn 0.901563 0.136424 -0.410575
v -0.227416 4.516107 -0.542649
vt 0.008879 0.364746
vn 0.808829 0.537123 -0.239364
v -0.120285 4.418618 -0.446154
vt 0.096069 0.342773
vn 0.722030 0.667342 -0.182558
v -0.154130 4.472651 -0.392583
vt 0.112183 0.397949
vn 0.750319 0.638889 -0.169833
v 0.068642 4.308058 -0.258905
vt 0.271973 0.301758
vn 0.616962 0.780672 -0.099537
v -0.056993 4.435304 -0.132014
vt 0.299072 0.439941
vn 0.600143 0.799554 -0.023254
v 0.003053 4.386811 -0.001434
vt 0.395508 0.445312
vn 0.133581 0.934641 0.329548
v 0.035265 4.349577 -0.051294
vt 0.378174 0.405273
vn 0.665121 0.741427 -0.088879
v 0.166255 4.250934 -0.106150
vt 0.387451 0.312012
vn 0.593087 0.802506 -0.065059
v -0.015351 4.380840 -0.159445
vt 0.298340 0.399414
vn 0.675440 0.727629 -0.119738
v -0.173657 1.995893 -0.792351
vt 0.122681 0.431641
vn 0.708499 0.695915 0.117181
v -0.163543 2.043438 -0.773985
vt 0.117981 0.454102
vn 0.975796 -0.047831 -0.213389
v -0.226105 2.127832 -1.078912
vt 0.023346 0.424316
vn 0.572945 0.273957 0.772452
v -0.222561 2.185296 -1.055170
vt 0.015472 0.448730
vn 0.972134 -0.184443 0.144691
v -0.195865 2.086515 -1.180665
vt 0.005112 0.396973
vn 0.931725 0.360712 0.042134
v -0.067519 1.905464 -0.288343
vt 0.299561 0.462891
vn 0.983280 -0.034135 -0.178873
v -0.173736 1.974920 -1.191277
vt 0.008879 0.364746
vn 0.918513 0.391211 -0.057344
v -0.044649 1.767227 -0.937502
vt 0.096069 0.342773
vn 0.842438 0.537910 -0.030858
v -0.118462 1.894451 -0.855397
vt 0.112183 0.397949
vn 0.861871 0.507032 -0.009867
v 0.195029 1.526685 -0.463168
vt 0.271973 0.301758
vn 0.739530 0.672901 0.017345
v -0.068369 1.839406 -0.291506
vt 0.299072 0.439941
vn 0.709582 0.699411 0.085542
v -0.029498 1.815445 0.007138
vt 0.394287 0.468750
vn 0.991521 -0.007822 -0.129712
v -0.031040 1.749096 0.000049
vt 0.395508 0.445312
vn 0.498188 0.846165 0.189245
v 0.043363 1.656578 -0.077434
vt 0.378174 0.405273
vn 0.777006 0.628092 0.041976
v 0.291733 1.412513 -0.108277
vt 0.387451 0.312012
vn 0.711699 0.701120 0.043763
v 0.007783 1.713835 -0.318385
vt 0.298340 0.399414
vn 0.792104 0.610197 0.015206
v 0.231924 0.805664 -0.344768
vt 0.487061 0.413086
vn 0.796848 0.372482 0.475699
v 0.072902 0.787519 -0.089986
vt 0.593750 0.420898
vn 0.780985 0.396762 0.482331
v 0.193525 0.901304 -0.369881
vt 0.491699 0.450684
vn 0.734000 0.538116 0.414337
v 0.055969 0.941228 -0.113817
vt 0.594727 0.462402
vn 0.784590 0.482967 0.388795
v 0.072324 0.981058 -0.110963
vt 0.595215 0.479980
vn 0.796575 -0.361829 0.484302
v 0.230034 0.507398 -0.031592
vt 0.555176 0.326660
vn 0.753216 0.474019 0.456039
v 0.215759 0.955444 -0.366002
vt 0.488770 0.474609
vn 0.778552 -0.359435 0.514454
v 0.614197 0.529881 -0.755122
vt 0.271973 0.301758
vn 0.812938 0.338503 0.473864
v 0.498491 0.889277 -0.807854
vt 0.299072 0.439941
vn 0.724696 0.469195 0.504651
v 0.524101 0.940727 -0.809442
vt 0.299561 0.462891
vn 0.771482 -0.399330 0.495330
v 0.506929 0.765019 -0.775391
vt 0.298340 0.399414
vn 0.811525 0.297070 0.503167
v 0.918452 0.757669 -1.468528
vt 0.008879 0.364746
vn 0.833133 0.252672 0.491983
v 0.944912 0.852294 -1.480829
vt 0.005169 0.396973
vn 0.807382 0.168976 0.565315
v 0.757043 0.930203 -1.210242
vt 0.122681 0.431641
vn 0.791477 0.356756 0.496276
v 0.773562 0.969454 -1.195491
vt 0.117981 0.454102
vn 0.777121 -0.415025 0.473113
v 0.908629 0.971886 -1.419069
vt 0.015472 0.448730
vn 0.536515 -0.402982 0.741456
v 0.896072 0.921104 -1.432203
vt 0.023346 0.424316
vn 0.206789 0.445869 0.870884
v -0.995738 0.819556 0.090238
vt 0.298340 0.399414
vn -0.080139 0.484473 -0.871128
v -0.473561 0.796252 0.022805
vt 0.487061 0.413086
vn -0.080427 0.554726 -0.828137
v -0.996590 0.941014 0.141246
vt 0.299072 0.439941
vn 0.001419 0.634149 -0.773210
v -1.085435 0.611155 -0.050140
vt 0.271973 0.301758
vn -0.096946 0.526215 -0.844807
v -0.272286 0.500259 -0.240179
vt 0.555176 0.326660
vn -0.053437 0.642720 -0.764235
v -1.807169 0.907450 0.233668
vt 0.008879 0.364746
vn -0.108231 0.448610 -0.887150
v -0.173585 0.741317 -0.028066
vt 0.593750 0.420898
vn -0.062118 0.574800 -0.815933
v -1.819021 1.007997 0.240019
vt 0.005169 0.396973
vn -0.046821 0.358365 -0.932407
v -0.453727 0.882187 0.087059
vt 0.491699 0.450684
vn 0.117718 0.667148 -0.735565
v -0.157421 0.890254 0.030290
vt 0.594727 0.462402
vn -0.122816 0.658540 -0.742456
v -0.159429 0.933869 0.023701
vt 0.595215 0.479980
vn -0.181767 -0.155064 -0.971039
v -0.456459 0.941472 0.078102
vt 0.488770 0.474609
vn -0.146500 -0.152890 -0.977324
v -1.006068 0.998538 0.133699
vt 0.299561 0.462891
vn -0.160968 -0.184078 -0.969641
v -1.473184 1.041771 0.218344
vt 0.122681 0.431641
vn -0.062614 0.539633 -0.839569
v -1.465862 1.085046 0.204556
vt 0.117981 0.454102
vn -0.184151 -0.207052 -0.960842
v -1.728638 1.118466 0.248207
vt 0.015472 0.448730
vn 0.169659 -0.265111 -0.949174
v -1.738584 1.065073 0.258350
vt 0.023346 0.424316
vn 0.617052 0.495420 -0.611397
v 0.114583 3.034002 -0.289243
vt 0.123291 0.552002
vn 0.907982 -0.000912 0.419008
v 0.179909 2.965688 -0.424957
vt 0.187622 0.550049
vn 0.880903 0.020062 0.472871
v 0.110999 3.009267 -0.280895
vt 0.123718 0.560059
vn 0.685537 0.728038 -0.000280
v 0.040015 3.102897 -0.120883
vt 0.046814 0.551025
vn 0.911721 -0.003338 0.410796
v 0.175794 2.940946 -0.416856
vt 0.188232 0.558105
vn 0.613111 0.789891 0.012942
v 0.255421 2.913110 -0.547030
vt 0.247314 0.546143
vn 0.870281 0.027976 0.491761
v 0.251837 2.888375 -0.538683
vt 0.247559 0.553955
vn 0.574110 0.813726 0.090815
v 0.307088 2.848336 -0.642115
vt 0.295898 0.554199
vn 0.497496 0.860759 0.107659
v 0.311203 2.873077 -0.650216
vt 0.295898 0.545898
vn 0.865315 0.026277 0.500538
v 0.410085 2.814729 -0.805110
vt 0.370117 0.552246
vn 0.456988 0.865206 0.206348
v 0.414130 2.839470 -0.813244
vt 0.371338 0.544434
vn 0.880131 0.010478 0.474615
v 0.541894 2.772199 -1.082057
vt 0.487793 0.561768
vn 0.690539 0.678828 0.249697
v 0.546010 2.796941 -1.090157
vt 0.490479 0.554199
vn 0.902400 -0.007508 0.430834
v 0.034433 3.068028 -0.109364
vt 0.046692 0.562012
vn 0.645931 0.762238 -0.042022
v -0.008553 3.115899 -0.013997
vt 0.002026 0.558838
vn 0.759534 0.650223 0.017841
v -0.004969 3.140634 -0.022344
vt 0.002079 0.551025
vn 0.910317 -0.002003 0.413906
v 0.097147 2.973570 0.041437
vt 0.008018 0.602539
vn 0.760224 0.646613 0.062861
v 0.244069 2.824085 -0.178392
vt 0.135376 0.639893
vn 0.729909 0.683070 0.025439
v 0.110999 3.009267 -0.280895
vt 0.123718 0.561768
vn 0.685537 0.728038 -0.000280
v 0.415059 2.668178 -0.109557
vt 0.164551 0.728271
vn 0.590031 0.803953 0.074317
v 0.279816 2.789848 -0.252320
vt 0.170166 0.641357
vn 0.710618 0.700331 0.067522
v 0.175794 2.940946 -0.416856
vt 0.188599 0.558105
vn 0.613111 0.789891 0.012942
v 0.324064 2.759585 -0.333921
vt 0.207397 0.643066
vn 0.629916 0.759634 0.161746
v 0.210350 2.916885 -0.472720
vt 0.214111 0.560059
vn 0.086515 0.962623 -0.256656
v 0.385015 2.734348 -0.378828
vt 0.238770 0.644287
vn 0.604581 0.786697 0.124858
v 0.251837 2.888375 -0.538683
vt 0.244507 0.556641
vn 0.574110 0.813726 0.090815
v 0.558903 2.603164 -0.236837
vt 0.229370 0.739990
vn 0.491310 0.859411 0.141516
v 0.413655 2.714057 -0.430902
vt 0.263184 0.645264
vn 0.583218 0.803633 0.118454
v 0.478629 2.702736 -0.565785
vt 0.329346 0.634521
vn 0.497122 0.841314 0.212275
v 0.681907 2.595127 -0.539954
vt 0.357178 0.701660
vn 0.445000 0.871966 0.204083
v 0.373477 2.826674 -0.747177
vt 0.344238 0.556396
vn 0.015719 0.998257 -0.056880
v 0.562397 2.690401 -0.657869
vt 0.363525 0.628906
vn 0.452789 0.860830 0.232280
v 0.656551 2.690768 -0.831622
vt 0.435059 0.618164
vn 0.454896 0.874280 0.169423
v 0.410085 2.814729 -0.805110
vt 0.370117 0.554443
vn 0.456988 0.865206 0.206348
v -0.343542 2.407754 -0.498184
vt 0.244507 0.556641
vn 0.350298 0.804927 -0.478941
v -0.136988 2.254103 -0.531768
vt 0.238770 0.644287
vn 0.406575 0.782693 -0.471263
v -0.306604 2.437164 -0.430059
vt 0.214111 0.560059
vn -0.181238 0.959833 -0.214181
v -0.405150 2.366393 -0.597463
vt 0.295898 0.554199
vn 0.335340 0.856863 -0.391577
v -0.128544 2.280203 -0.456998
vt 0.207397 0.643066
vn 0.451135 0.755434 -0.475181
v -0.275437 2.461978 -0.372578
vt 0.188599 0.558105
vn 0.317547 0.782738 -0.535243
v -0.167834 2.233139 -0.582291
vt 0.263184 0.645264
vn 0.390734 0.799954 -0.455412
v 0.073838 2.122819 -0.609345
vt 0.229370 0.739990
vn 0.364629 0.856450 -0.365428
v -0.252495 2.220139 -0.705680
vt 0.329346 0.634521
vn 0.428727 0.839015 -0.335034
v -0.463154 2.343302 -0.707044
vt 0.344238 0.556396
vn -0.045112 0.997570 -0.053087
v -0.127990 2.111187 -0.866974
vt 0.357178 0.701660
vn 0.395328 0.870103 -0.294342
v 0.112249 2.190053 -0.422304
vt 0.164551 0.728271
vn 0.355930 0.799267 -0.484238
v -0.290567 2.206353 -0.823878
vt 0.363525 0.628906
vn 0.423823 0.859143 -0.286788
v -0.394454 2.204475 -0.992021
vt 0.435059 0.618164
vn 0.370423 0.871933 -0.320186
v -0.495138 2.330570 -0.767469
vt 0.370117 0.554443
vn 0.403335 0.863303 -0.303363
v -0.669694 2.284606 -1.019216
vt 0.487793 0.561768
vn 0.557625 0.675632 -0.482261
v -0.079885 2.311518 -0.378356
vt 0.170166 0.641357
vn 0.410735 0.694823 -0.590354
v -0.190446 2.531977 -0.249123
vt 0.123718 0.561768
vn 0.340837 0.720854 -0.603490
v -0.033658 2.346675 -0.310932
vt 0.135376 0.639893
vn 0.383863 0.677069 -0.627875
v 0.083307 2.499204 -0.075926
vt 0.008018 0.602539
vn 0.431003 0.641008 -0.635095
v -0.079439 2.592827 -0.098284
vt 0.046692 0.562012
vn 0.285711 0.754645 -0.590660
v -0.086788 2.627550 -0.109261
vt 0.046814 0.551025
vn 0.812112 -0.014718 -0.583317
v -0.190446 2.531977 -0.249123
vt 0.123718 0.560059
vn 0.340837 0.720854 -0.603490
v -0.195521 2.556614 -0.257009
vt 0.123291 0.552002
vn 0.817484 -0.013827 -0.575786
v -0.280511 2.486616 -0.380464
vt 0.187622 0.550049
vn 0.850788 0.007008 -0.525463
v -0.275437 2.461978 -0.372578
vt 0.188232 0.558105
vn 0.317547 0.782738 -0.535243
v -0.348617 2.432392 -0.506070
vt 0.247314 0.546143
vn 0.861719 0.015121 -0.507161
v -0.343542 2.407754 -0.498184
vt 0.247559 0.553955
vn 0.350298 0.804927 -0.478941
v -0.410225 2.391030 -0.605348
vt 0.295898 0.545898
vn 0.866122 0.019315 -0.499458
v -0.495138 2.330570 -0.767469
vt 0.370117 0.552246
vn 0.403335 0.863303 -0.303363
v -0.500276 2.355206 -0.775310
vt 0.371338 0.544434
vn 0.849574 0.007733 -0.527413
v -0.674768 2.309244 -1.027102
vt 0.490479 0.554199
vn 0.822721 -0.010910 -0.568340
v -0.213350 0.354703 1.094665
vt 0.364014 0.628906
vn 0.549195 0.807716 0.214427
v -0.341484 0.475395 0.995886
vt 0.351562 0.556396
vn 0.111119 0.986465 -0.120580
v -0.167688 0.340854 1.030997
vt 0.329834 0.634766
vn 0.533201 0.797229 0.283059
v -0.260140 0.470432 0.903384
vt 0.308594 0.554199
vn -0.364163 0.872350 -0.326177
v -0.370688 0.477177 1.029095
vt 0.375732 0.553467
vn -0.301416 0.853225 -0.425624
v -0.297441 0.390259 1.236752
vt 0.435547 0.618408
vn 0.507216 0.841630 0.185445
v -0.520621 0.497051 1.246680
vt 0.480957 0.563232
vn -0.550793 0.689653 -0.470113
v -0.087872 0.260085 1.144794
vt 0.357666 0.701660
vn 0.516789 0.829605 0.211389
v -0.082052 0.325404 0.914320
vt 0.263672 0.645508
vn 0.517287 0.774806 0.363442
v -0.195895 0.482646 0.819692
vt 0.248535 0.556641
vn -0.454743 0.837323 -0.303479
v 0.109342 0.207701 0.935650
vt 0.229858 0.740234
vn 0.484900 0.807306 0.336347
v -0.054346 0.331753 0.868648
vt 0.239258 0.644287
vn 0.490468 0.738193 0.463155
v -0.152973 0.491770 0.769748
vt 0.217651 0.559814
vn 0.003093 0.997390 0.072130
v -0.015696 0.342159 0.812752
vt 0.207886 0.643066
vn 0.515956 0.722970 0.459460
v 0.167124 0.229420 0.802893
vt 0.165649 0.730225
vn 0.479498 0.775680 0.410370
v 0.026319 0.350652 0.742966
vt 0.170654 0.641602
vn 0.531503 0.700216 0.476656
v -0.111307 0.500627 0.721264
vt 0.188721 0.558350
vn -0.498347 0.831124 -0.246745
v 0.068537 0.364437 0.680965
vt 0.135864 0.640137
vn 0.510795 0.692082 0.510011
v -0.032161 0.530483 0.607452
vt 0.124695 0.562012
vn -0.576667 0.782304 -0.235489
v 0.182436 0.443268 0.460503
vt 0.008545 0.602783
vn 0.556355 0.649436 0.518365
v 0.060186 0.545689 0.467180
vt 0.047180 0.562256
vn -0.546547 0.809882 -0.213020
v 0.113513 0.564198 0.394908
vt 0.002554 0.558838
vn -0.660413 0.746787 0.078508
v 0.450156 1.553070 0.667160
vt 0.247681 0.548584
vn -0.944994 -0.284133 0.162031
v 0.456105 1.532617 0.665992
vt 0.248047 0.556396
vn -0.774269 0.627227 0.084221
v 0.431671 1.556414 0.544629
vt 0.187622 0.550049
vn -0.940528 -0.284231 0.186065
v 0.437620 1.535961 0.543461
vt 0.188232 0.558105
vn -0.762805 0.627822 0.154815
v 0.475548 1.533743 0.764589
vt 0.308105 0.554199
vn -0.742916 0.669384 -0.000884
v 0.396464 1.565529 0.415367
vt 0.123779 0.553955
vn -0.926432 -0.283604 0.247572
v 0.469599 1.554196 0.765757
vt 0.295898 0.545898
vn -0.946828 -0.284034 0.151137
v 0.349516 1.353665 0.670734
vt 0.238770 0.644287
vn -0.812189 0.579862 0.064103
v 0.447167 1.534444 0.603705
vt 0.217041 0.559570
vn -0.271648 0.962217 -0.018595
v 0.488301 1.555617 0.920945
vt 0.375244 0.553467
vn -0.764503 0.634570 -0.113385
v 0.482352 1.576070 0.922113
vt 0.376221 0.544434
vn -0.941301 -0.284197 0.182169
v 0.532951 1.607354 1.162011
vt 0.480469 0.563232
vn -0.900220 0.432496 0.050508
v 0.527002 1.627807 1.163179
vt 0.483154 0.555420
vn -0.930106 -0.283803 0.233150
v 0.379591 1.451829 1.086623
vt 0.435059 0.618164
vn -0.749129 0.657086 -0.083926
v 0.366642 1.400831 0.935871
vt 0.363525 0.628906
vn -0.774375 0.618905 -0.131529
v 0.269225 1.280124 0.945711
vt 0.357178 0.701660
vn -0.758224 0.641681 -0.115503
v 0.485331 1.549956 0.879538
vt 0.351074 0.556152
vn -0.330130 0.916032 -0.227816
v 0.377602 1.386064 0.836406
vt 0.329346 0.634521
vn -0.792593 0.604248 -0.081741
v 0.217990 1.193570 0.701122
vt 0.229370 0.739990
vn -0.757354 0.651978 -0.036603
v 0.359044 1.354124 0.720754
vt 0.263184 0.645264
vn -0.798245 0.600073 0.052122
v 0.237007 1.210560 0.538897
vt 0.164551 0.728271
vn -0.780340 0.618906 0.089577
v 0.362020 1.362283 0.607938
vt 0.207397 0.643066
vn -0.841905 0.536189 0.060796
v 0.347134 1.360394 0.530216
vt 0.170166 0.641357
vn -0.835320 0.513258 0.196997
v 0.328921 1.363217 0.460399
vt 0.135376 0.639893
vn -0.822436 0.513567 0.244640
v 0.286675 1.409985 0.221903
vt 0.008018 0.602539
vn -0.854058 0.464314 0.234515
v 0.402413 1.545075 0.414199
vt 0.124146 0.562012
vn -0.788926 0.572205 0.224001
v 0.353284 1.564739 0.261804
vt 0.046814 0.551025
vn -0.915522 -0.322201 0.240844
v 0.361669 1.535912 0.260158
vt 0.046692 0.562012
vn -0.764710 0.607491 0.214880
v 0.341492 1.541835 0.175907
vt 0.002026 0.558838
vn -0.614621 0.612463 0.497122
v 0.329611 1.562528 0.171851
vt 0.002079 0.551025
vn -0.906437 -0.360238 0.220454
v -0.244371 3.834331 0.857045
vt 0.023346 0.424316
vn -0.171102 0.448978 -0.877008
v -0.241270 3.881342 0.847958
vt 0.015472 0.448730
vn -0.812098 -0.095560 -0.575643
v -0.298602 3.790601 0.910464
vt 0.005112 0.396973
vn -0.830137 0.420101 -0.366589
v -0.185896 3.815652 0.615662
vt 0.117981 0.454102
vn -0.971999 -0.014269 -0.234552
v -0.185067 3.776660 0.624094
vt 0.122681 0.431641
vn -0.602112 0.750793 -0.271607
v -0.090200 3.783021 0.231859
vt 0.299561 0.462891
vn -0.963613 0.014976 -0.266883
v -0.316071 3.705817 0.893634
vt 0.008879 0.364746
vn -0.860129 0.436280 -0.264268
v -0.319286 3.590191 0.646910
vt 0.096069 0.342773
vn -0.782395 0.579701 -0.227606
v -0.242318 3.693998 0.634073
vt 0.112183 0.397949
vn -0.791961 0.552487 -0.259915
v -0.326125 3.485737 0.208617
vt 0.271973 0.301758
vn -0.671040 0.713627 -0.201104
v -0.090550 3.732585 0.224095
vt 0.299072 0.439941
vn -0.613353 0.751192 -0.243942
v -0.017672 3.757528 0.004054
vt 0.394287 0.468750
vn -0.949844 0.044897 -0.309484
v -0.018070 3.706260 -0.000641
vt 0.395508 0.445312
vn -0.376712 0.900506 -0.217202
v -0.094376 3.629385 0.014100
vt 0.378174 0.405273
vn -0.694390 0.675479 -0.248095
v -0.274514 3.453151 -0.082496
vt 0.387451 0.312012
vn -0.635166 0.744053 -0.207244
v -0.150117 3.637716 0.198907
vt 0.298340 0.399414
vn -0.719780 0.653610 -0.233902
v 0.358192 0.590408 1.361981
vt 0.117981 0.454102
vn -0.950847 -0.140825 0.275787
v 0.367251 0.547120 1.360829
vt 0.122681 0.431641
vn -0.758635 0.601793 0.249635
v 0.231010 0.585426 0.925658
vt 0.299561 0.462891
vn -0.959555 -0.113611 0.257580
v 0.432079 0.577822 1.608609
vt 0.015472 0.448730
vn -0.986429 -0.140401 -0.085124
v 0.436808 0.524896 1.608901
vt 0.023346 0.424316
vn -0.616259 0.644910 -0.452012
v 0.421621 0.460279 1.678507
vt 0.005169 0.396973
vn -0.873202 0.435284 0.219192
v 0.168275 0.421718 0.895202
vt 0.298340 0.399414
vn -0.794201 0.547891 0.262791
v 0.402944 0.367601 1.653460
vt 0.008879 0.364746
vn -0.811027 0.509581 0.287337
v 0.020673 0.223669 0.966599
vt 0.271973 0.301758
vn -0.761322 0.583847 0.281979
v 0.230691 0.531802 0.907399
vt 0.299072 0.439941
vn -0.689948 0.697999 0.191753
v 0.111954 0.620647 0.407254
vt 0.488770 0.474609
vn -0.965316 -0.079524 0.248676
v 0.044717 0.485735 0.409007
vt 0.487061 0.413086
vn -0.743797 0.612409 0.267807
v -0.261212 0.260528 0.209165
vt 0.555176 0.326660
vn -0.673705 0.696891 0.245896
v -0.042515 0.484328 0.125142
vt 0.593750 0.420898
vn -0.731165 0.634377 0.250924
v 0.113513 0.564198 0.394908
vt 0.491699 0.450684
vn -0.660413 0.746787 0.078508
v 0.027014 0.663862 0.133514
vt 0.595215 0.479980
vn -0.955220 -0.088103 0.282477
v 0.028160 0.622332 0.124434
vt 0.594727 0.462402
vn -0.641354 0.700300 0.313442
v -0.198301 3.536617 -0.866711
vt 0.023346 0.424316
vn 0.487421 0.716018 0.499739
v -0.205333 3.583741 -0.872148
vt 0.015472 0.448730
vn 0.984348 0.102706 0.143217
v -0.167016 3.476717 -0.922129
vt 0.005112 0.396973
vn 0.836083 0.509816 -0.202617
v -0.142779 3.600618 -0.632772
vt 0.117981 0.454102
vn 0.969121 0.045416 -0.242366
v -0.142403 3.561055 -0.626973
vt 0.122681 0.431641
vn 0.547843 0.789961 -0.275374
v -0.056502 3.699669 -0.258648
vt 0.299561 0.462891
vn 0.972786 0.074934 -0.219253
v -0.132086 3.402287 -0.889299
vt 0.008879 0.364746
vn 0.819560 0.485420 -0.304449
v -0.005523 3.375812 -0.648337
vt 0.096069 0.342773
vn 0.714328 0.609751 -0.343424
v -0.083240 3.479071 -0.635415
vt 0.112183 0.397949
vn 0.740015 0.595834 -0.312024
v 0.205956 3.423709 -0.252579
vt 0.271973 0.301758
vn 0.586175 0.728082 -0.355379
v -0.046408 3.654728 -0.236257
vt 0.299072 0.439941
vn 0.548611 0.778308 -0.305390
v -0.018426 3.752973 -0.027531
vt 0.394287 0.468750
vn 0.974281 0.123331 -0.188588
v -0.008738 3.706314 -0.007648
vt 0.395508 0.445312
vn 0.118688 0.973201 0.196961
v 0.063732 3.627762 -0.030339
vt 0.378174 0.405273
vn 0.630778 0.708685 -0.316046
v 0.291187 3.491105 0.024153
vt 0.387451 0.312012
vn 0.552936 0.759258 -0.343204
v 0.031840 3.572957 -0.212541
vt 0.298340 0.399414
vn 0.650269 0.683210 -0.332226
v -0.850868 1.534364 -0.072902
vt 0.122681 0.431641
vn -0.085526 0.743591 -0.663143
v -0.857766 1.585441 -0.078525
vt 0.117981 0.454102
vn 0.069492 -0.028612 -0.997172
v -1.170079 1.503371 -0.097943
vt 0.023346 0.424316
vn 0.630528 0.686936 -0.361323
v -1.179112 1.564833 -0.095983
vt 0.015472 0.448730
vn 0.440437 0.033217 -0.897169
v -1.226760 1.422065 -0.152744
vt 0.005112 0.396973
vn 0.070232 0.444072 -0.893234
v -0.359349 1.712652 -0.044073
vt 0.299561 0.462891
vn 0.092710 0.000831 -0.995693
v -1.172969 1.323284 -0.175341
vt 0.008879 0.364746
vn -0.031715 0.419594 -0.907158
v -0.824512 1.282081 -0.231565
vt 0.096069 0.342773
vn -0.100246 0.550811 -0.828588
v -0.838518 1.422857 -0.140981
vt 0.112183 0.397949
vn -0.062640 0.535629 -0.842127
v -0.249776 1.332229 -0.337027
vt 0.271973 0.301758
vn -0.150207 0.678296 -0.719272
v -0.328092 1.654049 -0.043213
vt 0.299072 0.439941
vn -0.113840 0.731714 -0.672038
v -0.057624 1.782419 -0.003385
vt 0.394287 0.468750
vn 0.122531 0.049339 -0.991237
v -0.029652 1.721586 -0.002867
vt 0.395508 0.445312
vn -0.151414 0.888477 -0.433224
v -0.029566 1.613047 -0.093278
vt 0.378174 0.405273
vn -0.099441 0.656301 -0.747918
v 0.127400 1.416797 -0.337227
vt 0.387451 0.312012
vn -0.148712 0.712118 -0.686129
v -0.268320 1.541689 -0.121841
vt 0.298340 0.399414
vn -0.108810 0.629121 -0.769654
v 0.141292 3.436979 -0.176067
vt 0.299072 0.439941
vn 0.386090 0.696713 0.604587
v 0.139549 3.487911 -0.173608
vt 0.299561 0.462891
vn 0.767812 -0.034525 0.639744
v 0.385325 3.561326 -0.485495
vt 0.122681 0.431641
vn 0.363669 0.690358 0.625420
v 0.070586 3.294286 -0.005197
vt 0.378174 0.405273
vn 0.463504 0.624964 0.628159
v 0.379244 3.597857 -0.470150
vt 0.117981 0.454102
vn 0.790725 -0.056530 0.609555
v 0.195541 3.340177 -0.145288
vt 0.298340 0.399414
vn 0.493586 0.607508 0.622340
v 0.375049 3.196507 -0.107908
vt 0.271973 0.301758
vn 0.458080 0.670281 0.583854
v 0.213104 3.105824 0.124342
vt 0.387451 0.312012
vn 0.419781 0.698392 0.579683
v 0.450518 3.483421 -0.484849
vt 0.112183 0.397949
vn 0.557876 0.504607 0.658897
v 0.536355 3.385730 -0.482841
vt 0.096069 0.342773
vn 0.561597 0.535284 0.630936
v 0.528629 3.665167 -0.657695
vt 0.023346 0.424316
vn -0.246195 0.263273 0.932778
v 0.517276 3.709340 -0.642478
vt 0.015472 0.448730
vn 0.517194 -0.202924 0.831464
v 0.604130 3.633950 -0.690584
vt 0.005112 0.396973
vn 0.563276 0.353256 0.746948
v 0.621884 3.547905 -0.683472
vt 0.008879 0.364746
vn 0.631168 0.389147 0.670963
v 0.644167 4.133951 -0.207542
vt 0.023346 0.424316
vn -0.752531 0.305275 0.583527
v 0.626783 4.168244 -0.209571
vt 0.015472 0.448730
vn -0.066906 -0.032307 0.997236
v 0.710158 4.115894 -0.190220
vt 0.005112 0.396973
vn -0.007217 0.494627 0.869075
v 0.463144 4.075509 -0.147295
vt 0.117981 0.454102
vn 0.274173 0.132100 0.952565
v 0.476599 4.046526 -0.149308
vt 0.122681 0.431641
vn -0.125224 0.787827 0.603032
v 0.174870 3.979928 -0.053206
vt 0.299561 0.462891
vn 0.230757 0.192350 0.953809
v 0.723232 4.050477 -0.166993
vt 0.008879 0.364746
vn 0.085997 0.530122 0.843549
v 0.582646 3.925306 -0.057433
vt 0.096069 0.342773
vn 0.043494 0.660166 0.749859
v 0.522649 3.992445 -0.110058
vt 0.112183 0.397949
vn 0.027766 0.630256 0.775890
v 0.312349 3.781054 0.132739
vt 0.271973 0.301758
vn -0.021423 0.773923 0.632917
v 0.180273 3.939893 -0.047166
vt 0.299072 0.439941
vn -0.099611 0.810394 0.577355
v -0.001046 3.916195 -0.007776
vt 0.394287 0.468750
vn 0.169868 0.273778 0.946673
v 0.004521 3.876084 0.007396
vt 0.395508 0.445312
vn -0.237234 0.953245 0.187201
v 0.206114 3.871539 0.008745
vt 0.298340 0.399414
vn -0.010411 0.718985 0.694947
v 0.062032 3.829818 0.047076
vt 0.378174 0.405273
vn -0.039812 0.732631 0.679460
v 0.103439 3.705536 0.218824
vt 0.387451 0.312012
vn -0.051512 0.795656 0.603555
v 0.006611 3.875978 -0.002921
vt 0.395508 0.445312
vn -0.376422 0.901502 -0.213541
v 0.391490 4.571294 -0.163952
vt 0.122681 0.431641
vn -0.079221 0.713308 0.696359
v 0.379071 4.595628 -0.157537
vt 0.117981 0.454102
vn 0.397683 0.037398 0.916760
v 0.526248 4.660745 -0.223719
vt 0.023346 0.424316
vn -0.680342 0.198559 0.705485
v 0.509737 4.689817 -0.219857
vt 0.015472 0.448730
vn 0.073569 -0.149702 0.985990
v 0.585885 4.647004 -0.218333
vt 0.005112 0.396973
vn 0.085698 0.403576 0.910924
v 0.144897 4.489986 -0.053150
vt 0.299561 0.462891
vn 0.382783 0.009782 0.923786
v 0.602656 4.589000 -0.205805
vt 0.008879 0.364746
vn 0.173091 0.449780 0.876206
v 0.499208 4.464042 -0.107282
vt 0.096069 0.342773
vn 0.112471 0.585761 0.802642
v 0.438361 4.523552 -0.139741
vt 0.112183 0.397949
vn 0.100473 0.553243 0.826939
v 0.293862 4.309132 0.073380
vt 0.271973 0.301758
vn 0.027287 0.706580 0.707107
v 0.151762 4.454980 -0.052749
vt 0.299072 0.439941
vn -0.033041 0.711516 0.701893
v 0.065399 4.345597 0.031992
vt 0.378174 0.405273
vn 0.014292 0.661495 0.749813
v 0.126515 4.225666 0.163871
vt 0.387451 0.312012
vn -0.007524 0.729214 0.684244
v 0.183713 4.392426 -0.013247
vt 0.298340 0.399414
vn 0.046600 0.648915 0.759432
v 0.222935 2.247126 0.181818
vt 0.299072 0.439941
vn -0.575546 0.687224 0.443250
v 0.219228 2.313119 0.179615
vt 0.299561 0.462891
vn -0.571662 -0.033730 0.819795
v 0.649204 2.411531 0.462414
vt 0.122681 0.431641
vn -0.599019 0.680695 0.421699
v -0.015274 2.218857 -0.002897
vt 0.394287 0.468750
vn -0.612058 -0.009504 0.790756
v -0.008287 2.152632 0.001593
vt 0.395508 0.445312
vn -0.504234 0.833921 0.224329
v -0.003291 2.059760 0.107591
vt 0.378174 0.405273
vn -0.592449 0.610386 0.525769
v 0.628571 2.458667 0.455912
vt 0.117981 0.454102
vn -0.543179 -0.051439 0.838040
v 0.191524 2.120562 0.253130
vt 0.298340 0.399414
vn -0.583630 0.592559 0.555202
v 0.165982 1.931885 0.486688
vt 0.271973 0.301758
vn -0.548964 0.658499 0.514799
v -0.151614 1.811712 0.303423
vt 0.387451 0.312012
vn -0.548558 0.686971 0.476608
v 0.657731 2.309902 0.544630
vt 0.112183 0.397949
vn -0.612522 0.487069 0.622560
v 0.666594 2.182393 0.654176
vt 0.096069 0.342773
vn -0.584643 0.521848 0.621182
v 0.886063 2.547845 0.629467
vt 0.023346 0.424316
vn -0.959767 0.256698 -0.113815
v 0.865453 2.604946 0.615417
vt 0.015472 0.448730
vn -0.789115 -0.197440 0.581648
v 0.938957 2.507247 0.720875
vt 0.005112 0.396973
vn -0.693147 0.338264 0.636494
v 0.933296 2.395414 0.743510
vt 0.008879 0.364746
vn -0.616241 0.374358 0.692895
v 0.137852 4.275442 -0.469829
vt 0.122681 0.431641
vn 0.561402 0.690265 0.456467
v 0.137661 4.304440 -0.456109
vt 0.117981 0.454102
vn 0.961230 -0.044235 0.272178
v 0.192042 4.361933 -0.638750
vt 0.023346 0.424316
vn 0.137392 0.249795 0.958502
v 0.186635 4.396968 -0.623845
vt 0.015472 0.448730
vn 0.790630 -0.190960 0.581755
v 0.238500 4.338166 -0.686027
vt 0.005112 0.396973
vn 0.797301 0.356674 0.486924
v 0.049108 4.210682 -0.166334
vt 0.299561 0.462891
vn 0.951312 -0.031541 0.306610
v 0.254429 4.269461 -0.687244
vt 0.008879 0.364746
vn 0.832186 0.390110 0.394056
v 0.252061 4.136678 -0.515192
vt 0.096069 0.342773
vn 0.751309 0.535825 0.385262
v 0.187017 4.213862 -0.489812
vt 0.112183 0.397949
vn 0.758668 0.504560 0.412120
v 0.245724 3.979599 -0.191608
vt 0.271973 0.301758
vn 0.636379 0.669776 0.382652
v 0.050034 4.169981 -0.169404
vt 0.299072 0.439941
vn 0.577270 0.694650 0.429209
v -0.015833 4.149923 0.003955
vt 0.394287 0.468750
vn 0.935032 -0.006824 0.354497
v -0.014135 4.109112 -0.001457
vt 0.395508 0.445312
vn 0.339888 0.839286 0.424353
v 0.049636 4.053260 -0.023573
vt 0.378174 0.405273
vn 0.658322 0.624014 0.420974
v 0.195549 3.902807 0.027625
vt 0.387451 0.312012
vn 0.599088 0.697334 0.393470
v 0.100216 4.092848 -0.164033
vt 0.298340 0.399414
vn 0.684325 0.607027 0.404003
v -1.277698 1.402298 0.152319
vt 0.117981 0.454102
vn -0.128860 -0.432048 -0.892597
v -1.277726 1.368262 0.172060
vt 0.122681 0.431641
vn -0.134329 0.339702 -0.930891
v -0.878165 1.383329 0.102254
vt 0.299561 0.462891
vn -0.111074 -0.404592 -0.907727
v -1.503772 1.400488 0.186314
vt 0.015472 0.448730
vn 0.231400 -0.424942 -0.875145
v -1.504577 1.356883 0.204071
vt 0.023346 0.424316
vn 0.538817 0.453924 -0.709668
v -1.563562 1.295725 0.199592
vt 0.005169 0.396973
vn -0.086113 0.150568 -0.984842
v -0.842976 1.230376 0.096598
vt 0.298340 0.399414
vn -0.142321 0.279871 -0.949430
v -1.539005 1.213638 0.211409
vt 0.008879 0.364746
vn -0.163641 0.236881 -0.957658
v -0.885950 1.023248 0.016397
vt 0.271973 0.301758
vn -0.165999 0.322764 -0.931809
v -0.862030 1.338596 0.118309
vt 0.299072 0.439941
vn -0.088449 0.455599 -0.885780
v -0.407740 1.403589 0.058732
vt 0.488770 0.474609
vn -0.100969 -0.368576 -0.924098
v -0.400258 1.272622 0.037749
vt 0.487061 0.413086
vn -0.154720 0.356394 -0.921436
v -0.184416 1.013578 -0.133372
vt 0.555176 0.326660
vn -0.143536 0.459416 -0.876547
v -0.139741 1.260713 0.000955
vt 0.593750 0.420898
vn -0.140008 0.381911 -0.913533
v -0.397036 1.356704 0.076350
vt 0.491699 0.450684
vn -0.163747 0.524819 -0.835315
v -0.156469 1.429607 0.010902
vt 0.595215 0.479980
vn -0.135567 -0.375456 -0.916872
v -0.148596 1.395113 0.023863
vt 0.594727 0.462402
vn -0.215248 0.467914 -0.857161
v -0.307585 0.644112 -0.351910
vt 0.488770 0.474609
vn 0.775901 -0.005733 -0.630829
v -0.303897 0.584428 -0.346805
vt 0.491699 0.450684
vn 0.443844 0.808043 -0.387387
v -0.109473 0.662001 -0.125323
vt 0.595215 0.479980
vn 0.753519 -0.012028 -0.657316
v -0.106945 0.618091 -0.121414
vt 0.594727 0.462402
vn 0.449759 0.766804 -0.457961
v -0.038449 0.480487 -0.171529
vt 0.593750 0.420898
vn 0.553517 0.704430 -0.444294
v -0.635698 0.603525 -0.782141
vt 0.299072 0.439941
vn 0.542117 0.755671 -0.367519
v -0.243518 0.509592 -0.400537
vt 0.487061 0.413086
vn 0.557995 0.685823 -0.467215
v 0.134089 0.273538 -0.373740
vt 0.555176 0.326660
vn 0.504330 0.760327 -0.409334
v -0.643689 0.660870 -0.792381
vt 0.299561 0.462891
vn 0.765883 -0.039210 -0.641783
v -0.459152 0.306285 -0.969507
vt 0.271973 0.301758
vn 0.569968 0.658051 -0.492042
v -0.960760 0.663652 -1.147337
vt 0.122681 0.431641
vn 0.580472 0.670291 -0.462344
v -0.952401 0.708944 -1.146927
vt 0.117981 0.454102
vn 0.749038 -0.061048 -0.659709
v -0.569696 0.492652 -0.812829
vt 0.298340 0.399414
vn 0.606755 0.624581 -0.491677
v -1.118499 0.510686 -1.431766
vt 0.008879 0.364746
vn 0.613522 0.588306 -0.526769
v -1.147842 0.607886 -1.434656
vt 0.005169 0.396973
vn 0.696898 0.517387 -0.496632
v -1.130044 0.720116 -1.347418
vt 0.015472 0.448730
vn 0.931586 -0.095227 -0.350827
v -1.134143 0.665345 -1.352925
vt 0.023346 0.424316
vn 0.724891 0.635294 0.266334
v -0.745057 1.123798 -0.507405
vt 0.298340 0.399414
vn 0.466031 0.634406 -0.616720
v -0.354227 1.051341 -0.264555
vt 0.487061 0.413086
vn 0.445645 0.687450 -0.573422
v -0.758200 1.200597 -0.445883
vt 0.299072 0.439941
vn 0.445118 0.753126 -0.484428
v -1.132879 1.283755 -0.647148
vt 0.122681 0.431641
vn 0.425147 0.693166 -0.582041
v -0.745711 1.252569 -0.440755
vt 0.299561 0.462891
vn 0.505129 -0.044143 -0.861914
v -1.332364 1.364192 -0.763908
vt 0.015472 0.448730
vn 0.750070 -0.127807 -0.648891
v -0.366833 1.117581 -0.190002
vt 0.491699 0.450684
vn 0.405336 0.800063 -0.442270
v -0.353663 1.170637 -0.185487
vt 0.488770 0.474609
vn 0.506798 -0.050139 -0.860605
v -0.144646 1.088051 -0.067086
vt 0.594727 0.462402
vn 0.403148 0.745511 -0.530740
v -0.134847 1.127076 -0.063954
vt 0.595215 0.479980
vn 0.478333 -0.046546 -0.876944
v -0.125195 1.009793 -0.140117
vt 0.593750 0.420898
vn 0.423345 0.716863 -0.553973
v -0.138226 0.835392 -0.404957
vt 0.553223 0.314453
vn 0.421874 0.715256 -0.557164
v -0.759691 0.927747 -0.701616
vt 0.271973 0.301758
vn 0.446755 0.628937 -0.636277
v -1.344097 1.315366 -0.768726
vt 0.023346 0.424316
vn 0.829508 0.556696 0.044785
v -1.388006 1.269832 -0.835885
vt 0.005169 0.396973
vn 0.479444 0.381530 -0.790296
v -1.388250 1.199820 -0.854191
vt 0.008879 0.364746
vn 0.325242 0.238156 -0.915150
v 0.414457 0.967905 0.120751
vt 0.488770 0.474609
vn -0.256528 -0.278728 0.925475
v 0.419201 0.912387 0.105251
vt 0.491699 0.450684
vn -0.275821 0.603368 0.748244
v 0.133140 0.951489 0.049075
vt 0.595215 0.479980
vn -0.221758 -0.279765 0.934107
v 0.136631 0.910646 0.037673
vt 0.594727 0.462402
vn -0.232216 0.555212 0.798633
v 0.136707 0.761449 0.078174
vt 0.593750 0.420898
vn -0.312234 0.464102 0.828926
v 0.912715 0.979730 0.280596
vt 0.299072 0.439941
vn -0.356310 0.527483 0.771236
v 0.416342 0.822638 0.159383
vt 0.487061 0.413086
vn -0.299327 0.442609 0.845281
v 0.153797 0.506143 0.274851
vt 0.555176 0.326660
vn -0.303217 0.538399 0.786248
v 0.914547 1.033795 0.297356
vt 0.299561 0.462891
vn -0.238312 -0.308501 0.920888
v 0.934755 0.642115 0.445408
vt 0.271973 0.301758
vn -0.289348 0.412178 0.863937
v 1.354700 1.089355 0.414362
vt 0.122681 0.431641
vn -0.319329 0.424955 0.847020
v 1.340206 1.128913 0.428274
vt 0.117981 0.454102
vn -0.212112 -0.329846 0.919897
v 0.899128 0.857523 0.311016
vt 0.298340 0.399414
vn -0.312918 0.367196 0.875928
v 1.661519 0.965807 0.518835
vt 0.008879 0.364746
vn -0.291624 0.329454 0.898006
v 1.668328 1.062666 0.529268
vt 0.005169 0.396973
vn -0.360514 0.233588 0.903032
v 1.585692 1.168367 0.498560
vt 0.015472 0.448730
vn -0.525149 -0.389036 0.756882
v 1.601656 1.118726 0.487729
vt 0.023346 0.424316
vn -0.843120 0.405367 0.353307
v 0.156694 1.159938 -0.027764
vt 0.974609 -0.182617
vn 0.017358 0.790205 0.612596
v -0.006847 1.149279 0.001926
vt 0.974609 -0.326172
vn 0.044861 0.835799 0.547199
v 0.154542 1.160575 -0.039946
vt 0.961426 -0.182617
vn -0.171806 0.880553 -0.441712
v -0.005442 1.137156 0.008031
vt 0.988281 -0.326172
vn 0.186789 -0.069911 0.979909
v 0.158184 1.149091 -0.022316
vt 0.988281 -0.182617
vn 0.216265 -0.146940 0.965214
v 0.380317 1.194293 -0.066129
vt 0.988281 -0.038086
vn 0.219590 -0.049108 0.974356
v -0.009448 1.150007 -0.011628
vt 0.961426 -0.326172
vn -0.133724 0.886180 -0.443626
v 0.153879 1.150364 -0.046679
vt 0.948242 -0.182617
vn -0.151782 -0.031085 -0.987925
v -0.010643 1.138612 -0.019077
vt 0.948242 -0.326172
vn -0.167928 0.036970 -0.985106
v 0.376958 1.187344 -0.079668
vt 0.948242 -0.038086
vn 0.224888 -0.809770 -0.541939
v 0.155368 1.139517 -0.041231
vt 0.934570 -0.182617
vn 0.028380 -0.838278 -0.544504
v 0.376958 1.187344 -0.079668
vt 0.934570 -0.038086
vn 0.224888 -0.809770 -0.541939
v -0.009239 1.126489 -0.012972
vt 0.934570 -0.326172
vn -0.026385 -0.840381 -0.541353
v 0.157521 1.138880 -0.029049
vt 0.921387 -0.182617
vn 0.204479 -0.914612 0.348817
v -0.006638 1.125761 0.000582
vt 0.921387 -0.326172
vn 0.147372 -0.895241 0.420506
v 0.377884 1.202686 -0.079000
vt 0.961426 -0.038086
vn -0.252714 0.838458 -0.482828
v 0.662125 1.305933 -0.103594
vt 0.948242 0.249512
vn -0.338039 0.830617 -0.442499
v 0.661355 1.315517 -0.108495
vt 0.961426 0.249512
vn -0.339715 0.829977 -0.442416
v 0.380317 1.194293 -0.066129
vt 0.974609 -0.038086
vn 0.219590 -0.049108 0.974356
v 0.662125 1.305933 -0.103594
vt 0.974609 0.249512
vn -0.338039 0.830617 -0.442499
v 0.158184 1.149091 -0.022316
vt 0.908203 -0.182617
vn 0.216265 -0.146940 0.965214
v -0.005442 1.137156 0.008031
vt 0.908203 -0.326172
vn 0.186789 -0.069911 0.979909
v 0.380317 1.194293 -0.066129
vt 0.908203 -0.038086
vn 0.219590 -0.049108 0.974356
v 0.376958 1.187344 -0.079668
vt 0.921387 -0.038086
vn 0.224888 -0.809770 -0.541939
v 0.662125 1.305933 -0.103594
vt 0.921387 0.249512
vn -0.338039 0.830617 -0.442499
v -0.019010 1.507524 0.001092
vt 0.961426 -0.326172
vn 0.102837 0.946898 -0.304645
v -0.014678 1.497334 -0.006931
vt 0.948242 -0.326172
vn 0.409848 0.201146 -0.889699
v 0.130696 1.513642 0.070622
vt 0.961426 -0.182617
vn 0.084335 0.942962 -0.322042
v -0.024452 1.504888 0.013486
vt 0.974609 -0.326172
vn -0.296223 0.758013 0.581092
v 0.134944 1.504525 0.063617
vt 0.948242 -0.182617
vn 0.426580 0.113433 -0.897309
v -0.015788 1.484508 -0.002561
vt 0.934570 -0.326172
vn 0.314776 -0.750538 -0.581041
v 0.125651 1.511288 0.081658
vt 0.974609 -0.182617
vn -0.343709 0.700590 0.625331
v -0.025562 1.492061 0.017856
vt 0.988281 -0.326172
vn -0.395428 -0.190522 0.898520
v 0.124856 1.499816 0.085689
vt 0.988281 -0.182617
vn -0.364631 -0.277134 0.888955
v 0.328046 1.531064 0.177540
vt 0.988281 -0.038086
vn -0.380408 -0.180717 0.906990
v 0.134149 1.493053 0.067648
vt 0.934570 -0.182617
vn 0.347184 -0.756600 -0.554093
v 0.333606 1.526110 0.163852
vt 0.948242 -0.038086
vn 0.469581 -0.757607 -0.453349
v 0.333606 1.526110 0.163852
vt 0.934570 -0.038086
vn 0.469581 -0.757607 -0.453349
v 0.332493 1.541170 0.166669
vt 0.961426 -0.038086
vn 0.059412 0.923187 -0.379731
v 0.571952 1.601583 0.309712
vt 0.948242 0.249512
vn -0.004313 0.925426 -0.378905
v 0.573152 1.611738 0.306389
vt 0.961426 0.249512
vn -0.006323 0.924950 -0.380037
v 0.328046 1.531064 0.177540
vt 0.974609 -0.038086
vn -0.380408 -0.180717 0.906990
v 0.571952 1.601583 0.309712
vt 0.974609 0.249512
vn -0.004313 0.925426 -0.378905
v 0.129105 1.490699 0.078684
vt 0.921387 -0.182617
vn -0.008529 -0.963593 0.267237
v -0.021230 1.481871 0.009833
vt 0.921387 -0.326172
vn -0.087203 -0.946216 0.311561
v 0.328046 1.531064 0.177540
vt 0.921387 -0.038086
vn -0.380408 -0.180717 0.906990
v 0.571952 1.601583 0.309712
vt 0.934570 0.249512
vn -0.004313 0.925426 -0.378905
v 0.124856 1.499816 0.085689
vt 0.908203 -0.182617
vn -0.364631 -0.277134 0.888955
v -0.025562 1.492061 0.017856
vt 0.908203 -0.326172
vn -0.395428 -0.190522 0.898520
v -0.971165 1.511906 1.244541
vt 0.023346 0.424316
vn 0.047409 0.387504 -0.920648
v -0.826598 1.458371 1.054163
vt 0.122681 0.431641
vn -0.600277 0.505436 -0.619840
v -0.967592 1.558690 1.226033
vt 0.015472 0.448730
vn -0.562568 -0.321489 -0.761684
v -1.038905 1.468726 1.289232
vt 0.005169 0.396973
vn -0.663311 0.322682 -0.675200
v -0.828296 1.496022 1.035633
vt 0.117981 0.454102
vn -0.816889 -0.222592 -0.532114
v -0.580210 1.361789 0.710925
vt 0.299561 0.462891
vn -0.803417 -0.208206 -0.557827
v -0.611221 1.197109 0.696810
vt 0.298340 0.399414
vn -0.638031 0.449345 -0.625304
v -1.040831 1.376283 1.289237
vt 0.008879 0.364746
vn -0.671346 0.416678 -0.612922
v -0.770826 1.013294 0.685929
vt 0.271973 0.301758
vn -0.629199 0.494093 -0.599984
v -0.572400 1.309064 0.716496
vt 0.299072 0.439941
vn -0.502965 0.591495 -0.630207
v -0.262466 1.244423 0.336358
vt 0.488770 0.474609
vn -0.796743 -0.179466 -0.577055
v -0.316993 1.112899 0.327891
vt 0.487061 0.413086
vn -0.603912 0.521060 -0.603148
v -0.371230 0.811169 0.064799
vt 0.555176 0.326660
vn -0.535134 0.607766 -0.586731
v -0.158030 1.026485 0.112860
vt 0.593750 0.420898
vn -0.581558 0.538902 -0.609406
v -0.258226 1.190947 0.347283
vt 0.491699 0.450684
vn -0.500417 0.669794 -0.548597
v -0.105066 1.200945 0.115436
vt 0.595215 0.479980
vn -0.817687 -0.176688 -0.547878
v -0.101948 1.161604 0.123474
vt 0.594727 0.462402
vn -0.569554 0.632012 -0.525517
v -0.438174 4.116996 0.015555
vt 0.122681 0.431641
vn 0.388761 0.652684 -0.650284
v -0.420021 4.141964 0.012662
vt 0.117981 0.454102
vn -0.050816 0.008394 -0.998673
v -0.588713 4.232402 0.022005
vt 0.023346 0.424316
vn 0.899953 0.084513 -0.427717
v -0.566756 4.262349 0.023725
vt 0.015472 0.448730
vn 0.255695 -0.206918 -0.944354
v -0.649622 4.222567 -0.006537
vt 0.005112 0.396973
vn 0.277052 0.344242 -0.897073
v -0.152215 3.995861 -0.000202
vt 0.299561 0.462891
vn -0.013317 0.013599 -0.999819
v -0.669085 4.159611 -0.023394
vt 0.008879 0.364746
vn 0.187329 0.396739 -0.898613
v -0.540234 4.005121 -0.079731
vt 0.096069 0.342773
vn 0.232959 0.532278 -0.813886
v -0.482884 4.067176 -0.025397
vt 0.112183 0.397949
vn 0.249498 0.497888 -0.830577
v -0.278908 3.801657 -0.180239
vt 0.271973 0.301758
vn 0.292454 0.652290 -0.699277
v -0.163345 3.958133 -0.001736
vt 0.299072 0.439941
vn 0.359420 0.663343 -0.656348
v 0.007844 3.903411 0.003725
vt 0.394287 0.468750
vn -0.761751 0.129668 -0.634761
v -0.005639 3.866053 0.002209
vt 0.395508 0.445312
vn 0.456196 0.780121 -0.428132
v -0.055436 3.823414 -0.051116
vt 0.378174 0.405273
vn 0.312160 0.602829 -0.734271
v -0.082424 3.687242 -0.205480
vt 0.387451 0.312012
vn 0.319535 0.673560 -0.666494
v -0.188671 3.889463 -0.052069
vt 0.298340 0.399414
vn 0.285039 0.591927 -0.753907
v 0.330819 1.595277 0.181190
vt 0.488770 0.474609
vn -0.425431 -0.171229 0.888644
v 0.341492 1.541835 0.175907
vt 0.491699 0.450684
vn -0.614621 0.612463 0.497122
v 0.085727 1.547461 0.065704
vt 0.595215 0.479980
vn -0.393226 -0.167918 0.903978
v 0.093580 1.508145 0.061820
vt 0.594727 0.462402
vn -0.424151 0.634601 0.646047
v 0.094375 1.373840 0.120666
vt 0.593750 0.420898
vn -0.503059 0.542968 0.672397
v 0.759445 1.667998 0.418422
vt 0.299072 0.439941
vn -0.537834 0.594276 0.597972
v 0.333424 1.464559 0.238084
vt 0.487061 0.413086
vn -0.492702 0.525352 0.693722
v 0.086350 1.161502 0.341380
vt 0.555176 0.326660
vn -0.489749 0.611194 0.621762
v 0.754690 1.720789 0.426289
vt 0.299561 0.462891
vn -0.405261 -0.199626 0.892140
v 0.767066 1.375135 0.622766
vt 0.271973 0.301758
vn -0.484927 0.498796 0.718365
v 1.135465 1.824135 0.607099
vt 0.122681 0.431641
vn -0.511500 0.507006 0.693767
v 1.117018 1.861649 0.611436
vt 0.117981 0.454102
vn -0.378059 -0.218562 0.899612
v 0.748016 1.556504 0.461567
vt 0.298340 0.399414
vn -0.507715 0.453953 0.732224
v 1.405842 1.747418 0.777727
vt 0.008879 0.364746
vn -0.489322 0.421868 0.763277
v 1.404441 1.839816 0.774495
vt 0.005169 0.396973
vn -0.551853 0.322176 0.769195
v 1.327904 1.927835 0.715664
vt 0.015472 0.448730
vn -0.645556 -0.327637 0.689863
v 1.347692 1.881408 0.715890
vt 0.023346 0.424316
vn -0.920961 0.372402 0.114666
v 0.807004 1.375584 -0.119520
vt 0.299072 0.439941
vn -0.233216 0.678592 0.696507
v 1.187681 1.508904 -0.141705
vt 0.115601 0.397949
vn -0.073341 0.407590 0.910215
v 0.821623 1.282521 -0.061103
vt 0.298340 0.399414
vn -0.069626 0.491086 0.868324
v 1.236875 1.377425 -0.078903
vt 0.103149 0.341309
vn -0.062836 0.424785 0.903111
v 0.895994 1.136416 -0.007020
vt 0.271973 0.301758
vn -0.019932 0.448712 0.893454
v 1.450292 1.618788 -0.180636
vt 0.008879 0.364746
vn 0.052693 0.219272 0.974240
v 1.448661 1.710133 -0.196307
vt 0.005169 0.396973
vn -0.068103 0.245580 0.966981
v 0.418505 1.134506 -0.009870
vt 0.487061 0.413086
vn -0.071246 0.566202 0.821181
v 0.495313 0.926875 0.163927
vt 0.464600 0.318848
vn -0.078034 0.569278 0.818433
v 0.149634 1.020220 0.037279
vt 0.593750 0.420898
vn -0.080917 0.572606 0.815828
v 0.254352 0.836788 0.183312
vt 0.555176 0.326660
vn -0.132505 0.589889 0.796539
v 0.118027 1.146758 -0.025562
vt 0.594727 0.462402
vn -0.085514 0.770446 0.631744
v 0.390452 1.203466 -0.077453
vt 0.491699 0.450684
vn -0.166447 0.760790 0.627291
v 0.114385 1.186891 -0.023863
vt 0.595215 0.479980
vn 0.192413 -0.032925 0.980762
v 0.385646 1.257997 -0.074323
vt 0.488770 0.474609
vn 0.149365 -0.034609 0.988176
v 0.808396 1.429222 -0.118335
vt 0.299561 0.462891
vn 0.191577 -0.065204 0.979309
v 1.151094 1.598680 -0.186123
vt 0.122681 0.431641
vn -0.237530 0.557602 0.795399
v 1.139114 1.638053 -0.177008
vt 0.117981 0.454102
vn 0.217984 -0.072404 0.973263
v 1.368962 1.750200 -0.218367
vt 0.023346 0.424316
vn -0.579001 0.387088 0.717579
v 1.372753 1.807103 -0.219201
vt 0.015472 0.448730
vn -0.381047 -0.016439 0.924409
v 0.183645 0.601072 0.000093
vt 0.934570 -0.182617
vn -0.171256 -0.884158 -0.434667
v 0.011822 0.644210 0.000052
vt 0.934570 -0.326172
vn -0.196914 -0.799634 -0.567284
v 0.183580 0.600765 0.013305
vt 0.921387 -0.182617
vn -0.166605 -0.866434 0.470675
v 0.011953 0.643792 0.014791
vt 0.921387 -0.326172
vn -0.210439 -0.855542 0.473036
v 0.186006 0.611609 0.020190
vt 0.908203 -0.182617
vn 0.004082 -0.112319 0.993664
v 0.015134 0.655769 0.022489
vt 0.908203 -0.326172
vn 0.006572 -0.026618 0.999624
v 0.420859 0.565214 0.008447
vt 0.921387 -0.038086
vn -0.046739 -0.889904 0.453746
v 0.420859 0.565214 0.008447
vt 0.934570 -0.038086
vn -0.046739 -0.889904 0.453746
v 0.186136 0.612225 -0.006235
vt 0.948242 -0.182617
vn -0.014377 -0.107894 -0.994058
v 0.006529 0.652900 -0.005773
vt 0.948242 -0.326172
vn 0.712831 0.079103 -0.696861
v 0.422957 0.573531 -0.005778
vt 0.948242 -0.038086
vn 0.077014 0.097415 -0.992260
v 0.729911 0.560160 0.014440
vt 0.934570 0.249512
vn 0.865153 -0.267038 -0.424500
v 0.188562 0.623070 0.000650
vt 0.961426 -0.182617
vn 0.175942 0.805575 -0.565768
v 0.018053 0.668582 0.000709
vt 0.961426 -0.326172
vn 0.202741 0.783881 -0.586878
v 0.018184 0.668165 0.015448
vt 0.974609 -0.326172
vn 0.225184 0.826805 0.515447
v 0.188496 0.622763 0.013862
vt 0.974609 -0.182617
vn 0.204381 0.821875 0.531742
v 0.015134 0.655769 0.022489
vt 0.988281 -0.326172
vn 0.006572 -0.026618 0.999624
v 0.422957 0.573531 -0.005778
vt 0.961426 -0.038086
vn 0.077014 0.097415 -0.992260
v 0.186006 0.611609 0.020190
vt 0.988281 -0.182617
vn 0.004082 -0.112319 0.993664
v 0.426039 0.580818 0.008850
vt 0.974609 -0.038086
vn 0.103772 0.842487 0.528628
v 0.729911 0.560160 0.014440
vt 0.961426 0.249512
vn 0.865153 -0.267038 -0.424500
v 0.731257 0.564723 0.023306
vt 0.974609 0.249512
vn 0.811645 0.236648 0.534070
v 0.420859 0.565214 0.008447
vt 0.988281 -0.038086
vn -0.046739 -0.889904 0.453746
v 0.731257 0.564723 0.023306
vt 0.988281 0.249512
vn 0.811645 0.236648 0.534070
v -0.217435 4.460638 0.105219
vt 0.442383 0.748291
vn -0.115651 0.438301 -0.891357
v -0.103472 4.374279 0.052445
vt 0.441406 0.816284
vn -0.115813 0.478315 -0.870518
v -0.205836 4.474368 0.100528
vt 0.434326 0.748047
vn -0.420713 0.045783 -0.906038
v -0.091483 4.388472 0.047595
vt 0.433105 0.815430
vn -0.403811 0.028691 -0.914392
v -0.339124 4.595889 0.175142
vt 0.433105 0.661621
vn -0.440718 0.066285 -0.895195
v -0.348929 4.584282 0.179108
vt 0.439941 0.658203
vn -0.229742 0.307482 -0.923403
v -0.370110 4.453328 0.058571
vt 0.494873 0.688965
vn 0.199042 0.692366 -0.693551
v -0.254809 4.326165 -0.059041
vt 0.520508 0.778931
vn 0.194938 0.751024 -0.630842
v -0.003022 4.320142 0.006213
vt 0.440430 0.863892
vn -0.264539 0.293562 -0.918608
v 0.006783 4.331750 0.002247
vt 0.433594 0.868652
vn -0.404716 0.029584 -0.913964
v -0.195984 3.133996 0.180680
vt 0.123718 0.561768
vn -0.569044 0.753364 -0.329594
v -0.291605 2.966320 0.079123
vt 0.135376 0.639893
vn -0.607385 0.705893 -0.364415
v -0.078210 3.158001 0.057272
vt 0.046692 0.562012
vn -0.542532 0.791034 -0.282709
v -0.093580 3.058873 -0.072564
vt 0.008018 0.602539
vn -0.626841 0.665079 -0.405882
v -0.010455 3.184427 -0.012427
vt 0.002026 0.558838
vn -0.638322 0.678777 -0.363052
v -0.082642 3.189839 0.061235
vt 0.046814 0.551025
vn -0.718267 -0.013372 -0.695639
v -0.013600 3.207017 -0.009616
vt 0.002079 0.551025
vn -0.714554 -0.012363 -0.699471
v -0.195984 3.133996 0.180680
vt 0.123718 0.560059
vn -0.569044 0.753364 -0.329594
v -0.199128 3.156585 0.183492
vt 0.123291 0.552002
vn -0.711997 -0.017164 -0.701973
v -0.298450 3.118999 0.281965
vt 0.187622 0.550049
vn -0.665463 -0.016475 -0.746249
v -0.294944 3.096416 0.279515
vt 0.188232 0.558105
vn -0.492942 0.806101 -0.327429
v -0.400698 3.093550 0.364473
vt 0.247314 0.546143
vn -0.646603 -0.011884 -0.762734
v -0.397192 3.070966 0.362023
vt 0.247559 0.553955
vn -0.425110 0.817363 -0.388843
v -0.477000 3.052902 0.433307
vt 0.295898 0.554199
vn -0.344209 0.856580 -0.384435
v -0.480144 3.075491 0.436118
vt 0.295898 0.545898
vn -0.639826 0.001291 -0.768519
v -0.611953 3.050531 0.538598
vt 0.370117 0.552246
vn -0.272926 0.845306 -0.459314
v -0.615097 3.073120 0.541409
vt 0.371338 0.544434
vn -0.665487 -0.006058 -0.746385
v -0.804358 3.057198 0.729010
vt 0.487793 0.561768
vn -0.493519 0.669595 -0.555051
v -0.807863 3.079781 0.731460
vt 0.490479 0.554199
vn -0.702884 -0.020664 -0.711005
v -0.425469 2.830058 -0.009924
vt 0.164551 0.728271
vn -0.448248 0.810482 -0.377085
v -0.345573 2.948415 0.132368
vt 0.170166 0.641357
vn -0.573407 0.715484 -0.399108
v -0.294944 3.096416 0.279515
vt 0.188599 0.558105
vn -0.492942 0.806101 -0.327429
v -0.408384 2.935341 0.188823
vt 0.207397 0.643066
vn -0.461342 0.755059 -0.465886
v -0.341735 3.084769 0.317273
vt 0.214111 0.560059
vn -0.071930 0.994000 0.082408
v -0.473678 2.922328 0.209896
vt 0.238770 0.644287
vn -0.446231 0.786501 -0.426959
v -0.397192 3.070966 0.362023
vt 0.244507 0.556641
vn -0.425110 0.817363 -0.388843
v -0.586284 2.797543 0.057728
vt 0.229370 0.739990
vn -0.327956 0.849814 -0.412627
v -0.514179 2.913160 0.245916
vt 0.263184 0.645264
vn -0.426367 0.803010 -0.416397
v -0.607829 2.924526 0.337171
vt 0.329346 0.634521
vn -0.312113 0.820777 -0.478446
v -0.776341 2.837085 0.267685
vt 0.357178 0.701660
vn -0.262638 0.849983 -0.456672
v -0.563655 3.051378 0.501505
vt 0.344238 0.556396
vn 0.066525 0.994502 -0.080866
v -0.704433 2.930014 0.388166
vt 0.363525 0.628906
vn -0.261627 0.834814 -0.484394
v -0.832281 2.957980 0.500833
vt 0.435059 0.618164
vn -0.283833 0.857968 -0.428170
v -0.611953 3.050531 0.538598
vt 0.370117 0.554443
vn -0.272926 0.845306 -0.459314
v -0.022959 1.403157 -0.007832
vt 0.974609 -0.326172
vn -0.510406 0.824591 -0.243999
v -0.050286 1.433558 0.152082
vt 0.974609 -0.182617
vn -0.568918 0.794195 -0.213513
v -0.029465 1.391215 -0.006627
vt 0.988281 -0.326172
vn -0.986456 -0.059299 -0.152929
v -0.056174 1.422909 0.153380
vt 0.988281 -0.182617
vn -0.983764 -0.119077 -0.134273
v -0.076794 1.452703 0.315447
vt 0.974609 -0.038086
vn -0.429543 0.884389 -0.182619
v -0.076197 1.437452 0.317325
vt 0.988281 -0.038086
vn -0.550764 -0.830841 0.079764
v -0.144571 1.505937 0.633497
vt 0.988281 0.249512
vn 0.857941 -0.444030 0.258408
v -0.038058 1.434260 0.154125
vt 0.961426 -0.182617
vn 0.396398 0.915964 -0.062277
v -0.009283 1.403926 -0.005752
vt 0.961426 -0.326172
vn 0.470009 0.878838 -0.082076
v -0.076794 1.452703 0.315447
vt 0.961426 -0.038086
vn -0.429543 0.884389 -0.182619
v -0.031718 1.424314 0.157466
vt 0.948242 -0.182617
vn 0.974801 0.143174 0.171066
v -0.002114 1.392754 -0.002467
vt 0.948242 -0.326172
vn 0.983632 0.057569 0.170747
v -0.008620 1.380813 -0.001262
vt 0.934570 -0.326172
vn 0.511096 -0.819040 0.260682
v -0.144571 1.505937 0.633497
vt 0.948242 0.249512
vn 0.857941 -0.444030 0.258408
v -0.139473 1.515433 0.632884
vt 0.961426 0.249512
vn 0.858195 -0.444245 0.257190
v -0.063047 1.445783 0.318075
vt 0.948242 -0.038086
vn 0.966529 -0.055032 0.250586
v -0.037605 1.413666 0.158763
vt 0.934570 -0.182617
vn 0.571310 -0.781954 0.249305
v -0.076197 1.437452 0.317325
vt 0.934570 -0.038086
vn -0.550764 -0.830841 0.079764
v -0.144571 1.505937 0.633497
vt 0.934570 0.249512
vn 0.857941 -0.444030 0.258408
v -0.049833 1.412964 0.156720
vt 0.921387 -0.182617
vn -0.411183 -0.906099 0.099558
v -0.022296 1.380044 -0.003342
vt 0.921387 -0.326172
vn -0.464890 -0.879605 0.100856
v -0.056174 1.422909 0.153380
vt 0.908203 -0.182617
vn -0.983764 -0.119077 -0.134273
v -0.029465 1.391215 -0.006627
vt 0.908203 -0.326172
vn -0.986456 -0.059299 -0.152929
v -0.076197 1.437452 0.317325
vt 0.908203 -0.038086
vn -0.550764 -0.830841 0.079764
v -0.115209 4.738300 0.362701
vt 0.439941 0.658203
vn -0.525764 0.561588 -0.638898
v -0.073621 4.613380 0.219153
vt 0.442383 0.748291
vn -0.270613 0.733406 -0.623606
v -0.111109 4.749828 0.352881
vt 0.433105 0.661621
vn -0.950254 0.041472 -0.308702
v -0.215473 4.606568 0.293583
vt 0.494873 0.688965
vn -0.346750 0.686507 -0.639119
v -0.069578 4.627094 0.207296
vt 0.434326 0.748047
vn -0.945809 0.012093 -0.324499
v -0.217155 4.477961 0.130320
vt 0.520508 0.778931
vn -0.305767 0.746239 -0.591299
v -0.030326 4.526064 0.102310
vt 0.441406 0.816284
vn -0.257626 0.787035 -0.560540
v -0.026117 4.540236 0.090063
vt 0.433105 0.815430
vn -0.940765 -0.017093 -0.338627
v 0.011299 4.482687 -0.010737
vt 0.433594 0.868652
vn -0.940628 -0.019464 -0.338881
v 0.891314 0.729850 0.725975
vt 0.364014 0.628906
vn 0.254536 0.937643 -0.236722
v 0.714537 0.801621 0.794922
vt 0.351562 0.556396
vn -0.285615 0.957869 -0.030182
v 0.864625 0.718655 0.651909
vt 0.329834 0.634766
vn 0.305300 0.933494 -0.188097
v 0.678992 0.803351 0.677101
vt 0.308594 0.554199
vn -0.665929 0.705575 0.242284
v 0.726753 0.800846 0.837459
vt 0.375732 0.553467
vn -0.711982 0.689406 0.133422
v 0.958610 0.763536 0.877132
vt 0.435547 0.618408
vn 0.201534 0.956104 -0.212721
v 0.827891 0.814190 1.081870
vt 0.480957 0.563232
vn -0.831238 0.471899 0.293861
v 1.019673 0.675779 0.636440
vt 0.357666 0.701660
vn 0.231029 0.950292 -0.208737
v 0.814187 0.708136 0.515882
vt 0.263672 0.645508
vn 0.368929 0.919739 -0.134055
v 0.638343 0.818840 0.580306
vt 0.248535 0.556641
vn -0.683338 0.653404 0.325751
v 0.957348 0.643623 0.353094
vt 0.229858 0.740234
vn 0.323239 0.938926 -0.118045
v 0.788407 0.714535 0.469109
vt 0.239258 0.644287
vn 0.447130 0.892293 -0.062351
v 0.616358 0.831060 0.518797
vt 0.217651 0.559814
vn -0.183335 0.968900 0.166194
v 0.758562 0.726025 0.408291
vt 0.207886 0.643066
vn 0.460230 0.883403 -0.088249
v 0.870213 0.659943 0.236428
vt 0.165649 0.730225
vn 0.389240 0.917835 -0.077920
v 0.719316 0.734566 0.336928
vt 0.170654 0.641602
vn 0.487546 0.867943 -0.094734
v 0.594140 0.842676 0.459467
vt 0.188721 0.558350
vn -0.658462 0.642601 0.391781
v 0.685319 0.749308 0.270306
vt 0.135864 0.640137
vn 0.506901 0.859902 -0.060162
v 0.531854 0.874624 0.336225
vt 0.124695 0.562012
vn -0.675452 0.578791 0.456908
v 0.538800 0.821730 0.067411
vt 0.008545 0.602783
vn 0.538825 0.835590 -0.107037
v 0.456943 0.891755 0.186184
vt 0.047180 0.562256
vn -0.628746 0.631989 0.453065
v 0.407939 0.913704 0.097664
vt 0.002554 0.558838
vn -0.297933 0.951669 0.074579
v -1.295583 0.785102 -0.428294
vt 0.435547 0.618408
vn -0.104238 0.911616 0.397606
v -1.059927 0.833529 -0.484038
vt 0.375732 0.553467
vn 0.586244 0.742327 -0.324450
v -1.166371 0.736992 -0.319699
vt 0.364014 0.628906
vn -0.142006 0.887277 0.438833
v -1.260920 0.869380 -0.668847
vt 0.480957 0.563232
vn 0.631119 0.549744 -0.547239
v -1.029722 0.830061 -0.449559
vt 0.351562 0.556396
vn 0.263901 0.964038 0.031419
v -1.248527 0.662790 -0.188656
vt 0.357666 0.701660
vn -0.132320 0.904586 0.405234
v -1.109049 0.718493 -0.263094
vt 0.329834 0.634766
vn -0.208549 0.885704 0.414772
v -0.945253 0.820322 -0.353909
vt 0.308594 0.554199
vn 0.500458 0.766557 -0.402409
v -1.002524 0.694949 -0.158366
vt 0.263672 0.645508
vn -0.289354 0.874036 0.390302
v -1.066937 0.600513 0.046228
vt 0.229858 0.740234
vn -0.253728 0.897977 0.359527
v -0.865507 0.827607 -0.277877
vt 0.248535 0.556641
vn 0.482328 0.725618 -0.490752
v -0.958014 0.697699 -0.124566
vt 0.239258 0.644287
vn -0.389426 0.850005 0.354738
v -0.817937 0.834315 -0.228237
vt 0.217651 0.559814
vn 0.090317 0.990639 -0.102361
v -0.903644 0.704308 -0.078622
vt 0.207886 0.643066
vn -0.390733 0.837370 0.382280
v -0.934337 0.609176 0.120898
vt 0.165649 0.730225
vn -0.330347 0.877436 0.347817
v -0.835805 0.707240 -0.027180
vt 0.170654 0.641602
vn -0.413407 0.819278 0.397339
v -0.771758 0.840827 -0.180049
vt 0.188721 0.558350
vn 0.433244 0.719641 -0.542602
v -0.775034 0.716782 0.022889
vt 0.135864 0.640137
vn -0.444832 0.814018 0.373495
v -0.659954 0.863257 -0.086530
vt 0.124695 0.562012
vn 0.422605 0.663515 -0.617376
v -0.549586 0.776890 0.160900
vt 0.008545 0.602783
vn -0.464163 0.778602 0.422292
v -0.524503 0.868093 0.024738
vt 0.047180 0.562256
vn 0.400569 0.698272 -0.593263
v -0.453727 0.882187 0.087059
vt 0.002554 0.558838
vn 0.117718 0.667148 -0.735565
v 0.034973 0.613254 0.162617
vt 0.974609 -0.182617
vn -0.567823 0.732973 0.374603
v -0.014830 0.662326 0.003781
vt 0.974609 -0.326172
vn -0.496365 0.773306 0.394487
v 0.047546 0.614647 0.159254
vt 0.961426 -0.182617
vn 0.454678 0.883977 0.108871
v -0.021404 0.649633 0.002110
vt 0.988281 -0.326172
vn -0.956356 -0.112521 0.269670
v 0.029132 0.601826 0.161352
vt 0.988281 -0.182617
vn -0.953050 -0.129404 0.273769
v 0.101066 0.557911 0.382987
vt 0.988281 -0.038086
vn -0.956076 -0.083904 0.280855
v -0.000864 0.663959 -0.000161
vt 0.961426 -0.326172
vn 0.454926 0.880367 0.134152
v 0.114536 0.567213 0.381683
vt 0.961426 -0.038086
vn 0.407696 0.912543 0.032384
v 0.101066 0.557911 0.382987
vt 0.974609 -0.038086
vn -0.956076 -0.083904 0.280855
v 0.176016 0.545863 0.677688
vt 0.961426 0.249512
vn 0.585190 -0.800057 -0.132139
v 0.114730 0.552037 0.375895
vt 0.948242 -0.038086
vn 0.662601 -0.709346 -0.240393
v 0.181789 0.537178 0.673052
vt 0.934570 0.249512
vn 0.584586 -0.800009 -0.135074
v 0.176016 0.545863 0.677688
vt 0.948242 0.249512
vn 0.585190 -0.800057 -0.132139
v 0.054278 0.604615 0.154626
vt 0.948242 -0.182617
vn 0.962580 0.026115 -0.269737
v -0.000044 0.640207 -0.007444
vt 0.934570 -0.326172
vn 0.506282 -0.774570 -0.379104
v 0.048438 0.593188 0.153361
vt 0.934570 -0.182617
vn 0.452088 -0.829409 -0.328173
v 0.114730 0.552037 0.375895
vt 0.934570 -0.038086
vn 0.662601 -0.709346 -0.240393
v 0.035865 0.591794 0.156724
vt 0.921387 -0.182617
vn -0.488132 -0.871258 -0.051340
v -0.014011 0.638573 -0.003503
vt 0.921387 -0.326172
vn -0.447174 -0.886410 -0.119632
v 0.101066 0.557911 0.382987
vt 0.921387 -0.038086
vn -0.956076 -0.083904 0.280855
v 0.176016 0.545863 0.677688
vt 0.921387 0.249512
vn 0.585190 -0.800057 -0.132139
v 0.029132 0.601826 0.161352
vt 0.908203 -0.182617
vn -0.953050 -0.129404 0.273769
v -0.021404 0.649633 0.002110
vt 0.908203 -0.326172
vn -0.956356 -0.112521 0.269670
v 0.480788 2.434420 -0.617528
vt 0.122681 0.431641
vn 0.362957 0.691763 0.624280
v 0.472115 2.481766 -0.598296
vt 0.117981 0.454102
vn 0.788936 -0.043606 0.612926
v 0.665770 2.569023 -0.841417
vt 0.023346 0.424316
vn -0.246533 0.263882 0.932517
v 0.651052 2.626285 -0.821691
vt 0.015472 0.448730
vn 0.516381 -0.194919 0.833881
v 0.763645 2.528555 -0.884052
vt 0.005112 0.396973
vn 0.564573 0.352246 0.746445
v 0.161389 2.339239 -0.213876
vt 0.299561 0.462891
vn 0.765105 -0.021628 0.643542
v 0.786660 2.417012 -0.874833
vt 0.008879 0.364746
vn 0.631168 0.389147 0.670963
v 0.675785 2.206777 -0.614747
vt 0.096069 0.342773
vn 0.561597 0.535284 0.630936
v 0.564511 2.333418 -0.617350
vt 0.112183 0.397949
vn 0.559506 0.502880 0.658836
v 0.466678 1.961480 -0.128707
vt 0.271973 0.301758
vn 0.458080 0.670281 0.583854
v 0.164438 2.273224 -0.216405
vt 0.299072 0.439941
vn 0.384365 0.697777 0.604459
v -0.040747 2.246493 0.004394
vt 0.394287 0.468750
vn 0.732641 -0.001533 0.680614
v -0.035913 2.180214 -0.001848
vt 0.395508 0.445312
vn 0.167485 0.844203 0.509186
v 0.071991 2.088235 0.004441
vt 0.378174 0.405273
vn 0.464009 0.623594 0.629148
v 0.256742 1.843926 0.172368
vt 0.387451 0.312012
vn 0.419781 0.698392 0.579683
v 0.233975 2.147725 -0.177165
vt 0.298340 0.399414
vn 0.494802 0.605793 0.623046
v 0.606543 1.434188 0.543892
vt 0.207886 0.643066
vn 0.415033 0.901049 -0.125927
v 0.447167 1.534444 0.603705
vt 0.217651 0.559814
vn -0.271648 0.962217 -0.018595
v 0.583797 1.429896 0.469899
vt 0.170654 0.641602
vn 0.444020 0.887330 -0.124467
v 0.437620 1.535961 0.543461
vt 0.188721 0.558350
vn -0.762805 0.627822 0.154815
v 0.747471 1.360047 0.416462
vt 0.165649 0.730225
vn 0.341726 0.930032 -0.135140
v 0.564610 1.432433 0.400330
vt 0.135864 0.640137
vn 0.456226 0.885694 -0.086046
v 0.402413 1.545075 0.414199
vt 0.124695 0.562012
vn -0.788926 0.572205 0.224001
v 0.361669 1.535912 0.260158
vt 0.047180 0.562256
vn -0.764710 0.607491 0.214880
v 0.464825 1.462303 0.176499
vt 0.008545 0.602783
vn 0.504544 0.856139 -0.111634
v 0.341492 1.541835 0.175907
vt 0.002554 0.558838
vn -0.614621 0.612463 0.497122
v 0.806041 1.366776 0.542023
vt 0.229858 0.740234
vn 0.284315 0.939690 -0.190126
v 0.622842 1.433612 0.606895
vt 0.239258 0.644287
vn 0.396448 0.912063 -0.104740
v 0.456105 1.532617 0.665992
vt 0.248535 0.556641
vn -0.774269 0.627227 0.084221
v 0.637851 1.435681 0.655518
vt 0.263672 0.645508
vn 0.333435 0.922654 -0.193730
v 0.806038 1.437773 0.808897
vt 0.357666 0.701660
vn 0.212511 0.930615 -0.297986
v 0.475548 1.533743 0.764589
vt 0.308594 0.554199
vn -0.742916 0.669384 -0.000884
v 0.657110 1.466879 0.788151
vt 0.329834 0.634766
vn 0.281849 0.923346 -0.260755
v 0.485331 1.549956 0.879538
vt 0.351562 0.556396
vn -0.330130 0.916032 -0.227816
v 0.666562 1.488909 0.859432
vt 0.364014 0.628906
vn 0.242022 0.916476 -0.318587
v 0.697083 1.545068 1.005705
vt 0.435547 0.618408
vn 0.184320 0.933134 -0.308687
v 0.488301 1.555617 0.920945
vt 0.375732 0.553467
vn -0.764503 0.634570 -0.113385
v 0.532951 1.607354 1.162011
vt 0.480957 0.563232
vn -0.900220 0.432496 0.050508
v -0.241748 4.353357 0.360506
vt 0.122681 0.431641
vn -0.312249 0.642525 -0.699759
v -0.233289 4.378148 0.344109
vt 0.117981 0.454102
vn -0.846192 0.000000 -0.532878
v -0.322651 4.469807 0.486210
vt 0.023346 0.424316
vn 0.188035 0.069234 -0.979719
v -0.309734 4.499671 0.468250
vt 0.015472 0.448730
vn -0.626719 -0.223738 -0.746434
v -0.381018 4.460146 0.519669
vt 0.005112 0.396973
vn -0.576653 0.329458 -0.747615
v -0.089794 4.230123 0.119672
vt 0.299561 0.462891
vn -0.823215 0.012592 -0.567590
v -0.405846 4.397186 0.526564
vt 0.008879 0.364746
vn -0.628224 0.388100 -0.674324
v -0.377763 4.241360 0.390720
vt 0.096069 0.342773
vn -0.532825 0.524104 -0.664389
v -0.300400 4.303474 0.374400
vt 0.112183 0.397949
vn -0.538134 0.488405 -0.686930
v -0.309841 4.035289 0.121917
vt 0.271973 0.301758
vn -0.405204 0.644367 -0.648538
v -0.097324 4.192461 0.128283
vt 0.299072 0.439941
vn -0.329821 0.656695 -0.678211
v 0.001992 4.144251 -0.002773
vt 0.394287 0.468750
vn -0.983006 0.078186 0.166091
v -0.003836 4.099376 0.002439
vt 0.395508 0.445312
vn -0.029707 0.798725 -0.600963
v -0.075597 4.056604 0.013313
vt 0.378174 0.405273
vn -0.424013 0.593773 -0.683847
v -0.217527 3.919334 -0.051734
vt 0.387451 0.312012
vn -0.362929 0.665592 -0.652128
v -0.153009 4.123547 0.120825
vt 0.298340 0.399414
vn -0.455269 0.582795 -0.673112
v -0.182979 1.387647 0.027135
vt 0.974609 -0.182617
vn -0.298643 0.568418 -0.766625
v -0.386836 1.356693 0.070478
vt 0.988281 -0.038086
vn -0.198515 0.587303 -0.784644
v -0.181086 1.376573 0.025413
vt 0.908203 -0.182617
vn -0.116568 -0.474267 -0.872630
v -0.381763 1.344128 0.075337
vt 0.921387 -0.038086
vn 0.007596 -0.977311 -0.211672
v -0.353169 2.048029 -1.363709
vt 0.023346 0.424316
vn 0.760822 0.401704 0.509690
v -0.354926 2.104861 -1.368221
vt 0.015472 0.448730
vn 0.953673 -0.002128 0.300838
v -0.337637 2.006987 -1.444176
vt 0.005169 0.396973
vn 0.966401 0.256299 -0.019466
v -0.290662 1.939655 -1.137504
vt 0.117981 0.454102
vn 0.950040 -0.070626 -0.304033
v -0.258255 1.810120 -1.186931
vt 0.115601 0.397949
vn 0.908196 0.418401 -0.010960
v -0.321163 1.915770 -1.445842
vt 0.008879 0.364746
vn 0.963407 0.227911 -0.141077
v -0.300404 1.900031 -1.148034
vt 0.122681 0.431641
vn 0.808479 0.566677 0.158868
v -0.201065 1.736251 -0.811270
vt 0.299561 0.462891
vn 0.957863 -0.064915 -0.279794
v -0.198395 1.678489 -1.239344
vt 0.103149 0.341309
vn 0.899628 0.436149 -0.021056
v -0.202376 1.682648 -0.808797
vt 0.299072 0.439941
vn 0.706463 0.688825 0.162573
v -0.118506 1.571678 -0.392934
vt 0.488770 0.474609
vn 0.971472 -0.028118 -0.235480
v -0.143483 1.589882 -0.827271
vt 0.298340 0.399414
vn 0.864954 0.501687 -0.012819
v -0.094374 1.443179 -0.903708
vt 0.271973 0.301758
vn 0.886338 0.458544 -0.064360
v -0.055657 1.448288 -0.429389
vt 0.487061 0.413086
vn 0.817564 0.575780 -0.008148
v 0.113533 1.241087 -0.517790
vt 0.464600 0.318848
vn 0.815232 0.579133 -0.001086
v -0.120677 1.517041 -0.396858
vt 0.491699 0.450684
vn 0.631995 0.768413 0.100618
v -0.043728 1.505029 -0.127002
vt 0.595215 0.479980
vn 0.961001 -0.027221 -0.275202
v -0.046132 1.464849 -0.129677
vt 0.594727 0.462402
vn 0.627038 0.778685 0.021760
v 0.016054 1.338402 -0.164917
vt 0.593750 0.420898
vn 0.813026 0.582220 0.002966
v 0.154814 1.154740 -0.278956
vt 0.555176 0.326660
vn 0.797952 0.600210 0.054968
v 0.122722 5.095366 -0.110532
vt 0.042938 0.103027
vn -0.828847 0.180686 -0.529495
v 0.106165 4.877052 -0.159118
vt 0.112122 0.004883
vn -0.828847 0.180686 -0.529495
v 0.169124 5.066289 -0.193084
vt 0.017578 0.057129
vn -0.828847 0.180686 -0.529495
v 0.017771 4.990370 0.017908
vt 0.145142 0.120605
vn -0.828847 0.180686 -0.529495
v -0.003632 4.860984 0.007254
vt 0.194458 0.070312
vn -0.828847 0.180686 -0.529495
v 0.008765 4.807909 -0.001927
vt 0.194458 0.070312
vn 0.978087 0.203699 0.043042
v -0.003220 4.823457 0.196892
vt 0.112122 0.004883
vn 0.978087 0.203699 0.043042
v -0.018131 4.936722 -0.000316
vt 0.145142 0.120605
vn 0.978087 0.203699 0.043042
v -0.047024 5.040886 0.163356
vt 0.042938 0.103027
vn 0.978087 0.203699 0.043042
v -0.045112 5.011724 0.257934
vt 0.017578 0.057129
vn 0.978087 0.203699 0.043042
v -0.311363 1.089561 -0.152235
vt 0.921387 -0.038086
vn -0.412701 -0.827405 0.380892
v -0.170507 1.067148 -0.070063
vt 0.934570 -0.182617
vn -0.403560 -0.825870 0.393801
v -0.304312 1.096696 -0.164156
vt 0.908203 -0.038086
vn 0.443903 -0.072708 -0.893120
v -0.586526 1.159131 -0.324604
vt 0.921387 0.249512
vn -0.185599 -0.980934 -0.057626
v -0.581146 1.158671 -0.334107
vt 0.908203 0.249512
vn -0.184610 -0.981155 -0.057040
v -0.164388 1.066635 -0.080822
vt 0.921387 -0.182617
vn 0.131371 -0.840014 -0.526420
v -0.159253 1.076707 -0.085540
vt 0.908203 -0.182617
vn 0.477406 -0.030023 -0.878170
v -0.022307 1.035591 -0.000546
vt 0.921387 -0.326172
vn 0.080061 -0.873756 -0.479730
v -0.016963 1.046901 -0.006050
vt 0.908203 -0.326172
vn 0.480329 -0.043445 -0.876012
v -0.028957 1.036153 0.011557
vt 0.934570 -0.326172
vn -0.403816 -0.829886 0.384995
v -0.171490 1.077735 -0.064022
vt 0.948242 -0.182617
vn -0.493907 0.121883 0.860930
v -0.030263 1.048023 0.018156
vt 0.948242 -0.326172
vn -0.495914 0.041875 0.867362
v -0.311363 1.089561 -0.152235
vt 0.948242 -0.038086
vn -0.412701 -0.827405 0.380892
v -0.024918 1.059333 0.012652
vt 0.961426 -0.326172
vn -0.098238 0.873709 0.476426
v -0.309667 1.104843 -0.152033
vt 0.961426 -0.038086
vn -0.217933 0.818641 0.531350
v -0.586526 1.159131 -0.324604
vt 0.948242 0.249512
vn -0.185599 -0.980934 -0.057626
v -0.166355 1.087808 -0.068741
vt 0.961426 -0.182617
vn -0.091410 0.912018 0.399834
v -0.018269 1.058771 0.000549
vt 0.974609 -0.326172
vn 0.388422 0.834134 -0.391599
v -0.160236 1.087295 -0.079499
vt 0.974609 -0.182617
vn 0.380011 0.803610 -0.458042
v -0.016963 1.046901 -0.006050
vt 0.988281 -0.326172
vn 0.480329 -0.043445 -0.876012
v -0.159253 1.076707 -0.085540
vt 0.988281 -0.182617
vn 0.477406 -0.030023 -0.878170
v -0.304312 1.096696 -0.164156
vt 0.974609 -0.038086
vn 0.443903 -0.072708 -0.893120
v -0.586526 1.159131 -0.324604
vt 0.961426 0.249512
vn -0.185599 -0.980934 -0.057626
v -0.172107 5.045667 0.012009
vt 0.042938 0.103027
vn 0.291461 0.197199 0.936036
v -0.186536 4.827612 0.062439
vt 0.112122 0.004883
vn 0.291461 0.197199 0.936036
v -0.260320 5.015332 0.045871
vt 0.017578 0.057129
vn 0.291461 0.197199 0.936036
v -0.006867 4.943375 -0.017901
vt 0.145142 0.120605
vn 0.291461 0.197199 0.936036
v 0.005156 4.814451 0.005515
vt 0.194458 0.070312
vn 0.291461 0.197199 0.936036
v 0.015545 5.009648 0.003271
vt 0.194458 0.070312
vn 0.523374 0.199790 0.828350
v -0.154832 5.023165 0.107660
vt 0.112122 0.004883
vn 0.523374 0.199790 0.828350
v -0.002119 5.138515 -0.016650
vt 0.145142 0.120605
vn 0.523374 0.199790 0.828350
v -0.153938 5.241059 0.054540
vt 0.042938 0.103027
vn 0.523374 0.199790 0.828350
v -0.230361 5.210909 0.110097
vt 0.017578 0.057129
vn 0.523374 0.199790 0.828350
v 0.045164 5.231266 -0.097785
vt 0.256836 0.822266
vn -0.727525 -0.122550 -0.675047
v 0.002687 4.958778 -0.002516
vt 0.411377 0.774292
vn -0.727525 -0.122550 -0.675047
v 0.071883 4.996396 -0.083932
vt 0.359619 0.740234
vn -0.727525 -0.122550 -0.675047
v 0.132876 5.152124 -0.177955
vt 0.253662 0.743896
vn -0.727525 -0.122550 -0.675047
v 0.114981 5.249524 -0.176355
vt 0.214233 0.782227
vn -0.727499 -0.122600 -0.675066
v -0.011883 5.279329 0.036244
vt 0.256836 0.822266
vn 0.376913 -0.105448 0.920227
v 0.002304 4.991034 -0.002596
vt 0.411377 0.774292
vn 0.376913 -0.105448 0.920227
v -0.082449 5.052964 0.039217
vt 0.359619 0.740234
vn 0.376913 -0.105448 0.920227
v -0.138557 5.230557 0.082547
vt 0.253662 0.743896
vn 0.376913 -0.105448 0.920227
v -0.100385 5.322048 0.077392
vt 0.214233 0.782227
vn 0.376913 -0.105448 0.920227
v 0.153417 5.135260 0.055744
vt 0.256836 0.822266
vn 0.537072 -0.107930 -0.836603
v 0.011477 4.872743 -0.001524
vt 0.411377 0.774292
vn 0.537072 -0.107930 -0.836603
v 0.110424 4.893044 0.059381
vt 0.359619 0.740234
vn 0.537072 -0.107930 -0.836603
v 0.237548 5.033834 0.122836
vt 0.253662 0.743896
vn 0.537072 -0.107930 -0.836603
v 0.246839 5.135994 0.115625
vt 0.214233 0.782227
vn 0.537072 -0.107930 -0.836603
v 0.101038 5.433733 -0.020626
vt 0.256836 0.822266
vn 0.134265 -0.112915 -0.984491
v 0.000306 5.160396 -0.003012
vt 0.411377 0.774292
vn 0.134265 -0.112915 -0.984491
v 0.106642 5.198654 0.007105
vt 0.359619 0.740234
vn 0.134265 -0.112915 -0.984491
v 0.217797 5.355172 0.004313
vt 0.253662 0.743896
vn 0.134265 -0.112915 -0.984491
v 0.205527 5.452602 -0.008537
vt 0.214233 0.782227
vn 0.134265 -0.112915 -0.984491
v -0.042174 5.480568 0.010094
vt 0.256836 0.822266
vn -0.534555 -0.116512 0.837064
v -0.000077 5.192653 -0.003091
vt 0.411377 0.774292
vn -0.534555 -0.116512 0.837064
v -0.083495 5.254392 -0.047764
vt 0.359619 0.740234
vn -0.534555 -0.116512 0.837064
v -0.152546 5.431688 -0.067184
vt 0.253662 0.743896
vn -0.534555 -0.116512 0.837064
v -0.127060 5.523116 -0.038188
vt 0.214233 0.782227
vn -0.534555 -0.116512 0.837064
v -0.108128 5.247721 -0.123437
vt 0.042938 0.103027
vn -0.598888 0.186375 0.778844
v -0.156307 5.029198 -0.108174
vt 0.112122 0.004883
vn -0.598888 0.186375 0.778844
v -0.186344 5.217293 -0.176292
vt 0.017578 0.057129
vn -0.598888 0.186375 0.778844
v 0.011963 5.145263 -0.006576
vt 0.145142 0.120605
vn -0.598888 0.186375 0.778844
v 0.000529 5.016069 0.015557
vt 0.194458 0.070312
vn -0.598888 0.186375 0.778844
v 0.156516 5.297743 0.034874
vt 0.042938 0.103027
vn -0.044306 0.188484 -0.981076
v 0.188492 5.079996 -0.008396
vt 0.112122 0.004883
vn -0.044306 0.188484 -0.981076
v 0.251183 5.269390 0.025154
vt 0.017578 0.057129
vn -0.044306 0.188484 -0.981076
v -0.008498 5.191727 0.021958
vt 0.145142 0.120605
vn -0.044306 0.188484 -0.981076
v -0.011104 5.062522 -0.002743
vt 0.194458 0.070312
vn -0.044306 0.188484 -0.981076
v 0.041597 5.335853 0.148972
vt 0.256836 0.822266
vn 0.994125 -0.100808 -0.039413
v 0.009096 5.074361 -0.002019
vt 0.411377 0.774292
vn 0.994125 -0.100808 -0.039413
v 0.015660 5.093740 0.113868
vt 0.359619 0.740234
vn 0.994125 -0.100808 -0.039413
v 0.035438 5.233492 0.255262
vt 0.253662 0.743896
vn 0.994125 -0.100808 -0.039413
v 0.045970 5.335693 0.259593
vt 0.214233 0.782227
vn 0.994125 -0.100808 -0.039413
v 0.039131 5.536757 0.034287
vt 0.042938 0.103027
vn -0.119205 0.151490 -0.981245
v 0.161927 5.352650 -0.009066
vt 0.112122 0.004883
vn -0.119205 0.151490 -0.981245
v 0.137140 5.550282 0.024464
vt 0.017578 0.057129
vn -0.119205 0.151490 -0.981245
v -0.064738 5.372296 0.021514
vt 0.145142 0.120605
vn -0.119205 0.151490 -0.981245
v -0.011431 5.254112 -0.003214
vt 0.194458 0.070312
vn -0.119205 0.151490 -0.981245
v 0.002632 5.461791 -0.112657
vt 0.042938 0.103027
vn -0.997793 -0.046776 -0.047126
v 0.015981 5.249653 -0.184791
vt 0.112122 0.004883
vn -0.997793 -0.046776 -0.047126
v 0.007833 5.449690 -0.210888
vt 0.017578 0.057129
vn -0.997793 -0.046776 -0.047126
v 0.002223 5.327536 0.029483
vt 0.145142 0.120605
vn -0.997793 -0.046776 -0.047126
v 0.009318 5.197958 0.007864
vt 0.194458 0.070312
vn -0.997793 -0.046776 -0.047126
v 0.018790 5.657055 0.009840
vt 0.042938 0.103027
vn -0.998088 0.037273 -0.049305
v 0.019638 5.494945 -0.147410
vt 0.112122 0.004883
vn -0.998168 0.034785 -0.049502
v 0.024665 5.686944 -0.084341
vt 0.017578 0.057129
vn -0.997921 0.042101 -0.048796
v 0.007702 5.476369 0.080343
vt 0.145142 0.120605
vn -0.998232 0.032580 -0.049710
v 0.009225 5.366068 0.011108
vt 0.194458 0.070312
vn 0.129562 0.022987 0.991305
v 0.404637 0.901749 0.108286
vt 0.974609 -0.038086
vn -0.209829 -0.291571 0.933251
v 0.174124 0.908809 0.051435
vt 0.974609 -0.182617
vn -0.152047 0.617526 0.771714
v 0.407939 0.913704 0.097664
vt 0.961426 -0.038086
vn -0.297933 0.951669 0.074579
v 0.690394 0.939277 0.200593
vt 0.974609 0.249512
vn 0.002333 0.970632 -0.240557
v 0.691921 0.950304 0.198409
vt 0.961426 0.249512
vn 0.000111 0.970429 -0.241387
v 0.690394 0.939277 0.200593
vt 0.948242 0.249512
vn 0.002333 0.970632 -0.240557
v 0.407046 0.898385 0.092350
vt 0.948242 -0.038086
vn 0.303506 -0.707073 -0.638696
v 0.177258 0.912675 0.039387
vt 0.961426 -0.182617
vn 0.101927 0.973889 -0.202859
v 0.404637 0.901749 0.108286
vt 0.988281 -0.038086
vn -0.209829 -0.291571 0.933251
v 0.173034 0.896275 0.054064
vt 0.988281 -0.182617
vn -0.206210 -0.386134 0.899098
v 0.003101 0.908218 0.016327
vt 0.988281 -0.326172
vn -0.226815 -0.301747 0.926015
v 0.004576 0.922197 0.013479
vt 0.974609 -0.326172
vn -0.109309 0.677689 0.727179
v 0.007865 0.926546 -0.000003
vt 0.961426 -0.326172
vn 0.123926 0.973920 -0.190056
v 0.009680 0.916916 -0.010637
vt 0.948242 -0.326172
vn 0.243640 0.307244 -0.919913
v 0.179302 0.904009 0.029969
vt 0.948242 -0.182617
vn 0.250826 0.222702 -0.942067
v 0.008204 0.902937 -0.007789
vt 0.934570 -0.326172
vn 0.127783 -0.672518 -0.728966
v 0.178212 0.891476 0.032599
vt 0.934570 -0.182617
vn 0.164392 -0.683928 -0.710787
v 0.407046 0.898385 0.092350
vt 0.934570 -0.038086
vn 0.303506 -0.707073 -0.638696
v 0.175078 0.887609 0.044646
vt 0.921387 -0.182617
vn -0.040725 -0.990445 0.131758
v 0.004915 0.898588 0.005693
vt 0.921387 -0.326172
vn -0.107011 -0.975470 0.192371
v 0.404637 0.901749 0.108286
vt 0.921387 -0.038086
vn -0.209829 -0.291571 0.933251
v 0.690394 0.939277 0.200593
vt 0.934570 0.249512
vn 0.002333 0.970632 -0.240557
v 0.173034 0.896275 0.054064
vt 0.908203 -0.182617
vn -0.206210 -0.386134 0.899098
v 0.003101 0.908218 0.016327
vt 0.908203 -0.326172
vn -0.226815 -0.301747 0.926015
v 0.098249 4.058327 0.411803
vt 0.122681 0.431641
vn -0.617258 0.753326 -0.226920
v 0.096611 4.082648 0.398080
vt 0.117981 0.454102
vn -0.973982 0.110090 0.198091
v 0.135523 4.146767 0.554690
vt 0.023346 0.424316
vn -0.536708 0.227076 -0.812639
v 0.136990 4.175668 0.537546
vt 0.015472 0.448730
vn -0.987769 -0.080468 -0.133557
v 0.117149 4.134605 0.611864
vt 0.005112 0.396973
vn -0.881518 0.460193 -0.105585
v 0.035465 3.978544 0.149104
vt 0.299561 0.462891
vn -0.978879 0.120857 0.164893
v 0.097705 4.077805 0.626133
vt 0.008879 0.364746
vn -0.861941 0.506818 -0.013904
v 0.014293 3.956780 0.506026
vt 0.096069 0.342773
vn -0.768654 0.636893 -0.059487
v 0.062393 4.012995 0.452855
vt 0.112183 0.397949
vn -0.793240 0.604287 -0.074884
v -0.130678 3.808607 0.269893
vt 0.271973 0.301758
vn -0.650438 0.749286 -0.124501
v 0.031414 3.943775 0.156012
vt 0.299072 0.439941
vn -0.615641 0.763473 -0.195180
v -0.040988 3.837832 0.055273
vt 0.378174 0.405273
vn -0.694105 0.705773 -0.141780
v -0.190463 3.727195 0.088766
vt 0.387451 0.312012
vn -0.619644 0.769610 -0.154087
v -0.017866 3.884341 0.179578
vt 0.298340 0.399414
vn -0.711095 0.693856 -0.113611
v -0.063022 1.477982 -0.165087
vt 0.961426 -0.182617
vn -0.479754 0.849141 0.220899
v -0.020340 1.470085 -0.004596
vt 0.961426 -0.326172
vn -0.437856 0.884692 0.160008
v -0.069588 1.467724 -0.163694
vt 0.948242 -0.182617
vn -0.966958 0.026778 0.253525
v -0.126460 1.508999 -0.382083
vt 0.948242 -0.038086
vn -0.986285 0.019472 0.163896
v -0.007012 1.469438 -0.008349
vt 0.974609 -0.326172
vn 0.532661 0.839833 -0.104652
v -0.027563 1.458644 -0.002596
vt 0.948242 -0.326172
vn -0.966752 0.030488 0.253892
v -0.051028 1.477422 -0.168276
vt 0.974609 -0.182617
vn 0.555428 0.827856 -0.078445
v -0.000906 1.457350 -0.010101
vt 0.988281 -0.326172
vn 0.960187 -0.064123 -0.271901
v -0.126460 1.508999 -0.382083
vt 0.961426 -0.038086
vn -0.986285 0.019472 0.163896
v -0.045599 1.466602 -0.170073
vt 0.988281 -0.182617
vn 0.946153 -0.130514 -0.296244
v -0.113293 1.516017 -0.386698
vt 0.974609 -0.038086
vn 0.592001 0.804405 0.049670
v -0.177607 1.615523 -0.664142
vt 0.961426 0.249512
vn -0.754013 0.543688 0.368603
v -0.171961 1.624568 -0.665922
vt 0.974609 0.249512
vn -0.753834 0.543256 0.369605
v -0.113719 1.500684 -0.385499
vt 0.988281 -0.038086
vn 0.463555 -0.795213 -0.390835
v -0.177607 1.615523 -0.664142
vt 0.988281 0.249512
vn -0.754013 0.543688 0.368603
v -0.064159 1.456904 -0.165491
vt 0.934570 -0.182617
vn -0.592320 -0.804195 0.049263
v -0.021457 1.446556 -0.004347
vt 0.934570 -0.326172
vn -0.526997 -0.845584 0.085219
v -0.126460 1.508999 -0.382083
vt 0.934570 -0.038086
vn -0.986285 0.019472 0.163896
v -0.113719 1.500684 -0.385499
vt 0.921387 -0.038086
vn 0.463555 -0.795213 -0.390835
v -0.177607 1.615523 -0.664142
vt 0.934570 0.249512
vn -0.754013 0.543688 0.368603
v -0.052164 1.456344 -0.168680
vt 0.921387 -0.182617
vn 0.340398 -0.914356 -0.219277
v -0.008128 1.445909 -0.008100
vt 0.921387 -0.326172
vn 0.414973 -0.893462 -0.171821
v -0.045599 1.466602 -0.170073
vt 0.908203 -0.182617
vn 0.946153 -0.130514 -0.296244
v -0.000906 1.457350 -0.010101
vt 0.908203 -0.326172
vn 0.960187 -0.064123 -0.271901
v -0.015064 1.152957 0.029062
vt 0.948242 -0.326172
vn 0.800204 0.208904 0.562169
v -0.018980 1.140083 0.027101
vt 0.934570 -0.326172
vn 0.528795 -0.745052 0.406539
v -0.110841 1.157502 0.163729
vt 0.948242 -0.182617
vn 0.806050 0.121858 0.579167
v -0.117174 1.166566 0.158422
vt 0.961426 -0.182617
vn 0.287405 0.946330 0.147845
v -0.022406 1.163080 0.023506
vt 0.961426 -0.326172
vn 0.267901 0.949442 0.163674
v -0.033664 1.160330 0.015990
vt 0.974609 -0.326172
vn -0.530734 0.753905 -0.387233
v -0.127163 1.164113 0.151534
vt 0.974609 -0.182617
vn -0.565806 0.695465 -0.442935
v -0.037580 1.147456 0.014029
vt 0.988281 -0.326172
vn -0.811515 -0.199665 -0.549161
v -0.130821 1.152595 0.149953
vt 0.988281 -0.182617
vn -0.813891 -0.216875 -0.539025
v -0.257330 1.180303 0.333708
vt 0.988281 -0.038086
vn -0.828414 -0.228594 -0.511345
v -0.247526 1.190511 0.340049
vt 0.961426 -0.038086
vn 0.345883 0.931834 0.109776
v -0.257330 1.180303 0.333708
vt 0.974609 -0.038086
vn -0.828414 -0.228594 -0.511345
v -0.426970 1.247346 0.553797
vt 0.961426 0.249512
vn 0.674421 0.666015 0.318716
v -0.432886 1.255359 0.549581
vt 0.974609 0.249512
vn 0.675175 0.665709 0.317758
v -0.244690 1.175480 0.341499
vt 0.934570 -0.038086
vn 0.508827 -0.637790 0.578204
v -0.247526 1.190511 0.340049
vt 0.948242 -0.038086
vn 0.345883 0.931834 0.109776
v -0.426970 1.247346 0.553797
vt 0.934570 0.249512
vn 0.674421 0.666015 0.318716
v -0.257330 1.180303 0.333708
vt 0.921387 -0.038086
vn -0.828414 -0.228594 -0.511345
v -0.114498 1.145985 0.162148
vt 0.934570 -0.182617
vn 0.448295 -0.794870 0.408918
v -0.124488 1.143532 0.155260
vt 0.921387 -0.182617
vn -0.352114 -0.924652 -0.145033
v -0.130821 1.152595 0.149953
vt 0.908203 -0.182617
vn -0.813891 -0.216875 -0.539025
v -0.030238 1.137333 0.019585
vt 0.921387 -0.326172
vn -0.274697 -0.950153 -0.147484
v -0.037580 1.147456 0.014029
vt 0.908203 -0.326172
vn -0.811515 -0.199665 -0.549161
v -0.011903 0.930607 0.196315
vt 0.961426 -0.182617
vn 0.303691 0.945557 0.117019
v -0.013667 0.945690 0.020463
vt 0.961426 -0.326172
vn 0.375198 0.923869 0.075442
v -0.003730 0.920389 0.195594
vt 0.948242 -0.182617
vn 0.975054 0.219798 0.030956
v -0.028308 0.943617 0.020648
vt 0.974609 -0.326172
vn -0.612830 0.786373 0.077824
v -0.004537 0.934341 0.019172
vt 0.948242 -0.326172
vn 0.990623 0.136477 0.006347
v -0.025032 0.928788 0.196290
vt 0.974609 -0.182617
vn -0.660503 0.742884 0.108895
v -0.033821 0.930195 0.019541
vt 0.988281 -0.326172
vn -0.988842 -0.148623 0.010174
v -0.029989 0.916748 0.195545
vt 0.988281 -0.182617
vn -0.978205 -0.207323 0.011452
v -0.019205 0.901628 0.371951
vt 0.961426 -0.038086
vn -0.494436 0.860889 0.120012
v -0.019205 0.901628 0.371951
vt 0.974609 -0.038086
vn -0.494436 0.860889 0.120012
v -0.016886 0.885591 0.369243
vt 0.988281 -0.038086
vn -0.472914 -0.880435 -0.034454
v -0.021697 0.873499 0.722863
vt 0.974609 0.249512
vn -0.380697 -0.924048 -0.034726
v -0.026076 0.862928 0.721619
vt 0.988281 0.249512
vn -0.380711 -0.923959 -0.036868
v -0.010050 0.920919 0.018066
vt 0.934570 -0.326172
vn 0.613394 -0.787439 -0.060728
v -0.003720 0.895690 0.370041
vt 0.948242 -0.038086
vn 0.996474 0.069280 0.047336
v -0.021697 0.873499 0.722863
vt 0.948242 0.249512
vn -0.380697 -0.924048 -0.034726
v -0.008687 0.908350 0.194848
vt 0.934570 -0.182617
vn 0.668762 -0.739981 -0.072010
v -0.021816 0.906530 0.194824
vt 0.921387 -0.182617
vn -0.311400 -0.947198 -0.076455
v -0.024692 0.918846 0.018250
vt 0.921387 -0.326172
vn -0.364793 -0.929221 -0.058941
v -0.016886 0.885591 0.369243
vt 0.934570 -0.038086
vn -0.472914 -0.880435 -0.034454
v -0.026076 0.862928 0.721619
vt 0.921387 0.249512
vn -0.380711 -0.923959 -0.036868
v -0.021697 0.873499 0.722863
vt 0.934570 0.249512
vn -0.380697 -0.924048 -0.034726
v -0.029989 0.916748 0.195545
vt 0.908203 -0.182617
vn -0.978205 -0.207323 0.011452
v -0.033821 0.930195 0.019541
vt 0.908203 -0.326172
vn -0.988842 -0.148623 0.010174
v -0.016886 0.885591 0.369243
vt 0.908203 -0.038086
vn -0.472914 -0.880435 -0.034454
v -0.386836 1.356693 0.070478
vt 0.974609 -0.038086
vn -0.198515 0.587303 -0.784644
v -0.382402 1.355406 0.084297
vt 0.961426 -0.038086
vn 0.027184 0.327888 0.944326
v -0.652244 1.340955 0.097014
vt 0.961426 0.249512
vn 0.065683 -0.921792 0.382079
v -0.181683 1.392093 0.037675
vt 0.961426 -0.182617
vn -0.149937 0.963706 0.220884
v -0.181086 1.376573 0.025413
vt 0.988281 -0.182617
vn -0.116568 -0.474267 -0.872630
v -0.034798 1.410604 -0.009279
vt 0.988281 -0.326172
vn -0.123467 -0.396361 -0.909755
v -0.037145 1.422916 -0.007328
vt 0.974609 -0.326172
vn -0.317565 0.579119 -0.750848
v -0.035524 1.427934 0.004384
vt 0.961426 -0.326172
vn -0.201151 0.966751 0.157898
v -0.031557 1.420640 0.014146
vt 0.948242 -0.326172
vn 0.106162 0.395200 0.912440
v -0.178493 1.385465 0.046495
vt 0.948242 -0.182617
vn 0.112180 0.380801 0.917827
v -0.382402 1.355406 0.084297
vt 0.948242 -0.038086
vn 0.027184 0.327888 0.944326
v -0.029210 1.408328 0.012195
vt 0.934570 -0.326172
vn 0.300664 -0.577719 0.758842
v -0.176600 1.374390 0.044773
vt 0.934570 -0.182617
vn 0.258277 -0.537359 0.802831
v -0.382402 1.355406 0.084297
vt 0.934570 -0.038086
vn 0.027184 0.327888 0.944326
v -0.652244 1.340955 0.097014
vt 0.934570 0.249512
vn 0.065683 -0.921792 0.382079
v -0.177897 1.369945 0.034232
vt 0.921387 -0.182617
vn 0.155180 -0.985395 -0.070108
v -0.030830 1.403310 0.000483
vt 0.921387 -0.326172
vn 0.185671 -0.971005 -0.150584
v -0.034798 1.410604 -0.009279
vt 0.908203 -0.326172
vn -0.123467 -0.396361 -0.909755
v 0.530725 4.383925 0.211925
vt 0.023346 0.424316
vn -0.978726 0.200676 0.042724
v 0.516403 4.412956 0.202747
vt 0.015472 0.448730
vn -0.651218 -0.144822 0.744944
v 0.569363 4.369958 0.257152
vt 0.005112 0.396973
vn -0.580845 0.395858 0.711278
v 0.380228 4.318534 0.153979
vt 0.117981 0.454102
vn -0.372496 0.044099 0.926986
v 0.393446 4.294275 0.158505
vt 0.122681 0.431641
vn -0.550540 0.709105 0.440541
v 0.141071 4.212535 0.061916
vt 0.299561 0.462891
vn -0.404933 0.057902 0.912511
v 0.572600 4.311811 0.277370
vt 0.008879 0.364746
vn -0.497559 0.441992 0.746377
v 0.430129 4.186251 0.273138
vt 0.096069 0.342773
vn -0.489160 0.578996 0.652293
v 0.409859 4.246174 0.207776
vt 0.112183 0.397949
vn -0.514063 0.543793 0.663347
v 0.157469 4.030269 0.254934
vt 0.271973 0.301758
vn -0.482643 0.700876 0.525194
v 0.145574 4.177558 0.067264
vt 0.299072 0.439941
vn -0.523928 0.719393 0.456042
v 0.008468 4.109383 0.003447
vt 0.395508 0.445312
vn -0.504712 0.836664 0.212741
v 0.025116 4.067605 0.064949
vt 0.378174 0.405273
vn -0.520258 0.653077 0.550293
v -0.024678 3.946413 0.200318
vt 0.387451 0.312012
vn -0.491214 0.723841 0.484523
v 0.140657 4.114551 0.116714
vt 0.298340 0.399414
vn -0.504936 0.639898 0.579284
v -0.276691 0.529372 -1.335072
vt 0.435547 0.618408
vn -0.545401 0.824882 0.148687
v -0.118140 0.599256 -1.159442
vt 0.375732 0.553467
vn 0.441717 0.818124 0.368184
v -0.294479 0.470885 -1.170997
vt 0.364014 0.628906
vn -0.595444 0.791889 0.135494
v -0.071018 0.654535 -1.424483
vt 0.480957 0.563232
vn 0.684941 0.670218 0.285770
v -0.131830 0.591705 -1.116227
vt 0.351562 0.556396
vn -0.061510 0.957872 0.280532
v -0.433851 0.371407 -1.177704
vt 0.357666 0.701660
vn -0.565181 0.815043 0.127577
v -0.310014 0.446323 -1.093805
vt 0.329834 0.634766
vn -0.609062 0.790388 0.065801
v -0.168211 0.570693 -0.995547
vt 0.308594 0.554199
vn 0.457389 0.851614 0.256026
v -0.340426 0.411412 -0.950156
vt 0.263672 0.645508
vn -0.627438 0.778479 -0.017089
v -0.529450 0.280657 -0.905040
vt 0.229858 0.740234
vn -0.587299 0.809370 -0.001088
v -0.193421 0.569462 -0.888215
vt 0.248535 0.556641
vn 0.529293 0.826203 0.192971
v -0.346949 0.410880 -0.894698
vt 0.239258 0.644287
vn -0.644026 0.755079 -0.122828
v -0.212508 0.570333 -0.821914
vt 0.217651 0.559814
vn -0.042132 0.997125 0.062988
v -0.359440 0.412645 -0.824454
vt 0.207886 0.643066
vn -0.665671 0.738142 -0.109675
v -0.526936 0.283900 -0.753046
vt 0.165649 0.730225
vn -0.612780 0.786755 -0.074281
v -0.369094 0.410606 -0.740016
vt 0.170654 0.641602
vn -0.686539 0.716711 -0.122432
v -0.230524 0.571184 -0.757461
vt 0.188721 0.558350
vn 0.548006 0.827326 0.123377
v -0.382353 0.414915 -0.662068
vt 0.135864 0.640137
vn -0.681347 0.713626 -0.162801
v -0.256976 0.583671 -0.613148
vt 0.124695 0.562012
vn 0.613486 0.786105 0.075327
v -0.395541 0.463216 -0.396199
vt 0.008545 0.602783
vn -0.725725 0.672556 -0.144886
v -0.283828 0.577158 -0.440330
vt 0.047180 0.562256
vn 0.558809 0.827421 0.055734
v -0.298479 0.585932 -0.334141
vt 0.002554 0.558838
vn -0.036705 0.974395 0.221827
v 1.048838 2.116752 -0.295653
vt 0.023346 0.424316
vn -0.722851 0.259588 0.640391
v 1.024657 2.173859 -0.289518
vt 0.015472 0.448730
vn -0.058105 -0.185826 0.980863
v 1.153720 2.076578 -0.274893
vt 0.005112 0.396973
vn 0.036265 0.350355 0.935915
v 0.750668 2.027731 -0.207767
vt 0.117981 0.454102
vn 0.294025 -0.044338 0.954769
v 0.769039 1.980528 -0.218872
vt 0.122681 0.431641
vn -0.063514 0.688396 0.722549
v 0.275519 1.882415 -0.071417
vt 0.299561 0.462891
vn 0.260784 -0.031636 0.964879
v 1.167739 1.964963 -0.254911
vt 0.008879 0.364746
vn 0.131790 0.383243 0.914197
v 0.928136 1.752816 -0.106609
vt 0.096069 0.342773
vn 0.097155 0.529632 0.842645
v 0.837947 1.879505 -0.171525
vt 0.112183 0.397949
vn 0.079063 0.497658 0.863763
v 0.478189 1.503943 0.170403
vt 0.271973 0.301758
vn 0.038776 0.665216 0.745644
v 0.279484 1.816415 -0.073166
vt 0.299072 0.439941
vn -0.032720 0.693613 0.719604
v -0.015277 1.788093 -0.008771
vt 0.394287 0.468750
vn 0.213978 -0.006633 0.976816
v -0.007179 1.721867 -0.010561
vt 0.395508 0.445312
vn -0.154226 0.838915 0.521955
v 0.077716 1.629808 0.054682
vt 0.378174 0.405273
vn 0.019397 0.618725 0.785368
v 0.133459 1.384195 0.296259
vt 0.387451 0.312012
vn 0.009666 0.693345 0.720541
v 0.314662 1.690611 -0.001099
vt 0.298340 0.399414
vn 0.046880 0.601051 0.797835
v -0.286223 0.577351 -0.342352
vt 0.988281 -0.038086
vn 0.739967 0.044147 -0.671193
v -0.129090 0.612776 -0.156161
vt 0.974609 -0.182617
vn 0.354424 0.804243 -0.477050
v -0.298479 0.585932 -0.334141
vt 0.961426 -0.038086
vn -0.036705 0.974395 0.221827
v -0.122916 0.601226 -0.159015
vt 0.988281 -0.182617
vn 0.752422 -0.110535 -0.649341
v -0.006819 0.635049 -0.024580
vt 0.988281 -0.326172
vn 0.759215 -0.020338 -0.650522
v -0.013874 0.647904 -0.021621
vt 0.974609 -0.326172
vn 0.280946 0.842113 -0.460342
v -0.139536 0.613029 -0.147480
vt 0.961426 -0.182617
vn -0.466962 0.860933 0.201841
v -0.025389 0.648249 -0.011775
vt 0.961426 -0.326172
vn -0.477355 0.860443 0.178242
v -0.029850 0.635739 -0.004887
vt 0.948242 -0.326172
vn -0.770721 0.021169 0.636821
v -0.296020 0.569614 -0.330706
vt 0.948242 -0.038086
vn -0.413635 -0.854061 0.315414
v -0.490525 0.589829 -0.581932
vt 0.948242 0.249512
vn -0.804502 0.152081 0.574150
v -0.143807 0.601734 -0.141655
vt 0.948242 -0.182617
vn -0.763931 -0.065305 0.641985
v -0.022795 0.622885 -0.007845
vt 0.934570 -0.326172
vn -0.296542 -0.842050 0.450572
v -0.137632 0.590184 -0.144510
vt 0.934570 -0.182617
vn -0.313431 -0.854541 0.414150
v -0.296020 0.569614 -0.330706
vt 0.934570 -0.038086
vn -0.413635 -0.854061 0.315414
v -0.127187 0.589931 -0.153190
vt 0.921387 -0.182617
vn 0.383899 -0.905661 -0.179998
v -0.011280 0.622539 -0.017692
vt 0.921387 -0.326172
vn 0.464874 -0.864834 -0.189617
v -0.122916 0.601226 -0.159015
vt 0.908203 -0.182617
vn 0.752422 -0.110535 -0.649341
v -0.006819 0.635049 -0.024580
vt 0.908203 -0.326172
vn 0.759215 -0.020338 -0.650522
v -0.286223 0.577351 -0.342352
vt 0.908203 -0.038086
vn 0.739967 0.044147 -0.671193
v -0.296020 0.569614 -0.330706
vt 0.921387 -0.038086
vn -0.413635 -0.854061 0.315414
v -0.483008 0.584666 -0.586801
vt 0.921387 0.249512
vn 0.442405 -0.815836 -0.372411
v -0.490525 0.589829 -0.581932
vt 0.934570 0.249512
vn -0.804502 0.152081 0.574150
v 0.731257 0.564723 0.023306
vt 0.921387 0.249512
vn 0.811645 0.236648 0.534070
v -0.341312 0.564655 0.188945
vt 0.974609 -0.038086
vn -0.397355 0.886401 -0.237490
v -0.648481 0.509448 0.353857
vt 0.988281 0.249512
vn -0.390250 0.840606 -0.375615
v -0.337677 0.548726 0.187191
vt 0.921387 -0.038086
vn -0.153500 -0.850205 -0.503577
v -0.643680 0.499831 0.358034
vt 0.934570 0.249512
vn -0.391947 0.840286 -0.374564
v -0.753092 0.913926 0.114805
vt 0.974609 0.249512
vn -0.015939 0.788665 -0.614617
v -0.751506 0.903977 0.116402
vt 0.988281 0.249512
vn -0.182870 -0.898626 -0.398785
v -0.192711 0.606018 0.099787
vt 0.974609 -0.182617
vn -0.433122 0.806509 -0.402428
v -0.194499 0.594755 0.093426
vt 0.988281 -0.182617
vn -0.504701 -0.085680 -0.859032
v -0.337677 0.548726 0.187191
vt 0.988281 -0.038086
vn -0.153500 -0.850205 -0.503577
v -0.044488 0.622339 0.003769
vt 0.988281 -0.326172
vn -0.508964 -0.027582 -0.860345
v -0.042739 0.634876 0.010988
vt 0.974609 -0.326172
vn -0.382543 0.846223 -0.370900
v -0.186070 0.606254 0.111224
vt 0.961426 -0.182617
vn 0.047271 0.889699 0.454094
v -0.035150 0.635200 0.023642
vt 0.961426 -0.326172
vn 0.120474 0.861910 0.492542
v -0.341312 0.564655 0.188945
vt 0.961426 -0.038086
vn -0.397355 0.886401 -0.237490
v -0.181217 0.595229 0.116299
vt 0.948242 -0.182617
vn 0.466591 0.095289 0.879325
v -0.029311 0.622986 0.029077
vt 0.948242 -0.326172
vn 0.496242 0.011865 0.868103
v -0.031060 0.610449 0.021857
vt 0.934570 -0.326172
vn 0.368274 -0.848373 0.380312
v -0.648481 0.509448 0.353857
vt 0.961426 0.249512
vn -0.390250 0.840606 -0.375615
v -0.643680 0.499831 0.358034
vt 0.948242 0.249512
vn -0.391947 0.840286 -0.374564
v -0.331746 0.557088 0.200268
vt 0.948242 -0.038086
vn 0.472694 -0.157428 0.867051
v -0.183006 0.583965 0.109938
vt 0.934570 -0.182617
vn 0.405592 -0.807401 0.428485
v -0.337677 0.548726 0.187191
vt 0.934570 -0.038086
vn -0.153500 -0.850205 -0.503577
v -0.189647 0.583729 0.098501
vt 0.921387 -0.182617
vn -0.086403 -0.893505 -0.440662
v -0.038648 0.610125 0.009203
vt 0.921387 -0.326172
vn -0.127896 -0.871222 -0.473935
v -0.194499 0.594755 0.093426
vt 0.908203 -0.182617
vn -0.504701 -0.085680 -0.859032
v -0.044488 0.622339 0.003769
vt 0.908203 -0.326172
vn -0.508964 -0.027582 -0.860345
v -0.337677 0.548726 0.187191
vt 0.908203 -0.038086
vn -0.153500 -0.850205 -0.503577
v -0.652244 1.340955 0.097014
vt 0.921387 0.249512
vn 0.065683 -0.921792 0.382079
v -0.386836 1.356693 0.070478
vt 0.908203 -0.038086
vn -0.198515 0.587303 -0.784644
v -0.651084 1.344891 0.106307
vt 0.948242 0.249512
vn 0.067385 -0.921741 0.381906
v -0.298479 0.585932 -0.334141
vt 0.974609 -0.038086
vn -0.036705 0.974395 0.221827
v -0.490525 0.589829 -0.581932
vt 0.961426 0.249512
vn -0.804502 0.152081 0.574150
v -0.484236 0.594634 -0.588574
vt 0.974609 0.249512
vn 0.404314 0.875338 -0.265166
v -0.483008 0.584666 -0.586801
vt 0.988281 0.249512
vn 0.442405 -0.815836 -0.372411
v 0.011576 5.618138 -0.000457
vt 0.016693 0.000000
vn 0.779332 0.623925 0.057949
v -0.003745 5.617805 -0.009865
vt 0.016693 0.000000
vn -0.350976 0.601644 -0.717524
v 0.006579 5.617986 -0.009625
vt 0.016693 0.000000
vn 0.436073 0.614078 -0.657836
v -0.009162 5.617774 -0.001100
vt 0.016693 0.000000
vn -0.798839 0.597924 -0.065908
v 0.006159 5.618106 0.008308
vt 0.016693 0.000000
vn 0.331168 0.621869 0.709653
v -0.004165 5.617926 0.008068
vt 0.016693 0.000000
vn -0.455639 0.608469 0.649737
v -0.060929 0.182797 0.035942
vt 0.407471 0.172852
vn -0.818601 0.069491 0.570144
v -0.073046 0.183016 0.001386
vt 0.368164 0.172852
vn -0.994013 0.071991 0.082188
v -0.051373 0.572544 0.039803
vt 0.407471 0.518799
vn -0.741555 0.009481 0.670825
v -0.109337 -0.100000 -0.005992
vt 0.368164 0.000000
vn -0.991690 0.126373 0.024103
v -0.094371 -0.100000 0.049048
vt 0.407471 0.000000
vn -0.845385 0.123787 0.519616
v -0.055085 -0.100000 0.088200
vt 0.445801 0.000000
vn -0.474321 0.124689 0.871477
v -0.066012 0.183539 -0.034539
vt 0.328613 0.172852
vn -0.900466 0.077893 -0.427895
v -0.094390 -0.100000 -0.061032
vt 0.328613 0.000000
vn -0.868902 0.131492 -0.477199
v -0.033971 0.182934 0.059212
vt 0.445801 0.172852
vn -0.426525 0.071169 0.901671
v 0.000139 -0.100000 0.103109
vt 0.485352 0.000000
vn 0.025684 0.128767 0.991342
v 0.002073 0.183396 0.066229
vt 0.485352 0.172852
vn 0.081165 0.076667 0.993748
v -0.026689 0.572720 0.055592
vt 0.445801 0.518799
vn -0.310145 0.012689 0.950605
v 0.003478 0.573116 0.057088
vt 0.485352 0.518799
vn 0.206373 0.019794 0.978273
v -0.022315 0.945259 0.053036
vt 0.445801 0.849487
vn -0.170127 0.010874 0.985362
v 0.003360 0.945643 0.050608
vt 0.485352 0.849487
vn 0.344964 0.017569 0.938452
v -0.045119 0.945047 0.042715
vt 0.407471 0.849487
vn -0.637010 0.007060 0.770824
v -0.060183 0.945056 0.021847
vt 0.368164 0.849487
vn -0.937621 0.007079 0.347588
v -0.065305 0.572623 0.013091
vt 0.368164 0.518799
vn -0.978000 0.011091 0.208309
v -0.062623 0.945290 -0.003745
vt 0.328613 0.849487
vn -0.985345 0.010965 -0.170223
v -0.063809 0.572948 -0.016977
vt 0.328613 0.518799
vn -0.950261 0.017087 -0.310986
v -0.052271 0.945674 -0.026471
vt 0.290283 0.849487
vn -0.769405 0.017663 -0.638517
v -0.042670 0.184203 -0.061403
vt 0.290283 0.172852
vn -0.567644 0.085674 -0.818804
v -0.055116 -0.100000 -0.100182
vt 0.290283 0.000000
vn -0.515854 0.137805 -0.845520
v -0.047971 0.573411 -0.041577
vt 0.290283 0.518799
vn -0.669022 0.025797 -0.742795
v -0.031337 0.946124 -0.041483
vt 0.250977 0.849487
vn -0.346217 0.025375 -0.937811
v -0.008003 0.184866 -0.073475
vt 0.250977 0.172852
vn -0.081841 0.093385 -0.992261
v 0.000102 -0.100000 -0.115088
vt 0.250977 0.000000
vn -0.023831 0.143692 -0.989336
v -0.021173 0.573916 -0.055460
vt 0.250977 0.518799
vn -0.207407 0.034884 -0.977633
v -0.005662 0.946509 -0.043911
vt 0.211548 0.849487
vn 0.169135 0.032039 -0.985072
v 0.028041 0.185329 -0.066457
vt 0.211548 0.172852
vn 0.425151 0.099031 -0.899688
v 0.055325 -0.100000 -0.100180
vt 0.211548 0.000000
vn 0.473446 0.147935 -0.868311
v 0.008994 0.574312 -0.053964
vt 0.211548 0.518799
vn 0.309237 0.042140 -0.950051
v 0.017142 0.946720 -0.033590
vt 0.173218 0.849487
vn 0.636458 0.035931 -0.770474
v 0.054998 0.185465 -0.043187
vt 0.173218 0.172852
vn 0.816362 0.101042 -0.568633
v 0.094612 -0.100000 -0.061028
vt 0.173218 0.000000
vn 0.842177 0.149115 -0.518172
v 0.033678 0.574488 -0.038175
vt 0.173218 0.518799
vn 0.740796 0.045425 -0.670192
v 0.032206 0.946712 -0.012722
vt 0.133789 0.849487
vn 0.937206 0.035935 -0.346920
v 0.047610 0.574409 -0.011463
vt 0.133789 0.518799
vn 0.977259 0.043830 -0.207468
v 0.034646 0.946478 0.012869
vt 0.094421 0.849487
vn 0.984730 0.031991 0.171121
v 0.067116 0.185247 -0.008631
vt 0.133789 0.172852
vn 0.991759 0.098729 -0.081648
v 0.109577 -0.100000 -0.005988
vt 0.133789 0.000000
vn 0.988816 0.146915 -0.025679
v 0.046114 0.574085 0.018605
vt 0.094421 0.518799
vn 0.949392 0.037800 0.311812
v 0.024294 0.946094 0.035596
vt 0.056122 0.849487
vn 0.768405 0.025391 0.639459
v 0.060081 0.184724 0.027293
vt 0.094421 0.172852
vn 0.898985 0.092700 0.428056
v 0.094630 -0.100000 0.049052
vt 0.094421 0.000000
vn 0.868711 0.141790 0.474590
v 0.036740 0.184060 0.054158
vt 0.056122 0.172852
vn 0.566889 0.084595 0.819439
v 0.055357 -0.100000 0.088203
vt 0.056122 0.000000
vn 0.517983 0.135089 0.844656
v 0.030276 0.573621 0.043205
vt 0.056122 0.518799
vn 0.667961 0.029084 0.743628
v 0.003360 0.945643 0.050608
vt 0.016693 0.849487
vn 0.344964 0.017569 0.938452
v 0.003478 0.573116 0.057088
vt 0.016693 0.518799
vn 0.206373 0.019794 0.978273
v 0.002073 0.183396 0.066229
vt 0.016693 0.172852
vn 0.081165 0.076667 0.993748
v 0.000139 -0.100000 0.103109
vt 0.016693 0.000000
vn 0.025684 0.128767 0.991342
v -0.016791 1.302834 -0.034944
vt 1.714844 0.317871
vn 0.007919 0.017904 -0.999808
v -0.005662 0.946509 -0.043911
vt 1.714844 0.000488
vn 0.169135 0.032039 -0.985072
v 0.003750 1.302933 -0.029039
vt 1.677734 0.317871
vn 0.503947 0.020329 -0.863495
v 0.017142 0.946720 -0.033590
vt 1.677734 0.000488
vn 0.636458 0.035931 -0.770474
v -0.031337 0.946124 -0.041483
vt 1.752930 0.000488
vn -0.346217 0.025375 -0.937811
v 0.019063 1.302990 -0.013271
vt 1.639648 0.317871
vn 0.869204 0.021638 -0.493980
v 0.032206 0.946712 -0.012722
vt 1.639648 0.000488
vn 0.937206 0.035935 -0.346920
v -0.007509 1.916910 -0.028646
vt 1.677734 0.863281
vn 0.336446 0.004227 -0.941693
v 0.024298 1.302985 0.008044
vt 1.601562 0.317871
vn 0.999720 0.021477 0.009928
v 0.034646 0.946478 0.012869
vt 1.601562 0.000488
vn 0.984730 0.031991 0.171121
v 0.007662 1.916971 -0.018768
vt 1.639648 0.863281
vn 0.762919 0.005701 -0.646469
v 0.015757 1.917097 -0.002609
vt 1.601562 0.863281
vn 0.984356 0.008705 -0.175975
v 0.018374 1.302923 0.028518
vt 1.565430 0.317871
vn 0.861408 0.019985 0.507520
v 0.024294 0.946094 0.035596
vt 1.565430 0.000488
vn 0.768405 0.025391 0.639459
v 0.002553 1.302817 0.043780
vt 1.527344 0.317871
vn 0.491171 0.017365 0.870890
v 0.003360 0.945643 0.050608
vt 1.527344 0.000488
vn 0.344964 0.017569 0.938452
v 0.004829 1.917398 0.030018
vt 1.527344 0.863281
vn 0.644055 0.015585 0.764820
v 0.014741 1.917251 0.014898
vt 1.565430 0.863281
vn 0.940881 0.012279 0.338514
v 0.006289 2.344960 0.019501
vt 1.527344 1.243042
vn 0.765267 0.012558 0.643590
v 0.012902 2.344802 0.005070
vt 1.565430 1.243042
vn 0.985009 0.007590 0.172336
v 0.007533 2.789211 0.009809
vt 1.527344 1.637695
vn 0.853068 0.007870 0.521740
v 0.011474 2.344661 -0.010269
vt 1.601562 1.243042
vn 0.939668 0.003019 -0.342074
v 0.011349 2.789092 -0.003513
vt 1.565430 1.637695
vn 0.999738 0.003585 0.022621
v 0.008753 3.196097 0.002746
vt 1.527344 1.999023
vn 0.919298 0.000180 0.393561
v 0.002310 2.344569 -0.023242
vt 1.639648 1.243042
vn 0.641332 0.000000 -0.767264
v 0.008104 2.789010 -0.016570
vt 1.601562 1.637695
vn 0.877828 0.000704 -0.478975
v 0.010287 3.196064 -0.009148
vt 1.565430 1.999023
vn 0.992554 -0.001226 -0.121797
v 0.011512 3.554806 0.000077
vt 1.527344 2.317383
vn 0.948022 -0.007326 0.318119
v 0.011575 3.554857 -0.010520
vt 1.565430 2.317383
vn 0.979918 -0.005205 -0.199334
v 0.011778 3.893138 0.008331
vt 1.527344 2.618164
vn 0.813250 -0.008805 0.581848
v 0.005812 3.196082 -0.019904
vt 1.601562 1.999023
vn 0.799590 -0.000214 -0.600547
v 0.014468 3.893239 -0.009579
vt 1.565430 2.618164
vn 0.892508 0.000328 -0.451032
v -0.001510 2.788985 -0.026577
vt 1.639648 1.637695
vn 0.519528 0.000000 -0.854454
v 0.016963 4.214653 0.008327
vt 1.527344 2.904297
vn 0.780783 -0.009826 0.624725
v 0.006492 3.554978 -0.019474
vt 1.601562 2.317383
vn 0.747938 0.000129 -0.663769
v -0.003716 3.196148 -0.027227
vt 1.639648 1.999023
vn 0.391453 0.003130 -0.920193
v -0.012170 2.344553 -0.029833
vt 1.677734 1.243042
vn 0.171274 -0.000424 -0.985223
v -0.014876 2.789026 -0.030380
vt 1.677734 1.637695
vn 0.022625 0.001625 -0.999743
v -0.002654 3.555142 -0.024876
vt 1.639648 2.317383
vn 0.317121 0.007811 -0.948353
v 0.000415 3.893575 -0.020666
vt 1.601562 2.618164
vn 0.072803 0.016311 -0.997213
v -0.015650 3.196243 -0.028756
vt 1.677734 1.999023
vn -0.120710 0.007767 -0.992657
v -0.013284 3.555302 -0.024938
vt 1.677734 2.317383
vn -0.199819 0.015500 -0.979710
v 0.000415 3.893575 -0.020666
vt 1.639648 2.618164
vn 0.072803 0.016311 -0.997213
v -0.027977 2.789117 -0.027147
vt 1.714844 1.637695
vn -0.476622 0.005066 -0.879094
v -0.026442 3.196340 -0.024296
vt 1.714844 1.999023
vn -0.597638 0.012495 -0.801669
v -0.022268 3.555412 -0.019871
vt 1.714844 2.317383
vn -0.658391 0.021284 -0.752375
v -0.016279 3.893813 -0.014163
vt 1.677734 2.618164
vn -0.767616 0.025861 -0.640388
v -0.004547 4.215134 -0.014287
vt 1.639648 2.904297
vn -0.421399 0.017993 -0.906697
v 0.017398 4.214768 -0.007922
vt 1.565430 2.904297
vn 0.849224 -0.002231 -0.528028
v 0.015117 4.522995 0.013295
vt 1.940430 3.177734
vn 0.583905 -0.002539 0.811818
v 0.021113 4.522990 0.000116
vt 1.978516 3.177734
vn 0.998735 -0.000224 -0.050289
v 0.010155 4.818530 0.014960
vt 1.903320 3.439453
vn 0.321367 0.003396 0.946948
v 0.020219 4.818524 0.006217
vt 1.940430 3.439453
vn 0.980284 0.003370 0.197564
v 0.010564 5.099544 0.013334
vt 1.903320 3.689453
vn 0.290407 0.007371 0.956875
v 0.018956 5.099566 0.004414
vt 1.940430 3.689453
vn 0.973403 0.009188 0.228917
v 0.009225 5.366068 0.011108
vt 1.903320 3.925781
vn 0.129562 0.022987 0.991305
v 0.016064 5.366102 0.002191
vt 1.940430 3.925781
vn 0.991388 0.015387 0.130049
v 0.006159 5.618106 0.008308
vt 1.903320 4.150391
vn 0.331168 0.621869 0.709653
v 0.011576 5.618138 -0.000457
vt 1.940430 4.150391
vn 0.779332 0.623925 0.057949
v -0.016279 3.893813 -0.014163
vt 1.714844 2.618164
vn -0.767616 0.025861 -0.640388
v -0.027688 3.555448 -0.010754
vt 1.752930 2.317383
vn -0.947592 0.023578 -0.318613
v -0.033788 3.196417 -0.014799
vt 1.752930 1.999023
vn -0.918836 0.016064 -0.394312
v -0.027752 3.555398 -0.000158
vt 1.791016 2.317383
vn -0.979895 0.021771 0.198323
v -0.018969 3.893712 0.003747
vt 1.752930 2.618164
vn -0.942363 0.025762 0.333600
v -0.004547 4.215134 -0.014287
vt 1.677734 2.904297
vn -0.421399 0.017993 -0.906697
v -0.012925 4.215153 -0.000595
vt 1.714844 2.904297
vn -0.985157 0.017965 0.170716
v -0.001929 4.523141 -0.010297
vt 1.677734 3.177734
vn -0.432808 0.008359 -0.901447
v -0.007925 4.523146 0.002883
vt 1.714844 3.177734
vn -0.999958 0.008993 0.001990
v 0.004934 4.818536 -0.011262
vt 1.639648 3.439453
vn -0.320012 0.004386 -0.947403
v -0.005130 4.818542 -0.002519
vt 1.677734 3.439453
vn -0.980296 0.004474 -0.197484
v 0.003362 5.099462 -0.010162
vt 1.639648 3.689453
vn -0.288955 0.000190 -0.957343
v -0.005030 5.099441 -0.001242
vt 1.677734 3.689453
vn -0.973480 -0.001469 -0.228768
v 0.000476 5.365883 -0.009688
vt 1.639648 3.925781
vn -0.383372 -0.004884 -0.923581
v -0.006363 5.365850 -0.000771
vt 1.677734 3.925781
vn -0.991544 -0.007890 -0.129529
v -0.003745 5.617805 -0.009865
vt 1.639648 4.150391
vn -0.350976 0.601644 -0.717524
v -0.009162 5.617774 -0.001100
vt 1.677734 4.150391
vn -0.798839 0.597924 -0.065908
v 0.012721 4.523062 -0.011692
vt 1.601562 3.177734
vn 0.548250 0.003219 -0.836308
v 0.017398 4.214768 -0.007922
vt 1.601562 2.904297
vn 0.849224 -0.002231 -0.528028
v 0.021113 4.522990 0.000116
vt 1.565430 3.177734
vn 0.998735 -0.000224 -0.050289
v 0.020219 4.818524 0.006217
vt 1.527344 3.439453
vn 0.980284 0.003370 0.197564
v 0.017585 4.818528 -0.007012
vt 1.565430 3.439453
vn 0.659552 0.003930 -0.751648
v 0.018956 5.099566 0.004414
vt 1.527344 3.689453
vn 0.973403 0.009188 0.228917
v 0.012721 4.523062 -0.011692
vt 1.639648 3.177734
vn 0.548250 0.003219 -0.836308
v 0.004934 4.818536 -0.011262
vt 1.601562 3.439453
vn -0.320012 0.004386 -0.947403
v 0.015323 5.099524 -0.007440
vt 1.565430 3.689453
vn 0.682843 0.005630 -0.730544
v 0.016064 5.366102 0.002191
vt 1.527344 3.925781
vn 0.991388 0.015387 0.130049
v 0.003362 5.099462 -0.010162
vt 1.601562 3.689453
vn -0.288955 0.000190 -0.957343
v 0.011650 5.366008 -0.008300
vt 1.565430 3.925781
vn 0.606160 0.006704 -0.795314
v 0.011576 5.618138 -0.000457
vt 1.527344 4.150391
vn 0.779332 0.623925 0.057949
v 0.000476 5.365883 -0.009688
vt 1.601562 3.925781
vn -0.383372 -0.004884 -0.923581
v 0.006579 5.617986 -0.009625
vt 1.565430 4.150391
vn 0.436073 0.614078 -0.657836
v -0.003745 5.617805 -0.009865
vt 1.601562 4.150391
vn -0.350976 0.601644 -0.717524
v -0.062623 0.945290 -0.003745
vt 1.827148 0.000488
vn -0.985345 0.010965 -0.170223
v -0.059922 1.302545 0.006010
vt 1.827148 0.317871
vn -0.999907 0.011070 -0.007914
v -0.060183 0.945056 0.021847
vt 1.865234 0.000488
vn -0.937621 0.007079 0.347588
v -0.054686 1.302540 0.027325
vt 1.865234 0.317871
vn -0.868896 0.010971 0.494873
v -0.045119 0.945047 0.042715
vt 1.903320 0.000488
vn -0.637010 0.007060 0.770824
v -0.053997 1.302607 -0.014464
vt 1.791016 0.317871
vn -0.862913 0.012599 -0.505195
v -0.052271 0.945674 -0.026471
vt 1.791016 0.000488
vn -0.769405 0.017663 -0.638517
v -0.052216 1.917329 0.011036
vt 1.827148 0.863281
vn -0.984193 0.013492 0.176584
v -0.038177 1.302714 -0.029726
vt 1.752930 0.317871
vn -0.493544 0.015100 -0.869590
v -0.051200 1.917175 -0.006471
vt 1.791016 0.863281
vn -0.941171 0.009793 -0.337787
v -0.041289 1.917028 -0.021591
vt 1.752930 0.863281
vn -0.644827 0.006480 -0.764301
v -0.025076 1.916931 -0.029659
vt 1.714844 0.863281
vn -0.175702 0.004371 -0.984434
v -0.027560 2.344617 -0.028410
vt 1.714844 1.243042
vn -0.340328 0.001761 -0.940305
v -0.040577 2.344746 -0.019278
vt 1.752930 1.243042
vn -0.765362 0.005959 -0.643573
v -0.038017 2.789241 -0.017566
vt 1.752930 1.637695
vn -0.852832 0.009591 -0.522098
v -0.047189 2.344905 -0.004846
vt 1.791016 1.243042
vn -0.984949 0.010983 -0.172496
v -0.041833 2.789361 -0.004244
vt 1.791016 1.637695
vn -0.999632 0.013891 -0.023304
v -0.045761 2.345045 0.010492
vt 1.827148 1.243042
vn -0.939672 0.015575 0.341722
v -0.038587 2.789442 0.008813
vt 1.827148 1.637695
vn -0.878021 0.016783 0.478328
v -0.035322 3.196451 -0.002904
vt 1.791016 1.999023
vn -0.992569 0.017474 0.120421
v -0.030847 3.196433 0.007852
vt 1.827148 1.999023
vn -0.800439 0.016400 0.599190
v -0.022668 3.555277 0.008797
vt 1.827148 2.317383
vn -0.748358 0.016098 0.663099
v -0.018969 3.893712 0.003747
vt 1.827148 2.618164
vn -0.942363 0.025762 0.333600
v -0.028974 2.789467 0.018820
vt 1.865234 1.637695
vn -0.519952 0.017474 0.854017
v -0.021319 3.196367 0.015174
vt 1.865234 1.999023
vn -0.392513 0.013165 0.919652
v -0.013523 3.555113 0.014198
vt 1.865234 2.317383
vn -0.317931 0.008577 0.948075
v -0.004917 3.893375 0.014834
vt 1.865234 2.618164
vn -0.129211 0.006589 0.991595
v 0.002800 4.214801 0.015937
vt 1.827148 2.904297
vn -0.213230 0.001582 0.977001
v -0.012925 4.215153 -0.000595
vt 1.791016 2.904297
vn -0.985157 0.017965 0.170716
v -0.007925 4.523146 0.002883
vt 1.791016 3.177734
vn -0.999958 0.008993 0.001990
v 0.000467 4.523074 0.014691
vt 1.827148 3.177734
vn -0.442140 0.001698 0.896944
v -0.005130 4.818542 -0.002519
vt 1.714844 3.439453
vn -0.980296 0.004474 -0.197484
v -0.002496 4.818538 0.010710
vt 1.752930 3.439453
vn -0.658324 0.003994 0.752725
v -0.005030 5.099441 -0.001242
vt 1.714844 3.689453
vn -0.973480 -0.001469 -0.228768
v -0.001397 5.099482 0.010611
vt 1.752930 3.689453
vn -0.681518 0.002095 0.731798
v -0.006363 5.365850 -0.000771
vt 1.714844 3.925781
vn -0.991544 -0.007890 -0.129529
v -0.001949 5.365943 0.009720
vt 1.752930 3.925781
vn -0.604505 0.000791 0.796601
v -0.002892 3.554952 0.014261
vt 1.903320 2.317383
vn 0.199453 0.000666 0.979907
v -0.009385 3.196271 0.016703
vt 1.903320 1.999023
vn 0.120094 0.008469 0.992726
v -0.015608 2.789426 0.022623
vt 1.903320 1.637695
vn -0.022928 0.015893 0.999611
v 0.001407 3.196175 0.012243
vt 1.940430 1.999023
vn 0.597653 0.003790 0.801746
v -0.002507 2.789335 0.019390
vt 1.940430 1.637695
vn 0.476584 0.012378 0.879042
v 0.006092 3.554842 0.009193
vt 1.940430 2.317383
vn 0.658633 -0.004905 0.752448
v -0.004917 3.893375 0.014834
vt 1.903320 2.618164
vn -0.129211 0.006589 0.991595
v 0.007533 2.789211 0.009809
vt 1.978516 1.637695
vn 0.853068 0.007870 0.521740
v 0.008753 3.196097 0.002746
vt 1.978516 1.999023
vn 0.919298 0.000180 0.393561
v 0.006289 2.344960 0.019501
vt 1.978516 1.243042
vn 0.765267 0.012558 0.643590
v 0.011512 3.554806 0.000077
vt 1.978516 2.317383
vn 0.948022 -0.007326 0.318119
v 0.011778 3.893138 0.008331
vt 1.978516 2.618164
vn 0.813250 -0.008805 0.581848
v 0.011778 3.893138 0.008331
vt 1.940430 2.618164
vn 0.813250 -0.008805 0.581848
v 0.002800 4.214801 0.015937
vt 1.903320 2.904297
vn -0.213230 0.001582 0.977001
v 0.016963 4.214653 0.008327
vt 1.940430 2.904297
vn 0.780783 -0.009826 0.624725
v 0.000467 4.523074 0.014691
vt 1.865234 3.177734
vn -0.442140 0.001698 0.896944
v 0.015117 4.522995 0.013295
vt 1.903320 3.177734
vn 0.583905 -0.002539 0.811818
v -0.002496 4.818538 0.010710
vt 1.827148 3.439453
vn -0.658324 0.003994 0.752725
v 0.010155 4.818530 0.014960
vt 1.865234 3.439453
vn 0.321367 0.003396 0.946948
v -0.001397 5.099482 0.010611
vt 1.827148 3.689453
vn -0.681518 0.002095 0.731798
v 0.010564 5.099544 0.013334
vt 1.865234 3.689453
vn 0.290407 0.007371 0.956875
v -0.001949 5.365943 0.009720
vt 1.827148 3.925781
vn -0.604505 0.000791 0.796601
v 0.009225 5.366068 0.011108
vt 1.865234 3.925781
vn 0.129562 0.022987 0.991305
v -0.004165 5.617926 0.008068
vt 1.827148 4.150391
vn -0.455639 0.608469 0.649737
v 0.006159 5.618106 0.008308
vt 1.865234 4.150391
vn 0.331168 0.621869 0.709653
v -0.039374 1.302597 0.043093
vt 1.903320 0.317871
vn -0.504526 0.012192 0.863310
v -0.022315 0.945259 0.053036
vt 1.940430 0.000488
vn -0.170127 0.010874 0.985362
v -0.018832 1.302696 0.048998
vt 1.940430 0.317871
vn -0.009704 0.014580 0.999847
v 0.003360 0.945643 0.050608
vt 1.978516 0.000488
vn 0.344964 0.017569 0.938452
v 0.002553 1.302817 0.043780
vt 1.978516 0.317871
vn 0.491171 0.017365 0.870890
v -0.044121 1.917455 0.027194
vt 1.865234 0.863281
vn -0.762625 0.016381 0.646633
v -0.028950 1.917516 0.037073
vt 1.903320 0.863281
vn -0.336547 0.017896 0.941497
v -0.011383 1.917495 0.038086
vt 1.940430 0.863281
vn 0.175080 0.017693 0.984395
v 0.004829 1.917398 0.030018
vt 1.978516 0.863281
vn 0.644055 0.015585 0.764820
v -0.036598 2.345138 0.023465
vt 1.865234 1.243042
vn -0.641447 0.018485 0.766945
v -0.022118 2.345153 0.030056
vt 1.903320 1.243042
vn -0.171535 0.018996 0.984995
v -0.006727 2.345089 0.028634
vt 1.940430 1.243042
vn 0.340190 0.016765 0.940207
v -0.004165 5.617926 0.008068
vt 1.791016 4.150391
vn -0.455639 0.608469 0.649737
v -0.001949 5.365943 0.009720
vt 1.791016 3.925781
vn -0.604505 0.000791 0.796601
v -0.009162 5.617774 -0.001100
vt 1.714844 4.150391
vn -0.798839 0.597924 -0.065908
f 3/3/3 2/2/2 1/1/1
f 4/4/4 2/2/2 3/3/3
f 3/3/3 1/1/1 5/5/5
f 6/6/6 2/2/2 4/4/4
f 5/5/5 1/1/1 7/7/7
f 8/8/8 2/2/2 6/6/6
f 7/7/7 9/9/9 5/5/5
f 10/10/10 8/8/8 6/6/6
f 11/11/11 8/8/8 10/10/10
f 12/12/12 11/11/11 10/10/10
f 13/13/13 11/11/11 12/12/12
f 5/5/5 9/9/9 14/14/14
f 14/14/14 9/9/9 15/15/15
f 15/15/15 9/9/9 16/16/16
f 15/15/15 17/17/17 14/14/14
f 17/17/17 18/18/18 14/14/14
f 14/14/14 18/18/18 19/19/19
f 20/20/20 18/18/18 17/17/17
f 18/18/18 21/21/21 19/19/19
f 20/20/20 21/21/21 18/18/18
f 19/19/19 21/21/21 22/22/22
f 21/21/21 23/23/23 22/22/22
f 23/23/23 21/21/21 20/20/20
f 22/22/22 23/23/23 24/24/24
f 20/20/20 25/25/25 23/23/23
f 23/23/23 25/25/25 24/24/24
f 24/24/24 25/25/25 26/26/26
f 27/27/27 25/25/25 20/20/20
f 25/25/25 6/6/6 26/26/26
f 27/27/27 28/28/28 25/25/25
f 28/28/28 6/6/6 25/25/25
f 28/28/28 27/27/27 29/29/29
f 28/28/28 29/29/29 6/6/6
f 29/29/29 27/27/27 30/30/30
f 6/6/6 29/29/29 31/31/31
f 30/30/30 32/32/32 29/29/29
f 29/29/29 32/32/32 31/31/31
f 30/30/30 33/33/33 32/32/32
f 31/31/31 32/32/32 34/34/34
f 33/33/33 12/12/12 32/32/32
f 32/32/32 12/12/12 34/34/34
f 37/37/37 36/36/36 35/35/35
f 36/36/36 38/38/38 35/35/35
f 39/39/39 36/36/36 37/37/37
f 36/36/36 40/40/40 38/38/38
f 39/39/39 41/41/41 36/36/36
f 41/41/41 40/40/40 36/36/36
f 42/42/42 41/41/41 39/39/39
f 41/41/41 43/43/43 40/40/40
f 42/42/42 43/43/43 41/41/41
f 44/44/44 43/43/43 42/42/42
f 47/47/47 46/46/46 45/45/45
f 46/46/46 48/48/48 45/45/45
f 49/49/49 46/46/46 47/47/47
f 46/46/46 50/50/50 48/48/48
f 49/49/49 51/51/51 46/46/46
f 51/51/51 50/50/50 46/46/46
f 52/52/52 51/51/51 49/49/49
f 51/51/51 53/53/53 50/50/50
f 52/52/52 53/53/53 51/51/51
f 54/54/54 53/53/53 52/52/52
f 57/57/57 56/56/56 55/55/55
f 56/56/56 58/58/58 55/55/55
f 59/59/59 56/56/56 57/57/57
f 56/56/56 60/60/60 58/58/58
f 59/59/59 61/61/61 56/56/56
f 61/61/61 60/60/60 56/56/56
f 62/62/62 61/61/61 59/59/59
f 61/61/61 53/53/53 60/60/60
f 62/62/62 53/53/53 61/61/61
f 63/63/63 53/53/53 62/62/62
f 66/66/66 65/65/65 64/64/64
f 67/67/67 64/64/64 65/65/65
f 68/68/68 65/65/65 66/66/66
f 67/67/67 65/65/65 69/69/69
f 68/68/68 70/70/70 65/65/65
f 70/70/70 69/69/69 65/65/65
f 71/71/71 70/70/70 68/68/68
f 70/70/70 72/72/72 69/69/69
f 71/71/71 73/73/73 70/70/70
f 74/74/74 72/72/72 70/70/70
f 70/70/70 73/73/73 74/74/74
f 74/74/74 73/73/73 75/75/75
f 75/75/75 76/76/76 74/74/74
f 79/79/79 78/78/78 77/77/77
f 80/80/80 78/78/78 79/79/79
f 80/80/80 81/81/81 78/78/78
f 82/82/82 81/81/81 80/80/80
f 81/81/81 83/83/83 78/78/78
f 78/78/78 83/83/83 84/84/84
f 78/78/78 84/84/84 77/77/77
f 84/84/84 83/83/83 85/85/85
f 77/77/77 86/86/86 79/79/79
f 86/86/86 87/87/87 79/79/79
f 85/85/85 88/88/88 84/84/84
f 77/77/77 84/84/84 89/89/89
f 84/84/84 88/88/88 89/89/89
f 89/89/89 86/86/86 77/77/77
f 90/90/90 87/87/87 86/86/86
f 86/86/86 89/89/89 90/90/90
f 89/89/89 88/88/88 90/90/90
f 91/91/91 87/87/87 90/90/90
f 90/90/90 88/88/88 91/91/91
f 92/92/92 91/91/91 88/88/88
f 95/95/95 94/94/94 93/93/93
f 96/96/96 94/94/94 95/95/95
f 95/95/95 97/97/97 96/96/96
f 98/98/98 94/94/94 96/96/96
f 99/99/99 94/94/94 98/98/98
f 98/98/98 100/100/100 99/99/99
f 101/101/101 100/100/100 98/98/98
f 101/101/101 102/102/102 100/100/100
f 103/103/103 102/102/102 101/101/101
f 104/104/104 102/102/102 103/103/103
f 105/105/105 102/102/102 104/104/104
f 106/106/106 105/105/105 104/104/104
f 107/107/107 105/105/105 106/106/106
f 108/108/108 107/107/107 106/106/106
f 109/109/109 107/107/107 108/108/108
f 97/97/97 110/110/110 96/96/96
f 96/96/96 110/110/110 111/111/111
f 112/112/112 110/110/110 97/97/97
f 110/110/110 113/113/113 111/111/111
f 112/112/112 113/113/113 110/110/110
f 111/111/111 113/113/113 114/114/114
f 113/113/113 115/115/115 114/114/114
f 115/115/115 113/113/113 112/112/112
f 114/114/114 115/115/115 116/116/116
f 112/112/112 117/117/117 115/115/115
f 115/115/115 117/117/117 116/116/116
f 116/116/116 117/117/117 118/118/118
f 119/119/119 117/117/117 112/112/112
f 117/117/117 104/104/104 118/118/118
f 119/119/119 120/120/120 117/117/117
f 120/120/120 104/104/104 117/117/117
f 120/120/120 119/119/119 121/121/121
f 120/120/120 121/121/121 104/104/104
f 121/121/121 119/119/119 122/122/122
f 104/104/104 121/121/121 123/123/123
f 122/122/122 124/124/124 121/121/121
f 121/121/121 124/124/124 123/123/123
f 122/122/122 125/125/125 124/124/124
f 123/123/123 124/124/124 126/126/126
f 125/125/125 108/108/108 124/124/124
f 124/124/124 108/108/108 126/126/126
f 129/129/129 128/128/128 127/127/127
f 128/128/128 130/130/130 127/127/127
f 131/131/131 128/128/128 129/129/129
f 128/128/128 132/132/132 130/130/130
f 131/131/131 133/133/133 128/128/128
f 133/133/133 132/132/132 128/128/128
f 134/134/134 133/133/133 131/131/131
f 133/133/133 135/135/135 132/132/132
f 134/134/134 135/135/135 133/133/133
f 136/136/136 135/135/135 134/134/134
f 139/139/139 138/138/138 137/137/137
f 140/140/140 138/138/138 139/139/139
f 140/140/140 141/141/141 138/138/138
f 142/142/142 141/141/141 140/140/140
f 141/141/141 143/143/143 138/138/138
f 138/138/138 143/143/143 144/144/144
f 138/138/138 144/144/144 137/137/137
f 144/144/144 143/143/143 145/145/145
f 137/137/137 146/146/146 139/139/139
f 146/146/146 147/147/147 139/139/139
f 145/145/145 148/148/148 144/144/144
f 137/137/137 144/144/144 149/149/149
f 144/144/144 148/148/148 149/149/149
f 149/149/149 146/146/146 137/137/137
f 150/150/150 147/147/147 146/146/146
f 146/146/146 149/149/149 150/150/150
f 149/149/149 148/148/148 150/150/150
f 151/151/151 147/147/147 150/150/150
f 150/150/150 148/148/148 151/151/151
f 152/152/152 151/151/151 148/148/148
f 155/155/155 154/154/154 153/153/153
f 156/156/156 154/154/154 155/155/155
f 155/155/155 157/157/157 156/156/156
f 158/158/158 154/154/154 156/156/156
f 159/159/159 154/154/154 158/158/158
f 158/158/158 160/160/160 159/159/159
f 161/161/161 160/160/160 158/158/158
f 161/161/161 162/162/162 160/160/160
f 163/163/163 162/162/162 161/161/161
f 164/164/164 162/162/162 163/163/163
f 165/165/165 162/162/162 164/164/164
f 166/166/166 165/165/165 164/164/164
f 167/167/167 165/165/165 166/166/166
f 168/168/168 167/167/167 166/166/166
f 169/169/169 167/167/167 168/168/168
f 157/157/157 170/170/170 156/156/156
f 156/156/156 170/170/170 171/171/171
f 172/172/172 170/170/170 157/157/157
f 170/170/170 173/173/173 171/171/171
f 172/172/172 173/173/173 170/170/170
f 171/171/171 173/173/173 174/174/174
f 173/173/173 175/175/175 174/174/174
f 175/175/175 173/173/173 172/172/172
f 174/174/174 175/175/175 176/176/176
f 172/172/172 177/177/177 175/175/175
f 175/175/175 177/177/177 176/176/176
f 176/176/176 177/177/177 178/178/178
f 179/179/179 177/177/177 172/172/172
f 177/177/177 164/164/164 178/178/178
f 179/179/179 180/180/180 177/177/177
f 180/180/180 164/164/164 177/177/177
f 180/180/180 179/179/179 181/181/181
f 180/180/180 181/181/181 164/164/164
f 181/181/181 179/179/179 182/182/182
f 164/164/164 181/181/181 183/183/183
f 182/182/182 184/184/184 181/181/181
f 181/181/181 184/184/184 183/183/183
f 182/182/182 185/185/185 184/184/184
f 183/183/183 184/184/184 186/186/186
f 185/185/185 168/168/168 184/184/184
f 184/184/184 168/168/168 186/186/186
f 189/189/189 188/188/188 187/187/187
f 188/188/188 190/190/190 187/187/187
f 187/187/187 190/190/190 191/191/191
f 190/190/190 192/192/192 191/191/191
f 191/191/191 192/192/192 193/193/193
f 190/190/190 194/194/194 192/192/192
f 195/195/195 194/194/194 190/190/190
f 192/192/192 196/196/196 193/193/193
f 193/193/193 196/196/196 197/197/197
f 196/196/196 198/198/198 197/197/197
f 197/197/197 198/198/198 199/199/199
f 196/196/196 200/200/200 198/198/198
f 201/201/201 200/200/200 196/196/196
f 202/202/202 200/200/200 201/201/201
f 203/203/203 201/201/201 196/196/196
f 202/202/202 201/201/201 204/204/204
f 204/204/204 201/201/201 203/203/203
f 192/192/192 204/204/204 203/203/203
f 204/204/204 205/205/205 202/202/202
f 206/206/206 204/204/204 192/192/192
f 206/206/206 205/205/205 204/204/204
f 192/192/192 194/194/194 206/206/206
f 205/205/205 206/206/206 194/194/194
f 205/205/205 194/194/194 207/207/207
f 207/207/207 194/194/194 208/208/208
f 208/208/208 194/194/194 195/195/195
f 209/209/209 207/207/207 208/208/208
f 188/188/188 208/208/208 195/195/195
f 209/209/209 208/208/208 188/188/188
f 207/207/207 209/209/209 210/210/210
f 188/188/188 210/210/210 209/209/209
f 207/207/207 210/210/210 211/211/211
f 212/212/212 210/210/210 188/188/188
f 212/212/212 211/211/211 210/210/210
f 212/212/212 188/188/188 189/189/189
f 213/213/213 212/212/212 189/189/189
f 214/214/214 211/211/211 212/212/212
f 214/214/214 212/212/212 213/213/213
f 215/215/215 211/211/211 214/214/214
f 216/216/216 214/214/214 213/213/213
f 215/215/215 214/214/214 216/216/216
f 219/219/219 218/218/218 217/217/217
f 218/218/218 220/220/220 217/217/217
f 221/221/221 218/218/218 219/219/219
f 218/218/218 222/222/222 220/220/220
f 221/221/221 223/223/223 218/218/218
f 223/223/223 222/222/222 218/218/218
f 224/224/224 223/223/223 221/221/221
f 223/223/223 225/225/225 222/222/222
f 224/224/224 225/225/225 223/223/223
f 226/226/226 225/225/225 224/224/224
f 229/229/229 228/228/228 227/227/227
f 227/227/227 230/230/230 229/229/229
f 231/231/231 228/228/228 229/229/229
f 231/231/231 232/232/232 228/228/228
f 233/233/233 232/232/232 231/231/231
f 234/234/234 232/232/232 233/233/233
f 235/235/235 232/232/232 234/234/234
f 236/236/236 235/235/235 234/234/234
f 237/237/237 235/235/235 236/236/236
f 238/238/238 237/237/237 236/236/236
f 239/239/239 237/237/237 238/238/238
f 229/229/229 230/230/230 240/240/240
f 240/240/240 230/230/230 241/241/241
f 241/241/241 230/230/230 242/242/242
f 241/241/241 243/243/243 240/240/240
f 243/243/243 244/244/244 240/240/240
f 240/240/240 244/244/244 245/245/245
f 246/246/246 244/244/244 243/243/243
f 244/244/244 247/247/247 245/245/245
f 246/246/246 247/247/247 244/244/244
f 245/245/245 247/247/247 248/248/248
f 247/247/247 249/249/249 248/248/248
f 249/249/249 247/247/247 246/246/246
f 248/248/248 249/249/249 250/250/250
f 246/246/246 251/251/251 249/249/249
f 249/249/249 251/251/251 250/250/250
f 250/250/250 251/251/251 252/252/252
f 253/253/253 251/251/251 246/246/246
f 251/251/251 234/234/234 252/252/252
f 253/253/253 254/254/254 251/251/251
f 254/254/254 234/234/234 251/251/251
f 254/254/254 253/253/253 255/255/255
f 254/254/254 255/255/255 234/234/234
f 255/255/255 253/253/253 256/256/256
f 234/234/234 255/255/255 257/257/257
f 256/256/256 258/258/258 255/255/255
f 255/255/255 258/258/258 257/257/257
f 256/256/256 259/259/259 258/258/258
f 257/257/257 258/258/258 260/260/260
f 259/259/259 238/238/238 258/258/258
f 258/258/258 238/238/238 260/260/260
f 263/263/263 262/262/262 261/261/261
f 264/264/264 261/261/261 262/262/262
f 265/265/265 262/262/262 263/263/263
f 264/264/264 262/262/262 266/266/266
f 265/265/265 267/267/267 262/262/262
f 267/267/267 266/266/266 262/262/262
f 268/268/268 267/267/267 265/265/265
f 267/267/267 269/269/269 266/266/266
f 268/268/268 270/270/270 267/267/267
f 271/271/271 269/269/269 267/267/267
f 267/267/267 270/270/270 271/271/271
f 271/271/271 270/270/270 272/272/272
f 272/272/272 273/273/273 271/271/271
f 276/276/276 275/275/275 274/274/274
f 274/274/274 275/275/275 277/277/277
f 278/278/278 277/277/277 275/275/275
f 279/279/279 274/274/274 277/277/277
f 275/275/275 280/280/280 278/278/278
f 281/281/281 274/274/274 279/279/279
f 282/282/282 280/280/280 275/275/275
f 282/282/282 275/275/275 276/276/276
f 283/283/283 280/280/280 282/282/282
f 283/283/283 282/282/282 284/284/284
f 284/284/284 282/282/282 285/285/285
f 282/282/282 276/276/276 285/285/285
f 285/285/285 276/276/276 286/286/286
f 274/274/274 287/287/287 276/276/276
f 276/276/276 287/287/287 286/286/286
f 281/281/281 287/287/287 274/274/274
f 286/286/286 287/287/287 288/288/288
f 288/288/288 287/287/287 289/289/289
f 290/290/290 287/287/287 281/281/281
f 289/289/289 287/287/287 290/290/290
f 281/281/281 289/289/289 290/290/290
f 293/293/293 292/292/292 291/291/291
f 291/291/291 294/294/294 293/293/293
f 295/295/295 292/292/292 293/293/293
f 295/295/295 296/296/296 292/292/292
f 297/297/297 296/296/296 295/295/295
f 298/298/298 296/296/296 297/297/297
f 299/299/299 296/296/296 298/298/298
f 300/300/300 299/299/299 298/298/298
f 301/301/301 299/299/299 300/300/300
f 302/302/302 301/301/301 300/300/300
f 303/303/303 301/301/301 302/302/302
f 293/293/293 294/294/294 304/304/304
f 304/304/304 294/294/294 305/305/305
f 305/305/305 294/294/294 306/306/306
f 305/305/305 307/307/307 304/304/304
f 307/307/307 308/308/308 304/304/304
f 304/304/304 308/308/308 309/309/309
f 310/310/310 308/308/308 307/307/307
f 308/308/308 311/311/311 309/309/309
f 310/310/310 311/311/311 308/308/308
f 309/309/309 311/311/311 312/312/312
f 311/311/311 313/313/313 312/312/312
f 313/313/313 311/311/311 310/310/310
f 312/312/312 313/313/313 314/314/314
f 310/310/310 315/315/315 313/313/313
f 313/313/313 315/315/315 314/314/314
f 314/314/314 315/315/315 316/316/316
f 317/317/317 315/315/315 310/310/310
f 315/315/315 298/298/298 316/316/316
f 317/317/317 318/318/318 315/315/315
f 318/318/318 298/298/298 315/315/315
f 318/318/318 317/317/317 319/319/319
f 318/318/318 319/319/319 298/298/298
f 319/319/319 317/317/317 320/320/320
f 298/298/298 319/319/319 321/321/321
f 320/320/320 322/322/322 319/319/319
f 319/319/319 322/322/322 321/321/321
f 320/320/320 323/323/323 322/322/322
f 321/321/321 322/322/322 324/324/324
f 323/323/323 302/302/302 322/322/322
f 322/322/322 302/302/302 324/324/324
f 327/327/327 326/326/326 325/325/325
f 325/325/325 326/326/326 328/328/328
f 328/328/328 329/329/329 325/325/325
f 330/330/330 326/326/326 327/327/327
f 330/330/330 327/327/327 331/331/331
f 332/332/332 326/326/326 330/330/330
f 331/331/331 332/332/332 330/330/330
f 333/333/333 326/326/326 332/332/332
f 334/334/334 332/332/332 331/331/331
f 332/332/332 335/335/335 333/333/333
f 336/336/336 332/332/332 334/334/334
f 337/337/337 335/335/335 332/332/332
f 337/337/337 332/332/332 336/336/336
f 340/340/340 339/339/339 338/338/338
f 338/338/338 341/341/341 340/340/340
f 340/340/340 341/341/341 342/342/342
f 341/341/341 343/343/343 342/342/342
f 342/342/342 344/344/344 340/340/340
f 344/344/344 339/339/339 340/340/340
f 345/345/345 344/344/344 342/342/342
f 345/345/345 346/346/346 344/344/344
f 347/347/347 346/346/346 345/345/345
f 346/346/346 348/348/348 344/344/344
f 344/344/344 348/348/348 339/339/339
f 339/339/339 348/348/348 349/349/349
f 349/349/349 350/350/350 339/339/339
f 339/339/339 350/350/350 338/338/338
f 341/341/341 338/338/338 351/351/351
f 338/338/338 350/350/350 351/351/351
f 351/351/351 343/343/343 341/341/341
f 352/352/352 343/343/343 351/351/351
f 351/351/351 350/350/350 352/352/352
f 353/353/353 352/352/352 350/350/350
f 356/356/356 355/355/355 354/354/354
f 357/357/357 355/355/355 356/356/356
f 358/358/358 356/356/356 354/354/354
f 359/359/359 357/357/357 356/356/356
f 360/360/360 357/357/357 359/359/359
f 361/361/361 356/356/356 358/358/358
f 361/361/361 359/359/359 356/356/356
f 361/361/361 358/358/358 362/362/362
f 362/362/362 358/358/358 363/363/363
f 362/362/362 364/364/364 361/361/361
f 364/364/364 359/359/359 361/361/361
f 365/365/365 364/364/364 362/362/362
f 366/366/366 360/360/360 359/359/359
f 367/367/367 360/360/360 366/366/366
f 368/368/368 367/367/367 366/366/366
f 366/366/366 359/359/359 368/368/368
f 368/368/368 359/359/359 364/364/364
f 364/364/364 365/365/365 368/368/368
f 368/368/368 365/365/365 369/369/369
f 372/372/372 371/371/371 370/370/370
f 370/370/370 371/371/371 373/373/373
f 370/370/370 373/373/373 374/374/374
f 374/374/374 372/372/372 370/370/370
f 373/373/373 371/371/371 375/375/375
f 375/375/375 371/371/371 376/376/376
f 376/376/376 377/377/377 375/375/375
f 378/378/378 371/371/371 372/372/372
f 379/379/379 372/372/372 374/374/374
f 372/372/372 380/380/380 378/378/378
f 381/381/381 372/372/372 379/379/379
f 382/382/382 380/380/380 372/372/372
f 382/382/382 372/372/372 381/381/381
f 385/385/385 384/384/384 383/383/383
f 386/386/386 384/384/384 385/385/385
f 385/385/385 387/387/387 386/386/386
f 388/388/388 387/387/387 385/385/385
f 386/386/386 389/389/389 384/384/384
f 384/384/384 389/389/389 390/390/390
f 389/389/389 391/391/391 390/390/390
f 392/392/392 391/391/391 389/389/389
f 386/386/386 393/393/393 389/389/389
f 393/393/393 392/392/392 389/389/389
f 387/387/387 393/393/393 386/386/386
f 394/394/394 392/392/392 393/393/393
f 395/395/395 394/394/394 393/393/393
f 396/396/396 394/394/394 395/395/395
f 397/397/397 396/396/396 395/395/395
f 395/395/395 393/393/393 397/397/397
f 397/397/397 393/393/393 387/387/387
f 387/387/387 388/388/388 397/397/397
f 397/397/397 388/388/388 398/398/398
f 401/401/401 400/400/400 399/399/399
f 402/402/402 400/400/400 401/401/401
f 401/401/401 403/403/403 402/402/402
f 403/403/403 401/401/401 404/404/404
f 403/403/403 405/405/405 402/402/402
f 403/403/403 404/404/404 405/405/405
f 405/405/405 406/406/406 402/402/402
f 404/404/404 401/401/401 407/407/407
f 401/401/401 399/399/399 407/407/407
f 407/407/407 399/399/399 408/408/408
f 409/409/409 405/405/405 404/404/404
f 408/408/408 399/399/399 410/410/410
f 411/411/411 406/406/406 405/405/405
f 411/411/411 405/405/405 409/409/409
f 411/411/411 412/412/412 406/406/406
f 411/411/411 409/409/409 412/412/412
f 412/412/412 413/413/413 406/406/406
f 412/412/412 409/409/409 414/414/414
f 412/412/412 414/414/414 413/413/413
f 413/413/413 414/414/414 415/415/415
f 413/413/413 415/415/415 416/416/416
f 410/410/410 399/399/399 417/417/417
f 417/417/417 399/399/399 400/400/400
f 410/410/410 417/417/417 418/418/418
f 419/419/419 417/417/417 400/400/400
f 418/418/418 417/417/417 419/419/419
f 418/418/418 419/419/419 420/420/420
f 423/423/423 422/422/422 421/421/421
f 424/424/424 421/421/421 422/422/422
f 425/425/425 422/422/422 423/423/423
f 424/424/424 422/422/422 426/426/426
f 425/425/425 427/427/427 422/422/422
f 427/427/427 426/426/426 422/422/422
f 428/428/428 427/427/427 425/425/425
f 427/427/427 429/429/429 426/426/426
f 428/428/428 430/430/430 427/427/427
f 431/431/431 429/429/429 427/427/427
f 427/427/427 430/430/430 431/431/431
f 431/431/431 430/430/430 432/432/432
f 432/432/432 433/433/433 431/431/431
f 436/436/436 435/435/435 434/434/434
f 435/435/435 437/437/437 434/434/434
f 434/434/434 437/437/437 438/438/438
f 437/437/437 439/439/439 438/438/438
f 438/438/438 439/439/439 440/440/440
f 437/437/437 441/441/441 439/439/439
f 442/442/442 441/441/441 437/437/437
f 439/439/439 443/443/443 440/440/440
f 440/440/440 443/443/443 444/444/444
f 443/443/443 445/445/445 444/444/444
f 444/444/444 445/445/445 446/446/446
f 443/443/443 447/447/447 445/445/445
f 448/448/448 447/447/447 443/443/443
f 449/449/449 447/447/447 448/448/448
f 450/450/450 448/448/448 443/443/443
f 449/449/449 448/448/448 451/451/451
f 451/451/451 448/448/448 450/450/450
f 439/439/439 451/451/451 450/450/450
f 451/451/451 452/452/452 449/449/449
f 453/453/453 451/451/451 439/439/439
f 453/453/453 452/452/452 451/451/451
f 439/439/439 441/441/441 453/453/453
f 452/452/452 453/453/453 441/441/441
f 452/452/452 441/441/441 454/454/454
f 454/454/454 441/441/441 455/455/455
f 455/455/455 441/441/441 442/442/442
f 456/456/456 454/454/454 455/455/455
f 435/435/435 455/455/455 442/442/442
f 456/456/456 455/455/455 435/435/435
f 454/454/454 456/456/456 457/457/457
f 435/435/435 457/457/457 456/456/456
f 454/454/454 457/457/457 458/458/458
f 459/459/459 457/457/457 435/435/435
f 459/459/459 458/458/458 457/457/457
f 459/459/459 435/435/435 436/436/436
f 460/460/460 459/459/459 436/436/436
f 461/461/461 458/458/458 459/459/459
f 461/461/461 459/459/459 460/460/460
f 462/462/462 458/458/458 461/461/461
f 463/463/463 461/461/461 460/460/460
f 462/462/462 461/461/461 463/463/463
f 466/466/466 465/465/465 464/464/464
f 466/466/466 464/464/464 467/467/467
f 467/467/467 464/464/464 468/468/468
f 469/469/469 465/465/465 466/466/466
f 470/470/470 469/469/469 466/466/466
f 469/469/469 471/471/471 465/465/465
f 470/470/470 471/471/471 469/469/469
f 465/465/465 471/471/471 472/472/472
f 473/473/473 471/471/471 470/470/470
f 474/474/474 473/473/473 470/470/470
f 475/475/475 473/473/473 474/474/474
f 474/474/474 470/470/470 476/476/476
f 465/465/465 477/477/477 464/464/464
f 465/465/465 472/472/472 477/477/477
f 477/477/477 472/472/472 478/478/478
f 478/478/478 479/479/479 477/477/477
f 477/477/477 479/479/479 480/480/480
f 480/480/480 481/481/481 477/477/477
f 479/479/479 482/482/482 480/480/480
f 480/480/480 482/482/482 483/483/483
f 483/483/483 484/484/484 480/480/480
f 485/485/485 484/484/484 483/483/483
f 488/488/488 487/487/487 486/486/486
f 489/489/489 487/487/487 488/488/488
f 488/488/488 490/490/490 489/489/489
f 491/491/491 487/487/487 489/489/489
f 492/492/492 487/487/487 491/491/491
f 491/491/491 493/493/493 492/492/492
f 494/494/494 493/493/493 491/491/491
f 494/494/494 495/495/495 493/493/493
f 496/496/496 495/495/495 494/494/494
f 497/497/497 495/495/495 496/496/496
f 498/498/498 495/495/495 497/497/497
f 499/499/499 498/498/498 497/497/497
f 500/500/500 498/498/498 499/499/499
f 501/501/501 500/500/500 499/499/499
f 502/502/502 500/500/500 501/501/501
f 490/490/490 503/503/503 489/489/489
f 489/489/489 503/503/503 504/504/504
f 505/505/505 503/503/503 490/490/490
f 503/503/503 506/506/506 504/504/504
f 505/505/505 506/506/506 503/503/503
f 504/504/504 506/506/506 507/507/507
f 506/506/506 508/508/508 507/507/507
f 508/508/508 506/506/506 505/505/505
f 507/507/507 508/508/508 509/509/509
f 505/505/505 510/510/510 508/508/508
f 508/508/508 510/510/510 509/509/509
f 509/509/509 510/510/510 511/511/511
f 512/512/512 510/510/510 505/505/505
f 510/510/510 497/497/497 511/511/511
f 512/512/512 513/513/513 510/510/510
f 513/513/513 497/497/497 510/510/510
f 513/513/513 512/512/512 514/514/514
f 513/513/513 514/514/514 497/497/497
f 514/514/514 512/512/512 515/515/515
f 497/497/497 514/514/514 516/516/516
f 515/515/515 517/517/517 514/514/514
f 514/514/514 517/517/517 516/516/516
f 515/515/515 518/518/518 517/517/517
f 516/516/516 517/517/517 519/519/519
f 518/518/518 501/501/501 517/517/517
f 517/517/517 501/501/501 519/519/519
f 522/522/522 521/521/521 520/520/520
f 523/523/523 520/520/520 521/521/521
f 524/524/524 521/521/521 522/522/522
f 523/523/523 521/521/521 525/525/525
f 524/524/524 526/526/526 521/521/521
f 526/526/526 525/525/525 521/521/521
f 527/527/527 526/526/526 524/524/524
f 526/526/526 528/528/528 525/525/525
f 527/527/527 529/529/529 526/526/526
f 530/530/530 528/528/528 526/526/526
f 526/526/526 529/529/529 530/530/530
f 530/530/530 529/529/529 531/531/531
f 531/531/531 532/532/532 530/530/530
f 535/535/535 534/534/534 533/533/533
f 534/534/534 536/536/536 533/533/533
f 533/533/533 536/536/536 537/537/537
f 536/536/536 538/538/538 537/537/537
f 537/537/537 538/538/538 539/539/539
f 536/536/536 540/540/540 538/538/538
f 541/541/541 540/540/540 536/536/536
f 538/538/538 542/542/542 539/539/539
f 539/539/539 542/542/542 543/543/543
f 542/542/542 544/544/544 543/543/543
f 543/543/543 544/544/544 545/545/545
f 542/542/542 546/546/546 544/544/544
f 547/547/547 546/546/546 542/542/542
f 548/548/548 546/546/546 547/547/547
f 549/549/549 547/547/547 542/542/542
f 548/548/548 547/547/547 550/550/550
f 550/550/550 547/547/547 549/549/549
f 538/538/538 550/550/550 549/549/549
f 550/550/550 551/551/551 548/548/548
f 552/552/552 550/550/550 538/538/538
f 552/552/552 551/551/551 550/550/550
f 538/538/538 540/540/540 552/552/552
f 551/551/551 552/552/552 540/540/540
f 551/551/551 540/540/540 553/553/553
f 553/553/553 540/540/540 554/554/554
f 554/554/554 540/540/540 541/541/541
f 555/555/555 553/553/553 554/554/554
f 534/534/534 554/554/554 541/541/541
f 555/555/555 554/554/554 534/534/534
f 553/553/553 555/555/555 556/556/556
f 534/534/534 556/556/556 555/555/555
f 553/553/553 556/556/556 557/557/557
f 558/558/558 556/556/556 534/534/534
f 558/558/558 557/557/557 556/556/556
f 558/558/558 534/534/534 535/535/535
f 559/559/559 558/558/558 535/535/535
f 560/560/560 557/557/557 558/558/558
f 560/560/560 558/558/558 559/559/559
f 561/561/561 557/557/557 560/560/560
f 562/562/562 560/560/560 559/559/559
f 561/561/561 560/560/560 562/562/562
f 565/565/565 564/564/564 563/563/563
f 563/563/563 566/566/566 565/565/565
f 567/567/567 564/564/564 565/565/565
f 567/567/567 568/568/568 564/564/564
f 569/569/569 568/568/568 567/567/567
f 570/570/570 568/568/568 569/569/569
f 571/571/571 568/568/568 570/570/570
f 572/572/572 571/571/571 570/570/570
f 573/573/573 571/571/571 572/572/572
f 574/574/574 573/573/573 572/572/572
f 575/575/575 573/573/573 574/574/574
f 565/565/565 566/566/566 576/576/576
f 576/576/576 566/566/566 577/577/577
f 577/577/577 566/566/566 578/578/578
f 577/577/577 579/579/579 576/576/576
f 579/579/579 580/580/580 576/576/576
f 576/576/576 580/580/580 581/581/581
f 582/582/582 580/580/580 579/579/579
f 580/580/580 583/583/583 581/581/581
f 582/582/582 583/583/583 580/580/580
f 581/581/581 583/583/583 584/584/584
f 583/583/583 585/585/585 584/584/584
f 585/585/585 583/583/583 582/582/582
f 584/584/584 585/585/585 586/586/586
f 582/582/582 587/587/587 585/585/585
f 585/585/585 587/587/587 586/586/586
f 586/586/586 587/587/587 588/588/588
f 589/589/589 587/587/587 582/582/582
f 587/587/587 570/570/570 588/588/588
f 589/589/589 590/590/590 587/587/587
f 590/590/590 570/570/570 587/587/587
f 590/590/590 589/589/589 591/591/591
f 590/590/590 591/591/591 570/570/570
f 591/591/591 589/589/589 592/592/592
f 570/570/570 591/591/591 593/593/593
f 592/592/592 594/594/594 591/591/591
f 591/591/591 594/594/594 593/593/593
f 592/592/592 595/595/595 594/594/594
f 593/593/593 594/594/594 596/596/596
f 595/595/595 574/574/574 594/594/594
f 594/594/594 574/574/574 596/596/596
f 599/599/599 598/598/598 597/597/597
f 600/600/600 598/598/598 599/599/599
f 601/601/601 599/599/599 597/597/597
f 602/602/602 600/600/600 599/599/599
f 603/603/603 600/600/600 602/602/602
f 604/604/604 599/599/599 601/601/601
f 604/604/604 602/602/602 599/599/599
f 604/604/604 601/601/601 605/605/605
f 605/605/605 601/601/601 606/606/606
f 605/605/605 607/607/607 604/604/604
f 607/607/607 602/602/602 604/604/604
f 608/608/608 607/607/607 605/605/605
f 609/609/609 603/603/603 602/602/602
f 610/610/610 603/603/603 609/609/609
f 611/611/611 610/610/610 609/609/609
f 609/609/609 602/602/602 611/611/611
f 611/611/611 602/602/602 607/607/607
f 607/607/607 608/608/608 611/611/611
f 611/611/611 608/608/608 612/612/612
f 615/615/615 614/614/614 613/613/613
f 614/614/614 616/616/616 613/613/613
f 613/613/613 616/616/616 617/617/617
f 616/616/616 618/618/618 617/617/617
f 617/617/617 618/618/618 619/619/619
f 616/616/616 620/620/620 618/618/618
f 621/621/621 620/620/620 616/616/616
f 618/618/618 622/622/622 619/619/619
f 619/619/619 622/622/622 623/623/623
f 622/622/622 624/624/624 623/623/623
f 623/623/623 624/624/624 625/625/625
f 622/622/622 626/626/626 624/624/624
f 627/627/627 626/626/626 622/622/622
f 628/628/628 626/626/626 627/627/627
f 629/629/629 627/627/627 622/622/622
f 628/628/628 627/627/627 630/630/630
f 630/630/630 627/627/627 629/629/629
f 618/618/618 630/630/630 629/629/629
f 630/630/630 631/631/631 628/628/628
f 632/632/632 630/630/630 618/618/618
f 632/632/632 631/631/631 630/630/630
f 618/618/618 620/620/620 632/632/632
f 631/631/631 632/632/632 620/620/620
f 631/631/631 620/620/620 633/633/633
f 633/633/633 620/620/620 634/634/634
f 634/634/634 620/620/620 621/621/621
f 635/635/635 633/633/633 634/634/634
f 614/614/614 634/634/634 621/621/621
f 635/635/635 634/634/634 614/614/614
f 633/633/633 635/635/635 636/636/636
f 614/614/614 636/636/636 635/635/635
f 633/633/633 636/636/636 637/637/637
f 638/638/638 636/636/636 614/614/614
f 638/638/638 637/637/637 636/636/636
f 638/638/638 614/614/614 615/615/615
f 639/639/639 638/638/638 615/615/615
f 640/640/640 637/637/637 638/638/638
f 640/640/640 638/638/638 639/639/639
f 641/641/641 637/637/637 640/640/640
f 642/642/642 640/640/640 639/639/639
f 641/641/641 640/640/640 642/642/642
f 645/645/645 644/644/644 643/643/643
f 646/646/646 643/643/643 644/644/644
f 647/647/647 644/644/644 645/645/645
f 646/646/646 644/644/644 648/648/648
f 647/647/647 649/649/649 644/644/644
f 649/649/649 648/648/648 644/644/644
f 650/650/650 649/649/649 647/647/647
f 649/649/649 651/651/651 648/648/648
f 650/650/650 652/652/652 649/649/649
f 653/653/653 651/651/651 649/649/649
f 649/649/649 652/652/652 653/653/653
f 653/653/653 652/652/652 654/654/654
f 654/654/654 655/655/655 653/653/653
f 15/15/15 657/657/657 656/656/656
f 658/658/658 657/657/657 15/15/15
f 15/15/15 659/659/659 658/658/658
f 660/660/660 657/657/657 658/658/658
f 661/661/661 657/657/657 660/660/660
f 660/660/660 662/662/662 661/661/661
f 663/663/663 662/662/662 660/660/660
f 663/663/663 664/664/664 662/662/662
f 665/665/665 664/664/664 663/663/663
f 666/666/666 664/664/664 665/665/665
f 667/667/667 664/664/664 666/666/666
f 668/668/668 667/667/667 666/666/666
f 669/669/669 667/667/667 668/668/668
f 670/670/670 669/669/669 668/668/668
f 671/671/671 669/669/669 670/670/670
f 659/659/659 672/672/672 658/658/658
f 658/658/658 672/672/672 673/673/673
f 674/674/674 672/672/672 659/659/659
f 672/672/672 675/675/675 673/673/673
f 674/674/674 675/675/675 672/672/672
f 673/673/673 675/675/675 676/676/676
f 675/675/675 677/677/677 676/676/676
f 677/677/677 675/675/675 674/674/674
f 676/676/676 677/677/677 678/678/678
f 674/674/674 679/679/679 677/677/677
f 677/677/677 679/679/679 678/678/678
f 678/678/678 679/679/679 680/680/680
f 681/681/681 679/679/679 674/674/674
f 679/679/679 666/666/666 680/680/680
f 681/681/681 682/682/682 679/679/679
f 682/682/682 666/666/666 679/679/679
f 682/682/682 681/681/681 683/683/683
f 682/682/682 683/683/683 666/666/666
f 683/683/683 681/681/681 684/684/684
f 666/666/666 683/683/683 685/685/685
f 684/684/684 686/686/686 683/683/683
f 683/683/683 686/686/686 685/685/685
f 684/684/684 687/687/687 686/686/686
f 685/685/685 686/686/686 688/688/688
f 687/687/687 670/670/670 686/686/686
f 686/686/686 670/670/670 688/688/688
f 691/691/691 690/690/690 689/689/689
f 689/689/689 692/692/692 691/691/691
f 693/693/693 692/692/692 689/689/689
f 694/694/694 692/692/692 693/693/693
f 694/694/694 693/693/693 695/695/695
f 696/696/696 692/692/692 694/694/694
f 695/695/695 696/696/696 694/694/694
f 697/697/697 692/692/692 696/696/696
f 698/698/698 696/696/696 695/695/695
f 696/696/696 699/699/699 697/697/697
f 700/700/700 696/696/696 698/698/698
f 701/701/701 699/699/699 696/696/696
f 701/701/701 696/696/696 700/700/700
f 704/704/704 703/703/703 702/702/702
f 704/704/704 705/705/705 703/703/703
f 706/706/706 705/705/705 704/704/704
f 703/703/703 705/705/705 707/707/707
f 706/706/706 708/708/708 705/705/705
f 705/705/705 708/708/708 707/707/707
f 709/709/709 708/708/708 706/706/706
f 710/710/710 708/708/708 709/709/709
f 711/711/711 707/707/707 708/708/708
f 711/711/711 708/708/708 710/710/710
f 712/712/712 707/707/707 711/711/711
f 713/713/713 711/711/711 710/710/710
f 711/711/711 714/714/714 712/712/712
f 714/714/714 711/711/711 713/713/713
f 714/714/714 715/715/715 712/712/712
f 713/713/713 715/715/715 714/714/714
f 715/715/715 716/716/716 712/712/712
f 717/717/717 715/715/715 713/713/713
f 718/718/718 716/716/716 715/715/715
f 718/718/718 715/715/715 717/717/717
f 718/718/718 719/719/719 716/716/716
f 718/718/718 717/717/717 719/719/719
f 719/719/719 720/720/720 716/716/716
f 719/719/719 717/717/717 721/721/721
f 719/719/719 721/721/721 720/720/720
f 720/720/720 721/721/721 722/722/722
f 720/720/720 722/722/722 723/723/723
f 726/726/726 725/725/725 724/724/724
f 724/724/724 727/727/727 726/726/726
f 728/728/728 727/727/727 724/724/724
f 729/729/729 727/727/727 728/728/728
f 729/729/729 728/728/728 730/730/730
f 731/731/731 727/727/727 729/729/729
f 730/730/730 731/731/731 729/729/729
f 732/732/732 727/727/727 731/731/731
f 733/733/733 731/731/731 730/730/730
f 731/731/731 734/734/734 732/732/732
f 735/735/735 731/731/731 733/733/733
f 736/736/736 734/734/734 731/731/731
f 736/736/736 731/731/731 735/735/735
f 739/739/739 738/738/738 737/737/737
f 737/737/737 740/740/740 739/739/739
f 741/741/741 740/740/740 737/737/737
f 742/742/742 740/740/740 741/741/741
f 742/742/742 741/741/741 743/743/743
f 744/744/744 740/740/740 742/742/742
f 743/743/743 744/744/744 742/742/742
f 745/745/745 740/740/740 744/744/744
f 746/746/746 744/744/744 743/743/743
f 744/744/744 747/747/747 745/745/745
f 748/748/748 744/744/744 746/746/746
f 749/749/749 747/747/747 744/744/744
f 749/749/749 744/744/744 748/748/748
f 752/752/752 751/751/751 750/750/750
f 750/750/750 753/753/753 752/752/752
f 754/754/754 753/753/753 750/750/750
f 755/755/755 753/753/753 754/754/754
f 755/755/755 754/754/754 756/756/756
f 757/757/757 753/753/753 755/755/755
f 756/756/756 757/757/757 755/755/755
f 758/758/758 753/753/753 757/757/757
f 759/759/759 757/757/757 756/756/756
f 757/757/757 760/760/760 758/758/758
f 761/761/761 757/757/757 759/759/759
f 762/762/762 760/760/760 757/757/757
f 762/762/762 757/757/757 761/761/761
f 765/765/765 764/764/764 763/763/763
f 763/763/763 766/766/766 765/765/765
f 767/767/767 766/766/766 763/763/763
f 768/768/768 766/766/766 767/767/767
f 768/768/768 767/767/767 769/769/769
f 770/770/770 766/766/766 768/768/768
f 769/769/769 770/770/770 768/768/768
f 771/771/771 766/766/766 770/770/770
f 772/772/772 770/770/770 769/769/769
f 770/770/770 773/773/773 771/771/771
f 774/774/774 770/770/770 772/772/772
f 775/775/775 773/773/773 770/770/770
f 775/775/775 770/770/770 774/774/774
f 778/778/778 777/777/777 776/776/776
f 776/776/776 779/779/779 778/778/778
f 780/780/780 779/779/779 776/776/776
f 781/781/781 779/779/779 780/780/780
f 781/781/781 780/780/780 782/782/782
f 783/783/783 779/779/779 781/781/781
f 782/782/782 783/783/783 781/781/781
f 784/784/784 779/779/779 783/783/783
f 785/785/785 783/783/783 782/782/782
f 783/783/783 786/786/786 784/784/784
f 787/787/787 783/783/783 785/785/785
f 788/788/788 786/786/786 783/783/783
f 788/788/788 783/783/783 787/787/787
f 791/791/791 790/790/790 789/789/789
f 791/791/791 789/789/789 792/792/792
f 793/793/793 792/792/792 789/789/789
f 794/794/794 791/791/791 792/792/792
f 795/795/795 792/792/792 793/793/793
f 792/792/792 796/796/796 794/794/794
f 792/792/792 795/795/795 797/797/797
f 797/797/797 796/796/796 792/792/792
f 798/798/798 797/797/797 795/795/795
f 799/799/799 796/796/796 797/797/797
f 798/798/798 800/800/800 797/797/797
f 799/799/799 797/797/797 801/801/801
f 801/801/801 797/797/797 800/800/800
f 804/804/804 803/803/803 802/802/802
f 802/802/802 805/805/805 804/804/804
f 806/806/806 805/805/805 802/802/802
f 807/807/807 805/805/805 806/806/806
f 802/802/802 808/808/808 806/806/806
f 807/807/807 806/806/806 809/809/809
f 806/806/806 808/808/808 810/810/810
f 809/809/809 806/806/806 811/811/811
f 806/806/806 810/810/810 811/811/811
f 809/809/809 811/811/811 812/812/812
f 813/813/813 811/811/811 810/810/810
f 812/812/812 811/811/811 814/814/814
f 813/813/813 814/814/814 811/811/811
f 817/817/817 816/816/816 815/815/815
f 817/817/817 815/815/815 818/818/818
f 819/819/819 818/818/818 815/815/815
f 820/820/820 817/817/817 818/818/818
f 821/821/821 818/818/818 819/819/819
f 818/818/818 822/822/822 820/820/820
f 818/818/818 821/821/821 823/823/823
f 823/823/823 822/822/822 818/818/818
f 824/824/824 823/823/823 821/821/821
f 825/825/825 822/822/822 823/823/823
f 824/824/824 826/826/826 823/823/823
f 825/825/825 823/823/823 827/827/827
f 827/827/827 823/823/823 826/826/826
f 830/830/830 829/829/829 828/828/828
f 828/828/828 831/831/831 830/830/830
f 832/832/832 831/831/831 828/828/828
f 833/833/833 831/831/831 832/832/832
f 828/828/828 834/834/834 832/832/832
f 833/833/833 832/832/832 835/835/835
f 832/832/832 834/834/834 836/836/836
f 835/835/835 832/832/832 837/837/837
f 832/832/832 836/836/836 837/837/837
f 835/835/835 837/837/837 838/838/838
f 839/839/839 837/837/837 836/836/836
f 838/838/838 837/837/837 840/840/840
f 839/839/839 840/840/840 837/837/837
f 843/843/843 842/842/842 841/841/841
f 843/843/843 841/841/841 844/844/844
f 841/841/841 845/845/845 844/844/844
f 846/846/846 845/845/845 841/841/841
f 844/844/844 845/845/845 847/847/847
f 845/845/845 846/846/846 848/848/848
f 848/848/848 847/847/847 845/845/845
f 849/849/849 847/847/847 848/848/848
f 849/849/849 850/850/850 847/847/847
f 851/851/851 849/849/849 848/848/848
f 849/849/849 852/852/852 850/850/850
f 851/851/851 852/852/852 849/849/849
f 852/852/852 853/853/853 850/850/850
f 852/852/852 851/851/851 854/854/854
f 855/855/855 853/853/853 852/852/852
f 854/854/854 855/855/855 852/852/852
f 856/856/856 855/855/855 854/854/854
f 859/859/859 858/858/858 857/857/857
f 857/857/857 860/860/860 859/859/859
f 861/861/861 860/860/860 857/857/857
f 862/862/862 860/860/860 861/861/861
f 857/857/857 863/863/863 861/861/861
f 862/862/862 861/861/861 864/864/864
f 861/861/861 863/863/863 865/865/865
f 864/864/864 861/861/861 866/866/866
f 861/861/861 865/865/865 866/866/866
f 864/864/864 866/866/866 867/867/867
f 868/868/868 866/866/866 865/865/865
f 867/867/867 866/866/866 869/869/869
f 868/868/868 869/869/869 866/866/866
f 872/872/872 871/871/871 870/870/870
f 872/872/872 870/870/870 873/873/873
f 874/874/874 873/873/873 870/870/870
f 875/875/875 872/872/872 873/873/873
f 876/876/876 873/873/873 874/874/874
f 873/873/873 877/877/877 875/875/875
f 873/873/873 876/876/876 878/878/878
f 878/878/878 877/877/877 873/873/873
f 879/879/879 878/878/878 876/876/876
f 880/880/880 877/877/877 878/878/878
f 879/879/879 881/881/881 878/878/878
f 880/880/880 878/878/878 882/882/882
f 882/882/882 878/878/878 881/881/881
f 885/885/885 884/884/884 883/883/883
f 885/885/885 886/886/886 884/884/884
f 887/887/887 886/886/886 885/885/885
f 884/884/884 886/886/886 888/888/888
f 887/887/887 889/889/889 886/886/886
f 886/886/886 889/889/889 888/888/888
f 890/890/890 889/889/889 887/887/887
f 891/891/891 889/889/889 890/890/890
f 892/892/892 888/888/888 889/889/889
f 892/892/892 889/889/889 891/891/891
f 893/893/893 888/888/888 892/892/892
f 894/894/894 892/892/892 891/891/891
f 892/892/892 895/895/895 893/893/893
f 895/895/895 892/892/892 894/894/894
f 895/895/895 896/896/896 893/893/893
f 894/894/894 896/896/896 895/895/895
f 896/896/896 897/897/897 893/893/893
f 898/898/898 896/896/896 894/894/894
f 899/899/899 897/897/897 896/896/896
f 899/899/899 896/896/896 898/898/898
f 899/899/899 900/900/900 897/897/897
f 899/899/899 898/898/898 900/900/900
f 900/900/900 901/901/901 897/897/897
f 900/900/900 898/898/898 902/902/902
f 900/900/900 902/902/902 901/901/901
f 901/901/901 902/902/902 903/903/903
f 901/901/901 903/903/903 904/904/904
f 906/906/906 905/905/905 883/883/883
f 906/906/906 907/907/907 905/905/905
f 908/908/908 907/907/907 906/906/906
f 905/905/905 907/907/907 909/909/909
f 908/908/908 910/910/910 907/907/907
f 907/907/907 910/910/910 909/909/909
f 911/911/911 910/910/910 908/908/908
f 912/912/912 910/910/910 911/911/911
f 913/913/913 909/909/909 910/910/910
f 913/913/913 910/910/910 912/912/912
f 914/914/914 909/909/909 913/913/913
f 915/915/915 913/913/913 912/912/912
f 913/913/913 916/916/916 914/914/914
f 916/916/916 913/913/913 915/915/915
f 916/916/916 917/917/917 914/914/914
f 915/915/915 917/917/917 916/916/916
f 917/917/917 918/918/918 914/914/914
f 919/919/919 917/917/917 915/915/915
f 920/920/920 918/918/918 917/917/917
f 920/920/920 917/917/917 919/919/919
f 920/920/920 921/921/921 918/918/918
f 920/920/920 919/919/919 921/921/921
f 921/921/921 922/922/922 918/918/918
f 921/921/921 919/919/919 923/923/923
f 921/921/921 923/923/923 922/922/922
f 922/922/922 923/923/923 924/924/924
f 922/922/922 924/924/924 925/925/925
f 927/927/927 926/926/926 883/883/883
f 927/927/927 928/928/928 926/926/926
f 929/929/929 928/928/928 927/927/927
f 926/926/926 928/928/928 930/930/930
f 929/929/929 931/931/931 928/928/928
f 928/928/928 931/931/931 930/930/930
f 932/932/932 931/931/931 929/929/929
f 933/933/933 931/931/931 932/932/932
f 934/934/934 930/930/930 931/931/931
f 934/934/934 931/931/931 933/933/933
f 935/935/935 930/930/930 934/934/934
f 936/936/936 934/934/934 933/933/933
f 934/934/934 937/937/937 935/935/935
f 937/937/937 934/934/934 936/936/936
f 937/937/937 938/938/938 935/935/935
f 937/937/937 936/936/936 938/938/938
f 938/938/938 939/939/939 935/935/935
f 940/940/940 938/938/938 936/936/936
f 941/941/941 939/939/939 938/938/938
f 941/941/941 938/938/938 940/940/940
f 941/941/941 942/942/942 939/939/939
f 941/941/941 940/940/940 942/942/942
f 942/942/942 943/943/943 939/939/939
f 942/942/942 940/940/940 944/944/944
f 942/942/942 944/944/944 943/943/943
f 943/943/943 944/944/944 945/945/945
f 943/943/943 945/945/945 946/946/946
f 949/949/949 948/948/948 947/947/947
f 949/949/949 950/950/950 948/948/948
f 951/951/951 950/950/950 949/949/949
f 948/948/948 950/950/950 952/952/952
f 951/951/951 953/953/953 950/950/950
f 950/950/950 953/953/953 952/952/952
f 954/954/954 953/953/953 951/951/951
f 955/955/955 953/953/953 954/954/954
f 956/956/956 952/952/952 953/953/953
f 956/956/956 953/953/953 955/955/955
f 957/957/957 952/952/952 956/956/956
f 958/958/958 956/956/956 955/955/955
f 956/956/956 959/959/959 957/957/957
f 959/959/959 956/956/956 958/958/958
f 959/959/959 960/960/960 957/957/957
f 958/958/958 960/960/960 959/959/959
f 960/960/960 961/961/961 957/957/957
f 962/962/962 960/960/960 958/958/958
f 963/963/963 961/961/961 960/960/960
f 963/963/963 960/960/960 962/962/962
f 963/963/963 964/964/964 961/961/961
f 963/963/963 962/962/962 964/964/964
f 964/964/964 965/965/965 961/961/961
f 964/964/964 962/962/962 966/966/966
f 964/964/964 966/966/966 965/965/965
f 965/965/965 966/966/966 967/967/967
f 965/965/965 967/967/967 968/968/968
f 971/971/971 970/970/970 969/969/969
f 969/969/969 972/972/972 971/971/971
f 973/973/973 972/972/972 969/969/969
f 974/974/974 972/972/972 973/973/973
f 969/969/969 975/975/975 973/973/973
f 974/974/974 973/973/973 976/976/976
f 973/973/973 975/975/975 977/977/977
f 976/976/976 973/973/973 978/978/978
f 973/973/973 977/977/977 978/978/978
f 976/976/976 978/978/978 979/979/979
f 980/980/980 978/978/978 977/977/977
f 979/979/979 978/978/978 981/981/981
f 980/980/980 981/981/981 978/978/978
f 984/984/984 983/983/983 982/982/982
f 984/984/984 982/982/982 985/985/985
f 986/986/986 985/985/985 982/982/982
f 987/987/987 984/984/984 985/985/985
f 988/988/988 985/985/985 986/986/986
f 985/985/985 989/989/989 987/987/987
f 985/985/985 988/988/988 990/990/990
f 990/990/990 989/989/989 985/985/985
f 991/991/991 990/990/990 988/988/988
f 992/992/992 989/989/989 990/990/990
f 991/991/991 993/993/993 990/990/990
f 992/992/992 990/990/990 994/994/994
f 994/994/994 990/990/990 993/993/993
f 997/997/997 996/996/996 995/995/995
f 997/997/997 995/995/995 998/998/998
f 995/995/995 999/999/999 998/998/998
f 1000/1000/1000 999/999/999 995/995/995
f 998/998/998 999/999/999 1001/1001/1001
f 999/999/999 1000/1000/1000 1002/1002/1002
f 1002/1002/1002 1001/1001/1001 999/999/999
f 1003/1003/1003 1001/1001/1001 1002/1002/1002
f 1003/1003/1003 1004/1004/1004 1001/1001/1001
f 1005/1005/1005 1003/1003/1003 1002/1002/1002
f 1003/1003/1003 1006/1006/1006 1004/1004/1004
f 1005/1005/1005 1006/1006/1006 1003/1003/1003
f 1006/1006/1006 1007/1007/1007 1004/1004/1004
f 1006/1006/1006 1005/1005/1005 1008/1008/1008
f 1009/1009/1009 1007/1007/1007 1006/1006/1006
f 1008/1008/1008 1009/1009/1009 1006/1006/1006
f 1010/1010/1010 1009/1009/1009 1008/1008/1008
f 1013/1013/1013 1012/1012/1012 1011/1011/1011
f 1013/1013/1013 1014/1014/1014 1012/1012/1012
f 1015/1015/1015 1014/1014/1014 1013/1013/1013
f 1012/1012/1012 1014/1014/1014 1016/1016/1016
f 1015/1015/1015 1017/1017/1017 1014/1014/1014
f 1014/1014/1014 1017/1017/1017 1016/1016/1016
f 1018/1018/1018 1017/1017/1017 1015/1015/1015
f 1019/1019/1019 1017/1017/1017 1018/1018/1018
f 1020/1020/1020 1016/1016/1016 1017/1017/1017
f 1020/1020/1020 1017/1017/1017 1019/1019/1019
f 1021/1021/1021 1016/1016/1016 1020/1020/1020
f 1022/1022/1022 1020/1020/1020 1019/1019/1019
f 1020/1020/1020 1023/1023/1023 1021/1021/1021
f 1023/1023/1023 1020/1020/1020 1022/1022/1022
f 1023/1023/1023 1024/1024/1024 1021/1021/1021
f 1023/1023/1023 1022/1022/1022 1024/1024/1024
f 1024/1024/1024 1025/1025/1025 1021/1021/1021
f 1026/1026/1026 1024/1024/1024 1022/1022/1022
f 1027/1027/1027 1025/1025/1025 1024/1024/1024
f 1027/1027/1027 1024/1024/1024 1026/1026/1026
f 1027/1027/1027 1028/1028/1028 1025/1025/1025
f 1027/1027/1027 1026/1026/1026 1028/1028/1028
f 1028/1028/1028 1029/1029/1029 1025/1025/1025
f 1028/1028/1028 1026/1026/1026 1030/1030/1030
f 1028/1028/1028 1030/1030/1030 1029/1029/1029
f 1029/1029/1029 1030/1030/1030 1031/1031/1031
f 1029/1029/1029 1031/1031/1031 1032/1032/1032
f 1035/1035/1035 1034/1034/1034 1033/1033/1033
f 1035/1035/1035 1036/1036/1036 1034/1034/1034
f 1037/1037/1037 1036/1036/1036 1035/1035/1035
f 1034/1034/1034 1036/1036/1036 1038/1038/1038
f 1037/1037/1037 1039/1039/1039 1036/1036/1036
f 1036/1036/1036 1039/1039/1039 1038/1038/1038
f 1040/1040/1040 1039/1039/1039 1037/1037/1037
f 1041/1041/1041 1039/1039/1039 1040/1040/1040
f 1042/1042/1042 1038/1038/1038 1039/1039/1039
f 1042/1042/1042 1039/1039/1039 1041/1041/1041
f 1043/1043/1043 1038/1038/1038 1042/1042/1042
f 1044/1044/1044 1042/1042/1042 1041/1041/1041
f 1042/1042/1042 1045/1045/1045 1043/1043/1043
f 1045/1045/1045 1042/1042/1042 1044/1044/1044
f 1045/1045/1045 1046/1046/1046 1043/1043/1043
f 1045/1045/1045 1044/1044/1044 1046/1046/1046
f 1046/1046/1046 1047/1047/1047 1043/1043/1043
f 1048/1048/1048 1046/1046/1046 1044/1044/1044
f 1049/1049/1049 1047/1047/1047 1046/1046/1046
f 1049/1049/1049 1046/1046/1046 1048/1048/1048
f 1049/1049/1049 1050/1050/1050 1047/1047/1047
f 1049/1049/1049 1048/1048/1048 1050/1050/1050
f 1050/1050/1050 1051/1051/1051 1047/1047/1047
f 1050/1050/1050 1048/1048/1048 1052/1052/1052
f 1050/1050/1050 1052/1052/1052 1051/1051/1051
f 1051/1051/1051 1052/1052/1052 1053/1053/1053
f 1051/1051/1051 1053/1053/1053 1054/1054/1054
f 1057/1057/1057 1056/1056/1056 1055/1055/1055
f 1057/1057/1057 1058/1058/1058 1056/1056/1056
f 1059/1059/1059 1058/1058/1058 1057/1057/1057
f 1056/1056/1056 1058/1058/1058 1060/1060/1060
f 1059/1059/1059 1061/1061/1061 1058/1058/1058
f 1058/1058/1058 1061/1061/1061 1060/1060/1060
f 1062/1062/1062 1061/1061/1061 1059/1059/1059
f 1063/1063/1063 1061/1061/1061 1062/1062/1062
f 1064/1064/1064 1060/1060/1060 1061/1061/1061
f 1064/1064/1064 1061/1061/1061 1063/1063/1063
f 1065/1065/1065 1060/1060/1060 1064/1064/1064
f 1066/1066/1066 1064/1064/1064 1063/1063/1063
f 1064/1064/1064 1067/1067/1067 1065/1065/1065
f 1067/1067/1067 1064/1064/1064 1066/1066/1066
f 1067/1067/1067 1068/1068/1068 1065/1065/1065
f 1066/1066/1066 1068/1068/1068 1067/1067/1067
f 1068/1068/1068 1069/1069/1069 1065/1065/1065
f 1070/1070/1070 1068/1068/1068 1066/1066/1066
f 1071/1071/1071 1069/1069/1069 1068/1068/1068
f 1071/1071/1071 1068/1068/1068 1070/1070/1070
f 1071/1071/1071 1072/1072/1072 1069/1069/1069
f 1071/1071/1071 1070/1070/1070 1072/1072/1072
f 1072/1072/1072 1073/1073/1073 1069/1069/1069
f 1072/1072/1072 1070/1070/1070 1074/1074/1074
f 1072/1072/1072 1074/1074/1074 1073/1073/1073
f 1073/1073/1073 1074/1074/1074 1075/1075/1075
f 1073/1073/1073 1075/1075/1075 1076/1076/1076
f 1079/1079/1079 1078/1078/1078 1077/1077/1077
f 1079/1079/1079 1080/1080/1080 1078/1078/1078
f 1081/1081/1081 1080/1080/1080 1079/1079/1079
f 1078/1078/1078 1080/1080/1080 1082/1082/1082
f 1081/1081/1081 1083/1083/1083 1080/1080/1080
f 1080/1080/1080 1083/1083/1083 1082/1082/1082
f 1084/1084/1084 1083/1083/1083 1081/1081/1081
f 1085/1085/1085 1083/1083/1083 1084/1084/1084
f 1086/1086/1086 1082/1082/1082 1083/1083/1083
f 1086/1086/1086 1083/1083/1083 1085/1085/1085
f 1087/1087/1087 1082/1082/1082 1086/1086/1086
f 1088/1088/1088 1086/1086/1086 1085/1085/1085
f 1086/1086/1086 1089/1089/1089 1087/1087/1087
f 1089/1089/1089 1086/1086/1086 1088/1088/1088
f 1089/1089/1089 1090/1090/1090 1087/1087/1087
f 1088/1088/1088 1090/1090/1090 1089/1089/1089
f 1090/1090/1090 1091/1091/1091 1087/1087/1087
f 1092/1092/1092 1090/1090/1090 1088/1088/1088
f 1093/1093/1093 1091/1091/1091 1090/1090/1090
f 1093/1093/1093 1090/1090/1090 1092/1092/1092
f 1093/1093/1093 1094/1094/1094 1091/1091/1091
f 1093/1093/1093 1092/1092/1092 1094/1094/1094
f 1094/1094/1094 1095/1095/1095 1091/1091/1091
f 1094/1094/1094 1092/1092/1092 1096/1096/1096
f 1094/1094/1094 1096/1096/1096 1095/1095/1095
f 1095/1095/1095 1096/1096/1096 1097/1097/1097
f 1095/1095/1095 1097/1097/1097 1098/1098/1098
f 1101/1101/1101 1100/1100/1100 1099/1099/1099
f 1099/1099/1099 1102/1102/1102 1101/1101/1101
f 1103/1103/1103 1102/1102/1102 1099/1099/1099
f 1104/1104/1104 1102/1102/1102 1103/1103/1103
f 1104/1104/1104 1103/1103/1103 1105/1105/1105
f 1106/1106/1106 1102/1102/1102 1104/1104/1104
f 1105/1105/1105 1106/1106/1106 1104/1104/1104
f 1107/1107/1107 1102/1102/1102 1106/1106/1106
f 1108/1108/1108 1106/1106/1106 1105/1105/1105
f 1106/1106/1106 1109/1109/1109 1107/1107/1107
f 1110/1110/1110 1106/1106/1106 1108/1108/1108
f 1111/1111/1111 1109/1109/1109 1106/1106/1106
f 1111/1111/1111 1106/1106/1106 1110/1110/1110
f 1114/1114/1114 1113/1113/1113 1112/1112/1112
f 1112/1112/1112 1115/1115/1115 1114/1114/1114
f 1116/1116/1116 1115/1115/1115 1112/1112/1112
f 1117/1117/1117 1115/1115/1115 1116/1116/1116
f 1117/1117/1117 1116/1116/1116 1118/1118/1118
f 1119/1119/1119 1115/1115/1115 1117/1117/1117
f 1118/1118/1118 1119/1119/1119 1117/1117/1117
f 1120/1120/1120 1115/1115/1115 1119/1119/1119
f 1121/1121/1121 1119/1119/1119 1118/1118/1118
f 1119/1119/1119 773/773/773 1120/1120/1120
f 1122/1122/1122 1119/1119/1119 1121/1121/1121
f 1123/1123/1123 773/773/773 1119/1119/1119
f 1123/1123/1123 1119/1119/1119 1122/1122/1122
f 1126/1126/1126 1125/1125/1125 1124/1124/1124
f 1126/1126/1126 1127/1127/1127 1125/1125/1125
f 1128/1128/1128 1127/1127/1127 1126/1126/1126
f 1125/1125/1125 1127/1127/1127 1129/1129/1129
f 1128/1128/1128 1130/1130/1130 1127/1127/1127
f 1127/1127/1127 1130/1130/1130 1129/1129/1129
f 1131/1131/1131 1130/1130/1130 1128/1128/1128
f 1132/1132/1132 1130/1130/1130 1131/1131/1131
f 1133/1133/1133 1129/1129/1129 1130/1130/1130
f 1133/1133/1133 1130/1130/1130 1132/1132/1132
f 1134/1134/1134 1129/1129/1129 1133/1133/1133
f 1135/1135/1135 1133/1133/1133 1132/1132/1132
f 1133/1133/1133 1136/1136/1136 1134/1134/1134
f 1136/1136/1136 1133/1133/1133 1135/1135/1135
f 1136/1136/1136 1137/1137/1137 1134/1134/1134
f 1135/1135/1135 1137/1137/1137 1136/1136/1136
f 1137/1137/1137 1138/1138/1138 1134/1134/1134
f 1139/1139/1139 1137/1137/1137 1135/1135/1135
f 1140/1140/1140 1138/1138/1138 1137/1137/1137
f 1140/1140/1140 1137/1137/1137 1139/1139/1139
f 1140/1140/1140 1141/1141/1141 1138/1138/1138
f 1140/1140/1140 1139/1139/1139 1141/1141/1141
f 1141/1141/1141 1142/1142/1142 1138/1138/1138
f 1141/1141/1141 1139/1139/1139 1143/1143/1143
f 1141/1141/1141 1143/1143/1143 1142/1142/1142
f 1142/1142/1142 1143/1143/1143 1144/1144/1144
f 1142/1142/1142 1144/1144/1144 1145/1145/1145
f 1148/1148/1148 1147/1147/1147 1146/1146/1146
f 1146/1146/1146 1149/1149/1149 1148/1148/1148
f 1150/1150/1150 1149/1149/1149 1146/1146/1146
f 1151/1151/1151 1149/1149/1149 1150/1150/1150
f 1151/1151/1151 1150/1150/1150 1152/1152/1152
f 1153/1153/1153 1149/1149/1149 1151/1151/1151
f 1152/1152/1152 1153/1153/1153 1151/1151/1151
f 1154/1154/1154 1149/1149/1149 1153/1153/1153
f 1155/1155/1155 1153/1153/1153 1152/1152/1152
f 1153/1153/1153 1156/1156/1156 1154/1154/1154
f 1157/1157/1157 1153/1153/1153 1155/1155/1155
f 1158/1158/1158 1156/1156/1156 1153/1153/1153
f 1158/1158/1158 1153/1153/1153 1157/1157/1157
f 1161/1161/1161 1160/1160/1160 1159/1159/1159
f 1159/1159/1159 1162/1162/1162 1161/1161/1161
f 1163/1163/1163 1162/1162/1162 1159/1159/1159
f 1164/1164/1164 1162/1162/1162 1163/1163/1163
f 1164/1164/1164 1163/1163/1163 1165/1165/1165
f 1166/1166/1166 1162/1162/1162 1164/1164/1164
f 1165/1165/1165 1166/1166/1166 1164/1164/1164
f 1167/1167/1167 1162/1162/1162 1166/1166/1166
f 1168/1168/1168 1166/1166/1166 1165/1165/1165
f 1166/1166/1166 1169/1169/1169 1167/1167/1167
f 1170/1170/1170 1166/1166/1166 1168/1168/1168
f 1171/1171/1171 1169/1169/1169 1166/1166/1166
f 1171/1171/1171 1166/1166/1166 1170/1170/1170
f 1174/1174/1174 1173/1173/1173 1172/1172/1172
f 1172/1172/1172 1175/1175/1175 1174/1174/1174
f 1176/1176/1176 1175/1175/1175 1172/1172/1172
f 1177/1177/1177 1175/1175/1175 1176/1176/1176
f 1177/1177/1177 1176/1176/1176 1178/1178/1178
f 1179/1179/1179 1175/1175/1175 1177/1177/1177
f 1178/1178/1178 1179/1179/1179 1177/1177/1177
f 1180/1180/1180 1175/1175/1175 1179/1179/1179
f 1181/1181/1181 1179/1179/1179 1178/1178/1178
f 1179/1179/1179 1182/1182/1182 1180/1180/1180
f 1183/1183/1183 1179/1179/1179 1181/1181/1181
f 1184/1184/1184 1182/1182/1182 1179/1179/1179
f 1184/1184/1184 1179/1179/1179 1183/1183/1183
f 1187/1187/1187 1186/1186/1186 1185/1185/1185
f 1185/1185/1185 1188/1188/1188 1187/1187/1187
f 1189/1189/1189 1188/1188/1188 1185/1185/1185
f 1190/1190/1190 1188/1188/1188 1189/1189/1189
f 1190/1190/1190 1189/1189/1189 1191/1191/1191
f 1192/1192/1192 1188/1188/1188 1190/1190/1190
f 1191/1191/1191 1192/1192/1192 1190/1190/1190
f 1193/1193/1193 1188/1188/1188 1192/1192/1192
f 1194/1194/1194 1192/1192/1192 1191/1191/1191
f 1192/1192/1192 1195/1195/1195 1193/1193/1193
f 1196/1196/1196 1192/1192/1192 1194/1194/1194
f 1197/1197/1197 1195/1195/1195 1192/1192/1192
f 1197/1197/1197 1192/1192/1192 1196/1196/1196
f 1200/1200/1200 1199/1199/1199 1198/1198/1198
f 1198/1198/1198 1201/1201/1201 1200/1200/1200
f 1202/1202/1202 1201/1201/1201 1198/1198/1198
f 1203/1203/1203 1201/1201/1201 1202/1202/1202
f 1203/1203/1203 1202/1202/1202 1204/1204/1204
f 1205/1205/1205 1201/1201/1201 1203/1203/1203
f 1204/1204/1204 1205/1205/1205 1203/1203/1203
f 1206/1206/1206 1201/1201/1201 1205/1205/1205
f 1207/1207/1207 1205/1205/1205 1204/1204/1204
f 1205/1205/1205 1208/1208/1208 1206/1206/1206
f 1209/1209/1209 1205/1205/1205 1207/1207/1207
f 1210/1210/1210 1208/1208/1208 1205/1205/1205
f 1210/1210/1210 1205/1205/1205 1209/1209/1209
f 1213/1213/1213 1212/1212/1212 1211/1211/1211
f 1211/1211/1211 1214/1214/1214 1213/1213/1213
f 1215/1215/1215 1214/1214/1214 1211/1211/1211
f 1216/1216/1216 1214/1214/1214 1215/1215/1215
f 1216/1216/1216 1215/1215/1215 1217/1217/1217
f 1218/1218/1218 1214/1214/1214 1216/1216/1216
f 1217/1217/1217 1218/1218/1218 1216/1216/1216
f 1219/1219/1219 1214/1214/1214 1218/1218/1218
f 1220/1220/1220 1218/1218/1218 1217/1217/1217
f 1218/1218/1218 1221/1221/1221 1219/1219/1219
f 1222/1222/1222 1218/1218/1218 1220/1220/1220
f 1223/1223/1223 1221/1221/1221 1218/1218/1218
f 1223/1223/1223 1218/1218/1218 1222/1222/1222
f 1226/1226/1226 1225/1225/1225 1224/1224/1224
f 1224/1224/1224 1227/1227/1227 1226/1226/1226
f 1228/1228/1228 1227/1227/1227 1224/1224/1224
f 1229/1229/1229 1227/1227/1227 1228/1228/1228
f 1229/1229/1229 1228/1228/1228 1230/1230/1230
f 1231/1231/1231 1227/1227/1227 1229/1229/1229
f 1230/1230/1230 1231/1231/1231 1229/1229/1229
f 1232/1232/1232 1227/1227/1227 1231/1231/1231
f 1233/1233/1233 1231/1231/1231 1230/1230/1230
f 1231/1231/1231 1234/1234/1234 1232/1232/1232
f 1235/1235/1235 1231/1231/1231 1233/1233/1233
f 1236/1236/1236 1234/1234/1234 1231/1231/1231
f 1236/1236/1236 1231/1231/1231 1235/1235/1235
f 1239/1239/1239 1238/1238/1238 1237/1237/1237
f 1237/1237/1237 1240/1240/1240 1239/1239/1239
f 1241/1241/1241 1240/1240/1240 1237/1237/1237
f 1242/1242/1242 1240/1240/1240 1241/1241/1241
f 1242/1242/1242 1241/1241/1241 1243/1243/1243
f 1244/1244/1244 1240/1240/1240 1242/1242/1242
f 1243/1243/1243 1244/1244/1244 1242/1242/1242
f 1245/1245/1245 1240/1240/1240 1244/1244/1244
f 1246/1246/1246 1244/1244/1244 1243/1243/1243
f 1244/1244/1244 1247/1247/1247 1245/1245/1245
f 1248/1248/1248 1244/1244/1244 1246/1246/1246
f 1249/1249/1249 1247/1247/1247 1244/1244/1244
f 1249/1249/1249 1244/1244/1244 1248/1248/1248
f 1252/1252/1252 1251/1251/1251 1250/1250/1250
f 1250/1250/1250 1253/1253/1253 1252/1252/1252
f 1254/1254/1254 1253/1253/1253 1250/1250/1250
f 1255/1255/1255 1253/1253/1253 1254/1254/1254
f 1255/1255/1255 1254/1254/1254 1256/1256/1256
f 1257/1257/1257 1253/1253/1253 1255/1255/1255
f 1256/1256/1256 1257/1257/1257 1255/1255/1255
f 1258/1258/1258 1253/1253/1253 1257/1257/1257
f 1259/1259/1259 1257/1257/1257 1256/1256/1256
f 1257/1257/1257 1260/1260/1260 1258/1258/1258
f 1261/1261/1261 1257/1257/1257 1259/1259/1259
f 1262/1262/1262 1260/1260/1260 1257/1257/1257
f 1262/1262/1262 1257/1257/1257 1261/1261/1261
f 1265/1265/1265 1264/1264/1264 1263/1263/1263
f 1263/1263/1263 1266/1266/1266 1265/1265/1265
f 1267/1267/1267 1266/1266/1266 1263/1263/1263
f 1268/1268/1268 1266/1266/1266 1267/1267/1267
f 1268/1268/1268 1267/1267/1267 1269/1269/1269
f 1270/1270/1270 1266/1266/1266 1268/1268/1268
f 1269/1269/1269 1270/1270/1270 1268/1268/1268
f 1271/1271/1271 1266/1266/1266 1270/1270/1270
f 1272/1272/1272 1270/1270/1270 1269/1269/1269
f 1270/1270/1270 1273/1273/1273 1271/1271/1271
f 1274/1274/1274 1270/1270/1270 1272/1272/1272
f 1275/1275/1275 1273/1273/1273 1270/1270/1270
f 1275/1275/1275 1270/1270/1270 1274/1274/1274
f 1278/1278/1278 1277/1277/1277 1276/1276/1276
f 1276/1276/1276 1279/1279/1279 1278/1278/1278
f 1280/1280/1280 1279/1279/1279 1276/1276/1276
f 1281/1281/1281 1279/1279/1279 1280/1280/1280
f 1281/1281/1281 1280/1280/1280 1282/1282/1282
f 1283/1283/1283 1279/1279/1279 1281/1281/1281
f 1282/1282/1282 1283/1283/1283 1281/1281/1281
f 1284/1284/1284 1279/1279/1279 1283/1283/1283
f 1285/1285/1285 1283/1283/1283 1282/1282/1282
f 1283/1283/1283 699/699/699 1284/1284/1284
f 1286/1286/1286 1283/1283/1283 1285/1285/1285
f 1287/1287/1287 699/699/699 1283/1283/1283
f 1287/1287/1287 1283/1283/1283 1286/1286/1286
f 1290/1290/1290 1289/1289/1289 1288/1288/1288
f 1288/1288/1288 1291/1291/1291 1290/1290/1290
f 1292/1292/1292 1291/1291/1291 1288/1288/1288
f 1293/1293/1293 1291/1291/1291 1292/1292/1292
f 1293/1293/1293 1292/1292/1292 1294/1294/1294
f 1295/1295/1295 1291/1291/1291 1293/1293/1293
f 1294/1294/1294 1295/1295/1295 1293/1293/1293
f 1296/1296/1296 1291/1291/1291 1295/1295/1295
f 1297/1297/1297 1295/1295/1295 1294/1294/1294
f 1295/1295/1295 1298/1298/1298 1296/1296/1296
f 1299/1299/1299 1295/1295/1295 1297/1297/1297
f 1300/1300/1300 1298/1298/1298 1295/1295/1295
f 1300/1300/1300 1295/1295/1295 1299/1299/1299
f 1303/1303/1303 1302/1302/1302 1301/1301/1301
f 1301/1301/1301 1304/1304/1304 1303/1303/1303
f 1303/1303/1303 1304/1304/1304 1305/1305/1305
f 1306/1306/1306 1305/1305/1305 1304/1304/1304
f 1309/1309/1309 1308/1308/1308 1307/1307/1307
f 1307/1307/1307 1310/1310/1310 1309/1309/1309
f 1309/1309/1309 1310/1310/1310 1311/1311/1311
f 1310/1310/1310 1307/1307/1307 1312/1312/1312
f 1313/1313/1313 1308/1308/1308 1309/1309/1309
f 1309/1309/1309 1314/1314/1314 1313/1313/1313
f 1314/1314/1314 1315/1315/1315 1313/1313/1313
f 1313/1313/1313 1315/1315/1315 1308/1308/1308
f 1315/1315/1315 1316/1316/1316 1308/1308/1308
f 1312/1312/1312 1307/1307/1307 1317/1317/1317
f 1307/1307/1307 1308/1308/1308 1317/1317/1317
f 1317/1317/1317 1318/1318/1318 1312/1312/1312
f 1312/1312/1312 1318/1318/1318 1319/1319/1319
f 1317/1317/1317 1308/1308/1308 1320/1320/1320
f 1308/1308/1308 1316/1316/1316 1320/1320/1320
f 1317/1317/1317 1320/1320/1320 1318/1318/1318
f 1316/1316/1316 1321/1321/1321 1320/1320/1320
f 1318/1318/1318 1320/1320/1320 1322/1322/1322
f 1320/1320/1320 1321/1321/1321 1322/1322/1322
f 1325/1325/1325 1324/1324/1324 1323/1323/1323
f 1323/1323/1323 1326/1326/1326 1325/1325/1325
f 1325/1325/1325 1326/1326/1326 1327/1327/1327
f 1328/1328/1328 1327/1327/1327 1326/1326/1326
f 1331/1331/1331 1330/1330/1330 1329/1329/1329
f 1333/1333/1333 1332/1332/1332 1331/1331/1331
f 1331/1331/1331 1329/1329/1329 1333/1333/1333
f 1334/1334/1334 1333/1333/1333 1329/1329/1329
f 1335/1335/1335 1334/1334/1334 1329/1329/1329
f 1329/1329/1329 1336/1336/1336 1335/1335/1335
f 1330/1330/1330 1336/1336/1336 1329/1329/1329
f 1336/1336/1336 1338/1338/1338 1337/1337/1337
f 1336/1336/1336 1339/1339/1339 1338/1338/1338
f 1340/1340/1340 1339/1339/1339 1336/1336/1336
f 1330/1330/1330 1340/1340/1340 1336/1336/1336
f 1341/1341/1341 1340/1340/1340 1330/1330/1330
f 1330/1330/1330 1342/1342/1342 1341/1341/1341
f 1343/1343/1343 1330/1330/1330 1331/1331/1331
f 1343/1343/1343 1342/1342/1342 1330/1330/1330
f 1343/1343/1343 1344/1344/1344 1342/1342/1342
f 1345/1345/1345 1344/1344/1344 1343/1343/1343
f 1345/1345/1345 1343/1343/1343 1346/1346/1346
f 1347/1347/1347 1345/1345/1345 1346/1346/1346
f 1347/1347/1347 1344/1344/1344 1345/1345/1345
f 1348/1348/1348 1344/1344/1344 1347/1347/1347
f 1349/1349/1349 1348/1348/1348 1347/1347/1347
f 1350/1350/1350 1348/1348/1348 1349/1349/1349
f 1349/1349/1349 1347/1347/1347 1351/1351/1351
f 1351/1351/1351 1347/1347/1347 1352/1352/1352
f 1351/1351/1351 1352/1352/1352 1353/1353/1353
f 1356/1356/1356 1355/1355/1355 1354/1354/1354
f 1354/1354/1354 1357/1357/1357 1356/1356/1356
f 1356/1356/1356 1357/1357/1357 1358/1358/1358
f 1359/1359/1359 1358/1358/1358 1357/1357/1357
f 1362/1362/1362 1361/1361/1361 1360/1360/1360
f 1360/1360/1360 1363/1363/1363 1362/1362/1362
f 1362/1362/1362 1363/1363/1363 1364/1364/1364
f 1363/1363/1363 1360/1360/1360 1365/1365/1365
f 1366/1366/1366 1361/1361/1361 1362/1362/1362
f 1362/1362/1362 1367/1367/1367 1366/1366/1366
f 1367/1367/1367 1368/1368/1368 1366/1366/1366
f 1366/1366/1366 1368/1368/1368 1361/1361/1361
f 1368/1368/1368 1369/1369/1369 1361/1361/1361
f 1365/1365/1365 1360/1360/1360 1370/1370/1370
f 1360/1360/1360 1361/1361/1361 1370/1370/1370
f 1370/1370/1370 1371/1371/1371 1365/1365/1365
f 1365/1365/1365 1371/1371/1371 1372/1372/1372
f 1370/1370/1370 1361/1361/1361 1373/1373/1373
f 1361/1361/1361 1369/1369/1369 1373/1373/1373
f 1370/1370/1370 1373/1373/1373 1371/1371/1371
f 1369/1369/1369 1374/1374/1374 1373/1373/1373
f 1371/1371/1371 1373/1373/1373 1375/1375/1375
f 1373/1373/1373 1374/1374/1374 1375/1375/1375
f 1378/1378/1378 1377/1377/1377 1376/1376/1376
f 1376/1376/1376 1379/1379/1379 1378/1378/1378
f 1378/1378/1378 1379/1379/1379 1380/1380/1380
f 1381/1381/1381 1380/1380/1380 1379/1379/1379
f 1384/1384/1384 1383/1383/1383 1382/1382/1382
f 1382/1382/1382 1385/1385/1385 1384/1384/1384
f 1384/1384/1384 1385/1385/1385 1386/1386/1386
f 1385/1385/1385 1382/1382/1382 1387/1387/1387
f 1388/1388/1388 1383/1383/1383 1384/1384/1384
f 1384/1384/1384 1389/1389/1389 1388/1388/1388
f 1389/1389/1389 1390/1390/1390 1388/1388/1388
f 1388/1388/1388 1390/1390/1390 1383/1383/1383
f 1390/1390/1390 1391/1391/1391 1383/1383/1383
f 1387/1387/1387 1382/1382/1382 1392/1392/1392
f 1382/1382/1382 1383/1383/1383 1392/1392/1392
f 1392/1392/1392 1393/1393/1393 1387/1387/1387
f 1387/1387/1387 1393/1393/1393 1394/1394/1394
f 1392/1392/1392 1383/1383/1383 1395/1395/1395
f 1383/1383/1383 1391/1391/1391 1395/1395/1395
f 1392/1392/1392 1395/1395/1395 1393/1393/1393
f 1391/1391/1391 1396/1396/1396 1395/1395/1395
f 1393/1393/1393 1395/1395/1395 1397/1397/1397
f 1395/1395/1395 1396/1396/1396 1397/1397/1397
f 1400/1400/1400 1399/1399/1399 1398/1398/1398
f 1401/1401/1401 1398/1398/1398 1399/1399/1399
f 1402/1402/1402 1398/1398/1398 1401/1401/1401
f 1405/1405/1405 1404/1404/1404 1403/1403/1403
f 1404/1404/1404 1406/1406/1406 1403/1403/1403
f 1403/1403/1403 1406/1406/1406 1407/1407/1407
f 1403/1403/1403 1407/1407/1407 1405/1405/1405
f 1406/1406/1406 1408/1408/1408 1407/1407/1407
f 1405/1405/1405 1410/1410/1410 1409/1409/1409
f 1411/1411/1411 1410/1410/1410 1405/1405/1405
f 1405/1405/1405 1407/1407/1407 1411/1411/1411
f 1410/1410/1410 1411/1411/1411 1412/1412/1412
f 1407/1407/1407 1408/1408/1408 1413/1413/1413
f 1408/1408/1408 1396/1396/1396 1413/1413/1413
f 1413/1413/1413 1396/1396/1396 1414/1414/1414
f 1415/1415/1415 1413/1413/1413 1414/1414/1414
f 1412/1412/1412 1415/1415/1415 1416/1416/1416
f 1411/1411/1411 1407/1407/1407 1417/1417/1417
f 1417/1417/1417 1407/1407/1407 1413/1413/1413
f 1412/1412/1412 1411/1411/1411 1417/1417/1417
f 1417/1417/1417 1413/1413/1413 1415/1415/1415
f 1417/1417/1417 1415/1415/1415 1412/1412/1412
f 1420/1420/1420 1419/1419/1419 1418/1418/1418
f 1421/1421/1421 1419/1419/1419 1420/1420/1420
f 1422/1422/1422 1421/1421/1421 1420/1420/1420
f 1420/1420/1420 1418/1418/1418 1422/1422/1422
f 1419/1419/1419 1423/1423/1423 1418/1418/1418
f 1422/1422/1422 1425/1425/1425 1424/1424/1424
f 1426/1426/1426 1425/1425/1425 1422/1422/1422
f 1422/1422/1422 1418/1418/1418 1426/1426/1426
f 1425/1425/1425 1426/1426/1426 1427/1427/1427
f 1418/1418/1418 1423/1423/1423 1428/1428/1428
f 1423/1423/1423 1429/1429/1429 1428/1428/1428
f 1428/1428/1428 1429/1429/1429 1430/1430/1430
f 1431/1431/1431 1428/1428/1428 1430/1430/1430
f 1427/1427/1427 1431/1431/1431 1432/1432/1432
f 1426/1426/1426 1418/1418/1418 1433/1433/1433
f 1433/1433/1433 1418/1418/1418 1428/1428/1428
f 1427/1427/1427 1426/1426/1426 1433/1433/1433
f 1433/1433/1433 1428/1428/1428 1431/1431/1431
f 1433/1433/1433 1431/1431/1431 1427/1427/1427
f 1436/1436/1436 1435/1435/1435 1434/1434/1434
f 1437/1437/1437 1435/1435/1435 1436/1436/1436
f 1437/1437/1437 1436/1436/1436 1438/1438/1438
f 1434/1434/1434 1435/1435/1435 1439/1439/1439
f 1438/1438/1438 1436/1436/1436 1440/1440/1440
f 1439/1439/1439 1441/1441/1441 1434/1434/1434
f 1436/1436/1436 1442/1442/1442 1440/1440/1440
f 1436/1436/1436 1434/1434/1434 1442/1442/1442
f 1440/1440/1440 1442/1442/1442 1443/1443/1443
f 1444/1444/1444 1434/1434/1434 1441/1441/1441
f 1442/1442/1442 1434/1434/1434 1444/1444/1444
f 1445/1445/1445 1444/1444/1444 1441/1441/1441
f 1446/1446/1446 1444/1444/1444 1445/1445/1445
f 1444/1444/1444 1447/1447/1447 1442/1442/1442
f 1442/1442/1442 1447/1447/1447 1443/1443/1443
f 1446/1446/1446 1447/1447/1447 1444/1444/1444
f 1443/1443/1443 1447/1447/1447 1448/1448/1448
f 1448/1448/1448 1447/1447/1447 1449/1449/1449
f 1450/1450/1450 1447/1447/1447 1446/1446/1446
f 1449/1449/1449 1447/1447/1447 1450/1450/1450
f 1446/1446/1446 1449/1449/1449 1450/1450/1450
f 1453/1453/1453 1452/1452/1452 1451/1451/1451
f 1451/1451/1451 1452/1452/1452 1454/1454/1454
f 1455/1455/1455 1454/1454/1454 1452/1452/1452
f 1456/1456/1456 1451/1451/1451 1454/1454/1454
f 1452/1452/1452 1457/1457/1457 1455/1455/1455
f 1458/1458/1458 1451/1451/1451 1456/1456/1456
f 1459/1459/1459 1457/1457/1457 1452/1452/1452
f 1459/1459/1459 1452/1452/1452 1453/1453/1453
f 1460/1460/1460 1457/1457/1457 1459/1459/1459
f 1460/1460/1460 1459/1459/1459 1461/1461/1461
f 1461/1461/1461 1459/1459/1459 1462/1462/1462
f 1459/1459/1459 1453/1453/1453 1462/1462/1462
f 1462/1462/1462 1453/1453/1453 1463/1463/1463
f 1451/1451/1451 1464/1464/1464 1453/1453/1453
f 1453/1453/1453 1464/1464/1464 1463/1463/1463
f 1458/1458/1458 1464/1464/1464 1451/1451/1451
f 1463/1463/1463 1464/1464/1464 1465/1465/1465
f 1465/1465/1465 1464/1464/1464 1466/1466/1466
f 1467/1467/1467 1464/1464/1464 1458/1458/1458
f 1466/1466/1466 1464/1464/1464 1467/1467/1467
f 1458/1458/1458 1466/1466/1466 1467/1467/1467
f 1470/1470/1470 1469/1469/1469 1468/1468/1468
f 1468/1468/1468 1471/1471/1471 1470/1470/1470
f 1472/1472/1472 1469/1469/1469 1470/1470/1470
f 1472/1472/1472 1473/1473/1473 1469/1469/1469
f 1474/1474/1474 1473/1473/1473 1472/1472/1472
f 1475/1475/1475 1473/1473/1473 1474/1474/1474
f 1476/1476/1476 1473/1473/1473 1475/1475/1475
f 1477/1477/1477 1476/1476/1476 1475/1475/1475
f 1478/1478/1478 1476/1476/1476 1477/1477/1477
f 1479/1479/1479 1478/1478/1478 1477/1477/1477
f 1480/1480/1480 1478/1478/1478 1479/1479/1479
f 1470/1470/1470 1471/1471/1471 1481/1481/1481
f 1481/1481/1481 1471/1471/1471 1482/1482/1482
f 1482/1482/1482 1471/1471/1471 1483/1483/1483
f 1482/1482/1482 1484/1484/1484 1481/1481/1481
f 1484/1484/1484 1485/1485/1485 1481/1481/1481
f 1481/1481/1481 1485/1485/1485 1486/1486/1486
f 1487/1487/1487 1485/1485/1485 1484/1484/1484
f 1485/1485/1485 1488/1488/1488 1486/1486/1486
f 1487/1487/1487 1488/1488/1488 1485/1485/1485
f 1486/1486/1486 1488/1488/1488 1489/1489/1489
f 1488/1488/1488 1490/1490/1490 1489/1489/1489
f 1490/1490/1490 1488/1488/1488 1487/1487/1487
f 1489/1489/1489 1490/1490/1490 1491/1491/1491
f 1487/1487/1487 1492/1492/1492 1490/1490/1490
f 1490/1490/1490 1492/1492/1492 1491/1491/1491
f 1491/1491/1491 1492/1492/1492 1493/1493/1493
f 1494/1494/1494 1492/1492/1492 1487/1487/1487
f 1492/1492/1492 1475/1475/1475 1493/1493/1493
f 1494/1494/1494 1495/1495/1495 1492/1492/1492
f 1495/1495/1495 1475/1475/1475 1492/1492/1492
f 1495/1495/1495 1494/1494/1494 1496/1496/1496
f 1495/1495/1495 1496/1496/1496 1475/1475/1475
f 1496/1496/1496 1494/1494/1494 1497/1497/1497
f 1475/1475/1475 1496/1496/1496 1498/1498/1498
f 1497/1497/1497 1499/1499/1499 1496/1496/1496
f 1496/1496/1496 1499/1499/1499 1498/1498/1498
f 1497/1497/1497 1500/1500/1500 1499/1499/1499
f 1498/1498/1498 1499/1499/1499 1501/1501/1501
f 1500/1500/1500 1479/1479/1479 1499/1499/1499
f 1499/1499/1499 1479/1479/1479 1501/1501/1501
f 1504/1504/1504 1503/1503/1503 1502/1502/1502
f 1503/1503/1503 1505/1505/1505 1502/1502/1502
f 1506/1506/1506 1503/1503/1503 1504/1504/1504
f 1507/1507/1507 1506/1506/1506 1504/1504/1504
f 1508/1508/1508 1505/1505/1505 1503/1503/1503
f 1509/1509/1509 1508/1508/1508 1503/1503/1503
f 1508/1508/1508 1510/1510/1510 1505/1505/1505
f 1508/1508/1508 1509/1509/1509 1510/1510/1510
f 1505/1505/1505 1510/1510/1510 1511/1511/1511
f 1510/1510/1510 1509/1509/1509 1512/1512/1512
f 1509/1509/1509 1503/1503/1503 1513/1513/1513
f 1513/1513/1513 1503/1503/1503 1506/1506/1506
f 1512/1512/1512 1514/1514/1514 1510/1510/1510
f 1510/1510/1510 1514/1514/1514 1511/1511/1511
f 1512/1512/1512 1515/1515/1515 1514/1514/1514
f 1511/1511/1511 1514/1514/1514 1516/1516/1516
f 1515/1515/1515 1517/1517/1517 1514/1514/1514
f 1514/1514/1514 1517/1517/1517 1516/1516/1516
f 1506/1506/1506 1518/1518/1518 1513/1513/1513
f 1518/1518/1518 1506/1506/1506 1507/1507/1507
f 1519/1519/1519 1518/1518/1518 1507/1507/1507
f 1513/1513/1513 1518/1518/1518 1520/1520/1520
f 1520/1520/1520 1518/1518/1518 1519/1519/1519
f 1513/1513/1513 1520/1520/1520 1521/1521/1521
f 1522/1522/1522 1520/1520/1520 1519/1519/1519
f 1521/1521/1521 1520/1520/1520 1522/1522/1522
f 15/15/15 1521/1521/1521 1522/1522/1522
f 1522/1522/1522 1523/1523/1523 15/15/15
f 15/15/15 1523/1523/1523 656/656/656
f 1524/1524/1524 1523/1523/1523 1522/1522/1522
f 1525/1525/1525 1523/1523/1523 1524/1524/1524
f 1524/1524/1524 1526/1526/1526 1525/1525/1525
f 1527/1527/1527 1526/1526/1526 1524/1524/1524
f 1527/1527/1527 1528/1528/1528 1526/1526/1526
f 1529/1529/1529 1528/1528/1528 1527/1527/1527
f 1505/1505/1505 1528/1528/1528 1529/1529/1529
f 1530/1530/1530 1528/1528/1528 1505/1505/1505
f 1531/1531/1531 1530/1530/1530 1505/1505/1505
f 1532/1532/1532 1530/1530/1530 1531/1531/1531
f 1517/1517/1517 1532/1532/1532 1531/1531/1531
f 1533/1533/1533 1532/1532/1532 1517/1517/1517
f 1536/1536/1536 1535/1535/1535 1534/1534/1534
f 1537/1537/1537 1535/1535/1535 1536/1536/1536
f 1535/1535/1535 1538/1538/1538 1534/1534/1534
f 1534/1534/1534 1538/1538/1538 1539/1539/1539
f 1540/1540/1540 1539/1539/1539 1538/1538/1538
f 1534/1534/1534 1539/1539/1539 1541/1541/1541
f 1536/1536/1536 1534/1534/1534 1541/1541/1541
f 1536/1536/1536 1542/1542/1542 1537/1537/1537
f 1541/1541/1541 1542/1542/1542 1536/1536/1536
f 1542/1542/1542 1543/1543/1543 1537/1537/1537
f 1544/1544/1544 1542/1542/1542 1541/1541/1541
f 1545/1545/1545 1543/1543/1543 1542/1542/1542
f 1545/1545/1545 1542/1542/1542 1544/1544/1544
f 1545/1545/1545 1546/1546/1546 1543/1543/1543
f 1547/1547/1547 1545/1545/1545 1544/1544/1544
f 1547/1547/1547 1546/1546/1546 1545/1545/1545
f 1548/1548/1548 1547/1547/1547 1544/1544/1544
f 1549/1549/1549 1546/1546/1546 1547/1547/1547
f 1549/1549/1549 1547/1547/1547 1548/1548/1548
f 1550/1550/1550 1546/1546/1546 1549/1549/1549
f 1551/1551/1551 1549/1549/1549 1548/1548/1548
f 1551/1551/1551 1550/1550/1550 1549/1549/1549
f 1552/1552/1552 1550/1550/1550 1551/1551/1551
f 1553/1553/1553 1551/1551/1551 1548/1548/1548
f 1552/1552/1552 1551/1551/1551 1554/1554/1554
f 1554/1554/1554 1551/1551/1551 1553/1553/1553
f 1554/1554/1554 1553/1553/1553 1555/1555/1555
f 1558/1558/1558 1557/1557/1557 1556/1556/1556
f 1559/1559/1559 1557/1557/1557 1558/1558/1558
f 1557/1557/1557 1560/1560/1560 1556/1556/1556
f 1561/1561/1561 1559/1559/1559 1558/1558/1558
f 1556/1556/1556 1560/1560/1560 1562/1562/1562
f 1557/1557/1557 1563/1563/1563 1560/1560/1560
f 1564/1564/1564 1563/1563/1563 1557/1557/1557
f 1560/1560/1560 1565/1565/1565 1562/1562/1562
f 1562/1562/1562 1565/1565/1565 1566/1566/1566
f 1565/1565/1565 1567/1567/1567 1566/1566/1566
f 1566/1566/1566 1567/1567/1567 1568/1568/1568
f 1565/1565/1565 1569/1569/1569 1567/1567/1567
f 1570/1570/1570 1569/1569/1569 1565/1565/1565
f 1571/1571/1571 1569/1569/1569 1570/1570/1570
f 1572/1572/1572 1570/1570/1570 1565/1565/1565
f 1571/1571/1571 1570/1570/1570 1573/1573/1573
f 1573/1573/1573 1570/1570/1570 1572/1572/1572
f 1560/1560/1560 1573/1573/1573 1572/1572/1572
f 1573/1573/1573 1574/1574/1574 1571/1571/1571
f 1575/1575/1575 1573/1573/1573 1560/1560/1560
f 1575/1575/1575 1574/1574/1574 1573/1573/1573
f 1560/1560/1560 1563/1563/1563 1575/1575/1575
f 1574/1574/1574 1575/1575/1575 1563/1563/1563
f 1574/1574/1574 1563/1563/1563 1576/1576/1576
f 1576/1576/1576 1563/1563/1563 1577/1577/1577
f 1577/1577/1577 1563/1563/1563 1564/1564/1564
f 1578/1578/1578 1576/1576/1576 1577/1577/1577
f 1559/1559/1559 1577/1577/1577 1564/1564/1564
f 1578/1578/1578 1577/1577/1577 1559/1559/1559
f 1576/1576/1576 1578/1578/1578 1579/1579/1579
f 1559/1559/1559 1579/1579/1579 1578/1578/1578
f 1576/1576/1576 1579/1579/1579 1580/1580/1580
f 1581/1581/1581 1579/1579/1579 1559/1559/1559
f 1581/1581/1581 1580/1580/1580 1579/1579/1579
f 1581/1581/1581 1559/1559/1559 1561/1561/1561
f 1582/1582/1582 1581/1581/1581 1561/1561/1561
f 1583/1583/1583 1580/1580/1580 1581/1581/1581
f 1583/1583/1583 1581/1581/1581 1582/1582/1582
f 1584/1584/1584 1580/1580/1580 1583/1583/1583
f 1585/1585/1585 1583/1583/1583 1582/1582/1582
f 1584/1584/1584 1583/1583/1583 1585/1585/1585
f 1588/1588/1588 1587/1587/1587 1586/1586/1586
f 1587/1587/1587 1589/1589/1589 1586/1586/1586
f 1586/1586/1586 1589/1589/1589 1590/1590/1590
f 1586/1586/1586 1590/1590/1590 1588/1588/1588
f 1589/1589/1589 1591/1591/1591 1590/1590/1590
f 1588/1588/1588 1593/1593/1593 1592/1592/1592
f 1594/1594/1594 1593/1593/1593 1588/1588/1588
f 1588/1588/1588 1590/1590/1590 1594/1594/1594
f 1593/1593/1593 1594/1594/1594 1595/1595/1595
f 1590/1590/1590 1591/1591/1591 1596/1596/1596
f 1591/1591/1591 1597/1597/1597 1596/1596/1596
f 1596/1596/1596 1597/1597/1597 1598/1598/1598
f 1599/1599/1599 1596/1596/1596 1598/1598/1598
f 1595/1595/1595 1599/1599/1599 1600/1600/1600
f 1594/1594/1594 1590/1590/1590 1601/1601/1601
f 1601/1601/1601 1590/1590/1590 1596/1596/1596
f 1595/1595/1595 1594/1594/1594 1601/1601/1601
f 1601/1601/1601 1596/1596/1596 1599/1599/1599
f 1601/1601/1601 1599/1599/1599 1595/1595/1595
f 1604/1604/1604 1603/1603/1603 1602/1602/1602
f 1602/1602/1602 1603/1603/1603 1605/1605/1605
f 1605/1605/1605 1603/1603/1603 1606/1606/1606
f 1607/1607/1607 1605/1605/1605 1606/1606/1606
f 1606/1606/1606 1603/1603/1603 1607/1607/1607
f 1607/1607/1607 1603/1603/1603 1608/1608/1608
f 1607/1607/1607 1608/1608/1608 1609/1609/1609
f 1609/1609/1609 1608/1608/1608 1610/1610/1610
f 1611/1611/1611 1603/1603/1603 1604/1604/1604
f 1608/1608/1608 1603/1603/1603 1611/1611/1611
f 1612/1612/1612 1611/1611/1611 1604/1604/1604
f 1608/1608/1608 1613/1613/1613 1610/1610/1610
f 1611/1611/1611 1613/1613/1613 1608/1608/1608
f 1614/1614/1614 1610/1610/1610 1613/1613/1613
f 1613/1613/1613 1615/1615/1615 1614/1614/1614
f 1616/1616/1616 1613/1613/1613 1611/1611/1611
f 1616/1616/1616 1611/1611/1611 1612/1612/1612
f 1616/1616/1616 1615/1615/1615 1613/1613/1613
f 1617/1617/1617 1616/1616/1616 1612/1612/1612
f 1618/1618/1618 1615/1615/1615 1616/1616/1616
f 1618/1618/1618 1616/1616/1616 1617/1617/1617
f 1621/1621/1621 1620/1620/1620 1619/1619/1619
f 1620/1620/1620 1622/1622/1622 1619/1619/1619
f 1619/1619/1619 1622/1622/1622 1623/1623/1623
f 1619/1619/1619 1623/1623/1623 1621/1621/1621
f 1622/1622/1622 1624/1624/1624 1623/1623/1623
f 1621/1621/1621 1626/1626/1626 1625/1625/1625
f 1627/1627/1627 1626/1626/1626 1621/1621/1621
f 1621/1621/1621 1623/1623/1623 1627/1627/1627
f 1626/1626/1626 1627/1627/1627 1628/1628/1628
f 1623/1623/1623 1624/1624/1624 1629/1629/1629
f 1624/1624/1624 1630/1630/1630 1629/1629/1629
f 1629/1629/1629 1630/1630/1630 1631/1631/1631
f 1632/1632/1632 1629/1629/1629 1631/1631/1631
f 1628/1628/1628 1632/1632/1632 1633/1633/1633
f 1627/1627/1627 1623/1623/1623 1634/1634/1634
f 1634/1634/1634 1623/1623/1623 1629/1629/1629
f 1628/1628/1628 1627/1627/1627 1634/1634/1634
f 1634/1634/1634 1629/1629/1629 1632/1632/1632
f 1634/1634/1634 1632/1632/1632 1628/1628/1628
f 1637/1637/1637 1636/1636/1636 1635/1635/1635
f 1638/1638/1638 1636/1636/1636 1637/1637/1637
f 1639/1639/1639 1638/1638/1638 1637/1637/1637
f 1637/1637/1637 1635/1635/1635 1639/1639/1639
f 1636/1636/1636 1640/1640/1640 1635/1635/1635
f 1639/1639/1639 1642/1642/1642 1641/1641/1641
f 1643/1643/1643 1642/1642/1642 1639/1639/1639
f 1639/1639/1639 1635/1635/1635 1643/1643/1643
f 1642/1642/1642 1643/1643/1643 1644/1644/1644
f 1635/1635/1635 1640/1640/1640 1645/1645/1645
f 1640/1640/1640 1646/1646/1646 1645/1645/1645
f 1645/1645/1645 1646/1646/1646 1647/1647/1647
f 1648/1648/1648 1645/1645/1645 1647/1647/1647
f 1644/1644/1644 1648/1648/1648 1649/1649/1649
f 1643/1643/1643 1635/1635/1635 1650/1650/1650
f 1650/1650/1650 1635/1635/1635 1645/1645/1645
f 1644/1644/1644 1643/1643/1643 1650/1650/1650
f 1650/1650/1650 1645/1645/1645 1648/1648/1648
f 1650/1650/1650 1648/1648/1648 1644/1644/1644
f 1653/1653/1653 1652/1652/1652 1651/1651/1651
f 1652/1652/1652 1321/1321/1321 1651/1651/1651
f 1651/1651/1651 1321/1321/1321 1322/1322/1322
f 1654/1654/1654 1651/1651/1651 1322/1322/1322
f 1655/1655/1655 1652/1652/1652 1653/1653/1653
f 1656/1656/1656 1651/1651/1651 1654/1654/1654
f 1656/1656/1656 1653/1653/1653 1651/1651/1651
f 1656/1656/1656 1654/1654/1654 1657/1657/1657
f 1657/1657/1657 1654/1654/1654 1658/1658/1658
f 1657/1657/1657 1659/1659/1659 1656/1656/1656
f 1659/1659/1659 1653/1653/1653 1656/1656/1656
f 1660/1660/1660 1659/1659/1659 1657/1657/1657
f 1661/1661/1661 1655/1655/1655 1653/1653/1653
f 1662/1662/1662 1655/1655/1655 1661/1661/1661
f 1663/1663/1663 1662/1662/1662 1661/1661/1661
f 1661/1661/1661 1653/1653/1653 1663/1663/1663
f 1663/1663/1663 1653/1653/1653 1659/1659/1659
f 1659/1659/1659 1660/1660/1660 1663/1663/1663
f 1663/1663/1663 1660/1660/1660 1664/1664/1664
f 1667/1667/1667 1666/1666/1666 1665/1665/1665
f 1666/1666/1666 1668/1668/1668 1665/1665/1665
f 1665/1665/1665 1668/1668/1668 1669/1669/1669
f 1665/1665/1665 1669/1669/1669 1667/1667/1667
f 1668/1668/1668 1670/1670/1670 1669/1669/1669
f 1667/1667/1667 1672/1672/1672 1671/1671/1671
f 1673/1673/1673 1672/1672/1672 1667/1667/1667
f 1667/1667/1667 1669/1669/1669 1673/1673/1673
f 1672/1672/1672 1673/1673/1673 1674/1674/1674
f 1669/1669/1669 1670/1670/1670 1675/1675/1675
f 1670/1670/1670 1676/1676/1676 1675/1675/1675
f 1675/1675/1675 1676/1676/1676 1677/1677/1677
f 1673/1673/1673 1669/1669/1669 1678/1678/1678
f 1674/1674/1674 1673/1673/1673 1678/1678/1678
f 1678/1678/1678 1669/1669/1669 1675/1675/1675
f 1678/1678/1678 1679/1679/1679 1674/1674/1674
f 1678/1678/1678 1675/1675/1675 1679/1679/1679
f 1674/1674/1674 1679/1679/1679 1680/1680/1680
f 1679/1679/1679 1675/1675/1675 1681/1681/1681
f 1684/1684/1684 1683/1683/1683 1682/1682/1682
f 1685/1685/1685 1683/1683/1683 1684/1684/1684
f 1686/1686/1686 1685/1685/1685 1684/1684/1684
f 1684/1684/1684 1682/1682/1682 1686/1686/1686
f 1683/1683/1683 1687/1687/1687 1682/1682/1682
f 1686/1686/1686 1689/1689/1689 1688/1688/1688
f 1690/1690/1690 1689/1689/1689 1686/1686/1686
f 1686/1686/1686 1682/1682/1682 1690/1690/1690
f 1689/1689/1689 1690/1690/1690 1691/1691/1691
f 1682/1682/1682 1687/1687/1687 1692/1692/1692
f 1687/1687/1687 1396/1396/1396 1692/1692/1692
f 1692/1692/1692 1396/1396/1396 1414/1414/1414
f 1693/1693/1693 1692/1692/1692 1414/1414/1414
f 1691/1691/1691 1693/1693/1693 1694/1694/1694
f 1690/1690/1690 1682/1682/1682 1695/1695/1695
f 1695/1695/1695 1682/1682/1682 1692/1692/1692
f 1691/1691/1691 1690/1690/1690 1695/1695/1695
f 1695/1695/1695 1692/1692/1692 1693/1693/1693
f 1695/1695/1695 1693/1693/1693 1691/1691/1691
f 1698/1698/1698 1697/1697/1697 1696/1696/1696
f 1697/1697/1697 1699/1699/1699 1696/1696/1696
f 1696/1696/1696 1699/1699/1699 1700/1700/1700
f 1701/1701/1701 1696/1696/1696 1700/1700/1700
f 1702/1702/1702 1697/1697/1697 1698/1698/1698
f 1703/1703/1703 1696/1696/1696 1701/1701/1701
f 1703/1703/1703 1698/1698/1698 1696/1696/1696
f 1703/1703/1703 1701/1701/1701 1704/1704/1704
f 1704/1704/1704 1701/1701/1701 1705/1705/1705
f 1704/1704/1704 1706/1706/1706 1703/1703/1703
f 1706/1706/1706 1698/1698/1698 1703/1703/1703
f 1707/1707/1707 1706/1706/1706 1704/1704/1704
f 1708/1708/1708 1702/1702/1702 1698/1698/1698
f 1709/1709/1709 1702/1702/1702 1708/1708/1708
f 1710/1710/1710 1709/1709/1709 1708/1708/1708
f 1708/1708/1708 1698/1698/1698 1710/1710/1710
f 1710/1710/1710 1698/1698/1698 1706/1706/1706
f 1706/1706/1706 1707/1707/1707 1710/1710/1710
f 1710/1710/1710 1707/1707/1707 1711/1711/1711
f 1714/1714/1714 1713/1713/1713 1712/1712/1712
f 1715/1715/1715 1713/1713/1713 1714/1714/1714
f 1716/1716/1716 1715/1715/1715 1714/1714/1714
f 1714/1714/1714 1712/1712/1712 1716/1716/1716
f 1713/1713/1713 1717/1717/1717 1712/1712/1712
f 1716/1716/1716 1719/1719/1719 1718/1718/1718
f 1720/1720/1720 1719/1719/1719 1716/1716/1716
f 1716/1716/1716 1712/1712/1712 1720/1720/1720
f 1719/1719/1719 1720/1720/1720 1721/1721/1721
f 1712/1712/1712 1717/1717/1717 1722/1722/1722
f 1717/1717/1717 1723/1723/1723 1722/1722/1722
f 1722/1722/1722 1723/1723/1723 1724/1724/1724
f 1725/1725/1725 1722/1722/1722 1724/1724/1724
f 1721/1721/1721 1725/1725/1725 1726/1726/1726
f 1720/1720/1720 1712/1712/1712 1727/1727/1727
f 1727/1727/1727 1712/1712/1712 1722/1722/1722
f 1721/1721/1721 1720/1720/1720 1727/1727/1727
f 1727/1727/1727 1722/1722/1722 1725/1725/1725
f 1727/1727/1727 1725/1725/1725 1721/1721/1721
f 1730/1730/1730 1729/1729/1729 1728/1728/1728
f 1728/1728/1728 1729/1729/1729 1731/1731/1731
f 1731/1731/1731 1729/1729/1729 1732/1732/1732
f 1733/1733/1733 1731/1731/1731 1732/1732/1732
f 1732/1732/1732 1729/1729/1729 1733/1733/1733
f 1733/1733/1733 1729/1729/1729 1734/1734/1734
f 1733/1733/1733 1734/1734/1734 1735/1735/1735
f 1735/1735/1735 1734/1734/1734 1736/1736/1736
f 1737/1737/1737 1729/1729/1729 1730/1730/1730
f 1734/1734/1734 1729/1729/1729 1737/1737/1737
f 1738/1738/1738 1737/1737/1737 1730/1730/1730
f 1734/1734/1734 1739/1739/1739 1736/1736/1736
f 1737/1737/1737 1739/1739/1739 1734/1734/1734
f 1740/1740/1740 1736/1736/1736 1739/1739/1739
f 1739/1739/1739 1741/1741/1741 1740/1740/1740
f 1742/1742/1742 1739/1739/1739 1737/1737/1737
f 1742/1742/1742 1737/1737/1737 1738/1738/1738
f 1742/1742/1742 1741/1741/1741 1739/1739/1739
f 1743/1743/1743 1742/1742/1742 1738/1738/1738
f 1744/1744/1744 1741/1741/1741 1742/1742/1742
f 1744/1744/1744 1742/1742/1742 1743/1743/1743
f 1747/1747/1747 1746/1746/1746 1745/1745/1745
f 1748/1748/1748 1746/1746/1746 1747/1747/1747
f 1748/1748/1748 1749/1749/1749 1746/1746/1746
f 1746/1746/1746 1750/1750/1750 1745/1745/1745
f 1746/1746/1746 1749/1749/1749 1751/1751/1751
f 1746/1746/1746 1751/1751/1751 1750/1750/1750
f 1751/1751/1751 1749/1749/1749 1752/1752/1752
f 1745/1745/1745 1750/1750/1750 1753/1753/1753
f 1752/1752/1752 1754/1754/1754 1751/1751/1751
f 1750/1750/1750 1755/1755/1755 1753/1753/1753
f 1753/1753/1753 1755/1755/1755 1756/1756/1756
f 1750/1750/1750 1751/1751/1751 1757/1757/1757
f 1757/1757/1757 1751/1751/1751 1754/1754/1754
f 1757/1757/1757 1755/1755/1755 1750/1750/1750
f 1758/1758/1758 1757/1757/1757 1754/1754/1754
f 1759/1759/1759 1757/1757/1757 1758/1758/1758
f 1759/1759/1759 1755/1755/1755 1757/1757/1757
f 1756/1756/1756 1755/1755/1755 1760/1760/1760
f 1761/1761/1761 1755/1755/1755 1759/1759/1759
f 1760/1760/1760 1755/1755/1755 1761/1761/1761
f 1759/1759/1759 1760/1760/1760 1761/1761/1761
f 1764/1764/1764 1763/1763/1763 1762/1762/1762
f 1762/1762/1762 1765/1765/1765 1764/1764/1764
f 1764/1764/1764 1765/1765/1765 1766/1766/1766
f 1765/1765/1765 1767/1767/1767 1766/1766/1766
f 1766/1766/1766 1768/1768/1768 1764/1764/1764
f 1768/1768/1768 1763/1763/1763 1764/1764/1764
f 1769/1769/1769 1768/1768/1768 1766/1766/1766
f 1769/1769/1769 1770/1770/1770 1768/1768/1768
f 1771/1771/1771 1770/1770/1770 1769/1769/1769
f 1770/1770/1770 1772/1772/1772 1768/1768/1768
f 1768/1768/1768 1772/1772/1772 1763/1763/1763
f 1763/1763/1763 1772/1772/1772 1773/1773/1773
f 1773/1773/1773 1774/1774/1774 1763/1763/1763
f 1763/1763/1763 1774/1774/1774 1762/1762/1762
f 1765/1765/1765 1762/1762/1762 1775/1775/1775
f 1762/1762/1762 1774/1774/1774 1775/1775/1775
f 1775/1775/1775 1767/1767/1767 1765/1765/1765
f 1776/1776/1776 1767/1767/1767 1775/1775/1775
f 1775/1775/1775 1774/1774/1774 1776/1776/1776
f 1777/1777/1777 1776/1776/1776 1774/1774/1774
f 1780/1780/1780 1779/1779/1779 1778/1778/1778
f 1781/1781/1781 1779/1779/1779 1780/1780/1780
f 1781/1781/1781 1782/1782/1782 1779/1779/1779
f 1779/1779/1779 1783/1783/1783 1778/1778/1778
f 1779/1779/1779 1782/1782/1782 1784/1784/1784
f 1779/1779/1779 1784/1784/1784 1783/1783/1783
f 1784/1784/1784 1782/1782/1782 1785/1785/1785
f 1778/1778/1778 1783/1783/1783 1786/1786/1786
f 1785/1785/1785 1787/1787/1787 1784/1784/1784
f 1783/1783/1783 1788/1788/1788 1786/1786/1786
f 1786/1786/1786 1788/1788/1788 1789/1789/1789
f 1783/1783/1783 1784/1784/1784 1790/1790/1790
f 1790/1790/1790 1784/1784/1784 1787/1787/1787
f 1790/1790/1790 1788/1788/1788 1783/1783/1783
f 1791/1791/1791 1790/1790/1790 1787/1787/1787
f 1792/1792/1792 1790/1790/1790 1791/1791/1791
f 1792/1792/1792 1788/1788/1788 1790/1790/1790
f 1789/1789/1789 1788/1788/1788 1793/1793/1793
f 1794/1794/1794 1788/1788/1788 1792/1792/1792
f 1793/1793/1793 1788/1788/1788 1794/1794/1794
f 1792/1792/1792 1793/1793/1793 1794/1794/1794
f 1797/1797/1797 1796/1796/1796 1795/1795/1795
f 1798/1798/1798 1795/1795/1795 1796/1796/1796
f 1799/1799/1799 1795/1795/1795 1798/1798/1798
f 1795/1795/1795 1799/1799/1799 1800/1800/1800
f 1801/1801/1801 1796/1796/1796 1797/1797/1797
f 1802/1802/1802 1801/1801/1801 1797/1797/1797
f 1803/1803/1803 1801/1801/1801 1802/1802/1802
f 1802/1802/1802 1797/1797/1797 1804/1804/1804
f 1805/1805/1805 1803/1803/1803 1802/1802/1802
f 1805/1805/1805 1802/1802/1802 1806/1806/1806
f 1807/1807/1807 1803/1803/1803 1805/1805/1805
f 1808/1808/1808 1805/1805/1805 1806/1806/1806
f 1808/1808/1808 1807/1807/1807 1805/1805/1805
f 1809/1809/1809 1807/1807/1807 1808/1808/1808
f 1804/1804/1804 1797/1797/1797 1810/1810/1810
f 1797/1797/1797 1795/1795/1795 1810/1810/1810
f 1804/1804/1804 1810/1810/1810 1811/1811/1811
f 1811/1811/1811 1810/1810/1810 1812/1812/1812
f 1810/1810/1810 1795/1795/1795 1813/1813/1813
f 1810/1810/1810 1813/1813/1813 1812/1812/1812
f 1812/1812/1812 1813/1813/1813 1814/1814/1814
f 1815/1815/1815 1809/1809/1809 1808/1808/1808
f 1816/1816/1816 1809/1809/1809 1815/1815/1815
f 1815/1815/1815 1808/1808/1808 1817/1817/1817
f 1817/1817/1817 1808/1808/1808 1818/1818/1818
f 1817/1817/1817 1818/1818/1818 1819/1819/1819
f 1822/1822/1822 1821/1821/1821 1820/1820/1820
f 1820/1820/1820 1823/1823/1823 1822/1822/1822
f 1824/1824/1824 1821/1821/1821 1822/1822/1822
f 1824/1824/1824 1825/1825/1825 1821/1821/1821
f 1822/1822/1822 1823/1823/1823 1826/1826/1826
f 1823/1823/1823 1827/1827/1827 1826/1826/1826
f 1826/1826/1826 1827/1827/1827 1828/1828/1828
f 1826/1826/1826 1828/1828/1828 1829/1829/1829
f 1830/1830/1830 1825/1825/1825 1824/1824/1824
f 1824/1824/1824 1822/1822/1822 1831/1831/1831
f 1830/1830/1830 1824/1824/1824 1832/1832/1832
f 1831/1831/1831 1822/1822/1822 1833/1833/1833
f 1822/1822/1822 1826/1826/1826 1833/1833/1833
f 1831/1831/1831 1833/1833/1833 1834/1834/1834
f 1834/1834/1834 1833/1833/1833 1835/1835/1835
f 1833/1833/1833 1826/1826/1826 1836/1836/1836
f 1833/1833/1833 1836/1836/1836 1835/1835/1835
f 1835/1835/1835 1836/1836/1836 1837/1837/1837
f 1838/1838/1838 1825/1825/1825 1830/1830/1830
f 1838/1838/1838 1830/1830/1830 1832/1832/1832
f 1839/1839/1839 1825/1825/1825 1838/1838/1838
f 1840/1840/1840 1838/1838/1838 1832/1832/1832
f 1840/1840/1840 1832/1832/1832 1841/1841/1841
f 1842/1842/1842 1838/1838/1838 1840/1840/1840
f 1842/1842/1842 1839/1839/1839 1838/1838/1838
f 1843/1843/1843 1839/1839/1839 1842/1842/1842
f 1846/1846/1846 1845/1845/1845 1844/1844/1844
f 1847/1847/1847 1846/1846/1846 1844/1844/1844
f 1844/1844/1844 1845/1845/1845 1847/1847/1847
f 1848/1848/1848 1845/1845/1845 1846/1846/1846
f 1849/1849/1849 1845/1845/1845 1848/1848/1848
f 1847/1847/1847 1845/1845/1845 1850/1850/1850
f 1847/1847/1847 1850/1850/1850 1851/1851/1851
f 1851/1851/1851 1850/1850/1850 1852/1852/1852
f 1853/1853/1853 1845/1845/1845 1849/1849/1849
f 1850/1850/1850 1845/1845/1845 1853/1853/1853
f 1854/1854/1854 1853/1853/1853 1849/1849/1849
f 1850/1850/1850 1855/1855/1855 1852/1852/1852
f 1853/1853/1853 1855/1855/1855 1850/1850/1850
f 1856/1856/1856 1852/1852/1852 1855/1855/1855
f 1855/1855/1855 1857/1857/1857 1856/1856/1856
f 1858/1858/1858 1855/1855/1855 1853/1853/1853
f 1858/1858/1858 1853/1853/1853 1854/1854/1854
f 1858/1858/1858 1857/1857/1857 1855/1855/1855
f 1859/1859/1859 1858/1858/1858 1854/1854/1854
f 1860/1860/1860 1857/1857/1857 1858/1858/1858
f 1860/1860/1860 1858/1858/1858 1859/1859/1859
f 1863/1863/1863 1862/1862/1862 1861/1861/1861
f 1864/1864/1864 1862/1862/1862 1863/1863/1863
f 1865/1865/1865 1864/1864/1864 1863/1863/1863
f 1863/1863/1863 1861/1861/1861 1865/1865/1865
f 1862/1862/1862 1866/1866/1866 1861/1861/1861
f 1865/1865/1865 1868/1868/1868 1867/1867/1867
f 1869/1869/1869 1868/1868/1868 1865/1865/1865
f 1865/1865/1865 1861/1861/1861 1869/1869/1869
f 1868/1868/1868 1869/1869/1869 1870/1870/1870
f 1861/1861/1861 1866/1866/1866 1871/1871/1871
f 1866/1866/1866 1872/1872/1872 1871/1871/1871
f 1871/1871/1871 1872/1872/1872 1873/1873/1873
f 1874/1874/1874 1871/1871/1871 1873/1873/1873
f 1870/1870/1870 1874/1874/1874 1875/1875/1875
f 1869/1869/1869 1861/1861/1861 1876/1876/1876
f 1876/1876/1876 1861/1861/1861 1871/1871/1871
f 1870/1870/1870 1869/1869/1869 1876/1876/1876
f 1876/1876/1876 1871/1871/1871 1874/1874/1874
f 1876/1876/1876 1874/1874/1874 1870/1870/1870
f 1879/1879/1879 1878/1878/1878 1877/1877/1877
f 1880/1880/1880 1878/1878/1878 1879/1879/1879
f 1880/1880/1880 1881/1881/1881 1878/1878/1878
f 1878/1878/1878 1882/1882/1882 1877/1877/1877
f 1878/1878/1878 1881/1881/1881 1883/1883/1883
f 1878/1878/1878 1883/1883/1883 1882/1882/1882
f 1883/1883/1883 1881/1881/1881 1884/1884/1884
f 1877/1877/1877 1882/1882/1882 1885/1885/1885
f 1884/1884/1884 1886/1886/1886 1883/1883/1883
f 1882/1882/1882 1887/1887/1887 1885/1885/1885
f 1885/1885/1885 1887/1887/1887 1888/1888/1888
f 1882/1882/1882 1883/1883/1883 1889/1889/1889
f 1889/1889/1889 1883/1883/1883 1886/1886/1886
f 1889/1889/1889 1887/1887/1887 1882/1882/1882
f 1890/1890/1890 1889/1889/1889 1886/1886/1886
f 1891/1891/1891 1889/1889/1889 1890/1890/1890
f 1891/1891/1891 1887/1887/1887 1889/1889/1889
f 1888/1888/1888 1887/1887/1887 1892/1892/1892
f 1893/1893/1893 1887/1887/1887 1891/1891/1891
f 1892/1892/1892 1887/1887/1887 1893/1893/1893
f 1891/1891/1891 1892/1892/1892 1893/1893/1893
f 1896/1896/1896 1895/1895/1895 1894/1894/1894
f 1897/1897/1897 1895/1895/1895 1896/1896/1896
f 1896/1896/1896 1898/1898/1898 1897/1897/1897
f 1895/1895/1895 1897/1897/1897 1899/1899/1899
f 1899/1899/1899 1900/1900/1900 1895/1895/1895
f 1901/1901/1901 1898/1898/1898 1896/1896/1896
f 1896/1896/1896 1894/1894/1894 1901/1901/1901
f 1902/1902/1902 1898/1898/1898 1901/1901/1901
f 1903/1903/1903 1902/1902/1902 1901/1901/1901
f 1904/1904/1904 1902/1902/1902 1903/1903/1903
f 1903/1903/1903 1901/1901/1901 1905/1905/1905
f 1905/1905/1905 1901/1901/1901 1906/1906/1906
f 1901/1901/1901 1894/1894/1894 1906/1906/1906
f 1905/1905/1905 1906/1906/1906 1907/1907/1907
f 1907/1907/1907 1906/1906/1906 1908/1908/1908
f 1906/1906/1906 1894/1894/1894 1908/1908/1908
f 1908/1908/1908 1894/1894/1894 1909/1909/1909
f 1894/1894/1894 1910/1910/1910 1909/1909/1909
f 1910/1910/1910 1894/1894/1894 1895/1895/1895
f 1909/1909/1909 1910/1910/1910 1911/1911/1911
f 1910/1910/1910 1895/1895/1895 1912/1912/1912
f 1910/1910/1910 1912/1912/1912 1911/1911/1911
f 1912/1912/1912 1895/1895/1895 1900/1900/1900
f 1911/1911/1911 1912/1912/1912 1913/1913/1913
f 1900/1900/1900 1913/1913/1913 1912/1912/1912
f 1916/1916/1916 1915/1915/1915 1914/1914/1914
f 1917/1917/1917 1915/1915/1915 1916/1916/1916
f 1918/1918/1918 1917/1917/1917 1916/1916/1916
f 1919/1919/1919 1917/1917/1917 1918/1918/1918
f 1918/1918/1918 1916/1916/1916 1920/1920/1920
f 1916/1916/1916 1914/1914/1914 1921/1921/1921
f 1914/1914/1914 1915/1915/1915 1922/1922/1922
f 1914/1914/1914 1922/1922/1922 1921/1921/1921
f 1922/1922/1922 1915/1915/1915 1923/1923/1923
f 1921/1921/1921 1922/1922/1922 1924/1924/1924
f 1921/1921/1921 1924/1924/1924 1925/1925/1925
f 1922/1922/1922 1926/1926/1926 1924/1924/1924
f 1922/1922/1922 1923/1923/1923 1926/1926/1926
f 1926/1926/1926 1923/1923/1923 1927/1927/1927
f 1927/1927/1927 1928/1928/1928 1926/1926/1926
f 1926/1926/1926 1928/1928/1928 1929/1929/1929
f 1928/1928/1928 1930/1930/1930 1929/1929/1929
f 1926/1926/1926 1929/1929/1929 1931/1931/1931
f 1929/1929/1929 1930/1930/1930 1932/1932/1932
f 1931/1931/1931 1929/1929/1929 1933/1933/1933
f 1932/1932/1932 1933/1933/1933 1929/1929/1929
f 1931/1931/1931 1933/1933/1933 1934/1934/1934
f 1934/1934/1934 1933/1933/1933 1935/1935/1935
f 1936/1936/1936 1933/1933/1933 1932/1932/1932
f 1933/1933/1933 1936/1936/1936 1937/1937/1937
f 1940/1940/1940 1939/1939/1939 1938/1938/1938
f 1941/1941/1941 1939/1939/1939 1940/1940/1940
f 1940/1940/1940 1938/1938/1938 1942/1942/1942
f 1942/1942/1942 1938/1938/1938 1943/1943/1943
f 1938/1938/1938 1944/1944/1944 1943/1943/1943
f 1938/1938/1938 1945/1945/1945 1944/1944/1944
f 1939/1939/1939 1945/1945/1945 1938/1938/1938
f 1939/1939/1939 1946/1946/1946 1945/1945/1945
f 1941/1941/1941 1946/1946/1946 1939/1939/1939
f 1947/1947/1947 1946/1946/1946 1941/1941/1941
f 1950/1950/1950 1949/1949/1949 1948/1948/1948
f 1951/1951/1951 1949/1949/1949 1950/1950/1950
f 1952/1952/1952 1951/1951/1951 1950/1950/1950
f 1950/1950/1950 1953/1953/1953 1952/1952/1952
f 1952/1952/1952 1953/1953/1953 1954/1954/1954
f 1955/1955/1955 1953/1953/1953 1950/1950/1950
f 1956/1956/1956 1953/1953/1953 1955/1955/1955
f 1955/1955/1955 1957/1957/1957 1956/1956/1956
f 1958/1958/1958 1957/1957/1957 1955/1955/1955
f 1958/1958/1958 1959/1959/1959 1957/1957/1957
f 1960/1960/1960 1959/1959/1959 1958/1958/1958
f 1961/1961/1961 1959/1959/1959 1960/1960/1960
f 1962/1962/1962 1959/1959/1959 1961/1961/1961
f 1963/1963/1963 1962/1962/1962 1961/1961/1961
f 1964/1964/1964 1962/1962/1962 1963/1963/1963
f 1965/1965/1965 1964/1964/1964 1963/1963/1963
f 1966/1966/1966 1964/1964/1964 1965/1965/1965
f 1967/1967/1967 1949/1949/1949 1951/1951/1951
f 1967/1967/1967 1968/1968/1968 1949/1949/1949
f 1949/1949/1949 1968/1968/1968 1948/1948/1948
f 1948/1948/1948 1968/1968/1968 1969/1969/1969
f 1968/1968/1968 1970/1970/1970 1969/1969/1969
f 1970/1970/1970 1968/1968/1968 1967/1967/1967
f 1969/1969/1969 1970/1970/1970 1971/1971/1971
f 1967/1967/1967 1972/1972/1972 1970/1970/1970
f 1970/1970/1970 1972/1972/1972 1971/1971/1971
f 1971/1971/1971 1972/1972/1972 1973/1973/1973
f 1974/1974/1974 1972/1972/1972 1967/1967/1967
f 1972/1972/1972 1961/1961/1961 1973/1973/1973
f 1974/1974/1974 1975/1975/1975 1972/1972/1972
f 1975/1975/1975 1961/1961/1961 1972/1972/1972
f 1975/1975/1975 1974/1974/1974 1976/1976/1976
f 1975/1975/1975 1976/1976/1976 1961/1961/1961
f 1976/1976/1976 1974/1974/1974 1977/1977/1977
f 1961/1961/1961 1976/1976/1976 1978/1978/1978
f 1977/1977/1977 1979/1979/1979 1976/1976/1976
f 1976/1976/1976 1979/1979/1979 1978/1978/1978
f 1977/1977/1977 1980/1980/1980 1979/1979/1979
f 1978/1978/1978 1979/1979/1979 1981/1981/1981
f 1980/1980/1980 1965/1965/1965 1979/1979/1979
f 1979/1979/1979 1965/1965/1965 1981/1981/1981
f 1984/1984/1984 1983/1983/1983 1982/1982/1982
f 1985/1985/1985 1983/1983/1983 1984/1984/1984
f 1985/1985/1985 1986/1986/1986 1983/1983/1983
f 1987/1987/1987 1986/1986/1986 1985/1985/1985
f 1986/1986/1986 1987/1987/1987 1988/1988/1988
f 1989/1989/1989 1982/1982/1982 1983/1983/1983
f 1990/1990/1990 1982/1982/1982 1989/1989/1989
f 1983/1983/1983 1991/1991/1991 1989/1989/1989
f 1992/1992/1992 1990/1990/1990 1989/1989/1989
f 1991/1991/1991 1992/1992/1992 1989/1989/1989
f 1993/1993/1993 1990/1990/1990 1992/1992/1992
f 1992/1992/1992 1994/1994/1994 1993/1993/1993
f 1996/1996/1996 1995/1995/1995 1991/1991/1991
f 1997/1997/1997 1991/1991/1991 1995/1995/1995
f 1997/1997/1997 1992/1992/1992 1991/1991/1991
f 1998/1998/1998 1994/1994/1994 1992/1992/1992
f 1992/1992/1992 1997/1997/1997 1998/1998/1998
f 1999/1999/1999 1998/1998/1998 1997/1997/1997
f 1999/1999/1999 1997/1997/1997 2000/2000/2000
f 2001/2001/2001 1998/1998/1998 1999/1999/1999
f 2001/2001/2001 1994/1994/1994 1998/1998/1998
f 2002/2002/2002 1994/1994/1994 2001/2001/2001
f 2003/2003/2003 2002/2002/2002 2001/2001/2001
f 2004/2004/2004 2002/2002/2002 2003/2003/2003
f 2003/2003/2003 2001/2001/2001 2005/2005/2005
f 2008/2008/2008 2007/2007/2007 2006/2006/2006
f 2007/2007/2007 2009/2009/2009 2006/2006/2006
f 2010/2010/2010 2007/2007/2007 2008/2008/2008
f 2007/2007/2007 2011/2011/2011 2009/2009/2009
f 2010/2010/2010 2012/2012/2012 2007/2007/2007
f 2012/2012/2012 2011/2011/2011 2007/2007/2007
f 2013/2013/2013 2012/2012/2012 2010/2010/2010
f 2012/2012/2012 225/225/225 2011/2011/2011
f 2013/2013/2013 225/225/225 2012/2012/2012
f 2014/2014/2014 225/225/225 2013/2013/2013
f 2017/2017/2017 2016/2016/2016 2015/2015/2015
f 2018/2018/2018 2016/2016/2016 2017/2017/2017
f 2016/2016/2016 2019/2019/2019 2015/2015/2015
f 2015/2015/2015 2019/2019/2019 2020/2020/2020
f 2021/2021/2021 2020/2020/2020 2019/2019/2019
f 2015/2015/2015 2020/2020/2020 2022/2022/2022
f 2017/2017/2017 2015/2015/2015 2022/2022/2022
f 2017/2017/2017 2023/2023/2023 2018/2018/2018
f 2022/2022/2022 2023/2023/2023 2017/2017/2017
f 2023/2023/2023 2024/2024/2024 2018/2018/2018
f 2025/2025/2025 2023/2023/2023 2022/2022/2022
f 2026/2026/2026 2024/2024/2024 2023/2023/2023
f 2026/2026/2026 2023/2023/2023 2025/2025/2025
f 2026/2026/2026 2027/2027/2027 2024/2024/2024
f 2028/2028/2028 2026/2026/2026 2025/2025/2025
f 2028/2028/2028 2027/2027/2027 2026/2026/2026
f 2029/2029/2029 2028/2028/2028 2025/2025/2025
f 2030/2030/2030 2027/2027/2027 2028/2028/2028
f 2030/2030/2030 2028/2028/2028 2029/2029/2029
f 2031/2031/2031 2027/2027/2027 2030/2030/2030
f 2032/2032/2032 2030/2030/2030 2029/2029/2029
f 2032/2032/2032 2031/2031/2031 2030/2030/2030
f 2033/2033/2033 2031/2031/2031 2032/2032/2032
f 2034/2034/2034 2032/2032/2032 2029/2029/2029
f 2033/2033/2033 2032/2032/2032 2035/2035/2035
f 2035/2035/2035 2032/2032/2032 2034/2034/2034
f 2035/2035/2035 2034/2034/2034 2036/2036/2036
f 2039/2039/2039 2038/2038/2038 2037/2037/2037
f 2040/2040/2040 2037/2037/2037 2038/2038/2038
f 2041/2041/2041 2038/2038/2038 2039/2039/2039
f 2039/2039/2039 2037/2037/2037 2042/2042/2042
f 2043/2043/2043 2041/2041/2041 2039/2039/2039
f 2043/2043/2043 2039/2039/2039 2042/2042/2042
f 2044/2044/2044 2041/2041/2041 2043/2043/2043
f 2042/2042/2042 2045/2045/2045 2043/2043/2043
f 2043/2043/2043 2045/2045/2045 2044/2044/2044
f 2046/2046/2046 2045/2045/2045 2042/2042/2042
f 2045/2045/2045 2047/2047/2047 2044/2044/2044
f 2048/2048/2048 2047/2047/2047 2045/2045/2045
f 2048/2048/2048 2045/2045/2045 2046/2046/2046
f 2048/2048/2048 2049/2049/2049 2047/2047/2047
f 2050/2050/2050 2048/2048/2048 2046/2046/2046
f 2050/2050/2050 2049/2049/2049 2048/2048/2048
f 2051/2051/2051 2050/2050/2050 2046/2046/2046
f 2052/2052/2052 2049/2049/2049 2050/2050/2050
f 2052/2052/2052 2050/2050/2050 2051/2051/2051
f 2053/2053/2053 2049/2049/2049 2052/2052/2052
f 2054/2054/2054 2052/2052/2052 2051/2051/2051
f 2054/2054/2054 2053/2053/2053 2052/2052/2052
f 2055/2055/2055 2053/2053/2053 2054/2054/2054
f 2056/2056/2056 2054/2054/2054 2051/2051/2051
f 2055/2055/2055 2054/2054/2054 2057/2057/2057
f 2057/2057/2057 2054/2054/2054 2056/2056/2056
f 2057/2057/2057 2056/2056/2056 2058/2058/2058
f 2061/2061/2061 2060/2060/2060 2059/2059/2059
f 2060/2060/2060 2062/2062/2062 2059/2059/2059
f 2059/2059/2059 2062/2062/2062 2063/2063/2063
f 2059/2059/2059 2063/2063/2063 2064/2064/2064
f 2065/2065/2065 2060/2060/2060 2061/2061/2061
f 2061/2061/2061 1923/1923/1923 2065/2065/2065
f 2061/2061/2061 2059/2059/2059 2066/2066/2066
f 2066/2066/2066 2059/2059/2059 2067/2067/2067
f 2067/2067/2067 2068/2068/2068 2066/2066/2066
f 2069/2069/2069 2061/2061/2061 2066/2066/2066
f 2069/2069/2069 2066/2066/2066 2070/2070/2070
f 2070/2070/2070 2066/2066/2066 2071/2071/2071
f 2072/2072/2072 2061/2061/2061 2069/2069/2069
f 2072/2072/2072 1923/1923/1923 2061/2061/2061
f 2072/2072/2072 2073/2073/2073 1923/1923/1923
f 2074/2074/2074 2073/2073/2073 2072/2072/2072
f 2074/2074/2074 2072/2072/2072 2075/2075/2075
f 2076/2076/2076 2073/2073/2073 2074/2074/2074
f 2077/2077/2077 2073/2073/2073 2076/2076/2076
f 2078/2078/2078 2074/2074/2074 2075/2075/2075
f 2076/2076/2076 2074/2074/2074 2078/2078/2078
f 2078/2078/2078 2075/2075/2075 2079/2079/2079
f 2079/2079/2079 2075/2075/2075 2070/2070/2070
f 2080/2080/2080 2076/2076/2076 2078/2078/2078
f 2080/2080/2080 2077/2077/2077 2076/2076/2076
f 2081/2081/2081 2077/2077/2077 2080/2080/2080
f 2084/2084/2084 2083/2083/2083 2082/2082/2082
f 2085/2085/2085 2083/2083/2083 2084/2084/2084
f 2086/2086/2086 2085/2085/2085 2084/2084/2084
f 2084/2084/2084 2082/2082/2082 2086/2086/2086
f 2083/2083/2083 2087/2087/2087 2082/2082/2082
f 2086/2086/2086 2089/2089/2089 2088/2088/2088
f 2090/2090/2090 2089/2089/2089 2086/2086/2086
f 2086/2086/2086 2082/2082/2082 2090/2090/2090
f 2089/2089/2089 2090/2090/2090 2091/2091/2091
f 2082/2082/2082 2087/2087/2087 2092/2092/2092
f 2087/2087/2087 2093/2093/2093 2092/2092/2092
f 2092/2092/2092 2093/2093/2093 2094/2094/2094
f 2095/2095/2095 2092/2092/2092 2094/2094/2094
f 2091/2091/2091 2095/2095/2095 2096/2096/2096
f 2090/2090/2090 2082/2082/2082 2097/2097/2097
f 2097/2097/2097 2082/2082/2082 2092/2092/2092
f 2091/2091/2091 2090/2090/2090 2097/2097/2097
f 2097/2097/2097 2092/2092/2092 2095/2095/2095
f 2097/2097/2097 2095/2095/2095 2091/2091/2091
f 2100/2100/2100 2099/2099/2099 2098/2098/2098
f 2101/2101/2101 2099/2099/2099 2100/2100/2100
f 2100/2100/2100 2098/2098/2098 2102/2102/2102
f 2103/2103/2103 2101/2101/2101 2100/2100/2100
f 2103/2103/2103 2100/2100/2100 2102/2102/2102
f 2104/2104/2104 2101/2101/2101 2103/2103/2103
f 2104/2104/2104 2103/2103/2103 2105/2105/2105
f 2106/2106/2106 2103/2103/2103 2102/2102/2102
f 2105/2105/2105 2103/2103/2103 2106/2106/2106
f 2105/2105/2105 2106/2106/2106 2107/2107/2107
f 2102/2102/2102 2098/2098/2098 2108/2108/2108
f 2098/2098/2098 2099/2099/2099 2109/2109/2109
f 2098/2098/2098 2109/2109/2109 2108/2108/2108
f 2109/2109/2109 2099/2099/2099 2110/2110/2110
f 2109/2109/2109 2111/2111/2111 2108/2108/2108
f 2109/2109/2109 2110/2110/2110 2111/2111/2111
f 2108/2108/2108 2111/2111/2111 2112/2112/2112
f 2111/2111/2111 2110/2110/2110 2113/2113/2113
f 2114/2114/2114 2111/2111/2111 2113/2113/2113
f 2112/2112/2112 2111/2111/2111 2114/2114/2114
f 2113/2113/2113 2115/2115/2115 2114/2114/2114
f 2114/2114/2114 2116/2116/2116 2112/2112/2112
f 2114/2114/2114 2115/2115/2115 2116/2116/2116
f 2116/2116/2116 2117/2117/2117 2112/2112/2112
f 2115/2115/2115 2118/2118/2118 2116/2116/2116
f 2116/2116/2116 2118/2118/2118 2117/2117/2117
f 2119/2119/2119 2117/2117/2117 2118/2118/2118
f 2122/2122/2122 2121/2121/2121 2120/2120/2120
f 2123/2123/2123 2121/2121/2121 2122/2122/2122
f 2124/2124/2124 2123/2123/2123 2122/2122/2122
f 2122/2122/2122 2120/2120/2120 2124/2124/2124
f 2121/2121/2121 2125/2125/2125 2120/2120/2120
f 2124/2124/2124 2127/2127/2127 2126/2126/2126
f 2128/2128/2128 2127/2127/2127 2124/2124/2124
f 2124/2124/2124 2120/2120/2120 2128/2128/2128
f 2127/2127/2127 2128/2128/2128 2129/2129/2129
f 2120/2120/2120 2125/2125/2125 2130/2130/2130
f 2125/2125/2125 2131/2131/2131 2130/2130/2130
f 2130/2130/2130 2131/2131/2131 2132/2132/2132
f 2133/2133/2133 2130/2130/2130 2132/2132/2132
f 2129/2129/2129 2133/2133/2133 2134/2134/2134
f 2128/2128/2128 2120/2120/2120 2135/2135/2135
f 2135/2135/2135 2120/2120/2120 2130/2130/2130
f 2129/2129/2129 2128/2128/2128 2135/2135/2135
f 2135/2135/2135 2130/2130/2130 2133/2133/2133
f 2135/2135/2135 2133/2133/2133 2129/2129/2129
f 2138/2138/2138 2137/2137/2137 2136/2136/2136
f 2139/2139/2139 2137/2137/2137 2138/2138/2138
f 2142/2142/2142 2141/2141/2141 2140/2140/2140
f 2143/2143/2143 2140/2140/2140 2141/2141/2141
f 2140/2140/2140 2144/2144/2144 2142/2142/2142
f 2145/2145/2145 2142/2142/2142 2144/2144/2144
f 2146/2146/2146 2140/2140/2140 2143/2143/2143
f 2146/2146/2146 2144/2144/2144 2140/2140/2140
f 2147/2147/2147 2146/2146/2146 2143/2143/2143
f 2144/2144/2144 2148/2148/2148 2145/2145/2145
f 2149/2149/2149 2146/2146/2146 2147/2147/2147
f 2146/2146/2146 2149/2149/2149 2144/2144/2144
f 2150/2150/2150 2149/2149/2149 2147/2147/2147
f 2148/2148/2148 2144/2144/2144 2151/2151/2151
f 2151/2151/2151 2144/2144/2144 2149/2149/2149
f 2151/2151/2151 2152/2152/2152 2148/2148/2148
f 2153/2153/2153 2152/2152/2152 2151/2151/2151
f 2151/2151/2151 2149/2149/2149 2153/2153/2153
f 2154/2154/2154 2152/2152/2152 2153/2153/2153
f 2155/2155/2155 2149/2149/2149 2150/2150/2150
f 2153/2153/2153 2149/2149/2149 2155/2155/2155
f 2156/2156/2156 2155/2155/2155 2150/2150/2150
f 2157/2157/2157 2155/2155/2155 2156/2156/2156
f 2157/2157/2157 2153/2153/2153 2155/2155/2155
f 2158/2158/2158 2153/2153/2153 2157/2157/2157
f 2158/2158/2158 2154/2154/2154 2153/2153/2153
f 2159/2159/2159 2154/2154/2154 2158/2158/2158
f 2162/2162/2162 2161/2161/2161 2160/2160/2160
f 2160/2160/2160 2161/2161/2161 2163/2163/2163
f 2163/2163/2163 2161/2161/2161 2164/2164/2164
f 2167/2167/2167 2166/2166/2166 2165/2165/2165
f 2168/2168/2168 2166/2166/2166 2167/2167/2167
f 2169/2169/2169 2166/2166/2166 2168/2168/2168
f 2172/2172/2172 2171/2171/2171 2170/2170/2170
f 2172/2172/2172 2170/2170/2170 2173/2173/2173
f 2173/2173/2173 2174/2174/2174 2172/2172/2172
f 2175/2175/2175 2171/2171/2171 2172/2172/2172
f 2176/2176/2176 2175/2175/2175 2172/2172/2172
f 2176/2176/2176 2177/2177/2177 2175/2175/2175
f 2178/2178/2178 2177/2177/2177 2176/2176/2176
f 2177/2177/2177 2179/2179/2179 2175/2175/2175
f 2175/2175/2175 2179/2179/2179 2171/2171/2171
f 2171/2171/2171 2179/2179/2179 2180/2180/2180
f 2180/2180/2180 2179/2179/2179 2181/2181/2181
f 2171/2171/2171 2180/2180/2180 2182/2182/2182
f 2181/2181/2181 2183/2183/2183 2180/2180/2180
f 2182/2182/2182 2180/2180/2180 2184/2184/2184
f 2182/2182/2182 2184/2184/2184 2185/2185/2185
f 2180/2180/2180 2183/2183/2183 2186/2186/2186
f 2186/2186/2186 2184/2184/2184 2180/2180/2180
f 2183/2183/2183 2187/2187/2187 2186/2186/2186
f 2186/2186/2186 2187/2187/2187 2188/2188/2188
f 2186/2186/2186 2188/2188/2188 2184/2184/2184
f 2189/2189/2189 2188/2188/2188 2187/2187/2187
f 2190/2190/2190 2188/2188/2188 2189/2189/2189
f 2188/2188/2188 2190/2190/2190 2191/2191/2191
f 2184/2184/2184 2188/2188/2188 2191/2191/2191
f 2191/2191/2191 2192/2192/2192 2184/2184/2184
f 2195/2195/2195 2194/2194/2194 2193/2193/2193
f 2193/2193/2193 2194/2194/2194 2196/2196/2196
f 2196/2196/2196 2194/2194/2194 2197/2197/2197
f 2200/2200/2200 2199/2199/2199 2198/2198/2198
f 2201/2201/2201 2199/2199/2199 2200/2200/2200
f 2202/2202/2202 2199/2199/2199 2201/2201/2201
f 2205/2205/2205 2204/2204/2204 2203/2203/2203
f 2205/2205/2205 2203/2203/2203 2206/2206/2206
f 2206/2206/2206 2203/2203/2203 2207/2207/2207
f 2210/2210/2210 2209/2209/2209 2208/2208/2208
f 2210/2210/2210 2208/2208/2208 2211/2211/2211
f 2211/2211/2211 2208/2208/2208 2212/2212/2212
f 2215/2215/2215 2214/2214/2214 2213/2213/2213
f 2215/2215/2215 2213/2213/2213 2216/2216/2216
f 2216/2216/2216 2213/2213/2213 2217/2217/2217
f 2220/2220/2220 2219/2219/2219 2218/2218/2218
f 2220/2220/2220 2218/2218/2218 2221/2221/2221
f 2221/2221/2221 2218/2218/2218 2222/2222/2222
f 2225/2225/2225 2224/2224/2224 2223/2223/2223
f 2225/2225/2225 2223/2223/2223 2226/2226/2226
f 2226/2226/2226 2223/2223/2223 2227/2227/2227
f 2230/2230/2230 2229/2229/2229 2228/2228/2228
f 2228/2228/2228 2229/2229/2229 2231/2231/2231
f 2231/2231/2231 2229/2229/2229 2232/2232/2232
f 2235/2235/2235 2234/2234/2234 2233/2233/2233
f 2233/2233/2233 2234/2234/2234 2236/2236/2236
f 2236/2236/2236 2234/2234/2234 2237/2237/2237
f 2240/2240/2240 2239/2239/2239 2238/2238/2238
f 2240/2240/2240 2238/2238/2238 2241/2241/2241
f 2241/2241/2241 2238/2238/2238 2242/2242/2242
f 2245/2245/2245 2244/2244/2244 2243/2243/2243
f 2243/2243/2243 2244/2244/2244 2246/2246/2246
f 2246/2246/2246 2244/2244/2244 2247/2247/2247
f 2250/2250/2250 2249/2249/2249 2248/2248/2248
f 2248/2248/2248 2249/2249/2249 2251/2251/2251
f 2251/2251/2251 2249/2249/2249 2252/2252/2252
f 2255/2255/2255 2254/2254/2254 2253/2253/2253
f 2253/2253/2253 2254/2254/2254 2256/2256/2256
f 2256/2256/2256 2254/2254/2254 2257/2257/2257
f 2260/2260/2260 2259/2259/2259 2258/2258/2258
f 2262/2262/2262 2258/2258/2258 2261/2261/2261
f 2260/2260/2260 2258/2258/2258 2262/2262/2262
f 2263/2263/2263 2260/2260/2260 2262/2262/2262
f 2264/2264/2264 2260/2260/2260 2263/2263/2263
f 2264/2264/2264 2265/2265/2265 2260/2260/2260
f 2265/2265/2265 2259/2259/2259 2260/2260/2260
f 2259/2259/2259 2267/2267/2267 2266/2266/2266
f 2259/2259/2259 2268/2268/2268 2267/2267/2267
f 2269/2269/2269 2268/2268/2268 2259/2259/2259
f 2265/2265/2265 2269/2269/2269 2259/2259/2259
f 2270/2270/2270 2269/2269/2269 2265/2265/2265
f 2265/2265/2265 2271/2271/2271 2270/2270/2270
f 2272/2272/2272 2265/2265/2265 2264/2264/2264
f 2272/2272/2272 2271/2271/2271 2265/2265/2265
f 2272/2272/2272 2273/2273/2273 2271/2271/2271
f 2274/2274/2274 2273/2273/2273 2272/2272/2272
f 2274/2274/2274 2272/2272/2272 2275/2275/2275
f 2276/2276/2276 2273/2273/2273 2274/2274/2274
f 2276/2276/2276 2274/2274/2274 2275/2275/2275
f 2277/2277/2277 2273/2273/2273 2276/2276/2276
f 2278/2278/2278 2276/2276/2276 2275/2275/2275
f 2278/2278/2278 2275/2275/2275 2279/2279/2279
f 2280/2280/2280 2276/2276/2276 2278/2278/2278
f 2280/2280/2280 2277/2277/2277 2276/2276/2276
f 2281/2281/2281 2277/2277/2277 2280/2280/2280
f 2284/2284/2284 2283/2283/2283 2282/2282/2282
f 2285/2285/2285 2283/2283/2283 2284/2284/2284
f 2286/2286/2286 2285/2285/2285 2284/2284/2284
f 2284/2284/2284 2282/2282/2282 2286/2286/2286
f 2283/2283/2283 2287/2287/2287 2282/2282/2282
f 2286/2286/2286 2289/2289/2289 2288/2288/2288
f 2290/2290/2290 2289/2289/2289 2286/2286/2286
f 2286/2286/2286 2282/2282/2282 2290/2290/2290
f 2289/2289/2289 2290/2290/2290 2291/2291/2291
f 2282/2282/2282 2287/2287/2287 2292/2292/2292
f 2287/2287/2287 1872/1872/1872 2292/2292/2292
f 2292/2292/2292 1872/1872/1872 1677/1677/1677
f 2293/2293/2293 2292/2292/2292 1677/1677/1677
f 2291/2291/2291 2293/2293/2293 2294/2294/2294
f 2290/2290/2290 2282/2282/2282 2295/2295/2295
f 2295/2295/2295 2282/2282/2282 2292/2292/2292
f 2291/2291/2291 2290/2290/2290 2295/2295/2295
f 2295/2295/2295 2292/2292/2292 2293/2293/2293
f 2295/2295/2295 2293/2293/2293 2291/2291/2291
f 2298/2298/2298 2297/2297/2297 2296/2296/2296
f 2298/2298/2298 2296/2296/2296 2299/2299/2299
f 2297/2297/2297 2300/2300/2300 2296/2296/2296
f 2301/2301/2301 2297/2297/2297 2298/2298/2298
f 2296/2296/2296 2300/2300/2300 2302/2302/2302
f 2303/2303/2303 2302/2302/2302 2300/2300/2300
f 2296/2296/2296 2302/2302/2302 2304/2304/2304
f 2305/2305/2305 2302/2302/2302 2303/2303/2303
f 2304/2304/2304 2302/2302/2302 2306/2306/2306
f 2305/2305/2305 2306/2306/2306 2302/2302/2302
f 2306/2306/2306 2307/2307/2307 2304/2304/2304
f 2308/2308/2308 2307/2307/2307 2306/2306/2306
f 2309/2309/2309 2306/2306/2306 2305/2305/2305
f 2306/2306/2306 2309/2309/2309 2310/2310/2310
f 2311/2311/2311 2301/2301/2301 2298/2298/2298
f 2312/2312/2312 2301/2301/2301 2311/2311/2311
f 2311/2311/2311 2298/2298/2298 2313/2313/2313
f 2314/2314/2314 2311/2311/2311 2313/2313/2313
f 2314/2314/2314 2313/2313/2313 2315/2315/2315
f 2316/2316/2316 2312/2312/2312 2311/2311/2311
f 2316/2316/2316 2311/2311/2311 2314/2314/2314
f 2317/2317/2317 2312/2312/2312 2316/2316/2316
f 2318/2318/2318 2316/2316/2316 2314/2314/2314
f 2318/2318/2318 2317/2317/2317 2316/2316/2316
f 2319/2319/2319 2317/2317/2317 2318/2318/2318
f 2322/2322/2322 2321/2321/2321 2320/2320/2320
f 2322/2322/2322 2320/2320/2320 2323/2323/2323
f 2323/2323/2323 2320/2320/2320 2324/2324/2324
f 2324/2324/2324 2325/2325/2325 2323/2323/2323
f 2323/2323/2323 2325/2325/2325 2326/2326/2326
f 2325/2325/2325 2327/2327/2327 2326/2326/2326
f 2326/2326/2326 2327/2327/2327 2328/2328/2328
f 2326/2326/2326 2328/2328/2328 2329/2329/2329
f 2323/2323/2323 2326/2326/2326 2330/2330/2330
f 2330/2330/2330 2326/2326/2326 2331/2331/2331
f 2331/2331/2331 2332/2332/2332 2330/2330/2330
f 2333/2333/2333 2332/2332/2332 2331/2331/2331
f 2322/2322/2322 2323/2323/2323 2334/2334/2334
f 2334/2334/2334 2323/2323/2323 2335/2335/2335
f 2334/2334/2334 2335/2335/2335 2336/2336/2336
f 2337/2337/2337 2334/2334/2334 2336/2336/2336
f 2338/2338/2338 2322/2322/2322 2334/2334/2334
f 2337/2337/2337 2338/2338/2338 2334/2334/2334
f 2338/2338/2338 2321/2321/2321 2322/2322/2322
f 2339/2339/2339 2338/2338/2338 2337/2337/2337
f 2339/2339/2339 2321/2321/2321 2338/2338/2338
f 2340/2340/2340 2339/2339/2339 2337/2337/2337
f 2341/2341/2341 2321/2321/2321 2339/2339/2339
f 2340/2340/2340 2341/2341/2341 2339/2339/2339
f 2342/2342/2342 2341/2341/2341 2340/2340/2340
f 2345/2345/2345 2344/2344/2344 2343/2343/2343
f 2344/2344/2344 2346/2346/2346 2343/2343/2343
f 2347/2347/2347 2344/2344/2344 2345/2345/2345
f 2343/2343/2343 2346/2346/2346 2348/2348/2348
f 2349/2349/2349 2348/2348/2348 2346/2346/2346
f 2350/2350/2350 2348/2348/2348 2349/2349/2349
f 2348/2348/2348 2351/2351/2351 2343/2343/2343
f 2351/2351/2351 2345/2345/2345 2343/2343/2343
f 2350/2350/2350 2352/2352/2352 2348/2348/2348
f 2353/2353/2353 2352/2352/2352 2350/2350/2350
f 2352/2352/2352 2353/2353/2353 2354/2354/2354
f 2354/2354/2354 2353/2353/2353 2355/2355/2355
f 2345/2345/2345 2356/2356/2356 2347/2347/2347
f 2357/2357/2357 2345/2345/2345 2351/2351/2351
f 2357/2357/2357 2351/2351/2351 2358/2358/2358
f 2359/2359/2359 2356/2356/2356 2345/2345/2345
f 2345/2345/2345 2357/2357/2357 2359/2359/2359
f 2360/2360/2360 2356/2356/2356 2359/2359/2359
f 2361/2361/2361 2356/2356/2356 2360/2360/2360
f 2362/2362/2362 2359/2359/2359 2357/2357/2357
f 2360/2360/2360 2359/2359/2359 2362/2362/2362
f 2362/2362/2362 2357/2357/2357 2363/2363/2363
f 2363/2363/2363 2357/2357/2357 2364/2364/2364
f 2365/2365/2365 2361/2361/2361 2360/2360/2360
f 2366/2366/2366 2361/2361/2361 2365/2365/2365
f 2365/2365/2365 2360/2360/2360 2367/2367/2367
f 2369/2369/2369 2136/2136/2136 2368/2368/2368
f 2368/2368/2368 2370/2370/2370 2369/2369/2369
f 2371/2371/2371 2136/2136/2136 2369/2369/2369
f 2136/2136/2136 2373/2373/2373 2372/2372/2372
f 2374/2374/2374 2373/2373/2373 2136/2136/2136
f 2371/2371/2371 2374/2374/2374 2136/2136/2136
f 2375/2375/2375 2374/2374/2374 2371/2371/2371
f 2371/2371/2371 2376/2376/2376 2375/2375/2375
f 2377/2377/2377 2376/2376/2376 2371/2371/2371
f 2377/2377/2377 2371/2371/2371 2378/2378/2378
f 2377/2377/2377 2379/2379/2379 2376/2376/2376
f 2380/2380/2380 2379/2379/2379 2377/2377/2377
f 2380/2380/2380 2377/2377/2377 2381/2381/2381
f 2139/2139/2139 2380/2380/2380 2381/2381/2381
f 2139/2139/2139 2381/2381/2381 2382/2382/2382
f 2383/2383/2383 2379/2379/2379 2380/2380/2380
f 2383/2383/2383 2380/2380/2380 2139/2139/2139
f 2384/2384/2384 2379/2379/2379 2383/2383/2383
f 2138/2138/2138 2383/2383/2383 2139/2139/2139
f 2138/2138/2138 2384/2384/2384 2383/2383/2383
f 2385/2385/2385 2384/2384/2384 2138/2138/2138
f 2388/2388/2388 2387/2387/2387 2386/2386/2386
f 2387/2387/2387 2389/2389/2389 2386/2386/2386
f 2386/2386/2386 2389/2389/2389 2390/2390/2390
f 2386/2386/2386 2390/2390/2390 2388/2388/2388
f 2389/2389/2389 2391/2391/2391 2390/2390/2390
f 2388/2388/2388 2393/2393/2393 2392/2392/2392
f 2394/2394/2394 2393/2393/2393 2388/2388/2388
f 2388/2388/2388 2390/2390/2390 2394/2394/2394
f 2393/2393/2393 2394/2394/2394 2395/2395/2395
f 2390/2390/2390 2391/2391/2391 2396/2396/2396
f 2391/2391/2391 2131/2131/2131 2396/2396/2396
f 2396/2396/2396 2131/2131/2131 2397/2397/2397
f 2398/2398/2398 2396/2396/2396 2397/2397/2397
f 2395/2395/2395 2398/2398/2398 2399/2399/2399
f 2394/2394/2394 2390/2390/2390 2400/2400/2400
f 2400/2400/2400 2390/2390/2390 2396/2396/2396
f 2395/2395/2395 2394/2394/2394 2400/2400/2400
f 2400/2400/2400 2396/2396/2396 2398/2398/2398
f 2400/2400/2400 2398/2398/2398 2395/2395/2395
f 2403/2403/2403 2402/2402/2402 2401/2401/2401
f 2404/2404/2404 2401/2401/2401 2402/2402/2402
f 2405/2405/2405 2402/2402/2402 2403/2403/2403
f 2403/2403/2403 2401/2401/2401 2406/2406/2406
f 2407/2407/2407 2405/2405/2405 2403/2403/2403
f 2407/2407/2407 2403/2403/2403 2406/2406/2406
f 2408/2408/2408 2405/2405/2405 2407/2407/2407
f 2406/2406/2406 2409/2409/2409 2407/2407/2407
f 2407/2407/2407 2409/2409/2409 2408/2408/2408
f 2410/2410/2410 2409/2409/2409 2406/2406/2406
f 2409/2409/2409 2411/2411/2411 2408/2408/2408
f 2412/2412/2412 2411/2411/2411 2409/2409/2409
f 2412/2412/2412 2409/2409/2409 2410/2410/2410
f 2412/2412/2412 2413/2413/2413 2411/2411/2411
f 2414/2414/2414 2412/2412/2412 2410/2410/2410
f 2414/2414/2414 2413/2413/2413 2412/2412/2412
f 2415/2415/2415 2414/2414/2414 2410/2410/2410
f 2416/2416/2416 2413/2413/2413 2414/2414/2414
f 2416/2416/2416 2414/2414/2414 2415/2415/2415
f 2417/2417/2417 2413/2413/2413 2416/2416/2416
f 2418/2418/2418 2416/2416/2416 2415/2415/2415
f 2418/2418/2418 2417/2417/2417 2416/2416/2416
f 2419/2419/2419 2417/2417/2417 2418/2418/2418
f 2420/2420/2420 2418/2418/2418 2415/2415/2415
f 2419/2419/2419 2418/2418/2418 2421/2421/2421
f 2421/2421/2421 2418/2418/2418 2420/2420/2420
f 2421/2421/2421 2420/2420/2420 2422/2422/2422
f 2425/2425/2425 2424/2424/2424 2423/2423/2423
f 2424/2424/2424 2426/2426/2426 2423/2423/2423
f 2423/2423/2423 2426/2426/2426 2427/2427/2427
f 2423/2423/2423 2427/2427/2427 2425/2425/2425
f 2426/2426/2426 2428/2428/2428 2427/2427/2427
f 2425/2425/2425 2430/2430/2430 2429/2429/2429
f 2431/2431/2431 2430/2430/2430 2425/2425/2425
f 2425/2425/2425 2427/2427/2427 2431/2431/2431
f 2430/2430/2430 2431/2431/2431 2432/2432/2432
f 2427/2427/2427 2428/2428/2428 2433/2433/2433
f 2428/2428/2428 2434/2434/2434 2433/2433/2433
f 2433/2433/2433 2434/2434/2434 2435/2435/2435
f 2436/2436/2436 2433/2433/2433 2435/2435/2435
f 2432/2432/2432 2436/2436/2436 2437/2437/2437
f 2431/2431/2431 2427/2427/2427 2438/2438/2438
f 2438/2438/2438 2427/2427/2427 2433/2433/2433
f 2432/2432/2432 2431/2431/2431 2438/2438/2438
f 2438/2438/2438 2433/2433/2433 2436/2436/2436
f 2438/2438/2438 2436/2436/2436 2432/2432/2432
f 2441/2441/2441 2440/2440/2440 2439/2439/2439
f 2440/2440/2440 2442/2442/2442 2439/2439/2439
f 2440/2440/2440 2443/2443/2443 2442/2442/2442
f 2444/2444/2444 2443/2443/2443 2440/2440/2440
f 2445/2445/2445 2444/2444/2444 2440/2440/2440
f 2445/2445/2445 2440/2440/2440 2441/2441/2441
f 2446/2446/2446 2444/2444/2444 2445/2445/2445
f 2445/2445/2445 2447/2447/2447 2446/2446/2446
f 2448/2448/2448 2445/2445/2445 2441/2441/2441
f 2448/2448/2448 2441/2441/2441 2449/2449/2449
f 2450/2450/2450 2445/2445/2445 2448/2448/2448
f 2450/2450/2450 2447/2447/2447 2445/2445/2445
f 2450/2450/2450 2451/2451/2451 2447/2447/2447
f 2452/2452/2452 2451/2451/2451 2450/2450/2450
f 2452/2452/2452 2450/2450/2450 2453/2453/2453
f 2454/2454/2454 2452/2452/2452 2453/2453/2453
f 2454/2454/2454 2451/2451/2451 2452/2452/2452
f 2455/2455/2455 2451/2451/2451 2454/2454/2454
f 2456/2456/2456 2455/2455/2455 2454/2454/2454
f 2457/2457/2457 2455/2455/2455 2456/2456/2456
f 2456/2456/2456 2454/2454/2454 2458/2458/2458
f 2458/2458/2458 2454/2454/2454 2459/2459/2459
f 2458/2458/2458 2459/2459/2459 2460/2460/2460
f 2461/2461/2461 2460/2460/2460 2459/2459/2459
f 1925/1925/1925 2462/2462/2462 1920/1920/1920
f 2465/2465/2465 2464/2464/2464 2463/2463/2463
f 2466/2466/2466 2464/2464/2464 2465/2465/2465
f 2468/2468/2468 2467/2467/2467 1335/1335/1335
f 2470/2470/2470 2463/2463/2463 2469/2469/2469
f 2471/2471/2471 2463/2463/2463 2470/2470/2470
f 2470/2470/2470 2469/2469/2469 2472/2472/2472
f 2472/2472/2472 2469/2469/2469 2473/2473/2473
f 2474/2474/2474 2473/2473/2473 2469/2469/2469
f 2475/2475/2475 2473/2473/2473 2474/2474/2474
f 2469/2469/2469 2476/2476/2476 2474/2474/2474
f 2477/2477/2477 2475/2475/2475 2474/2474/2474
f 2476/2476/2476 2477/2477/2477 2474/2474/2474
f 2478/2478/2478 2475/2475/2475 2477/2477/2477
f 2477/2477/2477 2479/2479/2479 2478/2478/2478
f 2481/2481/2481 2476/2476/2476 2480/2480/2480
f 2482/2482/2482 2476/2476/2476 2481/2481/2481
f 2482/2482/2482 2477/2477/2477 2476/2476/2476
f 2483/2483/2483 2479/2479/2479 2477/2477/2477
f 2477/2477/2477 2482/2482/2482 2483/2483/2483
f 2484/2484/2484 2483/2483/2483 2482/2482/2482
f 2484/2484/2484 2482/2482/2482 2466/2466/2466
f 2485/2485/2485 2483/2483/2483 2484/2484/2484
f 2485/2485/2485 2479/2479/2479 2483/2483/2483
f 2486/2486/2486 2479/2479/2479 2485/2485/2485
f 2487/2487/2487 2486/2486/2486 2485/2485/2485
f 2488/2488/2488 2486/2486/2486 2487/2487/2487
f 2487/2487/2487 2485/2485/2485 2489/2489/2489
f 2491/2491/2491 2139/2139/2139 2490/2490/2490
f 2492/2492/2492 2382/2382/2382 2378/2378/2378
f 2495/2495/2495 2494/2494/2494 2493/2493/2493
f 2496/2496/2496 2495/2495/2495 2493/2493/2493
f 2493/2493/2493 2439/2439/2439 2496/2496/2496
f 2499/2499/2499 2498/2498/2498 2497/2497/2497
f 2498/2498/2498 2500/2500/2500 2497/2497/2497
f 2497/2497/2497 2500/2500/2500 2501/2501/2501
f 2502/2502/2502 2501/2501/2501 2500/2500/2500
f 2505/2505/2505 2504/2504/2504 2503/2503/2503
f 2506/2506/2506 2503/2503/2503 2504/2504/2504
f 2507/2507/2507 2503/2503/2503 2506/2506/2506
f 2508/2508/2508 2503/2503/2503 2507/2507/2507
f 2504/2504/2504 2509/2509/2509 2506/2506/2506
f 2506/2506/2506 2509/2509/2509 2510/2510/2510
f 2511/2511/2511 2503/2503/2503 2508/2508/2508
f 2511/2511/2511 2505/2505/2505 2503/2503/2503
f 2512/2512/2512 2511/2511/2511 2508/2508/2508
f 2513/2513/2513 2511/2511/2511 2512/2512/2512
f 2513/2513/2513 2514/2514/2514 2511/2511/2511
f 2514/2514/2514 2505/2505/2505 2511/2511/2511
f 2515/2515/2515 2514/2514/2514 2513/2513/2513
f 2515/2515/2515 2516/2516/2516 2514/2514/2514
f 2517/2517/2517 2516/2516/2516 2515/2515/2515
f 2516/2516/2516 2518/2518/2518 2514/2514/2514
f 2514/2514/2514 2518/2518/2518 2505/2505/2505
f 2518/2518/2518 2519/2519/2519 2505/2505/2505
f 2505/2505/2505 2519/2519/2519 2520/2520/2520
f 2520/2520/2520 2504/2504/2504 2505/2505/2505
f 2519/2519/2519 2521/2521/2521 2520/2520/2520
f 2520/2520/2520 2522/2522/2522 2504/2504/2504
f 2520/2520/2520 2521/2521/2521 2522/2522/2522
f 2504/2504/2504 2522/2522/2522 2509/2509/2509
f 2521/2521/2521 2523/2523/2523 2522/2522/2522
f 2522/2522/2522 2524/2524/2524 2509/2509/2509
f 2509/2509/2509 2524/2524/2524 2510/2510/2510
f 2510/2510/2510 2524/2524/2524 2525/2525/2525
f 2522/2522/2522 2523/2523/2523 2526/2526/2526
f 2526/2526/2526 2524/2524/2524 2522/2522/2522
f 2523/2523/2523 2527/2527/2527 2526/2526/2526
f 2524/2524/2524 2528/2528/2528 2525/2525/2525
f 2526/2526/2526 2528/2528/2528 2524/2524/2524
f 2525/2525/2525 2528/2528/2528 2529/2529/2529
f 2526/2526/2526 2527/2527/2527 2530/2530/2530
f 2530/2530/2530 2528/2528/2528 2526/2526/2526
f 2527/2527/2527 2531/2531/2531 2530/2530/2530
f 2528/2528/2528 2532/2532/2532 2529/2529/2529
f 2530/2530/2530 2532/2532/2532 2528/2528/2528
f 2529/2529/2529 2532/2532/2532 2533/2533/2533
f 2530/2530/2530 2531/2531/2531 2534/2534/2534
f 2534/2534/2534 2532/2532/2532 2530/2530/2530
f 2531/2531/2531 2535/2535/2535 2534/2534/2534
f 2532/2532/2532 2536/2536/2536 2533/2533/2533
f 2534/2534/2534 2536/2536/2536 2532/2532/2532
f 2533/2533/2533 2536/2536/2536 2537/2537/2537
f 2534/2534/2534 2535/2535/2535 2538/2538/2538
f 2538/2538/2538 2536/2536/2536 2534/2534/2534
f 2535/2535/2535 2539/2539/2539 2538/2538/2538
f 2538/2538/2538 2539/2539/2539 2540/2540/2540
f 2538/2538/2538 2540/2540/2540 2536/2536/2536
f 2539/2539/2539 2541/2541/2541 2540/2540/2540
f 2536/2536/2536 2542/2542/2542 2537/2537/2537
f 2536/2536/2536 2540/2540/2540 2542/2542/2542
f 2537/2537/2537 2542/2542/2542 2543/2543/2543
f 2540/2540/2540 2541/2541/2541 2544/2544/2544
f 2540/2540/2540 2544/2544/2544 2542/2542/2542
f 2541/2541/2541 2545/2545/2545 2544/2544/2544
f 2542/2542/2542 2546/2546/2546 2543/2543/2543
f 2542/2542/2542 2544/2544/2544 2546/2546/2546
f 2543/2543/2543 2546/2546/2546 2547/2547/2547
f 2546/2546/2546 2548/2548/2548 2547/2547/2547
f 2544/2544/2544 2548/2548/2548 2546/2546/2546
f 2547/2547/2547 2548/2548/2548 2549/2549/2549
f 2544/2544/2544 2545/2545/2545 2550/2550/2550
f 2550/2550/2550 2548/2548/2548 2544/2544/2544
f 2545/2545/2545 2551/2551/2551 2550/2550/2550
f 2550/2550/2550 2551/2551/2551 2552/2552/2552
f 2552/2552/2552 2553/2553/2553 2550/2550/2550
f 2550/2550/2550 2553/2553/2553 2548/2548/2548
f 2553/2553/2553 2549/2549/2549 2548/2548/2548
f 2554/2554/2554 2549/2549/2549 2553/2553/2553
f 2557/2557/2557 2556/2556/2556 2555/2555/2555
f 2558/2558/2558 2556/2556/2556 2557/2557/2557
f 2556/2556/2556 2559/2559/2559 2555/2555/2555
f 2560/2560/2560 2558/2558/2558 2557/2557/2557
f 2561/2561/2561 2558/2558/2558 2560/2560/2560
f 2555/2555/2555 2562/2562/2562 2557/2557/2557
f 2563/2563/2563 2561/2561/2561 2560/2560/2560
f 2564/2564/2564 2561/2561/2561 2563/2563/2563
f 2557/2557/2557 2565/2565/2565 2560/2560/2560
f 2562/2562/2562 2565/2565/2565 2557/2557/2557
f 2563/2563/2563 2560/2560/2560 2566/2566/2566
f 2566/2566/2566 2560/2560/2560 2565/2565/2565
f 2567/2567/2567 2564/2564/2564 2563/2563/2563
f 2563/2563/2563 2566/2566/2566 2567/2567/2567
f 2568/2568/2568 2564/2564/2564 2567/2567/2567
f 2569/2569/2569 2568/2568/2568 2567/2567/2567
f 2570/2570/2570 2568/2568/2568 2569/2569/2569
f 2569/2569/2569 2567/2567/2567 2571/2571/2571
f 2571/2571/2571 2567/2567/2567 2572/2572/2572
f 2567/2567/2567 2566/2566/2566 2572/2572/2572
f 2571/2571/2571 2572/2572/2572 2573/2573/2573
f 2573/2573/2573 2572/2572/2572 2574/2574/2574
f 2572/2572/2572 2566/2566/2566 2574/2574/2574
f 2573/2573/2573 2574/2574/2574 2575/2575/2575
f 2574/2574/2574 2566/2566/2566 2576/2576/2576
f 2566/2566/2566 2565/2565/2565 2576/2576/2576
f 2575/2575/2575 2574/2574/2574 2577/2577/2577
f 2574/2574/2574 2576/2576/2576 2577/2577/2577
f 2575/2575/2575 2577/2577/2577 2578/2578/2578
f 2576/2576/2576 2565/2565/2565 2579/2579/2579
f 2562/2562/2562 2579/2579/2579 2565/2565/2565
f 2577/2577/2577 2576/2576/2576 2580/2580/2580
f 2576/2576/2576 2579/2579/2579 2580/2580/2580
f 2578/2578/2578 2577/2577/2577 2581/2581/2581
f 2577/2577/2577 2580/2580/2580 2581/2581/2581
f 2578/2578/2578 2581/2581/2581 2582/2582/2582
f 2582/2582/2582 2581/2581/2581 2583/2583/2583
f 2582/2582/2582 2583/2583/2583 2584/2584/2584
f 2581/2581/2581 2580/2580/2580 2585/2585/2585
f 2581/2581/2581 2585/2585/2585 2583/2583/2583
f 2584/2584/2584 2583/2583/2583 2586/2586/2586
f 2580/2580/2580 2587/2587/2587 2585/2585/2585
f 2580/2580/2580 2579/2579/2579 2587/2587/2587
f 2584/2584/2584 2586/2586/2586 2588/2588/2588
f 2583/2583/2583 2585/2585/2585 2589/2589/2589
f 2583/2583/2583 2589/2589/2589 2586/2586/2586
f 2585/2585/2585 2587/2587/2587 2590/2590/2590
f 2585/2585/2585 2590/2590/2590 2589/2589/2589
f 2591/2591/2591 2587/2587/2587 2579/2579/2579
f 2591/2591/2591 2579/2579/2579 2562/2562/2562
f 2592/2592/2592 2590/2590/2590 2587/2587/2587
f 2592/2592/2592 2587/2587/2587 2591/2591/2591
f 2589/2589/2589 2590/2590/2590 2593/2593/2593
f 2589/2589/2589 2593/2593/2593 2586/2586/2586
f 2586/2586/2586 2593/2593/2593 2594/2594/2594
f 2595/2595/2595 2593/2593/2593 2590/2590/2590
f 2595/2595/2595 2590/2590/2590 2592/2592/2592
f 2596/2596/2596 2593/2593/2593 2595/2595/2595
f 2593/2593/2593 2596/2596/2596 2597/2597/2597
f 2598/2598/2598 2595/2595/2595 2592/2592/2592
f 2599/2599/2599 2596/2596/2596 2595/2595/2595
f 2599/2599/2599 2595/2595/2595 2598/2598/2598
f 2600/2600/2600 2596/2596/2596 2599/2599/2599
f 2596/2596/2596 2600/2600/2600 2597/2597/2597
f 2597/2597/2597 2600/2600/2600 2601/2601/2601
f 2597/2597/2597 2601/2601/2601 2602/2602/2602
f 2603/2603/2603 2597/2597/2597 2602/2602/2602
f 2586/2586/2586 2597/2597/2597 2603/2603/2603
f 2588/2588/2588 2586/2586/2586 2603/2603/2603
f 2603/2603/2603 2604/2604/2604 2588/2588/2588
f 2605/2605/2605 2604/2604/2604 2603/2603/2603
f 2604/2604/2604 2605/2605/2605 2606/2606/2606
f 2606/2606/2606 2605/2605/2605 2607/2607/2607
f 2606/2606/2606 2607/2607/2607 2608/2608/2608
f 2608/2608/2608 2607/2607/2607 2609/2609/2609
f 2609/2609/2609 2610/2610/2610 2608/2608/2608
f 2611/2611/2611 2610/2610/2610 2609/2609/2609
f 2610/2610/2610 2611/2611/2611 2612/2612/2612
f 2612/2612/2612 2611/2611/2611 2613/2613/2613
f 2600/2600/2600 2615/2615/2615 2614/2614/2614
f 2615/2615/2615 2600/2600/2600 2616/2616/2616
f 2616/2616/2616 2600/2600/2600 2599/2599/2599
f 2615/2615/2615 2617/2617/2617 2614/2614/2614
f 2614/2614/2614 2617/2617/2617 2618/2618/2618
f 2614/2614/2614 2618/2618/2618 2619/2619/2619
f 2619/2619/2619 2618/2618/2618 2620/2620/2620
f 2620/2620/2620 2621/2621/2621 2619/2619/2619
f 2622/2622/2622 2621/2621/2621 2620/2620/2620
f 2622/2622/2622 2623/2623/2623 2621/2621/2621
f 2624/2624/2624 2623/2623/2623 2622/2622/2622
f 2624/2624/2624 2625/2625/2625 2623/2623/2623
f 2626/2626/2626 2625/2625/2625 2624/2624/2624
f 2625/2625/2625 2626/2626/2626 2627/2627/2627
f 2627/2627/2627 2626/2626/2626 2628/2628/2628
f 2627/2627/2627 2628/2628/2628 2629/2629/2629
f 2629/2629/2629 2628/2628/2628 2630/2630/2630
f 2631/2631/2631 2619/2619/2619 2621/2621/2621
f 2632/2632/2632 2619/2619/2619 2631/2631/2631
f 2631/2631/2631 2633/2633/2633 2632/2632/2632
f 2633/2633/2633 2631/2631/2631 2634/2634/2634
f 2634/2634/2634 2631/2631/2631 2635/2635/2635
f 2634/2634/2634 2635/2635/2635 2636/2636/2636
f 2637/2637/2637 2621/2621/2621 2635/2635/2635
f 2635/2635/2635 2621/2621/2621 2638/2638/2638
f 2636/2636/2636 2635/2635/2635 2639/2639/2639
f 2635/2635/2635 2638/2638/2638 2639/2639/2639
f 2636/2636/2636 2639/2639/2639 2640/2640/2640
f 2639/2639/2639 2638/2638/2638 2641/2641/2641
f 2640/2640/2640 2639/2639/2639 2642/2642/2642
f 2639/2639/2639 2641/2641/2641 2642/2642/2642
f 2640/2640/2640 2642/2642/2642 2643/2643/2643
f 2642/2642/2642 2641/2641/2641 2644/2644/2644
f 2643/2643/2643 2642/2642/2642 2645/2645/2645
f 2642/2642/2642 2644/2644/2644 2645/2645/2645
f 2645/2645/2645 2644/2644/2644 2646/2646/2646
f 2649/2649/2649 2648/2648/2648 2647/2647/2647
f 2650/2650/2650 2648/2648/2648 2649/2649/2649
f 2651/2651/2651 2650/2650/2650 2649/2649/2649
f 2648/2648/2648 2652/2652/2652 2647/2647/2647
f 2647/2647/2647 2652/2652/2652 2653/2653/2653
f 2650/2650/2650 2654/2654/2654 2648/2648/2648
f 2655/2655/2655 2653/2653/2653 2652/2652/2652
f 2559/2559/2559 2653/2653/2653 2655/2655/2655
f 2555/2555/2555 2559/2559/2559 2655/2655/2655
f 2648/2648/2648 2656/2656/2656 2652/2652/2652
f 2654/2654/2654 2656/2656/2656 2648/2648/2648
f 2652/2652/2652 2657/2657/2657 2655/2655/2655
f 2656/2656/2656 2657/2657/2657 2652/2652/2652
f 2655/2655/2655 2658/2658/2658 2555/2555/2555
f 2657/2657/2657 2658/2658/2658 2655/2655/2655
f 2658/2658/2658 2562/2562/2562 2555/2555/2555
f 2658/2658/2658 2591/2591/2591 2562/2562/2562
f 2659/2659/2659 2591/2591/2591 2658/2658/2658
f 2657/2657/2657 2659/2659/2659 2658/2658/2658
f 2659/2659/2659 2592/2592/2592 2591/2591/2591
f 2598/2598/2598 2592/2592/2592 2659/2659/2659
f 2660/2660/2660 2659/2659/2659 2657/2657/2657
f 2660/2660/2660 2598/2598/2598 2659/2659/2659
f 2656/2656/2656 2660/2660/2660 2657/2657/2657
f 2661/2661/2661 2598/2598/2598 2660/2660/2660
f 2661/2661/2661 2599/2599/2599 2598/2598/2598
f 2616/2616/2616 2599/2599/2599 2661/2661/2661
f 2662/2662/2662 2660/2660/2660 2656/2656/2656
f 2662/2662/2662 2661/2661/2661 2660/2660/2660
f 2654/2654/2654 2662/2662/2662 2656/2656/2656
f 2663/2663/2663 2616/2616/2616 2661/2661/2661
f 2663/2663/2663 2661/2661/2661 2662/2662/2662
f 2664/2664/2664 2662/2662/2662 2654/2654/2654
f 2664/2664/2664 2663/2663/2663 2662/2662/2662
f 2665/2665/2665 2663/2663/2663 2664/2664/2664
f 2666/2666/2666 2616/2616/2616 2663/2663/2663
f 2666/2666/2666 2615/2615/2615 2616/2616/2616
f 2617/2617/2617 2615/2615/2615 2666/2666/2666
f 2663/2663/2663 2667/2667/2667 2666/2666/2666
f 2665/2665/2665 2667/2667/2667 2663/2663/2663
f 2666/2666/2666 2668/2668/2668 2617/2617/2617
f 2667/2667/2667 2668/2668/2668 2666/2666/2666
f 2668/2668/2668 2669/2669/2669 2617/2617/2617
f 2664/2664/2664 2670/2670/2670 2665/2665/2665
f 2665/2665/2665 2670/2670/2670 2667/2667/2667
f 2667/2667/2667 2671/2671/2671 2668/2668/2668
f 2667/2667/2667 2670/2670/2670 2671/2671/2671
f 2668/2668/2668 2672/2672/2672 2669/2669/2669
f 2668/2668/2668 2671/2671/2671 2672/2672/2672
f 2669/2669/2669 2672/2672/2672 2673/2673/2673
f 2673/2673/2673 2674/2674/2674 2669/2669/2669
f 2669/2669/2669 2674/2674/2674 2675/2675/2675
f 2674/2674/2674 2676/2676/2676 2675/2675/2675
f 2677/2677/2677 2676/2676/2676 2674/2674/2674
f 2677/2677/2677 2678/2678/2678 2676/2676/2676
f 2679/2679/2679 2678/2678/2678 2677/2677/2677
f 2679/2679/2679 2680/2680/2680 2678/2678/2678
f 2681/2681/2681 2680/2680/2680 2679/2679/2679
f 2680/2680/2680 2681/2681/2681 2682/2682/2682
f 2682/2682/2682 2681/2681/2681 2683/2683/2683
f 2672/2672/2672 2684/2684/2684 2673/2673/2673
f 2684/2684/2684 2672/2672/2672 2685/2685/2685
f 2685/2685/2685 2672/2672/2672 2671/2671/2671
f 2685/2685/2685 2671/2671/2671 2686/2686/2686
f 2686/2686/2686 2671/2671/2671 2670/2670/2670
f 2687/2687/2687 2684/2684/2684 2685/2685/2685
f 2688/2688/2688 2685/2685/2685 2686/2686/2686
f 2687/2687/2687 2685/2685/2685 2688/2688/2688
f 2689/2689/2689 2684/2684/2684 2687/2687/2687
f 2689/2689/2689 2690/2690/2690 2684/2684/2684
f 2688/2688/2688 2691/2691/2691 2687/2687/2687
f 2687/2687/2687 2691/2691/2691 2692/2692/2692
f 2687/2687/2687 2692/2692/2692 2689/2689/2689
f 2688/2688/2688 2693/2693/2693 2691/2691/2691
f 2689/2689/2689 2692/2692/2692 2694/2694/2694
f 2689/2689/2689 2694/2694/2694 2695/2695/2695
f 2696/2696/2696 2690/2690/2690 2689/2689/2689
f 2696/2696/2696 2697/2697/2697 2690/2690/2690
f 2698/2698/2698 2697/2697/2697 2696/2696/2696
f 2697/2697/2697 2698/2698/2698 2699/2699/2699
f 2699/2699/2699 2698/2698/2698 2700/2700/2700
f 2699/2699/2699 2700/2700/2700 2701/2701/2701
f 2701/2701/2701 2700/2700/2700 2702/2702/2702
f 2702/2702/2702 2703/2703/2703 2701/2701/2701
f 2704/2704/2704 2703/2703/2703 2702/2702/2702
f 2704/2704/2704 2705/2705/2705 2703/2703/2703
f 2706/2706/2706 2705/2705/2705 2704/2704/2704
f 2705/2705/2705 2706/2706/2706 2707/2707/2707
f 2707/2707/2707 2706/2706/2706 2708/2708/2708
f 2710/2710/2710 2709/2709/2709 2651/2651/2651
f 2709/2709/2709 2650/2650/2650 2651/2651/2651
f 2711/2711/2711 2709/2709/2709 2710/2710/2710
f 2712/2712/2712 2711/2711/2711 2710/2710/2710
f 2713/2713/2713 2711/2711/2711 2712/2712/2712
f 2709/2709/2709 2714/2714/2714 2650/2650/2650
f 2714/2714/2714 2654/2654/2654 2650/2650/2650
f 2711/2711/2711 2715/2715/2715 2709/2709/2709
f 2715/2715/2715 2714/2714/2714 2709/2709/2709
f 2713/2713/2713 2716/2716/2716 2711/2711/2711
f 2716/2716/2716 2715/2715/2715 2711/2711/2711
f 2717/2717/2717 2716/2716/2716 2713/2713/2713
f 2714/2714/2714 2718/2718/2718 2654/2654/2654
f 2715/2715/2715 2718/2718/2718 2714/2714/2714
f 2654/2654/2654 2718/2718/2718 2664/2664/2664
f 2718/2718/2718 2670/2670/2670 2664/2664/2664
f 2719/2719/2719 2718/2718/2718 2715/2715/2715
f 2719/2719/2719 2670/2670/2670 2718/2718/2718
f 2716/2716/2716 2719/2719/2719 2715/2715/2715
f 2686/2686/2686 2670/2670/2670 2719/2719/2719
f 2717/2717/2717 2720/2720/2720 2716/2716/2716
f 2720/2720/2720 2719/2719/2719 2716/2716/2716
f 2720/2720/2720 2686/2686/2686 2719/2719/2719
f 2693/2693/2693 2720/2720/2720 2717/2717/2717
f 2688/2688/2688 2686/2686/2686 2720/2720/2720
f 2720/2720/2720 2693/2693/2693 2688/2688/2688
f 2723/2723/2723 2722/2722/2722 2721/2721/2721
f 2682/2682/2682 2722/2722/2722 2723/2723/2723
