# Exported from Godot Engine
o MS_Tree_Damaged_LOD1
v -0.114820 -0.050000 0.171946
vt 0.807942 0.565843
vn -0.089810 0.527995 0.844485
v -0.114352 -0.033746 0.160681
vt 0.807686 0.579683
vn -0.003105 0.491644 0.870791
v -0.058978 -0.050000 0.173239
vt 0.846289 0.572073
vn 0.021982 0.231479 0.972592
v -0.158339 -0.050000 0.161763
vt 0.776330 0.566582
vn -0.202555 0.630604 0.749206
v -0.149432 -0.033509 0.148016
vt 0.784187 0.577179
vn -0.038636 0.501285 0.864419
v -0.127932 -0.027656 0.161071
vt 0.796461 0.583763
vn -0.152141 0.545974 0.823872
v -0.133322 -0.012539 0.144072
vt 0.795995 0.593667
vn -0.355111 0.527478 0.771792
v -0.106675 0.001236 0.150809
vt 0.809593 0.607153
vn -0.348658 0.376688 0.858222
v -0.126101 0.007887 0.133000
vt 0.793763 0.615057
vn -0.380142 0.393118 0.837228
v -0.112921 0.009835 0.138132
vt 0.801361 0.615479
vn -0.543264 0.388389 0.744324
v -0.098952 0.037516 0.144371
vt 0.813168 0.633522
vn -0.354048 0.089492 0.930936
v -0.095129 0.094472 0.142669
vt 0.814287 0.672637
vn -0.348840 -0.016837 0.937031
v -0.078123 0.015881 0.149430
vt 0.828356 0.620101
vn -0.140000 0.197676 0.970219
v -0.076117 -0.037569 0.171032
vt 0.828730 0.581343
vn -0.152213 0.096767 0.983599
v -0.074737 0.068798 0.144323
vt 0.830171 0.656143
vn -0.192090 0.057963 0.979664
v -0.045081 0.003496 0.157001
vt 0.853292 0.609700
vn -0.065711 0.195809 0.978438
v -0.005024 -0.009819 0.160842
vt 0.881849 0.603515
vn -0.006124 0.172172 0.985048
v -0.011707 -0.050176 0.167082
vt 0.876690 0.577222
vn 0.030779 0.155258 0.987394
v -0.055498 0.065797 0.152516
vt 0.844111 0.654519
vn -0.222206 0.033390 0.974428
v -0.007190 0.053938 0.155641
vt 0.878832 0.646985
vn 0.024774 0.040986 0.998853
v -0.066479 0.122518 0.147812
vt 0.833537 0.694320
vn -0.191232 -0.003428 0.981539
v -0.042977 0.144706 0.155333
vt 0.851104 0.710531
vn -0.285692 0.025585 0.957980
v 0.004846 0.140191 0.155363
vt 0.885904 0.707988
vn 0.143682 -0.005718 0.989607
v 0.060219 -0.022892 0.168580
vt 0.927677 0.590909
vn -0.113327 0.419514 0.900647
v 0.041895 -0.049881 0.173035
vt 0.913536 0.573226
vn -0.206838 0.294380 0.933037
v 0.076539 -0.050000 0.189277
vt 0.939125 0.569123
vn -0.228949 0.416494 0.879838
v 0.033941 0.073719 0.150075
vt 0.907576 0.665517
vn 0.284969 0.071467 0.955869
v 0.099382 -0.033042 0.185317
vt 0.954384 0.577677
vn 0.195457 0.554544 0.808874
v 0.105509 -0.050000 0.189148
vt 0.959705 0.563842
vn 0.337182 0.321683 0.884776
v 0.124951 -0.050000 0.174897
vt 0.976029 0.567811
vn 0.556880 0.456785 0.693709
v 0.078546 -0.008562 0.158844
vt 0.942182 0.602756
vn 0.197101 0.539897 0.818330
v 0.104670 -0.014143 0.148962
vt 0.963204 0.602419
vn 0.353677 0.723485 0.592860
v 0.100040 0.009808 0.139729
vt 0.958895 0.618885
vn 0.566147 0.473180 0.674966
v 0.044988 0.007934 0.158400
vt 0.917262 0.613215
vn 0.042388 0.415356 0.908671
v 0.081737 0.012198 0.153271
vt 0.944300 0.617053
vn 0.227296 0.449960 0.863639
v 0.071990 0.028450 0.140083
vt 0.938596 0.631213
vn 0.397757 0.346539 0.849529
v 0.066735 0.013240 0.148182
vt 0.934222 0.620352
vn 0.084876 0.448177 0.889906
v 0.049564 0.023021 0.150686
vt 0.921129 0.627414
vn 0.247380 0.234492 0.940115
v 0.104011 0.034560 0.111698
vt 0.963924 0.636817
vn 0.502991 0.390572 0.771009
v 0.078658 0.046983 0.135017
vt 0.945948 0.648982
vn 0.629688 0.265480 0.730077
v 0.098066 0.052832 0.110259
vt 0.962544 0.651165
vn 0.433793 0.768002 0.471165
v 0.087085 0.058470 0.096471
vt 0.966021 0.661749
vn 0.662854 0.605067 0.441042
v 0.061542 0.080738 0.135361
vt 0.931944 0.669380
vn 0.780083 0.257264 0.570338
v 0.062260 0.080572 0.125776
vt 0.939080 0.671037
vn 0.910185 0.288863 0.296852
v 0.071312 0.096960 0.108046
vt 0.950401 0.684873
vn 0.814452 0.068556 0.576166
v 0.089137 0.089637 0.083781
vt 0.963695 0.692742
vn 0.818628 0.113161 0.563065
v 0.077069 0.121346 0.100591
vt 0.955465 0.705592
vn 0.854796 0.098599 0.509511
v 0.056160 0.115743 0.126695
vt 0.931282 0.695173
vn 0.860674 0.114282 0.496165
v 0.069943 0.130134 0.114123
vt 0.943504 0.706581
vn 0.775042 0.210379 0.595861
v 0.078483 0.138853 0.083954
vt 0.964100 0.716779
vn 0.620790 0.438087 0.650154
v 0.056164 0.150562 0.117158
vt 0.935365 0.720529
vn 0.877634 0.138294 0.458948
v 0.053350 0.187305 0.118802
vt 0.930515 0.746376
vn 0.925657 0.131990 0.354596
v 0.052071 0.118407 0.137019
vt 0.919559 0.697411
vn 0.740655 0.092259 0.665522
v 0.026857 0.131605 0.149313
vt 0.901490 0.703496
vn 0.364248 0.031061 0.930784
v 0.057858 0.166564 0.133666
vt 0.923634 0.729797
vn 0.953527 -0.017407 0.300804
v 0.022178 0.197313 0.150626
vt 0.896149 0.752459
vn 0.335701 0.093166 0.937350
v 0.041321 0.211262 0.141667
vt 0.913558 0.760003
vn 0.609450 0.281551 0.741148
v 0.037081 0.248019 0.128228
vt 0.913048 0.787307
vn 0.527764 0.093495 0.844230
v 0.057575 0.361270 0.107223
vt 0.924242 0.832390
vn 0.833631 0.009475 0.552241
v 0.020683 0.224219 0.137719
vt 0.900096 0.770459
vn 0.412645 0.333272 0.847735
v -0.042966 0.196490 0.161951
vt 0.851782 0.747054
vn -0.528743 0.010868 0.848713
v 0.000595 0.234347 0.158762
vt 0.879643 0.774384
vn 0.484849 0.090390 0.869914
v 0.006950 0.236774 0.141875
vt 0.891056 0.778835
vn 0.706431 0.251606 0.661551
v -0.000496 0.310691 0.142531
vt 0.876345 0.828265
vn 0.330689 0.159158 0.930223
v 0.002377 0.266074 0.156134
vt 0.878781 0.796240
vn 0.724691 0.120700 0.678420
v -0.025917 0.297207 0.159271
vt 0.859251 0.814366
vn -0.132015 0.454897 0.880704
v -0.040660 0.303495 0.144621
vt 0.845645 0.820904
vn -0.256506 0.204471 0.944667
v -0.044126 0.249963 0.157456
vt 0.847927 0.783469
vn -0.802725 0.086188 0.590088
v -0.045448 0.227153 0.144218
vt 0.840174 0.768688
vn -0.991137 0.020172 0.131304
v -0.051943 0.165136 0.144400
vt 0.839792 0.725347
vn -0.501435 0.065283 0.862729
v -0.066655 0.175882 0.142478
vt 0.827476 0.731656
vn 0.236790 0.248572 0.939225
v -0.087879 0.205606 0.135863
vt 0.811098 0.752403
vn 0.115981 0.295087 0.948405
v -0.045448 0.227153 0.144218
vt 0.840174 0.768688
vn -0.188111 0.002595 0.982144
v -0.071130 0.294104 0.140055
vt 0.823784 0.813775
vn -0.277038 0.025262 0.960527
v -0.102822 0.231657 0.127116
vt 0.795838 0.770893
vn -0.368924 0.268170 0.889933
v -0.095248 0.206187 0.139780
vt 0.804603 0.748564
vn 0.074964 0.419743 0.904542
v -0.084224 0.176107 0.153329
vt 0.815185 0.728651
vn 0.055582 0.192375 0.979746
v -0.090196 0.135825 0.147154
vt 0.814787 0.701261
vn -0.296356 -0.090133 0.950815
v -0.114554 0.119541 0.132757
vt 0.799191 0.695542
vn -0.611209 -0.043911 0.790251
v -0.113562 0.188465 0.138306
vt 0.793984 0.736983
vn -0.542796 0.072194 0.836756
v -0.128683 0.208130 0.123106
vt 0.786247 0.723125
vn -0.861834 0.042396 0.505416
v -0.125317 0.228312 0.124640
vt 0.782504 0.765807
vn -0.724596 0.393788 0.565590
v -0.126982 0.249384 0.101384
vt 0.773338 0.786893
vn -0.729316 0.153885 0.666646
v -0.128683 0.208130 0.123106
vt 0.777640 0.752324
vn -0.861834 0.042396 0.505416
v -0.124920 0.211511 0.104532
vt 0.768787 0.759304
vn -0.992311 0.042883 0.116105
v -0.124018 0.234681 0.110761
vt 0.775407 0.773655
vn -0.938805 -0.338626 0.063061
v -0.126982 0.249384 0.101384
vt 0.773338 0.786893
vn -0.910678 -0.336502 -0.239649
v -0.132363 0.226664 0.094194
vt 0.761048 0.768728
vn -0.728456 -0.396431 0.558744
v -0.137708 0.237746 0.108110
vt 0.764845 0.779639
vn -0.281735 -0.800409 0.529123
v -0.149432 -0.033509 0.148016
vt 0.248064 0.816542
vn -0.038636 0.501285 0.864419
v -0.158339 -0.050000 0.161763
vt 0.265138 0.815800
vn -0.202555 0.630604 0.749206
v -0.154159 -0.017787 0.141748
vt 0.240466 0.807277
vn -0.316400 0.572372 0.756493
v -0.133322 -0.012539 0.144072
vt 0.233434 0.819380
vn -0.355111 0.527478 0.771792
v -0.168366 -0.008816 0.123774
vt 0.234437 0.790446
vn -0.543158 0.590478 0.596921
v -0.193525 -0.049566 0.147415
vt 0.271694 0.789891
vn -0.484571 0.649708 0.585722
v -0.126101 0.007887 0.133000
vt 0.216126 0.817072
vn -0.380142 0.393118 0.837228
v -0.202385 -0.034268 0.110642
vt 0.255668 0.767644
vn -0.624944 0.622374 0.471271
v -0.220385 -0.049828 0.109757
vt 0.269748 0.760163
vn -0.599933 0.668987 0.438791
v -0.230918 -0.035361 0.074203
vt 0.257692 0.737260
vn -0.641083 0.767447 0.006109
v -0.132446 0.037333 0.123244
vt 0.196755 0.807041
vn -0.617216 0.195645 0.762081
v -0.112921 0.009835 0.138132
vt 0.188269 0.821581
vn -0.543264 0.388389 0.744324
v -0.095129 0.094472 0.142669
vt 0.161561 0.828167
vn -0.348840 -0.016837 0.937031
v -0.141232 0.084873 0.107856
vt 0.161684 0.793524
vn -0.714435 0.082994 0.694762
v -0.114554 0.119541 0.132757
vt 0.141178 0.823021
vn -0.611209 -0.043911 0.790251
v -0.139840 0.035218 0.113727
vt 0.198082 0.798086
vn -0.649121 0.281378 0.706731
v -0.164313 0.007521 0.108195
vt 0.219252 0.783639
vn -0.650857 0.462497 0.602065
v -0.204384 -0.017246 0.091415
vt 0.241627 0.756660
vn -0.707061 0.620061 0.339984
v -0.136516 0.161947 0.107300
vt 0.111005 0.802009
vn -0.804911 -0.007314 0.593351
v -0.128683 0.208130 0.123106
vt 0.080532 0.817631
vn -0.861834 0.042396 0.505416
v -0.141050 0.211463 0.104983
vt 0.075944 0.806383
vn -0.840392 -0.040314 0.540477
v -0.161284 0.026128 0.106012
vt 0.206012 0.782907
vn -0.606301 0.221350 0.763808
v -0.161691 0.062001 0.084026
vt 0.177976 0.774925
vn -0.717697 0.242777 0.652664
v -0.156897 0.181179 0.077172
vt 0.094712 0.779400
vn -0.895167 0.006683 0.445681
v -0.176550 0.024751 0.088549
vt 0.205625 0.767451
vn -0.743079 0.408374 0.530155
v -0.168712 0.076728 0.073773
vt 0.167080 0.763092
vn -0.908269 0.102557 0.405623
v -0.162788 0.230481 0.067372
vt 0.058327 0.779318
vn -0.943070 0.002477 0.332586
v -0.155093 0.254353 0.088527
vt 0.046322 0.797708
vn -0.609446 0.505068 0.611132
v -0.160525 0.294565 0.057854
vt 0.014702 0.781054
vn -0.968417 0.069689 0.239400
v -0.167819 0.253148 0.037689
vt 0.039346 0.760069
vn -0.972701 0.230679 -0.025292
v -0.169806 0.206413 0.043295
vt 0.070663 0.759488
vn -0.978936 0.021579 0.203023
v -0.170969 0.149977 0.037972
vt 0.108849 0.747453
vn -0.957192 0.080571 0.278012
v -0.153830 0.275961 0.028825
vt 0.022364 0.756669
vn -0.967919 0.246888 -0.046679
v -0.146777 0.291748 0.055701
vt 0.005393 0.772511
vn -0.957092 0.106574 0.269476
v -0.154701 0.261323 0.013808
vt 0.028748 0.744897
vn -0.949964 0.301870 0.080270
v -0.170902 0.221705 0.011581
vt 0.057830 0.738168
vn -0.991325 0.120491 -0.052500
v -0.163980 0.270284 -0.007634
vt 0.033300 0.728083
vn -0.906102 0.388865 -0.166621
v -0.173356 0.184811 0.019999
vt 0.084493 0.738460
vn -0.998657 0.044289 0.026887
v -0.171458 0.176894 -0.004117
vt 0.085734 0.719280
vn -0.962499 0.068899 -0.262390
v -0.161917 0.185660 -0.019597
vt 0.073698 0.707134
vn -0.788635 0.154394 -0.595161
v -0.159138 0.256688 -0.023842
vt 0.041943 0.716426
vn -0.646441 0.181264 -0.741119
v -0.144884 0.264187 -0.027232
vt 0.047136 0.708045
vn -0.717405 0.168756 -0.675907
v -0.158028 0.162329 -0.040520
vt 0.089288 0.690907
vn -0.644219 0.378652 -0.664534
v -0.137385 0.159192 -0.046536
vt 0.084680 0.677831
vn -0.266509 0.800505 -0.536810
v -0.136469 0.208973 -0.043061
vt 0.054735 0.689237
vn -0.671692 0.050574 -0.739102
v -0.098686 0.212080 -0.066312
vt 0.050832 0.665010
vn -0.573501 0.042362 -0.818109
v -0.111799 0.161564 -0.061686
vt 0.076133 0.658976
vn -0.512526 0.054494 -0.856941
v -0.144070 0.160831 -0.051076
vt 0.088575 0.679349
vn 0.179492 0.979688 0.089413
v -0.172911 0.126339 -0.006644
vt 0.122868 0.712676
vn -0.953764 0.057567 -0.294992
v -0.144764 0.128514 -0.057074
vt 0.106829 0.675258
vn -0.696460 0.000691 -0.717595
v -0.144070 0.160831 -0.051076
vt 0.088575 0.679349
vn -0.584399 0.160176 -0.795500
v -0.152877 0.046841 -0.053041
vt 0.162132 0.660256
vn -0.731599 0.081673 -0.676825
v -0.136542 0.104197 -0.063720
vt 0.115631 0.664312
vn -0.572466 -0.007090 -0.819898
v -0.180118 0.101764 0.023021
vt 0.143390 0.728546
vn -0.993203 0.115383 -0.015315
v -0.181166 0.034577 -0.006181
vt 0.181844 0.697245
vn -0.839511 0.162751 -0.518395
v -0.172533 -0.002130 -0.031742
vt 0.201278 0.669190
vn -0.823597 0.195094 -0.532566
v -0.186559 0.056376 0.010600
vt 0.172096 0.710959
vn -0.982950 0.103170 -0.152204
v -0.193856 -0.017433 -0.009276
vt 0.216585 0.684715
vn -0.912100 0.240587 -0.331951
v -0.162857 -0.027007 -0.056541
vt 0.207555 0.645116
vn -0.825711 0.340681 -0.449597
v -0.149133 -0.003035 -0.063888
vt 0.192572 0.646615
vn -0.599842 0.238607 -0.763713
v -0.202612 -0.049867 -0.010113
vt 0.240792 0.679365
vn -0.826715 0.323873 -0.460053
v -0.168286 -0.050000 -0.071910
vt 0.225578 0.633430
vn -0.733105 0.422075 -0.533301
v -0.188371 0.008100 0.015957
vt 0.206401 0.708513
vn -0.958690 0.252554 -0.130885
v -0.218127 -0.041098 0.022024
vt 0.245835 0.703388
vn -0.845225 0.300395 -0.441993
v -0.231742 -0.050223 0.044927
vt 0.260130 0.716168
vn -0.806317 0.547097 -0.224807
v -0.213468 -0.021972 0.031936
vt 0.234838 0.714406
vn -0.867945 0.469899 -0.160833
v -0.207480 -0.002961 0.029026
vt 0.221026 0.716391
vn -0.587505 0.061492 -0.806881
v -0.210858 -0.025530 0.057031
vt 0.240492 0.730975
vn -0.760120 0.649780 0.001874
v -0.196566 -0.003213 0.060888
vt 0.223402 0.739279
vn -0.872128 0.462656 0.159188
v -0.185495 0.050350 0.032626
vt 0.183038 0.723435
vn -0.965488 0.150775 0.212366
v -0.195989 0.005683 0.040797
vt 0.214097 0.727155
vn -0.876877 0.470365 0.099211
v -0.207480 -0.002961 0.029026
vt 0.221026 0.716391
vn -0.759741 0.560068 0.330330
v -0.179980 0.036532 0.051612
vt 0.192503 0.740802
vn -0.979886 0.199471 -0.005805
v -0.189041 -0.001651 0.076260
vt 0.223955 0.750953
vn -0.939920 0.328283 0.093703
v -0.192307 0.012056 0.068331
vt 0.213452 0.747665
vn -0.955497 0.274880 0.107082
v -0.190975 0.004718 0.092256
vt 0.224007 0.762578
vn -0.788437 0.429580 0.440259
v -0.181642 0.048703 0.057848
vt 0.185378 0.747552
vn -0.964610 0.198478 0.173594
v -0.178371 0.117806 0.035866
vt 0.133518 0.740499
vn -0.964125 0.187167 0.188230
v -0.171119 0.060335 0.065156
vt 0.177227 0.756208
vn -0.910003 0.228866 0.345711
v -0.071130 0.294104 0.140055
vt 0.700327 0.450369
vn -0.277038 0.025262 0.960527
v -0.093828 0.395485 0.127703
vt 0.636171 0.434456
vn -0.475727 0.018975 0.879389
v -0.025645 0.407313 0.140917
vt 0.621487 0.479905
vn -0.043607 0.024367 0.998752
v -0.040660 0.303495 0.144621
vt 0.694967 0.470931
vn -0.256506 0.204471 0.944667
v -0.102822 0.231657 0.127116
vt 0.724331 0.428099
vn -0.368924 0.268170 0.889933
v -0.126982 0.249384 0.101384
vt 0.714741 0.404879
vn -0.729316 0.153885 0.666646
v -0.125636 0.350531 0.097206
vt 0.656844 0.403379
vn -0.802942 0.013295 0.595909
v -0.145769 0.262790 0.065940
vt 0.714128 0.375420
vn -0.898430 0.050668 0.436183
v -0.146777 0.291748 0.055701
vt 0.694894 0.369865
vn -0.957092 0.106574 0.269476
v -0.138223 0.383494 0.076669
vt 0.632847 0.388659
vn -0.913375 0.010499 0.406985
v -0.153830 0.275961 0.028825
vt 0.704335 0.350906
vn -0.967919 0.246888 -0.046679
v -0.098152 0.609457 0.123164
vt 0.480237 0.439349
vn -0.600915 0.010179 0.799248
v -0.128869 0.722878 0.084330
vt 0.400290 0.413802
vn -0.874374 -0.010600 0.485136
v -0.069710 0.543054 0.136422
vt 0.527343 0.460500
vn -0.259732 0.001366 0.965680
v -0.088920 0.994485 0.124896
vt 0.367835 0.459772
vn -0.657733 -0.334552 0.674879
v -0.050495 0.755752 0.139445
vt 0.397388 0.484371
vn -0.160216 0.018082 0.986916
v -0.145098 0.688954 0.029657
vt 0.420596 0.373259
vn -0.993751 0.009575 0.111207
v -0.139357 0.755156 0.061333
vt 0.374397 0.393632
vn -0.952330 -0.005337 0.305022
v -0.144921 0.787542 0.028263
vt 0.353560 0.375302
vn -0.999220 0.002685 0.039389
v -0.142717 0.752346 0.006384
vt 0.375372 0.356834
vn -0.976642 0.008495 -0.214702
v -0.152850 0.293856 0.001083
vt 0.691493 0.331015
vn -0.982078 0.117085 -0.147698
v -0.154701 0.261323 0.013808
vt 0.713037 0.336673
vn -0.949964 0.301870 0.080270
v -0.163980 0.270284 -0.007634
vt 0.709919 0.327696
vn -0.906102 0.388865 -0.166621
v -0.144884 0.264187 -0.027232
vt 0.710170 0.308204
vn -0.717405 0.168756 -0.675907
v -0.159138 0.256688 -0.023842
vt 0.718427 0.317634
vn -0.646441 0.181264 -0.741119
v -0.137636 0.480846 -0.021997
vt 0.561320 0.325326
vn -0.876779 0.028193 -0.480066
v -0.129387 0.820240 -0.028899
vt 0.330104 0.334710
vn -0.850078 0.003876 -0.526643
v -0.136469 0.208973 -0.043061
vt 0.746194 0.290385
vn -0.671692 0.050574 -0.739102
v -0.123585 0.500199 -0.041561
vt 0.545350 0.307897
vn -0.721195 0.014999 -0.692570
v -0.105112 0.672433 -0.055104
vt 0.425264 0.298707
vn -0.592729 0.012961 -0.805298
v -0.085665 0.469691 -0.070904
vt 0.566821 0.274551
vn -0.571486 0.015072 -0.820473
v -0.076739 0.316049 -0.078001
vt 0.665352 0.250869
vn -0.580620 0.019768 -0.813934
v -0.098686 0.212080 -0.066312
vt 0.740881 0.259605
vn -0.573501 0.042362 -0.818109
v -0.072167 0.206288 -0.090744
vt 0.742224 0.236470
vn -0.379339 0.496684 -0.780645
v -0.056267 0.212633 -0.098029
vt 0.736582 0.225449
vn -0.687085 0.498547 -0.528549
v -0.058694 0.469694 -0.088673
vt 0.560561 0.248789
vn -0.349701 0.017670 -0.936695
v -0.052423 0.671720 -0.083738
vt 0.421629 0.260462
vn -0.299414 0.020684 -0.953899
v -0.071040 0.771205 -0.075239
vt 0.384835 0.280855
vn -0.452611 0.005189 -0.891693
v -0.050931 0.812994 -0.082959
vt 0.353705 0.268390
vn -0.222618 0.001464 -0.974905
v -0.017156 0.719054 -0.086553
vt 0.386274 0.240999
vn 0.072628 0.012821 -0.997277
v -0.016640 0.351101 -0.096432
vt 0.638604 0.211702
vn -0.000221 0.036880 -0.999320
v -0.042076 0.242478 -0.100254
vt 0.714998 0.218356
vn -0.247827 0.191902 -0.949608
v -0.019115 0.536014 -0.092598
vt 0.512095 0.227338
vn 0.041404 0.030718 -0.998670
v -0.006038 0.237181 -0.102263
vt 0.703724 0.200482
vn 0.050524 0.209340 -0.976537
v 0.021932 0.248658 -0.097609
vt 0.683508 0.186876
vn 0.148410 0.094620 -0.984389
v 0.019235 0.364897 -0.092694
vt 0.624126 0.183468
vn 0.264637 0.036317 -0.963664
v 0.033674 0.293785 -0.089600
vt 0.673579 0.169550
vn 0.417447 0.190027 -0.888610
v 0.059400 0.350555 -0.074170
vt 0.633568 0.158254
vn 0.658836 0.022616 -0.751946
v 0.060073 0.283030 -0.077550
vt 0.677961 0.150188
vn 0.666334 0.254428 -0.700903
v 0.035881 0.448888 -0.082324
vt 0.566562 0.180462
vn 0.455258 0.052730 -0.888797
v 0.071212 0.238409 -0.071802
vt 0.690255 0.133516
vn 0.949952 0.068110 -0.304882
v 0.092972 0.347369 -0.014954
vt 0.631880 0.100358
vn 0.975283 0.039599 -0.217383
v 0.087415 0.237666 -0.049979
vt 0.702806 0.121735
vn 0.874884 0.141997 -0.463050
v 0.091093 0.231584 -0.038522
vt 0.700760 0.102239
vn 0.966514 0.131527 -0.220344
v 0.073474 0.386716 -0.060157
vt 0.607531 0.145954
vn 0.799252 0.024603 -0.600493
v 0.069993 0.431045 -0.055223
vt 0.574507 0.150235
vn 0.358652 0.107136 -0.927303
v 0.022848 0.709203 -0.076762
vt 0.388793 0.214316
vn 0.370208 0.026409 -0.928573
v -0.012587 0.931019 -0.085711
vt 0.307967 0.239406
vn 0.085582 -0.002515 -0.996328
v 0.021214 0.950256 -0.075927
vt 0.305565 0.224879
vn 0.551929 -0.111240 -0.826438
v 0.050781 0.772431 -0.058588
vt 0.345376 0.192934
vn 0.663538 0.011816 -0.748049
v 0.051489 0.578896 -0.066647
vt 0.474900 0.177390
vn 0.631653 0.027436 -0.774765
v 0.073627 0.563484 -0.040596
vt 0.482871 0.155390
vn 0.785747 -0.016123 -0.618338
v 0.089056 0.453907 -0.011155
vt 0.553463 0.119438
vn 0.975579 0.046733 -0.214621
v 0.078000 0.601965 -0.038445
vt 0.453835 0.156249
vn 0.872212 0.008234 -0.489059
v 0.077212 0.734137 -0.025241
vt 0.364363 0.164736
vn 0.885869 0.036906 -0.462465
v 0.072603 0.850394 -0.032911
vt 0.301248 0.183235
vn 0.837276 0.018530 -0.546466
v 0.092532 0.431747 0.016150
vt 0.564251 0.094848
vn 0.998928 0.025189 0.038846
v 0.087126 0.744092 0.003119
vt 0.354330 0.143464
vn 0.978588 0.015519 -0.205245
v 0.085877 0.864432 -0.004198
vt 0.292752 0.155632
vn 0.967249 0.030824 -0.251950
v 0.088841 0.766190 0.029683
vt 0.336336 0.127444
vn 0.996091 0.005571 0.088153
v 0.078940 0.848764 0.067715
vt 0.274792 0.108558
vn 0.609014 -0.742731 0.278303
v 0.082807 0.847965 0.064813
vt 0.278356 0.114994
vn 0.709497 -0.480536 0.515461
v 0.081951 0.561078 0.060368
vt 0.456172 0.079640
vn 0.922817 -0.002820 0.385229
v 0.059816 0.830448 0.097644
vt 0.284172 0.086893
vn 0.731513 -0.277016 0.623017
v 0.065746 0.834054 0.096112
vt 0.281145 0.088566
vn 0.262182 -0.945906 -0.191107
v 0.057337 0.605240 0.103268
vt 0.439356 0.056529
vn 0.783335 -0.005531 0.621576
v 0.048096 0.582128 0.113046
vt 0.538927 0.042641
vn 0.691096 -0.014713 0.722613
v 0.088801 0.320151 0.051255
vt 0.635350 0.057830
vn 0.942695 0.041896 0.331014
v 0.057575 0.361270 0.107223
vt 0.601938 0.026598
vn 0.833631 0.009475 0.552241
v 0.099130 0.299129 0.017377
vt 0.654126 0.078030
vn 0.992409 0.075677 0.096939
v 0.072813 0.216069 0.082744
vt 0.701463 0.019140
vn 0.878007 0.040259 0.476952
v 0.053350 0.187305 0.118802
vt 0.703315 0.001929
vn 0.925657 0.131990 0.354596
v 0.078483 0.138853 0.083954
vt 0.731209 0.006901
vn 0.620790 0.438087 0.650154
v 0.090678 0.164624 0.060805
vt 0.728923 0.030883
vn 0.572768 0.309589 0.759007
v 0.097975 0.267901 -0.007159
vt 0.679414 0.092841
vn 0.989362 0.028908 -0.142575
v 0.100848 0.213432 -0.011101
vt 0.718334 0.090006
vn 0.980734 0.129609 -0.146155
v 0.098419 0.223079 0.022172
vt 0.706768 0.067987
vn 0.990595 0.136823 -0.000465
v 0.096390 0.213396 0.035563
vt 0.711466 0.056000
vn 0.734767 0.299387 0.608675
v 0.108424 0.214361 0.029708
vt 0.716004 0.064537
vn 0.583896 0.455569 0.671954
v 0.098419 0.223079 0.022172
vt 0.706768 0.067987
vn 0.226453 0.772653 0.593065
v 0.113354 0.189016 0.046901
vt 0.735416 0.055857
vn 0.570260 0.388586 0.723743
v -0.000496 0.310691 0.142531
vt 0.690275 0.497287
vn 0.330689 0.159158 0.930223
v 0.020683 0.224219 0.137719
vt 0.713938 0.509187
vn 0.412645 0.333272 0.847735
v 0.037081 0.248019 0.128228
vt 0.715761 0.519358
vn 0.527764 0.093495 0.844230
v 0.050837 0.362751 0.115827
vt 0.654886 0.542443
vn 0.644075 0.004984 0.764946
v 0.057575 0.361270 0.107223
vt 0.692025 0.540257
vn 0.833631 0.009475 0.552241
v 0.014682 0.517439 0.133833
vt 0.548607 0.517926
vn 0.350853 0.004989 0.936417
v 0.048096 0.582128 0.113046
vt 0.506070 0.544631
vn 0.691096 -0.014713 0.722613
v 0.057575 0.361270 0.107223
vt 0.644592 0.556617
vn 0.833631 0.009475 0.552241
v 0.014849 0.722126 0.135763
vt 0.408133 0.523981
vn 0.391308 -0.009332 0.920213
v -0.009590 0.677563 0.139399
vt 0.439017 0.501917
vn 0.087692 -0.010233 0.996095
v -0.009205 0.747984 0.143099
vt 0.388600 0.509782
vn 0.141188 0.055574 0.988422
v -0.008253 0.781974 0.138320
vt 0.359766 0.520872
vn 0.167562 0.061196 0.983961
v 0.057337 0.605240 0.103268
vt 0.490334 0.560051
vn 0.783335 -0.005531 0.621576
v 0.037935 0.768438 0.123111
vt 0.377124 0.545545
vn 0.563977 0.030657 0.825221
v 0.059816 0.830448 0.097644
vt 0.334749 0.568753
vn 0.731513 -0.277016 0.623017
v 0.042610 0.835514 0.113738
vt 0.330678 0.554221
vn 0.607775 0.041666 0.793015
v 0.014665 0.890525 0.127341
vt 0.328707 0.538733
vn -0.036708 -0.060802 0.997475
v -0.010287 0.940576 0.134238
vt 0.326119 0.521671
vn 0.025869 -0.210416 0.977270
v -0.141050 0.211463 0.104983
vt 0.762321 0.755329
vn 0.013192 0.829175 0.558834
v -0.124920 0.211511 0.104532
vt 0.768787 0.759304
vn 0.012083 0.853015 0.521747
v -0.128683 0.208130 0.123106
vt 0.777640 0.752324
vn 0.002081 0.983747 0.179550
v -0.132363 0.226664 0.094194
vt 0.761048 0.768728
vn 0.021278 0.570486 0.821032
v -0.124018 0.234681 0.110761
vt 0.775407 0.773655
vn -0.045116 0.530647 0.846392
v -0.137708 0.237746 0.108110
vt 0.764845 0.779639
vn -0.447916 0.368572 0.814571
v -0.126982 0.249384 0.101384
vt 0.773338 0.786893
vn -0.120615 0.698961 0.704916
v -0.155093 0.254353 0.088527
vt 0.762269 0.790831
vn -0.609446 0.505068 0.611132
v -0.141050 0.211463 0.104983
vt 0.754468 0.773485
vn -0.840392 -0.040314 0.540477
v -0.141050 0.211463 0.104983
vt 0.754468 0.773485
vn 0.869094 -0.165940 0.465983
v -0.137708 0.237746 0.108110
vt 0.764845 0.779639
vn 0.869094 -0.165940 0.465983
v -0.132363 0.226664 0.094194
vt 0.761048 0.768728
vn 0.869094 -0.165940 0.465983
v -0.145769 0.262790 0.065940
vt 0.029932 0.801121
vn 0.532808 0.636477 0.557685
v -0.126982 0.249384 0.101384
vt 0.046915 0.812637
vn -0.120615 0.698961 0.704916
v -0.160525 0.294565 0.057854
vt 0.014702 0.781054
vn 0.411280 0.399490 0.819302
v -0.146777 0.291748 0.055701
vt 0.011077 0.792919
vn 0.211963 0.332269 0.919059
v -0.231742 -0.050223 0.044927
vt 0.260130 0.716168
vn -0.946090 -0.277306 0.167377
v -0.230918 -0.035361 0.074203
vt 0.257692 0.737260
vn -0.946090 -0.277306 0.167377
v -0.220385 -0.049828 0.109757
vt 0.269748 0.760163
vn -0.946090 -0.277306 0.167377
v -0.167819 0.253148 0.037689
vt 0.039346 0.760069
vn -0.049133 0.444190 -0.894584
v -0.146777 0.291748 0.055701
vt 0.005393 0.772511
vn -0.049133 0.444190 -0.894584
v -0.160525 0.294565 0.057854
vt 0.014702 0.781054
vn -0.049133 0.444190 -0.894584
v -0.008253 0.781974 0.138320
vt 0.224767 0.629053
vn 0.167562 0.061196 0.983961
v -0.050495 0.755752 0.139445
vt 0.247523 0.638342
vn -0.160216 0.018082 0.986916
v -0.010287 0.940576 0.134238
vt 0.212593 0.541618
vn 0.025869 -0.210416 0.977270
v -0.041407 0.969610 0.140253
vt 0.233646 0.519222
vn -0.094818 -0.011312 0.995430
v -0.083393 0.992086 0.130653
vt 0.262042 0.501357
vn -0.467413 -0.087729 0.879675
v -0.088920 0.994485 0.124896
vt 0.269844 0.499904
vn -0.657733 -0.334552 0.674879
v -0.004008 0.951239 0.141342
vt 0.209241 0.533249
vn 0.026496 -0.267743 0.963126
v -0.054924 0.996156 0.135112
vt 0.242901 0.500282
vn -0.234735 -0.093843 0.967519
v -0.040932 1.016175 0.142827
vt 0.231251 0.485935
vn -0.101202 -0.063200 0.992856
v 0.007654 1.013082 0.136834
vt 0.195571 0.488353
vn 0.318466 -0.078598 0.944670
v 0.014227 0.947663 0.137021
vt 0.195225 0.536659
vn 0.273776 -0.045327 0.960725
v 0.027221 0.910296 0.132774
vt 0.188094 0.563567
vn 0.090468 -0.005716 0.995883
v 0.014665 0.890525 0.127341
vt 0.198356 0.577918
vn -0.036708 -0.060802 0.997475
v 0.053540 0.909730 0.122765
vt 0.164985 0.563442
vn 0.611291 0.092979 0.785925
v 0.032335 0.889553 0.135902
vt 0.185656 0.578462
vn 0.068276 0.024367 0.997369
v 0.035056 0.863874 0.135329
vt 0.184973 0.595688
vn -0.716939 -0.452032 0.530721
v 0.042610 0.835514 0.113738
vt 0.181218 0.620298
vn -0.459640 -0.808108 0.368366
v 0.058104 0.831820 0.121773
vt 0.168798 0.618143
vn -0.353036 -0.921116 0.164042
v 0.065746 0.834054 0.096112
vt 0.151029 0.626986
vn 0.262182 -0.945906 -0.191107
v 0.068279 0.830185 0.107439
vt 0.158184 0.620951
vn -0.269508 -0.928141 -0.256747
v 0.097039 0.851426 0.070022
vt 0.123894 0.606330
vn 0.176691 -0.951698 -0.251102
v 0.078940 0.848764 0.067715
vt 0.125223 0.618475
vn 0.609014 -0.742731 0.278303
v 0.082807 0.847965 0.064813
vt 0.114328 0.611752
vn 0.709497 -0.480536 0.515461
v 0.035056 0.863874 0.135329
vt 0.184973 0.595688
vn 0.609369 0.068888 0.789888
v 0.073001 0.872052 0.105342
vt 0.151414 0.593955
vn 0.787296 0.058878 0.613757
v 0.058104 0.831820 0.121773
vt 0.168798 0.618143
vn 0.716292 0.019576 0.697526
v 0.068279 0.830185 0.107439
vt 0.158184 0.620951
vn 0.809485 -0.062118 0.583845
v 0.097039 0.851426 0.070022
vt 0.123894 0.606330
vn 0.856220 0.059864 0.513130
v 0.063889 0.896956 0.104278
vt 0.155268 0.574693
vn 0.900815 0.341116 0.268647
v 0.084622 0.949305 0.064344
vt 0.120264 0.538388
vn 0.968396 0.065281 0.240723
v 0.094185 0.903048 0.053891
vt 0.112899 0.571632
vn 0.937825 -0.020508 -0.346503
v 0.082807 0.847965 0.064813
vt 0.114328 0.611752
vn 0.412982 -0.258538 -0.873272
v 0.097039 0.851426 0.070022
vt 0.123894 0.606330
vn 0.386399 -0.255625 -0.886200
v 0.083881 0.918533 0.041348
vt 0.104382 0.561006
vn 0.993053 0.058407 -0.102150
v 0.072733 0.901574 0.102328
vt 0.148281 0.571700
vn 0.771948 -0.009231 0.635619
v 0.063889 0.896956 0.104278
vt 0.155268 0.574693
vn 0.345366 -0.283709 0.894557
v 0.073001 0.872052 0.105342
vt 0.151414 0.593955
vn 0.163260 0.101683 0.981329
v 0.070967 0.954467 0.091239
vt 0.142286 0.534199
vn 0.818973 0.099161 0.565199
v 0.043667 0.943022 0.119533
vt 0.170200 0.540918
vn 0.595258 0.159079 0.787630
v 0.089393 0.985565 0.046151
vt 0.106535 0.512678
vn 0.991743 0.095973 0.085057
v 0.071602 0.994698 0.088021
vt 0.139624 0.505852
vn 0.854785 0.053089 0.516261
v 0.055478 1.025199 0.107779
vt 0.155590 0.485716
vn 0.709974 0.002659 0.704223
v 0.077939 1.006258 0.071639
vt 0.126540 0.498099
vn 0.880887 -0.030812 0.472322
v 0.080720 1.029860 0.072985
vt 0.126511 0.481120
vn 0.920129 -0.015817 0.391297
v 0.085195 0.957197 0.030255
vt 0.095437 0.533176
vn 0.983626 -0.173039 0.050374
v 0.088841 0.766190 0.029683
vt 0.094141 0.605516
vn 0.996091 0.005571 0.088153
v 0.085877 0.864432 -0.004198
vt 0.069482 0.597271
vn 0.967249 0.030824 -0.251950
v 0.090637 0.964320 0.017435
vt 0.086350 0.527049
vn 0.973227 -0.229049 -0.019103
v 0.079578 0.943820 -0.007681
vt 0.067518 0.541765
vn 0.931920 -0.048536 -0.359401
v 0.054366 0.968353 -0.049823
vt 0.036712 0.524460
vn 0.739267 -0.164942 -0.652900
v 0.072603 0.850394 -0.032911
vt 0.046225 0.606981
vn 0.837276 0.018530 -0.546466
v 0.050781 0.772431 -0.058588
vt 0.017613 0.609979
vn 0.663538 0.011816 -0.748049
v 0.021214 0.950256 -0.075927
vt 0.015338 0.522495
vn 0.551929 -0.111240 -0.826438
v 0.047313 0.996273 -0.066365
vt 0.019642 0.504670
vn 0.654949 -0.082022 -0.751209
v 0.083148 0.990029 -0.017269
vt 0.059708 0.509618
vn 0.916899 -0.073419 -0.392309
v 0.062028 0.987569 -0.051920
vt 0.036456 0.510527
vn 0.748273 -0.197114 -0.633430
v 0.087563 1.064096 0.010124
vt 0.081417 0.457755
vn 0.995103 0.019504 -0.096895
v 0.071344 1.063726 -0.039789
vt 0.045749 0.456796
vn 0.870136 0.007024 -0.492762
v 0.059512 1.108390 -0.055316
vt 0.032276 0.427147
vn 0.671531 0.032439 -0.740266
v 0.032443 1.114967 -0.067593
vt 0.012020 0.423060
vn 0.812004 -0.067745 -0.579707
v 0.047247 1.192297 -0.062320
vt 0.021604 0.372417
vn 0.683108 0.007807 -0.730275
v 0.078121 1.158022 -0.020556
vt 0.056782 0.391615
vn 0.922257 0.016130 -0.386241
v 0.057990 1.230188 -0.051321
vt 0.032404 0.343121
vn 0.737899 -0.002419 -0.674907
v 0.026850 1.237752 -0.076156
vt 0.003190 0.338851
vn 0.532871 0.014243 -0.846076
v 0.048124 1.301072 -0.060921
vt 0.017368 0.295854
vn 0.658530 0.026803 -0.752077
v 0.070958 1.274317 -0.033841
vt 0.045505 0.312355
vn 0.861863 0.017429 -0.506842
v 0.058893 1.355695 -0.047912
vt 0.031149 0.255500
vn 0.763342 0.001507 -0.645993
v 0.086377 1.167581 0.022545
vt 0.086747 0.386887
vn 0.999816 0.015602 -0.011169
v 0.084516 1.203694 -0.001663
vt 0.072582 0.362288
vn 0.984534 0.002803 -0.175170
v 0.083459 1.273082 -0.004094
vt 0.068106 0.313315
vn 0.961682 0.013416 -0.273838
v 0.084358 1.144640 0.042318
vt 0.109095 0.404749
vn 0.976367 0.008373 0.215955
v 0.081433 1.182736 0.057100
vt 0.112454 0.374837
vn 0.945058 0.010192 0.326744
v 0.069314 1.101342 0.086394
vt 0.138306 0.431582
vn 0.833751 0.047369 0.550105
v 0.081856 1.220308 0.041848
vt 0.103649 0.347277
vn 0.983386 -0.029409 0.179130
v 0.069346 1.191534 0.081568
vt 0.132312 0.368740
vn 0.829928 0.012800 0.557723
v 0.086643 1.263546 0.027396
vt 0.090207 0.319256
vn 0.988630 -0.123423 -0.085896
v 0.024287 1.047542 0.135199
vt 0.185251 0.468954
vn 0.503880 -0.021425 0.863508
v 0.000024 1.039628 0.143651
vt 0.203015 0.471285
vn 0.179062 -0.070607 0.981301
v 0.088153 1.308072 0.014457
vt 0.081665 0.287264
vn 0.955526 -0.026315 -0.293731
v 0.095397 1.274489 0.050646
vt 0.103072 0.310265
vn 0.888513 -0.440923 -0.127010
v 0.086083 1.265395 0.051904
vt 0.107561 0.317510
vn 0.946841 -0.214716 0.239559
v 0.080278 1.345838 -0.009453
vt 0.062315 0.262108
vn 0.927023 0.011018 -0.374844
v 0.089937 1.346075 0.018217
vt 0.081929 0.262304
vn 0.939830 0.092907 -0.328768
v 0.085886 1.368322 0.019569
vt 0.083041 0.245794
vn 0.968863 -0.002325 0.247586
v 0.073376 1.242404 0.075327
vt 0.122406 0.332067
vn 0.898387 -0.008813 0.439117
v 0.080988 1.374160 -0.011182
vt 0.061556 0.242217
vn 0.945403 -0.006003 -0.325847
v 0.063004 1.423856 -0.041473
vt 0.036220 0.209133
vn 0.802020 0.005617 -0.597270
v 0.045233 1.407227 -0.061952
vt 0.017557 0.220902
vn 0.652697 -0.000732 -0.757619
v 0.049205 1.490797 -0.057133
vt 0.020968 0.164131
vn 0.736756 0.104317 -0.668064
v 0.073854 1.459667 -0.022884
vt 0.049803 0.181208
vn 0.798199 0.043540 -0.600818
v 0.080432 1.448393 -0.015655
vt 0.059013 0.190978
vn 0.934520 0.014130 -0.355630
v 0.075408 1.516112 -0.017812
vt 0.051935 0.143450
vn 0.939709 0.021707 -0.341284
v 0.082231 1.395639 0.012095
vt 0.078092 0.227208
vn 0.996847 0.070818 -0.035780
v 0.080124 1.414412 0.036041
vt 0.094481 0.213777
vn 0.986277 -0.039101 0.160402
v 0.061884 1.544747 -0.041617
vt 0.031439 0.125504
vn 0.632016 0.088417 -0.769895
v 0.049205 1.490797 -0.057133
vt 0.020968 0.164131
vn -0.098012 0.296251 -0.950068
v 0.042745 1.500497 -0.053442
vt 0.016340 0.155931
vn 0.488948 0.412647 -0.768539
v 0.056397 1.577199 -0.038521
vt 0.028634 0.102380
vn 0.736114 0.078503 -0.672290
v 0.075447 1.593594 -0.013270
vt 0.051337 0.090363
vn 0.851622 0.122631 -0.509610
v 0.067739 1.604657 -0.013592
vt 0.045734 0.082788
vn 0.586128 0.043240 -0.809064
v 0.077263 1.627661 -0.012586
vt 0.050576 0.065871
vn 0.883388 -0.096121 -0.458680
v 0.062018 1.628918 -0.028978
vt 0.034491 0.068133
vn 0.803562 -0.101509 -0.586501
v 0.051422 1.657496 -0.046887
vt 0.026400 0.052214
vn 0.737750 -0.011124 -0.674982
v 0.080584 1.598746 0.014405
vt 0.070656 0.085503
vn 0.997858 -0.015313 -0.063603
v 0.079472 1.692820 -0.012420
vt 0.047816 0.021761
vn 0.597588 0.720886 -0.351017
v 0.066823 1.687480 -0.020630
vt 0.035523 0.024673
vn 0.697130 0.480128 -0.532435
v 0.081666 1.658766 0.030146
vt 0.079733 0.042361
vn 0.996555 0.040786 0.072209
v 0.084098 1.690253 0.008385
vt 0.061254 0.022395
vn 0.997520 -0.069528 0.010905
v 0.074342 1.693228 0.023620
vt 0.078906 0.021978
vn 0.921164 0.251871 0.296679
v 0.077407 1.681811 0.045663
vt 0.089726 0.024051
vn 0.885018 0.434283 0.167755
v 0.059925 1.697765 0.024336
vt 0.099636 0.004898
vn -0.256711 0.964580 0.060701
v 0.074342 1.693228 0.023620
vt 0.087328 0.004079
vn 0.260617 0.960442 0.098132
v 0.065945 1.692430 0.051410
vt 0.101333 0.017212
vn 0.604185 0.715996 0.349729
v 0.074897 1.671913 0.065952
vt 0.103574 0.033850
vn 0.716037 0.361072 0.597426
v 0.050097 1.679358 0.066839
vt 0.116198 0.023619
vn -0.502348 0.592875 0.629402
v 0.079069 1.610413 0.047627
vt 0.093666 0.076287
vn 0.978574 -0.008830 0.205706
v 0.080257 1.530183 0.038123
vt 0.093444 0.129932
vn 0.988236 0.013471 0.152341
v 0.066077 1.637288 0.081641
vt 0.117837 0.056074
vn 0.773288 0.096184 0.626717
v 0.072418 1.559812 0.067338
vt 0.110849 0.110575
vn 0.935991 -0.022525 0.351304
v 0.064905 1.660272 0.075581
vt 0.114308 0.040263
vn 0.052460 0.331372 0.942041
v 0.053064 1.610823 0.098886
vt 0.132788 0.073184
vn 0.405151 0.175169 0.897312
v 0.050369 1.629833 0.078560
vt 0.131662 0.053598
vn -0.715643 0.397877 0.574064
v 0.053064 1.610823 0.098886
vt 0.132788 0.073184
vn -0.767419 0.414269 0.489336
v 0.044530 1.654202 0.064651
vt 0.131934 0.032039
vn -0.608200 0.576780 0.545360
v 0.038617 1.667683 0.041684
vt 0.121766 0.012944
vn -0.769136 0.580485 0.267333
v 0.065945 1.692430 0.051410
vt 0.101333 0.017212
vn -0.692528 0.705387 0.151109
v 0.033033 1.652507 0.045415
vt 0.138728 0.017412
vn -0.599446 0.743221 0.297133
v 0.020101 1.649371 0.077305
vt 0.153171 0.036789
vn 0.081921 0.994998 -0.057158
v 0.015129 1.648936 0.070771
vt 0.153170 0.027755
vn -0.140041 0.989317 0.040504
v 0.031454 1.648198 0.091618
vt 0.147714 0.048086
vn 0.230009 0.967714 -0.103075
v 0.058135 1.556207 0.097959
vt 0.135520 0.111220
vn 0.780050 0.047279 0.623929
v 0.036976 1.561995 0.111271
vt 0.153960 0.103634
vn 0.118173 0.435772 0.892266
v 0.029265 1.552555 0.123585
vt 0.162974 0.112576
vn 0.267762 0.417490 0.868335
v 0.070341 1.514886 0.073967
vt 0.118347 0.141742
vn 0.921808 0.032881 0.386250
v 0.041754 1.464902 0.111996
vt 0.151623 0.173690
vn 0.671706 -0.152543 0.724942
v 0.067302 1.529976 0.060124
vt 0.109106 0.131356
vn 0.971825 0.100778 0.213073
v 0.077017 1.487203 0.054260
vt 0.104176 0.162089
vn 0.969929 -0.000834 0.243386
v 0.068038 1.442829 0.079138
vt 0.125049 0.191432
vn 0.811454 -0.036046 0.583303
v 0.023205 1.507676 0.126337
vt 0.169430 0.145129
vn 0.411280 0.034976 0.910838
v 0.083735 1.461290 0.007605
vt 0.076322 0.179788
vn 0.999529 0.000126 -0.030673
v 0.007995 1.536146 0.121614
vt 0.179459 0.122684
vn 0.228983 0.146782 0.962300
v 0.006071 1.560743 0.121542
vt 0.181066 0.105701
vn 0.299365 0.055977 0.952495
v -0.016198 1.530123 0.137364
vt 0.195978 0.129868
vn 0.183568 0.079561 0.979782
v -0.020355 1.574069 0.134020
vt 0.204549 0.097399
vn 0.255962 0.379976 0.888876
v 0.072850 1.400232 0.067712
vt 0.118953 0.220836
vn 0.907004 -0.225417 0.355712
v 0.071730 1.386879 0.042459
vt 0.102299 0.232522
vn 0.922881 -0.139611 0.358885
v 0.060581 1.406818 0.086117
vt 0.132599 0.214649
vn 0.705867 -0.125204 0.697192
v 0.077467 1.348069 0.024751
vt 0.091643 0.260212
vn 0.808860 0.017063 0.587754
v 0.089937 1.346075 0.018217
vt 0.081929 0.262304
vn 0.457275 -0.050009 0.887918
v 0.088153 1.308072 0.014457
vt 0.081665 0.287264
vn 0.860934 0.232163 0.452650
v 0.062092 1.384134 0.075061
vt 0.126900 0.232918
vn 0.851078 -0.112821 0.512774
v 0.065231 1.355437 0.073635
vt 0.125672 0.253385
vn 0.931552 0.197069 0.305572
v 0.078998 1.290173 0.050438
vt 0.107814 0.298163
vn 0.876788 0.349884 0.329885
v 0.095397 1.274489 0.050646
vt 0.103072 0.310265
vn 0.303136 0.328850 0.894408
v 0.086083 1.265395 0.051904
vt 0.107561 0.317510
vn 0.060173 0.076093 0.995283
v 0.029461 1.408718 0.113349
vt 0.162408 0.214514
vn 0.653673 -0.034712 0.755981
v 0.049158 1.444825 0.091102
vt 0.140937 0.190430
vn 0.587583 -0.261403 0.765777
v 0.020216 1.442897 0.123361
vt 0.170833 0.190060
vn 0.621473 -0.090523 0.778188
v 0.000026 1.405548 0.134377
vt 0.184988 0.217032
vn 0.331851 -0.011208 0.943265
v 0.036285 1.375597 0.106040
vt 0.158522 0.238949
vn 0.707630 0.117679 0.696714
v -0.015934 1.458260 0.138448
vt 0.198379 0.178900
vn 0.123366 -0.000801 0.992361
v -0.058586 1.420147 0.137590
vt 0.226597 0.205107
vn -0.153134 -0.004423 0.988195
v 0.027046 1.350276 0.121353
vt 0.170012 0.255854
vn 0.570707 0.070757 0.818099
v 0.068944 1.341498 0.086325
vt 0.133684 0.263121
vn 0.921096 0.183168 0.343558
v -0.004202 1.331656 0.136231
vt 0.190723 0.266362
vn 0.220384 0.006697 0.975390
v 0.026539 1.286685 0.122435
vt 0.174944 0.299393
vn 0.484608 0.048970 0.873360
v 0.069853 1.316540 0.080785
vt 0.129512 0.280872
vn 0.994246 0.095703 0.048121
v 0.055562 1.269431 0.099748
vt 0.146998 0.313372
vn 0.757234 0.017978 0.652896
v 0.045811 1.263885 0.115743
vt 0.159704 0.316819
vn 0.695848 -0.004003 0.718178
v 0.064034 1.236286 0.089708
vt 0.139617 0.336819
vn 0.731432 0.040270 0.680724
v 0.042287 1.246810 0.111647
vt 0.160206 0.328915
vn 0.659186 -0.079119 0.747806
v 0.071991 1.215638 0.087825
vt 0.133332 0.351307
vn 0.805205 -0.065246 0.589396
v 0.047131 1.198381 0.094337
vt 0.149173 0.362562
vn 0.754753 0.121889 0.644586
v 0.040141 1.215819 0.114707
vt 0.162413 0.351186
vn 0.677673 -0.038717 0.734343
v 0.046991 1.181486 0.109332
vt 0.158221 0.375132
vn 0.738473 0.106972 0.665744
v 0.040102 1.077344 0.116962
vt 0.172357 0.443612
vn 0.658204 0.188405 0.728883
v 0.043027 1.066674 0.118464
vt 0.166266 0.454588
vn 0.622670 0.199974 0.756500
v 0.017547 1.092813 0.134337
vt 0.187606 0.434144
vn 0.453481 0.068288 0.888646
v -0.001989 1.150681 0.136146
vt 0.198219 0.394443
vn 0.256458 0.071165 0.963932
v 0.023534 1.258045 0.125095
vt 0.178517 0.320404
vn 0.413360 0.002368 0.910565
v 0.006462 1.234249 0.133560
vt 0.190372 0.336741
vn 0.298674 -0.001934 0.954353
v -0.020255 1.274796 0.139678
vt 0.208730 0.307773
vn 0.125599 -0.000529 0.992081
v -0.061364 1.245473 0.138738
vt 0.237595 0.326188
vn -0.184234 0.010294 0.982828
v -0.067547 1.326425 0.134959
vt 0.237572 0.269444
vn -0.192093 0.014372 0.981272
v -0.019072 1.117752 0.141723
vt 0.213698 0.416674
vn 0.024385 0.088894 0.995742
v -0.003817 1.083147 0.145374
vt 0.203762 0.441372
vn 0.428455 0.040671 0.902647
v -0.060527 1.121900 0.139789
vt 0.238660 0.411626
vn -0.167314 0.006993 0.985879
v -0.060296 1.064588 0.140941
vt 0.243059 0.452524
vn -0.252438 -0.049605 0.966341
v -0.090687 1.086481 0.130023
vt 0.264965 0.435715
vn -0.504583 -0.001609 0.863361
v -0.111631 1.014697 0.117739
vt 0.283410 0.484403
vn -0.728644 -0.141207 0.670178
v -0.081768 1.143892 0.134536
vt 0.256058 0.396001
vn -0.311839 -0.084429 0.946376
v -0.075149 1.199576 0.135419
vt 0.247380 0.357737
vn -0.216002 0.079875 0.973120
v -0.103258 1.158762 0.123102
vt 0.273447 0.385647
vn -0.770603 -0.237505 0.591407
v -0.091207 1.161959 0.141401
vt 0.257474 0.383495
vn -0.182644 -0.229020 0.956133
v -0.095213 1.219894 0.126709
vt 0.262751 0.343220
vn -0.649735 0.247001 0.718912
v -0.106839 1.167641 0.131419
vt 0.269256 0.378476
vn -0.859505 -0.211424 0.465350
v -0.130207 1.098184 0.091029
vt 0.303881 0.426142
vn -0.888239 -0.081739 0.452051
v -0.109595 1.195161 0.117248
vt 0.276046 0.360764
vn -0.801338 0.212498 0.559197
v -0.128663 1.178283 0.094901
vt 0.299115 0.370166
vn -0.823433 0.109399 0.556767
v -0.122415 1.195825 0.105823
vt 0.288785 0.359005
vn -0.655779 -0.216726 0.723176
v -0.115740 1.204351 0.097475
vt 0.290270 0.351323
vn -0.781184 0.197651 0.592187
v -0.122415 1.195825 0.105823
vt 0.288785 0.359005
vn -0.726317 0.678187 0.111924
v -0.084692 1.247409 0.125841
vt 0.258927 0.322419
vn -0.574536 -0.023401 0.818145
v -0.133990 1.194369 0.077353
vt 0.310295 0.359763
vn -0.931585 0.063185 0.357991
v -0.139772 1.172729 0.078190
vt 0.312506 0.373368
vn -0.945967 0.183848 0.267106
v -0.128809 1.227456 0.093722
vt 0.297708 0.333587
vn -0.818501 -0.106919 0.564469
v -0.142432 1.234448 0.068501
vt 0.312965 0.340385
vn -0.955599 -0.253600 0.150061
v -0.111216 1.225117 0.105530
vt 0.281810 0.337539
vn -0.325349 -0.234715 0.916000
v -0.136433 1.109598 0.079506
vt 0.311297 0.417580
vn -0.898052 -0.155335 0.411550
v -0.131194 1.093938 0.071409
vt 0.311418 0.439624
vn -0.850225 -0.237445 0.469828
v -0.126065 1.027139 0.085502
vt 0.306720 0.475237
vn -0.932534 -0.109542 0.344066
v -0.128124 1.038922 0.094735
vt 0.301964 0.467182
vn -0.966090 -0.102831 0.236845
v -0.104599 0.982661 0.114012
vt 0.283061 0.507174
vn -0.684809 -0.050402 0.726978
v -0.117881 0.957060 0.099079
vt 0.295794 0.522811
vn -0.814120 0.002495 0.580692
v -0.098152 0.609457 0.123164
vt 0.287134 0.649379
vn -0.600915 0.010179 0.799248
v -0.128869 0.722878 0.084330
vt 0.299031 0.625803
vn -0.874374 -0.010600 0.485136
v -0.099809 1.266367 0.116010
vt 0.268072 0.309484
vn -0.463948 -0.401021 0.789895
v -0.124399 1.224930 0.108230
vt 0.289122 0.334170
vn -0.588945 -0.023735 0.807824
v -0.099054 1.274993 0.124490
vt 0.262205 0.302696
vn -0.501716 -0.160133 0.850082
v -0.115628 1.265032 0.111908
vt 0.279640 0.308513
vn -0.528943 -0.110715 0.841405
v -0.126877 1.286936 0.104958
vt 0.287200 0.292515
vn -0.703317 0.012693 0.710763
v -0.137469 1.264085 0.096503
vt 0.298203 0.307601
vn -0.756554 -0.097819 0.646574
v -0.144752 1.272916 0.079957
vt 0.308073 0.305064
vn -0.944566 -0.009805 0.328176
v -0.134011 1.304456 0.101942
vt 0.291678 0.280100
vn 0.023581 0.178860 0.983592
v -0.128269 1.328559 0.097421
vt 0.287002 0.265568
vn -0.797809 0.152457 0.583316
v -0.113517 1.344896 0.112021
vt 0.279158 0.257530
vn -0.702022 0.042895 0.710863
v -0.097556 1.395294 0.123727
vt 0.259279 0.221179
vn -0.504515 0.021989 0.863123
v -0.118464 1.416725 0.105061
vt 0.278357 0.205581
vn -0.700222 0.055883 0.711735
v -0.112935 1.474061 0.103688
vt 0.274846 0.165952
vn -0.769192 -0.052318 0.636873
v -0.122932 1.450011 0.089821
vt 0.286744 0.181313
vn -0.592253 0.134064 0.794521
v -0.100105 1.487206 0.116703
vt 0.260149 0.158003
vn -0.504345 -0.025918 0.863113
v -0.081390 1.467360 0.130042
vt 0.245168 0.172135
vn -0.417855 0.029978 0.908019
v -0.097966 1.513529 0.114709
vt 0.258280 0.141380
vn -0.415514 0.047479 0.908347
v -0.083045 1.517689 0.128600
vt 0.245569 0.138995
vn -0.349130 -0.010107 0.937020
v -0.067091 1.548869 0.134982
vt 0.234852 0.119862
vn -0.211227 -0.020420 0.977224
v -0.039054 1.566182 0.134865
vt 0.219659 0.104944
vn 0.040293 0.088597 0.995252
v -0.023301 1.588767 0.120637
vt 0.208816 0.086374
vn 0.440743 0.461153 0.770119
v -0.052255 1.585192 0.119057
vt 0.225993 0.086038
vn 0.060374 0.480073 0.875148
v -0.061013 1.585385 0.121910
vt 0.233135 0.083414
vn 0.231576 0.711985 0.662910
v -0.054288 1.589069 0.137081
vt 0.235558 0.094152
vn -0.247230 0.046489 0.967841
v -0.083499 1.572278 0.126634
vt 0.254801 0.101783
vn -0.382627 0.083982 0.920078
v -0.073163 1.600301 0.127242
vt 0.247965 0.085860
vn -0.397979 0.127074 0.908551
v -0.078404 1.551977 0.129960
vt 0.247186 0.120205
vn -0.396711 0.037891 0.917161
v -0.128869 0.722878 0.084330
vt 0.772307 0.550756
vn -0.874374 -0.010600 0.485136
v -0.139357 0.755156 0.061333
vt 0.801156 0.561448
vn -0.952330 -0.005337 0.305022
v -0.117881 0.957060 0.099079
vt 0.764353 0.442752
vn -0.814120 0.002495 0.580692
v -0.104599 0.982661 0.114012
vt 0.760054 0.495328
vn -0.684809 -0.050402 0.726978
v -0.136483 1.037886 0.064438
vt 0.785598 0.383642
vn -0.938648 -0.038032 0.342774
v -0.126065 1.027139 0.085502
vt 0.771703 0.394271
vn -0.932534 -0.109542 0.344066
v -0.144921 0.787542 0.028263
vt 0.828754 0.553406
vn -0.999220 0.002685 0.039389
v -0.131194 1.093938 0.071409
vt 0.773931 0.345526
vn -0.850225 -0.237445 0.469828
v -0.144197 1.047892 0.013301
vt 0.822749 0.373582
vn -0.977739 -0.168569 -0.124943
v -0.142717 0.752346 0.006384
vt 0.845673 0.552618
vn -0.976642 0.008495 -0.214702
v -0.129387 0.820240 -0.028899
vt 0.868861 0.526883
vn -0.850078 0.003876 -0.526643
v -0.145883 1.096177 0.059711
vt 0.787165 0.341704
vn -0.899682 -0.099009 0.425170
v -0.136433 1.109598 0.079506
vt 0.768619 0.333111
vn -0.898052 -0.155335 0.411550
v -0.151914 1.067328 0.021286
vt 0.816315 0.361350
vn -0.984449 -0.175293 -0.011528
v -0.135396 1.068843 -0.019189
vt 0.845393 0.357033
vn -0.804617 -0.233496 -0.545959
v -0.145072 1.079639 -0.015813
vt 0.840300 0.347797
vn -0.860378 -0.226162 -0.456728
v -0.151769 1.141261 0.020027
vt 0.812139 0.308294
vn -0.996447 0.084071 0.005119
v -0.147451 1.160701 0.054573
vt 0.787163 0.296568
vn -0.947934 0.270188 0.168579
v -0.139772 1.172729 0.078190
vt 0.768826 0.289018
vn -0.945967 0.183848 0.267106
v -0.136151 1.172572 0.060499
vt 0.781382 0.287130
vn -0.931344 0.357983 0.066689
v -0.133990 1.194369 0.077353
vt 0.769410 0.273621
vn -0.931585 0.063185 0.357991
v -0.143060 1.173071 0.035103
vt 0.799943 0.285953
vn -0.985884 0.133685 0.100799
v -0.138078 1.231027 0.059676
vt 0.779696 0.247464
vn -0.932263 -0.361781 -0.000415
v -0.142432 1.234448 0.068501
vt 0.775290 0.245167
vn -0.955599 -0.253600 0.150061
v -0.148960 1.202981 0.015022
vt 0.810419 0.262437
vn -0.995696 -0.070195 -0.060519
v -0.153483 1.249561 0.023509
vt 0.803129 0.231026
vn -0.996251 -0.081008 0.030372
v -0.143171 1.167293 0.003739
vt 0.821513 0.288388
vn -0.905096 0.289672 0.311274
v -0.149178 1.175042 -0.009024
vt 0.830875 0.283558
vn -0.989109 0.146175 -0.017217
v -0.142807 1.197660 -0.001881
vt 0.826219 0.267127
vn -0.968131 0.091078 -0.233296
v -0.130462 1.128251 -0.046292
vt 0.860846 0.314059
vn -0.536066 -0.035363 -0.843435
v -0.139300 1.187910 -0.031444
vt 0.847604 0.273626
vn -0.792435 0.153396 -0.590353
v -0.121310 1.094822 -0.045193
vt 0.865439 0.337745
vn -0.615184 -0.105372 -0.781310
v -0.115449 1.165899 -0.047911
vt 0.866262 0.288086
vn -0.514349 0.055381 -0.855791
v -0.131987 1.222800 -0.030041
vt 0.847940 0.248976
vn -0.849442 -0.057355 -0.524556
v -0.141000 1.231887 -0.004550
vt 0.827944 0.243197
vn -0.928285 -0.167080 -0.332221
v -0.122340 1.240115 -0.043698
vt 0.859166 0.236362
vn -0.575102 -0.226900 -0.785986
v -0.149288 1.264501 -0.000542
vt 0.823059 0.221824
vn -0.981769 -0.004487 -0.190025
v -0.142425 1.238507 -0.022024
vt 0.838655 0.236783
vn -0.912180 -0.274969 -0.303840
v -0.133994 1.247457 -0.045183
vt 0.853555 0.229386
vn -0.431499 -0.777400 -0.457666
v -0.143692 1.293674 -0.024576
vt 0.836088 0.200201
vn -0.920260 -0.058170 -0.386959
v -0.133994 1.247457 -0.045183
vt 0.853555 0.229386
vn -0.946427 0.145264 -0.288401
v -0.129389 1.275771 -0.046034
vt 0.855654 0.210944
vn -0.756672 -0.056493 -0.651350
v -0.133994 1.247457 -0.045183
vt 0.853555 0.229386
vn 0.097888 -0.045801 -0.994143
v -0.147071 1.330070 -0.014931
vt 0.828460 0.175703
vn -0.990011 -0.057691 -0.128647
v -0.073027 1.175160 -0.076085
vt 0.902323 0.279728
vn -0.481041 -0.154281 -0.863016
v -0.099746 1.233582 -0.060485
vt 0.880380 0.239735
vn -0.811072 -0.149852 -0.565426
v -0.122296 1.323269 -0.055826
vt 0.862981 0.179211
vn -0.645860 -0.017458 -0.763256
v -0.093907 1.265633 -0.078635
vt 0.887208 0.219515
vn -0.541978 -0.049684 -0.838923
v -0.143583 1.322553 -0.039378
vt 0.845617 0.178727
vn -0.824013 -0.142482 -0.548363
v -0.138656 1.388504 -0.038044
vt 0.845645 0.132536
vn -0.505342 -0.041267 -0.861932
v -0.091775 1.344827 -0.078378
vt 0.888425 0.161237
vn -0.492545 0.011280 -0.870214
v -0.150313 1.393549 -0.033831
vt 0.837419 0.129535
vn -0.820006 0.014684 -0.572167
v -0.128230 1.430846 -0.051488
vt 0.847951 0.104228
vn -0.720875 -0.039081 -0.691963
v -0.161126 1.415142 0.028662
vt 0.795004 0.119845
vn -0.984225 0.108685 0.139604
v -0.153868 1.373586 0.019212
vt 0.802165 0.145027
vn -0.992565 -0.117893 0.030270
v -0.148936 1.428939 -0.010558
vt 0.824059 0.103867
vn -0.957304 0.112070 -0.266477
v -0.153074 1.310939 0.039004
vt 0.787818 0.189864
vn -0.994515 0.001898 0.104581
v -0.144752 1.272916 0.079957
vt 0.764734 0.217937
vn -0.944566 -0.009805 0.328176
v -0.128809 1.227456 0.093722
vt 0.764391 0.233122
vn -0.818501 -0.106919 0.564469
v -0.151897 1.382523 0.049698
vt 0.779949 0.139615
vn -0.954615 -0.059814 0.291776
v -0.138943 1.321352 0.078494
vt 0.763537 0.184223
vn -0.918956 0.067890 0.388472
v -0.126877 1.286936 0.104958
vt 0.751981 0.207830
vn -0.703317 0.012693 0.710763
v -0.134011 1.304456 0.101942
vt 0.745499 0.196867
vn -0.973186 -0.226210 0.041682
v -0.128269 1.328559 0.097421
vt 0.745852 0.179304
vn -0.797809 0.152457 0.583316
v -0.113517 1.344896 0.112021
vt 0.745775 0.157462
vn -0.702022 0.042895 0.710863
v -0.152280 1.442178 0.036375
vt 0.792559 0.096317
vn -0.995542 0.062085 0.071006
v -0.148338 1.417423 0.068630
vt 0.765585 0.116216
vn -0.916149 -0.014935 0.400560
v -0.118464 1.416725 0.105061
vt 0.735879 0.118586
vn -0.700222 0.055883 0.711735
v -0.133926 1.442790 0.087546
vt 0.748838 0.099286
vn -0.657433 0.085990 0.748591
v -0.122932 1.450011 0.089821
vt 0.741966 0.093791
vn -0.592253 0.134064 0.794521
v -0.136679 1.469090 0.086604
vt 0.750666 0.081228
vn -0.498038 0.247588 0.831058
v -0.130678 1.485990 0.080060
vt 0.750780 0.068620
vn 0.190261 0.294947 0.936380
v -0.148937 1.468795 0.061718
vt 0.771173 0.080609
vn -0.926175 0.110051 0.360678
v -0.130678 1.485990 0.080060
vt 0.750780 0.068620
vn -0.754332 0.478065 0.449930
v -0.154508 1.513765 0.029400
vt 0.788531 0.047675
vn -0.993674 -0.075909 0.082767
v -0.142257 1.493742 0.056869
vt 0.768060 0.060941
vn -0.450125 0.529859 0.718774
v -0.128462 1.496843 0.057632
vt 0.759169 0.053907
vn -0.420652 0.695609 0.582392
v -0.152121 1.505176 0.046066
vt 0.778476 0.053768
vn -0.733318 0.425177 0.530537
v -0.159280 1.542838 0.012632
vt 0.804416 0.018912
vn -0.979183 0.032892 -0.200295
v -0.149742 1.524714 -0.016080
vt 0.823145 0.037895
vn -0.948319 0.056389 -0.312268
v -0.148256 1.536604 -0.007177
vt 0.818198 0.030088
vn -0.872368 0.358183 -0.332684
v -0.136738 1.445394 -0.044062
vt 0.847318 0.092337
vn -0.818763 -0.078097 -0.568795
v -0.139012 1.541925 -0.044994
vt 0.842459 0.025923
vn -0.845477 -0.050269 -0.531641
v -0.093574 1.467762 -0.075815
vt 0.881869 0.074533
vn -0.456831 0.018998 -0.889351
v -0.123837 1.566735 -0.063784
vt 0.857445 0.008847
vn -0.575751 -0.038159 -0.816734
v -0.095598 1.550217 -0.074161
vt 0.877268 0.017359
vn -0.219722 0.104293 -0.969972
v -0.107193 1.444719 -0.070698
vt 0.870540 0.093435
vn -0.559018 0.052297 -0.827505
v -0.106114 1.407006 -0.065088
vt 0.874046 0.118116
vn -0.688652 -0.027077 -0.724586
v -0.065172 1.411718 -0.087332
vt 0.902396 0.114010
vn -0.237307 0.021280 -0.971202
v -0.050496 1.528123 -0.091194
vt 0.912013 0.032380
vn -0.209625 0.008467 -0.977745
v -0.060855 1.540127 -0.080124
vt 0.903404 0.021211
vn -0.340300 0.390449 -0.855421
v -0.086458 1.568507 -0.070314
vt 0.884161 0.003923
vn -0.193543 0.121687 -0.973516
v -0.070543 1.340936 -0.086923
vt 0.904300 0.162267
vn -0.307358 -0.001385 -0.951593
v -0.049603 1.552058 -0.094606
vt 0.915303 0.015748
vn -0.249748 0.329588 -0.910493
v -0.048187 1.566637 -0.084964
vt 0.916235 0.004926
vn -0.152118 0.118760 -0.981201
v -0.026827 1.529757 -0.090285
vt 0.930580 0.030157
vn 0.099835 0.100235 -0.989942
v -0.014701 1.542786 -0.082536
vt 0.939310 0.018685
vn 0.047828 0.358036 -0.932482
v 0.003721 1.537586 -0.089935
vt 0.951085 0.024676
vn -0.084718 0.339164 -0.936905
v 0.006186 1.554748 -0.078075
vt 0.955086 0.011701
vn 0.338634 0.119630 -0.933282
v 0.003522 1.500618 -0.087427
vt 0.952867 0.050967
vn 0.243455 -0.005505 -0.969896
v -0.014110 1.441846 -0.090934
vt 0.943221 0.092289
vn 0.137324 0.005604 -0.990510
v 0.024033 1.448424 -0.076681
vt 0.969774 0.085566
vn 0.493468 0.011114 -0.869693
v 0.021486 1.511066 -0.077185
vt 0.967291 0.042552
vn 0.731826 0.024343 -0.681057
v 0.026878 1.514372 -0.068407
vt 0.973490 0.038297
vn 0.672516 0.074513 -0.736322
v 0.049205 1.490797 -0.057133
vt 0.981395 0.069735
vn 0.736756 0.104317 -0.668064
v 0.045233 1.407227 -0.061952
vt 0.987110 0.113652
vn 0.652697 -0.000732 -0.757619
v -0.040946 1.352237 -0.093480
vt 0.927842 0.154021
vn -0.038725 0.010785 -0.999192
v 0.006457 1.394173 -0.086659
vt 0.957110 0.123738
vn 0.351013 0.001337 -0.936370
v 0.010348 1.314246 -0.085475
vt 0.962298 0.176978
vn 0.382924 0.021602 -0.923527
v 0.058893 1.355695 -0.047912
vt 0.986739 0.147657
vn 0.763342 0.001507 -0.645993
v 0.048124 1.301072 -0.060921
vt 0.982539 0.181358
vn 0.658530 0.026803 -0.752077
v 0.026850 1.237752 -0.076156
vt 0.978445 0.232408
vn 0.532871 0.014243 -0.846076
v -0.049436 1.264289 -0.092561
vt 0.923076 0.215654
vn -0.221427 0.029666 -0.974726
v -0.022793 1.283787 -0.092467
vt 0.942108 0.201297
vn 0.094224 0.062524 -0.993586
v -0.005509 1.256131 -0.091282
vt 0.955821 0.220174
vn 0.316696 -0.016228 -0.948388
v 0.012494 1.169078 -0.086614
vt 0.966405 0.281310
vn 0.281327 0.018407 -0.959435
v 0.047247 1.192297 -0.062320
vt 0.996752 0.263698
vn 0.683108 0.007807 -0.730275
v -0.030173 1.245768 -0.100176
vt 0.937446 0.226891
vn -0.061664 -0.202993 -0.977237
v -0.011150 1.225828 -0.084916
vt 0.950857 0.242587
vn -0.063792 -0.168591 -0.983620
v 0.028090 1.097533 -0.080753
vt 0.978278 0.330964
vn 0.633015 0.050614 -0.772483
v 0.032443 1.114967 -0.067593
vt 0.990047 0.318943
vn 0.812004 -0.067745 -0.579707
v 0.047313 0.996273 -0.066365
vt 0.997920 0.400134
vn 0.654949 -0.082022 -0.751209
v -0.007175 1.138518 -0.087358
vt 0.953607 0.302834
vn 0.045566 -0.000319 -0.998961
v 0.018317 0.967081 -0.086839
vt 0.977576 0.419769
vn 0.434357 -0.266542 -0.860400
v 0.021214 0.950256 -0.075927
vt 0.981568 0.433084
vn 0.551929 -0.111240 -0.826438
v 0.007327 1.078076 -0.087958
vt 0.962710 0.344640
vn 0.124021 0.020006 -0.992078
v -0.003085 0.970965 -0.093037
vt 0.960567 0.417880
vn -0.012174 -0.068371 -0.997586
v -0.001573 0.939367 -0.093186
vt 0.962187 0.438944
vn 0.593615 0.032205 -0.804105
v -0.010111 1.014027 -0.093622
vt 0.954758 0.389366
vn -0.384036 0.027073 -0.922921
v -0.012587 0.931019 -0.085711
vt 0.956929 0.445436
vn -0.560694 -0.033891 -0.827329
v -0.001573 0.939367 -0.093186
vt 0.962187 0.438944
vn -0.549766 -0.022374 -0.835019
v -0.015645 1.030057 -0.084878
vt 0.949006 0.378222
vn -0.219015 0.089794 -0.971581
v -0.034289 1.143206 -0.086738
vt 0.932541 0.300693
vn -0.134371 -0.006598 -0.990909
v -0.012587 0.931019 -0.085711
vt 0.956929 0.445436
vn 0.085582 -0.002515 -0.996328
v -0.050931 0.812994 -0.082959
vt 0.932033 0.514670
vn -0.222618 0.001464 -0.974905
v -0.017156 0.719054 -0.086553
vt 0.955611 0.519487
vn 0.072628 0.012821 -0.997277
v -0.071040 0.771205 -0.075239
vt 0.913445 0.523808
vn -0.452611 0.005189 -0.891693
v -0.041120 1.180335 -0.088126
vt 0.928777 0.273430
vn -0.038496 -0.137582 -0.989742
v -0.039873 1.230115 -0.088132
vt 0.930999 0.240201
vn 0.115487 -0.144539 -0.982737
v -0.044812 1.203054 -0.096148
vt 0.927383 0.259408
vn 0.337157 -0.089220 -0.937211
v -0.053836 1.224742 -0.092702
vt 0.920553 0.244066
vn -0.069712 0.072384 -0.994938
v -0.077913 1.197110 -0.085468
vt 0.903807 0.263052
vn -0.609166 -0.276889 -0.743135
v -0.097923 1.227154 -0.073092
vt 0.887668 0.242870
vn -0.896276 -0.292085 -0.333729
v -0.110536 0.995074 -0.048555
vt 0.874429 0.403079
vn -0.669716 -0.004670 -0.742603
v -0.105112 0.672433 -0.055104
vt 0.892963 0.545314
vn -0.592729 0.012961 -0.805298
v -0.128809 1.227456 0.093722
vt 0.297708 0.333587
vn -0.019878 -0.985983 -0.165659
v -0.124399 1.224930 0.108230
vt 0.289122 0.334170
vn -0.019878 -0.985983 -0.165659
v -0.111216 1.225117 0.105530
vt 0.281810 0.337539
vn -0.019878 -0.985983 -0.165659
v -0.112935 1.474061 0.103688
vt 0.745382 0.964612
vn -0.769192 -0.052318 0.636873
v -0.113948 1.506428 0.115526
vt 0.721906 0.969496
vn -0.683167 0.522567 0.510104
v -0.100105 1.487206 0.116703
vt 0.733866 0.977360
vn -0.504345 -0.025918 0.863113
v -0.097966 1.513529 0.114709
vt 0.720349 0.977708
vn -0.415514 0.047479 0.908347
v -0.117034 1.486733 0.100559
vt 0.736590 0.960398
vn -0.915604 0.070759 0.395806
v -0.130678 1.485990 0.080060
vt 0.744409 0.944871
vn -0.754332 0.478065 0.449930
v -0.122932 1.450011 0.089821
vt 0.755318 0.956223
vn -0.592253 0.134064 0.794521
v -0.113025 1.496709 0.095028
vt 0.727974 0.954223
vn -0.831635 0.541477 0.123228
v -0.097966 1.513529 0.114709
vt 0.711349 0.969541
vn -0.615303 0.766465 -0.184209
v -0.128462 1.496843 0.057632
vt 0.736279 0.929109
vn -0.420652 0.695609 0.582392
v -0.112264 1.496320 0.074001
vt 0.729196 0.941089
vn 0.049218 0.998649 -0.016650
v -0.089542 1.521040 0.106006
vt 0.702528 0.962359
vn -0.748839 0.570471 0.337348
v -0.107968 1.533048 0.078131
vt 0.703944 0.936049
vn -0.805971 0.191907 0.559984
v -0.112264 1.496320 0.074001
vt 0.729196 0.941089
vn -0.931667 0.162471 0.324963
v -0.114390 1.511608 0.066571
vt 0.722271 0.931837
vn -0.889421 0.186497 0.417311
v -0.116099 1.543716 0.060811
vt 0.703929 0.919381
vn -0.946304 0.188877 0.262363
v -0.117442 1.520212 0.045416
vt 0.723692 0.915371
vn -0.826796 0.462164 0.320643
v -0.152121 1.505176 0.046066
vt 0.742311 0.915702
vn -0.733318 0.425177 0.530537
v -0.154508 1.513765 0.029400
vt 0.747335 0.901236
vn -0.337808 0.878651 0.337428
v -0.118756 1.531536 0.009280
vt 0.726043 0.889840
vn -0.326733 0.762260 0.558753
v -0.144787 1.520324 0.010119
vt 0.741621 0.888960
vn 0.027886 0.878386 0.477137
v -0.112497 1.563480 0.053625
vt 0.690463 0.911988
vn -0.945719 0.081983 0.314475
v -0.118756 1.531536 0.009280
vt 0.726043 0.889840
vn -0.999196 0.040093 -0.000079
v -0.148256 1.536604 -0.007177
vt 0.739891 0.870976
vn 0.005261 0.686920 0.726714
v -0.154508 1.513765 0.029400
vt 0.747335 0.901236
vn 0.759374 0.485603 0.433061
v -0.159280 1.542838 0.012632
vt 0.757445 0.881259
vn 0.860280 0.353188 0.367664
v -0.114204 1.553543 -0.004768
vt 0.715099 0.875896
vn -0.855338 0.261707 0.447109
v -0.146241 1.548988 -0.018290
vt 0.727784 0.858746
vn -0.373221 0.424172 0.825097
v -0.119186 1.627078 0.025357
vt 0.662109 0.870055
vn -0.999673 -0.014929 0.020743
v -0.123840 1.614807 -0.018185
vt 0.685605 0.844905
vn -0.383358 -0.033342 0.922998
v -0.137107 1.610728 -0.016902
vt 0.693929 0.837692
vn 0.114498 -0.060730 0.991565
v -0.137497 1.656356 -0.012440
vt 0.660438 0.824249
vn -0.139043 -0.104043 0.984806
v -0.115487 1.665930 -0.007712
vt 0.649060 0.836012
vn -0.791620 -0.140303 0.594687
v -0.142075 1.678702 -0.013100
vt 0.646043 0.816798
vn -0.271235 -0.354246 0.894953
v -0.128015 1.691414 -0.000026
vt 0.633379 0.826672
vn -0.062137 -0.396077 0.916112
v -0.123522 1.728442 0.009895
vt 0.600944 0.827679
vn 0.060371 0.410878 0.909689
v -0.118716 1.748976 0.048073
vt 0.588075 0.840872
vn -0.971799 -0.050914 0.230250
v -0.123522 1.728442 0.009895
vt 0.600944 0.827679
vn -0.957751 -0.185120 0.220101
v -0.111988 1.742312 0.065816
vt 0.579121 0.854857
vn -0.800239 0.112297 0.589072
v -0.094403 1.715157 0.083881
vt 0.587293 0.880102
vn -0.585033 0.044881 0.809767
v -0.093711 1.741782 0.079110
vt 0.572034 0.868253
vn -0.417902 0.307741 0.854783
v -0.081446 1.716922 0.082442
vt 0.579787 0.883985
vn -0.440308 0.210679 0.872779
v -0.070682 1.742626 0.086713
vt 0.561003 0.882228
vn -0.247809 0.630296 0.735743
v -0.072716 1.720938 0.106799
vt 0.572897 0.897393
vn -0.399599 0.233360 0.886490
v -0.059030 1.728893 0.103792
vt 0.563207 0.901377
vn -0.781314 0.373549 0.500010
v -0.056001 1.741325 0.105276
vt 0.553844 0.899643
vn -0.810571 0.129281 0.571193
v -0.069906 1.685139 0.107073
vt 0.593543 0.916336
vn -0.970615 0.239386 -0.024507
v -0.069906 1.685139 0.107073
vt 0.593543 0.916336
vn -0.359016 0.005486 0.933315
v -0.090831 1.664631 0.088107
vt 0.618294 0.900693
vn -0.763223 -0.002823 0.646129
v -0.094823 1.567220 0.080399
vt 0.679966 0.928025
vn -0.796517 0.072154 0.600296
v -0.089161 1.523371 0.093183
vt 0.700843 0.952627
vn -0.783163 0.324358 0.530516
v -0.079083 1.574748 0.101608
vt 0.664449 0.942966
vn -0.779715 0.085381 0.620286
v -0.076978 1.539161 0.104230
vt 0.685956 0.957097
vn -0.928983 0.166854 0.330379
v -0.089542 1.521040 0.106006
vt 0.702528 0.962359
vn -0.463794 0.601662 0.650306
v -0.081081 1.509983 0.115562
vt 0.699768 0.973951
vn -0.145938 0.580650 0.800967
v -0.097966 1.513529 0.114709
vt 0.711349 0.969541
vn 0.110456 0.696950 0.708562
v -0.075755 1.551708 0.120407
vt 0.673226 0.963170
vn -0.998635 0.049789 -0.015801
v -0.061013 1.585385 0.121910
vt 0.655236 0.958428
vn -0.784815 0.319751 0.530871
v -0.083045 1.517689 0.128600
vt 0.692818 0.978700
vn -0.979774 0.111478 -0.166180
v -0.081081 1.509983 0.115562
vt 0.699768 0.973951
vn -0.980303 0.065464 -0.186333
v -0.078404 1.551977 0.129960
vt 0.670124 0.969144
vn -0.961967 -0.066470 -0.264954
v -0.053437 1.609227 0.109732
vt 0.633355 0.947850
vn -0.444930 0.205061 0.871772
v -0.052255 1.585192 0.119057
vt 0.647420 0.960602
vn -0.690479 0.231877 0.685180
v -0.049913 1.603069 0.120495
vt 0.635454 0.956094
vn -0.524005 0.270891 0.807488
v -0.041511 1.621908 0.111356
vt 0.620797 0.950613
vn -0.113540 0.217101 0.969524
v -0.056001 1.741325 0.105276
vt 0.553844 0.899643
vn -0.060612 0.086781 0.994382
v -0.032627 1.613460 0.119315
vt 0.627052 0.961396
vn 0.187070 0.430862 0.882815
v -0.023301 1.588767 0.120637
vt 0.631958 0.976202
vn 0.440743 0.461153 0.770119
v -0.052255 1.585192 0.119057
vt 0.647420 0.960602
vn 0.060374 0.480073 0.875148
v -0.081081 1.509983 0.115562
vt 0.699768 0.973951
vn 0.203710 0.856012 -0.475128
v -0.083045 1.517689 0.128600
vt 0.705360 0.981279
vn 0.203710 0.856012 -0.475128
v -0.097966 1.513529 0.114709
vt 0.711349 0.969541
vn 0.203710 0.856012 -0.475128
v -0.067091 1.548869 0.134982
vt 0.667271 0.979219
vn -0.211227 -0.020420 0.977224
v -0.083045 1.517689 0.128600
vt 0.692818 0.978700
vn -0.349130 -0.010107 0.937020
v -0.078404 1.551977 0.129960
vt 0.670124 0.969144
vn -0.396711 0.037891 0.917161
v -0.078404 1.551977 0.129960
vt 0.247186 0.120205
vn -0.961967 -0.066470 -0.264954
v -0.075755 1.551708 0.120407
vt 0.255470 0.121026
vn -0.998635 0.049789 -0.015801
v -0.083499 1.572278 0.126634
vt 0.253216 0.109984
vn -0.928704 -0.274001 -0.249864
v -0.020355 1.574069 0.134020
vt 0.161513 0.904227
vn 0.383221 0.909701 -0.159953
v -0.003670 1.560847 0.098799
vt 0.153668 0.916860
vn 0.115318 0.992320 -0.044752
v 0.006071 1.560743 0.121542
vt 0.168721 0.919482
vn 0.276109 0.961123 -0.002478
v 0.014272 1.562286 0.096366
vt 0.151589 0.929313
vn -0.365758 0.722597 0.586578
v 0.029265 1.552555 0.123585
vt 0.166632 0.934044
vn 0.267762 0.417490 0.868335
v 0.036976 1.561995 0.111271
vt 0.154889 0.945526
vn 0.118173 0.435772 0.892266
v 0.023058 1.591014 0.103666
vt 0.132738 0.936192
vn -0.750103 -0.111030 0.651933
v 0.006703 1.600667 0.083823
vt 0.124670 0.917796
vn -0.813520 -0.019705 0.581203
v 0.025895 1.614024 0.114834
vt 0.117058 0.943238
vn -0.827001 -0.080014 0.556478
v 0.012279 1.662609 0.090529
vt 0.084768 0.927268
vn -0.854111 0.020575 0.519684
v -0.061013 1.585385 0.121910
vt 0.233135 0.083414
vn 0.664627 0.603196 -0.440938
v -0.054288 1.589069 0.137081
vt 0.235558 0.094152
vn 0.684926 0.577846 -0.443814
v -0.073163 1.600301 0.127242
vt 0.247965 0.085860
vn 0.616835 0.657315 -0.432957
v -0.039054 1.566182 0.134865
vt 0.219659 0.104944
vn 0.723529 0.525054 -0.448134
v -0.075755 1.551708 0.120407
vt 0.673226 0.963170
vn -0.297611 0.172194 -0.939030
v -0.061013 1.585385 0.121910
vt 0.655236 0.958428
vn -0.279810 0.137464 -0.950163
v -0.083499 1.572278 0.126634
vt 0.664479 0.968373
vn -0.289818 0.156879 -0.944137
v -0.083499 1.572278 0.126634
vt 0.241032 0.065104
vn -0.289818 0.156879 -0.944137
v -0.061013 1.585385 0.121910
vt 0.233135 0.083414
vn -0.279810 0.137464 -0.950163
v -0.073163 1.600301 0.127242
vt 0.247965 0.085860
vn -0.270993 0.120660 -0.954989
v -0.061013 1.585385 0.121910
vt 0.655236 0.958428
vn -0.105627 0.916394 -0.386089
v -0.079083 1.574748 0.101608
vt 0.664449 0.942966
vn -0.105627 0.916394 -0.386089
v -0.052255 1.585192 0.119057
vt 0.647420 0.960602
vn -0.105627 0.916394 -0.386089
v -0.020355 1.574069 0.134020
vt 0.161513 0.904227
vn 0.255962 0.379976 0.888876
v -0.023301 1.588767 0.120637
vt 0.149289 0.891797
vn 0.440743 0.461153 0.770119
v -0.006358 1.593438 0.091584
vt 0.133386 0.908913
vn 0.630651 0.210944 0.746848
v -0.003670 1.560847 0.098799
vt 0.153668 0.916860
vn 0.571626 0.221986 0.789915
v 0.014272 1.562286 0.096366
vt 0.151589 0.929313
vn 0.173971 0.260967 0.949542
v 0.006703 1.600667 0.083823
vt 0.124670 0.917796
vn 0.401168 0.227663 0.887262
v 0.015129 1.648936 0.070771
vt 0.087898 0.912807
vn 0.676309 0.069588 0.733324
v -0.003614 1.674889 0.082824
vt 0.081608 0.886974
vn 0.680026 0.059056 0.730806
v -0.028956 1.725960 0.108381
vt 0.063307 0.846344
vn 0.391992 0.093099 0.915246
v -0.015363 1.589449 0.104216
vt 0.141560 0.901500
vn 0.817857 0.139675 0.558213
v -0.013833 1.771300 0.082757
vt 0.026037 0.844866
vn 0.520676 0.065883 0.851208
v 0.002323 1.801544 0.076219
vt 0.003137 0.846535
vn 0.428372 0.044384 0.902512
v -0.014868 1.807551 0.080729
vt 0.004974 0.834053
vn 0.273295 0.061503 0.959962
v 0.019526 1.766092 0.055990
vt 0.015982 0.877970
vn 0.797396 0.039864 0.602138
v -0.028729 1.777615 0.095601
vt 0.027086 0.829106
vn 0.471658 0.209769 0.856467
v -0.051170 1.775493 0.101472
vt 0.040744 0.816160
vn 0.144494 0.199975 0.969088
v -0.056001 1.741325 0.105276
vt 0.061603 0.825966
vn -0.060612 0.086781 0.994382
v -0.041511 1.621908 0.111356
vt 0.129946 0.872470
vn -0.113540 0.217101 0.969524
v 0.029507 1.678676 0.045469
vt 0.058531 0.917725
vn 0.916596 0.184581 0.354656
v 0.033033 1.652507 0.045415
vt 0.073980 0.926651
vn 0.730258 0.096975 0.676253
v 0.038617 1.667683 0.041684
vt 0.063542 0.930291
vn 0.441602 0.057693 0.895354
v 0.026837 1.744727 0.048330
vt 0.022848 0.888494
vn 0.889967 0.015684 0.455755
v 0.028228 1.677393 0.008685
vt 0.039855 0.935191
vn 0.958214 0.151119 -0.242876
v 0.038617 1.667683 0.041684
vt 0.063542 0.930291
vn 0.760669 0.647289 -0.048976
v 0.025561 1.747876 0.012917
vt 0.005060 0.904063
vn 0.997531 0.041227 -0.056858
v 0.025211 1.712570 0.005130
vt 0.020325 0.923142
vn 0.731702 0.302249 -0.610948
v -0.026602 1.622357 0.108776
vt 0.125890 0.882909
vn 0.402575 0.184186 0.896665
v -0.032627 1.613460 0.119315
vt 0.136834 0.879616
vn 0.187070 0.430862 0.882815
v -0.023301 1.588767 0.120637
vt 0.149289 0.891797
vn -0.725109 0.606955 -0.325303
v -0.015363 1.589449 0.104216
vt 0.141560 0.901500
vn -0.725109 0.606955 -0.325303
v -0.006358 1.593438 0.091584
vt 0.133386 0.908913
vn -0.725109 0.606955 -0.325303
v -0.089542 1.521040 0.106006
vt 0.702528 0.962359
vn 0.333672 0.925687 0.178232
v -0.107968 1.533048 0.078131
vt 0.703944 0.936049
vn 0.333672 0.925687 0.178232
v -0.089161 1.523371 0.093183
vt 0.700843 0.952627
vn 0.333672 0.925687 0.178232
v -0.094403 1.715157 0.083881
vt 0.587293 0.880102
vn -0.146103 0.983167 -0.109709
v -0.081446 1.716922 0.082442
vt 0.579787 0.883985
vn -0.146103 0.983167 -0.109709
v -0.072716 1.720938 0.106799
vt 0.572897 0.897393
vn -0.146103 0.983167 -0.109709
v -0.093711 1.741782 0.079110
vt 0.766133 0.866946
vn -0.417902 0.307741 0.854783
v -0.111988 1.742312 0.065816
vt 0.781443 0.873238
vn -0.800239 0.112297 0.589072
v -0.081622 1.761825 0.071900
vt 0.768753 0.850557
vn 0.008292 0.654951 0.755626
v -0.070682 1.742626 0.086713
vt 0.754454 0.853998
vn -0.247809 0.630296 0.735743
v -0.049995 1.738297 0.087866
vt 0.548187 0.890986
vn 0.179892 0.938206 0.295650
v -0.056001 1.741325 0.105276
vt 0.553844 0.899643
vn 0.209097 0.973065 -0.097072
v -0.081622 1.761825 0.071900
vt 0.386033 0.896665
vn 0.008292 0.654951 0.755626
v -0.051156 1.755977 0.066085
vt 0.394686 0.885309
vn 0.247469 0.886283 0.391486
v -0.070682 1.742626 0.086713
vt 0.377822 0.896980
vn -0.247809 0.630296 0.735743
v -0.049995 1.738297 0.087866
vt 0.375162 0.882083
vn 0.179892 0.938206 0.295650
v -0.067296 1.769073 0.060638
vt 0.398126 0.899951
vn 0.446546 0.652781 0.611942
v -0.050206 1.767629 0.036423
vt 0.416195 0.893107
vn 0.427172 0.561543 0.708656
v -0.033443 1.757417 0.044322
vt 0.414635 0.879745
vn 0.435583 0.859652 0.266956
v -0.029141 1.753904 0.082123
vt 0.392587 0.866235
vn 0.051368 0.997489 0.048755
v -0.042332 1.755237 0.089840
vt 0.381229 0.872476
vn 0.097502 0.995222 -0.005177
v -0.018097 1.755649 0.063655
vt 0.407400 0.862804
vn 0.209800 0.974677 -0.077385
v 0.006194 1.739812 0.050467
vt 0.428143 0.855779
vn 0.304424 0.919029 -0.250425
v -0.008476 1.740512 0.037419
vt 0.431292 0.867116
vn 0.362435 0.861399 -0.355855
v -0.027433 1.756185 0.030859
vt 0.424590 0.883233
vn 0.755176 0.642093 -0.132008
v 0.018022 1.733073 0.016464
vt 0.452578 0.854232
vn -0.470557 0.593908 -0.652571
v -0.046089 1.756237 0.010010
vt 0.431893 0.896762
vn 0.631315 0.732566 -0.254536
v -0.027121 1.750523 0.007346
vt 0.439641 0.890712
vn 0.695874 0.706709 -0.127756
v -0.017214 1.735887 0.021793
vt 0.438476 0.878203
vn 0.584789 0.769659 -0.256217
v -0.035016 1.748624 -0.032486
vt 0.455549 0.911900
vn 0.534115 0.845409 -0.002256
v -0.013714 1.739454 -0.032534
vt 0.466910 0.901389
vn 0.570797 0.820683 -0.025888
v 0.003397 1.725281 0.007523
vt 0.457235 0.868984
vn 0.411236 0.801920 -0.433370
v -0.000203 1.709261 -0.033503
vt 0.484588 0.881223
vn 0.873715 0.422241 -0.241526
v 0.011085 1.696052 -0.017961
vt 0.486250 0.864185
vn 0.821222 0.355235 -0.446545
v 0.025211 1.712570 0.005130
vt 0.467480 0.856485
vn 0.731702 0.302249 -0.610948
v 0.028228 1.677393 0.008685
vt 0.484154 0.842037
vn 0.958214 0.151119 -0.242876
v 0.016694 1.677098 -0.018650
vt 0.497797 0.854499
vn 0.884642 0.275548 -0.376141
v 0.025561 1.747876 0.012917
vt 0.450912 0.841396
vn -0.840472 0.323874 -0.434410
v 0.018161 1.748194 0.037917
vt 0.435795 0.845926
vn -0.254851 0.843109 -0.473517
v 0.006194 1.739812 0.050467
vt 0.428143 0.855779
vn -0.693781 0.208367 -0.689385
v -0.002005 1.765370 0.060058
vt 0.411872 0.847953
vn -0.312358 0.696782 -0.645699
v 0.019526 1.766092 0.055990
vt 0.421478 0.837322
vn 0.056428 0.771436 -0.633800
v -0.013833 1.771300 0.082757
vt 0.392936 0.848600
vn 0.286192 0.952965 -0.099763
v -0.028729 1.777615 0.095601
vt 0.381372 0.849061
vn 0.338610 0.938416 -0.068687
v -0.018097 1.755649 0.063655
vt 0.407400 0.862804
vn -0.547931 0.451843 -0.703996
v -0.028729 1.777615 0.095601
vt 0.381372 0.849061
vn -0.477609 0.439259 -0.760882
v -0.029141 1.753904 0.082123
vt 0.392587 0.866235
vn -0.694826 0.364479 -0.619978
v -0.042332 1.755237 0.089840
vt 0.381229 0.872476
vn -0.397859 0.363888 -0.842196
v -0.051170 1.775493 0.101472
vt 0.364106 0.856468
vn -0.496145 0.325766 -0.804808
v -0.049995 1.738297 0.087866
vt 0.375162 0.882083
vn -0.826685 0.170072 -0.536346
v -0.056001 1.741325 0.105276
vt 0.363178 0.878358
vn -0.935917 0.094557 -0.339290
v -0.049995 1.738297 0.087866
vt 0.375162 0.882083
vn -0.872483 0.355582 0.335163
v -0.051156 1.755977 0.066085
vt 0.394686 0.885309
vn -0.872483 0.355582 0.335163
v -0.042332 1.755237 0.089840
vt 0.381229 0.872476
vn -0.872483 0.355582 0.335163
v -0.013833 1.771300 0.082757
vt 0.392936 0.848600
vn -0.630445 -0.061273 -0.773812
v 0.019526 1.766092 0.055990
vt 0.421478 0.837322
vn -0.519200 0.077175 -0.851161
v -0.014868 1.807551 0.080729
vt 0.383022 0.827183
vn -0.437126 0.164863 -0.884161
v 0.002323 1.801544 0.076219
vt 0.394879 0.823063
vn -0.066805 0.469795 -0.880244
v -0.111988 1.742312 0.065816
vt 0.781443 0.873238
vn -0.253495 0.958259 0.132213
v -0.085561 1.752706 0.057631
vt 0.782943 0.853864
vn -0.358911 0.888598 -0.285617
v -0.081622 1.761825 0.071900
vt 0.768753 0.850557
vn -0.439536 0.807009 -0.394391
v -0.067296 1.769073 0.060638
vt 0.772918 0.837934
vn -0.788002 0.492369 -0.369629
v -0.084248 1.768498 0.064888
vt 0.773777 0.847984
vn -0.233918 0.421885 -0.875954
v -0.067325 1.752749 0.028776
vt 0.800130 0.836647
vn -0.603657 0.785708 -0.135131
v -0.110123 1.750967 0.039151
vt 0.802452 0.864835
vn -0.322715 0.945483 -0.043783
v -0.118716 1.748976 0.048073
vt 0.796388 0.875383
vn -0.129624 0.986962 0.095410
v -0.090202 1.751055 0.020710
vt 0.810398 0.850783
vn 0.195975 0.956442 0.216360
v -0.086804 1.753816 0.011965
vt 0.817836 0.847462
vn -0.091406 0.995476 0.025929
v -0.123522 1.728442 0.009895
vt 0.823241 0.879060
vn -0.730305 0.677751 0.085485
v -0.106864 1.748151 0.005109
vt 0.824409 0.861702
vn -0.613243 0.671528 0.415913
v -0.128798 1.728635 -0.003185
vt 0.832735 0.884274
vn -0.690406 0.611676 0.386255
v -0.121778 1.741912 -0.007520
vt 0.836931 0.872089
vn -0.945081 0.216692 0.244677
v -0.116902 1.760751 -0.007748
vt 0.838347 0.858240
vn -0.646822 0.676075 0.352907
v -0.086804 1.753816 0.011965
vt 0.817836 0.847462
vn -0.559346 0.778469 0.284811
v -0.090202 1.751055 0.020710
vt 0.810398 0.850783
vn -0.671106 0.740877 -0.026806
v -0.072934 1.766703 0.020841
vt 0.811347 0.834191
vn -0.702250 0.708617 0.068606
v -0.067725 1.774070 0.005286
vt 0.821402 0.827530
vn -0.654702 0.705869 0.270397
v -0.087644 1.769447 -0.017583
vt 0.839724 0.837331
vn 0.011401 0.990495 -0.137073
v -0.108797 1.763110 -0.030117
vt 0.850184 0.852090
vn -0.456247 0.675964 -0.578715
v -0.086347 1.763483 -0.032029
vt 0.856580 0.838483
vn 0.433447 0.620938 -0.653115
v -0.079561 1.757348 -0.022750
vt 0.849371 0.830587
vn 0.652016 0.334708 -0.680328
v -0.122345 1.748855 -0.022042
vt 0.847658 0.865630
vn -0.930046 0.253701 -0.265800
v -0.095244 1.741948 -0.041585
vt 0.867935 0.853765
vn 0.035600 0.249694 -0.967670
v -0.081582 1.744383 -0.031064
vt 0.870464 0.841080
vn 0.694912 0.195910 -0.691893
v -0.079561 1.757348 -0.022750
vt 0.863631 0.831664
vn 0.652016 0.334708 -0.680328
v -0.121408 1.726981 -0.034985
vt 0.862032 0.877133
vn -0.939640 0.254797 -0.228375
v -0.096930 1.741186 -0.056705
vt 0.872392 0.861678
vn -0.187515 0.884358 -0.427491
v -0.112465 1.705390 -0.023453
vt 0.854803 0.891591
vn -0.973655 -0.214294 -0.077941
v -0.122235 1.721502 -0.046089
vt 0.870794 0.878950
vn -0.827555 0.361370 -0.429609
v -0.107489 1.727804 -0.066394
vt 0.882967 0.870967
vn -0.606568 0.390714 -0.692400
v -0.137285 1.694652 -0.032040
vt 0.863613 0.899474
vn -0.842830 0.274658 -0.462819
v -0.118194 1.711642 -0.009946
vt 0.846013 0.890249
vn -0.519598 0.338295 -0.784585
v -0.128798 1.728635 -0.003185
vt 0.832735 0.884274
vn -0.054237 0.663400 -0.746297
v -0.123522 1.728442 0.009895
vt 0.823241 0.879060
vn 0.060371 0.410878 0.909689
v -0.145735 1.732259 0.001151
vt 0.821532 0.894015
vn -0.277102 0.960447 0.027508
v -0.146672 1.721584 -0.013328
vt 0.831534 0.900508
vn -0.320107 0.432084 -0.843111
v -0.159495 1.722416 0.006575
vt 0.818981 0.909503
vn -0.598952 0.685109 -0.414585
v -0.160146 1.717739 -0.001153
vt 0.824743 0.909607
vn -0.973871 -0.043763 -0.222845
v -0.136531 1.696097 -0.018519
vt 0.850953 0.906863
vn -0.790404 0.434967 -0.431352
v -0.112465 1.705390 -0.023453
vt 0.854803 0.891591
vn -0.400420 0.824394 -0.400048
v -0.143152 1.701498 0.005212
vt 0.836542 0.921195
vn -0.299108 -0.555203 0.776070
v -0.159495 1.722416 0.006575
vt 0.818981 0.909503
vn -0.441648 -0.178531 0.879246
v -0.084248 1.768498 0.064888
vt 0.773777 0.847984
vn 0.138980 0.742873 0.654847
v -0.067296 1.769073 0.060638
vt 0.772918 0.837934
vn 0.446546 0.652781 0.611942
v -0.085561 1.752706 0.057631
vt 0.782943 0.853864
vn -0.952006 -0.058926 0.300354
v -0.084248 1.768498 0.064888
vt 0.773777 0.847984
vn -0.952006 -0.058926 0.300354
v -0.081622 1.761825 0.071900
vt 0.768753 0.850557
vn -0.952006 -0.058926 0.300354
v -0.067296 1.769073 0.060638
vt 0.153081 0.053161
vn -0.788002 0.492369 -0.369629
v -0.067325 1.752749 0.028776
vt 0.172661 0.059357
vn -0.603657 0.785708 -0.135131
v -0.067183 1.787358 0.034130
vt 0.170738 0.038647
vn -0.941782 0.311077 -0.127586
v -0.067296 1.769073 0.060638
vt 0.244217 0.043709
vn -0.788002 0.492369 -0.369629
v -0.067183 1.787358 0.034130
vt 0.233454 0.033985
vn -0.941782 0.311077 -0.127586
v -0.057911 1.801783 0.028892
vt 0.216299 0.027101
vn -0.855859 0.481383 -0.189148
v -0.033443 1.757417 0.044322
vt 0.222635 0.059584
vn 0.435583 0.859652 0.266956
v -0.050206 1.767629 0.036423
vt 0.225778 0.049507
vn 0.427172 0.561543 0.708656
v -0.035366 1.775360 0.034096
vt 0.213993 0.052613
vn -0.111305 0.476159 0.872286
v -0.046223 1.794398 0.022493
vt 0.209096 0.036066
vn -0.108422 0.471591 0.875127
v -0.067296 1.769073 0.060638
vt 0.244217 0.043709
vn 0.446546 0.652781 0.611942
v -0.046223 1.794398 0.022493
vt 0.209096 0.036066
vn 0.797088 0.602576 0.039416
v -0.057911 1.801783 0.028892
vt 0.216299 0.027101
vn 0.639702 0.625807 0.446258
v -0.054641 1.798730 0.017373
vt 0.208469 0.029573
vn 0.544014 0.813397 -0.205997
v -0.047397 1.788209 0.006783
vt 0.196990 0.038133
vn 0.877286 0.333630 -0.345050
v -0.035366 1.775360 0.034096
vt 0.213993 0.052613
vn 0.852738 0.238721 -0.464597
v -0.046089 1.756237 0.010010
vt 0.197873 0.059830
vn 0.631315 0.732566 -0.254536
v -0.027433 1.756185 0.030859
vt 0.213442 0.066976
vn 0.755176 0.642093 -0.132008
v -0.049819 1.742951 0.006294
vt 0.691158 0.563109
vn -0.867217 0.336753 -0.366785
v -0.046089 1.756237 0.010010
vt 0.684630 0.552529
vn -0.668469 0.159586 -0.726417
v -0.057142 1.753298 0.015141
vt 0.680687 0.561503
vn -0.438124 0.085495 -0.894840
v -0.067325 1.752749 0.028776
vt 0.800130 0.836647
vn -0.333803 0.360989 0.870783
v -0.090202 1.751055 0.020710
vt 0.810398 0.850783
vn -0.333803 0.360989 0.870783
v -0.072934 1.766703 0.020841
vt 0.811347 0.834191
vn -0.333803 0.360989 0.870783
v -0.067325 1.752749 0.028776
vt 0.671387 0.556302
vn 0.655737 0.554749 0.512115
v -0.072934 1.766703 0.020841
vt 0.664692 0.564094
vn 0.658391 0.563491 0.498999
v -0.057142 1.753298 0.015141
vt 0.680687 0.561503
vn 0.832585 0.550193 0.063953
v -0.067725 1.774070 0.005286
vt 0.667917 0.575739
vn 0.767044 0.641545 -0.007976
v -0.066458 1.764303 -0.016268
vt 0.680110 0.586056
vn 0.640006 0.447414 -0.624671
v -0.087644 1.769447 -0.017583
vt 0.672074 0.593346
vn 0.011401 0.990495 -0.137073
v -0.079561 1.757348 -0.022750
vt 0.685830 0.594952
vn 0.652016 0.334708 -0.680328
v -0.062615 1.742246 -0.011633
vt 0.694129 0.578227
vn 0.665703 0.614019 -0.424052
v -0.081582 1.744383 -0.031064
vt 0.695491 0.597821
vn 0.694912 0.195910 -0.691893
v -0.049819 1.742951 0.006294
vt 0.691158 0.563109
vn 0.475857 0.788468 -0.389716
v -0.059766 1.724824 -0.053868
vt 0.723368 0.596169
vn 0.291950 0.804845 -0.516711
v -0.046913 1.730151 -0.033883
vt 0.716025 0.580106
vn -0.494524 0.849978 -0.181616
v -0.032792 1.748879 -0.050353
vt 0.731955 0.571477
vn -0.772301 0.632670 0.057276
v -0.035016 1.748624 -0.032486
vt 0.723446 0.563734
vn -0.755735 0.517060 -0.401888
v -0.040633 1.759908 -0.018360
vt 0.711989 0.558186
vn -0.896588 0.342048 -0.281306
v -0.046089 1.756237 0.010010
vt 0.694978 0.548848
vn -0.668469 0.159586 -0.726417
v -0.068588 1.740523 -0.045869
vt 0.708320 0.598922
vn 0.472219 0.832019 -0.291126
v -0.081582 1.744383 -0.031064
vt 0.695491 0.597821
vn 0.105715 0.980950 -0.162977
v -0.095244 1.741948 -0.041585
vt 0.695404 0.610419
vn 0.111119 0.988915 -0.098482
v -0.096930 1.741186 -0.056705
vt 0.702037 0.616876
vn -0.187515 0.884358 -0.427491
v -0.080292 1.722948 -0.079053
vt 0.725027 0.620344
vn 0.060623 0.404346 -0.912595
v -0.107489 1.727804 -0.066394
vt 0.705985 0.630652
vn -0.606568 0.390714 -0.692400
v -0.066600 1.714304 -0.075978
vt 0.731230 0.610134
vn 0.137604 0.474943 -0.869192
v -0.032073 1.713522 -0.062384
vt 0.748764 0.592960
vn 0.288017 0.744662 -0.602101
v -0.032792 1.748879 -0.050353
vt 0.731955 0.571477
vn -0.062707 0.320265 -0.945250
v -0.048278 1.713397 -0.083510
vt 0.741938 0.610194
vn 0.090902 0.992989 -0.075563
v -0.012656 1.737040 -0.053927
vt 0.747883 0.569153
vn 0.089714 0.270630 -0.958494
v -0.009826 1.715445 -0.057167
vt 0.756885 0.579801
vn 0.159533 0.485853 -0.859358
v -0.014233 1.709882 -0.067522
vt 0.763455 0.584671
vn 0.038421 0.873410 -0.485467
v -0.026695 1.708962 -0.083916
vt 0.755908 0.605499
vn 0.686583 0.727010 0.007743
v -0.018147 1.684029 -0.065095
vt 0.775031 0.599249
vn 0.909669 0.398978 0.115406
v -0.017343 1.686211 -0.081451
vt 0.770184 0.607748
vn 0.916825 0.387385 0.096777
v -0.067325 1.752749 0.028776
vt 0.172661 0.059357
vn -0.442815 0.452903 -0.773818
v -0.056828 1.758335 0.026039
vt 0.178871 0.058061
vn -0.777849 0.327302 -0.536493
v -0.054641 1.798730 0.017373
vt 0.185276 0.030279
vn -0.996383 0.082492 -0.020380
v -0.057911 1.801783 0.028892
vt 0.177167 0.027561
vn -0.855859 0.481383 -0.189148
v -0.057142 1.753298 0.015141
vt 0.187793 0.061384
vn -0.918827 0.376666 -0.117813
v -0.057342 1.834792 0.002268
vt 0.195914 0.005271
vn -0.981549 0.006495 0.191099
v -0.055337 1.818090 0.015479
vt 0.186574 0.009022
vn -0.992442 -0.023919 0.120359
v -0.057142 1.753298 0.015141
vt 0.187793 0.061384
vn -0.438124 0.085495 -0.894840
v -0.046089 1.756237 0.010010
vt 0.197873 0.059830
vn -0.668469 0.159586 -0.726417
v -0.057342 1.834792 0.002268
vt 0.195914 0.005271
vn -0.276692 -0.133401 -0.951654
v -0.047397 1.788209 0.006783
vt 0.196990 0.038133
vn -0.023084 -0.101284 -0.994590
v -0.054641 1.798730 0.017373
vt 0.208469 0.029573
vn 0.858182 0.080495 0.506994
v -0.055337 1.818090 0.015479
vt 0.205053 0.016331
vn 0.960559 0.198582 0.194657
v -0.047397 1.788209 0.006783
vt 0.196990 0.038133
vn 0.923480 0.141588 0.356563
v -0.057342 1.834792 0.002268
vt 0.195914 0.005271
vn 0.966975 0.219072 0.130254
v 0.124951 -0.050000 0.174897
vt 0.773352 0.705756
vn 0.556880 0.456785 0.693709
v 0.099382 -0.033042 0.185317
vt 0.765666 0.688190
vn 0.195457 0.554544 0.808874
v 0.128119 -0.032047 0.159694
vt 0.755421 0.702269
vn 0.452353 0.542247 0.708057
v 0.152779 -0.050000 0.153820
vt 0.756464 0.722519
vn 0.393777 0.296172 0.870185
v 0.123638 -0.014991 0.145274
vt 0.741174 0.693350
vn 0.125692 0.795661 0.592559
v 0.149461 -0.026999 0.149157
vt 0.743639 0.713038
vn 0.353756 0.522555 0.775753
v 0.104670 -0.014143 0.148962
vt 0.745457 0.680257
vn 0.353677 0.723485 0.592860
v 0.174052 -0.050194 0.146175
vt 0.747145 0.737285
vn 0.509325 0.251460 0.823016
v 0.120877 -0.006501 0.124655
vt 0.728751 0.688822
vn 0.049660 0.655636 0.753442
v 0.100040 0.009808 0.139729
vt 0.730260 0.668758
vn 0.566147 0.473180 0.674966
v 0.135368 0.003272 0.127961
vt 0.720890 0.697263
vn 0.215466 0.687470 0.693512
v 0.181428 -0.026688 0.133158
vt 0.729737 0.734682
vn 0.506130 0.460021 0.729529
v 0.119030 0.014059 0.117348
vt 0.714209 0.682951
vn 0.331280 0.523857 0.784747
v 0.104011 0.034560 0.111698
vt 0.704282 0.668272
vn 0.502991 0.390572 0.771009
v 0.222575 -0.049676 0.094308
vt 0.714300 0.774142
vn 0.830047 0.358453 0.427240
v 0.150246 -0.007086 0.116291
vt 0.716313 0.710102
vn 0.415291 0.585945 0.695846
v 0.136997 0.018004 0.109663
vt 0.704767 0.693841
vn 0.219596 0.505950 0.834142
v 0.130634 0.047016 0.095491
vt 0.682821 0.681583
vn 0.281366 0.805666 0.521282
v 0.098066 0.052832 0.110259
vt 0.694656 0.658287
vn 0.433793 0.768002 0.471165
v 0.156850 0.018501 0.108177
vt 0.698402 0.705960
vn 0.588772 0.467766 0.659198
v 0.165871 -0.005999 0.112149
vt 0.710340 0.720569
vn 0.377774 0.704104 0.601269
v 0.117473 0.047096 0.076997
vt 0.672692 0.673753
vn 0.132969 0.894293 0.427271
v 0.087085 0.058470 0.096471
vt 0.683310 0.649855
vn 0.662854 0.605067 0.441042
v 0.151812 0.040384 0.080220
vt 0.673717 0.699896
vn 0.656119 0.642623 0.395657
v 0.132580 0.059013 0.066713
vt 0.659297 0.681872
vn 0.232768 0.699481 0.675681
v 0.116409 0.067706 0.060015
vt 0.655960 0.668240
vn 0.201976 0.361165 0.910366
v 0.108100 0.101645 0.053608
vt 0.639179 0.651975
vn 0.423412 0.091199 0.901335
v 0.089137 0.089637 0.083781
vt 0.662422 0.640283
vn 0.818628 0.113161 0.563065
v 0.077069 0.121346 0.100591
vt 0.651221 0.619368
vn 0.854796 0.098599 0.509511
v 0.102588 0.155492 0.061509
vt 0.624825 0.618585
vn 0.526341 0.253445 0.811622
v 0.078483 0.138853 0.083954
vt 0.643601 0.611438
vn 0.620790 0.438087 0.650154
v 0.090678 0.164624 0.060805
vt 0.621069 0.606779
vn 0.572768 0.309589 0.759007
v 0.121034 0.103838 0.053898
vt 0.631935 0.658208
vn 0.571330 0.280155 0.771424
v 0.113354 0.189016 0.046901
vt 0.596431 0.610415
vn 0.570260 0.388586 0.723743
v 0.148446 0.072228 0.038115
vt 0.635312 0.689722
vn 0.735271 0.574753 0.359217
v 0.118003 0.129490 0.033102
vt 0.611436 0.649864
vn 0.978747 0.141182 0.148732
v 0.140600 0.093789 -0.008563
vt 0.595790 0.687164
vn 0.802607 0.584181 0.120645
v 0.121767 0.170127 0.024904
vt 0.590980 0.628882
vn 0.977079 0.022080 0.211727
v 0.120790 0.207824 0.013711
vt 0.572282 0.609738
vn 0.978641 0.155083 0.134949
v 0.108424 0.214361 0.029708
vt 0.580690 0.593954
vn 0.583896 0.455569 0.671954
v 0.112315 0.228602 0.023633
vt 0.571423 0.593465
vn 0.869876 0.127256 0.476573
v 0.119961 0.232210 0.002232
vt 0.558649 0.598632
vn 0.966972 0.084204 -0.240570
v 0.112453 0.208176 -0.011994
vt 0.556461 0.617392
vn 0.921149 0.140424 -0.362995
v 0.111579 0.234990 -0.007558
vt 0.551533 0.597936
vn 0.771083 0.128336 -0.623667
v 0.122570 0.184718 -0.007704
vt 0.567903 0.630801
vn 0.957300 0.228313 -0.177339
v 0.124166 0.143352 0.000826
vt 0.583082 0.656901
vn 0.988455 0.130294 0.077329
v 0.137115 0.097190 -0.045918
vt 0.566600 0.701305
vn 0.746800 0.578417 -0.328213
v 0.122393 0.139758 -0.035518
vt 0.561659 0.668143
vn 0.896827 0.277127 -0.344821
v 0.112032 0.184664 -0.031613
vt 0.552630 0.636795
vn 0.483945 0.489752 -0.725218
v 0.100848 0.213432 -0.011101
vt 0.551323 0.617173
vn 0.557905 0.614614 -0.557667
v 0.099441 0.181181 -0.032708
vt 0.544837 0.637751
vn -0.055528 0.476352 -0.877499
v 0.111210 0.145250 -0.049188
vt 0.545174 0.666014
vn 0.828810 0.250798 -0.500174
v 0.108899 0.108740 -0.072469
vt 0.536652 0.696430
vn 0.715812 0.357702 -0.599719
v 0.098134 0.130666 -0.078508
vt 0.522470 0.682040
vn 0.776224 0.203715 -0.596638
v 0.118120 0.076025 -0.092417
vt 0.532138 0.724488
vn 0.291312 0.660130 -0.692362
v 0.099272 0.190883 -0.056988
vt 0.529772 0.637001
vn 0.815633 0.267737 -0.512894
v 0.099441 0.181181 -0.032708
vt 0.544837 0.637751
vn 0.978036 0.208201 0.009911
v 0.091093 0.231584 -0.038522
vt 0.532607 0.604186
vn 0.966514 0.131527 -0.220344
v 0.100848 0.213432 -0.011101
vt 0.551323 0.617173
vn 0.980734 0.129609 -0.146155
v 0.087415 0.237666 -0.049979
vt 0.522691 0.603425
vn 0.874884 0.141997 -0.463050
v 0.087486 0.172411 -0.066551
vt 0.519755 0.649892
vn 0.687943 0.336415 -0.643086
v 0.069126 0.214830 -0.076919
vt 0.505442 0.621607
vn 0.989805 0.141421 -0.016942
v 0.071212 0.238409 -0.071802
vt 0.505963 0.604501
vn 0.949952 0.068110 -0.304882
v 0.079451 0.187298 -0.086241
vt 0.504140 0.642782
vn 0.859132 0.212004 -0.465775
v 0.072359 0.245055 -0.084614
vt 0.496932 0.602381
vn 0.964120 0.167735 -0.205760
v 0.060073 0.283030 -0.077550
vt 0.492415 0.574556
vn 0.666334 0.254428 -0.700903
v 0.057443 0.271181 -0.098178
vt 0.482033 0.586831
vn 0.576156 0.402845 -0.711168
v 0.033674 0.293785 -0.089600
vt 0.469294 0.568699
vn 0.417447 0.190027 -0.888610
v 0.031094 0.252824 -0.111157
vt 0.463534 0.599621
vn -0.254332 0.294575 -0.921163
v 0.069931 0.169745 -0.095412
vt 0.494135 0.656889
vn 0.524434 0.081904 -0.847503
v 0.029830 0.198683 -0.115409
vt 0.462447 0.637212
vn 0.196507 0.105227 -0.974840
v 0.021932 0.248658 -0.097609
vt 0.456553 0.598249
vn -0.818467 0.369637 -0.439863
v 0.033674 0.293785 -0.089600
vt 0.469294 0.568699
vn -0.830530 0.299495 -0.469599
v 0.009338 0.217162 -0.104953
vt 0.448418 0.622001
vn -0.049919 0.298164 -0.953208
v -0.006038 0.237181 -0.102263
vt 0.437063 0.607160
vn 0.050524 0.209340 -0.976537
v 0.021932 0.248658 -0.097609
vt 0.456553 0.598249
vn 0.148410 0.094620 -0.984389
v -0.015499 0.216099 -0.114876
vt 0.431025 0.625385
vn -0.160051 0.352988 -0.921837
v -0.013081 0.191401 -0.119292
vt 0.432506 0.643277
vn -0.039402 0.203868 -0.978205
v -0.028431 0.215220 -0.106229
vt 0.421614 0.622740
vn -0.044039 0.309702 -0.949813
v -0.042076 0.242478 -0.100254
vt 0.412690 0.602310
vn -0.247827 0.191902 -0.949608
v -0.048083 0.220487 -0.113722
vt 0.408900 0.619581
vn 0.227195 0.235400 -0.944971
v 0.028838 0.160774 -0.115510
vt 0.461947 0.663360
vn 0.284525 0.051836 -0.957266
v -0.042041 0.174339 -0.118039
vt 0.412332 0.652668
vn -0.109124 0.131877 -0.985241
v -0.021621 0.139899 -0.123561
vt 0.424023 0.677092
vn 0.027813 0.125404 -0.991716
v -0.060107 0.146484 -0.117369
vt 0.393991 0.667269
vn -0.434811 0.071198 -0.897703
v -0.043456 0.120526 -0.125978
vt 0.407519 0.688623
vn -0.169440 0.085569 -0.981819
v -0.076223 0.194344 -0.106259
vt 0.387457 0.633069
vn -0.496925 0.324369 -0.804892
v -0.048098 0.078331 -0.129001
vt 0.400930 0.717871
vn -0.359801 0.125973 -0.924486
v -0.074070 0.035154 -0.118486
vt 0.374654 0.743511
vn -0.619268 0.230797 -0.750493
v -0.025250 0.071746 -0.134488
vt 0.418138 0.721372
vn -0.111717 0.194088 -0.974602
v 0.025686 0.116610 -0.120695
vt 0.456115 0.693758
vn 0.295619 0.124423 -0.947169
v 0.047319 0.125121 -0.109384
vt 0.474762 0.687859
vn 0.357065 0.126230 -0.925511
v -0.027599 0.025641 -0.147912
vt 0.415240 0.759079
vn -0.300947 0.408695 -0.861626
v -0.040423 0.036442 -0.134012
vt 0.405352 0.747330
vn -0.227349 0.282888 -0.931819
v 0.029306 0.050449 -0.129729
vt 0.457328 0.739754
vn 0.272449 0.229620 -0.934370
v 0.055036 0.052838 -0.119794
vt 0.477458 0.736243
vn 0.211958 0.347764 -0.913309
v -0.048843 0.025888 -0.137269
vt 0.394835 0.753448
vn -0.442006 0.374779 -0.814967
v -0.028906 0.004940 -0.155513
vt 0.410380 0.774022
vn -0.335211 0.433883 -0.836289
v -0.038020 0.013398 -0.153888
vt 0.404271 0.768276
vn -0.063434 0.576499 -0.814632
v -0.016898 0.006724 -0.168071
vt 0.420749 0.778171
vn -0.705150 0.330599 -0.627271
v -0.018370 -0.022565 -0.183117
vt 0.419156 0.797959
vn -0.478427 0.662744 -0.576088
v 0.012438 0.019360 -0.142975
vt 0.444145 0.762812
vn 0.214622 0.454943 -0.864271
v -0.016898 0.006724 -0.168071
vt 0.420749 0.778171
vn 0.356502 0.561604 -0.746664
v 0.038964 0.018827 -0.138064
vt 0.463228 0.763052
vn 0.152242 0.452427 -0.878711
v 0.010387 -0.010024 -0.162309
vt 0.440329 0.787033
vn 0.244028 0.595914 -0.765073
v -0.018370 -0.022565 -0.183117
vt 0.419156 0.797959
vn 0.272312 0.423798 -0.863853
v 0.048629 -0.023739 -0.169037
vt 0.465710 0.800004
vn 0.121214 0.537395 -0.834574
v 0.084686 0.039267 -0.127711
vt 0.497623 0.752273
vn 0.192509 0.487911 -0.851401
v 0.071967 0.005771 -0.139227
vt 0.485422 0.775870
vn 0.079227 0.532355 -0.842806
v 0.078527 0.056743 -0.113756
vt 0.497016 0.734767
vn 0.217139 0.485442 -0.846875
v -0.007571 -0.050004 -0.191094
vt 0.424788 0.819062
vn 0.160708 0.321244 -0.933261
v -0.031383 -0.029526 -0.190008
vt 0.410806 0.807491
vn 0.138018 0.211831 -0.967512
v -0.042494 -0.050000 -0.191294
vt 0.402016 0.820365
vn 0.005713 0.059624 -0.998205
v 0.053480 -0.049562 -0.180999
vt 0.464418 0.820476
vn 0.128305 0.423823 -0.896611
v 0.027566 -0.050000 -0.187803
vt 0.448038 0.819960
vn 0.009123 0.995061 -0.098850
v 0.117106 -0.008289 -0.153002
vt 0.511873 0.797759
vn 0.101922 0.514939 -0.851146
v 0.108014 0.030976 -0.124322
vt 0.513149 0.760841
vn 0.130022 0.513669 -0.848079
v 0.116564 -0.034881 -0.169210
vt 0.507387 0.815740
vn 0.361429 0.199511 -0.910804
v 0.132555 -0.049926 -0.160453
vt 0.519064 0.825423
vn 0.401419 0.043832 -0.914845
v 0.143320 -0.009350 -0.150836
vt 0.527884 0.799624
vn 0.351157 0.424022 -0.834802
v 0.161359 -0.036443 -0.147518
vt 0.540208 0.818221
vn 0.605470 0.037521 -0.794983
v 0.180478 -0.050000 -0.128990
vt 0.558633 0.824550
vn 0.743153 0.159938 -0.649726
v 0.202306 -0.049950 -0.101368
vt 0.583045 0.820381
vn 0.702049 0.605951 -0.374099
v 0.157506 -0.007180 -0.136126
vt 0.542160 0.798082
vn 0.714038 0.512849 -0.476588
v 0.140501 0.022750 -0.120586
vt 0.536999 0.771089
vn 0.570963 0.481340 -0.665066
v 0.134486 0.059052 -0.110492
vt 0.536055 0.742905
vn 0.328025 0.583245 -0.743118
v 0.180710 -0.022106 -0.089402
vt 0.578507 0.797134
vn 0.680200 0.718892 -0.143256
v 0.165627 -0.014068 -0.089238
vt 0.572275 0.787467
vn 0.789216 0.612342 -0.046649
v 0.161251 0.010825 -0.080694
vt 0.571495 0.769498
vn 0.948113 0.152538 -0.278952
v 0.202793 -0.030623 -0.065055
vt 0.600649 0.799555
vn 0.513100 0.782103 -0.353614
v 0.226374 -0.039608 -0.051125
vt 0.618791 0.809495
vn 0.864560 0.341643 -0.368531
v 0.184394 -0.019737 -0.054228
vt 0.599387 0.785006
vn 0.470254 0.765045 -0.439962
v 0.157718 0.033897 -0.095605
vt 0.556801 0.757922
vn 0.860704 0.122739 -0.494089
v 0.169307 -0.001886 -0.058984
vt 0.589424 0.772934
vn 0.896349 0.316030 -0.310940
v 0.170014 0.037126 -0.062769
vt 0.579523 0.748132
vn 0.906821 0.131509 -0.400477
v 0.157939 0.054279 -0.077650
vt 0.563049 0.739962
vn 0.831721 0.425440 -0.356709
v 0.150013 0.074050 -0.068838
vt 0.562002 0.724165
vn 0.659279 0.634626 -0.403238
v 0.184114 0.001999 -0.030726
vt 0.610321 0.765188
vn 0.807143 0.444242 -0.388805
v 0.212786 -0.011794 -0.008478
vt 0.634661 0.776025
vn 0.692889 0.707681 -0.138178
v 0.202306 -0.049950 -0.101368
vt 0.583045 0.820381
vn 0.893256 -0.243607 -0.377822
v 0.233977 -0.049985 -0.026456
vt 0.635502 0.806712
vn 0.903247 0.399632 -0.156330
v 0.174291 0.049427 -0.049375
vt 0.587308 0.737520
vn 0.887615 0.308013 -0.342443
v 0.234357 -0.035858 0.007394
vt 0.654656 0.793795
vn 0.896971 0.436604 -0.069428
v 0.239078 -0.050006 0.031766
vt 0.674403 0.795307
vn 0.894090 0.434376 0.109181
v 0.221933 -0.018915 0.021305
vt 0.657051 0.778135
vn 0.694227 0.717529 0.056573
v 0.194781 0.007530 -0.000081
vt 0.633053 0.756281
vn 0.858010 0.513515 -0.010991
v 0.183009 0.031937 -0.003539
vt 0.617312 0.741095
vn 0.935335 0.353717 0.005749
v 0.187717 -0.001572 0.030644
vt 0.654084 0.748244
vn 0.823849 0.538769 0.176068
v 0.217180 -0.017822 0.047704
vt 0.674451 0.767286
vn 0.628106 0.762819 0.153591
v 0.216206 -0.022682 0.079040
vt 0.696110 0.762549
vn 0.605906 0.751213 0.261834
v 0.189171 -0.007519 0.060316
vt 0.674141 0.744386
vn 0.715294 0.621691 0.319147
v 0.202200 -0.025686 0.105915
vt 0.713095 0.752019
vn 0.699581 0.604867 0.380423
v 0.188977 -0.017192 0.070651
vt 0.686475 0.747098
vn 0.597999 0.756817 0.263865
v 0.185119 -0.013578 0.122437
vt 0.718761 0.734060
vn 0.419104 0.721499 0.551172
v 0.181190 -0.007511 0.085440
vt 0.693806 0.735366
vn 0.764582 0.620410 0.174659
v 0.171673 0.018652 0.074555
vt 0.676498 0.721374
vn 0.760370 0.548747 0.347438
v 0.163183 0.025509 0.065227
vt 0.668640 0.714559
vn 0.619495 0.673589 0.403118
v 0.170958 0.036247 0.049088
vt 0.653909 0.716427
vn 0.742474 0.609297 0.278369
v 0.185768 0.021503 0.048937
vt 0.658856 0.729966
vn 0.909676 0.279965 0.306772
v 0.186999 0.023693 0.012350
vt 0.635250 0.740070
vn 0.875886 0.466195 0.124442
v 0.174465 0.033435 0.028553
vt 0.641304 0.724883
vn 0.787811 0.599483 0.141328
v 0.162823 0.070439 0.012211
vt 0.618623 0.705885
vn 0.754849 0.595482 0.274962
v 0.177817 0.061383 -0.022780
vt 0.600983 0.724977
vn 0.892915 0.445644 -0.064058
v 0.153881 0.086345 -0.026899
vt 0.585135 0.705186
vn 0.675218 0.735384 -0.057366
v 0.099609 0.086483 -0.090545
vt 0.519921 0.713640
vn 0.403933 0.401549 -0.821947
v 0.079507 0.107229 -0.098044
vt 0.504663 0.702584
vn 0.519634 0.147822 -0.841504
v 0.085606 0.128673 -0.095441
vt 0.507839 0.685151
vn 0.581236 0.063126 -0.811283
v 0.106703 0.199575 0.019957
vt 0.586569 0.579424
vn 0.908147 0.342705 -0.240463
v 0.108424 0.214361 0.029708
vt 0.580690 0.593954
vn 0.730637 0.314649 -0.605942
v 0.098419 0.223079 0.022172
vt 0.585975 0.590153
vn 0.990595 0.136823 -0.000465
v 0.100848 0.213432 -0.011101
vt 0.598304 0.590541
vn 0.980734 0.129609 -0.146155
v 0.106703 0.199575 0.019957
vt 0.586569 0.579424
vn -0.993677 0.104081 -0.042109
v 0.111579 0.234990 -0.007558
vt 0.553599 0.583238
vn -0.990557 0.105972 -0.086992
v 0.108424 0.214361 0.029708
vt 0.580690 0.593954
vn -0.983782 0.178678 0.015694
v 0.112315 0.228602 0.023633
vt 0.571423 0.593465
vn -0.951769 0.295377 0.082993
v 0.109143 0.207829 0.002129
vt 0.570734 0.575322
vn -0.987752 0.034295 -0.152214
v 0.112453 0.208176 -0.011994
vt 0.562138 0.568157
vn -0.973644 0.005970 -0.227997
v 0.106703 0.199575 0.019957
vt 0.586569 0.579424
vn -0.046939 0.908894 0.414377
v 0.100848 0.213432 -0.011101
vt 0.598304 0.590541
vn 0.305297 0.930423 0.202749
v 0.109143 0.207829 0.002129
vt 0.603285 0.592356
vn 0.071697 0.933800 0.350540
v 0.100848 0.213432 -0.011101
vt 0.718334 0.090006
vn 0.305297 0.930423 0.202749
v 0.112453 0.208176 -0.011994
vt 0.726829 0.089117
vn 0.417199 0.900863 0.119962
v 0.109143 0.207829 0.002129
vt 0.723882 0.080726
vn 0.071697 0.933800 0.350540
v 0.112315 0.228602 0.023633
vt 0.571423 0.593465
vn 0.092688 0.975866 0.197724
v 0.111579 0.234990 -0.007558
vt 0.553599 0.583238
vn 0.092688 0.975866 0.197724
v 0.119961 0.232210 0.002232
vt 0.558649 0.598632
vn 0.092688 0.975866 0.197724
v 0.059816 0.830448 0.097644
vt 0.171628 0.632451
vn 0.731513 -0.277016 0.623017
v 0.042610 0.835514 0.113738
vt 0.181218 0.620298
vn 0.607775 0.041666 0.793015
v 0.024287 1.047542 0.135199
vt 0.185251 0.468954
vn 0.151391 -0.730643 -0.665764
v 0.043027 1.066674 0.118464
vt 0.166266 0.454588
vn 0.151391 -0.730643 -0.665764
v 0.069314 1.101342 0.086394
vt 0.138306 0.431582
vn 0.151391 -0.730643 -0.665764
v 0.025895 1.614024 0.114834
vt 0.117058 0.943238
vn 0.726856 0.056184 0.684488
v 0.038986 1.648297 0.102616
vt 0.090605 0.949816
vn 0.752995 -0.053809 0.655822
v 0.046212 1.624692 0.092381
vt 0.103996 0.962468
vn 0.739476 0.008261 0.673132
v 0.036976 1.561995 0.111271
vt 0.137632 0.962019
vn 0.712261 0.104162 0.694144
v 0.036976 1.561995 0.111271
vt 0.137632 0.962019
vn 0.118173 0.435772 0.892266
v 0.046212 1.624692 0.092381
vt 0.103996 0.962468
vn -0.240407 0.312271 0.919071
v 0.053064 1.610823 0.098886
vt 0.113726 0.968359
vn 0.405151 0.175169 0.897312
v 0.025895 1.614024 0.114834
vt 0.117058 0.943238
vn -0.735017 0.458743 0.499303
v 0.031454 1.648198 0.091618
vt 0.085483 0.941238
vn -0.735017 0.458743 0.499303
v 0.038986 1.648297 0.102616
vt 0.090605 0.949816
vn -0.735017 0.458743 0.499303
v 0.025895 1.614024 0.114834
vt 0.117058 0.943238
vn 0.325809 0.494383 0.805875
v 0.012279 1.662609 0.090529
vt 0.084768 0.927268
vn 0.325809 0.494383 0.805875
v 0.031454 1.648198 0.091618
vt 0.085483 0.941238
vn 0.325809 0.494383 0.805875
v 0.046212 1.624692 0.092381
vt 0.136565 0.061956
vn 0.778093 0.533696 0.331269
v 0.050369 1.629833 0.078560
vt 0.131662 0.053598
vn 0.795563 0.449298 0.406462
v 0.053064 1.610823 0.098886
vt 0.132788 0.073184
vn 0.718591 0.552864 0.421863
v 0.044530 1.654202 0.064651
vt 0.131934 0.032039
vn 0.762096 0.465869 0.449639
v 0.031454 1.648198 0.091618
vt 0.147714 0.048086
vn 0.845938 0.532230 0.033452
v 0.006703 1.600667 0.083823
vt 0.124670 0.917796
vn -0.787042 0.135967 -0.601729
v 0.020101 1.649371 0.077305
vt 0.086298 0.918768
vn -0.787042 0.135967 -0.601729
v 0.012279 1.662609 0.090529
vt 0.084768 0.927268
vn -0.787042 0.135967 -0.601729
v 0.006703 1.600667 0.083823
vt 0.124670 0.917796
vn -0.771206 0.288051 0.567686
v 0.015129 1.648936 0.070771
vt 0.087898 0.912807
vn -0.771206 0.288051 0.567686
v 0.020101 1.649371 0.077305
vt 0.086298 0.918768
vn -0.771206 0.288051 0.567686
v 0.031454 1.648198 0.091618
vt 0.086058 0.958003
vn 0.845938 0.532230 0.033452
v 0.046212 1.624692 0.092381
vt 0.103996 0.962468
vn 0.778093 0.533696 0.331269
v 0.038986 1.648297 0.102616
vt 0.090605 0.949816
vn 0.736589 0.445989 -0.508459
v 0.048748 1.683259 0.008579
vt 0.042681 0.946351
vn -0.499993 0.861846 0.085021
v 0.059925 1.697765 0.024336
vt 0.055693 0.958435
vn -0.256711 0.964580 0.060701
v 0.038617 1.667683 0.041684
vt 0.063542 0.930291
vn -0.769136 0.580485 0.267333
v 0.028228 1.677393 0.008685
vt 0.039855 0.935191
vn -0.283598 0.927350 0.244121
v 0.063161 1.690703 -0.006894
vt 0.032631 0.962219
vn -0.070728 0.976075 0.205611
v 0.074342 1.693228 0.023620
vt 0.053795 0.968266
vn 0.260617 0.960442 0.098132
v 0.084098 1.690253 0.008385
vt 0.045545 0.975860
vn 0.051924 0.997782 -0.041649
v 0.079472 1.692820 -0.012420
vt 0.032359 0.974609
vn 0.597588 0.720886 -0.351017
v 0.066823 1.687480 -0.020630
vt 0.023565 0.966363
vn 0.697130 0.480128 -0.532435
v 0.064704 1.712298 -0.027964
vt 0.018042 0.951086
vn 0.850798 0.514886 0.105051
v 0.019526 1.766092 0.055990
vt 0.015982 0.877970
vn 0.056428 0.771436 -0.633800
v 0.018161 1.748194 0.037917
vt 0.013680 0.890774
vn -0.254851 0.843109 -0.473517
v 0.026837 1.744727 0.048330
vt 0.022848 0.888494
vn 0.668694 0.663094 -0.336384
v 0.025561 1.747876 0.012917
vt 0.005060 0.904063
vn 0.291864 0.953567 0.074330
v -0.168286 -0.050000 -0.071910
vt 0.289350 0.786325
vn -0.733105 0.422075 -0.533301
v -0.149133 -0.003035 -0.063888
vt 0.302131 0.755793
vn -0.599842 0.238607 -0.763713
v -0.162857 -0.027007 -0.056541
vt 0.291921 0.768521
vn -0.825711 0.340681 -0.449597
v -0.155769 -0.050000 -0.083656
vt 0.300674 0.789683
vn -0.599669 0.441669 -0.667327
v -0.126682 0.003750 -0.076054
vt 0.323604 0.755762
vn -0.604213 0.259153 -0.753503
v -0.152877 0.046841 -0.053041
vt 0.306552 0.720596
vn -0.731599 0.081673 -0.676825
v -0.115078 -0.032890 -0.107233
vt 0.334536 0.784257
vn -0.661129 0.509571 -0.550678
v -0.111121 -0.050000 -0.138214
vt 0.346622 0.805058
vn -0.611443 0.581673 -0.536464
v -0.077279 -0.000301 -0.135089
vt 0.370971 0.770252
vn -0.510245 0.351066 -0.785113
v -0.124000 0.054111 -0.071694
vt 0.330039 0.720795
vn -0.560435 0.051360 -0.826605
v -0.136542 0.104197 -0.063720
vt 0.326080 0.685140
vn -0.572466 -0.007090 -0.819898
v -0.098845 0.063943 -0.088536
vt 0.353086 0.718678
vn -0.637099 0.075455 -0.767080
v -0.098194 0.130341 -0.088927
vt 0.362112 0.679173
vn -0.566940 -0.014883 -0.823624
v -0.113076 0.164046 -0.080697
vt 0.352532 0.648978
vn -0.462692 -0.021370 -0.886262
v -0.059071 0.004286 -0.139482
vt 0.385597 0.769210
vn -0.491246 0.358765 -0.793703
v -0.068589 -0.019399 -0.144035
vt 0.376648 0.789009
vn -0.543821 0.424975 -0.723640
v -0.079022 -0.050000 -0.167270
vt 0.373974 0.812674
vn -0.518383 0.596467 -0.612786
v -0.052122 -0.017045 -0.166961
vt 0.395484 0.791849
vn -0.484538 0.464061 -0.741533
v -0.055649 -0.037777 -0.174973
vt 0.391694 0.807340
vn -0.479726 0.503461 -0.718603
v -0.042494 -0.050000 -0.191294
vt 0.402016 0.820365
vn -0.542030 0.530979 -0.651357
v -0.037341 -0.028333 -0.176202
vt 0.404266 0.801456
vn -0.411623 0.597105 -0.688499
v -0.031383 -0.029526 -0.190008
vt 0.410806 0.807491
vn -0.615832 0.716495 -0.327699
v -0.048083 0.220487 -0.113722
vt 0.408900 0.619581
vn -0.836047 0.519690 -0.175918
v -0.056267 0.212633 -0.098029
vt 0.396158 0.617757
vn -0.687085 0.498547 -0.528549
v -0.072167 0.206288 -0.090744
vt 0.385437 0.620131
vn -0.379339 0.496684 -0.780645
v -0.085679 0.205206 -0.095070
vt 0.377183 0.622613
vn -0.192809 0.405467 -0.893544
v -0.099916 0.220558 -0.088746
vt 0.367458 0.613387
vn -0.345937 0.092367 -0.933700
v -0.130898 0.194004 -0.071006
vt 0.339777 0.624756
vn -0.690732 0.417291 -0.590557
v -0.129232 0.170233 -0.075638
vt 0.340727 0.641747
vn -0.439311 0.028168 -0.897893
v -0.144764 0.128514 -0.057074
vt 0.318184 0.665243
vn -0.696460 0.000691 -0.717595
v -0.149154 0.170521 -0.060613
vt 0.323894 0.639599
vn -0.652522 0.031760 -0.757104
v -0.137525 0.190146 -0.060132
vt 0.329021 0.623110
vn -0.789328 0.540369 -0.291483
v -0.099916 0.220558 -0.088746
vt 0.367458 0.613387
vn -0.707131 0.674391 -0.212514
v -0.106236 0.218877 -0.073426
vt 0.357380 0.606142
vn -0.708832 0.670593 -0.218775
v -0.144070 0.160831 -0.051076
vt 0.316948 0.645222
vn -0.859969 0.048882 0.507999
v -0.144764 0.128514 -0.057074
vt 0.318184 0.665243
vn -0.904592 -0.059018 0.422174
v -0.149154 0.170521 -0.060613
vt 0.323894 0.639599
vn -0.724417 0.251577 0.641817
v -0.137525 0.190146 -0.060132
vt 0.329021 0.623110
vn -0.626750 0.354283 0.694023
v -0.144070 0.160831 -0.051076
vt 0.316948 0.645222
vn 0.179492 0.979688 0.089413
v -0.122092 0.158071 -0.067502
vt 0.301447 0.634036
vn -0.151218 0.975068 -0.162406
v -0.137385 0.159192 -0.046536
vt 0.312449 0.647686
vn -0.266509 0.800505 -0.536810
v -0.122092 0.158071 -0.067502
vt 0.084646 0.659522
vn -0.151218 0.975068 -0.162406
v -0.111799 0.161564 -0.061686
vt 0.076133 0.658976
vn -0.209408 0.956339 -0.203870
v -0.122092 0.158071 -0.067502
vt 0.301447 0.634036
vn 0.126478 0.139966 0.982045
v -0.144070 0.160831 -0.051076
vt 0.316948 0.645222
vn 0.603772 0.109062 0.789661
v -0.137525 0.190146 -0.060132
vt 0.329021 0.623110
vn 0.470563 0.023796 0.882045
v -0.122092 0.158071 -0.067502
vt 0.077513 0.650314
vn 0.126478 0.139966 0.982045
v -0.106236 0.218877 -0.073426
vt 0.050520 0.657603
vn -0.252223 0.155485 0.955096
v -0.111799 0.161564 -0.061686
vt 0.076133 0.658976
vn -0.537391 0.218949 0.814415
v -0.098686 0.212080 -0.066312
vt 0.050832 0.665010
vn -0.557987 0.218157 0.800661
v -0.137525 0.190146 -0.060132
vt 0.053590 0.642728
vn 0.470563 0.023796 0.882045
v -0.098686 0.212080 -0.066312
vt 0.381025 0.602628
vn 0.463293 0.837055 0.291030
v -0.106236 0.218877 -0.073426
vt 0.367909 0.600208
vn 0.476602 0.830652 0.287869
v -0.099916 0.220558 -0.088746
vt 0.367458 0.613387
vn 0.459789 0.838696 0.291861
v -0.072167 0.206288 -0.090744
vt 0.385437 0.620131
vn 0.453806 0.841515 0.293109
v -0.149742 1.524714 -0.016080
vt 0.747324 0.867953
vn -0.948319 0.056389 -0.312268
v -0.146241 1.548988 -0.018290
vt 0.727784 0.858746
vn -0.985209 0.038891 -0.166885
v -0.148256 1.536604 -0.007177
vt 0.739891 0.870976
vn -0.872368 0.358183 -0.332684
v -0.139012 1.541925 -0.044994
vt 0.738559 0.843375
vn -0.845477 -0.050269 -0.531641
v -0.148025 1.610630 -0.031891
vt 0.701552 0.825180
vn -0.999112 0.011597 0.040502
v -0.137107 1.610728 -0.016902
vt 0.693929 0.837692
vn -0.804092 0.105772 0.585020
v -0.142559 1.614003 -0.045828
vt 0.707569 0.817772
vn -0.860863 -0.042572 -0.507052
v -0.123837 1.566735 -0.063784
vt 0.744994 0.822001
vn -0.575751 -0.038159 -0.816734
v -0.129342 1.600448 -0.058916
vt 0.721770 0.811806
vn -0.635508 0.007688 -0.772056
v -0.103396 1.600617 -0.073311
vt 0.733402 0.795947
vn -0.435130 0.009275 -0.900320
v -0.095598 1.550217 -0.074161
vt 0.754256 0.803357
vn -0.219722 0.104293 -0.969972
v -0.128015 1.691414 -0.000026
vt 0.847820 0.928154
vn -0.062137 -0.396077 0.916112
v -0.142075 1.678702 -0.013100
vt 0.854487 0.917823
vn -0.271235 -0.354246 0.894953
v -0.123522 1.728442 0.009895
vt 0.824936 0.941973
vn 0.060371 0.410878 0.909689
v -0.159495 1.722416 0.006575
vt 0.817744 0.919375
vn -0.441648 -0.178531 0.879246
v -0.145735 1.732259 0.001151
vt 0.815167 0.930614
vn -0.277102 0.960447 0.027508
v -0.142075 1.678702 -0.013100
vt 0.167688 0.871137
vn -0.947612 -0.014981 -0.319072
v -0.137285 1.694652 -0.032040
vt 0.173701 0.858606
vn -0.842830 0.274658 -0.462819
v -0.136531 1.696097 -0.018519
vt 0.165889 0.863180
vn -0.790404 0.434967 -0.431352
v -0.137497 1.656356 -0.012440
vt 0.172782 0.885353
vn -0.995873 -0.036874 -0.082924
v -0.137107 1.610728 -0.016902
vt 0.183371 0.915573
vn -0.914294 -0.073787 -0.398274
v -0.125656 1.612532 -0.038760
vt 0.195691 0.912008
vn -0.545079 0.353902 -0.760028
v -0.122235 1.721502 -0.046089
vt 0.191355 0.837923
vn -0.827555 0.361370 -0.429609
v -0.114551 1.605921 -0.045668
vt 0.208714 0.915243
vn -0.467617 0.426629 -0.774159
v -0.107489 1.727804 -0.066394
vt 0.208901 0.830044
vn -0.606568 0.390714 -0.692400
v -0.085932 1.659486 -0.072773
vt 0.230061 0.875157
vn -0.434297 -0.040958 -0.899838
v -0.080292 1.722948 -0.079053
vt 0.229424 0.830383
vn 0.060623 0.404346 -0.912595
v -0.095890 1.601532 -0.063326
vt 0.226691 0.915872
vn -0.355530 0.358996 -0.862972
v -0.066600 1.714304 -0.075978
vt 0.241102 0.834659
vn 0.137604 0.474943 -0.869192
v -0.086458 1.568507 -0.070314
vt 0.238146 0.937146
vn -0.193543 0.121687 -0.973516
v -0.048278 1.713397 -0.083510
vt 0.251221 0.835309
vn -0.175004 0.009094 -0.984526
v -0.048187 1.566637 -0.084964
vt 0.266179 0.936466
vn -0.152118 0.118760 -0.981201
v -0.060855 1.540127 -0.080124
vt 0.258882 0.954577
vn -0.340300 0.390449 -0.855421
v -0.017343 1.686211 -0.081451
vt 0.277326 0.850421
vn 0.078387 -0.008500 -0.996887
v -0.026695 1.708962 -0.083916
vt 0.268686 0.835938
vn -0.044398 -0.125576 -0.991090
v -0.014701 1.542786 -0.082536
vt 0.290908 0.948406
vn 0.047828 0.358036 -0.932482
v 0.005212 1.660093 -0.078758
vt 0.295341 0.866727
vn 0.294680 -0.020118 -0.955384
v 0.010414 1.746239 -0.079481
vt 0.290399 0.807492
vn 0.266304 0.000225 -0.963889
v -0.011868 1.748264 -0.079868
vt 0.275854 0.809028
vn 0.019509 0.023805 -0.999526
v 0.027959 1.663251 -0.067548
vt 0.313402 0.862419
vn 0.552080 -0.022343 -0.833492
v 0.006186 1.554748 -0.078075
vt 0.304275 0.939279
vn 0.338634 0.119630 -0.933282
v 0.024881 1.742622 -0.070530
vt 0.302731 0.808708
vn 0.555176 -0.009718 -0.831676
v 0.026878 1.514372 -0.068407
vt 0.323309 0.963910
vn 0.672516 0.074513 -0.736322
v 0.045462 1.735158 -0.055031
vt 0.321666 0.811301
vn 0.678965 -0.007500 -0.734133
v 0.051422 1.657496 -0.046887
vt 0.336565 0.862155
vn 0.737750 -0.011124 -0.674982
v 0.064704 1.712298 -0.027964
vt 0.346180 0.824072
vn 0.850798 0.514886 0.105051
v 0.066823 1.687480 -0.020630
vt 0.353572 0.840728
vn 0.697130 0.480128 -0.532435
v 0.056397 1.577199 -0.038521
vt 0.347514 0.918082
vn 0.736114 0.078503 -0.672290
v 0.042745 1.500497 -0.053442
vt 0.339369 0.972103
vn 0.488948 0.412647 -0.768539
v 0.062018 1.628918 -0.028978
vt 0.350803 0.881739
vn 0.803562 -0.101509 -0.586501
v 0.067739 1.604657 -0.013592
vt 0.362915 0.896556
vn 0.586128 0.043240 -0.809064
v -0.142075 1.678702 -0.013100
vt 0.854487 0.917823
vn -0.947612 -0.014981 -0.319072
v -0.143152 1.701498 0.005212
vt 0.836542 0.921195
vn -0.930642 0.201369 -0.305542
v -0.027121 1.750523 0.007346
vt 0.705838 0.539016
vn 0.695874 0.706709 -0.127756
v -0.040633 1.759908 -0.018360
vt 0.711989 0.558186
vn 0.677929 0.729614 -0.089865
v -0.035016 1.748624 -0.032486
vt 0.723446 0.563734
vn 0.534115 0.845409 -0.002256
v -0.046089 1.756237 0.010010
vt 0.694978 0.548848
vn 0.631315 0.732566 -0.254536
v -0.148025 1.610630 -0.031891
vt 0.701552 0.825180
vn -0.146203 0.967077 -0.208294
v -0.125656 1.612532 -0.038760
vt 0.703965 0.808778
vn -0.545079 0.353902 -0.760028
v -0.137107 1.610728 -0.016902
vt 0.693390 0.815392
vn -0.070905 0.996463 0.045103
v -0.124928 1.601142 -0.047716
vt 0.714273 0.806925
vn 0.072701 0.905400 -0.418288
v -0.114551 1.605921 -0.045668
vt 0.712759 0.798875
vn -0.467617 0.426629 -0.774159
v -0.095890 1.601532 -0.063326
vt 0.733229 0.788339
vn -0.355530 0.358996 -0.862972
v -0.129342 1.600448 -0.058916
vt 0.721770 0.811806
vn 0.217640 0.964810 -0.147563
v -0.103396 1.600617 -0.073311
vt 0.733402 0.795947
vn -0.040409 0.997312 -0.061116
v -0.142559 1.614003 -0.045828
vt 0.707569 0.817772
vn 0.587494 0.768016 0.254957
v -0.148025 1.610630 -0.031891
vt 0.701552 0.825180
vn 0.568177 0.720596 0.397387
v -0.137285 1.694652 -0.032040
vt 0.863613 0.899474
vn -0.421315 0.285270 0.860880
v -0.121408 1.726981 -0.034985
vt 0.862032 0.877133
vn -0.421315 0.285270 0.860880
v -0.112465 1.705390 -0.023453
vt 0.854803 0.891591
vn -0.421315 0.285270 0.860880
v -0.122345 1.748855 -0.022042
vt 0.847658 0.865630
vn 0.197694 0.977663 -0.071358
v -0.095244 1.741948 -0.041585
vt 0.867935 0.853765
vn 0.111119 0.988915 -0.098482
v -0.013714 1.739454 -0.032534
vt 0.466910 0.901389
vn -0.589403 0.798984 -0.119284
v -0.012656 1.737040 -0.053927
vt 0.471279 0.917834
vn -0.818190 0.408672 -0.404416
v -0.004520 1.744858 -0.041765
vt 0.478340 0.906233
vn -0.385768 0.656309 0.648415
v -0.001744 1.753308 -0.047723
vt 0.482279 0.912717
vn -0.243132 0.937472 0.249066
v -0.001916 1.744089 -0.065608
vt 0.482743 0.925532
vn -0.698200 0.712562 -0.069075
v 0.010414 1.746239 -0.079481
vt 0.493219 0.930608
vn 0.090610 0.994778 -0.046981
v -0.011868 1.748264 -0.079868
vt 0.483029 0.936247
vn 0.084301 0.970604 0.225434
v 0.024881 1.742622 -0.070530
vt 0.503897 0.924053
vn 0.314783 0.945742 0.080522
v 0.010779 1.738416 -0.035539
vt 0.491124 0.900575
vn 0.093953 0.511054 0.854399
v -0.000203 1.709261 -0.033503
vt 0.484588 0.881223
vn -0.174245 0.402683 0.898602
v -0.013714 1.739454 -0.032534
vt 0.466910 0.901389
vn 0.609580 0.248586 0.752739
v 0.031476 1.737189 -0.038059
vt 0.504930 0.900410
vn -0.075214 0.242979 0.967111
v 0.011085 1.696052 -0.017961
vt 0.486250 0.864185
vn -0.378911 0.550965 0.743548
v 0.031476 1.737189 -0.038059
vt 0.504930 0.900410
vn 0.335098 0.908830 0.248471
v 0.045462 1.735158 -0.055031
vt 0.516273 0.907939
vn 0.387870 0.879262 0.276505
v 0.047826 1.715411 -0.024341
vt 0.519045 0.883117
vn -0.074320 0.577502 0.813000
v 0.064704 1.712298 -0.027964
vt 0.530765 0.883865
vn 0.850798 0.514886 0.105051
v 0.063161 1.690703 -0.006894
vt 0.530040 0.864482
vn -0.070728 0.976075 0.205611
v 0.025829 1.683372 -0.028420
vt 0.502120 0.862969
vn -0.467637 0.711477 0.524516
v 0.031476 1.737189 -0.038059
vt 0.504930 0.900410
vn -0.456393 0.203087 0.866292
v 0.048748 1.683259 0.008579
vt 0.524502 0.850738
vn -0.499993 0.861846 0.085021
v 0.028228 1.677393 0.008685
vt 0.518343 0.841767
vn -0.283598 0.927350 0.244121
v 0.016694 1.677098 -0.018650
vt 0.497797 0.854499
vn -0.427313 0.887842 0.170703
v -0.032792 1.748879 -0.050353
vt 0.731955 0.571477
vn 0.443512 0.896268 -0.000634
v -0.012656 1.737040 -0.053927
vt 0.747883 0.569153
vn 0.495830 0.865339 -0.073075
v -0.013714 1.739454 -0.032534
vt 0.737078 0.560471
vn 0.570797 0.820683 -0.025888
v -0.009826 1.715445 -0.057167
vt 0.756885 0.579801
vn -0.963337 0.268199 0.007202
v -0.001916 1.744089 -0.065608
vt 0.757813 0.559343
vn -0.698200 0.712562 -0.069075
v -0.012656 1.737040 -0.053927
vt 0.747883 0.569153
vn -0.818190 0.408672 -0.404416
v -0.014233 1.709882 -0.067522
vt 0.763455 0.584671
vn -0.974324 0.166072 0.152030
v -0.011868 1.748264 -0.079868
vt 0.769140 0.557285
vn -0.841950 0.211439 0.496401
v -0.086458 1.568507 -0.070314
vt 0.756431 0.795013
vn -0.193543 0.121687 -0.973516
v -0.103396 1.600617 -0.073311
vt 0.733402 0.795947
vn 0.786568 0.131938 -0.603243
v -0.018147 1.684029 -0.065095
vt 0.775031 0.599249
vn -0.988714 0.146978 -0.029022
v -0.017343 1.686211 -0.081451
vt 0.783421 0.591385
vn -0.991671 0.128772 0.002519
v -0.018147 1.684029 -0.065095
vt 0.775031 0.599249
vn -0.285156 -0.046660 -0.957345
v -0.014233 1.709882 -0.067522
vt 0.763455 0.584671
vn -0.285156 -0.046660 -0.957345
v -0.032073 1.713522 -0.062384
vt 0.748764 0.592960
vn -0.285156 -0.046660 -0.957345
v -0.017343 1.686211 -0.081451
vt 0.277326 0.850421
vn -0.991671 0.128772 0.002519
v -0.011868 1.748264 -0.079868
vt 0.275854 0.809028
vn -0.841950 0.211439 0.496401
v -0.014233 1.709882 -0.067522
vt 0.272539 0.830887
vn -0.974324 0.166072 0.152030
v 0.100848 0.213432 -0.011101
vt 0.551323 0.617173
vn -0.188290 -0.254663 -0.948522
v 0.122570 0.184718 -0.007704
vt 0.567903 0.630801
vn -0.188290 -0.254663 -0.948522
v 0.112453 0.208176 -0.011994
vt 0.556461 0.617392
vn -0.188290 -0.254663 -0.948522
v 0.165627 -0.014068 -0.089238
vt 0.572275 0.787467
vn 0.174917 0.347059 -0.921387
v 0.180710 -0.022106 -0.089402
vt 0.578507 0.797134
vn 0.174917 0.347059 -0.921387
v 0.161251 0.010825 -0.080694
vt 0.571495 0.769498
vn 0.174917 0.347059 -0.921387
v -0.012587 0.931019 -0.085711
vt 0.956929 0.445436
vn 0.523187 -0.836457 -0.163142
v 0.021214 0.950256 -0.075927
vt 0.981568 0.433084
vn 0.523187 -0.836457 -0.163142
v -0.001573 0.939367 -0.093186
vt 0.962187 0.438944
vn 0.523187 -0.836457 -0.163142
v 0.016694 1.677098 -0.018650
vt 0.497797 0.854499
vn 0.663053 0.169761 0.729070
v 0.011085 1.696052 -0.017961
vt 0.486250 0.864185
vn 0.633647 0.104685 0.766507
v 0.025829 1.683372 -0.028420
vt 0.502120 0.862969
vn 0.641370 0.120853 0.757654
v 0.031476 1.737189 -0.038059
vt 0.504930 0.900410
vn 0.619061 0.075060 0.781748
v 0.026878 1.514372 -0.068407
vt 0.003349 0.152109
vn 0.672516 0.074513 -0.736322
v 0.003522 1.500618 -0.087427
vt 0.952867 0.050967
vn -0.491611 0.870432 -0.025815
v 0.021486 1.511066 -0.077185
vt 0.967291 0.042552
vn -0.491611 0.870432 -0.025815
v 0.026878 1.514372 -0.068407
vt 0.973490 0.038297
vn -0.491611 0.870432 -0.025815
v 0.003522 1.500618 -0.087427
vt 0.952867 0.050967
vn 0.696703 0.088739 -0.711850
v 0.003721 1.537586 -0.089935
vt 0.951085 0.024676
vn 0.983673 -0.017506 -0.179110
v -0.067325 1.752749 0.028776
vt 0.671387 0.556302
vn -0.442815 0.452903 -0.773818
v -0.057142 1.753298 0.015141
vt 0.680687 0.561503
vn -0.918827 0.376666 -0.117813
v -0.056828 1.758335 0.026039
vt 0.676048 0.554044
vn -0.777849 0.327302 -0.536493
v -0.035366 1.775360 0.034096
vt 0.213993 0.052613
vn 0.880372 0.302450 0.365335
v 0.012279 1.662609 0.090529
vt 0.084768 0.927268
vn 0.567201 0.725216 -0.390313
v 0.020101 1.649371 0.077305
vt 0.086298 0.918768
vn 0.081921 0.994998 -0.057158
v 0.031454 1.648198 0.091618
vt 0.085483 0.941238
vn 0.230009 0.967714 -0.103075
f 3/3/3 2/2/2 1/1/1
f 1/1/1 5/5/5 4/4/4
f 6/6/6 5/5/5 1/1/1
f 2/2/2 6/6/6 1/1/1
f 6/6/6 7/7/7 5/5/5
f 7/7/7 6/6/6 2/2/2
f 8/8/8 7/7/7 2/2/2
f 8/8/8 9/9/9 7/7/7
f 10/10/10 9/9/9 8/8/8
f 11/11/11 10/10/10 8/8/8
f 12/12/12 10/10/10 11/11/11
f 13/13/13 11/11/11 8/8/8
f 12/12/12 11/11/11 13/13/13
f 14/14/14 8/8/8 2/2/2
f 13/13/13 8/8/8 14/14/14
f 14/14/14 2/2/2 3/3/3
f 15/15/15 12/12/12 13/13/13
f 16/16/16 14/14/14 3/3/3
f 16/16/16 13/13/13 14/14/14
f 17/17/17 16/16/16 3/3/3
f 17/17/17 3/3/3 18/18/18
f 19/19/19 13/13/13 16/16/16
f 19/19/19 15/15/15 13/13/13
f 20/20/20 19/19/19 16/16/16
f 20/20/20 16/16/16 17/17/17
f 19/19/19 21/21/21 15/15/15
f 21/21/21 12/12/12 15/15/15
f 22/22/22 19/19/19 20/20/20
f 22/22/22 21/21/21 19/19/19
f 22/22/22 20/20/20 23/23/23
f 17/17/17 18/18/18 24/24/24
f 24/24/24 18/18/18 25/25/25
f 26/26/26 24/24/24 25/25/25
f 27/27/27 20/20/20 17/17/17
f 27/27/27 23/23/23 20/20/20
f 28/28/28 24/24/24 26/26/26
f 28/28/28 26/26/26 29/29/29
f 28/28/28 29/29/29 30/30/30
f 31/31/31 24/24/24 28/28/28
f 31/31/31 28/28/28 32/32/32
f 32/32/32 33/33/33 31/31/31
f 34/34/34 24/24/24 31/31/31
f 34/34/34 17/17/17 24/24/24
f 31/31/31 33/33/33 35/35/35
f 35/35/35 33/33/33 36/36/36
f 35/35/35 37/37/37 31/31/31
f 37/37/37 34/34/34 31/31/31
f 35/35/35 36/36/36 37/37/37
f 38/38/38 17/17/17 34/34/34
f 37/37/37 38/38/38 34/34/34
f 37/37/37 36/36/36 38/38/38
f 27/27/27 17/17/17 38/38/38
f 38/38/38 36/36/36 27/27/27
f 33/33/33 39/39/39 36/36/36
f 40/40/40 36/36/36 39/39/39
f 40/40/40 27/27/27 36/36/36
f 41/41/41 40/40/40 39/39/39
f 41/41/41 42/42/42 40/40/40
f 43/43/43 27/27/27 40/40/40
f 42/42/42 44/44/44 40/40/40
f 44/44/44 43/43/43 40/40/40
f 45/45/45 44/44/44 42/42/42
f 46/46/46 45/45/45 42/42/42
f 47/47/47 45/45/45 46/46/46
f 45/45/45 48/48/48 44/44/44
f 48/48/48 43/43/43 44/44/44
f 47/47/47 49/49/49 45/45/45
f 49/49/49 48/48/48 45/45/45
f 50/50/50 49/49/49 47/47/47
f 49/49/49 50/50/50 51/51/51
f 51/51/51 48/48/48 49/49/49
f 50/50/50 52/52/52 51/51/51
f 48/48/48 53/53/53 43/43/43
f 51/51/51 53/53/53 48/48/48
f 43/43/43 53/53/53 27/27/27
f 51/51/51 52/52/52 53/53/53
f 53/53/53 54/54/54 27/27/27
f 54/54/54 23/23/23 27/27/27
f 52/52/52 55/55/55 53/53/53
f 56/56/56 23/23/23 54/54/54
f 53/53/53 56/56/56 54/54/54
f 57/57/57 53/53/53 55/55/55
f 55/55/55 52/52/52 57/57/57
f 57/57/57 56/56/56 53/53/53
f 58/58/58 57/57/57 52/52/52
f 59/59/59 58/58/58 52/52/52
f 58/58/58 60/60/60 57/57/57
f 57/57/57 60/60/60 56/56/56
f 56/56/56 61/61/61 23/23/23
f 61/61/61 22/22/22 23/23/23
f 60/60/60 62/62/62 56/56/56
f 62/62/62 61/61/61 56/56/56
f 62/62/62 60/60/60 63/63/63
f 60/60/60 64/64/64 63/63/63
f 63/63/63 65/65/65 62/62/62
f 64/64/64 65/65/65 63/63/63
f 65/65/65 66/66/66 62/62/62
f 65/65/65 64/64/64 66/66/66
f 66/66/66 61/61/61 62/62/62
f 67/67/67 66/66/66 64/64/64
f 66/66/66 67/67/67 68/68/68
f 66/66/66 68/68/68 61/61/61
f 68/68/68 67/67/67 69/69/69
f 68/68/68 69/69/69 61/61/61
f 61/61/61 69/69/69 70/70/70
f 61/61/61 70/70/70 22/22/22
f 22/22/22 70/70/70 21/21/21
f 70/70/70 71/71/71 21/21/21
f 70/70/70 72/72/72 71/71/71
f 73/73/73 72/72/72 70/70/70
f 73/73/73 74/74/74 72/72/72
f 67/67/67 74/74/74 73/73/73
f 74/74/74 75/75/75 72/72/72
f 72/72/72 76/76/76 71/71/71
f 75/75/75 76/76/76 72/72/72
f 21/21/21 71/71/71 77/77/77
f 77/77/77 71/71/71 76/76/76
f 77/77/77 78/78/78 21/21/21
f 78/78/78 12/12/12 21/21/21
f 78/78/78 79/79/79 12/12/12
f 78/78/78 77/77/77 80/80/80
f 78/78/78 80/80/80 79/79/79
f 76/76/76 80/80/80 77/77/77
f 80/80/80 81/81/81 79/79/79
f 75/75/75 82/82/82 76/76/76
f 76/76/76 82/82/82 80/80/80
f 75/75/75 83/83/83 82/82/82
f 80/80/80 82/82/82 84/84/84
f 82/82/82 85/85/85 84/84/84
f 82/82/82 86/86/86 85/85/85
f 87/87/87 86/86/86 82/82/82
f 86/86/86 88/88/88 85/85/85
f 88/88/88 86/86/86 89/89/89
f 92/92/92 91/91/91 90/90/90
f 93/93/93 92/92/92 90/90/90
f 92/92/92 94/94/94 91/91/91
f 93/93/93 94/94/94 92/92/92
f 94/94/94 95/95/95 91/91/91
f 93/93/93 96/96/96 94/94/94
f 95/95/95 94/94/94 97/97/97
f 95/95/95 97/97/97 98/98/98
f 98/98/98 97/97/97 99/99/99
f 100/100/100 94/94/94 96/96/96
f 101/101/101 100/100/100 96/96/96
f 102/102/102 100/100/100 101/101/101
f 100/100/100 102/102/102 103/103/103
f 104/104/104 103/103/103 102/102/102
f 100/100/100 105/105/105 94/94/94
f 100/100/100 103/103/103 105/105/105
f 106/106/106 97/97/97 94/94/94
f 105/105/105 106/106/106 94/94/94
f 107/107/107 99/99/99 97/97/97
f 106/106/106 107/107/107 97/97/97
f 104/104/104 108/108/108 103/103/103
f 109/109/109 108/108/108 104/104/104
f 108/108/108 109/109/109 110/110/110
f 103/103/103 111/111/111 105/105/105
f 105/105/105 111/111/111 106/106/106
f 103/103/103 108/108/108 112/112/112
f 112/112/112 111/111/111 103/103/103
f 110/110/110 113/113/113 108/108/108
f 108/108/108 113/113/113 112/112/112
f 112/112/112 114/114/114 111/111/111
f 111/111/111 114/114/114 106/106/106
f 112/112/112 113/113/113 115/115/115
f 112/112/112 115/115/115 114/114/114
f 110/110/110 116/116/116 113/113/113
f 117/117/117 116/116/116 110/110/110
f 117/117/117 118/118/118 116/116/116
f 118/118/118 119/119/119 116/116/116
f 116/116/116 120/120/120 113/113/113
f 116/116/116 119/119/119 120/120/120
f 113/113/113 121/121/121 115/115/115
f 113/113/113 120/120/120 121/121/121
f 123/123/123 122/122/122 119/119/119
f 119/119/119 122/122/122 124/124/124
f 124/124/124 125/125/125 119/119/119
f 119/119/119 125/125/125 120/120/120
f 124/124/124 126/126/126 125/125/125
f 125/125/125 127/127/127 120/120/120
f 120/120/120 127/127/127 121/121/121
f 125/125/125 126/126/126 128/128/128
f 125/125/125 128/128/128 127/127/127
f 126/126/126 129/129/129 128/128/128
f 126/126/126 130/130/130 129/129/129
f 131/131/131 129/129/129 130/130/130
f 129/129/129 132/132/132 128/128/128
f 131/131/131 133/133/133 129/129/129
f 129/129/129 133/133/133 132/132/132
f 131/131/131 134/134/134 133/133/133
f 134/134/134 135/135/135 133/133/133
f 135/135/135 136/136/136 133/133/133
f 133/133/133 137/137/137 132/132/132
f 128/128/128 132/132/132 138/138/138
f 127/127/127 128/128/128 138/138/138
f 132/132/132 140/140/140 139/139/139
f 132/132/132 139/139/139 141/141/141
f 132/132/132 141/141/141 138/138/138
f 139/139/139 142/142/142 141/141/141
f 138/138/138 143/143/143 127/127/127
f 121/121/121 127/127/127 143/143/143
f 138/138/138 141/141/141 144/144/144
f 144/144/144 141/141/141 145/145/145
f 146/146/146 138/138/138 144/144/144
f 143/143/143 138/138/138 146/146/146
f 144/144/144 145/145/145 147/147/147
f 146/146/146 144/144/144 147/147/147
f 145/145/145 141/141/141 148/148/148
f 145/145/145 148/148/148 147/147/147
f 141/141/141 149/149/149 148/148/148
f 147/147/147 148/148/148 150/150/150
f 148/148/148 151/151/151 150/150/150
f 146/146/146 147/147/147 152/152/152
f 152/152/152 147/147/147 150/150/150
f 153/153/153 152/152/152 150/150/150
f 150/150/150 154/154/154 153/153/153
f 155/155/155 153/153/153 154/154/154
f 155/155/155 152/152/152 153/153/153
f 156/156/156 152/152/152 155/155/155
f 157/157/157 155/155/155 154/154/154
f 157/157/157 154/154/154 99/99/99
f 107/107/107 157/157/157 99/99/99
f 158/158/158 155/155/155 157/157/157
f 107/107/107 158/158/158 157/157/157
f 152/152/152 159/159/159 146/146/146
f 143/143/143 146/146/146 159/159/159
f 159/159/159 152/152/152 160/160/160
f 160/160/160 155/155/155 158/158/158
f 160/160/160 152/152/152 161/161/161
f 160/160/160 161/161/161 155/155/155
f 162/162/162 159/159/159 160/160/160
f 162/162/162 143/143/143 159/159/159
f 162/162/162 160/160/160 158/158/158
f 163/163/163 158/158/158 107/107/107
f 164/164/164 162/162/162 158/158/158
f 164/164/164 158/158/158 163/163/163
f 165/165/165 163/163/163 107/107/107
f 165/165/165 164/164/164 163/163/163
f 106/106/106 165/165/165 107/107/107
f 114/114/114 165/165/165 106/106/106
f 114/114/114 164/164/164 165/165/165
f 166/166/166 162/162/162 164/164/164
f 114/114/114 166/166/166 164/164/164
f 162/162/162 166/166/166 143/143/143
f 167/167/167 143/143/143 166/166/166
f 121/121/121 143/143/143 167/167/167
f 168/168/168 166/166/166 114/114/114
f 168/168/168 167/167/167 166/166/166
f 168/168/168 121/121/121 167/167/167
f 115/115/115 168/168/168 114/114/114
f 115/115/115 121/121/121 168/168/168
f 171/171/171 170/170/170 169/169/169
f 172/172/172 171/171/171 169/169/169
f 170/170/170 173/173/173 169/169/169
f 170/170/170 174/174/174 173/173/173
f 170/170/170 175/175/175 174/174/174
f 174/174/174 175/175/175 176/176/176
f 175/175/175 177/177/177 176/176/176
f 178/178/178 177/177/177 175/175/175
f 178/178/178 179/179/179 177/177/177
f 180/180/180 175/175/175 170/170/170
f 175/175/175 181/181/181 178/178/178
f 180/180/180 181/181/181 175/175/175
f 181/181/181 179/179/179 178/178/178
f 182/182/182 180/180/180 170/170/170
f 183/183/183 180/180/180 182/182/182
f 182/182/182 170/170/170 171/171/171
f 182/182/182 184/184/184 183/183/183
f 184/184/184 182/182/182 171/171/171
f 181/181/181 185/185/185 179/179/179
f 181/181/181 186/186/186 185/185/185
f 187/187/187 185/185/185 186/186/186
f 185/185/185 187/187/187 188/188/188
f 185/185/185 188/188/188 179/179/179
f 179/179/179 188/188/188 189/189/189
f 179/179/179 189/189/189 190/190/190
f 189/189/189 191/191/191 190/190/190
f 189/189/189 192/192/192 191/191/191
f 191/191/191 192/192/192 193/193/193
f 188/188/188 194/194/194 189/189/189
f 189/189/189 194/194/194 192/192/192
f 188/188/188 195/195/195 194/194/194
f 194/194/194 196/196/196 192/192/192
f 194/194/194 195/195/195 197/197/197
f 194/194/194 197/197/197 196/196/196
f 197/197/197 195/195/195 198/198/198
f 197/197/197 199/199/199 196/196/196
f 198/198/198 199/199/199 197/197/197
f 199/199/199 200/200/200 196/196/196
f 196/196/196 200/200/200 201/201/201
f 201/201/201 200/200/200 202/202/202
f 200/200/200 203/203/203 202/202/202
f 199/199/199 204/204/204 200/200/200
f 199/199/199 198/198/198 204/204/204
f 200/200/200 204/204/204 203/203/203
f 205/205/205 204/204/204 198/198/198
f 198/198/198 206/206/206 205/205/205
f 206/206/206 207/207/207 205/205/205
f 207/207/207 208/208/208 205/205/205
f 204/204/204 209/209/209 203/203/203
f 203/203/203 209/209/209 210/210/210
f 205/205/205 211/211/211 204/204/204
f 208/208/208 211/211/211 205/205/205
f 204/204/204 211/211/211 209/209/209
f 210/210/210 209/209/209 212/212/212
f 209/209/209 213/213/213 212/212/212
f 209/209/209 214/214/214 213/213/213
f 211/211/211 214/214/214 209/209/209
f 214/214/214 215/215/215 213/213/213
f 214/214/214 216/216/216 215/215/215
f 215/215/215 216/216/216 217/217/217
f 211/211/211 218/218/218 214/214/214
f 211/211/211 208/208/208 218/218/218
f 218/218/218 216/216/216 214/214/214
f 217/217/217 216/216/216 219/219/219
f 220/220/220 219/219/219 216/216/216
f 219/219/219 220/220/220 221/221/221
f 221/221/221 220/220/220 222/222/222
f 216/216/216 223/223/223 220/220/220
f 218/218/218 223/223/223 216/216/216
f 224/224/224 223/223/223 218/218/218
f 208/208/208 225/225/225 218/218/218
f 208/208/208 226/226/226 225/225/225
f 226/226/226 227/227/227 225/225/225
f 227/227/227 228/228/228 225/225/225
f 225/225/225 229/229/229 218/218/218
f 225/225/225 228/228/228 229/229/229
f 229/229/229 224/224/224 218/218/218
f 230/230/230 223/223/223 224/224/224
f 229/229/229 230/230/230 224/224/224
f 230/230/230 231/231/231 223/223/223
f 223/223/223 231/231/231 220/220/220
f 229/229/229 232/232/232 230/230/230
f 229/229/229 228/228/228 232/232/232
f 230/230/230 232/232/232 231/231/231
f 228/228/228 233/233/233 232/232/232
f 228/228/228 234/234/234 233/233/233
f 232/232/232 235/235/235 231/231/231
f 231/231/231 235/235/235 220/220/220
f 233/233/233 236/236/236 232/232/232
f 234/234/234 236/236/236 233/233/233
f 232/232/232 236/236/236 235/235/235
f 237/237/237 236/236/236 234/234/234
f 237/237/237 238/238/238 236/236/236
f 236/236/236 238/238/238 235/235/235
f 238/238/238 240/240/240 239/239/239
f 238/238/238 241/241/241 235/235/235
f 238/238/238 239/239/239 241/241/241
f 239/239/239 243/243/243 242/242/242
f 239/239/239 242/242/242 241/241/241
f 242/242/242 244/244/244 241/241/241
f 241/241/241 244/244/244 245/245/245
f 235/235/235 241/241/241 246/246/246
f 241/241/241 245/245/245 246/246/246
f 220/220/220 235/235/235 246/246/246
f 246/246/246 245/245/245 247/247/247
f 220/220/220 246/246/246 248/248/248
f 246/246/246 247/247/247 249/249/249
f 247/247/247 250/250/250 249/249/249
f 250/250/250 251/251/251 249/249/249
f 252/252/252 249/249/249 251/251/251
f 220/220/220 248/248/248 253/253/253
f 220/220/220 253/253/253 222/222/222
f 222/222/222 253/253/253 254/254/254
f 253/253/253 255/255/255 254/254/254
f 253/253/253 248/248/248 255/255/255
f 246/246/246 255/255/255 248/248/248
f 255/255/255 246/246/246 256/256/256
f 246/246/246 249/249/249 256/256/256
f 256/256/256 249/249/249 252/252/252
f 257/257/257 256/256/256 252/252/252
f 257/257/257 258/258/258 256/256/256
f 257/257/257 252/252/252 259/259/259
f 171/171/171 172/172/172 260/260/260
f 262/262/262 260/260/260 261/261/261
f 263/263/263 260/260/260 262/262/262
f 264/264/264 263/263/263 262/262/262
f 265/265/265 171/171/171 260/260/260
f 265/265/265 260/260/260 263/263/263
f 266/266/266 265/265/265 263/263/263
f 266/266/266 263/263/263 267/267/267
f 266/266/266 268/268/268 265/265/265
f 265/265/265 269/269/269 171/171/171
f 268/268/268 269/269/269 265/265/265
f 269/269/269 184/184/184 171/171/171
f 270/270/270 184/184/184 269/269/269
f 268/268/268 270/270/270 269/269/269
f 271/271/271 184/184/184 270/270/270
f 268/268/268 271/271/271 270/270/270
f 272/272/272 268/268/268 266/266/266
f 272/272/272 273/273/273 268/268/268
f 271/271/271 268/268/268 273/273/273
f 274/274/274 273/273/273 272/272/272
f 274/274/274 275/275/275 273/273/273
f 275/275/275 276/276/276 273/273/273
f 276/276/276 271/271/271 273/273/273
f 276/276/276 277/277/277 271/271/271
f 280/280/280 279/279/279 278/278/278
f 278/278/278 279/279/279 281/281/281
f 284/284/284 283/283/283 282/282/282
f 284/284/284 285/285/285 283/283/283
f 283/283/283 285/285/285 286/286/286
f 289/289/289 288/288/288 287/287/287
f 291/291/291 290/290/290 117/117/117
f 290/290/290 292/292/292 117/117/117
f 290/290/290 293/293/293 292/292/292
f 296/296/296 295/295/295 294/294/294
f 299/299/299 298/298/298 297/297/297
f 302/302/302 301/301/301 300/300/300
f 302/302/302 303/303/303 301/301/301
f 303/303/303 304/304/304 301/301/301
f 304/304/304 305/305/305 301/301/301
f 306/306/306 303/303/303 302/302/302
f 303/303/303 307/307/307 304/304/304
f 308/308/308 307/307/307 303/303/303
f 308/308/308 304/304/304 307/307/307
f 309/309/309 303/303/303 306/306/306
f 309/309/309 308/308/308 303/303/303
f 302/302/302 310/310/310 306/306/306
f 309/309/309 306/306/306 310/310/310
f 310/310/310 302/302/302 311/311/311
f 311/311/311 302/302/302 312/312/312
f 313/313/313 310/310/310 311/311/311
f 314/314/314 311/311/311 312/312/312
f 313/313/313 311/311/311 314/314/314
f 314/314/314 312/312/312 315/315/315
f 316/316/316 315/315/315 312/312/312
f 317/317/317 315/315/315 316/316/316
f 318/318/318 317/317/317 316/316/316
f 318/318/318 319/319/319 317/317/317
f 320/320/320 319/319/319 318/318/318
f 320/320/320 318/318/318 321/321/321
f 322/322/322 320/320/320 321/321/321
f 324/324/324 314/314/314 323/323/323
f 324/324/324 323/323/323 325/325/325
f 324/324/324 325/325/325 326/326/326
f 313/313/313 314/314/314 324/324/324
f 324/324/324 326/326/326 327/327/327
f 328/328/328 313/313/313 324/324/324
f 327/327/327 329/329/329 324/324/324
f 329/329/329 327/327/327 330/330/330
f 330/330/330 332/332/332 331/331/331
f 333/333/333 330/330/330 331/331/331
f 333/333/333 329/329/329 330/330/330
f 329/329/329 334/334/334 324/324/324
f 334/334/334 313/313/313 335/335/335
f 334/334/334 335/335/335 336/336/336
f 337/337/337 313/313/313 334/334/334
f 329/329/329 337/337/337 334/334/334
f 337/337/337 338/338/338 313/313/313
f 338/338/338 310/310/310 313/313/313
f 338/338/338 309/309/309 310/310/310
f 337/337/337 329/329/329 339/339/339
f 340/340/340 338/338/338 337/337/337
f 339/339/339 340/340/340 337/337/337
f 341/341/341 309/309/309 338/338/338
f 341/341/341 338/338/338 340/340/340
f 341/341/341 340/340/340 342/342/342
f 342/342/342 340/340/340 339/339/339
f 343/343/343 341/341/341 342/342/342
f 343/343/343 342/342/342 339/339/339
f 339/339/339 329/329/329 344/344/344
f 344/344/344 329/329/329 333/333/333
f 333/333/333 322/322/322 345/345/345
f 344/344/344 333/333/333 345/345/345
f 344/344/344 345/345/345 346/346/346
f 339/339/339 344/344/344 347/347/347
f 343/343/343 339/339/339 347/347/347
f 348/348/348 344/344/344 346/346/346
f 347/347/347 344/344/344 348/348/348
f 349/349/349 348/348/348 346/346/346
f 349/349/349 346/346/346 350/350/350
f 351/351/351 349/349/349 350/350/350
f 352/352/352 349/349/349 351/351/351
f 353/353/353 349/349/349 352/352/352
f 354/354/354 347/347/347 348/348/348
f 349/349/349 354/354/354 348/348/348
f 355/355/355 354/354/354 349/349/349
f 353/353/353 355/355/355 349/349/349
f 356/356/356 347/347/347 354/354/354
f 356/356/356 343/343/343 347/347/347
f 357/357/357 354/354/354 355/355/355
f 357/357/357 355/355/355 353/353/353
f 357/357/357 356/356/356 354/354/354
f 358/358/358 357/357/357 353/353/353
f 359/359/359 358/358/358 353/353/353
f 359/359/359 360/360/360 358/358/358
f 361/361/361 357/357/357 358/358/358
f 360/360/360 361/361/361 358/358/358
f 361/361/361 356/356/356 357/357/357
f 360/360/360 362/362/362 361/361/361
f 362/362/362 360/360/360 363/363/363
f 363/363/363 364/364/364 362/362/362
f 364/364/364 365/365/365 362/362/362
f 362/362/362 365/365/365 361/361/361
f 366/366/366 365/365/365 364/364/364
f 367/367/367 356/356/356 361/361/361
f 368/368/368 361/361/361 365/365/365
f 368/368/368 367/367/367 361/361/361
f 365/365/365 369/369/369 368/368/368
f 367/367/367 370/370/370 356/356/356
f 370/370/370 343/343/343 356/356/356
f 371/371/371 370/370/370 367/367/367
f 370/370/370 372/372/372 343/343/343
f 373/373/373 367/367/367 368/368/368
f 367/367/367 373/373/373 371/371/371
f 343/343/343 372/372/372 341/341/341
f 371/371/371 374/374/374 370/370/370
f 373/373/373 374/374/374 371/371/371
f 374/374/374 372/372/372 370/370/370
f 375/375/375 373/373/373 368/368/368
f 369/369/369 375/375/375 368/368/368
f 372/372/372 376/376/376 341/341/341
f 376/376/376 309/309/309 341/341/341
f 376/376/376 377/377/377 309/309/309
f 377/377/377 308/308/308 309/309/309
f 369/369/369 378/378/378 375/375/375
f 365/365/365 378/378/378 369/369/369
f 378/378/378 379/379/379 375/375/375
f 379/379/379 380/380/380 375/375/375
f 375/375/375 380/380/380 373/373/373
f 381/381/381 378/378/378 365/365/365
f 381/381/381 382/382/382 378/378/378
f 366/366/366 381/381/381 365/365/365
f 383/383/383 382/382/382 381/381/381
f 380/380/380 384/384/384 373/373/373
f 385/385/385 381/381/381 366/366/366
f 385/385/385 383/383/383 381/381/381
f 386/386/386 385/385/385 366/366/366
f 387/387/387 386/386/386 366/366/366
f 388/388/388 386/386/386 387/387/387
f 373/373/373 384/384/384 374/374/374
f 388/388/388 389/389/389 386/386/386
f 386/386/386 390/390/390 385/385/385
f 389/389/389 390/390/390 386/386/386
f 391/391/391 389/389/389 388/388/388
f 391/391/391 390/390/390 389/389/389
f 390/390/390 392/392/392 385/385/385
f 392/392/392 383/383/383 385/385/385
f 390/390/390 393/393/393 392/392/392
f 392/392/392 393/393/393 383/383/383
f 394/394/394 391/391/391 388/388/388
f 396/396/396 394/394/394 395/395/395
f 397/397/397 394/394/394 396/396/396
f 397/397/397 398/398/398 394/394/394
f 398/398/398 391/391/391 394/394/394
f 399/399/399 398/398/398 397/397/397
f 399/399/399 400/400/400 398/398/398
f 400/400/400 399/399/399 401/401/401
f 402/402/402 400/400/400 401/401/401
f 400/400/400 403/403/403 398/398/398
f 398/398/398 403/403/403 391/391/391
f 402/402/402 404/404/404 400/400/400
f 405/405/405 404/404/404 402/402/402
f 404/404/404 403/403/403 400/400/400
f 404/404/404 406/406/406 403/403/403
f 407/407/407 406/406/406 404/404/404
f 407/407/407 408/408/408 406/406/406
f 408/408/408 409/409/409 406/406/406
f 409/409/409 411/411/411 410/410/410
f 410/410/410 412/412/412 409/409/409
f 412/412/412 413/413/413 409/409/409
f 409/409/409 413/413/413 406/406/406
f 413/413/413 412/412/412 414/414/414
f 406/406/406 415/415/415 403/403/403
f 413/413/413 415/415/415 406/406/406
f 403/403/403 415/415/415 416/416/416
f 403/403/403 416/416/416 391/391/391
f 413/413/413 417/417/417 415/415/415
f 415/415/415 417/417/417 418/418/418
f 415/415/415 418/418/418 416/416/416
f 413/413/413 419/419/419 417/417/417
f 413/413/413 414/414/414 419/419/419
f 417/417/417 419/419/419 420/420/420
f 417/417/417 420/420/420 418/418/418
f 422/422/422 419/419/419 421/421/421
f 419/419/419 423/423/423 421/421/421
f 419/419/419 414/414/414 423/423/423
f 414/414/414 424/424/424 423/423/423
f 425/425/425 424/424/424 414/414/414
f 425/425/425 410/410/410 424/424/424
f 423/423/423 424/424/424 426/426/426
f 423/423/423 426/426/426 427/427/427
f 427/427/427 426/426/426 428/428/428
f 429/429/429 423/423/423 427/427/427
f 418/418/418 420/420/420 430/430/430
f 420/420/420 431/431/431 430/430/430
f 431/431/431 432/432/432 430/430/430
f 418/418/418 430/430/430 433/433/433
f 430/430/430 432/432/432 434/434/434
f 430/430/430 434/434/434 433/433/433
f 435/435/435 418/418/418 433/433/433
f 418/418/418 435/435/435 416/416/416
f 433/433/433 416/416/416 435/435/435
f 416/416/416 433/433/433 436/436/436
f 433/433/433 434/434/434 437/437/437
f 436/436/436 433/433/433 437/437/437
f 434/434/434 432/432/432 438/438/438
f 416/416/416 436/436/436 439/439/439
f 391/391/391 416/416/416 439/439/439
f 391/391/391 439/439/439 390/390/390
f 390/390/390 439/439/439 393/393/393
f 439/439/439 436/436/436 393/393/393
f 432/432/432 440/440/440 438/438/438
f 432/432/432 441/441/441 440/440/440
f 440/440/440 441/441/441 442/442/442
f 440/440/440 442/442/442 438/438/438
f 441/441/441 443/443/443 442/442/442
f 436/436/436 444/444/444 393/393/393
f 436/436/436 437/437/437 444/444/444
f 393/393/393 444/444/444 445/445/445
f 393/393/393 445/445/445 383/383/383
f 437/437/437 446/446/446 444/444/444
f 383/383/383 445/445/445 447/447/447
f 383/383/383 447/447/447 448/448/448
f 448/448/448 447/447/447 449/449/449
f 445/445/445 444/444/444 450/450/450
f 444/444/444 446/446/446 450/450/450
f 445/445/445 451/451/451 447/447/447
f 445/445/445 450/450/450 451/451/451
f 447/447/447 452/452/452 449/449/449
f 447/447/447 451/451/451 452/452/452
f 452/452/452 453/453/453 449/449/449
f 453/453/453 452/452/452 454/454/454
f 446/446/446 455/455/455 450/450/450
f 450/450/450 455/455/455 451/451/451
f 437/437/437 456/456/456 446/446/446
f 446/446/446 456/456/456 455/455/455
f 437/437/437 434/434/434 456/456/456
f 456/456/456 434/434/434 457/457/457
f 456/456/456 457/457/457 455/455/455
f 434/434/434 438/438/438 457/457/457
f 457/457/457 458/458/458 455/455/455
f 457/457/457 438/438/438 458/458/458
f 455/455/455 459/459/459 451/451/451
f 455/455/455 458/458/458 459/459/459
f 438/438/438 460/460/460 458/458/458
f 442/442/442 460/460/460 438/438/438
f 458/458/458 460/460/460 461/461/461
f 460/460/460 442/442/442 461/461/461
f 459/459/459 458/458/458 462/462/462
f 451/451/451 459/459/459 463/463/463
f 459/459/459 462/462/462 463/463/463
f 462/462/462 458/458/458 464/464/464
f 458/458/458 461/461/461 464/464/464
f 462/462/462 464/464/464 465/465/465
f 463/463/463 462/462/462 465/465/465
f 451/451/451 463/463/463 466/466/466
f 451/451/451 466/466/466 452/452/452
f 452/452/452 466/466/466 380/380/380
f 466/466/466 384/384/384 380/380/380
f 466/466/466 463/463/463 384/384/384
f 384/384/384 463/463/463 467/467/467
f 463/463/463 465/465/465 467/467/467
f 467/467/467 465/465/465 468/468/468
f 384/384/384 467/467/467 469/469/469
f 467/467/467 468/468/468 470/470/470
f 467/467/467 470/470/470 469/469/469
f 469/469/469 471/471/471 384/384/384
f 384/384/384 471/471/471 374/374/374
f 469/469/469 472/472/472 471/471/471
f 471/471/471 472/472/472 374/374/374
f 469/469/469 473/473/473 472/472/472
f 469/469/469 470/470/470 473/473/473
f 472/472/472 474/474/474 374/374/374
f 474/474/474 472/472/472 473/473/473
f 374/374/374 474/474/474 372/372/372
f 372/372/372 474/474/474 475/475/475
f 372/372/372 475/475/475 476/476/476
f 474/474/474 477/477/477 475/475/475
f 475/475/475 477/477/477 476/476/476
f 474/474/474 473/473/473 477/477/477
f 476/476/476 477/477/477 376/376/376
f 477/477/477 377/377/377 376/376/376
f 473/473/473 478/478/478 477/477/477
f 477/477/477 478/478/478 377/377/377
f 470/470/470 479/479/479 473/473/473
f 468/468/468 479/479/479 470/470/470
f 465/465/465 479/479/479 468/468/468
f 479/479/479 480/480/480 473/473/473
f 473/473/473 480/480/480 478/478/478
f 465/465/465 481/481/481 479/479/479
f 479/479/479 481/481/481 480/480/480
f 465/465/465 464/464/464 481/481/481
f 480/480/480 482/482/482 478/478/478
f 480/480/480 481/481/481 482/482/482
f 464/464/464 483/483/483 481/481/481
f 481/481/481 483/483/483 482/482/482
f 461/461/461 483/483/483 464/464/464
f 478/478/478 482/482/482 484/484/484
f 478/478/478 484/484/484 485/485/485
f 478/478/478 485/485/485 377/377/377
f 485/485/485 484/484/484 486/486/486
f 484/484/484 482/482/482 486/486/486
f 377/377/377 485/485/485 487/487/487
f 485/485/485 486/486/486 487/487/487
f 377/377/377 487/487/487 308/308/308
f 487/487/487 488/488/488 308/308/308
f 486/486/486 488/488/488 487/487/487
f 488/488/488 304/304/304 308/308/308
f 304/304/304 488/488/488 489/489/489
f 489/489/489 305/305/305 304/304/304
f 486/486/486 490/490/490 488/488/488
f 491/491/491 490/490/490 486/486/486
f 482/482/482 491/491/491 486/486/486
f 490/490/490 492/492/492 488/488/488
f 491/491/491 493/493/493 490/490/490
f 493/493/493 492/492/492 490/490/490
f 482/482/482 494/494/494 491/491/491
f 491/491/491 494/494/494 493/493/493
f 492/492/492 493/493/493 495/495/495
f 494/494/494 495/495/495 493/493/493
f 492/492/492 496/496/496 488/488/488
f 488/488/488 496/496/496 489/489/489
f 495/495/495 497/497/497 492/492/492
f 494/494/494 497/497/497 495/495/495
f 497/497/497 498/498/498 492/492/492
f 498/498/498 496/496/496 492/492/492
f 499/499/499 498/498/498 497/497/497
f 494/494/494 500/500/500 497/497/497
f 497/497/497 500/500/500 501/501/501
f 501/501/501 500/500/500 498/498/498
f 482/482/482 502/502/502 494/494/494
f 502/502/502 500/500/500 494/494/494
f 500/500/500 503/503/503 498/498/498
f 498/498/498 503/503/503 504/504/504
f 498/498/498 504/504/504 496/496/496
f 500/500/500 505/505/505 503/503/503
f 505/505/505 506/506/506 503/503/503
f 507/507/507 505/505/505 500/500/500
f 507/507/507 500/500/500 502/502/502
f 504/504/504 508/508/508 496/496/496
f 496/496/496 508/508/508 509/509/509
f 496/496/496 509/509/509 510/510/510
f 511/511/511 496/496/496 510/510/510
f 496/496/496 511/511/511 489/489/489
f 489/489/489 511/511/511 510/510/510
f 489/489/489 510/510/510 512/512/512
f 512/512/512 510/510/510 513/513/513
f 305/305/305 489/489/489 512/512/512
f 512/512/512 514/514/514 305/305/305
f 512/512/512 515/515/515 514/514/514
f 502/502/502 516/516/516 507/507/507
f 516/516/516 517/517/517 507/507/507
f 518/518/518 516/516/516 502/502/502
f 482/482/482 518/518/518 502/502/502
f 519/519/519 517/517/517 516/516/516
f 518/518/518 519/519/519 516/516/516
f 519/519/519 505/505/505 517/517/517
f 483/483/483 518/518/518 482/482/482
f 519/519/519 520/520/520 505/505/505
f 518/518/518 520/520/520 519/519/519
f 520/520/520 521/521/521 505/505/505
f 521/521/521 522/522/522 505/505/505
f 521/521/521 520/520/520 522/522/522
f 524/524/524 523/523/523 520/520/520
f 525/525/525 524/524/524 520/520/520
f 525/525/525 520/520/520 518/518/518
f 526/526/526 525/525/525 518/518/518
f 526/526/526 518/518/518 483/483/483
f 526/526/526 527/527/527 525/525/525
f 461/461/461 526/526/526 483/483/483
f 526/526/526 528/528/528 527/527/527
f 528/528/528 529/529/529 527/527/527
f 530/530/530 528/528/528 526/526/526
f 531/531/531 530/530/530 526/526/526
f 531/531/531 526/526/526 461/461/461
f 531/531/531 532/532/532 530/530/530
f 533/533/533 532/532/532 531/531/531
f 533/533/533 531/531/531 461/461/461
f 442/442/442 533/533/533 461/461/461
f 442/442/442 534/534/534 533/533/533
f 443/443/443 534/534/534 442/442/442
f 535/535/535 534/534/534 443/443/443
f 443/443/443 536/536/536 535/535/535
f 536/536/536 537/537/537 535/535/535
f 535/535/535 537/537/537 538/538/538
f 539/539/539 534/534/534 535/535/535
f 539/539/539 540/540/540 534/534/534
f 539/539/539 541/541/541 540/540/540
f 534/534/534 540/540/540 542/542/542
f 545/545/545 544/544/544 543/543/543
f 546/546/546 545/545/545 543/543/543
f 545/545/545 547/547/547 544/544/544
f 548/548/548 547/547/547 545/545/545
f 547/547/547 549/549/549 544/544/544
f 550/550/550 547/547/547 548/548/548
f 547/547/547 551/551/551 549/549/549
f 549/549/549 551/551/551 552/552/552
f 551/551/551 553/553/553 552/552/552
f 550/550/550 554/554/554 547/547/547
f 555/555/555 554/554/554 550/550/550
f 556/556/556 551/551/551 547/547/547
f 554/554/554 556/556/556 547/547/547
f 557/557/557 553/553/553 551/551/551
f 558/558/558 551/551/551 556/556/556
f 551/551/551 558/558/558 557/557/557
f 554/554/554 559/559/559 556/556/556
f 559/559/559 558/558/558 556/556/556
f 555/555/555 560/560/560 554/554/554
f 560/560/560 559/559/559 554/554/554
f 561/561/561 560/560/560 555/555/555
f 561/561/561 562/562/562 560/560/560
f 563/563/563 562/562/562 561/561/561
f 564/564/564 560/560/560 562/562/562
f 564/564/564 559/559/559 560/560/560
f 563/563/563 564/564/564 562/562/562
f 563/563/563 565/565/565 564/564/564
f 566/566/566 565/565/565 563/563/563
f 565/565/565 567/567/567 564/564/564
f 566/566/566 568/568/568 565/565/565
f 567/567/567 565/565/565 568/568/568
f 564/564/564 569/569/569 559/559/559
f 567/567/567 569/569/569 564/564/564
f 569/569/569 570/570/570 559/559/559
f 559/559/559 570/570/570 558/558/558
f 571/571/571 569/569/569 567/567/567
f 571/571/571 570/570/570 569/569/569
f 570/570/570 572/572/572 558/558/558
f 571/571/571 573/573/573 570/570/570
f 573/573/573 572/572/572 570/570/570
f 558/558/558 572/572/572 574/574/574
f 558/558/558 574/574/574 557/557/557
f 573/573/573 575/575/575 572/572/572
f 572/572/572 575/575/575 574/574/574
f 571/571/571 576/576/576 573/573/573
f 573/573/573 576/576/576 575/575/575
f 577/577/577 576/576/576 571/571/571
f 577/577/577 571/571/571 567/567/567
f 576/576/576 578/578/578 575/575/575
f 579/579/579 577/577/577 567/567/567
f 579/579/579 567/567/567 568/568/568
f 580/580/580 576/576/576 577/577/577
f 579/579/579 580/580/580 577/577/577
f 580/580/580 578/578/578 576/576/576
f 578/578/578 580/580/580 581/581/581
f 579/579/579 582/582/582 580/580/580
f 568/568/568 582/582/582 579/579/579
f 584/584/584 583/583/583 580/580/580
f 582/582/582 584/584/584 580/580/580
f 585/585/585 584/584/584 578/578/578
f 586/586/586 582/582/582 568/568/568
f 578/578/578 587/587/587 575/575/575
f 575/575/575 587/587/587 574/574/574
f 584/584/584 588/588/588 578/578/578
f 578/578/578 588/588/588 587/587/587
f 589/589/589 584/584/584 582/582/582
f 590/590/590 588/588/588 584/584/584
f 589/589/589 590/590/590 584/584/584
f 591/591/591 589/589/589 582/582/582
f 586/586/586 591/591/591 582/582/582
f 592/592/592 589/589/589 591/591/591
f 593/593/593 589/589/589 592/592/592
f 593/593/593 590/590/590 589/589/589
f 594/594/594 592/592/592 591/591/591
f 586/586/586 594/594/594 591/591/591
f 594/594/594 595/595/595 592/592/592
f 595/595/595 593/593/593 592/592/592
f 586/586/586 596/596/596 594/594/594
f 597/597/597 596/596/596 586/586/586
f 598/598/598 594/594/594 596/596/596
f 598/598/598 595/595/595 594/594/594
f 599/599/599 597/597/597 586/586/586
f 599/599/599 586/586/586 568/568/568
f 599/599/599 568/568/568 566/566/566
f 600/600/600 599/599/599 566/566/566
f 600/600/600 566/566/566 601/601/601
f 602/602/602 597/597/597 599/599/599
f 596/596/596 597/597/597 602/602/602
f 603/603/603 599/599/599 600/600/600
f 603/603/603 602/602/602 599/599/599
f 603/603/603 600/600/600 604/604/604
f 605/605/605 603/603/603 604/604/604
f 606/606/606 603/603/603 605/605/605
f 606/606/606 602/602/602 603/603/603
f 607/607/607 602/602/602 606/606/606
f 608/608/608 596/596/596 602/602/602
f 602/602/602 607/607/607 609/609/609
f 608/608/608 602/602/602 609/609/609
f 610/610/610 609/609/609 607/607/607
f 608/608/608 598/598/598 596/596/596
f 611/611/611 609/609/609 610/610/610
f 610/610/610 612/612/612 611/611/611
f 612/612/612 613/613/613 611/611/611
f 613/613/613 612/612/612 614/614/614
f 611/611/611 615/615/615 609/609/609
f 613/613/613 615/615/615 611/611/611
f 615/615/615 608/608/608 609/609/609
f 616/616/616 615/615/615 613/613/613
f 615/615/615 617/617/617 608/608/608
f 617/617/617 598/598/598 608/608/608
f 616/616/616 618/618/618 615/615/615
f 619/619/619 618/618/618 616/616/616
f 619/619/619 620/620/620 618/618/618
f 618/618/618 620/620/620 615/615/615
f 620/620/620 617/617/617 615/615/615
f 617/617/617 621/621/621 598/598/598
f 621/621/621 622/622/622 598/598/598
f 623/623/623 622/622/622 621/621/621
f 622/622/622 624/624/624 598/598/598
f 622/622/622 625/625/625 624/624/624
f 595/595/595 598/598/598 624/624/624
f 625/625/625 626/626/626 624/624/624
f 627/627/627 626/626/626 625/625/625
f 627/627/627 628/628/628 626/626/626
f 626/626/626 629/629/629 624/624/624
f 595/595/595 624/624/624 629/629/629
f 629/629/629 630/630/630 595/595/595
f 595/595/595 630/630/630 593/593/593
f 630/630/630 629/629/629 593/593/593
f 629/629/629 631/631/631 593/593/593
f 626/626/626 631/631/631 629/629/629
f 628/628/628 632/632/632 626/626/626
f 626/626/626 632/632/632 631/631/631
f 628/628/628 634/634/634 633/633/633
f 633/633/633 632/632/632 628/628/628
f 593/593/593 631/631/631 635/635/635
f 633/633/633 636/636/636 632/632/632
f 637/637/637 636/636/636 633/633/633
f 636/636/636 637/637/637 638/638/638
f 636/636/636 638/638/638 632/632/632
f 637/637/637 639/639/639 638/638/638
f 639/639/639 640/640/640 638/638/638
f 639/639/639 641/641/641 640/640/640
f 638/638/638 640/640/640 642/642/642
f 638/638/638 642/642/642 632/632/632
f 632/632/632 642/642/642 643/643/643
f 631/631/631 632/632/632 643/643/643
f 643/643/643 642/642/642 644/644/644
f 642/642/642 645/645/645 644/644/644
f 645/645/645 646/646/646 644/644/644
f 646/646/646 647/647/647 644/644/644
f 644/644/644 647/647/647 648/648/648
f 631/631/631 643/643/643 649/649/649
f 643/643/643 644/644/644 650/650/650
f 644/644/644 648/648/648 650/650/650
f 643/643/643 650/650/650 649/649/649
f 650/650/650 648/648/648 651/651/651
f 649/649/649 650/650/650 651/651/651
f 631/631/631 649/649/649 635/635/635
f 648/648/648 652/652/652 651/651/651
f 651/651/651 652/652/652 653/653/653
f 651/651/651 653/653/653 654/654/654
f 649/649/649 655/655/655 635/635/635
f 593/593/593 635/635/635 655/655/655
f 649/649/649 651/651/651 656/656/656
f 655/655/655 649/649/649 656/656/656
f 651/651/651 654/654/654 657/657/657
f 656/656/656 651/651/651 657/657/657
f 657/657/657 654/654/654 658/658/658
f 654/654/654 659/659/659 658/658/658
f 657/657/657 660/660/660 656/656/656
f 655/655/655 656/656/656 660/660/660
f 657/657/657 658/658/658 661/661/661
f 660/660/660 657/657/657 661/661/661
f 658/658/658 659/659/659 662/662/662
f 659/659/659 663/663/663 662/662/662
f 662/662/662 663/663/663 664/664/664
f 658/658/658 662/662/662 665/665/665
f 658/658/658 665/665/665 661/661/661
f 662/662/662 664/664/664 666/666/666
f 666/666/666 664/664/664 667/667/667
f 665/665/665 662/662/662 668/668/668
f 668/668/668 662/662/662 666/666/666
f 666/666/666 667/667/667 669/669/669
f 669/669/669 667/667/667 670/670/670
f 668/668/668 666/666/666 671/671/671
f 671/671/671 666/666/666 669/669/669
f 671/671/671 669/669/669 672/672/672
f 672/672/672 669/669/669 673/673/673
f 671/671/671 672/672/672 674/674/674
f 674/674/674 668/668/668 671/671/671
f 675/675/675 668/668/668 674/674/674
f 675/675/675 665/665/665 668/668/668
f 661/661/661 665/665/665 675/675/675
f 675/675/675 674/674/674 676/676/676
f 675/675/675 676/676/676 677/677/677
f 677/677/677 676/676/676 678/678/678
f 587/587/587 675/675/675 677/677/677
f 587/587/587 677/677/677 679/679/679
f 680/680/680 661/661/661 675/675/675
f 587/587/587 680/680/680 675/675/675
f 681/681/681 661/661/661 680/680/680
f 681/681/681 660/660/660 661/661/661
f 660/660/660 681/681/681 655/655/655
f 681/681/681 680/680/680 682/682/682
f 655/655/655 681/681/681 683/683/683
f 683/683/683 681/681/681 682/682/682
f 684/684/684 682/682/682 680/680/680
f 682/682/682 684/684/684 683/683/683
f 587/587/587 684/684/684 680/680/680
f 590/590/590 655/655/655 683/683/683
f 590/590/590 683/683/683 684/684/684
f 593/593/593 655/655/655 590/590/590
f 590/590/590 684/684/684 685/685/685
f 588/588/588 590/590/590 685/685/685
f 588/588/588 685/685/685 684/684/684
f 588/588/588 684/684/684 587/587/587
f 686/686/686 587/587/587 679/679/679
f 574/574/574 587/587/587 686/686/686
f 686/686/686 679/679/679 687/687/687
f 574/574/574 686/686/686 557/557/557
f 553/553/553 686/686/686 687/687/687
f 557/557/557 686/686/686 553/553/553
f 690/690/690 689/689/689 688/688/688
f 693/693/693 692/692/692 691/691/691
f 694/694/694 692/692/692 693/693/693
f 691/691/691 692/692/692 695/695/695
f 691/691/691 695/695/695 696/696/696
f 691/691/691 696/696/696 697/697/697
f 692/692/692 698/698/698 695/695/695
f 698/698/698 696/696/696 695/695/695
f 692/692/692 699/699/699 698/698/698
f 696/696/696 698/698/698 700/700/700
f 701/701/701 700/700/700 698/698/698
f 702/702/702 698/698/698 699/699/699
f 698/698/698 702/702/702 703/703/703
f 703/703/703 704/704/704 698/698/698
f 703/703/703 705/705/705 704/704/704
f 705/705/705 700/700/700 704/704/704
f 703/703/703 706/706/706 705/705/705
f 705/705/705 707/707/707 700/700/700
f 706/706/706 707/707/707 705/705/705
f 707/707/707 708/708/708 700/700/700
f 707/707/707 709/709/709 708/708/708
f 710/710/710 709/709/709 707/707/707
f 710/710/710 711/711/711 709/709/709
f 712/712/712 707/707/707 706/706/706
f 703/703/703 712/712/712 706/706/706
f 712/712/712 713/713/713 707/707/707
f 710/710/710 714/714/714 711/711/711
f 714/714/714 715/715/715 711/711/711
f 716/716/716 715/715/715 714/714/714
f 717/717/717 714/714/714 710/710/710
f 717/717/717 718/718/718 714/714/714
f 719/719/719 717/717/717 713/713/713
f 712/712/712 719/719/719 713/713/713
f 720/720/720 718/718/718 717/717/717
f 720/720/720 721/721/721 718/718/718
f 722/722/722 721/721/721 720/720/720
f 723/723/723 720/720/720 717/717/717
f 723/723/723 722/722/722 720/720/720
f 723/723/723 717/717/717 719/719/719
f 723/723/723 724/724/724 722/722/722
f 725/725/725 724/724/724 723/723/723
f 726/726/726 725/725/725 723/723/723
f 727/727/727 723/723/723 719/719/719
f 728/728/728 723/723/723 727/727/727
f 712/712/712 727/727/727 719/719/719
f 729/729/729 727/727/727 712/712/712
f 730/730/730 729/729/729 712/712/712
f 731/731/731 729/729/729 730/730/730
f 731/731/731 730/730/730 732/732/732
f 733/733/733 731/731/731 732/732/732
f 734/734/734 733/733/733 732/732/732
f 735/735/735 733/733/733 734/734/734
f 736/736/736 733/733/733 735/735/735
f 736/736/736 735/735/735 737/737/737
f 735/735/735 734/734/734 738/738/738
f 730/730/730 739/739/739 734/734/734
f 730/730/730 712/712/712 739/739/739
f 734/734/734 739/739/739 738/738/738
f 739/739/739 712/712/712 740/740/740
f 740/740/740 712/712/712 703/703/703
f 740/740/740 703/703/703 741/741/741
f 739/739/739 740/740/740 742/742/742
f 738/738/738 739/739/739 742/742/742
f 743/743/743 740/740/740 741/741/741
f 743/743/743 742/742/742 740/740/740
f 743/743/743 741/741/741 744/744/744
f 743/743/743 744/744/744 745/745/745
f 744/744/744 746/746/746 745/745/745
f 747/747/747 742/742/742 743/743/743
f 748/748/748 742/742/742 747/747/747
f 747/747/747 743/743/743 749/749/749
f 749/749/749 743/743/743 750/750/750
f 751/751/751 747/747/747 749/749/749
f 752/752/752 738/738/738 742/742/742
f 752/752/752 742/742/742 753/753/753
f 754/754/754 752/752/752 753/753/753
f 755/755/755 738/738/738 752/752/752
f 755/755/755 756/756/756 738/738/738
f 755/755/755 752/752/752 757/757/757
f 752/752/752 754/754/754 757/757/757
f 757/757/757 754/754/754 758/758/758
f 758/758/758 754/754/754 759/759/759
f 762/762/762 761/761/761 760/760/760
f 765/765/765 764/764/764 763/763/763
f 768/768/768 767/767/767 766/766/766
f 771/771/771 770/770/770 769/769/769
f 772/772/772 770/770/770 771/771/771
f 773/773/773 772/772/772 771/771/771
f 774/774/774 772/772/772 773/773/773
f 775/775/775 772/772/772 774/774/774
f 776/776/776 772/772/772 775/775/775
f 777/777/777 775/775/775 774/774/774
f 777/777/777 776/776/776 775/775/775
f 777/777/777 778/778/778 776/776/776
f 781/781/781 780/780/780 779/779/779
f 780/780/780 782/782/782 779/779/779
f 785/785/785 784/784/784 783/783/783
f 788/788/788 787/787/787 786/786/786
f 791/791/791 790/790/790 789/789/789
f 794/794/794 793/793/793 792/792/792
f 794/794/794 792/792/792 795/795/795
f 796/796/796 794/794/794 795/795/795
f 797/797/797 794/794/794 796/796/796
f 798/798/798 794/794/794 797/797/797
f 798/798/798 799/799/799 794/794/794
f 799/799/799 800/800/800 794/794/794
f 794/794/794 800/800/800 801/801/801
f 798/798/798 802/802/802 799/799/799
f 799/799/799 802/802/802 800/800/800
f 803/803/803 802/802/802 798/798/798
f 803/803/803 804/804/804 802/802/802
f 805/805/805 803/803/803 798/798/798
f 800/800/800 802/802/802 806/806/806
f 800/800/800 806/806/806 807/807/807
f 800/800/800 807/807/807 808/808/808
f 808/808/808 809/809/809 800/800/800
f 805/805/805 798/798/798 810/810/810
f 810/810/810 798/798/798 811/811/811
f 812/812/812 810/810/810 811/811/811
f 805/805/805 810/810/810 813/813/813
f 813/813/813 810/810/810 814/814/814
f 814/814/814 810/810/810 815/815/815
f 816/816/816 813/813/813 814/814/814
f 816/816/816 814/814/814 817/817/817
f 800/800/800 809/809/809 818/818/818
f 819/819/819 818/818/818 809/809/809
f 801/801/801 800/800/800 818/818/818
f 818/818/818 819/819/819 793/793/793
f 818/818/818 793/793/793 801/801/801
f 822/822/822 821/821/821 820/820/820
f 825/825/825 824/824/824 823/823/823
f 828/828/828 827/827/827 826/826/826
f 831/831/831 830/830/830 829/829/829
f 831/831/831 829/829/829 832/832/832
f 834/834/834 833/833/833 733/733/733
f 837/837/837 836/836/836 835/835/835
f 836/836/836 837/837/837 838/838/838
f 839/839/839 835/835/835 836/836/836
f 836/836/836 840/840/840 839/839/839
f 836/836/836 841/841/841 840/840/840
f 843/843/843 842/842/842 836/836/836
f 842/842/842 841/841/841 836/836/836
f 844/844/844 841/841/841 842/842/842
f 845/845/845 841/841/841 844/844/844
f 845/845/845 846/846/846 841/841/841
f 846/846/846 847/847/847 841/841/841
f 845/845/845 848/848/848 846/846/846
f 847/847/847 850/850/850 849/849/849
f 851/851/851 850/850/850 847/847/847
f 847/847/847 846/846/846 851/851/851
f 852/852/852 850/850/850 851/851/851
f 851/851/851 853/853/853 852/852/852
f 846/846/846 854/854/854 851/851/851
f 854/854/854 853/853/853 851/851/851
f 848/848/848 854/854/854 846/846/846
f 853/853/853 854/854/854 855/855/855
f 856/856/856 855/855/855 854/854/854
f 854/854/854 848/848/848 857/857/857
f 857/857/857 856/856/856 854/854/854
f 856/856/856 857/857/857 858/858/858
f 856/856/856 858/858/858 859/859/859
f 848/848/848 860/860/860 857/857/857
f 861/861/861 860/860/860 848/848/848
f 862/862/862 861/861/861 848/848/848
f 863/863/863 861/861/861 862/862/862
f 863/863/863 864/864/864 861/861/861
f 864/864/864 863/863/863 865/865/865
f 865/865/865 863/863/863 866/866/866
f 863/863/863 862/862/862 867/867/867
f 868/868/868 863/863/863 867/867/867
f 869/869/869 868/868/868 867/867/867
f 870/870/870 868/868/868 869/869/869
f 871/871/871 868/868/868 870/870/870
f 871/871/871 870/870/870 872/872/872
f 872/872/872 873/873/873 871/871/871
f 876/876/876 875/875/875 874/874/874
f 879/879/879 878/878/878 877/877/877
f 880/880/880 878/878/878 879/879/879
f 883/883/883 882/882/882 881/881/881
f 882/882/882 885/885/885 884/884/884
f 882/882/882 884/884/884 886/886/886
f 881/881/881 882/882/882 887/887/887
f 882/882/882 886/886/886 887/887/887
f 887/887/887 888/888/888 881/881/881
f 887/887/887 886/886/886 889/889/889
f 889/889/889 890/890/890 887/887/887
f 887/887/887 891/891/891 888/888/888
f 890/890/890 892/892/892 887/887/887
f 887/887/887 892/892/892 891/891/891
f 892/892/892 893/893/893 891/891/891
f 892/892/892 894/894/894 893/893/893
f 892/892/892 895/895/895 894/894/894
f 895/895/895 892/892/892 896/896/896
f 898/898/898 896/896/896 897/897/897
f 899/899/899 896/896/896 898/898/898
f 900/900/900 896/896/896 899/899/899
f 896/896/896 900/900/900 895/895/895
f 900/900/900 901/901/901 895/895/895
f 900/900/900 902/902/902 901/901/901
f 902/902/902 900/900/900 903/903/903
f 901/901/901 904/904/904 895/895/895
f 895/895/895 904/904/904 894/894/894
f 901/901/901 902/902/902 905/905/905
f 901/901/901 905/905/905 904/904/904
f 902/902/902 906/906/906 905/905/905
f 902/902/902 907/907/907 906/906/906
f 894/894/894 904/904/904 908/908/908
f 904/904/904 909/909/909 908/908/908
f 894/894/894 908/908/908 910/910/910
f 909/909/909 911/911/911 908/908/908
f 909/909/909 912/912/912 911/911/911
f 911/911/911 913/913/913 908/908/908
f 894/894/894 910/910/910 914/914/914
f 915/915/915 894/894/894 914/914/914
f 915/915/915 917/917/917 916/916/916
f 915/915/915 918/918/918 917/917/917
f 915/915/915 914/914/914 918/918/918
f 917/917/917 918/918/918 919/919/919
f 919/919/919 918/918/918 920/920/920
f 918/918/918 914/914/914 921/921/921
f 918/918/918 921/921/921 920/920/920
f 921/921/921 914/914/914 922/922/922
f 913/913/913 921/921/921 922/922/922
f 923/923/923 920/920/920 921/921/921
f 920/920/920 923/923/923 924/924/924
f 926/926/926 925/925/925 831/831/831
f 929/929/929 928/928/928 927/927/927
f 932/932/932 931/931/931 930/930/930
f 935/935/935 934/934/934 933/933/933
f 938/938/938 937/937/937 936/936/936
f 938/938/938 939/939/939 937/937/937
f 941/941/941 940/940/940 937/937/937
f 942/942/942 940/940/940 941/941/941
f 943/943/943 942/942/942 941/941/941
f 941/941/941 944/944/944 943/943/943
f 944/944/944 941/941/941 945/945/945
f 944/944/944 945/945/945 946/946/946
f 945/945/945 947/947/947 946/946/946
f 950/950/950 949/949/949 948/948/948
f 953/953/953 952/952/952 951/951/951
f 956/956/956 955/955/955 954/954/954
f 957/957/957 955/955/955 956/956/956
f 958/958/958 957/957/957 956/956/956
f 957/957/957 958/958/958 959/959/959
f 959/959/959 958/958/958 960/960/960
f 958/958/958 956/956/956 961/961/961
f 960/960/960 958/958/958 961/961/961
f 960/960/960 961/961/961 962/962/962
f 963/963/963 961/961/961 956/956/956
f 961/961/961 963/963/963 964/964/964
f 963/963/963 965/965/965 964/964/964
f 965/965/965 966/966/966 964/964/964
f 967/967/967 966/966/966 965/965/965
f 968/968/968 967/967/967 965/965/965
f 948/948/948 968/968/968 965/965/965
f 969/969/969 968/968/968 948/948/948
f 970/970/970 961/961/961 964/964/964
f 961/961/961 970/970/970 971/971/971
f 971/971/971 970/970/970 972/972/972
f 973/973/973 972/972/972 970/970/970
f 973/973/973 970/970/970 974/974/974
f 975/975/975 973/973/973 974/974/974
f 976/976/976 974/974/974 970/970/970
f 970/970/970 964/964/964 976/976/976
f 964/964/964 977/977/977 976/976/976
f 964/964/964 978/978/978 977/977/977
f 977/977/977 979/979/979 976/976/976
f 978/978/978 980/980/980 977/977/977
f 980/980/980 981/981/981 977/977/977
f 977/977/977 981/981/981 982/982/982
f 977/977/977 983/983/983 979/979/979
f 977/977/977 984/984/984 983/983/983
f 983/983/983 984/984/984 985/985/985
f 932/932/932 987/987/987 986/986/986
f 932/932/932 988/988/988 987/987/987
f 988/988/988 932/932/932 989/989/989
f 987/987/987 988/988/988 990/990/990
f 988/988/988 991/991/991 990/990/990
f 991/991/991 988/988/988 992/992/992
f 995/995/995 994/994/994 993/993/993
f 996/996/996 994/994/994 995/995/995
f 999/999/999 998/998/998 997/997/997
f 1000/1000/1000 998/998/998 999/999/999
f 1003/1003/1003 1002/1002/1002 1001/1001/1001
f 1004/1004/1004 1003/1003/1003 1001/1001/1001
f 1003/1003/1003 1005/1005/1005 1002/1002/1002
f 1004/1004/1004 1006/1006/1006 1003/1003/1003
f 1003/1003/1003 1006/1006/1006 1005/1005/1005
f 1002/1002/1002 1005/1005/1005 1007/1007/1007
f 1008/1008/1008 1006/1006/1006 1004/1004/1004
f 1009/1009/1009 1007/1007/1007 1005/1005/1005
f 1009/1009/1009 1010/1010/1010 1007/1007/1007
f 1011/1011/1011 1005/1005/1005 1006/1006/1006
f 1011/1011/1011 1009/1009/1009 1005/1005/1005
f 1012/1012/1012 1006/1006/1006 1008/1008/1008
f 1013/1013/1013 1010/1010/1010 1009/1009/1009
f 1011/1011/1011 1013/1013/1013 1009/1009/1009
f 1013/1013/1013 1014/1014/1014 1010/1010/1010
f 1015/1015/1015 1012/1012/1012 1008/1008/1008
f 1011/1011/1011 1006/1006/1006 1016/1016/1016
f 1006/1006/1006 1012/1012/1012 1016/1016/1016
f 1017/1017/1017 1013/1013/1013 1011/1011/1011
f 1017/1017/1017 1011/1011/1011 1016/1016/1016
f 1017/1017/1017 1014/1014/1014 1013/1013/1013
f 1018/1018/1018 1014/1014/1014 1017/1017/1017
f 1019/1019/1019 1014/1014/1014 1018/1018/1018
f 1020/1020/1020 1017/1017/1017 1016/1016/1016
f 1018/1018/1018 1017/1017/1017 1020/1020/1020
f 1012/1012/1012 1021/1021/1021 1016/1016/1016
f 1020/1020/1020 1016/1016/1016 1021/1021/1021
f 1018/1018/1018 1022/1022/1022 1019/1019/1019
f 1022/1022/1022 1023/1023/1023 1019/1019/1019
f 1020/1020/1020 1024/1024/1024 1018/1018/1018
f 1024/1024/1024 1020/1020/1020 1021/1021/1021
f 1018/1018/1018 1025/1025/1025 1022/1022/1022
f 1024/1024/1024 1025/1025/1025 1018/1018/1018
f 1022/1022/1022 1026/1026/1026 1023/1023/1023
f 1025/1025/1025 1026/1026/1026 1022/1022/1022
f 1027/1027/1027 1023/1023/1023 1026/1026/1026
f 1025/1025/1025 1027/1027/1027 1026/1026/1026
f 1027/1027/1027 1028/1028/1028 1023/1023/1023
f 1029/1029/1029 1028/1028/1028 1027/1027/1027
f 1030/1030/1030 1029/1029/1029 1027/1027/1027
f 1030/1030/1030 1031/1031/1031 1029/1029/1029
f 1032/1032/1032 1031/1031/1031 1030/1030/1030
f 1033/1033/1033 1030/1030/1030 1027/1027/1027
f 1033/1033/1033 1027/1027/1027 1025/1025/1025
f 1034/1034/1034 1032/1032/1032 1030/1030/1030
f 1034/1034/1034 1030/1030/1030 1033/1033/1033
f 1035/1035/1035 1033/1033/1033 1025/1025/1025
f 1035/1035/1035 1025/1025/1025 1024/1024/1024
f 1036/1036/1036 1034/1034/1034 1033/1033/1033
f 1037/1037/1037 1036/1036/1036 1033/1033/1033
f 1037/1037/1037 1033/1033/1033 1035/1035/1035
f 1038/1038/1038 1034/1034/1034 1036/1036/1036
f 1038/1038/1038 1039/1039/1039 1034/1034/1034
f 1034/1034/1034 1039/1039/1039 1040/1040/1040
f 1039/1039/1039 1041/1041/1041 1040/1040/1040
f 1042/1042/1042 1041/1041/1041 1039/1039/1039
f 1043/1043/1043 1042/1042/1042 1039/1039/1039
f 1044/1044/1044 1042/1042/1042 1043/1043/1043
f 1043/1043/1043 1039/1039/1039 1045/1045/1045
f 1039/1039/1039 1038/1038/1038 1045/1045/1045
f 1046/1046/1046 1038/1038/1038 1036/1036/1036
f 1045/1045/1045 1038/1038/1038 1046/1046/1046
f 1046/1046/1046 1036/1036/1036 1037/1037/1037
f 1047/1047/1047 1046/1046/1046 1037/1037/1037
f 1048/1048/1048 1045/1045/1045 1046/1046/1046
f 1047/1047/1047 1048/1048/1048 1046/1046/1046
f 1049/1049/1049 1045/1045/1045 1048/1048/1048
f 1050/1050/1050 1045/1045/1045 1049/1049/1049
f 1051/1051/1051 1050/1050/1050 1049/1049/1049
f 1051/1051/1051 1049/1049/1049 1052/1052/1052
f 1052/1052/1052 1049/1049/1049 1048/1048/1048
f 1052/1052/1052 1048/1048/1048 1053/1053/1053
f 1053/1053/1053 1048/1048/1048 1047/1047/1047
f 1054/1054/1054 1052/1052/1052 1053/1053/1053
f 1055/1055/1055 1053/1053/1053 1047/1047/1047
f 1056/1056/1056 1052/1052/1052 1054/1054/1054
f 1057/1057/1057 1052/1052/1052 1056/1056/1056
f 1056/1056/1056 1058/1058/1058 1057/1057/1057
f 1058/1058/1058 1059/1059/1059 1057/1057/1057
f 1060/1060/1060 1058/1058/1058 1056/1056/1056
f 1061/1061/1061 1060/1060/1060 1056/1056/1056
f 1061/1061/1061 1056/1056/1056 1054/1054/1054
f 1062/1062/1062 1060/1060/1060 1061/1061/1061
f 1063/1063/1063 1060/1060/1060 1062/1062/1062
f 1064/1064/1064 1062/1062/1062 1061/1061/1061
f 1064/1064/1064 1061/1061/1061 1054/1054/1054
f 1065/1065/1065 1063/1063/1063 1062/1062/1062
f 1065/1065/1065 1062/1062/1062 1064/1064/1064
f 1065/1065/1065 1066/1066/1066 1063/1063/1063
f 1067/1067/1067 1066/1066/1066 1065/1065/1065
f 1067/1067/1067 1065/1065/1065 1064/1064/1064
f 1068/1068/1068 1066/1066/1066 1067/1067/1067
f 1068/1068/1068 1067/1067/1067 1069/1069/1069
f 1067/1067/1067 1064/1064/1064 1070/1070/1070
f 1070/1070/1070 1064/1064/1064 1054/1054/1054
f 1069/1069/1069 1067/1067/1067 1071/1071/1071
f 1067/1067/1067 1070/1070/1070 1071/1071/1071
f 1073/1073/1073 1069/1069/1069 1072/1072/1072
f 1074/1074/1074 1072/1072/1072 1069/1069/1069
f 1069/1069/1069 1071/1071/1071 1074/1074/1074
f 1076/1076/1076 1074/1074/1074 1075/1075/1075
f 1077/1077/1077 1075/1075/1075 1074/1074/1074
f 1074/1074/1074 1071/1071/1071 1078/1078/1078
f 1077/1077/1077 1074/1074/1074 1078/1078/1078
f 1079/1079/1079 1075/1075/1075 1077/1077/1077
f 1079/1079/1079 1077/1077/1077 1078/1078/1078
f 1075/1075/1075 1079/1079/1079 1080/1080/1080
f 1081/1081/1081 1080/1080/1080 1079/1079/1079
f 1078/1078/1078 1071/1071/1071 1082/1082/1082
f 1071/1071/1071 1070/1070/1070 1082/1082/1082
f 1079/1079/1079 1078/1078/1078 1083/1083/1083
f 1081/1081/1081 1079/1079/1079 1083/1083/1083
f 1083/1083/1083 1078/1078/1078 1084/1084/1084
f 1078/1078/1078 1082/1082/1082 1084/1084/1084
f 1081/1081/1081 1083/1083/1083 1085/1085/1085
f 1083/1083/1083 1084/1084/1084 1086/1086/1086
f 1083/1083/1083 1086/1086/1086 1085/1085/1085
f 1087/1087/1087 1081/1081/1081 1085/1085/1085
f 1086/1086/1086 1084/1084/1084 1088/1088/1088
f 1085/1085/1085 1086/1086/1086 1089/1089/1089
f 1086/1086/1086 1088/1088/1088 1089/1089/1089
f 1084/1084/1084 1082/1082/1082 1090/1090/1090
f 1084/1084/1084 1090/1090/1090 1088/1088/1088
f 1090/1090/1090 1082/1082/1082 1091/1091/1091
f 1082/1082/1082 1092/1092/1092 1091/1091/1091
f 1092/1092/1092 1082/1082/1082 1070/1070/1070
f 1090/1090/1090 1091/1091/1091 1093/1093/1093
f 1088/1088/1088 1090/1090/1090 1094/1094/1094
f 1090/1090/1090 1093/1093/1093 1094/1094/1094
f 1095/1095/1095 1091/1091/1091 1092/1092/1092
f 1091/1091/1091 1095/1095/1095 1093/1093/1093
f 1092/1092/1092 1070/1070/1070 1096/1096/1096
f 1092/1092/1092 1096/1096/1096 1095/1095/1095
f 1088/1088/1088 1094/1094/1094 1097/1097/1097
f 1088/1088/1088 1097/1097/1097 1089/1089/1089
f 1094/1094/1094 1093/1093/1093 1098/1098/1098
f 1094/1094/1094 1099/1099/1099 1097/1097/1097
f 1098/1098/1098 1099/1099/1099 1094/1094/1094
f 1093/1093/1093 1100/1100/1100 1098/1098/1098
f 1098/1098/1098 1100/1100/1100 1101/1101/1101
f 1095/1095/1095 1102/1102/1102 1093/1093/1093
f 1102/1102/1102 1103/1103/1103 1093/1093/1093
f 1102/1102/1102 1095/1095/1095 1104/1104/1104
f 1095/1095/1095 1096/1096/1096 1104/1104/1104
f 1103/1103/1103 1102/1102/1102 1105/1105/1105
f 1104/1104/1104 1105/1105/1105 1102/1102/1102
f 1103/1103/1103 1105/1105/1105 1106/1106/1106
f 1105/1105/1105 1104/1104/1104 1107/1107/1107
f 1105/1105/1105 1107/1107/1107 1106/1106/1106
f 1104/1104/1104 1096/1096/1096 1108/1108/1108
f 1108/1108/1108 1109/1109/1109 1104/1104/1104
f 1109/1109/1109 1107/1107/1107 1104/1104/1104
f 1096/1096/1096 1110/1110/1110 1108/1108/1108
f 1106/1106/1106 1107/1107/1107 1111/1111/1111
f 1106/1106/1106 1111/1111/1111 1112/1112/1112
f 1112/1112/1112 1111/1111/1111 1113/1113/1113
f 1107/1107/1107 1114/1114/1114 1111/1111/1111
f 1111/1111/1111 1114/1114/1114 1115/1115/1115
f 1116/1116/1116 1114/1114/1114 1107/1107/1107
f 1109/1109/1109 1116/1116/1116 1107/1107/1107
f 1117/1117/1117 1109/1109/1109 1108/1108/1108
f 1109/1109/1109 1117/1117/1117 1116/1116/1116
f 1110/1110/1110 1117/1117/1117 1108/1108/1108
f 1114/1114/1114 1116/1116/1116 1118/1118/1118
f 1118/1118/1118 1119/1119/1119 1114/1114/1114
f 1118/1118/1118 1116/1116/1116 1119/1119/1119
f 1116/1116/1116 1120/1120/1120 1119/1119/1119
f 1117/1117/1117 1120/1120/1120 1116/1116/1116
f 1120/1120/1120 1121/1121/1121 1119/1119/1119
f 1121/1121/1121 1122/1122/1122 1119/1119/1119
f 1121/1121/1121 1123/1123/1123 1122/1122/1122
f 1120/1120/1120 1124/1124/1124 1121/1121/1121
f 1124/1124/1124 1123/1123/1123 1121/1121/1121
f 1117/1117/1117 1125/1125/1125 1120/1120/1120
f 1124/1124/1124 1120/1120/1120 1125/1125/1125
f 1126/1126/1126 1125/1125/1125 1117/1117/1117
f 1124/1124/1124 1127/1127/1127 1123/1123/1123
f 1128/1128/1128 1127/1127/1127 1124/1124/1124
f 1124/1124/1124 1129/1129/1129 1128/1128/1128
f 1125/1125/1125 1129/1129/1129 1124/1124/1124
f 1123/1123/1123 1127/1127/1127 1130/1130/1130
f 1130/1130/1130 1131/1131/1131 1123/1123/1123
f 1127/1127/1127 1132/1132/1132 1130/1130/1130
f 1133/1133/1133 1129/1129/1129 1125/1125/1125
f 1133/1133/1133 1125/1125/1125 1126/1126/1126
f 1134/1134/1134 1127/1127/1127 1129/1129/1129
f 1127/1127/1127 1134/1134/1134 1132/1132/1132
f 1133/1133/1133 1135/1135/1135 1129/1129/1129
f 1135/1135/1135 1134/1134/1134 1129/1129/1129
f 1126/1126/1126 1136/1136/1136 1133/1133/1133
f 1136/1136/1136 1135/1135/1135 1133/1133/1133
f 1136/1136/1136 1126/1126/1126 1137/1137/1137
f 1136/1136/1136 1137/1137/1137 1135/1135/1135
f 1134/1134/1134 1138/1138/1138 1132/1132/1132
f 1135/1135/1135 1138/1138/1138 1134/1134/1134
f 1138/1138/1138 1130/1130/1130 1132/1132/1132
f 1139/1139/1139 1131/1131/1131 1130/1130/1130
f 1139/1139/1139 1130/1130/1130 1138/1138/1138
f 1131/1131/1131 1141/1141/1141 1140/1140/1140
f 1131/1131/1131 1139/1139/1139 1141/1141/1141
f 1135/1135/1135 1142/1142/1142 1138/1138/1138
f 1137/1137/1137 1142/1142/1142 1135/1135/1135
f 1141/1141/1141 1139/1139/1139 1143/1143/1143
f 1141/1141/1141 1143/1143/1143 1144/1144/1144
f 1139/1139/1139 1145/1145/1145 1143/1143/1143
f 1143/1143/1143 1145/1145/1145 1144/1144/1144
f 1138/1138/1138 1146/1146/1146 1139/1139/1139
f 1142/1142/1142 1147/1147/1147 1138/1138/1138
f 1147/1147/1147 1146/1146/1146 1138/1138/1138
f 1139/1139/1139 1146/1146/1146 1148/1148/1148
f 1145/1145/1145 1139/1139/1139 1148/1148/1148
f 1145/1145/1145 1149/1149/1149 1144/1144/1144
f 1149/1149/1149 1145/1145/1145 1148/1148/1148
f 1149/1149/1149 1150/1150/1150 1144/1144/1144
f 1144/1144/1144 1150/1150/1150 1015/1015/1015
f 1149/1149/1149 1148/1148/1148 1151/1151/1151
f 1150/1150/1150 1152/1152/1152 1015/1015/1015
f 1152/1152/1152 1012/1012/1012 1015/1015/1015
f 1150/1150/1150 1149/1149/1149 1153/1153/1153
f 1149/1149/1149 1151/1151/1151 1153/1153/1153
f 1150/1150/1150 1153/1153/1153 1152/1152/1152
f 1154/1154/1154 1012/1012/1012 1152/1152/1152
f 1154/1154/1154 1021/1021/1021 1012/1012/1012
f 1152/1152/1152 1155/1155/1155 1154/1154/1154
f 1155/1155/1155 1152/1152/1152 1153/1153/1153
f 1154/1154/1154 1155/1155/1155 1021/1021/1021
f 1156/1156/1156 1153/1153/1153 1151/1151/1151
f 1156/1156/1156 1155/1155/1155 1153/1153/1153
f 1156/1156/1156 1021/1021/1021 1155/1155/1155
f 1148/1148/1148 1156/1156/1156 1151/1151/1151
f 1021/1021/1021 1156/1156/1156 1024/1024/1024
f 1156/1156/1156 1157/1157/1157 1024/1024/1024
f 1158/1158/1158 1024/1024/1024 1157/1157/1157
f 1156/1156/1156 1158/1158/1158 1157/1157/1157
f 1158/1158/1158 1035/1035/1035 1024/1024/1024
f 1159/1159/1159 1156/1156/1156 1148/1148/1148
f 1159/1159/1159 1158/1158/1158 1156/1156/1156
f 1160/1160/1160 1159/1159/1159 1148/1148/1148
f 1146/1146/1146 1160/1160/1160 1148/1148/1148
f 1161/1161/1161 1158/1158/1158 1159/1159/1159
f 1161/1161/1161 1035/1035/1035 1158/1158/1158
f 1159/1159/1159 1160/1160/1160 1161/1161/1161
f 1147/1147/1147 1160/1160/1160 1146/1146/1146
f 1147/1147/1147 1161/1161/1161 1160/1160/1160
f 1162/1162/1162 1035/1035/1035 1161/1161/1161
f 1162/1162/1162 1161/1161/1161 1147/1147/1147
f 1035/1035/1035 1162/1162/1162 1037/1037/1037
f 1163/1163/1163 1162/1162/1162 1147/1147/1147
f 1142/1142/1142 1163/1163/1163 1147/1147/1147
f 1162/1162/1162 1164/1164/1164 1037/1037/1037
f 1162/1162/1162 1163/1163/1163 1164/1164/1164
f 1164/1164/1164 1163/1163/1163 1142/1142/1142
f 1164/1164/1164 1047/1047/1047 1037/1037/1037
f 1164/1164/1164 1142/1142/1142 1137/1137/1137
f 1164/1164/1164 1137/1137/1137 1047/1047/1047
f 1137/1137/1137 1055/1055/1055 1047/1047/1047
f 1055/1055/1055 1137/1137/1137 1126/1126/1126
f 1055/1055/1055 1126/1126/1126 1117/1117/1117
f 1055/1055/1055 1117/1117/1117 1110/1110/1110
f 1110/1110/1110 1165/1165/1165 1055/1055/1055
f 1165/1165/1165 1053/1053/1053 1055/1055/1055
f 1054/1054/1054 1053/1053/1053 1165/1165/1165
f 1166/1166/1166 1165/1165/1165 1110/1110/1110
f 1054/1054/1054 1165/1165/1165 1166/1166/1166
f 1166/1166/1166 1110/1110/1110 1096/1096/1096
f 1166/1166/1166 1096/1096/1096 1070/1070/1070
f 1167/1167/1167 1054/1054/1054 1166/1166/1166
f 1070/1070/1070 1054/1054/1054 1167/1167/1167
f 1070/1070/1070 1167/1167/1167 1166/1166/1166
f 1170/1170/1170 1169/1169/1169 1168/1168/1168
f 1171/1171/1171 1170/1170/1170 1168/1168/1168
f 1174/1174/1174 1173/1173/1173 1172/1172/1172
f 1175/1175/1175 1173/1173/1173 1174/1174/1174
f 1172/1172/1172 1173/1173/1173 1176/1176/1176
f 1173/1173/1173 1177/1177/1177 1176/1176/1176
f 1180/1180/1180 1179/1179/1179 1178/1178/1178
f 1183/1183/1183 1182/1182/1182 1181/1181/1181
f 1186/1186/1186 1185/1185/1185 1184/1184/1184
f 318/318/318 1188/1188/1188 1187/1187/1187
f 1191/1191/1191 1190/1190/1190 1189/1189/1189
f 1194/1194/1194 1193/1193/1193 1192/1192/1192
f 1194/1194/1194 1192/1192/1192 1195/1195/1195
f 1198/1198/1198 1197/1197/1197 1196/1196/1196
f 1201/1201/1201 1200/1200/1200 1199/1199/1199
f 1204/1204/1204 1203/1203/1203 1202/1202/1202
f 1207/1207/1207 1206/1206/1206 1205/1205/1205
f 1208/1208/1208 1205/1205/1205 1206/1206/1206
f 1205/1205/1205 1208/1208/1208 1209/1209/1209
f 1212/1212/1212 1211/1211/1211 1210/1210/1210
f 1215/1215/1215 1214/1214/1214 1213/1213/1213
f 1218/1218/1218 1217/1217/1217 1216/1216/1216
f 1221/1221/1221 1220/1220/1220 1219/1219/1219
f 1219/1219/1219 1222/1222/1222 1221/1221/1221
f 1220/1220/1220 1223/1223/1223 1219/1219/1219
f 1220/1220/1220 1224/1224/1224 1223/1223/1223
f 1225/1225/1225 1223/1223/1223 1224/1224/1224
f 1225/1225/1225 1226/1226/1226 1223/1223/1223
f 1226/1226/1226 1227/1227/1227 1223/1223/1223
f 1228/1228/1228 1223/1223/1223 1227/1227/1227
f 1231/1231/1231 1230/1230/1230 1229/1229/1229
f 1232/1232/1232 1230/1230/1230 1231/1231/1231
f 1235/1235/1235 1234/1234/1234 1233/1233/1233
f 1234/1234/1234 1236/1236/1236 1233/1233/1233
f 1234/1234/1234 1237/1237/1237 1236/1236/1236
f 1238/1238/1238 1237/1237/1237 1234/1234/1234
f 1237/1237/1237 1239/1239/1239 1236/1236/1236
f 1239/1239/1239 1240/1240/1240 1236/1236/1236
f 1239/1239/1239 1241/1241/1241 1240/1240/1240
f 1237/1237/1237 1241/1241/1241 1239/1239/1239
f 1238/1238/1238 1242/1242/1242 1237/1237/1237
f 1238/1238/1238 1243/1243/1243 1242/1242/1242
f 1089/1089/1089 1241/1241/1241 1237/1237/1237
f 1242/1242/1242 1244/1244/1244 1237/1237/1237
f 1237/1237/1237 1244/1244/1244 1089/1089/1089
f 1089/1089/1089 1097/1097/1097 1241/1241/1241
f 1085/1085/1085 1089/1089/1089 1244/1244/1244
f 1245/1245/1245 1244/1244/1244 1242/1242/1242
f 1245/1245/1245 1085/1085/1085 1244/1244/1244
f 1245/1245/1245 1242/1242/1242 1243/1243/1243
f 1087/1087/1087 1085/1085/1085 1245/1245/1245
f 1246/1246/1246 1245/1245/1245 1243/1243/1243
f 1246/1246/1246 1087/1087/1087 1245/1245/1245
f 1241/1241/1241 1097/1097/1097 1247/1247/1247
f 1097/1097/1097 1099/1099/1099 1247/1247/1247
f 1241/1241/1241 1247/1247/1247 1248/1248/1248
f 1241/1241/1241 1248/1248/1248 1240/1240/1240
f 1240/1240/1240 1248/1248/1248 1249/1249/1249
f 1247/1247/1247 1099/1099/1099 1250/1250/1250
f 1250/1250/1250 1248/1248/1248 1247/1247/1247
f 1099/1099/1099 1098/1098/1098 1250/1250/1250
f 1249/1249/1249 1248/1248/1248 1251/1251/1251
f 1248/1248/1248 1250/1250/1250 1251/1251/1251
f 1249/1249/1249 1251/1251/1251 1252/1252/1252
f 1098/1098/1098 1253/1253/1253 1250/1250/1250
f 1251/1251/1251 1250/1250/1250 1253/1253/1253
f 1253/1253/1253 1252/1252/1252 1251/1251/1251
f 1098/1098/1098 1101/1101/1101 1253/1253/1253
f 1253/1253/1253 1254/1254/1254 1252/1252/1252
f 1101/1101/1101 1254/1254/1254 1253/1253/1253
f 1256/1256/1256 1255/1255/1255 1087/1087/1087
f 1256/1256/1256 1080/1080/1080 1255/1255/1255
f 1257/1257/1257 1256/1256/1256 1087/1087/1087
f 1257/1257/1257 1087/1087/1087 1258/1258/1258
f 1259/1259/1259 1257/1257/1257 1258/1258/1258
f 1258/1258/1258 1087/1087/1087 1246/1246/1246
f 1259/1259/1259 1258/1258/1258 1246/1246/1246
f 1259/1259/1259 1246/1246/1246 1260/1260/1260
f 1260/1260/1260 1246/1246/1246 1261/1261/1261
f 1261/1261/1261 1246/1246/1246 1243/1243/1243
f 1262/1262/1262 1261/1261/1261 1243/1243/1243
f 1263/1263/1263 1261/1261/1261 1262/1262/1262
f 1260/1260/1260 1261/1261/1261 1263/1263/1263
f 1264/1264/1264 1260/1260/1260 1263/1263/1263
f 1264/1264/1264 1265/1265/1265 1260/1260/1260
f 1266/1266/1266 1265/1265/1265 1264/1264/1264
f 1269/1269/1269 1268/1268/1268 1267/1267/1267
f 1267/1267/1267 1270/1270/1270 1269/1269/1269
f 1273/1273/1273 1272/1272/1272 1271/1271/1271
f 133/133/133 1275/1275/1275 1274/1274/1274
f 1278/1278/1278 1277/1277/1277 1276/1276/1276
f 1281/1281/1281 1280/1280/1280 1279/1279/1279
f 1282/1282/1282 1280/1280/1280 1281/1281/1281
f 1280/1280/1280 1283/1283/1283 1279/1279/1279
f 1286/1286/1286 1285/1285/1285 1284/1284/1284
f 1286/1286/1286 1284/1284/1284 1287/1287/1287
f 1290/1290/1290 1289/1289/1289 1288/1288/1288
f 1289/1289/1289 1291/1291/1291 1288/1288/1288
f 1292/1292/1292 1291/1291/1291 1289/1289/1289
f 1293/1293/1293 1292/1292/1292 1289/1289/1289
f 1292/1292/1292 1294/1294/1294 1291/1291/1291
f 1294/1294/1294 1295/1295/1295 1291/1291/1291
f 1294/1294/1294 1296/1296/1296 1295/1295/1295
f 1296/1296/1296 1297/1297/1297 1295/1295/1295
f 1295/1295/1295 1297/1297/1297 1298/1298/1298
f 923/923/923 1300/1300/1300 1299/1299/1299
f 1299/1299/1299 1301/1301/1301 923/923/923
f 1301/1301/1301 1302/1302/1302 923/923/923
f 1303/1303/1303 1302/1302/1302 1301/1301/1301
f 1306/1306/1306 1305/1305/1305 1304/1304/1304
f 1305/1305/1305 1307/1307/1307 1304/1304/1304
f 1307/1307/1307 1305/1305/1305 1308/1308/1308
f 1305/1305/1305 1309/1309/1309 1308/1308/1308
f 1305/1305/1305 1310/1310/1310 1309/1309/1309
f 1310/1310/1310 1311/1311/1311 1309/1309/1309
f 1310/1310/1310 1312/1312/1312 1311/1311/1311
f 1312/1312/1312 1313/1313/1313 1311/1311/1311
f 1312/1312/1312 1314/1314/1314 1313/1313/1313
f 1311/1311/1311 1313/1313/1313 1315/1315/1315
f 1313/1313/1313 1314/1314/1314 1316/1316/1316
f 1315/1315/1315 1313/1313/1313 1317/1317/1317
f 1316/1316/1316 1318/1318/1318 1313/1313/1313
f 1313/1313/1313 1319/1319/1319 1317/1317/1317
f 1318/1318/1318 1319/1319/1319 1313/1313/1313
f 1317/1317/1317 1319/1319/1319 1320/1320/1320
f 1318/1318/1318 1321/1321/1321 1319/1319/1319
f 1318/1318/1318 1322/1322/1322 1321/1321/1321
f 1319/1319/1319 1321/1321/1321 1323/1323/1323
f 1321/1321/1321 1324/1324/1324 1323/1323/1323
f 1321/1321/1321 1325/1325/1325 1324/1324/1324
f 1326/1326/1326 1325/1325/1325 1321/1321/1321
f 1324/1324/1324 1327/1327/1327 1323/1323/1323
f 1324/1324/1324 1325/1325/1325 1327/1327/1327
f 1323/1323/1323 1327/1327/1327 1328/1328/1328
f 1325/1325/1325 1329/1329/1329 1327/1327/1327
f 1327/1327/1327 1330/1330/1330 1328/1328/1328
f 1329/1329/1329 1331/1331/1331 1327/1327/1327
f 1327/1327/1327 1331/1331/1331 1332/1332/1332
f 1327/1327/1327 1332/1332/1332 1330/1330/1330
f 1331/1331/1331 1333/1333/1333 1332/1332/1332
f 1332/1332/1332 1333/1333/1333 1334/1334/1334
f 1332/1332/1332 1335/1335/1335 1330/1330/1330
f 1335/1335/1335 1336/1336/1336 1330/1330/1330
f 1332/1332/1332 1337/1337/1337 1335/1335/1335
f 1335/1335/1335 1337/1337/1337 1338/1338/1338
f 1340/1340/1340 921/921/921 1339/1339/1339
f 1343/1343/1343 1342/1342/1342 1341/1341/1341
f 1344/1344/1344 1341/1341/1341 1342/1342/1342
f 1347/1347/1347 1346/1346/1346 1345/1345/1345
f 1346/1346/1346 1348/1348/1348 1345/1345/1345
f 1346/1346/1346 1349/1349/1349 1348/1348/1348
f 1349/1349/1349 1350/1350/1350 1348/1348/1348
f 1350/1350/1350 1351/1351/1351 1348/1348/1348
f 1350/1350/1350 1352/1352/1352 1351/1351/1351
f 1353/1353/1353 1348/1348/1348 1351/1351/1351
f 1354/1354/1354 1348/1348/1348 1353/1353/1353
f 1357/1357/1357 1356/1356/1356 1355/1355/1355
f 1359/1359/1359 909/909/909 1358/1358/1358
f 1362/1362/1362 1361/1361/1361 1360/1360/1360
f 1363/1363/1363 1361/1361/1361 1362/1362/1362
f 1363/1363/1363 1364/1364/1364 1361/1361/1361
f 1363/1363/1363 1365/1365/1365 1364/1364/1364
f 1364/1364/1364 1365/1365/1365 1366/1366/1366
f 1367/1367/1367 1365/1365/1365 1363/1363/1363
f 1363/1363/1363 1362/1362/1362 1368/1368/1368
f 1368/1368/1368 1367/1367/1367 1363/1363/1363
f 1368/1368/1368 1362/1362/1362 1369/1369/1369
f 1362/1362/1362 1370/1370/1370 1369/1369/1369
f 1368/1368/1368 1369/1369/1369 1371/1371/1371
f 1371/1371/1371 1369/1369/1369 1372/1372/1372
f 1373/1373/1373 1367/1367/1367 1368/1368/1368
f 1373/1373/1373 1374/1374/1374 1367/1367/1367
f 1375/1375/1375 1374/1374/1374 1373/1373/1373
f 1375/1375/1375 1376/1376/1376 1374/1374/1374
f 1376/1376/1376 1375/1375/1375 1377/1377/1377
f 1377/1377/1377 1375/1375/1375 1378/1378/1378
f 1375/1375/1375 1379/1379/1379 1378/1378/1378
f 1377/1377/1377 1378/1378/1378 1380/1380/1380
f 1380/1380/1380 1378/1378/1378 1381/1381/1381
f 1381/1381/1381 1378/1378/1378 1382/1382/1382
f 1385/1385/1385 1384/1384/1384 1383/1383/1383
f 1385/1385/1385 1383/1383/1383 1343/1343/1343
f 1388/1388/1388 1387/1387/1387 1386/1386/1386
f 1387/1387/1387 1389/1389/1389 1386/1386/1386
f 1387/1387/1387 1390/1390/1390 1389/1389/1389
f 1391/1391/1391 1298/1298/1298 1350/1350/1350
f 1392/1392/1392 1350/1350/1350 1298/1298/1298
f 1389/1389/1389 1394/1394/1394 1393/1393/1393
f 1397/1397/1397 1396/1396/1396 1395/1395/1395
f 1400/1400/1400 1399/1399/1399 1398/1398/1398
f 1403/1403/1403 1402/1402/1402 1401/1401/1401
f 1406/1406/1406 1405/1405/1405 1404/1404/1404
f 1409/1409/1409 1408/1408/1408 1407/1407/1407
f 1412/1412/1412 1411/1411/1411 1410/1410/1410
f 1413/1413/1413 1411/1411/1411 1412/1412/1412
f 1414/1414/1414 396/396/396 388/388/388
f 1417/1417/1417 1416/1416/1416 1415/1415/1415
f 641/641/641 646/646/646 1418/1418/1418
f 1419/1419/1419 641/641/641 1418/1418/1418
f 1422/1422/1422 1421/1421/1421 1420/1420/1420
f 1423/1423/1423 936/936/936 947/947/947
f 1426/1426/1426 1425/1425/1425 1424/1424/1424
