# Exported from Godot Engine
o MS_Tree_A
v 0.077829 0.763348 0.315966
vt 0.442130 0.748302
vn 0.854558 0.445218 -0.267416
v 0.234084 0.660707 0.401128
vt 0.494377 0.689220
vn 0.619094 0.750527 -0.231153
v 0.148802 0.804981 0.549688
vt 0.439689 0.658457
vn 0.900186 0.289988 -0.324920
v 0.147264 0.825588 0.546186
vt 0.432609 0.659922
vn 0.955563 0.021091 -0.294033
v 0.236282 0.611559 0.140713
vt 0.520012 0.779065
vn 0.573032 0.806144 -0.147534
v 0.076016 0.787711 0.311841
vt 0.433585 0.748058
vn 0.963513 0.026402 -0.266354
v 0.031796 0.748937 0.128806
vt 0.441154 0.816297
vn 0.845701 0.493398 -0.203343
v -0.006410 0.761553 -0.021648
vt 0.439933 0.863905
vn 0.930281 0.300092 -0.211002
v 0.029928 0.774142 0.124552
vt 0.432609 0.813245
vn 0.969697 0.030884 -0.242352
v -0.007921 0.782132 -0.025150
vt 0.432853 0.866590
vn 0.969401 0.030679 -0.243557
v 0.147841 0.804981 0.550051
vt 0.439933 0.658213
vn -0.932619 0.274498 0.234247
v -0.014485 0.664968 0.468210
vt 0.494865 0.688975
vn -0.629201 0.768049 0.119191
v 0.076840 0.763348 0.316329
vt 0.442374 0.748302
vn -0.874170 0.439207 0.207180
v 0.146302 0.825560 0.546549
vt 0.433097 0.661631
vn -0.955566 -0.021104 0.294020
v -0.142258 0.617727 0.242866
vt 0.520500 0.778943
vn -0.561227 0.815834 0.139425
v 0.075027 0.787711 0.312204
vt 0.434318 0.748058
vn -0.963497 -0.026466 0.266407
v 0.030834 0.748937 0.129195
vt 0.441398 0.816297
vn -0.850583 0.476822 0.221697
v -0.007371 0.761525 -0.021285
vt 0.440421 0.863905
vn -0.931183 0.257483 0.258074
v 0.028967 0.774113 0.124915
vt 0.433097 0.815442
vn -0.969687 -0.030946 0.242383
v -0.008909 0.782132 -0.024761
vt 0.433585 0.868666
vn -0.969409 -0.030690 0.243525
v 0.030834 0.748937 0.129169
vt 0.109300 0.700450
vn 0.598499 0.281651 0.749981
v 0.096451 0.627372 0.251063
vt 0.066514 0.659678
vn 0.106022 0.731965 0.673043
v -0.135144 0.599616 0.317730
vt 0.019821 0.698741
vn 0.635135 0.226370 0.738485
v -0.141352 0.621400 0.326601
vt 0.021317 0.706065
vn 0.766374 -0.042467 0.640990
v 0.023473 0.774730 0.139675
vt 0.109056 0.708751
vn 0.766395 -0.042471 0.640964
v -0.136105 0.599644 0.316951
vt 0.019730 0.698497
vn -0.821405 0.302345 -0.483612
v -0.108804 0.613746 0.049014
vt 0.063157 0.660166
vn -0.688303 0.724711 -0.032132
v 0.029873 0.748965 0.128417
vt 0.109239 0.699962
vn -0.823026 0.351674 -0.446041
v -0.142313 0.621428 0.325823
vt 0.022965 0.705333
vn -0.766324 0.042482 -0.641048
v 0.022540 0.774758 0.138897
vt 0.108934 0.708019
vn -0.766375 0.042460 -0.640988
v 0.049511 0.758021 0.213268
vt 0.109300 0.700450
vn 0.454404 0.095104 -0.885705
v 0.152949 0.622521 0.143981
vt 0.066514 0.659678
vn 0.475460 0.660366 -0.581252
v 0.298740 0.684145 0.333190
vt 0.019821 0.698741
vn 0.438178 0.019140 -0.898685
v 0.057916 0.785188 0.208106
vt 0.109056 0.708751
vn 0.348531 -0.277518 -0.895271
v 0.305854 0.707107 0.328806
vt 0.021317 0.706065
vn 0.348542 -0.277553 -0.895256
v 0.298383 0.684510 0.334331
vt 0.019730 0.698497
vn -0.220268 0.556796 0.800912
v 0.045968 0.681117 0.408884
vt 0.063157 0.660166
vn 0.096562 0.924488 0.368779
v 0.049154 0.758385 0.214409
vt 0.109239 0.699962
vn -0.193380 0.603406 0.773632
v 0.057559 0.785552 0.209247
vt 0.108934 0.708019
vn -0.348496 0.277665 0.895239
v 0.305497 0.707471 0.329948
vt 0.022965 0.705333
vn -0.348515 0.277661 0.895233
v 0.079614 0.766319 0.321232
vt 0.109300 0.700450
vn 0.283203 0.373452 0.883363
v 0.089008 0.675622 0.451815
vt 0.066514 0.659678
vn -0.121793 0.811076 0.572121
v -0.118857 0.659894 0.429870
vt 0.019821 0.698741
vn 0.319221 0.316504 0.893265
v -0.125778 0.679631 0.432775
vt 0.021317 0.706065
vn 0.465988 0.033517 0.884156
v 0.071429 0.789702 0.324656
vt 0.109056 0.708751
vn 0.465982 0.033519 0.884159
v -0.119379 0.659838 0.428936
vt 0.019730 0.698497
vn -0.564001 0.247860 -0.787698
v -0.012452 0.641362 0.223566
vt 0.063157 0.660166
vn -0.588329 0.718488 -0.371005
v 0.079093 0.766263 0.320298
vt 0.109239 0.699962
vn -0.576366 0.298146 -0.760862
v -0.126300 0.679575 0.431841
vt 0.022965 0.705333
vn -0.465884 -0.033518 -0.884211
v 0.070908 0.789618 0.323722
vt 0.108934 0.708019
vn -0.465907 -0.033573 -0.884197
v -0.001796 1.432994 -0.002971
vt 0.109300 0.700450
vn 0.392725 0.227723 -0.891016
v 0.163881 1.385697 -0.045850
vt 0.066514 0.659678
vn 0.016733 0.703168 -0.710827
v 0.222054 1.560279 0.128236
vt 0.019821 0.698741
vn 0.452606 0.115408 -0.884211
v 0.215270 1.582063 0.119701
vt 0.021317 0.706065
vn 0.560429 -0.144897 -0.815429
v -0.009843 1.458731 -0.013062
vt 0.109056 0.708751
vn 0.560358 -0.144977 -0.815464
v 0.221423 1.560531 0.129273
vt 0.019730 0.698497
vn -0.621945 0.399788 0.673315
v 0.015728 1.402575 0.203151
vt 0.063157 0.660166
vn -0.560830 0.810137 0.170728
v -0.002427 1.433218 -0.001907
vt 0.109239 0.699962
vn -0.630067 0.473573 0.615422
v 0.214638 1.582287 0.120739
vt 0.022965 0.705333
vn -0.560406 0.144878 0.815448
v -0.010447 1.458956 -0.012024
vt 0.108934 0.708019
vn -0.560371 0.144859 0.815475
v -0.045082 0.235256 0.095369
vt 0.109300 0.700450
vn 0.707948 0.678613 -0.195690
v 0.082251 0.119691 0.155162
vt 0.066514 0.659678
vn 0.707948 0.678613 -0.195690
v 0.036053 0.231135 0.374435
vt 0.019821 0.698741
vn 0.707948 0.678613 -0.195690
v -0.231468 0.594121 0.291219
vt 0.109300 0.700450
vn 0.866954 0.441505 -0.231224
v -0.139594 0.456967 0.373761
vt 0.066514 0.659678
vn 0.866954 0.441505 -0.231224
v -0.163682 0.608980 0.573657
vt 0.019821 0.698741
vn 0.866954 0.441505 -0.231224
v 0.103290 0.263265 -0.042634
vt 0.109300 0.700450
vn -0.693462 0.598037 -0.401824
v 0.056488 0.129195 -0.161388
vt 0.066514 0.659678
vn -0.693462 0.598037 -0.401824
v 0.229745 0.235621 -0.301959
vt 0.019821 0.698741
vn -0.693462 0.598037 -0.401824
v -0.095098 0.226173 -0.047899
vt 0.109300 0.700450
vn 0.151841 0.635343 0.757155
v -0.129816 0.089972 0.073346
vt 0.066514 0.659678
vn 0.151841 0.635343 0.757155
v -0.357895 0.172988 0.049403
vt 0.019821 0.698741
vn 0.151841 0.635343 0.757155
v 0.306952 1.079541 -0.101570
vt 0.442130 0.748302
vn -0.333274 0.480486 -0.811210
v 0.373943 0.979031 -0.270701
vt 0.494377 0.689220
vn -0.261467 0.780727 -0.567538
v 0.529347 1.116016 -0.192128
vt 0.439689 0.658457
vn -0.401912 0.330655 -0.853893
v 0.526710 1.136679 -0.189793
vt 0.432609 0.659922
vn -0.384258 0.054661 -0.921606
v 0.119578 0.938042 -0.253062
vt 0.520012 0.779065
vn -0.171132 0.831678 -0.528228
v 0.303849 1.103960 -0.098820
vt 0.433585 0.748058
vn -0.356333 0.059519 -0.932461
v 0.128614 1.069560 -0.039702
vt 0.441154 0.816297
vn -0.264083 0.527447 -0.807502
v -0.013936 1.085653 0.011815
vt 0.439933 0.863905
vn -0.286798 0.334725 -0.897611
v 0.125401 1.094792 -0.036875
vt 0.432609 0.813245
vn -0.331706 0.063651 -0.941233
v -0.016572 1.106287 0.014150
vt 0.432853 0.866590
vn -0.333085 0.063518 -0.940755
v 0.529759 1.115960 -0.191142
vt 0.439933 0.658213
vn 0.330725 0.245583 0.911214
v 0.459060 0.973760 -0.021700
vt 0.494865 0.688975
vn 0.201147 0.754440 0.624788
v 0.307392 1.079485 -0.100610
vt 0.442374 0.748302
vn 0.301812 0.414129 0.858724
v 0.527122 1.136622 -0.188833
vt 0.433097 0.661631
vn 0.384189 -0.054874 0.921622
v 0.249191 0.929687 0.126108
vt 0.520500 0.778943
vn 0.217278 0.801076 0.557735
v 0.304288 1.103904 -0.097860
vt 0.434318 0.748058
vn 0.356324 -0.059535 0.932464
v 0.129054 1.069504 -0.038742
vt 0.441398 0.816297
vn 0.315531 0.450982 0.834898
v -0.013496 1.085596 0.012801
vt 0.440421 0.863905
vn 0.353901 0.234965 0.905288
v 0.125813 1.094736 -0.035915
vt 0.433097 0.815442
vn 0.331756 -0.063663 0.941215
v -0.016133 1.106231 0.015110
vt 0.433585 0.868666
vn 0.332972 -0.063473 0.940798
v 0.129054 1.069504 -0.038742
vt 0.109300 0.700450
vn 0.726309 0.274776 -0.630058
v 0.238314 0.946228 -0.118561
vt 0.066514 0.659678
vn 0.695938 0.705121 -0.135924
v 0.320686 0.909501 0.112386
vt 0.019821 0.698741
vn 0.709301 0.215584 -0.671130
v 0.330464 0.930808 0.118508
vt 0.021317 0.706065
vn 0.596551 -0.042576 -0.801445
v 0.140617 1.094708 -0.031479
vt 0.109056 0.708751
vn 0.596592 -0.042395 -0.801424
v 0.319999 0.909529 0.113424
vt 0.019730 0.698497
vn -0.419289 0.305302 0.854978
v 0.058301 0.932743 0.107457
vt 0.063157 0.660166
vn 0.047567 0.715418 0.697076
v 0.128367 1.069532 -0.037705
vt 0.109239 0.699962
vn -0.388760 0.342231 0.855420
v 0.329804 0.930836 0.119571
vt 0.022965 0.705333
vn -0.596558 0.042563 0.801441
v 0.139930 1.094736 -0.030442
vt 0.108934 0.708019
vn -0.596568 0.042582 0.801432
v 0.209392 1.076541 -0.064449
vt 0.109300 0.700450
vn -0.923295 0.131552 -0.360860
v 0.129740 0.946424 -0.167796
vt 0.066514 0.659678
vn -0.608944 0.687393 -0.395825
v 0.303547 1.006478 -0.330831
vt 0.019821 0.698741
vn -0.936964 0.053930 -0.345239
v 0.204558 1.104100 -0.071998
vt 0.109056 0.708751
vn -0.933892 -0.237176 -0.267569
v 0.299454 1.029776 -0.337212
vt 0.021317 0.706065
vn -0.933887 -0.237215 -0.267551
v 0.304700 1.006786 -0.330545
vt 0.019730 0.698497
vn 0.844261 0.510109 0.164354
v 0.397152 0.993525 -0.078405
vt 0.063157 0.660166
vn 0.399496 0.911431 -0.098474
v 0.210546 1.076849 -0.064164
vt 0.109239 0.699962
vn 0.807721 0.573995 0.134595
v 0.205712 1.104409 -0.071713
vt 0.108934 0.708019
vn 0.933815 0.237251 0.267772
v 0.300608 1.030113 -0.336927
vt 0.022965 0.705333
vn 0.933825 0.237317 0.267678
v 0.312034 1.082400 -0.103775
vt 0.109300 0.700450
vn 0.876607 0.354228 -0.325703
v 0.435192 0.988002 -0.126058
vt 0.066514 0.659678
vn 0.616140 0.782180 0.092551
v 0.430056 0.966751 0.088028
vt 0.019821 0.698741
vn 0.883459 0.285584 -0.371407
v 0.434011 0.986180 0.095343
vt 0.021317 0.706065
vn 0.856610 0.018807 -0.515622
v 0.316730 1.105390 -0.095137
vt 0.109056 0.708751
vn 0.856593 0.018773 -0.515650
v 0.429177 0.966695 0.088651
vt 0.019730 0.698497
vn -0.745840 0.257582 0.614308
v 0.220791 0.957807 -0.004579
vt 0.063157 0.660166
vn -0.309464 0.718012 0.623451
v 0.311155 1.082344 -0.103152
vt 0.109239 0.699962
vn -0.719281 0.302806 0.625254
v 0.433160 0.986152 0.095940
vt 0.022965 0.705333
vn -0.856581 -0.018708 0.515674
v 0.315852 1.105334 -0.094514
vt 0.108934 0.708019
vn -0.856602 -0.018685 0.515639
v -0.001796 1.432994 -0.002971
vt 0.109300 0.700450
vn -0.527678 0.254477 0.810431
v -0.172196 1.387127 0.014280
vt 0.066514 0.659678
vn -0.126467 0.724860 0.677189
v -0.202354 1.556101 -0.172257
vt 0.019821 0.698741
vn -0.585674 0.142865 0.797857
v -0.196833 1.578110 -0.163412
vt 0.021317 0.706065
vn -0.681962 -0.118717 0.721688
v 0.004741 1.459040 0.007509
vt 0.109056 0.708751
vn -0.682004 -0.118746 0.721644
v -0.201585 1.556297 -0.173191
vt 0.019730 0.698497
vn 0.721617 0.377672 -0.580201
v 0.012020 1.396042 -0.208340
vt 0.063157 0.660166
vn 0.585056 0.803674 -0.108710
v -0.001027 1.433190 -0.003905
vt 0.109239 0.699962
vn 0.720966 0.451758 -0.525474
v -0.196037 1.578306 -0.164346
vt 0.022965 0.705333
vn 0.682003 0.118619 -0.721666
v 0.005511 1.459236 0.006549
vt 0.108934 0.708019
vn 0.682028 0.118590 -0.721647
v -0.001796 1.432994 -0.002971
vt 0.109300 0.700450
vn -0.847730 0.223459 -0.481062
v -0.025389 1.383902 -0.176226
vt 0.066514 0.659678
vn -0.701970 0.704583 -0.103927
v 0.152455 1.554868 -0.218094
vt 0.019821 0.698741
vn -0.838432 0.123957 -0.530723
v 0.143776 1.576876 -0.212413
vt 0.021317 0.706065
vn -0.765757 -0.139275 -0.627869
v -0.012040 1.459012 0.003774
vt 0.109056 0.708751
vn -0.765736 -0.139353 -0.627877
v 0.153389 1.555092 -0.217342
vt 0.019730 0.698497
vn 0.626476 0.394005 0.672524
v 0.199120 1.399154 0.002788
vt 0.063157 0.660166
vn 0.125995 0.821563 0.556021
v -0.000834 1.433218 -0.002218
vt 0.109239 0.699962
vn 0.561199 0.479964 0.674307
v 0.144737 1.577100 -0.211661
vt 0.022965 0.705333
vn 0.765717 0.139293 0.627913
v -0.011107 1.459236 0.004526
vt 0.108934 0.708019
vn 0.765707 0.139280 0.627929
v 0.171764 1.150416 0.259027
vt 0.442130 0.748302
vn 0.621042 0.461683 -0.633369
v 0.360759 1.086634 0.293839
vt 0.494377 0.689220
vn 0.355456 0.744838 -0.564683
v 0.308436 1.250870 0.439597
vt 0.439689 0.658457
vn 0.674980 0.296464 -0.675656
v 0.302613 1.269935 0.433787
vt 0.432609 0.659922
vn 0.782769 0.050303 -0.620276
v 0.284073 0.980881 0.062347
vt 0.520012 0.779065
vn 0.331564 0.811866 -0.480561
v 0.164870 1.172986 0.252127
vt 0.433585 0.748058
vn 0.798466 0.061647 -0.598875
v 0.069315 1.089550 0.107379
vt 0.441154 0.816297
vn 0.626019 0.521414 -0.579851
v -0.017973 1.063980 -0.017835
vt 0.439933 0.863905
vn 0.735402 0.345149 -0.583143
v 0.062173 1.112876 0.100246
vt 0.432609 0.813245
vn 0.811945 0.071764 -0.579307
v -0.023823 1.083073 -0.023671
vt 0.432853 0.866590
vn 0.811318 0.071314 -0.580240
v 0.307667 1.250814 0.440324
vt 0.439933 0.658213
vn -0.832936 0.221527 0.507093
v 0.152620 1.078812 0.448547
vt 0.494865 0.688975
vn -0.676597 0.707953 0.202534
v 0.170995 1.150388 0.259727
vt 0.442374 0.748302
vn -0.817279 0.384096 0.429565
v 0.301816 1.269907 0.434487
vt 0.433097 0.661631
vn -0.782738 -0.050308 0.620315
v -0.032887 0.968629 0.297937
vt 0.520500 0.778943
vn -0.616413 0.764453 0.188804
v 0.164073 1.172929 0.252827
vt 0.434318 0.748058
vn -0.798460 -0.061578 0.598890
v 0.068545 1.089522 0.108080
vt 0.441398 0.816297
vn -0.797259 0.425764 0.427905
v -0.018770 1.063952 -0.017134
vt 0.440421 0.863905
vn -0.820702 0.220106 0.527259
v 0.061404 1.112848 0.100946
vt 0.433097 0.815442
vn -0.812009 -0.071834 0.579208
v -0.024593 1.083017 -0.022971
vt 0.433585 0.868666
vn -0.811360 -0.071358 0.580175
v 0.068545 1.089522 0.108080
vt 0.109300 0.700450
vn 0.760247 0.489868 0.426676
v 0.188985 1.005749 0.213709
vt 0.066514 0.659678
vn 0.201170 0.866149 0.457512
v 0.001445 0.968545 0.366575
vt 0.019821 0.698741
vn 0.806786 0.426362 0.409037
v -0.004817 0.991030 0.373657
vt 0.021317 0.706065
vn 0.934748 0.159591 0.317453
v 0.061157 1.116128 0.116459
vt 0.109056 0.708751
vn 0.934729 0.159744 0.317434
v 0.000292 0.968293 0.366238
vt 0.019730 0.698497
vn -0.973210 0.116868 -0.198003
v -0.065737 0.925033 0.108495
vt 0.063157 0.660166
vn -0.773230 0.627291 0.092852
v 0.067392 1.089269 0.107717
vt 0.109239 0.699962
vn -0.970094 0.171481 -0.171787
v -0.005943 0.990778 0.373320
vt 0.022965 0.705333
vn -0.934718 -0.159634 -0.317519
v 0.060003 1.115876 0.116095
vt 0.108934 0.708019
vn -0.934712 -0.159598 -0.317556
v 0.112299 1.119184 0.176536
vt 0.109300 0.700450
vn 0.092808 -0.040229 -0.994871
v 0.206371 0.983208 0.095110
vt 0.066514 0.659678
vn 0.114183 0.567614 -0.815339
v 0.394268 1.101241 0.203592
vt 0.019821 0.698741
vn 0.086624 -0.127988 -0.987986
v 0.114057 1.145342 0.164422
vt 0.109056 0.708751
vn 0.059791 -0.422562 -0.904359
v 0.395723 1.123389 0.193346
vt 0.021317 0.706065
vn 0.059794 -0.422631 -0.904327
v 0.394240 1.101829 0.204708
vt 0.019730 0.698497
vn -0.026163 0.685079 0.727999
v 0.186238 1.087811 0.368884
vt 0.063157 0.660166
vn 0.048816 0.988061 0.146126
v 0.112299 1.119745 0.177678
vt 0.109239 0.699962
vn -0.017638 0.738321 0.674218
v 0.114030 1.145931 0.165538
vt 0.108934 0.708019
vn -0.059798 0.422756 0.904268
v 0.395723 1.123950 0.194461
vt 0.022965 0.705333
vn -0.059791 0.422701 0.904295
v 0.174703 1.154678 0.262710
vt 0.109300 0.700450
vn 0.502706 0.574143 0.646255
v 0.241171 1.096755 0.392749
vt 0.066514 0.659678
vn -0.061511 0.899661 0.432234
v 0.044210 1.053972 0.453683
vt 0.019821 0.698741
vn 0.554190 0.517870 0.651678
v 0.035668 1.073064 0.455888
vt 0.021317 0.706065
vn 0.730621 0.254688 0.633504
v 0.164567 1.177247 0.265304
vt 0.109056 0.708751
vn 0.730621 0.254672 0.633510
v 0.043441 1.053635 0.453034
vt 0.019730 0.698497
vn -0.831382 0.024528 -0.555160
v 0.076950 1.001347 0.227535
vt 0.063157 0.660166
vn -0.792243 0.557912 -0.247155
v 0.173906 1.154341 0.262036
vt 0.109239 0.699962
vn -0.841707 0.077452 -0.534350
v 0.034872 1.072756 0.455213
vt 0.022965 0.705333
vn -0.730517 -0.254646 -0.633641
v 0.163798 1.176939 0.264656
vt 0.108934 0.708019
vn -0.730544 -0.254665 -0.633602
v -0.299035 1.148902 0.123411
vt 0.442130 0.748302
vn 0.504674 0.482041 0.716199
v -0.370063 1.087867 0.307483
vt 0.494377 0.689220
vn 0.482019 0.758969 0.437748
v -0.500473 1.248487 0.221828
vt 0.439689 0.658457
vn 0.539568 0.322792 0.777606
v -0.493963 1.267580 0.216770
vt 0.432609 0.659922
vn 0.467378 0.074770 0.880890
v -0.132260 0.984890 0.279831
vt 0.520012 0.779065
vn 0.403472 0.824065 0.397651
v -0.291345 1.171472 0.117418
vt 0.433585 0.748058
vn 0.442773 0.086183 0.892482
v -0.132727 1.088961 0.052671
vt 0.441154 0.816297
vn 0.449106 0.542216 0.710145
v 0.004851 1.064093 -0.008989
vt 0.439933 0.863905
vn 0.434792 0.367216 0.822258
v -0.124789 1.112259 0.046471
vt 0.432609 0.813245
vn 0.420256 0.096494 0.902261
v 0.011333 1.083157 -0.014047
vt 0.432853 0.866590
vn 0.421424 0.095999 0.901768
v -0.500994 1.248431 0.220920
vt 0.439933 0.658213
vn -0.349653 0.197946 -0.915729
v -0.474819 1.073597 0.066887
vt 0.494865 0.688975
vn -0.076708 0.701767 -0.708265
v -0.299557 1.148846 0.122477
vt 0.442374 0.748302
vn -0.274046 0.367960 -0.888540
v -0.494485 1.267496 0.215862
vt 0.433097 0.661631
vn -0.467377 -0.074782 -0.880890
v -0.291866 0.962854 -0.086525
vt 0.520500 0.778943
vn -0.075651 0.758509 -0.647257
v -0.291866 1.171387 0.116485
vt 0.434318 0.748058
vn -0.442730 -0.086216 -0.892500
v -0.133221 1.088905 0.051737
vt 0.441398 0.816297
vn -0.276674 0.409588 -0.869304
v 0.004329 1.064037 -0.009923
vt 0.440421 0.863905
vn -0.368621 0.207570 -0.906109
v -0.125284 1.112203 0.045538
vt 0.433097 0.815442
vn -0.420241 -0.096534 -0.902263
v 0.010812 1.083101 -0.014981
vt 0.433585 0.868666
vn -0.421455 -0.095990 -0.901755
v -0.133221 1.088877 0.051737
vt 0.109300 0.700450
vn -0.594934 0.499366 0.629831
v -0.257451 1.005385 0.152853
vt 0.066514 0.659678
vn -0.510368 0.856223 0.080037
v -0.364322 0.962153 -0.066058
vt 0.019821 0.698741
vn -0.586796 0.435299 0.682777
v -0.370090 0.984414 -0.074229
vt 0.021317 0.706065
vn -0.520670 0.172206 0.836211
v -0.140061 1.115203 0.042062
vt 0.109056 0.708751
vn -0.520742 0.172234 0.836160
v -0.363746 0.961900 -0.067147
vt 0.019730 0.698497
vn 0.401041 0.113678 -0.908979
v -0.103997 0.922089 -0.079988
vt 0.063157 0.660166
vn 0.056726 0.622204 -0.780797
v -0.132645 1.088624 0.050674
vt 0.109239 0.699962
vn 0.379021 0.156652 -0.912032
v -0.369514 0.984133 -0.075318
vt 0.022965 0.705333
vn 0.520772 -0.172172 -0.836154
v -0.139484 1.114950 0.040998
vt 0.108934 0.708019
vn 0.520828 -0.172200 -0.836113
v -0.207847 1.118091 0.081128
vt 0.109300 0.700450
vn 0.958080 -0.023035 0.285572
v -0.147641 0.985283 0.195032
vt 0.066514 0.659678
vn 0.776059 0.574594 0.259950
v -0.291043 1.104661 0.359286
vt 0.019821 0.698741
vn 0.953558 -0.111084 0.279978
v -0.196998 1.144501 0.084837
vt 0.109056 0.708751
vn 0.884187 -0.397556 0.245280
v -0.281869 1.127006 0.362425
vt 0.021317 0.706065
vn 0.884169 -0.397577 0.245313
v -0.292114 1.105222 0.359053
vt 0.019730 0.698497
vn -0.730199 0.657216 -0.186756
v -0.405906 1.084587 0.116770
vt 0.063157 0.660166
vn -0.170906 0.985281 -0.003639
v -0.208918 1.118651 0.080868
vt 0.109239 0.699962
vn -0.672141 0.721519 -0.166245
v -0.198069 1.145061 0.084578
vt 0.108934 0.708019
vn -0.884189 0.397578 -0.245237
v -0.282940 1.127539 0.362165
vt 0.022965 0.705333
vn -0.884150 0.397623 -0.245306
v -0.303210 1.153136 0.125512
vt 0.109300 0.700450
vn -0.751378 0.574130 0.325279
v -0.439992 1.094091 0.166913
vt 0.066514 0.659678
vn -0.432515 0.886480 -0.164574
v -0.457241 1.046766 -0.042582
vt 0.019821 0.698741
vn -0.770949 0.506631 0.385957
v -0.457818 1.065663 -0.052024
vt 0.021317 0.706065
vn -0.787880 0.255137 0.560491
v -0.303897 1.175509 0.114357
vt 0.109056 0.708751
vn -0.787852 0.255141 0.560529
v -0.456444 1.046430 -0.043230
vt 0.019730 0.698497
vn 0.729064 0.025353 -0.683976
v -0.247646 0.998796 0.037548
vt 0.063157 0.660166
vn 0.407387 0.555696 -0.724733
v -0.302414 1.152799 0.124863
vt 0.109239 0.699962
vn 0.712211 0.072299 -0.698232
v -0.457048 1.065354 -0.052672
vt 0.022965 0.705333
vn 0.787912 -0.255042 -0.560490
v -0.303100 1.175172 0.113709
vt 0.108934 0.708019
vn 0.787904 -0.255049 -0.560497
v -0.108365 1.118651 -0.303671
vt 0.442130 0.748302
vn -0.763865 0.508341 0.397617
v -0.282116 1.047411 -0.381855
vt 0.494377 0.689220
vn -0.490547 0.788099 0.371837
v -0.193070 1.196704 -0.523801
vt 0.439689 0.658457
vn -0.826527 0.348764 0.441833
v -0.188813 1.216414 -0.518509
vt 0.432609 0.659922
vn -0.917305 0.094870 0.386718
v -0.268383 0.968040 -0.128600
vt 0.520012 0.779065
vn -0.444318 0.847644 0.289966
v -0.103311 1.141977 -0.297420
vt 0.433585 0.748058
vn -0.926776 0.103857 0.360972
v -0.048955 1.076204 -0.124475
vt 0.441154 0.816297
vn -0.754214 0.562416 0.338895
v 0.002874 1.065775 0.021750
vt 0.439933 0.863905
vn -0.862278 0.381645 0.332903
v -0.043736 1.100315 -0.118042
vt 0.432609 0.813245
vn -0.934521 0.111645 0.337945
v 0.007158 1.085484 0.027042
vt 0.432853 0.866590
vn -0.934109 0.111234 0.339215
v -0.192137 1.196620 -0.524242
vt 0.439933 0.658213
vn 0.937162 0.187625 -0.294151
v -0.041622 1.028094 -0.473217
vt 0.494865 0.688975
vn 0.711419 0.696215 -0.095749
v -0.107431 1.118567 -0.304138
vt 0.442374 0.748302
vn 0.902908 0.355222 -0.242023
v -0.187879 1.216330 -0.518976
vt 0.433097 0.661631
vn 0.917274 -0.094961 -0.386771
v 0.097825 0.938294 -0.267692
vt 0.520500 0.778943
vn 0.650093 0.752704 -0.104001
v -0.102377 1.141893 -0.297886
vt 0.434318 0.748058
vn 0.926760 -0.103848 -0.361014
v -0.048021 1.076120 -0.124942
vt 0.441398 0.816297
vn 0.883457 0.396332 -0.249850
v 0.003808 1.065663 0.021309
vt 0.440421 0.863905
vn 0.930945 0.181061 -0.317108
v -0.042803 1.100203 -0.118509
vt 0.433097 0.815442
vn 0.934511 -0.111629 -0.337976
v 0.008065 1.085372 0.026575
vt 0.433585 0.868666
vn 0.934140 -0.111291 -0.339113
v -0.048021 1.076092 -0.124942
vt 0.109300 0.700450
vn -0.619504 0.428720 -0.657581
v -0.137561 0.979115 -0.250545
vt 0.066514 0.659678
vn -0.063740 0.811375 -0.581040
v 0.082361 0.930276 -0.342815
vt 0.019821 0.698741
vn -0.665245 0.372274 -0.647195
v 0.090354 0.952060 -0.350130
vt 0.021317 0.706065
vn -0.818401 0.110772 -0.563869
v -0.038573 1.101857 -0.133606
vt 0.109056 0.708751
vn -0.818412 0.110758 -0.563856
v 0.083377 0.930107 -0.342141
vt 0.019730 0.698497
vn 0.889933 0.155180 0.428881
v 0.080493 0.915416 -0.072776
vt 0.063157 0.660166
vn 0.775558 0.629828 0.042735
v -0.047005 1.075924 -0.124268
vt 0.109239 0.699962
vn 0.894188 0.205025 0.397986
v 0.091370 0.951891 -0.349456
vt 0.022965 0.705333
vn 0.818354 -0.110732 0.563947
v -0.037557 1.101689 -0.132932
vt 0.108934 0.708019
vn 0.818343 -0.110660 0.563977
v -0.072439 1.097512 -0.205383
vt 0.109300 0.700450
vn -0.358413 0.055299 0.931924
v -0.184995 0.968685 -0.139261
vt 0.066514 0.659678
vn -0.327473 0.642074 0.693183
v -0.337543 1.070625 -0.305772
vt 0.019821 0.698741
vn -0.351002 -0.032505 0.935810
v -0.077053 1.124763 -0.196823
vt 0.109056 0.708751
vn -0.304376 -0.332110 0.892781
v -0.341443 1.093671 -0.298535
vt 0.021317 0.706065
vn -0.304378 -0.332086 0.892790
v -0.337213 1.071074 -0.306914
vt 0.019730 0.698497
vn 0.225556 0.610567 -0.759166
v -0.094467 1.044607 -0.406784
vt 0.063157 0.660166
vn -0.000471 0.966296 -0.257434
v -0.072137 1.097960 -0.206525
vt 0.109239 0.699962
vn 0.205255 0.663682 -0.719303
v -0.076751 1.125212 -0.197964
vt 0.108934 0.708019
vn 0.304469 0.332044 -0.892774
v -0.341141 1.094119 -0.299676
vt 0.022965 0.705333
vn 0.304468 0.332018 -0.892784
v -0.110205 1.122436 -0.308418
vt 0.109300 0.700450
vn -0.308220 0.496859 -0.811253
v -0.141269 1.049794 -0.445409
vt 0.066514 0.659678
vn 0.182316 0.851039 -0.492436
v 0.064068 1.005244 -0.446369
vt 0.019821 0.698741
vn -0.353604 0.443737 -0.823445
v 0.073022 1.024197 -0.448055
vt 0.021317 0.706065
vn -0.533903 0.178897 -0.826404
v -0.099630 1.144865 -0.310416
vt 0.109056 0.708751
vn -0.533961 0.178835 -0.826380
v 0.064673 1.004992 -0.445513
vt 0.019730 0.698497
vn 0.656926 0.096854 0.747708
v -0.025993 0.975778 -0.233087
vt 0.063157 0.660166
vn 0.704671 0.597214 0.383112
v -0.109628 1.122212 -0.307536
vt 0.109239 0.699962
vn 0.672042 0.144622 0.726253
v 0.073599 1.023973 -0.447173
vt 0.022965 0.705333
vn 0.533979 -0.178795 0.826377
v -0.099054 1.144641 -0.309534
vt 0.108934 0.708019
vn 0.533951 -0.178769 0.826401
v -0.070379 0.583130 -0.386265
vt 0.109300 0.700450
vn -0.432391 0.465702 0.772114
v -0.190681 0.445220 -0.370468
vt 0.066514 0.659678
vn -0.432391 0.465702 0.772114
v -0.317163 0.591653 -0.529637
vt 0.019821 0.698741
vn -0.432391 0.465702 0.772114
v 0.196154 0.593672 0.299494
vt 0.109300 0.700450
vn 0.070835 0.441106 -0.894655
v 0.300278 0.454248 0.238975
vt 0.066514 0.659678
vn 0.070835 0.441106 -0.894655
v 0.478397 0.604186 0.327016
vt 0.019821 0.698741
vn 0.070835 0.441106 -0.894655
v 0.290143 0.735199 -0.106291
vt 0.442130 0.748302
vn -0.333274 0.480486 -0.811210
v 0.357106 0.634689 -0.275422
vt 0.494377 0.689220
vn -0.261467 0.780727 -0.567538
v 0.512510 0.771702 -0.196823
vt 0.439689 0.658457
vn -0.401912 0.330655 -0.853893
v 0.509873 0.792337 -0.194514
vt 0.432609 0.659922
vn -0.384258 0.054661 -0.921606
v 0.102768 0.593700 -0.257783
vt 0.520012 0.779065
vn -0.171132 0.831678 -0.528228
v 0.287040 0.759619 -0.103541
vt 0.433585 0.748058
vn -0.356391 0.059445 -0.932444
v 0.111805 0.725218 -0.044423
vt 0.441154 0.816297
vn -0.264083 0.527447 -0.807502
v -0.030745 0.741311 0.007120
vt 0.439933 0.863905
vn -0.286798 0.334725 -0.897611
v 0.108564 0.750479 -0.041570
vt 0.432609 0.813245
vn -0.331706 0.063651 -0.941233
v -0.033382 0.761974 0.009429
vt 0.432853 0.866590
vn -0.333085 0.063518 -0.940755
v 0.512949 0.771646 -0.195863
vt 0.439933 0.658213
vn 0.330725 0.245583 0.911214
v 0.442224 0.629418 -0.026421
vt 0.494865 0.688975
vn 0.201147 0.754440 0.624788
v 0.290583 0.735143 -0.105331
vt 0.442374 0.748302
vn 0.301812 0.414129 0.858724
v 0.510312 0.792281 -0.193554
vt 0.433097 0.661631
vn 0.384189 -0.054874 0.921622
v 0.232354 0.585373 0.121413
vt 0.520500 0.778943
vn 0.217278 0.801076 0.557735
v 0.287452 0.759563 -0.102582
vt 0.434318 0.748058
vn 0.356324 -0.059535 0.932464
v 0.112217 0.725162 -0.043464
vt 0.441398 0.816297
vn 0.315531 0.450982 0.834898
v -0.030333 0.741255 0.008080
vt 0.440421 0.863905
vn 0.353901 0.234965 0.905288
v 0.109003 0.750423 -0.040610
vt 0.433097 0.815442
vn 0.331847 -0.063655 0.941183
v -0.032970 0.761918 0.010414
vt 0.433585 0.868666
vn 0.332972 -0.063473 0.940798
v 0.112217 0.725162 -0.043464
vt 0.109300 0.700450
vn 0.726309 0.274776 -0.630058
v 0.221505 0.601915 -0.123256
vt 0.066514 0.659678
vn 0.695938 0.705121 -0.135924
v 0.303876 0.565159 0.107665
vt 0.019821 0.698741
vn 0.709301 0.215584 -0.671130
v 0.313654 0.586495 0.113813
vt 0.021317 0.706065
vn 0.596551 -0.042576 -0.801445
v 0.123780 0.750395 -0.036200
vt 0.109056 0.708751
vn 0.596592 -0.042395 -0.801424
v 0.303190 0.565187 0.108702
vt 0.019730 0.698497
vn -0.419289 0.305302 0.854978
v 0.041464 0.588401 0.102736
vt 0.063157 0.660166
vn 0.047567 0.715418 0.697076
v 0.111558 0.725190 -0.042426
vt 0.109239 0.699962
vn -0.388737 0.342245 0.855425
v 0.312968 0.586523 0.114850
vt 0.022965 0.705333
vn -0.596558 0.042563 0.801441
v 0.123121 0.750423 -0.035137
vt 0.108934 0.708019
vn -0.596568 0.042582 0.801432
v 0.192583 0.732199 -0.069145
vt 0.109300 0.700450
vn -0.923295 0.131552 -0.360860
v 0.112931 0.602083 -0.172517
vt 0.066514 0.659678
vn -0.608944 0.687393 -0.395825
v 0.286737 0.662137 -0.335552
vt 0.019821 0.698741
vn -0.936970 0.053849 -0.345234
v 0.187749 0.759759 -0.076693
vt 0.109056 0.708751
vn -0.933892 -0.237176 -0.267569
v 0.282645 0.685463 -0.341933
vt 0.021317 0.706065
vn -0.933887 -0.237215 -0.267551
v 0.287891 0.662473 -0.335266
vt 0.019730 0.698497
vn 0.844261 0.510109 0.164354
v 0.380342 0.649212 -0.083126
vt 0.063157 0.660166
vn 0.399496 0.911431 -0.098474
v 0.193737 0.732536 -0.068859
vt 0.109239 0.699962
vn 0.807721 0.573995 0.134595
v 0.188903 0.760095 -0.076408
vt 0.108934 0.708019
vn 0.933815 0.237251 0.267772
v 0.283798 0.685771 -0.341648
vt 0.022965 0.705333
vn 0.933825 0.237317 0.267678
v 0.295197 0.738059 -0.108496
vt 0.109300 0.700450
vn 0.876607 0.354228 -0.325703
v 0.418383 0.643689 -0.130753
vt 0.066514 0.659678
vn 0.616140 0.782180 0.092551
v 0.413219 0.622409 0.083333
vt 0.019821 0.698741
vn 0.883459 0.285584 -0.371407
v 0.417202 0.641866 0.090622
vt 0.021317 0.706065
vn 0.856610 0.018807 -0.515622
v 0.299894 0.761049 -0.099858
vt 0.109056 0.708751
vn 0.856593 0.018773 -0.515650
v 0.412368 0.622353 0.083929
vt 0.019730 0.698497
vn -0.745840 0.257582 0.614308
v 0.203954 0.613466 -0.009274
vt 0.063157 0.660166
vn -0.309464 0.718012 0.623451
v 0.294318 0.738003 -0.107873
vt 0.109239 0.699962
vn -0.719281 0.302806 0.625254
v 0.416323 0.641810 0.091219
vt 0.022965 0.705333
vn -0.856581 -0.018708 0.515674
v 0.299042 0.761021 -0.099235
vt 0.108934 0.708019
vn -0.856602 -0.018685 0.515639
v -0.196339 0.745320 -0.266343
vt 0.442130 0.748302
vn -0.681848 0.499004 0.534863
v -0.375089 0.647614 -0.280221
vt 0.494377 0.689220
vn -0.464020 0.792719 0.395325
v -0.345700 0.780702 -0.458405
vt 0.439689 0.658457
vn -0.708208 0.347220 0.614719
v -0.342404 0.801337 -0.456901
vt 0.432609 0.659922
vn -0.779886 0.078446 0.620987
v -0.284203 0.609765 -0.035189
vt 0.520012 0.779065
vn -0.450668 0.841706 0.297371
v -0.192466 0.769712 -0.264579
vt 0.433585 0.748058
vn -0.797479 0.082959 0.597616
v -0.086254 0.736461 -0.109508
vt 0.441154 0.816297
vn -0.695992 0.543981 0.468699
v 0.004082 0.753395 0.014798
vt 0.439933 0.863905
vn -0.778133 0.356641 0.517026
v -0.082244 0.761665 -0.107666
vt 0.432609 0.813245
vn -0.812202 0.086791 0.576885
v 0.007378 0.774001 0.016303
vt 0.432853 0.866590
vn -0.811520 0.086617 0.577869
v -0.344931 0.780618 -0.459132
vt 0.439933 0.658213
vn 0.789136 0.222125 -0.572646
v -0.168708 0.635727 -0.437108
vt 0.494865 0.688975
vn 0.563328 0.732288 -0.382643
v -0.195570 0.745236 -0.267069
vt 0.442374 0.748302
vn 0.749920 0.388509 -0.535426
v -0.341635 0.801253 -0.457627
vt 0.433097 0.661631
vn 0.779949 -0.078554 -0.620894
v 0.030120 0.591345 -0.274073
vt 0.520500 0.778943
vn 0.494751 0.781643 -0.379809
v -0.191697 0.769628 -0.265279
vt 0.434318 0.748058
vn 0.797509 -0.083117 -0.597555
v -0.085485 0.736377 -0.110208
vt 0.441398 0.816297
vn 0.723525 0.426481 -0.542794
v 0.004851 0.753311 0.014098
vt 0.440421 0.863905
vn 0.778699 0.202866 -0.593695
v -0.081475 0.761581 -0.108366
vt 0.433097 0.815442
vn 0.812155 -0.086986 -0.576921
v 0.008147 0.773917 0.015603
vt 0.433585 0.868666
vn 0.811469 -0.086781 -0.577917
v -0.085485 0.736377 -0.110208
vt 0.109300 0.700450
vn -0.824262 0.278335 -0.493073
v -0.194004 0.613382 -0.191505
vt 0.066514 0.659678
vn -0.329977 0.705843 -0.626818
v -0.004130 0.570458 -0.339754
vt 0.019821 0.698741
vn -0.857972 0.221085 -0.463687
v -0.000944 0.591513 -0.351557
vt 0.021317 0.706065
vn -0.949245 -0.032338 -0.312872
v -0.081722 0.761273 -0.124164
vt 0.109056 0.708751
vn -0.949235 -0.032267 -0.312909
v -0.002949 0.570486 -0.339417
vt 0.019730 0.698497
vn 0.950411 0.280604 0.134089
v 0.069232 0.597429 -0.081388
vt 0.063157 0.660166
vn 0.674014 0.691254 -0.260525
v -0.084304 0.736377 -0.109845
vt 0.109239 0.699962
vn 0.939629 0.328547 0.095682
v 0.000210 0.591513 -0.351220
vt 0.022965 0.705333
vn 0.949214 0.032441 0.312953
v -0.080541 0.761273 -0.123827
vt 0.108934 0.708019
vn 0.949190 0.032429 0.313028
v -0.133002 0.742853 -0.181570
vt 0.109300 0.700450
vn -0.080503 0.153996 0.984787
v -0.207737 0.616129 -0.070467
vt 0.066514 0.659678
vn -0.198206 0.709616 0.676136
v -0.409807 0.677332 -0.193944
vt 0.019821 0.698741
vn -0.063084 0.078685 0.994902
v -0.138138 0.770637 -0.175111
vt 0.109056 0.708751
vn 0.009606 -0.224548 0.974416
v -0.414146 0.700827 -0.188496
vt 0.021317 0.706065
vn 0.009600 -0.224543 0.974417
v -0.409861 0.677641 -0.195163
vt 0.019730 0.698497
vn -0.082464 0.510479 -0.855927
v -0.202821 0.657595 -0.360039
vt 0.063157 0.660166
vn -0.199348 0.910902 -0.361272
v -0.133084 0.743161 -0.182789
vt 0.109239 0.699962
vn -0.096892 0.564368 -0.819818
v -0.138220 0.770945 -0.176330
vt 0.108934 0.708019
vn -0.009471 0.224548 -0.974417
v -0.414229 0.701135 -0.189715
vt 0.022965 0.705333
vn -0.009518 0.224546 -0.974417
v -0.199827 0.748152 -0.270727
vt 0.109300 0.700450
vn -0.583530 0.347811 -0.733839
v -0.258495 0.652576 -0.383178
vt 0.066514 0.659678
vn -0.078520 0.779547 -0.621402
v -0.058156 0.626699 -0.440921
vt 0.019821 0.698741
vn -0.623126 0.290740 -0.726074
v -0.052224 0.645932 -0.447329
vt 0.021317 0.706065
vn -0.761725 0.019082 -0.647620
v -0.192796 0.770889 -0.278327
vt 0.109056 0.708751
vn -0.761759 0.019162 -0.647577
v -0.057332 0.626671 -0.440247
vt 0.019730 0.698497
vn 0.824144 0.248668 0.508872
v -0.082601 0.622690 -0.208159
vt 0.063157 0.660166
vn 0.707705 0.700854 0.089201
v -0.199003 0.748096 -0.270052
vt 0.109239 0.699962
vn 0.827384 0.299621 0.475041
v -0.051400 0.645876 -0.446654
vt 0.022965 0.705333
vn 0.761709 -0.019019 0.647640
v -0.191972 0.770833 -0.277627
vt 0.108934 0.708019
vn 0.761660 -0.019004 0.647699
v -0.213341 0.753647 0.255006
vt 0.442130 0.748302
vn 0.699237 0.496788 0.514071
v -0.186945 0.658772 0.438534
vt 0.494377 0.689220
vn 0.515419 0.789225 0.333868
v -0.360395 0.795141 0.447743
vt 0.439689 0.658457
vn 0.780086 0.347327 0.520413
v -0.359379 0.815663 0.443748
vt 0.432609 0.659922
vn 0.800562 0.075858 0.594429
v 0.023721 0.614559 0.292075
vt 0.520012 0.779065
vn 0.416695 0.841595 0.343632
v -0.212132 0.777926 0.250285
vt 0.433585 0.748058
vn 0.782411 0.081280 0.617436
v -0.090182 0.739937 0.109117
vt 0.441154 0.816297
vn 0.638651 0.544471 0.543761
v 0.007104 0.753002 -0.010001
vt 0.439933 0.863905
vn 0.705890 0.351539 0.614931
v -0.088946 0.765058 0.104241
vt 0.432609 0.813245
vn 0.766286 0.085859 0.636737
v 0.008120 0.773525 -0.013995
vt 0.432853 0.866590
vn 0.767108 0.085534 0.635790
v -0.361246 0.795057 0.447146
vt 0.439933 0.658213
vn -0.752206 0.219641 -0.621244
v -0.383302 0.647221 0.268599
vt 0.494865 0.688975
vn -0.500067 0.734024 -0.459502
v -0.214192 0.753563 0.254409
vt 0.442374 0.748302
vn -0.701882 0.390134 -0.595951
v -0.360230 0.815607 0.443151
vt 0.433097 0.661631
vn -0.800510 -0.075888 -0.594495
v -0.275304 0.596644 0.033268
vt 0.520500 0.778943
vn -0.479520 0.783501 -0.395206
v -0.212983 0.777842 0.249688
vt 0.434318 0.748058
vn -0.782367 -0.081365 -0.617480
v -0.091033 0.739853 0.108521
vt 0.441398 0.816297
vn -0.701360 0.427754 -0.570194
v 0.006252 0.752918 -0.010623
vt 0.440421 0.863905
vn -0.768372 0.210314 -0.604461
v -0.089797 0.764974 0.103644
vt 0.433097 0.815442
vn -0.766279 -0.085818 -0.636751
v 0.007268 0.773441 -0.014618
vt 0.433585 0.868666
vn -0.767062 -0.085558 -0.635843
v -0.091033 0.739853 0.108521
vt 0.109300 0.700450
vn -0.300201 0.299603 0.905603
v -0.145114 0.620138 0.237833
vt 0.066514 0.659678
vn -0.535602 0.719539 0.442035
v -0.330017 0.577635 0.082944
vt 0.019821 0.698741
vn -0.267699 0.247803 0.931091
v -0.341580 0.598887 0.082114
vt 0.021317 0.706065
vn -0.097016 -0.013892 0.995186
v -0.104712 0.764974 0.107535
vt 0.109056 0.708751
vn -0.097011 -0.013902 0.995186
v -0.329962 0.577635 0.081699
vt 0.019730 0.698497
vn -0.085853 0.277402 -0.956910
v -0.101608 0.598158 -0.050182
vt 0.063157 0.660166
vn -0.406390 0.692652 -0.595886
v -0.090951 0.739853 0.107250
vt 0.109239 0.699962
vn -0.112208 0.313910 -0.942799
v -0.341525 0.598859 0.080868
vt 0.022965 0.705333
vn 0.097040 0.013997 -0.995182
v -0.104657 0.764974 0.106264
vt 0.108934 0.708019
vn 0.097043 0.014008 -0.995182
v -0.147614 0.748488 0.172282
vt 0.109300 0.700450
vn 0.979818 0.133855 -0.148457
v -0.027202 0.620559 0.223670
vt 0.066514 0.659678
vn 0.724254 0.689267 0.019177
v -0.096719 0.687201 0.452853
vt 0.019821 0.698741
vn 0.984561 0.051454 -0.167310
v -0.139841 0.776216 0.175447
vt 0.109056 0.708751
vn 0.944951 -0.238955 -0.223535
v -0.090154 0.710639 0.455525
vt 0.021317 0.706065
vn 0.944927 -0.239050 -0.223535
v -0.097845 0.687537 0.453190
vt 0.019730 0.698497
vn -0.814805 0.517683 0.260955
v -0.302056 0.667968 0.284578
vt 0.063157 0.660166
vn -0.298581 0.919658 0.255106
v -0.148740 0.748825 0.172619
vt 0.109239 0.699962
vn -0.773590 0.575148 0.266013
v -0.140994 0.776553 0.175784
vt 0.108934 0.708019
vn -0.944892 0.239063 0.223670
v -0.091281 0.710976 0.455862
vt 0.022965 0.705333
vn -0.944901 0.239112 0.223581
v -0.216636 0.756619 0.259442
vt 0.109300 0.700450
vn -0.593372 0.373134 0.713218
v -0.311258 0.664239 0.345616
vt 0.066514 0.659678
vn -0.584061 0.786361 0.201269
v -0.412526 0.636736 0.159182
vt 0.019821 0.698741
vn -0.576901 0.311118 0.755242
v -0.419639 0.655997 0.154383
vt 0.021317 0.706065
vn -0.475804 0.042616 0.878518
v -0.225069 0.779384 0.253761
vt 0.109056 0.708751
vn -0.475779 0.042738 0.878526
v -0.412059 0.636680 0.158197
vt 0.019730 0.698497
vn 0.323743 0.237251 -0.915916
v -0.186396 0.628213 0.130181
vt 0.063157 0.660166
vn -0.062215 0.698305 -0.713091
v -0.216170 0.756535 0.258482
vt 0.109239 0.699962
vn 0.297711 0.277694 -0.913375
v -0.419200 0.655941 0.153424
vt 0.022965 0.705333
vn 0.475864 -0.042592 -0.878487
v -0.224629 0.779328 0.252801
vt 0.108934 0.708019
vn 0.475894 -0.042535 -0.878474
v -0.316998 0.798281 0.082866
vt 0.442130 0.748302
vn 0.197690 0.536159 0.820641
v -0.384181 0.692752 0.249351
vt 0.494377 0.689220
vn 0.104870 0.820275 0.562273
v -0.548126 0.805037 0.154772
vt 0.439689 0.658457
vn 0.282804 0.399887 0.871844
v -0.547824 0.825812 0.152023
vt 0.432609 0.659922
vn 0.298115 0.120797 0.946855
v -0.126492 0.687594 0.252723
vt 0.520012 0.779065
vn 0.011231 0.857849 0.513779
v -0.316641 0.822869 0.079623
vt 0.433585 0.748058
vn 0.268530 0.122388 0.955465
v -0.134760 0.812215 0.035317
vt 0.441154 0.816297
vn 0.122708 0.573476 0.809981
v 0.008175 0.847176 -0.005513
vt 0.439933 0.863905
vn 0.165669 0.383466 0.908575
v -0.134375 0.837644 0.031945
vt 0.432609 0.813245
vn 0.243207 0.123647 0.962061
v 0.008504 0.867951 -0.008263
vt 0.432853 0.866590
vn 0.244527 0.123586 0.961734
v -0.548484 0.804897 0.153787
vt 0.439933 0.658213
vn -0.286685 0.188275 -0.939342
v -0.448589 0.670323 -0.005228
vt 0.494865 0.688975
vn -0.252169 0.708228 -0.659412
v -0.317355 0.798141 0.081880
vt 0.442374 0.748302
vn -0.286047 0.354329 -0.890296
v -0.548181 0.825672 0.151011
vt 0.433097 0.661631
vn -0.298098 -0.120723 -0.946871
v -0.224519 0.653137 -0.134981
vt 0.520500 0.778943
vn -0.279634 0.753171 -0.595431
v -0.316971 0.822728 0.078612
vt 0.434318 0.748058
vn -0.268456 -0.122389 -0.955486
v -0.135117 0.812075 0.034332
vt 0.441398 0.816297
vn -0.306596 0.389008 -0.868718
v 0.007845 0.847036 -0.006525
vt 0.440421 0.863905
vn -0.308133 0.165369 -0.936860
v -0.134732 0.837503 0.030959
vt 0.433097 0.815442
vn -0.243143 -0.123664 -0.962075
v 0.008147 0.867811 -0.009274
vt 0.433585 0.868666
vn -0.244492 -0.123595 -0.961742
v -0.135117 0.812075 0.034332
vt 0.109300 0.700450
vn -0.801505 0.192839 0.566042
v -0.234544 0.676183 0.109221
vt 0.066514 0.659678
vn -0.789034 0.611259 0.061541
v -0.293844 0.623334 -0.126187
vt 0.019821 0.698741
vn -0.781271 0.139826 0.608330
v -0.305572 0.642960 -0.133710
vt 0.021317 0.706065
vn -0.647934 -0.097368 0.755448
v -0.148987 0.835289 0.025408
vt 0.109056 0.708751
vn -0.647913 -0.097355 0.755467
v -0.293102 0.623419 -0.127173
vt 0.019730 0.698497
vn 0.443922 0.333874 -0.831542
v -0.037611 0.683416 -0.101700
vt 0.063157 0.660166
vn -0.089662 0.687925 -0.720222
v -0.134375 0.812187 0.033346
vt 0.109239 0.699962
vn 0.407603 0.367925 -0.835758
v -0.304831 0.643044 -0.134696
vt 0.022965 0.705333
vn 0.648028 0.097447 -0.755357
v -0.148246 0.835401 0.024422
vt 0.108934 0.708019
vn 0.647987 0.097411 -0.755397
v -0.217351 0.808262 0.053501
vt 0.109300 0.700450
vn 0.869324 0.251367 0.425548
v -0.130997 0.692696 0.166705
vt 0.066514 0.659678
vn 0.478646 0.770240 0.421460
v -0.322519 0.731162 0.313891
vt 0.019821 0.698741
vn 0.893195 0.177358 0.413214
v -0.216444 0.836438 0.060531
vt 0.109056 0.708751
vn 0.932442 -0.115762 0.342274
v -0.321722 0.754965 0.319831
vt 0.021317 0.706065
vn 0.932428 -0.115899 0.342264
v -0.323672 0.731302 0.313501
vt 0.019730 0.698497
vn -0.885452 0.398126 -0.239731
v -0.394123 0.699845 0.055447
vt 0.063157 0.660166
vn -0.525165 0.850072 0.039750
v -0.218504 0.808430 0.053112
vt 0.109239 0.699962
vn -0.861393 0.462086 -0.210899
v -0.217598 0.836578 0.060142
vt 0.108934 0.708019
vn -0.932400 0.115843 -0.342360
v -0.322876 0.755105 0.319468
vt 0.022965 0.705333
vn -0.932392 0.115872 -0.342373
v -0.322519 0.800440 0.084578
vt 0.109300 0.700450
vn -0.936359 0.246148 0.250285
v -0.434718 0.690005 0.100168
vt 0.066514 0.659678
vn -0.703607 0.692185 -0.160679
v -0.410658 0.665165 -0.112154
vt 0.019821 0.698741
vn -0.937976 0.182574 0.294733
v -0.416343 0.683725 -0.120325
vt 0.021317 0.706065
vn -0.889984 -0.074223 0.449910
v -0.329248 0.822392 0.074876
vt 0.109056 0.708751
vn -0.890050 -0.074223 0.449779
v -0.409752 0.665221 -0.112698
vt 0.019730 0.698497
vn 0.754116 0.332434 -0.566389
v -0.209825 0.687734 -0.003386
vt 0.063157 0.660166
vn 0.257719 0.738403 -0.623171
v -0.321612 0.800524 0.084033
vt 0.109239 0.699962
vn 0.721652 0.375542 -0.581538
v -0.415437 0.683781 -0.120870
vt 0.022965 0.705333
vn 0.889986 0.074368 -0.449883
v -0.328342 0.822476 0.074357
vt 0.108934 0.708019
vn 0.890024 0.074278 -0.449823
v -0.007097 1.067625 0.002243
vt 0.109300 0.700450
vn 0.893559 0.337704 0.295818
v 0.095847 0.971769 0.117600
vt 0.066514 0.659678
vn 0.478323 0.836283 0.268026
v -0.081420 1.021141 0.279831
vt 0.019821 0.698741
vn 0.921780 0.257350 0.289987
v -0.081255 1.045589 0.282866
vt 0.021317 0.706065
vn 0.966837 -0.038775 0.252433
v -0.006877 1.096503 0.005823
vt 0.109056 0.708751
vn 0.966839 -0.038678 0.252440
v -0.082629 1.021197 0.279571
vt 0.019730 0.698497
vn -0.924026 0.330576 -0.192083
v -0.177058 0.952761 0.036588
vt 0.063157 0.660166
vn -0.564534 0.825308 -0.012944
v -0.008278 1.067653 0.001958
vt 0.109239 0.699962
vn -0.899958 0.399736 -0.174030
v -0.082436 1.045617 0.282606
vt 0.022965 0.705333
vn -0.966818 0.038739 -0.252512
v -0.008058 1.096559 0.005538
vt 0.108934 0.708019
vn -0.966814 0.038781 -0.252520
v -0.001796 1.432994 -0.002971
vt 0.109300 0.700450
vn 0.821737 0.509534 0.255194
v 0.042425 1.458675 0.170674
vt 0.066514 0.659678
vn 0.542279 0.800113 -0.256423
v -0.161072 1.599053 0.178378
vt 0.019821 0.698741
vn 0.835606 0.434755 0.335784
v -0.157227 1.618566 0.164552
vt 0.021317 0.706065
vn 0.822220 0.211625 0.528365
v 0.002764 1.456068 -0.019313
vt 0.109056 0.708751
vn 0.822220 0.211681 0.528343
v -0.162116 1.598800 0.177756
vt 0.019730 0.698497
vn -0.740616 0.022890 -0.671539
v -0.191779 1.363520 0.031711
vt 0.063157 0.660166
vn -0.338592 0.526594 -0.779778
v -0.002812 1.432714 -0.003593
vt 0.109239 0.699962
vn -0.692857 0.113002 -0.712166
v -0.158243 1.618314 0.163929
vt 0.022965 0.705333
vn -0.822201 -0.211594 -0.528407
v 0.001748 1.455815 -0.019936
vt 0.108934 0.708019
vn -0.822209 -0.211593 -0.528394
v 0.082169 0.246415 0.069896
vt 0.109300 0.700450
vn 0.002557 0.687203 -0.726461
v 0.172615 0.130569 -0.039391
vt 0.066514 0.659678
vn 0.002586 0.687257 -0.726410
v 0.365785 0.241452 0.066186
vt 0.019821 0.698741
vn 0.002557 0.687203 -0.726461
v -0.095346 0.255499 0.115213
vt 0.441154 0.816297
vn 0.493586 0.811803 0.312005
v 0.021798 0.248602 -0.022659
vt 0.439933 0.863905
vn 0.450909 0.824411 0.342092
v 0.016717 0.101523 0.338638
vt 0.520012 0.779065
vn 0.519627 0.795205 0.312470
v -0.239433 0.299123 0.282529
vt 0.442130 0.748302
vn 0.588881 0.752604 0.294630
v -0.225041 0.194660 0.502970
vt 0.494377 0.689220
vn 0.609120 0.731312 0.306848
v -0.408296 0.381494 0.502866
vt 0.439689 0.658457
vn 0.686510 0.673389 0.274319
v -0.104272 0.521507 0.118767
vt 0.441154 0.816297
vn 0.556309 0.814901 0.162656
v 0.000182 0.490583 -0.026628
vt 0.439933 0.863905
vn 0.517316 0.833429 0.194372
v 0.020370 0.390577 0.348443
vt 0.520012 0.779065
vn 0.581132 0.797262 0.163278
v -0.231468 0.594121 0.291219
vt 0.442130 0.748302
vn 0.646195 0.749101 0.145878
v -0.202327 0.517497 0.520324
vt 0.494377 0.689220
vn 0.666701 0.728209 0.158813
v -0.377232 0.713247 0.513579
vt 0.439689 0.658457
vn 0.737307 0.663298 0.128119
v -0.156513 0.509003 0.057185
vt 0.441154 0.816297
vn 0.301286 0.733753 0.608962
v 0.017156 0.513797 -0.018405
vt 0.439933 0.863905
vn 0.248923 0.744592 0.619370
v -0.150251 0.307057 0.297444
vt 0.520012 0.779065
vn 0.323923 0.716098 0.618286
v -0.369157 0.540207 0.153268
vt 0.442130 0.748302
vn 0.395708 0.672437 0.625494
v -0.454631 0.397418 0.352023
vt 0.494377 0.689220
vn 0.406294 0.650285 0.641914
v -0.629427 0.605896 0.293268
vt 0.439689 0.658457
vn 0.492381 0.592611 0.637474
v 0.152015 0.289002 -0.024605
vt 0.441154 0.816297
vn -0.194361 0.734735 -0.649915
v -0.024593 0.273133 -0.004242
vt 0.439933 0.863905
vn -0.141800 0.750869 -0.645049
v 0.227108 0.111308 -0.247925
vt 0.520012 0.779065
vn -0.210237 0.716109 -0.665573
v 0.365813 0.343476 -0.051972
vt 0.442130 0.748302
vn -0.272601 0.666138 -0.694225
v 0.507429 0.227855 -0.211116
vt 0.494377 0.689220
vn -0.274736 0.644828 -0.713244
v 0.630779 0.437174 -0.105202
vt 0.439689 0.658457
vn -0.352469 0.579605 -0.734727
v -0.120120 0.248602 -0.096019
vt 0.441154 0.816297
vn -0.395013 0.709256 0.583885
v 0.021468 0.249190 0.015291
vt 0.439933 0.863905
vn -0.430304 0.720536 0.543753
v -0.308731 0.052572 0.014565
vt 0.520012 0.779065
vn -0.393142 0.691897 0.605573
v -0.296426 0.282834 -0.229430
vt 0.442130 0.748302
vn -0.364704 0.646052 0.670528
v -0.494869 0.146465 -0.213554
vt 0.494377 0.689220
vn -0.374016 0.624205 0.685915
v -0.530246 0.350233 -0.381337
vt 0.439689 0.658457
vn -0.328263 0.565758 0.756413
v 0.153938 0.889034 -0.021959
vt 0.441154 0.816297
vn -0.103476 0.715211 -0.691206
v -0.023247 0.895483 -0.002322
vt 0.439933 0.863905
vn -0.049543 0.725546 -0.686388
v 0.210711 0.691098 -0.235267
vt 0.520012 0.779065
vn -0.121866 0.697647 -0.706001
v 0.372102 0.916061 -0.050234
vt 0.442130 0.748302
vn -0.189807 0.653691 -0.732572
v 0.501221 0.775403 -0.202063
vt 0.494377 0.689220
vn -0.194302 0.631654 -0.750507
v 0.645199 0.974433 -0.105928
vt 0.439689 0.658457
vn -0.279574 0.574100 -0.769576
v -0.111386 0.887184 -0.161259
vt 0.441154 0.816297
vn -0.592402 0.725779 0.349722
v -0.023247 0.895483 -0.002322
vt 0.439933 0.863905
vn -0.608741 0.734759 0.299271
v -0.327682 0.693593 -0.125850
vt 0.520012 0.779065
vn -0.599071 0.709266 0.371557
v -0.223036 0.911996 -0.356045
vt 0.442130 0.748302
vn -0.599023 0.666940 0.443128
v -0.412278 0.773272 -0.414436
vt 0.494377 0.689220
vn -0.613445 0.644626 0.456226
v -0.380528 0.968096 -0.592335
vt 0.439689 0.658457
vn -0.599647 0.590638 0.539973
v 0.088568 0.887156 -0.144735
vt 0.441154 0.816297
vn -0.561150 0.714546 -0.417773
v -0.023247 0.895483 -0.002322
vt 0.439933 0.863905
vn -0.520872 0.724733 -0.451059
v -0.020280 0.689808 -0.336148
vt 0.520012 0.779065
vn -0.585531 0.696672 -0.414489
v 0.223730 0.911912 -0.323100
vt 0.442130 0.748302
vn -0.650448 0.653714 -0.386749
v 0.209090 0.770693 -0.523723
vt 0.494377 0.689220
vn -0.668709 0.630062 -0.394777
v 0.379326 0.967564 -0.560844
vt 0.439689 0.658457
vn -0.740257 0.574071 -0.349946
v -0.034782 0.516797 -0.171038
vt 0.441154 0.816297
vn -0.511681 0.818510 0.261197
v -0.003086 0.491143 0.007483
vt 0.439933 0.863905
vn -0.508131 0.835212 0.210297
v -0.281869 0.381774 -0.231790
vt 0.520012 0.779065
vn -0.528515 0.802085 0.278085
v -0.070379 0.583130 -0.386265
vt 0.442130 0.748302
vn -0.561483 0.755297 0.338029
v -0.252068 0.501040 -0.519443
vt 0.494377 0.689220
vn -0.584674 0.734346 0.344808
v -0.129019 0.694378 -0.650831
vt 0.439689 0.658457
vn -0.610500 0.672589 0.418227
v 0.078571 0.521282 0.119883
vt 0.441154 0.816297
vn 0.355827 0.808530 -0.468686
v -0.021049 0.490583 -0.029093
vt 0.439933 0.863905
vn 0.374047 0.826637 -0.420429
v 0.328843 0.385839 0.076199
vt 0.520012 0.779065
vn 0.364829 0.792006 -0.489516
v 0.196154 0.593672 0.299468
vt 0.442130 0.748302
vn 0.370257 0.742969 -0.557590
v 0.415197 0.513909 0.347665
vt 0.494377 0.689220
vn 0.388857 0.722817 -0.571249
v 0.354194 0.712237 0.513138
vt 0.439689 0.658457
vn 0.382369 0.658487 -0.648220
v 0.186843 0.529693 0.001258
vt 0.441154 0.816297
vn -0.109619 0.836614 -0.536712
v -0.000862 0.511330 -0.007770
vt 0.439933 0.863905
vn -0.058003 0.851198 -0.521630
v 0.300745 0.384942 -0.247614
vt 0.520012 0.779065
vn -0.122974 0.821051 -0.557452
v 0.413961 0.589158 0.015343
vt 0.442130 0.748302
vn -0.179896 0.776736 -0.603588
v 0.587245 0.496498 -0.146499
vt 0.494377 0.689220
vn -0.179553 0.758454 -0.626505
v 0.697907 0.693790 0.017237
vt 0.439689 0.658457
vn -0.252549 0.698000 -0.670086
v 0.009548 0.892399 0.177652
vt 0.441154 0.816297
vn 0.680814 0.714004 -0.163373
v -0.023247 0.895483 -0.002322
vt 0.439933 0.863905
vn 0.679804 0.724877 -0.111448
v 0.223785 0.698359 0.222399
vt 0.520012 0.779065
vn 0.694135 0.696474 -0.181935
v 0.053439 0.923631 0.398326
vt 0.442130 0.748302
vn 0.716780 0.651991 -0.247253
v 0.212716 0.787319 0.520998
vt 0.494377 0.689220
vn 0.734537 0.628737 -0.255236
v 0.127708 0.987526 0.672645
vt 0.439689 0.658457
vn 0.748276 0.572108 -0.335821
v 0.087058 0.266629 0.124967
vt 0.441154 0.816297
vn 0.445888 0.810920 -0.378935
v -0.010008 0.260012 -0.028496
vt 0.439933 0.863905
vn 0.463761 0.822665 -0.328859
v 0.326453 0.111953 0.075577
vt 0.520012 0.779065
vn 0.453898 0.795551 -0.401341
v 0.204503 0.309945 0.313008
vt 0.442130 0.748302
vn 0.456856 0.752859 -0.473800
v 0.414538 0.204865 0.359234
vt 0.494377 0.689220
vn 0.474111 0.732426 -0.488642
v 0.364961 0.391867 0.540038
vt 0.439689 0.658457
vn 0.464228 0.676185 -0.572071
v 0.018722 1.338764 0.189117
vt 0.442130 0.748302
vn 0.676349 0.643894 -0.357704
v 0.159376 1.261160 0.326108
vt 0.494377 0.689220
vn 0.695290 0.620862 -0.362081
v 0.063602 1.454694 0.414383
vt 0.439689 0.658457
vn 0.718370 0.549931 -0.426053
v 0.191896 1.126501 0.088495
vt 0.520012 0.779065
vn 0.651888 0.685517 -0.324204
v -0.004954 1.263459 -0.000688
vt 0.441154 0.821302
vn 0.636767 0.686229 -0.351594
v 0.201729 1.402771 0.200220
vt 0.256825 0.822278
vn -0.746128 0.278696 0.604667
v 0.050583 1.213582 0.100894
vt 0.359609 0.740246
vn -0.746180 0.278729 0.604587
v -0.006767 1.264916 0.006472
vt 0.411368 0.774304
vn -0.746171 0.278716 0.604604
v 0.186293 1.251571 0.250855
vt 0.253651 0.743908
vn -0.746185 0.278661 0.604613
v 0.245895 1.337587 0.284759
vt 0.214221 0.782238
vn -0.746136 0.278701 0.604654
v -0.171345 1.294186 0.297237
vt 0.037369 0.778454
vn 0.841273 0.306282 0.445478
v -0.013386 1.156444 0.093579
vt 0.167712 0.738293
vn 0.841267 0.306296 0.445480
v -0.158106 1.206909 0.332256
vt 0.034379 0.735851
vn 0.841277 0.306272 0.445478
v -0.082244 1.341596 0.096329
vt 0.133776 0.820569
vn 0.841283 0.306253 0.445480
v -0.006767 1.264916 0.006472
vt 0.194080 0.795789
vn 0.841276 0.306264 0.445485
v 0.088211 1.615118 -0.157290
vt 0.112108 0.004898
vn 0.829876 0.052421 0.555480
v -0.075433 1.811596 0.068573
vt 0.042924 0.103029
vn 0.829882 0.052433 0.555470
v -0.008799 1.889929 -0.038379
vt 0.017563 0.057130
vn 0.829837 0.052439 0.555536
v -0.086254 1.508608 0.113346
vt 0.145129 0.120607
vn 0.829890 0.052420 0.555458
v 0.000045 1.367249 -0.002193
vt 0.194446 0.070314
vn 0.829876 0.052421 0.555480
v 0.080356 1.431816 0.039053
vt 0.359609 0.740246
vn 0.471602 -0.026810 -0.881404
v -0.103723 1.747112 -0.069041
vt 0.256825 0.822278
vn 0.471575 -0.026767 -0.881420
v -0.010530 1.283925 -0.005098
vt 0.411368 0.774304
vn 0.471593 -0.026752 -0.881411
v 0.087277 1.745234 0.033216
vt 0.253651 0.743908
vn 0.471643 -0.026792 -0.881383
v -0.000230 1.866939 -0.017316
vt 0.214221 0.782238
vn 0.471605 -0.026722 -0.881405
v -0.127454 0.419314 0.542892
vt 0.256825 0.822278
vn -0.988386 0.106814 -0.108089
v -0.124542 0.163315 0.263540
vt 0.359609 0.740246
vn -0.988389 0.106801 -0.108075
v -0.098284 0.255863 0.114876
vt 0.411368 0.774304
vn -0.988383 0.106828 -0.108107
v -0.154096 0.190006 0.560090
vt 0.253651 0.743908
vn -0.988386 0.106795 -0.108110
v -0.152915 0.308543 0.666290
vt 0.214221 0.782238
vn -0.988390 0.106838 -0.108030
v -0.260308 0.466443 0.283981
vt 0.167346 0.738537
vn 0.780355 0.102680 0.616849
v -0.494897 0.450687 0.583333
vt 0.037339 0.779797
vn 0.780357 0.102701 0.616843
v -0.490667 0.573822 0.557496
vt 0.033982 0.737316
vn 0.780339 0.102665 0.616872
v -0.337021 0.258386 0.415654
vt 0.134264 0.821057
vn 0.780315 0.102668 0.616902
v -0.227156 0.283367 0.272516
vt 0.194324 0.795666
vn 0.780345 0.102678 0.616863
v -0.466002 0.190062 0.012905
vt 0.037369 0.778454
vn -0.119777 0.239964 0.963364
v -0.109848 0.089047 0.082373
vt 0.167712 0.738293
vn -0.119791 0.239975 0.963360
v -0.473391 0.067992 0.042373
vt 0.034379 0.735851
vn -0.119786 0.239967 0.963362
v -0.203562 0.320683 0.013008
vt 0.133776 0.820569
vn -0.119786 0.239973 0.963361
v -0.038710 0.256143 0.049584
vt 0.194080 0.795789
vn -0.119805 0.240004 0.963351
v 0.034954 0.231528 0.374850
vt 0.019730 0.698497
vn -0.794901 0.557490 0.239450
v -0.185380 0.179016 0.236874
vt 0.063157 0.660166
vn -0.288312 0.952517 0.097914
v -0.046181 0.235649 0.095784
vt 0.109239 0.699962
vn -0.751762 0.618814 0.227869
v -0.038628 0.263489 0.092957
vt 0.108934 0.708019
vn -0.921324 0.277724 0.272088
v 0.041354 0.255050 0.372464
vt 0.022965 0.705333
vn -0.921347 0.277738 0.271994
v -0.287280 0.356345 0.678404
vt 0.042924 0.103029
vn 0.451259 0.890271 -0.061508
v -0.051921 0.223257 0.478638
vt 0.112108 0.004898
vn 0.451268 0.890265 -0.061531
v -0.170988 0.302179 0.747405
vt 0.017563 0.057130
vn 0.451310 0.890249 -0.061447
v -0.343613 0.365092 0.391530
vt 0.145129 0.120607
vn 0.451242 0.890286 -0.061412
v -0.224354 0.294890 0.250337
vt 0.194446 0.070314
vn 0.451268 0.890265 -0.061531
v -0.616325 0.461789 0.674954
vt 0.042924 0.103029
vn 0.280955 0.953493 -0.109157
v -0.298513 0.367952 0.672931
vt 0.112108 0.004898
vn 0.280948 0.953493 -0.109171
v -0.551889 0.457864 0.806472
vt 0.017563 0.057130
vn 0.280969 0.953485 -0.109194
v -0.507586 0.399521 0.410985
vt 0.145129 0.120607
vn 0.280979 0.953488 -0.109143
v -0.324524 0.341878 0.378378
vt 0.194446 0.070314
vn 0.280920 0.953506 -0.109132
v -0.225865 0.292030 0.257574
vt 0.411368 0.774304
vn -0.177804 0.925091 -0.335548
v -0.590232 0.316590 0.518456
vt 0.256825 0.822278
vn -0.177780 0.925101 -0.335535
v -0.386625 0.247088 0.218871
vt 0.359609 0.740246
vn -0.177781 0.925087 -0.335572
v -0.658925 0.233098 0.324656
vt 0.253651 0.743908
vn -0.177848 0.925075 -0.335568
v -0.731464 0.267134 0.456925
vt 0.214221 0.782238
vn -0.177729 0.925105 -0.335548
v -0.530795 0.135195 0.043955
vt 0.042924 0.103029
vn -0.236356 0.919384 -0.314434
v -0.405275 0.265648 0.330881
vt 0.112108 0.004898
vn -0.236372 0.919362 -0.314487
v -0.623054 0.149774 0.155836
vt 0.017563 0.057130
vn -0.236358 0.919374 -0.314461
v -0.252974 0.203547 0.034954
vt 0.145129 0.120607
vn -0.236363 0.919378 -0.314445
v -0.152585 0.281544 0.187457
vt 0.194446 0.070314
vn -0.236372 0.919362 -0.314487
v -0.390718 0.214341 0.505226
vt 0.167712 0.738293
vn -0.826922 -0.071548 -0.557746
v -0.572077 0.464285 0.742088
vt 0.037369 0.778454
vn -0.826945 -0.071630 -0.557702
v -0.594105 0.350682 0.789299
vt 0.034379 0.735851
vn -0.826899 -0.071602 -0.557773
v -0.408296 0.476368 0.497678
vt 0.133776 0.820569
vn -0.826899 -0.071602 -0.557773
v -0.326941 0.343645 0.394124
vt 0.194080 0.795789
vn -0.826933 -0.071577 -0.557726
v -0.105096 0.741283 0.538975
vt 0.256825 0.822278
vn -0.988915 0.142605 -0.041355
v -0.136517 0.452145 0.292905
vt 0.359609 0.740246
vn -0.988912 0.142589 -0.041486
v -0.119488 0.523637 0.132723
vt 0.411368 0.774304
vn -0.988913 0.142593 -0.041442
v -0.139292 0.517666 0.585434
vt 0.253651 0.743908
vn -0.988915 0.142603 -0.041377
v -0.124240 0.648483 0.676277
vt 0.214221 0.782238
vn -0.988911 0.142596 -0.041485
v -0.164670 0.609737 0.573942
vt 0.019730 0.698497
vn -0.628724 0.769743 0.110459
v -0.385279 0.600737 0.427821
vt 0.063157 0.660166
vn -0.006962 0.998685 -0.050803
v -0.232457 0.594878 0.291478
vt 0.109239 0.699962
vn -0.566896 0.818527 0.092962
v -0.218147 0.618933 0.285849
vt 0.108934 0.708019
vn -0.828959 0.532567 0.170880
v -0.152585 0.630063 0.569169
vt 0.022965 0.705333
vn -0.828939 0.532571 0.170964
v -0.263576 0.505919 0.439701
vt 0.167712 0.738293
vn -0.749621 -0.510492 -0.421267
v -0.517502 0.761862 0.581387
vt 0.037369 0.778454
vn -0.749612 -0.510491 -0.421284
v -0.507531 0.675370 0.668469
vt 0.034379 0.735851
vn -0.749576 -0.510540 -0.421289
v -0.355588 0.724910 0.338015
vt 0.133776 0.820569
vn -0.749641 -0.510511 -0.421209
v -0.235835 0.593280 0.284474
vt 0.194080 0.795789
vn -0.749594 -0.510542 -0.421254
v -0.593226 0.522880 0.250855
vt 0.042924 0.103029
vn -0.134668 0.788444 -0.600183
v -0.350067 0.689304 0.414902
vt 0.112108 0.004898
vn -0.134719 0.788454 -0.600159
v -0.632915 0.605503 0.368287
vt 0.017563 0.057130
vn -0.134723 0.788427 -0.600194
v -0.332462 0.482284 0.139027
vt 0.145129 0.120607
vn -0.134684 0.788428 -0.600202
v -0.171152 0.566533 0.213450
vt 0.194446 0.070314
vn -0.134694 0.788460 -0.600157
v -0.496820 0.466640 0.070881
vt 0.037369 0.778454
vn -0.020788 0.355568 0.934419
v -0.140473 0.354831 0.121387
vt 0.167712 0.738293
vn -0.020792 0.355564 0.934421
v -0.506515 0.349785 0.115136
vt 0.034379 0.735851
vn -0.020793 0.355566 0.934420
v -0.230452 0.581112 0.033242
vt 0.133776 0.820569
vn -0.020786 0.355565 0.934420
v -0.065819 0.512283 0.063125
vt 0.194080 0.795789
vn -0.020783 0.355555 0.934424
v -0.380418 0.619718 0.468754
vt 0.256825 0.822278
vn -0.847160 0.177268 -0.500895
v -0.250914 0.392764 0.169403
vt 0.359609 0.740246
vn -0.847106 0.177316 -0.500969
v -0.159150 0.509619 0.055551
vt 0.411368 0.774304
vn -0.847144 0.177274 -0.500921
v -0.412883 0.379138 0.438482
vt 0.253651 0.743908
vn -0.847147 0.177310 -0.500902
v -0.460015 0.487443 0.556510
vt 0.214221 0.782238
vn -0.847147 0.177308 -0.500903
v -0.390141 0.716555 0.169507
vt 0.167346 0.738537
vn 0.428692 -0.021516 0.903195
v -0.748273 0.672566 0.338430
vt 0.037339 0.779797
vn 0.428677 -0.021529 0.903201
v -0.732974 0.804897 0.334306
vt 0.033982 0.737316
vn 0.428628 -0.021524 0.903225
v -0.521951 0.484863 0.226549
vt 0.134264 0.821057
vn 0.428653 -0.021512 0.903213
v -0.352924 0.524338 0.147276
vt 0.194324 0.795666
vn 0.428663 -0.021528 0.903208
v -0.462761 0.481751 -0.223282
vt 0.037369 0.778454
vn -0.536442 0.121083 0.835206
v -0.155030 0.340673 -0.005150
vt 0.167712 0.738293
vn -0.536422 0.121079 0.835219
v -0.482757 0.350205 -0.217056
vt 0.034379 0.735851
vn -0.536437 0.121078 0.835210
v -0.213505 0.599896 -0.080325
vt 0.133776 0.820569
vn -0.536427 0.121084 0.835215
v -0.073015 0.515339 0.022191
vt 0.194080 0.795789
vn -0.536460 0.121092 0.835193
v 0.450628 0.435912 -0.332906
vt 0.256825 0.822278
vn 0.648408 0.226981 0.726668
v 0.276822 0.194604 -0.102348
vt 0.359609 0.740246
vn 0.648469 0.226994 0.726610
v 0.153883 0.289759 -0.022374
vt 0.411368 0.774304
vn 0.648464 0.227026 0.726605
v 0.493915 0.211285 -0.301337
vt 0.253651 0.743908
vn 0.648438 0.227002 0.726635
v 0.557170 0.323739 -0.392958
vt 0.214221 0.782238
vn 0.648452 0.227026 0.726615
v 0.372899 0.512058 -0.057316
vt 0.167346 0.738537
vn -0.145205 -0.014501 -0.989295
v 0.743583 0.513432 -0.111790
vt 0.037339 0.779797
vn -0.145208 -0.014473 -0.989295
v 0.716694 0.636147 -0.109637
vt 0.033982 0.737316
vn -0.145207 -0.014484 -0.989295
v 0.527589 0.309777 -0.077056
vt 0.134264 0.821057
vn -0.145206 -0.014495 -0.989295
v 0.351036 0.326711 -0.051375
vt 0.194324 0.795666
vn -0.145211 -0.014494 -0.989295
v 0.357710 0.277535 0.313735
vt 0.037369 0.778454
vn 0.736466 0.206168 -0.644292
v 0.149791 0.127401 0.028028
vt 0.167712 0.738293
vn 0.736449 0.206203 -0.644300
v 0.389324 0.156138 0.311011
vt 0.034379 0.735851
vn 0.736458 0.206201 -0.644291
v 0.159431 0.372578 0.117548
vt 0.133776 0.820569
vn 0.736458 0.206170 -0.644301
v 0.067090 0.285245 -0.015967
vt 0.194080 0.795789
vn 0.736433 0.206205 -0.644318
v 0.230816 0.236125 -0.301544
vt 0.019730 0.698497
vn 0.720249 0.632970 0.283886
v 0.302613 0.219388 -0.042582
vt 0.063157 0.660166
vn 0.218584 0.975814 0.002633
v 0.104334 0.263769 -0.042219
vt 0.109239 0.699962
vn 0.669140 0.699145 0.251887
v 0.095435 0.290516 -0.048496
vt 0.108934 0.708019
vn 0.849733 0.370643 0.374936
v 0.223290 0.258723 -0.306862
vt 0.022965 0.705333
vn 0.849691 0.370662 0.375014
v 0.660580 0.388250 -0.314203
vt 0.042924 0.103029
vn -0.427190 0.830562 -0.357316
v 0.363533 0.234555 -0.316278
vt 0.112108 0.004898
vn -0.427252 0.830530 -0.357316
v 0.624600 0.316057 -0.438950
vt 0.017563 0.057130
vn -0.427224 0.830574 -0.357248
v 0.510560 0.417520 -0.066862
vt 0.145129 0.120607
vn -0.427236 0.830520 -0.357361
v 0.333650 0.338794 -0.038405
vt 0.194446 0.070314
vn -0.427252 0.830530 -0.357316
v 0.892368 0.536170 -0.095915
vt 0.042924 0.103029
vn -0.340850 0.914243 -0.219043
v 0.664480 0.401455 -0.303749
vt 0.112108 0.004898
vn -0.340886 0.914249 -0.218963
v 0.932990 0.517750 -0.236045
vt 0.017563 0.057130
vn -0.340827 0.914293 -0.218873
v 0.641134 0.472331 0.028495
vt 0.145129 0.120607
vn -0.340876 0.914261 -0.218930
v 0.489163 0.392624 -0.067847
vt 0.194446 0.070314
vn -0.340886 0.914249 -0.218963
v 0.339692 0.335794 -0.042348
vt 0.411368 0.774304
vn -0.164900 0.954060 0.250154
v 0.777257 0.396016 0.016510
vt 0.256825 0.822278
vn -0.164886 0.954081 0.250084
v 0.433627 0.314150 0.102140
vt 0.359609 0.740246
vn -0.164946 0.954085 0.250029
v 0.703098 0.331196 0.214824
vt 0.253651 0.743908
vn -0.164897 0.954077 0.250093
v 0.841995 0.368373 0.164630
vt 0.214221 0.782238
vn -0.164895 0.954085 0.250062
v 0.428545 0.230238 0.342036
vt 0.042924 0.103029
vn -0.107119 0.955626 0.274415
v 0.520612 0.329851 0.031193
vt 0.112108 0.004898
vn -0.107148 0.955628 0.274399
v 0.569337 0.251630 0.322555
vt 0.017563 0.057130
vn -0.107148 0.955604 0.274482
v 0.216369 0.261919 0.148806
vt 0.145129 0.120607
vn -0.107123 0.955609 0.274474
v 0.240292 0.319029 -0.040662
vt 0.194446 0.070314
vn -0.107148 0.955628 0.274399
v 0.628610 0.269012 -0.100403
vt 0.167712 0.738293
vn 0.220167 0.048582 0.974252
v 0.904590 0.529749 -0.175785
vt 0.037369 0.778454
vn 0.220176 0.048562 0.974250
v 0.958177 0.417801 -0.182322
vt 0.034379 0.735851
vn 0.220172 0.048572 0.974251
v 0.622182 0.531460 -0.112050
vt 0.133776 0.820569
vn 0.220167 0.048582 0.974252
v 0.501304 0.393970 -0.077860
vt 0.194080 0.795789
vn 0.220170 0.048560 0.974252
v -0.175959 1.334587 -0.089897
vt 0.442130 0.748302
vn -0.055793 0.668857 0.741294
v -0.362839 1.256085 -0.038353
vt 0.494377 0.689220
vn -0.063443 0.648597 0.758484
v -0.386872 1.445947 -0.173373
vt 0.439689 0.658457
vn -0.017778 0.577856 0.815945
v -0.182661 1.127483 0.119494
vt 0.520012 0.779065
vn -0.073491 0.710183 0.700170
v -0.005943 1.263346 -0.007796
vt 0.441154 0.821302
vn -0.041040 0.710900 0.702094
v -0.283022 1.401229 0.061776
vt 0.256825 0.822278
vn -0.134491 0.257145 -0.956968
v -0.118719 1.212012 -0.012180
vt 0.359609 0.740246
vn -0.134511 0.257196 -0.956952
v -0.010914 1.264608 -0.013191
vt 0.411368 0.774304
vn -0.134467 0.257158 -0.956968
v -0.314966 1.248655 0.025252
vt 0.253651 0.743908
vn -0.134476 0.257161 -0.956966
v -0.375529 1.334811 0.056925
vt 0.214221 0.782238
vn -0.134470 0.257175 -0.956963
v -0.163654 1.284514 -0.311479
vt 0.037369 0.778454
vn -0.838068 0.308676 0.449846
v -0.078069 1.154061 -0.062504
vt 0.167712 0.738293
vn -0.838078 0.308701 0.449810
v -0.198646 1.196648 -0.316382
vt 0.034379 0.735851
vn -0.838047 0.308689 0.449877
v -0.045769 1.337979 -0.128496
vt 0.133776 0.820569
vn -0.838047 0.308689 0.449877
v -0.010914 1.264608 -0.013191
vt 0.194080 0.795789
vn -0.838064 0.308705 0.449833
v 0.185387 1.335063 -0.028781
vt 0.442130 0.748302
vn -0.352464 0.645314 -0.677745
v 0.318983 1.253057 -0.170597
vt 0.494377 0.689220
vn -0.354916 0.624422 -0.695796
v 0.407122 1.446451 -0.074021
vt 0.439689 0.658457
vn -0.423616 0.551837 -0.718349
v 0.085739 1.121960 -0.204683
vt 0.520012 0.779065
vn -0.315789 0.687525 -0.653901
v -0.000944 1.263374 -0.005513
vt 0.441154 0.821302
vn -0.344557 0.688265 -0.638413
v 0.199175 1.396126 -0.217445
vt 0.256825 0.822278
vn 0.620417 0.279924 0.732615
v 0.097742 1.210947 -0.060688
vt 0.359609 0.740246
vn 0.620428 0.279954 0.732595
v 0.006032 1.264720 -0.003593
vt 0.411368 0.774304
vn 0.620428 0.279991 0.732581
v 0.245840 1.244338 -0.198898
vt 0.253651 0.743908
vn 0.620440 0.279943 0.732589
v 0.280915 1.328867 -0.260947
vt 0.214221 0.782238
vn 0.620429 0.279950 0.732595
v 0.287891 1.291523 0.168158
vt 0.037369 0.778454
vn 0.477625 0.290714 -0.829071
v 0.088980 1.154930 0.005693
vt 0.167712 0.738293
vn 0.477613 0.290691 -0.829087
v 0.320686 1.203461 0.156173
vt 0.034379 0.735851
vn 0.477627 0.290664 -0.829088
v 0.093979 1.341007 0.073813
vt 0.133776 0.820569
vn 0.477627 0.290664 -0.829088
v 0.006005 1.264748 -0.003593
vt 0.194080 0.795789
vn 0.477655 0.290679 -0.829067
v -0.554444 0.351551 -0.089041
vt 0.256825 0.822278
vn 0.028510 0.215830 -0.976015
v -0.253579 0.139484 -0.127173
vt 0.359609 0.740246
vn 0.028481 0.215862 -0.976009
v -0.120038 0.249331 -0.098976
vt 0.411368 0.774304
vn 0.028503 0.215872 -0.976006
v -0.544501 0.126027 -0.138639
vt 0.253651 0.743908
vn 0.028470 0.215823 -0.976017
v -0.661370 0.227322 -0.119624
vt 0.214221 0.782238
vn 0.028458 0.215891 -0.976003
v -0.319882 0.449734 -0.233606
vt 0.167346 0.738537
vn -0.591926 -0.052301 0.804294
v -0.622148 0.416034 -0.458224
vt 0.037339 0.779797
vn -0.591954 -0.052306 0.804272
v -0.612178 0.540627 -0.442789
vt 0.033982 0.737316
vn -0.591922 -0.052318 0.804296
v -0.426231 0.233911 -0.325928
vt 0.134264 0.821057
vn -0.591953 -0.052319 0.804272
v -0.283984 0.267470 -0.219080
vt 0.194324 0.795666
vn -0.591926 -0.052310 0.804293
v -0.038600 0.238705 -0.486032
vt 0.037369 0.778454
vn -0.992530 0.116534 -0.036109
v -0.068923 0.090926 -0.129534
vt 0.167712 0.738293
vn -0.992530 0.116507 -0.036190
v -0.052443 0.114981 -0.504423
vt 0.034379 0.735851
vn -0.992535 0.116496 -0.036109
v -0.037035 0.339243 -0.205176
vt 0.133776 0.820569
vn -0.992535 0.116497 -0.036102
v -0.053157 0.252667 -0.041752
vt 0.194080 0.795789
vn -0.992531 0.116511 -0.036156
v -0.358390 0.173436 0.048365
vt 0.019730 0.698497
vn -0.381743 0.598853 -0.704022
v -0.233968 0.165306 -0.189041
vt 0.063157 0.660166
vn -0.254209 0.952798 -0.165994
v -0.095620 0.226593 -0.048963
vt 0.109239 0.699962
vn -0.374828 0.658357 -0.652740
v -0.095812 0.253620 -0.038561
vt 0.108934 0.708019
vn -0.385644 0.328517 -0.862180
v -0.358555 0.196286 0.057133
vt 0.022965 0.705333
vn -0.385692 0.328442 -0.862188
v -0.688012 0.287067 -0.251090
vt 0.042924 0.103029
vn -0.033161 0.844816 0.534029
v -0.463228 0.159586 -0.035474
vt 0.112108 0.004898
vn -0.033194 0.844790 0.534067
v -0.739923 0.211229 -0.134359
vt 0.017563 0.057130
vn -0.033166 0.844816 0.534028
v -0.416591 0.343224 -0.323049
vt 0.145129 0.120607
vn -0.033171 0.844804 0.534047
v -0.263851 0.281712 -0.216252
vt 0.194446 0.070314
vn -0.033182 0.844786 0.534074
v -0.720010 0.426772 -0.575967
vt 0.042924 0.103029
vn -0.005205 0.927673 0.373356
v -0.684936 0.300497 -0.261648
vt 0.112108 0.004898
vn -0.005167 0.927660 0.373389
v -0.841823 0.396970 -0.503593
vt 0.017563 0.057130
vn -0.005177 0.927669 0.373369
v -0.450704 0.391951 -0.485669
vt 0.145129 0.120607
vn -0.005176 0.927669 0.373368
v -0.399754 0.320206 -0.306680
vt 0.194446 0.070314
vn -0.005167 0.927660 0.373389
v -0.270580 0.277984 -0.217679
vt 0.411368 0.774304
vn 0.198296 0.976414 -0.085408
v -0.549582 0.303553 -0.572569
vt 0.256825 0.822278
vn 0.198242 0.976421 -0.085455
v -0.238637 0.256564 -0.388237
vt 0.359609 0.740246
vn 0.198306 0.976413 -0.085395
v -0.357264 0.256704 -0.661544
vt 0.253651 0.743908
vn 0.198331 0.976406 -0.085419
v -0.493771 0.278881 -0.724890
vt 0.214221 0.782238
vn 0.198283 0.976417 -0.085403
v -0.066121 0.187118 -0.555993
vt 0.042924 0.103029
vn 0.173957 0.974467 -0.141960
v -0.350095 0.260657 -0.399313
vt 0.112108 0.004898
vn 0.173870 0.974468 -0.142060
v -0.181947 0.195193 -0.642556
vt 0.017563 0.057130
vn 0.173931 0.974461 -0.142037
v -0.047087 0.225976 -0.266291
vt 0.145129 0.120607
vn 0.173937 0.974465 -0.142001
v -0.196778 0.269965 -0.147822
vt 0.194446 0.070314
vn 0.173870 0.974468 -0.142060
v -0.510718 0.183305 -0.380299
vt 0.167712 0.738293
vn 0.526183 0.079886 -0.846611
v -0.781974 0.414773 -0.526991
vt 0.037369 0.778454
vn 0.526134 0.079853 -0.846644
v -0.814934 0.298366 -0.558483
vt 0.034379 0.735851
vn 0.526153 0.079824 -0.846635
v -0.536948 0.444435 -0.371946
vt 0.133776 0.820569
vn 0.526086 0.079814 -0.846678
v -0.415300 0.319926 -0.308133
vt 0.194080 0.795789
vn 0.526184 0.079880 -0.846611
v 0.466531 0.981806 -0.334748
vt 0.256825 0.822278
vn 0.668948 0.195582 0.717117
v 0.268390 0.776076 -0.093710
vt 0.359609 0.740246
vn 0.668990 0.195579 0.717078
v 0.155888 0.889679 -0.019754
vt 0.411368 0.774304
vn 0.668983 0.195608 0.717077
v 0.486279 0.755497 -0.291427
vt 0.253651 0.743908
vn 0.668982 0.195601 0.717079
v 0.560960 0.854381 -0.388081
vt 0.214221 0.782238
vn 0.669013 0.195633 0.717042
v 0.396575 1.082204 -0.064112
vt 0.167346 0.738537
vn -0.143805 -0.050369 -0.988323
v 0.765199 1.036309 -0.115422
vt 0.037339 0.779797
vn -0.143715 -0.050389 -0.988335
v 0.751137 1.161435 -0.119754
vt 0.033982 0.737316
vn -0.143711 -0.050402 -0.988335
v 0.529456 0.861895 -0.072206
vt 0.134264 0.821057
vn -0.143707 -0.050415 -0.988335
v 0.355705 0.901202 -0.048937
vt 0.194324 0.795666
vn -0.143788 -0.050377 -0.988325
v 0.356501 0.872240 0.318196
vt 0.037369 0.778454
vn 0.756100 0.095402 -0.647465
v 0.134959 0.731891 0.038793
vt 0.167712 0.738293
vn 0.756098 0.095371 -0.647473
v 0.375371 0.747844 0.321906
vt 0.034379 0.735851
vn 0.756100 0.095373 -0.647469
v 0.169649 0.979115 0.115784
vt 0.133776 0.820569
vn 0.756097 0.095401 -0.647469
v 0.069150 0.895903 -0.013840
vt 0.194080 0.795789
vn 0.756089 0.095367 -0.647483
v -0.513739 0.983180 -0.333217
vt 0.256825 0.822278
vn 0.415417 0.172154 -0.893192
v -0.222844 0.774450 -0.238198
vt 0.359609 0.740246
vn 0.415352 0.172153 -0.893222
v -0.110177 0.887744 -0.163982
vt 0.411368 0.774304
vn 0.415396 0.172152 -0.893202
v -0.486465 0.755666 -0.364423
vt 0.253651 0.743908
vn 0.415380 0.172174 -0.893205
v -0.600972 0.855811 -0.398353
vt 0.214221 0.782238
vn 0.415407 0.172169 -0.893194
v -0.242537 1.078111 -0.377005
vt 0.167346 0.738537
vn -0.858139 -0.025344 0.512791
v -0.435790 1.028599 -0.702867
vt 0.037339 0.779797
vn -0.858170 -0.025328 0.512740
v -0.432082 1.153977 -0.690468
vt 0.033982 0.737316
vn -0.858162 -0.025328 0.512754
v -0.306149 0.856316 -0.494410
vt 0.134264 0.821057
vn -0.858146 -0.025293 0.512782
v -0.215565 0.897361 -0.340818
vt 0.194324 0.795666
vn -0.858164 -0.025310 0.512751
v 0.111640 0.859764 -0.486940
vt 0.037369 0.778454
vn -0.903201 0.100621 -0.417258
v -0.052031 0.728919 -0.164294
vt 0.167712 0.738293
vn -0.903202 0.100654 -0.417246
v 0.105460 0.735059 -0.503645
vt 0.034379 0.735851
vn -0.903201 0.100621 -0.417258
v 0.006829 0.973788 -0.232672
vt 0.133776 0.820569
vn -0.903202 0.100637 -0.417252
v -0.070296 0.894978 -0.084761
vt 0.194080 0.795789
vn -0.903172 0.100659 -0.417310
v 0.095517 0.978190 -0.593165
vt 0.256825 0.822278
vn 0.982208 0.182137 0.045762
v 0.118891 0.773356 -0.278146
vt 0.359609 0.740246
vn 0.982208 0.182136 0.045756
v 0.091452 0.887801 -0.144579
vt 0.411368 0.774304
vn 0.982215 0.182089 0.045786
v 0.136799 0.751432 -0.576045
vt 0.253651 0.743908
vn 0.982208 0.182127 0.045784
v 0.124220 0.850036 -0.698976
vt 0.214221 0.782238
vn 0.982211 0.182139 0.045691
v 0.233370 1.077858 -0.351272
vt 0.167346 0.738537
vn -0.805956 -0.042754 -0.590430
v 0.458401 1.028150 -0.654851
vt 0.037339 0.779797
vn -0.805954 -0.042685 -0.590437
v 0.446865 1.153444 -0.648159
vt 0.033982 0.737316
vn -0.805956 -0.042690 -0.590434
v 0.319367 0.856120 -0.452621
vt 0.134264 0.821057
vn -0.805959 -0.042696 -0.590430
v 0.212881 0.897249 -0.310234
vt 0.194324 0.795666
vn -0.805970 -0.042758 -0.590410
v 0.465762 0.866213 -0.050909
vt 0.037369 0.778454
vn 0.067447 0.092474 -0.993428
v 0.115156 0.729900 -0.087407
vt 0.167712 0.738293
vn 0.067439 0.092552 -0.993421
v 0.480292 0.741591 -0.061518
vt 0.034379 0.735851
vn 0.067444 0.092479 -0.993428
v 0.195440 0.976311 -0.059002
vt 0.133776 0.820569
vn 0.067442 0.092547 -0.993422
v 0.034213 0.894950 -0.077497
vt 0.194080 0.795789
vn 0.067422 0.092515 -0.993426
v -0.333917 0.725639 -0.465720
vt 0.256825 0.822278
vn 0.716685 0.132004 -0.684790
v -0.135474 0.442500 -0.312621
vt 0.359609 0.740246
vn 0.716707 0.132013 -0.684766
v -0.034261 0.518367 -0.192050
vt 0.411368 0.774304
vn 0.716724 0.131999 -0.684750
v -0.341443 0.500395 -0.517004
vt 0.253651 0.743908
vn 0.716690 0.131993 -0.684787
v -0.417305 0.629054 -0.571583
vt 0.214221 0.782238
vn 0.716685 0.132058 -0.684780
v -0.316696 0.592382 -0.530571
vt 0.019730 0.698497
vn 0.342087 0.766803 -0.543130
v -0.061754 0.584028 -0.594981
vt 0.063157 0.660166
vn 0.033383 0.999441 0.002048
v -0.069912 0.583859 -0.387199
vt 0.109239 0.699962
vn 0.314313 0.811444 -0.492713
v -0.075927 0.608251 -0.373321
vt 0.108934 0.708019
vn 0.441544 0.523508 -0.728683
v -0.321777 0.612989 -0.518846
vt 0.022965 0.705333
vn 0.441527 0.523520 -0.728684
v -0.152805 0.490667 -0.509611
vt 0.167712 0.738293
vn 0.830876 -0.507851 -0.227446
v -0.081310 0.739236 -0.803438
vt 0.037369 0.778454
vn 0.830877 -0.507841 -0.227467
v -0.149097 0.650670 -0.853295
vt 0.034379 0.735851
vn 0.830915 -0.507776 -0.227473
v -0.019566 0.710892 -0.514644
vt 0.133776 0.820569
vn 0.830861 -0.507816 -0.227579
v -0.062606 0.582402 -0.384916
vt 0.194080 0.795789
vn 0.830860 -0.507837 -0.227536
v 0.206948 0.507825 -0.626914
vt 0.042924 0.103029
vn 0.529779 0.796231 0.292147
v -0.077520 0.673407 -0.562244
vt 0.112108 0.004898
vn 0.529756 0.796214 0.292238
v 0.150230 0.586803 -0.739313
vt 0.017563 0.057130
vn 0.529746 0.796199 0.292294
v 0.107712 0.473845 -0.354359
vt 0.145129 0.120607
vn 0.529826 0.796172 0.292222
v -0.056398 0.558402 -0.287173
vt 0.194446 0.070314
vn 0.529806 0.796221 0.292125
v 0.268884 0.457640 -0.430001
vt 0.037369 0.778454
vn -0.678911 0.327624 -0.657071
v -0.010338 0.349616 -0.195344
vt 0.167712 0.738293
vn -0.678933 0.327656 -0.657033
v 0.245208 0.339523 -0.464397
vt 0.034379 0.735851
vn -0.678915 0.327658 -0.657050
v 0.111860 0.576822 -0.208314
vt 0.133776 0.820569
vn -0.678929 0.327622 -0.657053
v -0.021626 0.509563 -0.103931
vt 0.194080 0.795789
vn -0.678902 0.327656 -0.657064
v 0.467877 0.736040 0.257548
vt 0.256825 0.822278
vn -0.372611 0.159872 0.914113
v 0.226916 0.450295 0.209299
vt 0.359609 0.740246
vn -0.372677 0.159886 0.914083
v 0.086399 0.523469 0.139234
vt 0.411368 0.774304
vn -0.372627 0.159901 0.914101
v 0.495865 0.512367 0.308106
vt 0.253651 0.743908
vn -0.372641 0.159913 0.914093
v 0.586339 0.641894 0.322321
vt 0.214221 0.782238
vn -0.372616 0.159892 0.914107
v 0.478314 0.604943 0.328028
vt 0.019730 0.698497
vn -0.089062 0.785642 0.612238
v 0.270999 0.600877 0.493605
vt 0.063157 0.660166
vn -0.035288 0.999183 -0.019687
v 0.196099 0.594429 0.300505
vt 0.109239 0.699962
vn -0.084354 0.833077 0.546688
v 0.196016 0.618344 0.284578
vt 0.108934 0.708019
vn -0.101362 0.551281 0.828139
v 0.478232 0.625157 0.314565
vt 0.022965 0.705333
vn -0.101302 0.551324 0.828118
v 0.320686 0.504152 0.380453
vt 0.167712 0.738293
vn -0.666182 -0.496899 0.556141
v 0.370921 0.762086 0.671011
vt 0.037369 0.778454
vn -0.666178 -0.496891 0.556153
v 0.452935 0.674416 0.690907
vt 0.034379 0.735851
vn -0.666164 -0.496838 0.556217
v 0.200164 0.725667 0.433994
vt 0.133776 0.820569
vn -0.666217 -0.496870 0.556125
v 0.188518 0.592971 0.301491
vt 0.194080 0.795789
vn -0.666172 -0.496855 0.556193
v 0.038497 0.528151 0.637340
vt 0.042924 0.103029
vn -0.607695 0.790015 -0.081143
v 0.272125 0.689079 0.454409
vt 0.112108 0.004898
vn -0.607679 0.790019 -0.081216
v 0.134574 0.609933 0.713839
vt 0.017563 0.057130
vn -0.607656 0.790045 -0.081139
v 0.021221 0.485144 0.348054
vt 0.145129 0.120607
vn -0.607675 0.790027 -0.081168
v 0.144188 0.566112 0.215603
vt 0.194446 0.070314
vn -0.607679 0.790019 -0.081216
v -0.095977 0.472696 0.484941
vt 0.037369 0.778454
vn 0.885847 0.337781 0.318086
v 0.066486 0.355111 0.157340
vt 0.167712 0.738293
vn 0.885845 0.337812 0.318059
v -0.060271 0.355448 0.510051
vt 0.034379 0.735851
vn 0.885846 0.337791 0.318077
v -0.040798 0.583719 0.213346
vt 0.133776 0.820569
vn 0.885846 0.337802 0.318068
v 0.039981 0.512171 0.064318
vt 0.194080 0.795789
vn 0.885837 0.337794 0.318102
v 0.542668 0.736713 -0.245980
vt 0.256825 0.822278
vn 0.533002 0.102115 0.839929
v 0.330271 0.444267 -0.075578
vt 0.359609 0.740246
vn 0.532962 0.102160 0.839950
v 0.188463 0.530030 0.003981
vt 0.411368 0.774304
vn 0.533000 0.102133 0.839929
v 0.586559 0.496106 -0.244553
vt 0.253651 0.743908
vn 0.532982 0.102194 0.839933
v 0.664645 0.629699 -0.310364
vt 0.214221 0.782238
vn 0.532998 0.102164 0.839926
v 0.419784 0.765899 0.039338
vt 0.167346 0.738537
vn 0.000879 0.145152 -0.989409
v 0.815929 0.773272 0.040791
vt 0.037339 0.779797
vn 0.000805 0.145192 -0.989403
v 0.785716 0.901146 0.059519
vt 0.033982 0.737316
vn 0.000892 0.145213 -0.989400
v 0.587520 0.556860 0.008832
vt 0.134264 0.821057
vn 0.000878 0.145222 -0.989399
v 0.398662 0.571748 0.010830
vt 0.194324 0.795666
vn 0.000808 0.145195 -0.989403
v 0.352794 0.452650 0.380531
vt 0.037369 0.778454
vn 0.819062 0.299298 -0.489447
v 0.179097 0.351411 0.028028
vt 0.167712 0.738293
vn 0.819046 0.299316 -0.489463
v 0.388005 0.326206 0.362140
vt 0.034379 0.735851
vn 0.819059 0.299275 -0.489465
v 0.172588 0.590392 0.163255
vt 0.133776 0.820569
vn 0.819059 0.299275 -0.489465
v 0.096698 0.525095 -0.003593
vt 0.194080 0.795789
vn 0.819073 0.299257 -0.489454
v 0.336012 0.994815 0.471997
vt 0.256825 0.822278
vn -0.685001 0.197117 0.701369
v 0.089612 0.782440 0.291037
vt 0.359609 0.740246
vn -0.685034 0.197129 0.701334
v 0.007543 0.893071 0.179805
vt 0.411368 0.774304
vn -0.685027 0.197146 0.701335
v 0.298603 0.768310 0.499130
vt 0.253651 0.743908
vn -0.684972 0.197087 0.701406
v 0.396849 0.869801 0.566523
vt 0.214221 0.782238
vn -0.685044 0.197113 0.701328
v 0.066458 1.090363 0.419701
vt 0.167346 0.738537
vn 0.976927 -0.038943 -0.209994
v 0.145286 1.051616 0.793787
vt 0.037339 0.779797
vn 0.976937 -0.038925 -0.209948
v 0.146660 1.176518 0.777081
vt 0.033982 0.737316
vn 0.976941 -0.038901 -0.209936
v 0.087607 0.872521 0.558534
vt 0.134264 0.821057
vn 0.976945 -0.038876 -0.209924
v 0.051104 0.908491 0.381880
vt 0.194324 0.795666
vn 0.976927 -0.038885 -0.210002
v -0.304913 0.874624 0.411478
vt 0.037369 0.778454
vn 0.720470 0.116389 0.683650
v -0.048708 0.734162 0.165356
vt 0.167712 0.738293
vn 0.720470 0.116376 0.683652
v -0.305325 0.750535 0.433060
vt 0.034379 0.735851
vn 0.720472 0.116375 0.683650
v -0.124213 0.980909 0.202944
vt 0.133776 0.820569
vn 0.720468 0.116390 0.683651
v -0.004927 0.897669 0.091374
vt 0.194080 0.795789
vn 0.720465 0.116379 0.683656
v 0.479495 0.429323 0.273631
vt 0.256825 0.822278
vn -0.385475 0.111295 0.915982
v 0.217660 0.174081 0.194461
vt 0.359609 0.740246
vn -0.385398 0.111251 0.916019
v 0.085959 0.266993 0.127743
vt 0.411368 0.774304
vn -0.385441 0.111270 0.915999
v 0.487433 0.199987 0.304837
vt 0.253651 0.743908
vn -0.385409 0.111237 0.916017
v 0.587712 0.318244 0.332645
vt 0.214221 0.782238
vn -0.385452 0.111279 0.915994
v 0.200768 0.477293 0.333916
vt 0.167346 0.738537
vn 0.821812 0.098926 -0.561106
v 0.416872 0.460892 0.647535
vt 0.037339 0.779797
vn 0.821795 0.099001 -0.561117
v 0.394295 0.584084 0.636225
vt 0.033982 0.737316
vn 0.821799 0.098982 -0.561114
v 0.302338 0.268928 0.445875
vt 0.134264 0.821057
vn 0.821799 0.098996 -0.561111
v 0.198433 0.294217 0.298145
vt 0.194324 0.795666
vn 0.821769 0.098933 -0.561167
v -0.110507 0.201809 0.462995
vt 0.037369 0.778454
vn 0.900295 0.231950 0.368331
v 0.051709 0.100290 0.130414
vt 0.167712 0.738293
vn 0.900295 0.231985 0.368310
v -0.085375 0.079683 0.478482
vt 0.034379 0.735851
vn 0.900295 0.231962 0.368324
v -0.038078 0.332206 0.203774
vt 0.133776 0.820569
vn 0.900295 0.231974 0.368317
v 0.041107 0.267414 0.051037
vt 0.194080 0.795789
vn 0.900286 0.231963 0.368346
v 0.365840 0.241845 0.067379
vt 0.019730 0.698497
vn 0.020678 0.566786 0.823606
v 0.176103 0.189894 0.247224
vt 0.063157 0.660166
vn 0.020588 0.954489 0.297536
v 0.082251 0.246807 0.071089
vt 0.109239 0.699962
vn 0.021214 0.630326 0.776041
v 0.081784 0.274647 0.062814
vt 0.108934 0.708019
vn 0.017492 0.284543 0.958504
v 0.365456 0.265367 0.060402
vt 0.022965 0.705333
vn 0.017491 0.284529 0.958508
v 0.562416 0.366130 0.468625
vt 0.042924 0.103029
vn 0.065867 0.894604 -0.441979
v 0.439257 0.233350 0.181595
vt 0.112108 0.004898
vn 0.065908 0.894566 -0.442050
v 0.658713 0.311655 0.372723
vt 0.017563 0.057130
vn 0.065883 0.894568 -0.442050
v 0.278305 0.375690 0.445693
vt 0.145129 0.120607
vn 0.065866 0.894592 -0.442003
v 0.178438 0.305768 0.289325
vt 0.194446 0.070314
vn 0.065828 0.894566 -0.442062
v 0.469470 0.471882 0.792542
vt 0.042924 0.103029
vn -0.028153 0.955499 -0.293648
v 0.554258 0.377737 0.478223
vt 0.112108 0.004898
vn -0.028113 0.955466 -0.293760
v 0.610317 0.467537 0.764915
vt 0.017563 0.057130
vn -0.028108 0.955465 -0.293763
v 0.251773 0.410231 0.612931
vt 0.145129 0.120607
vn -0.028113 0.955497 -0.293657
v 0.271136 0.352504 0.423255
vt 0.194446 0.070314
vn -0.028113 0.955466 -0.293760
v 0.184810 0.302880 0.292775
vt 0.411368 0.774304
vn -0.376030 0.923626 0.074266
v 0.329475 0.327075 0.724007
vt 0.256825 0.822278
vn -0.376067 0.923612 0.074264
v 0.104362 0.258190 0.440998
vt 0.359609 0.740246
vn -0.376105 0.923595 0.074276
v 0.128834 0.244172 0.738871
vt 0.253651 0.743908
vn -0.376093 0.923606 0.074201
v 0.232986 0.277900 0.846705
vt 0.214221 0.782238
vn -0.376087 0.923601 0.074300
v -0.099383 0.146942 0.535525
vt 0.042924 0.103029
vn -0.371631 0.918532 0.134871
v 0.204256 0.276498 0.490051
vt 0.112108 0.004898
vn -0.371626 0.918543 0.134807
v -0.019786 0.161269 0.657289
vt 0.017563 0.057130
vn -0.371650 0.918535 0.134798
v -0.031459 0.215070 0.258663
vt 0.145129 0.120607
vn -0.371700 0.918513 0.134809
v 0.139161 0.292534 0.201232
vt 0.194446 0.070314
vn -0.371626 0.918543 0.134807
v 0.371361 0.224687 0.523436
vt 0.167712 0.738293
vn -0.779063 -0.068398 0.623203
v 0.544480 0.474153 0.767250
vt 0.037369 0.778454
vn -0.779047 -0.068386 0.623225
v 0.582274 0.360410 0.801984
vt 0.034379 0.735851
vn -0.779038 -0.068427 0.623232
v 0.360457 0.486742 0.538560
vt 0.133776 0.820569
vn -0.779038 -0.068427 0.623232
v 0.285227 0.354214 0.429973
vt 0.194080 0.795789
vn -0.779071 -0.068450 0.623188
v -0.005531 1.286897 -0.012361
vt 0.433097 0.820325
vn -0.992991 0.067921 0.096721
v 0.018117 1.361445 0.177859
vt 0.434318 0.748058
vn -0.989318 0.080511 0.121527
v -0.005970 1.263599 -0.000481
vt 0.441398 0.821180
vn -0.887902 0.454722 -0.069691
v 0.017678 1.338904 0.189351
vt 0.442374 0.748302
vn -0.859570 0.506535 -0.067537
v 0.062915 1.473871 0.404889
vt 0.433097 0.661631
vn -0.984552 0.093805 0.147847
v -0.206062 1.179546 0.127302
vt 0.520500 0.778943
vn -0.524286 0.822360 -0.221015
v 0.062558 1.454834 0.414591
vt 0.439933 0.658213
vn -0.935808 0.352474 0.004996
v -0.101937 1.296205 0.351530
vt 0.494865 0.688975
vn -0.578598 0.785378 -0.220014
v 0.024902 0.272124 -0.029015
vt 0.433585 0.868666
vn -0.762347 -0.022086 -0.646792
v -0.091335 0.284264 0.107613
vt 0.433097 0.815442
vn -0.761499 -0.022370 -0.647780
v 0.020809 0.248602 -0.023386
vt 0.440421 0.863905
vn -0.725190 0.277317 -0.630234
v -0.096334 0.255499 0.114487
vt 0.441398 0.816297
vn -0.630637 0.485207 -0.605699
v -0.235561 0.326963 0.275162
vt 0.434318 0.748058
vn -0.777446 -0.015083 -0.628769
v -0.329468 0.114084 0.028417
vt 0.520500 0.778943
vn -0.364054 0.820041 -0.441584
v -0.240422 0.299123 0.281802
vt 0.442374 0.748302
vn -0.635822 0.446279 -0.629734
v -0.405192 0.405016 0.496510
vt 0.433097 0.661631
vn -0.794903 -0.006738 -0.606699
v -0.452352 0.203155 0.299260
vt 0.494865 0.688975
vn -0.390282 0.770038 -0.504699
v -0.409285 0.381494 0.502140
vt 0.439933 0.658213
vn -0.709633 0.277579 -0.647588
v 0.003670 0.512928 -0.035993
vt 0.433585 0.868666
vn -0.816675 -0.058056 -0.574171
v -0.099768 0.548842 0.107483
vt 0.433097 0.815442
vn -0.815865 -0.058635 -0.575262
v -0.000862 0.490555 -0.027277
vt 0.440421 0.863905
vn -0.763717 0.239562 -0.599455
v -0.105316 0.521479 0.118119
vt 0.441398 0.816297
vn -0.658397 0.441114 -0.609862
v -0.350342 0.383821 0.069558
vt 0.520500 0.778943
vn -0.363462 0.777956 -0.512524
v -0.227156 0.620559 0.280272
vt 0.434318 0.748058
vn -0.829744 -0.048306 -0.556049
v -0.232512 0.594093 0.290570
vt 0.442374 0.748302
vn -0.667609 0.399927 -0.627978
v -0.445732 0.513292 0.337159
vt 0.494865 0.688975
vn -0.397419 0.722130 -0.566204
v -0.373743 0.735592 0.504215
vt 0.433097 0.661631
vn -0.844679 -0.036760 -0.534009
v -0.378275 0.713219 0.512931
vt 0.439933 0.658213
vn -0.751588 0.232403 -0.617337
v 0.022924 0.539142 -0.019443
vt 0.433585 0.868666
vn -0.399304 0.104911 -0.910796
v -0.149344 0.539927 0.056173
vt 0.433097 0.815442
vn -0.398117 0.104628 -0.911349
v 0.016552 0.513993 -0.019547
vt 0.440421 0.863905
vn -0.374918 0.401148 -0.835773
v -0.157117 0.509171 0.056044
vt 0.441398 0.816297
vn -0.300535 0.600507 -0.740992
v -0.339658 0.390325 -0.155630
vt 0.520500 0.778943
vn -0.132283 0.895807 -0.424301
v -0.362235 0.570122 0.152230
vt 0.434318 0.748058
vn -0.421364 0.110560 -0.900127
v -0.369788 0.540375 0.152101
vt 0.442374 0.748302
vn -0.293981 0.565228 -0.770774
v -0.578971 0.452341 0.054565
vt 0.494865 0.688975
vn -0.127544 0.856760 -0.499695
v -0.623659 0.631213 0.292204
vt 0.433097 0.661631
vn -0.447366 0.116971 -0.886669
v -0.630031 0.606064 0.292100
vt 0.439933 0.658213
vn -0.351864 0.404506 -0.844136
v -0.032366 0.296347 -0.004372
vt 0.433585 0.868666
vn 0.105572 0.094862 0.989877
v 0.142457 0.317347 -0.025046
vt 0.433097 0.815442
vn 0.104332 0.094476 0.990045
v -0.024345 0.273302 -0.003023
vt 0.440421 0.863905
vn 0.070412 0.392639 0.916993
v 0.152263 0.289170 -0.023386
vt 0.441398 0.816297
vn 0.005017 0.586150 0.810187
v 0.356584 0.370896 -0.052361
vt 0.434318 0.748058
vn 0.129530 0.102974 0.986214
v 0.272620 0.183557 0.216484
vt 0.520500 0.778943
vn -0.096843 0.879679 0.465604
v 0.366032 0.343645 -0.050753
vt 0.442374 0.748302
vn -0.006057 0.548627 0.836045
v 0.623006 0.460388 -0.105357
vt 0.433097 0.661631
vn 0.157434 0.112372 0.981115
v 0.537284 0.275544 0.093839
vt 0.494865 0.688975
vn -0.118536 0.836640 0.534774
v 0.631027 0.437342 -0.103982
vt 0.439933 0.658213
vn 0.047012 0.389642 0.919766
v 0.003725 1.287037 -0.002711
vt 0.433097 0.820325
vn 0.451901 0.052005 -0.890551
v -0.166566 1.357520 -0.084994
vt 0.434318 0.748058
vn 0.427715 0.064369 -0.901619
v -0.005586 1.263459 -0.008807
vt 0.441398 0.821180
vn 0.534002 0.446864 -0.717742
v -0.175574 1.334727 -0.090908
vt 0.442374 0.748302
vn 0.516301 0.497230 -0.697277
v -0.378880 1.465348 -0.169404
vt 0.433097 0.661631
vn 0.401942 0.077362 -0.912391
v -0.003773 1.173294 -0.248548
vt 0.520500 0.778943
vn 0.461428 0.820478 -0.337491
v -0.386488 1.446059 -0.174410
vt 0.439933 0.658213
vn 0.496254 0.341659 -0.798123
v -0.245339 1.286364 -0.279988
vt 0.494865 0.688975
vn 0.489422 0.784300 -0.381235
v -0.011931 1.287009 -0.005357
vt 0.433097 0.820325
vn 0.092314 0.082177 0.992333
v 0.174785 1.357941 -0.028600
vt 0.434318 0.748058
vn 0.118905 0.094661 0.988383
v -0.000752 1.263515 -0.004449
vt 0.441398 0.821180
vn -0.075612 0.480279 0.873850
v 0.185579 1.335231 -0.027718
vt 0.442374 0.748302
vn -0.069974 0.525550 0.847880
v 0.398168 1.465824 -0.073684
vt 0.433097 0.661631
vn 0.146519 0.107595 0.983339
v 0.120127 1.180303 0.203540
vt 0.520500 0.778943
vn -0.218681 0.838203 0.499593
v 0.407314 1.446591 -0.072932
vt 0.439933 0.658213
vn 0.004324 0.368748 0.929520
v 0.341532 1.291551 0.097470
vt 0.494865 0.688975
vn -0.218458 0.804193 0.552765
v 0.024902 0.272965 0.020505
vt 0.433585 0.868666
vn 0.612083 0.134516 -0.779269
v -0.116055 0.277619 -0.089404
vt 0.433097 0.815442
vn 0.613090 0.134288 -0.778516
v 0.022100 0.249415 0.014254
vt 0.440421 0.863905
vn 0.559336 0.421562 -0.713743
v -0.119488 0.248826 -0.097082
vt 0.441398 0.816297
vn 0.507989 0.623602 -0.594195
v -0.292471 0.310926 -0.223074
vt 0.434318 0.748058
vn 0.592447 0.140627 -0.793241
v -0.034920 0.146970 -0.353736
vt 0.520500 0.778943
vn 0.310677 0.906656 -0.285403
v -0.295794 0.283058 -0.230493
vt 0.442374 0.748302
vn 0.538311 0.587798 -0.603916
v -0.526813 0.374008 -0.376123
vt 0.433097 0.661631
vn 0.568419 0.147681 -0.809377
v -0.315103 0.208706 -0.455370
vt 0.494865 0.688975
vn 0.380036 0.867990 -0.319635
v -0.529614 0.350457 -0.382374
vt 0.439933 0.658213
vn 0.575330 0.434980 -0.692667
v -0.028575 0.919454 -0.003697
vt 0.433585 0.868666
vn 0.114028 0.134262 0.984363
v 0.147401 0.918276 -0.023931
vt 0.433097 0.815442
vn 0.112701 0.133986 0.984554
v -0.022999 0.895707 -0.001103
vt 0.440421 0.863905
vn 0.115038 0.427418 0.896705
v 0.154213 0.889230 -0.020740
vt 0.441398 0.816297
vn 0.073423 0.624687 0.777416
v 0.262430 0.783618 0.225174
vt 0.520500 0.778943
vn 0.007721 0.909207 0.416274
v 0.365758 0.944350 -0.052102
vt 0.434318 0.748058
vn 0.138498 0.139554 0.980481
v 0.372350 0.916257 -0.049041
vt 0.442374 0.748302
vn 0.057618 0.590081 0.805285
v 0.535197 0.836410 0.100246
vt 0.494865 0.688975
vn -0.019269 0.872652 0.487962
v 0.639898 0.998404 -0.107303
vt 0.433097 0.661631
vn 0.167619 0.145758 0.975017
v 0.645474 0.974657 -0.104709
vt 0.439933 0.658213
vn 0.090018 0.433791 0.896506
v -0.021983 0.919538 0.002762
vt 0.433585 0.868666
vn 0.866997 0.107876 -0.486497
v -0.110067 0.916538 -0.154903
vt 0.433097 0.815442
vn 0.867643 0.107620 -0.485400
v -0.022258 0.895679 -0.003049
vt 0.440421 0.863905
vn 0.795302 0.392906 -0.461648
v -0.110425 0.887352 -0.161985
vt 0.441398 0.816297
vn 0.701651 0.601291 -0.382277
v 0.064535 0.774590 -0.359521
vt 0.520500 0.778943
vn 0.403077 0.895222 -0.190019
v -0.221745 0.940425 -0.349923
vt 0.434318 0.748058
vn 0.854632 0.113092 -0.506768
v -0.222075 0.912192 -0.356771
vt 0.442374 0.748302
vn 0.732966 0.565580 -0.377995
v -0.154755 0.826710 -0.567873
vt 0.494865 0.688975
vn 0.480631 0.855379 -0.193183
v -0.379292 0.992152 -0.587277
vt 0.433097 0.661631
vn 0.839035 0.119018 -0.530900
v -0.379566 0.968293 -0.593062
vt 0.439933 0.658213
vn 0.800958 0.409774 -0.436522
v -0.027696 0.919510 0.000479
vt 0.433585 0.868666
vn 0.783938 0.125530 0.608017
v 0.082883 0.916482 -0.141466
vt 0.433097 0.815442
vn 0.783205 0.125312 0.609005
v -0.022230 0.895679 -0.001648
vt 0.440421 0.863905
vn 0.726643 0.417002 0.545984
v 0.089557 0.887380 -0.144060
vt 0.441398 0.816297
vn 0.615489 0.616218 0.491374
v 0.334199 0.779188 -0.048185
vt 0.520500 0.778943
vn 0.316897 0.904677 0.284844
v 0.218291 0.940284 -0.319936
vt 0.434318 0.748058
vn 0.797856 0.130544 0.588544
v 0.224746 0.912108 -0.322452
vt 0.442374 0.748302
vn 0.624358 0.581589 0.521471
v 0.441812 0.829625 -0.334644
vt 0.494865 0.688975
vn 0.349586 0.866968 0.355184
v 0.374876 0.991591 -0.558068
vt 0.433097 0.661631
vn 0.814029 0.136285 0.564610
v 0.380342 0.967760 -0.560195
vt 0.439933 0.658213
vn 0.710529 0.421281 0.563623
v 0.000951 0.513769 0.015888
vt 0.433585 0.868666
vn 0.981802 -0.054061 -0.182049
v -0.030113 0.544468 -0.160714
vt 0.433097 0.815442
vn 0.982000 -0.054568 -0.180829
v -0.001933 0.491115 0.007146
vt 0.440421 0.863905
vn 0.961924 0.236663 -0.136721
v -0.033601 0.516797 -0.171401
vt 0.441398 0.816297
vn 0.893923 0.444066 -0.060892
v 0.170088 0.376952 -0.317394
vt 0.520500 0.778943
vn 0.621270 0.780276 0.072065
v -0.065819 0.609905 -0.376278
vt 0.434318 0.748058
vn 0.977920 -0.045040 -0.204069
v -0.069225 0.583102 -0.386628
vt 0.442374 0.748302
vn 0.913645 0.402978 -0.053490
v 0.044732 0.498096 -0.575630
vt 0.494865 0.688975
vn 0.683651 0.724711 0.086107
v -0.124982 0.717004 -0.642452
vt 0.433097 0.661631
vn 0.972573 -0.034362 -0.230047
v -0.127866 0.694350 -0.651194
vt 0.439933 0.658213
vn 0.964440 0.238772 -0.113331
v -0.028136 0.512984 -0.035759
vt 0.433585 0.868666
vn -0.826751 -0.040336 0.561120
v 0.070111 0.548674 0.111556
vt 0.433097 0.815442
vn -0.827433 -0.040870 0.560076
v -0.021983 0.490583 -0.028289
vt 0.440421 0.863905
vn -0.827914 0.250077 0.502015
v 0.077637 0.521282 0.120687
vt 0.441398 0.816297
vn -0.796820 0.454048 0.398646
v -0.050054 0.387746 0.343333
vt 0.520500 0.778943
vn -0.601265 0.783598 0.156383
v 0.187941 0.620166 0.291452
vt 0.434318 0.748058
vn -0.814177 -0.030656 0.579807
v 0.195220 0.593672 0.300272
vt 0.442374 0.748302
vn -0.817994 0.412655 0.400752
v 0.166380 0.515423 0.523021
vt 0.494865 0.688975
vn -0.663496 0.728603 0.170033
v 0.347108 0.734638 0.506472
vt 0.433097 0.661631
vn -0.798685 -0.019253 0.601441
v 0.353261 0.712237 0.513942
vt 0.439933 0.658213
vn -0.839640 0.251753 0.481275
v -0.009294 0.535665 -0.005202
vt 0.433585 0.868666
vn -0.041610 -0.065427 0.996990
v 0.176515 0.559440 0.004111
vt 0.433097 0.815442
vn -0.042815 -0.065838 0.996911
v -0.000779 0.511273 -0.006447
vt 0.440421 0.863905
vn -0.069783 0.237736 0.968820
v 0.186898 0.529637 0.002581
vt 0.441398 0.816297
vn -0.121177 0.443646 0.887972
v 0.279294 0.373643 0.251089
vt 0.520500 0.778943
vn -0.175944 0.787914 0.590114
v 0.403963 0.617952 0.018119
vt 0.434318 0.748058
vn -0.017506 -0.057139 0.998213
v 0.414016 0.589130 0.016666
vt 0.442374 0.748302
vn -0.135300 0.403059 0.905117
v 0.573128 0.489349 0.180998
vt 0.494865 0.688975
vn -0.206342 0.734869 0.646057
v 0.689475 0.718097 0.019805
vt 0.433097 0.661631
vn 0.010688 -0.047234 0.998827
v 0.697989 0.693734 0.018560
vt 0.439933 0.658213
vn -0.093111 0.235075 0.967507
v -0.022642 0.919369 -0.008237
vt 0.433585 0.868666
vn -0.976310 0.120261 0.179878
v 0.010537 0.921556 0.170311
vt 0.433097 0.815442
vn -0.976550 0.119981 0.178757
v -0.024400 0.895679 -0.001959
vt 0.440421 0.863905
vn -0.898362 0.404769 0.170609
v 0.008394 0.892595 0.177989
vt 0.441398 0.816297
vn -0.783296 0.610119 0.119169
v -0.220564 0.785608 0.309429
vt 0.520500 0.778943
vn -0.436805 0.899234 0.024081
v 0.054345 0.951835 0.391244
vt 0.434318 0.748058
vn -0.971119 0.125877 0.202688
v 0.052258 0.923827 0.398664
vt 0.442374 0.748302
vn -0.811686 0.574310 0.106458
v -0.079031 0.844849 0.578145
vt 0.494865 0.688975
vn -0.511924 0.859024 0.003427
v 0.128285 1.011413 0.666731
vt 0.433097 0.661631
vn -0.964124 0.132567 0.229982
v 0.126527 0.987722 0.673009
vt 0.439933 0.658213
vn -0.896628 0.418251 0.145343
v -0.015034 0.283563 -0.033321
vt 0.433585 0.868666
vn -0.844570 -0.018541 0.535124
v 0.081152 0.295422 0.118871
vt 0.433097 0.815442
vn -0.845271 -0.018801 0.534007
v -0.010969 0.260012 -0.027718
vt 0.440421 0.863905
vn -0.818236 0.273080 0.505884
v 0.086124 0.266657 0.125745
vt 0.441398 0.816297
vn -0.764571 0.486024 0.423334
v 0.198735 0.337785 0.307172
vt 0.434318 0.748058
vn -0.831885 -0.011611 0.554827
v -0.058870 0.125663 0.332464
vt 0.520500 0.778943
vn -0.531832 0.818048 0.218980
v 0.203570 0.309945 0.313787
vt 0.442374 0.748302
vn -0.789747 0.446457 0.420684
v 0.359935 0.415389 0.535213
vt 0.433097 0.661631
vn -0.816107 -0.003414 0.577890
v 0.161491 0.214117 0.527924
vt 0.494865 0.688975
vn -0.599854 0.767633 0.225643
v 0.364000 0.391867 0.540817
vt 0.439933 0.658213
vn -0.828432 0.283569 0.482999
v -0.000758 0.106588 0.015039
vt 0.466053 -0.341776
vn -0.000209 -0.006491 0.999979
v 0.012433 -0.010071 0.008955
vt 0.491926 -0.509766
vn 0.716037 0.001987 0.698059
v -0.000006 -0.010071 0.014247
vt 0.466053 -0.509766
vn 0.001374 -0.006722 0.999976
v 0.011073 0.106728 0.010007
vt 0.491926 -0.341776
vn 0.713482 0.002325 0.700670
v -0.001454 0.216974 0.015727
vt 0.466053 -0.162083
vn -0.000498 -0.002385 0.999997
v 0.017591 -0.010071 -0.003815
vt 0.517573 -0.509766
vn 0.999900 0.013774 -0.003182
v 0.009742 0.217067 0.010964
vt 0.491926 -0.162083
vn 0.712693 0.003812 0.701466
v -0.001975 0.376537 0.015497
vt 0.466053 0.042030
vn -0.000396 0.003051 0.999995
v 0.015978 0.106892 -0.002138
vt 0.517573 -0.341776
vn 0.999901 0.014092 0.000380
v 0.008561 0.376607 0.011016
vt 0.491926 0.042030
vn 0.713179 0.005489 0.700960
v 0.014385 0.217184 -0.000529
vt 0.517573 -0.162083
vn 0.999931 0.011671 0.001466
v -0.002295 0.564540 0.014612
vt 0.466053 0.282726
vn -0.000408 0.006188 0.999981
v 0.009746 0.217255 -0.012025
vt 0.543446 -0.162083
vn 0.714197 0.017187 -0.699733
v 0.011075 0.107009 -0.014285
vt 0.543446 -0.341776
vn 0.713683 0.022468 -0.700109
v 0.012436 -0.010071 -0.016587
vt 0.543446 -0.509766
vn 0.712649 0.022090 -0.701173
v -0.000001 -0.010071 -0.021884
vt 0.569319 -0.509766
vn 0.001913 0.021938 -0.999757
v 0.007551 0.564540 0.010424
vt 0.491926 0.282726
vn 0.713189 0.006487 0.700942
v -0.002347 0.790391 0.012853
vt 0.466053 0.571294
vn -0.000404 0.014939 0.999888
v 0.012931 0.376654 0.000199
vt 0.517573 0.042030
vn 0.999968 0.007978 0.000731
v -0.000752 0.106986 -0.019323
vt 0.569319 -0.341776
vn -0.000069 0.022439 -0.999748
v -0.012583 0.106869 -0.014290
vt 0.595212 -0.341776
vn -0.713678 0.013388 -0.700346
v -0.012440 -0.010071 -0.016592
vt 0.595212 -0.509766
vn -0.710988 0.013063 -0.703082
v -0.017599 -0.010071 -0.003823
vt 0.621085 -0.509766
vn -0.999993 0.001011 -0.003523
v 0.008565 0.376678 -0.010619
vt 0.543446 0.042030
vn 0.713975 0.009193 -0.700111
v -0.017489 0.106682 -0.002145
vt 0.621085 -0.341776
vn -0.999999 0.001359 -0.000127
v -0.012444 -0.010071 0.008949
vt 0.646958 -0.509766
vn -0.714728 -0.007214 0.699365
v -0.012644 0.217161 -0.012029
vt 0.595212 -0.162083
vn -0.714410 0.010265 -0.699652
v -0.001448 0.217255 -0.016793
vt 0.569319 -0.162083
vn -0.000041 0.016811 -0.999859
v -0.000758 0.106588 0.015039
vt 0.672852 -0.341776
vn -0.000191 -0.006493 0.999979
v -0.000006 -0.010071 0.014247
vt 0.672852 -0.509766
vn 0.001392 -0.006712 0.999977
v -0.012586 0.106588 0.010002
vt 0.646958 -0.341776
vn -0.713795 -0.006818 0.700321
v -0.001454 0.216974 0.015727
vt 0.672852 -0.162083
vn -0.000485 -0.002334 0.999997
v -0.017287 0.217044 -0.000536
vt 0.621085 -0.162083
vn -0.999997 0.002180 0.001011
v -0.012648 0.216950 0.010960
vt 0.646958 -0.162083
vn -0.713418 -0.003009 0.700732
v -0.001975 0.376537 0.015497
vt 0.672852 0.042030
vn -0.000385 0.002995 0.999995
v -0.012509 0.376537 0.011012
vt 0.646958 0.042030
vn -0.713623 0.001999 0.700527
v -0.002295 0.564540 0.014612
vt 0.672852 0.282726
vn -0.000389 0.006150 0.999981
v -0.012505 0.376631 -0.010623
vt 0.595212 0.042030
vn -0.713932 0.005632 -0.700192
v -0.016875 0.376561 0.000194
vt 0.621085 0.042030
vn -0.999996 0.002971 0.000324
v -0.012139 0.564516 0.010420
vt 0.646958 0.282726
vn -0.713675 0.005097 0.700458
v -0.002347 0.790391 0.012853
vt 0.672852 0.571294
vn -0.000393 0.014958 0.999888
v -0.001969 0.376678 -0.015105
vt 0.569319 0.042030
vn -0.000013 0.008256 -0.999966
v -0.012135 0.564516 -0.009798
vt 0.595212 0.282726
vn -0.713927 0.003436 -0.700212
v -0.016218 0.564516 0.000311
vt 0.621085 0.282726
vn -0.999992 0.003921 0.000219
v -0.011460 0.790391 0.008971
vt 0.646958 0.571294
vn -0.713749 0.014191 0.700257
v -0.008496 1.001870 0.005378
vt 0.646958 0.841939
vn -0.713992 0.017503 0.699935
v -0.001962 1.001870 0.008162
vt 0.672852 0.841939
vn -0.000525 0.016328 0.999867
v -0.015239 0.790344 -0.000389
vt 0.621085 0.571294
vn -0.999932 0.011701 -0.000057
v -0.001143 1.156659 0.006520
vt 0.672852 1.040016
vn -0.000517 0.010785 0.999942
v -0.011457 0.790321 -0.009747
vt 0.595212 0.571294
vn -0.713764 0.008940 -0.700330
v -0.006952 1.156705 0.004046
vt 0.646958 1.040016
vn -0.713972 0.014594 0.700023
v -0.000079 1.279052 0.005171
vt 0.672852 1.196672
vn -0.000216 0.017849 0.999841
v -0.011204 1.001870 -0.001334
vt 0.621085 0.841939
vn -0.999879 0.015527 -0.000226
v -0.008493 1.001847 -0.008043
vt 0.595212 0.841939
vn -0.713670 0.011722 -0.700384
v -0.002289 0.564516 -0.013986
vt 0.569319 0.282726
vn -0.000002 0.003824 -0.999993
v -0.002341 0.790297 -0.013626
vt 0.569319 0.571294
vn 0.000001 0.007444 -0.999972
v 0.007555 0.564540 -0.009793
vt 0.543446 0.282726
vn 0.713921 0.004795 -0.700210
v 0.006774 0.790297 -0.009744
vt 0.543446 0.571294
vn 0.713704 0.007800 -0.700404
v 0.011634 0.564540 0.000316
vt 0.517573 0.282726
vn 0.999983 0.005784 0.000607
v 0.006770 0.790367 0.008975
vt 0.491926 0.571294
vn 0.713303 0.013090 0.700734
v 0.010551 0.790344 -0.000384
vt 0.517573 0.571294
vn 0.999949 0.010094 0.000321
v 0.004576 1.001823 0.005381
vt 0.491926 0.841939
vn 0.713383 0.012486 0.700663
v -0.001962 1.001870 0.008162
vt 0.466053 0.841939
vn -0.000471 0.016356 0.999866
v -0.001143 1.156659 0.006520
vt 0.466053 1.040016
vn -0.000481 0.010779 0.999942
v 0.004578 1.001776 -0.008041
vt 0.543446 0.841939
vn 0.713648 0.006688 -0.700472
v 0.004666 1.156612 0.004049
vt 0.491926 1.040016
vn 0.713397 0.004692 0.700745
v 0.007287 1.001800 -0.001330
vt 0.517573 0.841939
vn 0.999965 0.008385 0.000126
v -0.000079 1.279052 0.005171
vt 0.466053 1.196672
vn -0.000182 0.017830 0.999841
v 0.007075 1.156565 -0.001915
vt 0.517573 1.040016
vn 1.000000 0.000184 0.000121
v 0.005063 1.279005 0.002984
vt 0.491926 1.196672
vn 0.713477 0.010189 0.700604
v 0.004668 1.156565 -0.007880
vt 0.543446 1.040016
vn 0.713594 -0.000040 -0.700559
v 0.007195 1.278958 -0.002295
vt 0.517573 1.196672
vn 0.999986 0.005199 0.000219
v 0.004462 1.393347 0.000879
vt 0.491926 1.342776
vn 0.713509 0.025399 0.700185
v 0.001048 1.393370 0.002331
vt 0.466053 1.342776
vn 0.000381 0.032990 0.999456
v 0.002052 1.523886 -0.003058
vt 0.543446 1.509798
vn 0.008071 0.999962 -0.003437
v 0.005877 1.393323 -0.002624
vt 0.517573 1.342776
vn 0.999794 0.020282 0.000202
v 0.002052 1.523886 -0.003058
vt 0.543446 1.509798
vn 0.008082 0.999961 -0.003435
v 0.004463 1.393323 -0.006129
vt 0.543446 1.342776
vn 0.713982 0.021075 -0.699847
v 0.002052 1.523886 -0.003058
vt 0.543446 1.509798
vn 0.008105 0.999961 -0.003485
v 0.005065 1.278982 -0.007575
vt 0.543446 1.196672
vn 0.713801 0.006038 -0.700322
v -0.001140 1.156612 -0.010353
vt 0.569319 1.040016
vn 0.000016 0.003961 -0.999992
v -0.000076 1.279029 -0.009765
vt 0.569319 1.196672
vn 0.000068 0.011947 -0.999929
v 0.001050 1.393347 -0.007583
vt 0.569319 1.342776
vn 0.000906 0.026881 -0.999638
v 0.002052 1.523886 -0.003058
vt 0.543446 1.509798
vn 0.008137 0.999961 -0.003481
v -0.002363 1.393394 -0.006131
vt 0.595212 1.342776
vn -0.712838 0.033643 -0.700522
v 0.002052 1.523886 -0.003058
vt 0.543446 1.509798
vn 0.007871 0.999963 -0.003444
v -0.005217 1.279099 -0.007577
vt 0.595212 1.196672
vn -0.713298 0.019247 -0.700596
v -0.001957 1.001800 -0.010824
vt 0.569319 0.841939
vn 0.000016 0.008198 -0.999966
v -0.006949 1.156659 -0.007882
vt 0.595212 1.040016
vn -0.713611 0.009825 -0.700473
v -0.009358 1.156705 -0.001918
vt 0.621085 1.040016
vn -0.999900 0.014113 -0.000230
v -0.007350 1.279122 -0.002298
vt 0.621085 1.196672
vn -0.999717 0.023807 -0.000238
v -0.005220 1.279122 0.002981
vt 0.646958 1.196672
vn -0.713601 0.023405 0.700161
v -0.003779 1.393417 -0.002627
vt 0.621085 1.342776
vn -0.999281 0.037903 -0.000132
v 0.002052 1.523886 -0.003058
vt 0.543446 1.509798
vn 0.008009 0.999962 -0.003376
v -0.002365 1.393394 0.000878
vt 0.646958 1.342776
vn -0.712958 0.037890 0.700182
v 0.002052 1.523886 -0.003058
vt 0.543446 1.509798
vn 0.007961 0.999962 -0.003424
v 0.001048 1.393370 0.002331
vt 0.672852 1.342776
vn 0.000419 0.032949 0.999457
v 0.002052 1.523886 -0.003058
vt 0.659648 1.509798
vn 0.008071 0.999961 -0.003471
f 3/3/3 2/2/2 1/1/1
f 3/3/3 1/1/1 4/4/4
f 2/2/2 5/5/5 1/1/1
f 6/6/6 4/4/4 1/1/1
f 7/7/7 1/1/1 5/5/5
f 1/1/1 7/7/7 6/6/6
f 5/5/5 8/8/8 7/7/7
f 9/9/9 6/6/6 7/7/7
f 7/7/7 8/8/8 9/9/9
f 10/10/10 9/9/9 8/8/8
f 13/13/13 12/12/12 11/11/11
f 11/11/11 14/14/14 13/13/13
f 12/12/12 13/13/13 15/15/15
f 13/13/13 14/14/14 16/16/16
f 17/17/17 15/15/15 13/13/13
f 13/13/13 16/16/16 17/17/17
f 17/17/17 18/18/18 15/15/15
f 17/17/17 16/16/16 19/19/19
f 17/17/17 19/19/19 18/18/18
f 18/18/18 19/19/19 20/20/20
f 23/23/23 22/22/22 21/21/21
f 23/23/23 21/21/21 24/24/24
f 25/25/25 24/24/24 21/21/21
f 28/28/28 27/27/27 26/26/26
f 26/26/26 29/29/29 28/28/28
f 30/30/30 28/28/28 29/29/29
f 33/33/33 32/32/32 31/31/31
f 34/34/34 33/33/33 31/31/31
f 33/33/33 34/34/34 35/35/35
f 38/38/38 37/37/37 36/36/36
f 38/38/38 36/36/36 39/39/39
f 40/40/40 39/39/39 36/36/36
f 43/43/43 42/42/42 41/41/41
f 43/43/43 41/41/41 44/44/44
f 45/45/45 44/44/44 41/41/41
f 48/48/48 47/47/47 46/46/46
f 46/46/46 49/49/49 48/48/48
f 50/50/50 48/48/48 49/49/49
f 53/53/53 52/52/52 51/51/51
f 53/53/53 51/51/51 54/54/54
f 55/55/55 54/54/54 51/51/51
f 58/58/58 57/57/57 56/56/56
f 56/56/56 59/59/59 58/58/58
f 58/58/58 59/59/59 60/60/60
f 63/63/63 62/62/62 61/61/61
f 66/66/66 65/65/65 64/64/64
f 69/69/69 68/68/68 67/67/67
f 72/72/72 71/71/71 70/70/70
f 75/75/75 74/74/74 73/73/73
f 75/75/75 73/73/73 76/76/76
f 74/74/74 77/77/77 73/73/73
f 78/78/78 76/76/76 73/73/73
f 79/79/79 73/73/73 77/77/77
f 73/73/73 79/79/79 78/78/78
f 77/77/77 80/80/80 79/79/79
f 81/81/81 78/78/78 79/79/79
f 79/79/79 80/80/80 81/81/81
f 82/82/82 81/81/81 80/80/80
f 85/85/85 84/84/84 83/83/83
f 83/83/83 86/86/86 85/85/85
f 84/84/84 85/85/85 87/87/87
f 85/85/85 86/86/86 88/88/88
f 89/89/89 87/87/87 85/85/85
f 85/85/85 88/88/88 89/89/89
f 89/89/89 90/90/90 87/87/87
f 89/89/89 88/88/88 91/91/91
f 89/89/89 91/91/91 90/90/90
f 90/90/90 91/91/91 92/92/92
f 95/95/95 94/94/94 93/93/93
f 95/95/95 93/93/93 96/96/96
f 97/97/97 96/96/96 93/93/93
f 100/100/100 99/99/99 98/98/98
f 98/98/98 101/101/101 100/100/100
f 102/102/102 100/100/100 101/101/101
f 105/105/105 104/104/104 103/103/103
f 106/106/106 105/105/105 103/103/103
f 105/105/105 106/106/106 107/107/107
f 110/110/110 109/109/109 108/108/108
f 110/110/110 108/108/108 111/111/111
f 112/112/112 111/111/111 108/108/108
f 115/115/115 114/114/114 113/113/113
f 115/115/115 113/113/113 116/116/116
f 117/117/117 116/116/116 113/113/113
f 120/120/120 119/119/119 118/118/118
f 118/118/118 121/121/121 120/120/120
f 122/122/122 120/120/120 121/121/121
f 125/125/125 124/124/124 123/123/123
f 125/125/125 123/123/123 126/126/126
f 127/127/127 126/126/126 123/123/123
f 130/130/130 129/129/129 128/128/128
f 128/128/128 131/131/131 130/130/130
f 130/130/130 131/131/131 132/132/132
f 135/135/135 134/134/134 133/133/133
f 135/135/135 133/133/133 136/136/136
f 137/137/137 136/136/136 133/133/133
f 140/140/140 139/139/139 138/138/138
f 138/138/138 141/141/141 140/140/140
f 140/140/140 141/141/141 142/142/142
f 145/145/145 144/144/144 143/143/143
f 145/145/145 143/143/143 146/146/146
f 144/144/144 147/147/147 143/143/143
f 148/148/148 146/146/146 143/143/143
f 149/149/149 143/143/143 147/147/147
f 143/143/143 149/149/149 148/148/148
f 147/147/147 150/150/150 149/149/149
f 151/151/151 148/148/148 149/149/149
f 149/149/149 150/150/150 151/151/151
f 152/152/152 151/151/151 150/150/150
f 155/155/155 154/154/154 153/153/153
f 153/153/153 156/156/156 155/155/155
f 154/154/154 155/155/155 157/157/157
f 155/155/155 156/156/156 158/158/158
f 159/159/159 157/157/157 155/155/155
f 155/155/155 158/158/158 159/159/159
f 159/159/159 160/160/160 157/157/157
f 159/159/159 158/158/158 161/161/161
f 159/159/159 161/161/161 160/160/160
f 160/160/160 161/161/161 162/162/162
f 165/165/165 164/164/164 163/163/163
f 165/165/165 163/163/163 166/166/166
f 167/167/167 166/166/166 163/163/163
f 170/170/170 169/169/169 168/168/168
f 168/168/168 171/171/171 170/170/170
f 172/172/172 170/170/170 171/171/171
f 175/175/175 174/174/174 173/173/173
f 176/176/176 175/175/175 173/173/173
f 175/175/175 176/176/176 177/177/177
f 180/180/180 179/179/179 178/178/178
f 180/180/180 178/178/178 181/181/181
f 182/182/182 181/181/181 178/178/178
f 185/185/185 184/184/184 183/183/183
f 185/185/185 183/183/183 186/186/186
f 187/187/187 186/186/186 183/183/183
f 190/190/190 189/189/189 188/188/188
f 188/188/188 191/191/191 190/190/190
f 192/192/192 190/190/190 191/191/191
f 195/195/195 194/194/194 193/193/193
f 195/195/195 193/193/193 196/196/196
f 194/194/194 197/197/197 193/193/193
f 198/198/198 196/196/196 193/193/193
f 199/199/199 193/193/193 197/197/197
f 193/193/193 199/199/199 198/198/198
f 197/197/197 200/200/200 199/199/199
f 201/201/201 198/198/198 199/199/199
f 199/199/199 200/200/200 201/201/201
f 202/202/202 201/201/201 200/200/200
f 205/205/205 204/204/204 203/203/203
f 203/203/203 206/206/206 205/205/205
f 204/204/204 205/205/205 207/207/207
f 205/205/205 206/206/206 208/208/208
f 209/209/209 207/207/207 205/205/205
f 205/205/205 208/208/208 209/209/209
f 209/209/209 210/210/210 207/207/207
f 209/209/209 208/208/208 211/211/211
f 209/209/209 211/211/211 210/210/210
f 210/210/210 211/211/211 212/212/212
f 215/215/215 214/214/214 213/213/213
f 215/215/215 213/213/213 216/216/216
f 217/217/217 216/216/216 213/213/213
f 220/220/220 219/219/219 218/218/218
f 218/218/218 221/221/221 220/220/220
f 222/222/222 220/220/220 221/221/221
f 225/225/225 224/224/224 223/223/223
f 226/226/226 225/225/225 223/223/223
f 225/225/225 226/226/226 227/227/227
f 230/230/230 229/229/229 228/228/228
f 230/230/230 228/228/228 231/231/231
f 232/232/232 231/231/231 228/228/228
f 235/235/235 234/234/234 233/233/233
f 235/235/235 233/233/233 236/236/236
f 237/237/237 236/236/236 233/233/233
f 240/240/240 239/239/239 238/238/238
f 238/238/238 241/241/241 240/240/240
f 242/242/242 240/240/240 241/241/241
f 245/245/245 244/244/244 243/243/243
f 245/245/245 243/243/243 246/246/246
f 244/244/244 247/247/247 243/243/243
f 248/248/248 246/246/246 243/243/243
f 249/249/249 243/243/243 247/247/247
f 243/243/243 249/249/249 248/248/248
f 247/247/247 250/250/250 249/249/249
f 251/251/251 248/248/248 249/249/249
f 249/249/249 250/250/250 251/251/251
f 252/252/252 251/251/251 250/250/250
f 255/255/255 254/254/254 253/253/253
f 253/253/253 256/256/256 255/255/255
f 254/254/254 255/255/255 257/257/257
f 255/255/255 256/256/256 258/258/258
f 259/259/259 257/257/257 255/255/255
f 255/255/255 258/258/258 259/259/259
f 259/259/259 260/260/260 257/257/257
f 259/259/259 258/258/258 261/261/261
f 259/259/259 261/261/261 260/260/260
f 260/260/260 261/261/261 262/262/262
f 265/265/265 264/264/264 263/263/263
f 265/265/265 263/263/263 266/266/266
f 267/267/267 266/266/266 263/263/263
f 270/270/270 269/269/269 268/268/268
f 268/268/268 271/271/271 270/270/270
f 272/272/272 270/270/270 271/271/271
f 275/275/275 274/274/274 273/273/273
f 276/276/276 275/275/275 273/273/273
f 275/275/275 276/276/276 277/277/277
f 280/280/280 279/279/279 278/278/278
f 280/280/280 278/278/278 281/281/281
f 282/282/282 281/281/281 278/278/278
f 285/285/285 284/284/284 283/283/283
f 285/285/285 283/283/283 286/286/286
f 287/287/287 286/286/286 283/283/283
f 290/290/290 289/289/289 288/288/288
f 288/288/288 291/291/291 290/290/290
f 292/292/292 290/290/290 291/291/291
f 295/295/295 294/294/294 293/293/293
f 298/298/298 297/297/297 296/296/296
f 301/301/301 300/300/300 299/299/299
f 301/301/301 299/299/299 302/302/302
f 300/300/300 303/303/303 299/299/299
f 304/304/304 302/302/302 299/299/299
f 305/305/305 299/299/299 303/303/303
f 299/299/299 305/305/305 304/304/304
f 303/303/303 306/306/306 305/305/305
f 307/307/307 304/304/304 305/305/305
f 305/305/305 306/306/306 307/307/307
f 308/308/308 307/307/307 306/306/306
f 311/311/311 310/310/310 309/309/309
f 309/309/309 312/312/312 311/311/311
f 310/310/310 311/311/311 313/313/313
f 311/311/311 312/312/312 314/314/314
f 315/315/315 313/313/313 311/311/311
f 311/311/311 314/314/314 315/315/315
f 315/315/315 316/316/316 313/313/313
f 315/315/315 314/314/314 317/317/317
f 315/315/315 317/317/317 316/316/316
f 316/316/316 317/317/317 318/318/318
f 321/321/321 320/320/320 319/319/319
f 321/321/321 319/319/319 322/322/322
f 323/323/323 322/322/322 319/319/319
f 326/326/326 325/325/325 324/324/324
f 324/324/324 327/327/327 326/326/326
f 328/328/328 326/326/326 327/327/327
f 331/331/331 330/330/330 329/329/329
f 332/332/332 331/331/331 329/329/329
f 331/331/331 332/332/332 333/333/333
f 336/336/336 335/335/335 334/334/334
f 336/336/336 334/334/334 337/337/337
f 338/338/338 337/337/337 334/334/334
f 341/341/341 340/340/340 339/339/339
f 341/341/341 339/339/339 342/342/342
f 343/343/343 342/342/342 339/339/339
f 346/346/346 345/345/345 344/344/344
f 344/344/344 347/347/347 346/346/346
f 348/348/348 346/346/346 347/347/347
f 351/351/351 350/350/350 349/349/349
f 351/351/351 349/349/349 352/352/352
f 350/350/350 353/353/353 349/349/349
f 354/354/354 352/352/352 349/349/349
f 355/355/355 349/349/349 353/353/353
f 349/349/349 355/355/355 354/354/354
f 353/353/353 356/356/356 355/355/355
f 357/357/357 354/354/354 355/355/355
f 355/355/355 356/356/356 357/357/357
f 358/358/358 357/357/357 356/356/356
f 361/361/361 360/360/360 359/359/359
f 359/359/359 362/362/362 361/361/361
f 360/360/360 361/361/361 363/363/363
f 361/361/361 362/362/362 364/364/364
f 365/365/365 363/363/363 361/361/361
f 361/361/361 364/364/364 365/365/365
f 365/365/365 366/366/366 363/363/363
f 365/365/365 364/364/364 367/367/367
f 365/365/365 367/367/367 366/366/366
f 366/366/366 367/367/367 368/368/368
f 371/371/371 370/370/370 369/369/369
f 371/371/371 369/369/369 372/372/372
f 373/373/373 372/372/372 369/369/369
f 376/376/376 375/375/375 374/374/374
f 374/374/374 377/377/377 376/376/376
f 378/378/378 376/376/376 377/377/377
f 381/381/381 380/380/380 379/379/379
f 382/382/382 381/381/381 379/379/379
f 381/381/381 382/382/382 383/383/383
f 386/386/386 385/385/385 384/384/384
f 386/386/386 384/384/384 387/387/387
f 388/388/388 387/387/387 384/384/384
f 391/391/391 390/390/390 389/389/389
f 391/391/391 389/389/389 392/392/392
f 393/393/393 392/392/392 389/389/389
f 396/396/396 395/395/395 394/394/394
f 394/394/394 397/397/397 396/396/396
f 398/398/398 396/396/396 397/397/397
f 401/401/401 400/400/400 399/399/399
f 401/401/401 399/399/399 402/402/402
f 400/400/400 403/403/403 399/399/399
f 404/404/404 402/402/402 399/399/399
f 405/405/405 399/399/399 403/403/403
f 399/399/399 405/405/405 404/404/404
f 403/403/403 406/406/406 405/405/405
f 407/407/407 404/404/404 405/405/405
f 405/405/405 406/406/406 407/407/407
f 408/408/408 407/407/407 406/406/406
f 411/411/411 410/410/410 409/409/409
f 409/409/409 412/412/412 411/411/411
f 410/410/410 411/411/411 413/413/413
f 411/411/411 412/412/412 414/414/414
f 415/415/415 413/413/413 411/411/411
f 411/411/411 414/414/414 415/415/415
f 415/415/415 416/416/416 413/413/413
f 415/415/415 414/414/414 417/417/417
f 415/415/415 417/417/417 416/416/416
f 416/416/416 417/417/417 418/418/418
f 421/421/421 420/420/420 419/419/419
f 421/421/421 419/419/419 422/422/422
f 423/423/423 422/422/422 419/419/419
f 426/426/426 425/425/425 424/424/424
f 424/424/424 427/427/427 426/426/426
f 428/428/428 426/426/426 427/427/427
f 431/431/431 430/430/430 429/429/429
f 432/432/432 431/431/431 429/429/429
f 431/431/431 432/432/432 433/433/433
f 436/436/436 435/435/435 434/434/434
f 436/436/436 434/434/434 437/437/437
f 438/438/438 437/437/437 434/434/434
f 441/441/441 440/440/440 439/439/439
f 441/441/441 439/439/439 442/442/442
f 443/443/443 442/442/442 439/439/439
f 446/446/446 445/445/445 444/444/444
f 444/444/444 447/447/447 446/446/446
f 448/448/448 446/446/446 447/447/447
f 451/451/451 450/450/450 449/449/449
f 451/451/451 449/449/449 452/452/452
f 450/450/450 453/453/453 449/449/449
f 454/454/454 452/452/452 449/449/449
f 455/455/455 449/449/449 453/453/453
f 449/449/449 455/455/455 454/454/454
f 453/453/453 456/456/456 455/455/455
f 457/457/457 454/454/454 455/455/455
f 455/455/455 456/456/456 457/457/457
f 458/458/458 457/457/457 456/456/456
f 461/461/461 460/460/460 459/459/459
f 459/459/459 462/462/462 461/461/461
f 460/460/460 461/461/461 463/463/463
f 461/461/461 462/462/462 464/464/464
f 465/465/465 463/463/463 461/461/461
f 461/461/461 464/464/464 465/465/465
f 465/465/465 466/466/466 463/463/463
f 465/465/465 464/464/464 467/467/467
f 465/465/465 467/467/467 466/466/466
f 466/466/466 467/467/467 468/468/468
f 471/471/471 470/470/470 469/469/469
f 471/471/471 469/469/469 472/472/472
f 473/473/473 472/472/472 469/469/469
f 476/476/476 475/475/475 474/474/474
f 474/474/474 477/477/477 476/476/476
f 478/478/478 476/476/476 477/477/477
f 481/481/481 480/480/480 479/479/479
f 482/482/482 481/481/481 479/479/479
f 481/481/481 482/482/482 483/483/483
f 486/486/486 485/485/485 484/484/484
f 486/486/486 484/484/484 487/487/487
f 488/488/488 487/487/487 484/484/484
f 491/491/491 490/490/490 489/489/489
f 491/491/491 489/489/489 492/492/492
f 493/493/493 492/492/492 489/489/489
f 496/496/496 495/495/495 494/494/494
f 494/494/494 497/497/497 496/496/496
f 498/498/498 496/496/496 497/497/497
f 501/501/501 500/500/500 499/499/499
f 501/501/501 499/499/499 502/502/502
f 503/503/503 502/502/502 499/499/499
f 506/506/506 505/505/505 504/504/504
f 504/504/504 507/507/507 506/506/506
f 506/506/506 507/507/507 508/508/508
f 511/511/511 510/510/510 509/509/509
f 511/511/511 509/509/509 512/512/512
f 513/513/513 512/512/512 509/509/509
f 516/516/516 515/515/515 514/514/514
f 514/514/514 517/517/517 516/516/516
f 516/516/516 517/517/517 518/518/518
f 521/521/521 520/520/520 519/519/519
f 524/524/524 523/523/523 522/522/522
f 522/522/522 525/525/525 524/524/524
f 526/526/526 524/524/524 525/525/525
f 527/527/527 526/526/526 525/525/525
f 530/530/530 529/529/529 528/528/528
f 528/528/528 531/531/531 530/530/530
f 532/532/532 530/530/530 531/531/531
f 533/533/533 532/532/532 531/531/531
f 536/536/536 535/535/535 534/534/534
f 534/534/534 537/537/537 536/536/536
f 538/538/538 536/536/536 537/537/537
f 539/539/539 538/538/538 537/537/537
f 542/542/542 541/541/541 540/540/540
f 540/540/540 543/543/543 542/542/542
f 544/544/544 542/542/542 543/543/543
f 545/545/545 544/544/544 543/543/543
f 548/548/548 547/547/547 546/546/546
f 546/546/546 549/549/549 548/548/548
f 550/550/550 548/548/548 549/549/549
f 551/551/551 550/550/550 549/549/549
f 554/554/554 553/553/553 552/552/552
f 552/552/552 555/555/555 554/554/554
f 556/556/556 554/554/554 555/555/555
f 557/557/557 556/556/556 555/555/555
f 560/560/560 559/559/559 558/558/558
f 558/558/558 561/561/561 560/560/560
f 562/562/562 560/560/560 561/561/561
f 563/563/563 562/562/562 561/561/561
f 566/566/566 565/565/565 564/564/564
f 564/564/564 567/567/567 566/566/566
f 568/568/568 566/566/566 567/567/567
f 569/569/569 568/568/568 567/567/567
f 572/572/572 571/571/571 570/570/570
f 570/570/570 573/573/573 572/572/572
f 574/574/574 572/572/572 573/573/573
f 575/575/575 574/574/574 573/573/573
f 578/578/578 577/577/577 576/576/576
f 576/576/576 579/579/579 578/578/578
f 580/580/580 578/578/578 579/579/579
f 581/581/581 580/580/580 579/579/579
f 584/584/584 583/583/583 582/582/582
f 582/582/582 585/585/585 584/584/584
f 586/586/586 584/584/584 585/585/585
f 587/587/587 586/586/586 585/585/585
f 590/590/590 589/589/589 588/588/588
f 588/588/588 591/591/591 590/590/590
f 592/592/592 590/590/590 591/591/591
f 593/593/593 592/592/592 591/591/591
f 596/596/596 595/595/595 594/594/594
f 594/594/594 597/597/597 596/596/596
f 598/598/598 596/596/596 597/597/597
f 599/599/599 598/598/598 597/597/597
f 602/602/602 601/601/601 600/600/600
f 601/601/601 603/603/603 600/600/600
f 604/604/604 600/600/600 603/603/603
f 607/607/607 606/606/606 605/605/605
f 608/608/608 605/605/605 606/606/606
f 609/609/609 605/605/605 608/608/608
f 612/612/612 611/611/611 610/610/610
f 613/613/613 610/610/610 611/611/611
f 613/613/613 611/611/611 614/614/614
f 617/617/617 616/616/616 615/615/615
f 618/618/618 615/615/615 616/616/616
f 619/619/619 615/615/615 618/618/618
f 622/622/622 621/621/621 620/620/620
f 623/623/623 620/620/620 621/621/621
f 623/623/623 621/621/621 624/624/624
f 627/627/627 626/626/626 625/625/625
f 628/628/628 625/625/625 626/626/626
f 629/629/629 625/625/625 628/628/628
f 632/632/632 631/631/631 630/630/630
f 633/633/633 630/630/630 631/631/631
f 634/634/634 630/630/630 633/633/633
f 637/637/637 636/636/636 635/635/635
f 638/638/638 635/635/635 636/636/636
f 638/638/638 636/636/636 639/639/639
f 642/642/642 641/641/641 640/640/640
f 642/642/642 640/640/640 643/643/643
f 644/644/644 643/643/643 640/640/640
f 647/647/647 646/646/646 645/645/645
f 648/648/648 645/645/645 646/646/646
f 648/648/648 646/646/646 649/649/649
f 652/652/652 651/651/651 650/650/650
f 653/653/653 650/650/650 651/651/651
f 653/653/653 651/651/651 654/654/654
f 657/657/657 656/656/656 655/655/655
f 657/657/657 658/658/658 656/656/656
f 659/659/659 656/656/656 658/658/658
f 662/662/662 661/661/661 660/660/660
f 663/663/663 660/660/660 661/661/661
f 663/663/663 661/661/661 664/664/664
f 667/667/667 666/666/666 665/665/665
f 668/668/668 665/665/665 666/666/666
f 669/669/669 665/665/665 668/668/668
f 672/672/672 671/671/671 670/670/670
f 673/673/673 670/670/670 671/671/671
f 674/674/674 670/670/670 673/673/673
f 677/677/677 676/676/676 675/675/675
f 677/677/677 675/675/675 678/678/678
f 679/679/679 678/678/678 675/675/675
f 682/682/682 681/681/681 680/680/680
f 683/683/683 680/680/680 681/681/681
f 684/684/684 680/680/680 683/683/683
f 687/687/687 686/686/686 685/685/685
f 688/688/688 685/685/685 686/686/686
f 688/688/688 686/686/686 689/689/689
f 692/692/692 691/691/691 690/690/690
f 693/693/693 690/690/690 691/691/691
f 693/693/693 691/691/691 694/694/694
f 697/697/697 696/696/696 695/695/695
f 698/698/698 695/695/695 696/696/696
f 699/699/699 695/695/695 698/698/698
f 702/702/702 701/701/701 700/700/700
f 703/703/703 700/700/700 701/701/701
f 704/704/704 700/700/700 703/703/703
f 707/707/707 706/706/706 705/705/705
f 708/708/708 705/705/705 706/706/706
f 708/708/708 706/706/706 709/709/709
f 712/712/712 711/711/711 710/710/710
f 713/713/713 710/710/710 711/711/711
f 714/714/714 710/710/710 713/713/713
f 717/717/717 716/716/716 715/715/715
f 718/718/718 715/715/715 716/716/716
f 719/719/719 715/715/715 718/718/718
f 722/722/722 721/721/721 720/720/720
f 723/723/723 720/720/720 721/721/721
f 723/723/723 721/721/721 724/724/724
f 727/727/727 726/726/726 725/725/725
f 727/727/727 725/725/725 728/728/728
f 729/729/729 728/728/728 725/725/725
f 732/732/732 731/731/731 730/730/730
f 733/733/733 730/730/730 731/731/731
f 733/733/733 731/731/731 734/734/734
f 737/737/737 736/736/736 735/735/735
f 738/738/738 735/735/735 736/736/736
f 738/738/738 736/736/736 739/739/739
f 742/742/742 741/741/741 740/740/740
f 742/742/742 743/743/743 741/741/741
f 744/744/744 741/741/741 743/743/743
f 747/747/747 746/746/746 745/745/745
f 748/748/748 745/745/745 746/746/746
f 748/748/748 746/746/746 749/749/749
f 752/752/752 751/751/751 750/750/750
f 753/753/753 750/750/750 751/751/751
f 754/754/754 750/750/750 753/753/753
f 757/757/757 756/756/756 755/755/755
f 756/756/756 758/758/758 755/755/755
f 759/759/759 755/755/755 758/758/758
f 762/762/762 761/761/761 760/760/760
f 763/763/763 760/760/760 761/761/761
f 764/764/764 760/760/760 763/763/763
f 767/767/767 766/766/766 765/765/765
f 768/768/768 765/765/765 766/766/766
f 768/768/768 766/766/766 769/769/769
f 772/772/772 771/771/771 770/770/770
f 771/771/771 773/773/773 770/770/770
f 774/774/774 770/770/770 773/773/773
f 777/777/777 776/776/776 775/775/775
f 778/778/778 775/775/775 776/776/776
f 779/779/779 775/775/775 778/778/778
f 782/782/782 781/781/781 780/780/780
f 783/783/783 780/780/780 781/781/781
f 783/783/783 781/781/781 784/784/784
f 787/787/787 786/786/786 785/785/785
f 788/788/788 785/785/785 786/786/786
f 789/789/789 785/785/785 788/788/788
f 792/792/792 791/791/791 790/790/790
f 793/793/793 790/790/790 791/791/791
f 794/794/794 790/790/790 793/793/793
f 797/797/797 796/796/796 795/795/795
f 798/798/798 795/795/795 796/796/796
f 798/798/798 796/796/796 799/799/799
f 802/802/802 801/801/801 800/800/800
f 802/802/802 800/800/800 803/803/803
f 804/804/804 803/803/803 800/800/800
f 807/807/807 806/806/806 805/805/805
f 808/808/808 805/805/805 806/806/806
f 808/808/808 806/806/806 809/809/809
f 812/812/812 811/811/811 810/810/810
f 813/813/813 810/810/810 811/811/811
f 813/813/813 811/811/811 814/814/814
f 817/817/817 816/816/816 815/815/815
f 817/817/817 818/818/818 816/816/816
f 819/819/819 816/816/816 818/818/818
f 822/822/822 821/821/821 820/820/820
f 823/823/823 820/820/820 821/821/821
f 823/823/823 821/821/821 824/824/824
f 827/827/827 826/826/826 825/825/825
f 828/828/828 825/825/825 826/826/826
f 829/829/829 825/825/825 828/828/828
f 832/832/832 831/831/831 830/830/830
f 833/833/833 830/830/830 831/831/831
f 834/834/834 830/830/830 833/833/833
f 837/837/837 836/836/836 835/835/835
f 838/838/838 835/835/835 836/836/836
f 839/839/839 835/835/835 838/838/838
f 842/842/842 841/841/841 840/840/840
f 843/843/843 840/840/840 841/841/841
f 843/843/843 841/841/841 844/844/844
f 847/847/847 846/846/846 845/845/845
f 848/848/848 845/845/845 846/846/846
f 849/849/849 845/845/845 848/848/848
f 852/852/852 851/851/851 850/850/850
f 853/853/853 850/850/850 851/851/851
f 854/854/854 850/850/850 853/853/853
f 857/857/857 856/856/856 855/855/855
f 858/858/858 855/855/855 856/856/856
f 858/858/858 856/856/856 859/859/859
f 862/862/862 861/861/861 860/860/860
f 863/863/863 860/860/860 861/861/861
f 864/864/864 860/860/860 863/863/863
f 867/867/867 866/866/866 865/865/865
f 868/868/868 865/865/865 866/866/866
f 869/869/869 865/865/865 868/868/868
f 872/872/872 871/871/871 870/870/870
f 873/873/873 870/870/870 871/871/871
f 873/873/873 871/871/871 874/874/874
f 877/877/877 876/876/876 875/875/875
f 878/878/878 875/875/875 876/876/876
f 879/879/879 875/875/875 878/878/878
f 882/882/882 881/881/881 880/880/880
f 882/882/882 880/880/880 883/883/883
f 884/884/884 883/883/883 880/880/880
f 887/887/887 886/886/886 885/885/885
f 888/888/888 885/885/885 886/886/886
f 889/889/889 885/885/885 888/888/888
f 892/892/892 891/891/891 890/890/890
f 893/893/893 890/890/890 891/891/891
f 893/893/893 891/891/891 894/894/894
f 897/897/897 896/896/896 895/895/895
f 898/898/898 895/895/895 896/896/896
f 898/898/898 896/896/896 899/899/899
f 902/902/902 901/901/901 900/900/900
f 903/903/903 900/900/900 901/901/901
f 904/904/904 900/900/900 903/903/903
f 907/907/907 906/906/906 905/905/905
f 907/907/907 905/905/905 908/908/908
f 909/909/909 908/908/908 905/905/905
f 912/912/912 911/911/911 910/910/910
f 913/913/913 910/910/910 911/911/911
f 914/914/914 910/910/910 913/913/913
f 917/917/917 916/916/916 915/915/915
f 918/918/918 915/915/915 916/916/916
f 918/918/918 916/916/916 919/919/919
f 922/922/922 921/921/921 920/920/920
f 923/923/923 920/920/920 921/921/921
f 923/923/923 921/921/921 924/924/924
f 927/927/927 926/926/926 925/925/925
f 928/928/928 925/925/925 926/926/926
f 929/929/929 925/925/925 928/928/928
f 932/932/932 931/931/931 930/930/930
f 933/933/933 930/930/930 931/931/931
f 934/934/934 930/930/930 933/933/933
f 937/937/937 936/936/936 935/935/935
f 938/938/938 935/935/935 936/936/936
f 938/938/938 936/936/936 939/939/939
f 942/942/942 941/941/941 940/940/940
f 943/943/943 940/940/940 941/941/941
f 944/944/944 940/940/940 943/943/943
f 947/947/947 946/946/946 945/945/945
f 948/948/948 945/945/945 946/946/946
f 949/949/949 945/945/945 948/948/948
f 952/952/952 951/951/951 950/950/950
f 953/953/953 950/950/950 951/951/951
f 953/953/953 951/951/951 954/954/954
f 957/957/957 956/956/956 955/955/955
f 958/958/958 955/955/955 956/956/956
f 959/959/959 955/955/955 958/958/958
f 962/962/962 961/961/961 960/960/960
f 963/963/963 960/960/960 961/961/961
f 964/964/964 960/960/960 963/963/963
f 967/967/967 966/966/966 965/965/965
f 968/968/968 965/965/965 966/966/966
f 968/968/968 966/966/966 969/969/969
f 972/972/972 971/971/971 970/970/970
f 972/972/972 970/970/970 973/973/973
f 974/974/974 973/973/973 970/970/970
f 977/977/977 976/976/976 975/975/975
f 978/978/978 975/975/975 976/976/976
f 978/978/978 976/976/976 979/979/979
f 982/982/982 981/981/981 980/980/980
f 983/983/983 980/980/980 981/981/981
f 983/983/983 981/981/981 984/984/984
f 987/987/987 986/986/986 985/985/985
f 987/987/987 988/988/988 986/986/986
f 989/989/989 986/986/986 988/988/988
f 992/992/992 991/991/991 990/990/990
f 993/993/993 990/990/990 991/991/991
f 993/993/993 991/991/991 994/994/994
f 997/997/997 996/996/996 995/995/995
f 998/998/998 995/995/995 996/996/996
f 999/999/999 995/995/995 998/998/998
f 1002/1002/1002 1001/1001/1001 1000/1000/1000
f 1003/1003/1003 1001/1001/1001 1002/1002/1002
f 1003/1003/1003 1004/1004/1004 1001/1001/1001
f 1002/1002/1002 1005/1005/1005 1003/1003/1003
f 1006/1006/1006 1004/1004/1004 1003/1003/1003
f 1007/1007/1007 1003/1003/1003 1005/1005/1005
f 1003/1003/1003 1007/1007/1007 1006/1006/1006
f 1010/1010/1010 1009/1009/1009 1008/1008/1008
f 1011/1011/1011 1009/1009/1009 1010/1010/1010
f 1011/1011/1011 1012/1012/1012 1009/1009/1009
f 1011/1011/1011 1010/1010/1010 1013/1013/1013
f 1014/1014/1014 1012/1012/1012 1011/1011/1011
f 1011/1011/1011 1013/1013/1013 1014/1014/1014
f 1014/1014/1014 1015/1015/1015 1012/1012/1012
f 1016/1016/1016 1014/1014/1014 1013/1013/1013
f 1017/1017/1017 1015/1015/1015 1014/1014/1014
f 1014/1014/1014 1016/1016/1016 1017/1017/1017
f 1020/1020/1020 1019/1019/1019 1018/1018/1018
f 1019/1019/1019 1020/1020/1020 1021/1021/1021
f 1021/1021/1021 1020/1020/1020 1022/1022/1022
f 1021/1021/1021 1023/1023/1023 1019/1019/1019
f 1021/1021/1021 1022/1022/1022 1024/1024/1024
f 1024/1024/1024 1023/1023/1023 1021/1021/1021
f 1025/1025/1025 1024/1024/1024 1022/1022/1022
f 1024/1024/1024 1026/1026/1026 1023/1023/1023
f 1024/1024/1024 1025/1025/1025 1027/1027/1027
f 1027/1027/1027 1026/1026/1026 1024/1024/1024
f 1030/1030/1030 1029/1029/1029 1028/1028/1028
f 1029/1029/1029 1030/1030/1030 1031/1031/1031
f 1031/1031/1031 1030/1030/1030 1032/1032/1032
f 1031/1031/1031 1033/1033/1033 1029/1029/1029
f 1031/1031/1031 1032/1032/1032 1034/1034/1034
f 1034/1034/1034 1033/1033/1033 1031/1031/1031
f 1035/1035/1035 1034/1034/1034 1032/1032/1032
f 1034/1034/1034 1036/1036/1036 1033/1033/1033
f 1034/1034/1034 1035/1035/1035 1037/1037/1037
f 1037/1037/1037 1036/1036/1036 1034/1034/1034
f 1040/1040/1040 1039/1039/1039 1038/1038/1038
f 1041/1041/1041 1039/1039/1039 1040/1040/1040
f 1041/1041/1041 1042/1042/1042 1039/1039/1039
f 1041/1041/1041 1040/1040/1040 1043/1043/1043
f 1044/1044/1044 1042/1042/1042 1041/1041/1041
f 1041/1041/1041 1043/1043/1043 1044/1044/1044
f 1044/1044/1044 1045/1045/1045 1042/1042/1042
f 1046/1046/1046 1044/1044/1044 1043/1043/1043
f 1047/1047/1047 1045/1045/1045 1044/1044/1044
f 1044/1044/1044 1046/1046/1046 1047/1047/1047
f 1050/1050/1050 1049/1049/1049 1048/1048/1048
f 1051/1051/1051 1049/1049/1049 1050/1050/1050
f 1051/1051/1051 1052/1052/1052 1049/1049/1049
f 1050/1050/1050 1053/1053/1053 1051/1051/1051
f 1054/1054/1054 1052/1052/1052 1051/1051/1051
f 1055/1055/1055 1051/1051/1051 1053/1053/1053
f 1051/1051/1051 1055/1055/1055 1054/1054/1054
f 1058/1058/1058 1057/1057/1057 1056/1056/1056
f 1059/1059/1059 1057/1057/1057 1058/1058/1058
f 1059/1059/1059 1060/1060/1060 1057/1057/1057
f 1058/1058/1058 1061/1061/1061 1059/1059/1059
f 1062/1062/1062 1060/1060/1060 1059/1059/1059
f 1063/1063/1063 1059/1059/1059 1061/1061/1061
f 1059/1059/1059 1063/1063/1063 1062/1062/1062
f 1066/1066/1066 1065/1065/1065 1064/1064/1064
f 1067/1067/1067 1065/1065/1065 1066/1066/1066
f 1067/1067/1067 1068/1068/1068 1065/1065/1065
f 1067/1067/1067 1066/1066/1066 1069/1069/1069
f 1070/1070/1070 1068/1068/1068 1067/1067/1067
f 1067/1067/1067 1069/1069/1069 1070/1070/1070
f 1070/1070/1070 1071/1071/1071 1068/1068/1068
f 1072/1072/1072 1070/1070/1070 1069/1069/1069
f 1073/1073/1073 1071/1071/1071 1070/1070/1070
f 1070/1070/1070 1072/1072/1072 1073/1073/1073
f 1076/1076/1076 1075/1075/1075 1074/1074/1074
f 1075/1075/1075 1076/1076/1076 1077/1077/1077
f 1077/1077/1077 1076/1076/1076 1078/1078/1078
f 1077/1077/1077 1079/1079/1079 1075/1075/1075
f 1077/1077/1077 1078/1078/1078 1080/1080/1080
f 1080/1080/1080 1079/1079/1079 1077/1077/1077
f 1081/1081/1081 1080/1080/1080 1078/1078/1078
f 1080/1080/1080 1082/1082/1082 1079/1079/1079
f 1080/1080/1080 1081/1081/1081 1083/1083/1083
f 1083/1083/1083 1082/1082/1082 1080/1080/1080
f 1086/1086/1086 1085/1085/1085 1084/1084/1084
f 1085/1085/1085 1086/1086/1086 1087/1087/1087
f 1087/1087/1087 1086/1086/1086 1088/1088/1088
f 1087/1087/1087 1089/1089/1089 1085/1085/1085
f 1087/1087/1087 1088/1088/1088 1090/1090/1090
f 1090/1090/1090 1089/1089/1089 1087/1087/1087
f 1091/1091/1091 1090/1090/1090 1088/1088/1088
f 1090/1090/1090 1092/1092/1092 1089/1089/1089
f 1090/1090/1090 1091/1091/1091 1093/1093/1093
f 1093/1093/1093 1092/1092/1092 1090/1090/1090
f 1096/1096/1096 1095/1095/1095 1094/1094/1094
f 1095/1095/1095 1096/1096/1096 1097/1097/1097
f 1097/1097/1097 1096/1096/1096 1098/1098/1098
f 1097/1097/1097 1099/1099/1099 1095/1095/1095
f 1097/1097/1097 1098/1098/1098 1100/1100/1100
f 1100/1100/1100 1099/1099/1099 1097/1097/1097
f 1101/1101/1101 1100/1100/1100 1098/1098/1098
f 1100/1100/1100 1102/1102/1102 1099/1099/1099
f 1100/1100/1100 1101/1101/1101 1103/1103/1103
f 1103/1103/1103 1102/1102/1102 1100/1100/1100
f 1106/1106/1106 1105/1105/1105 1104/1104/1104
f 1105/1105/1105 1106/1106/1106 1107/1107/1107
f 1107/1107/1107 1106/1106/1106 1108/1108/1108
f 1107/1107/1107 1109/1109/1109 1105/1105/1105
f 1107/1107/1107 1108/1108/1108 1110/1110/1110
f 1110/1110/1110 1109/1109/1109 1107/1107/1107
f 1111/1111/1111 1110/1110/1110 1108/1108/1108
f 1110/1110/1110 1112/1112/1112 1109/1109/1109
f 1110/1110/1110 1111/1111/1111 1113/1113/1113
f 1113/1113/1113 1112/1112/1112 1110/1110/1110
f 1116/1116/1116 1115/1115/1115 1114/1114/1114
f 1115/1115/1115 1116/1116/1116 1117/1117/1117
f 1117/1117/1117 1116/1116/1116 1118/1118/1118
f 1117/1117/1117 1119/1119/1119 1115/1115/1115
f 1117/1117/1117 1118/1118/1118 1120/1120/1120
f 1120/1120/1120 1119/1119/1119 1117/1117/1117
f 1121/1121/1121 1120/1120/1120 1118/1118/1118
f 1120/1120/1120 1122/1122/1122 1119/1119/1119
f 1120/1120/1120 1121/1121/1121 1123/1123/1123
f 1123/1123/1123 1122/1122/1122 1120/1120/1120
f 1126/1126/1126 1125/1125/1125 1124/1124/1124
f 1125/1125/1125 1126/1126/1126 1127/1127/1127
f 1127/1127/1127 1126/1126/1126 1128/1128/1128
f 1127/1127/1127 1129/1129/1129 1125/1125/1125
f 1127/1127/1127 1128/1128/1128 1130/1130/1130
f 1130/1130/1130 1129/1129/1129 1127/1127/1127
f 1131/1131/1131 1130/1130/1130 1128/1128/1128
f 1130/1130/1130 1132/1132/1132 1129/1129/1129
f 1130/1130/1130 1131/1131/1131 1133/1133/1133
f 1133/1133/1133 1132/1132/1132 1130/1130/1130
f 1136/1136/1136 1135/1135/1135 1134/1134/1134
f 1135/1135/1135 1136/1136/1136 1137/1137/1137
f 1137/1137/1137 1136/1136/1136 1138/1138/1138
f 1137/1137/1137 1139/1139/1139 1135/1135/1135
f 1137/1137/1137 1138/1138/1138 1140/1140/1140
f 1140/1140/1140 1139/1139/1139 1137/1137/1137
f 1141/1141/1141 1140/1140/1140 1138/1138/1138
f 1140/1140/1140 1142/1142/1142 1139/1139/1139
f 1140/1140/1140 1141/1141/1141 1143/1143/1143
f 1143/1143/1143 1142/1142/1142 1140/1140/1140
f 1146/1146/1146 1145/1145/1145 1144/1144/1144
f 1147/1147/1147 1145/1145/1145 1146/1146/1146
f 1147/1147/1147 1148/1148/1148 1145/1145/1145
f 1147/1147/1147 1146/1146/1146 1149/1149/1149
f 1150/1150/1150 1148/1148/1148 1147/1147/1147
f 1147/1147/1147 1149/1149/1149 1150/1150/1150
f 1150/1150/1150 1151/1151/1151 1148/1148/1148
f 1152/1152/1152 1150/1150/1150 1149/1149/1149
f 1153/1153/1153 1151/1151/1151 1150/1150/1150
f 1150/1150/1150 1152/1152/1152 1153/1153/1153
f 1156/1156/1156 1155/1155/1155 1154/1154/1154
f 1157/1157/1157 1154/1154/1154 1155/1155/1155
f 1154/1154/1154 1157/1157/1157 1158/1158/1158
f 1155/1155/1155 1159/1159/1159 1157/1157/1157
f 1160/1160/1160 1158/1158/1158 1157/1157/1157
f 1158/1158/1158 1160/1160/1160 1161/1161/1161
f 1162/1162/1162 1157/1157/1157 1159/1159/1159
f 1163/1163/1163 1161/1161/1161 1160/1160/1160
f 1164/1164/1164 1160/1160/1160 1157/1157/1157
f 1157/1157/1157 1162/1162/1162 1164/1164/1164
f 1160/1160/1160 1164/1164/1164 1163/1163/1163
f 1161/1161/1161 1163/1163/1163 1165/1165/1165
f 1166/1166/1166 1164/1164/1164 1162/1162/1162
f 1167/1167/1167 1162/1162/1162 1159/1159/1159
f 1162/1162/1162 1167/1167/1167 1166/1166/1166
f 1159/1159/1159 1168/1168/1168 1167/1167/1167
f 1168/1168/1168 1169/1169/1169 1167/1167/1167
f 1170/1170/1170 1165/1165/1165 1163/1163/1163
f 1165/1165/1165 1170/1170/1170 1171/1171/1171
f 1172/1172/1172 1163/1163/1163 1164/1164/1164
f 1163/1163/1163 1172/1172/1172 1170/1170/1170
f 1173/1173/1173 1167/1167/1167 1169/1169/1169
f 1167/1167/1167 1173/1173/1173 1166/1166/1166
f 1174/1174/1174 1173/1173/1173 1169/1169/1169
f 1169/1169/1169 1175/1175/1175 1174/1174/1174
f 1175/1175/1175 1176/1176/1176 1174/1174/1174
f 1177/1177/1177 1172/1172/1172 1164/1164/1164
f 1164/1164/1164 1166/1166/1166 1177/1177/1177
f 1178/1178/1178 1174/1174/1174 1176/1176/1176
f 1176/1176/1176 1179/1179/1179 1178/1178/1178
f 1173/1173/1173 1174/1174/1174 1180/1180/1180
f 1174/1174/1174 1178/1178/1178 1180/1180/1180
f 1181/1181/1181 1166/1166/1166 1173/1173/1173
f 1180/1180/1180 1181/1181/1181 1173/1173/1173
f 1166/1166/1166 1181/1181/1181 1177/1177/1177
f 1179/1179/1179 1183/1183/1183 1182/1182/1182
f 1182/1182/1182 1184/1184/1184 1179/1179/1179
f 1184/1184/1184 1178/1178/1178 1179/1179/1179
f 1184/1184/1184 1182/1182/1182 1185/1185/1185
f 1186/1186/1186 1180/1180/1180 1178/1178/1178
f 1178/1178/1178 1184/1184/1184 1186/1186/1186
f 1185/1185/1185 1187/1187/1187 1184/1184/1184
f 1187/1187/1187 1186/1186/1186 1184/1184/1184
f 1187/1187/1187 1185/1185/1185 1188/1188/1188
f 1188/1188/1188 1189/1189/1189 1187/1187/1187
f 1187/1187/1187 1189/1189/1189 1186/1186/1186
f 1189/1189/1189 1188/1188/1188 1190/1190/1190
f 1180/1180/1180 1186/1186/1186 1191/1191/1191
f 1181/1181/1181 1180/1180/1180 1191/1191/1191
f 1192/1192/1192 1186/1186/1186 1189/1189/1189
f 1192/1192/1192 1191/1191/1191 1186/1186/1186
f 1190/1190/1190 1193/1193/1193 1189/1189/1189
f 1189/1189/1189 1193/1193/1193 1192/1192/1192
f 1193/1193/1193 1190/1190/1190 1194/1194/1194
f 1191/1191/1191 1195/1195/1195 1181/1181/1181
f 1195/1195/1195 1177/1177/1177 1181/1181/1181
f 1191/1191/1191 1192/1192/1192 1196/1196/1196
f 1195/1195/1195 1191/1191/1191 1196/1196/1196
f 1197/1197/1197 1192/1192/1192 1193/1193/1193
f 1197/1197/1197 1196/1196/1196 1192/1192/1192
f 1194/1194/1194 1198/1198/1198 1193/1193/1193
f 1193/1193/1193 1198/1198/1198 1197/1197/1197
f 1198/1198/1198 1194/1194/1194 1199/1199/1199
f 1200/1200/1200 1199/1199/1199 1194/1194/1194
f 1201/1201/1201 1197/1197/1197 1198/1198/1198
f 1198/1198/1198 1199/1199/1199 1201/1201/1201
f 1199/1199/1199 1200/1200/1200 1202/1202/1202
f 1201/1201/1201 1203/1203/1203 1197/1197/1197
f 1196/1196/1196 1197/1197/1197 1203/1203/1203
f 1202/1202/1202 1204/1204/1204 1199/1199/1199
f 1204/1204/1204 1202/1202/1202 1205/1205/1205
f 1206/1206/1206 1201/1201/1201 1199/1199/1199
f 1199/1199/1199 1204/1204/1204 1206/1206/1206
f 1203/1203/1203 1201/1201/1201 1207/1207/1207
f 1206/1206/1206 1207/1207/1207 1201/1201/1201
f 1208/1208/1208 1196/1196/1196 1203/1203/1203
f 1196/1196/1196 1208/1208/1208 1195/1195/1195
f 1209/1209/1209 1203/1203/1203 1207/1207/1207
f 1203/1203/1203 1209/1209/1209 1208/1208/1208
f 1208/1208/1208 1210/1210/1210 1195/1195/1195
f 1177/1177/1177 1195/1195/1195 1210/1210/1210
f 1172/1172/1172 1177/1177/1177 1210/1210/1210
f 1210/1210/1210 1208/1208/1208 1211/1211/1211
f 1209/1209/1209 1211/1211/1211 1208/1208/1208
f 1210/1210/1210 1212/1212/1212 1172/1172/1172
f 1212/1212/1212 1210/1210/1210 1211/1211/1211
f 1212/1212/1212 1170/1170/1170 1172/1172/1172
f 1170/1170/1170 1212/1212/1212 1213/1213/1213
f 1213/1213/1213 1171/1171/1171 1170/1170/1170
f 1211/1211/1211 1214/1214/1214 1212/1212/1212
f 1214/1214/1214 1213/1213/1213 1212/1212/1212
f 1171/1171/1171 1213/1213/1213 1215/1215/1215
f 1213/1213/1213 1214/1214/1214 1215/1215/1215
f 1215/1215/1215 1216/1216/1216 1171/1171/1171
f 1216/1216/1216 1215/1215/1215 1217/1217/1217
f 1214/1214/1214 1211/1211/1211 1218/1218/1218
f 1211/1211/1211 1209/1209/1209 1218/1218/1218
f 1219/1219/1219 1217/1217/1217 1215/1215/1215
f 1220/1220/1220 1215/1215/1215 1214/1214/1214
f 1218/1218/1218 1220/1220/1220 1214/1214/1214
f 1215/1215/1215 1220/1220/1220 1219/1219/1219
f 1217/1217/1217 1219/1219/1219 1221/1221/1221
f 1222/1222/1222 1219/1219/1219 1220/1220/1220
f 1223/1223/1223 1221/1221/1221 1219/1219/1219
f 1220/1220/1220 1218/1218/1218 1224/1224/1224
f 1224/1224/1224 1222/1222/1222 1220/1220/1220
f 1219/1219/1219 1222/1222/1222 1225/1225/1225
f 1225/1225/1225 1223/1223/1223 1219/1219/1219
f 1222/1222/1222 1224/1224/1224 1225/1225/1225
f 1221/1221/1221 1223/1223/1223 1226/1226/1226
f 1223/1223/1223 1225/1225/1225 1226/1226/1226
f 1226/1226/1226 1227/1227/1227 1221/1221/1221
f 1228/1228/1228 1227/1227/1227 1226/1226/1226
f 1229/1229/1229 1226/1226/1226 1225/1225/1225
f 1230/1230/1230 1226/1226/1226 1229/1229/1229
f 1231/1231/1231 1229/1229/1229 1225/1225/1225
f 1232/1232/1232 1229/1229/1229 1231/1231/1231
f 1233/1233/1233 1225/1225/1225 1224/1224/1224
f 1225/1225/1225 1233/1233/1233 1231/1231/1231
f 1224/1224/1224 1234/1234/1234 1233/1233/1233
f 1233/1233/1233 1235/1235/1235 1231/1231/1231
f 1235/1235/1235 1233/1233/1233 1234/1234/1234
f 1236/1236/1236 1231/1231/1231 1235/1235/1235
f 1237/1237/1237 1231/1231/1231 1236/1236/1236
f 1238/1238/1238 1236/1236/1236 1235/1235/1235
f 1239/1239/1239 1236/1236/1236 1238/1238/1238
f 1240/1240/1240 1235/1235/1235 1234/1234/1234
f 1235/1235/1235 1240/1240/1240 1238/1238/1238
f 1234/1234/1234 1224/1224/1224 1241/1241/1241
f 1218/1218/1218 1241/1241/1241 1224/1224/1224
f 1241/1241/1241 1218/1218/1218 1209/1209/1209
f 1207/1207/1207 1241/1241/1241 1209/1209/1209
f 1242/1242/1242 1234/1234/1234 1241/1241/1241
f 1241/1241/1241 1207/1207/1207 1242/1242/1242
f 1234/1234/1234 1242/1242/1242 1240/1240/1240
f 1207/1207/1207 1206/1206/1206 1242/1242/1242
f 1243/1243/1243 1242/1242/1242 1206/1206/1206
f 1242/1242/1242 1243/1243/1243 1240/1240/1240
f 1243/1243/1243 1206/1206/1206 1204/1204/1204
f 1244/1244/1244 1240/1240/1240 1243/1243/1243
f 1240/1240/1240 1244/1244/1244 1238/1238/1238
f 1204/1204/1204 1245/1245/1245 1243/1243/1243
f 1244/1244/1244 1243/1243/1243 1245/1245/1245
f 1205/1205/1205 1245/1245/1245 1204/1204/1204
f 1246/1246/1246 1238/1238/1238 1244/1244/1244
f 1247/1247/1247 1238/1238/1238 1246/1246/1246
f 1245/1245/1245 1248/1248/1248 1244/1244/1244
f 1246/1246/1246 1244/1244/1244 1248/1248/1248
f 1245/1245/1245 1205/1205/1205 1248/1248/1248
f 1249/1249/1249 1246/1246/1246 1248/1248/1248
f 1250/1250/1250 1248/1248/1248 1205/1205/1205
f 1251/1251/1251 1248/1248/1248 1250/1250/1250
