# BSP geometry export
# 11978 vertices, 18809 faces

v 0.000000 0.000000 -0.000000
v 0.000000 -16.256000 156.057600
v 0.000000 -3.251200 156.057600
v 0.000000 -3.251200 260.096000
v 0.000000 -16.256000 260.096000
v 390.144000 -3.251200 -52.019200
v 390.144000 -6.502400 -52.019200
v 390.144000 -6.502400 -123.545600
v 390.144000 -3.251200 -123.545600
v 390.144000 32.512000 -52.019200
v 390.144000 32.512000 -123.545600
v 377.546319 -3.251200 -110.947200
v 364.948614 -3.251200 -110.947200
v 364.948614 -3.251200 -123.545600
v 377.546319 -3.251200 -123.545600
v 364.134400 -3.251200 -110.947200
v 364.134400 -3.251200 -123.545600
v 390.144000 -3.251200 -110.947200
v 377.546319 -3.251200 -104.038400
v 364.948614 -3.251200 -104.038400
v 364.134400 -3.251200 -104.038400
v 390.144000 -3.251200 -104.038400
v 364.134400 32.512000 -123.545600
v 364.134400 32.512000 -104.038400
v 390.144000 32.512000 -104.038400
v 364.134400 -6.502400 -104.038400
v 364.134400 -6.502400 -123.545600
v 390.144000 -6.502400 -104.038400
v 338.938915 -3.251200 -123.545600
v 351.536670 -3.251200 -123.545600
v 351.536670 -3.251200 -110.947200
v 338.938915 -3.251200 -110.947200
v 338.124800 -3.251200 -110.947200
v 338.124800 -3.251200 -123.545600
v 351.536670 -3.251200 -104.038400
v 338.938915 -3.251200 -104.038400
v 338.124800 -3.251200 -104.038400
v 338.124800 32.512000 -123.545600
v 338.124800 32.512000 -104.038400
v 338.124800 -6.502400 -104.038400
v 338.124800 -6.502400 -123.545600
v 377.546319 -3.251200 -91.440000
v 364.948614 -3.251200 -91.440000
v 364.134400 -3.251200 -91.440000
v 390.144000 -3.251200 -91.440000
v 377.546319 -3.251200 -78.841922
v 364.948614 -3.251200 -78.841922
v 364.134400 -3.251200 -78.841922
v 390.144000 -3.251200 -78.841922
v 377.546319 -3.251200 -78.028800
v 364.948614 -3.251200 -78.028800
v 364.134400 -3.251200 -78.028800
v 390.144000 -3.251200 -78.028800
v 390.144000 32.512000 -78.028800
v 364.134400 32.512000 -78.028800
v 364.134400 -6.502400 -78.028800
v 390.144000 -6.502400 -78.028800
v 351.536670 -3.251200 -91.440000
v 338.938915 -3.251200 -91.440000
v 338.124800 -3.251200 -91.440000
v 351.536670 -3.251200 -78.841922
v 338.938915 -3.251200 -78.841922
v 338.124800 -3.251200 -78.841922
v 351.536670 -3.251200 -78.028800
v 338.938915 -3.251200 -78.028800
v 338.124800 -3.251200 -78.028800
v 338.124800 32.512000 -78.028800
v 338.124800 -6.502400 -78.028800
v 377.546319 -3.251200 -65.430400
v 364.948614 -3.251200 -65.430400
v 364.134400 -3.251200 -65.430400
v 390.144000 -3.251200 -65.430400
v 377.546319 -3.251200 -52.832000
v 364.948614 -3.251200 -52.832000
v 364.134400 -3.251200 -52.832000
v 390.144000 -3.251200 -52.832000
v 377.546319 -3.251200 -52.019200
v 364.948614 -3.251200 -52.019200
v 364.134400 -3.251200 -52.019200
v 364.134400 32.512000 -52.019200
v 364.134400 -6.502400 -52.019200
v 351.536670 -3.251200 -65.430400
v 338.938915 -3.251200 -65.430400
v 338.124800 -3.251200 -65.430400
v 351.536670 -3.251200 -52.832000
v 338.938915 -3.251200 -52.832000
v 338.124800 -3.251200 -52.832000
v 351.536670 -3.251200 -52.019200
v 338.938915 -3.251200 -52.019200
v 338.124800 -3.251200 -52.019200
v 338.124800 32.512000 -52.019200
v 338.124800 -6.502400 -52.019200
v 390.144000 -3.251200 -0.000000
v 390.144000 -6.502400 -0.000000
v 390.144000 32.512000 -0.000000
v 377.546319 -3.251200 -39.420800
v 364.948614 -3.251200 -39.420800
v 364.134400 -3.251200 -39.420800
v 390.144000 -3.251200 -39.420800
v 377.546319 -3.251200 -26.822400
v 364.948614 -3.251200 -26.822400
v 364.134400 -3.251200 -26.822400
v 390.144000 -3.251200 -26.822400
v 377.546319 -3.251200 -26.009600
v 364.948614 -3.251200 -26.009600
v 364.134400 -3.251200 -26.009600
v 390.144000 -3.251200 -26.009600
v 364.134400 32.512000 -26.009600
v 390.144000 32.512000 -26.009600
v 364.134400 -6.502400 -26.009600
v 390.144000 -6.502400 -26.009600
v 351.536670 -3.251200 -39.420800
v 338.938915 -3.251200 -39.420800
v 338.124800 -3.251200 -39.420800
v 351.536670 -3.251200 -26.822400
v 338.938915 -3.251200 -26.822400
v 338.124800 -3.251200 -26.822400
v 351.536670 -3.251200 -26.009600
v 338.938915 -3.251200 -26.009600
v 338.124800 -3.251200 -26.009600
v 338.124800 32.512000 -26.009600
v 338.124800 -6.502400 -26.009600
v 377.546319 -3.251200 -13.411200
v 364.948614 -3.251200 -13.411200
v 364.134400 -3.251200 -13.411200
v 390.144000 -3.251200 -13.411200
v 377.546319 -3.251200 -0.812800
v 364.948614 -3.251200 -0.812800
v 364.134400 -3.251200 -0.812800
v 390.144000 -3.251200 -0.812800
v 377.546319 -3.251200 -0.000000
v 364.948614 -3.251200 -0.000000
v 364.134400 -3.251200 -0.000000
v 364.134400 32.512000 -0.000000
v 364.134400 -6.502400 -0.000000
v 351.536670 -3.251200 -13.411200
v 338.938915 -3.251200 -13.411200
v 338.124800 -3.251200 -13.411200
v 351.536670 -3.251200 -0.812800
v 338.938915 -3.251200 -0.812800
v 338.124800 -3.251200 -0.812800
v 351.536670 -3.251200 -0.000000
v 338.938915 -3.251200 -0.000000
v 338.124800 -3.251200 -0.000000
v 338.124800 32.512000 -0.000000
v 338.124800 -6.502400 -0.000000
v 390.144000 -3.251200 52.019200
v 390.144000 -6.502400 52.019200
v 390.144000 32.512000 52.019200
v 377.546319 -3.251200 12.598424
v 364.948614 -3.251200 12.598425
v 364.134400 -3.251200 12.598425
v 390.144000 -3.251200 12.598424
v 377.546319 -3.251200 25.196871
v 364.948614 -3.251200 25.196873
v 364.134400 -3.251200 25.196873
v 390.144000 -3.251200 25.196871
v 377.546319 -3.251200 26.009600
v 364.948614 -3.251200 26.009600
v 364.134400 -3.251200 26.009600
v 390.144000 -3.251200 26.009600
v 390.144000 32.512000 26.009600
v 364.134400 32.512000 26.009600
v 364.134400 -6.502400 26.009600
v 390.144000 -6.502400 26.009600
v 351.536670 -3.251200 12.598424
v 338.938915 -3.251200 12.598425
v 338.124800 -3.251200 12.598425
v 351.536670 -3.251200 25.196871
v 338.938915 -3.251200 25.196873
v 338.124800 -3.251200 25.196873
v 351.536670 -3.251200 26.009600
v 338.938915 -3.251200 26.009600
v 338.124800 -3.251200 26.009600
v 338.124800 32.512000 26.009600
v 338.124800 -6.502400 26.009600
v 377.546319 -3.251200 38.608074
v 364.948614 -3.251200 38.608074
v 364.134400 -3.251200 38.608074
v 390.144000 -3.251200 38.608074
v 377.546319 -3.251200 51.206574
v 364.948614 -3.251200 51.206574
v 364.134400 -3.251200 51.206574
v 390.144000 -3.251200 51.206574
v 377.546319 -3.251200 52.019200
v 364.948614 -3.251200 52.019200
v 364.134400 -3.251200 52.019200
v 364.134400 32.512000 52.019200
v 364.134400 -6.502400 52.019200
v 351.536670 -3.251200 38.608074
v 338.938915 -3.251200 38.608074
v 338.124800 -3.251200 38.608074
v 351.536670 -3.251200 51.206574
v 338.938915 -3.251200 51.206574
v 338.124800 -3.251200 51.206574
v 351.536670 -3.251200 52.019200
v 338.938915 -3.251200 52.019200
v 338.124800 -3.251200 52.019200
v 338.124800 32.512000 52.019200
v 338.124800 -6.502400 52.019200
v 325.527020 -3.251200 -110.947200
v 312.929215 -3.251200 -110.947200
v 312.929215 -3.251200 -123.545600
v 325.527020 -3.251200 -123.545600
v 312.115200 -3.251200 -110.947200
v 312.115200 -3.251200 -123.545600
v 325.527020 -3.251200 -104.038400
v 312.929215 -3.251200 -104.038400
v 312.115200 -3.251200 -104.038400
v 312.115200 32.512000 -123.545600
v 312.115200 32.512000 -104.038400
v 312.115200 -6.502400 -104.038400
v 312.115200 -6.502400 -123.545600
v 286.919516 -3.251200 -123.545600
v 299.517371 -3.251200 -123.545600
v 299.517371 -3.251200 -110.947200
v 286.919516 -3.251200 -110.947200
v 286.105600 -3.251200 -110.947200
v 286.105600 -3.251200 -123.545600
v 299.517371 -3.251200 -104.038400
v 286.919516 -3.251200 -104.038400
v 286.105600 -3.251200 -104.038400
v 286.105600 32.512000 -123.545600
v 286.105600 32.512000 -104.038400
v 286.105600 -6.502400 -104.038400
v 286.105600 -6.502400 -123.545600
v 325.527020 -3.251200 -91.440000
v 312.929215 -3.251200 -91.440000
v 312.115200 -3.251200 -91.440000
v 325.527020 -3.251200 -78.841922
v 312.929215 -3.251200 -78.841922
v 312.115200 -3.251200 -78.841922
v 325.527020 -3.251200 -78.028800
v 312.929215 -3.251200 -78.028800
v 312.115200 -3.251200 -78.028800
v 312.115200 32.512000 -78.028800
v 312.115200 -6.502400 -78.028800
v 299.517371 -3.251200 -91.440000
v 286.919516 -3.251200 -91.440000
v 286.105600 -3.251200 -91.440000
v 299.517371 -3.251200 -78.841922
v 286.919516 -3.251200 -78.841922
v 286.105600 -3.251200 -78.841922
v 299.517371 -3.251200 -78.028800
v 286.919516 -3.251200 -78.028800
v 286.105600 -3.251200 -78.028800
v 286.105600 32.512000 -78.028800
v 286.105600 -6.502400 -78.028800
v 325.527020 -3.251200 -65.430400
v 312.929215 -3.251200 -65.430400
v 312.115200 -3.251200 -65.430400
v 325.527020 -3.251200 -52.832000
v 312.929215 -3.251200 -52.832000
v 312.115200 -3.251200 -52.832000
v 325.527020 -3.251200 -52.019200
v 312.929215 -3.251200 -52.019200
v 312.115200 -3.251200 -52.019200
v 312.115200 32.512000 -52.019200
v 312.115200 -6.502400 -52.019200
v 299.517371 -3.251200 -65.430400
v 286.919516 -3.251200 -65.430400
v 286.105600 -3.251200 -65.430400
v 299.517371 -3.251200 -52.832000
v 286.919516 -3.251200 -52.832000
v 286.105600 -3.251200 -52.832000
v 299.517371 -3.251200 -52.019200
v 286.919516 -3.251200 -52.019200
v 286.105600 -3.251200 -52.019200
v 286.105600 32.512000 -52.019200
v 286.105600 -6.502400 -52.019200
v 260.096000 -6.502400 -123.545600
v 260.096000 -6.502400 -104.038400
v 260.096000 -3.251200 -104.038400
v 260.096000 -3.251200 -123.545600
v 260.909817 -3.251200 -123.545600
v 273.507721 -3.251200 -123.545600
v 273.507721 -3.251200 -110.947200
v 260.909817 -3.251200 -110.947200
v 260.096000 -3.251200 -110.947200
v 273.507721 -3.251200 -104.038400
v 260.909817 -3.251200 -104.038400
v 260.096000 32.512000 -123.545600
v 260.096000 32.512000 -104.038400
v 234.086400 32.512000 -123.545600
v 234.086400 -3.251200 -123.545600
v 234.086400 -3.251200 -104.038400
v 234.086400 32.512000 -104.038400
v 260.096000 -6.502400 -78.028800
v 260.096000 -3.251200 -78.028800
v 273.507721 -3.251200 -91.440000
v 260.909817 -3.251200 -91.440000
v 260.096000 -3.251200 -91.440000
v 273.507721 -3.251200 -78.841922
v 260.909817 -3.251200 -78.841922
v 260.096000 -3.251200 -78.841922
v 273.507721 -3.251200 -78.028800
v 260.909817 -3.251200 -78.028800
v 260.096000 32.512000 -78.028800
v 234.086400 32.512000 -78.028800
v 234.086400 -3.251200 -78.028800
v 260.096000 -6.502400 -52.019200
v 260.096000 -3.251200 -52.019200
v 273.507721 -3.251200 -65.430400
v 260.909817 -3.251200 -65.430400
v 260.096000 -3.251200 -65.430400
v 273.507721 -3.251200 -52.832000
v 260.909817 -3.251200 -52.832000
v 260.096000 -3.251200 -52.832000
v 273.507721 -3.251200 -52.019200
v 260.909817 -3.251200 -52.019200
v 260.096000 32.512000 -52.019200
v 234.086400 32.512000 -52.019200
v 234.086400 -3.251200 -52.019200
v 325.527020 -3.251200 -39.420800
v 312.929215 -3.251200 -39.420800
v 312.115200 -3.251200 -39.420800
v 325.527020 -3.251200 -26.822400
v 312.929215 -3.251200 -26.822400
v 312.115200 -3.251200 -26.822400
v 325.527020 -3.251200 -26.009600
v 312.929215 -3.251200 -26.009600
v 312.115200 -3.251200 -26.009600
v 312.115200 32.512000 -26.009600
v 312.115200 -6.502400 -26.009600
v 299.517371 -3.251200 -39.420800
v 286.919516 -3.251200 -39.420800
v 286.105600 -3.251200 -39.420800
v 299.517371 -3.251200 -26.822400
v 286.919516 -3.251200 -26.822400
v 286.105600 -3.251200 -26.822400
v 299.517371 -3.251200 -26.009600
v 286.919516 -3.251200 -26.009600
v 286.105600 -3.251200 -26.009600
v 286.105600 32.512000 -26.009600
v 286.105600 -6.502400 -26.009600
v 325.527020 -3.251200 -13.411200
v 312.929215 -3.251200 -13.411200
v 312.115200 -3.251200 -13.411200
v 325.527020 -3.251200 -0.812800
v 312.929215 -3.251200 -0.812800
v 312.115200 -3.251200 -0.812800
v 325.527020 -3.251200 -0.000000
v 312.929215 -3.251200 -0.000000
v 312.115200 -3.251200 -0.000000
v 312.115200 32.512000 -0.000000
v 312.115200 -6.502400 -0.000000
v 299.517371 -3.251200 -13.411200
v 286.919516 -3.251200 -13.411200
v 286.105600 -3.251200 -13.411200
v 299.517371 -3.251200 -0.812800
v 286.919516 -3.251200 -0.812800
v 286.105600 -3.251200 -0.812800
v 299.517371 -3.251200 -0.000000
v 286.919516 -3.251200 -0.000000
v 286.105600 -3.251200 -0.000000
v 286.105600 32.512000 -0.000000
v 286.105600 -6.502400 -0.000000
v 260.096000 -6.502400 -26.009600
v 260.096000 -3.251200 -26.009600
v 273.507721 -3.251200 -39.420800
v 260.909817 -3.251200 -39.420800
v 260.096000 -3.251200 -39.420800
v 273.507721 -3.251200 -26.822400
v 260.909817 -3.251200 -26.822400
v 260.096000 -3.251200 -26.822400
v 273.507721 -3.251200 -26.009600
v 260.909817 -3.251200 -26.009600
v 260.096000 32.512000 -26.009600
v 234.086400 32.512000 -26.009600
v 234.086400 -3.251200 -26.009600
v 260.096000 -6.502400 -0.000000
v 260.096000 -3.251200 -0.000000
v 273.507721 -3.251200 -13.411200
v 260.909817 -3.251200 -13.411200
v 260.096000 -3.251200 -13.411200
v 273.507721 -3.251200 -0.812800
v 260.909817 -3.251200 -0.812800
v 260.096000 -3.251200 -0.812800
v 273.507721 -3.251200 -0.000000
v 260.909817 -3.251200 -0.000000
v 260.096000 32.512000 -0.000000
v 234.086400 32.512000 -0.000000
v 234.086400 -3.251200 -0.000000
v 325.527020 -3.251200 12.598424
v 312.929215 -3.251200 12.598425
v 312.115200 -3.251200 12.598425
v 325.527020 -3.251200 25.196871
v 312.929215 -3.251200 25.196873
v 312.115200 -3.251200 25.196873
v 325.527020 -3.251200 26.009600
v 312.929215 -3.251200 26.009600
v 312.115200 -3.251200 26.009600
v 312.115200 32.512000 26.009600
v 312.115200 -6.502400 26.009600
v 299.517371 -3.251200 12.598424
v 286.919516 -3.251200 12.598425
v 286.105600 -3.251200 12.598425
v 299.517371 -3.251200 25.196871
v 286.919516 -3.251200 25.196873
v 286.105600 -3.251200 25.196873
v 299.517371 -3.251200 26.009600
v 286.919516 -3.251200 26.009600
v 286.105600 -3.251200 26.009600
v 286.105600 32.512000 26.009600
v 286.105600 -6.502400 26.009600
v 325.527020 -3.251200 38.608074
v 312.929215 -3.251200 38.608074
v 312.115200 -3.251200 38.608074
v 325.527020 -3.251200 51.206574
v 312.929215 -3.251200 51.206574
v 312.115200 -3.251200 51.206574
v 325.527020 -3.251200 52.019200
v 312.929215 -3.251200 52.019200
v 312.115200 -3.251200 52.019200
v 312.115200 32.512000 52.019200
v 312.115200 -6.502400 52.019200
v 299.517371 -3.251200 38.608074
v 286.919516 -3.251200 38.608074
v 286.105600 -3.251200 38.608074
v 299.517371 -3.251200 51.206574
v 286.919516 -3.251200 51.206574
v 286.105600 -3.251200 51.206574
v 299.517371 -3.251200 52.019200
v 286.919516 -3.251200 52.019200
v 286.105600 -3.251200 52.019200
v 286.105600 32.512000 52.019200
v 286.105600 -6.502400 52.019200
v 260.096000 -6.502400 26.009600
v 260.096000 -3.251200 26.009600
v 273.507721 -3.251200 12.598424
v 260.909817 -3.251200 12.598425
v 260.096000 -3.251200 12.598425
v 273.507721 -3.251200 25.196871
v 260.909817 -3.251200 25.196873
v 260.096000 -3.251200 25.196873
v 273.507721 -3.251200 26.009600
v 260.909817 -3.251200 26.009600
v 260.096000 32.512000 26.009600
v 234.086400 32.512000 26.009600
v 234.086400 -3.251200 26.009600
v 260.096000 -6.502400 52.019200
v 260.096000 -3.251200 52.019200
v 273.507721 -3.251200 38.608074
v 260.909817 -3.251200 38.608074
v 260.096000 -3.251200 38.608074
v 273.507721 -3.251200 51.206574
v 260.909817 -3.251200 51.206574
v 260.096000 -3.251200 51.206574
v 273.507721 -3.251200 52.019200
v 260.909817 -3.251200 52.019200
v 260.096000 32.512000 52.019200
v 234.086400 32.512000 52.019200
v 234.086400 -3.251200 52.019200
v 208.076800 32.512000 -123.545600
v 208.076800 -3.251200 -123.545600
v 208.076800 -3.251200 -104.038400
v 208.076800 32.512000 -104.038400
v 182.067200 32.512000 -123.545600
v 182.067200 -3.251200 -123.545600
v 182.067200 32.512000 -104.038400
v 182.067200 -3.251200 -104.038400
v 208.076800 32.512000 -78.028800
v 208.076800 -3.251200 -78.028800
v 182.067200 32.512000 -78.028800
v 182.067200 -3.251200 -78.028800
v 208.076800 32.512000 -52.019200
v 208.076800 -3.251200 -52.019200
v 182.067200 32.512000 -52.019200
v 182.067200 -3.251200 -52.019200
v 156.057600 -3.251200 -123.545600
v 156.057600 32.512000 -123.545600
v 156.057600 32.512000 -104.038400
v 156.057600 -3.251200 -104.038400
v 130.048000 32.512000 -123.545600
v 130.048000 -3.251200 -123.545600
v 130.048000 -3.251200 -104.038400
v 130.048000 32.512000 -104.038400
v 156.057600 -3.251200 -78.028800
v 156.057600 32.512000 -78.028800
v 130.048000 -3.251200 -78.028800
v 130.048000 32.512000 -78.028800
v 156.057600 32.512000 -52.019200
v 156.057600 -3.251200 -52.019200
v 130.048000 -3.251200 -52.019200
v 130.048000 32.512000 -52.019200
v 208.076800 32.512000 -26.009600
v 208.076800 -3.251200 -26.009600
v 182.067200 32.512000 -26.009600
v 182.067200 -3.251200 -26.009600
v 208.076800 -3.251200 -9.956800
v 212.953600 -3.251200 -26.009600
v 212.953600 -3.251200 -9.956800
v 212.953600 -3.251200 -9.753600
v 212.953600 -3.251200 -0.000000
v 208.076800 -3.251200 -0.000000
v 208.076800 -3.251200 -9.753600
v 208.076800 32.512000 -0.000000
v 208.076800 4.876800 -9.753600
v 208.076800 4.876800 -9.956800
v 212.953600 4.876800 -9.956800
v 212.953600 4.876800 -9.753600
v 182.067200 -3.251200 -0.000000
v 182.067200 -3.251200 -9.753600
v 182.067200 -3.251200 -9.956800
v 182.067200 32.512000 -0.000000
v 182.067200 4.876800 -9.753600
v 182.067200 4.876800 -9.956800
v 156.057600 32.512000 -26.009600
v 156.057600 -3.251200 -26.009600
v 130.048000 32.512000 -26.009600
v 130.048000 -3.251200 -26.009600
v 169.062400 -3.251200 -0.000000
v 169.062400 -3.251200 -9.753600
v 156.057600 -3.251200 -0.000000
v 169.062400 -3.251200 -26.009600
v 169.062400 -3.251200 -9.956800
v 156.057600 32.512000 -0.000000
v 169.062400 4.876800 -9.753600
v 169.062400 4.876800 -9.956800
v 130.048000 32.512000 -0.000000
v 130.048000 -3.251200 -0.000000
v 208.076800 32.512000 26.009600
v 208.076800 -3.251200 26.009600
v 182.067200 32.512000 26.009600
v 182.067200 -3.251200 26.009600
v 208.076800 32.512000 52.019200
v 208.076800 -3.251200 52.019200
v 182.067200 32.512000 52.019200
v 182.067200 -3.251200 52.019200
v 156.057600 32.512000 26.009600
v 156.057600 -3.251200 26.009600
v 130.048000 32.512000 26.009600
v 130.048000 -3.251200 26.009600
v 156.057600 32.512000 52.019200
v 156.057600 -3.251200 52.019200
v 143.052800 -3.251200 52.019200
v 130.048000 32.512000 52.019200
v 143.052800 -13.004800 52.019200
v 130.048000 -13.004800 52.019200
v 130.048000 -13.004800 26.009600
v 104.038400 32.512000 -104.038400
v 104.038400 32.512000 -123.545600
v 104.038400 -3.251200 -123.545600
v 104.038400 -3.251200 -104.038400
v 104.038400 32.512000 -78.028800
v 104.038400 -3.251200 -78.028800
v 104.038400 32.512000 -52.019200
v 104.038400 -3.251200 -52.019200
v 104.038400 32.512000 -26.009600
v 104.038400 -3.251200 -26.009600
v 117.043200 -3.251200 -0.000000
v 104.038400 32.512000 -0.000000
v 117.043200 -13.004800 -0.000000
v 104.038400 -13.004800 -0.000000
v 104.038400 -13.004800 -26.009600
v 78.028800 32.512000 -0.000000
v 78.028800 -3.251200 -0.000000
v 78.028800 -13.004800 -0.000000
v 104.038400 32.512000 26.009600
v 104.038400 -13.004800 26.009600
v 78.028800 32.512000 26.009600
v 78.028800 -13.004800 26.009600
v 104.038400 32.512000 52.019200
v 104.038400 -13.004800 52.019200
v 78.028800 32.512000 52.019200
v 78.028800 -13.004800 52.019200
v 52.019200 32.512000 26.009600
v 52.019200 -3.251200 26.009600
v 52.019200 -13.004800 26.009600
v 52.019200 32.512000 52.019200
v 52.019200 -13.004800 52.019200
v 26.009600 32.512000 52.019200
v 26.009600 -3.251200 52.019200
v 26.009600 -13.004800 52.019200
v 390.144000 -3.251200 130.048000
v 390.144000 -6.502400 130.048000
v 390.144000 32.512000 130.048000
v 377.546319 -3.251200 64.617724
v 364.948614 -3.251200 64.617724
v 364.134400 -3.251200 64.617724
v 390.144000 -3.251200 64.617724
v 377.546319 -3.251200 77.216273
v 364.948614 -3.251200 77.216273
v 364.134400 -3.251200 77.216273
v 390.144000 -3.251200 77.216273
v 377.546319 -3.251200 78.028800
v 364.948614 -3.251200 78.028800
v 364.134400 -3.251200 78.028800
v 390.144000 -3.251200 78.028800
v 390.144000 32.512000 78.028800
v 364.134400 32.512000 78.028800
v 364.134400 -6.502400 78.028800
v 390.144000 -6.502400 78.028800
v 351.536670 -3.251200 64.617724
v 338.938915 -3.251200 64.617724
v 338.124800 -3.251200 64.617724
v 351.536670 -3.251200 77.216273
v 338.938915 -3.251200 77.216273
v 338.124800 -3.251200 77.216273
v 351.536670 -3.251200 78.028800
v 338.938915 -3.251200 78.028800
v 338.124800 -3.251200 78.028800
v 338.124800 32.512000 78.028800
v 338.124800 -6.502400 78.028800
v 377.546319 -3.251200 90.627374
v 364.948614 -3.251200 90.627374
v 364.134400 -3.251200 90.627374
v 390.144000 -3.251200 90.627374
v 377.546319 -3.251200 103.225972
v 364.948614 -3.251200 103.225972
v 364.134400 -3.251200 103.225972
v 390.144000 -3.251200 103.225972
v 377.546319 -3.251200 104.038400
v 364.948614 -3.251200 104.038400
v 364.134400 -3.251200 104.038400
v 390.144000 -3.251200 104.038400
v 390.144000 32.512000 104.038400
v 364.134400 32.512000 104.038400
v 364.134400 -6.502400 104.038400
v 390.144000 -6.502400 104.038400
v 351.536670 -3.251200 90.627374
v 338.938915 -3.251200 90.627374
v 338.124800 -3.251200 90.627374
v 351.536670 -3.251200 103.225972
v 338.938915 -3.251200 103.225972
v 338.124800 -3.251200 103.225972
v 351.536670 -3.251200 104.038400
v 338.938915 -3.251200 104.038400
v 338.124800 -3.251200 104.038400
v 338.124800 32.512000 104.038400
v 338.124800 -6.502400 104.038400
v 377.546319 -3.251200 116.637023
v 364.948614 -3.251200 116.637023
v 364.134400 -3.251200 116.637023
v 390.144000 -3.251200 116.637023
v 377.546319 -3.251200 129.235671
v 364.948614 -3.251200 129.235671
v 364.134400 -3.251200 129.235671
v 390.144000 -3.251200 129.235671
v 377.546319 -3.251200 130.048000
v 364.948614 -3.251200 130.048000
v 364.134400 -3.251200 130.048000
v 364.134400 32.512000 130.048000
v 364.134400 -6.502400 130.048000
v 351.536670 -3.251200 116.637023
v 338.938915 -3.251200 116.637023
v 338.124800 -3.251200 116.637023
v 351.536670 -3.251200 129.235671
v 338.938915 -3.251200 129.235671
v 338.124800 -3.251200 129.235671
v 351.536670 -3.251200 130.048000
v 338.938915 -3.251200 130.048000
v 338.124800 -3.251200 130.048000
v 338.124800 32.512000 130.048000
v 338.124800 -6.502400 130.048000
v 390.144000 -3.251200 156.057600
v 390.144000 -6.502400 156.057600
v 390.144000 32.512000 156.057600
v 338.124800 -3.251200 156.057600
v 338.124800 -6.502400 156.057600
v 338.124800 32.512000 156.057600
v 377.546319 -3.251200 142.646673
v 364.948614 -3.251200 142.646673
v 364.134400 -3.251200 142.646673
v 390.144000 -3.251200 142.646673
v 377.546319 -3.251200 155.245371
v 364.948614 -3.251200 155.245371
v 364.134400 -3.251200 155.245371
v 390.144000 -3.251200 155.245371
v 377.546319 -3.251200 156.057600
v 364.948614 -3.251200 156.057600
v 364.134400 -3.251200 156.057600
v 364.134400 32.512000 156.057600
v 364.134400 -6.502400 156.057600
v 351.536670 -3.251200 142.646673
v 338.938915 -3.251200 142.646673
v 338.124800 -3.251200 142.646673
v 351.536670 -3.251200 155.245371
v 338.938915 -3.251200 155.245371
v 338.124800 -3.251200 155.245371
v 351.536670 -3.251200 156.057600
v 338.938915 -3.251200 156.057600
v 325.527020 -3.251200 64.617724
v 312.929215 -3.251200 64.617724
v 312.115200 -3.251200 64.617724
v 325.527020 -3.251200 77.216273
v 312.929215 -3.251200 77.216273
v 312.115200 -3.251200 77.216273
v 325.527020 -3.251200 78.028800
v 312.929215 -3.251200 78.028800
v 312.115200 -3.251200 78.028800
v 312.115200 32.512000 78.028800
v 312.115200 -6.502400 78.028800
v 299.517371 -3.251200 64.617724
v 286.919516 -3.251200 64.617724
v 286.105600 -3.251200 64.617724
v 299.517371 -3.251200 77.216273
v 286.919516 -3.251200 77.216273
v 286.105600 -3.251200 77.216273
v 299.517371 -3.251200 78.028800
v 286.919516 -3.251200 78.028800
v 286.105600 -3.251200 78.028800
v 286.105600 32.512000 78.028800
v 286.105600 -6.502400 78.028800
v 325.527020 -3.251200 90.627374
v 312.929215 -3.251200 90.627374
v 312.115200 -3.251200 90.627374
v 325.527020 -3.251200 103.225972
v 312.929215 -3.251200 103.225972
v 312.115200 -3.251200 103.225972
v 325.527020 -3.251200 104.038400
v 312.929215 -3.251200 104.038400
v 312.115200 -3.251200 104.038400
v 312.115200 32.512000 104.038400
v 312.115200 -6.502400 104.038400
v 299.517371 -3.251200 90.627374
v 286.919516 -3.251200 90.627374
v 286.105600 -3.251200 90.627374
v 299.517371 -3.251200 103.225972
v 286.919516 -3.251200 103.225972
v 286.105600 -3.251200 103.225972
v 299.517371 -3.251200 104.038400
v 286.919516 -3.251200 104.038400
v 286.105600 -3.251200 104.038400
v 286.105600 32.512000 104.038400
v 286.105600 -6.502400 104.038400
v 325.527020 -3.251200 116.637023
v 312.929215 -3.251200 116.637023
v 312.115200 -3.251200 116.637023
v 325.527020 -3.251200 129.235671
v 312.929215 -3.251200 129.235671
v 312.115200 -3.251200 129.235671
v 325.527020 -3.251200 130.048000
v 312.929215 -3.251200 130.048000
v 312.115200 -3.251200 130.048000
v 312.115200 32.512000 130.048000
v 312.115200 -6.502400 130.048000
v 299.517371 -3.251200 116.637023
v 286.919516 -3.251200 116.637023
v 286.105600 -3.251200 116.637023
v 299.517371 -3.251200 129.235671
v 286.919516 -3.251200 129.235671
v 286.105600 -3.251200 129.235671
v 299.517371 -3.251200 130.048000
v 286.919516 -3.251200 130.048000
v 286.105600 -3.251200 130.048000
v 286.105600 32.512000 130.048000
v 286.105600 -6.502400 130.048000
v 260.096000 -6.502400 78.028800
v 260.096000 -3.251200 78.028800
v 260.909817 -3.251200 64.617724
v 273.507721 -3.251200 64.617724
v 260.096000 -3.251200 64.617724
v 260.909817 -3.251200 77.216273
v 273.507721 -3.251200 77.216273
v 260.096000 -3.251200 77.216273
v 260.909817 -3.251200 78.028800
v 273.507721 -3.251200 78.028800
v 286.105600 -3.251200 65.024019
v 282.854400 -3.251200 68.275200
v 273.913327 -3.251200 77.216273
v 273.100800 -3.251200 78.028800
v 261.315200 -3.251200 78.028800
v 261.315200 -3.251200 77.216273
v 273.100800 32.512000 78.028800
v 286.105600 32.512000 65.024019
v 282.854400 32.512000 68.275200
v 260.096000 32.512000 78.028800
v 234.086400 32.512000 78.028800
v 234.086400 -3.251200 78.028800
v 260.096000 -6.502400 104.038400
v 260.096000 -3.251200 104.038400
v 273.507721 -3.251200 90.627374
v 260.909817 -3.251200 90.627374
v 260.096000 -3.251200 90.627374
v 273.507721 -3.251200 103.225972
v 260.909817 -3.251200 103.225972
v 260.096000 -3.251200 103.225972
v 273.507721 -3.251200 104.038400
v 260.909817 -3.251200 104.038400
v 260.096000 32.512000 104.038400
v 234.086400 -3.251200 104.038400
v 234.086400 32.512000 104.038400
v 260.096000 -6.502400 130.048000
v 260.096000 -3.251200 130.048000
v 273.507721 -3.251200 116.637023
v 260.909817 -3.251200 116.637023
v 260.096000 -3.251200 116.637023
v 273.507721 -3.251200 129.235671
v 260.909817 -3.251200 129.235671
v 260.096000 -3.251200 129.235671
v 273.507721 -3.251200 130.048000
v 260.909817 -3.251200 130.048000
v 260.096000 32.512000 130.048000
v 234.086400 -3.251200 130.048000
v 234.086400 32.512000 130.048000
v 286.105600 -3.251200 156.057600
v 286.105600 -6.502400 156.057600
v 286.105600 32.512000 156.057600
v 325.527020 -3.251200 142.646673
v 312.929215 -3.251200 142.646673
v 312.115200 -3.251200 142.646673
v 325.527020 -3.251200 155.245371
v 312.929215 -3.251200 155.245371
v 312.115200 -3.251200 155.245371
v 325.527020 -3.251200 156.057600
v 312.929215 -3.251200 156.057600
v 312.115200 -3.251200 156.057600
v 312.115200 32.512000 156.057600
v 312.115200 -6.502400 156.057600
v 299.517371 -3.251200 142.646673
v 286.919516 -3.251200 142.646673
v 286.105600 -3.251200 142.646673
v 299.517371 -3.251200 155.245371
v 286.919516 -3.251200 155.245371
v 286.105600 -3.251200 155.245371
v 299.517371 -3.251200 156.057600
v 286.919516 -3.251200 156.057600
v 260.096000 -3.251200 156.057600
v 260.096000 -6.502400 156.057600
v 234.086400 32.512000 156.057600
v 234.086400 -3.251200 156.057600
v 273.507721 -3.251200 142.646673
v 260.909817 -3.251200 142.646673
v 260.096000 -3.251200 142.646673
v 273.507721 -3.251200 155.245371
v 260.909817 -3.251200 155.245371
v 260.096000 -3.251200 155.245371
v 273.507721 -3.251200 156.057600
v 260.909817 -3.251200 156.057600
v 260.096000 32.512000 156.057600
v 208.076800 32.512000 78.028800
v 208.076800 -3.251200 78.028800
v 182.067200 32.512000 78.028800
v 182.067200 -3.251200 78.028800
v 208.076800 32.512000 104.038400
v 208.076800 -3.251200 104.038400
v 182.067200 32.512000 104.038400
v 182.067200 -3.251200 104.038400
v 208.076800 -3.251200 130.048000
v 208.076800 32.512000 130.048000
v 182.067200 32.512000 130.048000
v 182.067200 -3.251200 130.048000
v 156.057600 32.512000 78.028800
v 156.057600 -3.251200 78.028800
v 133.299200 -3.251200 78.028800
v 130.048000 -3.251200 78.028800
v 130.048000 -3.251200 74.777612
v 133.299200 -3.251200 71.526412
v 130.048000 -3.251200 65.024006
v 130.860800 -3.251200 64.211200
v 134.924800 -3.251200 68.275194
v 130.048000 -3.251200 73.151994
v 136.550400 -3.251200 68.275200
v 134.924800 -3.251200 69.900812
v 134.924800 -3.251200 78.028800
v 146.304000 -3.251200 58.521606
v 130.048000 32.512000 78.028800
v 130.048000 4.876800 74.777612
v 130.048000 4.876800 73.151994
v 134.924800 4.876800 68.275200
v 134.924800 4.876800 69.900819
v 134.924800 4.876800 78.028800
v 133.299200 4.876800 78.028800
v 133.299200 4.876800 71.526406
v 130.048000 -13.004800 65.024000
v 169.062400 -3.251200 104.038400
v 156.057600 -3.251200 104.038400
v 170.688000 32.512000 104.038400
v 169.062400 32.512000 102.412794
v 156.057600 32.512000 89.407994
v 156.057600 32.512000 104.038400
v 133.299200 -3.251200 104.038400
v 130.048000 -3.251200 104.038400
v 134.924800 -3.251200 104.038400
v 155.244800 32.512000 88.595212
v 144.678400 32.512000 78.028800
v 130.048000 32.512000 104.038400
v 134.924800 4.876800 104.038400
v 133.299200 4.876800 104.038400
v 182.067200 -3.251200 111.353600
v 172.720000 -3.251200 111.353600
v 156.057600 -3.251200 130.048000
v 156.057600 32.512000 130.048000
v 133.299200 -3.251200 110.540825
v 133.299200 -3.251200 111.353600
v 132.486400 -3.251200 111.353600
v 130.048000 -3.251200 108.915200
v 133.299200 -3.251200 108.915200
v 133.299200 -3.251200 130.048000
v 130.048000 -3.251200 130.048000
v 130.048000 -3.251200 111.353600
v 156.057600 -3.251200 108.915200
v 134.924800 -3.251200 108.915200
v 130.048000 32.512000 130.048000
v 134.924800 4.876800 108.915212
v 133.299200 4.876800 108.915200
v 132.486400 4.876800 111.353600
v 130.048000 4.876800 111.353600
v 130.048000 4.876800 108.915200
v 133.299200 4.876800 110.540800
v 195.072000 32.512000 156.057600
v 195.072000 -3.251200 156.057600
v 208.076800 -3.251200 156.057600
v 208.076800 32.512000 156.057600
v 182.067200 -3.251200 156.057600
v 182.067200 32.512000 156.057600
v 182.067200 32.512000 169.062388
v 182.067200 -3.251200 169.062388
v 182.067200 4.876800 169.062400
v 195.072000 4.876800 156.057600
v 156.057600 -3.251200 156.057600
v 156.057600 32.512000 156.057600
v 130.048000 -3.251200 156.057600
v 130.048000 32.512000 156.057600
v 156.057600 32.512000 182.067200
v 169.062400 32.512000 182.067200
v 156.057600 -3.251200 182.067200
v 169.062400 -3.251200 182.067200
v 130.048000 32.512000 182.067200
v 130.048000 -3.251200 182.067200
v 156.057600 32.512000 195.072000
v 156.057600 -3.251200 195.072000
v 143.052800 32.512000 208.076800
v 130.048000 32.512000 208.076800
v 143.052800 -3.251200 208.076800
v 130.048000 -3.251200 208.076800
v 143.052800 4.876800 208.076800
v 156.057600 4.876800 195.072000
v 126.796800 -3.251200 78.028800
v 125.171200 -3.251200 78.028800
v 117.043200 -3.251200 78.028800
v 104.038400 32.512000 78.028800
v 125.171200 4.876800 78.028800
v 126.796800 4.876800 78.028800
v 104.038400 -13.004800 78.028800
v 117.043200 -13.004800 78.028800
v 78.028800 32.512000 78.028800
v 78.028800 -13.004800 78.028800
v 104.038400 -3.251200 99.161600
v 104.038400 -3.251200 91.033606
v 104.038400 -3.251200 104.038400
v 104.038400 -3.251200 100.787206
v 104.038400 32.512000 104.038400
v 104.038400 4.876800 100.787206
v 104.038400 4.876800 99.161600
v 104.038400 -13.004800 91.033600
v 100.787200 -3.251200 104.038400
v 99.161600 -3.251200 104.038400
v 91.033600 -3.251200 104.038400
v 78.028800 32.512000 104.038400
v 99.161600 4.876800 104.038400
v 100.787200 4.876800 104.038400
v 91.033600 -13.004800 104.038400
v 78.028800 -13.004800 104.038400
v 104.038400 -3.251200 108.915200
v 104.038400 -3.251200 130.048000
v 104.038400 -3.251200 111.353600
v 104.038400 32.512000 130.048000
v 104.038400 4.876800 111.353600
v 104.038400 4.876800 108.915200
v 95.910400 -3.251200 108.915200
v 94.284800 -3.251200 108.915200
v 96.723200 -3.251200 111.353600
v 91.846400 -3.251200 111.353600
v 78.028800 -3.251200 130.048000
v 78.028800 -3.251200 125.171200
v 78.028800 -3.251200 117.043212
v 78.028800 32.512000 111.353600
v 91.846400 32.512000 111.353600
v 94.284800 32.512000 108.915200
v 94.284800 32.512000 104.038400
v 96.723200 32.512000 111.353600
v 104.038400 32.512000 111.353600
v 78.028800 32.512000 130.048000
v 95.910400 4.876800 108.915200
v 94.284800 4.876800 108.915200
v 96.723200 4.876800 111.353600
v 78.028800 -13.004800 117.043200
v 52.019200 32.512000 78.028800
v 52.019200 -13.004800 78.028800
v 26.009600 32.512000 78.028800
v 26.009600 -13.004800 78.028800
v 0.000000 32.512000 78.028800
v 0.000000 -3.251200 78.028800
v 0.000000 -13.004800 78.028800
v 52.019200 32.512000 104.038400
v 52.019200 -13.004800 104.038400
v 65.024000 -3.251200 130.048000
v 52.019200 32.512000 130.048000
v 65.024000 -13.004800 130.048000
v 52.019200 -13.004800 130.048000
v 26.009600 32.512000 104.038400
v 26.009600 -13.004800 104.038400
v 0.000000 32.512000 104.038400
v 0.000000 -13.004800 104.038400
v 26.009600 32.512000 130.048000
v 26.009600 -13.004800 130.048000
v 0.000000 32.512000 130.048000
v 0.000000 -13.004800 130.048000
v 104.038400 -3.251200 156.057600
v 104.038400 32.512000 156.057600
v 78.028800 -3.251200 156.057600
v 78.028800 32.512000 156.057600
v 104.038400 32.512000 182.067200
v 104.038400 -3.251200 182.067200
v 78.028800 -3.251200 182.067200
v 78.028800 32.512000 182.067200
v 104.038400 32.512000 208.076800
v 104.038400 -3.251200 208.076800
v 78.028800 -3.251200 208.076800
v 78.028800 32.512000 208.076800
v 52.019200 -3.251200 156.057600
v 52.019200 -3.251200 143.052800
v 52.019200 32.512000 156.057600
v 52.019200 -13.004800 143.052800
v 26.009600 32.512000 156.057600
v 39.014400 -3.251200 156.057600
v 39.014400 -13.004800 156.057600
v 26.009600 -13.004800 156.057600
v 0.000000 32.512000 156.057600
v 0.000000 -3.251200 143.052800
v 6.502400 -3.251200 149.555200
v 13.004800 -3.251200 156.057600
v 0.000000 -13.004800 143.052800
v 6.502400 -13.004800 149.555200
v 13.004800 -13.004800 156.057600
v 52.019200 32.512000 182.067200
v 52.019200 -3.251200 182.067200
v 65.024000 -3.251200 208.076800
v 52.019200 -3.251200 208.076800
v 52.019200 -3.251200 195.072000
v 52.019200 32.512000 208.076800
v 39.014400 -3.251200 182.067200
v 26.009600 -3.251200 182.067200
v 26.009600 -3.251200 169.062400
v 26.009600 32.512000 182.067200
v 26.009600 -13.004800 169.062400
v 0.000000 -3.251200 182.067200
v 0.000000 32.512000 182.067200
v 52.019200 -3.251200 191.820812
v 50.393600 -3.251200 193.446400
v 26.009600 -3.251200 208.076800
v 26.009600 32.512000 208.076800
v 0.000000 32.512000 208.076800
v 0.000000 -3.251200 208.076800
v 130.048000 32.512000 221.081600
v 130.048000 -3.251200 221.081600
v 104.038400 32.512000 234.086400
v 117.043200 32.512000 234.086400
v 104.038400 -3.251200 234.086400
v 117.043200 -3.251200 234.086400
v 117.043200 4.876800 234.086400
v 130.048000 4.876800 221.081600
v 91.033600 -3.251200 234.086400
v 78.028800 -3.251200 234.086400
v 78.028800 -3.251200 221.081625
v 78.028800 32.512000 234.086400
v 104.038400 32.512000 247.091200
v 104.038400 -3.251200 247.091200
v 104.038400 4.876800 247.091200
v 91.033600 -3.251200 260.096000
v 78.028800 -3.251200 260.096000
v 78.028800 32.512000 260.096000
v 91.033600 32.512000 260.096000
v 78.028800 32.512000 273.100800
v 78.028800 -3.251200 273.100800
v 78.028800 4.876800 273.100800
v 91.033600 4.876800 260.096000
v 52.019200 -3.251200 234.086400
v 52.019200 32.512000 234.086400
v 26.009600 32.512000 234.086400
v 26.009600 -3.251200 234.086400
v 0.000000 32.512000 234.086400
v 0.000000 -3.251200 234.086400
v 52.019200 32.512000 260.096000
v 52.019200 -3.251200 260.096000
v 52.019200 32.512000 286.105600
v 65.024000 32.512000 286.105600
v 65.024000 -3.251200 286.105600
v 52.019200 -3.251200 286.105600
v 65.024000 4.876800 286.105600
v 26.009600 32.512000 260.096000
v 26.009600 -3.251200 260.096000
v 0.000000 32.512000 260.096000
v 26.009600 32.512000 286.105600
v 26.009600 -3.251200 286.105600
v 0.000000 32.512000 286.105600
v 0.000000 -3.251200 286.105600
v 2.235200 1.016000 279.400000
v 2.032000 1.016000 279.196800
v 0.000000 1.016000 281.228800
v 0.000000 1.016000 281.635200
v 0.000000 6.908800 281.635200
v 0.000000 6.908800 281.228800
v 2.032000 6.908800 279.196800
v 2.235200 6.908800 279.400000
v 2.235200 4.876800 279.400099
v 0.000000 4.876800 281.635200
v 0.000000 4.876800 281.228800
v 2.032000 4.876800 279.196800
v 52.019200 32.512000 299.110425
v 52.019200 -3.251200 299.110425
v 52.019200 4.876800 299.110400
v 26.009600 32.512000 312.115200
v 39.014400 32.512000 312.115200
v 26.009600 -3.251200 312.115200
v 39.014400 -3.251200 312.115200
v 39.014400 4.876800 312.115200
v 0.000000 32.512000 312.115200
v 0.000000 -3.251200 312.115200
v 26.009600 32.512000 325.120025
v 26.009600 -3.251200 325.120025
v 26.009600 4.876800 325.120000
v 0.000000 32.512000 338.124800
v 13.004800 32.512000 338.124800
v 13.004800 -3.251200 338.124800
v 0.000000 -3.251200 338.124800
v 13.004800 4.876800 338.124800
v 0.000000 32.512000 351.129600
v 0.000000 -3.251200 351.129600
v 0.000000 4.876800 351.129600
v -26.009600 0.000000 -240.588800
v -26.009600 26.009600 -240.588800
v -6.502400 26.009600 -240.588800
v -6.502400 0.000000 -240.588800
v -6.502400 26.009600 -234.086400
v -6.502400 0.000000 -234.086400
v -26.009600 26.009600 -234.086400
v -26.009600 0.000000 -234.086400
v -52.019200 0.000000 -240.588800
v -52.019200 26.009600 -240.588800
v -52.019200 0.000000 -234.086400
v -52.019200 26.009600 -234.086400
v -6.502400 26.009600 -208.076800
v -6.502400 0.000000 -208.076800
v -26.009600 0.000000 -208.076800
v -26.009600 26.009600 -208.076800
v -52.019200 26.009600 -208.076800
v -52.019200 0.000000 -208.076800
v -78.028800 0.000000 -240.588800
v -78.028800 26.009600 -240.588800
v -78.028800 0.000000 -234.086400
v -78.028800 26.009600 -234.086400
v -104.038400 0.000000 -240.588800
v -104.038400 26.009600 -240.588800
v -104.038400 0.000000 -234.086400
v -104.038400 26.009600 -234.086400
v -78.028800 26.009600 -208.076800
v -78.028800 0.000000 -208.076800
v -104.038400 26.009600 -208.076800
v -104.038400 0.000000 -208.076800
v -6.502400 26.009600 -182.067200
v -6.502400 0.000000 -182.067200
v -26.009600 0.000000 -182.067200
v -26.009600 26.009600 -182.067200
v -52.019200 26.009600 -182.067200
v -52.019200 0.000000 -182.067200
v -6.502400 26.009600 -156.057600
v -6.502400 0.000000 -156.057600
v -26.009600 0.000000 -156.057600
v -26.009600 26.009600 -156.057600
v -52.019200 26.009600 -156.057600
v -52.019200 0.000000 -156.057600
v -6.502400 26.009600 -136.550400
v -6.502400 0.000000 -136.550400
v -26.009600 26.009600 -136.550400
v -26.009600 0.000000 -136.550400
v -52.019200 26.009600 -136.550400
v -52.019200 0.000000 -136.550400
v -78.028800 26.009600 -182.067200
v -78.028800 0.000000 -182.067200
v -104.038400 26.009600 -182.067200
v -104.038400 0.000000 -182.067200
v -78.028800 26.009600 -156.057600
v -78.028800 0.000000 -156.057600
v -104.038400 26.009600 -156.057600
v -104.038400 0.000000 -156.057600
v -78.028800 26.009600 -136.550400
v -78.028800 0.000000 -136.550400
v -104.038400 26.009600 -136.550400
v -104.038400 0.000000 -136.550400
v -110.540800 0.000000 -240.588800
v -110.540800 26.009600 -240.588800
v -110.540800 0.000000 -234.086400
v -110.540800 26.009600 -234.086400
v -110.540800 0.000000 -208.076800
v -110.540800 26.009600 -208.076800
v -110.540800 0.000000 -182.067200
v -110.540800 26.009600 -182.067200
v -110.540800 0.000000 -156.057600
v -110.540800 26.009600 -156.057600
v -110.540800 0.000000 -136.550400
v -110.540800 26.009600 -136.550400
v -26.009600 32.512000 104.038400
v -26.009699 -3.251200 104.038400
v -26.009600 -13.004800 104.038400
v -13.004805 -3.251200 130.048000
v -26.009600 -3.251200 130.048000
v -26.009600 -3.251200 117.043200
v -26.009600 32.512000 130.048000
v -13.004800 -13.004800 130.048000
v -26.009600 -13.004800 117.043200
v -52.019200 -3.251200 130.048000
v -33.324800 -3.251200 111.353600
v -31.699206 -3.251200 111.353600
v -32.512003 -3.251200 110.540800
v -52.019200 32.512000 130.048000
v -32.512000 -13.004800 110.540800
v -52.019200 -16.256000 156.057600
v -52.019200 -3.251200 156.057600
v -26.009600 -3.251200 156.057600
v -26.009600 32.512000 156.057600
v -52.019200 32.512000 156.057600
v -26.009600 -3.251200 181.255070
v -26.009600 -3.251200 168.656322
v -13.411225 -3.251200 168.656322
v -13.411226 -3.251200 181.255070
v -26.009600 -3.251200 182.067200
v -13.411226 -3.251200 182.067200
v -13.411225 -3.251200 156.057600
v -0.812828 -3.251200 168.656322
v -0.812828 -3.251200 181.255070
v -0.812828 -3.251200 182.067200
v -0.812828 -3.251200 156.057600
v 0.000000 -3.251200 168.656322
v 0.000000 -3.251200 181.255070
v -26.009600 32.512000 182.067200
v -26.009600 -16.256000 182.067200
v -26.009600 -16.256000 156.057600
v 0.000000 -16.256000 182.067200
v -39.420874 -3.251200 168.656322
v -39.420874 -3.251200 181.255070
v -52.019200 -3.251200 181.255070
v -52.019200 -3.251200 168.656322
v -39.420874 -3.251200 182.067200
v -52.019200 -3.251200 182.067200
v -39.420874 -3.251200 156.057600
v -26.822524 -3.251200 168.656322
v -26.822524 -3.251200 181.255070
v -26.822524 -3.251200 182.067200
v -26.822524 -3.251200 156.057600
v -52.019200 32.512000 182.067200
v -52.019200 -16.256000 182.067200
v -26.009600 -3.251200 207.264769
v -26.009600 -3.251200 194.665972
v -13.411225 -3.251200 194.665972
v -13.411226 -3.251200 207.264769
v -26.009600 -3.251200 208.076800
v -13.411226 -3.251200 208.076800
v -0.812828 -3.251200 194.665972
v -0.812828 -3.251200 207.264769
v -0.812828 -3.251200 208.076800
v 0.000000 -3.251200 194.665972
v 0.000000 -3.251200 207.264769
v -26.009600 32.512000 208.076800
v 0.000000 -16.256000 208.076800
v -26.009600 -16.256000 208.076800
v -52.019200 -3.251200 207.264769
v -52.019200 -3.251200 194.665972
v -39.420874 -3.251200 194.665972
v -39.420874 -3.251200 207.264769
v -52.019200 -3.251200 208.076800
v -39.420874 -3.251200 208.076800
v -26.822524 -3.251200 194.665972
v -26.822524 -3.251200 207.264769
v -26.822524 -3.251200 208.076800
v -52.019200 32.512000 208.076800
v -52.019200 -16.256000 208.076800
v -104.038400 32.512000 156.057600
v -78.028800 32.512000 156.057600
v -78.028800 -3.251200 156.057600
v -104.038400 -3.251200 156.057600
v -104.038400 -16.256000 156.057600
v -52.019200 4.876800 130.048000
v -78.028800 4.876800 156.057600
v -78.028800 -3.251200 181.255070
v -78.028800 -3.251200 168.656322
v -65.430524 -3.251200 168.656322
v -65.430524 -3.251200 181.255070
v -65.430524 -3.251200 182.067200
v -78.028800 -3.251200 182.067200
v -65.430524 -3.251200 156.057600
v -52.832223 -3.251200 168.656322
v -52.832223 -3.251200 181.255070
v -52.832223 -3.251200 182.067200
v -52.832223 -3.251200 156.057600
v -78.028800 32.512000 182.067200
v -78.028800 -16.256000 182.067200
v -78.028800 -16.256000 156.057600
v -104.038400 -3.251200 181.255070
v -104.038400 -3.251200 168.656322
v -91.440174 -3.251200 168.656322
v -91.440174 -3.251200 181.255070
v -91.440174 -3.251200 182.067200
v -104.038400 -3.251200 182.067200
v -91.440174 -3.251200 156.057600
v -78.841922 -3.251200 168.656322
v -78.841922 -3.251200 181.255070
v -78.841922 -3.251200 182.067200
v -78.841922 -3.251200 156.057600
v -104.038400 32.512000 182.067200
v -104.038400 -16.256000 182.067200
v -78.028800 -3.251200 207.264769
v -78.028800 -3.251200 194.665972
v -65.430524 -3.251200 194.665972
v -65.430524 -3.251200 207.264769
v -65.430524 -3.251200 208.076800
v -78.028800 -3.251200 208.076800
v -52.832223 -3.251200 194.665972
v -52.832223 -3.251200 207.264769
v -52.832223 -3.251200 208.076800
v -78.028800 32.512000 208.076800
v -78.028800 -16.256000 208.076800
v -104.038400 -3.251200 207.264769
v -104.038400 -3.251200 194.665972
v -91.440174 -3.251200 194.665972
v -91.440174 -3.251200 207.264769
v -104.038400 -3.251200 208.076800
v -91.440174 -3.251200 208.076800
v -78.841922 -3.251200 194.665972
v -78.841922 -3.251200 207.264769
v -78.841922 -3.251200 208.076800
v -104.038400 32.512000 208.076800
v -104.038400 -16.256000 208.076800
v -149.555200 -3.251200 78.028800
v -156.057600 -3.251200 78.028800
v -156.057600 -3.251200 65.024000
v -149.555200 -3.251200 65.024000
v -149.555200 32.512000 65.024000
v -156.057600 32.512000 65.024000
v -156.057600 32.512000 78.028800
v -149.555200 32.512000 78.028800
v -149.555200 4.876800 78.028800
v -149.555200 4.876800 65.024000
v -149.555200 -3.251200 104.038400
v -156.057600 -3.251200 104.038400
v -156.057600 32.512000 104.038400
v -149.555200 32.512000 104.038400
v -149.555200 4.876800 104.038400
v -156.057600 -3.251200 130.048000
v -149.555200 -3.251200 130.048000
v -156.057600 32.512000 130.048000
v -149.555200 32.512000 130.048000
v -149.555200 4.876800 130.048000
v -182.067200 32.512000 65.024000
v -182.067200 32.512000 78.028800
v -182.067200 -3.251200 78.028800
v -182.067200 -3.251200 65.024000
v -156.057600 4.876800 65.024000
v -182.067200 4.876800 65.024000
v -195.478772 -3.251200 78.028800
v -208.076800 -3.251200 78.028800
v -208.076800 -3.251200 65.024000
v -195.478772 -3.251200 65.024000
v -188.569600 -3.251200 78.028800
v -188.569600 -3.251200 65.024000
v -208.076800 32.512000 65.024000
v -208.076800 32.512000 78.028800
v -188.569600 -16.256000 78.028800
v -208.076800 -16.256000 78.028800
v -208.076800 -16.256000 65.024000
v -188.569600 -16.256000 65.024000
v -182.067200 32.512000 104.038400
v -182.067200 -3.251200 104.038400
v -195.478772 -3.251200 90.627374
v -195.478772 -3.251200 103.225972
v -208.076800 -3.251200 103.225972
v -208.076800 -3.251200 90.627374
v -195.478772 -3.251200 104.038400
v -208.076800 -3.251200 104.038400
v -188.569600 -3.251200 90.627374
v -188.569600 -3.251200 103.225972
v -188.569600 -3.251200 104.038400
v -208.076800 32.512000 104.038400
v -188.569600 -16.256000 104.038400
v -208.076800 -16.256000 104.038400
v -182.067200 32.512000 130.048000
v -182.067200 -3.251200 130.048000
v -208.076800 -3.251200 129.235671
v -208.076800 -3.251200 116.637023
v -195.478772 -3.251200 116.637023
v -195.478772 -3.251200 129.235671
v -208.076800 -3.251200 130.048000
v -195.478772 -3.251200 130.048000
v -188.569600 -3.251200 116.637023
v -188.569600 -3.251200 129.235671
v -188.569600 -3.251200 130.048000
v -208.076800 32.512000 130.048000
v -188.569600 -16.256000 130.048000
v -208.076800 -16.256000 130.048000
v -149.555200 -16.256000 156.057600
v -149.555200 -3.251200 156.057600
v -149.555200 32.512000 156.057600
v -156.057600 -3.251200 156.057600
v -156.057600 32.512000 156.057600
v -149.555200 4.876800 156.057600
v -130.048000 -3.251200 181.255070
v -130.048000 -3.251200 168.656322
v -117.449823 -3.251200 168.656322
v -117.449823 -3.251200 181.255070
v -117.449823 -3.251200 182.067200
v -130.048000 -3.251200 182.067200
v -130.048000 -3.251200 156.057600
v -117.449823 -3.251200 156.057600
v -104.851622 -3.251200 168.656322
v -104.851622 -3.251200 181.255070
v -104.851622 -3.251200 182.067200
v -104.851622 -3.251200 156.057600
v -130.048000 32.512000 156.057600
v -130.048000 32.512000 182.067200
v -130.048000 -16.256000 182.067200
v -130.048000 -16.256000 156.057600
v -136.957060 -3.251200 168.656322
v -136.957060 -3.251200 181.255070
v -149.555200 -3.251200 181.255070
v -149.555200 -3.251200 168.656322
v -136.957060 -3.251200 182.067200
v -149.555200 -3.251200 182.067200
v -136.957060 -3.251200 156.057600
v -156.057600 -3.251200 182.067200
v -156.057600 32.512000 182.067200
v -149.555200 -16.256000 182.067200
v -130.048000 -3.251200 207.264769
v -130.048000 -3.251200 194.665972
v -117.449823 -3.251200 194.665972
v -117.449823 -3.251200 207.264769
v -117.449823 -3.251200 208.076800
v -130.048000 -3.251200 208.076800
v -104.851622 -3.251200 194.665972
v -104.851622 -3.251200 207.264769
v -104.851622 -3.251200 208.076800
v -130.048000 32.512000 208.076800
v -130.048000 -16.256000 208.076800
v -136.957060 -3.251200 194.665972
v -136.957060 -3.251200 207.264769
v -149.555200 -3.251200 207.264769
v -149.555200 -3.251200 194.665972
v -136.957060 -3.251200 208.076800
v -149.555200 -3.251200 208.076800
v -156.057600 -3.251200 208.076800
v -156.057600 32.512000 208.076800
v -149.555200 -16.256000 208.076800
v -182.067200 -3.251200 156.057600
v -182.067200 32.512000 156.057600
v -208.076800 -3.251200 155.245371
v -208.076800 -3.251200 142.646673
v -195.478772 -3.251200 142.646673
v -195.478772 -3.251200 155.245371
v -195.478772 -3.251200 156.057600
v -208.076800 -3.251200 156.057600
v -188.569600 -3.251200 142.646673
v -188.569600 -3.251200 155.245371
v -188.569600 -3.251200 156.057600
v -208.076800 32.512000 156.057600
v -188.569600 -16.256000 156.057600
v -208.076800 -16.256000 156.057600
v -182.067200 32.512000 182.067200
v -182.067200 -3.251200 182.067200
v -195.478772 -3.251200 168.656322
v -195.478772 -3.251200 181.255070
v -208.076800 -3.251200 181.255070
v -208.076800 -3.251200 168.656322
v -195.478772 -3.251200 182.067200
v -208.076800 -3.251200 182.067200
v -188.569600 -3.251200 168.656322
v -188.569600 -3.251200 181.255070
v -188.569600 -3.251200 182.067200
v -208.076800 32.512000 182.067200
v -188.569600 -16.256000 182.067200
v -208.076800 -16.256000 182.067200
v -182.067200 0.406400 193.234593
v -181.584637 0.406400 193.141612
v -179.628812 0.406400 191.947800
v -179.019200 0.406400 191.211175
v -178.003200 0.406400 189.585600
v -178.003200 0.406400 188.772788
v -178.612775 0.406400 187.960012
v -181.660850 0.406400 187.147200
v -182.067200 0.406400 187.147200
v -182.067200 32.512000 208.076800
v -179.019200 0.000000 191.211175
v -178.003200 0.000000 189.585600
v -178.003200 0.000000 188.772788
v -178.612775 0.000000 187.960012
v -181.660850 0.000000 187.147200
v -182.067200 0.000000 187.147200
v -182.067200 0.000000 193.234593
v -181.584637 0.000000 193.141612
v -179.628812 0.000000 191.947800
v -182.067200 -3.251200 208.076800
v -183.133988 0.406400 187.147200
v -184.099200 0.406400 187.147200
v -184.302400 0.406400 187.960012
v -184.302400 0.406400 191.211237
v -184.886588 0.406400 193.243200
v -184.353188 0.406400 193.675012
v -208.076800 32.512000 208.076800
v -208.076800 -3.251200 195.072000
v -195.478772 -3.251200 195.072000
v -188.569600 -3.251200 195.072000
v -188.569600 -3.251200 208.076800
v -208.076800 -3.251200 208.076800
v -184.302400 0.000000 187.960012
v -184.302400 0.000000 191.211237
v -183.133988 0.000000 187.147200
v -184.099200 0.000000 187.147200
v -184.886588 0.000000 193.243200
v -184.353188 0.000000 193.675012
v -184.302400 0.000000 193.665264
v -184.302400 0.406400 193.665264
v -188.569600 -16.256000 195.072000
v -208.076800 -16.256000 195.072000
v -26.009600 -3.251200 233.274468
v -26.009600 -3.251200 220.675622
v -13.411225 -3.251200 220.675622
v -13.411226 -3.251200 233.274468
v -13.411226 -3.251200 234.086400
v -26.009600 -3.251200 234.086400
v -0.812828 -3.251200 220.675622
v -0.812828 -3.251200 233.274468
v -0.812828 -3.251200 234.086400
v 0.000000 -3.251200 220.675622
v 0.000000 -3.251200 233.274468
v -26.009600 32.512000 234.086400
v -26.009600 -16.256000 234.086400
v 0.000000 -16.256000 234.086400
v -52.019200 -3.251200 233.274468
v -52.019200 -3.251200 220.675622
v -39.420874 -3.251200 220.675622
v -39.420874 -3.251200 233.274468
v -52.019200 -3.251200 234.086400
v -39.420874 -3.251200 234.086400
v -26.822524 -3.251200 220.675622
v -26.822524 -3.251200 233.274468
v -26.822524 -3.251200 234.086400
v -52.019200 32.512000 234.086400
v -52.019200 -16.256000 234.086400
v -52.019200 -3.251200 260.096000
v -52.019200 -16.256000 260.096000
v -26.009600 -3.251200 259.284167
v -26.009600 -3.251200 246.685271
v -13.411225 -3.251200 246.685271
v -13.411226 -3.251200 259.284167
v -13.411226 -3.251200 260.096000
v -26.009600 -3.251200 260.096000
v -0.812828 -3.251200 246.685271
v -0.812828 -3.251200 259.284167
v -0.812828 -3.251200 260.096000
v 0.000000 -3.251200 246.685271
v 0.000000 -3.251200 259.284167
v -26.009600 32.512000 260.096000
v -26.009600 -16.256000 260.096000
v -52.019200 -3.251200 259.284167
v -52.019200 -3.251200 246.685271
v -39.420874 -3.251200 246.685271
v -39.420874 -3.251200 259.284167
v -39.420874 -3.251200 260.096000
v -26.822524 -3.251200 246.685271
v -26.822524 -3.251200 259.284167
v -26.822524 -3.251200 260.096000
v -52.019200 32.512000 260.096000
v -26.009600 32.512000 286.105600
v -26.009600 -3.251200 286.105600
v -4.876807 1.016000 286.105600
v -4.470397 1.016000 286.105600
v -4.470397 6.908800 286.105600
v -4.876807 6.908800 286.105600
v -4.470400 4.876800 286.105600
v -4.876800 4.876800 286.105600
v -52.019200 32.512000 286.105600
v -52.019200 -3.251200 286.105600
v -78.028800 -3.251200 233.274468
v -78.028800 -3.251200 220.675622
v -65.430524 -3.251200 220.675622
v -65.430524 -3.251200 233.274468
v -78.028800 -3.251200 234.086400
v -65.430524 -3.251200 234.086400
v -52.832223 -3.251200 220.675622
v -52.832223 -3.251200 233.274468
v -52.832223 -3.251200 234.086400
v -78.028800 32.512000 234.086400
v -78.028800 -16.256000 234.086400
v -91.440174 -3.251200 220.675622
v -91.440174 -3.251200 233.274468
v -104.038400 -3.251200 233.274468
v -104.038400 -3.251200 220.675622
v -91.440174 -3.251200 234.086400
v -104.038400 -3.251200 234.086400
v -78.841922 -3.251200 220.675622
v -78.841922 -3.251200 233.274468
v -78.841922 -3.251200 234.086400
v -104.038400 32.512000 234.086400
v -104.038400 -16.256000 234.086400
v -104.038400 -3.251200 260.096000
v -104.038400 -16.256000 260.096000
v -78.028800 -3.251200 259.284167
v -78.028800 -3.251200 246.685271
v -65.430524 -3.251200 246.685271
v -65.430524 -3.251200 259.284167
v -78.028800 -3.251200 260.096000
v -65.430524 -3.251200 260.096000
v -52.832223 -3.251200 246.685271
v -52.832223 -3.251200 259.284167
v -52.832223 -3.251200 260.096000
v -78.028800 32.512000 260.096000
v -78.028800 -16.256000 260.096000
v -104.038400 -3.251200 259.284167
v -104.038400 -3.251200 246.685271
v -91.440174 -3.251200 246.685271
v -91.440174 -3.251200 259.284167
v -91.440174 -3.251200 260.096000
v -78.841922 -3.251200 246.685271
v -78.841922 -3.251200 259.284167
v -78.841922 -3.251200 260.096000
v -104.038400 32.512000 260.096000
v -78.028800 32.512000 286.105600
v -78.028800 -3.251200 286.105600
v -104.038400 -3.251200 286.105600
v -104.038400 32.512000 286.105600
v -26.009600 32.512000 312.115200
v -26.009600 -3.251200 312.115200
v -17.272016 1.016000 298.907225
v -17.475216 1.016000 298.704000
v -17.475216 6.908800 298.704000
v -17.272016 6.908800 298.907225
v -17.475212 4.876800 298.704000
v -17.272000 4.876800 298.907200
v -52.019200 32.512000 312.115200
v -52.019200 -3.251200 312.115200
v -26.009600 32.512000 338.124800
v -26.009600 -3.251200 338.124800
v -52.019200 32.512000 338.124800
v -52.019200 -3.251200 338.124800
v -78.028800 32.512000 312.115200
v -78.028800 -3.251200 312.115200
v -104.038400 -3.251200 312.115200
v -104.038400 32.512000 312.115200
v -78.028800 32.512000 338.124800
v -78.028800 -3.251200 338.124800
v -104.038400 -3.251200 338.124800
v -104.038400 32.512000 338.124800
v -26.009600 32.512000 351.129600
v -26.009600 -3.251200 351.129600
v -52.019200 32.512000 351.129600
v -52.019200 -3.251200 351.129600
v -78.028800 32.512000 351.129600
v -78.028800 -3.251200 351.129600
v -104.038400 32.512000 351.129600
v -104.038400 -3.251200 351.129600
v -130.048000 -3.251200 233.274468
v -130.048000 -3.251200 220.675622
v -117.449823 -3.251200 220.675622
v -117.449823 -3.251200 233.274468
v -117.449823 -3.251200 234.086400
v -130.048000 -3.251200 234.086400
v -104.851622 -3.251200 220.675622
v -104.851622 -3.251200 233.274468
v -104.851622 -3.251200 234.086400
v -130.048000 32.512000 234.086400
v -130.048000 -16.256000 234.086400
v -149.555200 -3.251200 233.274468
v -149.555200 -3.251200 220.675622
v -136.957060 -3.251200 220.675622
v -136.957060 -3.251200 233.274468
v -136.957060 -3.251200 234.086400
v -149.555200 -3.251200 234.086400
v -156.057600 -3.251200 234.086400
v -156.057600 32.512000 234.086400
v -149.555200 -16.256000 234.086400
v -149.555200 -3.251200 260.096000
v -149.555200 -16.256000 260.096000
v -130.048000 -3.251200 259.284167
v -130.048000 -3.251200 246.685271
v -117.449823 -3.251200 246.685271
v -117.449823 -3.251200 259.284167
v -117.449823 -3.251200 260.096000
v -130.048000 -3.251200 260.096000
v -104.851622 -3.251200 246.685271
v -104.851622 -3.251200 259.284167
v -104.851622 -3.251200 260.096000
v -130.048000 32.512000 260.096000
v -130.048000 -16.256000 260.096000
v -136.957060 -3.251200 246.685271
v -136.957060 -3.251200 259.284167
v -149.555200 -3.251200 259.284167
v -149.555200 -3.251200 246.685271
v -136.957060 -3.251200 260.096000
v -156.057600 -3.251200 260.096000
v -156.057600 32.512000 260.096000
v -130.048000 -3.251200 286.105600
v -130.048000 32.512000 286.105600
v -156.057600 -3.251200 286.105600
v -149.555200 -3.251200 286.105600
v -156.057600 32.512000 286.105600
v -182.067200 -3.251200 234.086400
v -182.067200 32.512000 234.086400
v -208.076800 32.512000 234.086400
v -188.569600 -3.251200 234.086400
v -208.076800 -3.251200 234.086400
v -182.067200 -3.251200 260.096000
v -182.067200 32.512000 260.096000
v -188.569600 -3.251200 260.096000
v -208.076800 -3.251200 260.096000
v -208.076800 32.512000 260.096000
v -182.067200 32.512000 286.105600
v -182.067200 -3.251200 286.105600
v -208.076800 32.512000 286.105600
v -188.569600 -3.251200 286.105600
v -208.076800 -3.251200 286.105600
v -130.048000 -3.251200 312.115200
v -130.048000 32.512000 312.115200
v -156.057600 -3.251200 312.115200
v -149.555200 -3.251200 312.115200
v -156.057600 32.512000 312.115200
v -130.048000 -3.251200 338.124800
v -130.048000 32.512000 338.124800
v -149.555200 -3.251200 338.124800
v -156.057600 -3.251200 338.124800
v -156.057600 32.512000 338.124800
v -182.067200 32.512000 312.115200
v -182.067200 -3.251200 312.115200
v -208.076800 32.512000 312.115200
v -188.569600 -3.251200 312.115200
v -208.076800 -3.251200 312.115200
v -182.067200 32.512000 338.124800
v -182.067200 -3.251200 338.124800
v -208.076800 32.512000 338.124800
v -188.569600 -3.251200 338.124800
v -208.076800 -3.251200 338.124800
v -130.048000 32.512000 351.129600
v -130.048000 -3.251200 351.129600
v -156.057600 32.512000 351.129600
v -156.057600 -3.251200 351.129600
v -149.555200 -3.251200 351.129600
v -182.067200 32.512000 351.129600
v -182.067200 -3.251200 351.129600
v -208.076800 32.512000 351.129600
v -208.076800 -3.251200 351.129600
v -188.569600 -3.251200 351.129600
v -182.067200 32.512000 341.172800
v -188.569600 32.512000 338.124800
v -188.569600 32.512000 347.675175
v -192.024012 32.512000 351.129600
v -312.115200 1.219200 169.468800
v -312.115200 0.406400 169.468800
v -312.115200 0.406400 170.281600
v -312.115200 1.219200 170.281600
v -208.890419 -3.251200 78.028800
v -221.488422 -3.251200 78.028800
v -221.488422 -3.251200 65.024000
v -208.890419 -3.251200 65.024000
v -234.086400 -3.251200 78.028800
v -234.086400 -3.251200 65.024000
v -234.086400 32.512000 65.024000
v -234.086400 32.512000 78.028800
v -208.076800 4.876800 65.024000
v -234.086400 4.876800 65.024000
v -234.086400 -16.256000 78.028800
v -234.086400 -16.256000 65.024000
v -234.900118 -3.251200 78.028800
v -247.498071 -3.251200 78.028800
v -247.498071 -3.251200 65.024000
v -234.900118 -3.251200 65.024000
v -260.096000 -3.251200 78.028800
v -260.096000 -3.251200 65.024000
v -260.096000 32.512000 65.024000
v -260.096000 32.512000 78.028800
v -260.096000 4.876800 65.024000
v -260.096000 -16.256000 78.028800
v -260.096000 -16.256000 65.024000
v -234.086400 -3.251200 103.225972
v -234.086400 -3.251200 90.627374
v -221.488422 -3.251200 90.627374
v -221.488422 -3.251200 103.225972
v -221.488422 -3.251200 104.038400
v -234.086400 -3.251200 104.038400
v -208.890419 -3.251200 90.627374
v -208.890419 -3.251200 103.225972
v -208.890419 -3.251200 104.038400
v -234.086400 32.512000 104.038400
v -234.086400 -16.256000 104.038400
v -247.498071 -3.251200 90.627374
v -247.498071 -3.251200 103.225972
v -260.096000 -3.251200 103.225972
v -260.096000 -3.251200 90.627374
v -247.498071 -3.251200 104.038400
v -260.096000 -3.251200 104.038400
v -234.900118 -3.251200 90.627374
v -234.900118 -3.251200 103.225972
v -234.900118 -3.251200 104.038400
v -260.096000 32.512000 104.038400
v -260.096000 -16.256000 104.038400
v -221.488422 -3.251200 116.637023
v -221.488422 -3.251200 129.235671
v -234.086400 -3.251200 129.235671
v -234.086400 -3.251200 116.637023
v -221.488422 -3.251200 130.048000
v -234.086400 -3.251200 130.048000
v -208.890419 -3.251200 116.637023
v -208.890419 -3.251200 129.235671
v -208.890419 -3.251200 130.048000
v -234.086400 32.512000 130.048000
v -234.086400 -16.256000 130.048000
v -260.096000 -3.251200 129.235671
v -260.096000 -3.251200 116.637023
v -247.498071 -3.251200 116.637023
v -247.498071 -3.251200 129.235671
v -260.096000 -3.251200 130.048000
v -247.498071 -3.251200 130.048000
v -234.900118 -3.251200 116.637023
v -234.900118 -3.251200 129.235671
v -234.900118 -3.251200 130.048000
v -260.096000 32.512000 130.048000
v -260.096000 -16.256000 130.048000
v -260.909817 -3.251200 78.028800
v -273.507721 -3.251200 78.028800
v -273.507721 -3.251200 65.024000
v -260.909817 -3.251200 65.024000
v -286.105600 -3.251200 78.028800
v -286.105600 -3.251200 65.024000
v -286.105600 32.512000 65.024000
v -286.105600 32.512000 78.028800
v -286.105600 4.876800 65.024000
v -286.105600 -16.256000 78.028800
v -286.105600 -16.256000 65.024000
v -286.919516 -3.251200 78.028800
v -299.517371 -3.251200 78.028800
v -299.517371 -3.251200 65.024000
v -286.919516 -3.251200 65.024000
v -312.115200 -3.251200 78.028800
v -312.115200 -3.251200 65.024000
v -312.115200 32.512000 65.024000
v -312.115200 32.512000 78.028800
v -312.115200 4.876800 65.024000
v -312.115200 -16.256000 78.028800
v -312.115200 -16.256000 65.024000
v -286.105600 -3.251200 103.225972
v -286.105600 -3.251200 90.627374
v -273.507721 -3.251200 90.627374
v -273.507721 -3.251200 103.225972
v -273.507721 -3.251200 104.038400
v -286.105600 -3.251200 104.038400
v -260.909817 -3.251200 90.627374
v -260.909817 -3.251200 103.225972
v -260.909817 -3.251200 104.038400
v -286.105600 32.512000 104.038400
v -286.105600 -16.256000 104.038400
v -299.517371 -3.251200 90.627374
v -299.517371 -3.251200 103.225972
v -312.115200 -3.251200 103.225972
v -312.115200 -3.251200 90.627374
v -299.517371 -3.251200 104.038400
v -312.115200 -3.251200 104.038400
v -286.919516 -3.251200 90.627374
v -286.919516 -3.251200 103.225972
v -286.919516 -3.251200 104.038400
v -312.115200 32.512000 104.038400
v -312.115200 -16.256000 104.038400
v -286.105600 -3.251200 129.235671
v -286.105600 -3.251200 116.637023
v -273.507721 -3.251200 116.637023
v -273.507721 -3.251200 129.235671
v -273.507721 -3.251200 130.048000
v -286.105600 -3.251200 130.048000
v -260.909817 -3.251200 116.637023
v -260.909817 -3.251200 129.235671
v -260.909817 -3.251200 130.048000
v -286.105600 32.512000 130.048000
v -286.105600 -16.256000 130.048000
v -312.115200 -3.251200 129.235671
v -312.115200 -3.251200 116.637023
v -299.517371 -3.251200 116.637023
v -299.517371 -3.251200 129.235671
v -312.115200 -3.251200 130.048000
v -299.517371 -3.251200 130.048000
v -286.919516 -3.251200 116.637023
v -286.919516 -3.251200 129.235671
v -286.919516 -3.251200 130.048000
v -312.115200 32.512000 130.048000
v -312.115200 -16.256000 130.048000
v -234.086400 -3.251200 155.245371
v -234.086400 -3.251200 142.646673
v -221.488422 -3.251200 142.646673
v -221.488422 -3.251200 155.245371
v -221.488422 -3.251200 156.057600
v -234.086400 -3.251200 156.057600
v -208.890419 -3.251200 142.646673
v -208.890419 -3.251200 155.245371
v -208.890419 -3.251200 156.057600
v -234.086400 32.512000 156.057600
v -234.086400 -16.256000 156.057600
v -247.498071 -3.251200 142.646673
v -247.498071 -3.251200 155.245371
v -260.096000 -3.251200 155.245371
v -260.096000 -3.251200 142.646673
v -247.498071 -3.251200 156.057600
v -260.096000 -3.251200 156.057600
v -234.900118 -3.251200 142.646673
v -234.900118 -3.251200 155.245371
v -234.900118 -3.251200 156.057600
v -260.096000 32.512000 156.057600
v -260.096000 -16.256000 156.057600
v -234.086400 -3.251200 181.255070
v -234.086400 -3.251200 168.656322
v -221.488422 -3.251200 168.656322
v -221.488422 -3.251200 181.255070
v -221.488422 -3.251200 182.067200
v -234.086400 -3.251200 182.067200
v -208.890419 -3.251200 168.656322
v -208.890419 -3.251200 181.255070
v -208.890419 -3.251200 182.067200
v -234.086400 32.512000 182.067200
v -234.086400 -16.256000 182.067200
v -247.498071 -3.251200 168.656322
v -247.498071 -3.251200 181.255070
v -260.096000 -3.251200 181.255070
v -260.096000 -3.251200 168.656322
v -247.498071 -3.251200 182.067200
v -260.096000 -3.251200 182.067200
v -234.900118 -3.251200 168.656322
v -234.900118 -3.251200 181.255070
v -234.900118 -3.251200 182.067200
v -260.096000 32.512000 182.067200
v -260.096000 -16.256000 182.067200
v -208.890419 -3.251200 195.072000
v -221.488422 -3.251200 195.072000
v -234.086400 -3.251200 195.072000
v -234.086400 -3.251200 208.076800
v -234.086400 32.512000 208.076800
v -234.086400 -16.256000 195.072000
v -234.900118 -3.251200 195.072000
v -247.498071 -3.251200 195.072000
v -260.096000 -3.251200 195.072000
v -260.096000 -3.251200 208.076800
v -260.096000 32.512000 208.076800
v -260.096000 -16.256000 195.072000
v -286.105600 -3.251200 155.245371
v -286.105600 -3.251200 142.646673
v -273.507721 -3.251200 142.646673
v -273.507721 -3.251200 155.245371
v -273.507721 -3.251200 156.057600
v -286.105600 -3.251200 156.057600
v -260.909817 -3.251200 142.646673
v -260.909817 -3.251200 155.245371
v -260.909817 -3.251200 156.057600
v -286.105600 32.512000 156.057600
v -286.105600 -16.256000 156.057600
v -312.115200 -3.251200 155.245371
v -312.115200 -3.251200 142.646673
v -299.517371 -3.251200 142.646673
v -299.517371 -3.251200 155.245371
v -299.517371 -3.251200 156.057600
v -312.115200 -3.251200 156.057600
v -286.919516 -3.251200 142.646673
v -286.919516 -3.251200 155.245371
v -286.919516 -3.251200 156.057600
v -312.115200 32.512000 156.057600
v -312.115200 -16.256000 156.057600
v -286.105600 -3.251200 181.255070
v -286.105600 -3.251200 168.656322
v -273.507721 -3.251200 168.656322
v -273.507721 -3.251200 181.255070
v -273.507721 -3.251200 182.067200
v -286.105600 -3.251200 182.067200
v -260.909817 -3.251200 168.656322
v -260.909817 -3.251200 181.255070
v -260.909817 -3.251200 182.067200
v -286.105600 32.512000 182.067200
v -286.105600 -16.256000 182.067200
v -299.517371 -3.251200 168.656322
v -299.517371 -3.251200 181.255070
v -312.115200 -3.251200 181.255070
v -312.115200 -3.251200 168.656322
v -299.517371 -3.251200 182.067200
v -312.115200 -3.251200 182.067200
v -286.919516 -3.251200 168.656322
v -286.919516 -3.251200 181.255070
v -286.919516 -3.251200 182.067200
v -312.115200 32.512000 182.067200
v -312.115200 -16.256000 182.067200
v -260.909817 -3.251200 195.072000
v -273.507721 -3.251200 195.072000
v -286.105600 -3.251200 195.072000
v -286.105600 -3.251200 208.076800
v -286.105600 32.512000 208.076800
v -286.105600 -16.256000 195.072000
v -286.919516 -3.251200 195.072000
v -299.517371 -3.251200 195.072000
v -312.115200 -3.251200 195.072000
v -312.115200 -3.251200 208.076800
v -312.115200 32.512000 208.076800
v -312.115200 -16.256000 195.072000
v -318.617600 -3.251200 65.024000
v -318.617600 -3.251200 78.028800
v -338.124800 -3.251200 78.028800
v -338.124800 -3.251200 65.024000
v -338.124800 32.512000 65.024000
v -338.124800 32.512000 78.028800
v -318.617600 -16.256000 78.028800
v -318.617600 -16.256000 65.024000
v -364.134400 32.512000 65.024000
v -364.134400 32.512000 78.028800
v -364.134400 -3.251200 78.028800
v -364.134400 -3.251200 65.024000
v -338.124800 4.876800 65.024000
v -364.134400 4.876800 65.024000
v -318.617600 -3.251200 103.225972
v -318.617600 -3.251200 90.627374
v -318.617600 -3.251200 104.038400
v -338.124800 -3.251200 104.038400
v -338.124800 32.512000 104.038400
v -318.617600 -16.256000 104.038400
v -364.134400 32.512000 104.038400
v -364.134400 -3.251200 104.038400
v -318.617600 -3.251200 129.235671
v -318.617600 -3.251200 116.637023
v -318.617600 -3.251200 130.048000
v -338.124800 -3.251200 130.048000
v -338.124800 32.512000 130.048000
v -318.617600 -16.256000 130.048000
v -364.134400 32.512000 130.048000
v -364.134400 -3.251200 130.048000
v -390.144000 32.512000 78.028800
v -390.144000 32.512000 65.024000
v -390.144000 -3.251200 65.024000
v -390.144000 -3.251200 78.028800
v -390.144000 4.876800 65.024000
v -390.144000 -3.251200 130.048000
v -390.144000 32.512000 130.048000
v -390.144000 32.512000 104.038400
v -390.144000 -3.251200 104.038400
v -318.617600 -3.251200 155.245371
v -318.617600 -3.251200 142.646673
v -318.617600 -3.251200 156.057600
v -338.124800 -3.251200 156.057600
v -338.124800 32.512000 156.057600
v -318.617600 -16.256000 156.057600
v -364.134400 -3.251200 156.057600
v -364.134400 32.512000 156.057600
v -318.617600 -3.251200 181.255070
v -318.617600 -3.251200 168.656322
v -318.617600 -3.251200 182.067200
v -338.124800 -3.251200 182.067200
v -338.124800 32.512000 182.067200
v -312.521600 0.406400 169.468800
v -312.521600 0.406400 170.281600
v -312.521600 1.219200 169.468800
v -312.521600 1.219200 170.281600
v -318.617600 -16.256000 182.067200
v -364.134400 32.512000 182.067200
v -364.134400 -3.251200 182.067200
v -318.617600 -3.251200 195.072000
v -318.617600 -3.251200 208.076800
v -338.124800 -3.251200 208.076800
v -338.124800 32.512000 208.076800
v -318.617600 -16.256000 195.072000
v -364.134400 32.512000 208.076800
v -364.134400 -3.251200 208.076800
v -390.144000 32.512000 156.057600
v -390.144000 -3.251200 156.057600
v -390.144000 -3.251200 208.076800
v -390.144000 32.512000 208.076800
v -390.144000 32.512000 182.067200
v -390.144000 -3.251200 182.067200
v -234.086400 32.512000 234.086400
v -234.086400 -3.251200 234.086400
v -260.096000 32.512000 234.086400
v -260.096000 -3.251200 234.086400
v -234.086400 32.512000 260.096000
v -234.086400 -3.251200 260.096000
v -260.096000 32.512000 260.096000
v -260.096000 -3.251200 260.096000
v -234.086400 -3.251200 286.105600
v -234.086400 32.512000 286.105600
v -260.096000 32.512000 286.105600
v -260.096000 -3.251200 286.105600
v -286.105600 32.512000 234.086400
v -286.105600 -3.251200 234.086400
v -312.115200 32.512000 234.086400
v -312.115200 -3.251200 234.086400
v -286.105600 32.512000 260.096000
v -286.105600 -3.251200 260.096000
v -312.115200 32.512000 260.096000
v -312.115200 -3.251200 260.096000
v -286.105600 32.512000 286.105600
v -286.105600 -3.251200 286.105600
v -312.115200 32.512000 286.105600
v -312.115200 -3.251200 286.105600
v -234.086400 -3.251200 312.115200
v -234.086400 32.512000 312.115200
v -260.096000 -3.251200 312.115200
v -260.096000 32.512000 312.115200
v -234.086400 32.512000 338.124800
v -234.086400 -3.251200 338.124800
v -260.096000 -3.251200 338.124800
v -260.096000 32.512000 338.124800
v -286.105600 32.512000 312.115200
v -286.105600 -3.251200 312.115200
v -312.115200 32.512000 312.115200
v -312.115200 -3.251200 312.115200
v -286.105600 -3.251200 338.124800
v -286.105600 32.512000 338.124800
v -312.115200 32.512000 338.124800
v -312.115200 -3.251200 338.124800
v -234.086400 32.512000 351.129600
v -234.086400 -3.251200 351.129600
v -260.096000 32.512000 351.129600
v -260.096000 -3.251200 351.129600
v -286.105600 32.512000 351.129600
v -286.105600 -3.251200 351.129600
v -312.115200 32.512000 351.129600
v -312.115200 -3.251200 351.129600
v -338.124800 32.512000 234.086400
v -318.617600 -3.251200 234.086400
v -338.124800 -3.251200 234.086400
v -364.134400 32.512000 234.086400
v -364.134400 -3.251200 234.086400
v -338.124800 32.512000 260.096000
v -318.617600 -3.251200 260.096000
v -338.124800 -3.251200 260.096000
v -364.134400 32.512000 260.096000
v -364.134400 -3.251200 260.096000
v -338.124800 32.512000 286.105600
v -318.617600 -3.251200 286.105600
v -338.124800 -3.251200 286.105600
v -364.134400 32.512000 286.105600
v -364.134400 -3.251200 286.105600
v -390.144000 32.512000 234.086400
v -390.144000 -3.251200 234.086400
v -390.144000 -3.251200 286.105600
v -390.144000 32.512000 286.105600
v -390.144000 32.512000 260.096000
v -390.144000 -3.251200 260.096000
v -338.124800 32.512000 312.115200
v -318.617600 -3.251200 312.115200
v -338.124800 -3.251200 312.115200
v -364.134400 32.512000 312.115200
v -364.134400 -3.251200 312.115200
v -338.124800 32.512000 338.124800
v -318.617600 -3.251200 338.124800
v -338.124800 -3.251200 338.124800
v -364.134400 32.512000 338.124800
v -364.134400 -3.251200 338.124800
v -338.124800 32.512000 351.129600
v -338.124800 -3.251200 351.129600
v -318.617600 -3.251200 351.129600
v -364.134400 32.512000 351.129600
v -364.134400 -3.251200 351.129600
v -390.144000 -3.251200 338.124800
v -390.144000 32.512000 338.124800
v -390.144000 32.512000 312.115200
v -390.144000 -3.251200 312.115200
v -390.144000 32.512000 351.129600
v -390.144000 -3.251200 351.129600
v -312.115200 0.000000 193.446400
v -312.115200 0.000000 193.141600
v -308.051200 0.000000 193.141600
v -308.051200 0.000000 193.446388
v -265.379200 0.000000 232.257600
v -265.379200 0.000000 231.952800
v -261.315200 0.000000 231.952800
v -261.315200 0.000000 232.257625
v -232.867200 0.000000 232.257600
v -232.867200 0.000000 231.952800
v -228.803200 0.000000 231.952800
v -228.803200 0.000000 232.257625
v -154.025402 0.000000 235.712099
v -162.966301 0.000000 244.652899
v -163.372701 0.000000 244.246499
v -154.431888 0.000000 235.305699
v -312.928000 0.000000 208.076800
v -317.804800 0.000000 208.076800
v -317.804800 0.000000 207.873600
v -312.928000 0.000000 207.873600
v -317.804800 0.000000 195.072000
v -312.928000 0.000000 195.072000
v -312.928000 0.000000 195.275200
v -317.804800 0.000000 195.275200
v -318.617600 0.000000 207.264000
v -318.617600 0.000000 195.884800
v -318.414400 0.000000 195.884800
v -318.414400 0.000000 207.264000
v -221.081600 0.000000 208.076800
v -221.284800 0.000000 208.076800
v -221.284800 0.000000 201.168000
v -221.081600 0.000000 201.168000
v -287.121600 0.000000 201.168000
v -288.137600 0.000000 201.168000
v -288.137600 0.000000 200.151963
v -349.504099 0.000000 209.702400
v -351.739299 0.000000 214.172800
v -354.990375 0.000000 212.750400
v -352.755175 0.000000 208.076825
v -356.006400 0.000000 219.862301
v -362.508800 0.000000 224.332800
v -364.134400 0.000000 221.081600
v -359.257526 0.000000 218.033575
v -373.888000 0.000000 227.584000
v -374.294400 0.000000 224.332800
v -389.940800 0.000000 227.584000
v -389.940800 0.000000 224.332800
v -352.755200 0.000000 198.323200
v -349.504000 0.000000 198.323200
v -312.724800 0.000000 265.785600
v -310.489600 0.000000 262.534425
v -310.184825 0.000000 262.737600
v -312.115225 0.000000 265.785600
v -308.051200 0.000000 260.096000
v -307.949575 0.000000 260.299274
v -305.511200 0.000000 258.470301
v -305.612800 0.000000 258.063926
v -303.072800 0.000000 256.946400
v -303.174425 0.000000 256.438375
v -299.720198 0.000000 255.625600
v -299.110450 0.000000 255.625600
v -199.237798 0.000000 208.178400
v -199.440912 0.000000 207.975287
v -191.008050 0.000000 199.542350
v -190.804750 0.000000 199.745650
v -312.115200 0.000000 195.072000
v -307.644800 0.000000 193.446400
v -307.644800 0.000000 195.072000
v -312.115200 0.000000 166.522400
v -312.115200 0.000000 166.217600
v -308.051200 0.000000 166.217600
v -308.051200 0.000000 166.522400
v -312.115200 0.000000 153.619200
v -307.644800 0.000000 153.619200
v -307.644800 0.000000 166.217600
v -312.115200 0.000000 114.604800
v -312.115200 0.000000 102.006400
v -307.644800 0.000000 102.006400
v -307.644800 0.000000 114.604800
v -311.708800 0.000000 210.921600
v -311.708800 0.000000 208.076800
v -308.660800 0.000000 208.076800
v -308.660800 0.000000 210.921600
v -352.755274 0.000000 284.480000
v -354.990474 0.000000 279.806400
v -351.739200 0.000000 278.384000
v -349.504000 0.000000 282.854400
v -364.134276 0.000000 271.475250
v -362.508701 0.000000 268.224099
v -356.006400 0.000000 272.694425
v -359.257575 0.000000 274.523200
v -374.294301 0.000000 268.224000
v -373.887901 0.000000 264.972750
v -389.940800 0.000000 268.224000
v -389.940800 0.000000 264.972800
v -181.152899 0.000000 226.263299
v -181.356087 0.000000 226.060124
v -172.516800 0.000000 217.220701
v -172.313699 0.000000 217.423802
v -310.489575 0.000000 231.647975
v -312.724775 0.000000 228.396800
v -312.115101 0.000000 228.396800
v -310.184750 0.000000 231.444750
v -308.051225 0.000000 234.086375
v -307.949575 0.000000 233.883126
v -305.612800 0.000000 236.118598
v -305.511225 0.000000 235.712025
v -158.292800 0.000000 249.326400
v -158.699299 0.000000 248.919901
v -149.860099 0.000000 240.080701
v -149.453550 0.000000 240.487250
v -131.267200 0.000000 221.284800
v -135.432800 0.000000 225.450400
v -135.432800 0.000000 217.119225
v -102.717600 0.000000 286.258000
v -102.717600 0.000000 286.359600
v -102.514400 0.000000 286.359600
v -102.514400 0.000000 286.258000
v -121.818400 0.000000 286.258000
v -121.818400 0.000000 286.359600
v -121.615200 0.000000 286.359600
v -121.615200 0.000000 286.258000
v -105.765600 0.000000 286.258000
v -105.765600 0.000000 286.359600
v -105.562400 0.000000 286.359600
v -105.562400 0.000000 286.258000
v -109.016800 0.000000 286.258000
v -109.016800 0.000000 286.359600
v -108.813600 0.000000 286.359600
v -108.813600 0.000000 286.258000
v -112.268000 0.000000 286.258000
v -112.268000 0.000000 286.359600
v -112.064800 0.000000 286.359600
v -112.064800 0.000000 286.258000
v -115.519200 0.000000 286.258000
v -115.519200 0.000000 286.359600
v -115.316000 0.000000 286.359600
v -115.316000 0.000000 286.258000
v -118.770400 0.000000 286.258000
v -118.770400 0.000000 286.359600
v -118.567200 0.000000 286.359600
v -118.567200 0.000000 286.258000
v -98.247200 0.000000 280.771600
v -98.247200 0.000000 280.873200
v -98.044000 0.000000 280.873200
v -98.044000 0.000000 280.771600
v -79.146400 0.000000 280.771600
v -79.146400 0.000000 280.873200
v -78.943200 0.000000 280.873200
v -78.943200 0.000000 280.771600
v -82.194400 0.000000 280.771600
v -82.194400 0.000000 280.873200
v -81.991200 0.000000 280.873200
v -81.991200 0.000000 280.771600
v -85.445600 0.000000 280.771600
v -85.445600 0.000000 280.873200
v -85.242400 0.000000 280.873200
v -85.242400 0.000000 280.771600
v -88.696800 0.000000 280.771600
v -88.696800 0.000000 280.873200
v -88.493600 0.000000 280.873200
v -88.493600 0.000000 280.771600
v -91.948000 0.000000 280.771600
v -91.948000 0.000000 280.873200
v -91.744800 0.000000 280.873200
v -91.744800 0.000000 280.771600
v -95.199200 0.000000 280.771600
v -95.199200 0.000000 280.873200
v -94.996000 0.000000 280.873200
v -94.996000 0.000000 280.771600
v -98.247200 0.000000 291.744400
v -98.247200 0.000000 291.846000
v -98.044000 0.000000 291.846000
v -98.044000 0.000000 291.744400
v -79.146400 0.000000 291.744400
v -79.146400 0.000000 291.846000
v -78.943200 0.000000 291.846000
v -78.943200 0.000000 291.744400
v -82.194400 0.000000 291.744400
v -82.194400 0.000000 291.846000
v -81.991200 0.000000 291.846000
v -81.991200 0.000000 291.744400
v -85.445600 0.000000 291.744400
v -85.445600 0.000000 291.846000
v -85.242400 0.000000 291.846000
v -85.242400 0.000000 291.744400
v -88.696800 0.000000 291.744400
v -88.696800 0.000000 291.846000
v -88.493600 0.000000 291.846000
v -88.493600 0.000000 291.744400
v -91.948000 0.000000 291.744400
v -91.948000 0.000000 291.846000
v -91.744800 0.000000 291.846000
v -91.744800 0.000000 291.744400
v -95.199200 0.000000 291.744400
v -95.199200 0.000000 291.846000
v -94.996000 0.000000 291.846000
v -94.996000 0.000000 291.744400
v -118.770400 0.000000 291.744400
v -118.770400 0.000000 291.846000
v -118.567200 0.000000 291.846000
v -118.567200 0.000000 291.744400
v -115.519200 0.000000 291.744400
v -115.519200 0.000000 291.846000
v -115.316000 0.000000 291.846000
v -115.316000 0.000000 291.744400
v -112.268000 0.000000 291.744400
v -112.268000 0.000000 291.846000
v -112.064800 0.000000 291.846000
v -112.064800 0.000000 291.744400
v -109.016800 0.000000 291.744400
v -109.016800 0.000000 291.846000
v -108.813600 0.000000 291.846000
v -108.813600 0.000000 291.744400
v -105.765600 0.000000 291.744400
v -105.765600 0.000000 291.846000
v -105.562400 0.000000 291.846000
v -105.562400 0.000000 291.744400
v -102.717600 0.000000 291.744400
v -102.717600 0.000000 291.846000
v -102.514400 0.000000 291.846000
v -102.514400 0.000000 291.744400
v -121.818400 0.000000 291.744400
v -121.818400 0.000000 291.846000
v -121.615200 0.000000 291.846000
v -121.615200 0.000000 291.744400
v -118.770400 0.000000 280.771600
v -118.770400 0.000000 280.873200
v -118.567200 0.000000 280.873200
v -118.567200 0.000000 280.771600
v -115.519200 0.000000 280.771600
v -115.519200 0.000000 280.873200
v -115.316000 0.000000 280.873200
v -115.316000 0.000000 280.771600
v -112.268000 0.000000 280.771600
v -112.268000 0.000000 280.873200
v -112.064800 0.000000 280.873200
v -112.064800 0.000000 280.771600
v -109.016800 0.000000 280.771600
v -109.016800 0.000000 280.873200
v -108.813600 0.000000 280.873200
v -108.813600 0.000000 280.771600
v -105.765600 0.000000 280.771600
v -105.765600 0.000000 280.873200
v -105.562400 0.000000 280.873200
v -105.562400 0.000000 280.771600
v -102.717600 0.000000 280.771600
v -102.717600 0.000000 280.873200
v -102.514400 0.000000 280.873200
v -102.514400 0.000000 280.771600
v -121.818400 0.000000 280.771600
v -121.818400 0.000000 280.873200
v -121.615200 0.000000 280.873200
v -121.615200 0.000000 280.771600
v -312.928000 0.000000 227.584000
v -312.928000 0.000000 228.396800
v -312.724800 0.000000 227.584000
v -312.928000 0.000000 217.424000
v -312.928000 0.000000 218.236800
v -312.724800 0.000000 218.236800
v -312.724800 0.000000 217.424000
v -312.521600 0.000000 175.564800
v -312.521600 0.000000 184.912000
v -312.115200 0.000000 184.912000
v -312.115200 0.000000 175.564800
v -312.521600 0.000000 185.724800
v -312.521600 0.000000 195.072000
v -312.115200 0.000000 185.724800
v -164.185798 0.000000 188.163002
v -179.628998 0.000000 203.606301
v -177.190450 0.000000 206.044850
v -161.747200 0.000000 190.601600
v -174.548800 0.000000 203.403200
v -171.704000 0.000000 206.248000
v -158.902400 0.000000 193.446400
v -174.345699 0.000000 208.889501
v -171.907200 0.000000 211.328000
v -156.464000 0.000000 195.884800
v -153.619398 0.000000 198.729600
v -169.062499 0.000000 214.172800
v -166.624050 0.000000 216.611250
v -151.180800 0.000000 201.168198
v -163.982400 0.000000 213.969600
v -161.137600 0.000000 216.814400
v -148.336000 0.000000 204.012800
v -163.779299 0.000000 219.456099
v -161.340899 0.000000 221.894499
v -145.897600 0.000000 206.451200
v -143.052998 0.000000 209.296000
v -158.496099 0.000000 224.739200
v -156.057650 0.000000 227.177650
v -140.614499 0.000000 211.734499
v -153.416000 0.000000 224.536000
v -150.571200 0.000000 227.380800
v -137.769600 0.000000 214.579200
v -153.212899 0.000000 230.022499
v -150.774499 0.000000 232.460899
v -135.331200 0.000000 217.017600
v -312.928000 0.000000 265.785600
v -312.928000 0.000000 266.598400
v -312.724800 0.000000 266.598400
v -312.928000 0.000000 275.945600
v -312.928000 0.000000 276.758400
v -312.724800 0.000000 276.758400
v -312.724800 0.000000 275.945600
v -312.521600 0.000000 169.468800
v -312.521600 0.000000 174.752000
v -312.115200 0.000000 174.752000
v -312.115200 0.000000 169.468800
v -312.928000 0.000000 134.112000
v -312.928000 0.000000 134.924800
v -312.115200 0.000000 134.924800
v -312.115200 0.000000 134.112000
v -312.724800 0.000000 134.924800
v -312.724800 0.000000 144.272000
v -312.318400 0.000000 144.272000
v -312.318400 0.000000 134.924800
v -312.928000 0.000000 144.272000
v -312.928000 0.000000 145.084800
v -312.115200 0.000000 145.084800
v -312.115200 0.000000 144.272000
v -312.724800 0.000000 145.084800
v -312.724800 0.000000 154.432000
v -312.318400 0.000000 154.432000
v -312.318400 0.000000 145.084800
v -312.928000 0.000000 113.792000
v -312.928000 0.000000 114.604800
v -312.115200 0.000000 113.792000
v -312.724800 0.000000 114.604800
v -312.724800 0.000000 123.952000
v -312.318400 0.000000 123.952000
v -312.318400 0.000000 114.604800
v -312.928000 0.000000 123.952000
v -312.928000 0.000000 124.764800
v -312.115200 0.000000 124.764800
v -312.115200 0.000000 123.952000
v -312.724800 0.000000 124.764800
v -312.724800 0.000000 134.112000
v -312.318400 0.000000 134.112000
v -312.318400 0.000000 124.764800
v -312.928000 0.000000 72.339200
v -312.928000 0.000000 73.152000
v -312.115200 0.000000 73.152000
v -312.115200 0.000000 72.339200
v -312.724800 0.000000 73.152000
v -312.724800 0.000000 82.499200
v -312.318400 0.000000 82.499200
v -312.318400 0.000000 73.152000
v -312.928000 0.000000 82.499200
v -312.928000 0.000000 83.312000
v -312.115200 0.000000 83.312000
v -312.115200 0.000000 82.499200
v -312.724800 0.000000 83.312000
v -312.724800 0.000000 92.659200
v -312.318400 0.000000 92.659200
v -312.318400 0.000000 83.312000
v -312.928000 0.000000 92.659200
v -312.928000 0.000000 93.472000
v -312.115200 0.000000 93.472000
v -312.115200 0.000000 92.659200
v -312.724800 0.000000 93.472000
v -312.724800 0.000000 102.819200
v -312.318400 0.000000 102.819200
v -312.318400 0.000000 93.472000
v -299.720000 0.000000 238.556800
v -299.720000 0.000000 240.182400
v -299.110400 0.000000 240.182400
v -299.110400 0.000000 238.556800
v -299.720000 0.000000 254.000000
v -299.110400 0.000000 254.000000
v -192.532099 0.000000 198.018202
v -187.451950 0.000000 203.098350
v -187.248800 0.000000 202.895101
v -192.328701 0.000000 197.815200
v -187.045699 0.000000 202.692099
v -192.125798 0.000000 197.612099
v -181.965699 0.000000 208.584602
v -176.885550 0.000000 213.664750
v -176.682301 0.000000 213.461600
v -181.762301 0.000000 208.381600
v -176.479398 0.000000 213.258499
v -181.559398 0.000000 208.178499
v -166.725501 0.000000 224.637600
v -161.239200 0.000000 230.123901
v -161.239200 0.000000 229.717600
v -166.319200 0.000000 224.637600
v -165.912602 0.000000 223.824602
v -165.709501 0.000000 224.027901
v -160.629600 0.000000 229.108000
v -160.426499 0.000000 229.311200
v -171.399200 0.000000 219.151101
v -166.319150 0.000000 224.231150
v -166.115802 0.000000 224.028099
v -171.195901 0.000000 218.948000
v -170.992899 0.000000 218.744800
v -160.832899 0.000000 229.717402
v -155.752750 0.000000 234.797550
v -155.549600 0.000000 234.594301
v -160.629501 0.000000 229.514400
v -155.346499 0.000000 234.391200
v -197.916800 0.000000 191.820800
v -197.916800 0.000000 185.318301
v -155.447901 0.000000 234.492899
v -155.244800 0.000000 234.696000
v -155.143299 0.000000 234.594301
v -150.164899 0.000000 243.026902
v -148.336000 0.000000 244.855802
v -146.710499 0.000000 243.230301
v -149.390100 0.000000 240.550700
v -149.961612 0.000000 241.122225
v -150.368000 0.000000 241.808000
v -150.368000 0.000000 242.214474
v -79.146400 0.000000 286.258000
v -79.146400 0.000000 286.359600
v -78.943200 0.000000 286.359600
v -78.943200 0.000000 286.258000
v -98.247200 0.000000 286.258000
v -98.247200 0.000000 286.359600
v -98.044000 0.000000 286.359600
v -98.044000 0.000000 286.258000
v -82.194400 0.000000 286.258000
v -82.194400 0.000000 286.359600
v -81.991200 0.000000 286.359600
v -81.991200 0.000000 286.258000
v -85.445600 0.000000 286.258000
v -85.445600 0.000000 286.359600
v -85.242400 0.000000 286.359600
v -85.242400 0.000000 286.258000
v -88.696800 0.000000 286.258000
v -88.696800 0.000000 286.359600
v -88.493600 0.000000 286.359600
v -88.493600 0.000000 286.258000
v -91.948000 0.000000 286.258000
v -91.948000 0.000000 286.359600
v -91.744800 0.000000 286.359600
v -91.744800 0.000000 286.258000
v -95.199200 0.000000 286.258000
v -95.199200 0.000000 286.359600
v -94.996000 0.000000 286.359600
v -94.996000 0.000000 286.258000
v -177.190400 0.000000 175.158400
v -192.633600 0.000000 190.601600
v -191.820998 0.000000 190.601600
v -176.784099 0.000000 175.564701
v -183.896050 0.000000 199.339250
v -183.489699 0.000000 198.932701
v -177.190400 0.000000 193.243101
v -175.666301 0.000000 194.767200
v -175.260000 0.000000 194.767200
v -177.190400 0.000000 192.836800
v -181.660998 0.000000 200.761699
v -181.457600 0.000000 200.964701
v -183.388000 0.000000 199.034301
v -183.184800 0.000000 199.237600
v -184.327800 0.000000 193.598800
v -184.632600 0.000000 193.395600
v -184.810499 0.000000 193.497200
v -184.429425 0.000000 193.751250
v -184.607200 0.000000 191.922400
v -184.873900 0.000000 192.620912
v -184.696100 0.000000 192.697001
v -184.429400 0.000000 191.998501
v -184.937350 0.000000 193.167000
v -184.734175 0.000000 193.090800
v -184.505674 0.000000 191.211200
v -184.378625 0.000000 187.985400
v -184.175375 0.000000 187.985400
v -184.200887 0.000000 187.629788
v -184.403988 0.000000 187.579012
v -182.473650 0.000000 186.969512
v -183.819763 0.000000 187.020312
v -183.743600 0.000000 187.223400
v -182.549800 0.000000 187.172600
v -179.298600 0.000000 187.782126
v -179.171600 0.000000 187.604412
v -178.384175 0.000000 188.036150
v -178.485750 0.000000 188.188526
v -177.927000 0.000000 189.611000
v -177.927000 0.000000 188.721901
v -178.104800 0.000000 188.798200
v -178.130200 0.000000 189.611000
v -178.638175 0.000000 190.449225
v -179.704975 0.000000 191.871625
v -179.552600 0.000000 191.998600
v -178.460400 0.000000 190.525400
v -181.406676 0.000000 192.938326
v -181.305039 0.000000 193.090738
v -184.022975 0.000000 193.573437
v -183.972188 0.000000 193.725788
v -184.200800 0.000000 187.172600
v -184.048400 0.000000 187.325000
v -177.292000 0.000000 214.071200
v -171.805600 0.000000 219.557600
v -171.805600 0.000000 219.151200
v -176.885600 0.000000 214.071200
v -176.276099 0.000000 213.461699
v -171.196000 0.000000 218.541600
v -187.858400 0.000000 203.504800
v -182.372000 0.000000 208.991200
v -182.372000 0.000000 208.584800
v -187.452000 0.000000 203.504800
v -186.842400 0.000000 202.895101
v -181.762400 0.000000 207.975200
v -198.424800 0.000000 192.938400
v -192.938400 0.000000 198.424800
v -192.938400 0.000000 198.018400
v -198.018400 0.000000 192.938400
v -197.612000 0.000000 192.125600
v -197.408701 0.000000 192.328800
v -192.328800 0.000000 197.408800
v -184.912198 0.000000 167.436602
v -200.355398 0.000000 182.879901
v -182.473699 0.000000 169.875101
v -195.275200 0.000000 182.676800
v -192.430400 0.000000 185.521600
v -179.628800 0.000000 172.720000
v -178.206400 0.000000 176.174400
v -180.644800 0.000000 173.736000
v -188.391899 0.000000 181.483000
v -195.072000 0.000000 188.163200
v -185.953400 0.000000 183.921400
v -183.515000 0.000000 176.606398
v -188.214099 0.000000 181.660701
v -183.337398 0.000000 176.784000
v -196.697600 0.000000 179.222202
v -186.740800 0.000000 165.608000
v -196.697600 0.000000 175.564800
v -312.928000 0.000000 154.432000
v -312.928000 0.000000 155.244800
v -312.115200 0.000000 155.244800
v -312.115200 0.000000 154.432000
v -312.928000 0.000000 102.819200
v -312.928000 0.000000 103.632000
v -312.115200 0.000000 103.632000
v -312.115200 0.000000 102.819200
v -175.158301 0.000000 185.318499
v -173.532800 0.000000 186.944000
v -171.907101 0.000000 185.318400
v -173.532750 0.000000 183.692750
v -1.016198 0.000000 195.580000
v -1.117854 0.000000 195.580000
v -1.117854 0.000000 195.681612
v -1.016194 0.000000 195.681612
v -1.016198 0.000000 196.900800
v -1.117854 0.000000 196.900800
v -1.117854 0.000000 197.002400
v -1.016194 0.000000 197.002400
v 0.203200 0.000000 197.002400
v 0.304800 0.000000 197.002400
v 0.304800 0.000000 196.900800
v 0.203200 0.000000 196.900800
v 0.203200 0.000000 195.681600
v 0.304800 0.000000 195.681600
v 0.304800 0.000000 195.580099
v 0.203200 0.000000 195.580099
v -312.724800 0.000000 286.105600
v -312.724800 0.000000 286.512000
v -312.318400 0.000000 286.512000
v -312.318400 0.000000 286.105600
v -1.016298 0.000000 196.951600
v 0.203200 0.000000 196.951600
v -1.066998 0.000000 195.681600
v -1.066998 0.000000 196.900800
v 0.203200 0.000000 195.630800
v -1.016194 0.000000 195.630800
v 0.254000 0.000000 196.900800
v 0.254000 0.000000 195.681600
v 93.268800 0.000000 61.061501
v 87.896700 0.000000 66.433700
v 89.814400 0.000000 68.351375
v 92.252800 0.000000 67.868800
v 94.691200 0.000000 65.430406
v 95.199200 0.000000 62.991944
v 156.057600 0.000000 -26.009600
v 152.806400 0.000000 -29.260800
v 104.038400 0.000000 -29.260800
v 104.038400 0.000000 -26.009600
v 195.072000 0.000000 -48.768000
v 191.820800 0.000000 -52.019200
v 221.081600 0.000000 -84.531200
v 217.830400 0.000000 -87.782400
v -194.259200 0.000000 91.033600
v -197.510412 0.000000 91.033600
v -180.441600 0.000000 134.924800
v -178.003200 0.000000 131.673600
v -154.432000 0.000000 151.993699
v -151.993600 0.000000 147.929699
v 242.087400 0.000000 -8.331200
v 242.087400 0.000000 -7.924800
v 242.112800 0.000000 -7.924800
v 242.112800 0.000000 -8.331200
v -181.864099 0.000000 201.371200
v -179.222301 0.000000 203.200000
v -178.816000 0.000000 202.793501
v -181.051150 0.000000 200.558350
v -78.841600 0.000000 280.416000
v -78.841600 0.000000 280.822400
v -78.435200 0.000000 280.822400
v -78.435200 0.000000 280.416000
v -102.412800 0.000000 292.608000
v -102.412800 0.000000 293.014400
v -102.006400 0.000000 293.014400
v -102.006400 0.000000 292.608000
v -98.755200 0.000000 292.608000
v -98.755200 0.000000 293.014400
v -98.348800 0.000000 293.014400
v -98.348800 0.000000 292.608000
v -101.193600 0.000000 292.658800
v -101.193600 0.000000 292.709600
v -100.990400 0.000000 292.709600
v -100.990400 0.000000 292.658800
v -99.771200 0.000000 292.658800
v -99.771200 0.000000 292.709600
v -99.568000 0.000000 292.709600
v -99.568000 0.000000 292.658800
v -125.577600 0.000000 291.896800
v -125.577600 0.000000 291.998400
v -122.326400 0.000000 291.998400
v -122.326400 0.000000 291.896800
v -122.326400 0.000000 291.795200
v -122.326400 0.000000 292.201600
v -121.920000 0.000000 292.201600
v -121.920000 0.000000 291.795200
v -129.235200 0.000000 291.896800
v -129.235200 0.000000 291.998400
v -125.984000 0.000000 291.998400
v -125.984000 0.000000 291.896800
v -125.984000 0.000000 291.795200
v -125.984000 0.000000 292.201600
v -125.577600 0.000000 292.201600
v -125.577600 0.000000 291.795200
v -129.641600 0.000000 291.795200
v -129.641600 0.000000 292.201600
v -129.235200 0.000000 292.201600
v -129.235200 0.000000 291.795200
v -190.195200 0.000000 190.601600
v -175.971200 0.000000 176.377600
v -182.981600 0.000000 198.628000
v -182.575200 0.000000 198.221501
v -180.467099 0.000000 173.913701
v -78.613000 0.000000 277.164800
v -78.663800 0.000000 277.164800
v -78.663800 0.000000 280.416000
v -78.613000 0.000000 280.416000
v -98.755200 0.000000 292.760400
v -98.755200 0.000000 292.709600
v -102.006400 0.000000 292.709600
v -102.006400 0.000000 292.760400
v -312.115200 -1.625600 191.008000
v -312.115200 -1.625600 190.703200
v -308.051200 -1.625600 190.703200
v -308.051200 -1.625600 191.008012
v -265.379200 -1.625600 229.819200
v -265.379200 -1.625600 229.514400
v -261.315200 -1.625600 229.514400
v -261.315200 -1.625600 229.819225
v -232.867200 -1.625600 229.819200
v -232.867200 -1.625600 229.514400
v -228.803200 -1.625600 229.514400
v -228.803200 -1.625600 229.819225
v -312.115200 -1.625600 168.960800
v -312.115200 -1.625600 168.656000
v -308.051200 -1.625600 168.656000
v -308.051200 -1.625600 168.960800
v -174.548800 -1.625600 203.403299
v -177.190400 -1.625600 206.044800
v -174.345600 -1.625600 208.889600
v -171.704000 -1.625600 206.248000
v -163.982400 -1.625600 213.969501
v -166.624099 -1.625600 216.611299
v -163.779299 -1.625600 219.456099
v -161.137612 -1.625600 216.814425
v -153.416000 -1.625600 224.535901
v -156.057699 -1.625600 227.177699
v -153.212899 -1.625600 230.022499
v -150.571212 -1.625600 227.380825
v -154.431802 -1.625600 235.305798
v -163.372701 -1.625600 244.246499
v -162.966400 -1.625600 244.652800
v -154.025588 -1.625600 235.712000
v -158.699200 -1.625600 248.920000
v -135.432800 -1.625600 225.653526
v -135.432800 -1.625600 217.119299
v -180.467099 -1.625600 173.913602
v -188.214099 -1.625600 181.660701
v -185.953400 -1.625600 183.921400
v -178.206400 -1.625600 176.174400
v -195.275299 -1.625600 182.676800
v -197.916899 -1.625600 185.318400
v -195.072099 -1.625600 188.163200
v -192.430450 -1.625600 185.521550
v -349.504000 -1.625600 195.072000
v -390.144000 -1.625600 195.072000
v -390.144000 -1.625600 282.854400
v -349.504000 -1.625600 282.854400
v -158.292800 -1.625600 249.326400
v -149.453600 -1.625600 240.487200
v -149.860198 -1.625600 240.080602
v -135.432800 -1.625600 225.450400
v -131.267212 -1.625600 221.284800
v -318.617600 -1.625600 208.076800
v -312.115200 -1.625600 208.076800
v -312.115200 -1.625600 195.072000
v -318.617600 -1.625600 195.072000
v -349.504000 -1.625600 351.129600
v -325.120000 -1.625600 351.129600
v -325.120000 -1.625600 65.024000
v -349.504000 -1.625600 65.024000
v -312.115200 1.828800 265.785600
v -312.928000 1.828800 265.785600
v -326.136000 -0.203200 208.076800
v -325.932800 -0.203200 208.076800
v -325.932800 -0.050800 208.076800
v -326.136000 -0.050800 208.076800
v -311.505600 3.556000 208.076800
v -311.505600 3.352800 208.076800
v -308.660800 2.946400 208.076800
v -308.660800 3.149600 208.076800
v -311.505600 2.133600 208.076800
v -308.660800 2.133600 208.076800
v -309.473600 1.320800 208.076800
v -308.660800 1.320800 208.076800
v -309.473600 2.133600 208.076800
v -311.505600 1.320800 208.076800
v -311.505600 0.000000 208.076800
v -310.896000 1.320800 208.076800
v -310.896000 2.133600 208.076800
v -312.724800 -3.251200 208.076800
v -312.724800 -1.625600 208.076800
v -311.708800 3.556000 208.076800
v -312.115200 0.000000 208.076800
v -312.928000 1.625600 208.076800
v -312.115200 1.625600 208.076800
v -318.617600 0.000000 208.076800
v -318.617600 1.625600 208.076800
v -317.804800 1.625600 208.076800
v -312.724800 0.000000 208.076800
v -325.120000 -0.203200 351.129600
v -325.120000 -0.203200 65.024000
v -318.617600 1.625600 207.264000
v -318.617600 0.000000 195.072000
v -318.617600 1.625600 195.072000
v -318.617600 1.625600 195.884800
v -312.724800 0.406400 225.552000
v -312.724800 0.406400 224.739200
v -312.724800 1.219200 224.739200
v -312.724800 1.219200 225.552000
v -312.724800 0.406400 227.584000
v -312.724800 0.406400 227.177600
v -312.724800 1.219200 227.177600
v -312.724800 1.219200 227.584000
v -312.724800 0.406400 221.081600
v -312.724800 0.406400 220.268800
v -312.724800 1.219200 220.268800
v -312.724800 1.219200 221.081600
v -312.724800 1.422400 227.584000
v -312.724800 1.219200 218.236800
v -312.724800 1.422400 218.236800
v -312.724800 0.406400 218.643200
v -312.724800 0.406400 218.236800
v -312.724800 1.219200 218.643200
v -312.724800 0.406400 223.113600
v -312.724800 0.406400 222.707200
v -312.724800 1.219200 222.707200
v -312.724800 1.219200 223.113600
v -312.724800 0.406400 215.392000
v -312.724800 0.406400 214.579200
v -312.724800 1.219200 214.579200
v -312.724800 1.219200 215.392000
v -312.724800 0.406400 217.424000
v -312.724800 0.406400 217.017600
v -312.724800 1.219200 217.017600
v -312.724800 1.219200 217.424000
v -312.724800 0.406400 210.921600
v -312.724800 0.406400 210.108800
v -312.724800 1.219200 210.108800
v -312.724800 1.219200 210.921600
v -312.724800 1.422400 217.424000
v -312.724800 1.219200 208.076800
v -312.724800 1.422400 208.076800
v -312.724800 0.406400 208.483200
v -312.724800 0.406400 208.076800
v -312.724800 1.219200 208.483200
v -312.724800 0.406400 212.953600
v -312.724800 0.406400 212.547200
v -312.724800 1.219200 212.547200
v -312.724800 1.219200 212.953600
v -312.724800 -2.438400 175.564800
v -312.724800 -2.438400 174.752000
v -312.724800 1.625600 174.752000
v -312.724800 1.625600 175.564800
v -312.724800 -2.438400 185.724800
v -312.724800 -2.438400 184.912000
v -312.724800 1.625600 184.912000
v -312.724800 1.625600 185.724800
v -312.724800 0.406400 269.443200
v -312.724800 0.406400 268.630400
v -312.724800 1.219200 268.630400
v -312.724800 1.219200 269.443200
v -312.724800 0.406400 267.004800
v -312.724800 0.406400 266.598400
v -312.724800 1.219200 266.598400
v -312.724800 1.219200 267.004800
v -312.724800 0.406400 273.913600
v -312.724800 0.406400 273.100800
v -312.724800 1.219200 273.100800
v -312.724800 1.219200 273.913600
v -312.724800 1.422400 275.945600
v -312.724800 1.219200 275.945600
v -312.724800 1.422400 266.598400
v -312.724800 0.406400 275.945600
v -312.724800 0.406400 275.539200
v -312.724800 1.219200 275.539200
v -312.724800 0.406400 271.475200
v -312.724800 0.406400 271.068800
v -312.724800 1.219200 271.068800
v -312.724800 1.219200 271.475200
v -312.724800 0.406400 279.603200
v -312.724800 0.406400 278.790400
v -312.724800 1.219200 278.790400
v -312.724800 1.219200 279.603200
v -312.724800 0.406400 277.164800
v -312.724800 0.406400 276.758400
v -312.724800 1.219200 276.758400
v -312.724800 1.219200 277.164800
v -312.724800 0.406400 284.073600
v -312.724800 0.406400 283.260800
v -312.724800 1.219200 283.260800
v -312.724800 1.219200 284.073600
v -312.724800 1.422400 286.105600
v -312.724800 1.219200 286.105600
v -312.724800 1.422400 276.758400
v -312.724800 0.406400 286.105600
v -312.724800 0.406400 285.699200
v -312.724800 1.219200 285.699200
v -312.724800 0.406400 281.635200
v -312.724800 0.406400 281.228800
v -312.724800 1.219200 281.228800
v -312.724800 1.219200 281.635200
v -312.724800 0.406400 137.769600
v -312.724800 0.406400 136.956800
v -312.724800 1.219200 136.956800
v -312.724800 1.219200 137.769600
v -312.724800 0.406400 135.331200
v -312.724800 0.406400 134.924800
v -312.724800 1.219200 134.924800
v -312.724800 1.219200 135.331200
v -312.724800 0.406400 142.240000
v -312.724800 0.406400 141.427200
v -312.724800 1.219200 141.427200
v -312.724800 1.219200 142.240000
v -312.724800 1.422400 144.272000
v -312.724800 1.219200 144.272000
v -312.724800 1.422400 134.924800
v -312.724800 0.406400 144.272000
v -312.724800 0.406400 143.865600
v -312.724800 1.219200 143.865600
v -312.724800 0.406400 139.801600
v -312.724800 0.406400 139.395200
v -312.724800 1.219200 139.395200
v -312.724800 1.219200 139.801600
v -312.724800 0.406400 147.929600
v -312.724800 0.406400 147.116800
v -312.724800 1.219200 147.116800
v -312.724800 1.219200 147.929600
v -312.724800 0.406400 145.491200
v -312.724800 0.406400 145.084800
v -312.724800 1.219200 145.084800
v -312.724800 1.219200 145.491200
v -312.724800 0.406400 152.400000
v -312.724800 0.406400 151.587200
v -312.724800 1.219200 151.587200
v -312.724800 1.219200 152.400000
v -312.724800 1.422400 154.432000
v -312.724800 1.219200 154.432000
v -312.724800 1.422400 145.084800
v -312.724800 0.406400 154.432000
v -312.724800 0.406400 154.025600
v -312.724800 1.219200 154.025600
v -312.724800 0.406400 149.961600
v -312.724800 0.406400 149.555200
v -312.724800 1.219200 149.555200
v -312.724800 1.219200 149.961600
v -312.724800 0.406400 117.449600
v -312.724800 0.406400 116.636800
v -312.724800 1.219200 116.636800
v -312.724800 1.219200 117.449600
v -312.724800 0.406400 115.011200
v -312.724800 0.406400 114.604800
v -312.724800 1.219200 114.604800
v -312.724800 1.219200 115.011200
v -312.724800 0.406400 121.920000
v -312.724800 0.406400 121.107200
v -312.724800 1.219200 121.107200
v -312.724800 1.219200 121.920000
v -312.724800 1.422400 123.952000
v -312.724800 1.219200 123.952000
v -312.724800 1.422400 114.604800
v -312.724800 0.406400 123.952000
v -312.724800 0.406400 123.545600
v -312.724800 1.219200 123.545600
v -312.724800 0.406400 119.481600
v -312.724800 0.406400 119.075200
v -312.724800 1.219200 119.075200
v -312.724800 1.219200 119.481600
v -312.724800 0.406400 127.609600
v -312.724800 0.406400 126.796800
v -312.724800 1.219200 126.796800
v -312.724800 1.219200 127.609600
v -312.724800 0.406400 125.171200
v -312.724800 0.406400 124.764800
v -312.724800 1.219200 124.764800
v -312.724800 1.219200 125.171200
v -312.724800 0.406400 132.080000
v -312.724800 0.406400 131.267200
v -312.724800 1.219200 131.267200
v -312.724800 1.219200 132.080000
v -312.724800 1.422400 134.112000
v -312.724800 1.219200 134.112000
v -312.724800 1.422400 124.764800
v -312.724800 0.406400 134.112000
v -312.724800 0.406400 133.705600
v -312.724800 1.219200 133.705600
v -312.724800 0.406400 129.641600
v -312.724800 0.406400 129.235200
v -312.724800 1.219200 129.235200
v -312.724800 1.219200 129.641600
v -312.724800 0.406400 75.996800
v -312.724800 0.406400 75.184000
v -312.724800 1.219200 75.184000
v -312.724800 1.219200 75.996800
v -312.724800 0.406400 73.558400
v -312.724800 0.406400 73.152000
v -312.724800 1.219200 73.152000
v -312.724800 1.219200 73.558400
v -312.724800 0.406400 80.467200
v -312.724800 0.406400 79.654400
v -312.724800 1.219200 79.654400
v -312.724800 1.219200 80.467200
v -312.724800 1.422400 82.499200
v -312.724800 1.219200 82.499200
v -312.724800 1.422400 73.152000
v -312.724800 0.406400 82.499200
v -312.724800 0.406400 82.092800
v -312.724800 1.219200 82.092800
v -312.724800 0.406400 78.028800
v -312.724800 0.406400 77.622400
v -312.724800 1.219200 77.622400
v -312.724800 1.219200 78.028800
v -312.724800 0.406400 86.156800
v -312.724800 0.406400 85.344000
v -312.724800 1.219200 85.344000
v -312.724800 1.219200 86.156800
v -312.724800 0.406400 83.718400
v -312.724800 0.406400 83.312000
v -312.724800 1.219200 83.312000
v -312.724800 1.219200 83.718400
v -312.724800 0.406400 90.627200
v -312.724800 0.406400 89.814400
v -312.724800 1.219200 89.814400
v -312.724800 1.219200 90.627200
v -312.724800 1.422400 92.659200
v -312.724800 1.219200 92.659200
v -312.724800 1.422400 83.312000
v -312.724800 0.406400 92.659200
v -312.724800 0.406400 92.252800
v -312.724800 1.219200 92.252800
v -312.724800 0.406400 88.188800
v -312.724800 0.406400 87.782400
v -312.724800 1.219200 87.782400
v -312.724800 1.219200 88.188800
v -312.724800 0.406400 96.316800
v -312.724800 0.406400 95.504000
v -312.724800 1.219200 95.504000
v -312.724800 1.219200 96.316800
v -312.724800 0.406400 93.878400
v -312.724800 0.406400 93.472000
v -312.724800 1.219200 93.472000
v -312.724800 1.219200 93.878400
v -312.724800 0.406400 100.787200
v -312.724800 0.406400 99.974400
v -312.724800 1.219200 99.974400
v -312.724800 1.219200 100.787200
v -312.724800 1.422400 102.819200
v -312.724800 1.219200 102.819200
v -312.724800 1.422400 93.472000
v -312.724800 0.406400 102.819200
v -312.724800 0.406400 102.412800
v -312.724800 1.219200 102.412800
v -312.724800 0.406400 98.348800
v -312.724800 0.406400 97.942400
v -312.724800 1.219200 97.942400
v -312.724800 1.219200 98.348800
v -312.724800 4.470400 286.105600
v -312.724800 4.470400 286.512000
v -312.115200 1.625600 195.072000
v -312.928000 1.625600 195.072000
v -317.804800 1.625600 195.072000
v -288.137600 -3.251200 195.072000
v -288.137600 0.000000 195.072000
v -146.304000 -3.251200 243.230400
v -146.710611 -3.251200 243.230400
v -148.895011 -3.251200 245.414800
v -148.488400 -3.251200 245.414800
v -136.601200 -3.251200 257.708400
v -136.398000 -3.251200 257.505200
v -135.229600 -3.251200 216.916000
v -135.432812 -3.251200 217.119225
v -131.267250 -3.251200 221.284800
v -130.860825 -3.251200 221.284800
v -149.555200 -3.251200 239.979200
v -149.961588 -3.251200 239.979200
v -312.115200 0.000000 227.584000
v -312.115200 1.828800 228.396800
v -312.115200 1.828800 227.584000
v -312.115200 0.000000 217.424000
v -312.115200 0.000000 218.236800
v -312.115200 1.625600 218.236800
v -312.115200 1.625600 217.424000
v -312.115200 0.406400 177.596800
v -312.115200 0.406400 178.409600
v -312.115200 1.219200 178.409600
v -312.115200 1.219200 177.596800
v -312.115200 0.406400 175.564800
v -312.115200 0.406400 175.971200
v -312.115200 1.219200 175.971200
v -312.115200 1.219200 175.564800
v -312.115200 0.406400 182.067200
v -312.115200 0.406400 182.880000
v -312.115200 1.219200 182.880000
v -312.115200 1.219200 182.067200
v -312.115200 1.422400 175.564800
v -312.115200 1.219200 184.912000
v -312.115200 1.422400 184.912000
v -312.115200 0.406400 184.505600
v -312.115200 0.406400 184.912000
v -312.115200 1.219200 184.505600
v -312.115200 0.406400 180.035200
v -312.115200 0.406400 180.441600
v -312.115200 1.219200 180.441600
v -312.115200 1.219200 180.035200
v -312.115200 0.406400 187.756800
v -312.115200 0.406400 188.569600
v -312.115200 1.219200 188.569600
v -312.115200 1.219200 187.756800
v -312.115200 0.406400 185.724800
v -312.115200 0.406400 186.131200
v -312.115200 1.219200 186.131200
v -312.115200 1.219200 185.724800
v -312.115200 0.406400 192.227200
v -312.115200 0.406400 193.040000
v -312.115200 1.219200 193.040000
v -312.115200 1.219200 192.227200
v -312.115200 1.422400 185.724800
v -312.115200 1.219200 195.072000
v -312.115200 1.422400 195.072000
v -312.115200 0.406400 194.665600
v -312.115200 0.406400 195.072000
v -312.115200 1.219200 194.665600
v -312.115200 0.406400 190.195200
v -312.115200 0.406400 190.601600
v -312.115200 1.219200 190.601600
v -312.115200 1.219200 190.195200
v -312.115200 0.000000 266.598400
v -312.115200 1.828800 266.598400
v -312.115200 0.000000 275.945600
v -312.115200 0.000000 276.758400
v -312.115200 1.625600 276.758400
v -312.115200 1.625600 275.945600
v -312.115200 0.406400 171.907200
v -312.115200 0.406400 172.720000
v -312.115200 1.219200 172.720000
v -312.115200 1.219200 171.907200
v -312.115200 1.219200 174.752000
v -312.115200 1.422400 174.752000
v -312.115200 1.422400 169.468800
v -312.115200 0.406400 174.345600
v -312.115200 0.406400 174.752000
v -312.115200 1.219200 174.345600
v -312.115200 1.625600 134.924800
v -312.115200 1.625600 134.112000
v -312.115200 1.625600 145.084800
v -312.115200 1.625600 144.272000
v -312.115200 1.625600 114.604800
v -312.115200 1.625600 113.792000
v -312.115200 1.625600 124.764800
v -312.115200 1.625600 123.952000
v -312.115200 1.625600 73.152000
v -312.115200 1.625600 72.339200
v -312.115200 1.625600 83.312000
v -312.115200 1.625600 82.499200
v -312.115200 1.625600 93.472000
v -312.115200 1.625600 92.659200
v -312.115200 0.000000 207.264000
v -312.115200 1.625600 207.264000
v -312.115200 0.000000 195.884800
v -312.115200 1.625600 195.884800
v -312.115200 1.625600 155.244800
v -312.115200 1.625600 154.432000
v -312.115200 1.625600 103.632000
v -312.115200 1.625600 102.819200
v -312.115200 -0.406400 192.836800
v -312.115200 -0.203200 192.836800
v -312.115200 -0.203200 193.141612
v -312.115200 -0.609501 192.532000
v -312.115200 -0.406400 192.532000
v -312.115200 -0.812800 192.227200
v -312.115200 -0.609600 192.227200
v -312.115200 -1.016000 191.922400
v -312.115200 -0.812800 191.922400
v -312.115200 -1.219200 191.617600
v -312.115200 -1.016000 191.617600
v -312.115200 -1.422301 191.312800
v -312.115200 -1.219200 191.312800
v -312.115200 -1.422400 191.008000
v -312.115200 -1.828800 190.703200
v -312.115200 -2.032000 190.398400
v -312.115200 -1.828800 190.398400
v -312.115200 -2.235101 190.093600
v -312.115200 -2.032000 190.093600
v -312.115200 -2.438400 189.788800
v -312.115200 -2.235200 189.788800
v -312.115200 -6.502400 195.072000
v -312.115200 -6.502400 73.152000
v -312.115200 -2.438400 73.152000
v -312.115200 -2.438400 195.072000
v -312.115200 -2.438400 193.446400
v -312.115200 -0.203200 166.522400
v -312.115200 -0.203200 166.827200
v -312.115200 -0.406395 166.827200
v -312.115200 -0.406400 167.132000
v -312.115200 -0.609603 167.132000
v -312.115200 -0.609600 167.436800
v -312.115200 -0.812795 167.436800
v -312.115200 -0.812800 167.741600
v -312.115200 -1.015995 167.741600
v -312.115200 -1.016000 168.046400
v -312.115200 -1.219203 168.046400
v -312.115200 -1.219200 168.351200
v -312.115200 -1.422395 168.351200
v -312.115200 -1.422400 168.656000
v -312.115200 -1.828803 168.960800
v -312.115200 -1.828800 169.265600
v -312.115200 -2.031995 169.265600
v -312.115200 -2.032000 169.570400
v -312.115200 -2.235203 169.570400
v -312.115200 -2.235200 169.875200
v -312.115200 -2.438395 169.875200
v -312.115200 -2.438400 166.217600
v -312.115200 -2.438400 153.619200
v -312.115200 -2.438400 149.961600
v -312.115200 -2.438400 114.604800
v -312.115200 -2.438400 102.006400
v -312.115200 -2.438400 98.348794
v -312.115200 -2.438400 118.262301
v -308.051200 -0.203200 192.836800
v -308.051200 -0.203200 193.141612
v -265.379200 -0.203200 231.952800
v -265.379200 -0.203200 231.648000
v -261.315200 -0.203200 231.648000
v -261.315200 -0.203200 231.952825
v -232.867200 -0.203200 231.952800
v -232.867200 -0.203200 231.648000
v -228.803200 -0.203200 231.648000
v -228.803200 -0.203200 231.952825
v -308.051200 -0.203200 166.522400
v -308.051200 -0.203200 166.827200
v -352.755200 -0.203200 167.436800
v -389.940800 -0.203200 167.436800
v -389.940800 -0.203200 172.313600
v -352.755200 -0.203200 172.313600
v -352.755200 -0.203200 195.072000
v -349.504000 -0.203200 195.072000
v -349.504000 -0.203200 167.436800
v -352.755200 -0.203200 110.540800
v -352.755200 -0.203200 136.550400
v -349.504000 -0.203200 136.550400
v -349.504000 -0.203200 110.540800
v -389.940800 -0.203200 136.550400
v -389.940800 -0.203200 141.427200
v -352.755200 -0.203200 141.427200
v -221.894400 -0.203200 208.280000
v -224.332800 -0.203200 208.280000
v -224.332800 -0.203200 209.499200
v -221.894400 -0.203200 209.499200
v -144.678400 -0.203200 264.972800
v -143.052701 -0.203200 266.598499
v -142.240000 -0.203200 265.785600
v -143.865600 -0.203200 264.160000
v -349.504099 -0.203200 282.854400
v -353.532653 -0.203200 282.854400
v -352.755200 -0.203200 284.480000
v -389.940800 -0.203200 289.356800
v -389.940800 -0.203200 294.233600
v -352.755200 -0.203200 294.233600
v -352.755200 -0.203200 289.356800
v -349.504000 -0.203200 294.233600
v -389.940800 -0.203200 320.243200
v -389.940800 -0.203200 325.120000
v -352.755200 -0.203200 325.120000
v -352.755200 -0.203200 320.243200
v -349.504000 -0.203200 325.120000
v -352.755200 -0.203200 351.129600
v -349.504000 -0.203200 351.129600
v 257.149600 -0.203200 -19.507200
v 257.149600 -0.203200 -19.100800
v 257.175000 -0.203200 -19.100800
v 257.175000 -0.203200 -19.507200
v -121.818400 3.251200 286.410400
v -121.818400 3.251200 286.207200
v -102.514400 3.251200 286.207200
v -102.514400 3.251200 286.410400
v -98.247200 3.251200 286.410400
v -98.247200 3.251200 286.207200
v -78.943200 3.251200 286.207200
v -78.943200 3.251200 286.410400
v -299.110400 1.219200 240.182400
v -299.110400 4.546600 240.182400
v -299.110400 4.546600 238.556800
v -299.110400 1.219200 238.556800
v -299.110400 1.219200 255.625600
v -299.110400 4.546600 255.625600
v -299.110400 4.546600 254.000000
v -299.110400 1.219200 254.000000
v -299.110400 -3.251200 260.096000
v -299.110400 -3.251200 255.625600
v -299.110400 1.219200 260.096000
v -299.110400 1.219200 234.899200
v -299.110400 1.219200 234.086400
v -299.110400 2.641600 234.086400
v -299.110400 2.641600 234.899200
v -299.110400 1.219200 259.283200
v -299.110400 2.641600 259.283200
v -299.110400 2.641600 260.096000
v -299.110400 -3.251200 234.086400
v -146.710400 0.152400 243.230202
v -148.336112 0.152400 244.855901
v -150.164812 0.152400 243.027200
v -150.368000 0.152400 242.214425
v -150.368000 0.152400 241.808000
v -149.961612 0.152400 241.122225
v -149.390001 0.152400 240.550601
v -177.291975 0.152400 182.473563
v -177.088763 0.152400 183.184812
v -176.377712 0.152400 183.387975
v -175.666388 0.152400 183.184775
v -175.514062 0.152400 182.473922
v -175.666549 0.152400 181.762350
v -176.377550 0.152400 181.559200
v -177.088800 0.152400 181.762412
v -171.602375 0.152400 188.163163
v -171.399163 0.152400 188.874412
v -170.688099 0.152400 189.077575
v -169.976800 0.152400 188.874388
v -169.824474 0.152400 188.163510
v -169.976949 0.152400 187.451938
v -170.687950 0.152400 187.248800
v -171.399200 0.152400 187.452012
v -287.121575 -3.251200 201.168000
v -221.081600 -3.251200 201.168000
v -1.016000 13.004800 195.681600
v 0.203200 13.004800 195.681600
v 0.203200 13.055600 195.681600
v -1.016000 13.055600 195.681600
v -314.960000 0.406400 195.681600
v -315.772800 0.406400 195.681600
v -315.772800 1.219200 195.681600
v -314.960000 1.219200 195.681600
v -312.928000 1.422400 195.681600
v -312.928000 1.219200 195.681600
v -317.804800 1.219200 195.681600
v -317.804800 1.422400 195.681600
v -312.928000 0.406400 195.681600
v -313.334400 0.406400 195.681600
v -313.334400 1.219200 195.681600
v -312.928000 0.000000 195.681600
v -317.804800 0.000000 195.681600
v -317.804800 0.406400 195.681600
v -317.398400 0.406400 195.681600
v -317.398400 1.219200 195.681600
v -288.137600 -3.251200 200.152000
v -292.608000 -3.251200 234.086400
v -292.608000 -3.251200 238.556800
v -292.608000 1.219200 238.556800
v -292.608000 1.219200 234.086400
v -292.608000 -3.251200 258.064000
v -292.608000 -3.251200 260.096000
v -292.608000 1.219200 260.096000
v -292.608000 1.219200 258.064000
v -292.608000 1.219200 250.342400
v -292.608000 1.219200 255.625699
v -292.608000 1.320800 255.625699
v -292.608000 1.320800 250.342400
v -292.608000 1.219200 243.840099
v -292.608000 1.320800 243.840099
v -292.608000 1.320800 238.556800
v -292.608000 1.219200 236.118400
v -292.608000 2.641600 236.118499
v -292.608000 2.641600 234.086425
v -292.608000 2.641600 260.096000
v -292.608000 2.641600 258.064000
v -307.644800 0.000000 155.244800
v -307.644800 1.625600 155.244800
v -307.644800 1.625600 153.619200
v -307.644800 0.000000 164.592000
v -307.644800 1.625600 166.217600
v -307.644800 1.625600 164.592000
v -307.644800 0.000000 103.632000
v -307.644800 1.625600 103.632000
v -307.644800 1.625600 102.006400
v -307.644800 0.000000 112.979200
v -307.644800 1.625600 114.604800
v -307.644800 1.625600 112.979200
v -307.644800 -2.438400 189.382400
v -307.644800 -2.438400 193.446400
v -307.644800 0.203200 193.446400
v -307.644800 0.203200 193.040012
v -307.644800 -2.235205 189.382400
v -307.644800 -2.438400 195.072000
v -307.644800 -2.438400 153.619200
v -307.644800 -2.438400 166.217600
v -307.644800 -2.438400 170.281600
v -307.644800 -2.235205 170.281600
v -307.644800 0.203200 166.624000
v -307.644800 0.203200 166.217600
v -307.644800 -2.438400 149.555200
v -307.644800 0.203200 153.619200
v -307.644800 0.203200 153.212800
v -307.644800 -2.235205 149.555200
v -307.644800 -2.438400 102.006400
v -307.644800 -2.438400 114.604800
v -307.644800 -2.438400 118.668800
v -307.644800 -2.235205 118.668800
v -307.644800 0.203200 115.011188
v -307.644800 0.203200 114.604800
v -307.644800 -2.438400 97.942400
v -307.644800 0.203200 102.006400
v -307.644800 0.203200 101.600006
v -307.644800 -2.235205 97.942400
v -209.372250 1.117600 208.076800
v -209.321450 1.117600 207.873600
v -206.146549 1.117600 208.635402
v -206.197386 1.117600 208.838750
v -303.174400 0.812800 247.091200
v -305.612800 0.812800 247.091200
v -305.612800 0.812800 236.118648
v -303.174400 0.812800 237.744000
v -305.612800 0.812800 258.064000
v -303.174400 0.812800 256.438400
v -329.996800 0.812800 247.091200
v -330.809575 0.812800 247.091200
v -331.622425 0.812800 244.043101
v -330.911225 0.812800 243.636701
v -333.857625 0.812800 241.807975
v -333.451225 0.812800 241.096775
v -336.905600 0.812800 240.995200
v -336.905600 0.812800 240.182400
v -339.953724 0.812800 241.808025
v -340.360174 0.812800 241.096726
v -342.188800 0.812800 244.043200
v -342.900000 0.812800 243.636800
v -343.001575 0.812800 247.091200
v -343.814450 0.812800 247.091200
v -342.188800 0.812800 250.139150
v -342.900000 0.812800 250.545550
v -339.953575 0.812800 252.374425
v -340.359950 0.812800 253.085600
v -336.905600 0.812800 253.187200
v -336.905600 0.812800 254.000000
v -333.857650 0.812800 252.374425
v -333.451250 0.812800 253.085625
v -331.622375 0.812800 250.139200
v -330.911175 0.812800 250.545600
v -265.379200 0.812800 233.476800
v -265.379200 0.812800 233.172000
v -261.315200 0.812800 233.172000
v -261.315200 0.812800 233.476800
v -232.867200 0.812800 233.476800
v -232.867200 0.812800 233.172000
v -228.803200 0.812800 233.172000
v -228.803200 0.812800 233.476800
v -184.429400 0.812800 193.751200
v -184.810598 0.812800 193.497101
v -184.632699 0.812800 193.395600
v -184.327825 0.812800 193.598850
v -184.873950 0.812800 192.620900
v -184.607250 0.812800 191.922400
v -184.429301 0.812800 191.998600
v -184.696013 0.812800 192.697137
v -184.937400 0.812800 193.167025
v -184.734250 0.812800 193.090602
v -184.505662 0.812800 191.211200
v -184.302400 0.812800 191.211200
v -184.378563 0.812800 187.985400
v -184.175425 0.812800 187.985400
v -184.403988 0.812800 187.579012
v -184.200788 0.812800 187.629812
v -183.819899 0.812800 187.020175
v -182.473600 0.812800 186.969375
v -182.549800 0.812800 187.172600
v -183.743612 0.812800 187.223400
v -179.298600 0.812800 187.782212
v -179.171600 0.812800 187.604425
v -178.384175 0.812800 188.036163
v -178.485800 0.812800 188.188600
v -178.130200 0.812800 189.611000
v -178.104800 0.812800 188.798101
v -177.927000 0.812800 188.722000
v -177.927000 0.812800 189.611000
v -179.705099 0.812800 191.871600
v -178.638299 0.812800 190.449200
v -178.460425 0.812800 190.525412
v -179.552600 0.812800 191.998575
v -181.305076 0.812800 193.090726
v -181.406726 0.812800 192.938226
v -183.972200 0.812800 193.725800
v -184.023012 0.812800 193.573363
v -184.200750 0.812800 187.172699
v -184.048400 0.812800 187.325198
v -299.720000 0.812800 240.182400
v -299.720000 0.812800 254.000000
v -299.110400 0.812800 254.000000
v -299.110400 0.812800 240.182400
v -235.661299 0.812800 199.389603
v -233.933702 0.812800 201.117188
v -233.883101 0.812800 201.066598
v -235.610400 0.812800 199.339299
v -299.720000 0.812800 255.625600
v -299.720000 0.812800 238.556850
v -266.598400 -3.251200 260.096000
v -266.598400 -3.251200 258.064000
v -266.598400 1.219200 258.064000
v -266.598400 1.219200 260.096000
v -266.598400 -3.251200 238.556800
v -266.598400 -3.251200 234.086400
v -266.598400 1.219200 234.086400
v -266.598400 1.219200 238.556800
v -266.598400 1.219200 255.625501
v -266.598400 1.219200 250.342400
v -266.598400 1.320800 250.342400
v -266.598400 1.320800 255.625600
v -266.598400 1.219200 243.840099
v -266.598400 1.320800 238.556800
v -266.598400 1.320800 243.840000
v -266.598400 1.219200 236.118499
v -266.598400 2.641600 234.086400
v -266.598400 2.641600 236.118400
v -266.598400 2.641600 258.064000
v -266.598400 2.641600 260.096000
v -299.110400 0.050800 238.556800
v -299.720000 4.546600 238.556800
v -299.720000 0.050800 238.556800
v -299.110400 -3.251200 238.556800
v -299.720000 -3.251200 238.556800
v -220.675200 1.219200 243.840000
v -214.985600 1.219200 243.840000
v -214.985600 1.422400 243.840000
v -220.675200 1.422400 243.840000
v -214.985600 1.219200 250.342400
v -220.675200 1.219200 250.342400
v -220.675200 1.422400 250.342400
v -214.985600 1.422400 250.342400
v -299.720000 -3.251200 255.625600
v -299.720000 4.546600 255.625600
v -260.096000 -3.251200 258.064000
v -260.096000 1.219200 260.096000
v -260.096000 1.219200 258.064000
v -260.096000 -3.251200 238.556800
v -260.096000 1.219200 238.556800
v -260.096000 1.219200 234.086400
v -260.096000 1.219200 243.840099
v -260.096000 1.320800 243.840099
v -260.096000 1.320800 238.556800
v -260.096000 1.219200 250.342400
v -260.096000 1.219200 255.625699
v -260.096000 1.320800 255.625699
v -260.096000 1.320800 250.342400
v -260.096000 1.219200 236.118400
v -260.096000 2.641600 236.118499
v -260.096000 2.641600 234.086425
v -260.096000 2.641600 260.096000
v -260.096000 2.641600 258.064000
v -234.086400 1.219200 243.840099
v -234.086400 1.219200 238.556800
v -234.086400 1.320800 238.556800
v -234.086400 1.320800 243.840000
v -234.086400 1.219200 255.625699
v -234.086400 1.219200 250.342400
v -234.086400 1.320800 250.342400
v -234.086400 1.320800 255.625600
v -234.086400 1.219200 236.118499
v -234.086400 1.219200 234.086400
v -234.086400 2.641600 234.086400
v -234.086400 2.641600 236.118400
v -234.086400 1.219200 260.096000
v -234.086400 1.219200 258.064000
v -234.086400 2.641600 258.064000
v -234.086400 2.641600 260.096000
v -227.584000 -3.251200 234.086400
v -227.584000 1.219200 234.086400
v -227.584000 -2.438400 234.086400
v -215.798400 -2.438400 234.086400
v -215.798400 -2.032000 234.086400
v -227.584000 -2.032000 234.086400
v -298.297600 1.219200 234.086400
v -298.297600 2.641600 234.086400
v -215.798499 -3.251200 234.086400
v -212.039200 -3.251200 234.086400
v -212.039398 1.219200 234.086400
v -215.798400 1.219200 234.086400
v -260.908800 1.219200 234.086400
v -260.908800 2.641600 234.086400
v -293.420800 1.219200 234.086400
v -293.420800 2.641600 234.086400
v -265.379200 1.219200 234.086400
v -265.379200 2.641600 234.086400
v -228.396800 1.219200 234.086400
v -227.584000 2.641600 234.086400
v -228.396800 2.641600 234.086400
v -232.867200 1.219200 234.086400
v -232.867200 2.641600 234.086400
v -212.039200 -0.812800 234.086400
v -208.076800 -0.812800 234.086400
v -260.908800 2.133253 234.086400
v -261.315200 1.219200 234.086400
v -261.315200 2.133253 234.086400
v -228.396800 2.133253 234.086400
v -228.803200 1.219200 234.086400
v -228.803200 2.133253 234.086400
v -192.532000 0.203200 198.018400
v -187.452012 0.203200 203.098388
v -181.965600 0.203200 208.584800
v -176.885600 0.203200 213.664800
v -171.399200 0.203200 219.151200
v -166.319188 0.203200 224.231200
v -160.832800 0.203200 229.717600
v -155.752812 0.203200 234.797600
v -146.812000 0.000000 236.423200
v -146.608812 0.000000 236.626400
v -146.608800 4.165600 236.626400
v -146.812000 4.165600 236.423200
v -189.077600 0.609600 194.157600
v -188.874400 0.609600 194.360800
v -188.874400 4.165600 194.360800
v -189.077699 4.165600 194.157501
v -183.794400 0.609600 199.440800
v -183.591200 0.609600 199.644000
v -183.591200 4.165600 199.644000
v -183.794400 4.165600 199.440800
v -171.907299 4.876800 211.327901
v -179.628701 4.876800 203.606499
v -175.767950 8.128000 207.467250
v -174.345699 3.251200 208.889501
v -174.345699 4.876800 208.889501
v -171.907200 3.251200 211.328000
v -171.907200 1.625600 211.328000
v -174.345600 1.625600 208.889600
v -174.345600 4.267200 208.889600
v -177.190400 4.267200 206.044800
v -177.190400 4.876800 206.044800
v -161.340800 4.876800 221.894400
v -169.062400 4.876800 214.172800
v -165.201600 8.128000 218.033600
v -163.779200 3.251200 219.456000
v -163.779200 4.876800 219.456000
v -161.340800 3.251200 221.894400
v -161.340800 1.625600 221.894400
v -163.779200 1.625600 219.456000
v -163.779200 4.267200 219.456000
v -166.624000 4.267200 216.611200
v -166.624000 4.876800 216.611200
v -150.774400 4.876800 232.460800
v -158.496000 4.876800 224.739200
v -154.635200 8.128000 228.600000
v -153.212800 3.251200 230.022400
v -153.212800 4.876800 230.022400
v -150.774400 3.251200 232.460800
v -150.774400 1.625600 232.460800
v -153.212800 1.625600 230.022400
v -153.212800 4.267200 230.022400
v -156.057600 4.267200 227.177600
v -156.057600 4.876800 227.177600
v -192.633699 4.876800 190.601501
v -200.355200 4.876800 182.880000
v -200.355200 8.128000 182.880000
v -192.633600 3.251200 190.601600
v -192.633600 1.625600 190.601600
v -195.072000 1.625600 188.163200
v -195.072000 3.251200 188.163200
v -195.072050 4.876800 188.163150
v -195.072050 4.267200 188.163150
v -197.916800 4.267200 185.318400
v -197.916800 4.876800 185.318400
v -149.555200 3.657600 240.182400
v -149.656800 3.657600 240.284000
v -149.656800 3.708400 240.284000
v -149.555188 3.708400 240.182400
v -146.304000 4.165600 236.931200
v -146.456400 4.165600 237.083600
v -146.456400 4.267200 237.083600
v -146.304000 4.267200 236.931200
v -164.185501 4.876800 188.163299
v -156.464000 4.876800 195.884800
v -160.324800 8.128000 192.024000
v -156.464000 3.251200 195.884800
v -158.902400 4.876800 193.446400
v -158.902400 3.251200 193.446400
v -158.902450 1.625600 193.446350
v -156.464000 1.625600 195.884800
v -143.052701 4.876800 209.296099
v -135.331200 4.876800 217.017600
v -139.192000 8.128000 213.156800
v -176.377501 0.000000 175.971299
v -176.377501 0.406400 175.971299
v -176.783901 0.406400 175.564899
v -177.190400 0.609600 175.158400
v -176.784000 0.609600 175.564800
v -175.971200 0.203200 176.377600
v -176.377600 0.203200 175.971200
v -184.912000 1.422400 167.436800
v -186.740800 1.422400 165.608000
v -177.190400 4.876800 175.158400
v -184.912000 8.128000 167.436800
v -153.619200 4.876800 198.729600
v -145.897600 4.876800 206.451200
v -149.758301 8.128000 202.590499
v -158.267388 1.625600 197.688188
v -158.267400 3.251200 197.688200
v -160.350200 1.625600 199.771000
v -160.350200 3.251200 199.771000
v -163.144200 1.625600 202.565000
v -163.144200 3.251200 202.565000
v -165.227000 1.625600 204.647800
v -168.021000 1.625600 207.441800
v -168.021000 3.251200 207.441800
v -165.227000 3.251200 204.647800
v -170.103701 1.625600 209.524501
v -170.103812 3.251200 209.524625
v -172.313699 -3.251200 217.424099
v -181.152899 -3.251200 226.263299
v -169.062450 3.251200 214.172850
v -169.062450 1.625600 214.172850
v -167.259012 1.625600 212.369425
v -167.258901 3.251200 212.369301
v -165.176200 1.625600 210.286600
v -165.176200 3.251200 210.286600
v -162.382200 1.625600 207.492600
v -162.382200 3.251200 207.492600
v -160.299400 1.625600 205.409800
v -157.505400 1.625600 202.615800
v -157.505400 3.251200 202.615800
v -160.299400 3.251200 205.409800
v -155.422600 1.625600 200.533000
v -153.619200 1.625600 198.729600
v -153.619200 3.251200 198.729600
v -155.422588 3.251200 200.532988
v -145.897600 3.251200 206.451200
v -145.897600 1.625600 206.451200
v -147.700988 1.625600 208.254575
v -147.701000 3.251200 208.254600
v -149.783800 1.625600 210.337400
v -149.783800 3.251200 210.337400
v -152.577788 1.625600 213.131375
v -152.577800 3.251200 213.131400
v -154.660600 1.625600 215.214200
v -157.454612 1.625600 218.008225
v -157.454600 3.251200 218.008200
v -154.660600 3.251200 215.214200
v -159.537301 1.625600 220.090901
v -159.537412 3.251200 220.091025
v -158.496050 3.251200 224.739250
v -158.496050 1.625600 224.739250
v -156.692612 1.625600 222.935825
v -156.692501 3.251200 222.935701
v -154.609800 1.625600 220.853000
v -154.609800 3.251200 220.853000
v -151.815800 1.625600 218.059000
v -151.815800 3.251200 218.059000
v -149.733000 1.625600 215.976200
v -146.939000 1.625600 213.182200
v -146.939000 3.251200 213.182200
v -149.733000 3.251200 215.976200
v -144.856200 1.625600 211.099400
v -143.052800 1.625600 209.296000
v -143.052800 3.251200 209.296000
v -144.856188 3.251200 211.099375
v -209.169050 0.304800 207.264000
v -209.118225 0.304800 207.060701
v -205.943349 0.304800 207.822602
v -205.994186 0.304800 208.025950
v -150.063200 0.000000 239.674400
v -149.860012 0.000000 239.877575
v -149.860000 3.657600 239.877600
v -150.063101 3.657600 239.674499
v -155.143200 0.609600 234.594400
v -155.143200 3.657600 234.594400
v -155.346400 3.657600 234.391200
v -155.346400 0.609600 234.391200
v -160.426400 0.609600 229.311200
v -160.426400 3.657600 229.311200
v -160.629501 3.657600 229.108099
v -160.629600 0.609600 229.108000
v -165.709600 0.609600 224.028000
v -165.709600 3.657600 224.028000
v -165.912800 3.657600 223.824800
v -165.912800 0.609600 223.824800
v -170.992812 0.609600 218.744775
v -170.992800 3.657600 218.744800
v -171.196099 3.657600 218.541501
v -171.196000 0.609600 218.541600
v -181.559200 0.609600 208.178400
v -181.559200 3.657600 208.178400
v -181.762499 3.657600 207.975101
v -181.762400 0.609600 207.975200
v -186.842400 0.609600 202.895200
v -186.842400 3.657600 202.895200
v -187.045600 3.657600 202.692000
v -187.045600 0.609600 202.692000
v -197.408800 0.609600 192.328800
v -197.408800 3.657600 192.328800
v -197.612000 3.657600 192.125600
v -197.612074 0.609600 192.125526
v -192.125600 0.609600 197.612000
v -192.125600 3.657600 197.612000
v -192.328899 3.657600 197.408701
v -192.328825 0.609600 197.408775
v -172.516800 -3.251200 217.220800
v -197.561250 3.708400 192.176350
v -197.561299 3.759200 192.176301
v -197.459600 3.759200 192.278000
v -197.459600 3.708400 192.278000
v -181.711650 3.708400 208.025950
v -181.711600 3.759200 208.026000
v -181.610000 3.759200 208.127600
v -181.610050 3.708400 208.127550
v -192.278050 3.708400 197.459550
v -192.278000 3.759200 197.459600
v -192.176388 3.759200 197.561212
v -192.176400 3.708400 197.561200
v -186.994850 3.708400 202.742750
v -186.994800 3.759200 202.742800
v -186.893200 3.759200 202.844400
v -186.893200 3.708400 202.844400
v -176.428350 3.708400 213.309250
v -176.428400 3.759200 213.309200
v -176.326812 3.759200 213.410800
v -176.326800 3.708400 213.410800
v -165.861950 3.708400 223.875650
v -165.862000 3.759200 223.875600
v -165.760388 3.759200 223.977200
v -165.760400 3.708400 223.977200
v -160.578750 3.708400 229.158850
v -160.578800 3.759200 229.158800
v -160.477188 3.759200 229.260400
v -160.477200 3.708400 229.260400
v -155.295600 3.708400 234.442000
v -155.295600 3.759200 234.442000
v -155.194025 3.759200 234.543575
v -155.194012 3.708400 234.543600
v -150.012400 3.708400 239.725200
v -150.012400 3.759200 239.725200
v -149.910800 3.759200 239.826800
v -149.910800 3.708400 239.826800
v -161.239200 0.406400 229.717600
v -166.319200 0.406400 224.637600
v -171.805600 0.406400 219.151200
v -176.885600 0.406400 214.071200
v -182.372000 0.406400 208.584800
v -187.452000 0.406400 203.504800
v -192.938400 0.406400 198.018400
v -198.018400 0.406400 192.938400
v -160.629501 0.406400 229.107901
v -160.731200 0.406400 229.209600
v -160.731101 3.657600 229.209501
v -157.480000 0.609600 225.958400
v -157.378412 0.609600 225.856800
v -157.378400 4.165600 225.856800
v -157.480000 4.165600 225.958400
v -165.709600 0.406400 224.028000
v -165.811101 0.406400 224.129501
v -165.811200 3.657600 224.129600
v -162.458400 0.609600 220.776800
v -162.560000 0.609600 220.878400
v -162.560000 4.165600 220.878400
v -162.458412 4.165600 220.776800
v -199.237699 -3.251200 208.178499
v -199.440899 -3.251200 207.975299
v -181.356087 -3.251200 226.060124
v -190.398598 -3.251200 199.339398
v -190.398586 0.000000 199.339386
v -221.081600 -3.251200 208.076800
v -221.081600 1.219200 249.936000
v -221.081600 1.219200 244.246400
v -221.081600 1.422400 244.246400
v -221.081600 1.422400 249.936000
v -190.601786 -3.251200 199.136186
v -190.601798 0.000000 199.136198
v -197.916800 0.609600 185.318400
v -197.916800 0.609600 191.820800
v -312.521600 0.406400 182.880000
v -312.521600 1.219200 182.880000
v -183.489600 0.406400 198.932800
v -183.388000 0.406400 199.034400
v -181.660800 0.406400 200.761600
v -181.457501 0.406400 200.964899
v -183.184800 0.406400 199.237600
v -183.489501 0.609600 198.932800
v -191.820701 0.609600 190.601600
v -191.820738 0.406400 190.601600
v -183.083200 0.406400 199.339200
v -181.762400 0.406400 200.660000
v -181.762400 0.609600 200.660000
v -183.083200 0.609600 199.339200
v -179.222350 0.203200 203.200050
v -179.222301 0.406400 203.200099
v -181.457650 0.203200 200.964750
v -177.190400 0.406400 193.243200
v -175.666400 0.406400 194.767200
v -186.842301 0.406400 202.895101
v -186.943901 0.406400 202.996701
v -186.944000 3.657600 202.996800
v -183.692800 0.609600 199.745600
v -183.692800 4.165600 199.745600
v -178.206400 0.609600 176.174400
v -178.206400 4.876800 176.174400
v -185.953400 1.625600 183.921400
v -188.747400 1.625600 186.715400
v -188.747400 3.251200 186.715400
v -185.953301 3.251200 183.921301
v -190.830101 1.625600 188.798101
v -190.830212 3.251200 188.798212
v -192.633600 0.609600 190.601600
v -185.953400 0.609600 183.921400
v -185.953388 4.876800 183.921388
v -179.628850 3.251200 203.606450
v -179.628850 1.625600 203.606450
v -177.825412 1.625600 201.803012
v -177.825301 3.251200 201.802901
v -175.742600 1.625600 199.720200
v -175.742600 3.251200 199.720200
v -172.948600 1.625600 196.926200
v -172.948600 3.251200 196.926200
v -170.865800 1.625600 194.843400
v -168.071800 1.625600 192.049400
v -168.071800 3.251200 192.049400
v -170.865800 3.251200 194.843400
v -165.989000 1.625600 189.966600
v -164.185600 1.625600 188.163200
v -164.185600 3.251200 188.163200
v -165.988988 3.251200 189.966588
v -171.704000 0.609600 206.248000
v -174.345600 0.609600 208.889600
v -177.190400 0.609600 206.044800
v -174.548800 0.609600 203.403200
v -161.137600 0.609600 216.814400
v -163.779200 0.609600 219.456000
v -166.624000 0.609600 216.611200
v -163.982400 0.609600 213.969600
v -150.571200 0.609600 227.380800
v -153.212800 0.609600 230.022400
v -156.057600 0.609600 227.177600
v -153.416025 0.609600 224.536025
v -305.612800 0.609600 247.091200
v -308.051200 0.609600 247.091200
v -308.051200 0.609600 234.086400
v -305.612800 0.609600 236.118400
v -308.051200 0.609600 260.096000
v -305.612800 0.609600 258.064000
v -265.379200 0.609600 233.172000
v -265.379200 0.609600 232.867200
v -261.315200 0.609600 232.867200
v -261.315200 0.609600 233.172025
v -232.867200 0.609600 233.172000
v -232.867200 0.609600 232.867200
v -228.803200 0.609600 232.867200
v -228.803200 0.609600 233.172025
v -148.894899 0.609600 245.414800
v -146.710499 0.609600 243.230400
v -146.303901 0.609600 243.230400
v -148.488301 0.609600 245.414800
v -136.601299 0.609600 257.708301
v -136.398000 0.609600 257.505200
v -130.860998 0.609600 221.284800
v -131.267212 0.609600 221.284800
v -135.432825 0.609600 217.119225
v -135.229612 0.609600 216.916000
v -149.961600 0.609600 239.979200
v -149.555200 0.609600 239.979200
v -188.214000 0.609600 181.660800
v -180.467000 0.609600 173.913800
v -183.896099 0.609600 199.339299
v -192.430400 0.609600 185.521600
v -195.072000 0.609600 188.163200
v -195.275225 0.609600 182.676825
v 242.087400 0.609600 -7.924800
v 242.087400 0.609600 -8.331200
v 242.112800 0.609600 -8.331200
v 242.112800 0.609600 -7.924800
v -175.056800 0.609600 194.767200
v -181.762400 0.609600 201.472800
v -175.869600 0.609600 194.767200
v -177.190400 0.609600 193.446499
v -177.190400 0.609600 192.633798
v -303.174400 0.609600 256.438400
v -303.174400 0.609600 237.744248
v -171.297600 0.406400 218.643200
v -171.195988 0.406400 218.541600
v -171.297501 3.657600 218.643101
v -168.046400 0.609600 215.392000
v -167.944812 0.609600 215.290400
v -167.944800 4.165600 215.290400
v -168.046400 4.165600 215.392000
v -176.276000 0.406400 213.461600
v -176.377501 0.406400 213.563101
v -176.377600 3.657600 213.563200
v -176.276099 3.657600 213.461699
v -173.024800 0.609600 210.210400
v -173.126400 0.609600 210.312000
v -173.126400 4.165600 210.312000
v -173.024812 4.165600 210.210400
v -181.864000 0.406400 208.076800
v -181.762388 0.406400 207.975188
v -181.863901 3.657600 208.076701
v -178.612800 0.609600 204.825600
v -178.511212 0.609600 204.724012
v -178.511200 4.165600 204.724000
v -178.612800 4.165600 204.825600
v -189.179200 0.609600 194.259200
v -189.179200 4.165600 194.259200
v -192.328701 0.406400 197.408701
v -192.430301 3.657600 197.510301
v -192.430388 0.406400 197.510388
v -194.157600 0.609600 189.077600
v -194.259200 0.609600 189.179200
v -194.259200 4.165600 189.179200
v -194.157612 4.165600 189.077612
v -197.408800 0.406400 192.328800
v -197.510313 0.406400 192.430313
v -197.510400 3.657600 192.430400
v -349.504000 0.000000 110.540800
v -352.755200 0.000000 110.540800
v -312.318400 0.406400 271.475200
v -312.318400 1.219200 271.475200
v -389.940800 0.000000 325.120000
v -352.755200 0.000000 325.120000
v 257.175000 0.406400 -19.507200
v 257.149600 0.406400 -19.507200
v -312.318400 1.422400 286.105600
v -312.318400 4.470400 286.105600
v -325.932800 -0.203200 286.105600
v -326.136000 -0.203200 286.105600
v -326.136099 -0.050800 286.105600
v -325.932800 -0.050800 286.105600
v -312.724800 -3.251200 286.105600
v -312.115200 0.000000 286.105600
v -227.584000 -3.251200 260.096000
v -227.584000 1.219200 260.096000
v -298.297600 1.219200 260.096000
v -298.297600 2.641600 260.096000
v -260.908800 1.219200 260.096000
v -260.908800 2.641600 260.096000
v -293.420800 1.219200 260.096000
v -293.420800 2.641600 260.096000
v -265.379200 1.219200 260.096000
v -265.379200 2.641600 260.096000
v -228.396800 1.219200 260.096000
v -228.396800 2.641600 260.096000
v -227.584000 2.641600 260.096000
v -232.867200 1.219200 260.096000
v -232.867200 2.641600 260.096000
v -305.612800 -6.502400 195.072000
v -305.612800 -6.502400 73.152000
v -305.612800 -6.502400 95.910400
v -305.612800 -6.502400 120.294400
v -302.361600 -6.502400 120.294400
v -302.361600 -6.502400 95.910400
v -305.612800 -6.502400 147.929600
v -305.612800 -6.502400 172.313600
v -302.361600 -6.502400 172.313600
v -302.361600 -6.502400 147.929600
v -307.848000 0.406400 104.038400
v -308.254400 0.406400 104.038400
v -308.254400 1.219200 104.038400
v -307.848000 1.219200 104.038400
v -312.318400 0.406400 224.739200
v -312.318400 0.406400 225.552000
v -312.318400 1.219200 225.552000
v -312.318400 1.219200 224.739200
v -312.318400 0.406400 227.177600
v -312.318400 0.406400 227.584000
v -312.318400 1.219200 227.584000
v -312.318400 1.219200 227.177600
v -312.318400 0.406400 220.268800
v -312.318400 0.406400 221.081600
v -312.318400 1.219200 221.081600
v -312.318400 1.219200 220.268800
v -312.318400 1.422400 218.236800
v -312.318400 1.219200 218.236800
v -312.318400 1.422400 227.584000
v -312.318400 0.406400 218.236800
v -312.318400 0.406400 218.643200
v -312.318400 1.219200 218.643200
v -312.318400 0.000000 218.236800
v -312.318400 0.000000 227.584000
v -312.318400 0.406400 222.707200
v -312.318400 0.406400 223.113600
v -312.318400 1.219200 223.113600
v -312.318400 1.219200 222.707200
v -312.318400 0.406400 214.579200
v -312.318400 0.406400 215.392000
v -312.318400 1.219200 215.392000
v -312.318400 1.219200 214.579200
v -312.318400 0.406400 217.017600
v -312.318400 0.406400 217.424000
v -312.318400 1.219200 217.424000
v -312.318400 1.219200 217.017600
v -312.318400 0.406400 210.108800
v -312.318400 0.406400 210.921600
v -312.318400 1.219200 210.921600
v -312.318400 1.219200 210.108800
v -312.318400 1.422400 208.076800
v -312.318400 1.219200 208.076800
v -312.318400 1.422400 217.424000
v -312.318400 0.406400 208.076800
v -312.318400 0.406400 208.483200
v -312.318400 1.219200 208.483200
v -312.318400 0.000000 208.076800
v -312.318400 0.000000 217.424000
v -312.318400 0.406400 212.547200
v -312.318400 0.406400 212.953600
v -312.318400 1.219200 212.953600
v -312.318400 1.219200 212.547200
v -312.318400 0.406400 268.630400
v -312.318400 0.406400 269.443200
v -312.318400 1.219200 269.443200
v -312.318400 1.219200 268.630400
v -312.318400 0.406400 266.598400
v -312.318400 0.406400 267.004800
v -312.318400 1.219200 267.004800
v -312.318400 1.219200 266.598400
v -312.318400 0.406400 273.100800
v -312.318400 0.406400 273.913600
v -312.318400 1.219200 273.913600
v -312.318400 1.219200 273.100800
v -312.318400 1.422400 266.598400
v -312.318400 1.219200 275.945600
v -312.318400 1.422400 275.945600
v -312.318400 0.406400 275.539200
v -312.318400 0.406400 275.945600
v -312.318400 1.219200 275.539200
v -312.318400 0.000000 266.598400
v -312.318400 0.000000 275.945600
v -312.318400 0.406400 271.068800
v -312.318400 1.219200 271.068800
v -312.318400 0.406400 278.790400
v -312.318400 0.406400 279.603200
v -312.318400 1.219200 279.603200
v -312.318400 1.219200 278.790400
v -312.318400 0.406400 276.758400
v -312.318400 0.406400 277.164800
v -312.318400 1.219200 277.164800
v -312.318400 1.219200 276.758400
v -312.318400 0.406400 283.260800
v -312.318400 0.406400 284.073600
v -312.318400 1.219200 284.073600
v -312.318400 1.219200 283.260800
v -312.318400 1.422400 276.758400
v -312.318400 1.219200 286.105600
v -312.318400 0.406400 285.699200
v -312.318400 0.406400 286.105600
v -312.318400 1.219200 285.699200
v -312.318400 0.000000 276.758400
v -312.318400 0.406400 281.228800
v -312.318400 0.406400 281.635200
v -312.318400 1.219200 281.635200
v -312.318400 1.219200 281.228800
v -312.318400 0.406400 136.956800
v -312.318400 0.406400 137.769600
v -312.318400 1.219200 137.769600
v -312.318400 1.219200 136.956800
v -312.318400 0.406400 134.924800
v -312.318400 0.406400 135.331200
v -312.318400 1.219200 135.331200
v -312.318400 1.219200 134.924800
v -312.318400 0.406400 141.427200
v -312.318400 0.406400 142.240000
v -312.318400 1.219200 142.240000
v -312.318400 1.219200 141.427200
v -312.318400 1.422400 134.924800
v -312.318400 1.219200 144.272000
v -312.318400 1.422400 144.272000
v -312.318400 0.406400 143.865600
v -312.318400 0.406400 144.272000
v -312.318400 1.219200 143.865600
v -312.318400 0.406400 139.395200
v -312.318400 0.406400 139.801600
v -312.318400 1.219200 139.801600
v -312.318400 1.219200 139.395200
v -312.318400 0.406400 147.116800
v -312.318400 0.406400 147.929600
v -312.318400 1.219200 147.929600
v -312.318400 1.219200 147.116800
v -312.318400 0.406400 145.084800
v -312.318400 0.406400 145.491200
v -312.318400 1.219200 145.491200
v -312.318400 1.219200 145.084800
v -312.318400 0.406400 151.587200
v -312.318400 0.406400 152.400000
v -312.318400 1.219200 152.400000
v -312.318400 1.219200 151.587200
v -312.318400 1.422400 145.084800
v -312.318400 1.219200 154.432000
v -312.318400 1.422400 154.432000
v -312.318400 0.406400 154.025600
v -312.318400 0.406400 154.432000
v -312.318400 1.219200 154.025600
v -312.318400 0.406400 149.555200
v -312.318400 0.406400 149.961600
v -312.318400 1.219200 149.961600
v -312.318400 1.219200 149.555200
v -312.318400 0.406400 116.636800
v -312.318400 0.406400 117.449600
v -312.318400 1.219200 117.449600
v -312.318400 1.219200 116.636800
v -312.318400 0.406400 114.604800
v -312.318400 0.406400 115.011200
v -312.318400 1.219200 115.011200
v -312.318400 1.219200 114.604800
v -312.318400 0.406400 121.107200
v -312.318400 0.406400 121.920000
v -312.318400 1.219200 121.920000
v -312.318400 1.219200 121.107200
v -312.318400 1.422400 114.604800
v -312.318400 1.219200 123.952000
v -312.318400 1.422400 123.952000
v -312.318400 0.406400 123.545600
v -312.318400 0.406400 123.952000
v -312.318400 1.219200 123.545600
v -312.318400 0.406400 119.075200
v -312.318400 0.406400 119.481600
v -312.318400 1.219200 119.481600
v -312.318400 1.219200 119.075200
v -312.318400 0.406400 126.796800
v -312.318400 0.406400 127.609600
v -312.318400 1.219200 127.609600
v -312.318400 1.219200 126.796800
v -312.318400 0.406400 124.764800
v -312.318400 0.406400 125.171200
v -312.318400 1.219200 125.171200
v -312.318400 1.219200 124.764800
v -312.318400 0.406400 131.267200
v -312.318400 0.406400 132.080000
v -312.318400 1.219200 132.080000
v -312.318400 1.219200 131.267200
v -312.318400 1.422400 124.764800
v -312.318400 1.219200 134.112000
v -312.318400 1.422400 134.112000
v -312.318400 0.406400 133.705600
v -312.318400 0.406400 134.112000
v -312.318400 1.219200 133.705600
v -312.318400 0.406400 129.235200
v -312.318400 0.406400 129.641600
v -312.318400 1.219200 129.641600
v -312.318400 1.219200 129.235200
v -312.318400 0.406400 75.184000
v -312.318400 0.406400 75.996800
v -312.318400 1.219200 75.996800
v -312.318400 1.219200 75.184000
v -312.318400 0.406400 73.152000
v -312.318400 0.406400 73.558400
v -312.318400 1.219200 73.558400
v -312.318400 1.219200 73.152000
v -312.318400 0.406400 79.654400
v -312.318400 0.406400 80.467200
v -312.318400 1.219200 80.467200
v -312.318400 1.219200 79.654400
v -312.318400 1.422400 73.152000
v -312.318400 1.219200 82.499200
v -312.318400 1.422400 82.499200
v -312.318400 0.406400 82.092800
v -312.318400 0.406400 82.499200
v -312.318400 1.219200 82.092800
v -312.318400 0.406400 77.622400
v -312.318400 0.406400 78.028800
v -312.318400 1.219200 78.028800
v -312.318400 1.219200 77.622400
v -312.318400 0.406400 85.344000
v -312.318400 0.406400 86.156800
v -312.318400 1.219200 86.156800
v -312.318400 1.219200 85.344000
v -312.318400 0.406400 83.312000
v -312.318400 0.406400 83.718400
v -312.318400 1.219200 83.718400
v -312.318400 1.219200 83.312000
v -312.318400 0.406400 89.814400
v -312.318400 0.406400 90.627200
v -312.318400 1.219200 90.627200
v -312.318400 1.219200 89.814400
v -312.318400 1.422400 83.312000
v -312.318400 1.219200 92.659200
v -312.318400 1.422400 92.659200
v -312.318400 0.406400 92.252800
v -312.318400 0.406400 92.659200
v -312.318400 1.219200 92.252800
v -312.318400 0.406400 87.782400
v -312.318400 0.406400 88.188800
v -312.318400 1.219200 88.188800
v -312.318400 1.219200 87.782400
v -312.318400 0.406400 95.504000
v -312.318400 0.406400 96.316800
v -312.318400 1.219200 96.316800
v -312.318400 1.219200 95.504000
v -312.318400 0.406400 93.472000
v -312.318400 0.406400 93.878400
v -312.318400 1.219200 93.878400
v -312.318400 1.219200 93.472000
v -312.318400 0.406400 99.974400
v -312.318400 0.406400 100.787200
v -312.318400 1.219200 100.787200
v -312.318400 1.219200 99.974400
v -312.318400 1.422400 93.472000
v -312.318400 1.219200 102.819200
v -312.318400 1.422400 102.819200
v -312.318400 0.406400 102.412800
v -312.318400 0.406400 102.819200
v -312.318400 1.219200 102.412800
v -312.318400 0.406400 97.942400
v -312.318400 0.406400 98.348800
v -312.318400 1.219200 98.348800
v -312.318400 1.219200 97.942400
v -312.318400 4.470400 286.512000
v -308.254400 0.406400 108.102400
v -307.848000 0.406400 108.102400
v -307.848000 1.219200 108.102400
v -308.254400 1.219200 108.102400
v -194.259200 13.004800 91.033600
v -197.510412 13.004800 91.033600
v -200.355200 0.203200 175.564800
v -196.697600 0.203200 175.564800
v -196.697600 9.753600 175.564800
v -200.355200 9.753600 175.564800
v -311.912000 -2.438400 175.564800
v -311.912000 1.625600 175.564800
v -312.521600 0.406400 194.665600
v -312.521600 1.219200 194.665600
v -227.584000 1.219200 236.118400
v -227.584000 2.641600 236.118499
v -227.584000 1.219200 258.064000
v -227.584000 2.641600 258.064000
v -389.940800 -0.203200 203.200000
v -389.940800 -0.203200 198.323200
v -389.940800 0.000000 198.323200
v -389.940800 0.000000 203.200000
v -389.940800 -0.203200 227.584000
v -389.940800 -0.203200 224.332800
v -389.940800 0.000000 167.436800
v -389.940800 0.000000 172.313600
v -389.940800 0.000000 136.550400
v -389.940800 0.000000 141.427200
v -389.940800 0.000000 289.356800
v -389.940800 0.000000 294.233600
v -389.940800 -0.203200 268.224000
v -389.940800 -0.203200 264.972800
v -389.940800 0.000000 320.243200
v -352.755200 -0.203200 208.076800
v -352.755200 -0.203200 203.200000
v -352.755200 0.000000 203.200000
v -352.755200 -0.203200 198.323200
v -352.755200 0.000000 172.313600
v -352.755200 0.000000 136.550400
v -352.755200 0.000000 141.427200
v -352.755200 0.000000 167.436800
v -352.755200 0.000000 289.356800
v -352.755200 0.000000 294.233600
v -352.755200 0.000000 320.243200
v -352.755200 0.000000 351.129600
v -209.423000 -0.101600 208.280000
v -209.473800 -0.101600 208.483200
v -206.298750 -0.101600 209.245200
v -206.247975 -0.101600 209.042099
v -209.372250 -0.101600 208.076998
v -206.197175 -0.101600 208.838899
v -209.321350 -0.101600 207.873402
v -206.146350 -0.101600 208.635600
v -209.270650 -0.101600 207.670598
v -206.095575 -0.101600 208.432499
v -209.219800 -0.101600 207.467200
v -206.044775 -0.101600 208.229299
v -209.169000 -0.101600 207.264000
v -205.993975 -0.101600 208.026099
v -209.118200 -0.101600 207.060800
v -205.943150 -0.101600 207.822800
v -46.024800 -0.101600 271.983200
v -38.862000 -0.101600 279.146000
v -38.811206 -0.101600 279.146000
v -45.974006 -0.101600 271.983200
v -33.985200 -0.101600 259.994400
v -34.036000 -0.101600 259.994400
v -58.724800 -0.101600 272.288000
v -67.868998 -0.101600 281.432198
v -54.356192 -0.101600 294.944998
v -45.211994 -0.101600 285.800800
v -50.901600 -0.101600 280.111101
v -38.709501 -0.101600 279.298400
v -44.399150 -0.101600 273.608750
v -66.243200 -0.101600 279.806400
v -72.948794 -0.101600 279.806400
v -73.101194 -0.101600 279.857200
v -73.152000 -0.101600 280.009625
v -73.152000 -0.101600 281.228800
v -73.101200 -0.101600 281.381200
v -72.948769 -0.101600 281.432000
v -180.467000 4.876800 173.913800
v -188.214000 4.876800 181.660800
v -285.292800 1.219200 236.118400
v -285.292800 1.219200 236.524800
v -285.292800 2.641600 236.524800
v -285.292800 2.641600 236.118400
v -285.292800 1.219200 257.657600
v -285.292800 1.219200 258.064000
v -285.292800 2.641600 258.064000
v -285.292800 2.641600 257.657600
v -286.918400 2.641600 236.524800
v -286.918400 2.641600 236.118400
v -280.416000 2.641600 236.524800
v -280.416000 2.641600 236.118400
v -278.790400 2.641600 236.118400
v -278.790400 2.641600 236.524800
v -273.913600 2.641600 236.524800
v -273.913600 2.641600 236.118400
v -272.288000 2.641600 236.118400
v -272.288000 2.641600 236.524800
v -221.894400 2.641600 236.524800
v -221.894400 2.641600 236.118400
v -216.814400 2.641600 236.118400
v -216.814400 2.641600 236.524800
v -254.406400 2.641600 236.524800
v -254.406400 2.641600 236.118400
v -252.780800 2.641600 236.118400
v -252.780800 2.641600 236.524800
v -247.904000 2.641600 236.524800
v -247.904000 2.641600 236.118400
v -246.278400 2.641600 236.118400
v -246.278400 2.641600 236.524800
v -241.401600 2.641600 236.524800
v -241.401600 2.641600 236.118400
v -239.776000 2.641600 236.118400
v -239.776000 2.641600 236.524800
v -298.297600 2.641600 234.899200
v -221.894400 2.641600 258.064000
v -221.894400 2.641600 257.657600
v -212.547200 2.641600 257.657600
v -212.547200 2.641600 258.064000
v -254.406400 2.641600 258.064000
v -254.406400 2.641600 257.657600
v -252.780800 2.641600 257.657600
v -252.780800 2.641600 258.064000
v -247.904000 2.641600 258.064000
v -247.904000 2.641600 257.657600
v -246.278400 2.641600 257.657600
v -246.278400 2.641600 258.064000
v -241.401600 2.641600 258.064000
v -241.401600 2.641600 257.657600
v -239.776000 2.641600 257.657600
v -239.776000 2.641600 258.064000
v -286.918400 2.641600 258.064000
v -286.918400 2.641600 257.657600
v -280.416000 2.641600 258.064000
v -280.416000 2.641600 257.657600
v -278.790400 2.641600 257.657600
v -278.790400 2.641600 258.064000
v -273.913600 2.641600 258.064000
v -273.913600 2.641600 257.657600
v -272.288000 2.641600 257.657600
v -272.288000 2.641600 258.064000
v -298.297600 2.641600 259.283200
v -260.502400 2.641600 236.524800
v -260.502400 2.641600 234.492800
v -259.283200 2.641600 236.118400
v -259.283200 2.641600 236.524800
v -260.908800 2.641600 234.492800
v -293.014400 2.641600 236.524800
v -293.014400 2.641600 234.492800
v -291.795200 2.641600 236.118400
v -291.795200 2.641600 236.524800
v -293.420800 2.641600 234.492800
v -266.192000 2.641600 234.492602
v -266.192000 2.641600 236.524800
v -267.411200 2.641600 236.524800
v -267.411200 2.641600 236.118400
v -265.379200 2.641600 234.492800
v -227.990400 2.641600 236.524800
v -227.990400 2.641600 234.492800
v -226.771200 2.641600 236.118400
v -226.771200 2.641600 236.524800
v -228.396800 2.641600 234.492800
v -233.680000 2.641600 234.492602
v -233.680000 2.641600 236.524800
v -234.899200 2.641600 236.524800
v -234.899200 2.641600 236.118400
v -232.867200 2.641600 234.492800
v -260.502400 2.641600 259.689600
v -260.502400 2.641600 257.657600
v -259.283200 2.641600 257.657600
v -259.283200 2.641600 258.064000
v -260.908800 2.641600 259.689600
v -293.014400 2.641600 259.689600
v -293.014400 2.641600 257.657600
v -291.795200 2.641600 257.657600
v -291.795200 2.641600 258.064000
v -293.420800 2.641600 259.689600
v -266.192000 2.641600 257.657600
v -266.192000 2.641600 259.689600
v -267.411200 2.641600 258.064000
v -267.411200 2.641600 257.657600
v -265.379200 2.641600 259.689600
v -227.990400 2.641600 259.689600
v -227.990400 2.641600 257.657600
v -226.771200 2.641600 257.657600
v -226.771200 2.641600 258.064000
v -228.396800 2.641600 259.689600
v -233.680000 2.641600 257.657600
v -233.680000 2.641600 259.689600
v -234.899200 2.641600 258.064000
v -234.899200 2.641600 257.657600
v -232.867200 2.641600 259.689600
v -78.663800 2.641600 280.009600
v -78.663800 2.641600 279.781000
v -78.613000 2.641600 279.781000
v -78.613000 2.641600 280.009600
v -78.663800 2.641600 279.146000
v -78.663800 2.641600 278.917400
v -78.613000 2.641600 278.917400
v -78.613000 2.641600 279.146000
v -78.663800 2.641600 278.460200
v -78.663800 2.641600 278.257000
v -78.613000 2.641600 278.257000
v -78.613000 2.641600 278.460200
v -78.663800 2.641600 277.825200
v -78.663800 2.641600 277.596600
v -78.613000 2.641600 277.596600
v -78.613000 2.641600 277.825200
v -101.371400 2.641600 292.760400
v -101.600000 2.641600 292.760400
v -101.600000 2.641600 292.709600
v -101.371400 2.641600 292.709600
v -100.507800 2.641600 292.760400
v -100.736400 2.641600 292.760400
v -100.736400 2.641600 292.709600
v -100.507800 2.641600 292.709600
v -99.847400 2.641600 292.760400
v -100.050600 2.641600 292.760400
v -100.050600 2.641600 292.709600
v -99.847400 2.641600 292.709600
v -99.187000 2.641600 292.760400
v -99.415600 2.641600 292.760400
v -99.415600 2.641600 292.709600
v -99.187000 2.641600 292.709600
v -125.577600 2.641600 291.998400
v -125.577600 2.641600 291.896800
v -122.326400 2.641600 291.896800
v -122.326400 2.641600 291.998400
v -129.235200 2.641600 291.998400
v -129.235200 2.641600 291.896800
v -125.984000 2.641600 291.896800
v -125.984000 2.641600 291.998400
v -312.521600 1.422400 184.912000
v -312.521600 1.422400 175.564800
v -312.521600 1.422400 195.072000
v -312.521600 1.422400 185.724800
v -312.521600 1.422400 174.752000
v -312.521600 1.422400 169.468800
v -308.254400 1.422400 164.592000
v -308.254400 1.422400 155.244800
v -307.848000 1.422400 155.244800
v -307.848000 1.422400 164.592000
v -308.254400 1.422400 112.979200
v -308.254400 1.422400 103.632000
v -307.848000 1.422400 103.632000
v -307.848000 1.422400 112.979200
v -312.928000 1.422400 207.873600
v -317.804800 1.422400 207.873600
v -317.804800 1.422400 207.467200
v -312.928000 1.422400 207.467200
v -317.804800 1.422400 195.275200
v -312.928000 1.422400 195.275200
v -199.339101 1.422400 212.547299
v -198.932800 1.422400 212.953600
v -199.136000 1.422400 213.156800
v -199.542400 1.422400 212.750400
v -212.750450 1.422400 237.743901
v -212.547299 1.422400 236.118673
v -209.701904 1.422400 236.524899
v -207.060639 1.422400 237.642524
v -207.340175 1.422400 239.725150
v -204.216198 1.422400 243.839901
v -204.825501 1.422400 239.370592
v -203.098152 1.422400 241.605098
v -201.980726 1.422400 244.246574
v -204.216000 1.422400 250.342400
v -201.574412 1.422400 247.091299
v -201.980788 1.422400 249.936000
v -204.829569 1.422400 254.815777
v -207.060825 1.422400 256.539926
v -207.340188 1.422400 254.457374
v -203.096937 1.422400 252.574152
v -209.701606 1.422400 257.657625
v -212.547200 1.422400 258.064000
v -212.547200 1.422400 256.438400
v -214.579200 1.422400 244.246400
v -214.579200 1.422400 249.936000
v -265.379200 1.219200 233.781600
v -261.315200 1.219200 233.781600
v -232.867200 1.219200 233.781600
v -228.803200 1.219200 233.781600
v -210.565975 1.219200 211.531200
v -209.854800 1.219200 208.762699
v -209.473701 1.219200 208.483225
v -206.298788 1.219200 209.245200
v -206.095588 1.219200 209.702400
v -206.730588 1.219200 212.496400
v -212.267800 1.219200 219.278200
v -211.861400 1.219200 217.652575
v -208.280000 1.219200 218.516002
v -208.699150 1.219200 220.091000
v -214.223798 1.219200 227.380701
v -213.817374 1.219200 225.831202
v -210.261175 1.219200 226.644200
v -210.692975 1.219200 228.269800
v -216.306400 1.219200 236.118400
v -212.547200 1.219200 236.118400
v -312.521600 1.219200 175.564800
v -312.521600 1.219200 184.912000
v -312.521600 1.219200 185.724800
v -312.521600 1.219200 195.072000
v -312.521600 1.219200 174.752000
v -308.254400 1.219200 155.244800
v -308.254400 1.219200 164.592000
v -307.848000 1.219200 164.592000
v -307.848000 1.219200 155.244800
v -308.254400 1.219200 103.632000
v -308.254400 1.219200 112.979200
v -307.848000 1.219200 112.979200
v -307.848000 1.219200 103.632000
v -312.928000 1.219200 207.467200
v -317.804800 1.219200 207.467200
v -317.804800 1.219200 207.873600
v -312.928000 1.219200 207.873600
v -312.928000 1.219200 195.275200
v -317.804800 1.219200 195.275200
v -218.236800 2.438400 248.310375
v -218.236800 2.438400 245.872000
v -217.830400 2.438400 245.465600
v -216.611200 2.438400 245.465600
v -216.611200 2.438400 248.716800
v -217.830375 2.438400 248.716800
v -329.463400 2.438400 171.094400
v -329.463400 2.438400 167.030400
v -329.438000 2.438400 167.030400
v -329.438000 2.438400 171.094400
v -326.872600 2.438400 174.142400
v -326.872600 2.438400 170.688000
v -326.847200 2.438400 170.688000
v -326.847200 2.438400 174.142400
v -326.862430 2.438400 169.265600
v -326.862430 2.438400 165.201600
v -326.837030 2.438400 165.201600
v -326.837030 2.438400 169.265600
v -137.236200 2.438400 270.459200
v -137.566400 2.438400 270.230600
v -137.591800 2.438400 270.256050
v -137.261600 2.438400 270.484650
v -299.720000 1.016000 247.091200
v -303.174400 1.016000 247.091200
v -303.174400 1.016000 237.744050
v -299.720000 1.016000 238.556998
v -303.174400 1.016000 256.438400
v -299.720000 1.016000 255.625600
v -265.379200 1.016000 233.781600
v -265.379200 1.016000 233.476800
v -261.315200 1.016000 233.476800
v -261.315200 1.016000 233.781625
v -232.867200 1.016000 233.781600
v -232.867200 1.016000 233.476800
v -228.803200 1.016000 233.476800
v -228.803200 1.016000 233.781625
v 220.675200 1.016000 11.988800
v 217.627200 1.016000 11.988800
v 217.627200 1.016000 11.785600
v 220.675200 1.016000 11.785600
v -312.166000 1.016000 202.387200
v -312.166000 1.016000 203.860400
v -312.140600 1.016000 203.860400
v -312.140600 1.016000 202.387200
v -308.051200 -1.422400 191.008000
v -311.912000 -2.438400 184.912000
v -311.912000 1.625600 184.912000
v -312.928000 1.625600 218.236800
v -312.928000 1.625600 217.424000
v -311.912000 1.625600 174.752000
v -311.912000 1.625600 185.724800
v -312.928000 1.625600 276.758400
v -312.928000 1.625600 275.945600
v -312.928000 1.625600 134.924800
v -312.928000 1.625600 134.112000
v -312.928000 1.625600 145.084800
v -312.928000 1.625600 144.272000
v -312.928000 1.625600 114.604800
v -312.928000 1.625600 113.792000
v -312.928000 1.625600 124.764800
v -312.928000 1.625600 123.952000
v -308.457600 1.625600 155.244800
v -308.457600 1.625600 153.619200
v -308.457600 1.625600 166.217600
v -308.457600 1.625600 164.592000
v -308.457600 1.625600 103.632000
v -308.457600 1.625600 102.006400
v -308.457600 1.625600 114.604800
v -308.457600 1.625600 112.979200
v -312.928000 1.625600 73.152000
v -312.928000 1.625600 72.339200
v -312.928000 1.625600 83.312000
v -312.928000 1.625600 82.499200
v -312.928000 1.625600 93.472000
v -312.928000 1.625600 92.659200
v -312.928000 1.625600 207.264000
v -317.804800 1.625600 207.264000
v -312.928000 1.625600 195.884800
v -317.804800 1.625600 195.884800
v -219.862400 1.625600 249.123200
v -219.862400 1.625600 245.059200
v -219.456000 1.625600 244.652800
v -215.392000 1.625600 244.652800
v -214.985600 1.625600 245.059200
v -214.985600 1.625600 249.123200
v -215.392000 1.625600 249.529600
v -219.456000 1.625600 249.529600
v -312.928000 1.625600 155.244800
v -312.928000 1.625600 154.432000
v -312.928000 1.625600 103.632000
v -312.928000 1.625600 102.819200
v -308.660800 2.946400 210.515200
v -308.660800 2.895600 210.515200
v -308.254400 2.895600 210.515200
v -308.254400 2.946400 210.515200
v -312.521600 0.406400 184.912000
v -312.521600 0.406400 175.564800
v -312.521600 0.406400 195.072000
v -312.521600 0.406400 185.724800
v -312.521600 0.406400 174.752000
v -308.254400 0.406400 164.592000
v -308.254400 0.406400 155.244800
v -307.848000 0.406400 155.244800
v -307.848000 0.406400 164.592000
v -308.254400 0.406400 112.979200
v -308.254400 0.406400 103.632000
v -307.848000 0.406400 103.632000
v -307.848000 0.406400 112.979200
v -312.928000 0.406400 207.873600
v -317.804800 0.406400 207.873600
v -317.804800 0.406400 207.467200
v -312.928000 0.406400 207.467200
v -317.804800 0.406400 195.275200
v -312.928000 0.406400 195.275200
v -265.379200 0.406400 232.867200
v -265.379200 0.406400 232.562400
v -261.315200 0.406400 232.562400
v -261.315200 0.406400 232.867225
v -232.867200 0.406400 232.867200
v -232.867200 0.406400 232.562400
v -228.803200 0.406400 232.562400
v -228.803200 0.406400 232.867225
v -197.104000 0.406400 211.734400
v -199.136000 0.406400 213.766400
v -201.168000 0.406400 211.734400
v -199.136000 0.406400 209.702400
v -193.039802 0.406400 214.172701
v -195.071901 0.406400 216.204701
v -198.323002 0.406400 212.953600
v -196.291113 0.406400 210.921699
v -187.248800 0.406400 202.895101
v -192.328701 0.406400 197.815200
v -192.125699 0.406400 197.612198
v -187.045724 0.406400 202.692124
v -176.682301 0.406400 213.461600
v -181.762301 0.406400 208.381600
v -181.559200 0.406400 208.178598
v -176.479274 0.406400 213.258474
v -161.239200 0.406400 230.124000
v -166.725600 0.406400 224.637600
v -166.014400 0.406400 223.926400
v -160.528037 0.406400 229.412726
v -166.115802 0.406400 224.028099
v -171.195901 0.406400 218.948000
v -170.992800 0.406400 218.744899
v -165.912825 0.406400 223.824825
v -155.549600 0.406400 234.594301
v -160.629501 0.406400 229.514400
v -160.426301 0.406400 229.311299
v -155.346375 0.406400 234.391175
v -191.007901 0.406400 190.601600
v -183.083150 0.406400 198.526350
v -171.805600 0.406400 219.557600
v -177.292000 0.406400 214.071200
v -176.580800 0.406400 213.360000
v -171.094400 0.406400 218.846400
v -182.372000 0.406400 208.991200
v -187.858400 0.406400 203.504800
v -187.147200 0.406400 202.793600
v -181.660812 0.406400 208.280000
v -192.938400 0.406400 198.424899
v -198.424899 0.406400 192.938400
v -197.713588 0.406400 192.227188
v -192.227200 0.406400 197.713600
v -173.532800 0.406400 186.537600
v -174.752012 0.406400 185.318388
v -173.532701 0.406400 184.099200
v -172.313501 0.406400 185.318400
v 257.149600 0.406400 -19.100800
v 257.175000 0.406400 -19.100800
v -179.628899 0.406400 203.606400
v -181.762400 0.406400 201.472899
v -181.355950 0.406400 201.066350
v -175.056800 0.406400 194.767200
v -175.869600 0.406400 194.767200
v -177.190400 0.406400 192.633699
v -177.190400 0.406400 193.446412
v -183.896000 0.406400 199.339200
v -181.864050 0.406400 201.371250
v -181.762400 0.406400 201.269588
v -308.051200 0.406400 260.096000
v -305.612800 0.406400 258.064000
v -305.612800 0.406400 236.118375
v -308.051200 0.406400 234.086400
v -308.051200 -0.812800 191.922400
v -308.051200 -0.812800 192.227212
v -265.379200 -0.812800 231.038400
v -265.379200 -0.812800 230.733600
v -261.315200 -0.812800 230.733600
v -261.315200 -0.812800 231.038425
v -232.867200 -0.812800 231.038400
v -232.867200 -0.812800 230.733600
v -228.803200 -0.812800 230.733600
v -228.803200 -0.812800 231.038425
v -209.702400 -0.812800 234.086400
v -207.060738 -0.812800 237.642425
v -209.702400 -0.812800 236.524825
v -212.547200 -0.812800 236.118400
v -308.051200 -0.812800 167.436800
v -308.051200 -0.812800 167.741600
v -374.294400 -0.203200 268.224000
v -308.660800 2.667000 208.483200
v -308.660800 0.000000 208.483200
v -308.864000 0.000000 208.483200
v -308.864000 2.667000 208.483200
v -308.254400 2.946400 208.483200
v -308.254400 2.895600 208.483200
v -308.660800 2.895600 208.483200
v -308.660800 2.946400 208.483200
v -224.332800 0.203200 209.499200
v -221.894400 0.203200 209.499200
v -312.928000 1.828800 228.396800
v -261.315200 -0.609600 229.209600
v -261.315200 -2.032000 229.209600
v -261.315200 -2.032000 228.803200
v -261.315200 -0.609600 228.803200
v -261.315200 1.320800 233.273600
v -261.315200 -2.032000 233.273600
v -261.315200 -1.388463 229.209600
v -261.315200 -3.251200 234.086400
v -261.315200 -3.251200 233.273600
v -261.315200 2.133253 233.273600
v -265.379200 -0.609879 228.803200
v -265.379200 -2.032000 228.803200
v -265.379200 -2.032000 229.209600
v -265.379200 -0.609879 229.209600
v -265.379200 -1.388666 229.209600
v -265.379200 -2.032000 233.273600
v -265.379200 1.320800 233.273600
v -265.379200 2.132576 233.273600
v -265.379200 -3.251200 233.273600
v -265.379200 -3.251200 234.086400
v -265.379200 2.132576 234.086400
v -265.379200 1.219200 234.492800
v -265.379200 1.219200 259.689600
v -308.051200 -2.032000 190.093600
v -308.051200 -2.032000 190.398388
v -227.584000 -2.032000 236.118400
v -216.306400 -2.032000 236.118400
v -308.051200 -2.032000 169.265600
v -308.051200 -2.032000 169.570400
v -265.785600 -2.032000 233.273600
v -265.785600 -2.032000 228.803200
v -260.908800 -2.032000 233.273600
v -260.908800 -2.032000 228.803200
v -233.273600 -2.032000 233.273600
v -232.867200 -2.032000 233.273600
v -232.867200 -2.032000 228.803200
v -233.273600 -2.032000 228.803200
v -228.803200 -2.032000 233.273600
v -228.396800 -2.032000 233.273600
v -228.396800 -2.032000 228.803200
v -228.803200 -2.032000 228.803200
v -265.379200 0.203200 232.562400
v -261.315200 0.203200 232.562400
v -265.379200 -0.406499 231.648000
v -261.315200 -0.406433 231.648000
v -265.379200 -0.609600 231.343200
v -261.315200 -0.609633 231.343200
v -265.379200 -1.219200 230.428800
v -265.379200 -1.016000 230.733650
v -261.315200 -1.016000 230.733650
v -261.315200 -1.219233 230.428800
v -265.379200 -1.422499 230.124000
v -261.315200 -1.422433 230.124000
v -265.379200 -1.828800 229.514400
v -261.315200 -1.828833 229.514400
v -232.867200 0.203200 232.562400
v -228.803200 0.203200 232.562400
v -232.867200 -0.406499 231.648000
v -228.803200 -0.406433 231.648000
v -232.867200 -0.609600 231.343200
v -228.803200 -0.609633 231.343200
v -232.867200 -1.219200 230.428800
v -232.867200 -1.016000 230.733650
v -228.803200 -1.016000 230.733650
v -228.803200 -1.219233 230.428800
v -232.867200 -1.422499 230.124000
v -228.803200 -1.422433 230.124000
v -232.867200 -1.828800 229.514400
v -228.803200 -1.828833 229.514400
v -232.867200 -2.032000 229.209600
v -228.803200 -2.032000 229.209600
v -228.803200 -0.609600 229.209600
v -228.803200 -0.609600 228.803200
v -228.803200 1.320800 233.273600
v -228.803200 -1.388408 229.209600
v -228.803200 -3.251200 234.086400
v -228.803200 -3.251200 233.273600
v -228.803200 2.133253 233.273600
v -232.867200 -0.609879 228.803200
v -232.867200 -0.609879 229.209600
v -232.867200 -1.388467 229.209600
v -232.867200 1.320800 233.273600
v -232.867200 2.132576 233.273600
v -232.867200 -3.251200 233.273600
v -232.867200 -3.251200 234.086400
v -232.867200 2.132576 234.086400
v -232.867200 1.219200 234.492800
v -232.867200 1.219200 259.689600
v -206.298800 1.524000 209.245200
v -206.248000 1.524000 209.042000
v -206.248000 1.320800 209.042000
v -206.197225 1.320800 208.838899
v -206.146400 0.914400 208.635600
v -206.095600 0.914400 208.432400
v -206.095600 0.711200 208.432400
v -206.044775 0.711200 208.229101
v -206.044800 0.508000 208.229200
v -205.994000 0.508000 208.026000
v -209.423000 1.524000 208.280000
v -209.473800 1.524000 208.483200
v -209.372200 1.320800 208.076800
v -209.423000 1.320800 208.280000
v -209.270600 0.914400 207.670400
v -209.321400 0.914400 207.873600
v -209.219800 0.711200 207.467200
v -209.270600 0.711200 207.670425
v -209.169000 0.508000 207.264000
v -209.219800 0.508000 207.467200
v -216.357250 1.524000 237.134598
v -216.306400 1.524000 236.931200
v -213.131350 1.524000 237.693002
v -213.182200 1.524000 237.896400
v 94.691200 0.101600 65.430406
v 92.252800 0.101600 67.868800
v 89.814400 0.101600 68.351400
v 87.896700 0.101600 66.433700
v 93.268800 0.101600 61.061600
v 95.199200 0.101600 62.991994
v -38.709600 0.101600 279.298400
v -45.212006 0.101600 285.800800
v -50.901594 0.101600 280.111200
v -44.399200 0.101600 273.608800
v -67.868800 0.101600 281.432000
v -72.948763 0.101600 281.432000
v -73.101200 0.101600 281.381200
v -73.152000 0.101600 281.228800
v -73.152000 0.101600 280.009625
v -73.101194 0.101600 279.857200
v -72.948794 0.101600 279.806400
v -66.243101 0.101600 279.806400
v -329.183975 -0.050800 269.849600
v -331.622375 -0.050800 264.160000
v -325.932800 -0.050800 264.160000
v -325.932800 -0.050800 269.849600
v -327.253600 -0.050800 275.742400
v -325.932800 -0.050800 275.742400
v -326.745550 -0.050800 279.196800
v -325.932800 -0.050800 279.196800
v -326.339250 -0.050800 282.651200
v -325.932800 -0.050800 282.651200
v -334.873600 -0.050800 260.096000
v -325.932800 -0.050800 260.096000
v -331.622400 -0.050800 230.022400
v -329.184000 -0.050800 224.332800
v -325.932800 -0.050800 224.332800
v -325.932800 -0.050800 230.022400
v -327.253650 -0.050800 218.440000
v -325.932800 -0.050800 218.440000
v -326.745674 -0.050800 214.985600
v -325.932800 -0.050800 214.985600
v -326.339225 -0.050800 211.531200
v -325.932800 -0.050800 211.531200
v -325.932800 -0.050800 234.086400
v -334.873575 -0.050800 234.086400
v -16.992501 -0.050800 189.611000
v -21.031200 -0.050800 196.342198
v -23.698288 -0.050800 194.741949
v -19.659598 -0.050800 188.010800
v -342.900000 -0.050800 243.636800
v -342.875468 -0.050800 243.650815
v -342.798350 -0.050800 243.535150
v -342.922399 -0.050800 243.721235
v -342.922448 -0.050800 250.461090
v -342.900099 -0.050800 250.545550
v -342.875518 -0.050800 250.531511
v -342.798350 -0.050800 250.647250
v 47.269400 -0.050800 144.881699
v 47.244000 -0.050800 144.907062
v 48.336200 -0.050800 145.897501
v 48.361600 -0.050800 145.872101
v -19.659699 -0.152400 188.010800
v -23.698200 -0.152400 194.741602
v -21.031101 -0.152400 196.341901
v -16.992571 -0.152400 189.611012
v -1.016000 13.004800 196.900800
v -1.016000 13.055600 196.900800
v 0.203200 13.004800 196.900800
v 0.203200 13.055600 196.900800
v -78.841600 2.844800 280.822400
v -78.841600 2.844800 280.416000
v -78.435200 2.844800 280.416000
v -78.435200 2.844800 280.822400
v -102.412800 2.844800 293.014400
v -102.412800 2.844800 292.608000
v -102.006400 2.844800 292.608000
v -102.006400 2.844800 293.014400
v -98.755200 2.844800 293.014400
v -98.755200 2.844800 292.608000
v -98.348800 2.844800 292.608000
v -98.348800 2.844800 293.014400
v -122.326400 2.844800 292.201600
v -122.326400 2.844800 291.795200
v -121.920000 2.844800 291.795200
v -121.920000 2.844800 292.201600
v -125.984000 2.844800 292.201600
v -125.984000 2.844800 291.795200
v -125.577600 2.844800 291.795200
v -125.577600 2.844800 292.201600
v -129.641600 2.844800 292.201600
v -129.641600 2.844800 291.795200
v -129.235200 2.844800 291.795200
v -129.235200 2.844800 292.201600
v 221.488000 2.844800 11.785600
v 215.595200 2.844800 11.785600
v 215.595200 2.844800 11.988800
v 221.284800 2.844800 11.988800
v -312.928000 0.000000 195.884800
v -317.804800 0.000000 195.884800
v -216.509600 1.371600 237.312200
v -216.408000 1.371600 236.905825
v -213.029800 1.371600 237.718600
v -213.131400 1.371600 238.125000
v -137.261798 3.048000 270.484600
v -137.591874 3.048000 270.256074
v -137.566400 3.048000 270.230501
v -137.236101 3.048000 270.459200
v -299.720000 4.546600 240.182400
v -299.720000 4.546600 254.000000
v -58.293000 0.914400 278.561998
v -58.953400 0.914400 279.222299
v -59.334499 0.914400 278.841200
v -58.928099 0.914400 278.434800
v -308.051200 -0.609600 192.227200
v -308.051200 -0.609600 192.531988
v -265.379200 -0.609600 231.038400
v -261.315200 -0.609600 231.038400
v -232.867200 -0.609600 231.038400
v -228.803200 -0.609600 231.038400
v -260.908800 -0.609600 228.803200
v -260.908800 -0.609600 229.209600
v -228.396800 -0.609600 228.803200
v -228.396800 -0.609600 229.209600
v -308.051200 -0.609600 167.132000
v -308.051200 -0.609600 167.436800
v 214.985600 -0.609600 11.785600
v 214.985600 -0.609600 16.662400
v 221.488000 -0.609600 16.662400
v 221.488000 -0.609600 11.785600
v -308.051200 -1.219200 191.312800
v -308.051200 -1.219200 191.617588
v -265.379200 -1.219200 230.124000
v -261.315200 -1.219200 230.124000
v -232.867200 -1.219200 230.124000
v -228.803200 -1.219200 230.124000
v -308.051200 -1.219200 168.046400
v -308.051200 -1.219200 168.351200
v -308.051200 -1.828800 190.398400
v -308.051200 -1.828800 190.703188
v -265.379200 -1.828800 229.209600
v -261.315200 -1.828800 229.209600
v -232.867200 -1.828800 229.209600
v -228.803200 -1.828800 229.209600
v -308.051200 -1.828800 168.960800
v -308.051200 -1.828800 169.265600
v -312.115200 -2.438400 175.564800
v -312.115200 -2.438400 174.752000
v -312.115200 -2.438400 185.724800
v -312.115200 -2.438400 184.912000
v -292.608000 -2.438400 234.086400
v -292.608000 -2.438400 236.118400
v -266.598400 -2.438400 236.118400
v -266.598400 -2.438400 234.086400
v -260.096000 -2.438400 234.086400
v -260.096000 -2.438400 236.118400
v -234.086400 -2.438400 236.118400
v -234.086400 -2.438400 234.086400
v -227.584000 -2.438400 236.118400
v -216.306350 -2.438400 236.118400
v -311.708800 3.556000 210.921600
v -311.708800 3.352800 210.921600
v -311.708800 3.352800 208.076800
v -311.708800 -0.406400 210.921600
v -311.708800 -0.406400 208.076800
v -373.888000 -0.203200 264.972800
v 44.094400 0.000000 138.379200
v 40.182800 0.000000 134.467600
v 40.182800 0.101600 134.467699
v 44.094400 0.101600 138.379101
v 44.500800 0.101600 137.972899
v 44.475400 0.101600 137.998212
v 44.018200 3.200400 138.455400
v 44.043600 3.200400 138.429901
v 57.861200 0.000000 116.789299
v 61.772800 0.000000 120.700701
v 61.772800 0.101600 120.700800
v 57.861200 0.101600 116.789200
v -312.166000 2.235200 202.387200
v -312.140600 2.235200 202.387200
v -312.928000 0.000000 207.264000
v -317.804800 0.000000 207.264000
v -312.521600 0.406400 182.067200
v -312.521600 1.219200 182.067200
v 105.054400 0.000000 75.793600
v 102.616000 0.000000 78.232000
v 102.616000 0.101600 78.232000
v 105.054400 0.101600 75.793600
v -171.043699 3.657600 218.694099
v -171.145299 3.657600 218.592499
v -171.145200 3.759200 218.592499
v -171.043662 3.759200 218.694025
v -176.479299 3.657600 213.258499
v -135.331200 3.251200 217.017600
v -135.331200 1.625600 217.017600
v -137.134600 1.625600 218.821000
v -137.134600 3.251200 218.821000
v -139.217400 1.625600 220.903800
v -139.217400 3.251200 220.903800
v -142.011400 1.625600 223.697800
v -142.011400 3.251200 223.697800
v -144.094200 1.625600 225.780600
v -146.888200 1.625600 228.574600
v -146.888200 3.251200 228.574600
v -144.094200 3.251200 225.780600
v -148.970901 1.625600 230.657301
v -148.971012 3.251200 230.657425
v -154.025501 0.609600 235.711901
v -150.774400 0.609600 232.460800
v -329.463400 2.032000 167.030400
v -329.463400 2.032000 171.094400
v -329.438000 2.032000 171.094400
v -329.438000 2.032000 167.030400
v -326.872600 2.032000 170.688000
v -326.872600 2.032000 174.142400
v -326.847200 2.032000 174.142400
v -326.847200 2.032000 170.688000
v -326.862430 2.032000 165.201600
v -326.862430 2.032000 169.265600
v -326.837030 2.032000 169.265600
v -326.837030 2.032000 165.201600
v -265.379200 0.203200 232.257600
v -261.315200 0.203200 232.257600
v -232.867200 0.203200 232.257600
v -228.803200 0.203200 232.257600
v -192.328800 0.203200 197.815101
v -187.248750 0.203200 202.895150
v -181.762499 0.203200 208.381402
v -176.682363 0.203200 213.461550
v -171.195901 0.203200 218.948000
v -166.115950 0.203200 224.027950
v -160.629600 0.203200 229.514301
v -155.549550 0.203200 234.594350
v -308.051200 0.203200 193.446400
v -308.051200 0.203200 193.040012
v -182.981699 0.203200 198.628000
v -191.008099 0.203200 190.601600
v -190.195101 0.203200 190.601600
v -182.575163 0.203200 198.221538
v -224.332800 0.203200 208.280000
v -221.894400 0.203200 208.280000
v -143.052800 0.203200 266.598400
v -144.678400 0.203200 264.972800
v -143.865501 0.203200 264.160099
v -142.240000 0.203200 265.785600
v 214.985600 0.203200 16.662400
v 214.985600 0.203200 11.785600
v 221.488000 0.203200 11.785600
v 221.488000 0.203200 16.662400
v -308.051200 0.203200 166.217600
v -308.051200 0.203200 166.624000
v -308.051200 0.203200 153.619200
v -308.051200 0.203200 153.212800
v -308.051200 0.203200 114.604800
v -308.051200 0.203200 115.011188
v -308.051200 0.203200 102.006400
v -308.051200 0.203200 101.600006
v -173.532800 0.203200 186.944000
v -175.158400 0.203200 185.318400
v -173.532800 0.203200 183.692701
v -171.907101 0.203200 185.318400
v -181.051200 0.203200 200.558301
v -178.815901 0.203200 202.793600
v -201.168000 0.203200 211.734400
v -199.135901 0.203200 213.766499
v -197.103913 0.203200 211.734499
v -199.136012 0.203200 209.702400
v -196.291200 0.203200 210.921600
v -198.323200 0.203200 212.953600
v -195.072000 0.203200 216.204800
v -193.040012 0.203200 214.172800
v -200.355200 0.203200 182.880012
v -196.697600 0.203200 179.222499
v -310.489600 0.203200 262.534375
v -308.051200 0.203200 260.096000
v -308.051200 0.203200 234.086400
v -310.489600 0.203200 231.648000
v -206.730600 -3.251200 212.496350
v -210.566000 -3.251200 211.531150
v 221.488000 3.454400 16.662400
v 214.985600 3.454400 16.662400
v -286.918400 1.219200 236.118400
v -280.416000 1.219200 236.118400
v -278.790400 1.219200 236.118400
v -273.913600 1.219200 236.118400
v -272.288000 1.219200 236.118400
v -221.894400 1.219200 236.118400
v -216.814400 1.219200 236.118400
v -254.406400 1.219200 236.118400
v -252.780800 1.219200 236.118400
v -247.904000 1.219200 236.118400
v -246.278400 1.219200 236.118400
v -241.401600 1.219200 236.118400
v -239.776000 1.219200 236.118400
v -259.283200 1.219200 236.118400
v -291.795200 1.219200 236.118400
v -267.411200 1.219200 236.118400
v -226.771200 1.219200 236.118400
v -234.899200 1.219200 236.118400
v -239.776000 1.219200 236.524800
v -239.776000 1.219200 257.657600
v -239.776000 1.219200 258.064000
v -241.401600 1.219200 236.524800
v -241.401600 1.219200 258.064000
v -241.401600 1.219200 257.657600
v -286.918400 1.219200 236.524800
v -286.918400 1.219200 258.064000
v -286.918400 1.219200 257.657600
v -312.928000 1.828800 227.584000
v -312.928000 1.828800 266.598400
v -236.118400 2.057400 194.868800
v -236.093000 2.057400 194.868800
v -236.093000 2.667000 194.868800
v -236.118400 2.667000 194.868800
v 214.782400 3.454400 11.582400
v 214.782400 3.454400 16.865600
v 221.691200 3.454400 16.865600
v 221.691200 3.454400 11.582400
v -303.174400 0.050800 237.744074
v -303.072800 0.050800 237.236000
v 48.361600 3.200400 145.872200
v 48.336200 3.200400 145.897563
v 47.244000 3.200400 144.907198
v 47.269400 3.200400 144.881699
v 42.799000 3.200400 137.236101
v 42.824400 3.200400 137.210602
v -265.785600 -0.609879 228.803200
v -233.273600 -0.609879 228.803200
v -298.297600 1.219200 234.899200
v -298.297600 1.219200 259.283200
v -293.420800 1.219200 234.492800
v -293.420800 1.219200 259.689600
v -217.754200 3.352800 200.863200
v -218.033699 3.352800 200.583701
v -218.008101 3.352800 200.558400
v -217.728750 3.352800 200.837750
v -217.424000 2.540000 247.294400
v -217.830400 2.540000 247.294400
v -217.830400 2.540000 246.888000
v -217.424000 2.540000 246.888000
v -217.017600 2.540000 246.888000
v -217.424000 2.540000 246.481600
v -217.017600 2.540000 246.481600
v -217.017600 2.540000 247.700800
v -217.424000 2.540000 247.700800
v -217.017600 2.540000 247.294400
v -186.753277 2.540000 183.095677
v -186.740800 2.540000 183.083200
v -187.223400 2.540000 182.600600
v -187.236125 2.540000 182.613325
v -217.017600 2.438400 247.700800
v -217.424000 2.438400 247.700800
v -217.424000 2.438400 246.481600
v -217.017600 2.438400 246.481600
v -217.424000 2.438400 246.888000
v -217.424000 2.438400 247.294400
v -308.051200 -1.016000 191.617600
v -308.051200 -1.016000 191.922388
v -265.379200 -1.016000 230.428800
v -261.315200 -1.016000 230.428800
v -232.867200 -1.016000 230.428800
v -228.803200 -1.016000 230.428800
v -308.051200 -1.016000 167.741600
v -308.051200 -1.016000 168.046400
v -308.051200 -1.422400 191.312812
v -265.379200 -1.422400 229.819200
v -261.315200 -1.422400 229.819200
v -232.867200 -1.422400 229.819200
v -228.803200 -1.422400 229.819200
v -308.051200 -1.422400 168.351200
v -308.051200 -1.422400 168.656000
v -315.772800 0.406400 207.467200
v -314.960000 0.406400 207.467200
v -314.960000 1.219200 207.467200
v -315.772800 1.219200 207.467200
v -313.334400 0.406400 207.467200
v -313.334400 1.219200 207.467200
v -317.804800 0.000000 207.467200
v -312.928000 0.000000 207.467200
v -317.398400 0.406400 207.467200
v -317.398400 1.219200 207.467200
v -236.118400 2.667000 195.275200
v -236.093000 2.667000 195.275200
v -78.663800 2.667000 280.212800
v -78.663800 2.667000 280.009600
v -78.613000 2.667000 280.009600
v -78.613000 2.667000 280.212800
v -78.663800 2.667000 278.917400
v -78.663800 2.667000 278.688800
v -78.613000 2.667000 278.688800
v -78.613000 2.667000 278.917400
v -101.600000 2.667000 292.760400
v -101.803200 2.667000 292.760400
v -101.803200 2.667000 292.709600
v -101.600000 2.667000 292.709600
v -100.279200 2.667000 292.760400
v -100.507800 2.667000 292.760400
v -100.507800 2.667000 292.709600
v -100.279200 2.667000 292.709600
v -308.864000 2.667000 209.905600
v -308.660800 2.667000 209.905600
v 214.782400 3.860800 16.865600
v 214.782400 3.860800 11.582400
v 221.691200 3.860800 11.582400
v 221.691200 3.860800 16.865600
v -314.960000 0.406400 207.873600
v -315.772800 0.406400 207.873600
v -315.772800 1.219200 207.873600
v -314.960000 1.219200 207.873600
v -313.334400 0.406400 207.873600
v -313.334400 1.219200 207.873600
v -317.398400 0.406400 207.873600
v -317.398400 1.219200 207.873600
v -218.236800 1.625600 248.310375
v -218.236800 1.625600 245.872000
v -308.051200 -0.406400 192.532000
v -214.985600 1.422400 245.059200
v -214.985600 1.422400 249.123200
v -311.912000 -2.438400 185.724800
v -200.355200 9.753600 182.880012
v -172.313600 5.080000 211.734400
v -172.313600 4.876800 211.734400
v -176.174400 8.128000 207.873600
v -175.971200 8.128000 208.076800
v -176.377600 8.128000 207.670400
v -176.377600 8.331200 207.670400
v -175.971200 8.331200 208.076800
v -172.008800 4.826000 212.039200
v -172.008800 4.622800 212.039200
v -161.747200 5.080000 222.300800
v -161.747200 4.876800 222.300800
v -165.608099 8.128000 218.439901
v -165.404701 8.128000 218.643299
v -169.468800 4.876800 214.579200
v -169.468800 5.080000 214.579200
v -165.811200 8.128000 218.236800
v -165.811200 8.331200 218.236800
v -165.404812 8.331200 218.643200
v -161.442400 4.826000 222.605600
v -161.442400 4.622800 222.605600
v -169.773600 4.622800 214.274400
v -169.773600 4.826000 214.274400
v -151.180800 5.080000 232.867200
v -151.180800 4.876800 232.867200
v -155.041600 8.128000 229.006400
v -154.838400 8.128000 229.209600
v -158.902400 4.876800 225.145600
v -158.902400 5.080000 225.145600
v -155.244800 8.128000 228.803200
v -155.244800 8.331200 228.803200
v -154.838400 8.331200 229.209600
v -150.876000 4.826000 233.172000
v -150.876000 4.622800 233.172000
v -159.207200 4.622800 224.840800
v -159.207200 4.826000 224.840800
v -200.355299 8.128000 183.692701
v -200.761600 8.128000 183.286400
v -200.761600 8.331200 183.286400
v -200.355212 8.331200 183.692788
v -192.735150 4.826000 191.312850
v -192.735150 4.622800 191.312850
v -193.040000 4.876800 191.008000
v -193.040000 5.080000 191.008000
v -180.035200 4.876800 204.012800
v -180.340000 4.622800 203.708000
v -180.340000 4.826000 203.708000
v -180.035200 5.080000 204.012800
v -156.057650 4.876800 195.478350
v -156.057650 5.080000 195.478350
v -159.715250 8.128000 191.820750
v -159.918400 8.128000 191.617600
v -163.779150 5.080000 187.756850
v -163.779150 4.876800 187.756850
v -160.121600 8.128000 191.414400
v -159.715200 8.331200 191.820800
v -160.121600 8.331200 191.414400
v -155.752800 4.622800 195.783200
v -155.752800 4.826000 195.783200
v -164.084050 4.826000 187.451950
v -164.084050 4.622800 187.451950
v -145.491150 4.876800 206.044850
v -145.491150 5.080000 206.044850
v -149.148750 8.128000 202.387250
v -149.352000 8.128000 202.184000
v -153.212800 5.080000 198.323200
v -153.212800 4.876800 198.323200
v -149.555200 8.128000 201.980800
v -149.148800 8.331200 202.387200
v -149.555200 8.331200 201.980800
v -145.186400 4.622800 206.349600
v -145.186400 4.826000 206.349600
v -153.517600 4.826000 198.018400
v -153.517600 4.622800 198.018400
v -134.924750 4.876800 216.611250
v -134.924750 5.080000 216.611250
v -138.582350 8.128000 212.953650
v -138.785600 8.128000 212.750400
v -142.646400 5.080000 208.889600
v -142.646400 4.876800 208.889600
v -138.988899 8.128000 212.547101
v -138.582400 8.331200 212.953600
v -138.988800 8.331200 212.547200
v -134.620000 4.622800 216.916000
v -134.620000 4.826000 216.916000
v -142.951200 4.826000 208.584800
v -142.951200 4.622800 208.584800
v -176.784000 4.876800 174.752000
v -176.784000 5.080000 174.752000
v -184.099200 8.128000 167.436800
v -184.505600 8.128000 167.030400
v -184.099299 8.331200 167.436701
v -184.505600 8.331200 167.030400
v -176.479150 4.622800 175.056850
v -176.479150 4.826000 175.056850
v -196.697600 1.625600 179.222400
v -193.675012 1.625600 176.199812
v -193.675000 3.251200 176.199800
v -196.697600 3.251200 179.222400
v -191.592200 1.625600 174.117000
v -188.798200 1.625600 171.323000
v -188.798200 3.251200 171.323000
v -191.592299 3.251200 174.117099
v -186.715301 1.625600 169.240101
v -184.912000 1.625600 167.436800
v -184.912000 3.251200 167.436800
v -186.715388 3.251200 169.240188
v -200.355200 8.331200 182.880000
v -196.697600 9.753600 179.222400
v -196.697600 8.331200 179.222400
v -193.268600 1.625600 186.359800
v -193.268699 3.251200 186.359899
v -192.430400 1.625600 185.521600
v -192.430400 3.251200 185.521600
v -192.430400 4.267200 185.521600
v -180.644800 3.251200 173.736000
v -180.644800 4.876800 173.736000
v -198.120000 3.657600 191.820800
v -197.916788 3.657600 191.820800
v -197.916788 3.708400 191.820800
v -198.120000 3.708400 191.820800
v -312.521600 0.406400 184.505600
v -312.521600 1.219200 184.505600
v -149.961600 0.000000 239.979200
v -150.164701 0.000000 239.776099
v -150.164800 3.657600 239.776000
v -149.961600 3.657600 239.979200
v -155.448000 3.657600 234.492800
v -155.244800 3.657600 234.696000
v -160.528000 3.657600 229.412800
v -166.014400 3.657600 223.926400
v -171.094400 3.657600 218.846400
v -176.580800 3.657600 213.360000
v -181.660800 3.657600 208.280000
v -187.147200 3.657600 202.793600
v -146.710400 -1.625600 243.230400
v -149.961600 -1.625600 239.979200
v -197.713699 3.657600 192.227101
v -192.227200 3.657600 197.713600
v -149.859913 0.609600 239.877526
v -146.710400 0.609600 236.728000
v -146.710400 4.165600 236.728000
v -146.608800 0.609600 236.626400
v -308.660800 2.946400 208.991200
v -308.660800 2.895600 208.991200
v -308.254400 2.895600 208.991200
v -308.254400 2.946400 208.991200
v -226.771200 1.219200 236.524800
v -226.771200 1.219200 257.657600
v -226.771200 1.219200 258.064000
v -312.140600 2.235200 203.860400
v -315.772800 0.406400 195.275200
v -314.960000 0.406400 195.275200
v -314.960000 1.219200 195.275200
v -315.772800 1.219200 195.275200
v -313.334400 0.406400 195.275200
v -313.334400 1.219200 195.275200
v -317.398400 0.406400 195.275200
v -317.398400 1.219200 195.275200
v -236.093000 2.057400 195.275200
v -236.118400 2.057400 195.275200
v -308.254400 2.946400 208.280000
v -308.254400 2.946400 210.718400
v -308.254400 2.997200 210.718400
v -308.254400 2.997200 208.280000
v -308.254400 2.895600 210.718400
v -308.254400 2.895600 209.778600
v -308.254400 2.895600 209.981800
v -308.254400 2.946400 209.981800
v -308.254400 2.946400 209.778600
v -308.254400 2.895600 209.194400
v -308.254400 2.946400 209.194400
v -308.254400 2.895600 208.280000
v -308.254400 0.406400 158.089600
v -308.254400 0.406400 157.276800
v -308.254400 1.219200 157.276800
v -308.254400 1.219200 158.089600
v -308.254400 0.406400 155.651200
v -308.254400 1.219200 155.651200
v -308.254400 0.406400 162.560000
v -308.254400 0.406400 161.747200
v -308.254400 1.219200 161.747200
v -308.254400 1.219200 162.560000
v -308.254400 0.406400 164.185600
v -308.254400 1.219200 164.185600
v -308.254400 0.000000 164.592000
v -308.254400 0.000000 155.244800
v -308.254400 0.406400 160.121600
v -308.254400 0.406400 159.715200
v -308.254400 1.219200 159.715200
v -308.254400 1.219200 160.121600
v -308.254400 0.406400 106.476800
v -308.254400 0.406400 105.664000
v -308.254400 1.219200 105.664000
v -308.254400 1.219200 106.476800
v -308.254400 0.406400 110.947200
v -308.254400 0.406400 110.134400
v -308.254400 1.219200 110.134400
v -308.254400 1.219200 110.947200
v -308.254400 0.406400 112.572800
v -308.254400 1.219200 112.572800
v -308.254400 0.000000 112.979200
v -308.254400 0.000000 103.632000
v -308.254400 0.406400 108.508800
v -308.254400 1.219200 108.508800
v -308.660800 3.149600 210.921600
v -308.660800 2.946400 210.921600
v -311.505600 3.352800 210.921600
v -311.505600 3.556000 210.921600
v -308.660800 -0.406400 210.921600
v -308.660800 2.133600 210.921600
v -311.505600 2.133600 210.921600
v -308.660800 1.320800 210.921600
v -311.505600 0.000000 210.921600
v -311.505600 1.320800 210.921600
v -309.473600 1.320800 210.921600
v -309.473600 2.133600 210.921600
v -310.896000 1.320800 210.921600
v -310.896000 2.133600 210.921600
v -312.115200 -3.251200 228.396800
v -310.184800 -3.251200 231.444800
v -307.949600 -3.251200 233.883200
v -305.511200 -3.251200 235.712000
v -303.072775 -3.251200 237.235851
v -293.014400 1.219200 236.524800
v -293.014400 1.219200 234.492800
v -293.014400 1.219200 259.689600
v -293.014400 1.219200 257.657600
v -212.547200 1.219200 258.064000
v -221.894400 1.219200 258.064000
v -252.780800 1.219200 258.064000
v -254.406400 1.219200 258.064000
v -246.278400 1.219200 258.064000
v -247.904000 1.219200 258.064000
v -278.790400 1.219200 258.064000
v -280.416000 1.219200 258.064000
v -272.288000 1.219200 258.064000
v -273.913600 1.219200 258.064000
v -259.283200 1.219200 258.064000
v -291.795200 1.219200 258.064000
v -267.411200 1.219200 258.064000
v -234.899200 1.219200 258.064000
v -221.894400 1.219200 257.657600
v -212.547200 1.219200 257.657600
v -254.406400 1.219200 257.657600
v -252.780800 1.219200 257.657600
v -247.904000 1.219200 257.657600
v -246.278400 1.219200 257.657600
v -280.416000 1.219200 257.657600
v -278.790400 1.219200 257.657600
v -273.913600 1.219200 257.657600
v -272.288000 1.219200 257.657600
v -260.502400 1.219200 257.657600
v -259.283200 1.219200 257.657600
v -291.795200 1.219200 257.657600
v -267.411200 1.219200 257.657600
v -266.191901 1.219200 257.657600
v -227.990400 1.219200 257.657600
v -234.899200 1.219200 257.657600
v -233.680000 1.219200 257.657600
v -266.192000 1.219200 234.492602
v -266.192000 1.219200 236.524800
v -266.192000 1.219200 259.689600
v -260.908800 1.219200 259.689600
v -260.502400 1.219200 259.689600
v -228.396800 1.219200 259.689600
v -227.990301 1.219200 259.689600
v -233.680099 1.219200 259.689600
v -260.502400 1.219200 236.524800
v -260.502400 1.219200 234.492800
v -227.990400 1.219200 236.524800
v -227.990400 1.219200 234.492800
v -233.680000 1.219200 234.492602
v -233.680000 1.219200 236.524800
v -212.547200 1.422400 257.657600
v -212.547200 1.219200 256.438400
v -305.612800 -2.438400 172.313600
v -302.361600 -2.438400 172.313600
v -308.457600 0.000000 102.006400
v 214.985600 3.454400 11.785600
v 221.284800 0.203200 11.988800
v 220.675200 0.203200 11.988800
v 220.675200 2.844800 11.988800
v 215.595200 3.454400 11.988800
v 221.284800 3.454400 11.988800
v 215.595200 0.203200 11.988800
v 215.188800 0.203200 11.988800
v 215.188800 3.454400 11.988800
v 217.627200 0.203200 11.988800
v 217.017600 0.203200 11.988800
v 217.017600 2.844800 11.988800
v 217.627200 2.844800 11.988800
v 215.188800 0.203200 16.459200
v 221.284800 0.203200 16.459200
v 221.284800 3.454400 16.459200
v 215.188800 3.454400 16.459200
v 215.595200 0.203200 11.785600
v -307.848000 0.406400 162.560000
v -307.848000 1.219200 162.560000
v -121.920000 2.819400 292.252400
v -121.920000 4.470400 288.950400
v -121.920000 4.673600 288.950400
v -121.920000 3.022600 292.252400
v -121.920000 3.149600 286.308800
v -121.920000 3.352800 286.308800
v -121.920000 4.470400 283.667200
v -121.920000 2.819400 280.365200
v -121.920000 3.022600 280.365200
v -121.920000 4.673600 283.667200
v 220.675200 0.203200 11.785600
v 220.675200 2.844800 11.785600
v 221.488000 3.454400 11.785600
v 215.595200 3.454400 11.785600
v 217.017600 0.203200 11.785600
v 217.627200 0.203200 11.785600
v 217.627200 2.844800 11.785600
v 217.017600 2.844800 11.785600
v -312.166000 2.235200 203.860400
v -233.933702 2.235200 201.117200
v -235.661398 2.235200 199.389504
v -235.610499 2.235200 199.339200
v -233.883126 2.235200 201.066574
v -78.587600 2.235200 280.416000
v -78.613000 2.235200 280.416000
v -78.613000 2.235200 277.164800
v -78.587600 2.235200 277.164800
v -78.663800 2.235200 280.416000
v -78.689200 2.235200 280.416000
v -78.689200 2.235200 277.164800
v -78.663800 2.235200 277.164800
v -98.755200 2.235200 292.709600
v -99.568000 2.235200 292.709600
v -99.568000 2.235200 292.684200
v -98.755200 2.235200 292.684200
v -98.755200 2.235200 292.785800
v -102.006400 2.235200 292.785800
v -102.006400 2.235200 292.760400
v -98.755200 2.235200 292.760400
v -99.771200 2.235200 292.709600
v -100.990400 2.235200 292.709600
v -100.990400 2.235200 292.684200
v -99.771200 2.235200 292.684200
v -101.193600 2.235200 292.709600
v -102.006400 2.235200 292.709600
v -102.006400 2.235200 292.684200
v -101.193600 2.235200 292.684200
v -219.862400 1.422400 249.123200
v -219.862400 1.422400 245.059200
v -308.457600 0.000000 114.604800
v -96.723200 14.122400 -172.008800
v -96.723200 14.122400 -174.345600
v -96.723200 14.211300 -174.345600
v -96.723200 14.211300 -172.008800
v -96.723200 14.122400 -174.548800
v -96.723200 14.224000 -174.548800
v -96.723200 14.224000 -174.345600
v -96.723200 14.122400 -171.805600
v -96.723200 14.224000 -172.008800
v -96.723200 14.224000 -171.805600
v -82.905600 14.122400 -174.345600
v -82.905600 14.122400 -172.008800
v -82.905600 14.211300 -172.008800
v -82.905600 14.211300 -174.345600
v -82.905600 14.122400 -174.548800
v -82.905600 14.224000 -174.345600
v -82.905600 14.224000 -174.548800
v -82.905600 14.122400 -171.805600
v -82.905600 14.224000 -171.805600
v -82.905600 14.224000 -172.008800
v -38.811200 2.336800 279.146000
v -38.862000 2.336800 279.146000
v -46.024800 2.336800 271.983200
v -45.974000 2.336800 271.983200
v -34.036000 2.336800 259.994400
v -33.985206 2.336800 259.994400
v -187.223400 2.133600 182.600600
v -186.740800 2.133600 183.083200
v -186.753525 2.133600 183.095925
v -187.236373 2.133600 182.613573
v -309.473600 2.133600 210.718400
v -310.896000 2.133600 210.718400
v -310.896000 2.133600 208.280000
v -309.473600 2.133600 208.280000
v -373.888198 -0.203200 227.584000
v -54.355901 0.101600 294.944701
v -38.862000 0.101600 279.146000
v -78.663800 2.667000 279.146000
v -78.613000 2.667000 279.146000
v -58.724800 0.101600 272.288000
v -98.348800 3.149600 286.308800
v -98.348800 4.470400 283.667200
v -98.348800 4.673600 283.667200
v -98.348800 3.352800 286.308800
v -98.348800 2.819400 280.365200
v -98.348800 3.022600 280.365200
v -98.348800 4.470400 288.950400
v -98.348800 4.673600 288.950400
v -98.348800 2.819400 292.252400
v -98.348800 3.022600 292.252400
v -121.818400 4.673600 288.950400
v -121.818400 3.352800 286.308800
v -102.412800 3.352800 286.308800
v -102.412800 4.673600 288.950400
v -102.514400 4.673600 288.950400
v -102.514400 3.352800 286.308800
v -78.841600 3.352800 286.308800
v -78.841600 4.673600 288.950400
v -78.943200 4.673600 288.950400
v -78.943200 3.352800 286.308800
v -98.247200 4.673600 288.950400
v -98.247200 3.352800 286.308800
v -78.841600 4.470400 283.667200
v -78.841600 3.149600 286.308800
v -78.841600 4.673600 283.667200
v -78.841600 2.819400 280.365200
v -78.841600 3.022600 280.365200
v -78.841600 4.470400 288.950400
v -78.841600 2.819400 292.252400
v -78.841600 3.022600 292.252400
v -115.468400 3.251200 286.308800
v -115.366800 3.251200 286.308800
v -112.217200 3.251200 286.308800
v -112.115600 3.251200 286.308800
v -95.148400 3.251200 286.308800
v -95.046800 3.251200 286.308800
v -108.966000 3.251200 286.308800
v -108.864400 3.251200 286.308800
v -82.143600 3.251200 286.308800
v -82.042000 3.251200 286.308800
v -105.714800 3.251200 286.308800
v -105.613200 3.251200 286.308800
v -85.394800 3.251200 286.308800
v -85.293200 3.251200 286.308800
v -118.719600 3.251200 286.308800
v -118.618000 3.251200 286.308800
v -88.646000 3.251200 286.308800
v -88.544400 3.251200 286.308800
v -91.897200 3.251200 286.308800
v -91.795600 3.251200 286.308800
v -121.818400 3.022600 292.252400
v -102.412800 3.022600 292.252400
v -102.514400 3.022600 292.252400
v -98.247200 3.022600 292.252400
v -78.943200 3.022600 292.252400
v -78.943200 4.673600 283.667200
v -98.247200 4.673600 283.667200
v -121.818400 4.673600 283.667200
v -102.514400 4.673600 283.667200
v -102.412800 4.673600 283.667200
v -102.514400 3.022600 280.365200
v -102.412800 3.022600 280.365200
v -121.818400 3.022600 280.365200
v -98.247200 3.022600 280.365200
v -78.943200 3.022600 280.365200
v -78.613000 2.692400 280.416000
v -78.663800 2.692400 280.416000
v -78.663800 2.692400 280.212800
v -78.613000 2.692400 280.212800
v -78.663800 2.692400 279.349200
v -78.663800 2.692400 279.247600
v -78.613000 2.692400 279.247600
v -78.613000 2.692400 279.349200
v -78.663800 2.692400 277.926800
v -78.663800 2.692400 277.825200
v -78.613000 2.692400 277.825200
v -78.613000 2.692400 277.926800
v -78.663800 2.692400 277.368000
v -78.663800 2.692400 277.164800
v -78.613000 2.692400 277.164800
v -78.613000 2.692400 277.368000
v -101.193600 2.692400 292.709600
v -101.193600 2.692400 292.658800
v -100.990400 2.692400 292.658800
v -100.990400 2.692400 292.709600
v -99.771200 2.692400 292.709600
v -99.771200 2.692400 292.658800
v -99.568000 2.692400 292.658800
v -99.568000 2.692400 292.709600
v -101.803200 2.692400 292.760400
v -102.006400 2.692400 292.760400
v -102.006400 2.692400 292.709600
v -101.803200 2.692400 292.709600
v -100.838000 2.692400 292.760400
v -100.939600 2.692400 292.760400
v -100.939600 2.692400 292.709600
v -100.838000 2.692400 292.709600
v -99.415600 2.692400 292.760400
v -99.517194 2.692400 292.760400
v -99.517194 2.692400 292.709600
v -99.415600 2.692400 292.709600
v -98.958400 2.692400 292.709600
v -98.755200 2.692400 292.709600
v -98.755200 2.692400 292.760400
v -98.958400 2.692400 292.760400
v -78.689200 0.558800 280.416000
v -78.689200 0.457200 280.416000
v -78.689200 0.457200 277.164800
v -78.689200 0.558800 277.164800
v -78.689200 2.082800 280.416000
v -78.689200 2.082800 277.164800
v -98.247200 3.073400 280.873200
v -98.044000 3.073400 280.873200
v -79.146400 3.073400 280.873200
v -78.943200 3.073400 280.873200
v -82.194400 3.073400 280.873200
v -81.991200 3.073400 280.873200
v -85.445600 3.073400 280.873200
v -85.242400 3.073400 280.873200
v -88.696800 3.073400 280.873200
v -88.493600 3.073400 280.873200
v -91.948000 3.073400 280.873200
v -91.744800 3.073400 280.873200
v -95.199200 3.073400 280.873200
v -94.996000 3.073400 280.873200
v -118.770400 3.073400 280.873200
v -118.567200 3.073400 280.873200
v -115.519200 3.073400 280.873200
v -115.316000 3.073400 280.873200
v -112.268000 3.073400 280.873200
v -112.064800 3.073400 280.873200
v -109.016800 3.073400 280.873200
v -108.813600 3.073400 280.873200
v -105.765600 3.073400 280.873200
v -105.562400 3.073400 280.873200
v -102.717600 3.073400 280.873200
v -102.514400 3.073400 280.873200
v -121.818400 3.073400 280.873200
v -121.615200 3.073400 280.873200
v -102.412800 4.470400 288.950400
v -102.412800 2.819400 292.252400
v -102.412800 3.149600 286.308800
v -102.412800 2.819400 280.365200
v -102.412800 4.470400 283.667200
v -98.755200 2.082800 292.785800
v -102.006400 2.082800 292.785800
v -98.755200 0.558800 292.785800
v -98.755200 0.457200 292.785800
v -102.006400 0.457200 292.785800
v -102.006400 0.558800 292.785800
v -278.790400 1.219200 236.524800
v -280.416000 1.219200 236.524800
v -272.288000 1.219200 236.524800
v -273.913600 1.219200 236.524800
v -216.814400 1.219200 236.524800
v -221.894400 1.219200 236.524800
v -252.780800 1.219200 236.524800
v -254.406400 1.219200 236.524800
v -246.278400 1.219200 236.524800
v -247.904000 1.219200 236.524800
v -259.283200 1.219200 236.524800
v -291.795200 1.219200 236.524800
v -267.411200 1.219200 236.524800
v -234.899200 1.219200 236.524800
v -308.051200 -2.438400 170.281600
v -308.051200 -2.235205 170.281600
v -312.521600 0.406400 178.409600
v -312.521600 0.406400 177.596800
v -312.521600 1.219200 177.596800
v -312.521600 1.219200 178.409600
v -312.521600 0.406400 175.971200
v -312.521600 1.219200 175.971200
v -312.521600 0.406400 180.441600
v -312.521600 0.406400 180.035200
v -312.521600 1.219200 180.035200
v -312.521600 1.219200 180.441600
v -312.521600 0.406400 188.569600
v -312.521600 0.406400 187.756800
v -312.521600 1.219200 187.756800
v -312.521600 1.219200 188.569600
v -312.521600 0.406400 186.131200
v -312.521600 1.219200 186.131200
v -312.521600 0.406400 193.040000
v -312.521600 0.406400 192.227200
v -312.521600 1.219200 192.227200
v -312.521600 1.219200 193.040000
v -312.521600 0.406400 190.601600
v -312.521600 0.406400 190.195200
v -312.521600 1.219200 190.195200
v -312.521600 1.219200 190.601600
v -312.521600 0.406400 172.720000
v -312.521600 0.406400 171.907200
v -312.521600 1.219200 171.907200
v -312.521600 1.219200 172.720000
v -312.521600 0.406400 174.345600
v -312.521600 1.219200 174.345600
v -311.912000 -2.438400 174.752000
v -308.660800 2.946400 210.718400
v -308.864000 2.946400 210.718400
v -308.864000 2.946400 208.280000
v -308.660800 2.946400 208.280000
v -308.051200 -2.438400 193.446400
v -308.051200 -2.438400 189.382400
v -308.051200 -2.235205 189.382400
v -308.051200 -2.438400 166.217600
v -308.051200 -2.438400 149.961600
v -308.051200 -2.438400 149.555200
v -308.051200 -2.235205 149.555200
v -308.051200 0.000000 153.619200
v -308.051200 -2.438400 118.668800
v -308.051200 -2.438400 118.262412
v -308.051200 0.000000 114.604800
v -308.051200 -2.235205 118.668800
v -308.051200 -2.438400 98.348794
v -308.051200 -2.438400 97.942400
v -308.051200 -2.235205 97.942400
v -308.051200 0.000000 102.006400
v -329.488800 1.587500 171.018200
v -329.488800 1.587500 170.764200
v -329.488800 2.832100 170.764200
v -329.488800 2.832100 171.018200
v -329.488800 1.587500 167.360600
v -329.488800 1.587500 167.106600
v -329.488800 2.832100 167.106600
v -329.488800 2.832100 167.360600
v -326.847200 1.587500 171.018200
v -326.847200 1.587500 170.764200
v -326.847200 2.832100 170.764200
v -326.847200 2.832100 171.018200
v -326.847200 1.587500 174.142400
v -326.847200 1.587500 173.888400
v -326.847200 2.832100 173.888400
v -326.847200 2.832100 174.142400
v -326.821800 1.587500 174.142400
v -326.821800 2.832100 174.142400
v -307.848000 0.406400 164.185600
v -307.848000 1.219200 164.185600
v -311.505600 3.454400 210.718400
v -311.505600 3.556000 210.718400
v -311.505600 3.556000 208.280000
v -311.505600 3.454400 208.280000
v -78.587600 0.558800 280.416000
v -78.613000 0.558800 280.416000
v -78.613000 0.558800 277.164800
v -78.587600 0.558800 277.164800
v -78.663800 0.558800 280.416000
v -78.663800 0.558800 277.164800
v -98.755200 0.558800 292.709600
v -99.568000 0.558800 292.709600
v -99.568000 0.558800 292.684200
v -98.755200 0.558800 292.684200
v -102.006400 0.558800 292.760400
v -98.755200 0.558800 292.760400
v -99.771200 0.558800 292.709600
v -100.990400 0.558800 292.709600
v -100.990400 0.558800 292.684200
v -99.771200 0.558800 292.684200
v -101.193600 0.558800 292.709600
v -102.006400 0.558800 292.709600
v -102.006400 0.558800 292.684200
v -101.193600 0.558800 292.684200
v -302.361600 -2.438400 147.929600
v -305.612800 -2.438400 147.929600
v -310.875710 2.082800 196.170314
v -311.073825 2.082800 195.434210
v -311.048450 2.082800 195.427600
v -310.852840 2.082800 196.163803
v -187.248800 2.082800 182.575200
v -187.274200 2.082800 182.600600
v -186.740701 2.082800 183.134000
v -186.715350 2.082800 183.108650
v -78.613000 2.082800 277.164800
v -78.613000 2.082800 280.416000
v -78.587600 2.082800 280.416000
v -78.587600 2.082800 277.164800
v -78.663800 2.082800 280.416000
v -78.663800 2.082800 277.164800
v -98.755200 2.082800 292.684200
v -99.568000 2.082800 292.684200
v -99.568000 2.082800 292.709600
v -98.755200 2.082800 292.709600
v -98.755200 2.082800 292.760400
v -102.006400 2.082800 292.760400
v -99.771200 2.082800 292.684200
v -100.990400 2.082800 292.684200
v -100.990400 2.082800 292.709600
v -99.771200 2.082800 292.709600
v -101.193600 2.082800 292.684200
v -102.006400 2.082800 292.684200
v -102.006400 2.082800 292.709600
v -101.193600 2.082800 292.709600
v 43.256200 0.101600 136.779000
v 43.281600 0.101600 136.753600
v -266.395200 1.320800 255.828701
v -266.395200 1.320800 250.139002
v -292.811200 1.320800 255.828800
v -292.811200 1.320800 250.139200
v -266.395200 1.320800 244.043299
v -266.395200 1.320800 238.353600
v -292.811200 1.320800 244.043200
v -292.811200 1.320800 238.353600
v -233.883200 1.320800 244.043299
v -233.883200 1.320800 238.353600
v -260.299200 1.320800 244.043200
v -260.299200 1.320800 238.353575
v -233.883200 1.320800 255.828899
v -233.883200 1.320800 250.139200
v -260.299200 1.320800 255.828800
v -260.299200 1.320800 250.139175
v -310.896000 1.320800 210.718400
v -309.473600 1.320800 210.718400
v -309.473600 1.320800 208.280000
v -310.896000 1.320800 208.280000
v -311.073850 1.320800 195.434347
v -310.875759 1.320800 196.170352
v -310.852840 1.320800 196.163704
v -311.048425 1.320800 195.427612
v -258.470400 -3.149600 224.332800
v -260.908800 -3.149600 224.332800
v -260.908800 -3.149600 223.113600
v -258.470400 -3.149600 223.113600
v -265.785600 -3.149600 224.332800
v -268.224000 -3.149600 224.332800
v -268.224000 -3.149600 223.113600
v -265.785600 -3.149600 223.113600
v -233.883200 1.219200 238.353600
v -233.883200 1.219200 244.043200
v -233.883200 1.219200 250.139200
v -233.883200 1.219200 255.828800
v -354.990400 -0.203200 212.750400
v -359.257600 -0.203200 218.033600
v -364.134400 -0.203200 221.081600
v -374.294400 -0.203200 224.332800
v -258.470400 -3.251200 224.332800
v -260.908800 -3.251200 224.332800
v -265.785600 -3.251200 224.332800
v -268.224000 -3.251200 224.332800
v -354.990375 -0.203200 279.806400
v -359.257600 -0.203200 274.523200
v -364.134400 -0.203200 271.475250
v -308.051200 -0.406400 192.836788
v -265.379200 -0.406400 231.343200
v -261.315200 -0.406400 231.343200
v -232.867200 -0.406400 231.343200
v -228.803200 -0.406400 231.343200
v -308.051200 -0.406400 166.827200
v -308.051200 -0.406400 167.132000
v -308.660800 -0.406400 208.076800
v 152.806400 9.753600 -29.260800
v 104.038400 9.753600 -29.260800
v -94.996000 3.022600 280.771600
v -94.996000 3.022600 291.846000
v -94.996000 3.073400 291.744400
v -94.996000 3.200400 286.359600
v -94.996000 3.200400 286.258000
v -95.199200 3.022600 280.771600
v -95.199200 3.073400 291.744400
v -95.199200 3.022600 291.846000
v -95.199200 3.200400 286.258000
v -95.199200 3.200400 286.359600
v -102.717600 3.200400 286.359600
v -102.514400 3.200400 286.359600
v -121.818400 3.200400 286.359600
v -121.615200 3.200400 286.359600
v -105.765600 3.200400 286.359600
v -105.562400 3.200400 286.359600
v -109.016800 3.200400 286.359600
v -108.813600 3.200400 286.359600
v -112.268000 3.200400 286.359600
v -112.064800 3.200400 286.359600
v -115.519200 3.200400 286.359600
v -115.316000 3.200400 286.359600
v -118.770400 3.200400 286.359600
v -118.567200 3.200400 286.359600
v -79.146400 3.200400 286.359600
v -78.943200 3.200400 286.359600
v -98.247200 3.200400 286.359600
v -98.044000 3.200400 286.359600
v -82.194400 3.200400 286.359600
v -81.991200 3.200400 286.359600
v -85.445600 3.200400 286.359600
v -85.242400 3.200400 286.359600
v -88.696800 3.200400 286.359600
v -88.493600 3.200400 286.359600
v -91.948000 3.200400 286.359600
v -91.744800 3.200400 286.359600
v -102.514400 3.200400 286.258000
v -102.717600 3.200400 286.258000
v -121.615200 3.200400 286.258000
v -121.818400 3.200400 286.258000
v -105.562400 3.200400 286.258000
v -105.765600 3.200400 286.258000
v -108.813600 3.200400 286.258000
v -109.016800 3.200400 286.258000
v -112.064800 3.200400 286.258000
v -112.268000 3.200400 286.258000
v -115.316000 3.200400 286.258000
v -115.519200 3.200400 286.258000
v -118.567200 3.200400 286.258000
v -118.770400 3.200400 286.258000
v -78.943200 3.200400 286.258000
v -79.146400 3.200400 286.258000
v -98.044000 3.200400 286.258000
v -98.247200 3.200400 286.258000
v -81.991200 3.200400 286.258000
v -82.194400 3.200400 286.258000
v -85.242400 3.200400 286.258000
v -85.445600 3.200400 286.258000
v -88.493600 3.200400 286.258000
v -88.696800 3.200400 286.258000
v -91.744800 3.200400 286.258000
v -91.948000 3.200400 286.258000
v -91.744800 3.022600 280.771600
v -91.744800 3.022600 291.846000
v -91.744800 3.073400 291.744400
v -91.948000 3.022600 280.771600
v -91.948000 3.073400 291.744400
v -91.948000 3.022600 291.846000
v -88.493600 3.022600 280.771600
v -88.493600 3.022600 291.846000
v -88.493600 3.073400 291.744400
v -88.696800 3.022600 280.771600
v -88.696800 3.073400 291.744400
v -88.696800 3.022600 291.846000
v -85.242400 3.022600 280.771600
v -85.242400 3.022600 291.846000
v -85.242400 3.073400 291.744400
v -85.445600 3.022600 280.771600
v -85.445600 3.073400 291.744400
v -85.445600 3.022600 291.846000
v -81.991200 3.022600 280.771600
v -81.991200 3.022600 291.846000
v -81.991200 3.073400 291.744400
v -82.194400 3.022600 280.771600
v -82.194400 3.073400 291.744400
v -82.194400 3.022600 291.846000
v -98.044000 3.022600 280.771600
v -98.044000 3.022600 291.846000
v -98.044000 3.073400 291.744400
v -98.247200 4.470400 283.667200
v -98.247200 3.149600 286.308800
v -98.247200 2.819400 280.365200
v -98.247200 4.470400 288.950400
v -98.247200 2.819400 292.252400
v -98.247200 3.022600 280.771600
v -98.247200 3.073400 291.744400
v -98.247200 3.022600 291.846000
v -78.943200 3.022600 280.771600
v -78.943200 3.022600 291.846000
v -78.943200 3.073400 291.744400
v -78.943200 3.149600 286.308800
v -78.943200 4.470400 283.667200
v -78.943200 2.819400 280.365200
v -78.943200 4.470400 288.950400
v -78.943200 2.819400 292.252400
v -79.146400 3.022600 280.771600
v -79.146400 3.073400 291.744400
v -79.146400 3.022600 291.846000
v -91.897200 4.470400 283.565600
v -91.897200 2.870200 280.365200
v -91.897200 2.921000 280.365200
v -91.897200 4.521200 283.565600
v -91.897200 2.870200 292.252400
v -91.897200 4.470400 289.052000
v -91.897200 4.521200 289.052000
v -91.897200 2.921000 292.252400
v -91.897200 3.251200 286.207200
v -91.897200 3.302000 286.207200
v -91.897200 4.470400 283.768800
v -91.897200 4.521200 283.768800
v -91.897200 4.521200 288.848800
v -91.897200 4.470400 288.848800
v -91.897200 3.251200 286.410400
v -118.618000 4.470400 289.052000
v -118.719600 4.470400 289.052000
v -118.719600 2.870200 292.252400
v -118.618000 2.870200 292.252400
v -105.613200 4.470400 289.052000
v -105.714800 4.470400 289.052000
v -105.714800 2.870200 292.252400
v -105.613200 2.870200 292.252400
v -108.864400 4.470400 289.052000
v -108.966000 4.470400 289.052000
v -108.966000 2.870200 292.252400
v -108.864400 2.870200 292.252400
v -112.115600 4.470400 289.052000
v -112.217200 4.470400 289.052000
v -112.217200 2.870200 292.252400
v -112.115600 2.870200 292.252400
v -115.366800 4.470400 289.052000
v -115.468400 4.470400 289.052000
v -115.468400 2.870200 292.252400
v -115.366800 2.870200 292.252400
v -95.046800 4.470400 289.052000
v -95.148400 4.470400 289.052000
v -95.148400 2.870200 292.252400
v -95.046800 2.870200 292.252400
v -82.042000 4.470400 289.052000
v -82.143600 4.470400 289.052000
v -82.143600 2.870200 292.252400
v -82.042000 2.870200 292.252400
v -85.293200 4.470400 289.052000
v -85.394800 4.470400 289.052000
v -85.394800 2.870200 292.252400
v -85.293200 2.870200 292.252400
v -88.544400 4.470400 289.052000
v -88.646000 4.470400 289.052000
v -88.646000 2.870200 292.252400
v -88.544400 2.870200 292.252400
v -91.795600 4.470400 289.052000
v -91.795600 2.870200 292.252400
v -121.818400 3.073400 291.846000
v -121.818400 3.124200 291.744400
v -102.514400 3.124200 291.744400
v -102.514400 3.073400 291.846000
v -98.247200 3.073400 291.846000
v -98.247200 3.124200 291.744400
v -78.943200 3.124200 291.744400
v -78.943200 3.073400 291.846000
v -118.618000 2.921000 292.252400
v -118.719600 2.921000 292.252400
v -118.719600 4.521200 289.052000
v -118.618000 4.521200 289.052000
v -105.613200 2.921000 292.252400
v -105.714800 2.921000 292.252400
v -105.714800 4.521200 289.052000
v -105.613200 4.521200 289.052000
v -108.864400 2.921000 292.252400
v -108.966000 2.921000 292.252400
v -108.966000 4.521200 289.052000
v -108.864400 4.521200 289.052000
v -112.115600 2.921000 292.252400
v -112.217200 2.921000 292.252400
v -112.217200 4.521200 289.052000
v -112.115600 4.521200 289.052000
v -115.366800 2.921000 292.252400
v -115.468400 2.921000 292.252400
v -115.468400 4.521200 289.052000
v -115.366800 4.521200 289.052000
v -95.046800 2.921000 292.252400
v -95.148400 2.921000 292.252400
v -95.148400 4.521200 289.052000
v -95.046800 4.521200 289.052000
v -82.042000 2.921000 292.252400
v -82.143600 2.921000 292.252400
v -82.143600 4.521200 289.052000
v -82.042000 4.521200 289.052000
v -85.293200 2.921000 292.252400
v -85.394800 2.921000 292.252400
v -85.394800 4.521200 289.052000
v -85.293200 4.521200 289.052000
v -88.544400 2.921000 292.252400
v -88.646000 2.921000 292.252400
v -88.646000 4.521200 289.052000
v -88.544400 4.521200 289.052000
v -91.795600 2.921000 292.252400
v -91.795600 4.521200 289.052000
v -121.818400 2.819400 292.252400
v -102.514400 2.819400 292.252400
v -91.795600 2.870200 280.365200
v -91.795600 4.470400 283.565600
v -91.795600 4.521200 283.565600
v -91.795600 2.921000 280.365200
v -91.795600 3.251200 286.410400
v -91.795600 3.302000 286.410400
v -91.795600 4.470400 288.848800
v -91.795600 4.521200 288.848800
v -91.795600 4.521200 283.768800
v -91.795600 4.470400 283.768800
v -91.795600 3.251200 286.207200
v -88.646000 4.470400 283.565600
v -88.646000 2.870200 280.365200
v -88.646000 2.921000 280.365200
v -88.646000 4.521200 283.565600
v -88.646000 3.251200 286.207200
v -88.646000 3.302000 286.207200
v -88.646000 4.470400 283.768800
v -88.646000 4.521200 283.768800
v -88.646000 4.521200 288.848800
v -88.646000 4.470400 288.848800
v -88.646000 3.251200 286.410400
v -88.544400 2.870200 280.365200
v -88.544400 4.470400 283.565600
v -88.544400 4.521200 283.565600
v -88.544400 2.921000 280.365200
v -88.544400 3.251200 286.410400
v -88.544400 3.302000 286.410400
v -88.544400 4.470400 288.848800
v -88.544400 4.521200 288.848800
v -88.544400 4.521200 283.768800
v -88.544400 4.470400 283.768800
v -88.544400 3.251200 286.207200
v -85.394800 4.470400 283.565600
v -85.394800 2.870200 280.365200
v -85.394800 2.921000 280.365200
v -85.394800 4.521200 283.565600
v -85.394800 3.251200 286.207200
v -85.394800 3.302000 286.207200
v -85.394800 4.470400 283.768800
v -85.394800 4.521200 283.768800
v -85.394800 4.521200 288.848800
v -85.394800 4.470400 288.848800
v -85.394800 3.251200 286.410400
v -85.293200 2.870200 280.365200
v -85.293200 4.470400 283.565600
v -85.293200 4.521200 283.565600
v -85.293200 2.921000 280.365200
v -85.293200 3.251200 286.410400
v -85.293200 3.302000 286.410400
v -85.293200 4.470400 288.848800
v -85.293200 4.521200 288.848800
v -85.293200 4.521200 283.768800
v -85.293200 4.470400 283.768800
v -85.293200 3.251200 286.207200
v -82.143600 4.470400 283.565600
v -82.143600 2.870200 280.365200
v -82.143600 2.921000 280.365200
v -82.143600 4.521200 283.565600
v -82.143600 3.251200 286.207200
v -82.143600 3.302000 286.207200
v -82.143600 4.470400 283.768800
v -82.143600 4.521200 283.768800
v -82.143600 4.521200 288.848800
v -82.143600 4.470400 288.848800
v -82.143600 3.251200 286.410400
v -82.042000 2.870200 280.365200
v -82.042000 4.470400 283.565600
v -82.042000 4.521200 283.565600
v -82.042000 2.921000 280.365200
v -82.042000 3.251200 286.410400
v -82.042000 3.302000 286.410400
v -82.042000 4.470400 288.848800
v -82.042000 4.521200 288.848800
v -82.042000 4.521200 283.768800
v -82.042000 4.470400 283.768800
v -82.042000 3.251200 286.207200
v -95.148400 4.470400 283.565600
v -95.148400 2.870200 280.365200
v -95.148400 2.921000 280.365200
v -95.148400 4.521200 283.565600
v -95.148400 3.251200 286.207200
v -95.148400 3.302000 286.207200
v -95.148400 4.470400 283.768800
v -95.148400 4.521200 283.768800
v -95.148400 4.521200 288.848800
v -95.148400 4.470400 288.848800
v -95.148400 3.251200 286.410400
v -95.046800 2.870200 280.365200
v -95.046800 4.470400 283.565600
v -95.046800 4.521200 283.565600
v -95.046800 2.921000 280.365200
v -95.046800 3.251200 286.410400
v -95.046800 3.302000 286.410400
v -95.046800 4.470400 288.848800
v -95.046800 4.521200 288.848800
v -95.046800 4.521200 283.768800
v -95.046800 4.470400 283.768800
v -95.046800 3.251200 286.207200
v -121.818400 4.470400 288.950400
v -102.514400 4.470400 288.950400
v -105.714800 3.251200 286.410400
v -105.714800 4.470400 288.848800
v -105.613200 4.470400 288.848800
v -105.613200 3.251200 286.410400
v -108.966000 3.251200 286.410400
v -108.966000 4.470400 288.848800
v -108.864400 4.470400 288.848800
v -108.864400 3.251200 286.410400
v -118.719600 3.251200 286.410400
v -118.719600 4.470400 288.848800
v -118.618000 4.470400 288.848800
v -118.618000 3.251200 286.410400
v -112.217200 3.251200 286.410400
v -112.217200 4.470400 288.848800
v -112.115600 4.470400 288.848800
v -112.115600 3.251200 286.410400
v -115.468400 3.251200 286.410400
v -115.468400 4.470400 288.848800
v -115.366800 4.470400 288.848800
v -115.366800 3.251200 286.410400
v -105.613200 4.521200 288.848800
v -105.714800 4.521200 288.848800
v -108.864400 4.521200 288.848800
v -108.966000 4.521200 288.848800
v -118.618000 4.521200 288.848800
v -118.719600 4.521200 288.848800
v -112.115600 4.521200 288.848800
v -112.217200 4.521200 288.848800
v -115.366800 4.521200 288.848800
v -115.468400 4.521200 288.848800
v -121.818400 3.149600 286.308800
v -102.514400 3.149600 286.308800
v -121.818400 4.546600 289.052000
v -121.818400 4.546600 288.848800
v -102.514400 4.546600 288.848800
v -102.514400 4.546600 289.052000
v -98.247200 4.546600 283.768800
v -98.247200 4.546600 283.565600
v -78.943200 4.546600 283.565600
v -78.943200 4.546600 283.768800
v -98.247200 4.546600 289.052000
v -98.247200 4.546600 288.848800
v -78.943200 4.546600 288.848800
v -78.943200 4.546600 289.052000
v -121.818400 4.546600 283.768800
v -121.818400 4.546600 283.565600
v -102.514400 4.546600 283.565600
v -102.514400 4.546600 283.768800
v -118.770400 3.022600 291.846000
v -118.567200 3.022600 291.846000
v -115.519200 3.022600 291.846000
v -115.316000 3.022600 291.846000
v -112.268000 3.022600 291.846000
v -112.064800 3.022600 291.846000
v -109.016800 3.022600 291.846000
v -108.813600 3.022600 291.846000
v -105.765600 3.022600 291.846000
v -105.562400 3.022600 291.846000
v -102.717600 3.022600 291.846000
v -102.514400 3.022600 291.846000
v -121.818400 3.022600 291.846000
v -121.615200 3.022600 291.846000
v -118.567200 3.073400 291.744400
v -118.770400 3.073400 291.744400
v -115.316000 3.073400 291.744400
v -115.519200 3.073400 291.744400
v -112.064800 3.073400 291.744400
v -112.268000 3.073400 291.744400
v -108.813600 3.073400 291.744400
v -109.016800 3.073400 291.744400
v -105.562400 3.073400 291.744400
v -105.765600 3.073400 291.744400
v -102.514400 3.073400 291.744400
v -102.717600 3.073400 291.744400
v -121.615200 3.073400 291.744400
v -121.818400 3.073400 291.744400
v -121.818400 3.124200 280.873200
v -121.818400 3.073400 280.771600
v -102.514400 3.073400 280.771600
v -102.514400 3.124200 280.873200
v -98.247200 3.124200 280.873200
v -98.247200 3.073400 280.771600
v -78.943200 3.073400 280.771600
v -78.943200 3.124200 280.873200
v -115.366800 2.870200 280.365200
v -115.468400 2.870200 280.365200
v -115.468400 4.470400 283.565600
v -115.366800 4.470400 283.565600
v -112.115600 2.870200 280.365200
v -112.217200 2.870200 280.365200
v -112.217200 4.470400 283.565600
v -112.115600 4.470400 283.565600
v -108.864400 2.870200 280.365200
v -108.966000 2.870200 280.365200
v -108.966000 4.470400 283.565600
v -108.864400 4.470400 283.565600
v -105.613200 2.870200 280.365200
v -105.714800 2.870200 280.365200
v -105.714800 4.470400 283.565600
v -105.613200 4.470400 283.565600
v -118.618000 2.870200 280.365200
v -118.719600 2.870200 280.365200
v -118.719600 4.470400 283.565600
v -118.618000 4.470400 283.565600
v -102.514400 4.470400 283.667200
v -102.514400 2.819400 280.365200
v -121.818400 2.819400 280.365200
v -121.818400 4.470400 283.667200
v -118.567200 3.022600 280.771600
v -118.770400 3.022600 280.771600
v -115.316000 3.022600 280.771600
v -115.519200 3.022600 280.771600
v -112.064800 3.022600 280.771600
v -112.268000 3.022600 280.771600
v -108.813600 3.022600 280.771600
v -109.016800 3.022600 280.771600
v -105.562400 3.022600 280.771600
v -105.765600 3.022600 280.771600
v -102.514400 3.022600 280.771600
v -102.717600 3.022600 280.771600
v -121.615200 3.022600 280.771600
v -121.818400 3.022600 280.771600
v -115.366800 4.521200 283.565600
v -115.468400 4.521200 283.565600
v -115.468400 2.921000 280.365200
v -115.366800 2.921000 280.365200
v -112.115600 4.521200 283.565600
v -112.217200 4.521200 283.565600
v -112.217200 2.921000 280.365200
v -112.115600 2.921000 280.365200
v -108.864400 4.521200 283.565600
v -108.966000 4.521200 283.565600
v -108.966000 2.921000 280.365200
v -108.864400 2.921000 280.365200
v -105.613200 4.521200 283.565600
v -105.714800 4.521200 283.565600
v -105.714800 2.921000 280.365200
v -105.613200 2.921000 280.365200
v -118.618000 4.521200 283.565600
v -118.719600 4.521200 283.565600
v -118.719600 2.921000 280.365200
v -118.618000 2.921000 280.365200
v -115.366800 4.470400 283.768800
v -115.468400 4.470400 283.768800
v -115.468400 3.251200 286.207200
v -115.366800 3.251200 286.207200
v -112.115600 4.470400 283.768800
v -112.217200 4.470400 283.768800
v -112.217200 3.251200 286.207200
v -112.115600 3.251200 286.207200
v -108.864400 4.470400 283.768800
v -108.966000 4.470400 283.768800
v -108.966000 3.251200 286.207200
v -108.864400 3.251200 286.207200
v -105.613200 4.470400 283.768800
v -105.714800 4.470400 283.768800
v -105.714800 3.251200 286.207200
v -105.613200 3.251200 286.207200
v -118.618000 4.470400 283.768800
v -118.719600 4.470400 283.768800
v -118.719600 3.251200 286.207200
v -118.618000 3.251200 286.207200
v -115.468400 4.521200 283.768800
v -115.366800 4.521200 283.768800
v -112.217200 4.521200 283.768800
v -112.115600 4.521200 283.768800
v -108.966000 4.521200 283.768800
v -108.864400 4.521200 283.768800
v -105.714800 4.521200 283.768800
v -105.613200 4.521200 283.768800
v -118.719600 4.521200 283.768800
v -118.618000 4.521200 283.768800
v -115.468400 3.302000 286.207200
v -115.366800 3.302000 286.410400
v -112.217200 3.302000 286.207200
v -112.115600 3.302000 286.410400
v -108.966000 3.302000 286.207200
v -108.864400 3.302000 286.410400
v -105.714800 3.302000 286.207200
v -105.613200 3.302000 286.410400
v -118.719600 3.302000 286.207200
v -118.618000 3.302000 286.410400
v -260.908800 -3.251200 223.113600
v -258.470400 -3.251200 223.113600
v -268.224000 -3.251200 223.113600
v -265.785600 -3.251200 223.113600
v -330.403200 3.556000 247.091200
v -330.606400 3.556000 247.091200
v -331.444625 3.556000 243.941501
v -331.266825 3.556000 243.839901
v -333.756025 3.556000 241.630175
v -333.654400 3.556000 241.452350
v -336.905600 3.556000 240.792025
v -336.905600 3.556000 240.588775
v -340.055299 3.556000 241.630250
v -340.156899 3.556000 241.452425
v -342.366600 3.556000 243.941600
v -342.544400 3.556000 243.840000
v -343.204775 3.556000 247.091200
v -343.407975 3.556000 247.091200
v -342.366600 3.556000 250.240750
v -342.544400 3.556000 250.342350
v -340.055175 3.556000 252.552274
v -340.156750 3.556000 252.730000
v -336.905600 3.556000 253.390400
v -336.905600 3.556000 253.593550
v -333.756050 3.556000 252.552200
v -333.654450 3.556000 252.730000
v -331.444575 3.556000 250.240775
v -331.266750 3.556000 250.342400
v -331.266800 0.812800 243.839901
v -330.403200 0.812800 247.091200
v -330.606450 0.812800 247.091200
v -331.444650 0.812800 243.941625
v -333.654400 0.812800 241.452400
v -333.756050 0.812800 241.630349
v -336.905600 0.812800 240.588775
v -336.905600 0.812800 240.792050
v -340.156800 0.812800 241.452350
v -340.055200 0.812800 241.630225
v -342.544400 0.812800 243.840000
v -342.366600 0.812800 243.941600
v -343.408000 0.812800 247.091200
v -343.204850 0.812800 247.091200
v -342.544326 0.812800 250.342400
v -342.366600 0.812800 250.240800
v -340.156899 0.812800 252.729901
v -340.055274 0.812800 252.552324
v -336.905600 0.812800 253.593550
v -336.905600 0.812800 253.390425
v -333.654698 0.812800 252.730000
v -333.756025 0.812800 252.552200
v -331.266800 0.812800 250.342400
v -331.444575 0.812800 250.240775
v -177.190499 3.251200 206.044899
v -174.548825 4.267200 203.403225
v -174.548825 3.251200 203.403225
v -175.386901 1.625600 204.241301
v -177.190450 1.625600 206.044850
v -175.387012 3.251200 204.241412
v -174.548825 1.625600 203.403225
v -188.391800 3.251200 181.483000
v -188.391800 1.625600 181.483000
v -188.214000 1.625600 181.660800
v -188.214000 3.251200 181.660800
v -171.704000 4.267200 206.248000
v -163.982400 4.267200 213.969600
v -161.137600 4.267200 216.814400
v -153.416000 4.267200 224.536000
v -150.571200 4.267200 227.380800
v -195.275200 4.267200 182.676800
v -171.704025 3.251200 206.248025
v -171.704025 1.625600 206.248025
v -172.542212 1.625600 207.086212
v -172.542101 3.251200 207.086101
v -197.967588 4.267200 185.572412
v -166.624099 3.251200 216.611299
v -163.982400 3.251200 213.969600
v -164.820501 1.625600 214.807701
v -166.624050 1.625600 216.611250
v -164.820612 3.251200 214.807825
v -163.982400 1.625600 213.969600
v -161.137600 3.251200 216.814400
v -161.137600 1.625600 216.814400
v -161.975812 1.625600 217.652625
v -161.975701 3.251200 217.652501
v -156.057699 3.251200 227.177699
v -153.416000 3.251200 224.536000
v -154.254101 1.625600 225.374101
v -156.057650 1.625600 227.177650
v -154.254212 3.251200 225.374225
v -153.416000 1.625600 224.536000
v -150.571200 3.251200 227.380800
v -150.571200 1.625600 227.380800
v -151.409400 1.625600 228.219000
v -151.409499 3.251200 228.219099
v -265.785600 -1.388455 229.209600
v -265.785600 -0.609879 229.209600
v -260.908800 -1.388460 229.209600
v -233.273600 -1.388478 229.209600
v -233.273600 -0.609879 229.209600
v -228.396800 -1.388387 229.209600
v -78.613000 0.457200 277.164800
v -78.587600 0.457200 277.164800
v -78.663800 0.457200 277.164800
v -307.848000 0.406400 157.276800
v -307.848000 1.219200 157.276800
v -307.848000 0.406400 158.089600
v -307.848000 1.219200 158.089600
v -307.848000 0.406400 155.651200
v -307.848000 1.219200 155.651200
v -307.848000 0.406400 161.747200
v -307.848000 1.219200 161.747200
v -307.848000 0.000000 155.244800
v -307.848000 0.000000 164.592000
v -307.848000 0.406400 159.715200
v -307.848000 0.406400 160.121600
v -307.848000 1.219200 160.121600
v -307.848000 1.219200 159.715200
v -307.848000 0.406400 105.664000
v -307.848000 0.406400 106.476800
v -307.848000 1.219200 106.476800
v -307.848000 1.219200 105.664000
v -307.848000 0.406400 110.134400
v -307.848000 0.406400 110.947200
v -307.848000 1.219200 110.947200
v -307.848000 1.219200 110.134400
v -307.848000 0.406400 112.572800
v -307.848000 1.219200 112.572800
v -307.848000 0.000000 103.632000
v -307.848000 0.000000 112.979200
v -307.848000 0.406400 108.508800
v -307.848000 1.219200 108.508800
v -308.457600 0.000000 155.244800
v -308.457600 0.000000 153.619200
v -308.457600 0.000000 166.217600
v -308.457600 0.000000 164.592000
v -308.457600 0.000000 103.632000
v -308.457600 0.000000 112.979200
v -305.612800 -2.438400 73.152000
v -310.489600 0.406400 231.648198
v -308.051274 -3.251200 234.086524
v -310.489724 -3.251200 231.648074
v -312.724726 0.203200 228.396800
v -305.612701 -3.251200 236.118301
v -303.174425 -3.251200 237.744074
v -310.489600 0.406400 262.534400
v -310.489600 -3.251200 262.534400
v -308.051200 -3.251200 260.096000
v -312.724750 0.203200 265.785600
v -312.724750 -3.251200 265.785600
v -305.612800 -3.251200 258.064025
v -303.174425 -3.251200 256.438474
v -330.911250 -0.050800 243.636602
v -329.996800 -0.050800 247.091200
v -330.809575 -0.050800 247.091200
v -331.622375 -0.050800 244.043200
v -333.451299 -0.050800 241.096701
v -333.857600 -0.050800 241.808000
v -336.905600 -0.050800 240.182375
v -336.905600 -0.050800 240.995225
v -340.360099 -0.050800 241.096651
v -339.953625 -0.050800 241.807975
v -342.188775 -0.050800 244.043175
v -343.814425 -0.050800 247.091200
v -343.001575 -0.050800 247.091200
v -342.188800 -0.050800 250.139200
v -340.360000 -0.050800 253.085600
v -339.953625 -0.050800 252.374375
v -336.905600 -0.050800 254.000000
v -336.905600 -0.050800 253.187200
v -333.451002 -0.050800 253.085550
v -333.857600 -0.050800 252.374425
v -330.911200 -0.050800 250.545600
v -331.622375 -0.050800 250.139175
v -325.932800 -0.050800 247.091200
v -325.932800 -0.203200 247.091200
v -343.814425 -0.203200 247.091200
v -343.001625 -0.203200 243.840050
v -343.001600 -0.050800 243.840025
v -339.750102 -0.203200 238.962902
v -339.750400 -0.050800 238.963175
v -334.873600 -0.203200 234.086400
v -329.184025 -0.203200 269.849600
v -331.622425 -0.203200 264.160000
v -327.253575 -0.203200 275.742400
v -326.745625 -0.203200 279.196800
v -326.339225 -0.203200 282.651200
v -334.873526 -0.203200 260.096000
v -343.001575 -0.203200 250.342474
v -343.001575 -0.050800 250.342474
v -339.750177 -0.203200 255.219423
v -339.750350 -0.050800 255.219250
v -331.622400 -0.203200 230.022400
v -329.184000 -0.203200 224.332800
v -327.253600 -0.203200 218.440000
v -326.745650 -0.203200 214.985600
v -326.339200 -0.203200 211.531200
v -308.051200 -2.235225 190.093600
v -308.051200 -2.438425 189.788800
v -308.051200 -2.235200 189.788800
v -308.051200 -2.235200 169.570400
v -308.051200 -2.235200 169.875200
v -212.548713 -3.251200 236.118400
v -209.701309 -3.251200 236.524850
v -209.701705 1.219200 236.524899
v -207.059671 -3.251200 237.642474
v -207.060403 1.219200 237.642450
v -204.826902 -3.251200 239.368161
v -204.826890 1.219200 239.368806
v -203.099033 -3.251200 241.603535
v -203.098450 1.219200 241.604998
v -201.980738 -3.251200 244.246722
v -201.980825 1.219200 244.246301
v -201.574400 -3.251200 247.091200
v -201.574412 1.219200 247.091200
v -209.702400 -3.251200 257.657575
v -212.548192 -3.251200 258.064000
v -209.702350 1.219200 257.657550
v -207.061991 -3.251200 256.539901
v -207.057575 1.219200 256.538090
v -204.825104 -3.251200 254.812800
v -204.829445 1.219200 254.817761
v -203.097606 -3.251200 252.576409
v -203.097333 1.219200 252.575566
v -201.980899 -3.251200 249.936794
v -201.980800 1.219200 249.936050
v -292.811200 1.219200 255.828800
v -292.811200 1.219200 250.139200
v -292.811200 1.219200 244.043200
v -292.811200 1.219200 238.353600
v -266.395200 1.219200 250.139200
v -266.395200 1.219200 255.828800
v -266.395200 1.219200 238.353600
v -266.395200 1.219200 244.043200
v -265.785600 -2.032000 229.209600
v -265.785600 1.320800 233.273600
v -265.785600 2.132576 234.086400
v -265.785600 -3.251200 234.086400
v -265.785600 -3.251200 233.273600
v -265.785600 2.132576 233.273600
v -260.908800 -3.251200 233.273600
v -260.908800 2.133253 233.273600
v -233.273600 2.132576 233.273600
v -233.273600 -3.251200 233.273600
v -228.396800 -3.251200 233.273600
v -228.396800 2.133253 233.273600
v -233.273600 2.132576 234.086400
v -260.299200 1.219200 244.043200
v -260.299200 1.219200 238.353575
v -260.299200 1.219200 255.828800
v -260.299200 1.219200 250.139175
v -260.908800 -2.032000 229.209600
v -260.908800 1.320800 233.273600
v -260.908800 -3.251200 234.086400
v -260.908800 1.219200 234.492800
v -233.273600 -2.032000 229.209600
v -233.273600 1.320800 233.273600
v -233.273600 -3.251200 234.086400
v -228.396800 -2.032000 229.209600
v -228.396800 1.320800 233.273600
v -228.396800 -3.251200 234.086400
v -228.396800 1.219200 234.492800
v -216.306375 -3.251200 236.118400
v -209.473800 1.422400 208.483200
v -206.298800 1.422400 209.245200
v -209.473602 -3.251200 208.483225
v -206.298812 -3.251200 209.245175
v -308.660800 3.048000 208.280000
v -308.660800 2.895600 208.280000
v -308.660800 3.149600 208.280000
v -308.660800 2.133600 208.280000
v -311.505600 2.133600 208.280000
v -311.505600 3.352800 208.280000
v -308.864000 1.320800 208.280000
v -308.864000 2.133600 208.280000
v -308.864000 0.000000 208.280000
v -311.505600 0.000000 208.280000
v -311.505600 1.320800 208.280000
v -216.306425 1.422400 236.931200
v -213.131400 1.422400 237.693200
v -216.306499 1.371600 236.931150
v -213.131400 1.371600 237.693175
v -216.357175 1.371600 237.134400
v -213.182150 1.371600 237.896202
v -216.509550 1.219200 237.312101
v -216.407975 1.219200 236.905825
v -213.029800 1.219200 237.718600
v -213.131400 1.219200 238.125000
v -174.752000 0.203200 185.318400
v -173.532812 0.203200 184.099212
v -199.339200 0.406400 212.547200
v -198.932800 0.406400 212.953600
v -199.136000 0.406400 213.156800
v -199.542400 0.406400 212.750400
v -188.976000 0.609600 194.462400
v -188.976000 4.165600 194.462400
v -183.896000 0.609600 199.542400
v -183.896000 4.165600 199.542400
v -177.190400 0.406400 192.836800
v -178.308000 0.609600 204.927200
v -178.409600 0.609600 205.028800
v -178.409600 4.165600 205.028800
v -178.308012 4.165600 204.927212
v -173.329600 0.609600 210.108800
v -173.228012 0.609600 210.007200
v -173.228000 4.165600 210.007200
v -173.329600 4.165600 210.108800
v -162.763200 0.609600 220.675200
v -162.661612 0.609600 220.573600
v -162.661600 4.165600 220.573600
v -162.763200 4.165600 220.675200
v -157.175200 0.609600 226.060000
v -157.276800 0.609600 226.161600
v -157.276800 4.165600 226.161600
v -157.175212 4.165600 226.060000
v -167.741600 0.609600 215.493600
v -167.843200 0.609600 215.595200
v -167.843200 4.165600 215.595200
v -167.741612 4.165600 215.493600
v -155.448000 0.406400 234.492800
v -152.196800 0.609600 231.241600
v -152.095212 0.609600 231.140000
v -152.095200 4.165600 231.140000
v -152.196800 4.165600 231.241600
v -219.456000 1.422400 244.652800
v -215.392000 1.422400 244.652800
v -146.913600 0.000000 236.524800
v -146.913600 4.165600 236.524800
v -151.892000 0.609600 231.343200
v -151.993600 0.609600 231.444800
v -151.993600 4.165600 231.444800
v -151.892012 4.165600 231.343200
v -194.462400 0.609600 188.976000
v -194.360812 0.609600 188.874412
v -194.360800 4.165600 188.874400
v -194.462400 4.165600 188.976000
v -197.611901 0.406400 192.125501
v -349.503950 -0.203200 209.702301
v -351.739250 -0.203200 214.172899
v -356.006499 -0.203200 219.862400
v -362.508899 -0.203200 224.332800
v -146.710400 0.000000 236.728000
v -197.561200 3.657600 192.176499
v -197.459650 3.657600 192.278050
v -194.309901 4.165600 189.128400
v -194.411501 4.165600 189.026800
v -181.711600 3.657600 208.026099
v -181.610050 3.657600 208.127650
v -178.460301 4.165600 204.978000
v -178.562099 4.165600 204.876202
v -192.278000 3.657600 197.459699
v -192.176450 3.657600 197.561250
v -189.026701 4.165600 194.411600
v -189.128301 4.165600 194.310000
v -186.994800 3.657600 202.742899
v -186.893250 3.657600 202.844450
v -183.743600 4.165600 199.694701
v -183.845200 4.165600 199.593101
v -176.428301 3.657600 213.309398
v -176.326850 3.657600 213.410850
v -173.177200 4.165600 210.261101
v -173.278800 4.165600 210.159501
v -167.894198 4.165600 215.544301
v -167.995699 4.165600 215.442800
v -165.862099 3.657600 223.875600
v -165.760437 3.657600 223.977250
v -162.610800 4.165600 220.827501
v -162.712400 4.165600 220.725901
v -160.578800 3.657600 229.158899
v -160.477250 3.657600 229.260450
v -157.327600 4.165600 226.110701
v -157.429200 4.165600 226.009101
v -155.295600 3.657600 234.442099
v -155.194074 3.657600 234.543625
v -152.044400 4.165600 231.393901
v -152.146000 4.165600 231.292301
v -150.012400 3.657600 239.725299
v -149.910850 3.657600 239.826850
v -146.761200 4.165600 236.677101
v -146.862800 4.165600 236.575501
v -194.462350 4.258994 189.077650
v -194.360800 4.258993 189.179200
v -178.612837 4.258995 204.927138
v -178.511200 4.258995 205.028775
v -189.179150 4.258994 194.360850
v -189.077600 4.258994 194.462400
v -183.895851 4.258994 199.644149
v -183.794400 4.258993 199.745600
v -173.329662 4.258992 210.210350
v -173.228012 4.258993 210.312000
v -168.046450 4.258997 215.493550
v -167.944800 4.258999 215.595200
v -162.763150 4.258993 220.776850
v -162.661600 4.258993 220.878400
v -157.479950 4.258993 226.060050
v -157.378400 4.258993 226.161600
v -152.196738 4.258995 231.343250
v -152.095212 4.258995 231.444775
v -146.913550 4.258994 236.626450
v -146.812000 4.258994 236.728000
v -195.041515 4.165600 189.656715
v -194.462400 4.165600 189.077600
v -194.360800 4.165600 189.179200
v -194.939382 4.165600 189.757782
v -179.191915 4.165600 205.506315
v -178.612788 4.165600 204.927188
v -178.511188 4.165600 205.028788
v -179.089782 4.165600 205.607382
v -189.758290 4.165600 194.939890
v -189.179200 4.165600 194.360800
v -189.077600 4.165600 194.462400
v -189.656182 4.165600 195.040982
v -184.475115 4.165600 200.223115
v -183.896000 4.165600 199.644000
v -183.794400 4.165600 199.745600
v -184.372982 4.165600 200.324182
v -173.908715 4.165600 210.789515
v -173.329600 4.165600 210.210425
v -173.228012 4.165600 210.312000
v -173.806582 4.165600 210.890594
v -168.625540 4.165600 216.072740
v -168.046388 4.165600 215.493600
v -167.944800 4.165600 215.595200
v -168.523419 4.165600 216.173819
v -163.342315 4.165600 221.355915
v -162.763200 4.165600 220.776800
v -162.661600 4.165600 220.878400
v -163.240182 4.165600 221.456994
v -158.059115 4.165600 226.639115
v -157.480000 4.165600 226.060000
v -157.378400 4.165600 226.161600
v -157.956982 4.165600 226.740194
v -152.775915 4.165600 231.922315
v -152.196788 4.165600 231.343200
v -152.095188 4.165600 231.444800
v -152.673782 4.165600 232.023394
v -147.370800 4.185263 237.083600
v -147.370800 4.165600 237.083600
v -146.913588 4.165600 236.626400
v -147.370800 4.083823 237.083600
v -146.812000 4.165600 236.728000
v -147.167600 4.165600 237.083600
v -147.167600 4.201565 237.083600
v -147.167600 4.100053 237.083600
v -180.467000 1.625600 173.913800
v -181.254499 1.625600 174.701299
v -181.254400 3.251200 174.701200
v -180.467000 3.251200 173.913800
v -183.337200 1.625600 176.784000
v -183.337200 3.251200 176.784000
v -183.337200 4.876800 176.784000
v -183.337200 0.609600 176.784000
v -182.981600 0.406400 198.628000
v -175.260000 0.406400 194.767200
v -212.750400 1.219200 237.744000
v -207.340188 1.219200 239.725225
v -204.216645 1.219200 243.839206
v -204.216000 1.219200 250.342400
v -204.825699 1.219200 254.812899
v -207.060812 1.219200 256.540025
v -207.340188 1.219200 254.457200
v -209.854899 -3.251200 208.762798
v -206.095588 -3.251200 209.702425
v -212.267800 -3.251200 219.278200
v -211.861400 -3.251200 217.652625
v -208.280000 -3.251200 218.516101
v -208.699125 -3.251200 220.091000
v -214.223600 -3.251200 227.380800
v -213.817200 -3.251200 225.831400
v -210.261175 -3.251200 226.644200
v -210.692975 -3.251200 228.269800
v -216.611200 5.689600 248.716800
v -216.611200 5.689600 245.465600
v -215.798425 5.689600 245.465600
v -215.392000 5.689600 245.872025
v -215.392000 5.689600 248.310400
v -215.798400 5.689600 248.716800
v -215.392000 1.625600 245.872025
v -215.392000 1.625600 248.310400
v -215.798400 1.625600 248.716800
v -216.611200 1.625600 248.716800
v -217.830375 1.625600 248.716800
v -216.611200 1.625600 245.465600
v -215.798425 1.625600 245.465600
v -217.830400 1.625600 245.465600
v -215.392000 1.422400 249.529600
v -219.456000 1.422400 249.529600
v -214.579200 1.219200 244.246400
v -214.579200 1.219200 249.936000
v -217.017600 2.438400 247.294400
v -217.830400 2.438400 247.294400
v -217.830400 2.438400 246.888000
v -217.017600 2.438400 246.888000
v -310.184874 -3.251200 262.737575
v -312.115299 -3.251200 265.785600
v -307.949625 -3.251200 260.299175
v -305.511299 -3.251200 258.470499
v -303.072899 -3.251200 256.946400
v -197.967625 4.165600 185.572375
v -197.916825 4.165600 185.318400
v -197.916899 3.251200 185.318499
v -195.275200 3.251200 182.676800
v -195.275200 1.625600 182.676800
v -197.916850 1.625600 185.318450
v -308.051200 -2.438395 169.875200
v 104.038400 9.753600 -26.009600
v 156.057600 9.753600 -26.009600
v 191.820800 9.753600 -52.019200
v 195.072000 9.753600 -48.768000
v 217.830400 9.753600 -87.782400
v 221.081600 9.753600 -84.531200
v -196.697600 1.422400 179.222425
v -196.697600 1.422400 175.564800
v -305.612800 -2.438400 120.294400
v -302.361600 -2.438400 120.294400
v -302.361600 -2.438400 95.910400
v -305.612800 -2.438400 95.910400
v -175.666450 0.254000 181.762375
v -175.514025 0.254000 182.473699
v -175.666425 0.254000 183.184887
v -176.377563 0.254000 183.388025
v -177.088800 0.254000 183.184812
v -177.292000 0.254000 182.473637
v -177.088788 0.254000 181.762388
v -176.377637 0.254000 181.559188
v -169.976788 0.254000 187.451988
v -169.824388 0.254000 188.163150
v -169.976788 0.254000 188.874313
v -170.688087 0.254000 189.077588
v -171.399200 0.254000 188.874412
v -171.602400 0.254000 188.163237
v -171.399188 0.254000 187.452000
v -170.688012 0.254000 187.248788
v -308.660800 3.149600 210.718400
v -308.660800 0.000000 209.905600
v -308.660800 0.000000 210.718400
v -308.660800 2.946400 209.905600
v -308.660800 0.000000 208.280000
v -308.660800 3.048000 210.718400
v -311.505600 3.352800 210.718400
v -311.505600 2.133600 210.718400
v -308.660800 2.133600 210.718400
v -311.505600 1.320800 210.718400
v -311.505600 0.000000 210.718400
v -308.864000 0.000000 210.718400
v -308.864000 1.320800 210.718400
v -308.864000 2.133600 210.718400
v -308.660800 2.895600 210.718400
v -308.864000 0.000000 209.905600
v -308.864000 2.946400 209.905600
v -308.864000 2.946400 208.483200
v -308.660800 2.895600 209.778600
v -308.660800 2.895600 209.981800
v -308.660800 2.895600 209.194400
v -308.660800 2.946400 209.778600
v -308.660800 2.946400 209.981800
v -308.660800 2.946400 209.194400
v -173.532800 0.203200 186.537600
v -172.313600 0.203200 185.318400
v -178.003200 13.004800 131.673600
v -180.441612 13.004800 134.924812
v -151.993550 13.004800 147.929625
v -154.431950 13.004800 151.993625
v -0.762298 13.004800 195.935600
v -0.050800 13.004800 195.935600
v -0.762196 13.004800 196.646899
v -0.050701 13.004800 196.646800
v -0.762198 13.004800 196.697575
v -0.050761 13.004800 196.697575
v -0.813005 13.004800 195.935600
v -0.813005 13.004800 196.646800
v -0.050800 13.004800 195.884775
v -0.762194 13.004800 195.884775
v 0.000000 13.004800 196.646701
v 0.000000 13.004800 195.935600
v -351.739150 -0.203200 278.384000
v -362.508701 -0.203200 268.224099
v -356.006400 -0.203200 272.694425
v -218.033600 2.743200 200.583800
v -217.754200 2.743200 200.863200
v -217.728800 2.743200 200.837701
v -218.008101 2.743200 200.558400
v -187.248800 2.540000 182.575200
v -186.715400 2.540000 183.108600
v -186.715301 2.590800 183.108699
v -187.248800 2.590800 182.575200
v -186.715400 2.133600 183.108600
v -187.248800 2.133600 182.575200
v -54.787800 1.727200 284.556200
v -54.838600 1.727200 284.556200
v -54.508499 1.727200 282.854400
v -54.457600 1.727200 282.854400
v -55.778400 1.727200 286.003901
v -55.803769 1.727200 285.978526
v -57.226200 1.727200 286.994699
v -57.226200 1.727200 286.943775
v -58.928000 1.727200 287.324800
v -58.928000 1.727200 287.274025
v -60.629800 1.727200 286.994699
v -60.629800 1.727200 286.943800
v -62.077501 1.727200 286.003901
v -62.052194 1.727200 285.978600
v -63.068200 1.727200 284.556200
v -63.017388 1.727200 284.556200
v -63.398400 1.727200 282.854400
v -63.347600 1.727200 282.854400
v -54.838699 1.727200 281.152600
v -54.787899 1.727200 281.152600
v -55.803806 1.727200 279.730200
v -55.778400 1.727200 279.704800
v -57.226200 1.727200 278.765000
v -57.226200 1.727200 278.714225
v -58.928000 1.727200 278.434800
v -58.928000 1.727200 278.384000
v -60.629800 1.727200 278.764901
v -60.629800 1.727200 278.714101
v -62.052194 1.727200 279.730200
v -62.077606 1.727200 279.704800
v -63.017394 1.727200 281.152600
v -63.068206 1.727200 281.152600
v -187.274200 2.590800 182.600600
v -186.740998 2.590800 183.134198
v -204.432446 1.494830 199.760384
v -204.410121 1.487314 199.715437
v -203.682650 1.487339 200.078082
v -203.704986 1.494847 200.123028
v -204.500460 0.130795 199.896909
v -204.522760 0.138288 199.941768
v -203.795412 0.138286 200.304400
v -203.773088 0.130770 200.259454
v -312.724726 -3.251200 228.396800
v -78.613000 0.457200 280.416000
v -78.587600 0.457200 280.416000
v -78.663800 0.457200 280.416000
v -98.755200 0.457200 292.684200
v -99.568000 0.457200 292.684200
v -99.568000 0.457200 292.709600
v -98.755200 0.457200 292.709600
v -98.755200 0.457200 292.760400
v -102.006400 0.457200 292.760400
v -99.771200 0.457200 292.684200
v -100.990400 0.457200 292.684200
v -100.990400 0.457200 292.709600
v -99.771200 0.457200 292.709600
v -101.193600 0.457200 292.684200
v -102.006400 0.457200 292.684200
v -102.006400 0.457200 292.709600
v -101.193600 0.457200 292.709600
v -54.457600 0.101600 282.854400
v -54.787800 0.101600 284.556200
v -54.838600 0.101600 284.556200
v -54.508400 0.101600 282.854400
v -55.778338 0.101600 286.004050
v -55.803800 0.101600 285.978600
v -57.226200 0.101600 286.994600
v -57.226200 0.101600 286.943800
v -58.928000 0.101600 287.324750
v -58.928000 0.101600 287.273950
v -60.629800 0.101600 286.994575
v -60.629800 0.101600 286.943800
v -62.077612 0.101600 286.004000
v -62.052299 0.101600 285.978600
v -63.068231 0.101600 284.556200
v -63.017301 0.101600 284.556200
v -63.398400 0.101600 282.854400
v -63.347600 0.101600 282.854400
v -54.787775 0.101600 281.152600
v -54.838600 0.101600 281.152600
v -55.778400 0.101600 279.704800
v -55.803831 0.101600 279.730225
v -57.226200 0.101600 278.714299
v -57.226200 0.101600 278.764901
v -58.928000 0.101600 278.383975
v -58.928000 0.101600 278.434775
v -60.629800 0.101600 278.714175
v -60.629800 0.101600 278.764975
v -62.077600 0.101600 279.704850
v -62.052194 0.101600 279.730200
v -63.068200 0.101600 281.152600
v -63.017400 0.101600 281.152600
v -58.953499 0.101600 279.222101
v -59.334400 0.101600 278.841200
v -58.293000 0.101600 278.561800
v -78.613000 0.000000 280.212800
v -78.613000 0.000000 280.009600
v -78.613000 0.000000 279.781000
v -78.613000 0.000000 279.577800
v -78.613000 2.616200 279.781000
v -78.613000 2.692400 279.577800
v -78.613000 0.000000 279.349200
v -78.613000 2.616200 279.577800
v -78.613000 2.616200 279.349200
v -78.613000 0.000000 279.146000
v -78.613000 0.000000 278.917400
v -78.613000 0.000000 278.688800
v -78.613000 0.000000 278.460200
v -78.613000 2.641600 278.688800
v -78.613000 2.616200 278.460200
v -78.613000 0.000000 278.257000
v -78.613000 0.000000 278.028400
v -78.613000 2.616200 278.257000
v -78.613000 2.616200 278.028400
v -78.613000 0.000000 277.825200
v -78.613000 2.667000 278.028400
v -78.613000 0.000000 277.596600
v -78.613000 0.000000 277.368000
v -78.613000 2.590800 277.596600
v -78.613000 2.641600 277.368000
v -78.663800 0.000000 280.212800
v -78.663800 0.000000 280.009600
v -78.663800 0.000000 279.781000
v -78.663800 0.000000 279.577800
v -78.663800 2.692400 279.577800
v -78.663800 2.616200 279.781000
v -78.663800 0.000000 279.349200
v -78.663800 2.616200 279.349200
v -78.663800 2.616200 279.577800
v -78.663800 0.000000 279.146000
v -78.663800 0.000000 278.917400
v -78.663800 0.000000 278.688800
v -78.663800 0.000000 278.460200
v -78.663800 2.616200 278.460200
v -78.663800 2.641600 278.688800
v -78.663800 0.000000 278.257000
v -78.663800 0.000000 278.028400
v -78.663800 2.616200 278.028400
v -78.663800 2.616200 278.257000
v -78.663800 0.000000 277.825200
v -78.663800 2.667000 278.028400
v -78.663800 0.000000 277.596600
v -78.663800 0.000000 277.368000
v -78.663800 2.641600 277.368000
v -78.663800 2.590800 277.596600
v -100.939600 2.616200 292.760400
v -101.168200 2.616200 292.760400
v -101.168200 2.616200 292.709600
v -100.939600 2.616200 292.709600
v -99.618800 2.616200 292.760400
v -99.847400 2.616200 292.760400
v -99.847400 2.616200 292.709600
v -99.618800 2.616200 292.709600
v -101.803200 0.000000 292.709600
v -101.600000 0.000000 292.709600
v -101.371400 0.000000 292.709600
v -101.168200 0.000000 292.709600
v -101.168200 2.692400 292.709600
v -101.371400 2.616200 292.709600
v -100.939600 0.000000 292.709600
v -100.736400 0.000000 292.709600
v -100.736400 2.667000 292.709600
v -100.507800 0.000000 292.709600
v -100.279200 0.000000 292.709600
v -100.050600 0.000000 292.709600
v -100.050600 2.616200 292.709600
v -100.279200 2.641600 292.709600
v -99.847400 0.000000 292.709600
v -99.618800 0.000000 292.709600
v -99.415600 0.000000 292.709600
v -99.618800 2.667000 292.709600
v -99.187000 0.000000 292.709600
v -98.958400 0.000000 292.709600
v -98.958400 2.641600 292.709600
v -99.187000 2.590800 292.709600
v -101.803200 0.000000 292.760400
v -101.600000 0.000000 292.760400
v -101.371400 0.000000 292.760400
v -101.168200 0.000000 292.760400
v -101.371400 2.616200 292.760400
v -101.168200 2.692400 292.760400
v -100.939600 0.000000 292.760400
v -100.736400 0.000000 292.760400
v -100.736400 2.667000 292.760400
v -100.507800 0.000000 292.760400
v -100.279200 0.000000 292.760400
v -100.050600 0.000000 292.760400
v -100.279200 2.641600 292.760400
v -100.050600 2.616200 292.760400
v -99.847400 0.000000 292.760400
v -99.618800 0.000000 292.760400
v -99.415600 0.000000 292.760400
v -99.618800 2.667000 292.760400
v -99.187000 0.000000 292.760400
v -98.958400 0.000000 292.760400
v -99.187000 2.590800 292.760400
v -98.958400 2.641600 292.760400
v -329.463400 2.832100 170.764200
v -329.463400 2.832100 171.018200
v -329.463400 2.832100 167.106600
v -329.463400 2.832100 167.360600
v -326.821800 2.832100 170.764200
v -326.821800 2.832100 171.018200
v -326.821800 2.832100 173.888400
v -326.837030 2.832100 165.531800
v -326.837030 2.832100 165.277800
v -326.811630 2.832100 165.277800
v -326.811630 2.832100 165.531800
v -326.837030 2.832100 169.189400
v -326.837030 2.832100 168.935400
v -326.811630 2.832100 168.935400
v -326.811630 2.832100 169.189400
v -329.463400 1.587500 171.018200
v -329.463400 1.587500 170.764200
v -329.463400 1.587500 167.360600
v -329.463400 1.587500 167.106600
v -326.821800 1.587500 171.018200
v -326.821800 1.587500 170.764200
v -326.821800 1.587500 173.888400
v -326.837030 1.587500 165.277800
v -326.837030 1.587500 165.531800
v -326.811630 1.587500 165.531800
v -326.811630 1.587500 165.277800
v -326.837030 1.587500 168.935400
v -326.837030 1.587500 169.189400
v -326.811630 1.587500 169.189400
v -326.811630 1.587500 168.935400
v -84.124961 14.224000 -172.008800
v -84.124961 14.211300 -172.008800
v -84.124961 14.224000 -174.345600
v -84.124961 14.211300 -174.345600
v -167.843622 0.000000 143.192227
v -167.843622 13.004800 143.192190
v -155.245519 0.000000 151.459729
v -155.245519 13.004800 151.459692
v -192.944192 0.000000 102.775414
v -192.944192 13.004800 102.775414
v -188.377922 0.000000 114.517239
v -188.377922 13.004800 114.517239
v -183.811639 0.000000 126.259109
v -183.811639 13.004800 126.259096
v 202.482214 0.000000 -58.956928
v 202.482202 9.753600 -58.956935
v 209.892454 0.000000 -69.145987
v 209.892429 9.753600 -69.146000
v 217.302680 0.000000 -79.335064
v 217.302680 9.753600 -79.335071
v 166.940061 0.000000 -32.357755
v 166.940086 9.753600 -32.357718
v 177.822572 0.000000 -38.705885
v 177.822597 9.753600 -38.705851
v 188.705108 0.000000 -45.054031
v 188.705133 9.753600 -45.053994
v 49.091137 0.000000 125.559269
v 49.091137 0.101600 125.559269
v -0.042739 12.594139 195.825889
v -0.050760 13.004800 195.833901
v -0.042722 12.593249 195.876763
v 0.195220 0.410688 196.943576
v 0.195203 0.411574 196.994363
v -0.050760 13.004800 196.748301
v 0.058913 12.592362 195.927551
v 0.050800 13.004800 195.935600
v 0.050800 13.004800 195.834000
v 0.058878 12.594134 195.825976
v 0.296803 0.412463 196.994239
v 0.296838 0.410692 196.892875
v 0.050800 13.004800 196.748301
v 0.050800 13.004800 196.646800
v 0.058818 12.594130 196.654824
v 0.008100 12.593243 196.654837
v -1.058982 0.410693 196.892776
v -1.109757 0.411580 196.892763
v -0.863699 13.004800 196.646800
v -0.042647 12.592359 196.756462
v 0.058728 12.594127 196.756424
v -1.109646 0.412464 196.994338
v -1.008273 0.410695 196.994376
v -0.863798 13.004800 196.748400
v -0.762194 13.004800 196.748400
v -1.008176 0.410687 196.943576
v -0.770234 12.593246 195.876763
v -0.762196 13.004800 195.834000
v -0.770217 12.594134 195.825976
v 0.008100 12.593244 195.927563
v -1.109664 0.411578 195.689637
v -1.058982 0.410694 195.689624
v -0.863798 13.004800 195.935600
v -1.008176 0.410692 195.588037
v -1.109739 0.412465 195.588074
v -0.863699 13.004800 195.834012
v -0.871833 12.594136 195.825889
v -0.871868 12.592361 195.927563
v -183.827055 4.622800 182.404457
v -184.131806 4.876800 182.099719
v -183.827068 4.826000 182.404668
v -184.131806 5.080000 182.099917
v -191.447155 8.128000 174.784755
v -191.447155 8.331200 174.784755
v -191.853468 8.128000 174.378082
v -155.364755 4.165600 228.175245
v -155.364755 4.267200 228.175245
v -164.273136 4.165600 219.266864
v -164.273136 4.267200 219.266864
v -173.181528 4.165600 210.358484
v -173.181528 4.267200 210.358484
v -182.089933 4.165600 201.450079
v -182.089933 4.267200 201.450079
v -190.998351 4.165600 192.541649
v -190.998351 4.267200 192.541661
v -178.409935 0.406400 178.003535
v -178.409935 0.203200 178.003535
v -179.222735 0.609600 178.003535
v -179.222735 0.406400 178.003535
v -155.212343 4.165600 228.022969
v -164.120686 4.165600 219.114613
v -173.029054 4.165600 210.206233
v -181.937447 4.165600 201.297840
v -190.845852 4.165600 192.389447
v -158.565230 3.657600 231.375570
v -158.463630 3.657600 231.273970
v -167.473585 3.657600 222.467215
v -167.371985 3.657600 222.365615
v -176.381966 3.657600 213.558834
v -176.280353 3.657600 213.457234
v -185.290358 3.657600 204.650442
v -185.188746 3.657600 204.548842
v -194.198763 3.657600 195.742037
v -194.097151 3.657600 195.640437
v -247.701271 1.320800 250.139200
v -247.701271 1.219200 250.139200
v -235.103318 1.320800 250.139200
v -235.103318 1.219200 250.139200
v -280.213346 1.320800 250.139200
v -280.213346 1.219200 250.139200
v -267.615442 1.320800 250.139200
v -267.615442 1.219200 250.139200
v -246.482046 1.320800 244.043200
v -246.482046 1.219200 244.043200
v -259.080943 1.320800 244.043200
v -259.080943 1.219200 244.043200
v -278.994121 1.320800 244.043200
v -278.994121 1.219200 244.043200
v -291.593091 1.320800 244.043200
v -291.593091 1.219200 244.043200
v -305.612800 0.609600 245.466071
v -305.612800 0.812800 245.466071
v -305.612800 -6.502400 182.473947
v -305.612800 -2.438400 195.072000
v -305.612800 -2.438400 182.473947
v -305.612800 -6.502400 169.875870
v -305.612800 -2.438400 169.875870
v -305.612800 -6.502400 157.277767
v -305.612800 -2.438400 157.277767
v -305.612800 -6.502400 144.679640
v -305.612800 -2.438400 144.679640
v -305.612800 -6.502400 132.081488
v -305.612800 -2.438400 132.081488
v -305.612800 -6.502400 119.483312
v -305.612800 -2.438400 119.483312
v -305.612800 -6.502400 106.885110
v -305.612800 -2.438400 106.885110
v -305.612800 -6.502400 94.286884
v -305.612800 -2.438400 94.286884
v -305.612800 -6.502400 81.688639
v -305.612800 -2.438400 81.688639
v -150.299130 4.622800 215.932717
v -149.994330 4.876800 216.237517
v -141.967955 4.622800 224.263942
v -142.272755 4.876800 223.959142
v -145.930355 8.128000 220.301542
v -145.930355 8.331200 220.301542
v -146.336755 8.128000 219.895142
v -146.336755 8.331200 219.895142
v -150.299068 4.826000 215.932668
v -149.994268 5.080000 216.237468
v -141.967843 4.826000 224.263744
v -142.272569 5.080000 223.959018
v -146.133307 8.128000 220.098243
v -160.865530 4.622800 205.366317
v -160.560779 4.876800 205.671068
v -152.534454 4.622800 213.697443
v -152.839155 4.876800 213.392742
v -156.496755 8.128000 209.735142
v -156.496755 8.331200 209.735142
v -156.903155 8.128000 209.328742
v -156.903155 8.331200 209.328742
v -160.865555 4.826000 205.366355
v -160.560792 5.080000 205.671105
v -152.534541 4.826000 213.697641
v -152.839316 5.080000 213.392866
v -156.699905 8.128000 209.531917
v -171.432029 4.622800 194.799831
v -171.127130 4.876800 195.104730
v -163.100643 4.622800 203.131142
v -163.405530 4.876800 202.826280
v -167.063155 8.128000 199.168755
v -167.063155 8.331200 199.168755
v -167.469567 8.128000 198.762367
v -167.469567 8.331200 198.762367
v -191.853555 8.331200 174.378355
v -171.431955 4.826000 194.800054
v -171.127192 5.080000 195.104841
v -163.100755 4.826000 203.131155
v -167.266280 8.128000 198.965505
v -115.113023 4.470400 283.768800
v -121.818400 4.470400 283.768800
v -115.113023 4.546600 283.768800
v -102.514400 4.470400 283.768800
v -91.541774 4.470400 283.768800
v -98.247200 4.470400 283.768800
v -91.541774 4.546600 283.768800
v -78.943200 4.470400 283.768800
v -121.818400 4.470400 283.565600
v -115.113023 4.470400 283.565600
v -115.113023 4.546600 283.565600
v -102.514400 4.470400 283.565600
v -98.247200 4.470400 283.565600
v -91.541774 4.470400 283.565600
v -91.541774 4.546600 283.565600
v -78.943200 4.470400 283.565600
v -91.541774 3.022600 280.771600
v -91.541774 3.073400 280.771600
v -115.113023 3.022600 280.771600
v -115.113023 3.073400 280.771600
v -85.648961 3.073400 280.873200
v -85.648961 3.022600 280.771600
v -109.220211 3.073400 280.873200
v -109.220211 3.022600 280.771600
v -85.648961 3.073400 291.744400
v -85.648961 3.124200 291.744400
v -109.220211 3.073400 291.744400
v -109.220211 3.124200 291.744400
v -91.541774 3.022600 291.846000
v -91.541774 3.073400 291.846000
v -115.113023 3.022600 291.846000
v -115.113023 3.073400 291.846000
v -98.247200 4.470400 288.848800
v -91.541774 4.470400 288.848800
v -91.541774 4.546600 288.848800
v -78.943200 4.470400 288.848800
v -121.818400 4.470400 288.848800
v -115.113023 4.470400 288.848800
v -115.113023 4.546600 288.848800
v -102.514400 4.470400 288.848800
v -85.648961 3.022600 291.846000
v -109.220211 3.022600 291.846000
v -91.541774 4.470400 289.052000
v -98.247200 4.470400 289.052000
v -91.541774 4.546600 289.052000
v -78.943200 4.470400 289.052000
v -115.113023 4.470400 289.052000
v -121.818400 4.470400 289.052000
v -115.113023 4.546600 289.052000
v -102.514400 4.470400 289.052000
v -78.943200 3.200400 286.410400
v -85.648961 3.200400 286.410400
v -85.648961 3.251200 286.410400
v -98.247200 3.200400 286.410400
v -102.514400 3.200400 286.410400
v -109.220211 3.200400 286.410400
v -109.220211 3.251200 286.410400
v -121.818400 3.200400 286.410400
v -85.648961 3.200400 286.207200
v -78.943200 3.200400 286.207200
v -85.648961 3.251200 286.207200
v -98.247200 3.200400 286.207200
v -109.220211 3.200400 286.207200
v -102.514400 3.200400 286.207200
v -109.220211 3.251200 286.207200
v -121.818400 3.200400 286.207200
v -177.597135 0.203200 178.003535
v -177.597135 0.000000 178.003535
v -364.745389 -0.203200 289.356800
v -364.745389 0.000000 289.356800
v -364.745389 -0.203200 320.243200
v -364.745389 0.000000 320.243200
v -364.745389 -0.203200 203.200000
v -364.745389 0.000000 203.200000
v -364.745389 -0.203200 141.427200
v -364.745389 0.000000 141.427200
v -37.065880 -0.101600 263.075093
v -37.065880 2.336800 263.075093
v -246.482071 1.320800 255.625600
v -246.482071 1.320800 255.828800
v -259.080967 1.320800 255.625600
v -259.080967 1.320800 255.828800
v -247.701271 1.320800 250.342400
v -235.103318 1.320800 250.342400
v -246.482071 1.320800 243.840000
v -259.080967 1.320800 243.840000
v -247.701371 1.320800 238.556800
v -247.701371 1.320800 238.353600
v -235.103417 1.320800 238.556800
v -235.103417 1.320800 238.353600
v -278.993922 1.320800 243.840000
v -291.592868 1.320800 243.840000
v -280.213346 1.320800 238.353600
v -280.213321 1.320800 238.556800
v -267.615442 1.320800 238.353600
v -267.615442 1.320800 238.556800
v -278.994344 1.320800 255.625600
v -278.994319 1.320800 255.828800
v -291.593265 1.320800 255.625600
v -291.593290 1.320800 255.828800
v -280.213445 1.320800 250.342400
v -267.615541 1.320800 250.342400
v -302.361600 -6.502400 159.715498
v -302.361600 -2.438400 159.715498
v -302.361600 -6.502400 107.696198
v -302.361600 -2.438400 107.696198
v -308.051200 0.406400 247.498071
v -308.051200 0.609600 247.498071
v -308.051200 0.406400 234.900118
v -308.051200 0.609600 234.900118
v -377.546319 -1.625600 282.854400
v -390.144000 -0.203200 282.854400
v -377.546319 -0.203200 282.854400
v -364.948614 -1.625600 282.854400
v -364.948614 -0.203200 282.854400
v -352.350884 -1.625600 282.854400
v -352.350884 -0.203200 282.854400
v -85.648961 3.124200 280.873200
v -109.220211 3.124200 280.873200
v -58.960265 -0.101600 290.340529
v -58.960265 0.101600 290.340529
v -42.944709 -0.101600 268.903103
v -42.944709 2.336800 268.903103
v -84.124961 14.224000 -171.805600
v -84.124961 14.224000 -174.548800
v -364.745389 -0.203200 172.313600
v -364.745389 0.000000 172.313600
v -280.010121 -3.251200 258.064000
v -280.010121 1.219200 258.064000
v -267.412217 -3.251200 258.064000
v -247.498071 -3.251200 258.064000
v -247.498071 1.219200 258.064000
v -234.086400 -3.251200 258.064000
v -234.900118 -3.251200 258.064000
v -214.985997 -3.251200 258.064000
v -214.985997 1.219200 258.064000
v -227.584000 -3.251200 258.064000
v -246.482046 1.219200 255.828800
v -259.080943 1.219200 255.828800
v -278.994121 1.219200 255.828800
v -291.593091 1.219200 255.828800
v -303.174400 0.812800 250.342871
v -303.174400 1.016000 250.342871
v -310.489600 0.203200 244.246871
v -310.489600 0.406400 244.246871
v -310.489600 0.203200 256.845767
v -310.489600 0.406400 256.845767
v -137.363634 -3.251200 227.381222
v -137.363634 -1.625600 227.381222
v -137.363634 0.609600 227.381222
v -137.363634 0.000000 227.381222
v -136.957234 0.609600 227.381222
v -136.957234 -3.251200 227.381222
v -158.565031 3.708400 231.375769
v -167.473387 3.708400 222.467413
v -176.381767 3.708400 213.559033
v -185.290160 3.708400 204.650640
v -194.198577 3.708400 195.742223
v -187.757222 4.876800 170.282022
v -184.912012 4.876800 167.436812
v -187.757222 8.128000 170.282022
v -187.757222 0.000000 170.282022
v -187.757222 1.625600 170.282022
v -200.355299 1.625600 182.880099
v -187.757122 3.251200 170.281922
v -200.355200 3.251200 182.880000
v -216.611200 4.114800 245.465600
v -216.611200 5.689600 245.567299
v -216.611200 4.114800 245.567299
v -216.611200 2.540000 245.465600
v -216.611200 2.540000 245.567299
v -216.611200 2.438400 245.567299
v -216.611200 5.689600 247.142050
v -216.611200 4.114800 247.142050
v -216.611200 2.540000 247.142050
v -216.611200 2.438400 247.142050
v -216.611200 4.114800 248.716800
v -216.611200 2.540000 248.716800
v -312.928000 0.203200 265.785600
v -312.928000 0.000000 253.187671
v -312.928000 0.203200 253.187671
v -312.928000 0.000000 240.589718
v -312.928000 0.203200 228.396800
v -312.928000 0.203200 240.589743
v -292.608000 -3.251200 236.118400
v -280.010121 -3.251200 236.118400
v -280.010121 1.219200 236.118400
v -267.412217 -3.251200 236.118400
v -266.598400 -3.251200 236.118400
v -260.096000 -3.251200 236.118400
v -247.498071 -3.251200 236.118400
v -247.498071 1.219200 236.118400
v -234.900118 -3.251200 236.118400
v -234.086400 -3.251200 236.118400
v -214.985997 -3.251200 236.118400
v -214.985997 1.219200 236.118400
v -227.584000 -3.251200 236.118400
v -185.286377 0.203200 184.879977
v -184.879977 0.203200 185.286377
v -312.928000 0.203200 259.690096
v -310.489600 0.203200 259.690096
v -312.928000 0.203200 247.091200
v -310.489600 0.203200 247.091200
v -312.928000 0.203200 240.995671
v -310.489600 0.203200 240.995671
v -147.930046 0.000000 229.616446
v -147.930046 1.625600 229.616446
v -147.930046 4.876800 229.616446
v -147.930046 3.251200 229.616446
v 53.002737 0.000000 129.470857
v 53.002737 0.101600 129.470857
v -305.612800 -2.438400 160.528310
v -302.361600 -2.438400 160.528310
v -305.612800 -2.438400 108.509011
v -302.361600 -2.438400 108.508998
v -312.115200 -2.438400 85.750561
v -305.612800 -2.438400 85.750561
v -305.612800 -2.438400 98.349147
v -312.115200 -2.438400 110.947758
v -305.612800 -2.438400 110.947758
v -312.115200 -2.438400 123.546394
v -305.612800 -2.438400 123.546394
v -312.115200 -2.438400 136.145054
v -305.612800 -2.438400 136.145054
v -312.115200 -2.438400 148.743739
v -305.612800 -2.438400 148.743739
v -312.115200 -2.438400 161.342450
v -305.612800 -2.438400 161.342450
v -312.115200 -2.438400 173.941184
v -305.612800 -2.438400 173.941184
v -312.115200 -2.438400 186.539944
v -305.612800 -2.438400 186.539944
v -299.720000 1.016000 240.182400
v -299.720000 1.219200 240.182400
v -299.720000 1.219200 241.402046
v -299.720000 1.016000 241.402046
v -299.720000 1.219200 254.000000
v -299.720000 1.016000 254.000000
v -247.701271 1.219200 238.353600
v -235.103318 1.219200 238.353600
v -280.213346 1.219200 238.353600
v -267.615442 1.219200 238.353600
v -331.216620 -0.050800 247.091200
v -331.216645 -0.050800 260.096000
v -331.216645 -0.050800 234.086400
v -49.816165 0.101600 281.196628
v 101.161317 0.101600 76.777354
v 103.599735 0.101600 74.338935
v 48.548463 0.101600 133.924935
v 44.636962 0.101600 130.013435
v 57.456797 0.101600 125.016605
v 53.545302 0.101600 121.105092
v -214.835383 1.524000 230.806551
v -211.660482 1.524000 231.568774
v -213.364341 1.524000 224.681802
v -210.189440 1.524000 225.444025
v -211.893299 1.524000 218.557029
v -208.718398 1.524000 219.319252
v -210.422282 1.524000 212.432255
v -207.247356 1.524000 213.194478
v -260.096000 -2.032000 236.118400
v -260.096000 -2.032000 234.086400
v -247.498071 -2.032000 234.086400
v -247.498071 -2.032000 236.118400
v -234.900118 -2.032000 234.086400
v -234.086400 -2.032000 234.086400
v -234.086400 -2.032000 236.118400
v -234.900118 -2.032000 236.118400
v -292.608000 -2.032000 236.118400
v -292.608000 -2.032000 234.086400
v -280.010121 -2.032000 234.086400
v -280.010121 -2.032000 236.118400
v -267.412217 -2.032000 234.086400
v -266.598400 -2.032000 234.086400
v -266.598400 -2.032000 236.118400
v -267.412217 -2.032000 236.118400
v -185.692678 0.406400 184.473676
v -185.286377 0.406400 184.879977
v -310.489600 0.406400 259.690096
v -308.051200 0.406400 259.690096
v -310.489600 0.406400 247.091200
v -308.051200 0.406400 247.091200
v -308.051200 0.406400 244.246871
v -292.608000 1.219200 240.385823
v -299.110400 1.219200 240.385823
v -292.608000 1.219200 246.685246
v -299.110400 1.219200 246.685246
v -292.608000 1.219200 252.984670
v -299.110400 1.219200 252.984670
v -292.608000 1.219200 259.284118
v -266.598400 1.219200 244.856223
v -260.096000 1.219200 244.856223
v -266.598400 1.219200 251.155671
v -260.096000 1.219200 251.155671
v -286.309073 1.219200 236.118400
v -286.309073 1.219200 238.556800
v -280.010146 1.219200 238.556800
v -273.711219 1.219200 236.118400
v -273.711219 1.219200 238.556800
v -267.412267 1.219200 238.556800
v -286.309073 1.219200 255.625600
v -286.309073 1.219200 258.064000
v -280.010146 1.219200 255.625600
v -273.711219 1.219200 255.625600
v -273.711219 1.219200 258.064000
v -267.412267 1.219200 255.625600
v -292.608000 1.219200 250.139200
v -292.608000 1.219200 244.043200
v -286.309073 1.219200 244.043200
v -286.309073 1.219200 250.139200
v -280.010146 1.219200 244.043200
v -280.010146 1.219200 250.139200
v -273.711219 1.219200 244.043200
v -273.711219 1.219200 250.139200
v -267.412267 1.219200 244.043200
v -266.598400 1.219200 244.043200
v -266.598400 1.219200 250.139200
v -267.412267 1.219200 250.139200
v -253.797048 1.219200 255.625600
v -253.797048 1.219200 258.064000
v -247.498096 1.219200 255.625600
v -241.199144 1.219200 255.625600
v -241.199144 1.219200 258.064000
v -234.900167 1.219200 255.625600
v -253.797048 1.219200 236.118400
v -253.797048 1.219200 238.556800
v -247.498096 1.219200 238.556800
v -241.199144 1.219200 236.118400
v -241.199144 1.219200 238.556800
v -234.900167 1.219200 238.556800
v -260.096000 1.219200 250.139200
v -260.096000 1.219200 244.043200
v -253.797048 1.219200 244.043200
v -253.797048 1.219200 250.139200
v -247.498096 1.219200 244.043200
v -247.498096 1.219200 250.139200
v -241.199144 1.219200 244.043200
v -241.199144 1.219200 250.139200
v -234.900167 1.219200 244.043200
v -234.086400 1.219200 244.043200
v -234.086400 1.219200 250.139200
v -234.900167 1.219200 250.139200
v -234.086400 1.219200 240.385823
v -227.584000 1.219200 240.385823
v -234.086400 1.219200 246.685246
v -227.584000 1.219200 246.685246
v -234.086400 1.219200 252.984670
v -227.584000 1.219200 252.984670
v -234.086400 1.219200 259.284118
v -227.584000 1.219200 259.284118
v -202.388043 1.219200 247.091200
v -202.388043 1.219200 250.898769
v -208.687045 1.219200 257.227784
v -208.687045 1.219200 253.390648
v -203.726852 1.219200 253.390648
v -208.687045 1.219200 247.091200
v -214.986022 1.219200 253.390648
v -214.986046 1.219200 247.091200
v -221.285023 1.219200 258.064000
v -221.285023 1.219200 253.390648
v -221.285023 1.219200 247.091200
v -227.584000 1.219200 253.390648
v -227.584000 1.219200 247.091200
v -202.388043 1.219200 243.283904
v -202.400880 1.219200 243.253568
v -208.687045 1.219200 243.253592
v -208.687045 1.219200 236.954144
v -208.687045 1.219200 242.417848
v -214.986046 1.219200 242.417848
v -221.285023 1.219200 242.417848
v -221.285023 1.219200 236.118400
v -227.584000 1.219200 242.417848
v -299.720000 1.219200 252.781296
v -299.110400 1.219200 252.781296
v -213.364242 1.422400 224.681703
v -210.189390 1.422400 225.443876
v -210.422158 1.422400 212.432181
v -207.247331 1.422400 213.194379
v -187.789542 1.422400 170.314144
v -189.618243 1.422400 168.485443
v -349.504000 -0.203200 182.473947
v -349.504000 -1.625600 182.473947
v -349.504000 -0.203200 169.875870
v -349.504000 -1.625600 169.875870
v -349.504000 -0.203200 157.277767
v -349.504000 -1.625600 157.277767
v -349.504000 -0.203200 144.679640
v -349.504000 -1.625600 144.679640
v -349.504000 -0.203200 132.081488
v -349.504000 -1.625600 132.081488
v -349.504000 -0.203200 119.483312
v -349.504000 -1.625600 119.483312
v -349.504000 -0.203200 106.885110
v -349.504000 -1.625600 106.885110
v -349.504000 -0.203200 94.286884
v -349.504000 -1.625600 94.286884
v -349.504000 -0.203200 81.688639
v -349.504000 -1.625600 81.688639
v -349.504000 -0.203200 65.024000
v -349.504000 -0.203200 69.090369
v -349.504000 -1.625600 69.090369
v -349.504000 -1.625600 338.531845
v -349.504000 -0.203200 338.531845
v -349.504000 -1.625600 325.934065
v -349.504000 -0.203200 325.934065
v -349.504000 -1.625600 313.336260
v -349.504000 -0.203200 313.336260
v -349.504000 -1.625600 300.738431
v -349.504000 -0.203200 300.738431
v -349.504000 -1.625600 288.140577
v -349.504000 -0.203200 288.140577
v -349.504000 0.000000 351.129600
v -349.504000 0.000000 325.934040
v -349.504000 0.000000 300.738381
v -349.504000 -0.203200 135.738121
v -349.504000 0.000000 135.738121
v -349.504000 -0.203200 160.935541
v -349.504000 0.000000 160.935541
v -349.504000 -0.203200 186.133048
v -349.504000 0.000000 186.133048
v -227.584000 -3.251200 247.498071
v -227.584000 1.219200 247.498071
v -227.584000 -3.251200 234.900118
v -227.584000 1.219200 234.900118
v 116.636800 0.000000 -26.009600
v 116.636800 9.753600 -26.009600
v 129.235671 0.000000 -26.009600
v 129.235671 9.753600 -26.009600
v 141.834344 0.000000 -26.009600
v 141.834344 9.753600 -26.009600
v 154.433042 0.000000 -26.009600
v 154.433042 9.753600 -26.009600
v -186.099066 0.609600 184.067066
v -185.692666 0.609600 184.473466
v -137.160434 0.609600 227.584347
v -162.933943 0.609600 226.803645
v -159.682706 0.609600 223.552395
v -171.842311 0.609600 217.895289
v -168.591061 0.609600 214.644039
v -180.750691 0.609600 208.986909
v -177.499442 0.609600 205.735659
v -189.659096 0.609600 200.078504
v -186.407847 0.609600 196.827254
v -197.916800 0.609600 190.519360
v -195.316264 0.609600 187.918837
v -167.030859 0.000000 191.008459
v -167.030859 1.625600 191.008459
v -167.030760 4.876800 191.008360
v -167.030760 3.251200 191.008360
v -166.623578 0.000000 223.114022
v -166.623578 0.609600 223.114022
v -179.221581 0.000000 210.516019
v -179.221581 0.609600 210.516019
v -191.819597 0.000000 197.918003
v -191.819597 0.609600 197.918003
v -158.463444 3.708400 231.274169
v -167.371799 3.708400 222.365813
v -176.280180 3.708400 213.457433
v -185.188572 3.708400 204.549040
v -194.096977 3.708400 195.640623
v -145.898108 0.000000 212.141296
v -145.898108 1.625600 212.141296
v -145.897997 4.876800 212.141197
v -145.897997 3.251200 212.141197
v -158.496422 0.000000 219.050022
v -158.496422 1.625600 219.050022
v -158.496422 4.876800 219.050022
v -158.496422 3.251200 219.050022
v -156.464484 0.000000 201.574884
v -156.464484 1.625600 201.574884
v -156.464384 4.876800 201.574784
v -156.464384 3.251200 201.574784
v -169.062797 0.000000 208.483597
v -169.062797 1.625600 208.483597
v -169.062797 4.876800 208.483597
v -169.062797 3.251200 208.483597
v -155.212256 4.267200 228.022944
v -164.120637 4.267200 219.114563
v -173.029042 4.267200 210.206158
v -181.937447 4.267200 201.297753
v -190.845877 4.267200 192.389323
v -163.372378 0.000000 219.862822
v -163.372378 0.609600 219.862822
v -175.970381 0.000000 207.264819
v -175.970381 0.609600 207.264819
v -188.568409 0.000000 194.666791
v -188.568409 0.609600 194.666791
v -247.498071 -2.438400 234.086400
v -234.900118 -2.438400 234.086400
v -280.010121 -2.438400 234.086400
v -267.412217 -2.438400 234.086400
v -234.086400 -3.251200 247.498071
v -234.086400 1.219200 247.498071
v -234.086400 -3.251200 234.900118
v -234.086400 1.219200 234.900118
v -260.096000 -3.251200 251.155671
v -260.096000 -3.251200 255.625600
v -280.010121 1.320800 255.625600
v -292.608000 -3.251200 255.625600
v -280.010121 -3.251200 255.625600
v -267.412217 1.320800 255.625600
v -267.412217 -3.251200 255.625600
v -266.598400 -3.251200 255.625600
v -247.498071 1.320800 255.625600
v -234.900118 1.320800 255.625600
v -247.498071 -3.251200 255.625600
v -234.900118 -3.251200 255.625600
v -234.086400 -3.251200 255.625600
v -246.685271 1.320800 250.342400
v -234.086400 -3.251200 250.342400
v -246.685271 -3.251200 250.342400
v -259.284167 1.320800 250.342400
v -259.284167 -3.251200 250.342400
v -260.096000 -3.251200 250.342400
v -280.010245 1.320800 250.342400
v -280.010245 1.219200 250.342400
v -267.412341 1.320800 250.342400
v -267.412341 1.219200 250.342400
v -280.010121 -3.251200 250.342400
v -292.608000 -3.251200 250.342400
v -266.598400 -3.251200 250.342400
v -267.412217 -3.251200 250.342400
v -247.498071 1.320800 243.840000
v -260.096000 -3.251200 243.840000
v -247.498071 -3.251200 243.840000
v -234.900118 1.320800 243.840000
v -234.900118 -3.251200 243.840000
v -234.086400 -3.251200 243.840000
v -280.010121 1.320800 243.840000
v -292.608000 -3.251200 243.840000
v -280.010121 -3.251200 243.840000
v -267.412217 1.320800 243.840000
v -267.412217 -3.251200 243.840000
v -266.598400 -3.251200 243.840000
v -247.498071 1.320800 238.556800
v -234.900118 1.320800 238.556800
v -280.010046 1.320800 238.556800
v -267.412167 1.320800 238.556800
v -280.010121 -3.251200 238.556800
v -267.412217 -3.251200 238.556800
v -234.086400 -3.251200 238.556800
v -246.685271 -3.251200 238.556800
v -246.685271 1.219200 238.556800
v -259.284167 -3.251200 238.556800
v -259.284167 1.219200 238.556800
v -266.598400 -3.251200 243.027646
v -266.598400 1.219200 243.027671
v -292.608000 -3.251200 251.155671
v -292.608000 1.219200 251.155671
v -336.906245 -0.203200 207.670797
v -336.906245 -0.203200 195.072000
v -325.120000 -0.203200 195.072000
v -325.120000 -0.203200 207.670797
v -336.906245 -0.203200 220.269619
v -325.120000 -0.203200 220.269619
v -336.906245 -0.203200 232.868465
v -325.120000 -0.203200 232.868465
v -336.906245 -0.203200 245.467336
v -325.120000 -0.203200 245.467336
v -336.906245 -0.203200 258.066232
v -325.120000 -0.203200 258.066232
v -336.906245 -0.203200 270.665153
v -325.120000 -0.203200 270.665153
v -336.906245 -0.203200 283.264099
v -325.120000 -0.203200 283.264099
v -336.906245 -0.203200 295.863070
v -325.120000 -0.203200 295.863070
v -336.906245 -0.203200 308.462065
v -325.120000 -0.203200 308.462065
v -336.906245 -0.203200 321.061085
v -325.120000 -0.203200 321.061085
v -336.906245 -0.203200 333.660130
v -325.120000 -0.203200 333.660130
v -336.906245 -0.203200 351.129600
v -336.906245 -0.203200 346.259200
v -325.120000 -0.203200 346.259200
v -349.504000 -0.203200 207.670797
v -349.504000 -0.203200 220.269619
v -349.504000 -0.203200 232.868465
v -349.504000 -0.203200 245.467336
v -349.504000 -0.203200 258.066232
v -349.504000 -0.203200 270.665153
v -349.504000 -0.203200 283.264099
v -349.504000 -0.203200 295.863070
v -349.504000 -0.203200 308.462065
v -349.504000 -0.203200 321.061085
v -349.504000 -0.203200 333.660130
v -349.504000 -0.203200 346.259200
v -336.906245 -0.203200 169.062400
v -325.120000 -0.203200 169.062400
v -325.120000 -0.203200 181.661147
v -336.906245 -0.203200 181.661147
v -325.120000 -0.203200 194.259919
v -336.906245 -0.203200 194.259919
v -349.504000 -0.203200 169.062400
v -349.504000 -0.203200 181.661147
v -349.504000 -0.203200 194.259919
v -325.120000 -0.203200 162.153910
v -336.906245 -0.203200 162.153910
v -336.906245 -0.203200 149.555200
v -325.120000 -0.203200 149.555200
v -349.504000 -0.203200 162.153910
v -349.504000 -0.203200 149.555200
v -336.906245 -0.203200 65.024000
v -325.120000 -0.203200 77.622549
v -336.906245 -0.203200 77.622549
v -325.120000 -0.203200 90.221122
v -336.906245 -0.203200 90.221122
v -325.120000 -0.203200 102.819721
v -336.906245 -0.203200 102.819721
v -325.120000 -0.203200 115.418344
v -336.906245 -0.203200 115.418344
v -325.120000 -0.203200 128.016992
v -336.906245 -0.203200 128.016992
v -325.120000 -0.203200 140.615665
v -336.906245 -0.203200 140.615665
v -349.504000 -0.203200 77.622549
v -349.504000 -0.203200 90.221122
v -349.504000 -0.203200 102.819721
v -349.504000 -0.203200 115.418344
v -349.504000 -0.203200 128.016992
v -349.504000 -0.203200 140.615665
v -352.350884 -0.203200 195.072000
v -352.350884 -0.203200 207.670797
v -352.350884 -0.203200 220.269619
v -352.350884 -0.203200 232.868465
v -352.350884 -0.203200 245.467336
v -352.350884 -0.203200 258.066232
v -352.350884 -0.203200 270.665153
v -364.948614 -0.203200 195.072000
v -364.948614 -0.203200 207.670797
v -364.948614 -0.203200 220.269619
v -364.948614 -0.203200 232.868465
v -364.948614 -0.203200 245.467336
v -364.948614 -0.203200 258.066232
v -364.948614 -0.203200 270.665153
v -377.546319 -0.203200 195.072000
v -377.546319 -0.203200 207.670797
v -377.546319 -0.203200 220.269619
v -377.546319 -0.203200 232.868465
v -377.546319 -0.203200 245.467336
v -377.546319 -0.203200 258.066232
v -377.546319 -0.203200 270.665153
v -390.144000 -0.203200 207.670797
v -390.144000 -0.203200 195.072000
v -390.144000 -0.203200 220.269619
v -390.144000 -0.203200 232.868465
v -390.144000 -0.203200 245.467336
v -390.144000 -0.203200 258.066232
v -390.144000 -0.203200 270.665153
v -312.115200 -3.251200 215.798822
v -312.115200 0.000000 215.798822
v -312.115200 -3.251200 278.384521
v -312.115200 0.000000 278.384521
v -377.546319 -1.625600 195.072000
v -364.948614 -1.625600 195.072000
v -352.350884 -1.625600 195.072000
v -312.724800 -3.251200 215.798822
v -312.724800 0.000000 215.798822
v -312.724800 -3.251200 278.384521
v -312.724800 0.000000 278.384521
v -233.680446 0.000000 208.076800
v -233.680446 -3.251200 208.076800
v -246.279318 0.000000 208.076800
v -246.279318 -3.251200 208.076800
v -258.878214 0.000000 208.076800
v -258.878214 -3.251200 208.076800
v -271.477135 0.000000 208.076800
v -271.477135 -3.251200 208.076800
v -284.076080 0.000000 208.076800
v -284.076080 -3.251200 208.076800
v -296.675051 0.000000 208.076800
v -296.675051 -3.251200 208.076800
v -309.274046 0.000000 208.076800
v -309.274046 -3.251200 208.076800
v 101.161329 0.000000 76.777342
v 103.599729 0.000000 74.338942
v -349.504000 0.000000 308.052391
v -352.755200 0.000000 308.052391
v -349.504000 0.000000 333.250456
v -352.755200 0.000000 333.250456
v -352.755200 0.000000 173.127057
v -349.504000 0.000000 173.127070
v -352.755200 0.000000 147.930828
v -349.504000 0.000000 147.930828
v -352.755200 0.000000 122.734499
v -349.504000 0.000000 122.734499
v -288.137600 0.000000 207.670797
v -288.137600 0.000000 208.076800
v -291.287349 0.000000 208.076800
v -291.287349 0.000000 207.670797
v -294.437098 0.000000 208.076800
v -294.437098 0.000000 207.670797
v -297.586846 0.000000 208.076800
v -297.586846 0.000000 207.670797
v -300.736595 0.000000 208.076800
v -300.736595 0.000000 207.670797
v -303.886344 0.000000 208.076800
v -303.886344 0.000000 207.670797
v -307.036093 0.000000 208.076800
v -307.036093 0.000000 207.670797
v -310.185842 0.000000 208.076800
v -312.115200 0.000000 207.670797
v -310.185842 0.000000 207.670797
v -288.137600 0.000000 204.521098
v -291.287349 0.000000 204.521098
v -294.437098 0.000000 204.521098
v -297.586846 0.000000 204.521098
v -300.736595 0.000000 204.521098
v -303.886344 0.000000 204.521098
v -307.036093 0.000000 204.521098
v -312.115200 0.000000 204.521098
v -310.185842 0.000000 204.521098
v -288.137600 0.000000 201.371398
v -291.287349 0.000000 201.371398
v -294.437098 0.000000 201.371398
v -297.586846 0.000000 201.371398
v -300.736595 0.000000 201.371398
v -303.886344 0.000000 201.371398
v -307.036093 0.000000 201.371398
v -312.115200 0.000000 201.371398
v -310.185842 0.000000 201.371398
v -288.137600 0.000000 198.221699
v -291.287349 0.000000 198.221699
v -294.437098 0.000000 198.221699
v -297.586846 0.000000 198.221699
v -300.736595 0.000000 198.221699
v -303.886344 0.000000 198.221699
v -307.036093 0.000000 198.221699
v -312.115200 0.000000 198.221699
v -310.185842 0.000000 198.221699
v -291.287349 0.000000 195.072000
v -294.437098 0.000000 195.072000
v -297.586846 0.000000 195.072000
v -300.736595 0.000000 195.072000
v -303.886344 0.000000 195.072000
v -307.036093 0.000000 195.072000
v -310.185842 0.000000 195.072000
v -364.745389 0.000000 325.120000
v -364.745389 0.000000 294.233600
v -139.887201 0.000000 221.573502
v -135.432800 0.000000 225.653600
v -135.619951 0.000000 225.840751
v -144.341590 0.000000 226.027903
v -140.074352 0.000000 230.295152
v -148.795991 0.000000 230.482329
v -144.528753 0.000000 234.749553
v -153.250367 0.000000 234.936729
v -148.983167 0.000000 239.203954
v -157.704755 0.000000 239.391130
v -153.437555 0.000000 243.658355
v -162.159144 0.000000 243.845531
v -157.891956 0.000000 248.112756
v -364.745389 0.000000 136.550400
v -364.745389 0.000000 167.436800
v -364.745389 0.000000 198.323200
v -273.100800 0.000000 208.076800
v -273.304000 0.000000 208.076800
v -273.304000 0.000000 207.467398
v -273.100800 0.000000 207.467398
v -273.304000 0.000000 201.168000
v -273.100800 0.000000 201.168000
v -276.453724 0.000000 208.076800
v -276.453724 0.000000 207.467398
v -279.603448 0.000000 208.076800
v -279.603448 0.000000 207.467398
v -282.753172 0.000000 208.076800
v -282.753172 0.000000 207.467398
v -285.902921 0.000000 208.076800
v -287.934400 0.000000 208.076800
v -287.934400 0.000000 207.467398
v -285.902921 0.000000 207.467398
v -276.453724 0.000000 204.317699
v -273.304000 0.000000 204.317699
v -279.603448 0.000000 204.317699
v -282.753172 0.000000 204.317699
v -287.934400 0.000000 204.317699
v -285.902921 0.000000 204.317699
v -276.453724 0.000000 201.168000
v -279.603448 0.000000 201.168000
v -282.753172 0.000000 201.168000
v -287.934400 0.000000 201.168000
v -285.902921 0.000000 201.168000
v -288.137600 0.000000 207.467398
v -247.091200 0.000000 208.076800
v -247.294400 0.000000 208.076800
v -247.294400 0.000000 207.467398
v -247.091200 0.000000 207.467398
v -247.294400 0.000000 201.168000
v -247.091200 0.000000 201.168000
v -250.444124 0.000000 208.076800
v -250.444124 0.000000 207.467398
v -253.593848 0.000000 208.076800
v -253.593848 0.000000 207.467398
v -256.743572 0.000000 208.076800
v -259.892800 0.000000 208.076800
v -259.892800 0.000000 207.467398
v -256.743572 0.000000 207.467398
v -250.444124 0.000000 204.317699
v -247.294400 0.000000 204.317699
v -253.593848 0.000000 204.317699
v -259.892800 0.000000 204.317699
v -256.743572 0.000000 204.317699
v -250.444124 0.000000 201.168000
v -253.593848 0.000000 201.168000
v -259.892800 0.000000 201.168000
v -256.743572 0.000000 201.168000
v -260.096000 0.000000 208.076800
v -260.096000 0.000000 207.467398
v -260.096000 0.000000 201.168000
v -227.584223 0.000000 208.076800
v -233.883200 0.000000 208.076800
v -233.883200 0.000000 207.467398
v -227.584223 0.000000 207.467398
v -221.284800 0.000000 207.467398
v -233.883200 0.000000 201.168000
v -227.584223 0.000000 201.168000
v -234.086400 0.000000 208.076800
v -234.086400 0.000000 207.467398
v -234.086400 0.000000 201.168000
v -312.115200 0.000000 206.299147
v -312.115200 0.000000 207.873600
v -313.690074 0.000000 207.873600
v -313.690074 0.000000 206.299147
v -315.264949 0.000000 207.873600
v -315.264949 0.000000 206.299147
v -316.839823 0.000000 207.873600
v -318.414400 0.000000 207.873600
v -318.414400 0.000000 206.299147
v -316.839823 0.000000 206.299147
v -312.115200 0.000000 204.724298
v -313.690074 0.000000 204.724298
v -315.264949 0.000000 204.724298
v -318.414400 0.000000 204.724298
v -316.839823 0.000000 204.724298
v -312.115200 0.000000 203.149448
v -313.690074 0.000000 203.149448
v -315.264949 0.000000 203.149448
v -318.414400 0.000000 203.149448
v -316.839823 0.000000 203.149448
v -312.115200 0.000000 201.574598
v -313.690074 0.000000 201.574598
v -315.264949 0.000000 201.574598
v -318.414400 0.000000 201.574598
v -316.839823 0.000000 201.574598
v -312.115200 0.000000 199.999749
v -313.690074 0.000000 199.999749
v -315.264949 0.000000 199.999749
v -318.414400 0.000000 199.999749
v -316.839823 0.000000 199.999749
v -312.115200 0.000000 198.424899
v -313.690074 0.000000 198.424899
v -315.264949 0.000000 198.424899
v -318.414400 0.000000 198.424899
v -316.839823 0.000000 198.424899
v -312.115200 0.000000 196.850050
v -313.690074 0.000000 196.850050
v -315.264949 0.000000 196.850050
v -318.414400 0.000000 196.850050
v -316.839823 0.000000 196.850050
v -313.690074 0.000000 195.275200
v -312.115200 0.000000 195.275200
v -315.264949 0.000000 195.275200
v -318.414400 0.000000 195.275200
v -316.839823 0.000000 195.275200
v -260.502896 0.000000 204.317699
v -260.502896 0.000000 201.168000
v -260.096000 0.000000 204.317699
v -260.502896 0.000000 208.076800
v -260.502896 0.000000 207.467398
v -263.652372 0.000000 204.317699
v -263.652372 0.000000 201.168000
v -263.652372 0.000000 208.076800
v -263.652372 0.000000 207.467398
v -266.801848 0.000000 204.317699
v -266.801848 0.000000 201.168000
v -266.801848 0.000000 208.076800
v -266.801848 0.000000 207.467398
v -269.951324 0.000000 204.317699
v -269.951324 0.000000 201.168000
v -269.951324 0.000000 208.076800
v -269.951324 0.000000 207.467398
v -273.100800 0.000000 204.317699
v -234.493271 0.000000 204.317699
v -234.493271 0.000000 201.168000
v -234.086400 0.000000 204.317699
v -234.493271 0.000000 208.076800
v -234.493271 0.000000 207.467398
v -237.642772 0.000000 204.317699
v -237.642772 0.000000 201.168000
v -237.642772 0.000000 208.076800
v -237.642772 0.000000 207.467398
v -240.792248 0.000000 204.317699
v -240.792248 0.000000 201.168000
v -240.792248 0.000000 208.076800
v -240.792248 0.000000 207.467398
v -243.941724 0.000000 204.317699
v -243.941724 0.000000 201.168000
v -243.941724 0.000000 208.076800
v -243.941724 0.000000 207.467398
v -247.091200 0.000000 204.317699
v -318.617600 0.000000 207.873600
v -318.617600 0.000000 195.275200
v -149.352000 0.000000 240.385699
v -149.758487 0.000000 239.979101
v -131.063950 0.000000 221.284750
v -209.702400 -3.251200 234.086400
v -161.747200 1.625600 190.601600
v -161.747200 3.251200 190.601600
v -140.614400 1.625600 211.734400
v -140.614400 3.251200 211.734400
v -182.473600 1.625600 169.875200
v -182.473600 3.251200 169.875200
v -151.180800 1.625600 201.168000
v -151.180800 3.251200 201.168000
v -192.430400 0.000000 197.510400
v -197.510301 0.000000 192.430301
v -187.274200 2.540000 182.600600
v -186.740701 2.540000 183.134000
v -191.185800 1.625600 184.277000
v -191.185800 3.251200 184.277000
v -188.391800 4.876800 181.483000
v -197.713600 0.000000 192.227200
v -192.227200 0.000000 197.713600
v -187.274200 2.133600 182.600600
v -186.740998 2.133600 183.134198
v -308.051200 -2.438400 153.619200
v -308.051200 -2.438400 114.604800
v -308.051200 -2.438400 102.006400
v -308.660800 1.320800 210.718400
v -308.660800 1.320800 208.280000
v -91.897200 3.200400 286.308800
v -91.795600 3.200400 286.308800
v -88.646000 3.200400 286.308800
v -88.544400 3.200400 286.308800
v -85.394800 3.200400 286.308800
v -85.293200 3.200400 286.308800
v -82.143600 3.200400 286.308800
v -82.042000 3.200400 286.308800
v -95.148400 3.200400 286.308800
v -95.046800 3.200400 286.308800
v -105.714800 3.200400 286.308800
v -105.613200 3.200400 286.308800
v -108.966000 3.200400 286.308800
v -108.864400 3.200400 286.308800
v -118.719600 3.200400 286.308800
v -118.618000 3.200400 286.308800
v -112.217200 3.200400 286.308800
v -112.115600 3.200400 286.308800
v -115.468400 3.200400 286.308800
v -115.366800 3.200400 286.308800
v -161.747212 4.876800 190.601612
v -173.304200 1.625600 202.158600
v -173.304200 3.251200 202.158600
v -174.548800 4.876800 203.403200
v -171.704000 4.876800 206.248000
v -163.982400 4.876800 213.969600
v -161.137600 4.876800 216.814400
v -153.416000 4.876800 224.536000
v -150.571200 4.876800 227.380800
v -195.275200 4.876800 182.676800
v -192.430400 4.876800 185.521600
v -170.459400 1.625600 205.003400
v -170.459400 3.251200 205.003400
v -151.180812 4.876800 201.168012
v -162.737800 1.625600 212.725000
v -162.737800 3.251200 212.725000
v -148.336000 3.251200 204.012800
v -148.336000 4.876800 204.012800
v -148.336000 1.625600 204.012800
v -159.893000 1.625600 215.569800
v -159.893000 3.251200 215.569800
v -140.614412 4.876800 211.734400
v -152.171400 1.625600 223.291400
v -152.171400 3.251200 223.291400
v -137.769600 3.251200 214.579200
v -137.769600 4.876800 214.579200
v -137.769600 1.625600 214.579200
v -149.326600 1.625600 226.136200
v -149.326600 3.251200 226.136200
v -194.411550 4.267200 189.026750
v -194.309950 4.267200 189.128350
v -178.561950 4.267200 204.876350
v -178.460350 4.267200 204.977950
v -189.128350 4.267200 194.309950
v -189.026750 4.267200 194.411550
v -183.845138 4.267200 199.593138
v -183.743550 4.267200 199.694750
v -173.278750 4.267200 210.159550
v -173.177150 4.267200 210.261150
v -167.995600 4.267200 215.442800
v -167.894000 4.267200 215.544400
v -162.712350 4.267200 220.725950
v -162.610750 4.267200 220.827550
v -157.429150 4.267200 226.009150
v -157.327550 4.267200 226.110750
v -152.145938 4.267200 231.292326
v -152.044350 4.267200 231.393950
v -146.862750 4.267200 236.575550
v -146.761200 4.267200 236.677200
v -179.451000 1.625600 172.897800
v -179.451000 0.000000 172.897800
v -179.451000 4.876800 172.897800
v -179.451000 3.251200 172.897800
v -191.008000 0.000000 190.601600
v -182.473612 4.876800 169.875212
v -191.236600 1.625600 178.638200
v -191.236612 3.251200 178.638212
v -186.766200 2.133600 183.108600
v -186.766200 2.540000 183.108600
v -187.248800 2.133600 182.626000
v -187.248800 2.540000 182.626000
v -312.928000 0.000000 247.091200
v -349.504000 -1.625600 169.062400
v -349.504000 -1.625600 149.555200
v -349.504000 0.000000 325.120000
v -349.504000 0.000000 294.233600
v -349.504000 0.000000 167.436800
v -349.504000 0.000000 136.550400
v -325.120000 -0.203200 282.854400
v -273.304000 -3.251200 208.076800
v -287.934400 -3.251200 208.076800
v -299.110400 0.000000 208.076800
v -299.110400 0.000000 195.072000
v 195.072000 32.512000 -123.545600
v -149.555200 32.512000 260.096000
v -188.569600 32.512000 65.024000
v -188.569600 32.512000 351.129600
v -149.555200 32.512000 351.129600
v -318.617600 32.512000 65.024000
v -318.617600 32.512000 195.072000
v -188.569600 32.512000 195.072000
v -318.617600 32.512000 351.129600
v -318.617600 0.000000 265.785600
v -325.120000 0.000000 265.785600
v -325.120000 0.000000 208.076800
v -325.120000 0.000000 195.072000
v -325.120000 0.000000 156.057600
v -318.617600 0.000000 156.057600
v -312.115200 0.000000 156.057600
v -330.479524 0.000000 218.225588
v -329.674339 0.000000 210.896200
v -326.135901 0.000000 211.313712
v -326.941111 0.000000 218.643200
v -307.035200 3.251200 195.072000
v -299.110400 3.251200 195.072000
v -307.035200 0.000000 195.046600
v -299.110400 0.000000 195.046600
v -299.110400 3.251200 195.046600
v -307.035200 3.251200 195.046600
v -291.185600 0.000000 195.072000
v -291.185600 3.251200 195.072000
v -291.185600 0.000000 195.046600
v -291.185600 3.251200 195.046600
v -286.105600 0.000000 199.136000
v -286.105600 3.251200 199.136050
v -286.105600 0.000000 199.110600
v -286.105600 3.251200 199.110501
v -273.100800 0.152400 201.168000
v -287.121600 0.152400 201.168000
v -292.607901 0.152400 195.681600
v -273.100800 0.152400 195.681600
v -292.608000 -2.031927 193.446400
v -273.100800 -2.031927 193.446400
v -292.608000 -4.876784 193.040025
v -273.100800 -4.876784 193.040025
v -247.091200 0.152400 195.681600
v -247.091200 -2.031926 193.446400
v -247.091200 -4.876785 193.040025
v -247.091200 0.152400 201.168000
v -307.644800 0.152400 195.681600
v -305.409600 -2.031927 193.446400
v -305.003101 -4.876784 193.040025
v -307.644800 0.152400 191.211212
v -305.409600 -2.032075 188.976000
v -305.003200 -4.876918 188.569699
v -221.081600 0.152400 201.168000
v -225.755175 0.152400 195.681600
v -227.990375 -2.031926 193.446400
v -228.396750 -4.876785 193.040025
v -292.608000 1.117600 243.840000
v -292.608000 1.117600 238.556800
v -266.598400 1.117600 238.556800
v -266.598400 1.117600 243.840000
v -292.608000 1.117600 255.625600
v -292.608000 1.117600 250.342400
v -266.598400 1.117600 250.342400
v -266.598400 1.117600 255.625600
v -260.096000 1.117600 255.625600
v -260.096000 1.117600 250.342400
v -234.086400 1.117600 250.342400
v -234.086400 1.117600 255.625600
v -260.096000 1.117600 243.840000
v -260.096000 1.117600 238.556800
v -234.086400 1.117600 238.556800
v -234.086400 1.117600 243.840000
v -173.532800 -3.251200 234.086400
v -199.542400 -3.251200 208.076800
v -171.094301 3.860800 219.456099
v -181.660899 3.860800 208.889501
v -178.003299 4.470400 205.231802
v -167.436750 4.470400 215.798350
v -181.660800 3.657600 208.889501
v -171.094350 3.657600 219.455950
v -167.436899 4.267200 215.798400
v -178.003398 4.267200 205.231901
v -160.527901 3.860800 230.022499
v -156.870350 4.470400 226.364750
v -160.527950 3.657600 230.022350
v -156.870400 4.267200 226.364899
v -149.961501 3.860800 240.588899
v -146.303950 4.470400 236.931150
v -149.961550 3.657600 240.588750
v -192.227200 3.860800 198.323200
v -188.569600 4.470400 194.665501
v -192.227299 3.657600 198.323002
v -188.569898 4.267200 194.665402
v -198.729600 3.860800 191.820800
v -198.729600 4.470400 184.505501
v -198.729600 3.657600 191.820701
v -198.729600 4.267200 184.505699
v -161.239101 0.304800 229.717501
v -166.319101 0.304800 224.637501
v -165.709699 0.304800 224.027901
v -160.629600 0.304800 229.108000
v -163.271299 0.000000 244.144899
v -199.440998 0.152400 207.975175
v -221.081600 0.152400 208.076775
v -216.204874 0.152400 199.542375
v -190.601588 0.152400 199.135988
v -197.916899 0.152400 191.820750
v -213.766326 0.152400 194.665451
v -197.916800 0.152400 185.318301
v -210.921600 0.152400 182.880000
v -197.916800 0.152400 182.880000
v -181.660800 0.304800 200.761699
v -183.184899 0.304800 199.237600
v -177.190400 0.304800 193.243101
v -175.666350 0.304800 194.767150
v -183.794350 0.000000 181.762437
v -170.789600 0.000000 194.767188
v -179.730412 0.609600 188.976025
v -182.448200 0.609600 188.645825
v -182.549800 0.609600 187.172600
v -179.298600 0.609600 187.782200
v -183.311800 0.609600 192.100250
v -180.136775 0.609600 190.677837
v -179.704988 0.609600 191.871625
v -183.413388 0.609600 193.573425
v -134.924800 0.000000 271.475200
v -130.047988 0.000000 261.721575
v -200.761650 0.000000 247.091200
v -206.248050 0.000000 237.337600
v -170.281600 0.000000 237.337600
v -171.805501 0.304800 219.151101
v -176.885501 0.304800 214.071101
v -176.276000 0.304800 213.461600
v -171.196000 0.304800 218.541600
v -182.371901 0.304800 208.584701
v -187.451888 0.304800 203.504713
v -186.842400 0.304800 202.895200
v -181.762400 0.304800 207.975200
v -192.938301 0.304800 198.018301
v -198.018301 0.304800 192.938301
v -197.408899 0.304800 192.328701
v -192.328800 0.304800 197.408800
v -48.768000 0.000000 250.342400
v -73.151802 0.000000 271.475002
v -78.028614 0.000000 261.721377
v -58.521600 0.000000 240.588800
v -32.511901 0.000000 214.579101
v -22.758309 0.000000 224.332701
v -13.004800 0.000000 182.067200
v -3.251198 0.000000 191.820800
v 19.507200 0.000000 162.560000
v 29.260800 0.000000 172.313600
v 91.033600 0.000000 110.540800
v 107.289600 0.000000 94.284800
v 136.550400 0.000000 91.033606
v 136.550400 0.000000 110.540800
v 133.299200 0.000000 61.772862
v 136.550400 0.000000 71.526375
v -281.228800 0.000000 325.120000
v -281.228800 0.000000 271.475200
v -208.076800 0.000000 271.475200
v -208.076800 0.000000 325.120000
v 169.062400 0.000000 -13.004800
v 169.062400 0.000000 -19.507200
v 221.081600 0.000000 -19.507200
v 221.081600 0.000000 -13.004800
v 195.072000 0.000000 -0.000000
v 169.062400 0.000000 -0.000000
v 169.062400 0.000000 -71.526400
v 221.081600 0.000000 -71.526400
v -318.617600 0.000000 286.105600
v -325.120000 0.000000 286.105600
v 62.788800 0.000000 231.444701
v 91.846400 0.000000 202.387126
v -78.028701 0.000000 156.057501
v -32.512000 0.000000 110.540800
v -77.927225 -4.876800 157.073625
v -113.792000 -4.876800 204.012800
v -168.249600 -4.876800 149.555200
v -151.993600 -4.876800 133.299200
v -240.588800 0.000000 169.062400
v -292.608000 0.000000 169.062400
v -292.608000 0.000000 117.043200
v -240.588800 0.000000 117.043200
v -318.617600 0.000000 104.038400
v -312.115200 0.000000 104.038400
v -325.120000 0.000000 104.038400
v -318.617600 0.000000 65.024000
v -312.115200 0.000000 65.024000
v -325.120000 0.000000 65.024000
v -318.617600 0.000000 351.129600
v -325.120000 0.000000 351.129600
v -312.724800 0.000000 351.129600
v -312.724800 0.000000 325.120000
v -312.724800 0.000000 271.475200
v -312.724800 4.064000 312.115200
v -312.724800 0.000000 312.115200
v -312.724800 4.064000 286.512000
v -312.318400 4.064000 286.512000
v -312.318400 0.000000 312.115200
v -312.318400 4.064000 312.115200
v 66.649600 3.657600 136.956899
v 59.537600 3.657600 144.068800
v 56.896000 0.203200 141.427200
v 64.008000 0.203200 134.315101
v 64.008000 0.177800 134.315299
v 56.896000 0.177800 141.427200
v 59.537600 3.632200 144.068899
v 66.649600 3.632200 136.956800
v 229.209600 0.000000 -13.004800
v 229.209600 0.000000 8.940803
v 221.081600 0.000000 13.004803
v 247.091200 0.000000 65.023901
v 255.219200 0.000000 60.960037
v 229.209600 0.000000 -71.526400
v 229.209600 0.000000 -19.507200
v 221.081600 0.000000 -123.545600
v 229.209600 0.000000 -123.545600
v 273.100800 0.000000 117.043101
v 281.228800 0.000000 112.979225
v 286.105600 -6.502400 4.064000
v 260.096000 -3.251200 4.064000
v 260.096000 -3.251187 -13.004800
v 286.105600 -6.502387 -13.004800
v 286.105600 -3.251404 56.083200
v 312.115200 -6.502602 56.083200
v 260.096000 -3.251187 -19.507200
v 260.096000 -3.251187 -71.526400
v 286.105600 -6.502387 -71.526400
v 286.105600 -6.502387 -19.507200
v 312.115200 -3.251404 108.102400
v 338.124800 -6.502602 108.102400
v 136.550400 0.000000 123.545600
v 97.536000 0.000000 123.545600
v 81.280000 0.000000 120.294400
v 71.526400 0.000000 110.540800
v 97.536000 0.000000 84.531101
v 55.270400 0.000000 146.304000
v 45.516800 0.000000 136.550499
v 123.545600 0.000000 52.019200
v 149.555200 0.000000 91.033600
v 149.555200 0.000000 110.540800
v 143.052800 0.000000 52.019200
v 149.555200 0.000000 71.526400
v 133.299200 0.000000 42.265600
v 149.555200 0.000000 123.545600
v 169.062400 0.000000 26.009600
v 178.816000 0.000000 35.763203
v 204.825600 0.000000 9.753691
v 238.963200 -2.438394 -13.004800
v 238.963200 -2.438374 4.064051
v 264.972800 -2.438390 56.083237
v 238.963200 -2.438400 -71.526400
v 238.963200 -2.438400 -19.507200
v 238.963200 -2.438400 -123.545600
v 290.982400 -2.438389 108.102425
v 104.038400 0.000000 -32.512000
v 104.038400 0.000000 -71.526400
v 104.038400 0.000000 -123.545600
v 169.062400 0.000000 -123.545600
v -220.065600 0.152400 189.992000
v -225.755225 0.152400 189.992000
v -227.990499 -2.032120 187.756750
v -222.300800 -2.032120 187.756750
v -228.396701 -4.876814 187.350388
v -222.707200 -4.876814 187.350388
v -220.065600 0.152400 182.880000
v -220.065600 0.152400 175.564800
v -210.921600 0.152400 175.564800
v -222.300775 -2.031895 182.880000
v -222.300775 -2.031895 175.564800
v -222.707200 -4.876768 182.880000
v -222.707200 -4.876767 175.564800
v -220.065600 0.152400 156.057600
v -210.921600 0.152400 156.057600
v -222.300775 -2.031895 156.057600
v -222.707200 -4.876767 156.057600
v -221.081600 0.152400 194.665600
v -220.065600 0.152400 130.048000
v -210.921600 0.152400 130.048000
v -222.300775 -2.031895 130.048000
v -222.707200 -4.876766 130.048000
v -222.300775 -2.031895 104.038400
v -220.065600 0.152400 104.038400
v -222.707200 -4.876765 104.038400
v -210.921600 0.152400 104.038400
v -220.065600 0.152400 78.028800
v -210.921600 0.152400 78.028800
v -222.300775 -2.031895 78.028800
v -222.707200 -4.876764 78.028800
v -197.916800 0.152400 104.038400
v -197.916800 0.152400 78.028800
v -197.916800 0.152400 130.048000
v -197.916800 0.152400 156.057600
v -197.916800 0.152400 175.564800
v -174.752000 0.152400 156.057600
v -149.555299 0.152400 130.048000
v -194.259200 0.152400 175.564800
v -149.555200 0.152400 104.038400
v -149.555200 0.152400 78.028800
v 195.072000 0.000000 110.540800
v 208.076800 0.000000 143.052788
v 182.067200 0.000000 91.033600
v 195.072000 0.000000 71.526400
v 230.835200 0.000000 80.467200
v 240.588800 0.000000 110.540850
v 175.564800 0.000000 175.564800
v 149.555200 0.000000 175.564800
v 136.550400 0.000000 175.564800
v 97.536000 0.000000 175.564788
v 127.609600 0.000000 199.136012
v 19.507200 -3.251200 162.560000
v 45.516800 -3.251200 136.550499
v 71.526400 -3.251200 110.540800
v 97.536000 -3.251200 84.531200
v 123.545600 -3.251200 52.019200
v 133.299200 -3.251200 42.265600
v -227.584000 -4.876800 129.235200
v -286.105600 -4.876800 129.235200
v -286.105600 8.940800 129.235200
v -227.584000 8.940800 129.235200
v -389.940800 -0.203200 110.540800
v -389.940800 -0.203200 221.081600
v -389.940800 12.801600 221.081600
v -389.940800 12.801600 110.540800
v -389.940800 -0.203200 273.100800
v -389.940800 -0.203200 351.129600
v -389.940800 12.801600 351.129600
v -389.940800 12.801600 273.100800
v -352.755200 0.000000 65.024000
v -349.504000 0.000000 65.024000
v -389.940800 -0.101600 110.540800
v -389.940800 -0.101600 65.024000
v -352.755200 -0.101600 65.024000
v -352.755200 -0.101600 110.540800
v 212.953600 0.000000 -9.550400
v 169.062400 0.000000 -9.550400
v 169.062400 7.721600 -9.550400
v 212.953600 7.721600 -9.550400
v -130.048000 -4.876800 220.268800
v -184.505600 -4.876800 165.811200
v -41.859200 14.020800 -196.240400
v -46.329600 14.020800 -196.240400
v -46.329600 14.643100 -196.240400
v -41.859200 14.643100 -196.240400
v -291.388800 -2.641600 225.755200
v -291.388800 -2.641600 222.910400
v -285.292800 -2.641600 222.910400
v -285.292800 -2.641600 225.755200
v -278.993600 -2.641600 225.755200
v -278.993600 -2.641600 222.910400
v -272.897600 -2.641600 222.910400
v -272.897600 -2.641600 225.755200
v -243.230400 -2.641600 225.755200
v -243.230400 -2.641600 222.910400
v -237.134400 -2.641600 222.910400
v -237.134400 -2.641600 225.755200
v -255.625600 -2.641600 225.755200
v -255.625600 -2.641600 222.910400
v -249.529600 -2.641600 222.910400
v -249.529600 -2.641600 225.755200
v -96.723200 14.224000 -219.456000
v -82.905600 14.224000 -219.456000
v -96.723200 14.224000 -136.550400
v -82.905600 14.224000 -136.550400
v -104.038400 -4.876800 227.584000
v -117.043200 -4.876800 227.584000
v -148.640800 -4.876800 238.861600
v -129.235212 -4.876800 260.096000
v 36.779200 0.000000 257.454350
v -73.152000 0.000000 325.120000
v -4.064304 0.000000 298.297724
v -104.038400 0.000000 325.120000
v -104.038400 0.000000 271.475200
v -134.924800 0.000000 325.120000
v -312.115200 0.685800 181.508400
v -312.115200 0.685800 178.460400
v -312.902600 3.505200 178.460400
v -312.902600 3.505200 181.508388
v -312.089825 0.685800 178.460400
v -312.089825 0.685800 181.500785
v -312.877225 3.505200 181.500760
v -312.877225 3.505200 178.460400
v -326.898000 1.905000 170.713400
v -326.898000 1.905000 169.240200
v -326.898000 2.514600 169.240200
v -326.898000 2.514600 170.713400
v -326.898000 1.905000 165.303200
v -326.898000 1.905000 162.788600
v -326.898000 2.514600 162.788600
v -326.898000 2.514600 165.303200
v 68.122800 4.191000 125.374400
v 68.122800 2.641600 125.374400
v 72.212200 2.641600 129.463800
v 72.212200 4.191000 129.463800
v 51.841400 2.235200 149.961501
v 51.841400 3.733800 149.961501
v 49.606200 3.733800 147.777200
v 49.606200 2.235200 147.777200
v 48.514000 -0.050800 145.999101
v 49.479200 -0.050800 147.599425
v 49.479200 3.200400 147.599400
v 48.514000 3.200400 145.999200
v 46.253400 -0.050800 143.002099
v 47.117000 -0.050800 144.703837
v 47.117000 3.200400 144.703800
v 46.253400 3.200400 143.002000
v 43.891200 1.066800 138.480800
v 43.891200 3.733800 138.480800
v 40.436800 3.733800 134.518400
v 40.436800 1.066800 134.518400
v 43.916600 -0.050800 138.582400
v 43.916600 -0.050800 139.801600
v 43.916600 3.200400 139.801600
v 43.916600 3.200400 138.582400
v 61.925200 1.066800 120.319899
v 61.925200 3.733800 120.319899
v 57.962800 3.733800 116.992400
v 57.962800 1.066800 116.992400
v 66.903600 4.191000 124.104499
v 66.903600 2.641600 124.104499
v 68.148200 2.641600 125.196612
v 68.148200 4.191000 125.196600
v 62.331600 4.191000 120.446800
v 62.331600 2.641600 120.446800
v 67.056000 2.641600 124.002800
v 67.056000 4.191000 124.002800
v -389.940800 -0.101600 136.550400
v -352.755200 -0.101600 136.550400
v -389.940800 -0.101600 167.436800
v -389.940800 -0.101600 141.427200
v -352.755200 -0.101600 141.427200
v -352.755200 -0.101600 167.436800
v -389.940800 -0.101600 198.323200
v -389.940800 -0.101600 172.313600
v -352.755200 -0.101600 172.313600
v -352.755200 -0.101600 198.323200
v -389.940800 -0.101600 203.200000
v -352.755200 -0.101600 203.200000
v -352.755200 -0.101600 208.077122
v -354.990251 -0.101600 212.750425
v -389.940800 -0.101600 218.033600
v -359.257600 -0.101600 218.033600
v -364.134400 -0.101600 221.081600
v -389.940800 -0.101600 221.081600
v -374.294400 -0.101600 224.332800
v -389.940800 -0.101600 224.332800
v -389.940800 -0.101600 351.129600
v -389.940800 -0.101600 325.120000
v -352.755200 -0.101600 325.120000
v -352.755200 -0.101600 351.129600
v -389.940800 -0.101600 320.243200
v -389.940800 -0.101600 294.233600
v -352.755200 -0.101600 294.233600
v -352.755200 -0.101600 320.243200
v -354.990301 -0.101600 279.806400
v -352.755200 -0.101600 284.479851
v -352.755200 -0.101600 289.356800
v -389.940775 -0.101600 289.356800
v -389.940800 -0.101600 274.523200
v -359.257550 -0.101600 274.523200
v -389.940800 -0.101600 271.475200
v -364.134549 -0.101600 271.475200
v -389.940800 -0.101600 268.224000
v -374.294375 -0.101600 268.224000
v -15.443101 -4.876800 182.067200
v -34.950202 -4.876800 214.579200
v -59.334400 -4.876800 238.963200
v -104.038400 0.000000 261.721600
v -104.038400 -4.876800 260.096000
v -78.841600 -4.876800 260.096000
v -6.502499 -3.251200 84.531299
v 19.507200 -3.251200 58.521600
v 45.516800 -3.251200 32.512099
v 71.526400 -3.251200 6.502400
v -6.299200 -0.711200 2.133593
v -6.299200 -0.711200 -3.759200
v -6.299200 0.711200 -3.759200
v -6.299200 0.711200 2.133593
v 6.299200 -0.711200 3.759200
v 6.299200 0.711200 3.759200
v 6.299200 0.711200 -3.759200
v 6.299200 -0.711200 -3.759200
v -4.673592 0.711200 3.759200
v -4.673593 -0.711200 3.759200
v -4.267200 -0.711200 1.625621
v -4.267200 -0.711200 -4.876800
v -4.267200 0.711200 -4.876800
v -4.267200 0.711200 1.625621
v 5.080000 -0.711200 6.502400
v 5.080000 0.711200 6.502400
v 5.080000 0.711200 -6.502400
v 5.080000 -0.711200 -6.502400
v -1.828811 0.711200 6.502400
v -1.828810 -0.711200 6.502400
v -3.454405 -0.711200 -6.502400
v -3.454405 0.711200 -6.502400
v -56.083200 -0.711200 -74.777600
v -56.083200 0.711200 -74.777600
v -56.083200 0.711200 74.777600
v -56.083200 -0.711200 74.777600
v 56.083200 -0.711200 74.777600
v 56.083200 0.711200 74.777600
v 56.083200 0.711200 -74.777600
v 56.083200 -0.711200 -74.777600
v -52.628800 -0.711200 -21.640800
v -52.628800 0.711200 -21.640800
v -52.628800 0.711200 21.640800
v -52.628800 -0.711200 21.640800
v 52.628800 -0.711200 21.640800
v 52.628800 0.711200 21.640800
v 52.628800 0.711200 -21.640800
v 52.628800 -0.711200 -21.640800
v -59.334400 -0.711200 -43.383200
v -59.334400 0.711200 -43.383200
v -59.334400 0.711200 43.383200
v -59.334400 -0.711200 43.383200
v 59.334400 -0.711200 43.383200
v 59.334400 0.711200 43.383200
v 59.334400 0.711200 -43.383200
v 59.334400 -0.711200 -43.383200
v 4.064000 0.711200 2.438400
v 4.064000 -0.711200 2.438400
v -4.064000 -0.711200 2.438400
v -4.064000 0.711200 2.438400
v 4.064000 -0.711200 -1.625600
v 2.032000 -0.711200 -1.625600
v 0.406400 -0.711200 -0.000000
v 0.406400 -0.711200 2.438400
v -1.828800 -0.711200 0.406400
v -4.064000 -0.711200 2.032000
v 0.406400 0.711200 2.438400
v 0.406400 0.711200 -0.000000
v 2.032000 0.711200 -1.625600
v 4.064000 0.711200 -1.625600
v -4.064000 0.711200 2.032000
v -1.828800 0.711200 0.406402
v -1.828800 -0.711200 2.438400
v -1.828800 0.711200 2.438400
v 2.641600 0.711200 5.283196
v 2.641600 0.711200 -1.625600
v 2.641600 -0.711200 -1.625600
v 2.641600 -0.711200 5.283196
v 0.609600 0.711200 -1.625600
v 0.609600 -0.711200 -1.625600
v 0.609600 -0.711200 1.625596
v 0.609600 0.711200 1.625596
v -2.641604 0.711200 1.625600
v -2.641604 -0.711200 1.625600
v -5.486404 0.711200 -1.625600
v -5.486404 -0.711200 -1.625600
v -0.203200 -0.711200 -8.331200
v -0.203200 0.711200 -8.331200
v -0.203200 0.711200 8.331200
v -0.203200 -0.711200 8.331200
v 0.203200 -0.711200 8.331200
v 0.203200 0.711200 8.331200
v 0.203200 0.711200 -8.331200
v 0.203200 -0.711200 -8.331200
v 0.203200 -0.101600 -0.025140
v 0.533400 -0.101600 -0.355340
v 0.203200 -0.101600 -0.685540
v -0.127005 -0.101600 -0.355340
v -0.127005 0.101600 -0.355340
v 0.203200 0.101600 -0.685540
v 0.533400 0.101600 -0.355340
v 0.203200 0.101600 -0.025140
v -132.892800 -0.203200 272.288000
v -132.892800 0.203200 272.288000
v -132.892800 0.203200 273.100800
v -132.892800 -0.203200 273.100800
v -130.860800 -0.203200 273.100800
v -130.860800 0.203200 273.100800
v -130.860800 0.203200 272.288000
v -130.860800 -0.203200 272.288000
v -340.969600 -0.203200 209.702400
v -340.969600 3.048000 209.702400
v -340.969600 3.048000 218.440000
v -340.969600 -0.203200 218.440000
v -333.451200 -0.203200 218.440000
v -333.451200 3.048000 218.440000
v -333.451200 3.048000 209.702400
v -333.451200 -0.203200 209.702400
v 3.352800 -3.759200 0.812800
v -3.555993 -3.759200 0.812800
v -3.555992 3.759200 0.812800
v 3.352800 3.759200 0.812800
v -5.181593 -3.759200 -0.812800
v 4.978400 -3.759200 -0.812800
v 4.978400 3.759200 -0.812800
v -5.181593 3.759200 -0.812800
v -0.076200 -0.203200 -0.076200
v -0.076200 0.203200 -0.076200
v -0.076200 0.203200 0.076200
v -0.076200 -0.203200 0.076200
v 0.076200 -0.203200 0.076200
v 0.076200 0.203200 0.076200
v 0.076200 0.203200 -0.076200
v 0.076200 -0.203200 -0.076200
v -0.050800 -0.076200 -0.050800
v -0.050800 0.076200 -0.050800
v -0.050800 0.076200 0.050800
v -0.050800 -0.076200 0.050800
v 0.050800 -0.076200 0.050800
v 0.050800 0.076200 0.050800
v 0.050800 0.076200 -0.050800
v 0.050800 -0.076200 -0.050800
v -309.676800 -1.219200 247.091200
v -309.676800 0.398889 247.091200
v -309.676800 0.398889 264.566400
v -309.676800 -1.219200 264.566400
v -201.574400 0.398889 255.422400
v -201.574400 0.398889 247.091200
v -201.574400 -1.219200 247.091200
v -201.574400 -1.219200 255.422400
v -210.718375 0.398889 264.566400
v -210.718375 -1.219200 264.566400
v 4.064000 -0.812800 -3.251200
v 3.251200 -0.812800 -4.064000
v -4.064000 -0.812800 3.251201
v -3.251199 -0.812800 4.064002
v 3.251200 0.812800 -4.064000
v 4.064000 0.812800 -3.251200
v -3.251199 0.812800 4.064002
v -4.064000 0.812800 3.251201
v 214.579200 -0.812800 8.128000
v 214.579200 0.812800 8.128000
v 214.579200 0.812800 17.881600
v 214.579200 -0.812800 17.881600
v 230.835200 0.812800 17.881600
v 230.835200 -0.812800 17.881600
v 225.958400 -0.812800 8.128000
v 225.958400 0.812800 8.128000
v 144.373600 -0.812800 56.997606
v 159.004000 -0.812800 56.794406
v 163.372800 -0.812800 49.377597
v 158.191200 -0.812800 45.618400
v 143.052800 -0.812800 51.714403
v 143.052800 2.133600 51.714403
v 158.191200 2.133600 45.618400
v 163.372800 2.133600 49.377597
v 159.004000 2.133600 56.794406
v 144.373600 2.133600 56.997606
v 212.140800 -0.812800 11.277602
v 212.953600 -0.812800 9.144000
v 203.200000 -0.812800 7.721603
v 204.724000 -0.812800 10.160002
v 203.200000 0.812800 7.721603
v 212.953600 0.812800 9.144000
v 212.140800 0.812800 11.277602
v 204.724000 0.812800 10.160002
v 205.638400 -0.812800 16.256000
v 205.638400 0.812800 16.256000
v 205.638400 0.812800 26.009600
v 205.638400 -0.812800 26.009600
v 214.579200 -0.812800 26.009600
v 214.579200 0.812800 26.009600
v 214.579200 0.812800 16.256000
v 214.579200 -0.812800 16.256000
v 3.149600 -16.256000 5.892800
v 3.352800 -16.256000 5.689592
v -3.149601 -16.256000 -5.892800
v -3.352809 -16.256000 -5.689600
v -3.352809 16.256000 -5.689600
v -3.149601 16.256000 -5.892800
v 3.352800 16.256000 5.689592
v 3.149600 16.256000 5.892800
v 90.424000 -0.812800 125.984000
v 90.424000 2.641600 125.984000
v 90.424000 2.641600 162.560000
v 90.424000 -0.812800 162.560000
v 136.550400 -0.812800 162.560000
v 136.550400 2.641600 162.560000
v 136.550400 2.641600 125.984000
v 136.550400 -0.812800 125.984000
v 169.062400 -0.812800 26.009600
v 143.052800 -0.812800 26.009600
v 143.052800 0.812800 26.009600
v 169.062400 0.812800 26.009600
v 169.062400 -0.812800 -0.000000
v 195.072000 -0.812800 -0.000000
v 195.072000 0.812800 -0.000000
v 169.062400 0.812800 -0.000000
v 216.204800 0.812800 26.009600
v 190.195200 0.812800 26.009600
v 190.195200 -0.812800 26.009600
v 216.204800 -0.812800 26.009600
v 247.091200 -0.812800 65.024000
v 164.185600 -0.812800 52.019200
v 164.185600 0.812800 52.019200
v 247.091200 0.812800 65.024000
v 280.314400 -2.844800 63.804800
v 260.197600 -2.844800 23.977603
v 234.899200 -2.844800 21.132797
v 255.016000 -2.844800 60.959994
v 260.197600 2.032000 23.977603
v 280.314400 2.032000 63.804800
v 255.016000 2.032000 60.959994
v 234.899200 2.032000 21.132797
v 16.256000 -5.067300 -2.032000
v 2.032000 -5.067300 -16.256000
v -15.443195 -5.067300 1.219202
v -3.251197 -5.067300 17.475200
v 2.032000 5.067300 -16.256000
v 16.256000 5.067300 -2.032000
v -3.251197 5.067300 17.475200
v -15.443195 5.067300 1.219202
v 7.315200 3.251200 6.908803
v 7.315200 3.251200 1.219201
v 7.315200 -3.251200 1.219201
v 7.315200 -3.251200 6.908803
v 6.908800 -3.251200 1.625601
v 6.908800 -3.251200 7.315202
v -4.063997 -3.251200 -10.160000
v -4.470398 -3.251200 -9.753600
v 6.908800 3.251200 7.315202
v 6.908800 3.251200 1.625601
v -4.063997 3.251200 -10.160000
v -4.470398 3.251200 -9.753600
v 255.828800 -3.251200 8.331200
v 255.828800 -2.032000 8.331200
v 255.828800 -2.032000 10.363200
v 255.828800 -3.251200 10.363200
v 259.689600 -3.251200 10.363200
v 259.689600 -2.032000 10.363200
v 259.689600 -2.032000 8.331200
v 259.689600 -3.251200 8.331200
v 246.075200 -3.251200 8.128000
v 246.075200 -2.032000 8.128000
v 246.075200 -2.032000 10.160000
v 246.075200 -3.251200 10.160000
v 249.936000 -3.251200 10.160000
v 249.936000 -2.032000 10.160000
v 249.936000 -2.032000 8.128000
v 249.936000 -3.251200 8.128000
v 251.358400 -3.251200 14.224000
v 251.358400 -2.032000 14.224000
v 251.358400 -2.032000 16.256000
v 251.358400 -3.251200 16.256000
v 255.219200 -3.251200 16.256000
v 255.219200 -2.032000 16.256000
v 255.219200 -2.032000 14.224000
v 255.219200 -3.251200 14.224000
v -0.812800 -3.759200 -2.133600
v -0.812800 3.759200 -2.133600
v -0.812800 3.759200 3.759200
v -0.812800 -3.759200 3.759200
v 0.812800 -3.759200 -3.759200
v 0.812800 -3.759200 3.759200
v 0.812800 3.759200 3.759200
v 0.812800 3.759200 -3.759200
v -0.812800 -3.759200 -3.759200
v -0.812800 3.759200 -3.759200
v -0.812800 3.759200 4.775200
v -0.812800 -3.759200 4.775200
v 0.812800 -3.759200 -2.133600
v 0.812800 -3.759200 4.775200
v 0.812800 3.759200 4.775200
v 0.812800 3.759200 -2.133600
v -3.533130 -1.422400 -9.220200
v -3.533130 1.422400 -9.220200
v -3.533130 1.422400 7.442200
v -3.533130 -1.422400 7.442200
v 4.391670 -1.422400 7.442200
v 4.391670 1.422400 7.442200
v 4.391670 1.422400 -9.220200
v 4.391670 -1.422400 -9.220200
v 244.856000 -3.251200 -13.614400
v 244.856000 -2.438400 -13.614400
v 244.856000 -2.438400 -10.769600
v 244.856000 -3.251200 -10.769600
v 246.888000 -3.251200 -10.769600
v 246.888000 -2.438400 -10.769600
v 246.888000 -2.438400 -13.614400
v 246.888000 -3.251200 -13.614400
v 244.856000 -2.844800 -13.614400
v 244.856000 -2.641600 -13.614400
v 244.856000 -2.641600 -10.769600
v 244.856000 -2.844800 -10.769600
v 246.888000 -2.844800 -10.769600
v 246.888000 -2.641600 -10.769600
v 246.888000 -2.641600 -13.614400
v 246.888000 -2.844800 -13.614400
v 276.352000 -5.892800 -37.388800
v 276.352000 -3.657600 -37.388800
v 276.352000 -3.657600 26.009600
v 276.352000 -5.892800 26.009600
v 295.859200 -5.892800 26.009600
v 295.859200 -3.657600 26.009600
v 295.859200 -3.657600 -37.388800
v 295.859200 -5.892800 -37.388800
v -144.716475 -0.330200 269.354275
v -140.982712 -0.330200 267.296900
v -144.907000 -0.330200 261.873975
v -146.583388 -0.330200 266.598400
v -146.583388 0.381000 266.598400
v -144.907000 0.381000 261.873975
v -140.982712 0.381000 267.296900
v -144.716475 0.381000 269.354275
v -161.544037 -0.330200 249.097800
v -157.492688 -0.330200 249.516900
v -161.696388 -0.330200 246.176800
v -162.636212 -0.330200 247.853200
v -162.636212 0.381000 247.853200
v -161.696388 0.381000 246.176800
v -157.492688 0.381000 249.516900
v -161.544037 0.381000 249.097800
v -171.500812 -0.330200 239.268000
v -170.687988 -0.330200 237.744000
v -171.399188 -0.330200 236.321600
v -172.821674 -0.330200 235.610375
v -175.260000 -0.330200 235.508775
v -175.260000 0.381000 235.508775
v -172.821674 0.381000 235.610375
v -171.399188 0.381000 236.321600
v -170.687988 0.381000 237.744000
v -171.500812 0.381000 239.268000
v -191.820812 -0.406400 218.948025
v -191.008012 -0.406400 217.830400
v -192.531988 -0.406400 214.782450
v -198.628025 -0.406400 208.889600
v -202.082412 -0.406400 211.937600
v -202.082412 0.711200 211.937600
v -198.628025 0.711200 208.889600
v -192.531988 0.711200 214.782450
v -191.008012 0.711200 217.830400
v -191.820812 0.711200 218.948025
v -206.451188 -0.406400 213.182200
v -204.927188 -0.406400 207.873600
v -206.755988 -0.406400 206.349600
v -209.092949 -0.406400 206.552812
v -211.124949 -0.406400 212.115375
v -211.124949 0.711200 212.115375
v -209.092949 0.711200 206.552812
v -206.755988 0.711200 206.349600
v -204.927188 0.711200 207.873600
v -206.451188 0.711200 213.182200
v -268.325600 -3.251200 223.012000
v -268.325600 -3.048000 223.012000
v -268.325600 -3.048000 224.434400
v -268.325600 -3.251200 224.434400
v -265.684000 -3.251200 224.434400
v -265.684000 -3.048000 224.434400
v -265.684000 -3.048000 223.012000
v -265.684000 -3.251200 223.012000
v -261.010400 -3.251200 223.012000
v -261.010400 -3.048000 223.012000
v -261.010400 -3.048000 224.434400
v -261.010400 -3.251200 224.434400
v -258.368800 -3.251200 224.434400
v -258.368800 -3.048000 224.434400
v -258.368800 -3.048000 223.012000
v -258.368800 -3.251200 223.012000
v -224.434400 -0.304800 208.178400
v -224.434400 0.508000 208.178400
v -224.434400 0.508000 209.600800
v -224.434400 -0.304800 209.600800
v -221.792800 -0.304800 209.600800
v -221.792800 0.508000 209.600800
v -221.792800 0.508000 208.178400
v -221.792800 -0.304800 208.178400
v -224.739200 -0.304800 198.526400
v -224.739200 0.508000 198.526400
v -224.739200 0.508000 200.964800
v -224.739200 -0.304800 200.964800
v -222.300800 -0.304800 200.964800
v -222.300800 0.508000 200.964800
v -222.300800 0.508000 198.526400
v -222.300800 -0.304800 198.526400
v 6.705600 -16.256000 7.111996
v 7.112000 -16.256000 6.705605
v -6.705607 -16.256000 -7.112000
v -7.111998 -16.256000 -6.705600
v -7.111998 16.256000 -6.705600
v -6.705607 16.256000 -7.112000
v 7.112000 16.256000 6.705605
v 6.705600 16.256000 7.111996
v 70.866000 -0.254000 132.181600
v 72.339200 -0.254000 130.657600
v 71.221600 -0.254000 129.743200
v 69.900800 -0.254000 131.267200
v 69.900800 0.152400 131.267200
v 71.221600 0.152400 129.743200
v 72.339200 0.152400 130.657600
v 70.866000 0.152400 132.181600
v -4.013206 0.000000 198.348612
v -4.064002 0.000000 198.323212
v -4.419604 0.000000 199.034412
v -4.368809 0.000000 199.059812
v -4.368809 2.844800 199.059812
v -4.419604 2.844800 199.034412
v -4.064002 2.844800 198.323212
v -4.013206 2.844800 198.348612
v 102.946200 -3.048000 73.431400
v 101.828600 -3.048000 72.313800
v 101.803200 -3.048000 72.339200
v 102.920800 -3.048000 73.456800
v 102.946200 1.295400 73.431400
v 102.920800 1.295400 73.456800
v 101.803200 1.295400 72.339200
v 101.828600 1.295400 72.313800
v 89.255600 -3.048000 68.199006
v 89.281000 -3.048000 68.173600
v 88.163400 -3.048000 67.055994
v 88.138000 -3.048000 67.081394
v 88.138000 1.295400 67.081394
v 88.163400 1.295400 67.055994
v 89.281000 1.295400 68.173600
v 89.255600 1.295400 68.199006
v 243.230400 -2.438400 -31.445200
v 243.230400 -2.438400 -31.496000
v 243.230400 0.660400 -31.496000
v 243.230400 0.660400 -31.445200
v 244.043200 -2.438400 -31.699200
v 244.043200 -2.438400 -31.648400
v 244.043200 0.660400 -31.648400
v 244.043200 0.660400 -31.699200
v 263.398000 -0.609600 4.470397
v 263.448800 -0.609600 4.419592
v 262.788400 -0.609600 3.860796
v 262.737600 -0.609600 3.911607
v 263.245600 1.625600 3.403597
v 263.296400 1.625600 3.352792
v 263.956800 1.625600 3.911588
v 263.906000 1.625600 3.962393
v 241.096800 -2.438400 -22.453600
v 241.096800 -2.438400 -22.504400
v 241.096800 -0.812800 -22.504400
v 241.096800 -0.812800 -22.453600
v 241.909600 -2.438400 -22.860000
v 241.909600 -2.438400 -22.809200
v 241.909600 -0.812800 -22.809200
v 241.909600 -0.812800 -22.860000
v 227.888800 0.254000 -25.603200
v 227.787200 0.254000 -25.603200
v 228.295200 3.048000 -25.603200
v 228.396800 3.048000 -25.603200
v 227.787200 0.254000 -26.416000
v 227.888800 0.254000 -26.416000
v 228.396800 3.048000 -26.416000
v 228.295200 3.048000 -26.416000
v 209.194400 0.000000 10.769598
v 209.194400 0.000000 10.718798
v 209.194400 3.302000 10.718798
v 209.194400 3.302000 10.769598
v 210.108800 0.000000 10.871200
v 210.108800 0.000000 10.922000
v 210.108800 3.302000 10.922000
v 210.108800 3.302000 10.871200
v 226.364800 0.000000 16.764000
v 226.364800 0.000000 16.713200
v 226.364800 3.302000 16.713200
v 226.364800 3.302000 16.764000
v 227.177600 3.302000 16.764000
v 227.177600 3.302000 16.713200
v 227.177600 0.000000 16.713200
v 227.177600 0.000000 16.764000
v 230.428800 0.000000 10.566400
v 230.428800 3.149600 10.566400
v 230.428800 3.149600 11.379200
v 230.428800 0.000000 11.379200
v 231.241600 3.149600 11.379200
v 231.241600 0.000000 11.379200
v 231.241600 0.000000 10.566400
v 231.241600 3.149600 10.566400
v 197.119987 0.050800 22.301206
v 197.694550 0.050800 21.726466
v 197.119999 0.050800 21.151718
v 196.545200 0.050800 21.726468
v 196.545200 5.283200 21.726468
v 197.119999 5.283200 21.151718
v 197.694550 5.283200 21.726466
v 197.119987 5.283200 22.301206
v 166.065200 0.406400 42.214803
v 166.116000 0.406400 42.265600
v 166.827200 0.406400 41.960800
v 166.776400 0.406400 41.910003
v 166.776400 3.657600 41.910003
v 166.827200 3.657600 41.960800
v 166.116000 3.657600 42.265600
v 166.065200 3.657600 42.214803
v 149.529800 0.050800 69.697600
v 149.529800 3.302000 69.697600
v 149.529800 3.302000 68.884800
v 149.529800 0.050800 68.884800
v 149.479000 3.302000 69.697600
v 149.479000 0.050800 69.697600
v 149.479000 3.302000 68.884800
v 149.479000 0.050800 68.884800
v 149.529800 0.050800 105.460800
v 149.529800 3.302000 105.460800
v 149.529800 3.302000 104.648000
v 149.529800 0.050800 104.648000
v 149.479000 3.302000 105.460800
v 149.479000 0.050800 105.460800
v 149.479000 3.302000 104.648000
v 149.479000 0.050800 104.648000
v 145.694400 0.000000 133.908800
v 145.694400 0.000000 133.299200
v 145.694400 1.981200 133.299200
v 145.694400 1.981200 133.908800
v 146.507200 1.981200 133.908800
v 146.507200 1.981200 133.299200
v 146.507200 0.000000 133.299200
v 146.507200 0.000000 133.908800
v 131.368800 0.050800 124.409200
v 131.368800 0.050800 124.358400
v 131.368800 3.302000 124.358400
v 131.368800 3.302000 124.409200
v 132.181600 3.302000 124.409200
v 132.181600 3.302000 124.358400
v 132.181600 0.050800 124.358400
v 132.181600 0.050800 124.409200
v 106.883200 0.050800 126.796800
v 106.883200 0.050800 126.390400
v 106.883200 3.098800 126.390400
v 106.883200 3.098800 126.796800
v 107.696000 3.098800 126.796800
v 107.696000 3.098800 126.390400
v 107.696000 0.050800 126.390400
v 107.696000 0.050800 126.796800
v 86.004400 0.050800 124.256800
v 86.004400 3.302000 124.256800
v 86.004400 3.302000 124.307600
v 86.004400 0.050800 124.307600
v 86.817200 0.050800 124.256800
v 86.817200 0.050800 124.307600
v 86.817200 3.302000 124.307600
v 86.817200 3.302000 124.256800
v 74.422000 0.050800 133.350000
v 74.371200 0.050800 133.299188
v 73.812400 0.050800 133.857988
v 73.863200 0.050800 133.908800
v 73.812400 4.572000 133.857988
v 74.371200 4.572000 133.299188
v 74.422000 4.572000 133.350000
v 73.863200 4.572000 133.908800
v 48.564800 -3.240329 125.780800
v 48.615600 -3.240329 125.831600
v 49.174400 -3.240329 125.272800
v 49.123600 -3.240329 125.222000
v 49.123600 1.280859 125.222000
v 49.174400 1.280859 125.272800
v 48.615600 1.280859 125.831600
v 48.564800 1.280859 125.780800
v 128.422400 -3.200400 30.886400
v 128.422400 0.050800 30.886400
v 128.422400 0.050800 29.260800
v 128.422400 -3.200400 29.260800
v 126.796800 0.050800 30.886400
v 126.796800 -3.200400 30.886400
v 126.796800 0.050800 29.260800
v 126.796800 -3.200400 29.260800
v 113.792000 -3.251200 61.569606
v 113.995200 -3.251200 61.772800
v 114.554000 -3.251200 61.214000
v 114.350800 -3.251200 61.010800
v 115.163600 0.000000 61.823600
v 115.366800 0.000000 62.026800
v 114.808000 0.000000 62.585600
v 114.604800 0.000000 62.382400
v 76.047600 -3.251200 103.174800
v 76.250800 -3.251200 103.378000
v 76.809600 -3.251200 102.819200
v 76.606400 -3.251200 102.616000
v 77.520800 0.000000 103.530400
v 77.724000 0.000000 103.733600
v 77.165200 0.000000 104.292400
v 76.962000 0.000000 104.089212
v 121.196100 0.406400 76.492100
v 121.221488 0.406400 76.517494
v 122.021600 0.406400 75.488800
v 121.996200 0.406400 75.463400
v 121.996200 4.622800 75.463400
v 122.021600 4.622800 75.488800
v 121.221488 4.622800 76.517494
v 121.196100 4.622800 76.492100
v 106.527600 0.406400 98.399594
v 106.476800 0.406400 98.348800
v 105.867200 0.406400 98.958400
v 105.918000 0.406400 99.009200
v 105.867200 4.876800 98.958400
v 106.476800 4.876800 98.348800
v 106.527600 4.876800 98.399594
v 105.918000 4.876800 99.009200
v 133.299200 0.406400 84.531200
v 133.299200 4.876800 84.531200
v 133.299200 4.876800 83.718400
v 133.299200 0.406400 83.718400
v 133.096000 4.876800 84.531200
v 133.096000 0.406400 84.531200
v 133.096000 4.876800 83.718400
v 133.096000 0.406400 83.718400
v 119.481600 0.406400 108.712000
v 119.481600 4.876800 108.712000
v 119.481600 4.876800 108.915200
v 119.481600 0.406400 108.915200
v 120.294400 0.406400 108.712000
v 120.294400 0.406400 108.915200
v 120.294400 4.876800 108.915200
v 120.294400 4.876800 108.712000
v 106.476800 0.406400 111.455200
v 106.476800 0.406400 111.353600
v 106.476800 4.876800 111.353600
v 106.476800 4.876800 111.455200
v 107.289600 4.876800 111.455200
v 107.289600 4.876800 111.353600
v 107.289600 0.406400 111.353600
v 107.289600 0.406400 111.455200
v 134.924800 0.406400 103.225600
v 134.924800 4.876800 103.225600
v 134.924800 4.876800 104.038400
v 134.924800 0.406400 104.038400
v 135.128000 4.876800 104.038400
v 135.128000 0.406400 104.038400
v 135.128000 0.406400 103.225600
v 135.128000 4.876800 103.225600
v 64.008000 0.101600 141.985988
v 63.703200 0.101600 141.681188
v 63.144400 0.101600 142.240000
v 63.449200 0.101600 142.544800
v 63.144400 2.844800 142.240000
v 63.703200 2.844800 141.681188
v 64.008000 2.844800 141.985988
v 63.449200 2.844800 142.544800
v 43.637200 0.050800 159.512000
v 43.688000 0.050800 159.562800
v 44.246800 0.050800 159.004000
v 44.196000 0.050800 158.953200
v 44.196000 3.302000 158.953200
v 44.246800 3.302000 159.004000
v 43.688000 3.302000 159.562800
v 43.637200 3.302000 159.512000
v 26.009600 0.101600 178.358800
v 25.806400 0.101600 178.003200
v 25.146000 0.101600 178.409600
v 25.349200 0.101600 178.765200
v 25.146000 2.844800 178.409600
v 25.806400 2.844800 178.003200
v 26.009600 2.844800 178.358800
v 25.349200 2.844800 178.765200
v 6.400800 0.101600 189.738000
v 6.197600 0.101600 189.382400
v 5.537200 0.101600 189.788800
v 5.740400 0.101600 190.144400
v 5.537200 4.470400 189.788800
v 6.197600 4.470400 189.382400
v 6.400800 4.470400 189.738000
v 5.740400 4.470400 190.144400
v -6.807202 0.050800 199.034400
v -6.756400 0.050800 199.085200
v -6.400797 0.050800 198.424800
v -6.451598 0.050800 198.374000
v -6.451598 3.302000 198.374000
v -6.400797 3.302000 198.424800
v -6.756400 3.302000 199.085200
v -6.807202 3.302000 199.034400
v -31.648419 0.101600 239.217225
v -31.699209 0.101600 239.166425
v -32.207206 0.101600 239.725200
v -32.156406 0.101600 239.776000
v -32.207206 4.470400 239.725200
v -31.699209 4.470400 239.166425
v -31.648419 4.470400 239.217225
v -32.156406 4.470400 239.776000
v -160.502600 0.050800 250.723400
v -160.909000 0.050800 250.317000
v -160.934400 0.050800 250.342400
v -160.528000 0.050800 250.748800
v -160.502600 3.302000 250.723400
v -160.528000 3.302000 250.748800
v -160.934400 3.302000 250.342400
v -160.909000 3.302000 250.317000
v -185.902600 0.203200 225.653600
v -185.877200 0.203200 225.628200
v -186.283513 0.203200 225.221899
v -186.308913 0.203200 225.247299
v -186.308913 3.454400 225.247299
v -186.283513 3.454400 225.221899
v -185.877200 3.454400 225.628200
v -185.902600 3.454400 225.653600
v -212.217000 -3.124200 218.186000
v -212.267800 -3.124200 218.186000
v -212.267800 4.978400 218.186000
v -212.217000 4.978400 218.186000
v -212.140825 -3.124200 217.627200
v -212.090000 -3.124200 217.627200
v -212.090000 4.978400 217.627200
v -212.140825 4.978400 217.627200
v -286.512000 -2.032000 236.067600
v -286.512000 2.641600 236.067600
v -286.512000 2.641600 236.118400
v -286.512000 -2.032000 236.118400
v -285.699200 -2.032000 236.067600
v -285.699200 -2.032000 236.118400
v -285.699200 2.641600 236.118400
v -285.699200 2.641600 236.067600
v -258.470400 0.000000 258.165600
v -258.470400 0.000000 258.064000
v -258.470400 2.641600 258.064000
v -258.470400 2.641600 258.165600
v -257.657600 2.641600 258.165600
v -257.657600 2.641600 258.064000
v -257.657600 0.000000 258.064000
v -257.657600 0.000000 258.165600
v -282.041600 0.000000 261.112000
v -282.041600 0.000000 261.010400
v -282.041600 3.962400 261.010400
v -282.041600 3.962400 261.112000
v -281.228800 3.962400 261.112000
v -281.228800 3.962400 261.010400
v -281.228800 0.000000 261.010400
v -281.228800 0.000000 261.112000
v -201.676000 1.930400 249.529600
v -201.777600 1.930400 249.529600
v -202.387200 4.572000 249.529600
v -202.285600 4.572000 249.529600
v -201.777600 1.930400 248.716800
v -201.676000 1.930400 248.716800
v -202.285600 4.572000 248.716800
v -202.387200 4.572000 248.716800
v -312.318400 0.004635 289.356800
v -312.318400 4.064000 289.356800
v -312.318400 4.064000 290.169600
v -312.318400 0.004635 290.169600
v -312.216800 4.064000 290.169600
v -312.216800 0.004635 290.169600
v -312.216800 0.004635 289.356800
v -312.216800 4.064000 289.356800
v -299.110400 1.219200 252.577600
v -299.110400 4.013200 252.577600
v -299.110400 4.013200 251.764800
v -299.110400 1.219200 251.764800
v -299.212000 4.013200 252.577600
v -299.212000 1.219200 252.577600
v -299.212000 4.013200 251.764800
v -299.212000 1.219200 251.764800
v -299.110400 1.219200 246.684800
v -299.110400 4.013200 246.684800
v -299.110400 4.013200 247.497600
v -299.110400 1.219200 247.497600
v -299.008800 4.013200 247.497600
v -299.008800 1.219200 247.497600
v -299.008800 1.219200 246.684800
v -299.008800 4.013200 246.684800
v -219.049600 0.140506 190.601600
v -219.049600 3.860800 190.601600
v -219.049600 3.860800 190.703200
v -219.049600 0.140506 190.703200
v -218.236800 0.140506 190.601600
v -218.236800 0.140506 190.703200
v -218.236800 3.860800 190.703200
v -218.236800 3.860800 190.601600
v -169.926000 0.001060 181.559188
v -169.875200 0.001060 181.508400
v -170.484788 0.001060 180.898788
v -170.535588 0.001060 180.949588
v -170.535588 3.860800 180.949588
v -170.484788 3.860800 180.898788
v -169.875200 3.860800 181.508400
v -169.926000 3.860800 181.559188
v -142.747988 0.001660 206.959188
v -142.595612 0.001660 206.806800
v -143.205200 0.001660 206.197188
v -143.357588 0.001660 206.349575
v -143.357588 3.098800 206.349575
v -143.205200 3.098800 206.197188
v -142.595612 3.098800 206.806800
v -142.747988 3.098800 206.959188
v -146.608800 -0.762000 242.925600
v -146.557988 -0.762000 242.874800
v -147.167588 -0.762000 242.265200
v -147.218388 -0.762000 242.316000
v -147.218388 1.727200 242.316000
v -147.167588 1.727200 242.265200
v -146.557988 1.727200 242.874800
v -146.608800 1.727200 242.925600
v -33.908994 -6.502400 211.226400
v -33.705797 -6.502400 211.429600
v -33.147009 -6.502400 210.870800
v -33.350212 -6.502400 210.667600
v -31.724612 0.000000 212.293200
v -31.521416 0.000000 212.496400
v -32.080200 0.000000 213.055175
v -32.283388 0.000000 212.852000
v -68.300346 -6.502400 247.827800
v -68.097412 -6.502400 248.031000
v -67.538606 -6.502400 247.472200
v -67.741806 -6.502400 247.269000
v -66.751330 -2.235200 248.259476
v -66.548000 -2.235200 248.462800
v -67.106806 -2.235200 249.021600
v -67.309882 -2.235200 248.818276
v -98.831400 -3.454400 260.052815
v -98.831400 -3.454400 259.765800
v -98.831400 -1.117600 261.398990
v -98.831400 -1.117600 261.688610
v -98.041209 -3.454400 259.765800
v -98.041209 -3.454400 260.052815
v -98.041209 -1.117600 261.688610
v -98.041209 -1.117600 261.398990
v -121.084603 -3.454400 259.478785
v -121.084603 -3.454400 259.189215
v -121.084603 -1.320800 260.637015
v -121.084603 -1.320800 260.926585
v -120.294400 -3.454400 259.189215
v -120.294400 -3.454400 259.478785
v -120.294400 -1.320800 260.926585
v -120.294400 -1.320800 260.637015
v -21.056600 -6.502400 189.966600
v -21.081998 -6.502400 189.941200
v -21.336000 -6.502400 190.373000
v -21.310597 -6.502400 190.398400
v -21.081998 1.163724 189.941200
v -21.056600 1.163724 189.966600
v -21.310597 1.163724 190.398400
v -21.336000 1.163724 190.373000
v -25.196798 -6.502400 178.333400
v -24.904703 -6.502400 177.838112
v -25.590511 -6.502400 177.507900
v -25.882603 -6.502400 178.003188
v -25.882603 -0.152400 178.003188
v -25.590511 -0.152400 177.507900
v -24.904703 -0.152400 177.838112
v -25.196798 -0.152400 178.333400
v -121.084603 -6.502400 259.105400
v -121.084603 -6.502400 258.818385
v -121.084603 -3.454400 259.189240
v -121.084603 -3.454400 259.478785
v -120.294400 -6.502400 258.818385
v -120.294400 -6.502400 259.105400
v -120.294400 -3.454400 259.478785
v -120.294400 -3.454400 259.189240
v -98.831400 -6.502400 259.681985
v -98.831400 -6.502400 259.392415
v -98.831400 -3.454400 259.765825
v -98.831400 -3.454400 260.052815
v -98.041209 -6.502400 259.392415
v -98.041209 -6.502400 259.681985
v -98.041209 -3.454400 260.052815
v -98.041209 -3.454400 259.765825
v -67.309994 -2.235200 248.818400
v -67.106800 -2.235200 249.021600
v -66.548006 -2.235200 248.462800
v -66.751194 -2.235200 248.259600
v -66.116219 -0.482600 248.894600
v -65.913012 -0.482600 249.097800
v -66.471806 -0.482600 249.656575
v -66.674994 -0.482600 249.453375
v -50.952400 -6.502400 229.743000
v -50.749200 -6.502400 229.946200
v -50.190400 -6.502400 229.387400
v -50.393606 -6.502400 229.184200
v -48.768000 -0.330200 230.809800
v -48.564791 -0.330200 231.013000
v -49.123597 -0.330200 231.571800
v -49.326797 -0.330200 231.368600
v -189.890412 1.422400 172.415212
v -189.941212 1.422400 172.364412
v -190.550800 1.422400 172.974012
v -190.500000 1.422400 173.024812
v -189.941212 8.331200 172.364412
v -189.890412 8.331200 172.415212
v -190.500000 8.331200 173.024812
v -190.550800 8.331200 172.974012
v -131.571988 0.001660 218.135200
v -131.419600 0.001660 217.982800
v -132.029200 0.001660 217.373200
v -132.181588 0.001660 217.525575
v -132.181588 3.098800 217.525575
v -132.029200 3.098800 217.373200
v -131.419600 3.098800 217.982800
v -131.571988 3.098800 218.135200
v -153.517588 0.001660 196.189588
v -153.365200 0.001660 196.037200
v -153.974775 0.001660 195.427637
v -154.127150 0.001660 195.580012
v -154.127150 3.098800 195.580012
v -153.974775 3.098800 195.427637
v -153.365200 3.098800 196.037200
v -153.517588 3.098800 196.189588
v -204.825600 0.050800 179.222400
v -204.825600 0.050800 179.120862
v -204.825600 3.149600 179.730462
v -204.825600 3.149600 179.832000
v -204.012800 0.050800 179.120862
v -204.012800 0.050800 179.222400
v -204.012800 3.149600 179.832000
v -204.012800 3.149600 179.730462
v -297.484800 1.219200 256.540000
v -297.484800 1.219200 256.438400
v -297.484800 4.318000 256.438400
v -297.484800 4.318000 256.540000
v -296.672000 4.318000 256.540000
v -296.672000 4.318000 256.438400
v -296.672000 1.219200 256.438400
v -296.672000 1.219200 256.540000
v -299.110400 1.219200 242.417600
v -299.110400 4.013200 242.417600
v -299.110400 4.013200 241.604800
v -299.110400 1.219200 241.604800
v -299.212000 4.013200 242.417600
v -299.212000 1.219200 242.417600
v -299.212000 4.013200 241.604800
v -299.212000 1.219200 241.604800
v -312.724800 0.004635 287.731200
v -312.724800 4.064000 287.731200
v -312.724800 4.064000 286.918400
v -312.724800 0.004635 286.918400
v -312.826400 4.064000 287.731200
v -312.826400 0.004635 287.731200
v -312.826400 4.064000 286.918400
v -312.826400 0.004635 286.918400
v -201.777600 0.000000 248.716800
v -201.777600 1.930400 248.716800
v -201.777600 1.930400 249.529600
v -201.777600 0.000000 249.529600
v -201.676000 1.930400 249.529600
v -201.676000 0.000000 249.529600
v -201.676000 0.000000 248.716800
v -201.676000 1.930400 248.716800
v -221.081600 0.000000 261.010400
v -221.081600 0.000000 260.908800
v -221.081600 3.962400 260.908800
v -221.081600 3.962400 261.010400
v -220.268800 3.962400 261.010400
v -220.268800 3.962400 260.908800
v -220.268800 0.000000 260.908800
v -220.268800 0.000000 261.010400
v -237.744000 0.000000 258.165600
v -237.744000 0.000000 258.064000
v -237.744000 2.641600 258.064000
v -237.744000 2.641600 258.165600
v -236.931200 2.641600 258.165600
v -236.931200 2.641600 258.064000
v -236.931200 0.000000 258.064000
v -236.931200 0.000000 258.165600
v -289.763200 0.000000 258.165600
v -289.763200 0.000000 258.064000
v -289.763200 2.641600 258.064000
v -289.763200 2.641600 258.165600
v -288.950400 2.641600 258.165600
v -288.950400 2.641600 258.064000
v -288.950400 0.000000 258.064000
v -288.950400 0.000000 258.165600
v -240.995200 -2.032000 236.067600
v -240.995200 2.641600 236.067600
v -240.995200 2.641600 236.118400
v -240.995200 -2.032000 236.118400
v -240.182400 -2.032000 236.067600
v -240.182400 -2.032000 236.118400
v -240.182400 2.641600 236.118400
v -240.182400 2.641600 236.067600
v -210.235800 -3.124200 227.736400
v -210.286600 -3.124200 227.736400
v -210.286600 4.978400 227.736400
v -210.235800 4.978400 227.736400
v -210.159600 -3.124200 227.177600
v -210.108800 -3.124200 227.177600
v -210.108800 4.978400 227.177600
v -210.159600 4.978400 227.177600
v -166.497012 0.101600 245.059200
v -166.471612 0.101600 245.033800
v -166.878000 0.101600 244.627400
v -166.903400 0.101600 244.652800
v -166.903400 3.352800 244.652800
v -166.878000 3.352800 244.627400
v -166.471612 3.352800 245.033800
v -166.497012 3.352800 245.059200
v -31.241997 0.050800 234.340400
v -31.191203 0.050800 234.391200
v -30.683203 0.050800 233.883200
v -30.733997 0.050800 233.832400
v -30.733997 3.302000 233.832400
v -30.683203 3.302000 233.883200
v -31.191203 3.302000 234.391200
v -31.241997 3.302000 234.340400
v -5.283200 0.101600 203.606400
v -5.384805 0.101600 203.555600
v -5.791199 0.101600 204.165188
v -5.689592 0.101600 204.215988
v -5.689592 4.470400 204.215988
v -5.791199 4.470400 204.165188
v -5.384805 4.470400 203.555600
v -5.283200 4.470400 203.606400
v 7.975600 0.050800 186.232800
v 8.026400 0.050800 186.283588
v 8.686800 0.050800 185.927988
v 8.636000 0.050800 185.877188
v 8.636000 3.302000 185.877188
v 8.686800 3.302000 185.927988
v 8.026400 3.302000 186.283588
v 7.975600 3.302000 186.232800
v 27.076400 0.050800 175.006000
v 27.127200 0.050800 175.056800
v 27.787600 0.050800 174.701188
v 27.736800 0.050800 174.650388
v 27.736800 3.302000 174.650388
v 27.787600 3.302000 174.701188
v 27.127200 3.302000 175.056800
v 27.076400 3.302000 175.006000
v 43.738800 0.101600 163.271200
v 43.434000 0.101600 162.966400
v 42.875200 0.101600 163.525200
v 43.180000 0.101600 163.830000
v 42.875200 2.844800 163.525200
v 43.434000 2.844800 162.966400
v 43.738800 2.844800 163.271200
v 43.180000 2.844800 163.830000
v 135.534400 0.406400 80.060800
v 135.534400 4.622800 80.060800
v 135.534400 4.622800 80.873600
v 135.534400 0.406400 80.873600
v 135.737600 4.622800 80.873600
v 135.737600 0.406400 80.873600
v 135.737600 0.406400 80.060800
v 135.737600 4.622800 80.060800
v 115.824000 0.406400 111.455200
v 115.824000 0.406400 111.353600
v 115.824000 4.876800 111.353600
v 115.824000 4.876800 111.455200
v 116.636800 4.876800 111.455200
v 116.636800 4.876800 111.353600
v 116.636800 0.406400 111.353600
v 116.636800 0.406400 111.455200
v 103.632000 0.406400 108.712000
v 103.632000 4.876800 108.712000
v 103.632000 4.876800 108.915200
v 103.632000 0.406400 108.915200
v 104.444800 0.406400 108.712000
v 104.444800 0.406400 108.915200
v 104.444800 4.876800 108.915200
v 104.444800 4.876800 108.712000
v 132.486400 0.406400 102.412800
v 132.486400 4.622800 102.412800
v 132.486400 4.622800 101.600000
v 132.486400 0.406400 101.600000
v 132.283200 4.622800 102.412800
v 132.283200 0.406400 102.412800
v 132.283200 4.622800 101.600000
v 132.283200 0.406400 101.600000
v 101.447600 0.406400 101.193600
v 101.447600 4.622800 101.193600
v 101.447600 4.622800 100.380800
v 101.447600 0.406400 100.380800
v 101.244400 4.622800 101.193600
v 101.244400 0.406400 101.193600
v 101.244400 4.622800 100.380800
v 101.244400 0.406400 100.380800
v 120.294400 0.406400 85.750400
v 120.294400 4.876800 85.750400
v 120.294400 4.876800 86.563200
v 120.294400 0.406400 86.563200
v 120.497600 4.876800 86.563200
v 120.497600 0.406400 86.563200
v 120.497600 0.406400 85.750400
v 120.497600 4.876800 85.750400
v 27.635200 -3.251200 151.841212
v 27.838400 -3.251200 152.044400
v 28.397200 -3.251200 151.485600
v 28.194000 -3.251200 151.282400
v 29.006800 0.000000 152.095200
v 29.210000 0.000000 152.298388
v 28.651200 0.000000 152.857200
v 28.448000 0.000000 152.654000
v 89.865200 -3.251200 89.763600
v 90.068400 -3.251200 89.966800
v 90.627200 -3.251200 89.408000
v 90.424000 -3.251200 89.204800
v 91.236800 0.000000 90.017600
v 91.440000 0.000000 90.220794
v 90.881200 0.000000 90.779600
v 90.678000 0.000000 90.576400
v 128.371600 -3.251200 45.415200
v 128.574800 -3.251200 45.618400
v 129.133600 -3.251200 45.059600
v 128.930400 -3.251200 44.856400
v 129.743200 0.000000 45.669191
v 129.946400 0.000000 45.872397
v 129.387600 0.000000 46.431200
v 129.184400 0.000000 46.227994
v 53.746400 -3.240329 120.599200
v 53.797200 -3.240329 120.650000
v 54.356000 -3.240329 120.091336
v 54.305200 -3.240329 120.040536
v 54.305200 1.280859 120.040536
v 54.356000 1.280859 120.091336
v 53.797200 1.280859 120.650000
v 53.746400 1.280859 120.599200
v 43.383200 -3.240329 130.962400
v 43.434000 -3.240329 131.013200
v 43.992800 -3.240329 130.454549
v 43.942000 -3.240329 130.403749
v 43.942000 1.280859 130.403749
v 43.992800 1.280859 130.454549
v 43.434000 1.280859 131.013200
v 43.383200 1.280859 130.962400
v 77.114400 0.050800 126.238000
v 77.063600 0.050800 126.187200
v 76.504800 0.050800 126.746000
v 76.555600 0.050800 126.796800
v 76.504800 3.302000 126.746000
v 77.063600 3.302000 126.187200
v 77.114400 3.302000 126.238000
v 76.555600 3.302000 126.796800
v 108.915200 0.050800 124.307600
v 108.915200 3.302000 124.307600
v 108.915200 3.302000 124.358400
v 108.915200 0.050800 124.358400
v 109.728000 0.050800 124.307600
v 109.728000 0.050800 124.358400
v 109.728000 3.302000 124.358400
v 109.728000 3.302000 124.307600
v 133.604000 0.050800 124.256800
v 133.604000 3.302000 124.256800
v 133.604000 3.302000 124.307600
v 133.604000 0.050800 124.307600
v 134.416800 0.050800 124.256800
v 134.416800 0.050800 124.307600
v 134.416800 3.302000 124.307600
v 134.416800 3.302000 124.256800
v 142.646400 0.965200 131.368800
v 142.646400 0.965200 131.267200
v 142.646400 2.844800 131.521200
v 142.646400 2.844800 131.622812
v 143.459200 0.965200 131.267200
v 143.459200 0.965200 131.368800
v 143.459200 2.844800 131.622812
v 143.459200 2.844800 131.521200
v 149.606000 0.050800 98.348800
v 149.606000 3.302000 98.348800
v 149.606000 3.302000 103.225600
v 149.606000 0.050800 103.225600
v 149.656800 3.302000 103.225600
v 149.656800 0.050800 103.225600
v 149.656800 0.050800 98.348800
v 149.656800 3.302000 98.348800
v 149.580600 0.050800 71.120000
v 149.580600 3.302000 71.120000
v 149.580600 3.302000 71.932800
v 149.580600 0.050800 71.932800
v 149.631400 3.302000 71.932800
v 149.631400 0.050800 71.932800
v 149.631400 0.050800 71.120000
v 149.631400 3.302000 71.120000
v 144.703800 1.219200 52.527188
v 144.729200 1.219200 52.552594
v 145.008600 1.219200 52.197000
v 144.983200 1.219200 52.171600
v 144.983200 3.124200 52.171600
v 145.008600 3.124200 52.197000
v 144.729200 3.124200 52.552594
v 144.703800 3.124200 52.527188
v 190.093600 0.050800 24.892005
v 190.144400 0.050800 24.942816
v 190.703200 0.050800 24.384006
v 190.652400 0.050800 24.333194
v 190.652400 3.302000 24.333194
v 190.703200 3.302000 24.384006
v 190.144400 3.302000 24.942816
v 190.093600 3.302000 24.892005
v 224.739200 0.000000 21.945600
v 224.739200 3.149600 21.945600
v 224.739200 3.149600 21.132800
v 224.739200 0.000000 21.132800
v 223.926400 3.149600 21.945600
v 223.926400 0.000000 21.945600
v 223.926400 3.149600 21.132800
v 223.926400 0.000000 21.132800
v 232.054400 0.000000 15.036800
v 232.054400 3.149600 15.036800
v 232.054400 3.149600 14.224000
v 232.054400 0.000000 14.224000
v 231.241600 3.149600 15.036800
v 231.241600 0.000000 15.036800
v 231.241600 3.149600 14.224000
v 231.241600 0.000000 14.224000
v 226.771200 0.000000 9.245602
v 226.771200 0.000000 9.194802
v 226.771200 3.302000 9.194802
v 226.771200 3.302000 9.245602
v 227.584000 0.000000 9.423400
v 227.584000 0.000000 9.474200
v 227.584000 3.302000 9.474200
v 227.584000 3.302000 9.423401
v 213.106000 0.000000 11.328400
v 213.106000 0.000000 11.277598
v 213.106000 3.302000 11.277598
v 213.106000 3.302000 11.328400
v 214.020400 0.000000 11.429998
v 214.020400 0.000000 11.480799
v 214.020400 3.302000 11.480799
v 214.020400 3.302000 11.429998
v 230.174800 0.254000 -24.384000
v 230.073200 0.254000 -24.384000
v 229.209600 3.048000 -24.384000
v 229.311200 3.048000 -24.384000
v 230.073200 0.254000 -25.196800
v 230.174800 0.254000 -25.196800
v 229.311200 3.048000 -25.196800
v 229.209600 3.048000 -25.196800
v 245.465600 -2.438400 -27.025600
v 245.465600 -2.438400 -27.076400
v 245.465600 -1.219200 -27.076400
v 245.465600 -1.219200 -27.025600
v 246.278400 -2.438400 -27.432000
v 246.278400 -2.438400 -27.381200
v 246.278400 -1.219200 -27.381200
v 246.278400 -1.219200 -27.432000
v 262.839200 -3.071495 -42.062400
v 262.839200 -3.071495 -42.113200
v 262.839200 1.625600 -42.113200
v 262.839200 1.625600 -42.062400
v 263.652000 -3.071495 -41.960800
v 263.652000 -3.071495 -41.910000
v 263.652000 1.625600 -41.910000
v 263.652000 1.625600 -41.960800
v 89.865200 -3.048000 64.211200
v 89.890600 -3.048000 64.236606
v 91.008200 -3.048000 63.119006
v 90.982800 -3.048000 63.093600
v 90.982800 1.295400 63.093600
v 91.008200 1.295400 63.119006
v 89.890600 1.295400 64.236606
v 89.865200 1.295400 64.211200
v 94.970600 -3.048000 62.484000
v 93.853000 -3.048000 61.366406
v 93.827600 -3.048000 61.391806
v 94.945200 -3.048000 62.509400
v 94.970600 1.295400 62.484000
v 94.945200 1.295400 62.509400
v 93.827600 1.295400 61.391806
v 93.853000 1.295400 61.366406
v 100.431600 -3.048000 76.301600
v 100.457000 -3.048000 76.276200
v 99.339400 -3.048000 75.158600
v 99.314000 -3.048000 75.183994
v 99.314000 1.295400 75.183994
v 99.339400 1.295400 75.158600
v 100.457000 1.295400 76.276200
v 100.431600 1.295400 76.301600
v -0.812800 0.000000 195.224412
v -0.812800 0.000000 195.173588
v -0.812800 13.004800 195.427588
v -0.812800 13.004800 195.478400
v 0.000000 0.000000 195.173588
v 0.000000 0.000000 195.224412
v 0.000000 13.004800 195.478400
v 0.000000 13.004800 195.427588
v -203.606400 1.930400 245.465600
v -203.606400 4.572000 245.465600
v -203.606400 4.572000 244.652800
v -203.606400 1.930400 244.652800
v -203.708000 4.572000 245.465600
v -203.708000 1.930400 245.465600
v -203.708000 4.572000 244.652800
v -203.708000 1.930400 244.652800
v -188.569600 0.000000 240.690400
v -188.569600 0.000000 240.588800
v -188.569600 3.962400 240.588800
v -188.569600 3.962400 240.690400
v -187.756800 3.962400 240.690400
v -187.756800 3.962400 240.588800
v -187.756800 0.000000 240.588800
v -187.756800 0.000000 240.690400
v -181.660800 0.000000 216.814400
v -181.660800 1.625600 216.814400
v -181.660800 1.625600 216.916000
v -181.660800 0.000000 216.916000
v -179.425600 0.000000 216.916000
v -179.425600 1.625600 216.916000
v -179.425600 1.625600 216.814400
v -179.425600 0.000000 216.814400
v 102.768400 0.000000 116.636800
v 102.768400 1.625600 116.636800
v 102.768400 1.625600 118.872000
v 102.768400 0.000000 118.872000
v 102.870000 0.000000 118.872000
v 102.870000 1.625600 118.872000
v 102.870000 1.625600 116.636800
v 102.870000 0.000000 116.636800
v 58.623200 -0.254000 144.043400
v 66.344800 -0.254000 136.525000
v 64.135000 -0.254000 133.883400
v 56.261000 -0.254000 141.173200
v 56.261000 0.152400 141.173200
v 64.135000 0.152400 133.883400
v 66.344800 0.152400 136.525000
v 58.623200 0.152400 144.043400
v 53.746400 -0.254000 149.047200
v 57.480200 -0.254000 145.669000
v 56.235600 -0.254000 144.678400
v 52.832000 -0.254000 148.640800
v 52.832000 0.152400 148.640800
v 56.235600 0.152400 144.678400
v 57.480200 0.152400 145.669000
v 53.746400 0.152400 149.047200
v -285.851600 -0.304800 202.463375
v -284.962575 -0.304800 201.421950
v -285.013375 -0.304800 200.431412
v -288.112200 -0.304800 199.085212
v -288.556700 -0.304800 200.088500
v -288.556700 0.508000 200.088500
v -288.112200 0.508000 199.085212
v -285.013375 0.508000 200.431412
v -284.962575 0.508000 201.421950
v -285.851600 0.508000 202.463375
v 250.672600 -2.438400 3.073398
v 250.672600 -2.438400 3.022599
v 250.672600 -1.422400 3.022599
v 250.672600 -1.422400 3.073398
v 251.485400 -2.438400 3.378198
v 251.485400 -2.438400 3.428997
v 251.485400 -1.422400 3.428997
v 251.485400 -1.422400 3.378198
v 243.332000 -2.438400 0.203201
v 243.332000 -2.438400 0.152395
v 243.332000 -1.117600 0.152395
v 243.332000 -1.117600 0.203201
v 244.144800 -2.438400 0.508001
v 244.144800 -2.438400 0.558807
v 244.144800 -1.117600 0.558807
v 244.144800 -1.117600 0.508001
v 224.536000 0.254000 -29.260800
v 224.536000 0.254000 -29.362400
v 224.536000 3.048000 -28.549600
v 224.536000 3.048000 -28.448000
v 225.348800 0.254000 -29.362400
v 225.348800 0.254000 -29.260800
v 225.348800 3.048000 -28.448000
v 225.348800 3.048000 -28.549600
v 187.706000 0.050800 30.352991
v 187.426600 0.050800 30.073591
v 186.867800 0.050800 30.632391
v 187.147200 0.050800 30.911794
v 186.867800 3.048000 30.632391
v 187.426600 3.048000 30.073591
v 187.706000 3.048000 30.352991
v 187.147200 3.048000 30.911794
v 176.834800 0.050800 15.570197
v 177.114200 0.050800 15.849597
v 177.673000 0.050800 15.290797
v 177.393600 0.050800 15.011394
v 177.393600 3.048000 15.011394
v 177.673000 3.048000 15.290797
v 177.114200 3.048000 15.849597
v 176.834800 3.048000 15.570197
v 172.364400 0.050800 24.587192
v 172.313600 0.050800 24.536397
v 171.831000 0.050800 25.120597
v 171.881800 0.050800 25.171400
v 171.831000 3.302000 25.120597
v 172.313600 3.302000 24.536397
v 172.364400 3.302000 24.587192
v 171.881800 3.302000 25.171400
v 188.791664 0.050800 3.210023
v 189.366401 0.050800 3.784573
v 189.941200 0.050800 3.209977
v 189.366401 0.050800 2.635231
v 189.366401 4.648200 2.635231
v 189.941200 4.648200 3.209977
v 189.366401 4.648200 3.784573
v 188.791664 4.648200 3.210023
v -296.265600 -2.032000 234.035600
v -296.265600 2.489200 234.035600
v -296.265600 2.489200 234.086400
v -296.265600 -2.032000 234.086400
v -295.452800 -2.032000 234.035600
v -295.452800 -2.032000 234.086400
v -295.452800 2.489200 234.086400
v -295.452800 2.489200 234.035600
v -16.205194 -0.431800 189.661800
v -17.576797 -0.431800 189.103000
v -22.174194 -0.431800 196.570600
v -20.624798 -0.431800 197.510400
v -17.576809 0.203200 189.102988
v -16.205169 0.203200 189.661788
v -20.624783 0.203200 197.510412
v -22.174211 0.203200 196.570588
v -224.637600 -0.101600 203.200000
v -224.637600 0.304800 203.200000
v -224.637600 0.304800 206.044800
v -224.637600 -0.101600 206.044800
v -223.926400 -0.101600 206.044800
v -223.926400 0.304800 206.044800
v -223.926400 0.304800 203.200000
v -223.926400 -0.101600 203.200000
v -0.050800 -1.625600 -3.200400
v -0.050800 1.625600 -3.200400
v -0.050800 1.625600 0.050800
v -0.050800 -1.625600 0.050800
v 0.050800 -1.625600 0.050800
v 0.050800 1.625600 0.050800
v 0.050800 1.625600 -3.200400
v 0.050800 -1.625600 -3.200400
v -0.050800 -1.625600 -0.050800
v -0.050800 1.625600 -0.050800
v -0.050800 1.625600 3.200400
v -0.050800 -1.625600 3.200400
v 0.050800 -1.625600 3.200400
v 0.050800 1.625600 3.200400
v 0.050800 1.625600 -0.050800
v 0.050800 -1.625600 -0.050800
v 1.498600 -1.498600 0.342905
v 1.524000 -1.498600 0.266704
v -1.485901 -1.498600 -0.431800
v -1.511302 -1.498600 -0.355600
v -1.511302 1.498600 -0.355600
v -1.485901 1.498600 -0.431800
v 1.524000 1.498600 0.266704
v 1.498600 1.498600 0.342905
v 1.295400 -1.498600 0.355606
v 1.320800 -1.498600 0.228592
v 0.000000 -1.498600 -0.050800
v -0.025401 -1.498600 0.050806
v 1.320800 1.498600 0.228592
v 1.295400 1.498600 0.355606
v -0.025401 1.498600 0.050806
v 0.000000 1.498600 -0.050800
v 0.203200 -0.101600 -0.025140
v 0.533400 -0.101600 -0.355340
v 0.203200 -0.101600 -0.685540
v -0.127005 -0.101600 -0.355340
v -0.127005 0.101600 -0.355340
v 0.203200 0.101600 -0.685540
v 0.533400 0.101600 -0.355340
v 0.203200 0.101600 -0.025140
v -74.777600 -5.689600 -52.019200
v -74.777600 5.689600 -52.019200
v -74.777600 5.689600 52.019200
v -74.777600 -5.689600 52.019200
v 74.777600 -5.689600 52.019200
v 74.777600 5.689600 52.019200
v 74.777600 5.689600 -52.019200
v 74.777600 -5.689600 -52.019200
v -73.152000 -1.727200 53.644800
v 39.014400 -1.727200 -65.024000
v 16.256000 -1.727200 -108.915200
v -108.915200 -1.727200 19.507200
v -108.915200 1.727200 19.507200
v 16.256000 1.727200 -108.915200
v 39.014400 1.727200 -65.024000
v -73.152000 1.727200 53.644800
v -48.768000 -4.876800 -65.024000
v -48.768000 4.876800 -65.024000
v -48.768000 4.876800 65.024000
v -48.768000 -4.876800 65.024000
v 48.768000 -4.876800 65.024000
v 48.768000 4.876800 65.024000
v 48.768000 4.876800 -65.024000
v 48.768000 -4.876800 -65.024000
v 281.838400 -2.235200 -20.320000
v 281.838400 -0.609600 -20.320000
v 281.838400 -0.609600 1.625600
v 281.838400 -2.235200 1.625600
v 292.811200 -2.235200 1.625600
v 292.811200 -0.609600 1.625600
v 292.811200 -0.609600 -20.320000
v 292.811200 -2.235200 -20.320000
v 1.320800 0.304800 174.752000
v 1.422400 0.304800 174.853600
v 2.235200 0.304800 174.345600
v 2.133600 0.304800 174.244000
v 2.133600 1.727200 174.244000
v 2.235200 1.727200 174.345600
v 1.422400 1.727200 174.853600
v 1.320800 1.727200 174.752000
v -224.739200 0.140506 208.483200
v -224.739200 3.251200 208.483200
v -224.739200 3.251200 209.296000
v -224.739200 0.140506 209.296000
v -224.637600 3.251200 209.296000
v -224.637600 0.140506 209.296000
v -224.637600 0.140506 208.483200
v -224.637600 3.251200 208.483200
v -217.830400 0.140506 209.702400
v -217.830400 3.251200 209.702400
v -217.830400 3.251200 209.804000
v -217.830400 0.140506 209.804000
v -217.017600 0.140506 209.702400
v -217.017600 0.140506 209.804000
v -217.017600 3.251200 209.804000
v -217.017600 3.251200 209.702400
v -209.296000 -0.101600 207.467200
v -209.296000 1.625600 207.467200
v -209.296000 1.625600 208.483200
v -209.296000 -0.101600 208.483200
v -206.044800 -0.101600 208.483200
v -206.044800 1.625600 208.483200
v -206.044800 1.625600 207.467200
v -206.044800 -0.101600 207.467200
v -224.739200 -0.101600 182.880000
v -224.739200 0.406400 182.880000
v -224.739200 0.406400 209.702400
v -224.739200 -0.101600 209.702400
v -191.008000 -0.101600 209.702400
v -191.008000 0.406400 209.702400
v -191.008000 0.406400 182.880000
v -191.008000 -0.101600 182.880000
v -0.406400 -0.050800 -0.203200
v -0.406400 0.050800 -0.203200
v -0.406400 0.050800 0.203200
v -0.406400 -0.050800 0.203200
v 0.406400 -0.050800 0.203200
v 0.406400 0.050800 0.203200
v 0.406400 0.050800 -0.203200
v 0.406400 -0.050800 -0.203200
v -0.381000 -0.203200 -0.012700
v -0.381000 0.203200 -0.012700
v -0.381000 0.203200 0.012700
v -0.381000 -0.203200 0.012700
v 0.381000 -0.203200 0.012700
v 0.381000 0.203200 0.012700
v 0.381000 0.203200 -0.012700
v 0.381000 -0.203200 -0.012700
v 7.315200 -3.251200 1.219200
v -4.063997 -3.251200 -10.160000
v -4.470397 -3.251200 -9.753600
v 6.908800 -3.251200 1.625601
v -4.470397 3.251200 -9.753600
v -4.063997 3.251200 -10.160000
v 7.315200 3.251200 1.219200
v 6.908800 3.251200 1.625601
v -0.261612 -0.101600 0.272298
v -0.111770 -0.101600 -0.170668
v -0.556283 -0.101600 -0.318757
v -0.703595 -0.101600 0.123961
v -0.261612 0.101600 0.272298
v -0.703595 0.101600 0.123961
v -0.556283 0.101600 -0.318757
v -0.111770 0.101600 -0.170668
v 267.716000 -2.844800 5.537200
v 267.716000 -2.844800 5.486400
v 267.716000 0.406400 5.486400
v 267.716000 0.406400 5.537200
v 268.325600 0.406400 5.537200
v 268.325600 0.406400 5.486400
v 268.325600 -2.844800 5.486400
v 268.325600 -2.844800 5.537200
v 7.315200 -3.251200 1.219200
v -4.063997 -3.251200 -10.160000
v -4.470397 -3.251200 -9.753600
v 6.908800 -3.251200 1.625601
v -4.470397 3.251200 -9.753600
v -4.063997 3.251200 -10.160000
v 7.315200 3.251200 1.219200
v 6.908800 3.251200 1.625601
v -19.913637 -16.256000 97.942437
v -32.512000 -16.256000 110.540800
v -19.913637 -16.256000 110.541048
v -19.913637 -16.256000 123.139163
v -7.315252 -16.256000 123.139684
v -7.315251 -16.256000 110.541048
v -7.315252 -16.256000 135.737550
v -7.315250 -16.256000 97.942636
v -7.315250 -16.256000 85.344050
v 5.283200 -16.256000 135.738543
v 5.283200 -16.256000 123.139882
v 5.283200 -16.256000 148.335963
v 5.283200 -16.256000 110.541246
v 5.283200 -16.256000 97.942636
v 5.283200 -16.256000 85.344198
v 5.283200 -16.256000 72.745637
v 17.881600 -16.256000 148.337377
v 17.881600 -16.256000 135.738691
v 17.881600 -16.256000 160.934400
v 17.881600 -16.256000 123.140031
v 17.881600 -16.256000 110.541395
v 17.881600 -16.256000 97.942784
v 17.881600 -16.256000 85.344198
v 17.881600 -16.256000 72.745749
v 17.881600 -16.256000 60.147206
v 30.480000 -16.256000 160.936198
v 30.480000 -16.256000 148.337488
v 26.009600 -16.256000 169.062412
v 30.480000 -16.256000 164.591950
v 30.480000 -16.256000 135.738803
v 30.480000 -16.256000 123.140143
v 30.480000 -16.256000 110.541507
v 30.480000 -16.256000 97.942896
v 30.480000 -16.256000 85.344310
v 30.480000 -16.256000 72.745755
v 30.480000 -16.256000 60.147262
v 30.480000 -16.256000 47.548750
v 34.135761 -16.256000 160.936236
v 43.078400 -16.256000 151.993464
v 43.078400 -16.256000 148.337538
v 43.078400 -16.256000 135.738853
v 43.078400 -16.256000 123.140192
v 43.078400 -16.256000 110.541557
v 43.078400 -16.256000 97.942952
v 43.078400 -16.256000 85.344366
v 43.078400 -16.256000 72.745805
v 43.078400 -16.256000 60.147262
v 43.078400 -16.256000 47.548750
v 43.078400 -16.256000 34.950264
v 46.734527 -16.256000 148.337463
v 55.676800 -16.256000 139.394952
v 55.676800 -16.256000 135.738791
v 55.676800 -16.256000 123.140130
v 55.676800 -16.256000 110.541495
v 55.676800 -16.256000 97.942884
v 55.676800 -16.256000 85.344304
v 55.676800 -16.256000 72.745743
v 55.676800 -16.256000 60.147206
v 55.676800 -16.256000 47.548701
v 55.676800 -16.256000 34.950214
v 55.676800 -16.256000 22.351755
v 59.333284 -16.256000 135.738704
v 68.275572 -16.256000 126.796428
v 68.275572 -16.256000 123.140056
v 68.275572 -16.256000 110.541420
v 68.275572 -16.256000 97.942809
v 68.275572 -16.256000 85.344223
v 68.275572 -16.256000 72.745662
v 68.275572 -16.256000 60.147126
v 68.275572 -16.256000 47.548614
v 68.275572 -16.256000 34.950121
v 68.275572 -16.256000 22.351665
v 68.275572 -16.256000 9.753228
v 71.932062 -16.256000 123.139944
v 80.874127 -16.256000 114.197879
v 80.874127 -16.256000 110.541308
v 80.874127 -16.256000 97.942698
v 80.874127 -16.256000 85.344112
v 80.874127 -16.256000 72.745550
v 80.874127 -16.256000 60.147014
v 80.874127 -16.256000 47.548502
v 80.874127 -16.256000 34.950016
v 80.874127 -16.256000 22.351554
v 80.874127 -16.256000 9.753104
v 80.874127 -16.256000 -2.845326
v 84.530878 -16.256000 110.541122
v 93.472707 -16.256000 101.599299
v 93.472707 -16.256000 97.942512
v 93.472707 -16.256000 85.343926
v 93.472707 -16.256000 72.745364
v 93.472707 -16.256000 60.146828
v 93.472707 -16.256000 47.548316
v 93.472707 -16.256000 34.949823
v 93.472707 -16.256000 22.351361
v 93.472707 -16.256000 9.752918
v 93.472707 -16.256000 -2.845501
v 93.472707 -16.256000 -15.443905
v 93.472707 -16.256000 87.376626
v 93.472707 -16.256000 99.975219
v 95.096788 -16.256000 99.975212
v 106.071305 -16.256000 89.000695
v 106.071305 -16.256000 87.376626
v 93.472707 -16.256000 74.778059
v 106.071305 -16.256000 74.778059
v 93.472707 -16.256000 62.179516
v 106.071305 -16.256000 62.179522
v 93.472707 -16.256000 49.581005
v 106.071305 -16.256000 49.581002
v 93.472707 -16.256000 36.982509
v 106.071305 -16.256000 36.982515
v 93.472707 -16.256000 24.384040
v 106.071305 -16.256000 24.384043
v 93.472707 -16.256000 11.785596
v 106.071305 -16.256000 11.785594
v 93.472707 -16.256000 -0.812800
v 106.071305 -16.256000 -0.812800
v 93.472707 -16.256000 -13.411200
v 106.071305 -16.256000 -13.411200
v 106.071305 -16.256000 -21.943783
v 104.038400 -16.256000 -26.009600
v 106.071305 -16.256000 66.245383
v 106.071305 -16.256000 78.843932
v 116.228068 -16.256000 78.843932
v 118.669929 -16.256000 76.402071
v 118.669929 -16.256000 66.245383
v 106.071305 -16.256000 53.646859
v 118.669929 -16.256000 53.646859
v 106.071305 -16.256000 41.048366
v 118.669929 -16.256000 41.048363
v 106.071305 -16.256000 28.449885
v 118.669929 -16.256000 28.449888
v 106.071305 -16.256000 15.851432
v 118.669929 -16.256000 15.851436
v 118.669929 -16.256000 3.253467
v 106.071305 -16.256000 3.253003
v 112.370493 -16.256000 -9.345402
v 106.071305 -16.256000 -9.345402
v 128.826146 -16.256000 66.245860
v 131.268577 -16.256000 63.803423
v 131.268577 -16.256000 53.647336
v 131.268577 -16.256000 41.048831
v 131.268577 -16.256000 28.450763
v 124.969141 -16.256000 15.851898
v 143.052800 -16.256000 52.019206
v 137.567814 -16.256000 41.049240
v 141.424261 -16.256000 53.647739
v -32.512000 -3.251200 110.540800
v -19.913637 -3.251200 97.942437
v -19.913639 -3.251200 110.541048
v -19.913639 -3.251200 123.139163
v -7.315253 -3.251200 110.541048
v -7.315254 -3.251200 123.139684
v -7.315254 -3.251200 135.737550
v -7.315253 -3.251200 97.942642
v -7.315253 -3.251200 85.344056
v 5.283200 -3.251200 123.139895
v 5.283200 -3.251200 135.738555
v 5.283200 -3.251200 148.335963
v 5.283200 -3.251200 110.541259
v 5.283200 -3.251200 97.942642
v 5.283200 -3.251200 85.344211
v 5.283200 -3.251200 72.745650
v 17.881600 -3.251200 135.738704
v 17.881600 -3.251200 148.337389
v 17.881600 -3.251200 160.934400
v 17.881600 -3.251200 123.140043
v 17.881600 -3.251200 110.541408
v 17.881600 -3.251200 97.942797
v 17.881600 -3.251200 85.344211
v 17.881600 -3.251200 72.745755
v 17.881600 -3.251200 60.147212
v 30.480000 -3.251200 148.337488
v 30.480000 -3.251200 160.936198
v 30.480000 -3.251200 164.591950
v 26.009600 -3.251200 169.062412
v 30.480000 -3.251200 135.738803
v 30.480000 -3.251200 123.140143
v 30.480000 -3.251200 110.541507
v 30.480000 -3.251200 97.942902
v 30.480000 -3.251200 85.344316
v 30.480000 -3.251200 72.745755
v 30.480000 -3.251200 60.147274
v 30.480000 -3.251200 47.548757
v 43.078400 -3.251200 151.993476
v 34.135771 -3.251200 160.936236
v 43.078400 -3.251200 148.337538
v 43.078400 -3.251200 135.738853
v 43.078400 -3.251200 123.140192
v 43.078400 -3.251200 110.541557
v 43.078400 -3.251200 97.942952
v 43.078400 -3.251200 85.344366
v 43.078400 -3.251200 72.745805
v 43.078400 -3.251200 60.147268
v 43.078400 -3.251200 47.548763
v 43.078400 -3.251200 34.950273
v 55.676800 -3.251200 139.394977
v 46.734506 -3.251200 148.337501
v 55.676800 -3.251200 135.738828
v 55.676800 -3.251200 123.140167
v 55.676800 -3.251200 110.541532
v 55.676800 -3.251200 97.942921
v 55.676800 -3.251200 85.344335
v 55.676800 -3.251200 72.745774
v 55.676800 -3.251200 60.147231
v 55.676800 -3.251200 47.548719
v 55.676800 -3.251200 34.950229
v 55.676800 -3.251200 22.351764
v 68.275566 -3.251200 126.796453
v 59.333296 -3.251200 135.738716
v 68.275566 -3.251200 123.140068
v 68.275566 -3.251200 110.541433
v 68.275566 -3.251200 97.942822
v 68.275566 -3.251200 85.344236
v 68.275566 -3.251200 72.745674
v 68.275566 -3.251200 60.147138
v 68.275566 -3.251200 47.548629
v 68.275566 -3.251200 34.950143
v 68.275566 -3.251200 22.351678
v 68.275566 -3.251200 9.753235
v 80.874121 -3.251200 114.197904
v 71.932093 -3.251200 123.139932
v 80.874121 -3.251200 110.541296
v 80.874121 -3.251200 97.942685
v 80.874121 -3.251200 85.344099
v 80.874121 -3.251200 72.745538
v 80.874121 -3.251200 60.147008
v 80.874121 -3.251200 47.548493
v 80.874121 -3.251200 34.950006
v 80.874121 -3.251200 22.351541
v 80.874121 -3.251200 9.753099
v 80.874121 -3.251200 -2.845319
v 93.472701 -3.251200 101.599318
v 84.530909 -3.251200 110.541110
v 93.472701 -3.251200 97.942505
v 93.472701 -3.251200 85.343919
v 93.472701 -3.251200 72.745358
v 93.472701 -3.251200 60.146822
v 93.472701 -3.251200 47.548310
v 93.472701 -3.251200 34.949820
v 93.472701 -3.251200 22.351358
v 93.472701 -3.251200 9.752914
v 93.472701 -3.251200 -2.845505
v 93.472701 -3.251200 -15.443898
v 106.071293 -3.251200 89.000719
v 95.096800 -3.251200 99.975219
v 93.472701 -3.251200 99.975219
v 93.472701 -3.251200 87.376626
v 106.071293 -3.251200 87.376626
v 93.472701 -3.251200 74.778059
v 106.071293 -3.251200 74.778059
v 93.472701 -3.251200 62.179522
v 106.071293 -3.251200 62.179516
v 93.472701 -3.251200 49.581005
v 106.071293 -3.251200 49.580998
v 93.472701 -3.251200 36.982505
v 106.071293 -3.251200 36.982509
v 93.472701 -3.251200 24.384037
v 106.071293 -3.251200 24.384037
v 93.472701 -3.251200 11.785594
v 106.071293 -3.251200 11.785591
v 93.472701 -3.251200 -0.812800
v 106.071293 -3.251200 -0.812800
v 93.472701 -3.251200 -13.411200
v 106.071293 -3.251200 -13.411200
v 104.038400 -3.251200 -26.009600
v 106.071293 -3.251200 -21.943806
v 118.669916 -3.251200 76.402096
v 116.228093 -3.251200 78.843919
v 106.071293 -3.251200 78.843919
v 106.071293 -3.251200 66.245370
v 118.669916 -3.251200 66.245370
v 106.071293 -3.251200 53.646846
v 118.669916 -3.251200 53.646846
v 106.071293 -3.251200 41.048347
v 118.669916 -3.251200 41.048344
v 106.071293 -3.251200 28.449867
v 118.669916 -3.251200 28.449867
v 106.071293 -3.251200 15.851411
v 118.669916 -3.251200 15.851409
v 106.071293 -3.251200 3.252980
v 118.669916 -3.251200 3.253442
v 106.071293 -3.251200 -9.345414
v 112.370481 -3.251200 -9.345424
v 131.268564 -3.251200 63.803442
v 128.826183 -3.251200 66.245829
v 131.268564 -3.251200 53.647305
v 131.268564 -3.251200 41.048803
v 131.268564 -3.251200 28.450735
v 124.969129 -3.251200 15.851873
v 143.052800 -3.251200 52.019206
v 141.424285 -3.251200 53.647721
v 137.567801 -3.251200 41.049215
v 139.396800 -16.256000 55.675206
v 126.798127 -16.256000 68.273879
v 126.798127 -3.251200 68.273873
v 139.396800 -3.251200 55.675200
v 114.199491 -16.256000 80.872515
v 114.199479 -3.251200 80.872515
v 101.600862 -16.256000 93.471138
v 101.600862 -3.251200 93.471138
v 89.002270 -16.256000 106.069730
v 89.002270 -3.251200 106.069730
v 76.403696 -16.256000 118.668304
v 76.403696 -3.251200 118.668304
v 63.805147 -16.256000 131.266853
v 63.805147 -3.251200 131.266853
v 51.206400 -16.256000 143.865377
v 51.206400 -3.251200 143.865377
v 38.608000 -16.256000 156.463876
v 38.608000 -3.251200 156.463876
v 105.257600 -16.256000 -23.571200
v 111.556800 -16.256000 -10.972800
v 111.556800 -3.251200 -10.972800
v 105.257600 -3.251200 -23.571200
v 117.856000 -16.256000 1.625758
v 117.856000 -3.251200 1.625757
v 124.155200 -16.256000 14.224152
v 124.155200 -3.251200 14.224153
v 130.454400 -16.256000 26.822524
v 130.454400 -3.251200 26.822524
v 136.753600 -16.256000 39.420874
v 136.753600 -3.251200 39.420874
v 283.260800 -1.016000 -17.475200
v 283.260800 -0.812800 -17.475200
v 283.260800 -0.812800 -15.646400
v 283.260800 -1.016000 -15.646400
v 283.667200 -1.016000 -15.646400
v 283.667200 -0.812800 -15.646400
v 283.667200 -0.812800 -17.475200
v 283.667200 -1.016000 -17.475200
v 283.870400 -1.727200 -17.475200
v 283.870400 -1.524000 -17.475200
v 283.870400 -1.524000 -15.646400
v 283.870400 -1.727200 -15.646400
v 284.276800 -1.727200 -15.646400
v 284.276800 -1.524000 -15.646400
v 284.276800 -1.524000 -17.475200
v 284.276800 -1.727200 -17.475200
v 3.848100 -3.543300 -9.962896
v 3.848100 -3.543300 -5.467096
v 4.559300 -3.543300 -5.467096
v 4.559300 -3.543300 -9.962896
v 3.688071 -3.543300 6.115304
v 4.254574 -3.543300 6.115304
v 4.559300 -3.543300 4.287419
v 3.848110 -3.543300 4.286504
v 1.917320 -3.543300 10.788904
v 0.292100 -3.543300 10.788904
v 0.292100 -3.543300 11.845899
v -3.263900 -3.543300 4.286504
v -3.263900 -3.543300 5.584403
v -3.103866 -3.543300 6.115390
v -3.205485 -3.543300 4.286504
v 0.292100 -3.543300 6.115050
v 0.292100 -3.543300 4.286504
v -3.467100 -3.543300 -2.215896
v -3.263900 -3.543300 -2.215896
v -3.263900 -3.543300 -5.467096
v -3.467100 -3.543300 -5.467096
v 3.789671 -3.543300 4.286504
v 2.969285 -3.543300 9.315704
v 0.292100 -3.543300 9.315704
v -3.263900 -3.543300 -9.962896
v -3.263900 -3.543300 -9.556496
v 3.848100 -3.543300 -9.556496
v -3.263900 -3.543300 7.944104
v -2.552709 -3.543300 7.944104
v 0.292100 -3.543300 7.944104
v 3.949710 -3.543300 7.944104
v -3.467100 -3.543300 -9.962896
v -3.975100 -3.543300 4.286504
v -3.365503 -3.543300 7.944104
v -3.975100 -3.543300 -2.215896
v -2.385060 -3.543300 9.315704
v -1.333498 -3.543300 10.788904
v 4.559300 1.308100 -5.467096
v 4.559300 1.308100 -9.962896
v 4.559300 -0.723900 1.035304
v 4.559300 1.358900 1.035304
v 4.559300 1.308100 -2.215896
v 4.559300 -0.723900 -2.215896
v 4.559300 -0.723900 -5.467096
v 4.559300 -3.543300 1.035304
v 4.559300 1.562100 4.286504
v 3.848100 0.698500 -9.556496
v 3.848100 1.308100 -9.556496
v 3.848100 1.308100 -5.467096
v 3.848100 0.698500 -5.467096
v 3.848100 1.308100 -9.962896
v 0.292100 0.698500 -9.556496
v 0.292100 1.308100 -9.556496
v 0.292100 1.308100 -9.962896
v 0.292100 -3.543300 -9.962896
v 0.292100 0.698500 -5.467096
v 3.789671 0.698500 4.286504
v 3.848100 0.698500 4.286504
v 3.848100 -0.723900 4.286504
v 3.789671 -0.723900 4.286504
v 3.848100 0.698500 1.035304
v 3.848100 1.358900 1.035304
v 3.848100 1.562100 4.286504
v 3.848100 0.698500 -2.215896
v 3.848100 1.308100 -2.215896
v 3.848100 0.698500 -3.765296
v 3.848100 1.308100 -3.765296
v 4.559300 1.308100 -3.765296
v 3.136900 0.698500 -4.171696
v 1.612877 0.698500 -4.171696
v 1.816074 0.698500 -4.476492
v 2.832106 0.698500 -4.578095
v 3.136900 0.698500 -4.374900
v 2.175593 0.698500 -5.015771
v 0.292100 0.698500 -4.171696
v 1.498600 0.698500 -5.467096
v 3.136900 0.698500 -5.467096
v 3.848100 0.698500 -4.171696
v 2.654300 3.238500 -3.765296
v 2.959100 3.238500 -3.765296
v 2.959100 3.238500 1.873504
v 2.654300 3.238500 1.873504
v 0.292100 3.238500 1.162304
v 0.292100 3.238500 -3.765296
v 2.654300 3.238500 1.162304
v 2.959100 3.238500 -3.866896
v 0.292100 3.238500 -3.866896
v 2.959100 3.238500 -4.146296
v 0.292100 3.238500 -4.146296
v 2.654300 5.473700 1.162304
v 0.292100 5.473700 1.162304
v 2.654300 3.238500 4.286504
v 2.654300 5.473700 4.286504
v 0.292100 5.473700 4.286504
v 2.959100 2.959100 -4.146296
v 0.292100 2.959100 -4.146296
v 3.848100 0.698500 -4.146296
v 0.292100 0.698500 -4.146296
v 2.603500 2.959100 -3.765296
v 0.292100 2.959100 -3.765296
v 0.292100 0.698500 -3.765296
v 2.603500 0.698500 -3.765296
v 2.959100 2.959100 -3.765296
v 2.654300 0.698500 1.162304
v 2.959100 0.698500 1.162304
v 2.959100 0.698500 4.286504
v 2.654300 0.698500 4.286504
v 2.959100 0.698500 -3.765296
v 2.603500 0.698500 1.162304
v 2.603500 2.959100 1.162304
v 2.959100 2.959100 1.873504
v 2.654300 2.959100 1.873504
v 2.654300 0.698500 1.873504
v 2.654300 2.959100 1.162304
v 2.654300 2.959100 -3.765296
v 2.654300 5.473700 6.115304
v 0.292100 5.473700 6.115304
v 4.254574 1.790700 6.115304
v 2.654300 1.104900 6.115304
v 3.688071 1.790698 6.115304
v 3.688074 -0.723900 6.115304
v 3.688074 1.104900 6.115304
v 0.292100 5.473700 7.105904
v 2.654300 5.473700 7.105904
v 2.654300 1.325033 7.105904
v 3.949696 2.146289 7.944104
v 3.136917 2.146289 7.944104
v 3.136918 1.511323 7.944104
v 2.654300 1.511323 7.944104
v 4.254568 1.104780 6.115304
v 3.949690 1.511180 7.944104
v 4.254514 -0.723900 6.115304
v 3.949715 -0.723900 7.944109
v 0.292100 1.325033 7.105904
v 0.292100 1.511321 7.944104
v 2.969275 2.451090 9.315704
v 2.298684 2.451090 9.315704
v 2.298683 1.816123 9.315704
v 0.292100 1.816123 9.315704
v 2.969230 1.815958 9.315704
v 2.969270 -0.723900 9.315704
v 0.292100 2.956357 10.788904
v 0.292100 2.143478 10.788904
v 0.977635 2.143478 10.788904
v 0.977635 2.956374 10.788904
v 1.917503 2.956314 10.788904
v 1.917527 -0.723900 10.788904
v 0.292100 -0.723900 11.845888
v 0.292100 3.191174 11.845897
v -3.263900 1.308100 -9.556496
v -3.263900 0.698500 -9.556496
v -3.263900 0.698500 -8.134096
v -3.263900 1.308100 -8.134096
v -3.263900 0.800100 -8.134096
v -3.263900 0.698500 -6.914896
v -3.263900 0.800100 -6.914896
v -3.263900 0.698500 -5.467096
v -3.263900 1.308100 -5.467096
v -3.263900 1.308100 -6.914896
v -3.263900 1.308100 -9.962896
v -3.467100 1.308100 -9.962896
v -3.467100 1.308100 -8.134096
v -3.467100 -3.543300 -8.134096
v -3.467100 0.800100 -8.134096
v -3.467100 0.800100 -6.914896
v -3.467100 -3.543300 -6.914896
v -3.467100 1.308100 -6.914896
v -3.467100 1.308100 -5.467096
v -3.975100 1.308100 -2.215896
v -3.975100 1.358900 1.035304
v -3.975100 -3.543300 1.035304
v -3.975100 1.562100 4.286504
v -3.263900 0.698500 -2.647696
v -3.263900 0.698500 -2.215896
v -3.263900 1.308100 -2.215896
v -3.263900 1.308100 -2.647696
v -3.263900 0.698500 1.035304
v -3.263900 1.358900 1.035304
v -3.263900 0.698500 4.286504
v -3.263900 1.562100 4.286504
v -3.263900 0.698500 -4.171696
v -2.070100 0.698500 1.162304
v -2.019300 0.698500 1.162304
v -2.019300 2.959100 1.162304
v -2.070100 2.959100 1.162304
v -2.070100 5.473700 1.162304
v -2.070100 3.238500 1.162304
v -2.374900 3.238500 -4.146296
v -2.374900 3.238500 1.162304
v -2.019300 0.698500 -3.765296
v -2.019300 0.698500 -4.146296
v -3.263900 0.698500 -4.146296
v -2.019300 0.698500 -2.647696
v -3.263900 0.698500 1.162304
v -2.019300 2.959100 -2.647696
v -2.019300 2.959100 -3.765296
v -2.019300 3.238500 -4.146296
v -2.019300 2.959100 -4.146296
v -2.374900 2.959100 -4.146296
v -2.374900 3.238500 -2.647696
v -2.374900 2.959100 1.162304
v -2.374900 2.959100 -2.647696
v -2.070100 5.473700 7.105904
v -3.103918 1.790700 6.115304
v -3.103918 1.104962 6.115304
v -2.552735 1.511300 7.944104
v -2.552735 2.146300 7.944104
v -3.263900 1.790691 6.115304
v -3.263900 1.724275 5.583978
v -3.263900 2.146290 7.944104
v -2.070100 1.325062 7.105904
v -2.070100 2.959100 1.873504
v -2.374900 2.959100 1.873504
v -2.374900 3.238500 1.873504
v -2.070100 3.238500 1.873504
v -2.070100 5.473700 1.873504
v -2.070100 2.959100 7.105904
v -3.205485 0.698500 4.286504
v -3.205485 -0.723900 4.286504
v -3.263900 -0.723900 4.286504
v -2.070100 0.698500 4.286504
v -2.070100 2.959100 4.286504
v -3.103859 -0.723900 6.115414
v -2.070100 2.959100 6.115050
v -2.070100 1.104900 6.115050
v -2.805334 1.325056 7.105904
v -3.467100 -0.723900 -2.215896
v -3.975100 -0.723900 -2.215896
v -3.467100 1.308100 -2.215896
v -3.467100 1.308100 -2.647696
v -3.467100 -0.723900 -2.647696
v -3.467100 -0.723900 -5.467096
v -3.670302 1.790700 6.115304
v -3.670325 -0.723900 6.115304
v -3.975125 -0.723900 4.286504
v -3.670300 -3.543300 6.115304
v -3.365502 2.146298 7.944104
v -3.365515 -0.723900 7.944104
v -1.714487 2.451109 9.315704
v -2.385061 2.451109 9.315704
v -2.385103 -0.723900 9.315704
v -1.714487 1.816134 9.315704
v -0.393438 2.956409 10.788904
v -0.393438 2.143586 10.788904
v -1.333481 -0.723900 10.788904
v -1.333482 2.956409 10.788904
v -4.472930 -7.213600 -4.633213
v -4.472930 7.213600 -4.633213
v -4.472930 7.213600 3.088387
v -4.472930 -7.213600 3.088387
v 3.451870 -7.213600 3.088387
v 3.451870 7.213600 3.088387
v 3.451870 7.213600 -4.633213
v 3.451870 -7.213600 -4.633213
v -0.406405 -0.114300 1.524000
v -0.609602 -0.114300 1.524000
v -0.609602 0.114300 1.524000
v -0.406405 0.114300 1.524000
v 0.406400 -0.114300 -1.524000
v 0.609600 -0.114300 -1.524000
v 0.609600 0.114300 -1.524000
v 0.406400 0.114300 -1.524000
v -74.777600 -0.406400 279.603200
v -74.777600 0.406400 279.603200
v -74.777600 0.406400 281.635200
v -74.777600 -0.406400 281.635200
v -67.868800 -0.406400 281.635200
v -67.868800 0.406400 281.635200
v -67.868800 0.406400 279.603200
v -67.868800 -0.406400 279.603200
v -55.448212 -0.406400 298.577000
v -23.291803 -0.406400 267.817600
v -42.849825 -0.406400 251.206025
v -70.002419 -0.406400 282.143200
v -70.002419 0.406400 282.143200
v -42.849812 0.406400 251.206025
v -23.291803 0.406400 267.817600
v -55.448212 0.406400 298.577000
v -142.747988 0.101600 271.526000
v -142.544800 0.101600 271.119625
v -143.256012 0.101600 270.764025
v -143.459200 0.101600 271.170400
v -143.459200 2.692400 271.170400
v -143.256012 2.692400 270.764025
v -142.544800 2.692400 271.119625
v -142.747988 2.692400 271.526000
v -141.300200 0.050800 269.595600
v -141.325588 0.050800 269.646375
v -140.766800 0.050800 269.900400
v -140.741400 0.050800 269.849600
v -140.741400 3.302000 269.849600
v -140.766800 3.302000 269.900400
v -141.325588 3.302000 269.646375
v -141.300200 3.302000 269.595600
v -124.764800 0.101600 275.539200
v -124.764800 0.101600 275.132800
v -124.764800 2.692400 275.132800
v -124.764800 2.692400 275.539200
v -123.952000 2.692400 275.539200
v -123.952000 2.692400 275.132800
v -123.952000 0.101600 275.132800
v -123.952000 0.101600 275.539200
v -124.358400 0.000000 292.023800
v -124.358400 0.000000 291.998400
v -124.358400 2.641600 291.998400
v -124.358400 2.641600 292.023800
v -123.545600 2.641600 292.023800
v -123.545600 2.641600 291.998400
v -123.545600 0.000000 291.998400
v -123.545600 0.000000 292.023800
v -128.016000 0.000000 291.515800
v -128.016000 2.641600 291.515800
v -128.016000 2.641600 291.896800
v -128.016000 0.000000 291.896800
v -127.203200 0.000000 291.515800
v -127.203200 0.000000 291.896800
v -127.203200 2.641600 291.896800
v -127.203200 2.641600 291.515800
v -112.979200 0.050800 272.999200
v -112.979200 3.302000 272.999200
v -112.979200 3.302000 273.050000
v -112.979200 0.050800 273.050000
v -112.268000 0.050800 272.999200
v -112.268000 0.050800 273.050000
v -112.268000 3.302000 273.050000
v -112.268000 3.302000 272.999200
v -100.787200 0.000000 280.822400
v -100.787200 2.514600 280.822400
v -100.787200 2.514600 280.924000
v -100.787200 0.000000 280.924000
v -99.974400 0.000000 280.822400
v -99.974400 0.000000 280.924000
v -99.974400 2.514600 280.924000
v -99.974400 2.514600 280.822400
v -100.787200 0.000000 292.887400
v -100.787200 0.000000 292.785800
v -100.787200 2.692400 292.785800
v -100.787200 2.692400 292.887400
v -99.974400 2.692400 292.887400
v -99.974400 2.692400 292.785800
v -99.974400 0.000000 292.785800
v -99.974400 0.000000 292.887400
v -78.689200 0.000000 279.400000
v -78.689200 2.692400 279.400000
v -78.689200 2.692400 278.587200
v -78.689200 0.000000 278.587200
v -78.740000 2.692400 279.400000
v -78.740000 0.000000 279.400000
v -78.740000 2.692400 278.587200
v -78.740000 0.000000 278.587200
v -78.435200 0.000000 280.416000
v -78.435200 2.844800 280.416000
v -78.435200 2.844800 280.822400
v -78.435200 0.000000 280.822400
v -78.409800 2.844800 280.822400
v -78.409800 0.000000 280.822400
v -78.409800 0.000000 280.416000
v -78.409800 2.844800 280.416000
v -78.028800 0.000000 291.795200
v -78.028800 0.000000 291.693600
v -78.028800 2.514600 291.693600
v -78.028800 2.514600 291.795200
v -77.216000 2.514600 291.795200
v -77.216000 2.514600 291.693600
v -77.216000 0.000000 291.693600
v -77.216000 0.000000 291.795200
v -75.184000 0.101600 275.132800
v -75.184000 0.101600 274.726400
v -75.184000 2.692400 274.726400
v -75.184000 2.692400 275.132800
v -74.371200 2.692400 275.132800
v -74.371200 2.692400 274.726400
v -74.371200 0.101600 274.726400
v -74.371200 0.101600 275.132800
v -69.596000 0.050800 271.475200
v -69.646794 0.050800 271.424400
v -70.154788 0.050800 271.932400
v -70.104000 0.050800 271.983175
v -70.154788 3.302000 271.932400
v -69.646794 3.302000 271.424400
v -69.596000 3.302000 271.475200
v -70.104000 3.302000 271.983175
v -76.809600 0.050800 272.948400
v -76.809600 3.302000 272.948400
v -76.809600 3.302000 273.050000
v -76.809600 0.050800 273.050000
v -76.149200 0.050800 272.948400
v -76.149200 0.050800 273.050000
v -76.149200 3.302000 273.050000
v -76.149200 3.302000 272.948400
v -55.524400 0.050800 258.165600
v -55.473606 0.050800 258.216400
v -54.965606 0.050800 257.708400
v -55.016400 0.050800 257.657600
v -55.016400 3.302000 257.657600
v -54.965606 3.302000 257.708400
v -55.473606 3.302000 258.216400
v -55.524400 3.302000 258.165600
v -42.722797 0.050800 250.190000
v -43.332397 0.050800 249.580400
v -43.383200 0.050800 249.631200
v -42.773600 0.050800 250.240800
v -42.722797 3.860800 250.190000
v -42.773600 3.860800 250.240800
v -43.383200 3.860800 249.631200
v -43.332397 3.860800 249.580400
v -46.228000 0.101600 256.489225
v -46.177188 0.101600 256.438400
v -46.685194 0.101600 255.930400
v -46.736003 0.101600 255.981225
v -46.736003 3.708400 255.981225
v -46.685194 3.708400 255.930400
v -46.177188 3.708400 256.438400
v -46.228000 3.708400 256.489225
v -52.781212 0.050800 264.718800
v -52.832006 0.050800 264.668000
v -53.340000 0.050800 265.176000
v -53.289206 0.050800 265.226800
v -53.340000 1.625600 265.176000
v -52.832006 1.625600 264.668000
v -52.781212 1.625600 264.718800
v -53.289206 1.625600 265.226800
v -51.714397 0.050800 263.296400
v -51.663594 0.050800 263.347200
v -51.155584 0.050800 262.839200
v -51.206397 0.050800 262.788400
v -51.206397 1.625600 262.788400
v -51.155584 1.625600 262.839200
v -51.663594 1.625600 263.347200
v -51.714397 1.625600 263.296400
v -43.484688 0.050800 273.913476
v -44.094282 0.050800 273.303876
v -44.373788 0.050800 273.583400
v -43.764206 0.050800 274.193000
v -43.484688 2.641600 273.913476
v -43.764206 2.641600 274.193000
v -44.373788 2.641600 273.583400
v -44.094282 2.641600 273.303876
v -42.926000 0.050800 269.036800
v -42.926000 2.438400 269.036800
v -42.926000 2.438400 269.646400
v -42.926000 0.050800 269.646400
v -42.824400 2.438400 269.646400
v -42.824400 0.050800 269.646400
v -42.824400 0.050800 269.036800
v -42.824400 2.438400 269.036800
v -27.990806 0.050800 270.103600
v -28.041616 0.050800 270.052800
v -28.651206 0.050800 270.662400
v -28.600400 0.050800 270.713200
v -28.651206 3.860800 270.662400
v -28.041616 3.860800 270.052800
v -27.990806 3.860800 270.103600
v -28.600400 3.860800 270.713200
v -30.225994 0.050800 262.686800
v -30.835600 0.050800 262.077200
v -30.886403 0.050800 262.128000
v -30.276797 0.050800 262.737600
v -30.225994 3.860800 262.686800
v -30.276797 3.860800 262.737600
v -30.886403 3.860800 262.128000
v -30.835600 3.860800 262.077200
v -45.745400 0.050800 287.909000
v -45.796206 0.050800 287.858200
v -46.405809 0.050800 288.467800
v -46.355006 0.050800 288.518600
v -46.405809 3.860800 288.467800
v -45.796206 3.860800 287.858200
v -45.745400 3.860800 287.909000
v -46.355006 3.860800 288.518600
v -60.553612 2.032000 260.908800
v -60.452006 2.032000 260.807200
v -61.264788 2.032000 259.994400
v -61.366412 2.032000 260.096025
v -61.366412 3.251200 260.096025
v -61.264788 3.251200 259.994400
v -60.452006 3.251200 260.807200
v -60.553612 3.251200 260.908800
v -65.125594 2.032000 266.090400
v -65.024006 2.032000 265.988800
v -65.836806 2.032000 265.176000
v -65.938400 2.032000 265.277600
v -65.938400 3.251200 265.277600
v -65.836806 3.251200 265.176000
v -65.024006 3.251200 265.988800
v -65.125594 3.251200 266.090400
v 0.355600 -0.609600 0.457203
v 0.457200 -0.609600 0.355602
v -0.355600 -0.609600 -0.457200
v -0.457201 -0.609600 -0.355600
v -0.457201 0.609600 -0.355600
v -0.355600 0.609600 -0.457200
v 0.457200 0.609600 0.355602
v 0.355600 0.609600 0.457203
v 0.355600 -0.609600 0.457203
v 0.457200 -0.609600 0.355602
v -0.355601 -0.609600 -0.457200
v -0.457201 -0.609600 -0.355600
v -0.457201 0.609600 -0.355600
v -0.355601 0.609600 -0.457200
v 0.457200 0.609600 0.355602
v 0.355600 0.609600 0.457203
v -59.944006 2.844800 262.686775
v -59.842419 2.844800 262.585200
v -60.655212 2.844800 261.772400
v -60.756800 2.844800 261.874000
v -60.756800 3.657600 261.874000
v -60.655212 3.657600 261.772400
v -59.842419 3.657600 262.585200
v -59.944006 3.657600 262.686775
v -61.976019 2.032000 264.769625
v -61.569594 2.032000 264.363200
v -61.772788 2.032000 264.160000
v -62.179200 2.032000 264.566425
v -62.179200 3.251200 264.566425
v -61.772788 3.251200 264.160000
v -61.569594 3.251200 264.363200
v -61.976019 3.251200 264.769625
v -61.366400 0.000000 263.753625
v -61.163200 0.000000 263.550425
v -61.366406 0.000000 263.347200
v -61.569600 0.000000 263.550400
v -61.569600 1.219200 263.550400
v -61.366406 1.219200 263.347200
v -61.163200 1.219200 263.550425
v -61.366400 1.219200 263.753625
v -60.756794 0.000000 263.144000
v -60.553600 0.000000 262.940800
v -60.756800 0.000000 262.737600
v -60.960000 0.000000 262.940800
v -60.960000 1.219200 262.940800
v -60.756800 1.219200 262.737600
v -60.553600 1.219200 262.940800
v -60.756794 1.219200 263.144000
v -60.147188 0.000000 262.534400
v -59.943988 0.000000 262.331200
v -60.147194 0.000000 262.128000
v -60.350394 0.000000 262.331200
v -60.350394 1.219200 262.331200
v -60.147194 1.219200 262.128000
v -59.943988 1.219200 262.331200
v -60.147188 1.219200 262.534400
v 0.338383 -1.003300 0.297207
v -0.068078 -1.003300 -0.109254
v -0.042667 -1.003300 -0.033020
v 0.262149 -1.003300 0.271796
v -0.068078 1.003300 -0.109254
v 0.338383 1.003300 0.297207
v 0.262149 1.003300 0.271796
v -0.042667 1.003300 -0.033020
v 0.482600 -0.609600 -0.558800
v 0.330200 -0.609600 -0.508000
v -0.888994 -0.609600 0.711187
v -0.939797 -0.609600 0.863597
v 0.330200 0.508000 -0.508000
v 0.482600 0.508000 -0.558800
v -0.939797 0.508000 0.863597
v -0.888994 0.508000 0.711187
v 0.508000 -0.609600 -0.279400
v 0.355600 -0.609600 -0.228600
v -0.660400 -0.609600 0.787400
v -0.711204 -0.609600 0.939810
v 0.355600 0.508000 -0.228600
v 0.508000 0.508000 -0.279400
v -0.711204 0.508000 0.939810
v -0.660400 0.508000 0.787400
v 0.711200 -0.609600 0.889001
v 0.863600 -0.609600 0.939813
v -0.558820 -0.609600 -0.482600
v -0.508008 -0.609600 -0.330200
v 0.863600 0.508000 0.939813
v 0.711200 0.508000 0.889001
v -0.508008 0.508000 -0.330200
v -0.558820 0.508000 -0.482600
v 0.558800 -0.609600 0.482612
v 0.508000 -0.609600 0.330176
v -0.711193 -0.609600 -0.889000
v -0.863630 -0.609600 -0.939800
v -0.863630 0.508000 -0.939800
v -0.711193 0.508000 -0.889000
v 0.508000 0.508000 0.330176
v 0.558800 0.508000 0.482612
v -311.912000 -2.438400 184.912000
v -311.912000 1.625600 184.912000
v -311.912000 1.625600 185.724800
v -311.912000 -2.438400 185.724800
v -311.861200 1.625600 185.724800
v -311.861200 -2.438400 185.724800
v -311.861200 -2.438400 184.912000
v -311.861200 1.625600 184.912000
v -311.912000 -2.438400 174.752000
v -311.912000 1.625600 174.752000
v -311.912000 1.625600 175.564800
v -311.912000 -2.438400 175.564800
v -311.861200 1.625600 175.564800
v -311.861200 -2.438400 175.564800
v -311.861200 -2.438400 174.752000
v -311.861200 1.625600 174.752000
v -329.387200 0.762000 162.661600
v -329.387200 2.794000 162.661600
v -329.387200 2.794000 174.244000
v -329.387200 0.762000 174.244000
v -326.948800 0.762000 174.244000
v -326.948800 2.794000 174.244000
v -326.948800 2.794000 162.661600
v -326.948800 0.762000 162.661600
v -0.025400 -1.066800 -1.574800
v -0.025400 1.066800 -1.574800
v -0.025400 1.066800 1.574800
v -0.025400 -1.066800 1.574800
v 0.025400 -1.066800 1.574800
v 0.025400 1.066800 1.574800
v 0.025400 1.066800 -1.574800
v 0.025400 -1.066800 -1.574800
v -307.035200 -2.438400 166.166800
v -307.035200 1.295400 166.166800
v -307.035200 1.295400 166.268400
v -307.035200 -2.438400 166.268400
v -306.222400 -2.438400 166.166800
v -306.222400 -2.438400 166.268400
v -306.222400 1.295400 166.268400
v -306.222400 1.295400 166.166800
v -314.350400 0.000000 216.204800
v -314.350400 0.101600 216.204800
v -314.350400 0.101600 216.611200
v -314.350400 0.000000 216.611200
v -313.334400 0.000000 216.611200
v -313.334400 0.101600 216.611200
v -313.334400 0.101600 216.204800
v -313.334400 0.000000 216.204800
v -314.147200 0.914400 216.204800
v -314.147200 1.117600 216.204800
v -314.147200 1.117600 216.611200
v -314.147200 0.914400 216.611200
v -313.334400 0.914400 216.611200
v -313.334400 1.117600 216.611200
v -313.334400 1.117600 216.204800
v -313.334400 0.914400 216.204800
v -349.504000 19.913600 222.707200
v -349.504000 7.315200 222.707200
v -349.504000 7.315200 210.109197
v -349.504000 19.913600 210.109197
v -349.504000 0.000000 222.707200
v -349.504000 0.000000 210.109197
v -349.504000 32.512000 210.109197
v -349.504000 32.512000 222.707200
v -349.504000 7.315200 197.511169
v -349.504000 19.913600 197.511169
v -349.504000 0.000000 197.511169
v -349.504000 32.512000 197.511169
v -349.504000 7.315200 184.913116
v -349.504000 19.913600 184.913116
v -349.504000 0.000000 184.913116
v -349.504000 32.512000 184.913116
v -349.504000 7.315200 172.315039
v -349.504000 19.913600 172.315039
v -349.504000 0.000000 172.315039
v -349.504000 32.512000 172.315039
v -349.504000 7.315200 162.153600
v -349.504000 19.913600 162.153600
v -349.504000 0.000000 162.153600
v -349.504000 32.512000 162.153600
v -312.115200 7.315200 222.707200
v -312.115200 19.913600 222.707200
v -312.115200 19.913600 210.109197
v -312.115200 7.315200 210.109197
v -312.115200 0.000000 222.707200
v -312.115200 0.000000 210.109197
v -312.115200 32.512000 222.707200
v -312.115200 32.512000 210.109197
v -312.115200 19.913600 197.511169
v -312.115200 7.315200 197.511169
v -312.115200 0.000000 197.511169
v -312.115200 32.512000 197.511169
v -312.115200 19.913600 184.913116
v -312.115200 7.315200 184.913116
v -312.115200 0.000000 184.913116
v -312.115200 32.512000 184.913116
v -312.115200 19.913600 172.315039
v -312.115200 7.315200 172.315039
v -312.115200 0.000000 172.315039
v -312.115200 32.512000 172.315039
v -312.115200 19.913600 162.153600
v -312.115200 7.315200 162.153600
v -312.115200 0.000000 162.153600
v -312.115200 32.512000 162.153600
v -336.906245 19.913600 222.707200
v -336.906245 7.315200 222.707200
v -336.906245 0.000000 222.707200
v -336.906245 32.512000 222.707200
v -324.308465 19.913600 222.707200
v -324.308465 7.315200 222.707200
v -324.308465 0.000000 222.707200
v -324.308465 32.512000 222.707200
v -336.906245 7.315200 162.153600
v -336.906245 19.913600 162.153600
v -336.906245 0.000000 162.153600
v -336.906245 32.512000 162.153600
v -324.308465 7.315200 162.153600
v -324.308465 19.913600 162.153600
v -324.308465 0.000000 162.153600
v -324.308465 32.512000 162.153600
v -349.504000 0.000000 199.949879
v -349.504000 0.000000 212.548688
v -336.906245 0.000000 212.548688
v -336.906245 0.000000 199.949879
v -349.504000 0.000000 187.351095
v -336.906245 0.000000 187.351095
v -349.504000 0.000000 174.752335
v -336.906245 0.000000 174.752335
v -324.308465 0.000000 212.548688
v -324.308465 0.000000 199.949879
v -324.308465 0.000000 187.351095
v -324.308465 0.000000 174.752335
v -312.115200 0.000000 212.548688
v -312.115200 0.000000 199.949879
v -312.115200 0.000000 187.351095
v -312.115200 0.000000 174.752335
v -349.504000 32.512000 212.548688
v -349.504000 32.512000 199.949879
v -336.906245 32.512000 199.949879
v -336.906245 32.512000 212.548688
v -349.504000 32.512000 187.351095
v -336.906245 32.512000 187.351095
v -349.504000 32.512000 174.752335
v -336.906245 32.512000 174.752335
v -324.308465 32.512000 199.949879
v -324.308465 32.512000 212.548688
v -324.308465 32.512000 187.351095
v -324.308465 32.512000 174.752335
v -312.115200 32.512000 199.949879
v -312.115200 32.512000 212.548688
v -312.115200 32.512000 187.351095
v -312.115200 32.512000 174.752335
v -312.623200 1.422400 214.579200
v -312.623200 1.625600 214.579200
v -312.623200 1.625600 217.728800
v -312.623200 1.422400 217.728800
v -312.318400 1.422400 217.728800
v -312.318400 1.625600 217.728800
v -312.318400 1.625600 214.579200
v -312.318400 1.422400 214.579200
v -322.275200 0.000000 181.762400
v -322.275200 0.203200 181.762400
v -322.275200 0.203200 181.965600
v -322.275200 0.000000 181.965600
v -319.836800 0.000000 181.965600
v -319.836800 0.203200 181.965600
v -319.836800 0.203200 181.762400
v -319.836800 0.000000 181.762400
v -3.454400 -1.117600 -4.064000
v -3.454400 1.117600 -4.064000
v -3.454400 1.117600 4.064000
v -3.454400 -1.117600 4.064000
v 3.454400 -1.117600 4.064000
v 3.454400 1.117600 4.064000
v 3.454400 1.117600 -4.064000
v 3.454400 -1.117600 -4.064000
v -1.016000 -1.117600 -5.486400
v -1.016000 1.117600 -5.486400
v -1.016000 1.117600 5.486400
v -1.016000 -1.117600 5.486400
v 1.016000 -1.117600 5.486400
v 1.016000 1.117600 5.486400
v 1.016000 1.117600 -5.486400
v 1.016000 -1.117600 -5.486400
v -0.012700 -0.203200 -0.406400
v -0.012700 0.203200 -0.406400
v -0.012700 0.203200 0.406400
v -0.012700 -0.203200 0.406400
v 0.012700 -0.203200 0.406400
v 0.012700 0.203200 0.406400
v 0.012700 0.203200 -0.406400
v 0.012700 -0.203200 -0.406400
v 36.169600 7.315200 36.575988
v 36.169600 7.315200 34.950400
v 36.169600 -7.315200 34.950400
v 36.169600 -7.315200 36.575988
v -35.356800 -7.315200 -36.576000
v -36.169597 -7.315200 -35.763200
v -36.169597 7.315200 -35.763200
v -35.356800 7.315200 -36.576000
v 3.251200 -3.251200 -4.064000
v 1.625600 -3.251200 -5.689600
v -3.251194 -3.251200 4.064007
v -1.625599 -3.251200 5.689602
v -3.251194 3.251200 4.064007
v 1.625600 3.251200 -5.689600
v 3.251200 3.251200 -4.064000
v -1.625599 3.251200 5.689602
v -0.812800 -3.251200 -9.753600
v -0.812800 3.251200 -9.753600
v -0.812800 3.251200 9.753600
v -0.812800 -3.251200 9.753600
v 0.812800 -3.251200 9.753600
v 0.812800 3.251200 9.753600
v 0.812800 3.251200 -9.753600
v 0.812800 -3.251200 -9.753600
v -14.528800 -16.256000 -28.448000
v -14.528800 16.256000 -28.448000
v -14.528800 16.256000 28.448000
v -14.528800 -16.256000 28.448000
v 14.528800 -16.256000 28.448000
v 14.528800 16.256000 28.448000
v 14.528800 16.256000 -28.448000
v 14.528800 -16.256000 -28.448000
v -340.563200 -0.203200 209.702400
v -340.563200 3.048000 209.702400
v -340.563200 3.048000 218.440000
v -340.563200 -0.203200 218.440000
v -325.932800 -0.203200 218.440000
v -325.932800 3.048000 218.440000
v -325.932800 3.048000 209.702400
v -325.932800 -0.203200 209.702400
v -339.953600 -0.203200 170.891200
v -339.953600 3.048000 170.891200
v -339.953600 3.048000 181.457600
v -339.953600 -0.203200 181.457600
v -324.713600 -0.203200 181.457600
v -324.713600 3.048000 181.457600
v -324.713600 3.048000 170.891200
v -324.713600 -0.203200 170.891200
v 0.355600 -0.101600 0.126997
v 0.127000 -0.101600 -0.304800
v -0.304802 -0.101600 -0.101600
v -0.076204 -0.101600 0.330198
v -0.304802 0.101600 -0.101600
v 0.127000 0.101600 -0.304800
v 0.355600 0.101600 0.126997
v -0.076204 0.101600 0.330198
v -78.028800 -3.251200 247.091200
v -78.028800 11.379200 247.091200
v -78.028800 11.379200 297.484800
v -78.028800 -3.251200 297.484800
v -21.132800 -3.251200 297.484800
v -21.132800 11.379200 297.484800
v -21.132800 11.379200 247.091200
v -21.132800 -3.251200 247.091200
v 149.453600 0.000000 124.155200
v 149.453600 13.233400 124.155200
v 149.453600 13.233400 54.965606
v 149.453600 0.000000 54.965606
v 50.393600 13.233400 124.155200
v 50.393600 0.000000 124.155200
v 134.518400 0.000000 40.030406
v 134.518400 13.233400 40.030406
v -138.404600 -0.406400 273.913600
v -138.404600 0.406400 273.913600
v -138.404600 0.406400 286.080200
v -138.404600 -0.406400 286.080200
v -131.495800 -0.406400 286.080200
v -131.495800 0.406400 286.080200
v -131.495800 0.406400 273.913600
v -131.495800 -0.406400 273.913600
v -43.281600 0.050800 258.064000
v -43.281600 3.860800 258.064000
v -43.281600 3.860800 259.080000
v -43.281600 0.050800 259.080000
v -43.230800 3.860800 259.080000
v -43.230800 0.050800 259.080000
v -43.230800 0.050800 258.064000
v -43.230800 3.860800 258.064000
v -120.954800 0.101600 276.758400
v -120.954800 2.489200 276.758400
v -120.954800 2.489200 277.571200
v -120.954800 0.101600 277.571200
v -120.904000 2.489200 277.571200
v -120.904000 0.101600 277.571200
v -120.904000 0.101600 276.758400
v -120.904000 2.489200 276.758400
v -139.395188 0.101600 277.571175
v -139.191988 0.101600 277.672775
v -138.988800 0.101600 276.961600
v -139.192000 0.101600 276.860000
v -139.192000 1.524000 276.860000
v -138.988800 1.524000 276.961600
v -139.191988 1.524000 277.672775
v -139.395188 1.524000 277.571175
v -0.076200 -0.203200 -0.076200
v -0.076200 0.203200 -0.076200
v -0.076200 0.203200 0.076200
v -0.076200 -0.203200 0.076200
v 0.076200 -0.203200 0.076200
v 0.076200 0.203200 0.076200
v 0.076200 0.203200 -0.076200
v 0.076200 -0.203200 -0.076200
v 0.469978 0.000000 0.342825
v -0.495228 0.000000 -0.622381
v -0.546106 0.000000 -0.571503
v 0.419100 0.000000 0.393703
v -0.495228 2.032000 -0.622381
v 0.469978 2.032000 0.342825
v 0.419100 2.032000 0.393703
v -0.546106 2.032000 -0.571503
v 2.082800 -3.251200 -3.200400
v 2.489200 -3.251200 -3.606800
v 0.457200 -3.251200 -5.638800
v 0.050800 -3.251200 -5.232400
v -1.371597 0.406400 -3.810000
v -0.965198 0.406400 -4.216400
v 1.066800 0.406400 -2.184400
v 0.660400 0.406400 -1.778000

f 2156 2157 2158
f 2156 2158 2159
f 2160 2161 2162
f 2160 2162 2163
f 2164 2165 2166
f 2164 2166 2167
f 2170 2171 2168
f 2170 2168 8417
f 2170 8417 8419
f 2170 8419 2169
f 2172 2173 2174
f 2172 2174 8494
f 2172 8494 8492
f 2172 8492 8490
f 2172 8490 2175
f 2176 2177 2178
f 2176 2178 8528
f 2176 8528 8530
f 2176 8530 8532
f 2176 8532 2179
f 2180 2181 2182
f 2180 2182 8526
f 2180 8526 8521
f 2180 8521 8516
f 2180 8516 8511
f 2180 8511 8506
f 2180 8506 8501
f 2180 8501 8496
f 2180 8496 2183
f 2184 2185 8482
f 2184 8482 2186
f 2184 2186 2187
f 2190 2188 8449
f 2190 8449 2189
f 2191 2192 2193
f 2191 2193 2194
f 2195 2196 2197
f 2195 2197 2198
f 2196 2199 2200
f 2196 2200 2197
f 2199 2201 2202
f 2199 2202 2200
f 2198 2193 2192
f 2198 2192 2195
f 2204 2191 2194
f 2204 2194 4422
f 2204 4422 2203
f 2205 2206 2207
f 2205 2207 2208
f 2206 2209 2210
f 2206 2210 2207
f 2211 2210 2209
f 2211 2209 2212
f 2213 2211 2212
f 2213 2212 2214
f 2214 2215 2216
f 2214 2216 2213
f 2217 2218 2219
f 2217 2219 2220
f 2221 2156 2159
f 2221 2159 2222
f 2221 2222 2223
f 2221 2223 8405
f 2224 2225 6809
f 2224 6809 2226
f 2224 2226 2227
f 2225 2685 2686
f 2225 2686 2228
f 2225 2228 6808
f 2225 6808 6042
f 2225 6042 2229
f 2225 2229 3457
f 2225 3457 3460
f 2225 3460 2230
f 2225 2230 2226
f 2225 2226 6809
f 2231 2483 2689
f 2231 2689 2690
f 2231 2690 2232
f 2231 2232 5723
f 2231 5723 6050
f 2231 6050 2233
f 2231 2233 3463
f 2231 3463 3466
f 2231 3466 2234
f 2231 2234 6045
f 2231 6045 5793
f 2235 2236 2880
f 2235 2880 8369
f 2235 8369 8341
f 2235 8341 2237
f 2235 2237 7212
f 2235 7212 4908
f 2235 4908 7209
f 2235 7209 7210
f 2235 7210 2238
f 2235 2238 5658
f 2239 2240 2241
f 2239 2241 2242
f 2243 2244 2245
f 2243 2245 2246
f 2247 2248 2244
f 2247 2244 2243
f 2249 2250 2248
f 2249 2248 2247
f 2245 2241 2240
f 2245 2240 2246
f 2251 2252 2253
f 2251 2253 2254
f 2255 2256 2257
f 2255 2257 2258
f 2259 2255 2258
f 2259 2258 2260
f 2261 2259 2260
f 2261 2260 2262
f 2263 2264 8420
f 2263 8420 8418
f 2263 8418 2265
f 2263 2265 2266
f 2267 2268 2269
f 2723 2724 2725
f 2723 2725 2726
f 2723 2726 2727
f 2723 2727 2728
f 2743 2744 2745
f 2743 2745 2746
f 2804 2805 2806
f 2804 2806 2807
f 2808 2809 2810
f 2808 2810 2811
f 2812 2813 2814
f 2812 2814 2815
f 2816 2817 2818
f 2816 2818 2819
f 2864 2865 7846
f 2864 7846 2454
f 2864 2454 2205
f 2864 2205 2208
f 2870 2871 2872
f 2870 2872 2873
f 2871 2874 2882
f 2871 2882 2878
f 2871 2878 2875
f 2871 2875 2872
f 2876 2877 2875
f 2876 2875 2878
f 2879 2880 8369
f 2879 8369 8341
f 2879 8341 2237
f 2879 2237 2877
f 2879 2877 2876
f 2879 2876 2881
f 2874 2879 2881
f 2874 2881 2882
f 2883 1991 2857
f 2883 2857 2884
f 2236 2880 2879
f 2236 2879 2874
f 2236 2874 2871
f 2236 2871 2870
f 2236 2870 2885
f 2236 2885 5188
f 2887 2888 2886
f 2887 2886 4182
f 2887 4182 2892
f 2887 2892 2172
f 2173 2889 2890
f 2173 2890 2891
f 2889 2180 2895
f 2889 2895 2890
f 2181 2896 2897
f 2181 2897 2898
f 2899 2900 2901
f 2899 2901 2902
f 2903 2904 2905
f 2903 2905 2906
f 2907 2908 2909
f 2907 2909 2910
f 2911 2906 2905
f 2911 2905 2902
f 2911 2902 2901
f 2911 2901 2920
f 2911 2920 2919
f 2911 2919 2910
f 2911 2910 2909
f 2911 2909 2916
f 2911 2916 2912
f 2911 2912 2913
f 2914 2915 2912
f 2914 2912 2916
f 2412 2415 2915
f 2412 2915 2914
f 2412 2914 2908
f 2412 2908 2907
f 2412 2907 2918
f 2412 2918 2917
f 2412 2917 2900
f 2412 2900 2899
f 2412 2899 2904
f 2412 2904 2903
f 2917 2918 2919
f 2917 2919 2920
f 2921 2922 2923
f 2921 2923 2924
f 2925 2926 2927
f 2925 2927 2928
f 2929 2930 2931
f 2929 2931 2932
f 2933 2928 2927
f 2933 2927 2924
f 2933 2924 2923
f 2933 2923 2942
f 2933 2942 2941
f 2933 2941 2932
f 2933 2932 2931
f 2933 2931 2938
f 2933 2938 2934
f 2933 2934 2935
f 2936 2937 2934
f 2936 2934 2938
f 2925 2416 8326
f 2925 8326 2892
f 2925 2892 2937
f 2925 2937 2936
f 2925 2936 2930
f 2925 2930 2929
f 2925 2929 2940
f 2925 2940 2939
f 2925 2939 2922
f 2925 2922 2921
f 2925 2921 2926
f 2939 2940 2941
f 2939 2941 2942
f 2943 2944 2945
f 2943 2945 2946
f 2947 2948 2949
f 2947 2949 2950
f 2951 2952 2953
f 2951 2953 2954
f 2955 2956 2957
f 2955 2957 2958
f 2959 2960 2961
f 2959 2961 2962
f 2963 2964 2968
f 2963 2968 2962
f 2963 2962 2961
f 2963 2961 2972
f 2963 2972 2971
f 2963 2971 2954
f 2963 2954 2953
f 2963 2953 2958
f 2963 2958 2957
f 2963 2957 2965
f 2966 2967 2968
f 2966 2968 2964
f 2460 2456 2956
f 2460 2956 2955
f 2460 2955 2952
f 2460 2952 2951
f 2460 2951 2970
f 2460 2970 2969
f 2460 2969 2960
f 2460 2960 2959
f 2460 2959 2967
f 2460 2967 2966
f 2969 2970 2971
f 2969 2971 2972
f 2973 2974 2975
f 2973 2975 2976
f 2977 2978 2979
f 2977 2979 2980
f 2981 2982 2983
f 2981 2983 2984
f 2985 2986 2990
f 2985 2990 2984
f 2985 2984 2983
f 2985 2983 2994
f 2985 2994 2993
f 2985 2993 2976
f 2985 2976 2975
f 2985 2975 2980
f 2985 2980 2979
f 2985 2979 2987
f 2988 2989 2990
f 2988 2990 2986
f 2988 2711 8328
f 2988 8328 2459
f 2988 2459 2978
f 2988 2978 2977
f 2988 2977 2974
f 2988 2974 2973
f 2988 2973 2992
f 2988 2992 2991
f 2988 2991 2982
f 2988 2982 2981
f 2988 2981 2989
f 2991 2992 2993
f 2991 2993 2994
f 2995 2996 2997
f 2995 2997 2998
f 2999 3000 3001
f 2999 3001 3002
f 3003 3004 3005
f 3003 3005 3006
f 3007 3008 3012
f 3007 3012 3006
f 3007 3006 3005
f 3007 3005 3016
f 3007 3016 3015
f 3007 3015 2998
f 3007 2998 2997
f 3007 2997 3002
f 3007 3002 3001
f 3007 3001 3009
f 3010 3011 3012
f 3010 3012 3008
f 2470 2469 3000
f 2470 3000 2999
f 2470 2999 2996
f 2470 2996 2995
f 2470 2995 3014
f 2470 3014 3013
f 2470 3013 3004
f 2470 3004 3003
f 2470 3003 3011
f 2470 3011 3010
f 3013 3014 3015
f 3013 3015 3016
f 3017 3018 3019
f 3017 3019 3020
f 3021 3022 3023
f 3021 3023 3024
f 3025 3026 3027
f 3025 3027 3028
f 3029 3030 3034
f 3029 3034 3028
f 3029 3028 3027
f 3029 3027 3038
f 3029 3038 3037
f 3029 3037 3020
f 3029 3020 3019
f 3029 3019 3024
f 3029 3024 3023
f 3029 3023 3031
f 3032 3033 3034
f 3032 3034 3030
f 2478 2477 3022
f 2478 3022 3021
f 2478 3021 3018
f 2478 3018 3017
f 2478 3017 3036
f 2478 3036 3035
f 2478 3035 3026
f 2478 3026 3025
f 2478 3025 3033
f 2478 3033 3032
f 3035 3036 3037
f 3035 3037 3038
f 3039 3040 3041
f 3039 3041 3042
f 3043 3044 3045
f 3043 3045 3046
f 3047 3048 3049
f 3047 3049 3050
f 3051 3052 3056
f 3051 3056 3050
f 3051 3050 3049
f 3051 3049 3060
f 3051 3060 3059
f 3051 3059 3042
f 3051 3042 3041
f 3051 3041 3046
f 3051 3046 3045
f 3051 3045 3053
f 3054 3055 3056
f 3054 3056 3052
f 2485 2484 3044
f 2485 3044 3043
f 2485 3043 3040
f 2485 3040 3039
f 2485 3039 3058
f 2485 3058 3057
f 2485 3057 3048
f 2485 3048 3047
f 2485 3047 3055
f 2485 3055 3054
f 3057 3058 3059
f 3057 3059 3060
f 3061 3062 3063
f 3061 3063 3064
f 3065 3066 3067
f 3065 3067 3068
f 3069 3070 3071
f 3069 3071 3072
f 3073 3074 3078
f 3073 3078 3072
f 3073 3072 3071
f 3073 3071 3082
f 3073 3082 3081
f 3073 3081 3064
f 3073 3064 3063
f 3073 3063 3068
f 3073 3068 3067
f 3073 3067 3075
f 3076 3077 3078
f 3076 3078 3074
f 2493 2492 3066
f 2493 3066 3065
f 2493 3065 3062
f 2493 3062 3061
f 2493 3061 3080
f 2493 3080 3079
f 2493 3079 3070
f 2493 3070 3069
f 2493 3069 3077
f 2493 3077 3076
f 3079 3080 3081
f 3079 3081 3082
f 3083 3084 3085
f 3083 3085 3086
f 3087 3088 3089
f 3087 3089 3090
f 3091 3092 3093
f 3091 3093 3094
f 3095 3096 3100
f 3095 3100 3094
f 3095 3094 3093
f 3095 3093 3104
f 3095 3104 3103
f 3095 3103 3086
f 3095 3086 3085
f 3095 3085 3090
f 3095 3090 3089
f 3095 3089 3097
f 3098 3099 3100
f 3098 3100 3096
f 2501 2500 3088
f 2501 3088 3087
f 2501 3087 3084
f 2501 3084 3083
f 2501 3083 3102
f 2501 3102 3101
f 2501 3101 3092
f 2501 3092 3091
f 2501 3091 3099
f 2501 3099 3098
f 3101 3102 3103
f 3101 3103 3104
f 3105 3106 3107
f 3105 3107 3108
f 3109 3110 3111
f 3109 3111 3112
f 3113 3114 3115
f 3113 3115 3116
f 3117 3118 3122
f 3117 3122 3116
f 3117 3116 3115
f 3117 3115 3126
f 3117 3126 3125
f 3117 3125 3108
f 3117 3108 3107
f 3117 3107 3112
f 3117 3112 3111
f 3117 3111 3119
f 3120 3121 3122
f 3120 3122 3118
f 2509 2508 3110
f 2509 3110 3109
f 2509 3109 3106
f 2509 3106 3105
f 2509 3105 3124
f 2509 3124 3123
f 2509 3123 3114
f 2509 3114 3113
f 2509 3113 3121
f 2509 3121 3120
f 3123 3124 3125
f 3123 3125 3126
f 3127 3128 3129
f 3127 3129 3130
f 3131 3132 3133
f 3131 3133 3134
f 3135 3136 3137
f 3135 3137 3138
f 3139 3140 3144
f 3139 3144 3138
f 3139 3138 3137
f 3139 3137 3148
f 3139 3148 3147
f 3139 3147 3130
f 3139 3130 3129
f 3139 3129 3134
f 3139 3134 3133
f 3139 3133 3141
f 3142 3143 3144
f 3142 3144 3140
f 2517 2516 3132
f 2517 3132 3131
f 2517 3131 3128
f 2517 3128 3127
f 2517 3127 3146
f 2517 3146 3145
f 2517 3145 3136
f 2517 3136 3135
f 2517 3135 3143
f 2517 3143 3142
f 3145 3146 3147
f 3145 3147 3148
f 2712 2711 2988
f 2712 2988 2986
f 2712 2986 2985
f 2712 2985 3149
f 2712 3149 3150
f 3152 2177 2422
f 3152 2422 2221
f 3152 2221 3213
f 3152 3213 3210
f 3152 3210 3211
f 3152 3211 3151
f 2896 2176 3153
f 2896 3153 2897
f 3168 2257 3169
f 3168 3169 3170
f 3171 3172 3173
f 3171 3173 3174
f 3175 3176 3177
f 3175 3177 3178
f 3179 3180 3181
f 3179 3181 3182
f 3183 3184 3185
f 3183 3185 3186
f 3187 3182 3181
f 3187 3181 3178
f 3187 3178 3177
f 3187 3177 3196
f 3187 3196 3195
f 3187 3195 3186
f 3187 3186 3185
f 3187 3185 3192
f 3187 3192 3188
f 3187 3188 3189
f 3190 3191 3188
f 3190 3188 3192
f 2420 2419 3191
f 2420 3191 3190
f 2420 3190 3184
f 2420 3184 3183
f 2420 3183 3194
f 2420 3194 3193
f 2420 3193 3176
f 2420 3176 3175
f 2420 3175 3180
f 2420 3180 3179
f 3193 3194 3195
f 3193 3195 3196
f 3197 3198 3199
f 3197 3199 3200
f 3201 3202 3203
f 3201 3203 3204
f 3205 3206 3207
f 3205 3207 3208
f 3209 3204 3203
f 3209 3203 3200
f 3209 3200 3199
f 3209 3199 3218
f 3209 3218 3217
f 3209 3217 3208
f 3209 3208 3207
f 3209 3207 3214
f 3209 3214 3210
f 3209 3210 3211
f 3212 3213 3210
f 3212 3210 3214
f 3201 2423 2157
f 3201 2157 2156
f 3201 2156 2221
f 3201 2221 3213
f 3201 3213 3212
f 3201 3212 3206
f 3201 3206 3205
f 3201 3205 3216
f 3201 3216 3215
f 3201 3215 3198
f 3201 3198 3197
f 3201 3197 3202
f 3215 3216 3217
f 3215 3217 3218
f 2208 3219 3220
f 2208 3220 2864
f 3221 3222 3223
f 3221 3223 3224
f 3225 3226 3227
f 3225 3227 3228
f 3230 3231 1745
f 3230 1745 1748
f 3230 1748 3228
f 3230 3228 3227
f 3230 3227 3234
f 3230 3234 3229
f 3232 3233 3229
f 3232 3229 3234
f 2464 2463 3233
f 2464 3233 3232
f 2464 3232 3226
f 2464 3226 3225
f 2464 3225 1747
f 2464 1747 1746
f 2468 2467 3235
f 2468 3235 3236
f 2476 2475 3237
f 2476 3237 3238
f 2483 2231 3239
f 2483 3239 3240
f 2491 2490 3241
f 2491 3241 3242
f 2499 2498 3243
f 2499 3243 3244
f 2507 2506 3245
f 2507 3245 3246
f 2515 2514 3247
f 2515 3247 3248
f 2888 3250 3249
f 2888 3249 8370
f 2888 8370 8489
f 2888 8489 2886
f 3252 3151 3211
f 3252 3211 3210
f 3252 3210 3213
f 3252 3213 2221
f 3252 2221 8529
f 3252 8529 3251
f 2686 2685 3253
f 2686 3253 3254
f 2690 2689 3255
f 2690 3255 3256
f 3259 3258 3311
f 3259 3311 3312
f 3313 3314 3315
f 3313 3315 3316
f 3317 3318 3319
f 3317 3319 3320
f 3284 3283 3321
f 3284 3321 3322
f 3360 3361 3362
f 3360 3362 3363
f 3372 3373 3374
f 3372 3374 3375
f 3376 3377 3378
f 3376 3378 3379
f 3380 3381 2216
f 3380 2216 3376
f 3380 3376 3387
f 3380 3387 3382
f 3383 3384 3385
f 3383 3385 3386
f 3382 3387 3388
f 3382 3388 3389
f 3391 3392 3393
f 3391 3393 3394
f 3391 3394 3395
f 3391 3395 3396
f 3391 3396 3397
f 3416 3417 3418
f 3416 3418 3419
f 3420 3421 3422
f 3420 3422 3423
f 3424 3425 3430
f 3424 3430 3423
f 3424 3423 3422
f 3424 3422 3435
f 3424 3435 3426
f 3424 3426 3427
f 3428 3429 3430
f 3428 3430 3425
f 3431 3432 3433
f 3431 3433 3434
f 3431 3434 3421
f 3431 3421 3420
f 3431 3420 3429
f 3431 3429 3428
f 3434 3433 3426
f 3434 3426 3435
f 3437 7852 3438
f 3437 3438 3439
f 3437 3439 3452
f 3437 3452 3440
f 3437 3440 7937
f 3437 7937 5176
f 3441 3442 3443
f 3441 3443 7957
f 3441 7957 3444
f 3447 3448 3445
f 3447 3445 8216
f 3447 8216 7955
f 3447 7955 3446
f 3450 3451 3439
f 3450 3439 7951
f 3450 7951 3449
f 3440 3452 3453
f 3440 3453 3454
f 3455 3456 3444
f 3455 3444 7957
f 3455 7957 3443
f 3457 3458 3459
f 3457 3459 3482
f 3457 3482 2229
f 3460 2230 3480
f 3460 3480 3461
f 3460 3461 3462
f 3463 3464 3465
f 3463 3465 3492
f 3463 3492 2233
f 3466 2234 3490
f 3466 3490 3467
f 3466 3467 3468
f 3469 3470 2222
f 3469 2222 3471
f 3469 3471 3472
f 3469 3472 3473
f 3475 3476 2230
f 3475 2230 3460
f 3475 3460 3457
f 3475 3457 2229
f 3477 3478 3479
f 3477 3479 3480
f 3477 3480 2230
f 3477 2230 3476
f 3481 3475 2229
f 3481 2229 3482
f 3481 3482 3483
f 3481 3483 3484
f 3485 3486 2234
f 3485 2234 3466
f 3485 3466 3463
f 3485 3463 2233
f 3487 3488 3489
f 3487 3489 3490
f 3487 3490 2234
f 3487 2234 3486
f 3491 3485 2233
f 3491 2233 3492
f 3491 3492 3493
f 3491 3493 3494
f 3495 3496 3497
f 3495 3497 3498
f 3499 3500 7609
f 3499 7609 3501
f 3499 3501 3502
f 3503 3500 3499
f 3503 3499 7809
f 3503 7809 3504
f 3505 6705 6706
f 3505 6706 3506
f 3505 3506 3507
f 3505 3507 6707
f 3505 6707 6704
f 3505 6704 3508
f 3508 6704 6707
f 3508 6707 3507
f 3508 3507 3509
f 3508 3509 6709
f 3508 6709 6708
f 3508 6708 3510
f 3510 6708 6709
f 3510 6709 3509
f 3510 3509 3511
f 3510 3511 6711
f 3510 6711 6710
f 3510 6710 3512
f 3512 6710 6711
f 3512 6711 3511
f 3512 3511 3513
f 3512 3513 6713
f 3512 6713 6712
f 3512 6712 3514
f 3514 6712 6713
f 3514 6713 3513
f 3514 3513 3515
f 3514 3515 6715
f 3514 6715 6714
f 3514 6714 3516
f 3516 6714 6715
f 3516 6715 3515
f 3516 3515 3517
f 3516 3517 6717
f 3516 6717 6716
f 3516 6716 3518
f 3518 6716 6717
f 3518 6717 3517
f 3518 3517 3519
f 3518 3519 6719
f 3518 6719 6718
f 3518 6718 3520
f 3520 6718 6719
f 3520 6719 3519
f 3520 3519 3521
f 3520 3521 6721
f 3520 6721 6720
f 3520 6720 3522
f 3522 6720 6721
f 3522 6721 3521
f 3522 3521 3523
f 3522 3523 6723
f 3522 6723 6722
f 3522 6722 3524
f 3524 6722 6723
f 3524 6723 3523
f 3524 3523 3525
f 3524 3525 6725
f 3524 6725 6724
f 3524 6724 3526
f 3526 6724 6725
f 3526 6725 3525
f 3526 3525 3527
f 3526 3527 6727
f 3526 6727 6726
f 3526 6726 3528
f 3528 6726 6727
f 3528 6727 3527
f 3528 3527 3506
f 3528 3506 6706
f 3528 6706 6705
f 3528 6705 3505
f 3529 3530 3531
f 3529 3531 3532
f 3533 3534 3535
f 3533 3535 3536
f 3537 3538 3539
f 3537 3539 3540
f 3541 3542 3543
f 3541 3543 3544
f 3538 3545 3546
f 3538 3546 3539
f 3545 3541 3544
f 3545 3544 3546
f 3542 3547 3548
f 3542 3548 3543
f 3547 3549 3550
f 3547 3550 3548
f 3549 3551 3552
f 3549 3552 3550
f 3553 3554 3555
f 3553 3555 3556
f 3557 3555 3554
f 3557 3554 3558
f 3558 3559 3560
f 3558 3560 3557
f 3561 3562 3563
f 3561 3563 3564
f 3565 3566 3567
f 3565 3567 3568
f 3562 3560 3559
f 3562 3559 3563
f 3566 3561 3564
f 3566 3564 3567
f 3568 3569 3570
f 3568 3570 3565
f 3569 3571 3572
f 3569 3572 3570
f 3571 3537 3540
f 3571 3540 3572
f 3551 3573 3574
f 3551 3574 3552
f 3556 3574 3573
f 3556 3573 3553
f 3579 3580 3581
f 3579 3581 3582
f 3585 3586 3587
f 3585 3587 3588
f 3589 7856 3590
f 3589 3590 5179
f 3589 5179 7941
f 3589 7941 3591
f 3589 3591 3600
f 3589 3600 3592
f 3595 3596 3593
f 3595 3593 7960
f 3595 7960 3594
f 3598 3599 3597
f 3598 3597 8214
f 3598 8214 3592
f 3600 3591 3601
f 3600 3601 3602
f 3588 3587 3603
f 3588 3603 3604
f 3605 3375 3374
f 3605 3374 3606
f 3605 3606 4731
f 3605 4731 3584
f 3605 3584 3607
f 3608 3609 2520
f 3608 2520 2523
f 3610 3611 3612
f 3610 3612 3613
f 3614 3615 3616
f 3614 3616 3617
f 3618 3381 2216
f 3618 2216 2215
f 2216 2215 3583
f 2216 3583 4733
f 2216 4733 3619
f 2216 3619 3377
f 2216 3377 3376
f 3620 2073 3621
f 3620 3621 3622
f 2069 7857 3623
f 2069 3623 3624
f 2069 3624 3633
f 2069 3633 3625
f 2069 3625 7929
f 2069 7929 5180
f 3624 3626 3627
f 3624 3627 3628
f 3631 3632 3629
f 3631 3629 7961
f 3631 7961 3630
f 3625 3633 3634
f 3625 3634 3635
f 3622 3621 3636
f 3622 3636 3637
f 3640 3641 3638
f 3640 3638 8010
f 3640 8010 3639
f 3644 3645 3642
f 3644 3642 8014
f 3644 8014 3643
f 3648 3649 3646
f 3648 3646 8162
f 3648 8162 3647
f 3652 3653 3650
f 3652 3650 8016
f 3652 8016 3651
f 2067 6932 5002
f 2067 5002 4993
f 2067 4993 6935
f 2067 6935 3654
f 2067 3654 3656
f 2067 3656 3659
f 2067 3659 3655
f 2067 3655 3672
f 2067 3672 3683
f 2067 3683 3675
f 2067 3675 3647
f 2067 3647 7933
f 2067 7933 5183
f 3390 3437 5176
f 3390 5176 7937
f 3390 7937 3440
f 3390 3440 3668
f 3390 3668 3660
f 3390 3660 3384
f 3590 6912 4937
f 3590 4937 4925
f 3590 4925 6928
f 3590 6928 2069
f 3590 2069 5180
f 3590 5180 7929
f 3590 7929 3625
f 3590 3625 3666
f 3590 3666 3680
f 3590 3680 3670
f 3590 3670 3591
f 3590 3591 7941
f 3590 7941 5179
f 3656 3657 3658
f 3656 3658 3659
f 3384 3660 3661
f 3384 3661 3385
f 3662 3663 3677
f 3662 3677 3664
f 3662 3664 3665
f 3662 3665 3658
f 3662 3658 3657
f 3625 3635 3667
f 3625 3667 3679
f 3625 3679 3666
f 3668 3440 3454
f 3668 3454 3669
f 3591 3670 4938
f 3591 4938 3671
f 3591 3671 3601
f 3655 3673 3674
f 3655 3674 3682
f 3655 3682 3672
f 3647 3675 5003
f 3647 5003 3676
f 3647 3676 3648
f 3663 1700 3678
f 3663 3678 4900
f 3663 4900 3677
f 3679 3666 3680
f 3679 3680 3681
f 3682 3672 3683
f 3682 3683 3684
f 3685 3686 2527
f 3685 2527 2220
f 3685 2220 2219
f 3685 2219 2526
f 2533 2532 3687
f 2533 3687 3688
f 2547 2546 3689
f 2547 3689 3690
f 2552 2551 3691
f 2552 3691 3692
f 3693 3694 5587
f 3693 5587 3695
f 3693 3695 3696
f 3697 3698 3699
f 3697 3699 3700
f 3701 3702 3703
f 3701 3703 3704
f 3707 3705 3709
f 3707 3709 3715
f 3707 3715 3706
f 3705 3710 3708
f 3705 3708 3713
f 3705 3713 3709
f 3711 2432 2431
f 3711 2431 4007
f 3711 4007 3712
f 3710 3711 3712
f 3710 3712 3708
f 3709 3713 3714
f 3709 3714 3715
f 3718 3716 3720
f 3718 3720 3726
f 3718 3726 3717
f 3716 3721 3719
f 3716 3719 3724
f 3716 3724 3720
f 3722 2442 8149
f 3722 8149 2441
f 3722 2441 4011
f 3722 4011 3723
f 3721 3722 3723
f 3721 3723 3719
f 3720 3724 8145
f 3720 8145 3725
f 3720 3725 3726
f 3729 3727 3731
f 3729 3731 3737
f 3729 3737 3728
f 3727 3732 3730
f 3727 3730 3735
f 3727 3735 3731
f 3733 5234 2452
f 3733 2452 2451
f 3733 2451 4015
f 3733 4015 3734
f 3732 3733 3734
f 3732 3734 3730
f 3731 3735 8144
f 3731 8144 3736
f 3731 3736 3737
f 3740 3738 3745
f 3740 3745 3748
f 3740 3748 3739
f 3741 3742 3743
f 3741 3743 3744
f 3745 3746 3747
f 3745 3747 3748
f 3742 3987 2597
f 3742 2597 2675
f 3742 2675 4048
f 3742 4048 3743
f 3738 3741 3744
f 3738 3744 3746
f 3738 3746 3745
f 3706 3715 3714
f 3706 3714 6728
f 3706 6728 6732
f 3706 6732 4008
f 3706 4008 2426
f 3706 2426 2425
f 3706 2425 4876
f 3706 4876 3991
f 3706 3991 3990
f 3717 3726 3725
f 3717 3725 6750
f 3717 6750 6753
f 3717 6753 4012
f 3717 4012 2436
f 3717 2436 2435
f 3717 2435 3797
f 3717 3797 3796
f 3728 3737 3736
f 3728 3736 6760
f 3728 6760 6763
f 3728 6763 4016
f 3728 4016 2446
f 3728 2446 2445
f 3728 2445 3827
f 3728 3827 3826
f 3739 3748 3747
f 3739 3747 7174
f 3739 7174 7175
f 3739 7175 7178
f 3739 7178 3953
f 3739 3953 2557
f 3739 2557 2667
f 3739 2667 5297
f 3739 5297 7831
f 3739 7831 7833
f 3749 3750 3751
f 3749 3751 3752
f 3753 3754 3755
f 3753 3755 3756
f 3759 3757 3761
f 3759 3761 3758
f 3760 3758 3761
f 3760 3761 3762
f 3762 3763 3764
f 3762 3764 3760
f 3763 2430 2433
f 3763 2433 3764
f 3765 3766 3767
f 3757 4004 4003
f 3757 4003 2424
f 3757 2424 2427
f 3757 2427 2430
f 3757 2430 3763
f 3757 3763 3762
f 3757 3762 3761
f 3765 3840 3839
f 3765 3839 2444
f 3765 2444 2447
f 3765 2447 2450
f 3765 2450 2453
f 3765 2453 5220
f 3765 5220 5219
f 3765 5219 3766
f 2666 2668 2671
f 2666 2671 2596
f 2666 2596 3771
f 2666 3771 3777
f 2666 3777 3778
f 2666 3778 7827
f 2666 7827 5550
f 2666 5550 5549
f 2666 5549 3775
f 3781 3779 3810
f 3781 3810 3809
f 3781 3809 2434
f 3781 2434 2437
f 3781 2437 2440
f 3781 2440 2443
f 3781 2443 3813
f 3781 3813 3812
f 3781 3812 3780
f 3760 3764 3782
f 3760 3782 3783
f 3782 3784 3785
f 3782 3785 3783
f 3784 3786 3787
f 3784 3787 3785
f 3788 3789 3790
f 3788 3790 3791
f 3792 3711 3710
f 3792 3710 3793
f 3789 8141 3792
f 3789 3792 3793
f 3789 3793 8143
f 3789 8143 3790
f 3786 3788 3791
f 3786 3791 3787
f 3796 3797 3798
f 3796 3798 3799
f 3798 3800 3801
f 3798 3801 3799
f 3800 3802 3803
f 3800 3803 3801
f 3804 3805 3806
f 3804 3806 3807
f 3808 3809 3810
f 3808 3810 3811
f 3805 8137 3808
f 3805 3808 3811
f 3805 3811 8139
f 3805 8139 3806
f 3802 3804 3807
f 3802 3807 3803
f 3812 3813 3814
f 3812 3814 3815
f 3814 3816 3817
f 3814 3817 3815
f 3816 3818 3819
f 3816 3819 3817
f 3820 3821 3822
f 3820 3822 3823
f 3824 3722 3721
f 3824 3721 3825
f 3821 8133 3824
f 3821 3824 3825
f 3821 3825 8135
f 3821 8135 3822
f 3818 3820 3823
f 3818 3823 3819
f 3826 3827 3828
f 3826 3828 3829
f 3828 3830 3831
f 3828 3831 3829
f 3830 3832 3833
f 3830 3833 3831
f 3834 3835 3836
f 3834 3836 3837
f 3838 3839 3840
f 3838 3840 3841
f 3835 8129 3838
f 3835 3838 3841
f 3835 3841 8131
f 3835 8131 3836
f 3832 3834 3837
f 3832 3837 3833
f 3842 3843 3844
f 3842 3844 3845
f 3846 3847 5584
f 3846 5584 3848
f 3846 3848 7052
f 3846 7052 7051
f 3846 7051 3849
f 3850 3851 7048
f 3850 7048 7047
f 3850 7047 3852
f 3850 3852 3853
f 3854 3855 7044
f 3854 7044 7043
f 3854 7043 3856
f 3854 3856 3857
f 3858 3859 7040
f 3858 7040 7039
f 3858 7039 3860
f 3858 3860 3861
f 3862 3863 5214
f 3862 5214 5215
f 3862 5215 3864
f 3862 3864 3865
f 3866 3867 7022
f 3866 7022 7021
f 3866 7021 3868
f 3866 3868 3869
f 3870 3871 7030
f 3870 7030 7029
f 3870 7029 3872
f 3870 3872 3873
f 3874 3875 7018
f 3874 7018 7017
f 3874 7017 3876
f 3874 3876 3877
f 3878 3879 7026
f 3878 7026 7025
f 3878 7025 3880
f 3878 3880 3881
f 2541 2540 3919
f 2541 3919 3920
f 2650 2649 3921
f 2650 3921 3922
f 2656 2655 3923
f 2656 3923 3924
f 2662 2661 3925
f 2662 3925 3926
f 2540 2544 3927
f 2540 3927 3928
f 2540 3928 3919
f 3928 3927 3857
f 3928 3857 3856
f 3928 3856 3929
f 3930 3931 3932
f 3930 3932 3933
f 2543 2541 3920
f 2543 3920 3935
f 2543 3935 3934
f 3935 3936 3859
f 3935 3859 3858
f 3935 3858 3934
f 3937 3938 3939
f 3937 3939 3940
f 3947 3948 3949
f 3947 3949 3950
f 2556 2557 3953
f 2556 3953 8111
f 2556 8111 3954
f 3184 3955 3956
f 3184 3956 3185
f 3957 3962 3963
f 3957 3963 3964
f 3965 3966 3967
f 3965 3967 3968
f 3969 3970 4878
f 3969 4878 3960
f 3969 3960 3971
f 2603 2602 3972
f 2603 3972 3973
f 3975 3976 3871
f 3975 3871 3870
f 3975 3870 3974
f 3702 3977 3978
f 3702 3978 3703
f 2602 2609 3961
f 2602 3961 3972
f 2657 2656 3924
f 2657 3924 3975
f 2657 3975 3974
f 2606 2603 3973
f 2606 3973 3959
f 3777 3771 3979
f 3777 3979 3980
f 3981 3982 3983
f 3981 3983 3984
f 3985 3742 3741
f 3985 3741 3986
f 3982 3985 3986
f 3982 3986 3983
f 3987 3742 3985
f 3987 3985 3982
f 3987 3982 3981
f 3987 3981 3988
f 3987 3988 8100
f 3738 3989 3984
f 3738 3984 3983
f 3738 3983 3986
f 3738 3986 3741
f 3990 3991 3992
f 3990 3992 3993
f 3992 3994 3995
f 3992 3995 3993
f 3994 3996 3997
f 3994 3997 3995
f 3998 3999 4000
f 3998 4000 4001
f 4002 4003 4004
f 4002 4004 4005
f 3999 8114 4002
f 3999 4002 4005
f 3999 4005 8116
f 3999 8116 4000
f 3996 3998 4001
f 3996 4001 3997
f 4006 4007 8152
f 4006 8152 4008
f 4006 4008 4009
f 4010 4011 4012
f 4010 4012 4013
f 4014 4015 4016
f 4014 4016 4017
f 4018 4019 7777
f 4018 7777 4020
f 4018 4020 4021
f 4018 4021 7608
f 4018 4023 4022
f 4018 4022 7775
f 4018 7775 4019
f 4024 4025 4026
f 4024 4026 4027
f 4028 4029 4030
f 4028 4030 4031
f 4032 4033 4034
f 4032 4034 4035
f 4036 4032 4035
f 4036 4035 4037
f 4038 4039 4040
f 4038 4040 4041
f 4034 4033 4042
f 4034 4042 4043
f 3979 3988 4044
f 3979 4044 7126
f 3979 7126 4045
f 3963 3962 4046
f 3963 4046 8110
f 3963 8110 8154
f 3963 8154 3698
f 3963 3698 3697
f 3963 3697 3987
f 4047 4048 8112
f 4047 8112 3953
f 4047 3953 4049
f 4050 4051 4052
f 4050 4052 4053
f 4054 4055 3967
f 4054 3967 4056
f 4056 4057 4058
f 4056 4058 4054
f 4057 3968 4046
f 4057 4046 3962
f 4057 3962 4058
f 3968 3967 4055
f 3968 4055 3702
f 3968 3702 3701
f 3968 3701 4046
f 2629 2628 3555
f 2629 3555 3557
f 4061 4062 3865
f 4061 3865 3864
f 4061 3864 4063
f 4064 4065 4066
f 4064 4066 4067
f 2649 2652 4062
f 2649 4062 4061
f 2649 4061 3921
f 4069 4070 4071
f 4069 4071 7587
f 4069 7587 4068
f 4072 4073 4074
f 4072 4074 7579
f 4072 7579 4075
f 2651 2650 3922
f 2651 3922 4069
f 2651 4069 4068
f 4076 4077 3869
f 4076 3869 3868
f 4076 3868 4078
f 4079 4080 4081
f 4079 4081 4082
f 2655 2658 4077
f 2655 4077 4076
f 2655 4076 3923
f 4083 3697 3700
f 4083 3700 4084
f 2661 2665 4085
f 2661 4085 4087
f 2661 4087 3925
f 4086 4087 4085
f 4086 4085 3881
f 4086 3881 3880
f 4088 4089 4090
f 4088 4090 4091
f 2664 2662 3926
f 2664 3926 4093
f 2664 4093 4092
f 4093 4094 3875
f 4093 3875 3874
f 4093 3874 4092
f 4097 2969 2972
f 4097 2972 4098
f 3360 3363 4101
f 3360 4101 4102
f 3149 2985 4103
f 3149 4103 4104
f 2089 4109 2711
f 2089 2711 2714
f 2089 2714 4110
f 4111 2071 3650
f 4111 3650 4124
f 4111 4124 4121
f 4111 4121 4112
f 3442 3380 3382
f 3442 3382 4113
f 3442 4113 4117
f 3442 4117 3443
f 2073 3585 3588
f 2073 3588 4119
f 2073 4119 4115
f 2073 4115 3621
f 4113 3382 3389
f 4113 3389 4114
f 3621 4115 4116
f 3621 4116 3636
f 3443 4117 4118
f 3443 4118 3455
f 4119 3588 3604
f 4119 3604 4120
f 4112 4121 4122
f 4112 4122 4123
f 4124 3650 3653
f 4124 3653 4125
f 4136 4137 4138
f 4136 4138 4139
f 4140 4141 4142
f 4140 4142 4143
f 4144 4145 4146
f 4144 4146 4147
f 4148 4149 4150
f 4148 4150 4151
f 4152 4153 4157
f 4152 4157 4151
f 4152 4151 4150
f 4152 4150 4163
f 4152 4163 4162
f 4152 4162 4143
f 4152 4143 4142
f 4152 4142 4147
f 4152 4147 4146
f 4152 4146 4154
f 4155 4156 4157
f 4155 4157 4153
f 4158 4159 4145
f 4158 4145 4144
f 4158 4144 4141
f 4158 4141 4140
f 4158 4140 4161
f 4158 4161 4160
f 4158 4160 4149
f 4158 4149 4148
f 4158 4148 4156
f 4158 4156 4155
f 4160 4161 4162
f 4160 4162 4163
f 4164 4165 4166
f 4164 4166 4167
f 4168 4169 4170
f 4168 4170 4171
f 4172 4173 4174
f 4172 4174 4175
f 4176 4177 4181
f 4176 4181 4175
f 4176 4175 4174
f 4176 4174 4187
f 4176 4187 4186
f 4176 4186 4167
f 4176 4167 4166
f 4176 4166 4171
f 4176 4171 4170
f 4176 4170 4178
f 4179 4180 4181
f 4179 4181 4177
f 4182 4183 4169
f 4182 4169 4168
f 4182 4168 4165
f 4182 4165 4164
f 4182 4164 4185
f 4182 4185 4184
f 4182 4184 4173
f 4182 4173 4172
f 4182 4172 4180
f 4182 4180 4179
f 4184 4185 4186
f 4184 4186 4187
f 4188 4189 4190
f 4188 4190 4191
f 4192 4193 4194
f 4192 4194 4195
f 4196 4197 4198
f 4196 4198 4199
f 4200 4195 4194
f 4200 4194 4191
f 4200 4191 4190
f 4200 4190 4209
f 4200 4209 4098
f 4200 4098 4199
f 4200 4199 4198
f 4200 4198 4205
f 4200 4205 4201
f 4200 4201 4202
f 4203 4204 4201
f 4203 4201 4205
f 4206 4207 4204
f 4206 4204 4203
f 4206 4203 4197
f 4206 4197 4196
f 4206 4196 4097
f 4206 4097 4208
f 4206 4208 4189
f 4206 4189 4188
f 4206 4188 4193
f 4206 4193 4192
f 4208 4097 4098
f 4208 4098 4209
f 4210 4211 4212
f 4210 4212 4213
f 4214 4215 4216
f 4214 4216 4217
f 4218 4219 4220
f 4218 4220 4221
f 4222 4217 4216
f 4222 4216 4213
f 4222 4213 4212
f 4222 4212 4231
f 4222 4231 4230
f 4222 4230 4221
f 4222 4221 4220
f 4222 4220 4226
f 4222 4226 4223
f 4222 4223 4103
f 4224 4225 4223
f 4224 4223 4226
f 4227 2714 4225
f 4227 4225 4224
f 4227 4224 4219
f 4227 4219 4218
f 4227 4218 4229
f 4227 4229 4228
f 4227 4228 4211
f 4227 4211 4210
f 4227 4210 4215
f 4227 4215 4214
f 4228 4229 4230
f 4228 4230 4231
f 4232 4233 4234
f 4232 4234 4235
f 4236 4237 4238
f 4236 4238 4239
f 4240 4241 4242
f 4240 4242 4243
f 4244 4239 4238
f 4244 4238 4235
f 4244 4235 4234
f 4244 4234 4253
f 4244 4253 4252
f 4244 4252 4243
f 4244 4243 4242
f 4244 4242 4249
f 4244 4249 4245
f 4244 4245 4246
f 4247 4248 4245
f 4247 4245 4249
f 2472 2471 4248
f 2472 4248 4247
f 2472 4247 4241
f 2472 4241 4240
f 2472 4240 4251
f 2472 4251 4250
f 2472 4250 4233
f 2472 4233 4232
f 2472 4232 4237
f 2472 4237 4236
f 4250 4251 4252
f 4250 4252 4253
f 4254 4255 4256
f 4254 4256 4257
f 4258 4259 4260
f 4258 4260 4261
f 4262 4263 4264
f 4262 4264 4265
f 4266 4261 4260
f 4266 4260 4257
f 4266 4257 4256
f 4266 4256 4275
f 4266 4275 4274
f 4266 4274 4265
f 4266 4265 4264
f 4266 4264 4271
f 4266 4271 4267
f 4266 4267 4268
f 4269 4270 4267
f 4269 4267 4271
f 2480 2479 4270
f 2480 4270 4269
f 2480 4269 4263
f 2480 4263 4262
f 2480 4262 4273
f 2480 4273 4272
f 2480 4272 4255
f 2480 4255 4254
f 2480 4254 4259
f 2480 4259 4258
f 4272 4273 4274
f 4272 4274 4275
f 4276 4277 4278
f 4276 4278 4279
f 4280 4281 4282
f 4280 4282 4283
f 4284 4285 4286
f 4284 4286 4287
f 4288 4283 4282
f 4288 4282 4279
f 4288 4279 4278
f 4288 4278 4297
f 4288 4297 4296
f 4288 4296 4287
f 4288 4287 4286
f 4288 4286 4293
f 4288 4293 4289
f 4288 4289 4290
f 4291 4292 4289
f 4291 4289 4293
f 2487 2486 4292
f 2487 4292 4291
f 2487 4291 4285
f 2487 4285 4284
f 2487 4284 4295
f 2487 4295 4294
f 2487 4294 4277
f 2487 4277 4276
f 2487 4276 4281
f 2487 4281 4280
f 4294 4295 4296
f 4294 4296 4297
f 4298 4299 4300
f 4298 4300 4301
f 4302 4303 4304
f 4302 4304 4305
f 4306 4307 4308
f 4306 4308 4309
f 4310 4305 4304
f 4310 4304 4301
f 4310 4301 4300
f 4310 4300 4319
f 4310 4319 4318
f 4310 4318 4309
f 4310 4309 4308
f 4310 4308 4315
f 4310 4315 4311
f 4310 4311 4312
f 4313 4314 4311
f 4313 4311 4315
f 2495 2494 4314
f 2495 4314 4313
f 2495 4313 4307
f 2495 4307 4306
f 2495 4306 4317
f 2495 4317 4316
f 2495 4316 4299
f 2495 4299 4298
f 2495 4298 4303
f 2495 4303 4302
f 4316 4317 4318
f 4316 4318 4319
f 4320 4321 4322
f 4320 4322 4323
f 4324 4325 4326
f 4324 4326 4327
f 4328 4329 4330
f 4328 4330 4331
f 4332 4327 4326
f 4332 4326 4323
f 4332 4323 4322
f 4332 4322 4341
f 4332 4341 4340
f 4332 4340 4331
f 4332 4331 4330
f 4332 4330 4337
f 4332 4337 4333
f 4332 4333 4334
f 4335 4336 4333
f 4335 4333 4337
f 2503 2502 4336
f 2503 4336 4335
f 2503 4335 4329
f 2503 4329 4328
f 2503 4328 4339
f 2503 4339 4338
f 2503 4338 4321
f 2503 4321 4320
f 2503 4320 4325
f 2503 4325 4324
f 4338 4339 4340
f 4338 4340 4341
f 4342 4343 4344
f 4342 4344 4345
f 4346 4347 4348
f 4346 4348 4349
f 4350 4351 4352
f 4350 4352 4353
f 4354 4349 4348
f 4354 4348 4345
f 4354 4345 4344
f 4354 4344 4363
f 4354 4363 4362
f 4354 4362 4353
f 4354 4353 4352
f 4354 4352 4359
f 4354 4359 4355
f 4354 4355 4356
f 4357 4358 4355
f 4357 4355 4359
f 2511 2510 4358
f 2511 4358 4357
f 2511 4357 4351
f 2511 4351 4350
f 2511 4350 4361
f 2511 4361 4360
f 2511 4360 4343
f 2511 4343 4342
f 2511 4342 4347
f 2511 4347 4346
f 4360 4361 4362
f 4360 4362 4363
f 4364 4365 4366
f 4364 4366 4367
f 4368 4369 4370
f 4368 4370 4371
f 4372 4373 4374
f 4372 4374 4375
f 4376 4371 4370
f 4376 4370 4367
f 4376 4367 4366
f 4376 4366 4385
f 4376 4385 4384
f 4376 4384 4375
f 4376 4375 4374
f 4376 4374 4381
f 4376 4381 4377
f 4376 4377 4378
f 4379 4380 4377
f 4379 4377 4381
f 2519 2518 4380
f 2519 4380 4379
f 2519 4379 4373
f 2519 4373 4372
f 2519 4372 4383
f 2519 4383 4382
f 2519 4382 4365
f 2519 4365 4364
f 2519 4364 4369
f 2519 4369 4368
f 4382 4383 4384
f 4382 4384 4385
f 2713 4386 4104
f 2713 4104 4103
f 2713 4103 4223
f 2713 4223 4225
f 2713 4225 2714
f 4387 4388 4389
f 4387 4389 4390
f 3055 4291 4293
f 3055 4293 3056
f 4393 4394 7187
f 4393 7187 4395
f 4393 4395 4396
f 2946 4398 4397
f 2946 4397 5172
f 2946 5172 2943
f 4399 3212 3214
f 4399 3214 4400
f 4339 3101 3104
f 4339 3104 4340
f 3080 4316 4319
f 3080 4319 3081
f 4402 3673 3655
f 4402 3655 8091
f 4402 8091 4401
f 4123 4404 4403
f 4123 4403 8017
f 4123 8017 4112
f 4149 2907 2910
f 4149 2910 4150
f 2960 4196 4199
f 2960 4199 2961
f 4420 4421 4422
f 4420 4422 2194
f 4423 3327 3326
f 4423 3326 4424
f 4423 4424 8349
f 4423 8349 2203
f 3331 3330 4096
f 3331 4096 8353
f 3331 8353 4425
f 3323 3336 4426
f 3323 4426 8351
f 3323 8351 4427
f 3351 3347 2239
f 3351 2239 4428
f 3356 3350 4429
f 3356 4429 8346
f 3356 8346 4430
f 3358 3355 4100
f 3358 4100 8348
f 3358 8348 4431
f 3989 7557 3980
f 3989 3980 4468
f 3989 4468 7125
f 3989 7125 4469
f 2926 4168 4171
f 2926 4171 2927
f 4470 4471 4472
f 4470 4472 4473
f 4474 4475 4476
f 4474 4476 4477
f 4478 4479 4473
f 4478 4473 4472
f 4480 4481 4482
f 4480 4482 4483
f 4484 4485 4486
f 4484 4486 4487
f 4488 4489 4490
f 4488 4490 4491
f 4492 4493 4494
f 4492 4494 4495
f 4496 4497 4498
f 4496 4498 4499
f 4500 4501 4502
f 4500 4502 4503
f 3386 3385 3661
f 3386 3661 4504
f 4505 4506 4507
f 4505 4507 4508
f 4509 4510 4511
f 4509 4511 4512
f 4513 4514 4515
f 4513 4515 4516
f 4517 4518 4519
f 4517 4519 4520
f 4521 4522 4477
f 4521 4477 4476
f 4523 4524 4525
f 4523 4525 4526
f 4527 4528 4529
f 4527 4529 4530
f 3389 3388 4531
f 3389 4531 4114
f 4532 4533 3635
f 4532 3635 3634
f 4532 3634 4534
f 4532 4534 4535
f 3635 4533 4536
f 3635 4536 3667
f 4537 4538 3454
f 4537 3454 3453
f 4537 3453 4539
f 4537 4539 4540
f 3454 4538 4541
f 3454 4541 3669
f 3602 3601 4542
f 3602 4542 4543
f 4544 4545 3602
f 4544 3602 4543
f 3671 4546 4542
f 3671 4542 3601
f 4547 4548 3673
f 4547 3673 4402
f 4547 4402 4549
f 4547 4549 4550
f 3673 4548 4551
f 3673 4551 3674
f 3649 3648 4552
f 3649 4552 4553
f 4554 4555 3649
f 4554 3649 4553
f 3676 4556 4552
f 3676 4552 3648
f 4557 4558 3637
f 4557 3637 3636
f 4559 4560 3637
f 4559 3637 4558
f 4116 4561 4557
f 4116 4557 3636
f 4562 4563 3456
f 4562 3456 3455
f 4564 4565 3456
f 4564 3456 4563
f 4118 4566 4562
f 4118 4562 3455
f 3604 3603 4567
f 3604 4567 4568
f 4567 3603 4569
f 4567 4569 4570
f 3604 4568 4571
f 3604 4571 4120
f 4572 4573 4404
f 4572 4404 4123
f 4574 4575 4404
f 4574 4404 4573
f 4122 4576 4572
f 4122 4572 4123
f 3653 3652 4577
f 3653 4577 4578
f 4577 3652 4579
f 4577 4579 4580
f 3653 4578 4581
f 3653 4581 4125
f 4582 4583 4584
f 4582 4584 4585
f 4586 4587 4588
f 4586 4588 4589
f 4590 4591 4592
f 4590 4592 4593
f 4594 4595 4596
f 4594 4596 4597
f 4598 4599 4600
f 4598 4600 4601
f 4602 4603 4604
f 4602 4604 4605
f 4606 4607 4608
f 4606 4608 4609
f 4610 4611 4612
f 4610 4612 4613
f 4614 4615 4616
f 4614 4616 4617
f 4618 4619 4620
f 4618 4620 4621
f 2911 2913 4152
f 2911 4152 4154
f 2933 2935 4176
f 2933 4176 4178
f 4622 4623 3187
f 4622 3187 3189
f 4624 4625 3209
f 4624 3209 3211
f 2963 2965 4200
f 2963 4200 4202
f 2985 2987 4222
f 2985 4222 4103
f 4626 4627 3231
f 4626 3231 3230
f 3007 3009 4244
f 3007 4244 4246
f 3029 3031 4266
f 3029 4266 4268
f 3051 3053 4288
f 3051 4288 4290
f 3073 3075 4310
f 3073 4310 4312
f 4628 4629 4630
f 4628 4630 4631
f 4632 4633 4634
f 4632 4634 4635
f 3095 3097 4332
f 3095 4332 4334
f 3117 3119 4354
f 3117 4354 4356
f 3139 3141 4376
f 3139 4376 4378
f 4636 4637 4638
f 4636 4638 4639
f 3424 3427 4640
f 3424 4640 4641
f 4642 4643 4644
f 4642 4644 4645
f 4646 4647 4648
f 4646 4648 4649
f 4646 4649 4650
f 4651 4650 4649
f 4651 4649 4652
f 4651 4652 4653
f 4651 4653 4654
f 4655 4651 4654
f 4655 4654 4656
f 4655 4656 4657
f 4658 4659 4660
f 4658 4660 4655
f 4658 4655 4657
f 4658 4657 4661
f 4659 4662 4663
f 4659 4663 5719
f 4659 5719 4664
f 4659 4664 4660
f 3950 3949 3613
f 3950 3613 3612
f 3950 3612 4665
f 3950 4665 4666
f 3950 4666 3617
f 3950 3617 3616
f 3588 3587 3593
f 3588 3593 3630
f 3588 3630 3622
f 3588 3622 3621
f 3588 3621 4115
f 3588 4115 4119
f 3592 3600 3591
f 3592 3591 3670
f 3592 3670 3680
f 3592 3680 3666
f 3592 3666 3625
f 3592 3625 3633
f 3592 3633 3624
f 3670 4667 4668
f 3670 4668 3680
f 3675 4669 4670
f 3675 4670 3683
f 2934 2938 2931
f 2934 2931 2932
f 2934 2932 2941
f 2934 2941 2942
f 2934 2942 2923
f 2934 2923 2924
f 2934 2924 2927
f 2934 2927 2928
f 2934 2928 4170
f 2934 4170 4171
f 2934 4171 4166
f 2934 4166 4167
f 2934 4167 4186
f 2934 4186 4187
f 2934 4187 4174
f 2934 4174 4175
f 2934 4175 4181
f 2934 4181 4177
f 4687 6005 6002
f 4687 6002 6003
f 4687 6003 6008
f 4687 6008 6009
f 4687 6009 5209
f 4687 5209 3956
f 4687 3956 5567
f 4687 5567 4688
f 4687 4688 3188
f 4687 3188 3192
f 4687 3192 3185
f 4687 3185 3186
f 4687 3186 3195
f 4687 3195 3196
f 4687 3196 3177
f 4687 3177 3178
f 4687 3178 3181
f 4687 3181 3182
f 4689 6015 6012
f 4689 6012 6013
f 4689 6013 6022
f 4689 6022 6023
f 4689 6023 6018
f 4689 6018 6019
f 4689 6019 4400
f 4689 4400 4690
f 4689 4690 3210
f 4689 3210 3214
f 4689 3214 3207
f 4689 3207 3208
f 4689 3208 3217
f 4689 3217 3218
f 4689 3218 3199
f 4689 3199 3200
f 4689 3200 3203
f 4689 3203 3204
f 2957 2958 2953
f 2957 2953 2954
f 2957 2954 2971
f 2957 2971 2972
f 2957 2972 2961
f 2957 2961 2962
f 2957 2962 2968
f 2957 2968 2964
f 2957 2964 4201
f 2957 4201 4205
f 2957 4205 4198
f 2957 4198 4199
f 2957 4199 4098
f 2957 4098 4209
f 2957 4209 4190
f 2957 4190 4191
f 2957 4191 4194
f 2957 4194 4195
f 2979 2980 2975
f 2979 2975 2976
f 2979 2976 2993
f 2979 2993 2994
f 2979 2994 2983
f 2979 2983 2984
f 2979 2984 2990
f 2979 2990 2986
f 2979 2986 4223
f 2979 4223 4226
f 2979 4226 4220
f 2979 4220 4221
f 2979 4221 4230
f 2979 4230 4231
f 2979 4231 4212
f 2979 4212 4213
f 2979 4213 4216
f 2979 4216 4217
f 2048 2049 6026
f 2048 6026 6027
f 2048 6027 6029
f 2048 6029 4691
f 2048 4691 3229
f 2048 3229 3234
f 2048 3234 3227
f 2048 3227 3228
f 2048 3228 1748
f 2048 1748 1745
f 3001 3002 2997
f 3001 2997 2998
f 3001 2998 3015
f 3001 3015 3016
f 3001 3016 3005
f 3001 3005 3006
f 3001 3006 3012
f 3001 3012 3008
f 3001 3008 4245
f 3001 4245 4249
f 3001 4249 4242
f 3001 4242 4243
f 3001 4243 4252
f 3001 4252 4253
f 3001 4253 4234
f 3001 4234 4235
f 3001 4235 4238
f 3001 4238 4239
f 3023 3024 3019
f 3023 3019 3020
f 3023 3020 3037
f 3023 3037 3038
f 3023 3038 3027
f 3023 3027 3028
f 3023 3028 3034
f 3023 3034 3030
f 3023 3030 4267
f 3023 4267 4271
f 3023 4271 4264
f 3023 4264 4265
f 3023 4265 4274
f 3023 4274 4275
f 3023 4275 4256
f 3023 4256 4257
f 3023 4257 4260
f 3023 4260 4261
f 3045 3046 3041
f 3045 3041 3042
f 3045 3042 3059
f 3045 3059 3060
f 3045 3060 3049
f 3045 3049 3050
f 3045 3050 3056
f 3045 3056 3052
f 3045 3052 4289
f 3045 4289 4293
f 3045 4293 4286
f 3045 4286 4287
f 3045 4287 4296
f 3045 4296 4297
f 3045 4297 4278
f 3045 4278 4279
f 3045 4279 4282
f 3045 4282 4283
f 3067 3068 3063
f 3067 3063 3064
f 3067 3064 3081
f 3067 3081 3082
f 3067 3082 3071
f 3067 3071 3072
f 3067 3072 3078
f 3067 3078 3074
f 3067 3074 4311
f 3067 4311 4315
f 3067 4315 4308
f 3067 4308 4309
f 3067 4309 4318
f 3067 4318 4319
f 3067 4319 4300
f 3067 4300 4301
f 3067 4301 4304
f 3067 4304 4305
f 4692 5623 5620
f 4692 5620 5621
f 4692 5621 5634
f 4692 5634 5635
f 4692 5635 5626
f 4692 5626 5627
f 4692 5627 5629
f 4692 5629 4693
f 4692 4693 4694
f 4692 4694 6070
f 4692 6070 5743
f 4692 5743 6786
f 4692 6786 6791
f 4692 6791 6792
f 4692 6792 6782
f 4692 6782 6780
f 4692 6780 6784
f 4692 6784 4695
f 4696 4138 5638
f 4696 5638 5639
f 4696 5639 4390
f 4696 4390 5649
f 4696 5649 5642
f 4696 5642 5643
f 4696 5643 5645
f 4696 5645 4697
f 4696 4697 4698
f 4696 4698 6802
f 4696 6802 6799
f 4696 6799 6800
f 4696 6800 6806
f 4696 6806 4389
f 4696 4389 6795
f 4696 6795 6796
f 4696 6796 4139
f 4696 4139 4699
f 3089 3090 3085
f 3089 3085 3086
f 3089 3086 3103
f 3089 3103 3104
f 3089 3104 3093
f 3089 3093 3094
f 3089 3094 3100
f 3089 3100 3096
f 3089 3096 4333
f 3089 4333 4337
f 3089 4337 4330
f 3089 4330 4331
f 3089 4331 4340
f 3089 4340 4341
f 3089 4341 4322
f 3089 4322 4323
f 3089 4323 4326
f 3089 4326 4327
f 3111 3112 3107
f 3111 3107 3108
f 3111 3108 3125
f 3111 3125 3126
f 3111 3126 3115
f 3111 3115 3116
f 3111 3116 3122
f 3111 3122 3118
f 3111 3118 4355
f 3111 4355 4359
f 3111 4359 4352
f 3111 4352 4353
f 3111 4353 4362
f 3111 4362 4363
f 3111 4363 4344
f 3111 4344 4345
f 3111 4345 4348
f 3111 4348 4349
f 3133 3134 3129
f 3133 3129 3130
f 3133 3130 3147
f 3133 3147 3148
f 3133 3148 3137
f 3133 3137 3138
f 3133 3138 3144
f 3133 3144 3140
f 3133 3140 4377
f 3133 4377 4381
f 3133 4381 4374
f 3133 4374 4375
f 3133 4375 4384
f 3133 4384 4385
f 3133 4385 4366
f 3133 4366 4367
f 3133 4367 4370
f 3133 4370 4371
f 4700 5402 5399
f 4700 5399 5400
f 4700 5400 5406
f 4700 5406 4701
f 4700 4701 4702
f 4700 4702 5438
f 4700 5438 5433
f 4700 5433 5434
f 4700 5434 5436
f 4700 5436 4703
f 4704 5601 5598
f 4704 5598 5599
f 4704 5599 5603
f 4704 5603 4705
f 4704 4705 3426
f 4704 3426 3435
f 4704 3435 3422
f 4704 3422 3423
f 4704 3423 3430
f 4704 3430 3425
f 3124 4360 4363
f 3124 4363 3125
f 4706 4707 4708
f 4706 4708 4709
f 4706 4709 7839
f 4706 7839 7843
f 4706 7843 4710
f 4706 4710 4711
f 4712 4713 4714
f 4712 4714 4715
f 4716 4717 4718
f 4716 4718 4719
f 4720 4721 4722
f 4720 4722 4723
f 4724 4725 4726
f 4724 4726 4727
f 4729 4730 4731
f 4729 4731 7900
f 4729 7900 7903
f 4729 7903 4728
f 4732 7810 4729
f 4732 4729 4728
f 4732 4728 7905
f 4732 7905 4733
f 4734 4735 4736
f 4734 4736 4737
f 4738 4739 4740
f 4738 4740 4741
f 4746 4747 4748
f 4746 4748 4749
f 2807 4750 3270
f 2807 3270 2804
f 4752 2949 2948
f 4752 2948 5175
f 4752 5175 4751
f 4753 4754 3174
f 4753 3174 3173
f 2946 2945 4755
f 2946 4755 4398
f 2950 2949 4752
f 2950 4752 4756
f 4757 4758 3224
f 4757 3224 3223
f 4759 4760 3236
f 4759 3236 3235
f 4761 4762 3238
f 4761 3238 3237
f 4763 4764 3240
f 4763 3240 3239
f 4765 4766 3242
f 4765 3242 3241
f 4767 4768 3459
f 4767 3459 3458
f 4769 4770 3462
f 4769 3462 3461
f 4771 4772 3465
f 4771 3465 3464
f 4773 4774 3468
f 4773 3468 3467
f 4775 4776 3244
f 4775 3244 3243
f 4777 4778 3246
f 4777 3246 3245
f 4779 4780 3248
f 4779 3248 3247
f 2888 2887 4781
f 2888 4781 3250
f 2891 2890 2895
f 2891 2895 4782
f 3252 4783 3152
f 3252 3152 3151
f 4784 2898 2897
f 4784 2897 3153
f 4785 4786 4787
f 4785 4787 4788
f 4785 4788 4789
f 4785 4789 4790
f 4785 4790 4791
f 4785 4791 4792
f 4793 4794 3254
f 4793 3254 3253
f 4795 4796 3256
f 4795 3256 3255
f 4797 4798 4799
f 4797 4799 4800
f 2903 2904 2899
f 2903 2899 2900
f 2903 2900 2917
f 2903 2917 2918
f 2903 2918 2907
f 2903 2907 2908
f 2903 2908 2914
f 2903 2914 2915
f 2903 2915 4155
f 2903 4155 4156
f 2903 4156 4148
f 2903 4148 4149
f 2903 4149 4160
f 2903 4160 4161
f 2903 4161 4140
f 2903 4140 4141
f 2903 4141 4144
f 2903 4144 4145
f 2925 2926 2921
f 2925 2921 2922
f 2925 2922 2939
f 2925 2939 2940
f 2925 2940 2929
f 2925 2929 2930
f 2925 2930 2936
f 2925 2936 2937
f 2925 2937 4179
f 2925 4179 4180
f 2925 4180 4172
f 2925 4172 4173
f 2925 4173 4184
f 2925 4184 4185
f 2925 4185 4164
f 2925 4164 4165
f 2925 4165 4168
f 2925 4168 4169
f 4801 5566 3955
f 4801 3955 5208
f 4801 5208 6006
f 4801 6006 6007
f 4801 6007 6000
f 4801 6000 6001
f 4801 6001 6004
f 4801 6004 4802
f 4801 4802 3179
f 4801 3179 3180
f 4801 3180 3175
f 4801 3175 3176
f 4801 3176 3193
f 4801 3193 3194
f 4801 3194 3183
f 4801 3183 3184
f 4801 3184 3190
f 4801 3190 3191
f 4803 4399 6016
f 4803 6016 6017
f 4803 6017 6020
f 4803 6020 6021
f 4803 6021 6010
f 4803 6010 6011
f 4803 6011 6014
f 4803 6014 4804
f 4803 4804 3201
f 4803 3201 3202
f 4803 3202 3197
f 4803 3197 3198
f 4803 3198 3215
f 4803 3215 3216
f 4803 3216 3205
f 4803 3205 3206
f 4803 3206 3212
f 4803 3212 3213
f 2966 2967 2959
f 2966 2959 2960
f 2966 2960 2969
f 2966 2969 2970
f 2966 2970 2951
f 2966 2951 2952
f 2966 2952 2955
f 2966 2955 2956
f 2966 2956 4192
f 2966 4192 4193
f 2966 4193 4188
f 2966 4188 4189
f 2966 4189 4208
f 2966 4208 4097
f 2966 4097 4196
f 2966 4196 4197
f 2966 4197 4203
f 2966 4203 4204
f 2988 2989 2981
f 2988 2981 2982
f 2988 2982 2991
f 2988 2991 2992
f 2988 2992 2973
f 2988 2973 2974
f 2988 2974 2977
f 2988 2977 2978
f 2988 2978 4214
f 2988 4214 4215
f 2988 4215 4210
f 2988 4210 4211
f 2988 4211 4228
f 2988 4228 4229
f 2988 4229 4218
f 2988 4218 4219
f 2988 4219 4224
f 2988 4224 4225
f 4805 6028 6024
f 4805 6024 6025
f 4805 6025 2047
f 4805 2047 2046
f 4805 2046 1746
f 4805 1746 1747
f 4805 1747 3225
f 4805 3225 3226
f 4805 3226 3232
f 4805 3232 3233
f 3010 3011 3003
f 3010 3003 3004
f 3010 3004 3013
f 3010 3013 3014
f 3010 3014 2995
f 3010 2995 2996
f 3010 2996 2999
f 3010 2999 3000
f 3010 3000 4236
f 3010 4236 4237
f 3010 4237 4232
f 3010 4232 4233
f 3010 4233 4250
f 3010 4250 4251
f 3010 4251 4240
f 3010 4240 4241
f 3010 4241 4247
f 3010 4247 4248
f 3032 3033 3025
f 3032 3025 3026
f 3032 3026 3035
f 3032 3035 3036
f 3032 3036 3017
f 3032 3017 3018
f 3032 3018 3021
f 3032 3021 3022
f 3032 3022 4258
f 3032 4258 4259
f 3032 4259 4254
f 3032 4254 4255
f 3032 4255 4272
f 3032 4272 4273
f 3032 4273 4262
f 3032 4262 4263
f 3032 4263 4269
f 3032 4269 4270
f 3054 3055 3047
f 3054 3047 3048
f 3054 3048 3057
f 3054 3057 3058
f 3054 3058 3039
f 3054 3039 3040
f 3054 3040 3043
f 3054 3043 3044
f 3054 3044 4280
f 3054 4280 4281
f 3054 4281 4276
f 3054 4276 4277
f 3054 4277 4294
f 3054 4294 4295
f 3054 4295 4284
f 3054 4284 4285
f 3054 4285 4291
f 3054 4291 4292
f 3076 3077 3069
f 3076 3069 3070
f 3076 3070 3079
f 3076 3079 3080
f 3076 3080 3061
f 3076 3061 3062
f 3076 3062 3065
f 3076 3065 3066
f 3076 3066 4302
f 3076 4302 4303
f 3076 4303 4298
f 3076 4298 4299
f 3076 4299 4316
f 3076 4316 4317
f 3076 4317 4306
f 3076 4306 4307
f 3076 4307 4313
f 3076 4313 4314
f 4806 5628 5624
f 4806 5624 5625
f 4806 5625 5632
f 4806 5632 5633
f 4806 5633 5618
f 4806 5618 5619
f 4806 5619 5622
f 4806 5622 4807
f 4806 4807 4808
f 4806 4808 6783
f 4806 6783 6779
f 4806 6779 6781
f 4806 6781 6789
f 4806 6789 6790
f 4806 6790 6785
f 4806 6785 5742
f 4806 5742 6069
f 4806 6069 4809
f 4810 5644 5640
f 4810 5640 5641
f 4810 5641 5648
f 4810 5648 4387
f 4810 4387 5636
f 4810 5636 5637
f 4810 5637 4137
f 4810 4137 4811
f 4810 4811 4812
f 4810 4812 4136
f 4810 4136 6793
f 4810 6793 6794
f 4810 6794 4388
f 4810 4388 6805
f 4810 6805 6797
f 4810 6797 6798
f 4810 6798 6801
f 4810 6801 4813
f 3098 3099 3091
f 3098 3091 3092
f 3098 3092 3101
f 3098 3101 3102
f 3098 3102 3083
f 3098 3083 3084
f 3098 3084 3087
f 3098 3087 3088
f 3098 3088 4324
f 3098 4324 4325
f 3098 4325 4320
f 3098 4320 4321
f 3098 4321 4338
f 3098 4338 4339
f 3098 4339 4328
f 3098 4328 4329
f 3098 4329 4335
f 3098 4335 4336
f 3120 3121 3113
f 3120 3113 3114
f 3120 3114 3123
f 3120 3123 3124
f 3120 3124 3105
f 3120 3105 3106
f 3120 3106 3109
f 3120 3109 3110
f 3120 3110 4346
f 3120 4346 4347
f 3120 4347 4342
f 3120 4342 4343
f 3120 4343 4360
f 3120 4360 4361
f 3120 4361 4350
f 3120 4350 4351
f 3120 4351 4357
f 3120 4357 4358
f 3142 3143 3135
f 3142 3135 3136
f 3142 3136 3145
f 3142 3145 3146
f 3142 3146 3127
f 3142 3127 3128
f 3142 3128 3131
f 3142 3131 3132
f 3142 3132 4368
f 3142 4368 4369
f 3142 4369 4364
f 3142 4364 4365
f 3142 4365 4382
f 3142 4382 4383
f 3142 4383 4372
f 3142 4372 4373
f 3142 4373 4379
f 3142 4379 4380
f 4814 5435 5431
f 4814 5431 5432
f 4814 5432 5437
f 4814 5437 4815
f 4814 4815 4816
f 4814 4816 5405
f 4814 5405 5397
f 4814 5397 5398
f 4814 5398 5401
f 4814 5401 4817
f 3428 3429 3420
f 3428 3420 3421
f 3428 3421 3434
f 3428 3434 3433
f 3428 3433 4818
f 3428 4818 5602
f 3428 5602 5596
f 3428 5596 5597
f 3428 5597 5600
f 3428 5600 4819
f 4820 4821 4822
f 4820 4822 4823
f 4824 4825 4826
f 4824 4826 4827
f 4830 4831 4828
f 4830 4828 4834
f 4830 4834 4829
f 4832 4833 4834
f 4832 4834 4828
f 4832 4828 4835
f 4836 4837 4869
f 4836 4869 4838
f 4836 4838 4839
f 4836 4839 4864
f 4840 4841 4865
f 4840 4865 4842
f 4840 4842 4843
f 4840 4843 4860
f 4844 4845 3920
f 4844 3920 3919
f 3935 3920 4845
f 3935 4845 4848
f 3935 4848 4846
f 3919 3928 4847
f 3919 4847 4853
f 3919 4853 4844
f 4848 4849 4861
f 4848 4861 4850
f 4848 4850 4851
f 4848 4851 4846
f 4852 4853 4847
f 4852 4847 4854
f 4852 4854 4855
f 4852 4855 6994
f 3957 3964 4856
f 3957 4856 4857
f 4858 4859 3922
f 4858 3922 3921
f 4069 3922 4859
f 4069 4859 4840
f 4069 4840 4860
f 3921 4061 4861
f 3921 4861 4849
f 3921 4849 4858
f 4862 4863 3924
f 4862 3924 3923
f 3975 3924 4863
f 3975 4863 4836
f 3975 4836 4864
f 3923 4076 4865
f 3923 4865 4841
f 3923 4841 4862
f 4866 4867 3926
f 4866 3926 3925
f 4867 4868 4093
f 4867 4093 3926
f 3925 4087 4869
f 3925 4869 4837
f 3925 4837 4866
f 4870 4871 4872
f 4870 4872 4873
f 4874 4102 4101
f 4874 4101 4875
f 4876 4877 4878
f 4876 4878 3970
f 3262 3265 4890
f 3262 4890 4891
f 4892 4893 4894
f 4892 4894 4895
f 4896 4897 4898
f 4896 4898 4899
f 4900 3678 4901
f 4900 4901 4902
f 4902 4903 3677
f 4902 3677 4900
f 3290 3289 4904
f 3290 4904 4905
f 4906 4417 2249
f 4906 2249 2247
f 4180 2936 2938
f 4180 2938 4181
f 4907 4908 4909
f 4907 4909 4910
f 4911 4912 4913
f 4911 4913 4914
f 3340 3339 4915
f 3340 4915 4916
f 3169 2257 2256
f 3169 2256 2411
f 3169 2411 7850
f 3169 7850 4917
f 4920 4921 4918
f 4920 4918 4924
f 4920 4924 5167
f 4920 5167 4919
f 4922 4923 4919
f 4922 4919 5167
f 4922 5167 4924
f 3681 3680 4925
f 3681 4925 4926
f 3681 4926 4923
f 3681 4923 4922
f 3681 4922 4927
f 4928 4929 4930
f 4928 4930 5166
f 4928 5166 4932
f 4928 4932 4931
f 4933 4934 4932
f 4933 4932 5166
f 4933 5166 4930
f 4935 4934 4933
f 4935 4933 4936
f 4935 4936 4937
f 4935 4937 3670
f 4935 3670 4938
f 4939 4546 3671
f 4939 3671 4938
f 4939 4938 3670
f 4940 4119 4120
f 4940 4120 4571
f 3272 3275 4941
f 3272 4941 4942
f 4943 3659 3658
f 4943 3658 4944
f 3300 3299 4945
f 3300 4945 4946
f 4737 4668 4667
f 4737 4667 4734
f 4741 4670 4669
f 4741 4669 4738
f 4958 4990 4989
f 4958 4989 4992
f 4958 4992 5169
f 4958 5169 4988
f 4991 4955 4988
f 4991 4988 5169
f 4991 5169 4992
f 3684 3683 4993
f 3684 4993 4994
f 3684 4994 4955
f 3684 4955 4991
f 3684 4991 4995
f 4996 4953 4987
f 4996 4987 5168
f 4996 5168 4998
f 4996 4998 4997
f 4952 4999 4998
f 4952 4998 5168
f 4952 5168 4987
f 5000 4999 4952
f 5000 4952 5001
f 5000 5001 5002
f 5000 5002 3675
f 5000 3675 5003
f 5004 4556 3676
f 5004 3676 5003
f 5004 5003 3675
f 5005 4124 4125
f 5005 4125 4581
f 4435 4434 4674
f 4435 4674 6939
f 4435 6939 5006
f 4435 5006 5007
f 4435 5007 5008
f 4435 5008 5009
f 4435 5009 3498
f 4435 3498 4437
f 4437 3498 3497
f 4437 3497 5010
f 4437 5010 4439
f 4439 5010 5011
f 4439 5011 5012
f 4439 5012 4441
f 4441 5012 5013
f 4441 5013 5014
f 4441 5014 4443
f 4443 5014 5015
f 4443 5015 3845
f 4443 3845 4445
f 4447 4445 3845
f 4447 3845 3844
f 4433 4432 5019
f 4433 5019 5016
f 4433 5016 5017
f 4433 5017 6938
f 4433 6938 4673
f 4432 4436 3495
f 4432 3495 5018
f 4432 5018 5019
f 4436 4438 5021
f 4436 5021 3496
f 4436 3496 3495
f 4438 4440 5023
f 4438 5023 5020
f 4438 5020 5021
f 4440 4442 5025
f 4440 5025 5022
f 4440 5022 5023
f 4442 4444 3842
f 4442 3842 5024
f 4442 5024 5025
f 4444 4446 3843
f 4444 3843 3842
f 5008 5007 5016
f 5008 5016 5019
f 5017 5016 5007
f 5017 5007 5006
f 5026 5027 5028
f 5026 5028 5029
f 5030 5031 5032
f 5030 5032 5033
f 5030 5033 5034
f 5030 5034 5035
f 5036 5037 7913
f 5036 7913 5038
f 5036 5038 5039
f 5036 5039 5830
f 5040 5041 5042
f 5040 5042 5043
f 5040 5043 5044
f 5040 5044 5045
f 5040 5045 5046
f 5040 5046 5047
f 5048 5049 5050
f 5048 5050 5051
f 5052 5048 5051
f 5052 5051 5053
f 5054 5052 5053
f 5054 5053 5055
f 5056 5054 5055
f 5056 5055 5057
f 4107 5056 5057
f 4107 5057 4108
f 5050 5049 5058
f 5050 5058 7911
f 5050 7911 5059
f 5060 5061 5062
f 5060 5062 5063
f 5061 5064 5065
f 5061 5065 5062
f 5064 5066 5067
f 5064 5067 5065
f 5066 5068 5069
f 5066 5069 5067
f 5068 2869 2868
f 5068 2868 5069
f 5060 5063 5070
f 5060 5070 7912
f 5060 7912 5071
f 5072 5073 5074
f 5072 5074 5075
f 5088 5089 5090
f 5088 5090 5091
f 5090 5089 5074
f 5090 5074 5073
f 5088 5091 5072
f 5088 5072 5075
f 5091 5090 5073
f 5091 5073 5072
f 5092 3416 3419
f 5092 3419 5093
f 3417 5094 5095
f 3417 5095 3418
f 5093 3419 3418
f 5093 3418 5095
f 5096 5097 5098
f 5096 5098 5099
f 5100 5101 5102
f 5100 5102 5103
f 5104 5105 5106
f 5104 5106 5107
f 5108 5109 5110
f 5108 5110 5111
f 5112 5113 5114
f 5112 5114 5115
f 5116 5117 5118
f 5116 5118 5119
f 3251 5124 4783
f 3251 4783 3252
f 2898 4784 5125
f 2898 5125 2182
f 2898 2182 2181
f 5126 5127 6955
f 5126 6955 6956
f 5126 6956 5128
f 5126 5128 5129
f 5130 5131 5132
f 5130 5132 5133
f 2521 2520 3607
f 2521 3607 3584
f 2521 3584 4731
f 2521 4731 3606
f 2521 3606 5134
f 2521 5134 7901
f 2521 7901 7900
f 2521 7900 3575
f 2215 2524 3576
f 2215 3576 7905
f 2215 7905 7904
f 2215 7904 5135
f 2215 5135 3619
f 2215 3619 4733
f 2215 4733 3583
f 5021 5020 5011
f 5021 5011 5010
f 5136 5137 5138
f 5136 5138 5139
f 3260 3263 5140
f 3260 5140 5141
f 4963 5142 5143
f 4963 5143 4964
f 4977 5144 5145
f 4977 5145 4978
f 4918 4921 5146
f 4918 5146 5147
f 4989 4990 5148
f 4989 5148 5149
f 3288 3287 5150
f 3288 5150 5151
f 4823 4026 4025
f 4823 4025 4820
f 4827 4030 4029
f 4827 4029 4824
f 3266 3269 5156
f 3266 5156 5157
f 4965 5158 5159
f 4965 5159 4968
f 4979 5160 5161
f 4979 5161 4982
f 3294 3293 5162
f 3294 5162 5163
f 3271 3273 5164
f 3271 5164 5165
f 4971 5166 5167
f 4971 5167 4972
f 4985 5168 5169
f 4985 5169 4986
f 3298 3297 5170
f 3298 5170 5171
f 4962 3315 3314
f 4962 3314 4961
f 4976 3319 3318
f 4976 3318 4975
f 5186 5187 5188
f 5186 5188 2885
f 2235 5189 5190
f 2235 5190 2236
f 5187 2235 2236
f 5187 2236 5188
f 5192 5193 5194
f 5192 5194 5195
f 5196 5197 5198
f 5196 5198 5199
f 5200 5201 5202
f 5200 5202 5203
f 5204 4746 4749
f 5204 4749 5205
f 5206 3249 3250
f 5206 3250 4781
f 4782 2895 2180
f 4782 2180 2183
f 4782 2183 5207
f 5208 3183 3186
f 5208 3186 5209
f 5210 5211 5212
f 5210 5212 5213
f 5211 8343 2726
f 5211 2726 5031
f 5211 5031 7914
f 5211 7914 5212
f 2727 8344 5210
f 2727 5210 5213
f 2727 5213 7915
f 2727 7915 5030
f 4321 3083 3086
f 4321 3086 4322
f 4843 4068 4071
f 4843 4071 7587
f 4843 7587 7034
f 4843 7034 7033
f 4843 7033 5218
f 5219 5220 5221
f 5219 5221 5222
f 5221 5223 5224
f 5221 5224 5222
f 5223 5225 5226
f 5223 5226 5224
f 5227 5228 5229
f 5227 5229 5230
f 5231 3733 3732
f 5231 3732 5232
f 5228 7874 5231
f 5228 5231 5232
f 5228 5232 7876
f 5228 7876 5229
f 5225 5227 5230
f 5225 5230 5226
f 5233 5234 2452
f 5233 2452 8415
f 5233 8415 2168
f 3162 4041 4040
f 3162 4040 2269
f 3162 2269 2838
f 3162 2838 3163
f 5235 5236 5237
f 5235 5237 5238
f 5239 5240 5241
f 5239 5241 5242
f 5243 5244 5245
f 5243 5245 5246
f 4959 5247 5248
f 4959 5248 4960
f 4973 5249 5250
f 4973 5250 4974
f 3686 3685 5251
f 3686 5251 5252
f 3688 3687 5253
f 3688 5253 5254
f 3690 3689 5255
f 3690 5255 5256
f 3692 3691 5257
f 3692 5257 5258
f 3472 3471 5259
f 3472 5259 5260
f 5261 5262 5263
f 5261 5263 5264
f 4916 4915 5265
f 4916 5265 5266
f 5267 5268 5269
f 5267 5269 5270
f 5271 5272 5741
f 5271 5741 5758
f 5271 5758 5759
f 5271 5759 5754
f 5271 5754 5273
f 5271 5273 5274
f 5275 3480 3479
f 5275 3479 5276
f 3483 3482 5277
f 3483 5277 5278
f 5279 3490 3489
f 5279 3489 5280
f 3493 3492 5281
f 3493 5281 5282
f 5283 5284 5285
f 5283 5285 5286
f 3969 3971 5287
f 3969 5287 5288
f 5025 5024 5015
f 5025 5015 5014
f 5303 5304 4671
f 5303 4671 4676
f 5154 5153 5271
f 5154 5271 5274
f 5305 5274 5271
f 5305 5271 5306
f 4473 4479 5307
f 4473 5307 7962
f 4473 7962 4470
f 4482 4481 5308
f 4482 5308 7854
f 4482 7854 5309
f 4486 4485 5310
f 4486 5310 7965
f 4486 7965 5311
f 4490 4489 5312
f 4490 5312 8038
f 4490 8038 5313
f 4494 4493 5314
f 4494 5314 7992
f 4494 7992 5315
f 4498 4497 5316
f 4498 5316 7859
f 4498 7859 5317
f 4502 4501 5318
f 4502 5318 7995
f 4502 7995 5319
f 3633 5320 4534
f 3633 4534 3634
f 3452 5321 4539
f 3452 4539 3453
f 5322 3600 3602
f 5322 3602 4545
f 4401 5323 4549
f 4401 4549 4402
f 5324 3646 3649
f 5324 3649 4555
f 5319 5325 4503
f 5319 4503 4502
f 5326 5327 4520
f 5326 4520 4519
f 5328 5318 4501
f 5328 4501 4500
f 5329 5330 4518
f 5329 4518 4517
f 5331 5307 4479
f 5331 4479 4478
f 5332 5333 4522
f 5332 4522 4521
f 2410 5334 4917
f 2410 4917 7850
f 2410 7850 2411
f 2414 2413 4754
f 2414 4754 4753
f 2455 2454 7846
f 2455 7846 2865
f 2455 2865 5335
f 2458 2457 4758
f 2458 4758 4757
f 2466 2465 4760
f 2466 4760 4759
f 2474 2473 4762
f 2474 4762 4761
f 2482 2481 4764
f 2482 4764 4763
f 2489 2488 4766
f 2489 4766 4765
f 2497 2496 4776
f 2497 4776 4775
f 2505 2504 4778
f 2505 4778 4777
f 2513 2512 4780
f 2513 4780 4779
f 4781 2887 2172
f 4781 2172 2175
f 4781 2175 5404
f 4781 5404 5206
f 3152 4783 5124
f 3152 5124 3431
f 3152 3431 2178
f 3152 2178 2177
f 2684 2683 4794
f 2684 4794 4793
f 2688 2687 4796
f 2688 4796 4795
f 3174 4754 2413
f 3174 2413 2416
f 3174 2416 4183
f 3174 4183 3171
f 4156 2914 2916
f 4156 2916 4157
f 5336 5337 5338
f 5336 5338 5339
f 3040 4276 4279
f 3040 4279 3041
f 5340 5341 5342
f 5340 5342 5343
f 3607 5344 5345
f 3607 5345 3605
f 5346 5347 5348
f 5346 5348 5349
f 5199 5198 5350
f 5199 5350 5351
f 4347 3109 3112
f 4347 3112 4348
f 4303 3065 3068
f 4303 3068 4304
f 5352 4948 4929
f 5352 4929 4928
f 4921 4920 4950
f 4921 4950 5146
f 5353 4954 4953
f 5353 4953 4996
f 4990 4958 4957
f 4990 4957 5148
f 3660 5354 4504
f 3660 4504 3661
f 5355 4113 4114
f 5355 4114 4531
f 5356 3668 3669
f 5356 3669 4541
f 4117 5357 4566
f 4117 4566 4118
f 5358 5359 5360
f 5358 5360 5361
f 5362 5363 5364
f 5362 5364 5365
f 5366 5365 5367
f 5366 5367 5368
f 5369 5370 5362
f 5369 5362 5371
f 5372 5373 5374
f 5372 5374 5375
f 5376 5377 5370
f 5376 5370 5369
f 5378 5379 5368
f 5378 5368 5367
f 5380 5381 5362
f 5380 5362 5365
f 5380 5378 5367
f 5380 5367 5365
f 5377 5381 5362
f 5377 5362 5370
f 3264 3267 5382
f 3264 5382 5383
f 4966 5384 5385
f 4966 5385 4967
f 4980 5386 5387
f 4980 5387 4981
f 3292 3291 5388
f 3292 5388 5389
f 3268 3270 4750
f 3268 4750 5390
f 4969 5391 5392
f 4969 5392 4970
f 4983 5393 5394
f 4983 5394 4984
f 3296 3295 5395
f 3296 5395 5396
f 3362 3361 4874
f 3362 4874 4875
f 5397 5398 5399
f 5397 5399 5400
f 4638 4701 5406
f 4638 5406 5400
f 4638 5400 5399
f 4638 5399 5402
f 4638 5402 4700
f 4638 4700 4639
f 5401 4817 4700
f 5401 4700 5402
f 5403 5404 4817
f 5403 4817 5401
f 5403 5401 5398
f 5403 5398 5397
f 5403 5397 5405
f 5403 5405 4816
f 4816 5405 5406
f 4816 5406 4701
f 5407 5339 5338
f 5407 5338 5408
f 5409 5410 5411
f 5409 5411 5412
f 5413 5414 5415
f 5413 5415 5416
f 5417 5418 5419
f 5417 5419 5420
f 5421 5422 5423
f 5421 5423 5424
f 4910 5425 5426
f 4910 5426 4907
f 3236 4760 2465
f 3236 2465 2493
f 3236 2493 2494
f 3236 2494 2468
f 3070 4306 4309
f 3070 4309 3071
f 4317 3079 3082
f 4317 3082 4318
f 5427 5428 5429
f 5427 5429 5430
f 5431 5432 5433
f 5431 5433 5434
f 4636 4703 5436
f 4636 5436 5434
f 4636 5434 5433
f 4636 5433 5438
f 4636 5438 4702
f 4636 4702 4637
f 4814 5435 5436
f 4814 5436 4703
f 4814 2175 8490
f 4814 8490 8492
f 4814 8492 8494
f 4814 8494 2174
f 4814 2174 4815
f 4814 4815 5437
f 4814 5437 5432
f 4814 5432 5431
f 4814 5431 5435
f 5437 4815 4702
f 5437 4702 5438
f 5439 5440 4707
f 5439 4707 4706
f 5165 2806 2805
f 5165 2805 3271
f 5141 5441 3261
f 5141 3261 3260
f 5442 5443 4790
f 5442 4790 4789
f 2950 4756 5444
f 2950 5444 5174
f 2950 5174 2947
f 4393 4396 5445
f 4393 5445 5552
f 4393 5552 3740
f 4393 3740 3739
f 4393 3739 7833
f 4393 7833 7831
f 4393 7831 5297
f 5446 5447 5448
f 5446 5448 5449
f 5451 5452 5449
f 5451 5449 5448
f 5451 5448 5450
f 5453 5454 5447
f 5453 5447 5446
f 5455 5456 5457
f 5455 5457 5458
f 5459 5460 5461
f 5459 5461 5457
f 5462 5463 5458
f 5462 5458 5457
f 5462 5457 5461
f 5464 5465 5456
f 5464 5456 5455
f 5459 5466 5467
f 5459 5467 5460
f 5468 5469 5470
f 5468 5470 5471
f 5472 5473 5474
f 5472 5474 5470
f 5475 5476 5471
f 5475 5471 5470
f 5475 5470 5474
f 5477 5478 5469
f 5477 5469 5468
f 5472 5479 5480
f 5472 5480 5473
f 5481 5482 5483
f 5481 5483 5484
f 5485 5486 5487
f 5485 5487 5488
f 5489 5490 5491
f 5489 5491 5492
f 5489 5492 5450
f 5489 5450 5448
f 5540 5541 5542
f 5540 5542 5543
f 5544 5545 5546
f 5544 5546 5547
f 5548 5549 5550
f 5548 5550 5551
f 5545 7830 5548
f 5545 5548 5551
f 5545 5551 7832
f 5545 7832 5546
f 5541 5544 5547
f 5541 5547 5542
f 5552 5445 5553
f 5552 5553 5554
f 5390 5156 3269
f 5390 3269 3268
f 5235 5238 4714
f 5235 4714 4713
f 5157 5382 3267
f 5157 3267 3266
f 4027 3531 3530
f 4027 3530 4024
f 4031 3535 3534
f 4031 3534 4028
f 3744 3743 5555
f 3744 5555 5556
f 5555 5557 5558
f 5555 5558 5556
f 4048 4047 5557
f 4048 5557 5555
f 4048 5555 3743
f 3746 3744 5556
f 3746 5556 5558
f 3746 5558 5559
f 5566 3190 3192
f 5566 3192 5567
f 4037 4035 3159
f 4037 3159 3161
f 3160 3158 4032
f 3160 4032 4036
f 4036 4037 3161
f 4036 3161 3160
f 4035 4034 3156
f 4035 3156 3159
f 3158 3157 5580
f 3158 5580 2563
f 3158 2563 3391
f 3158 3391 4033
f 3158 4033 4032
f 4034 4043 3166
f 4034 3166 3156
f 5569 5570 5571
f 5569 5571 4042
f 5569 4042 5568
f 2559 2558 6994
f 2559 6994 5572
f 2559 5572 5573
f 4847 3928 3929
f 4847 3929 5574
f 3935 4846 5575
f 3935 5575 3936
f 4861 4061 4063
f 4861 4063 5576
f 4069 4860 5577
f 4069 5577 7586
f 4069 7586 4070
f 4865 4076 4078
f 4865 4078 5578
f 3975 4864 5579
f 3975 5579 3976
f 5580 2852 2266
f 5580 2266 2564
f 5580 2564 2563
f 4042 4033 3391
f 4042 3391 2563
f 4042 2563 2564
f 4042 2564 2266
f 4042 2266 2265
f 4042 2265 5568
f 3167 5581 2853
f 3167 2853 2852
f 3167 2852 5580
f 3167 5580 3157
f 4868 5582 4094
f 4868 4094 4093
f 4087 4086 5583
f 4087 5583 4869
f 4042 5571 3848
f 4042 3848 5584
f 5585 5586 3695
f 5585 3695 5587
f 3165 4038 4041
f 3165 4041 3162
f 3163 2838 2269
f 3163 2269 4040
f 3163 4040 4039
f 3163 4039 2267
f 3163 2267 2855
f 3163 2855 3164
f 5588 5589 5590
f 5588 5590 5591
f 5323 5592 4550
f 5323 4550 4549
f 5593 5594 4575
f 5593 4575 4574
f 5205 4749 4748
f 5205 4748 5595
f 5596 5597 5598
f 5596 5598 5599
f 4640 4705 5603
f 4640 5603 5599
f 4640 5599 5598
f 4640 5598 5601
f 4640 5601 4704
f 4640 4704 4641
f 5600 4819 4704
f 5600 4704 5601
f 4818 2179 8532
f 4818 8532 8530
f 4818 8530 8528
f 4818 8528 2178
f 4818 2178 4819
f 4818 4819 5600
f 4818 5600 5597
f 4818 5597 5596
f 4818 5596 5602
f 4818 5602 5603
f 4818 5603 4705
f 5604 5605 5407
f 5604 5407 5408
f 5608 5609 5606
f 5608 5606 4911
f 5608 4911 5591
f 5608 5591 5616
f 5608 5616 5614
f 5608 5614 5613
f 5608 5613 4800
f 5608 4800 5607
f 4799 5610 5607
f 4799 5607 4800
f 5611 5612 5613
f 5611 5613 5614
f 5590 5615 5616
f 5590 5616 5591
f 5617 4912 4911
f 5617 4911 5606
f 5618 5619 5620
f 5618 5620 5621
f 5622 4807 4692
f 5622 4692 5623
f 5624 5625 5626
f 5624 5626 5627
f 4628 4693 5629
f 4628 5629 5627
f 4628 5627 5626
f 4628 5626 5635
f 4628 5635 5634
f 4628 5634 5621
f 4628 5621 5620
f 4628 5620 5623
f 4628 5623 4692
f 4628 4692 4629
f 4806 5628 5629
f 4806 5629 4693
f 5630 5631 4807
f 5630 4807 5622
f 5630 5622 5619
f 5630 5619 5618
f 5630 5618 5633
f 5630 5633 5632
f 5630 5632 5625
f 5630 5625 5624
f 5630 5624 5628
f 5630 5628 4806
f 5632 5633 5634
f 5632 5634 5635
f 5636 5637 5638
f 5636 5638 5639
f 4137 4811 4696
f 4137 4696 4138
f 5640 5641 5642
f 5640 5642 5643
f 4632 4697 5645
f 4632 5645 5643
f 4632 5643 5642
f 4632 5642 5649
f 4632 5649 4390
f 4632 4390 5639
f 4632 5639 5638
f 4632 5638 4138
f 4632 4138 4696
f 4632 4696 4633
f 4810 5644 5645
f 4810 5645 4697
f 5646 5647 4811
f 5646 4811 4137
f 5646 4137 5637
f 5646 5637 5636
f 5646 5636 4387
f 5646 4387 5648
f 5646 5648 5641
f 5646 5641 5640
f 5646 5640 5644
f 5646 5644 4810
f 5648 4387 4390
f 5648 4390 5649
f 4173 2929 2932
f 4173 2932 4174
f 5650 5651 5652
f 5650 5652 5653
f 5654 5189 2235
f 5654 2235 5658
f 5654 5658 2238
f 5651 5655 5661
f 5651 5661 5663
f 5651 5663 5656
f 5651 5656 5652
f 2238 5658 5659
f 2238 5659 5662
f 2238 5662 5660
f 2238 5660 5657
f 5655 5657 5660
f 5655 5660 5661
f 5662 5659 5656
f 5662 5656 5663
f 5658 2235 5187
f 5658 5187 5186
f 5658 5186 5653
f 5658 5653 5652
f 5658 5652 5656
f 5658 5656 5659
f 5664 5665 2258
f 5664 2258 2257
f 3316 2162 2161
f 3316 2161 3313
f 3320 2166 2165
f 3320 2165 3317
f 5665 5666 2260
f 5665 2260 2258
f 5666 5667 2262
f 5666 2262 2260
f 5345 2262 5667
f 5345 5667 5668
f 5668 3608 2523
f 5668 2523 3605
f 5668 3605 5345
f 2524 2525 3577
f 2524 3577 3379
f 2524 3379 3378
f 2524 3378 5135
f 2524 5135 7904
f 2524 7904 7905
f 2524 7905 3576
f 5669 5670 4538
f 5669 4538 4537
f 5671 5672 4563
f 5671 4563 4562
f 4505 4508 4663
f 4505 4663 5673
f 4505 5673 7803
f 4505 7803 8026
f 4505 8026 5674
f 4509 4512 5675
f 4509 5675 7987
f 4509 7987 5676
f 4513 4516 5677
f 4513 5677 7799
f 4513 7799 5678
f 4517 4520 5327
f 4517 5327 7990
f 4517 7990 5329
f 4521 4476 4475
f 4521 4475 7969
f 4521 7969 5332
f 4523 4526 5679
f 4523 5679 7796
f 4523 7796 5680
f 4527 4530 5681
f 4527 5681 7972
f 4527 7972 5682
f 5683 3622 3637
f 5683 3637 4560
f 5684 3444 3456
f 5684 3456 4565
f 3587 5685 4569
f 3587 4569 3603
f 5594 4403 4404
f 5594 4404 4575
f 3651 5686 4579
f 3651 4579 3652
f 5687 5688 5719
f 5687 5719 4507
f 5687 4507 4506
f 5689 5690 4511
f 5689 4511 4510
f 5691 5692 4515
f 5691 4515 4514
f 5330 5326 4519
f 5330 4519 4518
f 5333 4474 4477
f 5333 4477 4522
f 5693 5694 4525
f 5693 4525 4524
f 5695 5696 4529
f 5695 4529 4528
f 5697 5698 4559
f 5697 4559 4558
f 5672 5699 4564
f 5672 4564 4563
f 5700 5701 4567
f 5700 4567 4570
f 5702 5593 4574
f 5702 4574 4573
f 5703 5704 4577
f 5703 4577 4580
f 5705 5706 4543
f 5705 4543 4542
f 5701 5707 4568
f 5701 4568 4567
f 5708 5709 4557
f 5708 4557 4561
f 5357 5671 4562
f 5357 4562 4566
f 5707 4940 4571
f 5707 4571 4568
f 5710 5711 4572
f 5710 4572 4576
f 5712 5005 4581
f 5712 4581 4578
f 5713 5714 4533
f 5713 4533 4532
f 5709 5697 4558
f 5709 4558 4557
f 5715 5716 4548
f 5715 4548 4547
f 5711 5702 4573
f 5711 4573 4572
f 5717 5718 4553
f 5717 4553 4552
f 5704 5712 4578
f 5704 4578 4577
f 4663 4508 4507
f 4663 4507 5719
f 5688 5720 4664
f 5688 4664 5719
f 4134 4133 5721
f 4134 5721 5722
f 4772 5723 6050
f 4772 6050 2233
f 4772 2233 3492
f 4772 3492 3465
f 4777 3245 2506
f 4777 2506 2511
f 4777 2511 2508
f 4777 2508 2505
f 5271 5272 5724
f 5271 5724 5306
f 5153 5152 5272
f 5153 5272 5271
f 5123 5725 5726
f 5123 5726 4742
f 5123 4742 5727
f 5728 5729 5123
f 5728 5123 5727
f 5728 5727 5736
f 5728 5736 5735
f 5728 5735 5122
f 5731 5732 5728
f 5731 5728 5122
f 5731 5122 5730
f 5734 5735 5736
f 5734 5736 4743
f 5734 4743 5733
f 5726 5733 4743
f 5726 4743 4742
f 5343 5342 5430
f 5343 5430 5429
f 5341 5340 5428
f 5341 5428 5427
f 5340 5343 5429
f 5340 5429 5428
f 5342 5341 5427
f 5342 5427 5430
f 5737 5738 5739
f 5737 5739 5740
f 5732 5731 5737
f 5732 5737 5740
f 5742 5624 5627
f 5742 5627 5743
f 3295 3294 5163
f 3295 5163 5395
f 5354 3383 3386
f 5354 3386 4504
f 5110 2778 2777
f 5110 2777 5111
f 5746 5747 5744
f 5746 5744 5111
f 5746 5111 5745
f 5745 5748 5749
f 5745 5749 5746
f 5750 5751 5752
f 5750 5752 5753
f 5748 5750 5753
f 5748 5753 5749
f 5152 5155 5273
f 5152 5273 5754
f 5152 5754 5759
f 5152 5759 5758
f 5152 5758 5741
f 5152 5741 5272
f 5273 5120 5755
f 5273 5755 4745
f 5273 4745 5754
f 5756 5757 5121
f 5756 5121 5761
f 5756 5761 5760
f 5756 5760 5755
f 5756 5755 5120
f 5272 5741 5121
f 5272 5121 5757
f 5272 5757 5724
f 5758 5759 4744
f 5758 4744 5760
f 5758 5760 5761
f 5759 5754 4745
f 5759 4745 4744
f 5762 5204 5205
f 5762 5205 5595
f 5763 5764 5765
f 5763 5765 5766
f 5767 5768 5769
f 5767 5769 5770
f 5771 5772 5773
f 5771 5773 5774
f 5775 5776 5777
f 5775 5777 5778
f 5779 5780 5781
f 5779 5781 5782
f 5783 5784 5785
f 5783 5785 5786
f 5787 5788 5789
f 5787 5789 5790
f 5766 3581 3580
f 5766 3580 5763
f 5763 3580 3579
f 5763 3579 5764
f 5791 5792 4786
f 5791 4786 4785
f 4763 3239 2231
f 4763 2231 2487
f 4763 2487 2484
f 4763 2484 2482
f 4773 3467 3490
f 4773 3490 2234
f 4773 2234 6045
f 4773 6045 5793
f 5820 5821 5822
f 5820 5822 5823
f 5663 5661 5824
f 5663 5824 5825
f 5826 5827 2878
f 5826 2878 2882
f 3170 5334 2410
f 3170 2410 2412
f 3170 2412 4159
f 3170 4159 3168
f 2908 4148 4151
f 2908 4151 2909
f 4165 2921 2924
f 4165 2924 4166
f 4968 5385 5384
f 4968 5384 4965
f 4982 5387 5386
f 4982 5386 4979
f 5118 2790 2779
f 5118 2779 2780
f 5118 2780 2789
f 5118 2789 5119
f 4189 2951 2954
f 4189 2954 4190
f 4465 4464 5044
f 4465 5044 5043
f 5816 5815 5830
f 5816 5830 4449
f 5816 4449 4460
f 5816 4460 4448
f 4449 4459 5036
f 4449 5036 5830
f 5831 4586 4589
f 5831 4589 5832
f 4455 4467 5041
f 4455 5041 5040
f 4461 4454 5833
f 4461 5833 5047
f 4458 4460 5039
f 4458 5039 5038
f 4454 4458 5038
f 4454 5038 5833
f 5109 2775 2778
f 5109 2778 5110
f 5113 2783 2786
f 5113 2786 5114
f 5117 2787 2790
f 5117 2790 5118
f 5106 2762 2761
f 5106 2761 5107
f 5834 5835 5836
f 5834 5836 5837
f 5835 5838 5839
f 5835 5839 5836
f 5840 5834 5837
f 5840 5837 5841
f 5842 5840 5841
f 5842 5841 5843
f 5844 5746 5749
f 5844 5749 5845
f 5846 5847 5848
f 5846 5848 5849
f 5850 5851 5852
f 5850 5852 5853
f 5854 5841 5837
f 5854 5837 5855
f 5856 5857 5850
f 5856 5850 5858
f 5858 5860 5859
f 5858 5859 5097
f 5858 5097 5856
f 5857 5861 5851
f 5857 5851 5850
f 5861 5862 5863
f 5861 5863 5851
f 5096 2752 2751
f 5096 2751 5097
f 5884 5747 5746
f 5884 5746 5844
f 5848 5847 5885
f 5848 5885 5886
f 5887 5843 5841
f 5887 5841 5854
f 5852 5851 5863
f 5852 5863 5888
f 5853 5889 5858
f 5853 5858 5850
f 5837 5836 5890
f 5837 5890 5855
f 5749 5753 5891
f 5749 5891 5845
f 5849 5892 5893
f 5849 5893 5846
f 5097 2751 2798
f 5097 2798 2799
f 5097 2799 2754
f 5097 2754 5098
f 5099 2753 2752
f 5099 2752 5096
f 5894 5895 5893
f 5894 5893 5892
f 5891 5753 5752
f 5891 5752 5896
f 5890 5836 5839
f 5890 5839 5897
f 5898 5860 5858
f 5898 5858 5889
f 5899 5900 5901
f 5899 5901 5902
f 5903 5904 5905
f 5903 5905 5906
f 5907 5908 5909
f 5907 5909 5910
f 5911 5912 5913
f 5911 5913 5914
f 5916 5917 5918
f 5916 5918 7420
f 5916 7420 5915
f 5919 5920 5921
f 5919 5921 5922
f 5923 5924 5925
f 5923 5925 5926
f 5927 5928 5929
f 5927 5929 5930
f 5931 5932 5933
f 5931 5933 5934
f 5935 5936 5937
f 5935 5937 5938
f 5939 5940 5941
f 5939 5941 5942
f 5772 5943 5944
f 5772 5944 5773
f 4211 2973 2976
f 4211 2976 4212
f 2300 2299 5945
f 2300 5945 5946
f 2304 2303 5947
f 2304 5947 5948
f 2308 2307 5949
f 2308 5949 5950
f 2312 2311 5951
f 2312 5951 5952
f 2316 2315 5953
f 2316 5953 5954
f 2320 2319 5955
f 2320 5955 5956
f 2324 2323 5957
f 2324 5957 5958
f 2384 2383 5959
f 2384 5959 5960
f 2388 2387 5961
f 2388 5961 5962
f 2392 2391 5963
f 2392 5963 5964
f 2396 2395 5965
f 2396 5965 5966
f 2400 2399 5967
f 2400 5967 5968
f 2404 2403 5969
f 2404 5969 5970
f 2408 2407 5971
f 2408 5971 5972
f 5973 5974 5885
f 5973 5885 5847
f 5975 5973 5847
f 5975 5847 5846
f 5976 5977 5893
f 5976 5893 5895
f 5977 5975 5846
f 5977 5846 5893
f 5100 2756 2755
f 5100 2755 5101
f 5779 5978 5979
f 5779 5979 5780
f 5980 5981 5982
f 5980 5982 5983
f 2767 5920 5919
f 2767 5919 5783
f 2767 5783 6120
f 2767 6120 6087
f 2767 6087 7318
f 2767 7318 2768
f 5917 2766 2765
f 5917 2765 7317
f 5917 7317 6088
f 5917 6088 6119
f 5917 6119 5784
f 5917 5784 5918
f 5101 2755 2758
f 5101 2758 5102
f 5105 2759 2762
f 5105 2762 5106
f 4617 2773 2772
f 4617 2772 4614
f 4621 2781 2780
f 4621 2780 4618
f 4615 2771 2774
f 4615 2774 4616
f 4619 2779 2782
f 4619 2782 4620
f 3224 4758 2457
f 3224 2457 2460
f 3224 2460 4207
f 3224 4207 3221
f 4471 5331 4478
f 4471 4478 4472
f 5984 5985 4480
f 5984 4480 4483
f 5986 5987 4484
f 5986 4484 4487
f 5988 5989 4488
f 5988 4488 4491
f 5990 5991 4492
f 5990 4492 4495
f 5992 5993 4496
f 5992 4496 4499
f 5325 5328 4500
f 5325 4500 4503
f 5994 5713 4532
f 5994 4532 4535
f 5995 5669 4537
f 5995 4537 4540
f 5706 5996 4544
f 5706 4544 4543
f 5592 5715 4547
f 5592 4547 4550
f 5718 5997 4554
f 5718 4554 4553
f 4627 2048 1745
f 4627 1745 3231
f 3477 5998 5999
f 3477 5999 3478
f 6000 6001 6002
f 6000 6002 6003
f 6004 4802 4687
f 6004 4687 6005
f 3955 5208 5209
f 3955 5209 3956
f 4622 4688 5567
f 4622 5567 3956
f 4622 3956 5209
f 4622 5209 6009
f 4622 6009 6008
f 4622 6008 6003
f 4622 6003 6002
f 4622 6002 6005
f 4622 6005 4687
f 4622 4687 4623
f 4801 5566 5567
f 4801 5567 4688
f 2418 2417 4802
f 2418 4802 6004
f 2418 6004 6001
f 2418 6001 6000
f 2418 6000 6007
f 2418 6007 6006
f 2418 6006 5208
f 2418 5208 3955
f 2418 3955 5566
f 2418 5566 4801
f 6006 6007 6008
f 6006 6008 6009
f 6010 6011 6012
f 6010 6012 6013
f 6014 4804 4689
f 6014 4689 6015
f 6016 6017 6018
f 6016 6018 6019
f 4624 4690 4400
f 4624 4400 6019
f 4624 6019 6018
f 4624 6018 6023
f 4624 6023 6022
f 4624 6022 6013
f 4624 6013 6012
f 4624 6012 6015
f 4624 6015 4689
f 4624 4689 4625
f 4803 4399 4400
f 4803 4400 4690
f 2422 2421 4804
f 2422 4804 6014
f 2422 6014 6011
f 2422 6011 6010
f 2422 6010 6021
f 2422 6021 6020
f 2422 6020 6017
f 2422 6017 6016
f 2422 6016 4399
f 2422 4399 4803
f 6020 6021 6022
f 6020 6022 6023
f 6024 6025 6026
f 6024 6026 6027
f 4626 4691 6029
f 4626 6029 6027
f 4626 6027 6026
f 4626 6026 2049
f 4626 2049 2048
f 4626 2048 4627
f 4805 6028 6029
f 4805 6029 4691
f 2462 2461 2046
f 2462 2046 2047
f 2462 2047 6025
f 2462 6025 6024
f 2462 6024 6028
f 2462 6028 4805
f 4755 2945 2944
f 4755 2944 5173
f 4755 5173 6030
f 6034 4914 5588
f 6034 5588 7231
f 6034 7231 7229
f 6034 7229 7211
f 6034 7211 7230
f 6034 7230 4797
f 6034 4797 6031
f 6034 6031 5607
f 6034 5607 4800
f 6034 4800 5613
f 6034 5613 5614
f 6034 5614 5616
f 6034 5616 5591
f 6034 5591 4911
f 6034 4911 5606
f 6037 5260 5259
f 6037 5259 2159
f 6037 2159 6035
f 6037 6035 6873
f 6037 6873 6036
f 5276 5999 5998
f 5276 5998 7179
f 5276 7179 6038
f 5276 6038 2226
f 5276 2226 5275
f 6039 6040 6041
f 6039 6041 5278
f 6039 5278 5277
f 6039 5277 6042
f 6043 6044 6045
f 6043 6045 5279
f 6043 5279 5280
f 6043 5280 6046
f 6047 6048 6049
f 6047 6049 5282
f 6047 5282 5281
f 6047 5281 6050
f 3312 2158 2157
f 3312 2157 3259
f 3283 2224 2227
f 3283 2227 3321
f 6051 6052 6053
f 6051 6053 6054
f 6055 6056 6057
f 6055 6057 6058
f 5242 5241 4719
f 5242 4719 4718
f 6059 6060 6061
f 6059 6061 6062
f 6064 6065 6066
f 6064 6066 4719
f 6064 4719 5241
f 6064 5241 6063
f 3176 6000 6003
f 3176 6003 3177
f 5241 5240 4716
f 5241 4716 4719
f 6067 6063 5241
f 6067 5241 4719
f 6067 4719 6066
f 6067 6066 6068
f 5240 5239 4717
f 5240 4717 4716
f 2922 4164 4167
f 2922 4167 2923
f 5398 5431 5434
f 5398 5434 5399
f 5597 3420 3423
f 5597 3423 5598
f 5628 6069 6070
f 5628 6070 5629
f 6071 6072 6073
f 6071 6073 6074
f 2871 2874 2879
f 2871 2879 2880
f 2871 2880 6951
f 2871 6951 7218
f 2871 7218 5658
f 2871 5658 5659
f 2871 5659 5656
f 2871 5656 5652
f 2871 5652 7214
f 2871 7214 6947
f 6075 6076 6077
f 6075 6077 6078
f 6079 5939 5942
f 6079 5942 6080
f 6081 6082 6083
f 6081 6083 6084
f 5980 5983 6085
f 5980 6085 6086
f 6087 6088 6089
f 6087 6089 6090
f 6091 6092 6093
f 6091 6093 6094
f 2159 5259 3471
f 2159 3471 2222
f 4132 4135 6095
f 4132 6095 6096
f 4255 3017 3020
f 4255 3020 4256
f 3206 6016 6019
f 3206 6019 3207
f 5023 5022 5013
f 5023 5013 5012
f 6097 6098 6099
f 6097 6099 6100
f 6101 6102 6103
f 6101 6103 6104
f 6105 6106 6107
f 6105 6107 6108
f 5944 5943 6109
f 5944 6109 6110
f 6111 6112 6113
f 6111 6113 6114
f 6115 6116 5979
f 6115 5979 5978
f 6117 6118 6119
f 6117 6119 6120
f 6121 6122 6123
f 6121 6123 6124
f 3198 6010 6013
f 3198 6013 3199
f 4241 3003 3006
f 4241 3006 4242
f 6125 6126 5351
f 6125 5351 5350
f 3150 3149 4104
f 3150 4104 4386
f 4251 3013 3016
f 4251 3016 4252
f 5410 4582 4585
f 5410 4585 5411
f 6127 3596 3595
f 6127 3595 6128
f 3448 3447 6129
f 3448 6129 6130
f 6131 3599 3598
f 6131 3598 6132
f 3451 3450 6133
f 3451 6133 6134
f 6135 3641 3640
f 6135 3640 6136
f 3628 3627 6137
f 3628 6137 6138
f 6139 3645 3644
f 6139 3644 6140
f 3632 3631 6141
f 3632 6141 6142
f 5019 5018 5009
f 5019 5009 5008
f 5660 5662 6143
f 5660 6143 6144
f 6145 6146 2881
f 6145 2881 2876
f 6147 6148 6149
f 6147 6149 6150
f 6151 6152 6153
f 6151 6153 6154
f 6155 6156 6157
f 6155 6157 6158
f 6159 6160 6135
f 6159 6135 6136
f 6161 6162 6139
f 6161 6139 6140
f 3004 4240 4243
f 3004 4243 3005
f 3289 3288 5151
f 3289 5151 4904
f 6163 4420 2194
f 6163 2194 2193
f 6164 6163 2193
f 6164 2193 2198
f 6165 6164 2198
f 6165 2198 2197
f 4410 6166 2200
f 4410 2200 2202
f 6167 6168 6152
f 6167 6152 6151
f 6169 6170 6156
f 6169 6156 6155
f 6166 6165 2197
f 6166 2197 2200
f 2240 2239 3347
f 2240 3347 3346
f 2240 3346 6171
f 6171 6172 2246
f 6171 2246 2240
f 6172 6173 2243
f 6172 2243 2246
f 6173 4906 2247
f 6173 2247 2243
f 3257 3261 5441
f 3257 5441 6174
f 4961 6175 6176
f 4961 6176 4962
f 4975 6177 6178
f 4975 6178 4976
f 3286 3285 6179
f 3286 6179 6180
f 3036 4272 4275
f 3036 4275 3037
f 6040 3481 3484
f 6040 3484 6041
f 2743 2746 4052
f 2743 4052 4051
f 4880 4882 4057
f 4880 4057 4056
f 5958 6184 2325
f 5958 2325 2324
f 2353 2352 6185
f 2353 6185 6186
f 2595 2594 6187
f 2595 6187 6188
f 2323 2322 6189
f 2323 6189 5957
f 6190 6191 2351
f 6190 2351 2350
f 2593 2592 6192
f 2593 6192 6193
f 2272 2271 6194
f 2272 6194 6195
f 2276 2275 6196
f 2276 6196 6197
f 2280 2279 6198
f 2280 6198 6199
f 2284 2283 6200
f 2284 6200 6201
f 2288 2287 6202
f 2288 6202 6203
f 2292 2291 6204
f 2292 6204 6205
f 2296 2295 6206
f 2296 6206 6207
f 2570 2569 6208
f 2570 6208 6209
f 2574 2573 6210
f 2574 6210 6211
f 2578 2577 6212
f 2578 6212 6213
f 2582 2581 6214
f 2582 6214 6215
f 2586 2585 6216
f 2586 6216 6217
f 2590 2589 6218
f 2590 6218 6219
f 2594 2593 6193
f 2594 6193 6187
f 2270 2273 6220
f 2270 6220 6221
f 2274 2277 6222
f 2274 6222 6223
f 2278 2281 6224
f 2278 6224 6225
f 2282 2285 6226
f 2282 6226 6227
f 2286 2289 6228
f 2286 6228 6229
f 2290 2293 6230
f 2290 6230 6231
f 2294 2297 6232
f 2294 6232 6233
f 2568 2571 6234
f 2568 6234 6235
f 2572 2575 6236
f 2572 6236 6237
f 2576 2579 6238
f 2576 6238 6239
f 2580 2583 6240
f 2580 6240 6241
f 2584 2587 6242
f 2584 6242 6243
f 2588 2591 6244
f 2588 6244 6245
f 2592 2595 6188
f 2592 6188 6192
f 5956 6246 2321
f 5956 2321 2320
f 2349 2348 6247
f 2349 6247 6248
f 2591 2590 6219
f 2591 6219 6244
f 2319 2318 6249
f 2319 6249 5955
f 6250 6251 2347
f 6250 2347 2346
f 2589 2588 6245
f 2589 6245 6218
f 5954 6252 2317
f 5954 2317 2316
f 2345 2344 6253
f 2345 6253 6254
f 2587 2586 6217
f 2587 6217 6242
f 2315 2314 6255
f 2315 6255 5953
f 6256 6257 2343
f 6256 2343 2342
f 2585 2584 6243
f 2585 6243 6216
f 5952 6258 2313
f 5952 2313 2312
f 2341 2340 6259
f 2341 6259 6260
f 2583 2582 6215
f 2583 6215 6240
f 2311 2310 6261
f 2311 6261 5951
f 6262 6263 2339
f 6262 2339 2338
f 2581 2580 6241
f 2581 6241 6214
f 5950 6264 2309
f 5950 2309 2308
f 2337 2336 6265
f 2337 6265 6266
f 2579 2578 6213
f 2579 6213 6238
f 2307 2306 6267
f 2307 6267 5949
f 6268 6269 2335
f 6268 2335 2334
f 2577 2576 6239
f 2577 6239 6212
f 5946 6270 2301
f 5946 2301 2300
f 2329 2328 6271
f 2329 6271 6272
f 2575 2574 6211
f 2575 6211 6236
f 5855 5890 6273
f 5855 6273 7729
f 5855 7729 6274
f 5890 5897 6275
f 5890 6275 6278
f 5890 6278 5945
f 5890 5945 6273
f 5854 5855 6274
f 5854 6274 7721
f 5854 7721 6276
f 5887 5854 6276
f 5887 6276 6279
f 5887 6279 6280
f 5887 6280 6277
f 2299 2298 6278
f 2299 6278 5945
f 6279 6280 2327
f 6279 2327 2326
f 2573 2572 6237
f 2573 6237 6210
f 5948 6281 2305
f 5948 2305 2304
f 2333 2332 6282
f 2333 6282 6283
f 2571 2570 6209
f 2571 6209 6234
f 5889 5853 6284
f 5889 6284 7727
f 5889 7727 6285
f 5898 5889 6285
f 5898 6285 5948
f 5898 5948 6281
f 5898 6281 6286
f 5853 5852 6287
f 5853 6287 7718
f 5853 7718 6284
f 5852 5888 6288
f 5852 6288 6282
f 5852 6282 6283
f 5852 6283 6287
f 2303 2302 6289
f 2303 6289 5947
f 6290 6291 2331
f 6290 2331 2330
f 2569 2568 6235
f 2569 6235 6208
f 6292 6293 6294
f 6292 6294 6295
f 6296 6297 6298
f 6296 6298 6299
f 6300 6301 5882
f 6300 6302 6303
f 6300 6303 6301
f 6304 6305 6306
f 6304 6306 5882
f 6307 6308 6309
f 6307 6309 6310
f 6311 6312 6313
f 6311 6313 6314
f 6315 6316 6317
f 6315 6317 6318
f 6319 6320 6321
f 6319 6321 6322
f 6323 6324 6325
f 6323 6325 6326
f 6327 6328 6329
f 6327 6329 6330
f 6331 6332 6333
f 6331 6333 6334
f 6335 6336 6337
f 6335 6337 6338
f 6339 6340 6341
f 6339 6341 6342
f 6343 6297 6296
f 6343 6296 6344
f 6353 6354 6355
f 6353 6355 6356
f 6357 6358 6359
f 6357 6359 6360
f 6361 6362 6363
f 6361 6363 6364
f 6365 6366 6367
f 6365 6367 6368
f 6369 6370 6371
f 6369 6371 6372
f 6373 6374 6375
f 6373 6375 6376
f 6377 6378 6379
f 6377 6379 6380
f 6381 6382 6383
f 6381 6383 6384
f 6385 6386 6387
f 6385 6387 6388
f 6389 6299 6298
f 6389 6298 6390
f 6393 6394 6395
f 6393 6395 6396
f 6343 6344 6389
f 6343 6389 6390
f 6397 6398 5883
f 6397 6399 6400
f 6397 6400 6398
f 6401 6402 6403
f 6401 6403 5883
f 6404 6405 6406
f 6404 6406 6407
f 6341 6340 6387
f 6341 6387 6386
f 6408 6409 5880
f 6408 6410 6411
f 6408 6411 6409
f 6412 6413 6414
f 6412 6414 5880
f 6415 6416 6417
f 6415 6417 6418
f 6339 6342 6385
f 6339 6385 6388
f 6419 6420 5881
f 6419 6421 6422
f 6419 6422 6420
f 6423 6424 6425
f 6423 6425 5881
f 6426 6427 6428
f 6426 6428 6429
f 6337 6336 6383
f 6337 6383 6382
f 6430 6431 5876
f 6430 6432 6433
f 6430 6433 6431
f 6434 6435 6436
f 6434 6436 5876
f 6437 6438 6439
f 6437 6439 6440
f 6335 6338 6381
f 6335 6381 6384
f 6441 6442 5877
f 6441 6443 6444
f 6441 6444 6442
f 6445 6446 6447
f 6445 6447 5877
f 6448 6449 6450
f 6448 6450 6451
f 6333 6332 6379
f 6333 6379 6378
f 6452 6453 5872
f 6452 6454 6455
f 6452 6455 6453
f 6456 6457 6458
f 6456 6458 5872
f 6459 6460 6461
f 6459 6461 6462
f 6331 6334 6377
f 6331 6377 6380
f 6463 6464 5873
f 6463 6465 6466
f 6463 6466 6464
f 6467 6468 6469
f 6467 6469 5873
f 6470 6471 6472
f 6470 6472 6473
f 6329 6328 6375
f 6329 6375 6374
f 6474 6475 5868
f 6474 6476 6477
f 6474 6477 6475
f 6478 6479 6480
f 6478 6480 5868
f 6481 6482 6483
f 6481 6483 6484
f 6327 6330 6373
f 6327 6373 6376
f 6485 6486 5869
f 6485 6487 6488
f 6485 6488 6486
f 6489 6490 6491
f 6489 6491 5869
f 6492 5745 5111
f 6492 5111 5744
f 6492 5744 6391
f 6492 6391 6554
f 6492 6554 6569
f 5974 5973 6493
f 5974 6493 6566
f 5974 6566 6553
f 5974 6553 6392
f 5840 5842 6277
f 5840 6277 6280
f 5840 6280 6279
f 5840 6279 6276
f 5862 5861 6287
f 5862 6287 6283
f 5862 6283 6282
f 5862 6282 6288
f 6494 6495 6496
f 6494 6496 6497
f 6498 6499 6500
f 6498 6500 6501
f 6502 6503 6504
f 6502 6504 6505
f 6506 6507 6508
f 6506 6508 6509
f 6510 6511 6512
f 6510 6512 6513
f 6480 6479 6487
f 6480 6487 6485
f 6458 6457 6465
f 6458 6465 6463
f 6436 6435 6443
f 6436 6443 6441
f 6414 6413 6421
f 6414 6421 6419
f 6306 6305 6399
f 6306 6399 6397
f 6515 5874 5875
f 6515 5875 6673
f 6515 6673 6514
f 6517 5870 5871
f 6517 5871 6671
f 6517 6671 6516
f 6519 5878 5879
f 6519 5879 6675
f 6519 6675 6518
f 6521 5866 5867
f 6521 5867 6669
f 6521 6669 6520
f 6523 5864 5865
f 6523 5865 6667
f 6523 6667 6522
f 6478 5868 5869
f 6478 5869 6486
f 6478 6486 6488
f 6456 5872 5873
f 6456 5873 6464
f 6456 6464 6466
f 6434 5876 5877
f 6434 5877 6442
f 6434 6442 6444
f 6412 5880 5881
f 6412 5881 6420
f 6412 6420 6422
f 6304 5882 5883
f 6304 5883 6398
f 6304 6398 6400
f 5748 5745 6492
f 5748 6492 7725
f 5748 7725 6524
f 5973 5975 6525
f 5973 6525 7722
f 5973 7722 6493
f 5861 5857 6284
f 5861 6284 7718
f 5861 7718 6287
f 5834 5840 6276
f 5834 6276 7721
f 5834 7721 6274
f 5134 3606 3374
f 5134 3374 3373
f 3619 5135 3378
f 3619 3378 3377
f 2328 2327 6280
f 2328 6280 6271
f 2332 2331 6291
f 2332 6291 6282
f 2336 2335 6269
f 2336 6269 6265
f 2340 2339 6263
f 2340 6263 6259
f 2344 2343 6257
f 2344 6257 6253
f 2348 2347 6251
f 2348 6251 6247
f 2352 2351 6191
f 2352 6191 6185
f 2356 2355 6542
f 2356 6542 6543
f 2360 2359 6544
f 2360 6544 6545
f 2364 2363 6546
f 2364 6546 6547
f 2368 2367 6548
f 2368 6548 6549
f 2372 2371 6550
f 2372 6550 6551
f 2376 2375 6552
f 2376 6552 6553
f 2380 2379 6554
f 2380 6554 6555
f 2326 2329 6272
f 2326 6272 6279
f 2330 2333 6283
f 2330 6283 6290
f 2334 2337 6266
f 2334 6266 6268
f 2338 2341 6260
f 2338 6260 6262
f 2342 2345 6254
f 2342 6254 6256
f 2346 2349 6248
f 2346 6248 6250
f 2350 2353 6186
f 2350 6186 6190
f 2354 2357 6556
f 2354 6556 6557
f 2358 2361 6558
f 2358 6558 6559
f 2362 2365 6560
f 2362 6560 6561
f 2366 2369 6562
f 2366 6562 6563
f 2370 2373 6564
f 2370 6564 6565
f 2374 2377 6566
f 2374 6566 6567
f 2378 2381 6568
f 2378 6568 6569
f 6578 6579 6580
f 6578 6580 6581
f 6582 6583 6584
f 6582 6584 6585
f 6586 6587 6588
f 6586 6588 6589
f 6590 6591 6592
f 6590 6592 6593
f 6594 6595 6596
f 6594 6596 6597
f 6481 6471 6470
f 6481 6470 6482
f 6459 6449 6448
f 6459 6448 6460
f 6437 6427 6426
f 6437 6426 6438
f 6415 6405 6404
f 6415 6404 6416
f 6393 6293 6292
f 6393 6292 6394
f 5977 5976 6599
f 5977 6599 6612
f 5977 6612 5970
f 5977 5970 6598
f 5751 5750 6601
f 5751 6601 5971
f 5751 5971 6615
f 5751 6615 6600
f 5838 5835 6273
f 5838 6273 5945
f 5838 5945 6278
f 5838 6278 6275
f 6285 5856 5097
f 6285 5097 5859
f 6285 5859 6286
f 6285 6286 6281
f 6285 6281 5948
f 2298 2301 6270
f 2298 6270 6278
f 2302 2305 6281
f 2302 6281 6289
f 2306 2309 6264
f 2306 6264 6267
f 2310 2313 6258
f 2310 6258 6261
f 2314 2317 6252
f 2314 6252 6255
f 2318 2321 6246
f 2318 6246 6249
f 2322 2325 6184
f 2322 6184 6189
f 2382 2385 6602
f 2382 6602 6603
f 2386 2389 6604
f 2386 6604 6605
f 2390 2393 6606
f 2390 6606 6607
f 2394 2397 6608
f 2394 6608 6609
f 2398 2401 6610
f 2398 6610 6611
f 2402 2405 6612
f 2402 6612 6613
f 2406 2409 6614
f 2406 6614 6615
f 6616 6617 6618
f 6616 6618 6619
f 6620 6621 6622
f 6620 6622 6623
f 6624 6625 6626
f 6624 6626 6627
f 6628 6629 6630
f 6628 6630 6631
f 6632 6633 6634
f 6632 6634 6635
f 6483 6473 6472
f 6483 6472 6484
f 6461 6451 6450
f 6461 6450 6462
f 6439 6429 6428
f 6439 6428 6440
f 6417 6407 6406
f 6417 6406 6418
f 6395 6295 6294
f 6395 6294 6396
f 6636 6637 6638
f 6636 6638 6639
f 6640 6641 6642
f 6640 6642 6643
f 6490 6476 6474
f 6490 6474 6491
f 6644 6645 6646
f 6644 6646 6647
f 6468 6454 6452
f 6468 6452 6469
f 6648 6649 6650
f 6648 6650 6651
f 6446 6432 6430
f 6446 6430 6447
f 6652 6653 6654
f 6652 6654 6655
f 6424 6410 6408
f 6424 6408 6425
f 6402 6302 6300
f 6402 6300 6403
f 6657 5865 5864
f 6657 5864 6666
f 6657 6666 6656
f 6659 5867 5866
f 6659 5866 6668
f 6659 6668 6658
f 6489 5869 5868
f 6489 5868 6475
f 6489 6475 6477
f 6661 5871 5870
f 6661 5870 6670
f 6661 6670 6660
f 6467 5873 5872
f 6467 5872 6453
f 6467 6453 6455
f 6663 5875 5874
f 6663 5874 6672
f 6663 6672 6662
f 6445 5877 5876
f 6445 5876 6431
f 6445 6431 6433
f 6665 5879 5878
f 6665 5878 6674
f 6665 6674 6664
f 6423 5881 5880
f 6423 5880 6409
f 6423 6409 6411
f 6401 5883 5882
f 6401 5882 6301
f 6401 6301 6303
f 5857 5856 6285
f 5857 6285 7727
f 5857 7727 6284
f 5835 5834 6274
f 5835 6274 7729
f 5835 7729 6273
f 5750 5748 6524
f 5750 6524 7733
f 5750 7733 6601
f 5975 5977 6598
f 5975 6598 7731
f 5975 7731 6525
f 2297 2296 6207
f 2297 6207 6232
f 2357 2356 6543
f 2357 6543 6556
f 5960 6602 2385
f 5960 2385 2384
f 2295 2294 6233
f 2295 6233 6206
f 6557 6542 2355
f 6557 2355 2354
f 2383 2382 6603
f 2383 6603 5959
f 2293 2292 6205
f 2293 6205 6230
f 2361 2360 6545
f 2361 6545 6558
f 5962 6604 2389
f 5962 2389 2388
f 2291 2290 6231
f 2291 6231 6204
f 6559 6544 2359
f 6559 2359 2358
f 2387 2386 6605
f 2387 6605 5961
f 2289 2288 6203
f 2289 6203 6228
f 2365 2364 6547
f 2365 6547 6560
f 5964 6606 2393
f 5964 2393 2392
f 2287 2286 6229
f 2287 6229 6202
f 6561 6546 2363
f 6561 2363 2362
f 2391 2390 6607
f 2391 6607 5963
f 2285 2284 6201
f 2285 6201 6226
f 2369 2368 6549
f 2369 6549 6562
f 5966 6608 2397
f 5966 2397 2396
f 2283 2282 6227
f 2283 6227 6200
f 6563 6548 2367
f 6563 2367 2366
f 2395 2394 6609
f 2395 6609 5965
f 2281 2280 6199
f 2281 6199 6224
f 2373 2372 6551
f 2373 6551 6564
f 5968 6610 2401
f 5968 2401 2400
f 2279 2278 6225
f 2279 6225 6198
f 6565 6550 2371
f 6565 2371 2370
f 2399 2398 6611
f 2399 6611 5967
f 2277 2276 6197
f 2277 6197 6222
f 2381 2380 6555
f 2381 6555 6568
f 5972 6614 2409
f 5972 2409 2408
f 5884 5844 6492
f 5884 6492 6569
f 5884 6569 6554
f 5884 6554 6391
f 5844 5845 6524
f 5844 6524 7725
f 5844 7725 6492
f 5891 5896 6600
f 5891 6600 6615
f 5891 6615 5971
f 5891 5971 6601
f 5845 5891 6601
f 5845 6601 7733
f 5845 7733 6524
f 2275 2274 6223
f 2275 6223 6196
f 6569 6554 2379
f 6569 2379 2378
f 2407 2406 6615
f 2407 6615 5971
f 2273 2272 6195
f 2273 6195 6220
f 2377 2376 6553
f 2377 6553 6566
f 5970 6612 2405
f 5970 2405 2404
f 5848 5886 6392
f 5848 6392 6553
f 5848 6553 6566
f 5848 6566 6493
f 5849 5848 6493
f 5849 6493 7722
f 5849 7722 6525
f 5894 5892 6598
f 5894 6598 5970
f 5894 5970 6612
f 5894 6612 6599
f 5892 5849 6525
f 5892 6525 7731
f 5892 7731 6598
f 2271 2270 6221
f 2271 6221 6194
f 6567 6552 2375
f 6567 2375 2374
f 2403 2402 6613
f 2403 6613 5969
f 6325 6324 6371
f 6325 6371 6370
f 6580 6579 6618
f 6580 6618 6617
f 6638 6666 5864
f 6638 6637 6656
f 6638 6656 6666
f 6523 6511 6510
f 6523 6510 5864
f 6323 6326 6369
f 6323 6369 6372
f 6578 6581 6616
f 6578 6616 6619
f 6513 6667 5865
f 6513 6512 6522
f 6513 6522 6667
f 6657 6636 6639
f 6657 6639 5865
f 6321 6320 6367
f 6321 6367 6366
f 6584 6583 6622
f 6584 6622 6621
f 6642 6668 5866
f 6642 6641 6658
f 6642 6658 6668
f 6521 6507 6506
f 6521 6506 5866
f 6319 6322 6365
f 6319 6365 6368
f 6582 6585 6620
f 6582 6620 6623
f 6509 6669 5867
f 6509 6508 6520
f 6509 6520 6669
f 6659 6640 6643
f 6659 6643 5867
f 6317 6316 6363
f 6317 6363 6362
f 6588 6587 6626
f 6588 6626 6625
f 6646 6670 5870
f 6646 6645 6660
f 6646 6660 6670
f 6517 6499 6498
f 6517 6498 5870
f 6315 6318 6361
f 6315 6361 6364
f 6501 6671 5871
f 6501 6500 6516
f 6501 6516 6671
f 6586 6589 6624
f 6586 6624 6627
f 6661 6644 6647
f 6661 6647 5871
f 6313 6312 6359
f 6313 6359 6358
f 6592 6591 6630
f 6592 6630 6629
f 6650 6672 5874
f 6650 6649 6662
f 6650 6662 6672
f 6515 6495 6494
f 6515 6494 5874
f 6311 6314 6357
f 6311 6357 6360
f 6497 6673 5875
f 6497 6496 6514
f 6497 6514 6673
f 6590 6593 6628
f 6590 6628 6631
f 6663 6648 6651
f 6663 6651 5875
f 6309 6308 6355
f 6309 6355 6354
f 6596 6595 6634
f 6596 6634 6633
f 6654 6674 5878
f 6654 6653 6664
f 6654 6664 6674
f 6519 6503 6502
f 6519 6502 5878
f 6307 6310 6353
f 6307 6353 6356
f 6505 6675 5879
f 6505 6504 6518
f 6505 6518 6675
f 6594 6597 6632
f 6594 6632 6635
f 6665 6652 6655
f 6665 6655 5879
f 4141 2899 2902
f 4141 2902 4142
f 2900 4140 4143
f 2900 4143 2901
f 2904 4144 4147
f 2904 4147 2905
f 4917 5334 3170
f 4917 3170 3169
f 5335 2865 2864
f 5335 2864 3220
f 4753 3173 3172
f 4753 3172 4158
f 4753 4158 2415
f 4753 2415 2414
f 6676 6677 6154
f 6676 6154 6153
f 6678 6679 6158
f 6678 6158 6157
f 4161 2917 2920
f 4161 2920 4162
f 2918 4160 4163
f 2918 4163 2919
f 2930 4172 4175
f 2930 4175 2931
f 4185 2939 2942
f 4185 2942 4186
f 2940 4184 4187
f 2940 4187 2941
f 6001 3175 3178
f 6001 3178 6002
f 3180 6004 6005
f 3180 6005 3181
f 6030 4397 4398
f 6030 4398 4755
f 4751 5444 4756
f 4751 4756 4752
f 6007 3193 3196
f 6007 3196 6008
f 3194 6006 6009
f 3194 6009 3195
f 6011 3197 3200
f 6011 3200 6012
f 3202 6014 6015
f 3202 6015 3203
f 6017 3205 3208
f 6017 3208 6018
f 4891 5140 3263
f 4891 3263 3262
f 6021 3215 3218
f 6021 3218 6022
f 3216 6020 6023
f 3216 6023 3217
f 5186 2885 2870
f 5186 2870 6073
f 5186 6073 6072
f 5186 6072 5653
f 6704 6705 6680
f 6704 6680 6683
f 6708 6704 6683
f 6708 6683 6685
f 6710 6708 6685
f 6710 6685 6687
f 6712 6710 6687
f 6712 6687 6689
f 6714 6712 6689
f 6714 6689 6691
f 6716 6714 6691
f 6716 6691 6693
f 6718 6716 6693
f 6718 6693 6695
f 6720 6718 6695
f 6720 6695 6697
f 6722 6720 6697
f 6722 6697 6699
f 6724 6722 6699
f 6724 6699 6701
f 6726 6724 6701
f 6726 6701 6703
f 6705 6726 6703
f 6705 6703 6680
f 3714 6729 6730
f 3714 6730 6733
f 3714 6733 6728
f 6731 6732 6728
f 6731 6728 6733
f 4008 6732 6731
f 4008 6731 6734
f 4008 6734 4009
f 6734 6731 6733
f 6734 6733 6730
f 6735 6736 6737
f 6735 6737 3981
f 6735 3981 3984
f 6735 3984 6738
f 4044 3988 3981
f 4044 3981 6737
f 3984 3989 4469
f 3984 4469 6738
f 4009 6734 6730
f 4009 6730 6729
f 4009 6729 6739
f 4009 6739 6745
f 4009 6745 6746
f 4009 6746 4006
f 4013 6755 6751
f 4013 6751 6740
f 4013 6740 6741
f 4013 6741 6756
f 4013 6756 6757
f 4013 6757 4010
f 4017 6765 6761
f 4017 6761 6742
f 4017 6742 6743
f 4017 6743 6766
f 4017 6766 6767
f 4017 6767 4014
f 4049 7177 7176
f 4049 7176 6744
f 4049 6744 5559
f 4049 5559 5558
f 4049 5558 5557
f 4049 5557 4047
f 3713 3708 6748
f 3713 6748 6745
f 3713 6745 6739
f 4007 4006 6746
f 4007 6746 6747
f 4007 6747 3712
f 3708 3712 6747
f 3708 6747 6748
f 6747 6746 6745
f 6747 6745 6748
f 6729 3714 3713
f 6729 3713 6739
f 6740 3725 8145
f 6740 8145 3724
f 6740 3724 6741
f 6742 3736 8144
f 6742 8144 3735
f 6742 3735 6743
f 6744 3747 3746
f 6744 3746 5559
f 3725 6740 6751
f 3725 6751 6754
f 3725 6754 6750
f 6752 6753 6750
f 6752 6750 6754
f 4012 6753 6752
f 4012 6752 6755
f 4012 6755 4013
f 6755 6752 6754
f 6755 6754 6751
f 3724 3719 6759
f 3724 6759 6756
f 3724 6756 6741
f 4011 4010 6757
f 4011 6757 6758
f 4011 6758 3723
f 3719 3723 6758
f 3719 6758 6759
f 6758 6757 6756
f 6758 6756 6759
f 3736 6742 6761
f 3736 6761 6764
f 3736 6764 6760
f 6762 6763 6760
f 6762 6760 6764
f 4016 6763 6762
f 4016 6762 6765
f 4016 6765 4017
f 6765 6762 6764
f 6765 6764 6761
f 3735 3730 6769
f 3735 6769 6766
f 3735 6766 6743
f 4015 4014 6767
f 4015 6767 6768
f 4015 6768 3734
f 3730 3734 6768
f 3730 6768 6769
f 6768 6767 6766
f 6768 6766 6769
f 4919 5167 5166
f 4919 5166 4930
f 4988 5169 5168
f 4988 5168 4987
f 4931 4932 6770
f 4931 6770 6771
f 5147 6772 4924
f 5147 4924 4918
f 4997 4998 6773
f 4997 6773 6774
f 5149 6775 4992
f 5149 4992 4989
f 5488 5487 5482
f 5488 5482 5481
f 2952 4188 4191
f 2952 4191 2953
f 5335 3220 3219
f 5335 3219 4206
f 5335 4206 2456
f 5335 2456 2455
f 4193 2955 2958
f 4193 2958 4194
f 4197 2959 2962
f 4197 2962 4198
f 2967 4203 4205
f 2967 4205 2968
f 2970 4208 4209
f 2970 4209 2971
f 2974 4210 4213
f 2974 4213 2975
f 4757 3223 3222
f 4757 3222 4227
f 4757 4227 2459
f 4757 2459 2458
f 4215 2977 2980
f 4215 2980 4216
f 2982 4218 4221
f 2982 4221 2983
f 4219 2981 2984
f 4219 2984 4220
f 2989 4224 4226
f 2989 4226 2990
f 2992 4228 4231
f 2992 4231 2993
f 4229 2991 2994
f 4229 2994 4230
f 6025 3225 3228
f 6025 3228 6026
f 3226 6024 6027
f 3226 6027 3227
f 6028 3232 3234
f 6028 3234 6029
f 2996 4232 4235
f 2996 4235 2997
f 4233 2995 2998
f 4233 2998 4234
f 4759 3235 2467
f 4759 2467 2472
f 4759 2472 2469
f 4759 2469 2466
f 4237 2999 3002
f 4237 3002 4238
f 3238 4762 2473
f 3238 2473 2470
f 3238 2470 2471
f 3238 2471 2476
f 3011 4247 4249
f 3011 4249 3012
f 3014 4250 4253
f 3014 4253 3015
f 3018 4254 4257
f 3018 4257 3019
f 4761 3237 2475
f 4761 2475 2480
f 4761 2480 2477
f 4761 2477 2474
f 4259 3021 3024
f 4259 3024 4260
f 3026 4262 4265
f 3026 4265 3027
f 4263 3025 3028
f 4263 3028 4264
f 3254 4794 2683
f 3254 2683 2478
f 3254 2478 2479
f 3254 2479 2686
f 3033 4269 4271
f 3033 4271 3034
f 4273 3035 3038
f 4273 3038 4274
f 4277 3039 3042
f 4277 3042 4278
f 4281 3043 3046
f 4281 3046 4282
f 2481 2483 3240
f 2481 3240 4764
f 3048 4284 4287
f 3048 4287 3049
f 4285 3047 3050
f 4285 3050 4286
f 3242 4766 2488
f 3242 2488 2485
f 3242 2485 2486
f 3242 2486 2491
f 3058 4294 4297
f 3058 4297 3059
f 4295 3057 3060
f 4295 3060 4296
f 3062 4298 4301
f 3062 4301 3063
f 4299 3061 3064
f 4299 3064 4300
f 4765 3241 2490
f 4765 2490 2495
f 4765 2495 2492
f 4765 2492 2489
f 4307 3069 3072
f 4307 3072 4308
f 3077 4313 4315
f 3077 4315 3078
f 5619 6779 6780
f 5619 6780 5620
f 6781 5618 5621
f 6781 5621 6782
f 6779 6781 6782
f 6779 6782 6780
f 4808 6783 6784
f 4808 6784 4695
f 6785 5742 5743
f 6785 5743 6786
f 4630 4695 6784
f 4630 6784 6780
f 4630 6780 6782
f 4630 6782 6792
f 4630 6792 6791
f 4630 6791 6786
f 4630 6786 5743
f 4630 5743 6070
f 4630 6070 4694
f 4630 4694 4631
f 6069 4809 4694
f 6069 4694 6070
f 6787 6788 4809
f 6787 4809 6069
f 6787 6069 5742
f 6787 5742 6785
f 6787 6785 6790
f 6787 6790 6789
f 6787 6789 6781
f 6787 6781 6779
f 6787 6779 6783
f 6787 6783 4808
f 6789 6790 6791
f 6789 6791 6792
f 6793 6794 6795
f 6793 6795 6796
f 4812 4136 4139
f 4812 4139 4699
f 6797 6798 6799
f 6797 6799 6800
f 4634 4699 4139
f 4634 4139 6796
f 4634 6796 6795
f 4634 6795 4389
f 4634 4389 6806
f 4634 6806 6800
f 4634 6800 6799
f 4634 6799 6802
f 4634 6802 4698
f 4634 4698 4635
f 6801 4813 4698
f 6801 4698 6802
f 6803 6804 4813
f 6803 4813 6801
f 6803 6801 6798
f 6803 6798 6797
f 6803 6797 6805
f 6803 6805 4388
f 6803 4388 6794
f 6803 6794 6793
f 6803 6793 4136
f 6803 4136 4812
f 4388 6805 6806
f 4388 6806 4389
f 4767 3458 3457
f 4767 3457 6787
f 4767 6787 5631
f 4767 5631 6807
f 2685 2684 4793
f 2685 4793 3253
f 6783 5622 5623
f 6783 5623 6784
f 6807 6808 4768
f 6807 4768 4767
f 6809 6810 4770
f 6809 4770 4769
f 6811 5723 4772
f 6811 4772 4771
f 5793 6812 4774
f 5793 4774 4773
f 4768 6808 6042
f 4768 6042 2229
f 4768 2229 3482
f 4768 3482 3459
f 5625 6785 6786
f 5625 6786 5626
f 3462 4770 6810
f 3462 6810 5630
f 3462 5630 6788
f 3462 6788 3460
f 5633 6789 6792
f 5633 6792 5634
f 6790 5632 5635
f 6790 5635 6791
f 4769 3461 3480
f 4769 3480 2230
f 4769 2230 2226
f 4769 2226 6809
f 5637 6793 6796
f 5637 6796 5638
f 6794 5636 5639
f 6794 5639 6795
f 4771 3464 3463
f 4771 3463 6803
f 4771 6803 5647
f 4771 5647 6811
f 2689 2688 4795
f 2689 4795 3255
f 5641 6797 6800
f 5641 6800 5642
f 6798 5640 5643
f 6798 5643 6799
f 3468 4774 6812
f 3468 6812 5646
f 3468 5646 6804
f 3468 6804 3466
f 5644 6801 6802
f 5644 6802 5645
f 6805 5648 5649
f 6805 5649 6806
f 3084 4320 4323
f 3084 4323 3085
f 4775 3243 2498
f 4775 2498 2503
f 4775 2503 2500
f 4775 2500 2497
f 4325 3087 3090
f 4325 3090 4326
f 2496 2499 3244
f 2496 3244 4776
f 3092 4328 4331
f 3092 4331 3093
f 4329 3091 3094
f 4329 3094 4330
f 3246 4778 2504
f 3246 2504 2501
f 3246 2501 2502
f 3246 2502 2507
f 3099 4335 4337
f 3099 4337 3100
f 3102 4338 4341
f 3102 4341 3103
f 3106 4342 4345
f 3106 4345 3107
f 4343 3105 3108
f 4343 3108 4344
f 3114 4350 4353
f 3114 4353 3115
f 4351 3113 3116
f 4351 3116 4352
f 3248 4780 2512
f 3248 2512 2509
f 3248 2509 2510
f 3248 2510 2515
f 3121 4357 4359
f 3121 4359 3122
f 4361 3123 3126
f 4361 3126 4362
f 3128 4364 4367
f 3128 4367 3129
f 4365 3127 3130
f 4365 3130 4366
f 4779 3247 2514
f 4779 2514 2519
f 4779 2519 2516
f 4779 2516 2513
f 4369 3131 3134
f 4369 3134 4370
f 3136 4372 4375
f 3136 4375 3137
f 4373 3135 3138
f 4373 3138 4374
f 3256 4796 2687
f 3256 2687 2517
f 3256 2517 2518
f 3256 2518 2690
f 3143 4379 4381
f 3143 4381 3144
f 3146 4382 4385
f 3146 4385 3147
f 6048 3491 3494
f 6048 3494 6049
f 4383 3145 3148
f 4383 3148 4384
f 5432 5397 5400
f 5432 5400 5433
f 3421 5596 5599
f 3421 5599 3422
f 2891 4782 5207
f 2891 5207 5403
f 2891 5403 2174
f 2891 2174 2173
f 4784 3153 2176
f 4784 2176 2179
f 4784 2179 3432
f 4784 3432 5125
f 5435 5401 5402
f 5435 5402 5436
f 3429 5600 5601
f 3429 5601 3430
f 5405 5437 5438
f 5405 5438 5406
f 5602 3434 3435
f 5602 3435 5603
f 6815 6816 2255
f 6815 2255 2259
f 6818 6815 2259
f 6818 2259 2261
f 6819 5344 3607
f 6819 3607 2520
f 6819 2520 3609
f 6821 6822 2209
f 6821 2209 2206
f 6824 6821 2206
f 6824 2206 2205
f 6822 6825 2212
f 6822 2212 2209
f 6825 6826 2214
f 6825 2214 2212
f 6826 3618 2215
f 6826 2215 2214
f 6827 6828 3505
f 6827 3505 3508
f 6829 6830 3507
f 6829 3507 3506
f 6831 6827 3508
f 6831 3508 3510
f 6830 6832 3509
f 6830 3509 3507
f 6833 6831 3510
f 6833 3510 3512
f 6832 6834 3511
f 6832 3511 3509
f 2522 2521 3575
f 2522 3575 7900
f 2522 7900 7901
f 2522 7901 5134
f 2522 5134 3373
f 2522 3373 3372
f 2522 3372 3578
f 6835 6833 3512
f 6835 3512 3514
f 6834 6836 3513
f 6834 3513 3511
f 3514 3516 5076
f 3514 5076 5078
f 3514 5078 6835
f 6836 6837 3515
f 6836 3515 3513
f 3516 3518 6838
f 3516 6838 5079
f 3516 5079 5076
f 6837 6839 3517
f 6837 3517 3515
f 3518 3520 5081
f 3518 5081 5080
f 3518 5080 6838
f 6839 6840 3519
f 6839 3519 3517
f 3520 3522 6841
f 3520 6841 5083
f 3520 5083 5081
f 6840 6842 3521
f 6840 3521 3519
f 6843 6841 3522
f 6843 3522 3524
f 6842 6844 3523
f 6842 3523 3521
f 6845 6843 3524
f 6845 3524 3526
f 6844 6846 3525
f 6844 3525 3523
f 6847 6845 3526
f 6847 3526 3528
f 6846 6848 3527
f 6846 3527 3525
f 6828 6847 3528
f 6828 3528 3505
f 6848 6829 3506
f 6848 3506 3527
f 6174 3311 3258
f 6174 3258 3257
f 5383 4890 3265
f 5383 3265 3264
f 4942 5164 3273
f 4942 3273 3272
f 6872 4941 3275
f 6872 3275 3274
f 3274 3277 6874
f 3274 6874 6872
f 3302 3301 6875
f 3302 6875 6876
f 6873 6874 3277
f 6873 3277 3276
f 6877 6878 4902
f 6877 4902 6879
f 6877 6879 4686
f 6877 4686 4903
f 6878 6880 4901
f 6878 4901 6881
f 6878 6881 8034
f 6878 8034 6879
f 6878 6879 4902
f 6882 6883 6881
f 6882 6881 4901
f 6882 4901 6880
f 6882 6884 6885
f 6882 6885 6883
f 6884 6886 6887
f 6884 6887 8031
f 6884 8031 8032
f 6884 8032 6885
f 6886 6888 6889
f 6886 6889 6887
f 6887 6889 4656
f 6887 4656 4654
f 6890 6891 5673
f 6890 5673 6892
f 6890 6892 8020
f 6890 8020 7134
f 6890 7134 6894
f 6890 6894 7134
f 6890 7134 6893
f 6895 6893 7134
f 6895 7134 6894
f 6895 6894 6896
f 6895 6896 7133
f 6897 6895 7133
f 6897 7133 6896
f 6897 6896 7133
f 6897 7133 8022
f 6897 8022 6898
f 6899 6897 6898
f 6899 6898 8019
f 6899 8019 6900
f 6888 6899 6900
f 6888 6900 6889
f 6889 6900 4657
f 6889 4657 4656
f 6130 6129 6901
f 6130 6901 6902
f 6134 6133 6903
f 6134 6903 6904
f 6905 6906 6127
f 6905 6127 6128
f 6907 6908 6131
f 6907 6131 6132
f 3532 4736 4735
f 3532 4735 3529
f 3536 4740 4739
f 3536 4739 3533
f 4960 4822 4821
f 4960 4821 4959
f 4974 4826 4825
f 4974 4825 4973
f 2163 5248 5247
f 2163 5247 2160
f 2167 5250 5249
f 2167 5249 2164
f 4964 6176 6175
f 4964 6175 4963
f 4978 6178 6177
f 4978 6177 4977
f 4895 5143 5142
f 4895 5142 4892
f 4899 5145 5144
f 4899 5144 4896
f 4967 4894 4893
f 4967 4893 4966
f 4981 4898 4897
f 4981 4897 4980
f 4970 5159 5158
f 4970 5158 4969
f 4984 5161 5160
f 4984 5160 4983
f 2811 5392 5391
f 2811 5391 2808
f 2815 5394 5393
f 2815 5393 2812
f 4972 2810 2809
f 4972 2809 4971
f 4986 2814 2813
f 4986 2813 4985
f 6679 6169 6155
f 6679 6155 6158
f 4948 5352 6771
f 4948 6771 6770
f 4948 6770 6909
f 6910 4947 6909
f 6910 6909 6770
f 6911 6912 6913
f 6911 6913 4947
f 6911 4947 6910
f 6911 6910 6914
f 6771 5352 4928
f 6771 4928 4931
f 6774 5353 4996
f 6774 4996 4997
f 6914 6910 4947
f 6914 4947 6913
f 6914 6913 4936
f 6914 4936 4933
f 6914 4933 4934
f 6914 4934 4935
f 4927 4922 4923
f 4927 4923 4926
f 4927 4926 6915
f 4927 6915 4949
f 4927 4949 6927
f 4927 6927 6916
f 6917 6931 4951
f 6917 4951 6918
f 6917 6918 5001
f 6917 5001 4952
f 6917 4952 4999
f 6917 4999 5000
f 4995 4991 4955
f 4995 4955 4994
f 4995 4994 6919
f 4995 6919 4956
f 4995 4956 6934
f 4995 6934 6920
f 6910 6770 4932
f 6910 4932 4934
f 6911 6914 4935
f 6911 4935 4938
f 6921 6917 5000
f 6921 5000 5003
f 6138 6137 6922
f 6138 6922 6923
f 6142 6141 6924
f 6142 6924 6925
f 4882 3965 3968
f 4882 3968 4057
f 5146 4950 6926
f 5146 6926 6772
f 5146 6772 5147
f 6772 6926 4949
f 6772 4949 6927
f 6916 6927 4949
f 6916 4949 6915
f 6916 6915 6928
f 6916 6928 3666
f 6916 3666 3679
f 6929 3666 3679
f 6929 3679 3667
f 6929 3667 4536
f 4115 5708 4561
f 4115 4561 4116
f 6168 6676 6153
f 6168 6153 6152
f 4922 4924 6772
f 4922 6772 6927
f 3681 4927 6916
f 3681 6916 3679
f 3684 4995 6920
f 3684 6920 3682
f 4954 5353 6774
f 4954 6774 6773
f 4954 6773 6930
f 6931 4951 6930
f 6931 6930 6773
f 6921 6932 6918
f 6921 6918 4951
f 6921 4951 6931
f 6921 6931 6917
f 6931 6773 4998
f 6931 4998 4999
f 5148 4957 6933
f 5148 6933 6775
f 5148 6775 5149
f 6775 6933 4956
f 6775 4956 6934
f 6920 6934 4956
f 6920 4956 6919
f 6920 6919 6935
f 6920 6935 3672
f 6920 3672 3682
f 6936 3672 3682
f 6936 3682 3674
f 6936 3674 4551
f 4121 5710 4576
f 4121 4576 4122
f 4991 4992 6775
f 4991 6775 6934
f 6937 3662 3657
f 6937 3657 3658
f 6937 3658 3665
f 6937 3665 4685
f 6937 4685 4944
f 6937 4944 5185
f 5309 5984 4483
f 5309 4483 4482
f 5694 5679 4526
f 5694 4526 4525
f 5985 5308 4481
f 5985 4481 4480
f 5680 5693 4524
f 5680 4524 4523
f 5311 5986 4487
f 5311 4487 4486
f 5696 5681 4530
f 5696 4530 4529
f 5987 5310 4485
f 5987 4485 4484
f 5682 5695 4528
f 5682 4528 4527
f 5313 5988 4491
f 5313 4491 4490
f 3337 3340 4916
f 3337 4916 5266
f 5989 5312 4489
f 5989 4489 4488
f 5674 5687 4506
f 5674 4506 4505
f 5315 5990 4495
f 5315 4495 4494
f 5690 5675 4512
f 5690 4512 4511
f 5991 5314 4493
f 5991 4493 4492
f 5676 5689 4510
f 5676 4510 4509
f 5317 5992 4499
f 5317 4499 4498
f 5692 5677 4516
f 5692 4516 4515
f 5993 5316 4497
f 5993 4497 4496
f 5678 5691 4514
f 5678 4514 4513
f 3338 3337 5266
f 3338 5266 5265
f 6942 6034 5606
f 6942 5606 5609
f 6034 6943 5617
f 6034 5617 5606
f 6944 6942 6074
f 6944 6074 6073
f 6947 6034 6943
f 6947 6943 6945
f 6947 6945 6949
f 6947 6949 5827
f 6947 5827 5826
f 6947 5826 6946
f 6948 6145 5827
f 6948 5827 6949
f 6950 6951 6952
f 6950 6952 6146
f 6950 6146 6145
f 6950 6145 6948
f 6146 6952 6946
f 6146 6946 5826
f 6957 6955 6953
f 6957 6953 5027
f 6957 5027 5026
f 6958 5029 5028
f 6958 5028 6954
f 6958 6954 6956
f 6958 6957 5026
f 6958 5026 5029
f 6959 6960 5127
f 6959 5127 5126
f 6961 6962 5129
f 6961 5129 5128
f 6962 6959 5126
f 6962 5126 5129
f 3498 5009 5018
f 3498 5018 3495
f 5010 3497 3496
f 5010 3496 5021
f 5012 5011 5020
f 5012 5020 5023
f 5014 5013 5022
f 5014 5022 5025
f 3845 5015 5024
f 3845 5024 3842
f 4446 4447 3844
f 4446 3844 3843
f 5290 5289 4830
f 5290 4830 4829
f 5294 5290 4829
f 5294 4829 4834
f 5291 5293 4835
f 5291 4835 4828
f 5292 5291 4828
f 5292 4828 4831
f 5289 5292 4831
f 5289 4831 4830
f 6963 6964 4872
f 6963 4872 4871
f 5295 5294 4834
f 5295 4834 4833
f 5296 5295 4833
f 5296 4833 4832
f 5293 5296 4832
f 5293 4832 4835
f 6965 6966 4643
f 6965 4643 4642
f 6966 6967 4644
f 6966 4644 4643
f 6967 6968 4645
f 6967 4645 4644
f 6968 6965 4642
f 6968 4642 4645
f 5251 4837 4836
f 5251 4836 5252
f 5253 4841 4840
f 5253 4840 5254
f 5255 4849 4848
f 5255 4848 5256
f 5257 4853 4852
f 5257 4852 5258
f 3698 6969 6970
f 3698 6970 3699
f 2531 2529 2526
f 2531 2526 2660
f 2531 2660 4866
f 2531 4866 4837
f 2531 4837 4869
f 2531 4869 4838
f 4869 5583 3879
f 4869 3879 3878
f 4869 3878 4838
f 4864 4839 3873
f 4864 3873 3872
f 4864 3872 5579
f 6971 3701 3704
f 6971 3704 6972
f 2608 2793 2794
f 2608 2794 2605
f 2608 2605 6973
f 2608 6973 7127
f 2608 7127 3958
f 2653 2527 2528
f 2653 2528 2530
f 2653 2530 4839
f 2653 4839 4864
f 2653 4864 4836
f 2653 4836 4863
f 4865 5578 3867
f 4865 3867 3866
f 4865 3866 4842
f 6974 6975 6976
f 6974 6976 6977
f 2537 2535 2532
f 2537 2532 2654
f 2537 2654 4862
f 2537 4862 4841
f 2537 4841 4865
f 2537 4865 4842
f 4860 4843 5218
f 4860 5218 5577
f 6978 6979 6980
f 6978 6980 6981
f 2647 2533 2534
f 2647 2534 2536
f 2647 2536 4843
f 2647 4843 4860
f 2647 4860 4840
f 2647 4840 4859
f 2539 2538 4845
f 2539 4845 4844
f 2648 2647 4859
f 2648 4859 4858
f 2654 2653 4863
f 2654 4863 4862
f 2660 2659 4867
f 2660 4867 4866
f 2538 2547 2548
f 2538 2548 2542
f 2538 2542 4851
f 2538 4851 4846
f 2538 4846 4848
f 2538 4848 4845
f 4846 4851 3861
f 4846 3861 3860
f 4846 3860 5575
f 6982 6983 6984
f 6982 6984 6985
f 2545 2554 2551
f 2545 2551 2539
f 2545 2539 4844
f 2545 4844 4853
f 2545 4853 4847
f 2545 4847 4854
f 4847 5574 3855
f 4847 3855 3854
f 4847 3854 4854
f 6986 6987 6988
f 6986 6988 6989
f 4861 5576 3863
f 4861 3863 3862
f 4861 3862 4850
f 6990 6991 6992
f 6990 6992 6993
f 2550 2549 2546
f 2550 2546 2648
f 2550 2648 4858
f 2550 4858 4849
f 2550 4849 4861
f 2550 4861 4850
f 2553 2552 3692
f 2553 3692 5258
f 2558 2553 5258
f 2558 5258 4852
f 2558 4852 6994
f 5572 6994 4855
f 5572 4855 3853
f 5572 3853 3852
f 6995 6996 6997
f 6995 6997 6998
f 6999 7000 4788
f 6999 4788 4787
f 5569 3846 3849
f 5569 3849 5570
f 7001 3693 3696
f 7001 3696 7002
f 2559 5573 3851
f 2559 3851 3850
f 2559 3850 2560
f 7003 7004 7005
f 7003 7005 7006
f 7007 7008 7009
f 7007 7009 7010
f 2659 2663 7011
f 2659 7011 4868
f 2659 4868 4867
f 5582 4868 7011
f 5582 7011 3877
f 5582 3877 3876
f 6036 3469 3473
f 6036 3473 6037
f 3472 5260 6037
f 3472 6037 3473
f 7012 7013 2192
f 7012 2192 2191
f 7014 7015 2196
f 7014 2196 2195
f 7015 5828 2199
f 7015 2199 2196
f 7013 7014 2195
f 7013 2195 2192
f 6975 4079 4082
f 6975 4082 7024
f 6975 7024 7023
f 6975 7023 6976
f 4073 6978 6981
f 4073 6981 7036
f 4073 7036 7035
f 4073 7035 4074
f 6991 4064 4067
f 6991 4067 7038
f 6991 7038 7037
f 6991 7037 6992
f 3938 6982 6985
f 3938 6985 7042
f 3938 7042 7041
f 3938 7041 3939
f 6987 3930 3933
f 6987 3933 7046
f 6987 7046 7045
f 6987 7045 6988
f 7004 6995 6998
f 7004 6998 7050
f 7004 7050 7049
f 7004 7049 7005
f 7001 7002 7054
f 7001 7054 7053
f 7001 7053 5586
f 7001 5586 5585
f 7001 5585 7016
f 4089 7007 7010
f 4089 7010 7020
f 4089 7020 7019
f 4089 7019 4090
f 6969 4083 4084
f 6969 4084 7028
f 6969 7028 7027
f 6969 7027 6970
f 3977 6971 6972
f 3977 6972 7032
f 3977 7032 7031
f 3977 7031 3978
f 7017 7018 7019
f 7017 7019 7020
f 7021 7022 7023
f 7021 7023 7024
f 7025 7026 7027
f 7025 7027 7028
f 7029 7030 7031
f 7029 7031 7032
f 7033 7034 7035
f 7033 7035 7036
f 5215 5214 7037
f 5215 7037 7038
f 7039 7040 7041
f 7039 7041 7042
f 7043 7044 7045
f 7043 7045 7046
f 7047 7048 7049
f 7047 7049 7050
f 7051 7052 7118
f 7051 7118 7053
f 7051 7053 7054
f 7051 7054 7114
f 7055 7075 7076
f 3884 3883 7017
f 3884 7017 7020
f 3884 7020 7076
f 3884 7076 7075
f 7077 7078 7056
f 7019 7018 3886
f 7019 3886 3885
f 7019 3885 7078
f 7019 7078 7077
f 7057 7079 7080
f 3888 3887 7021
f 3888 7021 7024
f 3888 7024 7080
f 3888 7080 7079
f 7081 7082 7058
f 7023 7022 3890
f 7023 3890 3889
f 7023 3889 7082
f 7023 7082 7081
f 7059 7083 7084
f 3892 3891 7025
f 3892 7025 7028
f 3892 7028 7084
f 3892 7084 7083
f 7085 7086 7060
f 7027 7026 3894
f 7027 3894 3893
f 7027 3893 7086
f 7027 7086 7085
f 7061 7087 7088
f 3896 3895 7029
f 3896 7029 7032
f 3896 7032 7088
f 3896 7088 7087
f 7089 7090 7062
f 7031 7030 3898
f 7031 3898 3897
f 7031 3897 7090
f 7031 7090 7089
f 7063 7091 7092
f 3900 3899 7033
f 3900 7033 7036
f 3900 7036 7092
f 3900 7092 7091
f 7093 7094 7064
f 7035 7034 3902
f 7035 3902 3901
f 7035 3901 7094
f 7035 7094 7093
f 7065 7095 7096
f 5216 5215 7038
f 5216 7038 7096
f 5216 7096 7095
f 7097 7098 7066
f 5214 5217 7098
f 5214 7098 7097
f 5214 7097 7037
f 7067 7099 7100
f 3904 3903 7039
f 3904 7039 7042
f 3904 7042 7100
f 3904 7100 7099
f 7101 7102 7068
f 7041 7040 3906
f 7041 3906 3905
f 7041 3905 7102
f 7041 7102 7101
f 7069 7103 7104
f 3908 3907 7043
f 3908 7043 7046
f 3908 7046 7104
f 3908 7104 7103
f 7105 7106 7070
f 7045 7044 3910
f 7045 3910 3909
f 7045 3909 7106
f 7045 7106 7105
f 7071 7107 7108
f 3912 3911 7047
f 3912 7047 7050
f 3912 7050 7108
f 3912 7108 7107
f 7109 7110 7072
f 7049 7048 3914
f 7049 3914 3913
f 7049 3913 7110
f 7049 7110 7109
f 7073 7111 7112
f 7073 7112 7113
f 7114 7054 7113
f 7114 7113 7112
f 3916 3915 7051
f 3916 7051 7114
f 3916 7114 7112
f 3916 7112 7111
f 7115 7116 7117
f 7115 7117 7074
f 7118 7116 7115
f 7118 7115 7053
f 7118 7052 3918
f 7118 3918 3917
f 7118 3917 7117
f 7118 7117 7116
f 7119 7120 7121
f 7119 7121 7122
f 7120 7123 7124
f 7120 7124 7121
f 4044 6737 6738
f 4044 6738 4469
f 4044 4469 7125
f 4044 7125 7124
f 4044 7124 7123
f 4044 7123 7126
f 7126 7123 7120
f 7126 7120 7119
f 7126 7119 4045
f 7125 4468 7122
f 7125 7122 7121
f 7125 7121 7124
f 3980 3979 2672
f 3980 2672 2795
f 3980 2795 2673
f 3980 2673 5560
f 3980 5560 5561
f 3980 5561 4468
f 5261 7127 4857
f 5261 4857 4856
f 5261 4856 5262
f 2750 2749 5288
f 2750 5288 5287
f 2791 2794 5264
f 2791 5264 5263
f 4058 3962 3957
f 4058 3957 4857
f 4058 4857 4881
f 2605 2604 7128
f 2605 7128 6973
f 7128 2604 2750
f 7128 2750 2607
f 7128 2607 3971
f 7128 3971 3960
f 2613 2612 3538
f 2613 3538 3537
f 2611 2610 3540
f 2611 3540 3539
f 2615 2614 3542
f 2615 3542 3541
f 2617 2616 3544
f 2617 3544 3543
f 2612 2618 3545
f 2612 3545 3538
f 2619 2611 3539
f 2619 3539 3546
f 2618 2615 3541
f 2618 3541 3545
f 2616 2619 3546
f 2616 3546 3544
f 2614 2620 3547
f 2614 3547 3542
f 2617 3543 3548
f 2617 3548 1495
f 2617 1495 1505
f 2620 2621 3549
f 2620 3549 3547
f 2622 1505 1495
f 2622 1495 3548
f 2622 3548 3550
f 2623 2622 3550
f 2623 3550 3552
f 2621 2624 3551
f 2621 3551 3549
f 2626 2625 3554
f 2626 3554 3553
f 2628 2627 3556
f 2628 3556 3555
f 2625 2630 3558
f 2625 3558 3554
f 2630 2631 3559
f 2630 3559 3558
f 2632 2629 3557
f 2632 3557 3560
f 2634 2633 3564
f 2634 3564 3563
f 2636 2635 3562
f 2636 3562 3561
f 2638 2637 3566
f 2638 3566 3565
f 2640 2639 3568
f 2640 3568 3567
f 2631 2634 3563
f 2631 3563 3559
f 2635 2632 3560
f 2635 3560 3562
f 2637 2636 3561
f 2637 3561 3566
f 2633 2640 3567
f 2633 3567 3564
f 2641 2638 3565
f 2641 3565 3570
f 2639 2642 3569
f 2639 3569 3568
f 2643 2641 3570
f 2643 3570 3572
f 2642 2644 3571
f 2642 3571 3569
f 2610 2643 3572
f 2610 3572 3540
f 2644 2613 3537
f 2644 3537 3571
f 2624 2645 3573
f 2624 3573 3551
f 2646 2623 3552
f 2646 3552 3574
f 2645 2626 3553
f 2645 3553 3573
f 2627 2646 3574
f 2627 3574 3556
f 4686 6879 4648
f 4686 4648 4647
f 4649 4648 6879
f 4649 6879 8034
f 4649 8034 6881
f 7129 4686 4647
f 7129 4647 4646
f 7130 7129 4646
f 7130 4646 4650
f 6881 6883 4652
f 6881 4652 4649
f 6883 6885 4653
f 6883 4653 4652
f 7131 7130 4650
f 7131 4650 4651
f 4654 4653 6885
f 4654 6885 8032
f 4654 8032 8031
f 4654 8031 6887
f 7132 7131 4651
f 7132 4651 4655
f 7133 6896 6894
f 7133 6894 7134
f 7133 7134 6894
f 7133 6894 4659
f 7133 4659 4658
f 7133 4658 6896
f 4661 6898 8022
f 4661 8022 7133
f 4661 7133 6896
f 4661 6896 4658
f 7135 7132 4655
f 7135 4655 4660
f 4661 4657 6900
f 4661 6900 8019
f 4661 8019 6898
f 6892 5673 4663
f 6892 4663 4662
f 4662 4659 6894
f 4662 6894 7134
f 4662 7134 8020
f 4662 8020 6892
f 5720 7135 4660
f 5720 4660 4664
f 7136 6940 4433
f 7136 4433 4673
f 7136 4673 4672
f 5304 7136 4672
f 5304 4672 4671
f 7137 5303 4676
f 7137 4676 4675
f 7137 4675 4674
f 7137 4674 4434
f 7137 4434 6941
f 7138 7139 4678
f 7138 4678 4677
f 7140 7141 4680
f 7140 4680 4679
f 7139 7140 4679
f 7139 4679 4678
f 7141 7138 4677
f 7141 4677 4680
f 7142 7143 4682
f 7142 4682 4681
f 7144 7145 4684
f 7144 4684 4683
f 7143 7144 4683
f 7143 4683 4682
f 7145 7142 4681
f 7145 4681 4684
f 4903 4686 3664
f 4903 3664 3677
f 7148 7149 7150
f 7148 7150 7151
f 7148 7151 7146
f 7148 7146 7840
f 7148 7840 7835
f 7148 7835 7147
f 7152 7153 7150
f 7152 7150 7149
f 7154 7155 4710
f 7154 4710 7845
f 7154 7845 7844
f 7154 7844 7146
f 7154 7146 7151
f 7155 7156 4711
f 7155 4711 4710
f 7158 7148 7147
f 7158 7147 7834
f 7158 7834 7837
f 7158 7837 4709
f 7158 4709 7157
f 7159 7157 4709
f 7159 4709 4708
f 7158 7152 7149
f 7158 7149 7148
f 7153 7154 7151
f 7153 7151 7150
f 5440 7159 4708
f 5440 4708 4707
f 7156 5439 4706
f 7156 4706 4711
f 7160 7161 4792
f 7160 4792 4791
f 7161 5791 4785
f 7161 4785 4792
f 5443 7160 4791
f 5443 4791 4790
f 7000 5442 4789
f 7000 4789 4788
f 5792 6999 4787
f 5792 4787 4786
f 7162 7163 4666
f 7162 4666 4665
f 3948 3610 3613
f 3948 3613 3949
f 3611 7162 4665
f 3611 4665 3612
f 7163 3614 3617
f 7163 3617 4666
f 3615 3947 3950
f 3615 3950 3616
f 3387 5355 4531
f 3387 4531 3388
f 3339 3338 5265
f 3339 5265 4915
f 3342 3341 5268
f 3342 5268 5267
f 3344 3343 5270
f 3344 5270 5269
f 3343 3342 5267
f 3343 5267 5270
f 3341 3344 5269
f 3341 5269 5268
f 5381 7164 5371
f 5381 5371 5362
f 5381 7165 5363
f 5381 5363 5362
f 7166 5380 5365
f 7166 5365 5364
f 7167 5380 5365
f 7167 5365 5366
f 7165 7166 5364
f 7165 5364 5363
f 5379 7167 5366
f 5379 5366 5368
f 7164 5376 5369
f 7164 5369 5371
f 5155 5154 5274
f 5155 5274 5273
f 5274 5305 5756
f 5274 5756 5120
f 5274 5120 5273
f 5738 5725 5123
f 5738 5123 5729
f 5738 5729 5739
f 7168 7169 2208
f 7168 2208 2207
f 7170 7168 2207
f 7170 2207 2210
f 7171 7170 2210
f 7171 2210 2211
f 7172 7171 2211
f 7172 2211 2213
f 3381 7172 2213
f 3381 2213 2216
f 7173 7174 3747
f 7173 3747 6749
f 6744 7176 7175
f 6744 7175 7174
f 6744 7174 3747
f 7177 7178 7175
f 7177 7175 7176
f 3953 7178 7177
f 3953 7177 4049
f 3303 3302 6876
f 3303 6876 7179
f 5445 4396 4395
f 5445 4395 5553
f 4395 7187 7186
f 4395 7186 5540
f 4395 5540 5543
f 4395 5543 5554
f 4395 5554 5553
f 2681 3776 8047
f 2681 8047 7187
f 2681 7187 4394
f 2681 4394 2682
f 4130 4129 7188
f 4130 7188 7189
f 4128 4131 7190
f 4128 7190 7191
f 1700 6880 4901
f 1700 4901 3678
f 7192 7193 7194
f 7192 7194 7195
f 7192 7195 7196
f 7192 7196 7197
f 7192 7197 7198
f 7192 7198 7199
f 7200 7201 7202
f 7200 7202 7203
f 7200 7203 7204
f 7200 7204 7205
f 7200 7205 7206
f 7200 7206 7207
f 3285 3284 3322
f 3285 3322 6179
f 3287 3286 6180
f 3287 6180 5150
f 3291 3290 4905
f 3291 4905 5388
f 3293 3292 5389
f 3293 5389 5162
f 2817 3296 5396
f 2817 5396 2818
f 3297 2816 2819
f 3297 2819 5170
f 3299 3298 5171
f 3299 5171 4945
f 5245 5244 4720
f 5245 4720 4723
f 3301 3300 4946
f 3301 4946 6875
f 5276 3479 3478
f 5276 3478 5999
f 3483 5278 6041
f 3483 6041 3484
f 3306 6039 6042
f 3306 6042 6808
f 3306 6808 2228
f 3487 6043 6046
f 3487 6046 3488
f 5280 3489 3488
f 5280 3488 6046
f 3493 5282 6049
f 3493 6049 3494
f 3309 6047 6050
f 3309 6050 5723
f 3309 5723 2232
f 6044 3310 2231
f 6044 2231 5793
f 6044 5793 6045
f 5651 5650 7208
f 5651 7208 7213
f 5651 7213 6031
f 2873 2872 6034
f 2873 6034 6942
f 2873 6942 6944
f 6181 5654 2238
f 6181 2238 7210
f 6181 7210 7209
f 6181 7209 4908
f 6181 4908 7212
f 6181 7212 2237
f 7209 7210 7216
f 7209 7216 7222
f 7209 7222 6031
f 7209 6031 4797
f 7209 4797 7230
f 7209 7230 7211
f 7209 7211 5426
f 5426 7211 7229
f 5426 7229 7231
f 5426 7231 5588
f 5426 5588 4914
f 5426 4914 4913
f 5426 4913 4907
f 6943 6945 7212
f 6943 7212 4908
f 6943 4908 4907
f 6943 4907 4913
f 5651 6031 7222
f 5651 7222 7216
f 5651 7216 7210
f 5651 7210 2238
f 5651 2238 5657
f 5651 5657 5655
f 6034 2872 2875
f 6034 2875 2877
f 6034 2877 2237
f 6034 2237 7212
f 6034 7212 6945
f 6034 6945 6943
f 6072 6071 7213
f 6072 7213 7208
f 7214 7215 5825
f 7214 5825 5824
f 7214 5824 7221
f 7214 7221 7216
f 7214 7216 7222
f 7214 7222 6031
f 7218 7219 7220
f 7218 7220 6144
f 7218 6144 6143
f 7218 6143 7217
f 6144 7220 7221
f 6144 7221 5824
f 7215 7217 6143
f 7215 6143 5825
f 5608 5607 6031
f 5608 6031 7213
f 5607 5610 7222
f 5607 7222 6031
f 5650 5653 6072
f 5650 6072 7208
f 6944 6073 2870
f 6944 2870 2873
f 6947 7214 6031
f 6947 6031 4797
f 6947 4797 7230
f 6947 7230 7211
f 6947 7211 7229
f 6947 7229 7231
f 6947 7231 5588
f 6947 5588 4914
f 6947 4914 6034
f 7213 6071 6074
f 7213 6074 6942
f 6032 7221 7220
f 6032 7220 7219
f 6032 7219 7223
f 6032 7223 5425
f 6032 5425 7224
f 5425 4910 7225
f 5425 7225 7224
f 4909 6950 6948
f 4909 6948 6949
f 4909 6949 6033
f 4909 6033 7225
f 4909 7225 4910
f 5425 7223 7209
f 5425 7209 5426
f 7213 6942 5609
f 7213 5609 5608
f 4798 7222 5610
f 4798 5610 4799
f 7226 7227 5612
f 7226 5612 5611
f 5589 7228 5615
f 5589 5615 5590
f 6943 4913 4912
f 6943 4912 5617
f 7229 7226 5611
f 7229 5611 5614
f 5613 5612 7227
f 5613 7227 7230
f 5616 5615 7228
f 5616 7228 7231
f 5661 5660 6144
f 5661 6144 5824
f 5827 6145 2876
f 5827 2876 2878
f 5825 6143 5662
f 5825 5662 5663
f 2882 2881 6146
f 2882 6146 5826
f 7232 6963 4871
f 7232 4871 4870
f 6964 7233 4873
f 6964 4873 4872
f 7233 7232 4870
f 7233 4870 4873
f 2692 2691 5284
f 2692 5284 5283
f 2694 2693 5286
f 2694 5286 5285
f 2693 2692 5283
f 2693 5283 5286
f 2691 2694 5285
f 2691 5285 5284
f 5089 5088 5075
f 5089 5075 5074
f 3416 5092 5094
f 3416 5094 3417
f 2707 2698 7238
f 2707 7238 7239
f 2698 2699 7240
f 2698 7240 7238
f 2699 2706 7241
f 2699 7241 7240
f 2706 2707 7239
f 2706 7239 7241
f 5094 5092 5093
f 5094 5093 5095
f 2716 2715 7543
f 2716 7543 7242
f 2716 7242 7243
f 2716 7243 7521
f 2718 2717 7549
f 2718 7549 7244
f 2718 7244 7245
f 2718 7245 7534
f 2720 2719 7520
f 2720 7520 7246
f 2720 7246 7247
f 2720 7247 7544
f 2722 2721 7533
f 2722 7533 7248
f 2722 7248 7249
f 2722 7249 7547
f 2724 2723 5034
f 2724 5034 5033
f 2725 2724 5033
f 2725 5033 5032
f 2723 2728 5035
f 2723 5035 5034
f 2728 2727 5030
f 2728 5030 5035
f 2726 2725 5032
f 2726 5032 5031
f 7250 3345 2242
f 7250 2242 2241
f 7251 7252 2245
f 7251 2245 2244
f 5191 7251 2244
f 5191 2244 2248
f 7252 7250 2241
f 7252 2241 2245
f 4462 4461 5047
f 4462 5047 5046
f 5320 5994 4535
f 5320 4535 4534
f 5698 5683 4560
f 5698 4560 4559
f 5714 6929 4536
f 5714 4536 4533
f 5670 5356 4541
f 5670 4541 4538
f 4939 5705 4542
f 4939 4542 4546
f 5716 6936 4551
f 5716 4551 4548
f 5004 5717 4552
f 5004 4552 4556
f 5321 5995 4540
f 5321 4540 4539
f 5699 5684 4565
f 5699 4565 4564
f 5996 5322 4545
f 5996 4545 4544
f 5685 5700 4570
f 5685 4570 4569
f 5997 5324 4555
f 5997 4555 4554
f 5686 5703 4580
f 5686 4580 4579
f 2744 2743 4051
f 2744 4051 4050
f 2746 2745 4053
f 2746 4053 4052
f 2745 2744 4050
f 2745 4050 4053
f 3361 3360 4102
f 3361 4102 4874
f 3363 3362 4875
f 3363 4875 4101
f 5336 5605 5604
f 5336 5604 5337
f 5605 5336 5339
f 5605 5339 5407
f 5337 5604 5408
f 5337 5408 5338
f 5762 4747 4746
f 5762 4746 5204
f 5595 4748 4747
f 5595 4747 5762
f 5765 3582 3581
f 5765 3581 5766
f 5764 3579 3582
f 5764 3582 5765
f 7253 7254 7255
f 7253 7255 7256
f 7254 7253 5359
f 7254 5359 5358
f 7256 7255 5361
f 7256 5361 5360
f 7253 7256 5360
f 7253 5360 5359
f 7255 7254 5358
f 7255 5358 5361
f 4725 4724 5133
f 4725 5133 5132
f 4727 4726 5131
f 4727 5131 5130
f 4724 4727 5130
f 4724 5130 5133
f 4726 4725 5132
f 4726 5132 5131
f 6677 6167 6151
f 6677 6151 6154
f 6170 6678 6157
f 6170 6157 6156
f 4055 4054 4879
f 4055 4879 4878
f 4055 4878 4877
f 3967 3966 4880
f 3967 4880 4056
f 4881 4879 4054
f 4881 4054 4058
f 7259 7260 7257
f 7259 7257 5374
f 7259 5374 5373
f 7259 5373 7258
f 5821 7261 7258
f 5821 7258 5373
f 7262 5820 5374
f 7262 5374 7257
f 6101 6104 7261
f 6101 7261 5821
f 6101 5821 5820
f 6101 5820 7262
f 7295 7260 7259
f 7295 7259 7296
f 7296 7259 7258
f 7296 7258 7261
f 7296 7261 6104
f 7296 6104 6103
f 7295 6102 6101
f 7295 6101 7262
f 7295 7262 7257
f 7295 7257 7260
f 5822 5821 5373
f 5822 5373 5372
f 5823 5822 5372
f 5823 5372 5375
f 5820 5823 5375
f 5820 5375 5374
f 7297 7298 7299
f 7297 7299 7300
f 7302 7301 7298
f 7302 7298 7297
f 7304 7303 7300
f 7304 7300 7299
f 7303 7302 7297
f 7303 7297 7300
f 6816 7305 2256
f 6816 2256 2255
f 5344 2261 2262
f 5344 2262 5345
f 6819 6818 2261
f 6819 2261 5344
f 6776 7306 7307
f 6776 7307 6777
f 5941 5940 7308
f 5941 7308 6778
f 7309 7310 7311
f 7309 7311 7312
f 7313 7314 5982
f 7313 5982 5981
f 7315 7316 7317
f 7315 7317 7318
f 7319 7320 7321
f 7319 7321 7322
f 5098 2754 2753
f 5098 2753 5099
f 4451 4450 5814
f 4451 5814 5817
f 4467 4466 5042
f 4467 5042 5041
f 4466 4465 5043
f 4466 5043 5042
f 4464 4463 5045
f 4464 5045 5044
f 4463 4462 5046
f 4463 5046 5045
f 7323 7324 7263
f 7323 7263 7266
f 7325 7326 7265
f 7325 7265 7264
f 7324 7327 7267
f 7324 7267 7263
f 7328 7325 7264
f 7328 7264 7268
f 7327 7329 7269
f 7327 7269 7267
f 7330 7328 7268
f 7330 7268 7270
f 7329 7331 7271
f 7329 7271 7269
f 7332 7330 7270
f 7332 7270 7272
f 7331 7333 7273
f 7331 7273 7271
f 7334 7332 7272
f 7334 7272 7274
f 7333 7335 7275
f 7333 7275 7273
f 7336 7334 7274
f 7336 7274 7276
f 7335 7337 7277
f 7335 7277 7275
f 7338 7336 7276
f 7338 7276 7278
f 7337 7339 7279
f 7337 7279 7277
f 7340 7338 7278
f 7340 7278 7280
f 7341 7323 7266
f 7341 7266 7282
f 7326 7342 7281
f 7326 7281 7265
f 7343 7341 7282
f 7343 7282 7284
f 7342 7344 7283
f 7342 7283 7281
f 7345 7343 7284
f 7345 7284 7286
f 7344 7346 7285
f 7344 7285 7283
f 7347 7345 7286
f 7347 7286 7288
f 7285 7346 7357
f 7285 7357 7348
f 7285 7348 5139
f 7285 5139 7287
f 7349 7347 7288
f 7349 7288 7290
f 7350 7289 7287
f 7350 7287 5139
f 7350 5139 7348
f 7351 7349 7290
f 7351 7290 7292
f 7350 7352 7291
f 7350 7291 7289
f 7353 7351 7292
f 7353 7292 7294
f 7352 7354 7293
f 7352 7293 7291
f 7339 7353 7294
f 7339 7294 7279
f 7354 7340 7280
f 7354 7280 7293
f 7355 7356 5138
f 7355 5138 5137
f 7356 7348 5139
f 7356 5139 5138
f 7357 7355 5137
f 7357 5137 5136
f 5770 6108 6107
f 5770 6107 5767
f 6078 6777 7307
f 6078 7307 6075
f 7358 2799 7306
f 7358 7306 6076
f 7358 6076 6106
f 7358 6106 5768
f 7358 5768 5899
f 7358 5899 5902
f 7358 5902 5412
f 7358 5412 5411
f 7358 5411 4585
f 7358 4585 7359
f 7359 4585 4584
f 7359 4584 7362
f 7359 7362 7360
f 7360 7362 7363
f 7360 7363 7365
f 7360 7365 7361
f 7364 7361 7365
f 7364 7365 7366
f 5905 5832 4589
f 5905 4589 7367
f 5905 7367 7364
f 5905 7364 7366
f 5905 7366 5906
f 7368 7367 4589
f 7368 4589 4588
f 7369 7368 4588
f 7369 4588 5416
f 7369 5416 5415
f 7369 5415 7371
f 7370 7369 7371
f 7370 7371 7372
f 7373 7370 7372
f 7373 7372 4593
f 7373 4593 4592
f 7373 4592 7375
f 7374 7373 7375
f 7374 7375 7376
f 5910 5909 4597
f 5910 4597 7377
f 5910 7377 7374
f 5910 7374 7376
f 5910 7376 7378
f 7377 4597 4596
f 7377 4596 7381
f 7377 7381 7379
f 7380 7379 7381
f 7380 7381 7382
f 5913 5769 6105
f 5913 6105 6077
f 5913 6077 6776
f 5913 6776 2796
f 5913 2796 7380
f 5913 7380 7382
f 5913 7382 5914
f 5900 5771 6109
f 5900 6109 6079
f 5900 6079 7308
f 5900 7308 2798
f 5900 2798 7383
f 5900 7383 5409
f 5900 5409 5901
f 7383 7384 4582
f 7383 4582 5410
f 7383 5410 5409
f 7384 7385 7388
f 7384 7388 4583
f 7384 4583 4582
f 7385 7386 7391
f 7385 7391 7387
f 7385 7387 7388
f 7386 7389 7390
f 7386 7390 7391
f 5904 5903 7390
f 5904 7390 7389
f 5904 7389 7392
f 5904 7392 4586
f 5904 4586 5831
f 7392 7393 4587
f 7392 4587 4586
f 7393 7394 7397
f 7393 7397 5414
f 7393 5414 5413
f 7393 5413 4587
f 7394 7395 7396
f 7394 7396 7397
f 7395 7398 7401
f 7395 7401 4591
f 7395 4591 4590
f 7395 4590 7396
f 7398 7399 7400
f 7398 7400 7401
f 5907 7403 7400
f 5907 7400 7399
f 5907 7399 7402
f 5907 7402 4594
f 5907 4594 5908
f 7402 7404 7407
f 7402 7407 4595
f 7402 4595 4594
f 7404 7405 7406
f 7404 7406 7407
f 7405 2797 6778
f 7405 6778 6080
f 7405 6080 6110
f 7405 6110 5774
f 7405 5774 5912
f 7405 5912 5911
f 7405 5911 7406
f 5901 5409 5412
f 5901 5412 5902
f 4583 7388 7362
f 4583 7362 4584
f 7388 7387 7363
f 7388 7363 7362
f 7387 7391 7365
f 7387 7365 7363
f 7391 7390 7366
f 7391 7366 7365
f 7401 7400 7376
f 7401 7376 7375
f 7408 7409 7410
f 7408 7410 7411
f 7412 7413 7414
f 7412 7414 7415
f 5906 7366 7390
f 5906 7390 5903
f 5904 5831 5832
f 5904 5832 5905
f 5416 4588 4587
f 5416 4587 5413
f 5414 7397 7371
f 5414 7371 5415
f 7397 7396 7372
f 7397 7372 7371
f 4593 7372 7396
f 4593 7396 4590
f 4591 7401 7375
f 4591 7375 4592
f 7378 7376 7400
f 7378 7400 7403
f 5908 4594 4597
f 5908 4597 5909
f 7403 5907 5910
f 7403 5910 7378
f 4595 7407 7381
f 4595 7381 4596
f 7407 7406 7382
f 7407 7382 7381
f 5914 7382 7406
f 5914 7406 5911
f 5102 2758 2802
f 5102 2802 2803
f 5102 2803 2757
f 5102 2757 5103
f 5103 2757 2756
f 5103 2756 5100
f 5107 2761 2760
f 5107 2760 5104
f 5104 2760 2800
f 5104 2800 2801
f 5104 2801 2759
f 5104 2759 5105
f 2763 5916 5915
f 2763 5915 5787
f 2763 5787 6124
f 2763 6124 6091
f 2763 6091 7322
f 2763 7322 2764
f 5916 2763 2766
f 5916 2766 5917
f 5920 2767 2770
f 5920 2770 5921
f 5925 5788 6123
f 5925 6123 6092
f 5925 6092 7321
f 5925 7321 2802
f 5925 2802 7416
f 5925 7416 5419
f 5925 5419 5926
f 7416 7417 4600
f 7416 4600 5420
f 7416 5420 5419
f 7417 7418 7421
f 7417 7421 4601
f 7417 4601 4600
f 7421 7418 2764
f 7421 2764 7419
f 7421 7419 7410
f 7421 7410 7420
f 7411 7410 7419
f 7411 7419 2765
f 7411 2765 7422
f 5930 5929 7411
f 5930 7411 7422
f 5930 7422 7423
f 5930 7423 4604
f 5930 4604 7424
f 7423 7425 4605
f 7423 4605 4604
f 7425 7426 7429
f 7425 7429 5424
f 7425 5424 5423
f 7425 5423 4605
f 7426 7427 7428
f 7426 7428 7429
f 7427 7430 7414
f 7427 7414 4609
f 7427 4609 4608
f 7427 4608 7428
f 7415 7414 7430
f 7415 7430 2768
f 7415 2768 7431
f 5933 7433 7415
f 5933 7415 7431
f 5933 7431 2769
f 5933 2769 7432
f 5933 7432 4612
f 5933 4612 5934
f 7432 7434 7437
f 7432 7437 4613
f 7432 4613 4612
f 7434 7435 7436
f 7434 7436 7437
f 7435 2801 7312
f 7435 7312 6081
f 7435 6081 6114
f 7435 6114 5775
f 7435 5775 5936
f 7435 5936 5935
f 7435 5935 7436
f 5918 5784 6119
f 5918 6119 6088
f 5918 6088 7317
f 5918 7317 2765
f 5918 2765 7419
f 5918 7419 2764
f 5918 2764 7322
f 5918 7322 6091
f 5918 6091 6124
f 5918 6124 5787
f 5918 5787 5915
f 5918 5915 7420
f 5922 5776 6113
f 5922 6113 6082
f 5922 6082 7311
f 5922 7311 2769
f 5922 2769 7431
f 5922 7431 2768
f 5922 2768 7318
f 5922 7318 6087
f 5922 6087 6120
f 5922 6120 5783
f 5922 5783 5919
f 5921 2770 2769
f 5921 2769 7311
f 5921 7311 6082
f 5921 6082 6113
f 5921 6113 5776
f 5921 5776 5922
f 7438 2803 7314
f 7438 7314 6085
f 7438 6085 6116
f 7438 6116 5781
f 7438 5781 5924
f 7438 5924 5923
f 7438 5923 5418
f 7438 5418 5417
f 7438 5417 4599
f 7438 4599 7439
f 7439 4599 4598
f 7439 4598 7442
f 7439 7442 7440
f 7440 7442 7443
f 7440 7443 7409
f 7440 7409 7441
f 7444 7441 7409
f 7444 7409 7408
f 5927 7446 4603
f 5927 4603 7445
f 5927 7445 7444
f 5927 7444 7408
f 5927 7408 5928
f 7447 7445 4603
f 7447 4603 4602
f 7448 7447 4602
f 7448 4602 5422
f 7448 5422 5421
f 7448 5421 7450
f 7449 7448 7450
f 7449 7450 7451
f 7452 7449 7451
f 7452 7451 4607
f 7452 4607 4606
f 7452 4606 7413
f 7453 7452 7413
f 7453 7413 7412
f 5932 5931 4611
f 5932 4611 7454
f 5932 7454 7453
f 5932 7453 7412
f 5932 7412 7455
f 7454 4611 4610
f 7454 4610 7458
f 7454 7458 7456
f 7457 7456 7458
f 7457 7458 7459
f 5937 5782 6115
f 5937 6115 6086
f 5937 6086 7313
f 5937 7313 2800
f 5937 2800 7457
f 5937 7457 7459
f 5937 7459 5938
f 6112 6111 5778
f 6112 5778 5777
f 7310 7309 6084
f 7310 6084 6083
f 7316 7315 6090
f 7316 6090 6089
f 6093 7320 7319
f 6093 7319 6094
f 6118 6117 5786
f 6118 5786 5785
f 5789 6122 6121
f 5789 6121 5790
f 5926 5419 5418
f 5926 5418 5923
f 5420 4600 4599
f 5420 4599 5417
f 4601 7421 7442
f 4601 7442 4598
f 7443 7442 7421
f 7443 7421 7420
f 7420 7410 7409
f 7420 7409 7443
f 5928 7408 7411
f 5928 7411 5929
f 5930 7424 7446
f 5930 7446 5927
f 7424 4604 4603
f 7424 4603 7446
f 5422 4602 4605
f 5422 4605 5423
f 5424 7429 7450
f 5424 7450 5421
f 7429 7428 7451
f 7429 7451 7450
f 4607 7451 7428
f 4607 7428 4608
f 4609 7414 7413
f 4609 7413 4606
f 7455 7412 7415
f 7455 7415 7433
f 5934 4612 4611
f 5934 4611 5931
f 5932 7455 7433
f 5932 7433 5933
f 4613 7437 7458
f 4613 7458 4610
f 7459 7458 7437
f 7459 7437 7436
f 5938 7459 7436
f 5938 7436 5935
f 5108 2776 2773
f 5108 2773 2774
f 5108 2774 2775
f 5108 2775 5109
f 5114 2786 2771
f 5114 2771 2772
f 5114 2772 2785
f 5114 2785 5115
f 5111 2777 2776
f 5111 2776 5108
f 5115 2785 2784
f 5115 2784 5112
f 5119 2789 2788
f 5119 2788 5116
f 5112 2784 2781
f 5112 2781 2782
f 5112 2782 2783
f 5112 2783 5113
f 5116 2788 2787
f 5116 2787 5117
f 6097 6148 6147
f 6097 6147 6098
f 6099 6150 6149
f 6099 6149 6100
f 6100 6149 6148
f 6100 6148 6097
f 6098 6147 6150
f 6098 6150 6099
f 6054 6053 7460
f 6054 7460 7461
f 6058 6057 7462
f 6058 7462 7463
f 6062 6061 7464
f 6062 7464 7465
f 6066 6065 7466
f 6066 7466 6068
f 7467 7468 7469
f 7467 7469 7470
f 7471 7472 7473
f 7471 7473 7474
f 6052 6051 7475
f 6052 7475 7476
f 6056 6055 7477
f 6056 7477 7478
f 6060 6059 7479
f 6060 7479 7480
f 6064 6063 6067
f 6064 6067 7481
f 7482 7483 7484
f 7482 7484 7485
f 7486 7487 7488
f 7486 7488 7489
f 7476 7475 7461
f 7476 7461 7460
f 7478 7477 7463
f 7478 7463 7462
f 5236 5235 4713
f 5236 4713 4712
f 6052 7476 7460
f 6052 7460 6053
f 6060 7480 7464
f 6060 7464 6061
f 7475 6051 6054
f 7475 6054 7461
f 7479 6059 6062
f 7479 6062 7465
f 5238 5237 4715
f 5238 4715 4714
f 5237 5236 4712
f 5237 4712 4715
f 6056 7478 7462
f 6056 7462 6057
f 7477 6055 6058
f 7477 6058 7463
f 7480 7479 7465
f 7480 7465 7464
f 7481 6067 6068
f 7481 6068 7466
f 5239 5242 4718
f 5239 4718 4717
f 6064 7481 7466
f 6064 7466 6065
f 7485 7484 7470
f 7485 7470 7469
f 7489 7488 7474
f 7489 7474 7473
f 5246 5245 4723
f 5246 4723 4722
f 7483 7482 7468
f 7483 7468 7467
f 7487 7486 7472
f 7487 7472 7471
f 7484 7483 7467
f 7484 7467 7470
f 7482 7485 7469
f 7482 7469 7468
f 5244 5243 4721
f 5244 4721 4720
f 5243 5246 4722
f 5243 4722 4721
f 7488 7487 7471
f 7488 7471 7474
f 7486 7489 7473
f 7486 7473 7472
f 5084 5087 5346
f 5084 5346 5349
f 5086 5085 5348
f 5086 5348 5347
f 6126 5196 5199
f 6126 5199 5351
f 5197 6125 5350
f 5197 5350 5198
f 5806 5813 7490
f 5806 7490 7491
f 7490 5802 5797
f 7490 5797 7491
f 7492 5809 5807
f 7492 5807 7493
f 5796 5800 7492
f 5796 7492 7493
f 5806 7491 7493
f 5806 7493 5807
f 7491 5797 5796
f 7491 5796 7493
f 7494 2739 7235
f 7494 7235 7495
f 2741 7496 7497
f 2741 7497 7237
f 7496 7494 7495
f 7496 7495 7497
f 7498 2738 4392
f 7498 4392 7499
f 7500 7498 7499
f 7500 7499 7501
f 2739 7502 7503
f 2739 7503 7235
f 7502 7500 7501
f 7502 7501 7503
f 7504 2733 7183
f 7504 7183 7505
f 7506 7504 7505
f 7506 7505 7507
f 2735 7508 7509
f 2735 7509 7185
f 7508 7506 7507
f 7508 7507 7509
f 7510 2729 7181
f 7510 7181 7511
f 7512 7510 7511
f 7512 7511 7513
f 2733 7514 7515
f 2733 7515 7183
f 7514 7512 7513
f 7514 7513 7515
f 7516 5200 5203
f 7516 5203 7919
f 7516 7919 7517
f 5193 7516 7517
f 5193 7517 7917
f 5193 7917 5194
f 7518 7519 7246
f 7518 7246 7520
f 2719 2710 7518
f 2719 7518 7520
f 2703 2716 7521
f 2703 7521 7522
f 7521 7243 7523
f 7521 7523 7537
f 7521 7537 7522
f 7524 7525 7526
f 7524 7526 7527
f 2709 2708 7524
f 2709 7524 7527
f 2705 2704 7528
f 2705 7528 7529
f 7528 7538 7530
f 7528 7530 7531
f 7528 7531 7532
f 7528 7532 7529
f 7532 7531 7248
f 7532 7248 7533
f 2721 2705 7529
f 2721 7529 7532
f 2721 7532 7533
f 2700 2718 7534
f 2700 7534 7535
f 7534 7245 7536
f 7534 7536 7535
f 7537 7523 7530
f 7537 7530 7538
f 2704 2703 7522
f 2704 7522 7537
f 2704 7537 7538
f 2704 7538 7528
f 2702 2701 7539
f 2702 7539 7540
f 7539 7541 7542
f 7539 7542 7540
f 2715 2702 7540
f 2715 7540 7543
f 7540 7542 7242
f 7540 7242 7543
f 7544 7247 7545
f 7544 7545 7546
f 2720 7544 7546
f 2720 7546 7551
f 2720 7551 2695
f 7547 7249 7525
f 7547 7525 7524
f 2708 2722 7547
f 2708 7547 7524
f 2717 2697 7548
f 2717 7548 7549
f 7244 7549 7548
f 7244 7548 7555
f 7244 7555 7550
f 7527 7526 7519
f 7527 7519 7518
f 2710 2709 7527
f 2710 7527 7518
f 2696 2695 7551
f 2696 7551 7552
f 7551 7546 7545
f 7551 7545 7553
f 7551 7553 7554
f 7551 7554 7552
f 2701 2700 7535
f 2701 7535 7539
f 7535 7536 7541
f 7535 7541 7539
f 7554 7553 7550
f 7554 7550 7555
f 2697 2696 7552
f 2697 7552 7554
f 2697 7554 7555
f 2697 7555 7548
f 7556 5538 5532
f 7556 5532 3777
f 7556 3777 3980
f 7556 3980 7557
f 5486 7556 7557
f 5486 7557 3989
f 5486 3989 3738
f 5486 3738 5487
f 5539 7558 7559
f 5539 7559 5533
f 7558 5485 5488
f 7558 5488 7559
f 5534 7560 7561
f 5534 7561 5536
f 7560 5481 5484
f 7560 5484 7561
f 5533 7559 7560
f 5533 7560 5534
f 7559 5488 5481
f 7559 5481 7560
f 7557 3980 3777
f 7557 3777 5532
f 7557 5532 5535
f 7557 5535 3778
f 7557 3778 7828
f 7557 7828 7562
f 5482 5487 3738
f 5482 3738 3989
f 5482 3989 7557
f 5482 7557 7562
f 5482 7562 3740
f 7564 3755 3754
f 7564 3754 7115
f 7564 7115 7113
f 7564 7113 7109
f 7564 7109 7108
f 7564 7108 7563
f 7566 7564 7563
f 7566 7563 7105
f 7566 7105 7104
f 7566 7104 7101
f 7566 7101 7100
f 7566 7100 7565
f 7568 7566 7565
f 7568 7565 7097
f 7568 7097 7096
f 7568 7096 7567
f 7570 7568 7567
f 7570 7567 7093
f 7570 7093 7092
f 7570 7092 7081
f 7570 7081 7080
f 7570 7080 7569
f 6749 7572 7571
f 6749 7571 7077
f 6749 7077 7076
f 6749 7076 7173
f 7572 7570 7569
f 7572 7569 7089
f 7572 7089 7088
f 7572 7088 7085
f 7572 7085 7084
f 7572 7084 7571
f 7573 3769 3774
f 7573 3774 7574
f 4856 7945 7573
f 4856 7573 7574
f 4856 7574 7865
f 4856 7865 5262
f 7575 3772 3770
f 7575 3770 7576
f 3963 8101 7575
f 3963 7575 7576
f 3963 7576 7944
f 3963 7944 3964
f 3754 3753 3695
f 3754 3695 3696
f 3754 3696 7006
f 3754 7006 6997
f 3754 6997 7577
f 3754 7577 7563
f 3754 7563 7108
f 3754 7108 7109
f 3754 7109 7113
f 3754 7113 7115
f 7577 6989 3932
f 7577 3932 3940
f 7577 3940 6984
f 7577 6984 7578
f 7577 7578 7565
f 7577 7565 7100
f 7577 7100 7101
f 7577 7101 7104
f 7577 7104 7105
f 7577 7105 7563
f 7578 6993 4066
f 7578 4066 4075
f 7578 4075 7579
f 7578 7579 4074
f 7578 4074 7567
f 7578 7567 7096
f 7578 7096 7097
f 7578 7097 7565
f 7579 6980 6977
f 7579 6977 4081
f 7579 4081 7580
f 7579 7580 7569
f 7579 7569 7080
f 7579 7080 7081
f 7579 7081 7092
f 7579 7092 7093
f 7579 7093 7567
f 7579 7567 4074
f 7581 4091 7009
f 7581 7009 7174
f 7581 7174 7173
f 7581 7173 7076
f 7581 7076 7077
f 7581 7077 7571
f 7580 3703 3704
f 7580 3704 3699
f 7580 3699 3700
f 7580 3700 7581
f 7580 7581 7571
f 7580 7571 7084
f 7580 7084 7085
f 7580 7085 7088
f 7580 7088 7089
f 7580 7089 7569
f 7582 5572 5573
f 7582 5573 5570
f 7582 5570 5571
f 7582 5571 3750
f 7582 3750 3749
f 7582 3749 3848
f 7582 3848 7052
f 7582 7052 7051
f 7582 7051 3849
f 7582 3849 3851
f 7582 3851 7048
f 7582 7048 7047
f 7582 7047 3852
f 7582 3852 7583
f 7584 5575 3936
f 7584 3936 3929
f 7584 3929 5574
f 7584 5574 7582
f 7584 7582 7583
f 7584 7583 3855
f 7584 3855 7044
f 7584 7044 7043
f 7584 7043 3856
f 7584 3856 3859
f 7584 3859 7040
f 7584 7040 7039
f 7584 7039 3860
f 7584 3860 7585
f 7586 4070 4063
f 7586 4063 5576
f 7586 5576 7584
f 7586 7584 7585
f 7586 7585 3863
f 7586 3863 5214
f 7586 5214 5215
f 7586 5215 3864
f 7586 3864 4071
f 7586 4071 7587
f 7586 7587 4071
f 7586 4071 4070
f 7588 4078 5578
f 7588 5578 5577
f 7588 5577 7586
f 7588 7586 4070
f 7588 4070 4071
f 7588 4071 7587
f 7588 7587 7034
f 7588 7034 7033
f 7588 7033 5218
f 7588 5218 3867
f 7588 3867 7022
f 7588 7022 7021
f 7588 7021 3868
f 7588 3868 7589
f 5562 5582 4094
f 5562 4094 7590
f 5562 7590 7591
f 5562 7591 3875
f 5562 3875 7018
f 5562 7018 7017
f 5562 7017 3876
f 5562 3876 5563
f 7590 4086 5583
f 7590 5583 5579
f 7590 5579 3976
f 7590 3976 7588
f 7590 7588 7589
f 7590 7589 3871
f 7590 3871 7030
f 7590 7030 7029
f 7590 7029 3872
f 7590 3872 3879
f 7590 3879 7026
f 7590 7026 7025
f 7590 7025 3880
f 7590 3880 7591
f 7592 6142 6925
f 7592 6925 7998
f 7592 7998 8001
f 7592 8001 7593
f 6140 7594 7595
f 6140 7595 8009
f 6140 8009 8008
f 6140 8008 6161
f 7594 7592 7593
f 7594 7593 8003
f 7594 8003 8005
f 7594 8005 7595
f 7596 6130 6902
f 7596 6902 7974
f 7596 7974 7977
f 7596 7977 7597
f 6128 7598 7599
f 6128 7599 7985
f 6128 7985 7984
f 6128 7984 6905
f 7598 7596 7597
f 7598 7597 7979
f 7598 7979 7981
f 7598 7981 7599
f 7600 6135 6160
f 7600 6160 8007
f 7600 8007 8006
f 7600 8006 8004
f 7600 8004 7601
f 6137 7602 7603
f 6137 7603 7999
f 6137 7999 6922
f 7602 7600 7601
f 7602 7601 8002
f 7602 8002 8000
f 7602 8000 7603
f 7604 6131 6908
f 7604 6908 7983
f 7604 7983 7982
f 7604 7982 7980
f 7604 7980 7605
f 6133 7606 7607
f 6133 7607 7975
f 6133 7975 6903
f 7606 7604 7605
f 7606 7605 7978
f 7606 7978 7976
f 7606 7976 7607
f 7608 4021 3501
f 7608 3501 7609
f 3503 4023 4018
f 3503 4018 7608
f 3503 7608 7609
f 3503 7609 3500
f 7610 4126 7611
f 7610 7611 7899
f 7610 7899 7612
f 7613 4133 7610
f 7613 7610 7612
f 7613 7612 7897
f 7613 7897 5721
f 7613 5721 7614
f 7615 7613 7614
f 7615 7614 7895
f 7615 7895 7879
f 7615 7879 7616
f 7617 4132 7615
f 7617 7615 7616
f 7617 7616 7893
f 7617 7893 6096
f 7617 6096 7618
f 7619 7617 7618
f 7619 7618 7891
f 7619 7891 7620
f 7621 4129 7619
f 7621 7619 7620
f 7621 7620 7889
f 7621 7889 7188
f 7621 7188 7622
f 7623 7621 7622
f 7623 7622 7887
f 7623 7887 7881
f 7623 7881 7624
f 7625 4128 7623
f 7625 7623 7624
f 7625 7624 7885
f 7625 7885 7191
f 7625 7191 7626
f 4127 7627 7628
f 4127 7628 6813
f 7627 7625 7626
f 7627 7626 7884
f 7627 7884 7628
f 5531 7629 7630
f 5531 7630 8130
f 5531 8130 3765
f 5531 3765 5524
f 7629 5479 5472
f 7629 5472 3728
f 7629 3728 7630
f 7631 5528 5519
f 7631 5519 3766
f 7631 3766 7632
f 5478 7631 7632
f 5478 7632 7875
f 5478 7875 3727
f 5478 3727 5469
f 5521 7633 7634
f 5521 7634 5526
f 7633 5471 5476
f 7633 5476 7634
f 7635 5525 5527
f 7635 5527 7636
f 5474 7635 7636
f 5474 7636 5475
f 7637 5530 5523
f 7637 5523 7638
f 5473 5480 7637
f 5473 7637 7638
f 7638 5523 5525
f 7638 5525 7635
f 5474 5473 7638
f 5474 7638 7635
f 5529 7639 7640
f 5529 7640 5520
f 7639 5477 5468
f 7639 5468 7640
f 5520 7640 7633
f 5520 7633 5521
f 7640 5468 5471
f 7640 5471 7633
f 7632 3766 5519
f 7632 5519 5522
f 7632 5522 3767
f 7632 3767 7641
f 5470 5469 3727
f 5470 3727 7875
f 5470 7875 7632
f 5470 7632 7641
f 5470 7641 3729
f 5524 3765 8130
f 5524 8130 7630
f 5524 7630 7641
f 5524 7641 3767
f 5524 3767 5522
f 7630 3728 5472
f 7630 5472 5470
f 7630 5470 3729
f 7630 3729 7641
f 5518 7642 7643
f 5518 7643 8138
f 5518 8138 3779
f 5518 3779 5511
f 7642 5466 5459
f 7642 5459 3717
f 7642 3717 7643
f 7644 5515 5506
f 7644 5506 3780
f 7644 3780 7645
f 5465 7644 7645
f 5465 7645 8134
f 5465 8134 3716
f 5465 3716 5456
f 5508 7646 7647
f 5508 7647 5513
f 7646 5458 5463
f 7646 5463 7647
f 7648 5512 5514
f 7648 5514 7649
f 5461 7648 7649
f 5461 7649 5462
f 7650 5517 5510
f 7650 5510 7651
f 5460 5467 7650
f 5460 7650 7651
f 7651 5510 5512
f 7651 5512 7648
f 5461 5460 7651
f 5461 7651 7648
f 5516 7652 7653
f 5516 7653 5507
f 7652 5464 5455
f 7652 5455 7653
f 5507 7653 7646
f 5507 7646 5508
f 7653 5455 5458
f 7653 5458 7646
f 7645 3780 5506
f 7645 5506 5509
f 7645 5509 3781
f 7645 3781 7654
f 5457 5456 3716
f 5457 3716 8134
f 5457 8134 7645
f 5457 7645 7654
f 5457 7654 3718
f 5511 3779 8138
f 5511 8138 7643
f 5511 7643 7654
f 5511 7654 3781
f 5511 3781 5509
f 7643 3717 5459
f 7643 5459 5457
f 7643 5457 3718
f 7643 3718 7654
f 5505 7655 7656
f 5505 7656 8115
f 5505 8115 3757
f 5505 3757 5498
f 7655 5490 5489
f 7655 5489 3706
f 7655 3706 7656
f 7657 5502 5493
f 7657 5493 3758
f 7657 3758 7658
f 5454 7657 7658
f 5454 7658 8142
f 5454 8142 3705
f 5454 3705 5447
f 5495 7659 7660
f 5495 7660 5500
f 7659 5449 5452
f 7659 5452 7660
f 7661 5499 5501
f 7661 5501 7662
f 5450 7661 7662
f 5450 7662 5451
f 7663 5537 5536
f 7663 5536 7561
f 5484 5483 5552
f 5484 5552 5554
f 5484 5554 7663
f 5484 7663 7561
f 5526 7634 7636
f 5526 7636 5527
f 7634 5476 5475
f 7634 5475 7636
f 5513 7647 7649
f 5513 7649 5514
f 7647 5463 5462
f 7647 5462 7649
f 5500 7660 7662
f 5500 7662 5501
f 7660 5452 5451
f 7660 5451 7662
f 7664 5504 5497
f 7664 5497 7665
f 5492 5491 7664
f 5492 7664 7665
f 7665 5497 5499
f 7665 5499 7661
f 5450 5492 7665
f 5450 7665 7661
f 7666 7659 5495
f 7666 5495 5494
f 7666 5494 5503
f 7666 5453 5446
f 7666 5446 5449
f 7666 5449 7659
f 7658 3758 5493
f 7658 5493 5496
f 7658 5496 3759
f 7658 3759 7667
f 5448 5447 3705
f 5448 3705 8142
f 5448 8142 7658
f 5448 7658 7667
f 5448 7667 3707
f 5498 3757 8115
f 5498 8115 7656
f 5498 7656 7667
f 5498 7667 3759
f 5498 3759 5496
f 7656 3706 5489
f 7656 5489 5448
f 7656 5448 3707
f 7656 3707 7667
f 6538 7670 7668
f 6538 7668 6636
f 6538 6636 6637
f 6538 6637 6652
f 6538 6652 6653
f 6538 6653 7669
f 6541 7671 6648
f 6541 6648 6649
f 6541 6649 6644
f 6541 6644 6645
f 6541 6645 6640
f 6541 6640 6641
f 6541 6641 7668
f 6541 7668 7670
f 6530 7674 7672
f 6530 7672 6402
f 6530 6402 6302
f 6530 6302 6490
f 6530 6490 6476
f 6530 6476 7673
f 6533 7675 6468
f 6533 6468 6454
f 6533 6454 6446
f 6533 6446 6432
f 6533 6432 6424
f 6533 6424 6410
f 6533 6410 7672
f 6533 7672 7674
f 6539 7676 6596
f 6539 6596 6597
f 6539 6597 6580
f 6539 6580 6581
f 6539 6581 7677
f 6539 7677 7678
f 6540 7678 7677
f 6540 7677 6584
f 6540 6584 6585
f 6540 6585 6588
f 6540 6588 6589
f 6540 6589 6592
f 6540 6592 6593
f 6540 6593 7679
f 6531 7680 6470
f 6531 6470 6482
f 6531 6482 6292
f 6531 6292 6394
f 6531 6394 7681
f 6531 7681 7682
f 6532 7682 7681
f 6532 7681 6404
f 6532 6404 6416
f 6532 6416 6426
f 6532 6426 6438
f 6532 6438 6448
f 6532 6448 6460
f 6532 6460 7683
f 7685 6575 6278
f 7685 6278 6270
f 7685 6270 6189
f 7685 6189 6184
f 7685 6184 6249
f 7685 6249 6246
f 7685 6246 7684
f 6576 7685 7684
f 6576 7684 6255
f 6576 6255 6252
f 6576 6252 7689
f 6576 7689 6261
f 6576 6261 6258
f 6576 6258 6267
f 6576 6267 6264
f 6576 6264 6289
f 6576 6289 6281
f 7687 6571 6615
f 7687 6615 6614
f 7687 6614 6603
f 7687 6603 6602
f 7687 6602 6605
f 7687 6605 6604
f 7687 6604 7686
f 6572 7687 7686
f 6572 7686 6607
f 6572 6607 6606
f 6572 6606 7691
f 6572 7691 6609
f 6572 6609 6608
f 6572 6608 6611
f 6572 6611 6610
f 6572 6610 6613
f 6572 6613 6612
f 7688 5951 5952
f 7688 5952 5949
f 7688 5949 5950
f 7688 5950 5947
f 7688 5947 5948
f 7688 5948 6281
f 7688 6281 6289
f 7688 6289 6264
f 7688 6264 6267
f 7688 6267 6258
f 7688 6258 6261
f 7688 6261 7689
f 6278 5945 5946
f 6278 5946 5957
f 6278 5957 5958
f 6278 5958 5955
f 6278 5955 5956
f 6278 5956 5953
f 6278 5953 5954
f 6278 5954 7688
f 6278 7688 7689
f 6278 7689 6252
f 6278 6252 6255
f 6278 6255 7684
f 6278 7684 6246
f 6278 6246 6249
f 6278 6249 6184
f 6278 6184 6189
f 6278 6189 6270
f 7690 5965 5966
f 7690 5966 5967
f 7690 5967 5968
f 7690 5968 5969
f 7690 5969 5970
f 7690 5970 6612
f 7690 6612 6613
f 7690 6613 6610
f 7690 6610 6611
f 7690 6611 6608
f 7690 6608 6609
f 7690 6609 7691
f 6615 5971 5972
f 6615 5972 5959
f 6615 5959 5960
f 6615 5960 5961
f 6615 5961 5962
f 6615 5962 5963
f 6615 5963 5964
f 6615 5964 7690
f 6615 7690 7691
f 6615 7691 6606
f 6615 6606 6607
f 6615 6607 7686
f 6615 7686 6604
f 6615 6604 6605
f 6615 6605 6602
f 6615 6602 6603
f 6615 6603 6614
f 6351 7693 7692
f 6351 7692 6262
f 6351 6262 6260
f 6351 6260 6268
f 6351 6268 6266
f 6351 6266 6290
f 6351 6290 6283
f 7693 6350 6279
f 7693 6279 6272
f 7693 6272 6190
f 7693 6190 6186
f 7693 6186 6250
f 7693 6250 6248
f 7693 6248 6256
f 7693 6256 6254
f 7693 6254 7692
f 6347 7695 7694
f 6347 7694 6563
f 6347 6563 6562
f 6347 6562 6565
f 6347 6565 6564
f 6347 6564 6567
f 6347 6567 6566
f 7695 6346 6569
f 7695 6569 6568
f 7695 6568 6557
f 7695 6557 6556
f 7695 6556 6559
f 7695 6559 6558
f 7695 6558 6561
f 7695 6561 6560
f 7695 6560 7694
f 6349 7697 7696
f 6349 7696 6247
f 6349 6247 6251
f 6349 6251 6185
f 6349 6185 6191
f 6349 6191 6271
f 6349 6271 6280
f 7697 6352 6282
f 7697 6282 6291
f 7697 6291 6265
f 7697 6265 6269
f 7697 6269 6259
f 7697 6259 6263
f 7697 6263 7708
f 7697 7708 6253
f 7697 6253 6257
f 7697 6257 7696
f 6345 7699 7698
f 6345 7698 6545
f 6345 6545 6544
f 6345 6544 6543
f 6345 6543 6542
f 6345 6542 6555
f 6345 6555 6554
f 7699 6348 6553
f 7699 6553 6552
f 7699 6552 6551
f 7699 6551 6550
f 7699 6550 6549
f 7699 6549 6548
f 7699 6548 7709
f 7699 7709 6547
f 7699 6547 6546
f 7699 6546 7698
f 6535 7700 6479
f 6535 6479 6487
f 6535 6487 6305
f 6535 6305 6399
f 6535 6399 7701
f 6535 7701 7702
f 6536 7702 7701
f 6536 7701 6413
f 6536 6413 6421
f 6536 6421 6435
f 6536 6435 6443
f 6536 6443 6457
f 6536 6457 6465
f 6536 6465 7703
f 6527 7704 6503
f 6527 6503 6504
f 6527 6504 6511
f 6527 6511 6512
f 6527 6512 7705
f 6527 7705 7706
f 6528 7706 7705
f 6528 7705 6507
f 6528 6507 6508
f 6528 6508 6499
f 6528 6499 6500
f 6528 6500 6495
f 6528 6495 6496
f 6528 6496 7707
f 7708 6263 6259
f 7708 6259 6269
f 7708 6269 6265
f 7708 6265 6291
f 7708 6291 6282
f 7708 6282 6283
f 7708 6283 6290
f 7708 6290 6266
f 7708 6266 6268
f 7708 6268 6260
f 7708 6260 6262
f 7708 6262 7692
f 6279 6280 6271
f 6279 6271 6191
f 6279 6191 6185
f 6279 6185 6251
f 6279 6251 6247
f 6279 6247 7696
f 6279 7696 6257
f 6279 6257 6253
f 6279 6253 7708
f 6279 7708 7692
f 6279 7692 6254
f 6279 6254 6256
f 6279 6256 6248
f 6279 6248 6250
f 6279 6250 6186
f 6279 6186 6190
f 6279 6190 6272
f 7709 6548 6549
f 7709 6549 6550
f 7709 6550 6551
f 7709 6551 6552
f 7709 6552 6553
f 7709 6553 6566
f 7709 6566 6567
f 7709 6567 6564
f 7709 6564 6565
f 7709 6565 6562
f 7709 6562 6563
f 7709 6563 7694
f 6569 6554 6555
f 6569 6555 6542
f 6569 6542 6543
f 6569 6543 6544
f 6569 6544 6545
f 6569 6545 7698
f 6569 7698 6546
f 6569 6546 6547
f 6569 6547 7709
f 6569 7709 7694
f 6569 7694 6560
f 6569 6560 6561
f 6569 6561 6558
f 6569 6558 6559
f 6569 6559 6556
f 6569 6556 6557
f 6569 6557 6568
f 6534 7712 7710
f 6534 7710 6343
f 6534 6343 6297
f 6534 6297 6327
f 6534 6327 6328
f 6534 6328 7711
f 6537 7713 6331
f 6537 6331 6332
f 6537 6332 6335
f 6537 6335 6336
f 6537 6336 6339
f 6537 6339 6340
f 6537 6340 7710
f 6537 7710 7712
f 6526 7716 7714
f 6526 7714 6323
f 6526 6323 6324
f 6526 6324 6307
f 6526 6307 6308
f 6526 6308 7715
f 6529 7717 6311
f 6529 6311 6312
f 6529 6312 6315
f 6529 6315 6316
f 6529 6316 6319
f 6529 6319 6320
f 6529 6320 7714
f 6529 7714 7716
f 7718 7719 7720
f 7718 7720 6436
f 7718 6436 6441
f 7718 6441 6458
f 7718 6458 6463
f 7718 6463 3371
f 7719 7721 3368
f 7719 3368 6480
f 7719 6480 6485
f 7719 6485 6306
f 7719 6306 6397
f 7719 6397 6414
f 7719 6414 6419
f 7719 6419 7720
f 7722 7723 7724
f 7722 7724 6498
f 7722 6498 6501
f 7722 6501 6494
f 7722 6494 6497
f 7722 6497 3367
f 7723 7725 3364
f 7723 3364 6502
f 7723 6502 6505
f 7723 6505 6510
f 7723 6510 6513
f 7723 6513 6506
f 7723 6506 6509
f 7723 6509 7724
f 7726 7727 3370
f 7726 3370 6469
f 7726 6469 6452
f 7726 6452 6447
f 7726 6447 6430
f 7726 6430 7728
f 7729 7726 7728
f 7729 7728 6425
f 7729 6425 6408
f 7729 6408 6403
f 7729 6403 6300
f 7729 6300 6491
f 7729 6491 6474
f 7729 6474 3369
f 7730 7731 3366
f 7730 3366 6651
f 7730 6651 6650
f 7730 6650 6647
f 7730 6647 6646
f 7730 6646 7732
f 7733 7730 7732
f 7733 7732 6643
f 7733 6643 6642
f 7733 6642 6639
f 7733 6639 6638
f 7733 6638 6655
f 7733 6655 6654
f 7733 6654 3365
f 7734 3773 2792
f 7734 2792 7735
f 7735 2791 5263
f 7735 5263 7866
f 7735 7866 7734
f 7736 3351 4428
f 7736 4428 7737
f 3348 7736 7737
f 3348 7737 4415
f 7738 3356 4430
f 7738 4430 7739
f 3353 7738 7739
f 3353 7739 4419
f 4421 7740 7741
f 4421 7741 4422
f 7740 4405 4408
f 7740 4408 7741
f 3336 7742 7743
f 3336 7743 4426
f 7742 3335 4414
f 7742 4414 7743
f 4452 7744 7745
f 4452 7745 5819
f 7744 4451 5817
f 7744 5817 7745
f 6139 7747 7746
f 6139 7746 8172
f 6139 8172 3645
f 6141 3631 7748
f 6141 7748 7749
f 7747 7749 7748
f 7747 7748 8171
f 7747 8171 7746
f 6142 7592 7750
f 6142 7750 8179
f 6142 8179 3632
f 6140 3644 7751
f 6140 7751 7594
f 7592 7594 7751
f 7592 7751 8176
f 7592 8176 7750
f 6135 7600 7752
f 6135 7752 8193
f 6135 8193 3641
f 6137 3627 7753
f 6137 7753 7602
f 7600 7602 7753
f 7600 7753 8190
f 7600 8190 7752
f 7754 3628 6138
f 7754 6138 7755
f 6136 3640 8203
f 6136 8203 7756
f 6136 7756 7757
f 7755 7757 7756
f 7755 7756 8202
f 7755 8202 7754
f 6131 7604 7758
f 6131 7758 8199
f 6131 8199 3599
f 6133 3450 7759
f 6133 7759 7606
f 7604 7606 7759
f 7604 7759 8196
f 7604 8196 7758
f 3451 6134 7760
f 3451 7760 7761
f 7762 6132 3598
f 7762 3598 8205
f 7762 8205 7763
f 7760 7762 7763
f 7760 7763 8204
f 7760 8204 7761
f 6127 7765 7764
f 6127 7764 8168
f 6127 8168 3596
f 6129 3447 7766
f 6129 7766 7767
f 7765 7767 7766
f 7765 7766 8165
f 7765 8165 7764
f 3448 6130 7596
f 3448 7596 7768
f 7598 6128 3595
f 7598 3595 8184
f 7598 8184 7769
f 7596 7598 7769
f 7596 7769 8182
f 7596 8182 7768
f 7676 6601 7669
f 7676 7669 6653
f 7676 6653 6652
f 7676 6652 6637
f 7676 6637 6636
f 7676 6636 7668
f 7676 7668 7677
f 7676 7677 6581
f 7676 6581 6580
f 7676 6580 6597
f 7676 6597 6596
f 7668 6641 6640
f 7668 6640 6645
f 7668 6645 6644
f 7668 6644 6649
f 7668 6649 6648
f 7668 6648 7671
f 7668 7671 6598
f 7668 6598 7679
f 7668 7679 6593
f 7668 6593 6592
f 7668 6592 6589
f 7668 6589 6588
f 7668 6588 6585
f 7668 6585 6584
f 7668 6584 7677
f 7700 6276 7711
f 7700 7711 6328
f 7700 6328 6327
f 7700 6327 6297
f 7700 6297 6343
f 7700 6343 7710
f 7700 7710 7701
f 7700 7701 6399
f 7700 6399 6305
f 7700 6305 6487
f 7700 6487 6479
f 7710 6340 6339
f 7710 6339 6336
f 7710 6336 6335
f 7710 6335 6332
f 7710 6332 6331
f 7710 6331 7713
f 7710 7713 6287
f 7710 6287 7703
f 7710 7703 6465
f 7710 6465 6457
f 7710 6457 6443
f 7710 6443 6435
f 7710 6435 6421
f 7710 6421 6413
f 7710 6413 7701
f 7680 6273 7673
f 7680 7673 6476
f 7680 6476 6490
f 7680 6490 6302
f 7680 6302 6402
f 7680 6402 7672
f 7680 7672 7681
f 7680 7681 6394
f 7680 6394 6292
f 7680 6292 6482
f 7680 6482 6470
f 7672 6410 6424
f 7672 6424 6432
f 7672 6432 6446
f 7672 6446 6454
f 7672 6454 6468
f 7672 6468 7675
f 7672 7675 6285
f 7672 6285 7683
f 7672 7683 6460
f 7672 6460 6448
f 7672 6448 6438
f 7672 6438 6426
f 7672 6426 6416
f 7672 6416 6404
f 7672 6404 7681
f 7704 6492 7715
f 7704 7715 6308
f 7704 6308 6307
f 7704 6307 6324
f 7704 6324 6323
f 7704 6323 7714
f 7704 7714 7705
f 7704 7705 6512
f 7704 6512 6511
f 7704 6511 6504
f 7704 6504 6503
f 7714 6320 6319
f 7714 6319 6316
f 7714 6316 6315
f 7714 6315 6312
f 7714 6312 6311
f 7714 6311 7717
f 7714 7717 6493
f 7714 6493 7707
f 7714 7707 6496
f 7714 6496 6495
f 7714 6495 6500
f 7714 6500 6499
f 7714 6499 6508
f 7714 6508 6507
f 7714 6507 7705
f 4135 7770 7771
f 4135 7771 6095
f 7770 4134 5722
f 7770 5722 7880
f 7770 7880 7771
f 4131 7772 7773
f 4131 7773 7190
f 7772 4130 7189
f 7772 7189 7882
f 7772 7882 7773
f 4022 4886 7947
f 4022 7947 7774
f 4022 7774 7775
f 7776 4889 4020
f 7776 4020 7777
f 7774 7949 7950
f 7774 7950 7776
f 7774 7776 7777
f 7774 7777 4019
f 7774 4019 7775
f 7778 2849 7779
f 7778 7779 7780
f 7781 7778 7780
f 7781 7780 7782
f 2850 7783 7784
f 2850 7784 3345
f 7783 7781 7782
f 7783 7782 3346
f 7783 3346 7784
f 7785 6577 5948
f 7785 5948 5947
f 7785 5947 5950
f 7785 5950 5949
f 7785 5949 5952
f 7785 5952 5951
f 7785 5951 7688
f 6574 7785 7688
f 6574 7688 5954
f 6574 5954 5953
f 6574 5953 5956
f 6574 5956 5955
f 6574 5955 5958
f 6574 5958 5957
f 6574 5957 5946
f 6574 5946 5945
f 7786 6573 5970
f 7786 5970 5969
f 7786 5969 5968
f 7786 5968 5967
f 7786 5967 5966
f 7786 5966 5965
f 7786 5965 7690
f 6570 7786 7690
f 6570 7690 5964
f 6570 5964 5963
f 6570 5963 5962
f 6570 5962 5961
f 6570 5961 5960
f 6570 5960 5959
f 6570 5959 5972
f 6570 5972 5971
f 4456 7787 7788
f 4456 7788 5829
f 7787 4455 5040
f 7787 5040 7788
f 4448 7789 7790
f 4448 7790 5816
f 7789 4453 5818
f 7789 5818 7790
f 5812 7791 7490
f 5812 7490 5813
f 7791 5803 5802
f 7791 5802 7490
f 5809 7492 7792
f 5809 7792 5810
f 7492 5800 5799
f 7492 5799 7792
f 3326 7793 7794
f 3326 7794 4424
f 7793 3325 4412
f 7793 4412 7794
f 7795 3441 3444
f 7795 3444 5684
f 7795 5684 5332
f 7795 5332 7969
f 7795 7969 4475
f 7795 4475 5680
f 7795 5680 7796
f 3586 7797 5685
f 3586 5685 3587
f 7797 7795 7796
f 7797 7796 5679
f 7797 5679 5682
f 7797 5682 7972
f 7797 7972 5681
f 7797 5681 5685
f 7798 3620 3622
f 7798 3622 5683
f 7798 5683 5676
f 7798 5676 7987
f 7798 7987 5675
f 7798 5675 5678
f 7798 5678 7799
f 7800 7801 5686
f 7800 5686 3651
f 7801 7798 7799
f 7801 7799 5677
f 7801 5677 5329
f 7801 5329 7990
f 7801 7990 5327
f 7801 5327 5686
f 6891 7802 7803
f 6891 7803 5673
f 7802 7804 4403
f 7802 4403 5594
f 7802 5594 5674
f 7802 5674 8026
f 7802 8026 7803
f 7747 6139 6162
f 7747 6162 7805
f 6924 6141 7749
f 6924 7749 7806
f 7749 7747 7805
f 7749 7805 7806
f 7765 6127 6906
f 7765 6906 7807
f 6901 6129 7767
f 6901 7767 7808
f 7767 7765 7807
f 7767 7807 7808
f 4732 3504 7809
f 4732 7809 7810
f 7809 3499 3502
f 7809 3502 4730
f 7809 4730 4729
f 7809 4729 7810
f 6814 7812 7811
f 6814 7811 7872
f 6814 7872 5302
f 6820 5299 7868
f 6820 7868 7813
f 6820 7813 7814
f 6820 7814 7946
f 7813 7870 7811
f 7813 7811 7812
f 7813 7812 7948
f 7813 7948 7814
f 7815 3164 2855
f 7815 2855 2854
f 7815 2854 7816
f 3167 7815 7816
f 3167 7816 5581
f 4039 7817 7818
f 4039 7818 2268
f 4039 2268 2267
f 7817 5587 5585
f 7817 5585 5584
f 7817 5584 4042
f 7817 4042 5568
f 7817 5568 3847
f 7817 3847 7016
f 7817 7016 3694
f 7817 3694 7818
f 7819 4038 3165
f 7819 3165 7820
f 7820 3166 4043
f 7820 4043 8102
f 7820 8102 7819
f 7821 3751 3750
f 7821 3750 5571
f 7821 5571 5570
f 7821 5570 5573
f 7821 5573 5572
f 7821 5572 7582
f 7822 7821 7582
f 7822 7582 5574
f 7822 5574 3929
f 7822 3929 3936
f 7822 3936 5575
f 7822 5575 7584
f 7822 7584 5576
f 7822 5576 4063
f 7822 4063 4070
f 7822 4070 7586
f 7822 7586 4070
f 7822 4070 7823
f 7824 7823 4070
f 7824 4070 7586
f 7824 7586 5577
f 7824 5577 5578
f 7824 5578 4078
f 7824 4078 7588
f 5565 7825 7590
f 5565 7590 4094
f 5565 4094 5582
f 5565 5582 5562
f 7825 7824 7588
f 7825 7588 3976
f 7825 3976 5579
f 7825 5579 5583
f 7825 5583 4086
f 7825 4086 7590
f 5531 5530 7637
f 5531 7637 7629
f 7637 5480 5479
f 7637 5479 7629
f 7639 5529 5528
f 7639 5528 7631
f 5478 5477 7639
f 5478 7639 7631
f 5518 5517 7650
f 5518 7650 7642
f 7650 5467 5466
f 7650 5466 7642
f 7652 5516 5515
f 7652 5515 7644
f 5465 5464 7652
f 5465 7652 7644
f 7666 5503 5502
f 7666 5502 7657
f 5454 5453 7666
f 5454 7666 7657
f 5537 7663 7562
f 5537 7562 7828
f 5537 7828 3778
f 5537 3778 5535
f 5482 3740 7562
f 5482 7562 7663
f 5482 7663 5554
f 5482 5554 5552
f 5482 5552 5483
f 7826 7827 3778
f 7826 3778 7828
f 3739 7826 7828
f 3739 7828 7562
f 3739 7562 3740
f 7829 2666 3775
f 7829 3775 5549
f 7829 5549 5548
f 7829 5548 7830
f 7831 5297 2667
f 7831 2667 2680
f 7831 2680 7829
f 7831 7829 7830
f 7831 7830 5545
f 7831 5545 5544
f 7831 5544 5541
f 7831 5541 5540
f 7827 7826 7832
f 7827 7832 5551
f 7827 5551 5550
f 7826 3739 7833
f 7826 7833 5543
f 7826 5543 5542
f 7826 5542 5547
f 7826 5547 5546
f 7826 5546 7832
f 7558 5539 5538
f 7558 5538 7556
f 5486 5485 7558
f 5486 7558 7556
f 7834 7147 7835
f 7834 7835 7836
f 4709 7837 7838
f 4709 7838 7839
f 7837 7834 7836
f 7837 7836 7838
f 7835 7840 7841
f 7835 7841 7836
f 7842 7843 7839
f 7842 7839 7838
f 7841 7842 7838
f 7841 7838 7836
f 7840 7146 7844
f 7840 7844 7841
f 7845 4710 7843
f 7845 7843 7842
f 7844 7845 7842
f 7844 7842 7841
f 7719 7718 6209
f 7719 6209 6234
f 7719 6234 7727
f 7719 7727 7726
f 7719 7726 7729
f 7719 7729 6237
f 7719 6237 6210
f 7719 6210 7721
f 7723 7722 6195
f 7723 6195 6220
f 7723 6220 7731
f 7723 7731 7730
f 7723 7730 7733
f 7723 7733 6223
f 7723 6223 6196
f 7723 6196 7725
f 2454 7847 7848
f 2454 7848 7867
f 2454 7867 7846
f 7849 2411 7850
f 7849 7850 7851
f 7847 7849 7851
f 7847 7851 7871
f 7847 7871 7869
f 7847 7869 7848
f 7852 7853 7939
f 7852 7939 7854
f 7852 7854 5308
f 7852 5308 4470
f 7852 4470 7962
f 7852 7962 5307
f 7852 5307 5321
f 7852 5321 3452
f 7852 3452 7936
f 7852 7936 5177
f 7855 7856 5178
f 7855 5178 7942
f 7855 7942 3600
f 7855 3600 5322
f 7855 5322 7943
f 7853 7855 7943
f 7853 7943 5322
f 7853 5322 5311
f 7853 5311 7965
f 7853 7965 5310
f 7853 5310 5309
f 7853 5309 7854
f 7853 7854 7939
f 7857 7858 7931
f 7857 7931 7859
f 7857 7859 5316
f 7857 5316 5315
f 7857 5315 7992
f 7857 7992 5314
f 7857 5314 5320
f 7857 5320 3633
f 7857 3633 7928
f 7857 7928 5181
f 7860 7861 5182
f 7860 5182 7934
f 7860 7934 3646
f 7860 3646 5324
f 7860 5324 7935
f 7858 7860 7935
f 7858 7935 5324
f 7858 5324 5319
f 7858 5319 7995
f 7858 7995 5318
f 7858 5318 5317
f 7858 5317 7859
f 7858 7859 7931
f 7862 6877 4903
f 7862 4903 4686
f 7862 4686 7863
f 7864 6937 7862
f 7864 7862 7863
f 7864 7863 4685
f 7864 4685 5313
f 7864 5313 8038
f 7864 8038 5312
f 7864 5312 5323
f 7864 5323 4401
f 7864 4401 4943
f 7864 4943 5184
f 5262 7865 7866
f 5262 7866 5263
f 7865 7574 3774
f 7865 3774 3773
f 7865 3773 7734
f 7865 7734 7866
f 6823 7846 7867
f 6823 7867 7868
f 6823 7868 5299
f 7867 7848 7869
f 7867 7869 7870
f 7867 7870 7813
f 7867 7813 7868
f 7869 7871 7872
f 7869 7872 7811
f 7869 7811 7870
f 6817 5302 7872
f 6817 7872 7871
f 6817 7871 7851
f 6817 7851 7850
f 7873 8413 2452
f 7873 2452 5234
f 7873 5234 3733
f 7873 3733 5231
f 7873 5231 7874
f 5220 2453 2269
f 5220 2269 8408
f 5220 8408 8411
f 5220 8411 7873
f 5220 7873 7874
f 5220 7874 5228
f 5220 5228 5227
f 5220 5227 5225
f 5220 5225 5223
f 5220 5223 5221
f 3727 7875 7876
f 3727 7876 5232
f 3727 5232 3732
f 7875 7632 3766
f 7875 3766 5219
f 7875 5219 5222
f 7875 5222 5224
f 7875 5224 5226
f 7875 5226 5230
f 7875 5230 5229
f 7875 5229 7876
f 5201 7877 7878
f 5201 7878 7918
f 5201 7918 5202
f 7877 5192 5195
f 7877 5195 5197
f 7877 5197 5196
f 7877 5196 7916
f 7877 7916 7878
f 7880 5722 5721
f 7880 5721 7614
f 7880 7614 7895
f 7880 7895 7879
f 7879 7616 7893
f 7879 7893 6096
f 7879 6096 6095
f 7879 6095 7771
f 7879 7771 7880
f 7882 7189 7188
f 7882 7188 7622
f 7882 7622 7887
f 7882 7887 7881
f 7881 7624 7885
f 7881 7885 7191
f 7881 7191 7190
f 7881 7190 7773
f 7881 7773 7882
f 7883 3280 6813
f 7883 6813 7628
f 7883 7628 7884
f 7883 7884 7626
f 7883 7626 7191
f 7883 7191 7885
f 7883 7885 6047
f 7883 6047 3309
f 7886 3308 3309
f 7886 3309 6047
f 7886 6047 7885
f 7886 7885 7624
f 7886 7624 7881
f 7886 7881 7887
f 7888 3310 3307
f 7888 3307 7886
f 7888 7886 7887
f 7888 7887 7622
f 7888 7622 7188
f 7888 7188 7889
f 7890 7888 7889
f 7890 7889 7620
f 7890 7620 7891
f 7892 7890 7891
f 7892 7891 7618
f 7892 7618 6096
f 7892 6096 7893
f 7894 3305 3306
f 7894 3306 7892
f 7894 7892 7893
f 7894 7893 7616
f 7894 7616 7879
f 7894 7879 7895
f 7896 3303 3304
f 7896 3304 7894
f 7896 7894 7895
f 7896 7895 7614
f 7896 7614 5721
f 7896 5721 7897
f 7899 7611 3474
f 7899 3474 3281
f 7899 3281 3282
f 7899 3282 3276
f 7899 3276 7898
f 7898 5174 5175
f 7898 5175 5172
f 7898 5172 5173
f 7898 5173 7896
f 7898 7896 7897
f 7898 7897 7612
f 7898 7612 7899
f 7900 7901 7902
f 7900 7902 7903
f 7902 8040 7904
f 7902 7904 7905
f 7902 7905 4728
f 7902 4728 7903
f 7755 6138 6923
f 7755 6923 7906
f 6159 6136 7757
f 6159 7757 7907
f 7757 7755 7906
f 7757 7906 7907
f 7760 6134 6904
f 7760 6904 7908
f 6907 6132 7762
f 6907 7762 7909
f 7762 7760 7908
f 7762 7908 7909
f 5059 7911 7910
f 5059 7910 6829
f 5059 6829 6828
f 5059 6828 6849
f 7911 5058 6866
f 7911 6866 5083
f 7911 5083 5082
f 7911 5082 5080
f 7911 5080 6864
f 7911 6864 6838
f 7911 6838 6839
f 7911 6839 7910
f 7912 5070 6849
f 7912 6849 6828
f 7912 6828 6829
f 7912 6829 7910
f 5071 7912 7910
f 5071 7910 6839
f 5071 6839 6838
f 5071 6838 6853
f 5071 6853 5079
f 5071 5079 5077
f 5071 5077 5078
f 5071 5078 6855
f 5037 5829 7788
f 5037 7788 7913
f 7788 5040 5047
f 7788 5047 5833
f 7788 5833 5038
f 7788 5038 7913
f 5213 5212 7914
f 5213 7914 7915
f 7914 5031 5030
f 7914 5030 7915
f 5194 7917 7916
f 5194 7916 5196
f 5194 5196 5197
f 5194 5197 5195
f 7878 7916 7917
f 7878 7917 7517
f 5202 7918 7919
f 5202 7919 5203
f 7918 7878 7517
f 7918 7517 7919
f 5027 7920 7921
f 5027 7921 5028
f 7920 7922 7923
f 7920 7923 7921
f 7922 7924 7925
f 7922 7925 7923
f 7926 5017 5006
f 7926 5006 7927
f 7924 7926 7927
f 7924 7927 7925
f 7928 7929 7930
f 7928 7930 7931
f 7932 7933 7934
f 7932 7934 7935
f 7930 7932 7935
f 7930 7935 7931
f 7936 7937 7938
f 7936 7938 7939
f 7940 7941 7942
f 7940 7942 7943
f 7938 7940 7943
f 7938 7943 7939
f 5505 5504 7664
f 5505 7664 7655
f 7664 5491 5490
f 7664 5490 7655
f 3964 7944 7945
f 3964 7945 4856
f 7944 7576 3770
f 7944 3770 3769
f 7944 3769 7573
f 7944 7573 7945
f 6820 7946 7947
f 6820 7947 4886
f 7946 7814 7948
f 7946 7948 7949
f 7946 7949 7774
f 7946 7774 7947
f 7949 7948 7812
f 7949 7812 7950
f 7812 6814 4889
f 7812 4889 7776
f 7812 7776 7950
f 3384 3660 3668
f 3384 3668 3440
f 3384 3440 3452
f 3384 3452 3439
f 3384 3439 7951
f 3384 7951 7952
f 3384 7952 3372
f 3384 3372 3375
f 3384 3375 3383
f 7954 7952 7951
f 7954 7951 3449
f 7954 3449 7975
f 7954 7975 7953
f 7953 7974 3445
f 7953 3445 8216
f 7953 8216 7955
f 7953 7955 7956
f 7953 7956 8041
f 7953 8041 7954
f 7957 3443 4117
f 7957 4117 4113
f 7957 4113 3382
f 7957 3382 3387
f 7957 3387 5355
f 7955 3446 3444
f 7955 3444 7957
f 7955 7957 5355
f 7955 5355 3387
f 7955 3387 3376
f 7955 3376 3379
f 7955 3379 7956
f 7958 7983 3597
f 7958 3597 8214
f 7958 8214 3592
f 7958 3592 3624
f 7958 3624 3626
f 7958 3626 7999
f 7958 7999 7959
f 3593 7960 7961
f 3593 7961 3630
f 7960 3594 7984
f 7960 7984 7958
f 7960 7958 7959
f 7960 7959 7998
f 7960 7998 3629
f 7960 3629 7961
f 3439 3452 5321
f 3439 5321 5307
f 3439 5307 7962
f 3439 7962 7963
f 7964 7963 7962
f 7964 7962 4470
f 7964 4470 5308
f 7964 5308 7854
f 7966 7964 7854
f 7966 7854 5309
f 7966 5309 5310
f 7966 5310 7965
f 3600 3592 7967
f 3600 7967 5996
f 3600 5996 5322
f 7966 7965 5311
f 7966 5311 5322
f 7966 5322 5996
f 7966 5996 7967
f 3446 7968 7969
f 3446 7969 5332
f 3446 5332 5684
f 3446 5684 3444
f 7968 7970 7796
f 7968 7796 5680
f 7968 5680 4475
f 7968 4475 7969
f 7970 7971 7972
f 7970 7972 5682
f 7970 5682 5679
f 7970 5679 7796
f 3593 3587 5685
f 3593 5685 5700
f 3593 5700 7973
f 7971 7973 5700
f 7971 5700 5685
f 7971 5685 5681
f 7971 5681 7972
f 7977 7974 7953
f 7977 7953 7975
f 7977 7975 7607
f 7977 7607 7976
f 7976 7978 7979
f 7976 7979 7597
f 7976 7597 7977
f 7981 7979 7978
f 7981 7978 7605
f 7981 7605 7980
f 7982 7983 7958
f 7982 7958 7984
f 7982 7984 7985
f 7980 7982 7985
f 7980 7985 7599
f 7980 7599 7981
f 3630 7986 7987
f 3630 7987 5676
f 3630 5676 5683
f 3630 5683 3622
f 7986 7988 7799
f 7986 7799 5678
f 7986 5678 5675
f 7986 5675 7987
f 7988 7989 7990
f 7988 7990 5329
f 7988 5329 5677
f 7988 5677 7799
f 3642 3651 5686
f 3642 5686 5703
f 3642 5703 7991
f 7989 7991 5703
f 7989 5703 5686
f 7989 5686 5327
f 7989 5327 7990
f 3624 3633 5320
f 3624 5320 5314
f 3624 5314 7992
f 3624 7992 7993
f 3624 7993 8212
f 7994 7993 7992
f 7994 7992 5315
f 7994 5315 5316
f 7994 5316 7859
f 7859 5317 5318
f 7859 5318 7995
f 7859 7995 7996
f 7859 7996 8210
f 7859 8210 7994
f 3646 3639 7997
f 3646 7997 5997
f 3646 5997 5324
f 7996 7995 5319
f 7996 5319 5324
f 7996 5324 5997
f 7996 5997 7997
f 8001 7998 7959
f 8001 7959 7999
f 8001 7999 7603
f 8001 7603 8000
f 8000 8002 8003
f 8000 8003 7593
f 8000 7593 8001
f 8005 8003 8002
f 8005 8002 7601
f 8005 7601 8004
f 8006 8007 8012
f 8006 8012 8160
f 8006 8160 8008
f 8006 8008 8009
f 8004 8006 8009
f 8004 8009 7595
f 8004 7595 8005
f 8010 3639 3646
f 8010 3646 8162
f 8010 8162 3647
f 8010 3647 3675
f 8010 3675 3683
f 8010 3683 3672
f 8010 3672 3655
f 8010 3655 8091
f 8010 8091 4401
f 8010 4401 8011
f 8012 8007 3638
f 8012 3638 8010
f 8012 8010 8011
f 8012 8011 8039
f 8012 8039 8013
f 8014 3643 8008
f 8014 8008 8160
f 8014 8160 8012
f 8014 8012 8013
f 8014 8013 8030
f 8014 8030 8089
f 8014 8089 8015
f 8016 8017 4112
f 8016 4112 4121
f 8016 4121 4124
f 8016 4124 3650
f 8016 3651 3642
f 8016 3642 8014
f 8016 8014 8015
f 8016 8015 8029
f 8016 8029 4403
f 8016 4403 8017
f 8018 6889 6900
f 8018 6900 8019
f 8021 8022 7133
f 8021 7133 6896
f 8021 6896 6894
f 8021 6894 7134
f 8021 7134 8020
f 8021 8023 8018
f 8021 8018 8019
f 8021 8019 6898
f 8021 6898 8022
f 8020 6892 5673
f 8020 5673 7803
f 8020 7803 8024
f 8020 8024 8021
f 8023 8021 8024
f 8023 8024 3614
f 8023 3614 8025
f 7803 8026 8027
f 7803 8027 8024
f 8027 8028 8025
f 8027 8025 3614
f 8027 3614 8024
f 8029 8027 8026
f 8029 8026 5674
f 8029 5674 5594
f 8029 5594 4403
f 8028 8027 8029
f 8028 8029 8015
f 8028 8015 8089
f 8028 8089 8030
f 8031 6887 6889
f 8031 6889 8018
f 8032 8031 8018
f 8032 8018 8023
f 8032 8023 8033
f 6881 6883 6885
f 6881 6885 8032
f 6881 8032 8033
f 6881 8033 8035
f 6881 8035 8034
f 8035 8033 8023
f 8035 8023 8025
f 8035 8025 3611
f 8035 3611 8036
f 7863 4686 6879
f 7863 6879 8034
f 7863 8034 8035
f 7863 8035 8036
f 8028 8037 8036
f 8028 8036 3611
f 8028 3611 8025
f 8036 8037 8038
f 8036 8038 5313
f 8036 5313 4685
f 8036 4685 7863
f 8037 8028 8030
f 8037 8030 8013
f 8037 8013 8039
f 8037 8039 8011
f 8037 8011 4401
f 8037 4401 5323
f 8037 5323 5312
f 8037 5312 8038
f 7904 8040 8041
f 7904 8041 7956
f 7904 7956 3379
f 8040 7902 7901
f 8040 7901 3372
f 8040 3372 7952
f 8040 7952 7954
f 8040 7954 8041
f 8042 6953 6954
f 8042 6954 8043
f 6938 8044 8045
f 6938 8045 6939
f 8044 8042 8043
f 8044 8043 8045
f 3776 3775 8046
f 3776 8046 8047
f 8046 7186 7187
f 8046 7187 8047
f 2847 8049 8048
f 2847 8048 8086
f 2847 8086 8264
f 2847 8264 3328
f 8049 8051 8050
f 8049 8050 8263
f 8049 8263 8048
f 8051 8053 8052
f 8051 8052 8084
f 8051 8084 8269
f 8051 8269 3329
f 8051 3329 8262
f 8051 8262 8050
f 8053 8055 8054
f 8053 8054 8270
f 8053 8270 8052
f 8055 8057 8056
f 8055 8056 8082
f 8055 8082 3332
f 8055 3332 8289
f 8055 8289 8054
f 8057 8059 8058
f 8057 8058 8288
f 8057 8288 8056
f 8059 8061 8060
f 8059 8060 3333
f 8059 3333 8287
f 8059 8287 8058
f 8061 8063 8062
f 8061 8062 8286
f 8061 8286 8060
f 8063 8065 8064
f 8063 8064 8285
f 8063 8285 8062
f 2863 8066 8067
f 2863 8067 8068
f 8065 8068 8067
f 8065 8067 8284
f 8065 8284 8064
f 2860 8069 8070
f 2860 8070 8255
f 2860 8255 3359
f 8069 8071 8072
f 8069 8072 8254
f 8069 8254 8070
f 8071 8073 8074
f 8071 8074 8253
f 8071 8253 3357
f 8071 3357 8072
f 8073 8075 8076
f 8073 8076 8252
f 8073 8252 8074
f 8077 2850 3345
f 8077 3345 8250
f 8077 8250 8078
f 8075 8077 8078
f 8075 8078 3352
f 8075 3352 8251
f 8075 8251 8076
f 8072 8254 8070
f 8072 8070 8255
f 8072 8255 3359
f 8072 3359 8079
f 8072 8079 8347
f 8072 8347 8080
f 2242 3345 8250
f 2242 8250 8078
f 2242 8078 3352
f 2242 3352 8251
f 2242 8251 8076
f 2242 8076 8081
f 8076 8252 8074
f 8076 8074 8253
f 8076 8253 3357
f 8076 3357 8072
f 8076 8072 8080
f 8076 8080 8345
f 8076 8345 8081
f 4095 3333 8287
f 4095 8287 8058
f 4095 8058 8288
f 4095 8288 8056
f 4095 8056 8082
f 4095 8082 8083
f 4095 8083 8354
f 8082 3332 8289
f 8082 8289 8054
f 8082 8054 8270
f 8082 8270 8052
f 8082 8052 8084
f 8082 8084 8085
f 8082 8085 8352
f 8082 8352 8083
f 8086 8264 3328
f 8086 3328 8244
f 8086 8244 7012
f 8086 7012 2191
f 8086 2191 2204
f 8086 2204 8087
f 8084 8269 3329
f 8084 3329 8262
f 8084 8262 8050
f 8084 8050 8263
f 8084 8263 8048
f 8084 8048 8086
f 8084 8086 8087
f 8084 8087 8350
f 8084 8350 8085
f 8088 7804 4111
f 8088 4111 4112
f 8088 4112 8017
f 8088 8017 4403
f 8088 4403 8029
f 8088 8029 8015
f 8088 8015 8089
f 8090 8091 3655
f 8090 3655 3659
f 8090 3659 3656
f 8090 3656 3654
f 8090 7864 8088
f 8090 8088 8089
f 8090 8089 8030
f 8090 8030 8013
f 8090 8013 8039
f 8090 8039 8011
f 8090 8011 4401
f 8090 4401 8091
f 8092 2732 7180
f 8092 7180 8093
f 8094 8092 8093
f 8094 8093 8095
f 8096 8094 8095
f 8096 8095 8097
f 2729 8098 8099
f 2729 8099 7181
f 8098 8096 8097
f 8098 8097 8099
f 3987 8100 8101
f 3987 8101 3963
f 8100 3988 3979
f 8100 3979 3771
f 8100 3771 3772
f 8100 3772 7575
f 8100 7575 8101
f 7817 4039 4038
f 7817 4038 7819
f 7817 7819 8102
f 8102 4043 4042
f 8102 4042 5584
f 8102 5584 5585
f 8102 5585 5587
f 8102 5587 7817
f 5233 3850 3853
f 5233 3853 3854
f 5233 3854 3857
f 5233 3857 8103
f 5233 8103 8104
f 5233 8104 3931
f 5233 3931 6986
f 5233 6986 4016
f 5233 4016 4015
f 5233 4015 6996
f 5233 6996 7003
f 5233 7003 5234
f 8103 3858 3861
f 8103 3861 8118
f 8103 8118 3862
f 8103 3862 3865
f 8103 3865 8105
f 8103 8105 8106
f 8103 8106 4065
f 8103 4065 6990
f 8103 6990 4012
f 8103 4012 4011
f 8103 4011 8150
f 8103 8150 6983
f 8103 6983 3937
f 8103 3937 8104
f 8105 8120 8107
f 8105 8107 8108
f 8105 8108 4008
f 8105 4008 8152
f 8105 8152 4007
f 8105 4007 6979
f 8105 6979 4072
f 8105 4072 8106
f 8107 3866 3869
f 8107 3869 3870
f 8107 3870 3873
f 8107 3873 8109
f 8107 8109 8110
f 8107 8110 4046
f 8107 4046 3701
f 8107 3701 3702
f 8107 3702 4055
f 8107 4055 4080
f 8107 4080 6974
f 8107 6974 8108
f 8111 3953 8112
f 8111 8112 4048
f 8111 4048 7008
f 8111 7008 4088
f 8111 4088 3987
f 8111 3987 3697
f 8111 3697 3698
f 8111 3698 8154
f 8111 8154 8110
f 8111 8110 8109
f 8111 8109 8122
f 8111 8122 3878
f 8111 3878 3881
f 8111 3881 3874
f 8111 3874 3877
f 8111 3877 3954
f 8113 2424 4003
f 8113 4003 4002
f 8113 4002 8114
f 3991 4876 2425
f 3991 2425 2748
f 3991 2748 2749
f 3991 2749 8113
f 3991 8113 8114
f 3991 8114 3999
f 3991 3999 3998
f 3991 3998 3996
f 3991 3996 3994
f 3991 3994 3992
f 3757 8115 8116
f 3757 8116 4005
f 3757 4005 4004
f 8115 7656 3706
f 8115 3706 3990
f 8115 3990 3993
f 8115 3993 3995
f 8115 3995 3997
f 8115 3997 4001
f 8115 4001 4000
f 8115 4000 8116
f 2168 2171 2560
f 2168 2560 2555
f 2168 2555 2545
f 2168 2545 2544
f 2168 2544 2543
f 2168 2543 2542
f 2168 2542 8117
f 2168 8117 8118
f 2168 8118 3861
f 2168 3861 3858
f 2168 3858 8103
f 2168 8103 3857
f 2168 3857 3854
f 2168 3854 3853
f 2168 3853 3850
f 2168 3850 5233
f 8117 2550 2652
f 8117 2652 2254
f 8117 2254 2253
f 8117 2253 2651
f 8117 2651 2536
f 8117 2536 8119
f 8117 8119 8120
f 8117 8120 8105
f 8117 8105 3865
f 8117 3865 3862
f 8117 3862 8118
f 8121 2531 2665
f 8121 2665 2664
f 8121 2664 2663
f 8121 2663 2556
f 8121 2556 3954
f 8121 3954 3877
f 8121 3877 3874
f 8121 3874 3881
f 8121 3881 3878
f 8121 3878 8122
f 8119 2537 2658
f 8119 2658 2657
f 8119 2657 2530
f 8119 2530 3945
f 8119 3945 3952
f 8119 3952 8121
f 8119 8121 8122
f 8119 8122 8109
f 8119 8109 3873
f 8119 3873 3870
f 8119 3870 3869
f 8119 3869 3866
f 8119 3866 8107
f 8119 8107 8120
f 7583 3852 7047
f 7583 7047 7048
f 7583 7048 3851
f 7583 3851 3849
f 7583 3849 7051
f 7583 7051 7052
f 7583 7052 3848
f 7583 3848 3749
f 7583 3749 3752
f 7583 3752 3918
f 7583 3918 3915
f 7583 3915 3914
f 7583 3914 3911
f 7583 3911 8123
f 7585 3860 7039
f 7585 7039 7040
f 7585 7040 3859
f 7585 3859 3856
f 7585 3856 7043
f 7585 7043 7044
f 7585 7044 3855
f 7585 3855 7583
f 7585 7583 8123
f 7585 8123 3910
f 7585 3910 3907
f 7585 3907 3906
f 7585 3906 3903
f 7585 3903 8124
f 8124 8125 4071
f 8124 4071 7587
f 8124 7587 4071
f 8124 4071 3864
f 8124 3864 5215
f 8124 5215 5214
f 8124 5214 3863
f 8124 3863 7585
f 7589 3868 7021
f 7589 7021 7022
f 7589 7022 3867
f 7589 3867 5218
f 7589 5218 7033
f 7589 7033 7034
f 7589 7034 7587
f 7589 7587 4071
f 7589 4071 8125
f 7589 8125 3902
f 7589 3902 3899
f 7589 3899 3890
f 7589 3890 3887
f 7589 3887 8126
f 5563 3876 7017
f 5563 7017 7018
f 5563 7018 3875
f 5563 3875 7591
f 5563 7591 8127
f 5563 8127 3886
f 5563 3886 3883
f 5563 3883 5564
f 7591 3880 7025
f 7591 7025 7026
f 7591 7026 3879
f 7591 3879 3872
f 7591 3872 7029
f 7591 7029 7030
f 7591 7030 3871
f 7591 3871 7589
f 7591 7589 8126
f 7591 8126 3898
f 7591 3898 3895
f 7591 3895 3894
f 7591 3894 3891
f 7591 3891 8127
f 8128 2444 3839
f 8128 3839 3838
f 8128 3838 8129
f 2445 8128 8129
f 2445 8129 3835
f 2445 3835 3834
f 2445 3834 3832
f 2445 3832 3830
f 2445 3830 3828
f 2445 3828 3827
f 3765 8130 8131
f 3765 8131 3841
f 3765 3841 3840
f 8130 7630 3728
f 8130 3728 3826
f 8130 3826 3829
f 8130 3829 3831
f 8130 3831 3833
f 8130 3833 3837
f 8130 3837 3836
f 8130 3836 8131
f 8132 2442 3722
f 8132 3722 3824
f 8132 3824 8133
f 2443 8132 8133
f 2443 8133 3821
f 2443 3821 3820
f 2443 3820 3818
f 2443 3818 3816
f 2443 3816 3814
f 2443 3814 3813
f 3716 8134 8135
f 3716 8135 3825
f 3716 3825 3721
f 8134 7645 3780
f 8134 3780 3812
f 8134 3812 3815
f 8134 3815 3817
f 8134 3817 3819
f 8134 3819 3823
f 8134 3823 3822
f 8134 3822 8135
f 8136 2434 3809
f 8136 3809 3808
f 8136 3808 8137
f 2435 8136 8137
f 2435 8137 3805
f 2435 3805 3804
f 2435 3804 3802
f 2435 3802 3800
f 2435 3800 3798
f 2435 3798 3797
f 3779 8138 8139
f 3779 8139 3811
f 3779 3811 3810
f 8138 7643 3717
f 8138 3717 3796
f 8138 3796 3799
f 8138 3799 3801
f 8138 3801 3803
f 8138 3803 3807
f 8138 3807 3806
f 8138 3806 8139
f 8140 2432 3711
f 8140 3711 3792
f 8140 3792 8141
f 2433 8140 8141
f 2433 8141 3789
f 2433 3789 3788
f 2433 3788 3786
f 2433 3786 3784
f 2433 3784 3782
f 2433 3782 3764
f 3705 8142 8143
f 3705 8143 3793
f 3705 3793 3710
f 8142 7658 3758
f 8142 3758 3760
f 8142 3760 3783
f 8142 3783 3785
f 8142 3785 3787
f 8142 3787 3791
f 8142 3791 3790
f 8142 3790 8143
f 7577 6997 7006
f 7577 7006 3696
f 7577 3696 3695
f 7577 3695 3753
f 7577 3753 3756
f 7577 3756 3735
f 7577 3735 8144
f 7578 6984 3940
f 7578 3940 3932
f 7578 3932 6989
f 7578 6989 7577
f 7578 7577 8144
f 7578 8144 3736
f 7578 3736 3724
f 7578 3724 8145
f 7579 4075 4066
f 7579 4066 6993
f 7579 6993 7578
f 7579 7578 8145
f 7579 8145 3725
f 7579 3725 8146
f 7580 4081 6977
f 7580 6977 6980
f 7580 6980 7579
f 7580 7579 8146
f 7580 8146 3713
f 7580 3713 3714
f 7580 3714 8147
f 7174 7009 4091
f 7174 4091 7581
f 7174 7581 8148
f 7174 8148 3746
f 7174 3746 3747
f 8147 8148 7581
f 8147 7581 3700
f 8147 3700 3699
f 8147 3699 3704
f 8147 3704 3703
f 8147 3703 7580
f 8149 2442 2445
f 8149 2445 2446
f 8149 2446 2451
f 8149 2451 2452
f 8149 2452 5234
f 8149 5234 7003
f 8149 7003 6996
f 8149 6996 4015
f 8149 4015 4016
f 8149 4016 6986
f 8149 6986 3931
f 8149 3931 8104
f 8149 8104 3937
f 8149 3937 6983
f 8149 6983 8150
f 8151 2431 2432
f 8151 2432 2435
f 8151 2435 2436
f 8151 2436 2441
f 8151 2441 8149
f 8151 8149 8150
f 8151 8150 4011
f 8151 4011 4012
f 8151 4012 6990
f 8151 6990 4065
f 8151 4065 8106
f 8151 8106 4072
f 8151 4072 6979
f 8151 6979 4007
f 8151 4007 8152
f 2557 2675 2597
f 2557 2597 8153
f 2557 8153 8154
f 2557 8154 3698
f 2557 3698 3697
f 2557 3697 3987
f 2557 3987 4088
f 2557 4088 7008
f 2557 7008 4048
f 2557 4048 8112
f 2557 8112 3953
f 8153 2600 2747
f 8153 2747 2425
f 8153 2425 2426
f 8153 2426 8151
f 8153 8151 8152
f 8153 8152 4008
f 8153 4008 8108
f 8153 8108 6974
f 8153 6974 4080
f 8153 4080 4055
f 8153 4055 3702
f 8153 3702 3701
f 8153 3701 4046
f 8153 4046 8110
f 8153 8110 8154
f 5180 8155 7930
f 5180 7930 7929
f 8156 5183 7933
f 8156 7933 7932
f 8155 8156 7932
f 8155 7932 7930
f 5176 8157 7938
f 5176 7938 7937
f 8158 5179 7941
f 8158 7941 7940
f 8157 8158 7940
f 8157 7940 7938
f 2071 7800 8175
f 2071 8175 8177
f 2071 8177 8159
f 2071 8159 8160
f 2071 8160 8008
f 2071 8008 3643
f 2071 3643 8014
f 2071 8014 3642
f 2071 3642 3651
f 2071 3651 8016
f 2071 8016 3650
f 8161 2067 5183
f 8161 5183 7933
f 8161 7933 3647
f 8161 3647 8162
f 8159 8195 8208
f 8159 8208 7861
f 8159 7861 8161
f 8159 8161 8162
f 8159 8162 3646
f 8159 3646 3639
f 8159 3639 8010
f 8159 8010 3638
f 8159 3638 8007
f 8159 8007 8012
f 8159 8012 8160
f 8163 8164 3630
f 8163 3630 7961
f 3623 8191 8181
f 3623 8181 8163
f 3623 8163 7961
f 3623 7961 3629
f 3623 3629 7998
f 3623 7998 7959
f 3623 7959 7999
f 3623 7999 3626
f 3623 3626 3624
f 8165 7766 3447
f 8165 3447 3446
f 8165 3446 8166
f 8165 8166 8167
f 8165 8167 7970
f 3596 8168 7973
f 3596 7973 8169
f 3596 8169 8170
f 3596 8170 3593
f 8168 7764 8165
f 8168 8165 7970
f 8168 7970 8167
f 8168 8167 8169
f 8168 8169 7973
f 8171 7748 3631
f 8171 3631 3630
f 8171 3630 7986
f 8171 7986 7988
f 3642 3645 8172
f 3642 8172 7991
f 8172 7746 8171
f 8172 8171 7988
f 8172 7988 7989
f 8172 7989 7991
f 8164 8173 7988
f 8164 7988 7986
f 8164 7986 3630
f 8174 8175 3642
f 8174 3642 7991
f 8173 8174 7991
f 8173 7991 7989
f 8173 7989 7988
f 8178 8176 7751
f 8178 7751 3644
f 8178 3644 3643
f 8178 3643 8177
f 8179 8180 8181
f 8179 8181 3629
f 8179 3629 3632
f 8178 8180 8179
f 8178 8179 7750
f 8178 7750 8176
f 3445 3448 7768
f 3445 7768 8182
f 3445 8182 8183
f 8184 3595 3594
f 8184 3594 8185
f 8185 8183 8182
f 8185 8182 7769
f 8185 7769 8184
f 8186 8187 3445
f 8186 3445 8183
f 8188 8189 8185
f 8188 8185 3594
f 8189 8186 8183
f 8189 8183 8185
f 8192 8190 7753
f 8192 7753 3627
f 8192 3627 3626
f 8192 3626 8191
f 8193 8194 8195
f 8193 8195 3638
f 8193 3638 3641
f 8192 8194 8193
f 8192 8193 7752
f 8192 7752 8190
f 8198 8196 7759
f 8198 7759 3450
f 8198 3450 3449
f 8198 3449 8197
f 8199 8200 8201
f 8199 8201 3597
f 8199 3597 3599
f 8198 8200 8199
f 8198 8199 7758
f 8198 7758 8196
f 3624 3628 7754
f 3624 7754 8202
f 3624 8202 7994
f 3624 7994 7993
f 3624 7993 8212
f 8203 3640 3639
f 8203 3639 7997
f 8202 7756 8203
f 8202 8203 7997
f 8202 7997 7996
f 8202 7996 8210
f 8202 8210 7994
f 3439 3451 7761
f 3439 7761 8204
f 3439 8204 7964
f 3439 7964 7963
f 8205 3598 3592
f 8205 3592 7967
f 8204 7763 8205
f 8204 8205 7967
f 8204 7967 7966
f 8204 7966 7964
f 8206 3438 3439
f 8206 3439 7963
f 8206 7963 7964
f 3589 8207 7967
f 3589 7967 3592
f 8207 8206 7964
f 8207 7964 7966
f 8207 7966 7967
f 8208 8209 8210
f 8208 8210 7996
f 8208 7996 7997
f 8208 7997 3639
f 8211 3623 3624
f 8211 3624 8212
f 8209 8211 8212
f 8209 8212 7993
f 8209 7993 7994
f 8209 7994 8210
f 8213 3589 3592
f 8213 3592 8214
f 8170 8188 8201
f 8170 8201 8213
f 8170 8213 8214
f 8170 8214 3597
f 8170 3597 7983
f 8170 7983 7958
f 8170 7958 7984
f 8170 7984 3594
f 8170 3594 7960
f 8170 7960 3593
f 8215 8166 3446
f 8215 3446 7955
f 8215 7955 8216
f 3438 8197 8187
f 3438 8187 8215
f 3438 8215 8216
f 3438 8216 3445
f 3438 3445 7974
f 3438 7974 7953
f 3438 7953 7975
f 3438 7975 3449
f 3438 3449 7951
f 3438 7951 3439
f 8217 8218 8219
f 8217 8219 8220
f 8221 8217 8220
f 8221 8220 8222
f 8223 8221 8222
f 8223 8222 8224
f 8225 8223 8224
f 8225 8224 8226
f 8227 8225 8226
f 8227 8226 8228
f 8229 8227 8228
f 8229 8228 8230
f 8231 8229 8230
f 8231 8230 8232
f 8233 8231 8232
f 8233 8232 8234
f 8235 8233 8234
f 8235 8234 8236
f 8237 8235 8236
f 8237 8236 8238
f 8239 8237 8238
f 8239 8238 8240
f 2893 8241 8242
f 2893 8242 8243
f 8242 8239 8240
f 8242 8240 8243
f 8244 3328 8218
f 8244 8218 8217
f 8217 8221 8245
f 8217 8245 7012
f 8217 7012 8244
f 8246 8245 8221
f 8246 8221 8223
f 8247 8246 8223
f 8247 8223 8225
f 8248 8247 8225
f 8248 8225 8227
f 8249 8248 8227
f 8249 8227 8229
f 8229 8231 8250
f 8229 8250 3345
f 8229 3345 8249
f 8231 8233 8251
f 8231 8251 3352
f 8231 3352 8078
f 8231 8078 8250
f 8233 8235 8252
f 8233 8252 8076
f 8233 8076 8251
f 8235 8237 8253
f 8235 8253 8074
f 8235 8074 8252
f 8237 8239 8254
f 8237 8254 8072
f 8237 8072 3357
f 8237 3357 8253
f 8241 3359 8255
f 8241 8255 8242
f 8239 8242 8255
f 8239 8255 8070
f 8239 8070 8254
f 8256 8257 8258
f 8256 8258 8259
f 8260 8219 8218
f 8260 8218 8261
f 8258 8260 8261
f 8258 8261 8259
f 8256 8259 8263
f 8256 8263 8050
f 8256 8050 8262
f 8261 8218 3328
f 8261 3328 8264
f 8259 8261 8264
f 8259 8264 8086
f 8259 8086 8048
f 8259 8048 8263
f 8265 8257 8256
f 8265 8256 8266
f 8267 8268 8265
f 8267 8265 8266
f 8266 8256 8262
f 8266 8262 3329
f 8266 3329 8269
f 8267 8266 8269
f 8267 8269 8084
f 8267 8084 8052
f 8267 8052 8270
f 8271 2894 8272
f 8271 8272 8273
f 8272 8274 8275
f 8272 8275 8273
f 8274 8276 8277
f 8274 8277 8275
f 8276 8278 8279
f 8276 8279 8277
f 8278 8280 8281
f 8278 8281 8279
f 8282 8268 8267
f 8282 8267 8283
f 8280 8282 8283
f 8280 8283 8281
f 8271 8273 8284
f 8271 8284 8067
f 8271 8067 8066
f 8273 8275 8285
f 8273 8285 8064
f 8273 8064 8284
f 8275 8277 8286
f 8275 8286 8062
f 8275 8062 8285
f 8277 8279 8287
f 8277 8287 3333
f 8277 3333 8060
f 8277 8060 8286
f 8279 8281 8288
f 8279 8288 8058
f 8279 8058 8287
f 8283 8267 8270
f 8283 8270 8054
f 8283 8054 8289
f 8281 8283 8289
f 8281 8289 3332
f 8281 3332 8082
f 8281 8082 8056
f 8281 8056 8288
f 8290 3328 8244
f 8290 8244 8291
f 8292 8291 8244
f 8292 8244 7012
f 8292 7012 8245
f 8245 8246 8293
f 8245 8293 8292
f 8246 8247 8294
f 8246 8294 8293
f 8247 8248 8295
f 8247 8295 8294
f 8249 3345 7784
f 8249 7784 8296
f 8248 8249 8296
f 8248 8296 8295
f 8291 8298 8297
f 8291 8297 3327
f 8291 3327 8290
f 8291 8292 8299
f 8291 8299 8298
f 8292 8293 8300
f 8292 8300 8299
f 8293 8294 8301
f 8293 8301 8300
f 8294 8295 8302
f 8294 8302 8301
f 8296 7784 3346
f 8296 3346 7782
f 8296 7782 8303
f 8295 8296 8303
f 8295 8303 8302
f 8304 8297 8298
f 8304 8298 8305
f 8298 8299 8306
f 8298 8306 8305
f 8299 8300 8307
f 8299 8307 8306
f 8300 8301 8308
f 8300 8308 8307
f 8301 8302 8309
f 8301 8309 8308
f 8303 7782 7780
f 8303 7780 8310
f 8302 8303 8310
f 8302 8310 8309
f 8311 8312 8304
f 8311 8304 8305
f 8313 8311 8305
f 8313 8305 8306
f 8314 8313 8306
f 8314 8306 8307
f 8315 8314 8307
f 8315 8307 8308
f 8316 8315 8308
f 8316 8308 8309
f 7779 8317 8310
f 7779 8310 7780
f 8317 8316 8309
f 8317 8309 8310
f 8318 8319 2886
f 8318 2886 2857
f 8318 2857 1991
f 8318 5664 2257
f 8318 2257 3168
f 8318 3168 3172
f 8318 3172 3171
f 8318 3171 8319
f 8320 2089 4110
f 8320 4110 8321
f 7169 8320 8321
f 7169 8321 3222
f 7169 3222 3221
f 7169 3221 3219
f 7169 3219 2208
f 2848 8322 8304
f 2848 8304 8312
f 8322 8323 8297
f 8322 8297 8304
f 8324 2847 3328
f 8324 3328 8290
f 8323 8324 8290
f 8323 8290 3327
f 8323 3327 8297
f 8325 2883 2884
f 8325 2884 2892
f 8325 2892 8326
f 7305 8325 8326
f 7305 8326 2416
f 7305 2416 2415
f 7305 2415 2412
f 7305 2412 2256
f 4109 8327 8328
f 4109 8328 2711
f 8327 6824 2205
f 8327 2205 2456
f 8327 2456 2460
f 8327 2460 2459
f 8327 2459 8328
f 3946 8330 8329
f 3946 8329 8478
f 3946 8478 2185
f 3946 2185 2184
f 8331 8566 8562
f 8331 8562 8558
f 8331 8558 8554
f 8331 8554 8485
f 8331 8485 8479
f 8331 8479 8329
f 8331 8329 8330
f 8331 8330 1929
f 8331 1929 8332
f 8332 8334 8333
f 8332 8333 8462
f 8332 8462 8460
f 8332 8460 8458
f 8332 8458 8453
f 8332 8453 8452
f 8332 8452 8331
f 8335 8548 8544
f 8335 8544 8540
f 8335 8540 8536
f 8335 8536 8475
f 8335 8475 8463
f 8335 8463 8333
f 8335 8333 8334
f 8335 8334 1935
f 8335 1935 8336
f 8336 8338 8337
f 8336 8337 8434
f 8336 8434 8432
f 8336 8432 8430
f 8336 8430 8425
f 8336 8425 8424
f 8336 8424 8335
f 8339 8359 8357
f 8339 8357 8356
f 8339 8356 8437
f 8339 8437 8436
f 8339 8436 8337
f 8339 8337 8338
f 8339 8338 1985
f 8339 1985 8340
f 8342 1991 2857
f 8342 2857 2886
f 8342 2886 2236
f 8342 2236 2880
f 8342 2880 8369
f 8342 8369 8341
f 8340 8342 8341
f 8340 8341 2237
f 8340 2237 8367
f 8340 8367 8365
f 8340 8365 8363
f 8340 8363 8361
f 8340 8361 8339
f 8343 5211 5210
f 8343 5210 8344
f 2727 2726 8343
f 2727 8343 8344
f 7877 5201 5200
f 7877 5200 7516
f 5193 5192 7877
f 5193 7877 7516
f 2239 2242 8081
f 2239 8081 8345
f 2239 8345 8346
f 2239 8346 4429
f 2239 4429 4428
f 8347 8079 4431
f 8347 4431 8348
f 8345 8080 8347
f 8345 8347 8348
f 8345 8348 4100
f 8345 4100 4430
f 8345 4430 8346
f 2203 8349 8350
f 2203 8350 8087
f 2203 8087 2204
f 8349 4424 4427
f 8349 4427 8351
f 8349 8351 8352
f 8349 8352 8085
f 8349 8085 8350
f 8353 4096 4095
f 8353 4095 8354
f 8351 4426 4425
f 8351 4425 8353
f 8351 8353 8354
f 8351 8354 8083
f 8351 8083 8352
f 8355 8356 8357
f 8355 8357 8358
f 8357 8359 8360
f 8357 8360 8358
f 8362 8360 8359
f 8362 8359 8339
f 8362 8339 8361
f 8361 8363 8364
f 8361 8364 8362
f 8363 8365 8366
f 8363 8366 8364
f 8365 8367 8368
f 8365 8368 8366
f 8371 8369 2880
f 8371 2880 2236
f 8371 2236 2886
f 8371 2886 8489
f 8371 8489 8370
f 8371 8368 8367
f 8371 8367 2237
f 8371 2237 8341
f 8371 8341 8369
f 8358 8373 8372
f 8358 8372 8451
f 8358 8451 8355
f 8358 8360 8374
f 8358 8374 8373
f 8360 8362 8375
f 8360 8375 8374
f 8362 8364 8376
f 8362 8376 8375
f 8364 8366 8377
f 8364 8377 8376
f 8366 8368 8378
f 8366 8378 8377
f 8371 8370 3249
f 8371 3249 8488
f 8371 8488 8498
f 8371 8498 8379
f 8371 8379 8380
f 8368 8371 8380
f 8368 8380 8378
f 8381 8372 8373
f 8381 8373 8382
f 8373 8374 8383
f 8373 8383 8382
f 8374 8375 8384
f 8374 8384 8383
f 8375 8376 8385
f 8375 8385 8384
f 8376 8377 8386
f 8376 8386 8385
f 8377 8378 8387
f 8377 8387 8386
f 8380 8379 8503
f 8380 8503 8508
f 8380 8508 8388
f 8380 8388 8389
f 8378 8380 8389
f 8378 8389 8387
f 8382 8391 8390
f 8382 8390 2190
f 8382 2190 2189
f 8382 2189 8381
f 8382 8383 8392
f 8382 8392 8391
f 8383 8384 8393
f 8383 8393 8392
f 8384 8385 8394
f 8384 8394 8393
f 8385 8386 8395
f 8385 8395 8394
f 8386 8387 8396
f 8386 8396 8395
f 8389 8388 8513
f 8389 8513 8518
f 8389 8518 8397
f 8389 8397 8398
f 8387 8389 8398
f 8387 8398 8396
f 3155 8390 8391
f 3155 8391 8399
f 8391 8392 8400
f 8391 8400 8399
f 8392 8393 8401
f 8392 8401 8400
f 8393 8394 8402
f 8393 8402 8401
f 8394 8395 8403
f 8394 8403 8402
f 8395 8396 8404
f 8395 8404 8403
f 8398 8397 8523
f 8398 8523 3251
f 8398 3251 8529
f 8398 8529 2221
f 8398 2221 8405
f 8396 8398 8405
f 8396 8405 2223
f 8396 2223 8404
f 8326 2892 4182
f 8326 4182 2886
f 8326 2886 8319
f 2256 2412 2415
f 2256 2415 2416
f 2256 2416 8326
f 2256 8326 8319
f 2256 8319 3171
f 2256 3171 3172
f 2256 3172 3168
f 2256 3168 2257
f 4100 8406 7739
f 4100 7739 4430
f 8406 4099 4419
f 8406 4419 7739
f 4429 8407 7737
f 4429 7737 4428
f 8407 4416 4415
f 8407 4415 7737
f 8328 8321 4110
f 8328 4110 2714
f 8328 2714 2711
f 8328 2459 2460
f 8328 2460 2456
f 8328 2456 2205
f 8328 2205 2208
f 8328 2208 3219
f 8328 3219 3221
f 8328 3221 3222
f 8328 3222 8321
f 8408 2269 2268
f 8408 2268 8409
f 8408 8409 8410
f 8411 8408 8410
f 8411 8410 8412
f 8412 8414 8413
f 8412 8413 7873
f 8412 7873 8411
f 8414 8416 8415
f 8414 8415 2452
f 8414 2452 8413
f 8417 2168 8415
f 8417 8415 8416
f 8417 8416 2265
f 8417 2265 8418
f 2264 2169 8419
f 2264 8419 8420
f 8419 8417 8418
f 8419 8418 8420
f 8421 4425 4426
f 8421 4426 7743
f 4414 4413 8421
f 4414 8421 7743
f 8422 4427 4424
f 8422 4424 7794
f 4412 4411 8422
f 4412 8422 7794
f 8423 2203 4422
f 8423 4422 7741
f 4408 4407 8423
f 4408 8423 7741
f 8424 8425 8426
f 8424 8426 8427
f 8426 8441 8428
f 8426 8428 8429
f 8426 8429 8550
f 8426 8550 8427
f 8425 8430 8431
f 8425 8431 8426
f 8430 8432 8433
f 8430 8433 8431
f 8432 8434 8435
f 8432 8435 8433
f 8436 8437 8438
f 8436 8438 8439
f 8439 8435 8434
f 8439 8434 8337
f 8439 8337 8436
f 8440 8441 8426
f 8440 8426 8431
f 8442 8440 8431
f 8442 8431 8433
f 8443 8442 8433
f 8443 8433 8435
f 8438 8444 8445
f 8438 8445 8439
f 8445 8443 8435
f 8445 8435 8439
f 8446 8428 8441
f 8446 8441 8440
f 8447 8446 8440
f 8447 8440 8442
f 8448 8447 8442
f 8448 8442 8443
f 8444 8449 2188
f 8444 2188 8450
f 8444 8450 8445
f 8450 8448 8443
f 8450 8443 8445
f 8437 8356 8355
f 8437 8355 8451
f 8437 8451 8438
f 8451 8372 8381
f 8451 8381 2189
f 8451 2189 8449
f 8451 8449 8444
f 8451 8444 8438
f 8452 8453 8454
f 8452 8454 8455
f 8454 8467 8456
f 8454 8456 8457
f 8454 8457 8568
f 8454 8568 8455
f 8453 8458 8459
f 8453 8459 8454
f 8458 8460 8461
f 8458 8461 8459
f 8464 8465 8462
f 8464 8462 8333
f 8464 8333 8463
f 8460 8462 8465
f 8460 8465 8461
f 8466 8467 8454
f 8466 8454 8459
f 8468 8466 8459
f 8468 8459 8461
f 8464 8469 8470
f 8464 8470 8465
f 8470 8468 8461
f 8470 8461 8465
f 8471 8456 8467
f 8471 8467 8466
f 8472 8471 8466
f 8472 8466 8468
f 8469 8473 8474
f 8469 8474 8470
f 8474 8472 8468
f 8474 8468 8470
f 8463 8475 8476
f 8463 8476 8464
f 8476 8535 8477
f 8476 8477 8473
f 8476 8473 8469
f 8476 8469 8464
f 8480 8481 8478
f 8480 8478 8329
f 8480 8329 8479
f 2185 8478 8481
f 2185 8481 8482
f 8480 8483 8484
f 8480 8484 8481
f 8484 2186 8482
f 8484 8482 8481
f 8479 8485 8486
f 8479 8486 8480
f 8483 8480 8486
f 8483 8486 8553
f 8483 8553 8487
f 8491 8488 3249
f 8491 3249 8370
f 8491 8370 8489
f 8491 8489 2175
f 8491 2175 8490
f 8490 8492 8493
f 8490 8493 8491
f 8497 8494 2174
f 8497 2174 8495
f 8497 8495 2183
f 8497 2183 8496
f 8492 8494 8497
f 8492 8497 8493
f 8498 8488 8491
f 8498 8491 8499
f 8491 8493 8500
f 8491 8500 8499
f 8497 8496 8501
f 8497 8501 8502
f 8493 8497 8502
f 8493 8502 8500
f 8499 8504 8503
f 8499 8503 8379
f 8499 8379 8498
f 8499 8500 8505
f 8499 8505 8504
f 8502 8501 8506
f 8502 8506 8507
f 8500 8502 8507
f 8500 8507 8505
f 8508 8503 8504
f 8508 8504 8509
f 8504 8505 8510
f 8504 8510 8509
f 8507 8506 8511
f 8507 8511 8512
f 8505 8507 8512
f 8505 8512 8510
f 8509 8514 8513
f 8509 8513 8388
f 8509 8388 8508
f 8509 8510 8515
f 8509 8515 8514
f 8512 8511 8516
f 8512 8516 8517
f 8510 8512 8517
f 8510 8517 8515
f 8518 8513 8514
f 8518 8514 8519
f 8514 8515 8520
f 8514 8520 8519
f 8517 8516 8521
f 8517 8521 8522
f 8515 8517 8522
f 8515 8522 8520
f 8519 8524 8523
f 8519 8523 8397
f 8519 8397 8518
f 8519 8520 8525
f 8519 8525 8524
f 8522 8521 8526
f 8522 8526 8527
f 8520 8522 8527
f 8520 8527 8525
f 8524 8528 2178
f 8524 2178 8529
f 8524 8529 3251
f 8524 3251 8523
f 8530 8528 8524
f 8530 8524 8525
f 8527 8526 2182
f 8527 2182 8531
f 8527 8531 2179
f 8527 2179 8532
f 8532 8530 8525
f 8532 8525 8527
f 8533 8534 8477
f 8533 8477 8535
f 8475 8536 8537
f 8475 8537 8476
f 8537 8533 8535
f 8537 8535 8476
f 8538 8539 8534
f 8538 8534 8533
f 8536 8540 8541
f 8536 8541 8537
f 8541 8538 8533
f 8541 8533 8537
f 8542 8543 8539
f 8542 8539 8538
f 8540 8544 8545
f 8540 8545 8541
f 8545 8542 8538
f 8545 8538 8541
f 8546 8547 8543
f 8546 8543 8542
f 8544 8548 8549
f 8544 8549 8545
f 8549 8546 8542
f 8549 8542 8545
f 8550 8429 8547
f 8550 8547 8546
f 8427 8549 8548
f 8427 8548 8335
f 8427 8335 8424
f 8427 8550 8546
f 8427 8546 8549
f 8551 8552 8487
f 8551 8487 8553
f 8485 8554 8555
f 8485 8555 8486
f 8555 8551 8553
f 8555 8553 8486
f 8556 8557 8552
f 8556 8552 8551
f 8554 8558 8559
f 8554 8559 8555
f 8559 8556 8551
f 8559 8551 8555
f 8560 8561 8557
f 8560 8557 8556
f 8558 8562 8563
f 8558 8563 8559
f 8563 8560 8556
f 8563 8556 8559
f 8564 8565 8561
f 8564 8561 8560
f 8562 8566 8567
f 8562 8567 8563
f 8567 8564 8560
f 8567 8560 8563
f 8568 8457 8565
f 8568 8565 8564
f 8455 8567 8566
f 8455 8566 8331
f 8455 8331 8452
f 8455 8568 8564
f 8455 8564 8567
f 10 6 76
f 10 76 72
f 10 72 53
f 10 53 49
f 10 49 45
f 10 45 22
f 10 22 18
f 10 18 9
f 10 9 11
f 10 11 25
f 10 25 54
f 12 13 14
f 12 14 15
f 13 16 17
f 13 17 14
f 9 18 12
f 9 12 15
f 19 20 13
f 19 13 12
f 20 21 16
f 20 16 13
f 18 22 19
f 18 19 12
f 13 12 15
f 13 15 14
f 17 16 13
f 17 13 14
f 12 18 9
f 12 9 15
f 20 19 12
f 20 12 13
f 16 21 20
f 16 20 13
f 19 22 18
f 19 18 12
f 23 11 9
f 23 9 15
f 23 15 14
f 23 14 17
f 24 25 11
f 24 11 23
f 29 30 31
f 29 31 32
f 33 34 29
f 33 29 32
f 30 17 16
f 30 16 31
f 35 36 32
f 35 32 31
f 36 37 33
f 36 33 32
f 21 35 31
f 21 31 16
f 30 29 32
f 30 32 31
f 29 34 33
f 29 33 32
f 17 30 31
f 17 31 16
f 36 35 31
f 36 31 32
f 33 37 36
f 33 36 32
f 35 21 16
f 35 16 31
f 24 23 38
f 24 38 39
f 38 23 17
f 38 17 30
f 38 30 29
f 38 29 34
f 20 19 42
f 20 42 43
f 44 21 20
f 44 20 43
f 19 22 45
f 19 45 42
f 43 42 46
f 43 46 47
f 48 44 43
f 48 43 47
f 42 45 49
f 42 49 46
f 50 51 47
f 50 47 46
f 51 52 48
f 51 48 47
f 53 50 46
f 53 46 49
f 19 20 43
f 19 43 42
f 20 21 44
f 20 44 43
f 22 19 42
f 22 42 45
f 47 46 42
f 47 42 43
f 44 48 47
f 44 47 43
f 46 49 45
f 46 45 42
f 51 50 46
f 51 46 47
f 48 52 51
f 48 51 47
f 50 53 49
f 50 49 46
f 54 25 24
f 54 24 55
f 58 59 36
f 58 36 35
f 59 60 37
f 59 37 36
f 21 44 58
f 21 58 35
f 61 62 59
f 61 59 58
f 62 63 60
f 62 60 59
f 44 48 61
f 44 61 58
f 64 65 62
f 64 62 61
f 65 66 63
f 65 63 62
f 48 52 64
f 48 64 61
f 35 36 59
f 35 59 58
f 36 37 60
f 36 60 59
f 44 21 35
f 44 35 58
f 58 59 62
f 58 62 61
f 59 60 63
f 59 63 62
f 48 44 58
f 48 58 61
f 65 64 61
f 65 61 62
f 66 65 62
f 66 62 63
f 64 52 48
f 64 48 61
f 67 55 24
f 67 24 39
f 51 50 69
f 51 69 70
f 71 52 51
f 71 51 70
f 50 53 72
f 50 72 69
f 70 69 73
f 70 73 74
f 75 71 70
f 75 70 74
f 69 72 76
f 69 76 73
f 77 78 74
f 77 74 73
f 78 79 75
f 78 75 74
f 6 77 73
f 6 73 76
f 50 51 70
f 50 70 69
f 51 52 71
f 51 71 70
f 53 50 69
f 53 69 72
f 74 73 69
f 74 69 70
f 71 75 74
f 71 74 70
f 73 76 72
f 73 72 69
f 78 77 73
f 78 73 74
f 75 79 78
f 75 78 74
f 77 6 76
f 77 76 73
f 10 54 55
f 10 55 80
f 65 64 82
f 65 82 83
f 84 66 65
f 84 65 83
f 64 52 71
f 64 71 82
f 83 82 85
f 83 85 86
f 87 84 83
f 87 83 86
f 82 71 75
f 82 75 85
f 86 85 88
f 86 88 89
f 90 87 86
f 90 86 89
f 85 75 79
f 85 79 88
f 64 65 83
f 64 83 82
f 65 66 84
f 65 84 83
f 71 52 64
f 71 64 82
f 82 83 86
f 82 86 85
f 83 84 87
f 83 87 86
f 75 71 82
f 75 82 85
f 85 86 89
f 85 89 88
f 86 87 90
f 86 90 89
f 79 75 85
f 79 85 88
f 55 67 91
f 55 91 80
f 6 10 109
f 6 109 95
f 6 95 93
f 6 93 130
f 6 130 126
f 6 126 107
f 6 107 103
f 6 103 99
f 78 77 96
f 78 96 97
f 98 79 78
f 98 78 97
f 77 6 99
f 77 99 96
f 97 96 100
f 97 100 101
f 102 98 97
f 102 97 101
f 96 99 103
f 96 103 100
f 101 100 104
f 101 104 105
f 106 102 101
f 106 101 105
f 100 103 107
f 100 107 104
f 77 78 97
f 77 97 96
f 78 79 98
f 78 98 97
f 6 77 96
f 6 96 99
f 101 100 96
f 101 96 97
f 98 102 101
f 98 101 97
f 100 103 99
f 100 99 96
f 105 104 100
f 105 100 101
f 102 106 105
f 102 105 101
f 104 107 103
f 104 103 100
f 10 80 108
f 10 108 109
f 89 88 112
f 89 112 113
f 90 89 113
f 90 113 114
f 88 79 98
f 88 98 112
f 115 116 113
f 115 113 112
f 116 117 114
f 116 114 113
f 98 102 115
f 98 115 112
f 118 119 116
f 118 116 115
f 119 120 117
f 119 117 116
f 102 106 118
f 102 118 115
f 88 89 113
f 88 113 112
f 89 90 114
f 89 114 113
f 98 79 88
f 98 88 112
f 112 113 116
f 112 116 115
f 113 114 117
f 113 117 116
f 102 98 112
f 102 112 115
f 119 118 115
f 119 115 116
f 120 119 116
f 120 116 117
f 118 106 102
f 118 102 115
f 80 91 121
f 80 121 108
f 105 104 123
f 105 123 124
f 106 105 124
f 106 124 125
f 104 107 126
f 104 126 123
f 127 128 124
f 127 124 123
f 128 129 125
f 128 125 124
f 126 130 127
f 126 127 123
f 131 132 128
f 131 128 127
f 132 133 129
f 132 129 128
f 130 93 131
f 130 131 127
f 124 123 104
f 124 104 105
f 106 125 124
f 106 124 105
f 123 126 107
f 123 107 104
f 128 127 123
f 128 123 124
f 125 129 128
f 125 128 124
f 127 130 126
f 127 126 123
f 132 131 127
f 132 127 128
f 129 133 132
f 129 132 128
f 131 93 130
f 131 130 127
f 108 134 95
f 108 95 109
f 119 118 136
f 119 136 137
f 138 120 119
f 138 119 137
f 118 106 125
f 118 125 136
f 137 136 139
f 137 139 140
f 141 138 137
f 141 137 140
f 136 125 129
f 136 129 139
f 140 139 142
f 140 142 143
f 144 141 140
f 144 140 143
f 139 129 133
f 139 133 142
f 118 119 137
f 118 137 136
f 119 120 138
f 119 138 137
f 106 118 136
f 106 136 125
f 140 139 136
f 140 136 137
f 138 141 140
f 138 140 137
f 139 129 125
f 139 125 136
f 143 142 139
f 143 139 140
f 141 144 143
f 141 143 140
f 142 133 129
f 142 129 139
f 108 121 145
f 108 145 134
f 93 95 162
f 93 162 149
f 93 149 147
f 93 147 184
f 93 184 180
f 93 180 161
f 93 161 157
f 93 157 153
f 132 131 150
f 132 150 151
f 152 133 132
f 152 132 151
f 131 93 153
f 131 153 150
f 151 150 154
f 151 154 155
f 156 152 151
f 156 151 155
f 150 153 157
f 150 157 154
f 158 159 155
f 158 155 154
f 159 160 156
f 159 156 155
f 161 158 154
f 161 154 157
f 131 132 151
f 131 151 150
f 132 133 152
f 132 152 151
f 93 131 150
f 93 150 153
f 155 154 150
f 155 150 151
f 152 156 155
f 152 155 151
f 154 157 153
f 154 153 150
f 159 158 154
f 159 154 155
f 156 160 159
f 156 159 155
f 158 161 157
f 158 157 154
f 162 95 134
f 162 134 163
f 143 142 166
f 143 166 167
f 144 143 167
f 144 167 168
f 142 133 152
f 142 152 166
f 169 170 167
f 169 167 166
f 170 171 168
f 170 168 167
f 152 156 169
f 152 169 166
f 172 173 170
f 172 170 169
f 173 174 171
f 173 171 170
f 156 160 172
f 156 172 169
f 167 166 142
f 167 142 143
f 144 168 167
f 144 167 143
f 166 152 133
f 166 133 142
f 170 169 166
f 170 166 167
f 168 171 170
f 168 170 167
f 169 156 152
f 169 152 166
f 173 172 169
f 173 169 170
f 171 174 173
f 171 173 170
f 172 160 156
f 172 156 169
f 145 175 163
f 145 163 134
f 159 158 177
f 159 177 178
f 160 159 178
f 160 178 179
f 158 161 180
f 158 180 177
f 181 182 178
f 181 178 177
f 182 183 179
f 182 179 178
f 180 184 181
f 180 181 177
f 185 186 182
f 185 182 181
f 186 187 183
f 186 183 182
f 184 147 185
f 184 185 181
f 158 159 178
f 158 178 177
f 159 160 179
f 159 179 178
f 180 161 158
f 180 158 177
f 177 178 182
f 177 182 181
f 178 179 183
f 178 183 182
f 184 180 177
f 184 177 181
f 186 185 181
f 186 181 182
f 187 186 182
f 187 182 183
f 185 147 184
f 185 184 181
f 162 163 188
f 162 188 149
f 173 172 190
f 173 190 191
f 192 174 173
f 192 173 191
f 172 160 179
f 172 179 190
f 191 190 193
f 191 193 194
f 195 192 191
f 195 191 194
f 190 179 183
f 190 183 193
f 194 193 196
f 194 196 197
f 198 195 194
f 198 194 197
f 193 183 187
f 193 187 196
f 172 173 191
f 172 191 190
f 173 174 192
f 173 192 191
f 179 160 172
f 179 172 190
f 190 191 194
f 190 194 193
f 191 192 195
f 191 195 194
f 183 179 190
f 183 190 193
f 193 194 197
f 193 197 196
f 194 195 198
f 194 198 197
f 187 183 193
f 187 193 196
f 163 175 199
f 163 199 188
f 201 202 203
f 201 203 204
f 202 205 206
f 202 206 203
f 34 33 201
f 34 201 204
f 207 208 202
f 207 202 201
f 208 209 205
f 208 205 202
f 33 37 207
f 33 207 201
f 202 201 204
f 202 204 203
f 206 205 202
f 206 202 203
f 201 33 34
f 201 34 204
f 208 207 201
f 208 201 202
f 205 209 208
f 205 208 202
f 207 37 33
f 207 33 201
f 210 38 34
f 210 34 204
f 210 204 203
f 210 203 206
f 211 39 38
f 211 38 210
f 214 215 216
f 214 216 217
f 218 219 214
f 218 214 217
f 215 206 205
f 215 205 216
f 220 221 217
f 220 217 216
f 221 222 218
f 221 218 217
f 209 220 216
f 209 216 205
f 215 214 217
f 215 217 216
f 214 219 218
f 214 218 217
f 206 215 216
f 206 216 205
f 221 220 216
f 221 216 217
f 218 222 221
f 218 221 217
f 220 209 205
f 220 205 216
f 223 210 206
f 223 206 215
f 223 215 214
f 223 214 219
f 211 210 223
f 211 223 224
f 208 207 227
f 208 227 228
f 229 209 208
f 229 208 228
f 207 37 60
f 207 60 227
f 228 227 230
f 228 230 231
f 232 229 228
f 232 228 231
f 227 60 63
f 227 63 230
f 233 234 231
f 233 231 230
f 234 235 232
f 234 232 231
f 66 233 230
f 66 230 63
f 207 208 228
f 207 228 227
f 208 209 229
f 208 229 228
f 60 37 207
f 60 207 227
f 227 228 231
f 227 231 230
f 228 229 232
f 228 232 231
f 63 60 227
f 63 227 230
f 230 231 234
f 230 234 233
f 231 232 235
f 231 235 234
f 66 63 230
f 66 230 233
f 67 39 211
f 67 211 236
f 238 239 221
f 238 221 220
f 239 240 222
f 239 222 221
f 209 229 238
f 209 238 220
f 241 242 239
f 241 239 238
f 242 243 240
f 242 240 239
f 229 232 241
f 229 241 238
f 244 245 242
f 244 242 241
f 245 246 243
f 245 243 242
f 232 235 244
f 232 244 241
f 220 221 239
f 220 239 238
f 221 222 240
f 221 240 239
f 229 209 220
f 229 220 238
f 238 239 242
f 238 242 241
f 239 240 243
f 239 243 242
f 232 229 238
f 232 238 241
f 245 244 241
f 245 241 242
f 246 245 242
f 246 242 243
f 244 235 232
f 244 232 241
f 247 236 211
f 247 211 224
f 249 250 234
f 249 234 233
f 250 251 235
f 250 235 234
f 66 84 249
f 66 249 233
f 252 253 250
f 252 250 249
f 253 254 251
f 253 251 250
f 84 87 252
f 84 252 249
f 255 256 253
f 255 253 252
f 256 257 254
f 256 254 253
f 87 90 255
f 87 255 252
f 233 234 250
f 233 250 249
f 234 235 251
f 234 251 250
f 84 66 233
f 84 233 249
f 249 250 253
f 249 253 252
f 250 251 254
f 250 254 253
f 87 84 249
f 87 249 252
f 256 255 252
f 256 252 253
f 257 256 253
f 257 253 254
f 255 90 87
f 255 87 252
f 258 91 67
f 258 67 236
f 245 244 260
f 245 260 261
f 262 246 245
f 262 245 261
f 244 235 251
f 244 251 260
f 261 260 263
f 261 263 264
f 265 262 261
f 265 261 264
f 260 251 254
f 260 254 263
f 266 267 264
f 266 264 263
f 267 268 265
f 267 265 264
f 257 266 263
f 257 263 254
f 244 245 261
f 244 261 260
f 245 246 262
f 245 262 261
f 251 235 244
f 251 244 260
f 260 261 264
f 260 264 263
f 261 262 265
f 261 265 264
f 254 251 260
f 254 260 263
f 263 264 267
f 263 267 266
f 264 265 268
f 264 268 267
f 257 254 263
f 257 263 266
f 258 236 247
f 258 247 269
f 275 276 277
f 275 277 278
f 279 274 275
f 279 275 278
f 276 219 218
f 276 218 277
f 278 277 280
f 278 280 281
f 273 279 278
f 273 278 281
f 277 218 222
f 277 222 280
f 276 275 278
f 276 278 277
f 275 274 279
f 275 279 278
f 218 219 276
f 218 276 277
f 277 278 281
f 277 281 280
f 278 279 273
f 278 273 281
f 222 218 277
f 222 277 280
f 282 223 219
f 282 219 276
f 282 276 275
f 282 275 274
f 282 283 224
f 282 224 223
f 284 282 274
f 284 274 285
f 287 283 282
f 287 282 284
f 281 280 290
f 281 290 291
f 292 273 281
f 292 281 291
f 280 222 240
f 280 240 290
f 291 290 293
f 291 293 294
f 295 292 291
f 295 291 294
f 290 240 243
f 290 243 293
f 294 293 296
f 294 296 297
f 289 295 294
f 289 294 297
f 293 243 246
f 293 246 296
f 280 281 291
f 280 291 290
f 281 273 292
f 281 292 291
f 222 280 290
f 222 290 240
f 294 293 290
f 294 290 291
f 292 295 294
f 292 294 291
f 293 243 240
f 293 240 290
f 297 296 293
f 297 293 294
f 295 289 297
f 295 297 294
f 296 246 243
f 296 243 293
f 224 283 298
f 224 298 247
f 283 287 299
f 283 299 298
f 303 304 297
f 303 297 296
f 304 305 289
f 304 289 297
f 246 262 303
f 246 303 296
f 306 307 304
f 306 304 303
f 307 308 305
f 307 305 304
f 262 265 306
f 262 306 303
f 309 310 307
f 309 307 306
f 310 302 308
f 310 308 307
f 265 268 309
f 265 309 306
f 296 297 304
f 296 304 303
f 297 289 305
f 297 305 304
f 262 246 296
f 262 296 303
f 303 304 307
f 303 307 306
f 304 305 308
f 304 308 307
f 265 262 303
f 265 303 306
f 310 309 306
f 310 306 307
f 302 310 307
f 302 307 308
f 309 268 265
f 309 265 306
f 311 269 247
f 311 247 298
f 298 299 312
f 298 312 311
f 256 255 314
f 256 314 315
f 316 257 256
f 316 256 315
f 255 90 114
f 255 114 314
f 315 314 317
f 315 317 318
f 319 316 315
f 319 315 318
f 314 114 117
f 314 117 317
f 320 321 318
f 320 318 317
f 321 322 319
f 321 319 318
f 120 320 317
f 120 317 117
f 255 256 315
f 255 315 314
f 256 257 316
f 256 316 315
f 90 255 314
f 90 314 114
f 318 317 314
f 318 314 315
f 316 319 318
f 316 318 315
f 317 117 114
f 317 114 314
f 321 320 317
f 321 317 318
f 319 322 321
f 319 321 318
f 320 120 117
f 320 117 317
f 121 91 258
f 121 258 323
f 325 326 267
f 325 267 266
f 326 327 268
f 326 268 267
f 257 316 325
f 257 325 266
f 328 329 326
f 328 326 325
f 329 330 327
f 329 327 326
f 316 319 328
f 316 328 325
f 331 332 329
f 331 329 328
f 332 333 330
f 332 330 329
f 319 322 331
f 319 331 328
f 266 267 326
f 266 326 325
f 267 268 327
f 267 327 326
f 316 257 266
f 316 266 325
f 325 326 329
f 325 329 328
f 326 327 330
f 326 330 329
f 319 316 325
f 319 325 328
f 332 331 328
f 332 328 329
f 333 332 329
f 333 329 330
f 331 322 319
f 331 319 328
f 334 323 258
f 334 258 269
f 321 320 336
f 321 336 337
f 338 322 321
f 338 321 337
f 320 120 138
f 320 138 336
f 337 336 339
f 337 339 340
f 341 338 337
f 341 337 340
f 336 138 141
f 336 141 339
f 342 343 340
f 342 340 339
f 343 344 341
f 343 341 340
f 144 342 339
f 144 339 141
f 320 321 337
f 320 337 336
f 321 322 338
f 321 338 337
f 120 320 336
f 120 336 138
f 340 339 336
f 340 336 337
f 338 341 340
f 338 340 337
f 339 141 138
f 339 138 336
f 343 342 339
f 343 339 340
f 341 344 343
f 341 343 340
f 342 144 141
f 342 141 339
f 145 121 323
f 145 323 345
f 347 348 332
f 347 332 331
f 348 349 333
f 348 333 332
f 322 338 347
f 322 347 331
f 350 351 348
f 350 348 347
f 351 352 349
f 351 349 348
f 338 341 350
f 338 350 347
f 353 354 351
f 353 351 350
f 354 355 352
f 354 352 351
f 341 344 353
f 341 353 350
f 348 347 331
f 348 331 332
f 333 349 348
f 333 348 332
f 347 338 322
f 347 322 331
f 351 350 347
f 351 347 348
f 349 352 351
f 349 351 348
f 350 341 338
f 350 338 347
f 354 353 350
f 354 350 351
f 352 355 354
f 352 354 351
f 353 344 341
f 353 341 350
f 323 334 356
f 323 356 345
f 310 309 360
f 310 360 361
f 362 302 310
f 362 310 361
f 309 268 327
f 309 327 360
f 361 360 363
f 361 363 364
f 365 362 361
f 365 361 364
f 360 327 330
f 360 330 363
f 366 367 364
f 366 364 363
f 367 359 365
f 367 365 364
f 333 366 363
f 333 363 330
f 309 310 361
f 309 361 360
f 310 302 362
f 310 362 361
f 327 268 309
f 327 309 360
f 360 361 364
f 360 364 363
f 361 362 365
f 361 365 364
f 330 327 360
f 330 360 363
f 363 364 367
f 363 367 366
f 364 365 359
f 364 359 367
f 333 330 363
f 333 363 366
f 334 269 311
f 334 311 368
f 369 368 311
f 369 311 312
f 373 374 367
f 373 367 366
f 374 375 359
f 374 359 367
f 333 349 373
f 333 373 366
f 376 377 374
f 376 374 373
f 377 378 375
f 377 375 374
f 349 352 376
f 349 376 373
f 379 380 377
f 379 377 376
f 380 372 378
f 380 378 377
f 352 355 379
f 352 379 376
f 366 367 374
f 366 374 373
f 367 359 375
f 367 375 374
f 349 333 366
f 349 366 373
f 373 374 377
f 373 377 376
f 374 375 378
f 374 378 377
f 352 349 373
f 352 373 376
f 380 379 376
f 380 376 377
f 372 380 377
f 372 377 378
f 379 355 352
f 379 352 376
f 381 356 334
f 381 334 368
f 381 368 369
f 381 369 382
f 343 342 384
f 343 384 385
f 386 344 343
f 386 343 385
f 342 144 168
f 342 168 384
f 385 384 387
f 385 387 388
f 389 386 385
f 389 385 388
f 384 168 171
f 384 171 387
f 388 387 390
f 388 390 391
f 392 389 388
f 392 388 391
f 387 171 174
f 387 174 390
f 342 343 385
f 342 385 384
f 343 344 386
f 343 386 385
f 144 342 384
f 144 384 168
f 388 387 384
f 388 384 385
f 386 389 388
f 386 388 385
f 387 171 168
f 387 168 384
f 391 390 387
f 391 387 388
f 389 392 391
f 389 391 388
f 390 174 171
f 390 171 387
f 145 345 393
f 145 393 175
f 354 353 395
f 354 395 396
f 355 354 396
f 355 396 397
f 353 344 386
f 353 386 395
f 398 399 396
f 398 396 395
f 399 400 397
f 399 397 396
f 386 389 398
f 386 398 395
f 401 402 399
f 401 399 398
f 402 403 400
f 402 400 399
f 389 392 401
f 389 401 398
f 353 354 396
f 353 396 395
f 354 355 397
f 354 397 396
f 386 344 353
f 386 353 395
f 395 396 399
f 395 399 398
f 396 397 400
f 396 400 399
f 389 386 395
f 389 395 398
f 402 401 398
f 402 398 399
f 403 402 399
f 403 399 400
f 401 392 389
f 401 389 398
f 345 356 404
f 345 404 393
f 391 390 406
f 391 406 407
f 392 391 407
f 392 407 408
f 390 174 192
f 390 192 406
f 409 410 407
f 409 407 406
f 410 411 408
f 410 408 407
f 192 195 409
f 192 409 406
f 412 413 410
f 412 410 409
f 413 414 411
f 413 411 410
f 195 198 412
f 195 412 409
f 407 406 390
f 407 390 391
f 392 408 407
f 392 407 391
f 406 192 174
f 406 174 390
f 410 409 406
f 410 406 407
f 408 411 410
f 408 410 407
f 409 195 192
f 409 192 406
f 413 412 409
f 413 409 410
f 411 414 413
f 411 413 410
f 412 198 195
f 412 195 409
f 393 415 199
f 393 199 175
f 402 401 417
f 402 417 418
f 419 403 402
f 419 402 418
f 401 392 408
f 401 408 417
f 418 417 420
f 418 420 421
f 422 419 418
f 422 418 421
f 417 408 411
f 417 411 420
f 421 420 423
f 421 423 424
f 425 422 421
f 425 421 424
f 420 411 414
f 420 414 423
f 401 402 418
f 401 418 417
f 402 403 419
f 402 419 418
f 392 401 417
f 392 417 408
f 421 420 417
f 421 417 418
f 419 422 421
f 419 421 418
f 420 411 408
f 420 408 417
f 424 423 420
f 424 420 421
f 422 425 424
f 422 424 421
f 423 414 411
f 423 411 420
f 393 404 426
f 393 426 415
f 380 379 430
f 380 430 431
f 432 372 380
f 432 380 431
f 379 355 397
f 379 397 430
f 431 430 433
f 431 433 434
f 435 432 431
f 435 431 434
f 430 397 400
f 430 400 433
f 436 437 434
f 436 434 433
f 437 429 435
f 437 435 434
f 403 436 433
f 403 433 400
f 379 380 431
f 379 431 430
f 380 372 432
f 380 432 431
f 355 379 430
f 355 430 397
f 434 433 430
f 434 430 431
f 432 435 434
f 432 434 431
f 433 400 397
f 433 397 430
f 437 436 433
f 437 433 434
f 435 429 437
f 435 437 434
f 436 403 400
f 436 400 433
f 404 356 381
f 404 381 438
f 439 438 381
f 439 381 382
f 437 436 443
f 437 443 444
f 429 437 444
f 429 444 445
f 436 403 419
f 436 419 443
f 446 447 444
f 446 444 443
f 447 448 445
f 447 445 444
f 419 422 446
f 419 446 443
f 449 450 447
f 449 447 446
f 450 442 448
f 450 448 447
f 422 425 449
f 422 449 446
f 436 437 444
f 436 444 443
f 437 429 445
f 437 445 444
f 419 403 436
f 419 436 443
f 443 444 447
f 443 447 446
f 444 445 448
f 444 448 447
f 422 419 443
f 422 443 446
f 450 449 446
f 450 446 447
f 442 450 447
f 442 447 448
f 449 425 422
f 449 422 446
f 404 438 451
f 404 451 426
f 451 438 439
f 451 439 452
f 454 284 285
f 454 285 455
f 287 284 454
f 287 454 457
f 458 454 455
f 458 455 459
f 460 457 454
f 460 454 458
f 299 287 457
f 299 457 462
f 460 464 462
f 460 462 457
f 312 299 462
f 312 462 466
f 464 468 466
f 464 466 462
f 458 459 470
f 458 470 471
f 460 458 471
f 460 471 472
f 474 471 470
f 474 470 475
f 472 471 474
f 472 474 477
f 464 460 472
f 464 472 479
f 479 472 477
f 479 477 481
f 468 464 479
f 468 479 482
f 482 479 481
f 482 481 485
f 369 312 466
f 369 466 486
f 466 468 488
f 466 488 486
f 382 369 486
f 382 486 497
f 486 488 505
f 486 505 497
f 488 468 482
f 488 482 508
f 508 482 485
f 508 485 510
f 505 488 508
f 505 508 517
f 517 508 510
f 517 510 520
f 382 497 522
f 382 522 439
f 524 522 497
f 524 497 505
f 452 439 522
f 452 522 526
f 526 522 524
f 526 524 528
f 524 505 517
f 524 517 530
f 530 517 520
f 530 520 532
f 528 524 530
f 528 530 534
f 534 530 532
f 534 532 537
f 541 542 543
f 541 543 544
f 542 474 475
f 542 475 543
f 474 542 541
f 474 541 477
f 545 541 544
f 545 544 546
f 477 541 545
f 477 545 481
f 547 545 546
f 547 546 548
f 481 545 547
f 481 547 485
f 547 548 550
f 547 550 2732
f 547 2732 7180
f 547 7180 549
f 549 510 485
f 549 485 547
f 510 549 552
f 510 552 520
f 552 549 556
f 556 549 7180
f 556 7180 2732
f 556 2732 550
f 556 550 557
f 532 520 552
f 532 552 559
f 556 561 559
f 556 559 552
f 537 532 559
f 537 559 563
f 563 559 561
f 563 561 565
f 556 567 561
f 567 556 557
f 567 557 568
f 561 567 570
f 561 570 565
f 572 570 567
f 572 567 568
f 572 568 573
f 577 575 639
f 577 639 635
f 577 635 616
f 577 616 612
f 577 612 608
f 577 608 589
f 577 589 585
f 577 585 581
f 577 581 147
f 577 147 149
f 577 149 590
f 577 590 617
f 186 185 578
f 186 578 579
f 580 187 186
f 580 186 579
f 185 147 581
f 185 581 578
f 579 578 582
f 579 582 583
f 584 580 579
f 584 579 583
f 578 581 585
f 578 585 582
f 586 587 583
f 586 583 582
f 587 588 584
f 587 584 583
f 589 586 582
f 589 582 585
f 185 186 579
f 185 579 578
f 186 187 580
f 186 580 579
f 147 185 578
f 147 578 581
f 583 582 578
f 583 578 579
f 580 584 583
f 580 583 579
f 582 585 581
f 582 581 578
f 587 586 582
f 587 582 583
f 584 588 587
f 584 587 583
f 586 589 585
f 586 585 582
f 590 149 188
f 590 188 591
f 197 196 594
f 197 594 595
f 198 197 595
f 198 595 596
f 196 187 580
f 196 580 594
f 597 598 595
f 597 595 594
f 598 599 596
f 598 596 595
f 580 584 597
f 580 597 594
f 600 601 598
f 600 598 597
f 601 602 599
f 601 599 598
f 584 588 600
f 584 600 597
f 196 197 595
f 196 595 594
f 197 198 596
f 197 596 595
f 580 187 196
f 580 196 594
f 594 595 598
f 594 598 597
f 595 596 599
f 595 599 598
f 584 580 594
f 584 594 597
f 601 600 597
f 601 597 598
f 602 601 598
f 602 598 599
f 600 588 584
f 600 584 597
f 188 199 603
f 188 603 591
f 587 586 605
f 587 605 606
f 607 588 587
f 607 587 606
f 586 589 608
f 586 608 605
f 606 605 609
f 606 609 610
f 611 607 606
f 611 606 610
f 605 608 612
f 605 612 609
f 613 614 610
f 613 610 609
f 614 615 611
f 614 611 610
f 616 613 609
f 616 609 612
f 586 587 606
f 586 606 605
f 587 588 607
f 587 607 606
f 589 586 605
f 589 605 608
f 610 609 605
f 610 605 606
f 607 611 610
f 607 610 606
f 609 612 608
f 609 608 605
f 614 613 609
f 614 609 610
f 611 615 614
f 611 614 610
f 613 616 612
f 613 612 609
f 617 590 591
f 617 591 618
f 601 600 621
f 601 621 622
f 602 601 622
f 602 622 623
f 600 588 607
f 600 607 621
f 624 625 622
f 624 622 621
f 625 626 623
f 625 623 622
f 607 611 624
f 607 624 621
f 627 628 625
f 627 625 624
f 628 629 626
f 628 626 625
f 611 615 627
f 611 627 624
f 600 601 622
f 600 622 621
f 601 602 623
f 601 623 622
f 607 588 600
f 607 600 621
f 621 622 625
f 621 625 624
f 622 623 626
f 622 626 625
f 611 607 621
f 611 621 624
f 628 627 624
f 628 624 625
f 629 628 625
f 629 625 626
f 627 615 611
f 627 611 624
f 591 603 630
f 591 630 618
f 614 613 632
f 614 632 633
f 634 615 614
f 634 614 633
f 613 616 635
f 613 635 632
f 633 632 636
f 633 636 637
f 638 634 633
f 638 633 637
f 632 635 639
f 632 639 636
f 640 641 637
f 640 637 636
f 641 642 638
f 641 638 637
f 575 640 636
f 575 636 639
f 613 614 633
f 613 633 632
f 614 615 634
f 614 634 633
f 616 613 632
f 616 632 635
f 637 636 632
f 637 632 633
f 634 638 637
f 634 637 633
f 636 639 635
f 636 635 632
f 641 640 636
f 641 636 637
f 638 642 641
f 638 641 637
f 640 575 639
f 640 639 636
f 577 617 618
f 577 618 643
f 628 627 645
f 628 645 646
f 647 629 628
f 647 628 646
f 627 615 634
f 627 634 645
f 646 645 648
f 646 648 649
f 650 647 646
f 650 646 649
f 645 634 638
f 645 638 648
f 649 648 651
f 649 651 652
f 653 650 649
f 653 649 652
f 648 638 642
f 648 642 651
f 627 628 646
f 627 646 645
f 628 629 647
f 628 647 646
f 634 615 627
f 634 627 645
f 645 646 649
f 645 649 648
f 646 647 650
f 646 650 649
f 638 634 645
f 638 645 648
f 648 649 652
f 648 652 651
f 649 650 653
f 649 653 652
f 642 638 648
f 642 648 651
f 618 630 654
f 618 654 643
f 577 658 656
f 577 656 669
f 577 669 665
f 577 665 575
f 656 658 673
f 656 673 661
f 656 661 659
f 656 659 682
f 656 682 681
f 656 681 672
f 656 672 671
f 656 671 670
f 641 640 662
f 641 662 663
f 664 642 641
f 664 641 663
f 640 575 665
f 640 665 662
f 663 662 666
f 663 666 667
f 668 664 663
f 668 663 667
f 662 665 669
f 662 669 666
f 670 671 667
f 670 667 666
f 671 672 668
f 671 668 667
f 656 670 666
f 656 666 669
f 640 641 663
f 640 663 662
f 641 642 664
f 641 664 663
f 575 640 662
f 575 662 665
f 667 666 662
f 667 662 663
f 664 668 667
f 664 667 663
f 666 669 665
f 666 665 662
f 671 670 666
f 671 666 667
f 668 672 671
f 668 671 667
f 670 656 669
f 670 669 666
f 658 577 643
f 658 643 673
f 675 676 652
f 675 652 651
f 676 677 653
f 676 653 652
f 642 664 675
f 642 675 651
f 678 679 676
f 678 676 675
f 679 680 677
f 679 677 676
f 664 668 678
f 664 678 675
f 681 682 679
f 681 679 678
f 682 659 680
f 682 680 679
f 668 672 681
f 668 681 678
f 676 675 651
f 676 651 652
f 653 677 676
f 653 676 652
f 675 664 642
f 675 642 651
f 679 678 675
f 679 675 676
f 677 680 679
f 677 679 676
f 678 668 664
f 678 664 675
f 682 681 678
f 682 678 679
f 680 659 682
f 680 682 679
f 681 672 668
f 681 668 678
f 643 654 661
f 643 661 673
f 413 412 683
f 413 683 684
f 685 414 413
f 685 413 684
f 412 198 596
f 412 596 683
f 684 683 686
f 684 686 687
f 688 685 684
f 688 684 687
f 683 596 599
f 683 599 686
f 689 690 687
f 689 687 686
f 690 691 688
f 690 688 687
f 602 689 686
f 602 686 599
f 412 413 684
f 412 684 683
f 413 414 685
f 413 685 684
f 198 412 683
f 198 683 596
f 687 686 683
f 687 683 684
f 685 688 687
f 685 687 684
f 686 599 596
f 686 596 683
f 690 689 686
f 690 686 687
f 688 691 690
f 688 690 687
f 689 602 599
f 689 599 686
f 603 199 415
f 603 415 692
f 424 423 694
f 424 694 695
f 425 424 695
f 425 695 696
f 423 414 685
f 423 685 694
f 697 698 695
f 697 695 694
f 698 699 759
f 698 759 696
f 698 696 695
f 685 688 697
f 685 697 694
f 700 701 698
f 700 698 697
f 701 702 699
f 701 699 698
f 688 691 700
f 688 700 697
f 695 694 423
f 695 423 424
f 425 696 695
f 425 695 424
f 694 685 414
f 694 414 423
f 698 697 694
f 698 694 695
f 698 695 696
f 698 696 759
f 698 759 699
f 697 688 685
f 697 685 694
f 701 700 697
f 701 697 698
f 699 702 701
f 699 701 698
f 700 691 688
f 700 688 697
f 692 415 426
f 692 426 766
f 692 766 703
f 690 689 705
f 690 705 706
f 707 691 690
f 707 690 706
f 689 602 623
f 689 623 705
f 706 705 708
f 706 708 709
f 710 707 706
f 710 706 709
f 705 623 626
f 705 626 708
f 711 712 709
f 711 709 708
f 712 713 710
f 712 710 709
f 629 711 708
f 629 708 626
f 689 690 706
f 689 706 705
f 690 691 707
f 690 707 706
f 602 689 705
f 602 705 623
f 709 708 705
f 709 705 706
f 707 710 709
f 707 709 706
f 708 626 623
f 708 623 705
f 712 711 708
f 712 708 709
f 710 713 712
f 710 712 709
f 711 629 626
f 711 626 708
f 630 603 692
f 630 692 714
f 701 700 716
f 701 716 717
f 702 701 717
f 702 717 718
f 700 691 707
f 700 707 716
f 719 720 717
f 719 717 716
f 720 721 718
f 720 718 717
f 707 710 719
f 707 719 716
f 722 723 720
f 722 720 719
f 723 724 721
f 723 721 720
f 710 713 722
f 710 722 719
f 700 701 717
f 700 717 716
f 701 702 718
f 701 718 717
f 707 691 700
f 707 700 716
f 716 717 720
f 716 720 719
f 717 718 721
f 717 721 720
f 710 707 716
f 710 716 719
f 723 722 719
f 723 719 720
f 724 723 720
f 724 720 721
f 722 713 710
f 722 710 719
f 692 703 725
f 692 725 714
f 712 711 727
f 712 727 728
f 713 712 728
f 713 728 729
f 711 629 647
f 711 647 727
f 730 731 728
f 730 728 727
f 731 732 729
f 731 729 728
f 647 650 730
f 647 730 727
f 733 734 731
f 733 731 730
f 734 735 732
f 734 732 731
f 650 653 733
f 650 733 730
f 711 712 728
f 711 728 727
f 712 713 729
f 712 729 728
f 647 629 711
f 647 711 727
f 727 728 731
f 727 731 730
f 728 729 732
f 728 732 731
f 650 647 727
f 650 727 730
f 734 733 730
f 734 730 731
f 735 734 731
f 735 731 732
f 733 653 650
f 733 650 730
f 630 714 736
f 630 736 654
f 723 722 738
f 723 738 739
f 740 724 723
f 740 723 739
f 722 713 729
f 722 729 738
f 739 738 741
f 739 741 742
f 743 740 739
f 743 739 742
f 738 729 732
f 738 732 741
f 742 741 744
f 742 744 745
f 746 743 742
f 746 742 745
f 741 732 735
f 741 735 744
f 722 723 739
f 722 739 738
f 723 724 740
f 723 740 739
f 729 713 722
f 729 722 738
f 738 739 742
f 738 742 741
f 739 740 743
f 739 743 742
f 732 729 738
f 732 738 741
f 741 742 745
f 741 745 744
f 742 743 746
f 742 746 745
f 735 732 741
f 735 741 744
f 714 725 747
f 714 747 736
f 449 450 751
f 449 751 752
f 450 442 753
f 450 753 751
f 425 449 752
f 425 752 696
f 752 751 754
f 752 754 764
f 752 764 755
f 753 756 754
f 753 754 751
f 752 755 761
f 752 761 699
f 752 699 759
f 752 759 696
f 757 763 762
f 757 762 758
f 757 758 755
f 757 755 764
f 757 764 754
f 756 750 757
f 756 757 754
f 758 702 699
f 758 699 761
f 758 761 755
f 450 449 752
f 450 752 751
f 442 450 751
f 442 751 753
f 449 425 696
f 449 696 752
f 751 752 755
f 751 755 764
f 751 764 754
f 754 756 753
f 754 753 751
f 696 759 760
f 696 760 761
f 696 761 755
f 696 755 752
f 762 763 764
f 762 764 755
f 762 755 761
f 763 757 750
f 763 750 756
f 763 756 754
f 763 754 764
f 702 758 762
f 702 762 761
f 702 761 760
f 702 760 759
f 702 759 699
f 703 766 767
f 703 767 765
f 767 766 426
f 767 426 451
f 767 451 768
f 767 768 765
f 451 452 769
f 451 769 768
f 773 774 757
f 773 757 763
f 773 763 762
f 773 762 758
f 750 757 774
f 750 774 775
f 758 702 718
f 758 718 773
f 776 777 774
f 776 774 773
f 777 778 775
f 777 775 774
f 718 721 776
f 718 776 773
f 779 780 777
f 779 777 776
f 780 772 778
f 780 778 777
f 721 724 779
f 721 779 776
f 774 773 758
f 774 758 762
f 774 762 763
f 774 763 757
f 750 775 774
f 750 774 757
f 773 718 702
f 773 702 758
f 777 776 773
f 777 773 774
f 775 778 777
f 775 777 774
f 776 721 718
f 776 718 773
f 780 779 776
f 780 776 777
f 778 772 780
f 778 780 777
f 779 724 721
f 779 721 776
f 781 725 703
f 781 703 765
f 781 765 768
f 768 769 783
f 768 783 781
f 780 779 786
f 780 786 787
f 788 772 780
f 788 780 787
f 779 724 740
f 779 740 786
f 787 786 789
f 787 789 790
f 791 788 787
f 791 787 790
f 786 740 743
f 786 743 789
f 792 793 790
f 792 790 789
f 793 785 791
f 793 791 790
f 746 792 789
f 746 789 743
f 779 780 787
f 779 787 786
f 780 772 788
f 780 788 787
f 724 779 786
f 724 786 740
f 790 789 786
f 790 786 787
f 788 791 790
f 788 790 787
f 789 743 740
f 789 740 786
f 793 792 789
f 793 789 790
f 791 785 793
f 791 793 790
f 792 746 743
f 792 743 789
f 747 725 781
f 747 781 794
f 783 796 794
f 783 794 781
f 659 661 809
f 659 809 799
f 659 799 797
f 659 797 818
f 659 818 817
f 659 817 808
f 659 808 807
f 659 807 806
f 734 733 800
f 734 800 801
f 802 735 734
f 802 734 801
f 733 653 677
f 733 677 800
f 801 800 803
f 801 803 804
f 805 802 801
f 805 801 804
f 800 677 680
f 800 680 803
f 806 807 804
f 806 804 803
f 807 808 805
f 807 805 804
f 659 806 803
f 659 803 680
f 733 734 801
f 733 801 800
f 734 735 802
f 734 802 801
f 653 733 800
f 653 800 677
f 804 803 800
f 804 800 801
f 802 805 804
f 802 804 801
f 803 680 677
f 803 677 800
f 807 806 803
f 807 803 804
f 805 808 807
f 805 807 804
f 806 659 680
f 806 680 803
f 661 654 736
f 661 736 809
f 745 744 811
f 745 811 812
f 746 745 812
f 746 812 813
f 744 735 802
f 744 802 811
f 814 815 812
f 814 812 811
f 815 816 813
f 815 813 812
f 802 805 814
f 802 814 811
f 817 818 815
f 817 815 814
f 818 797 816
f 818 816 815
f 805 808 817
f 805 817 814
f 744 745 812
f 744 812 811
f 745 746 813
f 745 813 812
f 802 735 744
f 802 744 811
f 811 812 815
f 811 815 814
f 812 813 816
f 812 816 815
f 805 802 811
f 805 811 814
f 818 817 814
f 818 814 815
f 797 818 815
f 797 815 816
f 817 808 805
f 817 805 814
f 736 747 799
f 736 799 809
f 797 799 831
f 797 831 821
f 797 821 822
f 797 822 819
f 797 819 830
f 797 830 829
f 793 792 823
f 793 823 824
f 825 785 793
f 825 793 824
f 792 746 813
f 792 813 823
f 824 823 826
f 824 826 827
f 828 825 824
f 828 824 827
f 823 813 816
f 823 816 826
f 829 830 827
f 829 827 826
f 830 819 828
f 830 828 827
f 797 829 826
f 797 826 816
f 792 793 824
f 792 824 823
f 793 785 825
f 793 825 824
f 746 792 823
f 746 823 813
f 827 826 823
f 827 823 824
f 825 828 827
f 825 827 824
f 826 816 813
f 826 813 823
f 830 829 826
f 830 826 827
f 828 819 830
f 828 830 827
f 829 797 816
f 829 816 826
f 799 747 794
f 799 794 831
f 794 796 821
f 794 821 831
f 452 526 832
f 452 832 769
f 526 528 834
f 526 834 832
f 783 769 832
f 783 832 836
f 834 838 836
f 834 836 832
f 841 796 783
f 841 783 836
f 842 841 836
f 842 836 838
f 528 534 844
f 528 844 834
f 534 537 858
f 534 858 877
f 534 877 844
f 869 870 871
f 869 871 872
f 844 871 870
f 844 870 869
f 844 869 838
f 844 838 834
f 876 871 844
f 876 844 877
f 858 878 872
f 858 872 871
f 858 871 876
f 858 876 877
f 842 838 869
f 842 869 872
f 842 872 884
f 884 872 878
f 884 878 895
f 902 911 903
f 902 903 904
f 902 904 822
f 902 822 821
f 902 821 905
f 821 796 841
f 821 841 905
f 842 907 902
f 842 902 905
f 842 905 841
f 908 902 907
f 910 911 902
f 910 902 908
f 909 903 911
f 909 911 910
f 907 842 884
f 907 884 913
f 913 884 895
f 913 895 915
f 916 917 908
f 916 908 907
f 916 907 913
f 917 919 909
f 917 909 910
f 917 910 908
f 915 920 916
f 915 916 913
f 916 922 917
f 917 922 929
f 917 929 923
f 917 923 919
f 924 922 916
f 924 916 920
f 924 920 925
f 928 929 922
f 928 922 924
f 929 928 926
f 929 926 923
f 537 563 933
f 537 933 858
f 565 938 933
f 565 933 563
f 944 878 858
f 944 858 933
f 938 951 972
f 938 972 944
f 938 944 933
f 895 878 944
f 895 944 974
f 895 974 959
f 951 969 970
f 951 970 971
f 951 971 972
f 971 973 974
f 971 974 944
f 971 944 972
f 973 971 970
f 959 974 973
f 959 973 970
f 959 970 969
f 959 969 975
f 565 570 980
f 565 980 938
f 572 982 980
f 572 980 570
f 572 984 982
f 984 572 573
f 984 573 985
f 987 951 938
f 987 938 980
f 987 990 975
f 987 975 969
f 987 969 951
f 980 982 993
f 980 993 987
f 984 995 993
f 984 993 982
f 997 990 987
f 997 987 993
f 993 995 999
f 993 999 997
f 1002 915 895
f 1002 895 959
f 1002 959 975
f 1002 975 1004
f 915 1002 1005
f 915 1005 920
f 1004 1008 1005
f 1004 1005 1002
f 920 1005 1009
f 920 1009 925
f 1009 1005 1008
f 1009 1008 1012
f 1015 1004 975
f 1015 975 990
f 990 997 1017
f 990 1017 1015
f 1021 1017 997
f 1021 997 999
f 1008 1004 1015
f 1008 1015 1028
f 1033 1012 1008
f 1033 1008 1028
f 1037 1028 1015
f 1037 1015 1017
f 1017 1021 1040
f 1017 1040 1037
f 1033 1028 1037
f 1033 1037 1044
f 1045 1044 1037
f 1045 1037 1040
f 924 925 1047
f 924 1047 1054
f 924 1054 1048
f 924 1048 926
f 924 926 928
f 1047 925 1009
f 1047 1009 1049
f 1047 1049 1050
f 1053 1054 1047
f 1053 1047 1050
f 1052 1048 1054
f 1052 1054 1053
f 1049 1009 1012
f 1049 1012 1058
f 1050 1049 1059
f 1061 1053 1050
f 1061 1050 1059
f 1060 1052 1053
f 1060 1053 1061
f 1059 1049 1058
f 1059 1058 1064
f 1059 1064 1065
f 1059 1065 1069
f 1059 1069 1062
f 1059 1062 1060
f 1059 1060 1061
f 1065 1064 1066
f 1068 1069 1065
f 1068 1065 1066
f 1067 1062 1069
f 1067 1069 1068
f 1058 1012 1033
f 1058 1033 1071
f 1072 1071 1033
f 1072 1033 1044
f 1072 1044 1045
f 1072 1045 1074
f 1064 1058 1071
f 1064 1071 1076
f 1066 1064 1076
f 1066 1076 1078
f 1066 1078 1079
f 1082 1068 1066
f 1082 1066 1079
f 1080 1067 1068
f 1080 1068 1082
f 1071 1072 1083
f 1071 1083 1076
f 1085 1083 1072
f 1085 1072 1074
f 1086 1078 1076
f 1086 1076 1083
f 1085 1088 1086
f 1085 1086 1083
f 1100 1101 1096
f 1100 1096 1095
f 1092 1091 1101
f 1092 1101 1100
f 1079 1078 1102
f 1104 1082 1079
f 1104 1079 1102
f 1103 1080 1082
f 1103 1082 1104
f 1102 1078 1086
f 1102 1086 1105
f 1102 1105 1106
f 1109 1104 1102
f 1109 1102 1106
f 1108 1103 1104
f 1108 1104 1109
f 1088 1110 1105
f 1088 1105 1086
f 1112 1106 1105
f 1114 1109 1106
f 1114 1106 1112
f 1113 1108 1109
f 1113 1109 1114
f 1110 1115 1116
f 1110 1116 1112
f 1110 1112 1105
f 1119 1114 1112
f 1119 1112 1116
f 1117 1113 1114
f 1117 1114 1119
f 1116 1115 1120
f 1122 1119 1116
f 1122 1116 1120
f 1121 1117 1119
f 1121 1119 1122
f 1123 1124 1125
f 1123 1125 1126
f 1127 1128 1126
f 1127 1126 1125
f 1129 1127 1125
f 1129 1125 1124
f 1130 1123 1126
f 1130 1126 1128
f 1124 1123 1131
f 1124 1131 1132
f 1130 1133 1131
f 1130 1131 1123
f 1134 1129 1124
f 1134 1124 1132
f 1128 1127 1135
f 1128 1135 1136
f 1137 1130 1128
f 1137 1128 1136
f 1138 1135 1127
f 1138 1127 1129
f 1138 1129 1134
f 1138 1134 1139
f 1137 1140 1133
f 1137 1133 1130
f 1141 1142 1132
f 1141 1132 1131
f 1143 1141 1131
f 1143 1131 1133
f 1132 1142 1144
f 1132 1144 1134
f 1142 1141 1145
f 1142 1145 1146
f 1143 1147 1145
f 1143 1145 1141
f 1148 1144 1142
f 1148 1142 1146
f 1134 1144 1149
f 1134 1149 1139
f 1150 1143 1133
f 1150 1133 1140
f 1149 1144 1148
f 1149 1148 1151
f 1150 1152 1147
f 1150 1147 1143
f 1136 1135 1153
f 1136 1153 1154
f 1155 1137 1136
f 1155 1136 1154
f 1156 1153 1135
f 1156 1135 1138
f 1157 1156 1138
f 1157 1138 1139
f 1155 1158 1140
f 1155 1140 1137
f 1159 1160 1154
f 1159 1154 1153
f 1161 1155 1154
f 1161 1154 1160
f 1162 1159 1153
f 1162 1153 1156
f 1163 1162 1156
f 1163 1156 1157
f 1161 1164 1158
f 1161 1158 1155
f 1160 1159 1165
f 1160 1165 1166
f 1167 1168 1166
f 1167 1166 1165
f 1159 1162 1167
f 1159 1167 1165
f 1166 1168 1161
f 1166 1161 1160
f 1169 1170 1168
f 1169 1168 1167
f 1168 1170 1164
f 1168 1164 1161
f 1162 1163 1169
f 1162 1169 1167
f 1139 1149 1171
f 1139 1171 1157
f 1172 1150 1140
f 1172 1140 1158
f 1151 1173 1171
f 1151 1171 1149
f 1172 1174 1152
f 1172 1152 1150
f 1157 1171 1175
f 1157 1175 1163
f 1176 1172 1158
f 1176 1158 1164
f 1177 1175 1171
f 1177 1171 1173
f 1176 1178 1174
f 1176 1174 1172
f 1170 1169 1179
f 1170 1179 1180
f 1170 1180 1176
f 1170 1176 1164
f 1163 1175 1179
f 1163 1179 1169
f 1181 1182 1180
f 1181 1180 1179
f 1180 1182 1178
f 1180 1178 1176
f 1175 1177 1181
f 1175 1181 1179
f 1183 1184 1146
f 1183 1146 1145
f 1184 1183 1185
f 1184 1185 1186
f 1146 1184 1186
f 1146 1186 1148
f 1185 1183 1145
f 1185 1145 1147
f 1187 1188 1186
f 1187 1186 1185
f 1152 1187 1185
f 1152 1185 1147
f 1151 1148 1186
f 1151 1186 1188
f 1189 1190 1188
f 1189 1188 1187
f 1189 1187 1152
f 1189 1152 1174
f 1151 1188 1190
f 1151 1190 1173
f 1190 1189 1191
f 1190 1191 1192
f 1191 1189 1174
f 1191 1174 1178
f 1173 1190 1192
f 1173 1192 1177
f 1193 1194 1192
f 1193 1192 1191
f 1194 1193 1182
f 1194 1182 1181
f 1177 1192 1194
f 1177 1194 1181
f 1182 1193 1191
f 1182 1191 1178
f 995 984 1195
f 1195 984 985
f 1195 985 1196
f 995 1195 1201
f 995 1201 999
f 1195 1208 1201
f 1195 1196 1207
f 1195 1207 1205
f 1195 1205 1204
f 1195 1204 1275
f 1195 1275 1208
f 1021 999 1201
f 1021 1201 1213
f 1201 1208 1214
f 1201 1214 1213
f 1215 1216 1217
f 1215 1217 1218
f 1219 1215 1218
f 1219 1218 1220
f 1216 1212 1221
f 1216 1221 1217
f 1222 1223 1218
f 1222 1218 1217
f 1223 1224 1220
f 1223 1220 1218
f 1221 1225 1222
f 1221 1222 1217
f 1226 1227 1223
f 1226 1223 1222
f 1227 1039 1224
f 1227 1224 1223
f 1225 3 1226
f 1225 1226 1222
f 1216 1215 1218
f 1216 1218 1217
f 1215 1219 1220
f 1215 1220 1218
f 1221 1212 1216
f 1221 1216 1217
f 1217 1218 1223
f 1217 1223 1222
f 1218 1220 1224
f 1218 1224 1223
f 1225 1221 1217
f 1225 1217 1222
f 1222 1223 1227
f 1222 1227 1226
f 1223 1224 1039
f 1223 1039 1227
f 3 1225 1222
f 3 1222 1226
f 1021 1213 1228
f 1021 1228 1040
f 1232 1233 1234
f 1232 1234 1235
f 1233 1236 1237
f 1233 1237 1234
f 1211 1238 1232
f 1211 1232 1235
f 1239 1240 1233
f 1239 1233 1232
f 1240 1241 1236
f 1240 1236 1233
f 1238 1242 1239
f 1238 1239 1232
f 1216 1215 1240
f 1216 1240 1239
f 1215 1219 1241
f 1215 1241 1240
f 1242 1212 1216
f 1242 1216 1239
f 1233 1232 1235
f 1233 1235 1234
f 1237 1236 1233
f 1237 1233 1234
f 1232 1238 1211
f 1232 1211 1235
f 1240 1239 1232
f 1240 1232 1233
f 1236 1241 1240
f 1236 1240 1233
f 1239 1242 1238
f 1239 1238 1232
f 1215 1216 1239
f 1215 1239 1240
f 1241 1219 1215
f 1241 1215 1240
f 1216 1212 1242
f 1216 1242 1239
f 1213 1214 1243
f 1213 1243 1228
f 1245 1246 1247
f 1245 1247 1248
f 1249 1245 1248
f 1249 1248 1250
f 1246 1219 1220
f 1246 1220 1247
f 1251 1252 1248
f 1251 1248 1247
f 1252 1253 1250
f 1252 1250 1248
f 1220 1224 1251
f 1220 1251 1247
f 1254 1255 1252
f 1254 1252 1251
f 1255 1046 1253
f 1255 1253 1252
f 1224 1039 1254
f 1224 1254 1251
f 1246 1245 1248
f 1246 1248 1247
f 1245 1249 1250
f 1245 1250 1248
f 1220 1219 1246
f 1220 1246 1247
f 1247 1248 1252
f 1247 1252 1251
f 1248 1250 1253
f 1248 1253 1252
f 1224 1220 1247
f 1224 1247 1251
f 1251 1252 1255
f 1251 1255 1254
f 1252 1253 1046
f 1252 1046 1255
f 1039 1224 1251
f 1039 1251 1254
f 1040 1228 1256
f 1040 1256 1045
f 1259 1260 1261
f 1259 1261 1262
f 1263 1259 1262
f 1263 1262 1264
f 1260 1237 1236
f 1260 1236 1261
f 1265 1266 1262
f 1265 1262 1261
f 1266 1267 1264
f 1266 1264 1262
f 1236 1241 1265
f 1236 1265 1261
f 1246 1245 1266
f 1246 1266 1265
f 1245 1249 1267
f 1245 1267 1266
f 1241 1219 1246
f 1241 1246 1265
f 1260 1259 1262
f 1260 1262 1261
f 1259 1263 1264
f 1259 1264 1262
f 1236 1237 1260
f 1236 1260 1261
f 1261 1262 1266
f 1261 1266 1265
f 1262 1264 1267
f 1262 1267 1266
f 1241 1236 1261
f 1241 1261 1265
f 1265 1266 1245
f 1265 1245 1246
f 1266 1267 1249
f 1266 1249 1245
f 1219 1241 1265
f 1219 1265 1246
f 1228 1243 1268
f 1228 1268 1256
f 1270 1271 1276
f 1270 1276 1272
f 1270 1272 1301
f 1270 1301 1297
f 1270 1297 1273
f 1214 1208 1271
f 1275 1276 1271
f 1275 1271 1208
f 1204 1272 1276
f 1204 1276 1275
f 1277 1278 1279
f 1277 1279 1280
f 1281 1282 1277
f 1281 1277 1280
f 1278 1272 1283
f 1278 1283 1279
f 1280 1279 1284
f 1280 1284 1285
f 1286 1281 1280
f 1286 1280 1285
f 1279 1283 1287
f 1279 1287 1284
f 1285 1284 1235
f 1285 1235 1234
f 1237 1286 1285
f 1237 1285 1234
f 1284 1287 1211
f 1284 1211 1235
f 1278 1277 1280
f 1278 1280 1279
f 1277 1282 1281
f 1277 1281 1280
f 1283 1272 1278
f 1283 1278 1279
f 1279 1280 1285
f 1279 1285 1284
f 1280 1281 1286
f 1280 1286 1285
f 1287 1283 1279
f 1287 1279 1284
f 1284 1285 1234
f 1284 1234 1235
f 1285 1286 1237
f 1285 1237 1234
f 1211 1287 1284
f 1211 1284 1235
f 1243 1214 1271
f 1243 1271 1288
f 1291 1292 1293
f 1291 1293 1294
f 1295 1296 1291
f 1295 1291 1294
f 1292 1273 1297
f 1292 1297 1293
f 1294 1293 1298
f 1294 1298 1299
f 1300 1295 1294
f 1300 1294 1299
f 1293 1297 1301
f 1293 1301 1298
f 1278 1277 1299
f 1278 1299 1298
f 1277 1282 1300
f 1277 1300 1299
f 1272 1278 1298
f 1272 1298 1301
f 1294 1293 1292
f 1294 1292 1291
f 1296 1295 1294
f 1296 1294 1291
f 1293 1297 1273
f 1293 1273 1292
f 1299 1298 1293
f 1299 1293 1294
f 1295 1300 1299
f 1295 1299 1294
f 1298 1301 1297
f 1298 1297 1293
f 1277 1278 1298
f 1277 1298 1299
f 1300 1282 1277
f 1300 1277 1299
f 1278 1272 1301
f 1278 1301 1298
f 1302 1288 1271
f 1302 1271 1270
f 1304 1305 1306
f 1304 1306 1307
f 1308 1309 1304
f 1308 1304 1307
f 1305 1282 1281
f 1305 1281 1306
f 1307 1306 1310
f 1307 1310 1311
f 1312 1308 1307
f 1312 1307 1311
f 1306 1281 1286
f 1306 1286 1310
f 1311 1310 1260
f 1311 1260 1259
f 1263 1312 1311
f 1263 1311 1259
f 1310 1286 1237
f 1310 1237 1260
f 1305 1304 1307
f 1305 1307 1306
f 1304 1309 1308
f 1304 1308 1307
f 1281 1282 1305
f 1281 1305 1306
f 1306 1307 1311
f 1306 1311 1310
f 1307 1308 1312
f 1307 1312 1311
f 1286 1281 1306
f 1286 1306 1310
f 1310 1311 1259
f 1310 1259 1260
f 1311 1312 1263
f 1311 1263 1259
f 1237 1286 1310
f 1237 1310 1260
f 1268 1243 1288
f 1268 1288 1313
f 1315 1316 1317
f 1315 1317 1318
f 1319 1315 1318
f 1319 1318 1320
f 1316 1296 1295
f 1316 1295 1317
f 1321 1322 1318
f 1321 1318 1317
f 1322 1323 1320
f 1322 1320 1318
f 1295 1300 1321
f 1295 1321 1317
f 1305 1304 1322
f 1305 1322 1321
f 1304 1309 1323
f 1304 1323 1322
f 1300 1282 1305
f 1300 1305 1321
f 1316 1315 1318
f 1316 1318 1317
f 1315 1319 1320
f 1315 1320 1318
f 1295 1296 1316
f 1295 1316 1317
f 1317 1318 1322
f 1317 1322 1321
f 1318 1320 1323
f 1318 1323 1322
f 1300 1295 1317
f 1300 1317 1321
f 1304 1305 1321
f 1304 1321 1322
f 1309 1304 1322
f 1309 1322 1323
f 1305 1282 1300
f 1305 1300 1321
f 1288 1302 1324
f 1288 1324 1313
f 1330 1331 1332
f 1330 1332 1333
f 1331 1330 1335
f 1331 1335 1329
f 1331 1329 1328
f 1331 1328 1350
f 1333 1334 1335
f 1333 1335 1330
f 1326 1329 1335
f 1326 1335 1334
f 1333 1332 1338
f 1333 1338 1339
f 1333 1339 1340
f 1333 1340 1334
f 1334 1340 1336
f 1334 1336 1326
f 1339 1338 1343
f 1339 1343 1344
f 1339 1344 1345
f 1339 1345 1340
f 1340 1345 1342
f 1340 1342 1336
f 1331 1346 1347
f 1331 1347 1332
f 1346 1331 1350
f 1346 1350 1351
f 1351 1350 1328
f 1351 1328 1349
f 1352 1353 1354
f 1352 1354 1355
f 1356 1352 1355
f 1356 1355 1357
f 1355 1354 1353
f 1355 1353 1352
f 1357 1355 1352
f 1357 1352 1356
f 1358 1359 1347
f 1358 1347 1346
f 1358 1346 1351
f 1358 1351 1349
f 1358 1349 1357
f 1358 1357 1355
f 1358 1355 1354
f 1358 1354 1757
f 1332 1347 1364
f 1332 1364 1338
f 1366 1367 1368
f 1366 1368 1369
f 1367 1370 1371
f 1367 1371 1368
f 1353 1352 1366
f 1353 1366 1369
f 1372 1373 1367
f 1372 1367 1366
f 1373 1374 1370
f 1373 1370 1367
f 1352 1356 1372
f 1352 1372 1366
f 1367 1366 1369
f 1367 1369 1368
f 1371 1370 1367
f 1371 1367 1368
f 1366 1352 1353
f 1366 1353 1369
f 1373 1372 1366
f 1373 1366 1367
f 1370 1374 1373
f 1370 1373 1367
f 1372 1356 1352
f 1372 1352 1366
f 1364 1347 1359
f 1364 1359 1375
f 1338 1364 1378
f 1338 1378 1343
f 1380 1381 1382
f 1380 1382 1383
f 1384 1380 1383
f 1384 1383 1385
f 1381 1371 1370
f 1381 1370 1382
f 1386 1387 1383
f 1386 1383 1382
f 1387 1388 1385
f 1387 1385 1383
f 1370 1374 1386
f 1370 1386 1382
f 1381 1380 1383
f 1381 1383 1382
f 1380 1384 1385
f 1380 1385 1383
f 1370 1371 1381
f 1370 1381 1382
f 1387 1386 1382
f 1387 1382 1383
f 1388 1387 1383
f 1388 1383 1385
f 1386 1374 1370
f 1386 1370 1382
f 1378 1364 1375
f 1378 1375 1389
f 1270 1273 1409
f 1270 1409 1405
f 1270 1405 1404
f 1270 1404 1420
f 1270 1420 1393
f 1270 1393 1397
f 1270 1397 1394
f 1270 1394 1410
f 1344 1343 1396
f 1344 1396 1394
f 1394 1397 1345
f 1394 1345 1344
f 1397 1393 1342
f 1397 1342 1345
f 1398 1399 1400
f 1398 1400 1401
f 1402 1403 1398
f 1402 1398 1401
f 1399 1404 1405
f 1399 1405 1400
f 1401 1400 1406
f 1401 1406 1407
f 1408 1402 1401
f 1408 1401 1407
f 1400 1405 1409
f 1400 1409 1406
f 1407 1406 1292
f 1407 1292 1291
f 1296 1408 1407
f 1296 1407 1291
f 1406 1409 1273
f 1406 1273 1292
f 1399 1398 1401
f 1399 1401 1400
f 1398 1403 1402
f 1398 1402 1401
f 1405 1404 1399
f 1405 1399 1400
f 1400 1401 1407
f 1400 1407 1406
f 1401 1402 1408
f 1401 1408 1407
f 1409 1405 1400
f 1409 1400 1406
f 1406 1407 1291
f 1406 1291 1292
f 1407 1408 1296
f 1407 1296 1291
f 1273 1409 1406
f 1273 1406 1292
f 1302 1270 1410
f 1302 1410 1411
f 1414 1415 1416
f 1414 1416 1417
f 1415 1418 1419
f 1415 1419 1416
f 1393 1420 1414
f 1393 1414 1417
f 1399 1398 1415
f 1399 1415 1414
f 1398 1403 1418
f 1398 1418 1415
f 1420 1404 1399
f 1420 1399 1414
f 1415 1414 1417
f 1415 1417 1416
f 1419 1418 1415
f 1419 1415 1416
f 1414 1420 1393
f 1414 1393 1417
f 1398 1399 1414
f 1398 1414 1415
f 1418 1403 1398
f 1418 1398 1415
f 1399 1404 1420
f 1399 1420 1414
f 1411 1410 1394
f 1411 1394 1396
f 1411 1396 1422
f 1424 1425 1426
f 1424 1426 1427
f 1428 1429 1424
f 1428 1424 1427
f 1425 1403 1402
f 1425 1402 1426
f 1427 1426 1430
f 1427 1430 1431
f 1432 1428 1427
f 1432 1427 1431
f 1426 1402 1408
f 1426 1408 1430
f 1316 1315 1431
f 1316 1431 1430
f 1315 1319 1432
f 1315 1432 1431
f 1296 1316 1430
f 1296 1430 1408
f 1427 1426 1425
f 1427 1425 1424
f 1429 1428 1427
f 1429 1427 1424
f 1426 1402 1403
f 1426 1403 1425
f 1431 1430 1426
f 1431 1426 1427
f 1428 1432 1431
f 1428 1431 1427
f 1430 1408 1402
f 1430 1402 1426
f 1315 1316 1430
f 1315 1430 1431
f 1432 1319 1315
f 1432 1315 1431
f 1316 1296 1408
f 1316 1408 1430
f 1433 1324 1302
f 1433 1302 1411
f 1435 1436 1437
f 1435 1437 1438
f 1436 1439 1440
f 1436 1440 1437
f 1419 1418 1435
f 1419 1435 1438
f 1425 1424 1436
f 1425 1436 1435
f 1424 1429 1439
f 1424 1439 1436
f 1418 1403 1425
f 1418 1425 1435
f 1436 1435 1438
f 1436 1438 1437
f 1440 1439 1436
f 1440 1436 1437
f 1435 1418 1419
f 1435 1419 1438
f 1424 1425 1435
f 1424 1435 1436
f 1439 1429 1424
f 1439 1424 1436
f 1425 1403 1418
f 1425 1418 1435
f 1433 1411 1422
f 1433 1422 1442
f 1396 1343 1378
f 1396 1378 1445
f 1446 1447 1448
f 1446 1448 1449
f 1450 1451 1446
f 1450 1446 1449
f 1447 1384 1385
f 1447 1385 1448
f 1449 1448 1452
f 1449 1452 1453
f 1454 1450 1449
f 1454 1449 1453
f 1448 1385 1388
f 1448 1388 1452
f 1447 1446 1449
f 1447 1449 1448
f 1446 1451 1450
f 1446 1450 1449
f 1385 1384 1447
f 1385 1447 1448
f 1448 1449 1453
f 1448 1453 1452
f 1449 1450 1454
f 1449 1454 1453
f 1388 1385 1448
f 1388 1448 1452
f 1445 1378 1389
f 1445 1389 1455
f 1396 1445 1458
f 1396 1458 1422
f 1460 1461 1462
f 1460 1462 1463
f 1461 1464 1465
f 1461 1465 1462
f 1451 1450 1460
f 1451 1460 1463
f 1466 1467 1461
f 1466 1461 1460
f 1467 1468 1464
f 1467 1464 1461
f 1450 1454 1466
f 1450 1466 1460
f 1461 1460 1463
f 1461 1463 1462
f 1465 1464 1461
f 1465 1461 1462
f 1460 1450 1451
f 1460 1451 1463
f 1467 1466 1460
f 1467 1460 1461
f 1464 1468 1467
f 1464 1467 1461
f 1466 1454 1450
f 1466 1450 1460
f 1458 1445 1455
f 1458 1455 1469
f 1472 1473 1474
f 1472 1474 1475
f 1472 1475 1476
f 1472 1476 1477
f 1472 1477 1478
f 1472 1478 1479
f 1472 1479 1480
f 1478 1477 1476
f 1478 1476 1475
f 1478 1475 1474
f 1478 1474 1473
f 1478 1473 1472
f 1478 1472 1480
f 1478 1480 1479
f 1442 1422 1458
f 1442 1458 1481
f 1492 1493 1494
f 1492 1494 1495
f 1495 1494 1493
f 1495 1493 1492
f 1480 1492 1495
f 1480 1495 1496
f 1480 1496 1497
f 1480 1497 1511
f 1480 1511 1472
f 1480 1472 1511
f 1480 1511 1497
f 1480 1497 1496
f 1480 1496 1495
f 1480 1495 1492
f 1469 1498 1481
f 1469 1481 1458
f 1499 1465 1464
f 1499 1464 1500
f 1464 1468 1501
f 1464 1501 1500
f 1464 1465 1499
f 1464 1499 1500
f 1501 1468 1464
f 1501 1464 1500
f 1514 1515 1516
f 1514 1516 1517
f 1518 1519 1514
f 1518 1514 1517
f 1515 1249 1250
f 1515 1250 1516
f 1517 1516 1520
f 1517 1520 1521
f 1522 1518 1517
f 1522 1517 1521
f 1516 1250 1253
f 1516 1253 1520
f 1523 1524 1521
f 1523 1521 1520
f 1524 1075 1522
f 1524 1522 1521
f 1046 1523 1520
f 1046 1520 1253
f 1517 1516 1515
f 1517 1515 1514
f 1519 1518 1517
f 1519 1517 1514
f 1516 1250 1249
f 1516 1249 1515
f 1521 1520 1516
f 1521 1516 1517
f 1518 1522 1521
f 1518 1521 1517
f 1520 1253 1250
f 1520 1250 1516
f 1524 1523 1520
f 1524 1520 1521
f 1522 1075 1524
f 1522 1524 1521
f 1523 1046 1253
f 1523 1253 1520
f 1525 1074 1045
f 1525 1045 1256
f 1528 1529 1530
f 1528 1530 1531
f 1532 1528 1531
f 1532 1531 1533
f 1529 1263 1264
f 1529 1264 1530
f 1534 1535 1531
f 1534 1531 1530
f 1535 1536 1533
f 1535 1533 1531
f 1264 1267 1534
f 1264 1534 1530
f 1515 1514 1535
f 1515 1535 1534
f 1514 1519 1536
f 1514 1536 1535
f 1267 1249 1515
f 1267 1515 1534
f 1529 1528 1531
f 1529 1531 1530
f 1528 1532 1533
f 1528 1533 1531
f 1264 1263 1529
f 1264 1529 1530
f 1530 1531 1535
f 1530 1535 1534
f 1531 1533 1536
f 1531 1536 1535
f 1267 1264 1530
f 1267 1530 1534
f 1534 1535 1514
f 1534 1514 1515
f 1535 1536 1519
f 1535 1519 1514
f 1249 1267 1534
f 1249 1534 1515
f 1256 1268 1537
f 1256 1537 1525
f 1541 1542 1543
f 1541 1543 1544
f 1545 1546 1541
f 1545 1541 1544
f 1542 1519 1518
f 1542 1518 1543
f 1544 1543 1547
f 1544 1547 1548
f 1549 1545 1544
f 1549 1544 1548
f 1543 1518 1522
f 1543 1522 1547
f 1548 1547 1550
f 1548 1550 1551
f 4 1549 1548
f 4 1548 1551
f 1547 1522 1075
f 1547 1075 1550
f 1542 1541 1544
f 1542 1544 1543
f 1541 1546 1545
f 1541 1545 1544
f 1518 1519 1542
f 1518 1542 1543
f 1543 1544 1548
f 1543 1548 1547
f 1544 1545 1549
f 1544 1549 1548
f 1522 1518 1543
f 1522 1543 1547
f 1551 1550 1547
f 1551 1547 1548
f 4 1551 1548
f 4 1548 1549
f 1550 1075 1522
f 1550 1522 1547
f 1085 1074 1525
f 1085 1525 1552
f 1554 1555 1556
f 1554 1556 1557
f 1558 1539 1554
f 1558 1554 1557
f 1555 1532 1533
f 1555 1533 1556
f 1557 1556 1559
f 1557 1559 1560
f 1561 1558 1557
f 1561 1557 1560
f 1556 1533 1536
f 1556 1536 1559
f 1542 1541 1560
f 1542 1560 1559
f 1541 1546 1561
f 1541 1561 1560
f 1519 1542 1559
f 1519 1559 1536
f 1557 1556 1555
f 1557 1555 1554
f 1539 1558 1557
f 1539 1557 1554
f 1556 1533 1532
f 1556 1532 1555
f 1560 1559 1556
f 1560 1556 1557
f 1558 1561 1560
f 1558 1560 1557
f 1559 1536 1533
f 1559 1533 1556
f 1541 1542 1559
f 1541 1559 1560
f 1561 1546 1541
f 1561 1541 1560
f 1542 1519 1536
f 1542 1536 1559
f 1562 1552 1525
f 1562 1525 1537
f 1563 1088 1085
f 1563 1085 1552
f 1570 1100 1095
f 1570 1095 1568
f 1565 1092 1100
f 1565 1100 1570
f 1563 1552 1562
f 1563 1562 1571
f 1573 1574 1575
f 1573 1575 1576
f 1577 1573 1576
f 1577 1576 1578
f 1574 1309 1308
f 1574 1308 1575
f 1579 1580 1576
f 1579 1576 1575
f 1580 1581 1578
f 1580 1578 1576
f 1308 1312 1579
f 1308 1579 1575
f 1529 1528 1580
f 1529 1580 1579
f 1528 1532 1581
f 1528 1581 1580
f 1312 1263 1529
f 1312 1529 1579
f 1574 1573 1576
f 1574 1576 1575
f 1573 1577 1578
f 1573 1578 1576
f 1308 1309 1574
f 1308 1574 1575
f 1575 1576 1580
f 1575 1580 1579
f 1576 1578 1581
f 1576 1581 1580
f 1312 1308 1575
f 1312 1575 1579
f 1579 1580 1528
f 1579 1528 1529
f 1580 1581 1532
f 1580 1532 1528
f 1263 1312 1579
f 1263 1579 1529
f 1268 1313 1582
f 1268 1582 1537
f 1584 1585 1586
f 1584 1586 1587
f 1585 1588 1589
f 1585 1589 1586
f 1319 1320 1584
f 1319 1584 1587
f 1590 1591 1585
f 1590 1585 1584
f 1591 1592 1588
f 1591 1588 1585
f 1320 1323 1590
f 1320 1590 1584
f 1574 1573 1591
f 1574 1591 1590
f 1573 1577 1592
f 1573 1592 1591
f 1323 1309 1574
f 1323 1574 1590
f 1585 1584 1587
f 1585 1587 1586
f 1589 1588 1585
f 1589 1585 1586
f 1584 1320 1319
f 1584 1319 1587
f 1591 1590 1584
f 1591 1584 1585
f 1588 1592 1591
f 1588 1591 1585
f 1590 1323 1320
f 1590 1320 1584
f 1573 1574 1590
f 1573 1590 1591
f 1592 1577 1573
f 1592 1573 1591
f 1574 1309 1323
f 1574 1323 1590
f 1313 1324 1593
f 1313 1593 1582
f 1597 1598 1599
f 1597 1599 1600
f 1601 1597 1600
f 1601 1600 1602
f 1598 1577 1578
f 1598 1578 1599
f 1603 1604 1600
f 1603 1600 1599
f 1604 1605 1602
f 1604 1602 1600
f 1578 1581 1603
f 1578 1603 1599
f 1555 1554 1604
f 1555 1604 1603
f 1554 1539 1605
f 1554 1605 1604
f 1581 1532 1555
f 1581 1555 1603
f 1598 1597 1600
f 1598 1600 1599
f 1597 1601 1602
f 1597 1602 1600
f 1578 1577 1598
f 1578 1598 1599
f 1599 1600 1604
f 1599 1604 1603
f 1600 1602 1605
f 1600 1605 1604
f 1581 1578 1599
f 1581 1599 1603
f 1603 1604 1554
f 1603 1554 1555
f 1604 1605 1539
f 1604 1539 1554
f 1532 1581 1603
f 1532 1603 1555
f 1537 1582 1606
f 1537 1606 1562
f 1608 1609 1610
f 1608 1610 1611
f 1595 1608 1611
f 1595 1611 1612
f 1609 1589 1588
f 1609 1588 1610
f 1613 1614 1611
f 1613 1611 1610
f 1614 1615 1612
f 1614 1612 1611
f 1588 1592 1613
f 1588 1613 1610
f 1598 1597 1614
f 1598 1614 1613
f 1597 1601 1615
f 1597 1615 1614
f 1592 1577 1598
f 1592 1598 1613
f 1609 1608 1611
f 1609 1611 1610
f 1608 1595 1612
f 1608 1612 1611
f 1588 1589 1609
f 1588 1609 1610
f 1610 1611 1614
f 1610 1614 1613
f 1611 1612 1615
f 1611 1615 1614
f 1592 1588 1610
f 1592 1610 1613
f 1613 1614 1597
f 1613 1597 1598
f 1614 1615 1601
f 1614 1601 1597
f 1577 1592 1613
f 1577 1613 1598
f 1582 1593 1616
f 1582 1616 1606
f 1617 1571 1562
f 1617 1562 1606
f 1606 1616 1620
f 1606 1620 1617
f 1088 1563 1621
f 1088 1621 1110
f 1627 1570 1568
f 1627 1568 1625
f 1624 1565 1570
f 1624 1570 1627
f 1629 1621 1563
f 1629 1563 1571
f 1110 1621 1631
f 1110 1631 1115
f 1629 1633 1631
f 1629 1631 1621
f 1629 1571 1617
f 1629 1617 1635
f 1638 1635 1617
f 1638 1617 1620
f 1639 1633 1629
f 1639 1629 1635
f 1639 1635 1638
f 1639 1638 1642
f 1643 1644 1121
f 1643 1121 1122
f 1643 1122 1120
f 1115 1631 1643
f 1115 1643 1120
f 1643 1645 1646
f 1643 1646 1644
f 1631 1633 1645
f 1631 1645 1643
f 1645 1647 1648
f 1645 1648 1646
f 1633 1639 1647
f 1633 1647 1645
f 1647 1649 1650
f 1647 1650 1648
f 1649 1647 1639
f 1649 1639 1642
f 1651 1652 1653
f 1651 1653 1654
f 1655 1656 1651
f 1655 1651 1654
f 1652 1429 1428
f 1652 1428 1653
f 1654 1653 1657
f 1654 1657 1658
f 1659 1655 1654
f 1659 1654 1658
f 1653 1428 1432
f 1653 1432 1657
f 1658 1657 1587
f 1658 1587 1586
f 1589 1659 1658
f 1589 1658 1586
f 1657 1432 1319
f 1657 1319 1587
f 1652 1651 1654
f 1652 1654 1653
f 1651 1656 1655
f 1651 1655 1654
f 1428 1429 1652
f 1428 1652 1653
f 1653 1654 1658
f 1653 1658 1657
f 1654 1655 1659
f 1654 1659 1658
f 1432 1428 1653
f 1432 1653 1657
f 1657 1658 1586
f 1657 1586 1587
f 1658 1659 1589
f 1658 1589 1586
f 1319 1432 1657
f 1319 1657 1587
f 1593 1324 1433
f 1593 1433 1660
f 1662 1663 1664
f 1662 1664 7820
f 1662 7820 1665
f 1666 1667 1662
f 1666 1662 1665
f 1663 1440 1439
f 1663 1439 1664
f 1652 1651 1665
f 1652 1665 7820
f 1652 7820 1664
f 1651 1656 1666
f 1651 1666 1665
f 1429 1652 1664
f 1429 1664 1439
f 1663 1662 1665
f 1663 1665 7820
f 1663 7820 1664
f 1667 1666 1665
f 1667 1665 1662
f 1664 1439 1440
f 1664 1440 1663
f 1651 1652 1664
f 1651 1664 7820
f 1651 7820 1665
f 1666 1656 1651
f 1666 1651 1665
f 1652 1429 1439
f 1652 1439 1664
f 1660 1433 1442
f 1660 1442 1669
f 1673 1674 1675
f 1673 1675 1676
f 1677 1678 1673
f 1677 1673 1676
f 1674 1656 1655
f 1674 1655 1675
f 1676 1675 1679
f 1676 1679 1680
f 1681 1677 1676
f 1681 1676 1680
f 1675 1655 1659
f 1675 1659 1679
f 1680 1679 1609
f 1680 1609 1608
f 1595 1681 1680
f 1595 1680 1608
f 1679 1659 1589
f 1679 1589 1609
f 1674 1673 1676
f 1674 1676 1675
f 1673 1678 1677
f 1673 1677 1676
f 1655 1656 1674
f 1655 1674 1675
f 1675 1676 1680
f 1675 1680 1679
f 1676 1677 1681
f 1676 1681 1680
f 1659 1655 1675
f 1659 1675 1679
f 1679 1680 1608
f 1679 1608 1609
f 1680 1681 1595
f 1680 1595 1608
f 1589 1659 1679
f 1589 1679 1609
f 1616 1593 1660
f 1616 1660 1682
f 1684 1685 1686
f 1684 1686 1687
f 1685 1688 1671
f 1685 1671 1686
f 1666 1684 1687
f 1666 1687 3166
f 1666 3166 1667
f 1674 1673 1685
f 1674 1685 1684
f 1673 1678 1688
f 1673 1688 1685
f 1666 1656 1674
f 1666 1674 1684
f 1685 1684 1687
f 1685 1687 1686
f 1671 1688 1685
f 1671 1685 1686
f 1684 1666 1667
f 1684 1667 3166
f 1684 3166 1687
f 1673 1674 1684
f 1673 1684 1685
f 1688 1678 1673
f 1688 1673 1685
f 1674 1656 1666
f 1674 1666 1684
f 1682 1660 1669
f 1682 1669 1690
f 1616 1682 1692
f 1616 1692 1620
f 1692 1682 1690
f 1692 1690 1695
f 1669 1442 1481
f 1669 1481 1697
f 1498 1698 1697
f 1498 1697 1481
f 1702 1690 1669
f 1702 1669 1697
f 1702 1697 1698
f 1702 1698 1705
f 1690 1702 1706
f 1690 1706 1695
f 1708 1706 1702
f 1708 1702 1705
f 1620 1692 1712
f 1620 1712 1638
f 1712 1692 1695
f 1712 1695 1715
f 1717 1642 1638
f 1717 1638 1712
f 1717 1712 1715
f 1717 1715 1720
f 1695 1706 1721
f 1695 1721 1715
f 1708 1723 1721
f 1708 1721 1706
f 1715 1721 1726
f 1715 1726 1720
f 1723 1728 1742
f 1723 1742 1726
f 1723 1726 1721
f 1649 1731 1732
f 1649 1732 1650
f 1649 1642 1717
f 1649 1717 1731
f 1731 1733 1734
f 1731 1734 1735
f 1731 1735 1732
f 1720 1733 1731
f 1720 1731 1717
f 1733 1736 1737
f 1733 1737 1734
f 1733 1720 1726
f 1733 1726 1741
f 1733 1741 1736
f 1736 1744 1738
f 1736 1738 1739
f 1736 1739 1740
f 1736 1740 1737
f 1741 1726 1742
f 1741 1742 1743
f 1743 1742 1728
f 1743 1728 1738
f 1743 1738 1744
f 1743 1744 1736
f 1743 1736 1741
f 1745 1746 1747
f 1745 1747 1748
f 1749 1750 1751
f 1749 1751 1752
f 1353 1749 1752
f 1353 1752 1354
f 1750 1753 1754
f 1750 1754 1751
f 1752 1751 1750
f 1752 1750 1749
f 1354 1752 1749
f 1354 1749 1353
f 1751 1754 1753
f 1751 1753 1750
f 1359 1358 1755
f 1359 1755 1756
f 1755 1358 1757
f 1755 1757 1758
f 1758 1757 1354
f 1758 1354 1752
f 1758 1752 1751
f 1758 1751 1754
f 1761 1762 1763
f 1761 1763 1764
f 1754 1753 1761
f 1754 1761 1764
f 1762 1765 1766
f 1762 1766 1763
f 1762 1761 1764
f 1762 1764 1763
f 1761 1753 1754
f 1761 1754 1764
f 1766 1765 1762
f 1766 1762 1763
f 1755 1767 1768
f 1755 1768 1756
f 1767 1755 1758
f 1767 1758 1769
f 1769 1758 1754
f 1769 1754 1764
f 1769 1764 1763
f 1769 1763 1766
f 1772 1773 1774
f 1772 1774 1775
f 1776 1777 1772
f 1776 1772 1775
f 1773 1753 1750
f 1773 1750 1774
f 1775 1774 1778
f 1775 1778 1779
f 1780 1776 1775
f 1780 1775 1779
f 1774 1750 1749
f 1774 1749 1778
f 1779 1778 1369
f 1779 1369 1368
f 1371 1780 1779
f 1371 1779 1368
f 1778 1749 1353
f 1778 1353 1369
f 1773 1772 1775
f 1773 1775 1774
f 1772 1777 1776
f 1772 1776 1775
f 1750 1753 1773
f 1750 1773 1774
f 1774 1775 1779
f 1774 1779 1778
f 1775 1776 1780
f 1775 1780 1779
f 1749 1750 1774
f 1749 1774 1778
f 1778 1779 1368
f 1778 1368 1369
f 1779 1780 1371
f 1779 1371 1368
f 1353 1749 1778
f 1353 1778 1369
f 1375 1359 1756
f 1375 1756 1781
f 1783 1784 1785
f 1783 1785 1786
f 1784 1787 1788
f 1784 1788 1785
f 1765 1762 1783
f 1765 1783 1786
f 1789 1790 1784
f 1789 1784 1783
f 1790 1791 1787
f 1790 1787 1784
f 1762 1761 1789
f 1762 1789 1783
f 1773 1772 1790
f 1773 1790 1789
f 1772 1777 1791
f 1772 1791 1790
f 1761 1753 1773
f 1761 1773 1789
f 1784 1783 1786
f 1784 1786 1785
f 1788 1787 1784
f 1788 1784 1785
f 1783 1762 1765
f 1783 1765 1786
f 1790 1789 1783
f 1790 1783 1784
f 1787 1791 1790
f 1787 1790 1784
f 1789 1761 1762
f 1789 1762 1783
f 1772 1773 1789
f 1772 1789 1790
f 1791 1777 1772
f 1791 1772 1790
f 1773 1753 1761
f 1773 1761 1789
f 1756 1768 1792
f 1756 1792 1781
f 1794 1795 1796
f 1794 1796 1797
f 1795 1798 1799
f 1795 1799 1796
f 1777 1776 1794
f 1777 1794 1797
f 1800 1801 1795
f 1800 1795 1794
f 1801 1802 1798
f 1801 1798 1795
f 1776 1780 1800
f 1776 1800 1794
f 1381 1380 1801
f 1381 1801 1800
f 1380 1384 1802
f 1380 1802 1801
f 1780 1371 1381
f 1780 1381 1800
f 1795 1794 1797
f 1795 1797 1796
f 1799 1798 1795
f 1799 1795 1796
f 1794 1776 1777
f 1794 1777 1797
f 1801 1800 1794
f 1801 1794 1795
f 1798 1802 1801
f 1798 1801 1795
f 1800 1780 1776
f 1800 1776 1794
f 1380 1381 1800
f 1380 1800 1801
f 1802 1384 1380
f 1802 1380 1801
f 1381 1371 1780
f 1381 1780 1800
f 1375 1781 1803
f 1375 1803 1389
f 1805 1806 1807
f 1805 1807 1808
f 1809 1805 1808
f 1809 1808 1810
f 1806 1788 1787
f 1806 1787 1807
f 1811 1812 1808
f 1811 1808 1807
f 1812 1813 1810
f 1812 1810 1808
f 1787 1791 1811
f 1787 1811 1807
f 1797 1796 1812
f 1797 1812 1811
f 1796 1799 1813
f 1796 1813 1812
f 1791 1777 1797
f 1791 1797 1811
f 1806 1805 1808
f 1806 1808 1807
f 1805 1809 1810
f 1805 1810 1808
f 1787 1788 1806
f 1787 1806 1807
f 1807 1808 1812
f 1807 1812 1811
f 1808 1810 1813
f 1808 1813 1812
f 1791 1787 1807
f 1791 1807 1811
f 1796 1797 1811
f 1796 1811 1812
f 1799 1796 1812
f 1799 1812 1813
f 1797 1777 1791
f 1797 1791 1811
f 1781 1792 1814
f 1781 1814 1803
f 1816 1817 1818
f 1816 1818 1819
f 1765 1816 1819
f 1765 1819 1766
f 1817 1820 1821
f 1817 1821 1818
f 1819 1818 1817
f 1819 1817 1816
f 1766 1819 1816
f 1766 1816 1765
f 1818 1821 1820
f 1818 1820 1817
f 1768 1767 1822
f 1768 1822 1823
f 1822 1767 1769
f 1822 1769 1824
f 1824 1769 1766
f 1824 1766 1819
f 1824 1819 1818
f 1824 1818 1821
f 1827 1828 1829
f 1827 1829 1830
f 1821 1820 1827
f 1821 1827 1830
f 1828 1831 1832
f 1828 1832 1829
f 1828 1827 1830
f 1828 1830 1829
f 1827 1820 1821
f 1827 1821 1830
f 1832 1831 1828
f 1832 1828 1829
f 1822 1833 1834
f 1822 1834 1823
f 1833 1822 1824
f 1833 1824 1835
f 1835 1824 1821
f 1835 1821 1830
f 1835 1830 1829
f 1835 1829 1832
f 1838 1839 1840
f 1838 1840 1841
f 1842 1843 1838
f 1842 1838 1841
f 1839 1820 1817
f 1839 1817 1840
f 1841 1840 1844
f 1841 1844 1845
f 1846 1842 1841
f 1846 1841 1845
f 1840 1817 1816
f 1840 1816 1844
f 1845 1844 1786
f 1845 1786 1785
f 1788 1846 1845
f 1788 1845 1785
f 1844 1816 1765
f 1844 1765 1786
f 1839 1838 1841
f 1839 1841 1840
f 1838 1843 1842
f 1838 1842 1841
f 1817 1820 1839
f 1817 1839 1840
f 1840 1841 1845
f 1840 1845 1844
f 1841 1842 1846
f 1841 1846 1845
f 1816 1817 1840
f 1816 1840 1844
f 1844 1845 1785
f 1844 1785 1786
f 1845 1846 1788
f 1845 1788 1785
f 1765 1816 1844
f 1765 1844 1786
f 1792 1768 1823
f 1792 1823 1847
f 1849 1850 1851
f 1849 1851 1852
f 1850 1853 1854
f 1850 1854 1851
f 1831 1828 1849
f 1831 1849 1852
f 1855 1856 1850
f 1855 1850 1849
f 1856 1857 1853
f 1856 1853 1850
f 1828 1827 1855
f 1828 1855 1849
f 1839 1838 1856
f 1839 1856 1855
f 1838 1843 1857
f 1838 1857 1856
f 1827 1820 1839
f 1827 1839 1855
f 1850 1849 1852
f 1850 1852 1851
f 1854 1853 1850
f 1854 1850 1851
f 1849 1828 1831
f 1849 1831 1852
f 1856 1855 1849
f 1856 1849 1850
f 1853 1857 1856
f 1853 1856 1850
f 1855 1827 1828
f 1855 1828 1849
f 1838 1839 1855
f 1838 1855 1856
f 1857 1843 1838
f 1857 1838 1856
f 1839 1820 1827
f 1839 1827 1855
f 1823 1834 1858
f 1823 1858 1847
f 1860 1861 1862
f 1860 1862 1863
f 1864 1865 1860
f 1864 1860 1863
f 1861 1843 1842
f 1861 1842 1862
f 1863 1862 1866
f 1863 1866 1867
f 1868 1864 1863
f 1868 1863 1867
f 1862 1842 1846
f 1862 1846 1866
f 1867 1866 1806
f 1867 1806 1805
f 1809 1868 1867
f 1809 1867 1805
f 1866 1846 1788
f 1866 1788 1806
f 1861 1860 1863
f 1861 1863 1862
f 1860 1865 1864
f 1860 1864 1863
f 1842 1843 1861
f 1842 1861 1862
f 1862 1863 1867
f 1862 1867 1866
f 1863 1864 1868
f 1863 1868 1867
f 1846 1842 1862
f 1846 1862 1866
f 1866 1867 1805
f 1866 1805 1806
f 1867 1868 1809
f 1867 1809 1805
f 1788 1846 1866
f 1788 1866 1806
f 1814 1792 1847
f 1814 1847 1869
f 1871 1872 1873
f 1871 1873 1874
f 1875 1871 1874
f 1875 1874 1876
f 1872 1854 1853
f 1872 1853 1873
f 1877 1878 1874
f 1877 1874 1873
f 1878 1879 1876
f 1878 1876 1874
f 1853 1857 1877
f 1853 1877 1873
f 1861 1860 1878
f 1861 1878 1877
f 1860 1865 1879
f 1860 1879 1878
f 1857 1843 1861
f 1857 1861 1877
f 1872 1871 1874
f 1872 1874 1873
f 1871 1875 1876
f 1871 1876 1874
f 1853 1854 1872
f 1853 1872 1873
f 1873 1874 1878
f 1873 1878 1877
f 1874 1876 1879
f 1874 1879 1878
f 1857 1853 1873
f 1857 1873 1877
f 1860 1861 1877
f 1860 1877 1878
f 1865 1860 1878
f 1865 1878 1879
f 1861 1843 1857
f 1861 1857 1877
f 1847 1858 1880
f 1847 1880 1869
f 1882 1883 1884
f 1882 1884 1885
f 1886 1887 1882
f 1886 1882 1885
f 1883 1799 1798
f 1883 1798 1884
f 1885 1884 1888
f 1885 1888 1889
f 1890 1886 1885
f 1890 1885 1889
f 1884 1798 1802
f 1884 1802 1888
f 1889 1888 1447
f 1889 1447 1446
f 1451 1890 1889
f 1451 1889 1446
f 1888 1802 1384
f 1888 1384 1447
f 1883 1882 1885
f 1883 1885 1884
f 1882 1887 1886
f 1882 1886 1885
f 1798 1799 1883
f 1798 1883 1884
f 1884 1885 1889
f 1884 1889 1888
f 1885 1886 1890
f 1885 1890 1889
f 1802 1798 1884
f 1802 1884 1888
f 1888 1889 1446
f 1888 1446 1447
f 1889 1890 1451
f 1889 1451 1446
f 1384 1802 1888
f 1384 1888 1447
f 1455 1389 1803
f 1455 1803 1891
f 1893 1894 1895
f 1893 1895 1896
f 1894 1897 1898
f 1894 1898 1895
f 1809 1810 1893
f 1809 1893 1896
f 1899 1900 1894
f 1899 1894 1893
f 1900 1901 1897
f 1900 1897 1894
f 1810 1813 1899
f 1810 1899 1893
f 1883 1882 1900
f 1883 1900 1899
f 1882 1887 1901
f 1882 1901 1900
f 1813 1799 1883
f 1813 1883 1899
f 1894 1893 1896
f 1894 1896 1895
f 1898 1897 1894
f 1898 1894 1895
f 1893 1810 1809
f 1893 1809 1896
f 1900 1899 1893
f 1900 1893 1894
f 1897 1901 1900
f 1897 1900 1894
f 1899 1813 1810
f 1899 1810 1893
f 1882 1883 1899
f 1882 1899 1900
f 1901 1887 1882
f 1901 1882 1900
f 1883 1799 1813
f 1883 1813 1899
f 1803 1814 1902
f 1803 1902 1891
f 1904 1905 1906
f 1904 1906 1907
f 1908 1909 1904
f 1908 1904 1907
f 1905 1887 1886
f 1905 1886 1906
f 1907 1906 1910
f 1907 1910 1911
f 1912 1908 1907
f 1912 1907 1911
f 1906 1886 1890
f 1906 1890 1910
f 1911 1910 1463
f 1911 1463 1462
f 1465 1912 1911
f 1465 1911 1462
f 1910 1890 1451
f 1910 1451 1463
f 1905 1904 1907
f 1905 1907 1906
f 1904 1909 1908
f 1904 1908 1907
f 1886 1887 1905
f 1886 1905 1906
f 1906 1907 1911
f 1906 1911 1910
f 1907 1908 1912
f 1907 1912 1911
f 1890 1886 1906
f 1890 1906 1910
f 1910 1911 1462
f 1910 1462 1463
f 1911 1912 1465
f 1911 1465 1462
f 1451 1890 1910
f 1451 1910 1463
f 1469 1455 1891
f 1469 1891 1913
f 1915 1916 1917
f 1915 1917 1918
f 1916 1919 1920
f 1916 1920 1917
f 1898 1897 1915
f 1898 1915 1918
f 1921 1922 1916
f 1921 1916 1915
f 1922 1923 1919
f 1922 1919 1916
f 1897 1901 1921
f 1897 1921 1915
f 1905 1904 1922
f 1905 1922 1921
f 1904 1909 1923
f 1904 1923 1922
f 1901 1887 1905
f 1901 1905 1921
f 1916 1915 1918
f 1916 1918 1917
f 1920 1919 1916
f 1920 1916 1917
f 1915 1897 1898
f 1915 1898 1918
f 1922 1921 1915
f 1922 1915 1916
f 1919 1923 1922
f 1919 1922 1916
f 1921 1901 1897
f 1921 1897 1915
f 1904 1905 1921
f 1904 1921 1922
f 1923 1909 1904
f 1923 1904 1922
f 1905 1887 1901
f 1905 1901 1921
f 1891 1902 1924
f 1891 1924 1913
f 1908 1912 1926
f 1908 1926 1927
f 1912 1465 1499
f 1912 1499 1926
f 1909 1908 1927
f 1909 1927 1928
f 1927 1926 1912
f 1927 1912 1908
f 1926 1499 1465
f 1926 1465 1912
f 1928 1927 1908
f 1928 1908 1909
f 1469 1913 1930
f 1469 1930 1498
f 1919 1923 1932
f 1919 1932 1933
f 1923 1909 1928
f 1923 1928 1932
f 1934 1920 1919
f 1934 1919 1933
f 1923 1919 1933
f 1923 1933 1932
f 1928 1909 1923
f 1928 1923 1932
f 1919 1920 1934
f 1919 1934 1933
f 1913 1924 1936
f 1913 1936 1930
f 1938 1939 1940
f 1938 1940 1941
f 1942 1943 1938
f 1942 1938 1941
f 1939 1865 1864
f 1939 1864 1940
f 1941 1940 1944
f 1941 1944 1945
f 1946 1942 1941
f 1946 1941 1945
f 1940 1864 1868
f 1940 1868 1944
f 1945 1944 1896
f 1945 1896 1895
f 1898 1946 1945
f 1898 1945 1895
f 1944 1868 1809
f 1944 1809 1896
f 1939 1938 1941
f 1939 1941 1940
f 1938 1943 1942
f 1938 1942 1941
f 1864 1865 1939
f 1864 1939 1940
f 1940 1941 1945
f 1940 1945 1944
f 1941 1942 1946
f 1941 1946 1945
f 1868 1864 1940
f 1868 1940 1944
f 1944 1945 1895
f 1944 1895 1896
f 1945 1946 1898
f 1945 1898 1895
f 1809 1868 1944
f 1809 1944 1896
f 1902 1814 1869
f 1902 1869 1947
f 1949 1950 1951
f 1949 1951 1952
f 1953 1954 1949
f 1953 1949 1952
f 1950 1875 1876
f 1950 1876 1951
f 1952 1951 1955
f 1952 1955 1956
f 1957 1953 1952
f 1957 1952 1956
f 1951 1876 1879
f 1951 1879 1955
f 1939 1938 1956
f 1939 1956 1955
f 1938 1943 1957
f 1938 1957 1956
f 1865 1939 1955
f 1865 1955 1879
f 1950 1949 1952
f 1950 1952 1951
f 1949 1954 1953
f 1949 1953 1952
f 1875 1950 1951
f 1875 1951 1876
f 1956 1955 1951
f 1956 1951 1952
f 1953 1957 1956
f 1953 1956 1952
f 1955 1879 1876
f 1955 1876 1951
f 1938 1939 1955
f 1938 1955 1956
f 1957 1943 1938
f 1957 1938 1956
f 1939 1865 1879
f 1939 1879 1955
f 1869 1880 1958
f 1869 1958 1947
f 1960 1961 1962
f 1960 1962 1963
f 1964 1965 1960
f 1964 1960 1963
f 1961 1943 1942
f 1961 1942 1962
f 1963 1962 1966
f 1963 1966 1967
f 1968 1964 1963
f 1968 1963 1967
f 1962 1942 1946
f 1962 1946 1966
f 1967 1966 1918
f 1967 1918 1917
f 1920 1968 1967
f 1920 1967 1917
f 1966 1946 1898
f 1966 1898 1918
f 1961 1960 1963
f 1961 1963 1962
f 1960 1965 1964
f 1960 1964 1963
f 1942 1943 1961
f 1942 1961 1962
f 1962 1963 1967
f 1962 1967 1966
f 1963 1964 1968
f 1963 1968 1967
f 1946 1942 1962
f 1946 1962 1966
f 1966 1967 1917
f 1966 1917 1918
f 1967 1968 1920
f 1967 1920 1917
f 1898 1946 1966
f 1898 1966 1918
f 1924 1902 1947
f 1924 1947 1969
f 1971 1972 1973
f 1971 1973 1974
f 1972 1975 1976
f 1972 1976 1973
f 1954 1953 1971
f 1954 1971 1974
f 1977 1978 1972
f 1977 1972 1971
f 1978 1979 1975
f 1978 1975 1972
f 1953 1957 1977
f 1953 1977 1971
f 1961 1960 1978
f 1961 1978 1977
f 1960 1965 1979
f 1960 1979 1978
f 1957 1943 1961
f 1957 1961 1977
f 1972 1971 1974
f 1972 1974 1973
f 1976 1975 1972
f 1976 1972 1973
f 1971 1953 1954
f 1971 1954 1974
f 1978 1977 1971
f 1978 1971 1972
f 1975 1979 1978
f 1975 1978 1972
f 1977 1957 1953
f 1977 1953 1971
f 1960 1961 1977
f 1960 1977 1978
f 1979 1965 1960
f 1979 1960 1978
f 1961 1943 1957
f 1961 1957 1977
f 1947 1958 1980
f 1947 1980 1969
f 1964 1968 1982
f 1964 1982 1983
f 1968 1920 1934
f 1968 1934 1982
f 1984 1965 1964
f 1984 1964 1983
f 1968 1964 1983
f 1968 1983 1982
f 1934 1920 1968
f 1934 1968 1982
f 1964 1965 1984
f 1964 1984 1983
f 1924 1969 1986
f 1924 1986 1936
f 1975 1979 1988
f 1975 1988 3154
f 1975 3154 1989
f 1979 1965 1984
f 1979 1984 1988
f 1990 1976 1975
f 1990 1975 1989
f 1979 1975 1989
f 1979 1989 3154
f 1979 3154 1988
f 1984 1965 1979
f 1984 1979 1988
f 1975 1976 1990
f 1975 1990 1989
f 1969 1980 1992
f 1969 1992 1986
f 1832 1994 1995
f 1832 1995 1831
f 1831 1995 1994
f 1831 1994 1832
f 1998 1999 1834
f 1998 1834 1833
f 1998 1833 1835
f 1998 1835 1832
f 1998 1832 1994
f 1998 1994 1997
f 1998 1997 2006
f 2002 2003 1999
f 2002 1999 1998
f 2002 1998 2006
f 2002 2006 2007
f 2007 2006 1997
f 2007 1997 2005
f 2008 2009 1852
f 2008 1852 1851
f 1854 2010 2008
f 1854 2008 1851
f 2009 1995 1831
f 2009 1831 1852
f 2009 2008 1851
f 2009 1851 1852
f 2008 2010 1854
f 2008 1854 1851
f 1831 1995 2009
f 1831 2009 1852
f 1858 1834 1999
f 1858 1999 2012
f 2014 2012 1999
f 2014 1999 2003
f 1872 1871 2016
f 1872 2016 2017
f 1871 1875 2018
f 1871 2018 2016
f 2010 1854 1872
f 2010 1872 2017
f 1871 1872 2017
f 1871 2017 2016
f 2018 1875 1871
f 2018 1871 2016
f 1872 1854 2010
f 1872 2010 2017
f 1880 1858 2012
f 1880 2012 2020
f 2020 2012 2014
f 2020 2014 2022
f 2024 2025 2028
f 2024 2028 2026
f 2024 2026 2027
f 2002 2025 2024
f 2002 2024 2003
f 2025 2002 2007
f 2025 2007 2028
f 2028 2007 2005
f 2028 2005 2026
f 2024 2027 2032
f 2024 2032 2029
f 2024 2029 2030
f 2024 2030 2031
f 2014 2003 2024
f 2014 2024 2031
f 2014 2031 2030
f 2014 2030 2022
f 2033 2034 1950
f 2033 1950 1949
f 1954 2035 2033
f 1954 2033 1949
f 2034 2018 1875
f 2034 1875 1950
f 2034 2033 1949
f 2034 1949 1950
f 2033 2035 1954
f 2033 1954 1949
f 1875 2018 2034
f 1875 2034 1950
f 1958 1880 2020
f 1958 2020 2037
f 2020 2022 2040
f 2020 2040 2037
f 2041 2042 1974
f 2041 1974 1973
f 1976 2043 2041
f 1976 2041 1973
f 2042 2035 1954
f 2042 1954 1974
f 2042 2041 1973
f 2042 1973 1974
f 2041 2043 1976
f 2041 1976 1973
f 1954 2035 2042
f 1954 2042 1974
f 1980 1958 2037
f 1980 2037 2045
f 2048 2049 2047
f 2048 2047 2046
f 1748 1747 2047
f 1748 2047 2049
f 2048 2046 1746
f 2048 1746 1745
f 2051 2045 2037
f 2051 2037 2040
f 1990 1976 2043
f 1990 2043 2053
f 2053 2043 1976
f 2053 1976 1990
f 1992 1980 2045
f 1992 2045 2056
f 2056 2045 2051
f 2056 2051 2058
f 2060 2030 2029
f 2060 2029 2061
f 2040 2022 2030
f 2040 2030 2060
f 2060 2061 2065
f 2060 2065 2062
f 2060 2062 2063
f 2060 2063 2064
f 2051 2040 2060
f 2051 2060 2064
f 2051 2064 2063
f 2051 2063 2058
f 1498 1930 2066
f 1498 2066 1698
f 2068 2066 1930
f 2068 1930 1936
f 1698 2066 2070
f 1698 2070 1705
f 2072 2070 2066
f 2072 2066 2068
f 1705 2070 2075
f 1705 2075 1708
f 2075 2070 2072
f 2075 2072 2076
f 1936 1986 2078
f 1936 2078 2068
f 2080 2078 1986
f 2080 1986 1992
f 2068 2078 2082
f 2068 2082 2072
f 2084 2082 2078
f 2084 2078 2080
f 2072 2082 2086
f 2072 2086 2076
f 2086 2082 2084
f 2086 2084 2088
f 2091 1723 1708
f 2091 1708 2075
f 2075 2076 2093
f 2075 2093 2091
f 1723 2091 2094
f 1723 2094 1728
f 2097 2094 2091
f 2097 2091 2093
f 2076 2086 2098
f 2076 2098 2093
f 2100 2098 2086
f 2100 2086 2088
f 2093 2098 2103
f 2093 2103 2097
f 2100 2104 2103
f 2100 2103 2098
f 1738 2106 2107
f 1738 2107 1739
f 1728 2094 2106
f 1728 2106 1738
f 2106 2108 2109
f 2106 2109 2107
f 2094 2097 2108
f 2094 2108 2106
f 2108 2110 2111
f 2108 2111 2109
f 2108 2097 2103
f 2108 2103 2110
f 2110 2112 2113
f 2110 2113 2111
f 2103 2104 2112
f 2103 2112 2110
f 2056 2114 2080
f 2056 2080 1992
f 2117 2114 2056
f 2117 2056 2058
f 2114 2119 2084
f 2114 2084 2080
f 2122 2119 2114
f 2122 2114 2117
f 2119 2124 2088
f 2119 2088 2084
f 2124 2119 2122
f 2124 2122 2127
f 2129 2063 2062
f 2129 2062 2130
f 2058 2063 2129
f 2058 2129 2117
f 2129 2130 2134
f 2129 2134 2131
f 2129 2131 2132
f 2129 2132 2133
f 2122 2117 2129
f 2122 2129 2133
f 2122 2133 2132
f 2122 2132 2127
f 2124 2135 2100
f 2124 2100 2088
f 2127 2138 2135
f 2127 2135 2124
f 2135 2140 2104
f 2135 2104 2100
f 2140 2135 2138
f 2140 2138 2143
f 2112 2145 2146
f 2112 2146 2147
f 2112 2147 2113
f 2112 2104 2140
f 2112 2140 2145
f 2145 2148 2149
f 2145 2149 2146
f 2140 2143 2148
f 2140 2148 2145
f 2132 2131 2153
f 2132 2153 2150
f 2132 2150 2151
f 2132 2151 2152
f 2138 2127 2132
f 2138 2132 2152
f 2143 2138 2152
f 2143 2152 2151
f 2154 2151 2150
f 2154 2150 2155
f 2148 2154 2155
f 2148 2155 2149
f 2143 2151 2154
f 2143 2154 2148
f 8701 8702 8703
f 8701 8703 2889
f 2205 8701 2889
f 2205 2889 2892
f 2889 8703 8704
f 2889 8704 2896
f 2896 8704 8705
f 2896 8705 8706
f 2221 2896 8706
f 2221 8706 8707
f 1954 1990 2221
f 1954 2221 8707
f 8708 8709 8710
f 8708 8710 8711
f 8691 8404 8712
f 8691 8712 8713
f 8714 8715 8716
f 8714 8716 8717
f 8718 8691 8713
f 8718 8713 8719
f 8715 8720 8721
f 8715 8721 8716
f 8722 8718 8719
f 8722 8719 8723
f 8720 8724 8725
f 8720 8725 8721
f 8726 8727 8728
f 8726 8728 8729
f 8729 8728 8730
f 8729 8730 8731
f 8732 8733 8731
f 8732 8731 8730
f 8734 8729 8731
f 8734 8731 8735
f 8733 8736 8735
f 8733 8735 8731
f 8737 8726 8729
f 8737 8729 8734
f 8728 8738 8739
f 8728 8739 8730
f 8740 8732 8730
f 8740 8730 8739
f 8738 8741 8742
f 8738 8742 8739
f 8743 8740 8739
f 8743 8739 8742
f 8744 8737 8734
f 8744 8734 8745
f 8745 8734 8735
f 8745 8735 8746
f 8736 8747 8746
f 8736 8746 8735
f 8748 8749 8750
f 8748 8750 8751
f 8752 8753 8754
f 8752 8754 8755
f 8756 8757 8758
f 8756 8758 8759
f 8760 8761 8762
f 8760 8762 8763
f 2079 2081 1991
f 2079 1991 1985
f 2069 2079 1985
f 2069 1985 1935
f 2067 2069 1935
f 2067 1935 1929
f 1700 2067 1929
f 1700 1929 1503
f 8764 1700 1503
f 8764 1503 8765
f 8766 8767 8768
f 8766 8768 8769
f 8770 8771 8772
f 8770 8772 8773
f 8771 8770 8767
f 8771 8767 8766
f 8773 8772 8769
f 8773 8769 8768
f 8774 8766 8769
f 8774 8769 8775
f 8771 8776 8777
f 8771 8777 8772
f 8776 8771 8766
f 8776 8766 8774
f 8772 8777 8775
f 8772 8775 8769
f 8778 8774 8775
f 8778 8775 8779
f 8776 8780 3756
f 8776 3756 8777
f 8780 8776 8774
f 8780 8774 8778
f 8777 3756 8779
f 8777 8779 8775
f 3756 8780 8778
f 3756 8778 8779
f 8767 8781 8782
f 8767 8782 8768
f 8783 8770 8773
f 8783 8773 8784
f 8770 8783 8781
f 8770 8781 8767
f 8784 8773 8768
f 8784 8768 8782
f 2435 2432 2433
f 2435 2433 2434
f 2445 2442 2443
f 2445 2443 2444
f 8781 8785 8786
f 8781 8786 8782
f 8787 8783 8784
f 8787 8784 8788
f 8783 8787 8785
f 8783 8785 8781
f 8788 8784 8782
f 8788 8782 8786
f 8787 8788 8786
f 8787 8786 8785
f 8789 8790 8791
f 8789 8791 8792
f 8793 2251 2254
f 8793 2254 2171
f 2252 2217 3945
f 2252 3945 2253
f 8794 8795 8744
f 8794 8744 8796
f 8797 8794 8796
f 8797 8796 8798
f 8798 8796 8799
f 8798 8799 8800
f 8800 8799 8801
f 8800 8801 8802
f 8803 8804 8805
f 8803 8805 8806
f 2425 2597 8807
f 2425 8807 8808
f 8808 8807 2596
f 8808 2596 2424
f 8809 8810 8811
f 8809 8811 8812
f 8813 8814 8815
f 8813 8815 8816
f 8817 2263 2266
f 8817 2266 8818
f 2263 8819 8820
f 2263 8820 8821
f 1700 8764 8821
f 1700 8821 8820
f 8822 8823 8824
f 8822 8824 8825
f 8826 8827 8828
f 8826 8828 8829
f 8830 8831 8832
f 8830 8832 8833
f 8834 8835 8836
f 8834 8836 8837
f 8834 8837 8838
f 8834 8838 8839
f 8839 8838 8840
f 8839 8840 8841
f 8841 8840 8842
f 8841 8842 8843
f 8844 8845 8846
f 8844 8846 8847
f 8845 8848 8849
f 8845 8849 8846
f 8850 8851 8852
f 8850 8852 8853
f 8852 8851 2216
f 8852 2216 8819
f 8854 8855 8856
f 8854 8856 8857
f 8857 8858 8859
f 8857 8859 8854
f 8855 8860 8861
f 8855 8861 8856
f 8862 8863 8702
f 8862 8702 8701
f 2711 8862 8701
f 2711 8701 2205
f 8864 8841 8843
f 8864 8843 8865
f 8866 8867 8842
f 8866 8842 8840
f 8868 8869 8870
f 8868 8870 8871
f 8872 8873 8874
f 8872 8874 8875
f 8707 8706 8876
f 8707 8876 8877
f 1854 1954 8707
f 1854 8707 8877
f 8706 8705 8878
f 8706 8878 8876
f 8877 8876 8879
f 8877 8879 8880
f 1832 1854 8877
f 1832 8877 8880
f 8876 8878 8881
f 8876 8881 8879
f 8882 8883 8863
f 8882 8863 8862
f 8884 8882 8862
f 8884 8862 2711
f 8850 8885 8886
f 8850 8886 8851
f 8851 8886 2205
f 8851 2205 2216
f 8887 8888 2712
f 8887 2712 8889
f 8890 2713 8891
f 8890 8891 8892
f 8887 8889 8890
f 8887 8890 8892
f 8893 8894 8895
f 8893 8895 8896
f 8897 8898 8899
f 8897 8899 8900
f 8857 8901 8902
f 8857 8902 8903
f 8904 8903 8902
f 8904 8902 8905
f 8856 8861 8906
f 8856 8906 8907
f 8861 8908 8909
f 8861 8909 8906
f 8910 8904 8905
f 8910 8905 8911
f 8901 8857 8856
f 8901 8856 8907
f 8912 8913 8914
f 8912 8914 8915
f 8916 8913 8912
f 8916 8912 8917
f 8918 8919 8920
f 8918 8920 8921
f 8919 274 226
f 8919 226 8920
f 8922 8916 8917
f 8922 8917 8923
f 8915 8914 8918
f 8915 8918 8921
f 8844 8847 8924
f 8844 8924 8925
f 8925 8926 8927
f 8925 8927 8844
f 8927 8928 8845
f 8927 8845 8844
f 8929 8930 8927
f 8929 8927 8926
f 8843 8842 8930
f 8843 8930 8929
f 8845 8928 8931
f 8845 8931 8848
f 8847 8846 8932
f 8847 8932 8933
f 8849 8848 8934
f 8849 8934 8935
f 8848 8931 8936
f 8848 8936 8934
f 8846 8849 8935
f 8846 8935 8932
f 8924 8847 8933
f 8924 8933 8937
f 8934 8936 8938
f 8934 8938 8939
f 8939 8938 8858
f 8939 8858 8940
f 8857 8903 8940
f 8857 8940 8858
f 8901 8941 8942
f 8901 8942 8902
f 8905 8902 8942
f 8905 8942 8943
f 8907 8906 8944
f 8907 8944 8945
f 8906 8909 8946
f 8906 8946 8944
f 8911 8905 8943
f 8911 8943 8947
f 8941 8901 8907
f 8941 8907 8945
f 8913 8942 8941
f 8913 8941 8914
f 8943 8942 8913
f 8943 8913 8916
f 8945 8944 8919
f 8945 8919 8918
f 8944 8946 274
f 8944 274 8919
f 8947 8943 8916
f 8947 8916 8922
f 8914 8941 8945
f 8914 8945 8918
f 8936 2732 8854
f 8936 8854 8859
f 8859 8858 8938
f 8859 8938 8936
f 8948 8949 8860
f 8948 8860 8855
f 2732 8948 8855
f 2732 8855 8854
f 8949 8950 8951
f 8949 8951 8860
f 8860 8951 8908
f 8860 8908 8861
f 8952 8953 8954
f 8952 8954 8955
f 8956 8957 8955
f 8956 8955 8954
f 8958 8959 8960
f 8958 8960 8801
f 8961 8962 8959
f 8961 8959 8958
f 8963 8964 8962
f 8963 8962 8961
f 8801 8799 8952
f 8801 8952 8958
f 8955 8961 8958
f 8955 8958 8952
f 8957 8963 8961
f 8957 8961 8955
f 8959 8965 8966
f 8959 8966 8960
f 8962 8967 8965
f 8962 8965 8959
f 8964 8968 8967
f 8964 8967 8962
f 8746 8954 8953
f 8746 8953 8745
f 8747 8956 8954
f 8747 8954 8746
f 8799 8969 8953
f 8799 8953 8952
f 8745 8953 8969
f 8745 8969 8744
f 8796 8744 8969
f 8796 8969 8799
f 8965 8970 8971
f 8965 8971 8966
f 8967 8972 8970
f 8967 8970 8965
f 8968 8973 8972
f 8968 8972 8967
f 8972 8974 8975
f 8972 8975 8970
f 8973 8976 8974
f 8973 8974 8972
f 8970 8975 8977
f 8970 8977 8971
f 8975 8978 8979
f 8975 8979 8977
f 8974 8980 8978
f 8974 8978 8975
f 8976 8981 8980
f 8976 8980 8974
f 8982 8977 8979
f 8982 8979 8983
f 8984 8971 8977
f 8984 8977 8982
f 8985 8966 8971
f 8985 8971 8984
f 8986 8960 8966
f 8986 8966 8985
f 8802 8801 8960
f 8802 8960 8986
f 8987 8985 8984
f 8987 8984 8988
f 8989 8986 8985
f 8989 8985 8987
f 8988 8984 8982
f 8988 8982 8990
f 8990 8982 8983
f 8990 8983 8991
f 8937 8933 8992
f 8937 8992 8993
f 8933 8932 8994
f 8933 8994 8992
f 8992 8994 8995
f 8992 8995 8996
f 8932 8935 8995
f 8932 8995 8994
f 8995 8939 8940
f 8995 8940 8996
f 8996 8940 8903
f 8996 8903 8904
f 8993 8992 8996
f 8993 8996 8997
f 8993 8998 8999
f 8993 8999 8937
f 8935 8934 8939
f 8935 8939 8995
f 8997 8996 8904
f 8997 8904 8910
f 9000 8924 8937
f 9000 8937 8999
f 8929 8926 8925
f 8929 8925 9001
f 9001 8925 8924
f 9001 8924 9000
f 8843 8929 9001
f 8843 9001 8865
f 8865 9001 9000
f 8865 9000 9002
f 1207 9003 8842
f 1207 8842 8867
f 9004 9005 8927
f 9004 8927 8930
f 9003 9004 8930
f 9003 8930 8842
f 9005 9006 8928
f 9005 8928 8927
f 9006 9007 8931
f 9006 8931 8928
f 9007 9008 8936
f 9007 8936 8931
f 9008 550 2732
f 9008 2732 8936
f 8819 2263 8817
f 8819 8817 8852
f 9009 9010 9011
f 9009 9011 9012
f 9013 9014 9015
f 9013 9015 9016
f 9017 9018 9019
f 9017 9019 9020
f 4096 9021 9022
f 4096 9022 4095
f 9023 9024 9025
f 9023 9025 9026
f 9027 9028 9029
f 9027 9029 9030
f 8869 9031 9032
f 8869 9032 8870
f 9033 9034 9035
f 9033 9035 9036
f 9037 9038 9039
f 9037 9039 9040
f 9041 9042 9043
f 9041 9043 9044
f 9045 9046 9047
f 9045 9047 9048
f 9049 9050 9051
f 9049 9051 9052
f 5799 9053 9054
f 5799 9054 5810
f 9055 5803 5812
f 9055 5812 9056
f 9057 9058 9031
f 9057 9031 8869
f 9059 9031 9058
f 9059 9058 9060
f 9061 8839 8841
f 9061 8841 8864
f 9062 8835 8834
f 9062 8834 9063
f 9064 9065 8835
f 9064 8835 9062
f 9066 8817 9065
f 9066 9065 9064
f 8853 8852 8817
f 8853 8817 9066
f 9063 8834 8839
f 9063 8839 9061
f 9067 9068 9069
f 9067 9069 9070
f 9071 9072 9073
f 9071 9073 9074
f 9075 9076 9077
f 9075 9077 9078
f 9079 9080 9081
f 9079 9081 9082
f 9083 9084 9085
f 9083 9085 9086
f 9087 9088 9089
f 9087 9089 9090
f 9091 9092 9093
f 9091 9093 9094
f 9095 9096 9097
f 9095 9097 9098
f 9099 9100 9101
f 9099 9101 9102
f 9103 9104 9105
f 9103 9105 9106
f 9107 9108 9109
f 9107 9109 9110
f 9111 9112 9113
f 9111 9113 9114
f 9115 9116 9117
f 9115 9117 9118
f 9119 9023 9026
f 9119 9026 9120
f 9121 9122 9123
f 9121 9123 9124
f 9125 9126 9127
f 9125 9127 9128
f 9129 9130 9131
f 9129 9131 9132
f 9133 9129 9132
f 9133 9132 9134
f 9134 9135 9136
f 9134 9136 9133
f 9135 9137 9138
f 9135 9138 9136
f 9139 9140 9141
f 9139 9141 9142
f 9143 9144 9145
f 9143 9145 9146
f 9147 9148 9149
f 9147 9149 9150
f 9150 9151 9152
f 9150 9152 9147
f 9151 9153 9154
f 9151 9154 9152
f 9153 9155 9156
f 9153 9156 9154
f 8840 9157 8868
f 8840 8868 8866
f 8838 9158 9157
f 8838 9157 8840
f 8837 9159 9158
f 8837 9158 8838
f 2266 9059 9060
f 2266 9060 8818
f 8817 8818 9160
f 8817 9160 9065
f 9060 9161 9160
f 9060 9160 8818
f 9065 9160 8836
f 9065 8836 8835
f 9161 9162 8836
f 9161 8836 9160
f 8836 9162 9159
f 8836 9159 8837
f 9003 1207 9163
f 9003 9163 9004
f 9004 9163 9164
f 9004 9164 9005
f 9005 9164 9165
f 9005 9165 9006
f 9006 9165 9166
f 9006 9166 9007
f 9008 9007 9166
f 9008 9166 550
f 9159 9162 9161
f 9159 9161 9057
f 9158 9159 9057
f 9158 9057 8869
f 9060 9058 9057
f 9060 9057 9161
f 8869 8868 9157
f 8869 9157 9158
f 9167 9168 9169
f 9167 9169 9170
f 9171 9172 9173
f 9171 9173 9174
f 9175 9172 9171
f 9175 9171 9176
f 9169 9168 9174
f 9169 9174 9173
f 9174 9168 9167
f 9174 9167 9176
f 9174 9176 9171
f 9172 9175 9170
f 9172 9170 9169
f 9172 9169 9173
f 9176 9167 9170
f 9176 9170 9175
f 9177 9178 9179
f 9177 9179 9180
f 9181 9182 9183
f 9181 9183 9184
f 9185 9182 9181
f 9185 9181 9186
f 9187 9184 9183
f 9187 9183 9188
f 9184 9187 9178
f 9184 9178 9177
f 9184 9177 9186
f 9184 9186 9181
f 9182 9185 9180
f 9182 9180 9179
f 9182 9179 9188
f 9182 9188 9183
f 9178 9187 9188
f 9178 9188 9179
f 9186 9177 9180
f 9186 9180 9185
f 9189 9190 9191
f 9189 9191 9192
f 9193 9194 9195
f 9193 9195 9196
f 9194 9193 9192
f 9194 9192 9191
f 9190 9189 9196
f 9190 9196 9195
f 9196 9189 9192
f 9196 9192 9193
f 9194 9191 9190
f 9194 9190 9195
f 9197 9198 9199
f 9197 9199 9200
f 9201 9202 9203
f 9201 9203 9204
f 9202 9201 9200
f 9202 9200 9199
f 9198 9197 9204
f 9198 9204 9203
f 9204 9197 9200
f 9204 9200 9201
f 9202 9199 9198
f 9202 9198 9203
f 9205 9206 9207
f 9205 9207 9208
f 9209 9210 9211
f 9209 9211 9212
f 9210 9209 9208
f 9210 9208 9207
f 9206 9205 9212
f 9206 9212 9211
f 9212 9205 9208
f 9212 9208 9209
f 9210 9207 9206
f 9210 9206 9211
f 9213 9214 9220
f 9213 9220 9215
f 9213 9215 9216
f 9213 9216 9223
f 9217 9218 9219
f 9217 9219 9220
f 9217 9220 9214
f 9221 9222 9215
f 9221 9215 9220
f 9221 9220 9219
f 9213 9223 9224
f 9213 9224 9225
f 9213 9225 9226
f 9216 9227 9228
f 9216 9228 9224
f 9216 9224 9223
f 9217 9214 9213
f 9217 9213 9226
f 9218 9217 9226
f 9218 9226 9225
f 9224 9219 9218
f 9224 9218 9225
f 9228 9221 9219
f 9228 9219 9224
f 9227 9216 9215
f 9227 9215 9222
f 9227 9222 9221
f 9227 9221 9228
f 9231 9232 9233
f 9231 9233 9234
f 9235 9236 9233
f 9235 9233 9232
f 9234 9233 9236
f 9234 9236 9237
f 9238 9235 9232
f 9238 9232 9231
f 9234 9237 9238
f 9234 9238 9231
f 9239 9238 9237
f 9239 9237 9240
f 9236 9235 9241
f 9236 9241 9242
f 9236 9242 9240
f 9236 9240 9237
f 9238 9239 9241
f 9238 9241 9235
f 9240 9242 9241
f 9240 9241 9239
f 9243 9244 9245
f 9243 9245 9246
f 9247 9248 9249
f 9247 9249 9250
f 9248 9247 9246
f 9248 9246 9245
f 9244 9243 9250
f 9244 9250 9249
f 9250 9243 9246
f 9250 9246 9247
f 9248 9245 9244
f 9248 9244 9249
f 9259 9260 9261
f 9259 9261 9262
f 9263 9264 9265
f 9263 9265 9266
f 9264 9263 9262
f 9264 9262 9261
f 9260 9259 9266
f 9260 9266 9265
f 9266 9259 9262
f 9266 9262 9263
f 9264 9261 9260
f 9264 9260 9265
f 9267 9268 9269
f 9267 9269 9270
f 9271 9272 9273
f 9271 9273 9274
f 9272 9271 9270
f 9272 9270 9269
f 9268 9267 9274
f 9268 9274 9273
f 9274 9267 9270
f 9274 9270 9271
f 9272 9269 9268
f 9272 9268 9273
f 9275 9276 9277
f 9275 9277 9278
f 9279 9280 9281
f 9279 9281 9282
f 9280 9279 9276
f 9280 9276 9275
f 9278 9277 9282
f 9278 9282 9281
f 9276 9279 9282
f 9276 9282 9277
f 9280 9275 9278
f 9280 9278 9281
f 9299 9300 9301
f 9299 9301 9302
f 9303 9304 9305
f 9303 9305 9306
f 9307 9308 9302
f 9307 9302 9301
f 9300 9299 9305
f 9300 9305 9304
f 9306 9305 9299
f 9306 9299 9302
f 9306 9302 9308
f 9307 9301 9300
f 9307 9300 9304
f 9307 9304 9303
f 9306 9308 9307
f 9306 9307 9303
f 9309 9310 9311
f 9309 9311 9312
f 9313 9314 9315
f 9313 9315 9316
f 9312 9311 9316
f 9312 9316 9315
f 9310 9309 9314
f 9310 9314 9313
f 9316 9311 9310
f 9316 9310 9313
f 9314 9309 9312
f 9314 9312 9315
f 9317 9318 9319
f 9317 9319 9320
f 9321 9322 9320
f 9321 9320 9319
f 9318 9317 9323
f 9318 9323 9324
f 9323 9317 9320
f 9323 9320 9322
f 9321 9319 9318
f 9321 9318 9324
f 9323 9322 9321
f 9323 9321 9324
f 9325 9326 9327
f 9325 9327 9328
f 9325 9328 9329
f 9330 9331 9332
f 9330 9332 9333
f 9330 9333 9334
f 9329 9328 9331
f 9329 9331 9330
f 9326 9325 9334
f 9326 9334 9333
f 9327 9326 9333
f 9327 9333 9332
f 9331 9328 9327
f 9331 9327 9332
f 9334 9325 9329
f 9334 9329 9330
f 9335 9336 9337
f 9335 9337 9338
f 9339 9340 9341
f 9339 9341 9342
f 9336 9335 9341
f 9336 9341 9340
f 9337 9336 9340
f 9337 9340 9339
f 9338 9337 9339
f 9338 9339 9342
f 9341 9335 9338
f 9341 9338 9342
f 9343 9344 9345
f 9343 9345 9346
f 9347 9348 9349
f 9347 9349 9350
f 9348 9347 9346
f 9348 9346 9345
f 9344 9343 9350
f 9344 9350 9349
f 9350 9343 9346
f 9350 9346 9347
f 9348 9345 9344
f 9348 9344 9349
f 9351 9352 9353
f 9351 9353 9354
f 9355 9356 9357
f 9355 9357 9358
f 9352 9351 9358
f 9352 9358 9357
f 9354 9353 9356
f 9354 9356 9355
f 9358 9351 9354
f 9358 9354 9355
f 9356 9353 9352
f 9356 9352 9357
f 9359 9360 9361
f 9359 9361 9362
f 9363 9364 9365
f 9363 9365 9366
f 9364 9363 9362
f 9364 9362 9361
f 9360 9359 9366
f 9360 9366 9365
f 9366 9359 9362
f 9366 9362 9363
f 9364 9361 9360
f 9364 9360 9365
f 9367 9368 9369
f 9367 9369 9370
f 9371 9372 9373
f 9371 9373 9374
f 9372 9371 9368
f 9372 9368 9367
f 9370 9369 9374
f 9370 9374 9373
f 9370 9373 9372
f 9370 9372 9367
f 9368 9371 9374
f 9368 9374 9369
f 9375 9376 9377
f 9375 9377 9378
f 9379 9378 9377
f 9379 9377 9380
f 9381 9376 9375
f 9381 9375 9382
f 9378 9379 9382
f 9378 9382 9375
f 9380 9377 9376
f 9380 9376 9381
f 9382 9379 9380
f 9382 9380 9381
f 9383 9384 9385
f 9383 9385 9386
f 9387 9388 9389
f 9387 9389 9390
f 9384 9383 9388
f 9384 9388 9387
f 9386 9385 9390
f 9386 9390 9389
f 9388 9383 9386
f 9388 9386 9389
f 9390 9385 9384
f 9390 9384 9387
f 9391 9392 9393
f 9391 9393 9394
f 9395 9396 9397
f 9395 9397 9398
f 9394 9393 9398
f 9394 9398 9397
f 9392 9391 9396
f 9392 9396 9395
f 9396 9391 9394
f 9396 9394 9397
f 9398 9393 9392
f 9398 9392 9395
f 9399 9400 9401
f 9399 9401 9402
f 9403 9404 9402
f 9403 9402 9401
f 9403 9401 9405
f 9403 9405 9406
f 9400 9399 9407
f 9400 9407 9408
f 9409 9400 9408
f 9409 9408 9410
f 9407 9404 9403
f 9407 9403 9408
f 9402 9404 9407
f 9402 9407 9399
f 9405 9401 9400
f 9405 9400 9409
f 9406 9405 9409
f 9406 9409 9410
f 9408 9403 9406
f 9408 9406 9410
f 9411 9412 9413
f 9411 9413 9414
f 9415 9416 9417
f 9415 9417 9418
f 9416 9415 9414
f 9416 9414 9413
f 9412 9411 9418
f 9412 9418 9417
f 9418 9411 9414
f 9418 9414 9415
f 9416 9413 9412
f 9416 9412 9417
f 9419 9420 9421
f 9419 9421 9422
f 9423 9424 9425
f 9423 9425 9426
f 9424 9423 9422
f 9424 9422 9421
f 9420 9419 9426
f 9420 9426 9425
f 9426 9419 9422
f 9426 9422 9423
f 9424 9421 9420
f 9424 9420 9425
f 9427 9428 9429
f 9427 9429 9430
f 9431 9432 9433
f 9431 9433 9434
f 9432 9431 9430
f 9432 9430 9429
f 9428 9427 9434
f 9428 9434 9433
f 9434 9427 9430
f 9434 9430 9431
f 9432 9429 9428
f 9432 9428 9433
f 9435 9436 9437
f 9435 9437 9438
f 9439 9440 9441
f 9439 9441 9442
f 9441 9440 9438
f 9441 9438 9437
f 9439 9435 9438
f 9439 9438 9440
f 9441 9437 9436
f 9441 9436 9442
f 9435 9439 9442
f 9435 9442 9436
f 9443 9444 9445
f 9443 9445 9446
f 9447 9448 9449
f 9447 9449 9450
f 9449 9448 9446
f 9449 9446 9445
f 9447 9443 9446
f 9447 9446 9448
f 9449 9445 9444
f 9449 9444 9450
f 9443 9447 9450
f 9443 9450 9444
f 9451 9452 9453
f 9451 9453 9454
f 9455 9456 9457
f 9455 9457 9458
f 9456 9455 9454
f 9456 9454 9453
f 9452 9451 9458
f 9452 9458 9457
f 9458 9451 9454
f 9458 9454 9455
f 9456 9453 9452
f 9456 9452 9457
f 9459 9460 9461
f 9459 9461 9462
f 9463 9464 9465
f 9463 9465 9466
f 9464 9463 9462
f 9464 9462 9461
f 9460 9459 9466
f 9460 9466 9465
f 9466 9459 9462
f 9466 9462 9463
f 9464 9461 9460
f 9464 9460 9465
f 9467 9468 9469
f 9467 9469 9470
f 9471 9472 9473
f 9471 9473 9474
f 9472 9471 9470
f 9472 9470 9469
f 9468 9467 9474
f 9468 9474 9473
f 9474 9467 9470
f 9474 9470 9471
f 9472 9469 9468
f 9472 9468 9473
f 9475 9476 9477
f 9475 9477 9478
f 9479 9480 9481
f 9479 9481 9482
f 9480 9479 9478
f 9480 9478 9477
f 9476 9475 9482
f 9476 9482 9481
f 9482 9475 9478
f 9482 9478 9479
f 9480 9477 9476
f 9480 9476 9481
f 9483 9484 9485
f 9483 9485 9486
f 9487 9488 9489
f 9487 9489 9490
f 9484 9483 9490
f 9484 9490 9489
f 9486 9485 9488
f 9486 9488 9487
f 9490 9483 9486
f 9490 9486 9487
f 9488 9485 9484
f 9488 9484 9489
f 9491 9492 9493
f 9491 9493 9494
f 9495 9496 9497
f 9495 9497 9498
f 9492 9491 9498
f 9492 9498 9497
f 9494 9493 9496
f 9494 9496 9495
f 9498 9491 9494
f 9498 9494 9495
f 9496 9493 9492
f 9496 9492 9497
f 9499 9500 9501
f 9499 9501 9502
f 9499 9502 9503
f 9504 9505 9506
f 9504 9506 9507
f 9504 9507 9508
f 9501 9500 9507
f 9501 9507 9506
f 9507 9500 9499
f 9507 9499 9508
f 9503 9502 9505
f 9503 9505 9504
f 9508 9499 9503
f 9508 9503 9504
f 9505 9502 9501
f 9505 9501 9506
f 9509 9510 9511
f 9509 9511 9512
f 9509 9512 9513
f 9514 9515 9516
f 9514 9516 9517
f 9514 9517 9518
f 9510 9509 9518
f 9510 9518 9517
f 9511 9510 9517
f 9511 9517 9516
f 9513 9512 9515
f 9513 9515 9514
f 9518 9509 9513
f 9518 9513 9514
f 9515 9512 9511
f 9515 9511 9516
f 9519 9520 9521
f 9519 9521 9522
f 9519 9522 9523
f 9524 9525 9526
f 9524 9526 9527
f 9524 9527 9528
f 9520 9519 9528
f 9520 9528 9527
f 9521 9520 9527
f 9521 9527 9526
f 9523 9522 9525
f 9523 9525 9524
f 9528 9519 9523
f 9528 9523 9524
f 9525 9522 9521
f 9525 9521 9526
f 9529 9530 9531
f 9529 9531 9532
f 9533 9534 9535
f 9533 9535 9536
f 9534 9533 9532
f 9534 9532 9531
f 9530 9529 9536
f 9530 9536 9535
f 9536 9529 9532
f 9536 9532 9533
f 9534 9531 9530
f 9534 9530 9535
f 9537 9538 9539
f 9537 9539 9540
f 9541 9542 9543
f 9541 9543 9544
f 9542 9541 9540
f 9542 9540 9539
f 9538 9537 9544
f 9538 9544 9543
f 9544 9537 9540
f 9544 9540 9541
f 9542 9539 9538
f 9542 9538 9543
f 9545 9546 9547
f 9545 9547 9548
f 9549 9550 9551
f 9549 9551 9552
f 9550 9549 9548
f 9550 9548 9547
f 9546 9545 9552
f 9546 9552 9551
f 9552 9545 9548
f 9552 9548 9549
f 9550 9547 9546
f 9550 9546 9551
f 9553 9554 9555
f 9553 9555 9556
f 9557 9558 9559
f 9557 9559 9560
f 9558 9557 9556
f 9558 9556 9555
f 9554 9553 9560
f 9554 9560 9559
f 9560 9553 9556
f 9560 9556 9557
f 9558 9555 9554
f 9558 9554 9559
f 9561 9562 9563
f 9561 9563 9564
f 9565 9566 9567
f 9565 9567 9568
f 9564 9563 9566
f 9564 9566 9565
f 9562 9561 9568
f 9562 9568 9567
f 9568 9561 9564
f 9568 9564 9565
f 9566 9563 9562
f 9566 9562 9567
f 9569 9570 9571
f 9569 9571 9572
f 9573 9574 9575
f 9573 9575 9576
f 9570 9569 9576
f 9570 9576 9575
f 9572 9571 9574
f 9572 9574 9573
f 9576 9569 9572
f 9576 9572 9573
f 9574 9571 9570
f 9574 9570 9575
f 9584 9577 9580
f 9584 9580 9581
f 9592 9586 9585
f 9592 9585 9589
f 9600 9593 9596
f 9600 9596 9597
f 9602 9605 9608
f 9602 9608 9603
f 9616 9609 9612
f 9616 9612 9613
f 9622 9617 9620
f 9622 9620 9623
f 9626 9629 9632
f 9626 9632 9627
f 9638 9633 9636
f 9638 9636 9639
f 9644 9645 9648
f 9644 9648 9641
f 9655 9654 9653
f 9655 9653 9656
f 9664 9657 9660
f 9664 9660 9661
f 9672 9665 9668
f 9672 9668 9669
f 9679 9677 9678
f 9679 9678 9680
f 9687 9685 9686
f 9687 9686 9688
f 9692 9693 9696
f 9692 9696 9689
f 9700 9701 9704
f 9700 9704 9697
f 9708 9709 9712
f 9708 9712 9705
f 9713 9717 9720
f 9713 9720 9714
f 9727 9721 9724
f 9727 9724 9728
f 9736 9729 9732
f 9736 9732 9733
f 9743 9741 9742
f 9743 9742 9744
f 9752 9745 9748
f 9752 9748 9749
f 9760 9753 9756
f 9760 9756 9757
f 9768 9761 9764
f 9768 9764 9765
f 9775 9769 9772
f 9775 9772 9776
f 9783 9781 9782
f 9783 9782 9784
f 9785 9789 9792
f 9785 9792 9786
f 9796 9797 9800
f 9796 9800 9793
f 9807 9806 9805
f 9807 9805 9808
f 9815 9809 9812
f 9815 9812 9816
f 9824 9817 9820
f 9824 9820 9821
f 9831 9825 9828
f 9831 9828 9832
f 9839 9833 9836
f 9839 9836 9840
f 9848 9841 9844
f 9848 9844 9845
f 9855 9849 9852
f 9855 9852 9856
f 9864 9858 9857
f 9864 9857 9861
f 9872 9865 9868
f 9872 9868 9869
f 9874 9877 9880
f 9874 9880 9875
f 9881 9885 9888
f 9881 9888 9882
f 9892 9893 9896
f 9892 9896 9889
f 9900 9901 9904
f 9900 9904 9897
f 9910 9905 9908
f 9910 9908 9911
f 9919 9918 9917
f 9919 9917 9920
f 9927 9925 9926
f 9927 9926 9928
f 9935 9934 9933
f 9935 9933 9936
f 9937 9941 9944
f 9937 9944 9938
f 9950 9947 9946
f 9950 9946 9951
f 9958 9955 9954
f 9958 9954 9959
f 9966 9963 9962
f 9966 9962 9967
f 9976 9969 9972
f 9976 9972 9973
f 9984 9977 9980
f 9984 9980 9981
f 9986 9989 9992
f 9986 9992 9987
f 9994 9997 10000
f 9994 10000 9995
f 10008 10003 10002
f 10008 10002 10005
f 10016 10009 10012
f 10016 10012 10013
f 10018 10021 10024
f 10018 10024 10019
f 10026 10029 10032
f 10026 10032 10027
f 10040 10033 10036
f 10040 10036 10037
f 10048 10041 10044
f 10048 10044 10045
f 10056 10051 10050
f 10056 10050 10053
f 10062 10059 10058
f 10062 10058 10063
f 10070 10067 10066
f 10070 10066 10071
f 10074 10077 10080
f 10074 10080 10075
f 10084 10085 10088
f 10084 10088 10081
f 10095 10093 10094
f 10095 10094 10096
f 10103 10101 10102
f 10103 10102 10104
f 10111 10110 10109
f 10111 10109 10112
f 10116 10117 10120
f 10116 10120 10113
f 10124 10125 10128
f 10124 10128 10121
f 10132 10133 10136
f 10132 10136 10129
f 10137 10141 10144
f 10137 10144 10138
f 10150 10145 10148
f 10150 10148 10151
f 10160 10153 10156
f 10160 10156 10157
f 10168 10161 10164
f 10168 10164 10165
f 10176 10169 10172
f 10176 10172 10173
f 10184 10177 10180
f 10184 10180 10181
f 10192 10185 10188
f 10192 10188 10189
f 10199 10193 10196
f 10199 10196 10200
f 10207 10206 10205
f 10207 10205 10208
f 10212 10213 10216
f 10212 10216 10209
f 10217 10221 10224
f 10217 10224 10218
f 10231 10229 10230
f 10231 10230 10232
f 10239 10237 10238
f 10239 10238 10240
f 10247 10246 10245
f 10247 10245 10248
f 10256 10249 10252
f 10256 10252 10253
f 10264 10257 10260
f 10264 10260 10261
f 10272 10265 10268
f 10272 10268 10269
f 10280 10273 10276
f 10280 10276 10277
f 10288 10281 10284
f 10288 10284 10285
f 10295 10289 10292
f 10295 10292 10296
f 10297 10301 10304
f 10297 10304 10298
f 10305 10309 10312
f 10305 10312 10306
f 10314 10317 10320
f 10314 10320 10315
f 10327 10326 10325
f 10327 10325 10328
f 10335 10334 10333
f 10335 10333 10336
f 10344 10337 10340
f 10344 10340 10341
f 10352 10345 10348
f 10352 10348 10349
f 10359 10357 10358
f 10359 10358 10360
f 10367 10365 10366
f 10367 10366 10368
f 10370 10373 10376
f 10370 10376 10371
f 10378 10381 10384
f 10378 10384 10379
f 10390 10385 10388
f 10390 10388 10391
f 10394 10397 10400
f 10394 10400 10395
f 10402 10405 10408
f 10402 10408 10403
f 10416 10409 10412
f 10416 10412 10413
f 10424 10418 10417
f 10424 10417 10421
f 10432 10425 10428
f 10432 10428 10429
f 10434 10437 10440
f 10434 10440 10435
f 10447 10445 10446
f 10447 10446 10448
f 10452 10453 10456
f 10452 10456 10449
f 10473 10474 10475
f 10473 10475 10476
f 10477 10478 10479
f 10477 10479 10480
f 10474 10473 10480
f 10474 10480 10479
f 10476 10475 10478
f 10476 10478 10477
f 10480 10473 10476
f 10480 10476 10477
f 10478 10475 10474
f 10478 10474 10479
f 10481 10482 10483
f 10481 10483 10484
f 10485 10486 10487
f 10485 10487 10488
f 10482 10481 10488
f 10482 10488 10487
f 10484 10483 10486
f 10484 10486 10485
f 10488 10481 10484
f 10488 10484 10485
f 10486 10483 10482
f 10486 10482 10487
f 10489 10490 10491
f 10489 10491 10492
f 10489 10492 10493
f 10494 10495 10496
f 10494 10496 10497
f 10494 10497 10498
f 10490 10489 10498
f 10490 10498 10497
f 10491 10490 10497
f 10491 10497 10496
f 10493 10492 10495
f 10493 10495 10494
f 10498 10489 10493
f 10498 10493 10494
f 10495 10492 10491
f 10495 10491 10496
f 10504 10499 10502
f 10504 10502 10505
f 10508 10511 10514
f 10508 10514 10509
f 10516 10519 10522
f 10516 10522 10517
f 10529 10523 10526
f 10529 10526 10530
f 10538 10531 10534
f 10538 10534 10535
f 10545 10539 10542
f 10545 10542 10546
f 10554 10547 10550
f 10554 10550 10551
f 10555 10559 10562
f 10555 10562 10556
f 10563 10564 10565
f 10563 10565 10566
f 10567 10568 10569
f 10567 10569 10570
f 10566 10565 10570
f 10566 10570 10569
f 10563 10566 10569
f 10563 10569 10568
f 10564 10563 10568
f 10564 10568 10567
f 10570 10565 10564
f 10570 10564 10567
f 10571 10572 10573
f 10571 10573 10574
f 10575 10576 10577
f 10575 10577 10578
f 10576 10575 10574
f 10576 10574 10573
f 10572 10571 10578
f 10572 10578 10577
f 10578 10571 10574
f 10578 10574 10575
f 10576 10573 10572
f 10576 10572 10577
f 10619 10620 10621
f 10619 10621 10622
f 10623 10624 10625
f 10623 10625 10626
f 10624 10623 10622
f 10624 10622 10621
f 10620 10619 10626
f 10620 10626 10625
f 10626 10619 10622
f 10626 10622 10623
f 10624 10621 10620
f 10624 10620 10625
f 10627 10628 10629
f 10627 10629 10630
f 10631 10632 10633
f 10631 10633 10634
f 10628 10627 10634
f 10628 10634 10633
f 10630 10629 10632
f 10630 10632 10631
f 10634 10627 10630
f 10634 10630 10631
f 10632 10629 10628
f 10632 10628 10633
f 10635 10636 10637
f 10635 10637 10638
f 10639 10640 10641
f 10639 10641 10642
f 10640 10639 10638
f 10640 10638 10637
f 10636 10635 10642
f 10636 10642 10641
f 10642 10635 10638
f 10642 10638 10639
f 10640 10637 10636
f 10640 10636 10641
f 10643 10644 10645
f 10643 10645 10646
f 10647 10648 10649
f 10647 10649 10650
f 10648 10647 10646
f 10648 10646 10645
f 10644 10643 10650
f 10644 10650 10649
f 10650 10643 10646
f 10650 10646 10647
f 10648 10645 10644
f 10648 10644 10649
f 10658 10651 10654
f 10658 10654 10655
f 10665 10664 10663
f 10665 10663 10666
f 10667 10671 10674
f 10667 10674 10668
f 10675 10676 10677
f 10675 10677 10678
f 10679 10680 10681
f 10679 10681 10682
f 10680 10679 10678
f 10680 10678 10677
f 10676 10675 10682
f 10676 10682 10681
f 10682 10675 10678
f 10682 10678 10679
f 10680 10677 10676
f 10680 10676 10681
f 10683 10684 10685
f 10683 10685 10686
f 10687 10688 10689
f 10687 10689 10690
f 10688 10687 10686
f 10688 10686 10685
f 10684 10683 10690
f 10684 10690 10689
f 10690 10683 10686
f 10690 10686 10687
f 10688 10685 10684
f 10688 10684 10689
f 10691 10692 10693
f 10691 10693 10694
f 10695 10696 10697
f 10695 10697 10698
f 10696 10695 10694
f 10696 10694 10693
f 10692 10691 10698
f 10692 10698 10697
f 10698 10691 10694
f 10698 10694 10695
f 10696 10693 10692
f 10696 10692 10697
f 10700 10699 10706
f 10700 10706 10705
f 10707 10708 10709
f 10707 10709 10710
f 10711 10712 10713
f 10711 10713 10714
f 10708 10707 10713
f 10708 10713 10712
f 10709 10708 10712
f 10709 10712 10711
f 10710 10709 10711
f 10710 10711 10714
f 10713 10707 10710
f 10713 10710 10714
f 10726 10727 10730
f 10726 10730 10723
f 10731 10732 10733
f 10731 10733 10734
f 10735 10736 10737
f 10735 10737 10738
f 10732 10731 10737
f 10732 10737 10736
f 10733 10732 10736
f 10733 10736 10735
f 10734 10733 10735
f 10734 10735 10738
f 10737 10731 10734
f 10737 10734 10738
f 10739 10740 10741
f 10740 10742 10741
f 10741 10742 10743
f 10741 10743 10744
f 10742 10745 10743
f 10739 10741 10744
f 10739 10744 10746
f 10747 10739 10746
f 10743 10745 10748
f 10743 10748 10749
f 10745 10750 10748
f 10744 10743 10749
f 10744 10749 10751
f 10746 10744 10751
f 10746 10751 10752
f 10747 10746 10752
f 10747 10752 10753
f 10754 10747 10753
f 10748 10750 10755
f 10748 10755 10756
f 10750 10757 10755
f 10749 10748 10756
f 10749 10756 10758
f 10751 10749 10758
f 10751 10758 10759
f 10752 10751 10759
f 10752 10759 10760
f 10753 10752 10760
f 10753 10760 10761
f 10754 10753 10761
f 10754 10761 10762
f 10763 10754 10762
f 10755 10757 10764
f 10755 10764 10765
f 10757 10766 10767
f 10757 10767 10764
f 10756 10755 10765
f 10756 10765 10768
f 10758 10756 10768
f 10758 10768 10769
f 10759 10758 10769
f 10759 10769 10770
f 10760 10759 10770
f 10760 10770 10771
f 10761 10760 10771
f 10761 10771 10772
f 10762 10761 10772
f 10762 10772 10773
f 10763 10762 10773
f 10763 10773 10774
f 10775 10763 10774
f 10765 10764 10776
f 10765 10776 11047
f 10765 11047 10777
f 10765 10777 10778
f 10764 10767 10776
f 10768 10765 10778
f 10768 10778 10779
f 10769 10768 10779
f 10769 10779 10780
f 10770 10769 10780
f 10770 10780 10781
f 10771 10770 10781
f 10771 10781 10782
f 10772 10771 10782
f 10772 10782 10783
f 10773 10772 10783
f 10773 10783 10784
f 10774 10773 10784
f 10774 10784 10785
f 10775 10774 10785
f 10775 10785 10786
f 10787 10775 10786
f 10779 10778 10788
f 10779 10788 11045
f 10779 11045 10789
f 10779 10789 10790
f 10778 10777 10788
f 10780 10779 10790
f 10780 10790 10791
f 10781 10780 10791
f 10781 10791 10792
f 10782 10781 10792
f 10782 10792 10793
f 10783 10782 10793
f 10783 10793 10794
f 10784 10783 10794
f 10784 10794 10795
f 10785 10784 10795
f 10785 10795 10796
f 10786 10785 10796
f 10786 10796 10797
f 10787 10786 10797
f 10787 10797 10798
f 10799 10787 10798
f 10791 10790 10800
f 10791 10800 11043
f 10791 11043 10801
f 10791 10801 10802
f 10790 10789 10800
f 10792 10791 10802
f 10792 10802 10803
f 10793 10792 10803
f 10793 10803 10804
f 10794 10793 10804
f 10794 10804 10805
f 10795 10794 10805
f 10795 10805 10806
f 10796 10795 10806
f 10796 10806 10807
f 10797 10796 10807
f 10797 10807 10808
f 10798 10797 10808
f 10798 10808 10809
f 10799 10798 10809
f 10799 10809 10810
f 10811 10799 10810
f 10803 10802 10812
f 10803 10812 11041
f 10803 11041 10813
f 10803 10813 10814
f 10802 10801 10812
f 10804 10803 10814
f 10804 10814 10815
f 10805 10804 10815
f 10805 10815 10816
f 10806 10805 10816
f 10806 10816 10817
f 10807 10806 10817
f 10807 10817 10818
f 10808 10807 10818
f 10808 10818 10819
f 10809 10808 10819
f 10809 10819 10820
f 10810 10809 10820
f 10810 10820 10821
f 10811 10810 10821
f 10811 10821 10822
f 10823 10811 10822
f 10815 10814 10824
f 10815 10824 11039
f 10815 11039 10825
f 10815 10825 10837
f 10815 10837 10826
f 10814 10813 10824
f 10816 10815 10826
f 10816 10826 10836
f 10816 10836 10827
f 10817 10816 10827
f 10817 10827 10841
f 10817 10841 10828
f 10818 10817 10828
f 10818 10828 10843
f 10818 10843 10829
f 10819 10818 10829
f 10819 10829 10845
f 10819 10845 10830
f 10820 10819 10830
f 10820 10830 10847
f 10820 10847 10831
f 10821 10820 10831
f 10821 10831 10849
f 10821 10849 10832
f 10822 10821 10832
f 10822 10832 10851
f 10822 10851 10833
f 10823 10822 10833
f 10823 10833 10853
f 10823 10853 10834
f 10823 10834 10855
f 10823 10855 10835
f 10840 10836 10826
f 10840 10826 10837
f 10840 10837 10838
f 10840 10838 11037
f 10840 11037 10839
f 10837 10825 10838
f 10841 10827 10836
f 10841 10836 10840
f 10841 10840 10860
f 10841 10860 10842
f 10843 10828 10841
f 10843 10841 10842
f 10843 10842 10859
f 10843 10859 10844
f 10845 10829 10843
f 10845 10843 10844
f 10845 10844 10864
f 10845 10864 10846
f 10847 10830 10845
f 10847 10845 10846
f 10847 10846 10866
f 10847 10866 10848
f 10849 10831 10847
f 10849 10847 10848
f 10849 10848 10868
f 10849 10868 10850
f 10851 10832 10849
f 10851 10849 10850
f 10851 10850 10870
f 10851 10870 10852
f 10853 10833 10851
f 10853 10851 10852
f 10853 10852 10873
f 10853 10873 10854
f 10855 10834 10853
f 10855 10853 10854
f 10855 10854 10875
f 10855 10875 10856
f 10835 10855 10856
f 10835 10856 10857
f 10835 10857 11049
f 10835 11049 10858
f 10861 10862 10863
f 10861 10863 10859
f 10861 10859 10842
f 10861 10842 10860
f 10860 10840 10839
f 10860 10839 11035
f 10860 11035 10861
f 10863 10865 10864
f 10863 10864 10844
f 10863 10844 10859
f 10865 10867 10866
f 10865 10866 10846
f 10865 10846 10864
f 10867 10869 10868
f 10867 10868 10848
f 10867 10848 10866
f 10869 10871 10870
f 10869 10870 10850
f 10869 10850 10868
f 10872 10873 10852
f 10872 10852 10870
f 10872 10870 10871
f 10872 11053 10874
f 10872 10874 10875
f 10872 10875 10854
f 10872 10854 10873
f 10874 11050 10857
f 10874 10857 10856
f 10874 10856 10875
f 10865 10863 10876
f 10865 10876 10877
f 10865 10877 10878
f 10863 10862 11032
f 10863 11032 10876
f 10867 10865 10878
f 10867 10878 10879
f 10880 10869 10867
f 10880 10867 10879
f 10871 10869 10880
f 10871 10880 11057
f 10871 11057 10881
f 10871 10881 11055
f 10871 11055 10872
f 10882 10883 10879
f 10882 10879 10878
f 10882 10878 10884
f 10878 10877 11031
f 10878 11031 10884
f 10879 10883 11059
f 10879 11059 10880
f 10885 10886 10887
f 10888 10885 10887
f 10888 10887 10889
f 10888 10889 10890
f 10891 10888 10890
f 10887 10886 10892
f 10887 10892 10889
f 10886 10893 10892
f 10891 10890 10894
f 10891 10894 10895
f 10896 10891 10895
f 10890 10889 10897
f 10890 10897 10894
f 10889 10892 10898
f 10889 10898 10897
f 10892 10893 10899
f 10892 10899 10898
f 10893 10900 10899
f 10896 10895 10901
f 10896 10901 10902
f 10903 10896 10902
f 10895 10894 10904
f 10895 10904 10901
f 10894 10897 10905
f 10894 10905 10904
f 10897 10898 10906
f 10897 10906 10905
f 10898 10899 10907
f 10898 10907 10906
f 10899 10900 10908
f 10899 10908 10907
f 10900 10909 10908
f 10903 10902 10910
f 10903 10910 10911
f 10912 10913 10903
f 10912 10903 10911
f 10902 10901 10914
f 10902 10914 10910
f 10901 10904 10915
f 10901 10915 10914
f 10904 10905 10916
f 10904 10916 10915
f 10905 10906 10917
f 10905 10917 10916
f 10906 10907 10918
f 10906 10918 10917
f 10907 10908 10919
f 10907 10919 10918
f 10908 10909 10920
f 10908 10920 10919
f 10909 10921 10920
f 10911 10910 10924
f 10911 10924 10922
f 10911 10922 11048
f 10911 11048 10923
f 10923 10912 10911
f 10910 10914 10925
f 10910 10925 10924
f 10914 10915 10926
f 10914 10926 10925
f 10915 10916 10927
f 10915 10927 10926
f 10916 10917 10928
f 10916 10928 10927
f 10917 10918 10929
f 10917 10929 10928
f 10918 10919 10930
f 10918 10930 10929
f 10919 10920 10931
f 10919 10931 10930
f 10920 10921 10932
f 10920 10932 10931
f 10921 10933 10932
f 10924 10925 10936
f 10924 10936 10934
f 10924 10934 11046
f 10924 11046 10935
f 10935 10922 10924
f 10925 10926 10937
f 10925 10937 10936
f 10926 10927 10938
f 10926 10938 10937
f 10927 10928 10939
f 10927 10939 10938
f 10928 10929 10940
f 10928 10940 10939
f 10929 10930 10941
f 10929 10941 10940
f 10930 10931 10942
f 10930 10942 10941
f 10931 10932 10943
f 10931 10943 10942
f 10932 10933 10944
f 10932 10944 10943
f 10933 10945 10944
f 10936 10937 10948
f 10936 10948 10946
f 10936 10946 11044
f 10936 11044 10947
f 10947 10934 10936
f 10937 10938 10949
f 10937 10949 10948
f 10938 10939 10950
f 10938 10950 10949
f 10939 10940 10951
f 10939 10951 10950
f 10940 10941 10952
f 10940 10952 10951
f 10941 10942 10953
f 10941 10953 10952
f 10942 10943 10954
f 10942 10954 10953
f 10943 10944 10955
f 10943 10955 10954
f 10944 10945 10956
f 10944 10956 10955
f 10945 10957 10956
f 10948 10949 10960
f 10948 10960 10958
f 10948 10958 11042
f 10948 11042 10959
f 10959 10946 10948
f 10949 10950 10961
f 10949 10961 10960
f 10950 10951 10962
f 10950 10962 10961
f 10951 10952 10963
f 10951 10963 10962
f 10952 10953 10964
f 10952 10964 10963
f 10953 10954 10965
f 10953 10965 10964
f 10954 10955 10966
f 10954 10966 10965
f 10955 10956 10967
f 10955 10967 10966
f 10956 10957 10968
f 10956 10968 10967
f 10957 10969 10968
f 10960 10961 10972
f 10960 10972 10984
f 10960 10984 10970
f 10960 10970 11040
f 10960 11040 10971
f 10971 10958 10960
f 10961 10962 10973
f 10961 10973 10985
f 10961 10985 10972
f 10962 10963 10974
f 10962 10974 10987
f 10962 10987 10973
f 10963 10964 10975
f 10963 10975 10989
f 10963 10989 10974
f 10964 10965 10976
f 10964 10976 10991
f 10964 10991 10975
f 10965 10966 10977
f 10965 10977 10993
f 10965 10993 10976
f 10966 10967 10978
f 10966 10978 10995
f 10966 10995 10977
f 10967 10968 10979
f 10967 10979 10997
f 10967 10997 10978
f 10968 10969 10980
f 10968 10980 10999
f 10968 10999 10979
f 10969 10981 11001
f 10969 11001 10980
f 10986 10982 11038
f 10986 11038 10983
f 10986 10983 10984
f 10986 10984 10972
f 10986 10972 10985
f 10983 10970 10984
f 10985 10973 10987
f 10985 10987 10988
f 10985 10988 11007
f 10985 11007 10986
f 10987 10974 10989
f 10987 10989 10990
f 10987 10990 11008
f 10987 11008 10988
f 10989 10975 10991
f 10989 10991 10992
f 10989 10992 11010
f 10989 11010 10990
f 10991 10976 10993
f 10991 10993 10994
f 10991 10994 11012
f 10991 11012 10992
f 10993 10977 10995
f 10993 10995 10996
f 10993 10996 11014
f 10993 11014 10994
f 10995 10978 10997
f 10995 10997 10998
f 10995 10998 11016
f 10995 11016 10996
f 10997 10979 10999
f 10997 10999 11000
f 10997 11000 11018
f 10997 11018 10998
f 10999 10980 11001
f 10999 11001 11002
f 10999 11002 11020
f 10999 11020 11000
f 11001 10981 11003
f 11001 11003 11052
f 11001 11052 11004
f 11001 11004 11002
f 11005 11006 11007
f 11005 11007 10988
f 11005 10988 11008
f 11005 11008 11009
f 11006 11036 10982
f 11006 10982 10986
f 11006 10986 11007
f 11011 11009 11008
f 11011 11008 10990
f 11011 10990 11010
f 11013 11011 11010
f 11013 11010 10992
f 11013 10992 11012
f 11015 11013 11012
f 11015 11012 10994
f 11015 10994 11014
f 11017 11015 11014
f 11017 11014 10996
f 11017 10996 11016
f 11019 11017 11016
f 11019 11016 10998
f 11019 10998 11018
f 11018 11000 11020
f 11018 11020 11021
f 11018 11021 11054
f 11018 11054 11019
f 11020 11002 11004
f 11020 11004 11051
f 11020 11051 11021
f 11022 11023 11009
f 11022 11009 11011
f 11022 11011 11024
f 11009 11023 11033
f 11009 11033 11005
f 11011 11013 11025
f 11011 11025 11024
f 11013 11015 11026
f 11013 11026 11025
f 11015 11017 11027
f 11015 11027 11058
f 11015 11058 11026
f 11017 11019 11056
f 11017 11056 11027
f 11028 11029 11024
f 11028 11024 11025
f 11028 11025 11030
f 11024 11029 11034
f 11024 11034 11022
f 11025 11026 11060
f 11025 11060 11030
f 10896 10903 10757
f 10896 10757 10750
f 10903 10913 10766
f 10903 10766 10757
f 10891 10896 10750
f 10891 10750 10745
f 10888 10891 10745
f 10888 10745 10742
f 10885 10888 10742
f 10885 10742 10740
f 10981 10969 10823
f 10981 10823 10835
f 11003 10981 10835
f 11003 10835 10858
f 10969 10957 10811
f 10969 10811 10823
f 10957 10945 10799
f 10957 10799 10811
f 10945 10933 10787
f 10945 10787 10799
f 10933 10921 10775
f 10933 10775 10787
f 10921 10909 10763
f 10921 10763 10775
f 10909 10900 10754
f 10909 10754 10763
f 10900 10893 10747
f 10900 10747 10754
f 10893 10886 10739
f 10893 10739 10747
f 10886 10885 10740
f 10886 10740 10739
f 11031 10877 10876
f 11031 10876 11032
f 11031 11032 11033
f 11031 11033 11023
f 11031 11023 11022
f 11031 11022 11034
f 11028 10882 10884
f 11028 10884 11031
f 11028 11031 11034
f 11028 11034 11029
f 11032 10862 10861
f 11032 10861 11035
f 11032 11035 11036
f 11032 11036 11006
f 11032 11006 11005
f 11032 11005 11033
f 11035 10839 11037
f 11035 11037 11038
f 11035 11038 10982
f 11035 10982 11036
f 11037 10838 10825
f 11037 10825 11039
f 11037 11039 11040
f 11037 11040 10970
f 11037 10970 10983
f 11037 10983 11038
f 11039 10824 10813
f 11039 10813 11041
f 11039 11041 11042
f 11039 11042 10958
f 11039 10958 10971
f 11039 10971 11040
f 11041 10812 10801
f 11041 10801 11043
f 11041 11043 11044
f 11041 11044 10946
f 11041 10946 10959
f 11041 10959 11042
f 11043 10800 10789
f 11043 10789 11045
f 11043 11045 11046
f 11043 11046 10934
f 11043 10934 10947
f 11043 10947 11044
f 11045 10788 10777
f 11045 10777 11047
f 11045 11047 11048
f 11045 11048 10922
f 11045 10922 10935
f 11045 10935 11046
f 11047 10776 10767
f 11047 10767 10766
f 11047 10766 10913
f 11047 10913 10912
f 11047 10912 10923
f 11047 10923 11048
f 11049 10857 11050
f 11049 11050 11051
f 11049 11051 11004
f 11049 11004 11052
f 11003 10858 11049
f 11003 11049 11052
f 11050 10874 11053
f 11050 11053 11054
f 11050 11054 11021
f 11050 11021 11051
f 11053 10872 11055
f 11053 11055 11056
f 11053 11056 11019
f 11053 11019 11054
f 11055 10881 11057
f 11055 11057 11058
f 11055 11058 11027
f 11055 11027 11056
f 11057 10880 11059
f 11057 11059 11060
f 11057 11060 11026
f 11057 11026 11058
f 11059 10883 10882
f 11059 10882 11028
f 11059 11028 11030
f 11059 11030 11060
f 11323 11324 11325
f 11323 11325 11326
f 11327 11328 11329
f 11327 11329 11330
f 11328 11327 11326
f 11328 11326 11325
f 11324 11323 11330
f 11324 11330 11329
f 11330 11323 11326
f 11330 11326 11327
f 11328 11325 11324
f 11328 11324 11329
f 11331 11332 11333
f 11331 11333 11334
f 11335 11336 11337
f 11335 11337 11338
f 11336 11335 11332
f 11336 11332 11331
f 11334 11333 11338
f 11334 11338 11337
f 11332 11335 11338
f 11332 11338 11333
f 11336 11331 11334
f 11336 11334 11337
f 11339 11340 11341
f 11339 11341 11342
f 11343 11344 11345
f 11343 11345 11346
f 11344 11343 11342
f 11344 11342 11341
f 11340 11339 11346
f 11340 11346 11345
f 11346 11339 11342
f 11346 11342 11343
f 11344 11341 11340
f 11344 11340 11345
f 11347 11348 11349
f 11347 11349 11350
f 11351 11352 11353
f 11351 11353 11354
f 11348 11347 11354
f 11348 11354 11353
f 11349 11348 11353
f 11349 11353 11352
f 11350 11349 11352
f 11350 11352 11351
f 11354 11347 11350
f 11354 11350 11351
f 11362 11355 11358
f 11362 11358 11359
f 11370 11363 11366
f 11370 11366 11367
f 11374 11375 11378
f 11374 11378 11371
f 11382 11383 11386
f 11382 11386 11379
f 11387 11391 11394
f 11387 11394 11388
f 11395 11399 11402
f 11395 11402 11396
f 11403 11407 11410
f 11403 11410 11404
f 11414 11415 11418
f 11414 11418 11411
f 11425 11423 11424
f 11425 11424 11426
f 11433 11432 11431
f 11433 11431 11434
f 11438 11439 11442
f 11438 11442 11435
f 11446 11447 11450
f 11446 11450 11443
f 11457 11451 11454
f 11457 11454 11458
f 11459 11463 11466
f 11459 11466 11460
f 11474 11467 11470
f 11474 11470 11471
f 11482 11476 11475
f 11482 11475 11479
f 11490 11483 11486
f 11490 11486 11487
f 11497 11491 11494
f 11497 11494 11498
f 11506 11499 11502
f 11506 11502 11503
f 11514 11508 11507
f 11514 11507 11511
f 11521 11520 11519
f 11521 11519 11522
f 11529 11523 11526
f 11529 11526 11530
f 11538 11532 11531
f 11538 11531 11535
f 11545 11539 11542
f 11545 11542 11546
f 11563 11564 11565
f 11563 11565 11566
f 11567 11568 11569
f 11567 11569 11570
f 11566 11565 11568
f 11566 11568 11567
f 11564 11563 11570
f 11564 11570 11569
f 11570 11563 11566
f 11570 11566 11567
f 11568 11565 11564
f 11568 11564 11569
f 11571 11572 11573
f 11571 11573 11574
f 11575 11576 11577
f 11575 11577 11578
f 11574 11573 11576
f 11574 11576 11575
f 11572 11571 11578
f 11572 11578 11577
f 11578 11571 11574
f 11578 11574 11575
f 11576 11573 11572
f 11576 11572 11577
f 11595 11596 11597
f 11595 11597 11598
f 11599 11600 11601
f 11599 11601 11602
f 11598 11597 11600
f 11598 11600 11599
f 11602 11601 11596
f 11602 11596 11595
f 11602 11595 11598
f 11602 11598 11599
f 11600 11597 11596
f 11600 11596 11601
f 11603 11604 11605
f 11603 11605 11606
f 11607 11608 11609
f 11607 11609 11610
f 11606 11605 11608
f 11606 11608 11607
f 11610 11609 11604
f 11610 11604 11603
f 11610 11603 11606
f 11610 11606 11607
f 11608 11605 11604
f 11608 11604 11609
f 11611 11612 11613
f 11611 11613 11614
f 11615 11616 11617
f 11615 11617 11618
f 11614 11613 11616
f 11614 11616 11615
f 11618 11617 11612
f 11618 11612 11611
f 11618 11611 11614
f 11618 11614 11615
f 11616 11613 11612
f 11616 11612 11617
f 11627 11628 11629
f 11627 11629 11630
f 11631 11632 11633
f 11631 11633 11634
f 11628 11627 11632
f 11628 11632 11631
f 11630 11629 11634
f 11630 11634 11633
f 11632 11627 11630
f 11632 11630 11633
f 11634 11629 11628
f 11634 11628 11631
f 11635 11636 11637
f 11635 11637 11638
f 11639 11640 11641
f 11639 11641 11642
f 11636 11635 11640
f 11636 11640 11639
f 11638 11637 11642
f 11638 11642 11641
f 11640 11635 11638
f 11640 11638 11641
f 11642 11637 11636
f 11642 11636 11639
f 11643 11644 11645
f 11643 11645 11646
f 11647 11648 11649
f 11647 11649 11650
f 11646 11645 11650
f 11646 11650 11649
f 11644 11643 11648
f 11644 11648 11647
f 11650 11645 11644
f 11650 11644 11647
f 11648 11643 11646
f 11648 11646 11649
f 11651 11652 11653
f 11651 11653 11654
f 11655 11656 11657
f 11655 11657 11658
f 11652 11651 11658
f 11652 11658 11657
f 11654 11653 11656
f 11654 11656 11655
f 11658 11651 11654
f 11658 11654 11655
f 11656 11653 11652
f 11656 11652 11657
f 11665 11664 11663
f 11665 11663 11666
f 11673 11672 11671
f 11673 11671 11674
f 11675 11676 11677
f 11675 11677 11678
f 11679 11680 11681
f 11679 11681 11682
f 11680 11679 11678
f 11680 11678 11677
f 11676 11675 11682
f 11676 11682 11681
f 11682 11675 11678
f 11682 11678 11679
f 11680 11677 11676
f 11680 11676 11681
f 11683 11684 11685
f 11683 11685 11686
f 11687 11688 11689
f 11687 11689 11690
f 11690 11683 11686
f 11690 11686 11687
f 11688 11685 11684
f 11688 11684 11689
f 11691 11695 11698
f 11691 11698 11692
f 11699 11700 11701
f 11699 11701 11702
f 11703 11704 11705
f 11703 11705 11706
f 11704 11703 11702
f 11704 11702 11701
f 11700 11699 11706
f 11700 11706 11705
f 11706 11699 11702
f 11706 11702 11703
f 11704 11701 11700
f 11704 11700 11705
f 11707 11708 11709
f 11707 11709 11710
f 11711 11712 11713
f 11711 11713 11714
f 11712 11711 11710
f 11712 11710 11709
f 11708 11707 11714
f 11708 11714 11713
f 11714 11707 11710
f 11714 11710 11711
f 11712 11709 11708
f 11712 11708 11713
f 11715 11716 11717
f 11715 11717 11718
f 11716 11719 11780
f 11716 11780 11720
f 11716 11720 11717
f 11715 11718 11721
f 11715 11721 11795
f 11715 11795 11722
f 11718 11717 11723
f 11718 11723 11724
f 11717 11720 11779
f 11717 11779 11725
f 11717 11725 11723
f 11718 11724 11726
f 11718 11726 11796
f 11718 11796 11721
f 11724 11723 11727
f 11724 11727 11728
f 11723 11725 11783
f 11723 11783 11729
f 11723 11729 11727
f 11724 11728 11730
f 11724 11730 11799
f 11724 11799 11726
f 11728 11727 11731
f 11728 11731 11732
f 11727 11729 11785
f 11727 11785 11733
f 11727 11733 11731
f 11728 11732 11734
f 11728 11734 11801
f 11728 11801 11730
f 11735 11736 11732
f 11735 11732 11731
f 11737 11735 11731
f 11737 11731 11733
f 11736 11738 11734
f 11736 11734 11732
f 11739 11740 11741
f 11739 11741 11742
f 11739 11742 11744
f 11739 11744 11791
f 11739 11791 11743
f 11740 11745 11808
f 11740 11808 11746
f 11740 11746 11741
f 11747 11748 11742
f 11747 11742 11741
f 11748 11749 11792
f 11748 11792 11744
f 11748 11744 11742
f 11747 11741 11746
f 11747 11746 11807
f 11747 11807 11750
f 11751 11752 11748
f 11751 11748 11747
f 11752 11753 11793
f 11752 11793 11749
f 11752 11749 11748
f 11751 11747 11750
f 11751 11750 11809
f 11751 11809 11754
f 11755 11756 11752
f 11755 11752 11751
f 11756 11757 11794
f 11756 11794 11753
f 11756 11753 11752
f 11755 11751 11754
f 11755 11754 11810
f 11755 11810 11758
f 11759 11760 11756
f 11759 11756 11755
f 11760 11761 11757
f 11760 11757 11756
f 11758 11762 11759
f 11758 11759 11755
f 11716 11715 11763
f 11716 11763 11764
f 11765 11719 11716
f 11765 11716 11764
f 11715 11722 11766
f 11715 11766 11763
f 11764 11763 11767
f 11764 11767 11768
f 11769 11765 11764
f 11769 11764 11768
f 11763 11766 11770
f 11763 11770 11767
f 11740 11739 11768
f 11740 11768 11767
f 11739 11743 11769
f 11739 11769 11768
f 11745 11740 11767
f 11745 11767 11770
f 11736 11735 11771
f 11736 11771 11772
f 11735 11737 11773
f 11735 11773 11771
f 11738 11736 11772
f 11738 11772 11774
f 11775 11776 11772
f 11775 11772 11771
f 11773 11777 11775
f 11773 11775 11771
f 11776 11778 11774
f 11776 11774 11772
f 11760 11759 11776
f 11760 11776 11775
f 11777 11761 11760
f 11777 11760 11775
f 11759 11762 11778
f 11759 11778 11776
f 11781 11782 11779
f 11781 11779 11720
f 11781 11720 11780
f 11780 11719 11765
f 11780 11765 11781
f 11782 11784 11783
f 11782 11783 11725
f 11782 11725 11779
f 11784 11786 11785
f 11784 11785 11729
f 11784 11729 11783
f 11773 11737 11733
f 11773 11733 11785
f 11773 11785 11786
f 11782 11781 11787
f 11782 11787 11788
f 11781 11765 11769
f 11781 11769 11787
f 11784 11782 11788
f 11784 11788 11789
f 11786 11784 11789
f 11786 11789 11790
f 11777 11773 11786
f 11777 11786 11790
f 11788 11787 11791
f 11788 11791 11744
f 11788 11744 11792
f 11787 11769 11743
f 11787 11743 11791
f 11789 11788 11792
f 11789 11792 11749
f 11789 11749 11793
f 11790 11789 11793
f 11790 11793 11753
f 11790 11753 11794
f 11777 11790 11794
f 11777 11794 11757
f 11777 11757 11761
f 11797 11798 11795
f 11797 11795 11721
f 11797 11721 11796
f 11766 11722 11795
f 11766 11795 11798
f 11800 11797 11796
f 11800 11796 11726
f 11800 11726 11799
f 11802 11800 11799
f 11802 11799 11730
f 11802 11730 11801
f 11774 11802 11801
f 11774 11801 11734
f 11774 11734 11738
f 11798 11797 11803
f 11798 11803 11804
f 11770 11766 11798
f 11770 11798 11804
f 11797 11800 11805
f 11797 11805 11803
f 11800 11802 11806
f 11800 11806 11805
f 11802 11774 11778
f 11802 11778 11806
f 11804 11803 11807
f 11804 11807 11746
f 11804 11746 11808
f 11745 11770 11804
f 11745 11804 11808
f 11803 11805 11809
f 11803 11809 11750
f 11803 11750 11807
f 11805 11806 11810
f 11805 11810 11754
f 11805 11754 11809
f 11806 11778 11762
f 11806 11762 11758
f 11806 11758 11810
f 11811 11812 11813
f 11811 11813 11814
f 11815 11816 11817
f 11815 11817 11818
f 11816 11815 11814
f 11816 11814 11813
f 11812 11811 11818
f 11812 11818 11817
f 11818 11811 11814
f 11818 11814 11815
f 11816 11813 11812
f 11816 11812 11817
f 11819 11820 11821
f 11819 11821 11822
f 11823 11824 11825
f 11823 11825 11826
f 11824 11823 11822
f 11824 11822 11821
f 11820 11819 11826
f 11820 11826 11825
f 11826 11819 11822
f 11826 11822 11823
f 11824 11821 11820
f 11824 11820 11825
f 11827 11828 11829
f 11827 11829 11830
f 11831 11832 11833
f 11831 11833 11834
f 11832 11831 11830
f 11832 11830 11829
f 11828 11827 11834
f 11828 11834 11833
f 11834 11827 11830
f 11834 11830 11831
f 11832 11829 11828
f 11832 11828 11833
f 11835 11836 11837
f 11835 11837 11838
f 11839 11840 11841
f 11839 11841 11842
f 11840 11839 11838
f 11840 11838 11837
f 11836 11835 11842
f 11836 11842 11841
f 11842 11835 11838
f 11842 11838 11839
f 11840 11837 11836
f 11840 11836 11841
f 11843 11844 11845
f 11843 11845 11846
f 11851 11852 11853
f 11851 11853 11854
f 11854 11853 11855
f 11854 11855 11856
f 11852 11851 11857
f 11852 11857 11858
f 11856 11855 11858
f 11856 11858 11857
f 11854 11856 11857
f 11854 11857 11851
f 11858 11855 11853
f 11858 11853 11852
f 11859 11860 11861
f 11859 11861 11862
f 11863 11864 11865
f 11863 11865 11866
f 11860 11859 11865
f 11860 11865 11864
f 11861 11860 11864
f 11861 11864 11863
f 11862 11861 11863
f 11862 11863 11866
f 11865 11859 11862
f 11865 11862 11866
f 11867 11868 11869
f 11867 11869 11870
f 11871 11872 11873
f 11871 11873 11874
f 11872 11871 11870
f 11872 11870 11869
f 11868 11867 11874
f 11868 11874 11873
f 11874 11867 11870
f 11874 11870 11871
f 11872 11869 11868
f 11872 11868 11873
f 11875 11876 11877
f 11875 11877 11878
f 11879 11880 11881
f 11879 11881 11882
f 11880 11879 11878
f 11880 11878 11877
f 11876 11875 11882
f 11876 11882 11881
f 11882 11875 11878
f 11882 11878 11879
f 11880 11877 11876
f 11880 11876 11881
f 11883 11884 11885
f 11883 11885 11886
f 11887 11888 11889
f 11887 11889 11890
f 11888 11887 11886
f 11888 11886 11885
f 11884 11883 11890
f 11884 11890 11889
f 11890 11883 11886
f 11890 11886 11887
f 11888 11885 11884
f 11888 11884 11889
f 11891 11892 11893
f 11891 11893 11894
f 11895 11896 11897
f 11895 11897 11898
f 11896 11895 11894
f 11896 11894 11893
f 11892 11891 11898
f 11892 11898 11897
f 11898 11891 11894
f 11898 11894 11895
f 11896 11893 11892
f 11896 11892 11897
f 11907 11908 11909
f 11907 11909 11910
f 11911 11912 11913
f 11911 11913 11914
f 11912 11911 11910
f 11912 11910 11909
f 11908 11907 11914
f 11908 11914 11913
f 11914 11907 11910
f 11914 11910 11911
f 11912 11909 11908
f 11912 11908 11913
f 11915 11916 11917
f 11915 11917 11918
f 11919 11916 11915
f 11919 11915 11920
f 11918 11921 11920
f 11918 11920 11915
f 11916 11919 11922
f 11916 11922 11917
f 11920 11921 11922
f 11920 11922 11919
f 11922 11921 11918
f 11922 11918 11917
f 11923 11924 11925
f 11923 11925 11926
f 11927 11928 11929
f 11927 11929 11930
f 11928 11927 11926
f 11928 11926 11925
f 11924 11923 11930
f 11924 11930 11929
f 11930 11923 11926
f 11930 11926 11927
f 11928 11925 11924
f 11928 11924 11929
f 11937 11936 11935
f 11937 11935 11938
f 11945 11944 11943
f 11945 11943 11946
f 11954 11947 11950
f 11954 11950 11951
f 11963 11964 11965
f 11963 11965 11966
f 11967 11968 11969
f 11967 11969 11970
f 11966 11965 11970
f 11966 11970 11969
f 11964 11963 11968
f 11964 11968 11967
f 11970 11965 11964
f 11970 11964 11967
f 11968 11963 11966
f 11968 11966 11969
f 11971 11972 11973
f 11971 11973 11974
f 11975 11976 11977
f 11975 11977 11978
f 11973 11972 11977
f 11973 11977 11976
f 11978 11977 11972
f 11978 11972 11971
f 11975 11974 11973
f 11975 11973 11976
f 11978 11971 11974
f 11978 11974 11975
