# Exported from Godot Engine
o MS_Rock_D_LOD1
v -1.838833 -0.294603 1.657212
vt 0.115785 0.601068
vn -0.660956 -0.091280 0.744852
v -1.912743 -0.087586 1.593138
vt 0.146288 0.605417
vn -0.854257 -0.194230 0.482204
v -1.916781 0.080989 1.596982
vt 0.165682 0.596735
vn -0.666046 0.158126 0.728958
v -2.037358 0.029854 1.396388
vt 0.171847 0.622599
vn -0.945453 -0.113055 0.305512
v -1.760500 -0.089630 1.689676
vt 0.138720 0.581506
vn -0.381242 0.039007 0.923652
v -1.766205 0.124702 1.650121
vt 0.167208 0.577676
vn -0.415742 0.238533 0.877645
v -1.909281 0.184086 1.561784
vt 0.178134 0.595422
vn -0.602108 0.372156 0.706375
v -1.624411 0.087337 1.733247
vt 0.158206 0.557458
vn -0.449146 0.138830 0.882606
v -1.654667 -0.298656 1.716673
vt 0.105135 0.568612
vn -0.365916 0.084979 0.926760
v -1.611591 0.222348 1.691556
vt 0.175891 0.555840
vn -0.511941 0.407827 0.756038
v -1.368066 -0.045093 1.842771
vt 0.136736 0.521370
vn -0.270658 0.003392 0.962670
v -1.434797 0.117566 1.845334
vt 0.158618 0.526665
vn -0.361930 0.030712 0.931699
v -1.347489 -0.274773 1.856269
vt 0.098085 0.520821
vn -0.311125 0.053497 0.948862
v -1.745372 -0.465331 1.711547
vt 0.086824 0.595132
vn -0.689121 -0.262303 0.675507
v -1.847294 -0.363095 1.613556
vt 0.110811 0.610788
vn -0.903058 -0.376229 0.207215
v -1.295759 0.033440 1.844907
vt 0.145830 0.509194
vn -0.172629 -0.052189 0.983603
v -1.201464 -0.093216 1.879934
vt 0.125429 0.494118
vn -0.290231 0.019306 0.956762
v -1.202811 0.099098 1.877115
vt 0.155978 0.494911
vn -0.197834 0.019895 0.980034
v -1.112619 0.249529 1.887025
vt 0.178500 0.483268
vn -0.085885 0.144385 0.985787
v -1.419027 0.360766 1.789632
vt 0.190707 0.526543
vn -0.451452 0.403346 0.795929
v -1.049798 0.150127 1.893432
vt 0.166339 0.472724
vn -0.109970 0.208695 0.971778
v -1.158836 -0.009699 1.903685
vt 0.137606 0.480888
vn -0.360336 0.044628 0.931754
v -0.953581 0.074499 1.953918
vt 0.156863 0.454124
vn -0.200951 0.331942 0.921647
v -0.825184 -0.200114 2.004751
vt 0.115801 0.423758
vn -0.285839 0.064901 0.956077
v -0.898389 0.173184 1.883351
vt 0.175509 0.451728
vn -0.088941 0.404598 0.910159
v -0.773518 0.155757 1.926922
vt 0.175967 0.431220
vn -0.229660 0.423778 0.876167
v -0.570121 0.036775 2.031491
vt 0.166094 0.396704
vn -0.263967 0.246027 0.932626
v -0.798774 0.361770 1.844821
vt 0.205188 0.446983
vn -0.142578 0.242421 0.959637
v -0.642172 0.327811 1.917695
vt 0.204150 0.418860
vn -0.278027 0.382536 0.881117
v -0.586532 -0.191615 2.075062
vt 0.129717 0.376898
vn -0.285839 0.171799 0.942752
v -0.949414 0.380345 1.860285
vt 0.202274 0.466789
vn 0.073963 0.232597 0.969757
v -1.106978 0.462750 1.832092
vt 0.208011 0.490593
vn -0.157027 0.558195 0.814715
v -0.937876 0.513456 1.806975
vt 0.221912 0.470588
vn -0.155659 0.504204 0.849440
v -0.792236 0.589621 1.816544
vt 0.236667 0.453193
vn -0.199579 0.622500 0.756744
v -1.232169 0.452996 1.793648
vt 0.206592 0.507774
vn -0.279319 0.729537 0.624304
v -1.079542 0.557491 1.699928
vt 0.227802 0.494682
vn -0.395338 0.734402 0.551690
v -0.851530 0.606475 1.764771
vt 0.239658 0.464073
vn -0.292151 0.588079 0.754195
v -1.204093 0.573126 1.528978
vt 0.235035 0.518914
vn -0.451166 0.737806 0.502087
v -1.402489 0.438545 1.738373
vt 0.200855 0.528115
vn -0.443340 0.729047 0.521479
v -1.556078 0.329675 1.655589
vt 0.191974 0.551049
vn -0.592225 0.609046 0.527572
v -1.484860 0.451454 1.542562
vt 0.214099 0.548745
vn -0.527142 0.765668 0.368610
v -1.650052 0.347533 1.560930
vt 0.197711 0.566079
vn -0.385561 0.683763 0.619525
v -1.416335 0.532533 1.442521
vt 0.233433 0.547417
vn -0.403735 0.791520 0.458796
v -1.578065 0.481290 1.391432
vt 0.223819 0.568200
vn -0.301089 0.819492 0.487625
v -1.739282 0.427823 1.435601
vt 0.210208 0.580575
vn -0.201336 0.760404 0.617454
v -1.584027 0.621178 1.157006
vt 0.251850 0.580697
vn -0.410444 0.737981 0.535649
v -1.823128 0.561292 1.154529
vt 0.238193 0.602655
vn -0.238989 0.873204 0.424734
v -1.871525 0.472612 1.353842
vt 0.215549 0.598138
vn -0.252734 0.790094 0.558459
v -1.957422 0.293672 1.457813
vt 0.193118 0.603098
vn -0.572951 0.395534 0.717830
v -1.431720 0.653810 1.298311
vt 0.251499 0.557473
vn -0.454840 0.683895 0.570446
v -2.031396 0.309056 1.390151
vt 0.197879 0.611902
vn -0.806975 0.248035 0.535976
v -1.289925 0.644235 1.382205
vt 0.251164 0.538018
vn -0.495077 0.606679 0.621964
v -1.479219 0.766050 1.116938
vt 0.271366 0.572610
vn -0.504997 0.764662 0.400338
v -1.189477 0.762392 1.394423
vt 0.265064 0.526665
vn -0.459275 0.704014 0.541692
v -2.061396 0.087121 1.320865
vt 0.180819 0.627253
vn -0.992984 -0.074684 0.091681
v -2.011717 -0.054309 1.274476
vt 0.169009 0.638468
vn -0.860746 -0.497912 -0.105829
v -2.002037 -0.060225 1.422102
vt 0.161227 0.623865
vn -0.850020 -0.476216 0.225133
v -1.941909 -0.128323 1.396644
vt 0.152560 0.630106
vn -0.538426 -0.840382 0.062090
v -1.887038 -0.148153 1.437822
vt 0.143328 0.628290
vn -0.792844 -0.609339 -0.010195
v -2.012422 0.157514 1.038426
vt 0.202304 0.650797
vn -0.972715 -0.105931 -0.206405
v -1.867935 -0.137288 1.262686
vt 0.151003 0.648768
vn -0.507519 -0.860923 -0.035159
v -1.919922 -0.132196 1.145216
vt 0.163363 0.659098
vn -0.618028 -0.767336 -0.170989
v -1.976396 0.025945 1.032360
vt 0.188998 0.661387
vn -0.886911 -0.391560 -0.245092
v -1.822615 -0.179458 1.162303
vt 0.149142 0.664729
vn -0.809036 -0.575148 -0.121096
v -1.864346 -0.120469 1.005791
vt 0.170184 0.678767
vn -0.754654 -0.623445 -0.204487
v -1.757359 -0.447939 1.139749
vt 0.111055 0.685649
vn -0.849626 -0.491607 -0.190942
v -1.770692 -0.242213 0.998700
vt 0.152834 0.690776
vn -0.909041 -0.387529 -0.153184
v -1.930435 0.063311 0.774611
vt 0.212802 0.687755
vn -0.935551 -0.313772 -0.162149
v -1.791333 -0.142989 0.831082
vt 0.178943 0.705684
vn -0.820150 -0.553415 -0.145208
v -1.858384 -0.078083 0.748981
vt 0.197436 0.705623
vn -0.732894 -0.657500 -0.174814
v -1.753385 -0.257704 0.676877
vt 0.178134 0.735668
vn -0.934667 -0.328272 -0.136512
v -1.771910 -0.099922 0.642789
vt 0.199527 0.725902
vn -0.822656 -0.551230 -0.139221
v -1.854153 -0.012496 0.515666
vt 0.227146 0.726772
vn -0.861258 -0.505861 0.048359
v -1.737039 -0.179996 0.484825
vt 0.206348 0.751095
vn -0.920097 -0.390710 0.027713
v -1.715372 -0.379806 0.924886
vt 0.137102 0.714305
vn -0.914425 -0.378080 -0.144509
v -1.683385 -0.363741 0.603917
vt 0.167758 0.761089
vn -0.912487 -0.400148 -0.085146
v -1.758962 -0.169920 0.324468
vt 0.227222 0.768368
vn -0.835399 -0.515300 0.191243
v -1.715500 -0.325837 0.359410
vt 0.204990 0.784451
vn -0.936746 -0.337293 0.093489
v -1.650436 -0.437396 0.389824
vt 0.185412 0.796811
vn -0.919556 -0.370265 0.131608
v -1.734410 -0.331790 0.058603
vt 0.246235 0.816068
vn -0.821475 -0.512863 0.249301
v -1.676270 -0.446899 0.259967
vt 0.202533 0.816205
vn -0.964340 -0.208006 0.163649
v -1.570886 -0.608482 0.581192
vt 0.135134 0.792844
vn -0.951432 -0.285371 0.115506
v -1.637744 -0.538914 0.745906
vt 0.128908 0.759686
vn -0.877138 -0.473088 -0.082562
v -1.656398 -0.501836 0.955215
vt 0.113802 0.721141
vn -0.840827 -0.532218 -0.098758
v -1.533001 -0.688951 0.836464
vt 0.088304 0.766049
vn -0.861028 -0.506251 0.048386
v -1.625116 -0.573842 1.182379
vt 0.082689 0.691417
vn -0.754012 -0.648033 -0.107326
v -1.570373 -0.668690 1.187932
vt 0.059449 0.700374
vn -0.784057 -0.620359 0.020254
v -1.537937 -0.692752 1.340515
vt 0.044633 0.667674
vn -0.798766 -0.599360 -0.052354
v -1.717231 -0.550497 1.456190
vt 0.077867 0.640925
vn -0.747134 -0.664091 -0.027806
v -1.624796 -0.609880 1.764771
vt 0.055253 0.585916
vn -0.646491 -0.490665 0.584207
v -1.525822 -0.698561 1.723593
vt 0.027436 0.591012
vn -0.621759 -0.764159 0.171687
v -1.513386 -0.726065 1.551105
vt 0.022309 0.631373
vn -0.696153 -0.717465 0.024803
v -1.484091 -0.702793 1.790914
vt 0.023423 0.571771
vn -0.484851 -0.505417 0.713774
v -1.493578 -0.762248 1.442008
vt 0.018692 0.656886
vn -0.815928 -0.574429 0.065519
v -1.515758 -0.584420 1.818252
vt 0.049714 0.564508
vn -0.363500 -0.085016 0.927707
v -1.421463 -0.668547 1.843284
vt 0.028885 0.552987
vn -0.305085 -0.355654 0.883421
v -1.368130 -0.681743 1.847726
vt 0.019226 0.542245
vn -0.158830 -0.329471 0.930710
v -1.261977 -0.662415 1.868657
vt 0.017929 0.516930
vn -0.141746 -0.594131 0.791780
v -1.156977 -0.613825 1.925470
vt 0.025696 0.486320
vn -0.261200 -0.133923 0.955949
v -1.190631 -0.665032 1.902147
vt 0.014740 0.497566
vn -0.362691 -0.178506 0.914653
v -1.090760 -0.647963 1.926580
vt 0.015778 0.473320
vn -0.273465 -0.505432 0.818386
v -1.041657 -0.625659 1.961949
vt 0.022080 0.459434
vn -0.254951 0.324370 0.910925
v -0.958325 -0.610382 1.975362
vt 0.026139 0.440009
vn -0.326341 0.100121 0.939935
v -0.859158 -0.474762 1.997831
vt 0.066361 0.424064
vn -0.361211 0.112585 0.925663
v -0.661723 -0.549708 2.123502
vt 0.052186 0.368948
vn -0.379961 0.193119 0.904618
v -0.871851 -0.646672 2.028586
vt 0.018845 0.410681
vn -0.450372 0.108540 0.886219
v -0.688967 -0.725384 2.100947
vt 0.012558 0.366079
vn -0.396566 -0.011458 0.917935
v -0.487494 -0.437217 2.139478
vt 0.087648 0.343465
vn -0.383224 0.213432 0.898658
v -0.413391 -0.590552 2.218503
vt 0.068147 0.315740
vn -0.482686 0.209091 0.850468
v -0.609608 -0.768308 2.145714
vt 0.009659 0.342687
vn -0.445357 0.092340 0.890579
v -0.361469 -0.664387 2.270616
vt 0.054520 0.290242
vn -0.623718 0.049178 0.780101
v -0.380443 -0.811841 2.245841
vt 0.026627 0.288777
vn -0.536311 -0.145656 0.831357
v -0.333392 -0.416490 2.228583
vt 0.103655 0.309972
vn -0.445642 0.249426 0.859761
v -0.240059 -0.700426 2.396970
vt 0.062974 0.251163
vn -0.648447 -0.051052 0.759546
v -0.257815 -0.840242 2.316494
vt 0.026215 0.249882
vn -0.558260 -0.359798 0.747590
v -0.209033 -0.635197 2.407735
vt 0.082536 0.251377
vn -0.576252 0.301245 0.759727
v -0.150252 -0.721368 2.464547
vt 0.069490 0.222950
vn -0.571527 -0.063745 0.818103
v -0.098265 -0.794414 2.475141
vt 0.060121 0.209796
vn -0.545543 -0.273093 0.792340
v 0.048786 -0.746398 2.575438
vt 0.091386 0.180728
vn -0.382132 -0.169483 0.908433
v -0.160764 -0.463323 2.321021
vt 0.114412 0.271412
vn -0.498912 0.387261 0.775316
v 0.004876 -0.468988 2.481890
vt 0.131884 0.230167
vn -0.520592 0.448760 0.726360
v 0.076798 -0.629029 2.591073
vt 0.117113 0.191958
vn -0.395622 0.233427 0.888254
v 0.120196 -0.685974 2.614566
vt 0.112902 0.175158
vn -0.279468 -0.127096 0.951706
v 0.135837 -0.773902 2.566297
vt 0.096788 0.160342
vn -0.158307 -0.496211 0.853647
v 0.259297 -0.804849 2.579283
vt 0.109712 0.134890
vn -0.311265 -0.483589 0.818081
v 0.266669 -0.688305 2.651217
vt 0.134630 0.152453
vn -0.148207 -0.055871 0.987377
v 0.371797 -0.798573 2.643699
vt 0.134920 0.118303
vn 0.047910 -0.152877 0.987083
v 0.183080 -0.536548 2.580650
vt 0.142199 0.187945
vn -0.275220 0.327115 0.904019
v 0.435450 -0.657717 2.627638
vt 0.163928 0.133761
vn 0.355315 0.223787 0.907563
v 0.301220 -0.497568 2.602520
vt 0.166751 0.176532
vn 0.022049 0.334372 0.942183
v 0.141670 -0.374534 2.513415
vt 0.162600 0.219287
vn -0.430813 0.459636 0.776618
v 0.562693 -0.758841 2.578856
vt 0.178286 0.100160
vn 0.529252 0.074911 0.845151
v 0.528847 -0.820448 2.579881
vt 0.164538 0.093477
vn 0.393553 -0.198963 0.897513
v 0.648654 -0.845729 2.513244
vt 0.189441 0.076875
vn 0.657665 -0.148885 0.738451
v 0.589360 -0.887684 2.532893
vt 0.173312 0.071962
vn 0.481584 -0.293594 0.825760
v 0.701282 -0.902243 2.432510
vt 0.202609 0.054597
vn 0.790629 -0.121187 0.600183
v 0.795256 -0.883202 2.298809
vt 0.240208 0.044556
vn 0.761241 -0.131170 0.635064
v 0.434361 -0.584886 2.590389
vt 0.176120 0.146212
vn 0.485054 0.435779 0.758169
v 0.662500 -0.524571 2.376040
vt 0.237034 0.130068
vn 0.520307 0.511768 0.683648
v 0.742821 -0.567028 2.342464
vt 0.247944 0.113115
vn 0.651910 0.420742 0.630863
v 0.576860 -0.497317 2.399363
vt 0.226200 0.144274
vn 0.483829 0.525962 0.699481
v 0.796282 -0.626197 2.309659
vt 0.256413 0.091020
vn 0.721693 0.229770 0.652967
v 0.780513 -0.459306 2.188858
vt 0.278645 0.130434
vn 0.650486 0.379646 0.657827
v 0.335579 -0.429077 2.562197
vt 0.184558 0.178882
vn 0.389058 0.367488 0.844741
v 0.629231 -0.418104 2.320508
vt 0.248737 0.151461
vn 0.625845 0.344688 0.699649
v 0.255067 -0.289296 2.520420
vt 0.185183 0.214481
vn -0.332319 0.263143 0.905715
v 0.013658 -0.344914 2.370486
vt 0.152575 0.253651
vn -0.530897 0.346629 0.773303
v 0.268336 -0.146970 2.497866
vt 0.210605 0.230838
vn -0.025652 0.276995 0.960529
v 0.490065 -0.298763 2.413288
vt 0.230289 0.186511
vn 0.581402 0.225352 0.781785
v 0.697052 -0.349755 2.230206
vt 0.273167 0.157290
vn 0.670003 0.157559 0.725446
v -0.071021 -0.442775 2.361601
vt 0.127413 0.257252
vn -0.486110 0.579021 0.654547
v -0.346853 -0.307764 2.180912
vt 0.118700 0.322911
vn -0.429556 0.224850 0.874599
v -0.153393 -0.050328 2.239689
vt 0.182208 0.311879
vn -0.456928 0.234828 0.857947
v -0.399738 -0.221235 2.129567
vt 0.134600 0.343923
vn -0.331104 0.271042 0.903829
v -0.371212 0.004680 2.099837
vt 0.172595 0.357855
vn -0.349056 0.232346 0.907841
v -0.175572 0.109211 2.173223
vt 0.200748 0.328832
vn -0.407605 0.407732 0.817076
v 0.061157 -0.091065 2.348958
vt 0.196643 0.274052
vn -0.478833 0.254847 0.840103
v -0.418584 0.232926 2.019104
vt 0.203815 0.381170
vn -0.251926 0.318138 0.913959
v -0.269867 0.204777 2.063272
vt 0.208743 0.357916
vn -0.287743 0.386351 0.876320
v -0.275251 0.333835 2.016284
vt 0.228061 0.368444
vn -0.337101 0.281700 0.898336
v -0.123970 0.266312 2.072840
vt 0.229572 0.343709
vn -0.350300 0.337996 0.873527
v 0.077375 0.310777 2.160836
vt 0.246937 0.318837
vn -0.436439 0.347235 0.830029
v 0.256220 0.068977 2.425761
vt 0.233997 0.258656
vn -0.105869 0.405694 0.907857
v 0.157888 0.379520 2.176726
vt 0.267155 0.311757
vn -0.151462 0.464096 0.872740
v -0.003201 0.435389 2.097701
vt 0.259434 0.339849
vn -0.321297 0.236105 0.917073
v -0.170252 0.430620 2.061563
vt 0.245960 0.361868
vn -0.373885 0.207412 0.903986
v 0.297566 -0.018915 2.444300
vt 0.229633 0.243336
vn 0.436078 0.298056 0.849116
v -0.245572 0.564520 1.957079
vt 0.257984 0.382361
vn -0.436939 0.048030 0.898208
v 0.466604 -0.106233 2.349726
vt 0.249607 0.215595
vn 0.535293 0.263772 0.802425
v 0.653270 -0.167983 2.260535
vt 0.276112 0.189990
vn 0.638050 0.320088 0.700311
v 0.695065 -0.142559 2.202441
vt 0.290929 0.190082
vn 0.637492 0.246959 0.729805
v 0.303207 0.261363 2.315639
vt 0.259907 0.278004
vn 0.170647 0.620309 0.765569
v 0.647565 0.150485 2.120939
vt 0.308980 0.238132
vn 0.538027 0.404767 0.739385
v 0.456732 0.301418 2.137085
vt 0.295125 0.275792
vn 0.450637 0.681180 0.576991
v 1.032691 -0.254584 1.945546
vt 0.353994 0.150729
vn 0.784808 0.213079 0.581956
v 0.380579 0.332759 2.142297
vt 0.289036 0.296818
vn 0.368843 0.662584 0.651872
v 0.526732 0.358614 2.019787
vt 0.318578 0.276066
vn 0.427328 0.469680 0.772523
v 0.301797 0.624333 2.038411
vt 0.311284 0.322957
vn 0.347298 0.381139 0.856806
v 0.111221 0.594355 2.095053
vt 0.288029 0.340444
vn -0.061450 0.289686 0.955147
v 0.183336 0.707384 2.043451
vt 0.306859 0.344091
vn 0.208127 0.470664 0.857414
v 0.036158 0.571835 2.056950
vt 0.277958 0.348409
vn -0.336297 -0.053485 0.940236
v 0.073016 0.611137 2.088902
vt 0.285161 0.346807
vn -0.093420 -0.023483 0.995350
v -0.087816 0.566420 2.024486
vt 0.268635 0.362417
vn -0.371128 0.024411 0.928261
v -0.047368 0.628242 2.078650
vt 0.279973 0.361242
vn -0.261855 -0.282110 0.922955
v -0.192175 0.716887 2.017395
vt 0.279637 0.382422
vn -0.391392 0.026824 0.919833
v -0.040637 0.722086 2.076941
vt 0.290913 0.365484
vn 0.025648 0.364391 0.930893
v -0.113201 0.712978 2.067116
vt 0.284672 0.372518
vn -0.376340 0.135820 0.916472
v 0.024875 0.813026 2.001077
vt 0.303655 0.367697
vn 0.113057 0.673128 0.730833
v -0.161598 0.841642 1.972030
vt 0.295781 0.386587
vn -0.098233 0.702699 0.704673
v 0.237503 0.804743 1.939993
vt 0.325231 0.351003
vn 0.288032 0.682167 0.672076
v -0.360123 0.593100 1.912313
vt 0.256504 0.398703
vn -0.356802 -0.183980 0.915884
v -0.461596 0.496781 1.862933
vt 0.238636 0.407446
vn -0.224364 0.167518 0.959999
v -0.516019 0.636239 1.868999
vt 0.253895 0.419791
vn -0.222711 -0.136991 0.965212
v -0.648903 0.415021 1.869853
vt 0.219333 0.426825
vn -0.195638 0.264809 0.944247
v -0.401404 0.735534 1.942556
vt 0.271138 0.407996
vn -0.366228 -0.035394 0.929852
v -0.650313 0.575672 1.869511
vt 0.240436 0.434516
vn -0.235458 0.376704 0.895909
v -0.620954 0.610420 1.839268
vt 0.247471 0.433387
vn -0.409108 0.398219 0.821007
v -0.710185 0.603965 1.795100
vt 0.243366 0.448920
vn -0.318294 0.592189 0.740271
v -0.524737 0.764688 1.899925
vt 0.269245 0.425361
vn -0.413144 0.219123 0.883910
v -0.801594 0.713874 1.719663
vt 0.256077 0.463020
vn -0.430909 0.506850 0.746606
v -0.276918 0.799471 1.983393
vt 0.283650 0.396445
vn -0.250959 0.411990 0.875947
v -0.499481 0.819517 1.876773
vt 0.279850 0.424109
vn -0.388250 0.599690 0.699739
v -0.661083 0.841176 1.720090
vt 0.277470 0.450553
vn -0.467187 0.681313 0.563515
v -0.379225 0.929892 1.809538
vt 0.295171 0.420523
vn -0.225278 0.863720 0.450819
v -0.574993 0.905078 1.692837
vt 0.289052 0.445686
vn -0.342870 0.871716 0.350072
v -0.836787 0.815500 1.604586
vt 0.270420 0.478889
vn -0.458556 0.727660 0.510135
v -1.009735 0.631613 1.692154
vt 0.239948 0.487709
vn -0.440956 0.626627 0.642570
v -0.995055 0.679485 1.619195
vt 0.251011 0.491875
vn -0.478760 0.708417 0.518588
v -1.040439 0.813779 1.402880
vt 0.275380 0.508003
vn -0.346166 0.846305 0.404891
v -1.008068 0.857528 1.311895
vt 0.285222 0.513298
vn -0.254387 0.931542 0.259841
v -1.151593 0.867640 1.176570
vt 0.290425 0.537957
vn -0.239038 0.945721 0.220166
v -0.598134 0.964067 1.276355
vt 0.326024 0.478386
vn -0.204425 0.977793 0.046167
v -1.274669 0.826760 1.182209
vt 0.280827 0.551202
vn -0.311942 0.902247 0.297728
v -0.887812 0.895144 1.213049
vt 0.307103 0.511467
vn -0.171689 0.981023 0.090088
v -1.122683 0.912787 0.818352
vt 0.325750 0.560769
vn -0.137569 0.988118 0.068543
v -1.371271 0.853440 0.959145
vt 0.294865 0.573480
vn -0.286146 0.944650 0.160488
v -0.915568 0.939359 0.873713
vt 0.334615 0.538460
vn 0.047560 0.998621 -0.022217
v -0.764159 0.915907 1.053291
vt 0.332204 0.511666
vn -0.049838 0.998124 -0.035556
v -1.055375 0.913827 0.644925
vt 0.345525 0.567269
vn 0.116888 0.987727 -0.103599
v -0.761274 0.875242 0.675681
vt 0.364492 0.541299
vn 0.060863 0.977703 -0.200978
v -1.178195 0.924227 0.530189
vt 0.347173 0.586084
vn 0.020997 0.999740 -0.008855
v -0.660377 0.916517 0.987679
vt 0.345907 0.507851
vn -0.217301 0.970192 -0.107275
v -1.319925 0.902603 0.562055
vt 0.332631 0.596094
vn -0.192159 0.978195 0.078800
v -1.603706 0.763863 0.885075
vt 0.282673 0.600534
vn -0.311694 0.922257 0.228667
v -1.405309 0.897153 0.276455
vt 0.353094 0.624247
vn -0.152132 0.986627 0.058500
v -1.590501 0.717783 1.021254
vt 0.269306 0.590433
vn -0.457381 0.786341 0.415295
v -1.738192 0.730047 0.889603
vt 0.272221 0.612757
vn -0.307748 0.905261 0.292906
v -1.491399 0.870581 0.523013
vt 0.325048 0.612726
vn -0.193573 0.976035 0.099428
v -1.764026 0.752854 0.730186
vt 0.285054 0.626673
vn -0.429831 0.884428 0.181748
v -1.675436 0.844403 0.513103
vt 0.314015 0.626215
vn -0.248237 0.957747 0.145253
v -1.475950 0.863767 0.337966
vt 0.343435 0.626596
vn -0.267148 0.960499 0.077935
v -1.720308 0.841678 0.431258
vt 0.317586 0.643107
vn -0.408104 0.912724 0.019668
v -1.722680 0.864126 0.197858
vt 0.341390 0.658412
vn -0.559065 0.814338 0.155885
v -1.939538 0.639323 0.906518
vt 0.254429 0.628000
vn -0.531876 0.834937 0.141379
v -1.796397 0.792801 0.474914
vt 0.307561 0.647395
vn -0.651962 0.758182 -0.010268
v -1.792487 0.711723 0.221608
vt 0.327123 0.671946
vn -0.876877 0.435428 -0.203688
v -1.846525 0.695228 0.708486
vt 0.278340 0.638437
vn -0.757990 0.652235 -0.006365
v -2.011076 0.531708 1.066362
vt 0.233402 0.624720
vn -0.811834 0.488811 0.319356
v -1.496976 0.898551 0.111656
vt 0.363287 0.643229
vn -0.074569 0.964198 0.254482
v -2.029217 0.572624 0.997675
vt 0.240742 0.629526
vn -0.833524 0.469356 0.291450
v -2.026460 0.559822 0.939239
vt 0.244862 0.634531
vn -0.943022 0.273017 -0.190187
v -1.983896 0.502733 1.202285
vt 0.223163 0.615030
vn -0.660128 0.702685 0.265452
v -2.005819 0.373567 1.094555
vt 0.218082 0.633051
vn -0.991087 0.073069 -0.111389
v -2.054665 0.371667 1.269093
vt 0.207965 0.618891
vn -0.932632 0.332746 0.139559
v -2.059088 0.282412 1.196817
vt 0.204364 0.628931
vn -0.984186 -0.037853 -0.173045
v -2.043191 0.200115 1.182465
vt 0.196704 0.636088
vn -0.987581 -0.020745 -0.155732
v -1.991524 0.321930 0.894046
vt 0.226123 0.656123
vn -0.979310 -0.069535 -0.190045
v -1.933640 0.171176 0.675339
vt 0.232456 0.688655
vn -0.988005 -0.063034 -0.140974
v -1.925435 0.343087 0.666539
vt 0.250050 0.673945
vn -0.965324 0.076158 -0.249698
v -1.942294 0.522492 0.763932
vt 0.256367 0.649424
vn -0.882962 0.225139 -0.411935
v -1.883320 0.601813 0.645096
vt 0.275776 0.652262
vn -0.970274 0.239278 -0.036263
v -1.910307 0.154466 0.454582
vt 0.252247 0.712749
vn -0.992383 -0.098770 0.073630
v -1.886974 0.679234 0.491915
vt 0.294530 0.656580
vn -0.904974 0.425402 -0.007401
v -1.897166 0.613432 0.357189
vt 0.302434 0.674510
vn -0.902256 0.397384 -0.167394
v -1.923512 0.496099 0.335489
vt 0.295018 0.688273
vn -0.989728 0.142343 0.013295
v -1.948448 0.354454 0.164368
vt 0.300969 0.716625
vn -0.979910 0.199398 -0.004129
v -1.925884 0.379807 0.093459
vt 0.310948 0.717937
vn -0.868318 0.447731 -0.213448
v -1.813192 0.506857 -0.000175
vt 0.334569 0.707256
vn -0.824806 0.500224 -0.263572
v -1.726077 0.656535 -0.021960
vt 0.348898 0.692439
vn -0.909346 0.317983 -0.268284
v -1.973127 0.248991 -0.002225
vt 0.312718 0.740520
vn -0.991703 0.120428 -0.044962
v -1.863512 0.410897 -0.064932
vt 0.333547 0.725292
vn -0.769655 0.637442 -0.036033
v -1.711654 0.590769 -0.188724
vt 0.362325 0.709392
vn -0.904062 0.416842 -0.094418
v -1.921653 0.373962 -0.115166
vt 0.334127 0.733730
vn -0.873928 0.484814 -0.034725
v -1.764923 0.515679 -0.332848
vt 0.369863 0.729809
vn -0.867423 0.460725 -0.187908
v -1.663385 0.721441 -0.357367
vt 0.387213 0.706371
vn -0.911619 0.404713 -0.071820
v -1.745757 0.847667 0.141472
vt 0.343481 0.665293
vn -0.867066 0.493014 -0.071651
v -1.571014 0.859895 -0.658687
vt 0.428656 0.702388
vn -0.802589 0.594915 -0.043895
v -1.641462 0.931829 -0.002139
vt 0.363989 0.664164
vn -0.504836 0.862803 0.026665
v -1.631334 0.848957 -0.212388
vt 0.381140 0.681865
vn -0.863690 0.473231 -0.173471
v -1.374092 0.989276 -0.048700
vt 0.387625 0.643366
vn -0.127167 0.939327 0.318580
v -1.500822 0.997524 -0.218710
vt 0.394141 0.666407
vn -0.408351 0.912067 -0.037202
v -1.552745 0.932080 -0.369584
vt 0.403586 0.682231
vn -0.667175 0.738015 -0.101051
v -1.420053 1.011939 -0.295172
vt 0.406180 0.664561
vn -0.255935 0.965624 -0.045478
v -1.372105 0.901456 0.111913
vt 0.370428 0.631739
vn -0.093978 0.964626 0.246303
v -1.189093 0.918453 0.339077
vt 0.365255 0.600504
vn 0.073281 0.996610 0.037398
v -1.251079 0.956536 0.027249
vt 0.387808 0.627253
vn -0.148441 0.908800 0.389933
v -1.145439 0.957719 0.116868
vt 0.388144 0.612070
vn -0.068584 0.953887 0.292226
v -1.134542 1.050165 -0.112689
vt 0.410025 0.626841
vn -0.064984 0.976234 0.206746
v -0.972299 1.044428 -0.071254
vt 0.416403 0.610162
vn -0.045635 0.971931 0.230796
v -1.039991 0.892061 0.513444
vt 0.358770 0.574609
vn 0.248130 0.962985 -0.105311
v -1.045568 0.894893 0.216055
vt 0.384176 0.594812
vn 0.190444 0.920763 0.340479
v -0.914415 0.824286 0.349756
vt 0.380362 0.574060
vn 0.173384 0.974725 0.140884
v -0.809864 0.954528 0.073981
vt 0.412543 0.585519
vn 0.010244 0.852006 0.523432
v -0.961337 0.880299 0.484568
vt 0.365881 0.570245
vn 0.294343 0.948044 -0.120726
v -0.919927 0.855520 0.550864
vt 0.363912 0.563439
vn 0.232433 0.954671 -0.185953
v -0.726018 0.903356 0.184359
vt 0.407813 0.569635
vn -0.051259 0.908731 0.414223
v -0.786915 0.805280 0.395121
vt 0.385412 0.560967
vn -0.062252 0.995581 0.070302
v -0.693005 1.033491 -0.040413
vt 0.432090 0.584726
vn 0.126861 0.886633 0.444733
v -0.586211 0.902711 0.231859
vt 0.414786 0.556222
vn -0.182754 0.944778 0.272020
v -0.676467 0.838988 0.464065
vt 0.386892 0.548241
vn -0.191801 0.981259 -0.018511
v -0.595249 1.011007 -0.055449
vt 0.440955 0.577264
vn 0.095592 0.938899 0.330653
v -0.676339 1.064867 -0.126273
vt 0.439200 0.589075
vn 0.201034 0.978136 0.053244
v -1.090311 1.039228 -0.232807
vt 0.424933 0.631342
vn 0.061639 0.991979 -0.110357
v -0.627942 1.037579 -0.206066
vt 0.449409 0.588891
vn 0.047872 0.980219 -0.192037
v -0.897171 1.013911 -0.320289
vt 0.441688 0.619638
vn 0.070877 0.953811 -0.291926
v -1.216528 1.034315 -0.450915
vt 0.433463 0.655100
vn 0.017119 0.993790 -0.109944
v -1.038132 0.997344 -0.419904
vt 0.443305 0.638163
vn 0.167955 0.970475 -0.173117
v -0.361725 1.066159 -0.181462
vt 0.466087 0.564782
vn -0.177945 0.971968 0.153670
v -0.603839 0.980526 -0.345065
vt 0.464012 0.598321
vn -0.114895 0.914558 -0.387792
v -0.492750 1.030442 -0.268432
vt 0.464759 0.582345
vn -0.211959 0.952703 -0.217786
v -0.253969 1.113421 -0.357623
vt 0.488487 0.566583
vn -0.371046 0.926548 -0.061915
v -0.196790 1.059489 -0.028624
vt 0.463539 0.540581
vn -0.194463 0.956161 0.218952
v -0.887107 0.949257 -0.539252
vt 0.462867 0.633036
vn 0.229995 0.967485 -0.105234
v -0.140060 1.031877 0.159157
vt 0.451789 0.520058
vn -0.258601 0.954616 0.147763
v -0.967427 0.960229 -0.513366
vt 0.455222 0.638285
vn 0.171216 0.977225 -0.125361
v -1.046016 0.986371 -0.595979
vt 0.456641 0.650156
vn 0.206544 0.976537 -0.060946
v -0.738326 0.927633 -0.455614
vt 0.465400 0.616526
vn 0.119935 0.937024 -0.328026
v -0.759415 0.898695 -0.626393
vt 0.477714 0.628275
vn 0.171060 0.979759 0.103977
v -0.557109 0.881912 -0.584104
vt 0.486137 0.611307
vn -0.097283 0.990648 -0.095673
v -0.846402 0.949651 -0.748305
vt 0.480919 0.643381
vn 0.089141 0.990154 -0.107931
v -1.003773 0.962811 -0.737626
vt 0.470924 0.655238
vn 0.038397 0.924654 -0.378867
v -1.213131 0.943842 -0.772910
vt 0.462135 0.675288
vn 0.118916 0.959852 -0.254052
v -1.325374 1.000213 -0.668939
vt 0.445609 0.678386
vn -0.038591 0.978065 -0.204692
v -0.990376 0.895180 -0.885168
vt 0.484871 0.663661
vn 0.065755 0.896533 -0.438069
v -1.444797 0.957863 -0.729852
vt 0.444358 0.693690
vn -0.377549 0.921016 -0.095842
v -1.323707 0.966469 -0.783162
vt 0.456001 0.685817
vn 0.034868 0.969246 -0.243610
v -1.271400 0.917162 -0.961886
vt 0.476921 0.691005
vn 0.156677 0.953928 -0.255880
v -1.538898 0.916911 -0.923014
vt 0.457893 0.711543
vn -0.507088 0.861752 -0.015668
v -1.525565 0.912034 -1.081320
vt 0.472831 0.718944
vn -0.209067 0.973081 -0.096971
v -1.591783 0.827406 -0.884911
vt 0.448356 0.723583
vn -0.877133 0.476879 0.056783
v -1.590693 0.874382 -1.094221
vt 0.470069 0.727184
vn -0.787799 0.615860 -0.009457
v -1.606526 0.784159 -0.630323
vt 0.421073 0.712108
vn -0.878745 0.476979 -0.017291
v -1.695500 0.638785 -0.437844
vt 0.391714 0.719997
vn -0.920223 0.372412 -0.120413
v -1.653385 0.669695 -0.716695
vt 0.423697 0.730053
vn -0.971035 0.214607 -0.105050
v -1.716398 0.515249 -0.513281
vt 0.393332 0.738262
vn -0.973185 0.088716 -0.212228
v -1.687872 0.500188 -0.664838
vt 0.409873 0.746639
vn -0.991277 0.074711 -0.108577
v -1.690308 0.437039 -0.594698
vt 0.398703 0.751827
vn -0.985116 -0.027154 -0.169732
v -1.657424 0.514424 -0.961544
vt 0.444053 0.756817
vn -0.977871 0.204471 0.044260
v -1.687167 0.382819 -0.913189
vt 0.437140 0.770565
vn -0.990812 0.134698 -0.012136
v -1.668834 0.662775 -1.136851
vt 0.467216 0.749035
vn -0.967219 0.238900 0.086103
v -1.685244 0.522707 -1.154109
vt 0.464530 0.763958
vn -0.994255 0.106314 0.012397
v -1.620629 0.754862 -1.356840
vt 0.492042 0.744289
vn -0.902511 0.394669 -0.172370
v -1.663706 0.600523 -1.342658
vt 0.485771 0.759365
vn -0.977351 0.208049 -0.038737
v -1.713000 0.144676 -1.363076
vt 0.479713 0.811856
vn -0.986710 0.126664 0.101779
v -1.677744 0.474297 -1.253893
vt 0.475029 0.771481
vn -0.992035 0.112251 -0.057157
v -1.720244 0.341904 -1.625951
vt 0.509957 0.791775
vn -0.986537 0.147873 -0.069845
v -1.564604 0.875744 -1.319249
vt 0.491432 0.732586
vn -0.510144 0.839599 -0.186618
v -1.717872 0.131946 -0.873720
vt 0.420264 0.798947
vn -0.978003 0.208549 -0.004074
v -1.286849 0.892168 -1.092256
vt 0.484474 0.699413
vn 0.174902 0.981364 -0.079591
v -1.158772 0.832139 -1.046208
vt 0.489662 0.686656
vn 0.271711 0.958011 -0.091582
v -1.205759 0.887901 -1.159064
vt 0.496452 0.696635
vn 0.162762 0.986534 0.016084
v -1.412874 0.856237 -1.405194
vt 0.505364 0.725139
vn 0.058237 0.998295 0.003899
v -0.966081 0.800260 -1.028523
vt 0.499428 0.670756
vn 0.080349 0.977900 -0.193017
v -1.540950 0.850858 -1.438171
vt 0.501808 0.736828
vn -0.568609 0.780944 -0.258476
v -1.152234 0.807862 -1.381017
vt 0.516945 0.704234
vn 0.111737 0.989908 -0.087165
v -0.990247 0.854480 -1.186487
vt 0.509743 0.682109
vn 0.217458 0.976069 0.001017
v -0.861851 0.808723 -1.133861
vt 0.512749 0.668971
vn -0.017967 0.999793 0.009512
v -0.846530 0.818011 -0.998793
vt 0.504005 0.658274
vn -0.053974 0.951443 -0.303055
v -0.921722 0.798933 -1.320018
vt 0.522637 0.684092
vn 0.024039 0.998463 -0.049941
v -1.408643 0.874812 -1.484048
vt 0.510872 0.728145
vn 0.015768 0.998922 0.043656
v -1.481463 0.853117 -1.569310
vt 0.514275 0.737774
vn -0.518136 0.759013 -0.394252
v -1.183131 0.823533 -1.558631
vt 0.527413 0.715221
vn 0.089748 0.994490 0.054175
v -1.392810 0.864162 -1.568028
vt 0.518547 0.731533
vn -0.045524 0.976606 -0.210161
v -1.385758 0.765548 -1.735561
vt 0.531884 0.742367
vn -0.578727 0.661846 -0.476482
v -0.960184 0.839168 -1.579989
vt 0.540993 0.700145
vn 0.144725 0.987777 -0.057890
v -1.332938 0.865847 -1.677296
vt 0.530098 0.731243
vn -0.237746 0.938421 -0.250684
v -1.182554 0.827011 -1.654913
vt 0.535103 0.720241
vn 0.125259 0.989150 -0.076756
v -1.472489 0.780466 -1.640987
vt 0.520485 0.743877
vn -0.650214 0.554910 -0.518937
v -1.633706 0.658902 -1.534111
vt 0.506065 0.758236
vn -0.830810 0.517049 -0.205949
v -1.543642 0.669839 -1.691307
vt 0.522026 0.755444
vn -0.625468 0.677366 -0.387252
v -1.694282 0.494271 -1.681397
vt 0.518380 0.778836
vn -0.918937 0.318884 -0.232094
v -1.534860 0.569576 -1.914712
vt 0.541405 0.765866
vn -0.646632 0.613301 -0.453573
v -1.354028 0.710791 -1.864905
vt 0.543679 0.747051
vn -0.647693 0.742308 -0.171680
v -1.276400 0.770604 -1.886263
vt 0.548226 0.739254
vn -0.222609 0.939705 -0.259615
v -1.429412 0.625481 -1.934618
vt 0.546792 0.758663
vn -0.653292 0.701090 -0.285801
v -1.368963 0.730549 -1.961273
vt 0.551629 0.749371
vn -0.689691 0.723022 -0.039570
v -1.333451 0.731553 -2.068063
vt 0.560433 0.750240
vn -0.525927 0.773118 -0.354526
v -1.122234 0.787100 -1.808264
vt 0.547753 0.726207
vn 0.020317 0.955525 -0.294208
v -1.041465 0.809512 -1.757688
vt 0.549523 0.715099
vn 0.006721 0.968026 -0.250760
v -1.081016 0.732593 -2.000401
vt 0.565728 0.729503
vn -0.085765 0.989530 -0.116084
v -0.939286 0.771214 -1.878660
vt 0.562799 0.713680
vn -0.048738 0.994734 -0.090160
v -1.398386 0.581911 -2.082074
vt 0.559564 0.762753
vn -0.776683 0.291888 -0.558180
v -1.119157 0.737111 -2.245848
vt 0.581308 0.741680
vn -0.338956 0.934910 -0.105127
v -1.212554 0.692072 -2.232179
vt 0.576852 0.749325
vn -0.608395 0.519270 -0.600178
v -1.347682 0.543829 -2.149908
vt 0.569085 0.767712
vn -0.676456 0.235788 -0.697719
v -0.999927 0.741630 -2.136922
vt 0.578347 0.729732
vn -0.276849 0.957033 0.086267
v -0.855953 0.797822 -2.137776
vt 0.583535 0.720623
vn -0.202315 0.972262 0.117367
v -1.074029 0.681960 -2.378524
vt 0.592676 0.746273
vn -0.671240 0.363156 -0.646185
v -0.931658 0.798826 -2.384505
vt 0.597467 0.733974
vn -0.429617 0.850177 -0.304348
v -0.973132 0.809978 -2.293946
vt 0.590784 0.732967
vn -0.337287 0.941258 -0.016424
v -0.843133 0.825649 -2.388007
vt 0.601404 0.728313
vn -0.132553 0.981241 -0.139986
v -0.774736 0.794594 -2.037735
vt 0.581918 0.710216
vn -0.185355 0.978085 0.094830
v -0.939158 0.739048 -2.516156
vt 0.605890 0.739635
vn -0.621933 0.405334 -0.670003
v -0.853133 0.769887 -1.683789
vt 0.554406 0.698177
vn 0.069083 0.989670 -0.125625
v -0.660890 0.839419 -2.167763
vt 0.595315 0.708507
vn -0.147619 0.989035 -0.004322
v -0.874863 0.777633 -2.526664
vt 0.607126 0.735546
vn -0.345807 0.779562 -0.522207
v -0.820761 0.809333 -1.467645
vt 0.540642 0.684398
vn -0.088378 0.993094 -0.077154
v -0.616083 0.817114 -1.819285
vt 0.575448 0.688670
vn -0.303705 0.952448 0.024619
v -0.564032 0.862799 -1.961786
vt 0.588251 0.692195
vn -0.287593 0.954857 0.074419
v -0.579737 0.859285 -1.517794
vt 0.557183 0.669184
vn -0.195883 0.976728 -0.087361
v -0.506853 0.860899 -1.801087
vt 0.580789 0.679438
vn -0.288618 0.957114 0.025154
v -0.373584 0.905149 -1.917873
vt 0.596963 0.675654
vn -0.141558 0.989910 -0.006216
v -0.678518 0.856667 -1.419120
vt 0.544717 0.670573
vn -0.189484 0.981716 -0.018169
v -0.558134 0.854910 -1.308741
vt 0.542290 0.654917
vn -0.107057 0.989709 0.094948
v -0.358905 0.894427 -1.442613
vt 0.565362 0.654551
vn -0.152915 0.984213 0.089114
v -0.264931 0.924334 -1.686608
vt 0.587884 0.656611
vn -0.149486 0.987813 -0.043345
v -0.313969 0.904970 -1.752391
vt 0.589517 0.665293
vn -0.199020 0.978140 -0.060269
v -0.213649 0.931506 -1.544193
vt 0.578714 0.642466
vn -0.226994 0.971146 -0.073144
v -0.337430 0.870903 -1.248682
vt 0.550607 0.637644
vn -0.343039 0.935873 -0.080414
v -0.589544 0.828374 -1.015452
vt 0.519875 0.643259
vn -0.161784 0.975685 -0.147866
v -0.599737 0.851073 -1.146420
vt 0.528817 0.650050
vn 0.128074 0.988140 0.084711
v -0.629288 0.882235 -0.873891
vt 0.505669 0.635599
vn -0.020573 0.894461 -0.446673
v -0.680249 0.941905 -0.802042
vt 0.495949 0.633997
vn 0.112030 0.968733 -0.221372
v -0.540891 0.920174 -0.778377
vt 0.503304 0.621530
vn -0.170079 0.985001 -0.029083
v -0.461789 0.908699 -0.916436
vt 0.520653 0.626200
vn -0.418446 0.857853 -0.298313
v -0.225572 0.967437 -1.161456
vt 0.549065 0.619684
vn -0.591218 0.759713 -0.270736
v -0.317302 1.039371 -0.850226
vt 0.522194 0.605890
vn -0.335031 0.941124 -0.045171
v -0.423584 0.916158 -0.592477
vt 0.496345 0.601709
vn -0.365133 0.923288 -0.119234
v -0.141213 0.996591 -1.290373
vt 0.567178 0.620874
vn -0.563421 0.789762 -0.242555
v -0.291918 1.067414 -0.442372
vt 0.492393 0.577600
vn -0.353430 0.863743 -0.359214
v -0.231790 1.006524 -0.637158
vt 0.509377 0.587213
vn -0.480722 0.870932 -0.101903
v -0.159675 1.040125 -0.747109
vt 0.524788 0.587564
vn -0.436318 0.893139 -0.109224
v 0.005837 1.198409 -0.689613
vt 0.532479 0.563012
vn -0.336820 0.938802 -0.072140
v 0.039491 1.196903 -0.858171
vt 0.547829 0.572000
vn -0.439196 0.898378 -0.004849
v -0.120380 1.030622 -0.862613
vt 0.538094 0.592096
vn -0.351868 0.931704 -0.090090
v -0.111919 1.161366 -0.336094
vt 0.496513 0.552895
vn -0.150469 0.972515 0.177691
v 0.002568 1.166924 -0.373770
vt 0.505684 0.546883
vn -0.101492 0.984209 0.145026
v 0.211477 1.205329 -0.420416
vt 0.525673 0.531670
vn -0.211339 0.975894 0.054471
v 0.199811 1.204110 -0.730450
vt 0.548379 0.552377
vn -0.134824 0.989602 0.050106
v 0.283336 1.250333 -0.927457
vt 0.570474 0.557733
vn -0.077883 0.995091 0.061057
v 0.136157 1.160254 -0.148741
vt 0.496757 0.520012
vn -0.281715 0.949424 0.138673
v 0.415963 1.254852 -0.841939
vt 0.571405 0.542473
vn -0.142626 0.984953 -0.097601
v 0.259362 1.193496 -0.034433
vt 0.496208 0.503227
vn -0.450466 0.890902 -0.058080
v 0.090003 1.099759 0.062191
vt 0.473762 0.512810
vn -0.362680 0.928524 0.079414
v 0.419745 1.266829 -0.447156
vt 0.541283 0.515770
vn -0.209230 0.977853 0.005052
v -0.050829 1.043997 0.364536
vt 0.441459 0.502144
vn -0.524541 0.839568 -0.141360
v -0.278008 0.945742 0.530104
vt 0.410254 0.509545
vn -0.406774 0.887086 -0.218206
v 0.215644 1.233587 0.189570
vt 0.478080 0.486976
vn -0.392098 0.914540 -0.099373
v -0.369481 0.919457 0.399734
vt 0.413916 0.526833
vn -0.284527 0.954323 0.091167
v -0.090188 1.058306 0.477221
vt 0.428870 0.494743
vn -0.542732 0.819563 -0.183738
v -0.437302 0.919888 0.615024
vt 0.392157 0.516915
vn -0.385656 0.883208 -0.266858
v -0.568134 0.852579 0.596228
vt 0.384024 0.528771
vn -0.215883 0.965186 -0.147682
v -0.594416 0.912931 0.839283
vt 0.362432 0.513619
vn -0.362940 0.907139 -0.213011
v -0.503840 0.972888 0.827067
vt 0.369863 0.506065
vn -0.371517 0.912343 -0.172065
v -0.313648 0.996197 0.654066
vt 0.398733 0.502205
vn -0.343829 0.906470 -0.245141
v -0.482301 0.986192 1.001178
vt 0.357534 0.488777
vn -0.226099 0.974063 -0.009016
v -0.130380 1.043244 0.678756
vt 0.409964 0.485420
vn -0.361699 0.932000 -0.023446
v 0.067632 1.160111 0.432796
vt 0.446143 0.483604
vn -0.426505 0.904356 0.015267
v -0.214803 1.026821 0.965723
vt 0.379507 0.468803
vn -0.248759 0.968519 -0.009446
v -0.014868 1.106465 0.737875
vt 0.415869 0.470726
vn -0.339582 0.938472 0.062884
v 0.216477 1.178650 0.622798
vt 0.445136 0.456916
vn -0.288486 0.955420 0.062839
v -0.449609 0.985833 1.248675
vt 0.337896 0.468666
vn -0.146850 0.988333 0.040402
v -0.373840 0.988559 1.072428
vt 0.359258 0.476265
vn -0.138096 0.989813 0.034634
v -0.219546 1.029618 1.207155
vt 0.359609 0.452506
vn -0.253175 0.962517 0.097284
v 0.080837 1.109441 0.880291
vt 0.409659 0.452171
vn -0.342039 0.939654 -0.007714
v -0.533904 0.949687 1.533762
vt 0.306706 0.455039
vn -0.259024 0.956477 0.134381
v -0.345507 0.970521 1.545125
vt 0.324010 0.438621
vn -0.143131 0.985690 0.089046
v -0.154290 0.983359 1.754092
vt 0.317556 0.405615
vn -0.061791 0.925916 0.372641
v -0.147239 1.026892 1.427314
vt 0.346899 0.430198
vn -0.235964 0.965183 0.112882
v -0.025765 1.001504 1.698647
vt 0.332647 0.398810
vn -0.079549 0.936941 0.340313
v -0.003393 0.931291 1.818167
vt 0.322133 0.386297
vn 0.023874 0.857134 0.514539
v 0.078914 0.874633 1.911117
vt 0.318441 0.371511
vn 0.100317 0.796517 0.596236
v -0.126790 1.023306 1.266103
vt 0.361883 0.440482
vn -0.260884 0.944054 0.201745
v 0.161990 0.975577 1.771350
vt 0.340902 0.376806
vn 0.170410 0.848833 0.500443
v 0.079042 1.063828 1.554437
vt 0.354467 0.401404
vn -0.060175 0.952369 0.298953
v 0.062311 1.117725 1.345726
vt 0.371618 0.418372
vn -0.230460 0.951625 0.203218
v -0.074355 1.093268 1.192375
vt 0.373907 0.439658
vn -0.384700 0.911319 0.146641
v -0.185252 1.057266 1.125994
vt 0.369970 0.455482
vn -0.444039 0.895652 -0.025238
v 0.146093 1.181017 1.072086
vt 0.400504 0.431067
vn -0.272137 0.961947 -0.024474
v 0.242438 1.192026 0.921128
vt 0.419883 0.435721
vn -0.271467 0.962448 -0.000527
v 0.310451 1.184387 1.128813
vt 0.407706 0.415564
vn 0.173545 0.953980 0.244550
v 0.204041 1.136873 1.298225
vt 0.386130 0.410361
vn 0.099779 0.950014 0.295833
v 0.300643 1.034925 1.531114
vt 0.370565 0.382223
vn 0.222952 0.906341 0.358941
v 0.398848 1.237209 0.673972
vt 0.450660 0.439338
vn -0.010470 0.996622 0.081450
v 0.368399 1.235703 0.400076
vt 0.470375 0.461097
vn -0.192426 0.979801 0.054424
v 0.419617 1.082941 1.255167
vt 0.405051 0.394080
vn 0.232970 0.925818 0.297635
v 0.335707 1.243520 0.159498
vt 0.487282 0.480018
vn -0.109746 0.993954 -0.003452
v 0.431220 1.020115 1.483614
vt 0.385626 0.374044
vn 0.211844 0.915160 0.342934
v 0.300131 1.228423 0.020586
vt 0.495277 0.493461
vn -0.327965 0.936454 -0.124469
v 0.481155 1.264570 0.011700
vt 0.508415 0.480262
vn -0.212516 0.976753 0.028127
v 0.507373 1.288308 -0.309269
vt 0.534630 0.497017
vn -0.170575 0.984934 -0.028453
v 0.474873 1.257935 0.374532
vt 0.483284 0.451621
vn -0.012461 0.993371 0.114274
v 0.652372 1.308605 -0.004617
vt 0.522988 0.467613
vn 0.012844 0.996227 0.085830
v 0.893717 1.299640 -0.410591
vt 0.570901 0.477607
vn 0.201617 0.979338 0.015748
v 0.795897 1.306059 -0.231781
vt 0.553109 0.474037
vn 0.061630 0.996985 -0.047136
v 0.845448 1.305700 -0.177703
vt 0.548837 0.464714
vn 0.164791 0.985795 0.032436
v 0.755705 1.265860 0.012982
vt 0.528893 0.456779
vn 0.252151 0.965363 0.067036
v 1.017499 1.269482 -0.161556
vt 0.560678 0.452262
vn 0.282424 0.957511 -0.058388
v 0.802628 1.264175 0.112425
vt 0.524788 0.447257
vn 0.144454 0.977767 0.152002
v 1.085639 1.259334 -0.012135
vt 0.553216 0.434943
vn 0.309956 0.946729 0.087365
v 0.718013 1.231041 0.347023
vt 0.498375 0.436500
vn 0.189671 0.941200 0.279584
v 0.846666 1.215119 0.253816
vt 0.516487 0.434058
vn 0.287067 0.917283 0.276015
v 0.846089 1.152293 0.482774
vt 0.494530 0.415106
vn 0.173896 0.966036 0.191138
v 0.974550 1.178076 0.218105
vt 0.527764 0.422690
vn 0.232206 0.915586 0.328303
v 1.175318 1.199807 -0.051178
vt 0.564935 0.427100
vn 0.694596 0.676725 -0.244089
v 1.035704 1.234447 -0.340793
vt 0.578088 0.459205
vn 0.665446 0.740397 -0.094837
v 1.001666 1.261629 -0.450061
vt 0.581979 0.472053
vn 0.547039 0.830131 -0.107850
v 1.046537 1.200058 -0.489531
vt 0.590463 0.470451
vn 0.786520 0.564575 -0.250283
v 0.858012 1.271921 -0.684060
vt 0.588357 0.497856
vn 0.416906 0.839465 -0.348550
v 0.708654 1.288308 -0.603925
vt 0.574151 0.505425
vn 0.006757 0.999799 -0.018872
v 0.474809 1.292468 -0.756165
vt 0.568795 0.531685
vn -0.214013 0.969357 -0.120605
v 0.701475 1.281244 -0.808108
vt 0.586419 0.518776
vn 0.193908 0.945037 -0.263257
v 0.521604 1.234842 -1.046208
vt 0.593423 0.548516
vn 0.380213 0.790811 -0.479642
v 0.736346 1.219171 -0.890806
vt 0.597040 0.521431
vn 0.564267 0.566175 -0.600873
v 0.434040 1.233228 -0.957358
vt 0.581476 0.548913
vn -0.033956 0.996042 -0.082142
v 0.406027 1.251086 -1.109086
vt 0.590814 0.561181
vn 0.243859 0.935778 -0.254659
v 0.560322 1.059991 -1.088924
vt 0.612100 0.548333
vn 0.648732 0.449457 -0.614113
v 0.811025 1.093197 -0.880640
vt 0.611978 0.514641
vn 0.645759 0.402851 -0.648618
v 0.964999 1.177001 -0.662104
vt 0.598856 0.488151
vn 0.701290 0.478024 -0.528853
v 1.097947 1.025888 -0.573938
vt 0.611048 0.468864
vn 0.829401 0.371885 -0.416889
v 0.354361 1.177861 -1.237405
vt 0.599817 0.573816
vn 0.665434 0.616804 -0.420417
v 0.764615 0.969732 -0.998024
vt 0.626581 0.527169
vn 0.570680 0.644329 -0.509082
v 0.269746 1.215155 -1.313525
vt 0.596384 0.584817
vn 0.052098 0.910886 -0.409356
v 0.582693 0.985260 -1.126258
vt 0.621363 0.550057
vn 0.582460 0.730545 -0.356433
v 0.535514 0.995229 -1.250220
vt 0.623682 0.563012
vn 0.585691 0.777106 -0.230375
v 0.386092 1.112238 -1.411772
vt 0.613809 0.586328
vn 0.587845 0.743046 -0.319877
v 0.724231 0.934841 -1.177944
vt 0.636698 0.545052
vn 0.510478 0.799604 -0.316299
v 0.235067 1.247393 -1.205368
vt 0.586221 0.579370
vn -0.262915 0.940009 -0.217389
v 0.167119 1.135618 -1.372644
vt 0.593622 0.597665
vn -0.386172 0.880369 -0.275358
v 0.054940 1.211784 -0.953684
vt 0.556909 0.576989
vn -0.521271 0.845653 -0.114663
v 0.054234 1.131136 -1.085079
vt 0.564797 0.589441
vn -0.639364 0.719949 -0.269977
v -0.052624 1.060636 -1.070556
vt 0.556680 0.599802
vn -0.338024 0.940276 -0.040262
v -0.221790 1.051277 -0.966585
vt 0.538216 0.606012
vn -0.259632 0.961141 -0.093805
v -0.166213 1.039945 -1.147359
vt 0.555337 0.611917
vn -0.489684 0.851679 -0.186685
v -0.064675 1.064688 -1.292936
vt 0.572457 0.612238
vn -0.463681 0.849589 -0.251392
v -0.027175 1.018537 -1.400923
vt 0.583001 0.618921
vn -0.304051 0.881781 -0.360575
v 0.093914 1.097392 -1.419205
vt 0.592325 0.607904
vn -0.439363 0.809145 -0.390184
v 0.085003 0.955353 -1.670803
vt 0.610056 0.629679
vn -0.358320 0.879061 -0.314417
v 0.074106 0.977801 -1.539750
vt 0.599847 0.622126
vn -0.266749 0.904768 -0.332023
v 0.278208 1.159501 -1.410405
vt 0.603967 0.592248
vn 0.041675 0.895369 -0.443371
v 0.222439 1.056405 -1.616554
vt 0.614572 0.612970
vn -0.276299 0.865045 -0.418756
v -0.022624 0.927346 -1.691734
vt 0.604013 0.639948
vn -0.079287 0.985913 -0.147270
v 0.071093 0.925733 -1.717108
vt 0.612680 0.635630
vn -0.243521 0.938097 -0.246316
v -0.128072 0.928207 -1.898224
vt 0.608545 0.662699
vn -0.070332 0.997326 -0.019849
v 0.141734 0.933371 -1.821420
vt 0.624430 0.635920
vn 0.027936 0.974959 -0.220623
v 0.285451 1.053895 -1.631675
vt 0.620554 0.609964
vn 0.308512 0.762880 -0.568185
v -0.265059 0.899950 -1.881137
vt 0.600351 0.668635
vn -0.113296 0.979623 0.165840
v -0.096406 0.911317 -2.188010
vt 0.627832 0.678279
vn -0.131445 0.956748 -0.259529
v 0.000709 0.924764 -2.160587
vt 0.632654 0.671778
vn 0.232518 0.938579 -0.254959
v -0.215508 0.870509 -2.220987
vt 0.623468 0.690455
vn -0.145031 0.948501 -0.281623
v -0.039868 0.811950 -2.436277
vt 0.642451 0.692699
vn 0.313440 0.802422 -0.507813
v -0.403135 0.828984 -2.331195
vt 0.617578 0.702785
vn 0.001782 0.991562 -0.129622
v -0.578647 0.833861 -2.308726
vt 0.607233 0.710964
vn -0.010513 0.997971 -0.062795
v -0.213136 0.801695 -2.419276
vt 0.632975 0.699763
vn 0.063122 0.953290 -0.295387
v -0.428968 0.826294 -2.623032
vt 0.629023 0.717555
vn 0.095301 0.968559 -0.229808
v -0.684095 0.788821 -2.550414
vt 0.615473 0.726986
vn -0.131385 0.960511 -0.245267
v -0.191149 0.739155 -2.602015
vt 0.641550 0.708934
vn 0.346739 0.889069 -0.298880
v -0.691531 0.755256 -2.639947
vt 0.619623 0.731197
vn -0.358810 0.623067 -0.695013
v -0.490058 0.801121 -2.698810
vt 0.629496 0.723583
vn -0.164583 0.796013 -0.582474
v -0.331341 0.728685 -2.770829
vt 0.639353 0.721538
vn 0.266653 0.798979 -0.539007
v -0.093329 0.697523 -2.613378
vt 0.647349 0.706859
vn 0.574130 0.554346 -0.602557
v -0.444994 0.733454 -2.751436
vt 0.634394 0.725353
vn -0.320376 0.431637 -0.843237
v -0.368456 0.694474 -2.825250
vt 0.640223 0.725078
vn -0.199550 0.464556 -0.862768
v -0.698390 0.683860 -2.657803
vt 0.620203 0.737331
vn -0.450123 0.076876 -0.889651
v -0.482430 0.597546 -2.756392
vt 0.636606 0.732860
vn -0.465084 -0.057255 -0.883413
v -0.312431 0.648502 -2.846437
vt 0.643610 0.724498
vn 0.168453 0.285481 -0.943464
v -0.480122 0.463288 -2.728711
vt 0.641810 0.738933
vn -0.550522 0.059463 -0.832700
v -0.601596 0.335521 -2.676939
vt 0.638712 0.751598
vn -0.564825 0.276683 -0.777444
v -0.379353 0.578828 -2.806455
vt 0.643473 0.731563
vn -0.504505 -0.007217 -0.863379
v -0.387622 0.370161 -2.846437
vt 0.652018 0.739834
vn -0.519464 0.426084 -0.740682
v -0.300764 0.476986 -2.857714
vt 0.651453 0.731106
vn 0.153185 0.198259 -0.968105
v -0.156983 0.443278 -2.745200
vt 0.658869 0.722240
vn 0.669594 0.201133 -0.714975
v -0.318648 0.321607 -2.914612
vt 0.658289 0.739223
vn 0.167146 0.330638 -0.928838
v -0.562493 0.257060 -2.801756
vt 0.648646 0.752697
vn -0.660733 0.412774 -0.626937
v -0.472045 0.262439 -2.898978
vt 0.654810 0.747875
vn -0.531571 0.319074 -0.784617
v -0.757620 0.206390 -2.621238
vt 0.635264 0.766354
vn -0.604839 0.211576 -0.767727
v -0.370956 0.211913 -2.947589
vt 0.660792 0.745815
vn -0.058391 0.029021 -0.997872
v -0.582814 0.151920 -2.805686
vt 0.652659 0.758907
vn -0.626098 -0.079888 -0.775642
v -0.478904 0.114841 -2.870358
vt 0.659602 0.754711
vn -0.523625 -0.355393 -0.774282
v -0.297046 0.039859 -2.919823
vt 0.670512 0.749783
vn 0.189193 -0.330866 -0.924518
v -0.234354 0.264411 -2.863182
vt 0.665675 0.736065
vn 0.641228 0.098149 -0.761048
v -0.356725 -0.017230 -2.868649
vt 0.671839 0.756466
vn -0.177374 -0.484935 -0.856374
v -0.212303 -0.016047 -2.845155
vt 0.678492 0.747662
vn 0.570382 -0.287530 -0.769409
v -0.484160 0.060263 -2.815254
vt 0.661143 0.759380
vn -0.496299 -0.300384 -0.814529
v -0.636531 0.042978 -2.748532
vt 0.652888 0.767697
vn -0.558883 0.003531 -0.829239
v -0.553839 -0.057536 -2.787489
vt 0.664027 0.768826
vn -0.374064 -0.106567 -0.921260
v -0.630057 -0.174295 -2.731018
vt 0.665507 0.780713
vn -0.278246 -0.516343 -0.809919
v -0.663711 -0.030139 -2.741868
vt 0.655818 0.773663
vn -0.637728 0.073422 -0.766754
v -0.906338 0.020172 -2.539479
vt 0.632410 0.786938
vn -0.498528 0.048193 -0.865533
v -0.743967 -0.136678 -2.663527
vt 0.652842 0.787961
vn -0.598509 -0.049158 -0.799607
v -0.733903 -0.229160 -2.657632
vt 0.661479 0.792386
vn -0.241443 -0.564834 -0.789093
v -0.216021 -0.159915 -2.772111
vt 0.688243 0.755550
vn 0.376074 -0.540573 -0.752562
v -0.737941 -0.346564 -2.466093
vt 0.670405 0.811841
vn -0.071522 -0.566860 -0.820703
v -0.277238 -0.226470 -2.716238
vt 0.691112 0.764141
vn 0.051935 -0.735332 -0.675714
v -0.115829 -0.283272 -2.579717
vt 0.711803 0.757473
vn 0.462640 -0.552734 -0.693144
v -0.826082 -0.279220 -2.598940
vt 0.655314 0.802579
vn -0.284034 -0.546354 -0.787922
v -1.015760 -0.196707 -2.472500
vt 0.633661 0.808835
vn -0.531619 -0.171343 -0.829471
v -0.292302 -0.315187 -2.601759
vt 0.701289 0.774304
vn 0.049030 -0.758810 -0.649464
v -0.885697 -0.368904 -2.463786
vt 0.657023 0.820462
vn -0.117619 -0.690951 -0.713269
v -1.013004 -0.359796 -2.428929
vt 0.642390 0.828229
vn -0.396207 -0.373190 -0.838898
v -0.787813 -0.410968 -2.443538
vt 0.673136 0.820905
vn -0.039812 -0.608579 -0.792494
v -0.521724 -0.393755 -2.511970
vt 0.692027 0.799924
vn -0.153361 -0.619346 -0.769994
v -0.265828 -0.448405 -2.446016
vt 0.721386 0.787610
vn -0.046253 -0.674438 -0.736882
v -0.575378 -0.512056 -2.308299
vt 0.701808 0.826505
vn -0.139206 -0.645671 -0.750820
v -0.946145 -0.468235 -2.376816
vt 0.655680 0.838010
vn -0.034819 -0.651884 -0.757519
v -0.761659 -0.549278 -2.252853
vt 0.684871 0.846372
vn -0.014937 -0.580823 -0.813893
v -0.892492 -0.555410 -2.262764
vt 0.668421 0.852583
vn 0.108223 -0.603910 -0.789671
v -1.093644 -0.577930 -2.298645
vt 0.643442 0.859861
vn -0.172664 -0.527739 -0.831672
v -0.823069 -0.717531 -2.195443
vt 0.685161 0.873304
vn 0.013581 -0.623566 -0.781652
v -1.046593 -0.714662 -2.204413
vt 0.654795 0.880262
vn -0.053768 -0.609827 -0.790708
v -1.183772 -0.504202 -2.290102
vt 0.629053 0.855390
vn -0.382441 -0.416525 -0.824770
v -1.171657 -0.699995 -2.178698
vt 0.635950 0.883406
vn -0.330885 -0.568273 -0.753379
v -1.066337 -0.798000 -2.121544
vt 0.653529 0.899809
vn 0.006335 -0.734841 -0.678210
v -0.661275 -0.726496 -2.202619
vt 0.710979 0.863813
vn -0.147786 -0.553069 -0.819923
v -1.164798 -0.308015 -2.376047
vt 0.624674 0.831464
vn -0.446555 0.082445 -0.890950
v -1.154413 -0.239702 -2.353834
vt 0.620905 0.824933
vn -0.507555 -0.154858 -0.847589
v -1.256721 -0.367829 -2.318978
vt 0.616724 0.842847
vn -0.515684 -0.090474 -0.851988
v -1.300438 -0.501083 -2.246104
vt 0.615259 0.859983
vn -0.431528 -0.445015 -0.784694
v -1.447873 -0.607550 -2.084552
vt 0.596094 0.882979
vn -0.468257 -0.473661 -0.745909
v -1.197875 -0.144711 -2.388434
vt 0.613962 0.815976
vn -0.534944 -0.296421 -0.791182
v -1.265182 -0.255696 -2.283353
vt 0.604852 0.832685
vn -0.538311 -0.089491 -0.837981
v -1.477360 -0.386547 -2.137947
vt 0.590127 0.851957
vn -0.533105 -0.200886 -0.821854
v -1.633642 -0.526507 -2.004502
vt 0.569711 0.876936
vn -0.450182 -0.374048 -0.810817
v -1.140952 -0.004930 -2.448152
vt 0.614282 0.800626
vn -0.455002 -0.053122 -0.888905
v -1.316207 -0.000627 -2.332305
vt 0.596521 0.808927
vn -0.529775 -0.081515 -0.844212
v -1.518450 -0.135459 -2.211248
vt 0.579675 0.830289
vn -0.582470 -0.050467 -0.811284
v -1.156785 0.104191 -2.434824
vt 0.607721 0.792447
vn -0.499006 0.269181 -0.823732
v -1.398066 0.076041 -2.278654
vt 0.586252 0.806958
vn -0.642025 0.257574 -0.722122
v -0.868838 0.272085 -2.528202
vt 0.622492 0.768093
vn -0.493718 0.078105 -0.866107
v -1.051273 0.490505 -2.415858
vt 0.600275 0.759701
vn -0.595787 0.081960 -0.798949
v -1.230759 0.152816 -2.337688
vt 0.596124 0.791485
vn -0.528035 0.290866 -0.797857
v -1.128196 0.305148 -2.411501
vt 0.601221 0.775982
vn -0.491321 0.048806 -0.869610
v -1.297233 0.279759 -2.294971
vt 0.585794 0.784451
vn -0.606831 0.199427 -0.769405
v -1.306079 0.397378 -2.220389
vt 0.578058 0.775860
vn -0.606292 0.291986 -0.739698
v -1.401399 0.341904 -2.173145
vt 0.570504 0.784726
vn -0.696002 0.224141 -0.682160
v -1.389348 0.142632 -2.248667
vt 0.581537 0.799710
vn -0.684656 0.263044 -0.679745
v -1.526399 0.080165 -2.069003
vt 0.562081 0.809903
vn -0.745737 0.330565 -0.578448
v -1.557039 0.425994 -1.981264
vt 0.546960 0.780636
vn -0.780074 0.194882 -0.594563
v -1.568706 0.506033 -1.932141
vt 0.541268 0.773693
vn -0.699878 0.382526 -0.603195
v -1.677552 0.206032 -1.839788
vt 0.533089 0.804883
vn -0.854154 0.233963 -0.464416
v -1.683898 0.327309 -1.766914
vt 0.524285 0.791211
vn -0.928066 0.139947 -0.345121
v -1.773961 0.008446 -1.748717
vt 0.522881 0.827573
vn -0.913791 0.370547 -0.166374
v -1.760051 -0.058074 -1.893013
vt 0.537896 0.833204
vn -0.816070 0.315772 -0.484063
v -1.779923 -0.019597 -1.557691
vt 0.502281 0.831006
vn -0.953456 0.263667 0.146294
v -1.863320 -0.126422 -1.705574
vt 0.518898 0.844633
vn -0.944417 0.328116 -0.020404
v -1.769282 -0.137790 -1.346331
vt 0.475242 0.844923
vn -0.958066 0.273072 0.086836
v -1.877999 -0.325371 -1.608096
vt 0.510033 0.867445
vn -0.980362 0.071640 0.183733
v -1.879602 -0.343803 -1.831160
vt 0.535271 0.862165
vn -0.925406 0.111670 -0.362152
v -1.733577 -0.244830 -1.984169
vt 0.553002 0.849943
vn -0.752173 0.086935 -0.653205
v -1.832423 -0.312497 -1.476615
vt 0.494606 0.865492
vn -0.969321 0.095287 0.226579
v -1.717936 -0.032649 -1.247144
vt 0.463462 0.829648
vn -0.954812 0.297175 -0.004564
v -1.859089 -0.564590 -1.567345
vt 0.509575 0.898589
vn -0.980008 -0.123619 0.155891
v -1.713962 0.075001 -1.136851
vt 0.451301 0.814847
vn -0.983336 0.170208 -0.063866
v -1.771782 -0.066680 -1.070983
vt 0.440879 0.832044
vn -0.970457 0.232599 -0.064111
v -1.816718 -0.310095 -1.336421
vt 0.474754 0.868376
vn -0.988579 0.113371 0.099286
v -1.773320 -0.034693 -0.856548
vt 0.410193 0.823484
vn -0.952590 0.279064 -0.121223
v -1.784282 -0.255373 -1.050821
vt 0.433783 0.859617
vn -0.998398 0.024495 0.051003
v -1.784218 -0.526184 -1.147616
vt 0.445731 0.905516
vn -0.987710 -0.138600 0.072242
v -1.737231 0.049899 -0.708494
vt 0.395972 0.802472
vn -0.885536 0.450917 -0.111802
v -1.676398 0.228372 -0.598713
vt 0.391699 0.775784
vn -0.972641 0.142019 -0.183850
v -1.867615 -0.066895 -0.518663
vt 0.362325 0.819821
vn -0.909502 0.329138 -0.253916
v -1.757103 0.400641 -0.440664
vt 0.377462 0.747951
vn -0.875457 0.166822 -0.453591
v -1.754987 0.132089 -0.502944
vt 0.372839 0.783413
vn -0.844701 0.348933 -0.405864
v -1.814025 0.267172 -0.371463
vt 0.360800 0.760601
vn -0.832438 0.132779 -0.537975
v -1.855371 0.408136 -0.289192
vt 0.356146 0.739910
vn -0.855286 0.347664 -0.384208
v -1.891204 -0.003209 -0.376333
vt 0.341405 0.794888
vn -0.987036 -0.107489 -0.119189
v -1.952550 0.080272 -0.196583
vt 0.325292 0.770718
vn -0.936113 -0.314202 -0.158017
v -1.944217 0.100927 0.018450
vt 0.299641 0.756527
vn -0.956423 -0.257183 0.138245
v -1.899410 0.036631 -0.072536
vt 0.306111 0.772595
vn -0.707565 -0.695561 -0.124687
v -1.831141 -0.001703 -0.133620
vt 0.310109 0.784680
vn -0.880534 -0.432635 -0.193614
v -1.925371 0.026124 0.016656
vt 0.293523 0.769360
vn -0.959539 -0.110547 -0.258968
v -1.931076 0.133380 0.082182
vt 0.294102 0.747967
vn -0.990130 -0.140088 0.004296
v -1.954730 0.203450 0.151553
vt 0.291600 0.734051
vn -0.997302 -0.053686 0.050070
v -1.955307 0.068690 0.213065
vt 0.272526 0.744472
vn -0.998636 -0.033967 0.039660
v -1.929922 -0.018951 0.318659
vt 0.254307 0.743542
vn -0.873173 -0.415805 0.254312
v -1.884666 0.087767 0.462270
vt 0.244953 0.719875
vn -0.944034 -0.287245 0.162145
v -1.933127 -0.065031 0.181625
vt 0.263111 0.761593
vn -0.856001 -0.451665 0.251518
v -1.941461 -0.124342 0.073297
vt 0.274022 0.779171
vn -0.931461 -0.359438 0.056438
v -1.872871 -0.256700 -0.034518
vt 0.275486 0.808057
vn -0.807925 -0.542801 0.229401
v -1.907358 -0.176195 -0.009829
vt 0.279820 0.794614
vn -0.948595 -0.150929 -0.278188
v -1.868384 -0.342619 -0.171552
vt 0.287572 0.832364
vn -0.857042 -0.423975 0.292787
v -1.871012 -0.259748 -0.153013
vt 0.292973 0.818143
vn -0.996073 0.077776 -0.042304
v -1.816653 -0.079195 -0.189322
vt 0.310567 0.796506
vn -0.996051 0.063781 -0.061761
v -1.890435 -0.314505 -0.263648
vt 0.304555 0.834394
vn -0.984402 0.056352 0.166668
v -1.833384 -0.048177 -0.296197
vt 0.326452 0.798520
vn -0.946227 -0.215095 0.241638
v -1.884858 -0.071916 -0.452709
vt 0.348943 0.810712
vn -0.992291 0.117020 -0.040795
v -1.917615 -0.422263 -0.436221
vt 0.325475 0.862974
vn -0.897976 -0.405388 0.171172
v -1.712936 -0.437288 -0.083300
vt 0.256352 0.845197
vn -0.919187 -0.248912 0.305184
v -1.766782 -0.486416 -0.251773
vt 0.283253 0.866514
vn -0.875893 -0.397731 0.273170
v -1.928576 -0.383678 -0.534981
vt 0.344549 0.862043
vn -0.988286 -0.065333 -0.137924
v -1.866205 -0.514817 -0.646726
vt 0.356023 0.890150
vn -0.958421 -0.273094 -0.082752
v -1.711910 -0.540564 0.032888
vt 0.228061 0.852857
vn -0.979123 -0.150496 0.136635
v -1.798897 -0.611996 -0.523533
vt 0.326131 0.907652
vn -0.900613 -0.360841 0.242261
v -1.837679 -0.520769 -0.726605
vt 0.378912 0.894804
vn -0.939851 -0.015831 -0.341217
v -1.854282 -0.202552 -0.669280
vt 0.375265 0.840665
vn -0.952355 0.071411 -0.296514
v -1.832102 -0.078155 -0.731048
vt 0.389425 0.825086
vn -0.918688 0.311582 -0.242755
v -1.786782 -0.221450 -0.880981
vt 0.408301 0.851057
vn -0.986327 -0.022181 -0.163302
v -1.770115 -0.352588 -0.880298
vt 0.405158 0.871489
vn -0.991773 0.013305 -0.127314
v -1.790628 -0.538986 -0.906099
vt 0.405692 0.904799
vn -0.989685 -0.064164 -0.128084
v -1.752423 -0.705052 -0.933352
vt 0.408545 0.940261
vn -0.961152 -0.230495 -0.151849
v -1.833577 -0.693899 -0.722419
vt 0.366979 0.926589
vn -0.937643 -0.344854 -0.043597
v -1.790692 -0.760634 -0.722590
vt 0.363729 0.943694
vn -0.746469 -0.663974 0.043841
v -1.766526 -0.744390 -0.609136
vt 0.339101 0.940993
vn -0.832344 -0.486080 0.266325
v -1.718193 -0.808722 -0.731731
vt 0.363714 0.962341
vn -0.658802 -0.735869 0.156449
v -1.760949 -0.677512 -0.519090
vt 0.319921 0.923415
vn -0.823819 -0.508640 0.250216
v -1.751397 -0.785664 -0.797771
vt 0.379522 0.953918
vn -0.865467 -0.497692 -0.057176
v -1.720821 -0.862009 -0.826219
vt 0.386679 0.972839
vn -0.894326 -0.444188 0.053652
v -1.753705 -0.659904 -0.377700
vt 0.292485 0.908934
vn -0.836478 -0.530692 0.136642
v -1.708193 -0.700246 -0.397435
vt 0.290089 0.922469
vn -0.663535 -0.748140 -0.002740
v -1.726718 -0.845657 -0.905073
vt 0.403723 0.968612
vn -0.904751 -0.420472 -0.068037
v -1.676013 -0.899805 -0.976837
vt 0.421195 0.982712
vn -0.601255 -0.781806 0.165143
v -1.682680 -0.927309 -1.101909
vt 0.450141 0.983093
vn -0.948857 -0.311721 -0.049999
v -1.702808 -0.790362 -1.225274
vt 0.469886 0.943999
vn -0.954994 -0.279263 0.099995
v -1.795692 -0.845585 -1.579220
vt 0.520775 0.927077
vn -0.917458 -0.379677 0.118811
v -1.676718 -0.939358 -1.297806
vt 0.490608 0.971725
vn -0.890859 -0.423645 0.164000
v -1.631655 -1.007419 -1.332833
vt 0.504601 0.985183
vn -0.578446 -0.799260 0.163050
v -1.691526 -0.992430 -1.412456
vt 0.514412 0.968246
vn -0.641973 -0.752798 0.145486
v -1.513386 -1.027895 -1.503612
vt 0.549599 0.989090
vn -0.164999 -0.984001 -0.067217
v -1.683770 -0.989023 -1.614161
vt 0.542840 0.951369
vn -0.391844 -0.911408 -0.125676
v -1.753000 -0.927130 -1.738124
vt 0.547509 0.931060
vn -0.650253 -0.682346 -0.334030
v -1.457937 -1.014269 -1.718987
vt 0.580468 0.959579
vn -0.147949 -0.961843 -0.230152
v -1.293387 -1.041450 -1.605362
vt 0.601648 0.990341
vn -0.060507 -0.987076 -0.148394
v -1.231015 -1.035103 -1.652862
vt 0.616220 0.985245
vn -0.055133 -0.990938 -0.122481
v -1.069286 -1.038509 -1.719329
vt 0.649897 0.982666
vn -0.007952 -0.951950 -0.306149
v -1.604090 -0.948717 -1.803394
vt 0.568399 0.935500
vn -0.296201 -0.794967 -0.529426
v -1.303323 -0.968942 -1.914798
vt 0.612863 0.938842
vn -0.158763 -0.801017 -0.577206
v -1.699026 -0.864268 -1.831416
vt 0.561700 0.918074
vn -0.452317 -0.478994 -0.752312
v -1.856974 -0.693433 -1.793484
vt 0.539544 0.903761
vn -0.884959 -0.330427 -0.328125
v -0.994094 -1.023341 -1.754271
vt 0.666590 0.974655
vn 0.232043 -0.895897 -0.378847
v -1.889922 -0.511410 -1.834662
vt 0.538293 0.881132
vn -0.928601 -0.105203 -0.355856
v -1.812807 -0.655601 -1.853030
vt 0.547890 0.896544
vn -0.553921 -0.340088 -0.759941
v -1.788384 -0.494556 -1.943674
vt 0.552560 0.876921
vn -0.597349 -0.186733 -0.779939
v -1.580757 -0.733954 -1.935045
vt 0.576120 0.901610
vn -0.405285 -0.341718 -0.847923
v -1.467553 -0.765116 -1.957941
vt 0.591333 0.906538
vn -0.453896 -0.251993 -0.854680
v -1.616270 -0.653880 -1.926758
vt 0.571328 0.894804
vn -0.446514 -0.308230 -0.840012
v -1.348771 -0.767770 -2.030559
vt 0.606867 0.903319
vn -0.383379 -0.518244 -0.764489
v -1.609283 -0.251249 -2.101553
vt 0.573114 0.847486
vn -0.599402 -0.198092 -0.775549
v -1.124221 -0.892382 -2.032096
vt 0.644678 0.917983
vn -0.012243 -0.753855 -0.656926
v -1.652039 -0.113226 -2.091301
vt 0.563012 0.832761
vn -0.758111 0.175416 -0.628090
v -1.685693 -0.066537 -1.987415
vt 0.550805 0.830854
vn -0.805402 0.197771 -0.558762
v -1.597680 -0.019489 -2.089934
vt 0.562661 0.822934
vn -0.648369 0.468947 -0.599756
v -1.522104 -0.015831 -2.147430
vt 0.571115 0.819135
vn -0.691368 0.373896 -0.618233
v -0.967876 -0.916264 -1.930945
vt 0.671550 0.934279
vn 0.342837 -0.753722 -0.560683
v -0.843966 -0.899554 -1.864393
vt 0.699458 0.940917
vn 0.140782 -0.869803 -0.472889
v -0.864543 -0.929389 -1.737184
vt 0.699275 0.969162
vn 0.286335 -0.942113 -0.174456
v -0.652044 -0.961627 -1.787504
vt 0.742885 0.952667
vn -0.207306 -0.911678 -0.354778
v -0.889094 -0.849673 -1.934020
vt 0.688396 0.924575
vn 0.175491 -0.810067 -0.559458
v -0.809543 -0.805387 -2.048158
vt 0.695979 0.899031
vn -0.082393 -0.872443 -0.481721
v -0.595698 -0.894856 -1.987842
vt 0.741512 0.904860
vn -0.178827 -0.885427 -0.428999
v -0.507494 -0.966719 -1.871740
vt 0.770336 0.924544
vn -0.097069 -0.877833 -0.469028
v -0.476468 -0.937995 -1.907622
vt 0.772595 0.912459
vn -0.019764 -0.892618 -0.450380
v -0.347174 -0.916085 -2.017573
vt 0.787762 0.877790
vn -0.186579 -0.901622 -0.390213
v -0.454609 -0.816037 -2.187156
vt 0.749157 0.857801
vn -0.162655 -0.716019 -0.678866
v -0.181598 -0.965607 -2.002622
vt 0.821912 0.857450
vn -0.121924 -0.851673 -0.509693
v -0.058393 -0.944486 -2.056872
vt 0.831968 0.828504
vn -0.040228 -0.843055 -0.536321
v 0.053593 -0.837660 -2.229787
vt 0.811063 0.789425
vn 0.320852 -0.581628 -0.747505
v 0.054170 -0.910742 -2.089849
vt 0.836973 0.800977
vn 0.196504 -0.868716 -0.454664
v 0.163849 -0.874775 -2.087884
vt 0.842420 0.774670
vn 0.304394 -0.757542 -0.577473
v -0.299995 -0.780213 -2.233716
vt 0.761852 0.831281
vn -0.142429 -0.514287 -0.845709
v 0.166798 -0.819838 -2.148540
vt 0.826093 0.768063
vn 0.586074 -0.290527 -0.756381
v 0.270195 -0.862009 -2.069174
vt 0.849989 0.753292
vn 0.572150 -0.032255 -0.819514
v -0.021086 -0.748693 -2.303857
vt 0.785504 0.788037
vn 0.258709 -0.344965 -0.902258
v -0.022560 -0.672025 -2.307274
vt 0.775876 0.778836
vn 0.537659 -0.132572 -0.832675
v 0.117375 -0.637349 -2.168105
vt 0.791180 0.753750
vn 0.693421 -0.045349 -0.719104
v -0.087752 -0.617590 -2.336235
vt 0.761425 0.783459
vn -0.015594 -0.461337 -0.887088
v 0.114811 -0.447222 -2.228762
vt 0.763912 0.736294
vn 0.756475 -0.188191 -0.626363
v -0.425635 -0.682890 -2.233887
vt 0.736004 0.835294
vn -0.178499 -0.405514 -0.896491
v -0.661403 -0.611530 -2.247215
vt 0.710399 0.846448
vn -0.156707 -0.391557 -0.906711
v -0.307174 -0.585388 -2.341105
vt 0.731899 0.810407
vn -0.155188 -0.544366 -0.824368
v -0.233328 -0.609773 -2.326752
vt 0.746395 0.801678
vn -0.059783 -0.566512 -0.821882
v -0.028073 -0.561685 -2.363403
vt 0.758206 0.769528
vn 0.501089 -0.420798 -0.756200
v 0.015196 -0.343623 -2.407400
vt 0.734401 0.746227
vn 0.774279 -0.228120 -0.590299
v 0.212182 -0.193228 -2.159390
vt 0.748379 0.704326
vn 0.807380 -0.100078 -0.581482
v 0.311669 -0.256054 -2.035343
vt 0.767178 0.687114
vn 0.733970 0.027515 -0.678624
v 0.300387 -0.404047 -2.045595
vt 0.787274 0.700969
vn 0.693103 -0.068272 -0.717598
v 0.429809 0.002672 -1.855679
vt 0.748226 0.650553
vn 0.807048 0.033803 -0.589518
v 0.510001 -0.597114 -1.823471
vt 0.837110 0.669581
vn 0.700289 0.126261 -0.702605
v 0.419425 -0.269071 -1.934020
vt 0.778851 0.669169
vn 0.732105 0.068759 -0.677712
v 0.111670 0.199756 -2.399712
vt 0.696941 0.701518
vn 0.838465 -0.082496 -0.538675
v 0.018209 0.417818 -2.568611
vt 0.671382 0.709941
vn 0.791845 0.061681 -0.607600
v -0.084739 0.370125 -2.703594
vt 0.666316 0.721355
vn 0.739328 0.133687 -0.659941
v 0.305772 0.338855 -2.099246
vt 0.697688 0.661585
vn 0.849448 -0.028116 -0.526922
v 0.105772 0.599698 -2.424572
vt 0.662837 0.689891
vn 0.809756 0.219683 -0.544090
v 0.589809 -0.149623 -1.701473
vt 0.775906 0.617975
vn 0.780903 0.114461 -0.614076
v 0.295579 0.498717 -2.112061
vt 0.676310 0.660761
vn 0.838871 0.114593 -0.532132
v 0.035068 0.678553 -2.472756
vt 0.654154 0.694179
vn 0.729274 0.378607 -0.569926
v 0.077375 0.815285 -2.265156
vt 0.645258 0.676753
vn 0.655438 0.621531 -0.429069
v 0.168208 0.726569 -2.214836
vt 0.655314 0.671763
vn 0.800986 0.401889 -0.443742
v 0.181926 0.816433 -2.089678
vt 0.646937 0.658045
vn 0.722638 0.601722 -0.340184
v 0.137375 0.917449 -1.910185
vt 0.630976 0.645884
vn 0.464345 0.841167 -0.277170
v 0.259105 0.671022 -2.072506
vt 0.661997 0.655329
vn 0.794932 0.387548 -0.466786
v 0.245451 0.786562 -1.978359
vt 0.648371 0.646815
vn 0.746902 0.542620 -0.384319
v 0.269041 0.919386 -1.765206
vt 0.633829 0.624628
vn 0.590016 0.608216 -0.530994
v 0.369425 0.626521 -1.980239
vt 0.669947 0.643183
vn 0.863201 0.378883 -0.333663
v 0.383399 0.829808 -1.676698
vt 0.646433 0.610773
vn 0.721714 0.418414 -0.551415
v 0.348848 0.693291 -1.885836
vt 0.663325 0.634577
vn 0.738632 0.490003 -0.462946
v 0.388720 0.526759 -1.964092
vt 0.681971 0.640894
vn 0.852187 0.119564 -0.509393
v 0.398592 0.744893 -1.754356
vt 0.657130 0.618051
vn 0.694668 0.609477 -0.382067
v 0.490001 0.681852 -1.750255
vt 0.668345 0.613443
vn 0.709539 0.568218 -0.416754
v 0.639167 0.504777 -1.579049
vt 0.690867 0.592691
vn 0.841335 0.098468 -0.531469
v 0.461925 0.713552 -1.644575
vt 0.660014 0.604379
vn 0.669335 0.623421 -0.404149
v 0.494873 0.983610 -1.506431
vt 0.633402 0.587900
vn 0.661376 0.603484 -0.445409
v 0.620962 0.653559 -1.530438
vt 0.672129 0.584833
vn 0.698391 0.567415 -0.436223
v 0.373912 1.061856 -1.510703
vt 0.620645 0.594949
vn 0.559461 0.733187 -0.386575
v 0.511348 0.986443 -1.370594
vt 0.628305 0.575021
vn 0.599600 0.784168 -0.159875
v 0.618783 0.927275 -1.347869
vt 0.639094 0.566812
vn 0.580040 0.711631 -0.396403
v 0.566668 0.822063 -1.494813
vt 0.651331 0.583597
vn 0.733877 0.270959 -0.622901
v 0.675706 0.893136 -1.324119
vt 0.645014 0.559670
vn 0.680963 0.511365 -0.524210
v 0.735961 0.648395 -1.358548
vt 0.674144 0.560891
vn 0.764807 0.282126 -0.579202
v 0.778077 0.866995 -1.190674
vt 0.646967 0.542443
vn 0.736121 0.494271 -0.462408
v 0.800577 0.931685 -1.056032
vt 0.634806 0.529458
vn 0.649655 0.722032 -0.237948
v 0.823077 0.695945 -1.244240
vt 0.667414 0.542611
vn 0.750915 0.292341 -0.592168
v 0.943204 0.788175 -1.001612
vt 0.650813 0.511437
vn 0.742723 0.463378 -0.483366
v 0.725770 0.576783 -1.430226
vt 0.682506 0.567636
vn 0.823885 0.231594 -0.517280
v 1.045960 0.407419 -1.084994
vt 0.703136 0.506538
vn 0.797267 0.129620 -0.589545
v 1.051601 0.853511 -0.795208
vt 0.636637 0.488212
vn 0.749845 0.407925 -0.520893
v 1.037435 0.561794 -1.019980
vt 0.682063 0.502586
vn 0.812868 0.301278 -0.498475
v 1.164678 0.579796 -0.779146
vt 0.674296 0.467964
vn 0.864683 0.254376 -0.433147
v 1.132178 0.792156 -0.699865
vt 0.644480 0.467597
vn 0.860244 0.315599 -0.400472
v 1.186023 0.289369 -0.872182
vt 0.714351 0.471595
vn 0.889902 0.136937 -0.435113
v 1.314613 0.480716 -0.495426
vt 0.669413 0.424567
vn 0.900477 0.275916 -0.336173
v 1.281280 0.179603 -0.683377
vt 0.721141 0.438773
vn 0.894604 0.179403 -0.409266
v 1.268074 0.631290 -0.425029
vt 0.647105 0.427344
vn 0.902253 0.309065 -0.300695
v 1.298523 0.687554 -0.306022
vt 0.633463 0.416678
vn 0.859836 0.324931 -0.393830
v 1.160895 0.160167 -0.939844
vt 0.733577 0.474372
vn 0.820324 0.119815 -0.559207
v 1.377817 0.456977 -0.315591
vt 0.660990 0.399603
vn 0.883571 0.289285 -0.368262
v 1.454484 0.203414 -0.317128
vt 0.692042 0.378805
vn 0.865011 0.241882 -0.439601
v 1.517624 0.269288 -0.137635
vt 0.667369 0.357443
vn 0.853161 0.323452 -0.409262
v 1.259292 -0.140479 -0.907893
vt 0.779568 0.452964
vn 0.828139 0.164356 -0.535885
v 1.391535 0.650188 -0.178557
vt 0.629374 0.395529
vn 0.856692 0.323888 -0.401468
v 1.593585 0.008912 -0.200257
vt 0.709194 0.339879
vn 0.817093 0.301650 -0.491291
v 1.436727 0.075969 -0.393334
vt 0.715846 0.380743
vn 0.848768 0.192787 -0.492368
v 1.398394 -0.033474 -0.531307
vt 0.739513 0.394415
vn 0.900887 0.208556 -0.380667
v 1.451022 -0.103902 -0.427080
vt 0.745296 0.372839
vn 0.819758 0.235642 -0.521987
v 1.606470 -0.276207 -0.331139
vt 0.754147 0.335454
vn 0.816357 0.192027 -0.544690
v 1.480701 -0.300807 -0.513793
vt 0.782406 0.369284
vn 0.842459 0.180352 -0.507677
v 1.344036 -0.133164 -0.706529
vt 0.767971 0.418112
vn 0.895423 0.188211 -0.403478
v 1.314228 -0.372132 -0.881323
vt 0.818601 0.434287
vn 0.851059 0.165475 -0.498313
v 1.386279 -0.388986 -0.712167
vt 0.810864 0.402197
vn 0.896974 0.171678 -0.407388
v 1.480637 -0.426997 -0.525840
vt 0.805203 0.362524
vn 0.822764 0.200989 -0.531660
v 1.417368 -0.563227 -0.733953
vt 0.844999 0.392523
vn 0.840406 0.305633 -0.447555
v 1.585188 -0.459808 -0.404440
vt 0.800488 0.330999
vn 0.842812 0.199490 -0.499872
v 1.545188 -0.758160 -0.683547
vt 0.879637 0.359319
vn 0.819195 0.295519 -0.491516
v 1.253395 -0.501154 -1.018784
vt 0.848920 0.458244
vn 0.783995 0.277841 -0.555119
v 1.175511 -0.325550 -1.023995
vt 0.817334 0.473289
vn 0.738576 0.182793 -0.648916
v 1.108652 -0.186738 -1.087728
vt 0.795270 0.489860
vn 0.689161 0.136643 -0.711607
v 1.367305 -0.742884 -0.977349
vt 0.895018 0.430411
vn 0.822777 0.304708 -0.479782
v 1.002306 0.111578 -1.112076
vt 0.742565 0.507698
vn 0.736392 0.056781 -0.674168
v 1.030191 -0.405373 -1.202121
vt 0.832563 0.513573
vn 0.645729 0.341836 -0.682775
v 0.886410 0.319025 -1.258763
vt 0.717235 0.538460
vn 0.745107 0.035336 -0.666009
v 0.984166 -0.137395 -1.169315
vt 0.785306 0.517861
vn 0.684446 0.131132 -0.717174
v 0.874743 0.054059 -1.274995
vt 0.752224 0.537774
vn 0.799360 0.084940 -0.594819
v 0.765513 0.326842 -1.388876
vt 0.719280 0.561395
vn 0.763396 0.038913 -0.644758
v 0.686475 0.175659 -1.497546
vt 0.733257 0.581323
vn 0.766621 0.167046 -0.619990
v 0.767884 0.109928 -1.434412
vt 0.744915 0.568658
vn 0.786599 0.081401 -0.612076
v 0.536604 0.141592 -1.705489
vt 0.732021 0.614328
vn 0.816578 -0.004840 -0.577214
v 0.591411 0.049361 -1.641414
vt 0.751873 0.607370
vn 0.769549 0.091634 -0.631979
v 0.781474 0.035663 -1.414421
vt 0.758907 0.562280
vn 0.802098 0.057392 -0.594428
v 0.655962 -0.270147 -1.625097
vt 0.799313 0.609720
vn 0.793614 0.062591 -0.605194
v 0.864358 -0.277606 -1.312756
vt 0.808286 0.547570
vn 0.772033 0.113785 -0.625315
v 0.815064 -0.405625 -1.439282
vt 0.830457 0.571450
vn 0.733876 0.250082 -0.631574
v 1.048332 -0.590588 -1.312500
vt 0.874937 0.520531
vn 0.661768 0.330896 -0.672734
v 0.687693 -0.590337 -1.626464
vt 0.856519 0.622812
vn 0.724420 0.142730 -0.674421
v 1.243459 -0.662092 -1.111307
vt 0.883421 0.469779
vn 0.750482 0.407521 -0.520292
v 1.272177 -0.749518 -1.169059
vt 0.905516 0.474372
vn 0.777812 0.274744 -0.565265
v 0.803654 -0.710395 -1.562646
vt 0.878660 0.601205
vn 0.531085 0.169700 -0.830151
v 1.057242 -0.832640 -1.382042
vt 0.924819 0.537819
vn 0.630402 0.001983 -0.776266
v 0.865576 -0.808255 -1.556580
vt 0.910277 0.593469
vn 0.422981 -0.073756 -0.903132
v 0.781218 -0.798968 -1.573240
vt 0.903609 0.611429
vn 0.471557 -0.037015 -0.881058
v 0.904486 -0.890410 -1.508653
vt 0.931533 0.586038
vn 0.570720 -0.500509 -0.650976
v 0.687821 -0.830883 -1.654229
vt 0.902281 0.639414
vn 0.744760 -0.035895 -0.666366
v 0.601860 -0.783261 -1.808435
vt 0.880995 0.669917
vn 0.786216 0.039349 -0.616698
v 0.604744 -0.942836 -1.721806
vt 0.918776 0.669673
vn 0.790024 -0.220868 -0.571909
v 0.811090 -0.962631 -1.535308
vt 0.941360 0.611261
vn 0.618131 -0.319212 -0.718343
v 0.667500 -0.958543 -1.652350
vt 0.928969 0.650996
vn 0.427515 -0.717941 -0.549355
v 0.864743 -0.932760 -1.426723
vt 0.952560 0.584863
vn 0.456981 -0.860945 -0.223477
v 0.900384 -0.938282 -1.364614
vt 0.960723 0.570031
vn 0.266776 -0.858967 -0.437043
v 0.538078 -0.947319 -1.848930
vt 0.905806 0.699184
vn 0.778161 -0.202027 -0.594685
v 0.993653 -0.897151 -1.390842
vt 0.941222 0.552651
vn 0.359328 -0.646309 -0.673177
v 0.976730 -0.954778 -1.335738
vt 0.961578 0.550607
vn 0.019003 -0.693999 -0.719725
v 1.125126 -0.980130 -1.325571
vt 0.957504 0.516793
vn 0.583384 -0.163271 -0.795617
v 0.458719 -0.843505 -1.957087
vt 0.872267 0.712474
vn 0.584325 -0.007275 -0.811487
v 0.413271 -0.887075 -1.967168
vt 0.876524 0.725734
vn 0.514572 -0.356955 -0.779615
v 1.282818 -0.853510 -1.164788
vt 0.927459 0.469627
vn 0.790964 -0.016322 -0.611645
v 1.215959 -1.006379 -1.204770
vt 0.961578 0.481788
vn 0.780605 -0.185037 -0.597007
v 1.289420 -1.001789 -1.102422
vt 0.957702 0.453391
vn 0.723927 -0.239740 -0.646881
v 1.362818 -0.996159 -1.034589
vt 0.947158 0.429831
vn 0.807536 -0.110097 -0.579452
v 1.439035 -0.859821 -0.924039
vt 0.924285 0.413474
vn 0.869311 0.087497 -0.486459
v 1.475573 -0.950546 -0.834848
vt 0.933440 0.383017
vn 0.934545 -0.166368 -0.314559
v 1.518201 -0.861507 -0.742410
vt 0.907851 0.365011
vn 0.892056 -0.250717 -0.376002
v 1.460702 -0.971452 -0.678592
vt 0.936614 0.348821
vn 0.865451 -0.495522 -0.073839
v 1.496727 -0.942191 -0.557535
vt 0.927901 0.321920
vn 0.486210 -0.800232 -0.351039
v 1.615572 -0.851466 -0.633313
vt 0.893584 0.334310
vn 0.832974 -0.149431 -0.532752
v 1.625380 -0.889298 -0.562234
vt 0.900374 0.315847
vn 0.524592 -0.722965 -0.449582
v 1.669290 -0.971237 -0.400681
vt 0.901793 0.275990
vn 0.453780 -0.782289 -0.426740
v 1.730700 -0.934840 -0.396495
vt 0.886137 0.275547
vn 0.771598 -0.479231 -0.418299
v 1.746469 -0.966862 -0.267663
vt 0.882734 0.246555
vn 0.870907 -0.348771 -0.346236
v 1.749290 -0.884349 -0.372061
vt 0.873838 0.273167
vn 0.948247 0.060194 -0.311776
v 1.768008 -0.916085 -0.251602
vt 0.869108 0.246632
vn 0.942911 -0.005745 -0.332996
v 1.790443 -0.985653 -0.187100
vt 0.876341 0.225101
vn 0.878859 -0.139874 -0.456117
v 1.839546 -0.933800 -0.101839
vt 0.853742 0.210590
vn 0.903543 0.043715 -0.426263
v 1.892430 -0.827512 0.032802
vt 0.813321 0.194492
vn 0.781129 0.336517 -0.525921
v 1.707431 -0.657896 -0.251174
vt 0.820432 0.279103
vn 0.924715 0.216273 -0.313256
v 1.738777 -0.648680 -0.100216
vt 0.803067 0.249088
vn 0.907342 0.137147 -0.397392
v 1.727559 -0.482256 -0.137464
vt 0.777295 0.277256
vn 0.891284 0.023379 -0.452843
v 1.857174 -0.691138 0.074408
vt 0.784802 0.212009
vn 0.732657 0.195224 -0.651998
v 1.971468 -0.825934 0.122164
vt 0.796139 0.172671
vn 0.675120 0.161189 -0.719883
v 1.780123 -0.290551 -0.059892
vt 0.738140 0.281453
vn 0.868770 0.150338 -0.471845
v 1.901917 -0.494018 0.140532
vt 0.743023 0.223590
vn 0.804036 0.189436 -0.563596
v 1.674995 0.152601 0.051170
vt 0.669154 0.315099
vn 0.830212 0.326935 -0.451510
v 1.539291 0.384218 0.019988
vt 0.640986 0.346716
vn 0.834633 0.309628 -0.455542
v 1.795636 0.105625 0.270731
vt 0.649821 0.281422
vn 0.911119 0.267690 -0.313376
v 1.707495 0.373962 0.243393
vt 0.626337 0.317235
vn 0.840775 0.305758 -0.446777
v 1.870059 -0.107166 0.277053
vt 0.673854 0.251133
vn 0.874977 0.307927 -0.373625
v 1.786597 0.336919 0.396231
vt 0.612924 0.294926
vn 0.965841 0.258560 0.017276
v 1.410317 0.719325 -0.056304
vt 0.613504 0.386770
vn 0.854229 0.354855 -0.379962
v 1.494932 0.705340 0.096278
vt 0.604898 0.367208
vn 0.813722 0.392276 -0.428924
v 1.645380 0.719935 0.423997
vt 0.576349 0.331197
vn 0.944968 0.318998 -0.072642
v 1.481855 0.768489 0.155227
vt 0.593515 0.367453
vn 0.816265 0.414867 -0.401991
v 1.236792 1.176355 0.072443
vt 0.559792 0.405524
vn 0.674130 0.700886 -0.233037
v 1.405445 0.999316 0.191450
vt 0.569314 0.383703
vn 0.787801 0.461684 -0.407698
v 1.609162 0.875996 0.457914
vt 0.560967 0.343252
vn 0.929170 0.366778 -0.046021
v 1.480958 1.091296 0.457828
vt 0.546166 0.363928
vn 0.758312 0.650708 -0.039262
v 1.329933 1.153620 0.298582
vt 0.546548 0.388128
vn 0.446956 0.888562 -0.103384
v 1.508586 0.985295 0.576066
vt 0.539635 0.346990
vn 0.841709 0.529585 -0.105191
v 1.444484 1.119733 0.480211
vt 0.538598 0.366201
vn 0.491723 0.859304 0.140735
v 1.226408 1.162441 0.314643
vt 0.536583 0.395865
vn -0.077326 0.967268 0.241687
v 1.162754 1.211712 0.044592
vt 0.555184 0.421622
vn 0.364065 0.925808 0.101671
v 1.397112 1.117366 0.569232
vt 0.528084 0.363058
vn 0.229815 0.970894 0.067445
v 1.582432 0.819588 0.582388
vt 0.552453 0.330251
vn 0.972139 0.234403 0.000914
v 1.582688 0.963600 0.670554
vt 0.533013 0.334356
vn 0.899202 0.328376 -0.289146
v 1.600316 0.704408 0.543859
vt 0.564538 0.322072
vn 0.964874 0.226579 0.132964
v 1.546599 1.083264 0.741549
vt 0.520424 0.340352
vn 0.699589 0.682815 -0.210569
v 1.619675 0.839777 0.785205
vt 0.533822 0.315190
vn 0.985442 0.099243 -0.138040
v 1.635444 0.591594 0.581790
vt 0.569131 0.309880
vn 0.952729 0.259340 0.158274
v 1.726277 0.494701 0.455522
vt 0.593454 0.307347
vn 0.922023 0.280991 0.266304
v 1.660380 0.477524 0.592640
vt 0.578012 0.294575
vn 0.959438 0.237943 0.151199
v 1.706662 0.279042 0.565729
vt 0.596872 0.276493
vn 0.918552 0.383590 0.095501
v 1.608714 0.722517 0.805281
vt 0.538994 0.304051
vn 0.991778 0.084908 -0.095744
v 1.692047 0.449482 0.741207
vt 0.565133 0.281483
vn 0.903361 0.352148 -0.244806
v 1.815187 0.148513 0.445526
vt 0.625345 0.270954
vn 0.938727 0.344337 -0.014969
v 1.849802 0.098632 0.541893
vt 0.614893 0.250858
vn 0.785092 0.573427 -0.234119
v 1.790572 0.216036 0.723608
vt 0.585367 0.253697
vn 0.721052 0.614657 -0.319814
v 1.672880 0.654706 0.954617
vt 0.528038 0.285740
vn 0.931022 0.359119 -0.065055
v 2.034993 -0.083821 0.630316
vt 0.630198 0.210697
vn 0.920218 0.344920 -0.185011
v 1.958327 -0.178239 0.408704
vt 0.664622 0.226459
vn 0.873254 0.252813 -0.416549
v 1.922750 0.170961 0.812970
vt 0.580758 0.234485
vn 0.752443 0.645775 -0.129634
v 1.998840 -0.367291 0.384869
vt 0.690517 0.202045
vn 0.786433 0.387841 -0.480730
v 2.063390 -0.243575 0.618612
vt 0.642924 0.189471
vn 0.959828 0.277702 -0.040155
v 2.005442 0.010023 0.733774
vt 0.605264 0.215061
vn 0.934135 0.334687 0.124003
v 2.014930 -0.513598 0.280813
vt 0.723018 0.192782
vn 0.656709 0.479636 -0.581964
v 2.116339 -0.558458 0.337539
vt 0.718898 0.171832
vn 0.796246 0.383599 -0.467807
v 2.025763 -0.621965 0.205376
vt 0.747478 0.184985
vn 0.671781 0.267885 -0.690614
v 2.099160 -0.718463 0.257660
vt 0.751034 0.158953
vn 0.857619 -0.192704 -0.476817
v 2.023071 -0.794306 0.201275
vt 0.775418 0.160388
vn 0.772160 -0.576275 -0.267725
v 2.122044 -0.733524 0.373763
vt 0.737621 0.139239
vn 0.971470 -0.231527 0.051393
v 2.139544 -0.614686 0.353344
vt 0.722881 0.160357
vn 0.984402 0.060679 -0.165138
v 2.086852 -0.312426 0.620320
vt 0.649973 0.176883
vn 0.966963 0.184664 0.175734
v 2.088070 -0.493516 0.611863
vt 0.668391 0.145800
vn 0.934667 -0.098674 0.341558
v 2.035955 -0.721475 0.598108
vt 0.692668 0.105852
vn 0.904197 -0.195421 0.379787
v 2.067429 -0.758016 0.512419
vt 0.714443 0.112154
vn 0.932156 -0.040131 0.359825
v 2.011083 -0.475013 0.772817
vt 0.638010 0.136812
vn 0.826853 -0.068088 0.558281
v 1.944738 -0.754108 0.802718
vt 0.648722 0.076844
vn 0.770666 -0.106812 0.628224
v 1.990314 -0.168199 0.769314
vt 0.608438 0.187259
vn 0.845139 0.035692 0.533354
v 1.834866 -0.681133 0.904126
vt 0.611643 0.085039
vn 0.820159 -0.084420 0.565874
v 1.834674 -0.789573 0.899000
vt 0.619883 0.056367
vn 0.846899 -0.066940 0.527524
v 1.865251 -0.470208 0.938470
vt 0.594781 0.119936
vn 0.788886 -0.050903 0.612428
v 1.758008 -0.696445 1.117963
vt 0.565209 0.064805
vn 0.857953 0.025969 0.513071
v 1.777174 -0.862081 1.002630
vt 0.596948 0.033494
vn 0.878025 -0.218281 0.425941
v 1.767943 -0.603999 1.072684
vt 0.569833 0.085069
vn 0.854371 0.031770 0.518692
v 1.657944 -0.778528 1.262002
vt 0.531121 0.040589
vn 0.769985 -0.181578 0.611680
v 1.681213 -0.884600 1.139407
vt 0.560265 0.020142
vn 0.757254 -0.415813 0.503652
v 1.554739 -0.883309 1.297799
vt 0.514427 0.012390
vn 0.729309 -0.431382 0.531054
v 1.577496 -0.785090 1.341455
vt 0.506966 0.036713
vn 0.764203 -0.173306 0.621256
v 1.494676 -0.864806 1.423982
vt 0.481224 0.016663
vn 0.795270 -0.272173 0.541727
v 1.554291 -0.543720 1.348203
vt 0.502129 0.088563
vn 0.756851 0.136576 0.639159
v 1.709547 -0.378766 1.135562
vt 0.544396 0.127611
vn 0.782435 0.052278 0.620534
v 1.412176 -0.737540 1.566226
vt 0.445518 0.049302
vn 0.833200 0.107877 0.542347
v 1.451663 -0.424020 1.425007
vt 0.469368 0.111788
vn 0.748072 0.145781 0.647407
v 1.329356 -0.649541 1.643885
vt 0.424216 0.066743
vn 0.828801 0.293264 0.476535
v 1.253074 -0.653988 1.826795
vt 0.387274 0.067979
vn 0.799117 0.172270 0.575965
v 1.231152 -0.455684 1.736493
vt 0.400992 0.105669
vn 0.792201 0.272369 0.546107
v 1.356535 -0.784265 1.674298
vt 0.419287 0.036942
vn 0.862884 -0.099750 0.495461
v 1.316087 -0.904718 1.639528
vt 0.416785 0.009354
vn 0.775699 -0.507989 0.374483
v 1.409292 -0.879186 1.500785
vt 0.455497 0.010773
vn 0.006934 -0.984274 -0.176514
v 1.285125 -0.894534 1.772033
vt 0.392035 0.022385
vn 0.651547 -0.630242 0.422234
v 1.185062 -0.903319 1.842429
vt 0.370626 0.015640
vn 0.427743 -0.775149 0.464952
v 1.215318 -0.735066 1.875150
vt 0.371771 0.052064
vn 0.761533 0.010815 0.648036
v 1.136024 -0.865451 1.941873
vt 0.353796 0.029725
vn 0.731024 -0.365893 0.575957
v 1.089678 -0.908053 1.957934
vt 0.337804 0.017060
vn 0.642984 -0.578957 0.501379
v 1.033845 -0.863981 2.083690
vt 0.312200 0.033280
vn 0.654801 -0.400194 0.641155
v 0.934871 -0.905614 2.110089
vt 0.290501 0.023239
vn 0.484530 -0.683811 0.545557
v 1.085255 -0.557346 1.962718
vt 0.347189 0.092302
vn 0.695216 0.309684 0.648668
v 0.893717 -0.860754 2.198682
vt 0.273610 0.043153
vn 0.666769 -0.340242 0.663064
v 0.838654 -0.915906 2.210386
vt 0.258625 0.029435
vn 0.651379 -0.536762 0.536276
v 0.912563 -0.709355 2.204492
vt 0.282338 0.069032
vn 0.693903 0.010028 0.719999
v 1.039550 -0.635161 2.064895
vt 0.321569 0.078950
vn 0.716289 0.238455 0.655796
v 0.867884 -0.405087 2.088987
vt 0.309300 0.133211
vn 0.640666 0.194558 0.742761
v 0.990896 -0.445142 1.989800
vt 0.335302 0.120989
vn 0.656912 0.249573 0.711464
v 1.083011 -0.350257 1.880788
vt 0.363806 0.129458
vn 0.777101 0.230081 0.585814
v 1.067370 -0.220840 1.827650
vt 0.377111 0.154620
vn 0.820530 0.255567 0.511288
v 0.987435 -0.149516 1.935465
vt 0.354345 0.169528
vn 0.755928 0.227785 0.613748
v 1.285831 -0.302241 1.593907
vt 0.429618 0.132052
vn 0.745508 0.172489 0.643790
v 0.975512 -0.039427 1.929399
vt 0.356527 0.186694
vn 0.747552 0.239387 0.619564
v 1.072627 -0.061624 1.765541
vt 0.387991 0.178515
vn 0.750674 0.111675 0.651166
v 0.949166 0.101716 1.881728
vt 0.367254 0.209216
vn 0.667571 0.253772 0.699963
v 1.312305 -0.163178 1.554864
vt 0.437797 0.157977
vn 0.693934 -0.005007 0.720021
v 1.446599 0.142991 1.464050
vt 0.466285 0.206485
vn 0.680928 0.042081 0.731141
v 1.539355 -0.065927 1.333338
vt 0.484886 0.176638
vn 0.728001 -0.076598 0.681283
v 1.140960 0.160275 1.703516
vt 0.406546 0.212711
vn 0.634570 0.105182 0.765675
v 1.574932 0.200975 1.331203
vt 0.491768 0.215061
vn 0.821324 0.214867 0.528450
v 1.347433 0.300701 1.509841
vt 0.451987 0.232334
vn 0.643906 0.112988 0.756716
v 1.161472 0.341294 1.643201
vt 0.419013 0.238972
vn 0.631285 0.049692 0.773957
v 1.653906 0.095441 1.227402
vt 0.513100 0.204135
vn 0.766940 0.001688 0.641717
v 1.531150 0.288509 1.335901
vt 0.486549 0.227787
vn 0.718591 0.141789 0.680825
v 1.658265 -0.196492 1.188103
vt 0.528069 0.155764
vn 0.783314 -0.008716 0.621565
v 1.781725 -0.259318 1.024415
vt 0.562707 0.152972
vn 0.788273 -0.008595 0.615266
v 1.845058 -0.095475 0.972045
vt 0.567376 0.183551
vn 0.798799 -0.067013 0.597854
v 1.956212 0.110215 0.799643
vt 0.585794 0.223514
vn 0.935690 0.288896 0.202540
v 1.904033 0.174188 0.920529
vt 0.567254 0.225773
vn 0.871937 0.304961 0.383047
v 1.833264 0.260216 0.873029
vt 0.565545 0.243214
vn 0.823203 0.528007 -0.208675
v 1.865828 0.205601 0.963331
vt 0.558145 0.230350
vn 0.865815 0.266706 0.423358
v 1.791597 0.463252 1.027149
vt 0.534920 0.258335
vn 0.942112 0.285187 0.176334
v 1.661278 0.461136 1.193742
vt 0.509133 0.253742
vn 0.646569 0.333371 0.686157
v 1.761405 0.537768 1.051326
vt 0.526619 0.265568
vn 0.792807 0.516646 0.323318
v 1.666790 0.621070 1.013138
vt 0.521080 0.279820
vn 0.717139 0.494708 0.490893
v 1.571534 0.379915 1.299849
vt 0.492973 0.240497
vn 0.703655 0.140771 0.696457
v 1.649803 0.760671 0.974950
vt 0.519768 0.297429
vn 0.985272 0.124997 0.116682
v 1.554868 0.507359 1.232443
vt 0.495766 0.259159
vn 0.694181 0.314464 0.647476
v 1.431022 0.383393 1.417746
vt 0.468391 0.240665
vn 0.721875 0.107679 0.683594
v 1.343587 0.516970 1.510525
vt 0.451301 0.258289
vn 0.710328 0.039186 0.702779
v 1.595060 0.701324 1.138895
vt 0.502922 0.285344
vn 0.865620 0.177074 0.468346
v 1.363843 0.741988 1.458240
vt 0.458747 0.284230
vn 0.775390 0.164173 0.609768
v 1.464548 0.762034 1.335816
vt 0.475990 0.287617
vn 0.788170 0.158677 0.594651
v 1.289997 0.794272 1.534617
vt 0.446342 0.291691
vn 0.639869 0.141870 0.755275
v 1.432497 0.813098 1.328469
vt 0.472572 0.294789
vn 0.775611 0.275786 0.567777
v 1.550893 0.801336 1.156750
vt 0.496422 0.295033
vn 0.857107 0.140599 0.495581
v 1.573393 1.012513 1.131718
vt 0.494972 0.314931
vn 0.829879 0.259466 0.493942
v 1.208203 0.515643 1.625260
vt 0.429419 0.261707
vn 0.640582 -0.012594 0.767786
v 1.024486 0.434206 1.772204
vt 0.396460 0.255634
vn 0.573280 0.041003 0.818333
v 1.073844 0.577106 1.729915
vt 0.409125 0.272938
vn 0.490311 0.163176 0.856136
v 0.896858 0.199326 1.884974
vt 0.364111 0.232715
vn 0.658054 0.265467 0.704622
v 0.907051 0.407347 1.838243
vt 0.376440 0.257862
vn 0.429516 0.250466 0.867631
v 0.791795 0.304251 1.950928
vt 0.350164 0.248890
vn 0.493028 0.358193 0.792857
v 0.701475 0.378552 1.939651
vt 0.344610 0.266087
vn 0.317102 0.463656 0.827327
v 0.787884 0.489107 1.853280
vt 0.366903 0.276051
vn 0.369521 0.309905 0.876021
v 0.838846 0.825577 1.743242
vt 0.395071 0.312078
vn 0.284032 0.391606 0.875197
v 0.600834 0.674214 1.896166
vt 0.353948 0.309728
vn 0.358934 0.288880 0.887533
v 0.415322 0.715990 1.939908
vt 0.336233 0.327077
vn 0.273027 0.452066 0.849172
v 0.376861 0.801623 1.878311
vt 0.342000 0.340993
vn 0.134371 0.736157 0.663338
v 0.520642 0.820019 1.874894
vt 0.355535 0.330877
vn 0.165850 0.642765 0.747895
v 0.323335 0.877322 1.790999
vt 0.348089 0.355627
vn 0.271233 0.796579 0.540272
v 0.442117 0.909703 1.710778
vt 0.370642 0.347906
vn 0.075956 0.876220 0.475888
v 0.608719 0.839849 1.818935
vt 0.368017 0.328695
vn 0.222719 0.671753 0.706502
v 0.754551 0.891953 1.709924
vt 0.391806 0.325856
vn 0.081160 0.705967 0.703579
v 0.647052 1.031662 1.335303
vt 0.414450 0.369314
vn -0.093521 0.957447 0.273038
v 0.708975 0.947643 1.638075
vt 0.396185 0.337743
vn -0.077075 0.860772 0.503122
v 0.760192 0.999747 1.526757
vt 0.406989 0.347295
vn -0.275877 0.916628 0.289285
v 0.946922 1.013660 1.631839
vt 0.418921 0.323980
vn 0.130720 0.676280 0.724953
v 0.919871 1.058700 1.557000
vt 0.422263 0.333043
vn -0.055553 0.924830 0.376302
v 0.838205 1.101695 1.333680
vt 0.432471 0.353674
vn -0.164553 0.974716 0.151167
v 1.080062 1.001576 1.585193
vt 0.433570 0.315648
vn 0.346122 0.652369 0.674251
v 1.148524 1.023629 1.458069
vt 0.445716 0.323919
vn 0.133209 0.929536 0.343829
v 1.310702 0.957181 1.500785
vt 0.453300 0.307668
vn 0.629490 0.281971 0.724041
v 1.279677 1.013373 1.480196
vt 0.452445 0.313725
vn 0.354360 0.749701 0.558907
v 1.136537 1.085630 1.332228
vt 0.452598 0.333410
vn 0.090335 0.955536 0.280695
v 1.445317 1.037328 1.253886
vt 0.478935 0.316091
vn 0.680225 0.433093 0.591375
v 1.088011 1.112561 1.190239
vt 0.455573 0.344869
vn -0.067040 0.990537 0.119761
v 1.418394 1.090220 1.219714
vt 0.479530 0.322774
vn 0.326896 0.869330 0.370681
v 1.185382 1.130885 1.141286
vt 0.469535 0.343954
vn -0.010103 0.994279 0.106331
v 0.924743 1.099365 1.078835
vt 0.457572 0.368200
vn -0.090584 0.995226 0.036329
v 1.538842 1.092336 1.104038
vt 0.493767 0.322438
vn 0.537950 0.791659 0.289631
v 1.477304 1.125721 0.904724
vt 0.501122 0.336126
vn 0.239744 0.970801 -0.008230
v 1.622367 1.019577 0.980332
vt 0.506981 0.321233
vn 0.907484 0.415906 0.059125
v 1.645188 0.845192 0.925314
vt 0.519982 0.308171
vn 0.993463 0.077876 -0.083468
v 1.125319 1.116326 0.875336
vt 0.484413 0.365682
vn 0.008070 0.999681 -0.023924
v 1.238715 1.087997 0.561543
vt 0.517693 0.377523
vn -0.045505 0.996005 0.076831
v 1.184870 1.112095 0.418956
vt 0.525643 0.391562
vn -0.057313 0.968542 0.242159
v 1.024742 1.111880 0.570428
vt 0.501534 0.394095
vn 0.145836 0.988031 0.050273
v 0.889487 1.137842 0.777345
vt 0.476905 0.390692
vn -0.078007 0.995565 0.052580
v 1.101473 1.174598 0.194355
vt 0.538399 0.414710
vn 0.018303 0.959180 0.282204
v 0.765961 1.097607 0.782984
vt 0.467750 0.399390
vn -0.046389 0.992450 0.113542
v 1.257754 0.981817 -0.129946
vt 0.591150 0.417792
vn 0.828659 0.412604 -0.378262
v 1.103973 1.077239 -0.305253
vt 0.590936 0.445670
vn 0.860316 0.493770 -0.126678
v 1.204293 0.929247 -0.270824
vt 0.604395 0.431098
vn 0.870215 0.419130 -0.258953
v 1.132050 1.087388 -0.421783
vt 0.600473 0.455253
vn 0.856691 0.512569 -0.057898
v 0.755705 1.089718 0.985287
vt 0.451087 0.386481
vn -0.020181 0.994039 0.107139
v 0.629680 1.116541 0.825700
vt 0.453391 0.409140
vn 0.251219 0.957133 0.144174
v 0.640321 1.060636 1.198355
vt 0.426642 0.379934
vn 0.032791 0.988878 0.145069
v 0.509873 1.132319 0.944109
vt 0.441444 0.408652
vn 0.360658 0.913670 0.187440
v 0.468271 1.128733 1.059442
vt 0.425010 0.404547
vn 0.339205 0.916078 0.213871
v 0.469424 1.203537 0.767691
vt 0.447883 0.426780
vn 0.352217 0.920064 0.171538
v -1.513001 -0.767089 1.324282
vt 0.027161 0.681025
vn -0.813191 -0.577230 -0.074339
v -1.448258 -0.797749 1.344957
vt 0.011231 0.681132
vn -0.460055 -0.876822 0.139757
v -1.468707 -0.801048 1.274219
vt 0.020035 0.695369
vn -0.819968 -0.555466 -0.138236
v -1.484091 -0.742130 1.240303
vt 0.034638 0.698405
vn -0.840668 -0.528972 -0.116042
v -1.457937 -0.814567 1.188530
vt 0.022873 0.715007
vn -0.921211 -0.379944 -0.083747
v -1.480117 -0.748334 1.106857
vt 0.044343 0.725704
vn -0.761240 -0.645477 -0.062230
v -1.426014 -0.807323 1.056965
vt 0.033982 0.743725
vn -0.790204 -0.611446 -0.041375
v -1.437681 -0.822707 0.917198
vt 0.049317 0.771191
vn -0.826423 -0.526879 0.198554
v -1.494155 -0.807718 0.785974
vt 0.075059 0.791135
vn -0.860159 -0.479742 0.173129
v -1.446207 -0.878182 0.748469
vt 0.063447 0.808759
vn -0.753727 -0.640243 0.148273
v -1.418322 -0.919061 0.715235
vt 0.058381 0.821088
vn -0.829087 -0.551351 0.092881
v -1.470630 -0.841139 0.585208
vt 0.090944 0.832502
vn -0.750533 -0.658594 0.054357
v -1.445437 -0.908375 0.605882
vt 0.076143 0.837385
vn -0.939710 -0.339593 0.040270
v -1.434732 -0.874739 0.530531
vt 0.090272 0.849119
vn -0.593394 -0.796166 0.118335
v -1.503194 -0.816467 0.641251
vt 0.091218 0.816175
vn -0.787073 -0.615002 0.047838
v -1.514604 -0.756510 0.706522
vt 0.093690 0.797101
vn -0.945767 -0.305053 0.111659
v -1.552809 -0.761746 0.583670
vt 0.111574 0.816907
vn -0.894710 -0.399072 0.200587
v -1.504411 -0.863694 0.463808
vt 0.112062 0.852018
vn -0.717794 -0.678528 0.156117
v -1.465502 -0.901347 0.417760
vt 0.109270 0.867948
vn -0.608670 -0.783314 0.126252
v -1.434861 -0.941294 0.237071
vt 0.129976 0.903792
vn -0.697640 -0.715779 0.030959
v -1.488386 -0.892382 0.147282
vt 0.155734 0.906004
vn -0.730220 -0.665558 0.154310
v -1.538001 -0.789357 0.307638
vt 0.147066 0.864027
vn -0.839338 -0.539608 0.065846
v -1.587296 -0.698274 0.509002
vt 0.133486 0.819272
vn -0.931760 -0.295702 0.210672
v -1.660372 -0.651513 0.305759
vt 0.176455 0.839933
vn -0.921449 -0.350385 0.167816
v -1.555181 -0.882915 -0.022301
vt 0.192950 0.920653
vn -0.864234 -0.482245 0.143314
v -1.619924 -0.712726 0.136090
vt 0.188891 0.870878
vn -0.861844 -0.501055 0.078546
v -1.663321 -0.651944 -0.019055
vt 0.224338 0.877317
vn -0.878149 -0.455304 0.146805
v -1.625116 -0.798717 -0.245023
vt 0.246983 0.929580
vn -0.835008 -0.532582 0.138270
v -1.589988 -0.850068 -0.170270
vt 0.225986 0.932250
vn -0.887418 -0.447857 0.109149
v -1.643577 -0.773472 -0.302263
vt 0.261341 0.930312
vn -0.672932 -0.732048 -0.106151
f 3/3/3 2/2/2 1/1/1
f 3/3/3 4/4/4 2/2/2
f 5/5/5 3/3/3 1/1/1
f 5/5/5 6/6/6 3/3/3
f 7/7/7 3/3/3 6/6/6
f 3/3/3 7/7/7 4/4/4
f 5/5/5 8/8/8 6/6/6
f 5/5/5 1/1/1 9/9/9
f 5/5/5 9/9/9 8/8/8
f 6/6/6 8/8/8 10/10/10
f 7/7/7 6/6/6 10/10/10
f 9/9/9 11/11/11 8/8/8
f 8/8/8 12/12/12 10/10/10
f 12/12/12 8/8/8 11/11/11
f 11/11/11 9/9/9 13/13/13
f 9/9/9 1/1/1 14/14/14
f 9/9/9 14/14/14 13/13/13
f 15/15/15 14/14/14 1/1/1
f 15/15/15 1/1/1 2/2/2
f 12/12/12 11/11/11 16/16/16
f 16/16/16 11/11/11 17/17/17
f 11/11/11 13/13/13 17/17/17
f 18/18/18 12/12/12 16/16/16
f 16/16/16 17/17/17 18/18/18
f 12/12/12 18/18/18 19/19/19
f 19/19/19 20/20/20 12/12/12
f 20/20/20 10/10/10 12/12/12
f 19/19/19 18/18/18 21/21/21
f 18/18/18 22/22/22 21/21/21
f 18/18/18 17/17/17 22/22/22
f 21/21/21 22/22/22 23/23/23
f 22/22/22 17/17/17 24/24/24
f 23/23/23 22/22/22 24/24/24
f 23/23/23 25/25/25 21/21/21
f 19/19/19 21/21/21 25/25/25
f 23/23/23 26/26/26 25/25/25
f 27/27/27 26/26/26 23/23/23
f 23/23/23 24/24/24 27/27/27
f 28/28/28 25/25/25 26/26/26
f 28/28/28 19/19/19 25/25/25
f 26/26/26 27/27/27 29/29/29
f 29/29/29 28/28/28 26/26/26
f 27/27/27 24/24/24 30/30/30
f 31/31/31 19/19/19 28/28/28
f 32/32/32 19/19/19 31/31/31
f 33/33/33 31/31/31 28/28/28
f 33/33/33 32/32/32 31/31/31
f 32/32/32 20/20/20 19/19/19
f 34/34/34 33/33/33 28/28/28
f 35/35/35 20/20/20 32/32/32
f 32/32/32 33/33/33 36/36/36
f 32/32/32 36/36/36 35/35/35
f 33/33/33 37/37/37 36/36/36
f 34/34/34 37/37/37 33/33/33
f 36/36/36 38/38/38 35/35/35
f 35/35/35 39/39/39 20/20/20
f 38/38/38 39/39/39 35/35/35
f 20/20/20 39/39/39 40/40/40
f 40/40/40 10/10/10 20/20/20
f 39/39/39 41/41/41 40/40/40
f 40/40/40 42/42/42 10/10/10
f 43/43/43 41/41/41 39/39/39
f 39/39/39 38/38/38 43/43/43
f 41/41/41 44/44/44 40/40/40
f 42/42/42 40/40/40 44/44/44
f 43/43/43 44/44/44 41/41/41
f 10/10/10 42/42/42 45/45/45
f 42/42/42 44/44/44 45/45/45
f 7/7/7 10/10/10 45/45/45
f 43/43/43 46/46/46 44/44/44
f 47/47/47 45/45/45 44/44/44
f 46/46/46 47/47/47 44/44/44
f 48/48/48 7/7/7 45/45/45
f 45/45/45 47/47/47 48/48/48
f 7/7/7 48/48/48 49/49/49
f 4/4/4 7/7/7 49/49/49
f 50/50/50 46/46/46 43/43/43
f 48/48/48 51/51/51 49/49/49
f 52/52/52 50/50/50 43/43/43
f 52/52/52 43/43/43 38/38/38
f 46/46/46 50/50/50 53/53/53
f 53/53/53 50/50/50 52/52/52
f 54/54/54 52/52/52 38/38/38
f 54/54/54 53/53/53 52/52/52
f 55/55/55 4/4/4 49/49/49
f 49/49/49 51/51/51 55/55/55
f 55/55/55 56/56/56 4/4/4
f 4/4/4 56/56/56 57/57/57
f 2/2/2 4/4/4 57/57/57
f 58/58/58 2/2/2 57/57/57
f 58/58/58 57/57/57 56/56/56
f 58/58/58 59/59/59 2/2/2
f 55/55/55 60/60/60 56/56/56
f 15/15/15 2/2/2 59/59/59
f 59/59/59 58/58/58 61/61/61
f 62/62/62 58/58/58 56/56/56
f 61/61/61 58/58/58 62/62/62
f 63/63/63 62/62/62 56/56/56
f 56/56/56 60/60/60 63/63/63
f 62/62/62 64/64/64 61/61/61
f 61/61/61 64/64/64 59/59/59
f 65/65/65 62/62/62 63/63/63
f 62/62/62 65/65/65 64/64/64
f 59/59/59 64/64/64 66/66/66
f 15/15/15 59/59/59 66/66/66
f 65/65/65 67/67/67 64/64/64
f 67/67/67 66/66/66 64/64/64
f 63/63/63 68/68/68 65/65/65
f 60/60/60 68/68/68 63/63/63
f 69/69/69 67/67/67 65/65/65
f 69/69/69 65/65/65 70/70/70
f 68/68/68 70/70/70 65/65/65
f 69/69/69 71/71/71 67/67/67
f 70/70/70 72/72/72 69/69/69
f 69/69/69 72/72/72 71/71/71
f 72/72/72 70/70/70 73/73/73
f 68/68/68 73/73/73 70/70/70
f 72/72/72 74/74/74 71/71/71
f 74/74/74 72/72/72 73/73/73
f 67/67/67 71/71/71 75/75/75
f 66/66/66 67/67/67 75/75/75
f 71/71/71 74/74/74 76/76/76
f 71/71/71 76/76/76 75/75/75
f 77/77/77 74/74/74 73/73/73
f 74/74/74 77/77/77 78/78/78
f 78/78/78 76/76/76 74/74/74
f 79/79/79 76/76/76 78/78/78
f 77/77/77 80/80/80 78/78/78
f 78/78/78 81/81/81 79/79/79
f 80/80/80 81/81/81 78/78/78
f 79/79/79 82/82/82 76/76/76
f 79/79/79 81/81/81 82/82/82
f 75/75/75 76/76/76 83/83/83
f 83/83/83 76/76/76 82/82/82
f 75/75/75 83/83/83 84/84/84
f 75/75/75 84/84/84 66/66/66
f 84/84/84 83/83/83 85/85/85
f 83/83/83 82/82/82 85/85/85
f 66/66/66 84/84/84 86/86/86
f 87/87/87 86/86/86 84/84/84
f 84/84/84 85/85/85 87/87/87
f 88/88/88 66/66/66 86/86/86
f 86/86/86 87/87/87 88/88/88
f 89/89/89 66/66/66 88/88/88
f 89/89/89 15/15/15 66/66/66
f 90/90/90 15/15/15 89/89/89
f 15/15/15 90/90/90 14/14/14
f 91/91/91 90/90/90 89/89/89
f 92/92/92 91/91/91 89/89/89
f 88/88/88 92/92/92 89/89/89
f 90/90/90 91/91/91 93/93/93
f 92/92/92 88/88/88 94/94/94
f 90/90/90 95/95/95 14/14/14
f 95/95/95 90/90/90 93/93/93
f 13/13/13 14/14/14 95/95/95
f 95/95/95 93/93/93 96/96/96
f 13/13/13 95/95/95 96/96/96
f 93/93/93 97/97/97 96/96/96
f 96/96/96 97/97/97 98/98/98
f 13/13/13 96/96/96 99/99/99
f 96/96/96 98/98/98 99/99/99
f 99/99/99 98/98/98 100/100/100
f 99/99/99 100/100/100 101/101/101
f 102/102/102 99/99/99 101/101/101
f 17/17/17 13/13/13 99/99/99
f 103/103/103 99/99/99 102/102/102
f 17/17/17 99/99/99 104/104/104
f 104/104/104 99/99/99 103/103/103
f 24/24/24 17/17/17 104/104/104
f 104/104/104 103/103/103 105/105/105
f 105/105/105 103/103/103 106/106/106
f 106/106/106 107/107/107 105/105/105
f 24/24/24 104/104/104 108/108/108
f 108/108/108 104/104/104 105/105/105
f 109/109/109 105/105/105 107/107/107
f 109/109/109 108/108/108 105/105/105
f 109/109/109 107/107/107 110/110/110
f 30/30/30 24/24/24 108/108/108
f 110/110/110 111/111/111 109/109/109
f 111/111/111 110/110/110 112/112/112
f 113/113/113 108/108/108 109/109/109
f 111/111/111 112/112/112 114/114/114
f 114/114/114 112/112/112 115/115/115
f 111/111/111 116/116/116 109/109/109
f 114/114/114 116/116/116 111/111/111
f 117/117/117 114/114/114 115/115/115
f 114/114/114 117/117/117 116/116/116
f 118/118/118 117/117/117 115/115/115
f 117/117/117 118/118/118 119/119/119
f 109/109/109 116/116/116 120/120/120
f 109/109/109 120/120/120 113/113/113
f 121/121/121 116/116/116 117/117/117
f 120/120/120 116/116/116 121/121/121
f 122/122/122 117/117/117 119/119/119
f 121/121/121 117/117/117 122/122/122
f 123/123/123 122/122/122 119/119/119
f 119/119/119 124/124/124 123/123/123
f 123/123/123 124/124/124 125/125/125
f 126/126/126 123/123/123 125/125/125
f 123/123/123 126/126/126 122/122/122
f 125/125/125 127/127/127 126/126/126
f 122/122/122 126/126/126 128/128/128
f 121/121/121 122/122/122 128/128/128
f 127/127/127 129/129/129 126/126/126
f 128/128/128 126/126/126 130/130/130
f 129/129/129 130/130/130 126/126/126
f 121/121/121 128/128/128 131/131/131
f 128/128/128 130/130/130 131/131/131
f 129/129/129 127/127/127 132/132/132
f 133/133/133 132/132/132 127/127/127
f 134/134/134 132/132/132 133/133/133
f 135/135/135 134/134/134 133/133/133
f 134/134/134 135/135/135 136/136/136
f 137/137/137 134/134/134 136/136/136
f 138/138/138 130/130/130 129/129/129
f 139/139/139 129/129/129 132/132/132
f 129/129/129 139/139/139 138/138/138
f 140/140/140 132/132/132 134/134/134
f 139/139/139 132/132/132 140/140/140
f 141/141/141 138/138/138 139/139/139
f 140/140/140 134/134/134 142/142/142
f 134/134/134 137/137/137 142/142/142
f 140/140/140 143/143/143 139/139/139
f 140/140/140 142/142/142 143/143/143
f 141/141/141 144/144/144 138/138/138
f 130/130/130 138/138/138 144/144/144
f 141/141/141 139/139/139 145/145/145
f 145/145/145 144/144/144 141/141/141
f 145/145/145 139/139/139 143/143/143
f 146/146/146 130/130/130 144/144/144
f 146/146/146 131/131/131 130/130/130
f 147/147/147 131/131/131 146/146/146
f 147/147/147 121/121/121 131/131/131
f 148/148/148 146/146/146 144/144/144
f 148/148/148 147/147/147 146/146/146
f 144/144/144 145/145/145 149/149/149
f 148/148/148 144/144/144 149/149/149
f 150/150/150 145/145/145 143/143/143
f 150/150/150 149/149/149 145/145/145
f 147/147/147 151/151/151 121/121/121
f 151/151/151 120/120/120 121/121/121
f 120/120/120 151/151/151 152/152/152
f 147/147/147 152/152/152 151/151/151
f 113/113/113 120/120/120 152/152/152
f 113/113/113 152/152/152 108/108/108
f 108/108/108 152/152/152 30/30/30
f 152/152/152 147/147/147 153/153/153
f 154/154/154 30/30/30 152/152/152
f 153/153/153 154/154/154 152/152/152
f 154/154/154 155/155/155 30/30/30
f 27/27/27 30/30/30 155/155/155
f 156/156/156 154/154/154 153/153/153
f 154/154/154 156/156/156 155/155/155
f 157/157/157 153/153/153 147/147/147
f 157/157/157 156/156/156 153/153/153
f 148/148/148 157/157/157 147/147/147
f 155/155/155 158/158/158 27/27/27
f 27/27/27 158/158/158 29/29/29
f 159/159/159 155/155/155 156/156/156
f 159/159/159 158/158/158 155/155/155
f 29/29/29 158/158/158 160/160/160
f 159/159/159 160/160/160 158/158/158
f 161/161/161 159/159/159 156/156/156
f 161/161/161 160/160/160 159/159/159
f 157/157/157 162/162/162 156/156/156
f 162/162/162 161/161/161 156/156/156
f 157/157/157 163/163/163 162/162/162
f 163/163/163 157/157/157 148/148/148
f 162/162/162 163/163/163 164/164/164
f 161/161/161 162/162/162 165/165/165
f 162/162/162 164/164/164 165/165/165
f 166/166/166 160/160/160 161/161/161
f 165/165/165 166/166/166 161/161/161
f 163/163/163 148/148/148 167/167/167
f 168/168/168 160/160/160 166/166/166
f 167/167/167 148/148/148 169/169/169
f 149/149/149 169/169/169 148/148/148
f 169/169/169 149/149/149 170/170/170
f 150/150/150 170/170/170 149/149/149
f 171/171/171 169/169/169 170/170/170
f 167/167/167 169/169/169 171/171/171
f 171/171/171 170/170/170 150/150/150
f 167/167/167 172/172/172 163/163/163
f 172/172/172 164/164/164 163/163/163
f 173/173/173 172/172/172 167/167/167
f 173/173/173 167/167/167 171/171/171
f 174/174/174 172/172/172 173/173/173
f 171/171/171 150/150/150 175/175/175
f 176/176/176 164/164/164 172/172/172
f 176/176/176 172/172/172 174/174/174
f 174/174/174 177/177/177 176/176/176
f 173/173/173 177/177/177 174/174/174
f 178/178/178 164/164/164 176/176/176
f 177/177/177 178/178/178 176/176/176
f 178/178/178 179/179/179 164/164/164
f 179/179/179 165/165/165 164/164/164
f 180/180/180 179/179/179 178/178/178
f 181/181/181 165/165/165 179/179/179
f 181/181/181 166/166/166 165/165/165
f 182/182/182 181/181/181 179/179/179
f 180/180/180 182/182/182 179/179/179
f 183/183/183 166/166/166 181/181/181
f 168/168/168 166/166/166 183/183/183
f 181/181/181 182/182/182 184/184/184
f 184/184/184 183/183/183 181/181/181
f 185/185/185 183/183/183 184/184/184
f 185/185/185 168/168/168 183/183/183
f 184/184/184 182/182/182 186/186/186
f 184/184/184 186/186/186 187/187/187
f 184/184/184 187/187/187 185/185/185
f 188/188/188 186/186/186 182/182/182
f 180/180/180 188/188/188 182/182/182
f 187/187/187 186/186/186 189/189/189
f 188/188/188 189/189/189 186/186/186
f 187/187/187 189/189/189 185/185/185
f 190/190/190 188/188/188 180/180/180
f 168/168/168 185/185/185 191/191/191
f 191/191/191 192/192/192 168/168/168
f 168/168/168 192/192/192 160/160/160
f 29/29/29 160/160/160 192/192/192
f 191/191/191 193/193/193 192/192/192
f 194/194/194 29/29/29 192/192/192
f 192/192/192 193/193/193 194/194/194
f 28/28/28 29/29/29 194/194/194
f 34/34/34 28/28/28 194/194/194
f 195/195/195 191/191/191 185/185/185
f 195/195/195 193/193/193 191/191/191
f 196/196/196 194/194/194 193/193/193
f 196/196/196 34/34/34 194/194/194
f 197/197/197 196/196/196 193/193/193
f 196/196/196 198/198/198 34/34/34
f 197/197/197 198/198/198 196/196/196
f 37/37/37 34/34/34 198/198/198
f 199/199/199 197/197/197 193/193/193
f 198/198/198 197/197/197 199/199/199
f 193/193/193 195/195/195 199/199/199
f 37/37/37 198/198/198 200/200/200
f 198/198/198 199/199/199 200/200/200
f 201/201/201 195/195/195 185/185/185
f 189/189/189 201/201/201 185/185/185
f 202/202/202 199/199/199 195/195/195
f 195/195/195 201/201/201 202/202/202
f 202/202/202 203/203/203 199/199/199
f 203/203/203 200/200/200 199/199/199
f 204/204/204 202/202/202 201/201/201
f 201/201/201 189/189/189 204/204/204
f 202/202/202 205/205/205 203/203/203
f 204/204/204 205/205/205 202/202/202
f 203/203/203 206/206/206 200/200/200
f 203/203/203 205/205/205 206/206/206
f 37/37/37 200/200/200 207/207/207
f 207/207/207 36/36/36 37/37/37
f 207/207/207 38/38/38 36/36/36
f 200/200/200 208/208/208 207/207/207
f 208/208/208 38/38/38 207/207/207
f 206/206/206 208/208/208 200/200/200
f 54/54/54 38/38/38 208/208/208
f 206/206/206 209/209/209 208/208/208
f 54/54/54 208/208/208 209/209/209
f 209/209/209 206/206/206 210/210/210
f 209/209/209 210/210/210 54/54/54
f 206/206/206 205/205/205 210/210/210
f 210/210/210 211/211/211 54/54/54
f 210/210/210 205/205/205 212/212/212
f 213/213/213 54/54/54 211/211/211
f 53/53/53 54/54/54 213/213/213
f 214/214/214 211/211/211 210/210/210
f 212/212/212 214/214/214 210/210/210
f 211/211/211 215/215/215 213/213/213
f 53/53/53 213/213/213 216/216/216
f 216/216/216 213/213/213 215/215/215
f 217/217/217 211/211/211 214/214/214
f 217/217/217 215/215/215 211/211/211
f 217/217/217 214/214/214 218/218/218
f 214/214/214 212/212/212 218/218/218
f 217/217/217 219/219/219 215/215/215
f 217/217/217 218/218/218 220/220/220
f 219/219/219 217/217/217 220/220/220
f 219/219/219 221/221/221 215/215/215
f 218/218/218 222/222/222 220/220/220
f 222/222/222 218/218/218 212/212/212
f 223/223/223 216/216/216 215/215/215
f 215/215/215 221/221/221 223/223/223
f 223/223/223 224/224/224 216/216/216
f 216/216/216 224/224/224 53/53/53
f 223/223/223 221/221/221 225/225/225
f 224/224/224 226/226/226 53/53/53
f 226/226/226 46/46/46 53/53/53
f 47/47/47 46/46/46 226/226/226
f 227/227/227 226/226/226 224/224/224
f 227/227/227 47/47/47 226/226/226
f 228/228/228 224/224/224 223/223/223
f 223/223/223 225/225/225 228/228/228
f 224/224/224 229/229/229 227/227/227
f 228/228/228 230/230/230 224/224/224
f 224/224/224 230/230/230 229/229/229
f 228/228/228 231/231/231 230/230/230
f 231/231/231 228/228/228 225/225/225
f 232/232/232 230/230/230 231/231/231
f 230/230/230 232/232/232 229/229/229
f 231/231/231 233/233/233 232/232/232
f 233/233/233 231/231/231 225/225/225
f 234/234/234 227/227/227 229/229/229
f 234/234/234 47/47/47 227/227/227
f 235/235/235 229/229/229 232/232/232
f 236/236/236 232/232/232 233/233/233
f 236/236/236 235/235/235 232/232/232
f 229/229/229 235/235/235 237/237/237
f 237/237/237 234/234/234 229/229/229
f 47/47/47 234/234/234 238/238/238
f 233/233/233 225/225/225 239/239/239
f 234/234/234 240/240/240 238/238/238
f 234/234/234 241/241/241 240/240/240
f 241/241/241 238/238/238 240/240/240
f 237/237/237 241/241/241 234/234/234
f 242/242/242 47/47/47 238/238/238
f 242/242/242 48/48/48 47/47/47
f 48/48/48 242/242/242 51/51/51
f 242/242/242 238/238/238 243/243/243
f 241/241/241 243/243/243 238/238/238
f 242/242/242 244/244/244 51/51/51
f 242/242/242 243/243/243 244/244/244
f 244/244/244 245/245/245 51/51/51
f 245/245/245 244/244/244 243/243/243
f 51/51/51 245/245/245 246/246/246
f 243/243/243 246/246/246 245/245/245
f 51/51/51 246/246/246 55/55/55
f 246/246/246 60/60/60 55/55/55
f 243/243/243 60/60/60 246/246/246
f 60/60/60 243/243/243 247/247/247
f 247/247/247 243/243/243 241/241/241
f 247/247/247 68/68/68 60/60/60
f 247/247/247 248/248/248 68/68/68
f 249/249/249 247/247/247 241/241/241
f 249/249/249 248/248/248 247/247/247
f 250/250/250 249/249/249 241/241/241
f 237/237/237 250/250/250 241/241/241
f 251/251/251 249/249/249 250/250/250
f 237/237/237 251/251/251 250/250/250
f 252/252/252 248/248/248 249/249/249
f 248/248/248 252/252/252 68/68/68
f 251/251/251 252/252/252 249/249/249
f 73/73/73 68/68/68 252/252/252
f 253/253/253 251/251/251 237/237/237
f 237/237/237 235/235/235 253/253/253
f 254/254/254 253/253/253 235/235/235
f 253/253/253 255/255/255 251/251/251
f 253/253/253 254/254/254 255/255/255
f 236/236/236 254/254/254 235/235/235
f 255/255/255 256/256/256 251/251/251
f 251/251/251 256/256/256 252/252/252
f 257/257/257 255/255/255 254/254/254
f 256/256/256 255/255/255 257/257/257
f 236/236/236 258/258/258 254/254/254
f 254/254/254 258/258/258 257/257/257
f 236/236/236 259/259/259 258/258/258
f 256/256/256 257/257/257 260/260/260
f 257/257/257 258/258/258 261/261/261
f 257/257/257 261/261/261 260/260/260
f 262/262/262 261/261/261 258/258/258
f 259/259/259 262/262/262 258/258/258
f 260/260/260 261/261/261 263/263/263
f 264/264/264 261/261/261 262/262/262
f 264/264/264 263/263/263 261/261/261
f 262/262/262 265/265/265 264/264/264
f 262/262/262 259/259/259 265/265/265
f 266/266/266 259/259/259 236/236/236
f 236/236/236 233/233/233 266/266/266
f 267/267/267 265/265/265 259/259/259
f 266/266/266 233/233/233 268/268/268
f 269/269/269 259/259/259 266/266/266
f 268/268/268 269/269/269 266/266/266
f 269/269/269 267/267/267 259/259/259
f 233/233/233 239/239/239 268/268/268
f 268/268/268 239/239/239 270/270/270
f 268/268/268 271/271/271 269/269/269
f 270/270/270 271/271/271 268/268/268
f 271/271/271 272/272/272 269/269/269
f 272/272/272 267/267/267 269/269/269
f 271/271/271 273/273/273 272/272/272
f 270/270/270 273/273/273 271/271/271
f 270/270/270 239/239/239 274/274/274
f 225/225/225 274/274/274 239/239/239
f 275/275/275 274/274/274 225/225/225
f 275/275/275 225/225/225 221/221/221
f 270/270/270 274/274/274 276/276/276
f 274/274/274 277/277/277 276/276/276
f 274/274/274 275/275/275 277/277/277
f 278/278/278 270/270/270 276/276/276
f 273/273/273 270/270/270 278/278/278
f 276/276/276 279/279/279 278/278/278
f 279/279/279 276/276/276 277/277/277
f 275/275/275 221/221/221 280/280/280
f 221/221/221 219/219/219 280/280/280
f 277/277/277 275/275/275 281/281/281
f 282/282/282 275/275/275 280/280/280
f 275/275/275 282/282/282 281/281/281
f 283/283/283 277/277/277 281/281/281
f 282/282/282 280/280/280 284/284/284
f 280/280/280 219/219/219 285/285/285
f 284/284/284 280/280/280 285/285/285
f 284/284/284 285/285/285 282/282/282
f 285/285/285 219/219/219 220/220/220
f 281/281/281 282/282/282 286/286/286
f 283/283/283 281/281/281 286/286/286
f 285/285/285 287/287/287 282/282/282
f 286/286/286 282/282/282 287/287/287
f 285/285/285 220/220/220 287/287/287
f 288/288/288 277/277/277 283/283/283
f 288/288/288 283/283/283 286/286/286
f 288/288/288 279/279/279 277/277/277
f 289/289/289 286/286/286 287/287/287
f 220/220/220 290/290/290 287/287/287
f 289/289/289 287/287/287 290/290/290
f 291/291/291 288/288/288 286/286/286
f 286/286/286 289/289/289 291/291/291
f 279/279/279 288/288/288 292/292/292
f 292/292/292 288/288/288 291/291/291
f 292/292/292 293/293/293 279/279/279
f 278/278/278 279/279/279 293/293/293
f 292/292/292 291/291/291 294/294/294
f 295/295/295 293/293/293 292/292/292
f 292/292/292 294/294/294 295/295/295
f 293/293/293 296/296/296 278/278/278
f 278/278/278 296/296/296 273/273/273
f 293/293/293 295/295/295 297/297/297
f 296/296/296 293/293/293 297/297/297
f 294/294/294 291/291/291 298/298/298
f 298/298/298 291/291/291 289/289/289
f 299/299/299 295/295/295 294/294/294
f 294/294/294 298/298/298 300/300/300
f 294/294/294 300/300/300 299/299/299
f 301/301/301 300/300/300 298/298/298
f 302/302/302 298/298/298 289/289/289
f 301/301/301 298/298/298 302/302/302
f 297/297/297 295/295/295 303/303/303
f 302/302/302 289/289/289 304/304/304
f 305/305/305 297/297/297 303/303/303
f 297/297/297 305/305/305 306/306/306
f 305/305/305 303/303/303 306/306/306
f 296/296/296 297/297/297 306/306/306
f 303/303/303 295/295/295 307/307/307
f 295/295/295 299/299/299 307/307/307
f 308/308/308 303/303/303 307/307/307
f 309/309/309 307/307/307 299/299/299
f 309/309/309 308/308/308 307/307/307
f 310/310/310 303/303/303 308/308/308
f 310/310/310 306/306/306 303/303/303
f 310/310/310 308/308/308 309/309/309
f 306/306/306 311/311/311 296/296/296
f 310/310/310 311/311/311 306/306/306
f 296/296/296 311/311/311 312/312/312
f 310/310/310 312/312/312 311/311/311
f 296/296/296 312/312/312 313/313/313
f 273/273/273 296/296/296 313/313/313
f 312/312/312 310/310/310 314/314/314
f 315/315/315 273/273/273 313/313/313
f 272/272/272 273/273/273 315/315/315
f 312/312/312 316/316/316 313/313/313
f 315/315/315 313/313/313 316/316/316
f 312/312/312 317/317/317 316/316/316
f 312/312/312 314/314/314 317/317/317
f 315/315/315 316/316/316 318/318/318
f 316/316/316 317/317/317 318/318/318
f 272/272/272 315/315/315 267/267/267
f 267/267/267 315/315/315 318/318/318
f 319/319/319 318/318/318 317/317/317
f 267/267/267 318/318/318 320/320/320
f 321/321/321 318/318/318 319/319/319
f 320/320/320 318/318/318 321/321/321
f 267/267/267 320/320/320 322/322/322
f 267/267/267 322/322/322 265/265/265
f 265/265/265 322/322/322 323/323/323
f 322/322/322 320/320/320 323/323/323
f 265/265/265 323/323/323 264/264/264
f 324/324/324 323/323/323 320/320/320
f 320/320/320 321/321/321 324/324/324
f 323/323/323 324/324/324 325/325/325
f 323/323/323 325/325/325 264/264/264
f 324/324/324 326/326/326 325/325/325
f 325/325/325 327/327/327 264/264/264
f 326/326/326 327/327/327 325/325/325
f 328/328/328 326/326/326 324/324/324
f 321/321/321 328/328/328 324/324/324
f 328/328/328 329/329/329 326/326/326
f 327/327/327 326/326/326 329/329/329
f 330/330/330 328/328/328 321/321/321
f 330/330/330 331/331/331 328/328/328
f 331/331/331 329/329/329 328/328/328
f 330/330/330 321/321/321 332/332/332
f 331/331/331 330/330/330 333/333/333
f 332/332/332 333/333/333 330/330/330
f 331/331/331 334/334/334 329/329/329
f 331/331/331 335/335/335 334/334/334
f 333/333/333 335/335/335 331/331/331
f 336/336/336 335/335/335 333/333/333
f 335/335/335 336/336/336 334/334/334
f 321/321/321 337/337/337 332/332/332
f 337/337/337 321/321/321 319/319/319
f 329/329/329 338/338/338 327/327/327
f 337/337/337 319/319/319 339/339/339
f 317/317/317 339/339/339 319/319/319
f 317/317/317 340/340/340 339/339/339
f 337/337/337 339/339/339 341/341/341
f 339/339/339 340/340/340 341/341/341
f 317/317/317 314/314/314 340/340/340
f 342/342/342 337/337/337 341/341/341
f 343/343/343 340/340/340 314/314/314
f 337/337/337 342/342/342 344/344/344
f 337/337/337 344/344/344 332/332/332
f 345/345/345 342/342/342 341/341/341
f 341/341/341 340/340/340 346/346/346
f 345/345/345 341/341/341 346/346/346
f 343/343/343 347/347/347 340/340/340
f 340/340/340 347/347/347 346/346/346
f 347/347/347 343/343/343 348/348/348
f 343/343/343 314/314/314 348/348/348
f 346/346/346 347/347/347 349/349/349
f 349/349/349 345/345/345 346/346/346
f 350/350/350 342/342/342 345/345/345
f 344/344/344 342/342/342 350/350/350
f 344/344/344 350/350/350 351/351/351
f 332/332/332 344/344/344 351/351/351
f 350/350/350 345/345/345 352/352/352
f 351/351/351 350/350/350 353/353/353
f 353/353/353 350/350/350 352/352/352
f 353/353/353 354/354/354 351/351/351
f 352/352/352 345/345/345 355/355/355
f 345/345/345 349/349/349 355/355/355
f 353/353/353 352/352/352 356/356/356
f 356/356/356 354/354/354 353/353/353
f 356/356/356 352/352/352 357/357/357
f 355/355/355 357/357/357 352/352/352
f 332/332/332 351/351/351 358/358/358
f 351/351/351 354/354/354 358/358/358
f 332/332/332 358/358/358 359/359/359
f 359/359/359 333/333/333 332/332/332
f 358/358/358 354/354/354 360/360/360
f 358/358/358 360/360/360 359/359/359
f 359/359/359 361/361/361 333/333/333
f 360/360/360 362/362/362 359/359/359
f 362/362/362 361/361/361 359/359/359
f 336/336/336 333/333/333 361/361/361
f 360/360/360 354/354/354 363/363/363
f 354/354/354 364/364/364 363/363/363
f 356/356/356 364/364/364 354/354/354
f 360/360/360 363/363/363 365/365/365
f 362/362/362 360/360/360 365/365/365
f 363/363/363 366/366/366 365/365/365
f 363/363/363 364/364/364 366/366/366
f 367/367/367 365/365/365 366/366/366
f 364/364/364 367/367/367 366/366/366
f 368/368/368 364/364/364 356/356/356
f 357/357/357 368/368/368 356/356/356
f 369/369/369 368/368/368 357/357/357
f 370/370/370 364/364/364 368/368/368
f 370/370/370 367/367/367 364/364/364
f 355/355/355 369/369/369 357/357/357
f 368/368/368 369/369/369 371/371/371
f 355/355/355 371/371/371 369/369/369
f 370/370/370 368/368/368 371/371/371
f 365/365/365 367/367/367 372/372/372
f 365/365/365 372/372/372 362/362/362
f 370/370/370 373/373/373 367/367/367
f 367/367/367 374/374/374 372/372/372
f 374/374/374 367/367/367 373/373/373
f 362/362/362 372/372/372 375/375/375
f 373/373/373 370/370/370 376/376/376
f 377/377/377 376/376/376 370/370/370
f 377/377/377 373/373/373 376/376/376
f 377/377/377 370/370/370 371/371/371
f 374/374/374 378/378/378 372/372/372
f 375/375/375 372/372/372 378/378/378
f 379/379/379 374/374/374 373/373/373
f 374/374/374 379/379/379 378/378/378
f 380/380/380 373/373/373 377/377/377
f 380/380/380 379/379/379 373/373/373
f 380/380/380 377/377/377 381/381/381
f 380/380/380 381/381/381 379/379/379
f 377/377/377 371/371/371 382/382/382
f 378/378/378 379/379/379 383/383/383
f 382/382/382 371/371/371 384/384/384
f 355/355/355 384/384/384 371/371/371
f 377/377/377 382/382/382 385/385/385
f 377/377/377 385/385/385 381/381/381
f 379/379/379 381/381/381 386/386/386
f 379/379/379 386/386/386 383/383/383
f 355/355/355 387/387/387 384/384/384
f 355/355/355 349/349/349 387/387/387
f 384/384/384 388/388/388 382/382/382
f 388/388/388 384/384/384 387/387/387
f 389/389/389 382/382/382 388/388/388
f 385/385/385 382/382/382 389/389/389
f 388/388/388 387/387/387 390/390/390
f 391/391/391 389/389/389 388/388/388
f 390/390/390 391/391/391 388/388/388
f 392/392/392 389/389/389 391/391/391
f 392/392/392 385/385/385 389/389/389
f 349/349/349 393/393/393 387/387/387
f 387/387/387 393/393/393 390/390/390
f 349/349/349 394/394/394 393/393/393
f 394/394/394 349/349/349 347/347/347
f 393/393/393 395/395/395 390/390/390
f 393/393/393 394/394/394 395/395/395
f 347/347/347 348/348/348 394/394/394
f 390/390/390 395/395/395 396/396/396
f 397/397/397 391/391/391 390/390/390
f 396/396/396 397/397/397 390/390/390
f 391/391/391 397/397/397 392/392/392
f 395/395/395 398/398/398 396/396/396
f 399/399/399 395/395/395 394/394/394
f 399/399/399 398/398/398 395/395/395
f 399/399/399 394/394/394 400/400/400
f 348/348/348 401/401/401 394/394/394
f 401/401/401 400/400/400 394/394/394
f 348/348/348 400/400/400 401/401/401
f 348/348/348 402/402/402 400/400/400
f 403/403/403 402/402/402 348/348/348
f 348/348/348 314/314/314 403/403/403
f 314/314/314 310/310/310 403/403/403
f 309/309/309 403/403/403 310/310/310
f 404/404/404 402/402/402 403/403/403
f 309/309/309 404/404/404 403/403/403
f 402/402/402 405/405/405 400/400/400
f 402/402/402 404/404/404 405/405/405
f 405/405/405 406/406/406 400/400/400
f 399/399/399 400/400/400 406/406/406
f 404/404/404 407/407/407 405/405/405
f 408/408/408 404/404/404 309/309/309
f 404/404/404 408/408/408 407/407/407
f 299/299/299 408/408/408 309/309/309
f 406/406/406 409/409/409 399/399/399
f 299/299/299 410/410/410 408/408/408
f 299/299/299 300/300/300 410/410/410
f 300/300/300 301/301/301 410/410/410
f 408/408/408 410/410/410 411/411/411
f 301/301/301 411/411/411 410/410/410
f 408/408/408 411/411/411 407/407/407
f 409/409/409 398/398/398 399/399/399
f 412/412/412 407/407/407 411/411/411
f 301/301/301 413/413/413 411/411/411
f 411/411/411 414/414/414 412/412/412
f 413/413/413 414/414/414 411/411/411
f 412/412/412 415/415/415 407/407/407
f 415/415/415 412/412/412 414/414/414
f 301/301/301 416/416/416 413/413/413
f 301/301/301 302/302/302 416/416/416
f 302/302/302 417/417/417 416/416/416
f 413/413/413 416/416/416 417/417/417
f 302/302/302 304/304/304 417/417/417
f 418/418/418 413/413/413 417/417/417
f 414/414/414 413/413/413 419/419/419
f 419/419/419 413/413/413 418/418/418
f 414/414/414 419/419/419 420/420/420
f 417/417/417 421/421/421 418/418/418
f 417/417/417 304/304/304 421/421/421
f 418/418/418 422/422/422 419/419/419
f 420/420/420 419/419/419 422/422/422
f 423/423/423 418/418/418 421/421/421
f 421/421/421 424/424/424 423/423/423
f 421/421/421 304/304/304 424/424/424
f 418/418/418 423/423/423 425/425/425
f 418/418/418 425/425/425 422/422/422
f 304/304/304 426/426/426 424/424/424
f 426/426/426 423/423/423 424/424/424
f 426/426/426 304/304/304 427/427/427
f 423/423/423 426/426/426 428/428/428
f 429/429/429 427/427/427 304/304/304
f 429/429/429 304/304/304 289/289/289
f 290/290/290 429/429/429 289/289/289
f 430/430/430 426/426/426 427/427/427
f 428/428/428 426/426/426 430/430/430
f 427/427/427 429/429/429 431/431/431
f 290/290/290 432/432/432 429/429/429
f 431/431/431 429/429/429 432/432/432
f 220/220/220 432/432/432 290/290/290
f 433/433/433 432/432/432 220/220/220
f 433/433/433 220/220/220 222/222/222
f 434/434/434 432/432/432 433/433/433
f 434/434/434 433/433/433 222/222/222
f 432/432/432 434/434/434 431/431/431
f 435/435/435 427/427/427 431/431/431
f 435/435/435 431/431/431 434/434/434
f 435/435/435 430/430/430 427/427/427
f 222/222/222 436/436/436 434/434/434
f 434/434/434 436/436/436 435/435/435
f 222/222/222 212/212/212 436/436/436
f 435/435/435 437/437/437 430/430/430
f 437/437/437 435/435/435 436/436/436
f 438/438/438 430/430/430 437/437/437
f 438/438/438 428/428/428 430/430/430
f 436/436/436 439/439/439 437/437/437
f 438/438/438 437/437/437 440/440/440
f 439/439/439 440/440/440 437/437/437
f 440/440/440 441/441/441 438/438/438
f 438/438/438 441/441/441 428/428/428
f 442/442/442 436/436/436 212/212/212
f 439/439/439 436/436/436 443/443/443
f 443/443/443 436/436/436 442/442/442
f 443/443/443 444/444/444 439/439/439
f 444/444/444 443/443/443 442/442/442
f 440/440/440 439/439/439 445/445/445
f 440/440/440 445/445/445 441/441/441
f 442/442/442 212/212/212 446/446/446
f 212/212/212 205/205/205 446/446/446
f 205/205/205 204/204/204 446/446/446
f 446/446/446 447/447/447 442/442/442
f 446/446/446 204/204/204 448/448/448
f 446/446/446 448/448/448 447/447/447
f 449/449/449 442/442/442 447/447/447
f 442/442/442 449/449/449 444/444/444
f 448/448/448 450/450/450 447/447/447
f 447/447/447 450/450/450 449/449/449
f 451/451/451 448/448/448 204/204/204
f 451/451/451 450/450/450 448/448/448
f 189/189/189 451/451/451 204/204/204
f 452/452/452 451/451/451 189/189/189
f 450/450/450 451/451/451 452/452/452
f 452/452/452 189/189/189 188/188/188
f 452/452/452 188/188/188 190/190/190
f 444/444/444 449/449/449 453/453/453
f 454/454/454 452/452/452 190/190/190
f 454/454/454 450/450/450 452/452/452
f 450/450/450 455/455/455 449/449/449
f 454/454/454 455/455/455 450/450/450
f 449/449/449 456/456/456 453/453/453
f 456/456/456 449/449/449 455/455/455
f 444/444/444 453/453/453 457/457/457
f 456/456/456 457/457/457 453/453/453
f 457/457/457 458/458/458 444/444/444
f 439/439/439 444/444/444 458/458/458
f 458/458/458 457/457/457 439/439/439
f 439/439/439 457/457/457 445/445/445
f 457/457/457 456/456/456 459/459/459
f 457/457/457 460/460/460 445/445/445
f 459/459/459 460/460/460 457/457/457
f 460/460/460 441/441/441 445/445/445
f 456/456/456 461/461/461 459/459/459
f 459/459/459 461/461/461 460/460/460
f 456/456/456 455/455/455 462/462/462
f 461/461/461 456/456/456 462/462/462
f 455/455/455 463/463/463 462/462/462
f 455/455/455 454/454/454 463/463/463
f 441/441/441 460/460/460 464/464/464
f 464/464/464 460/460/460 461/461/461
f 441/441/441 464/464/464 465/465/465
f 428/428/428 441/441/441 465/465/465
f 461/461/461 462/462/462 466/466/466
f 462/462/462 463/463/463 466/466/466
f 428/428/428 465/465/465 467/467/467
f 463/463/463 468/468/468 466/466/466
f 469/469/469 428/428/428 467/467/467
f 469/469/469 423/423/423 428/428/428
f 465/465/465 470/470/470 467/467/467
f 467/467/467 470/470/470 469/469/469
f 423/423/423 469/469/469 471/471/471
f 469/469/469 470/470/470 471/471/471
f 471/471/471 425/425/425 423/423/423
f 472/472/472 470/470/470 465/465/465
f 472/472/472 465/465/465 464/464/464
f 473/473/473 471/471/471 470/470/470
f 472/472/472 473/473/473 470/470/470
f 425/425/425 471/471/471 474/474/474
f 473/473/473 475/475/475 471/471/471
f 471/471/471 475/475/475 474/474/474
f 476/476/476 475/475/475 473/473/473
f 476/476/476 473/473/473 477/477/477
f 476/476/476 478/478/478 475/475/475
f 477/477/477 478/478/478 476/476/476
f 477/477/477 473/473/473 479/479/479
f 477/477/477 479/479/479 478/478/478
f 479/479/479 473/473/473 472/472/472
f 478/478/478 479/479/479 480/480/480
f 479/479/479 472/472/472 481/481/481
f 482/482/482 479/479/479 481/481/481
f 482/482/482 480/480/480 479/479/479
f 483/483/483 481/481/481 472/472/472
f 483/483/483 482/482/482 481/481/481
f 483/483/483 484/484/484 482/482/482
f 484/484/484 480/480/480 482/482/482
f 485/485/485 478/478/478 480/480/480
f 486/486/486 475/475/475 478/478/478
f 478/478/478 485/485/485 486/486/486
f 487/487/487 475/475/475 486/486/486
f 475/475/475 487/487/487 474/474/474
f 488/488/488 487/487/487 486/486/486
f 489/489/489 474/474/474 487/487/487
f 488/488/488 489/489/489 487/487/487
f 490/490/490 474/474/474 489/489/489
f 474/474/474 490/490/490 425/425/425
f 490/490/490 491/491/491 425/425/425
f 422/422/422 425/425/425 491/491/491
f 490/490/490 492/492/492 491/491/491
f 492/492/492 422/422/422 491/491/491
f 490/490/490 489/489/489 492/492/492
f 492/492/492 493/493/493 422/422/422
f 489/489/489 494/494/494 492/492/492
f 494/494/494 493/493/493 492/492/492
f 422/422/422 493/493/493 495/495/495
f 420/420/420 422/422/422 495/495/495
f 493/493/493 496/496/496 495/495/495
f 496/496/496 420/420/420 495/495/495
f 497/497/497 493/493/493 494/494/494
f 494/494/494 489/489/489 498/498/498
f 494/494/494 498/498/498 497/497/497
f 499/499/499 498/498/498 489/489/489
f 488/488/488 499/499/499 489/489/489
f 499/499/499 500/500/500 498/498/498
f 499/499/499 488/488/488 500/500/500
f 493/493/493 501/501/501 496/496/496
f 501/501/501 493/493/493 497/497/497
f 497/497/497 498/498/498 502/502/502
f 496/496/496 501/501/501 503/503/503
f 502/502/502 504/504/504 497/497/497
f 497/497/497 505/505/505 501/501/501
f 505/505/505 497/497/497 504/504/504
f 506/506/506 501/501/501 505/505/505
f 501/501/501 506/506/506 503/503/503
f 507/507/507 505/505/505 504/504/504
f 507/507/507 504/504/504 502/502/502
f 508/508/508 496/496/496 503/503/503
f 420/420/420 496/496/496 508/508/508
f 508/508/508 503/503/503 509/509/509
f 510/510/510 420/420/420 508/508/508
f 414/414/414 420/420/420 510/510/510
f 414/414/414 510/510/510 415/415/415
f 510/510/510 508/508/508 511/511/511
f 510/510/510 511/511/511 415/415/415
f 508/508/508 509/509/509 511/511/511
f 512/512/512 415/415/415 511/511/511
f 511/511/511 509/509/509 512/512/512
f 513/513/513 415/415/415 512/512/512
f 415/415/415 513/513/513 407/407/407
f 407/407/407 513/513/513 405/405/405
f 405/405/405 513/513/513 406/406/406
f 513/513/513 514/514/514 406/406/406
f 513/513/513 512/512/512 514/514/514
f 514/514/514 409/409/409 406/406/406
f 514/514/514 512/512/512 515/515/515
f 514/514/514 515/515/515 409/409/409
f 515/515/515 512/512/512 509/509/509
f 515/515/515 516/516/516 409/409/409
f 409/409/409 516/516/516 398/398/398
f 515/515/515 509/509/509 517/517/517
f 398/398/398 516/516/516 518/518/518
f 519/519/519 516/516/516 515/515/515
f 519/519/519 515/515/515 517/517/517
f 518/518/518 516/516/516 519/519/519
f 517/517/517 509/509/509 520/520/520
f 509/509/509 503/503/503 520/520/520
f 521/521/521 519/519/519 517/517/517
f 517/517/517 520/520/520 521/521/521
f 519/519/519 521/521/521 518/518/518
f 506/506/506 520/520/520 503/503/503
f 518/518/518 522/522/522 398/398/398
f 522/522/522 396/396/396 398/398/398
f 523/523/523 522/522/522 518/518/518
f 524/524/524 396/396/396 522/522/522
f 523/523/523 524/524/524 522/522/522
f 396/396/396 524/524/524 397/397/397
f 518/518/518 525/525/525 523/523/523
f 525/525/525 518/518/518 521/521/521
f 525/525/525 524/524/524 523/523/523
f 521/521/521 520/520/520 526/526/526
f 520/520/520 506/506/506 526/526/526
f 521/521/521 526/526/526 525/525/525
f 527/527/527 397/397/397 524/524/524
f 392/392/392 397/397/397 527/527/527
f 527/527/527 524/524/524 392/392/392
f 528/528/528 392/392/392 524/524/524
f 524/524/524 525/525/525 529/529/529
f 528/528/528 524/524/524 529/529/529
f 392/392/392 528/528/528 530/530/530
f 392/392/392 530/530/530 385/385/385
f 531/531/531 530/530/530 528/528/528
f 529/529/529 531/531/531 528/528/528
f 532/532/532 385/385/385 530/530/530
f 533/533/533 385/385/385 532/532/532
f 533/533/533 381/381/381 385/385/385
f 534/534/534 532/532/532 530/530/530
f 534/534/534 530/530/530 531/531/531
f 535/535/535 533/533/533 532/532/532
f 534/534/534 535/535/535 532/532/532
f 536/536/536 381/381/381 533/533/533
f 536/536/536 533/533/533 535/535/535
f 386/386/386 381/381/381 536/536/536
f 534/534/534 537/537/537 535/535/535
f 386/386/386 536/536/536 538/538/538
f 535/535/535 539/539/539 536/536/536
f 536/536/536 539/539/539 538/538/538
f 539/539/539 535/535/535 540/540/540
f 537/537/537 540/540/540 535/535/535
f 541/541/541 537/537/537 534/534/534
f 541/541/541 534/534/534 531/531/531
f 537/537/537 541/541/541 540/540/540
f 538/538/538 383/383/383 386/386/386
f 539/539/539 540/540/540 542/542/542
f 539/539/539 542/542/542 538/538/538
f 542/542/542 540/540/540 543/543/543
f 538/538/538 542/542/542 544/544/544
f 383/383/383 538/538/538 544/544/544
f 542/542/542 543/543/543 545/545/545
f 542/542/542 545/545/545 544/544/544
f 543/543/543 540/540/540 546/546/546
f 545/545/545 543/543/543 546/546/546
f 541/541/541 546/546/546 540/540/540
f 544/544/544 545/545/545 547/547/547
f 383/383/383 544/544/544 548/548/548
f 548/548/548 544/544/544 547/547/547
f 545/545/545 546/546/546 549/549/549
f 545/545/545 549/549/549 547/547/547
f 547/547/547 549/549/549 550/550/550
f 547/547/547 550/550/550 548/548/548
f 546/546/546 551/551/551 549/549/549
f 550/550/550 549/549/549 551/551/551
f 546/546/546 552/552/552 551/551/551
f 552/552/552 546/546/546 541/541/541
f 553/553/553 550/550/550 551/551/551
f 551/551/551 552/552/552 553/553/553
f 554/554/554 548/548/548 550/550/550
f 554/554/554 550/550/550 555/555/555
f 550/550/550 553/553/553 555/555/555
f 548/548/548 554/554/554 556/556/556
f 555/555/555 553/553/553 557/557/557
f 554/554/554 555/555/555 558/558/558
f 556/556/556 554/554/554 558/558/558
f 555/555/555 557/557/557 559/559/559
f 555/555/555 559/559/559 558/558/558
f 557/557/557 553/553/553 560/560/560
f 559/559/559 557/557/557 560/560/560
f 560/560/560 553/553/553 561/561/561
f 553/553/553 552/552/552 561/561/561
f 559/559/559 560/560/560 562/562/562
f 561/561/561 563/563/563 560/560/560
f 562/562/562 560/560/560 563/563/563
f 559/559/559 564/564/564 558/558/558
f 564/564/564 559/559/559 562/562/562
f 558/558/558 564/564/564 565/565/565
f 556/556/556 558/558/558 565/565/565
f 564/564/564 562/562/562 566/566/566
f 565/565/565 564/564/564 566/566/566
f 567/567/567 566/566/566 562/562/562
f 565/565/565 566/566/566 568/568/568
f 566/566/566 567/567/567 568/568/568
f 556/556/556 565/565/565 569/569/569
f 565/565/565 568/568/568 570/570/570
f 570/570/570 569/569/569 565/565/565
f 568/568/568 571/571/571 570/570/570
f 568/568/568 567/567/567 571/571/571
f 567/567/567 562/562/562 572/572/572
f 563/563/563 572/572/572 562/562/562
f 571/571/571 567/567/567 573/573/573
f 567/567/567 572/572/572 574/574/574
f 573/573/573 567/567/567 574/574/574
f 572/572/572 575/575/575 574/574/574
f 563/563/563 575/575/575 572/572/572
f 570/570/570 571/571/571 576/576/576
f 573/573/573 576/576/576 571/571/571
f 577/577/577 570/570/570 576/576/576
f 577/577/577 569/569/569 570/570/570
f 574/574/574 575/575/575 578/578/578
f 578/578/578 573/573/573 574/574/574
f 579/579/579 576/576/576 573/573/573
f 579/579/579 580/580/580 576/576/576
f 580/580/580 577/577/577 576/576/576
f 573/573/573 581/581/581 579/579/579
f 582/582/582 573/573/573 578/578/578
f 573/573/573 582/582/582 581/581/581
f 583/583/583 582/582/582 578/578/578
f 583/583/583 578/578/578 575/575/575
f 584/584/584 582/582/582 583/583/583
f 584/584/584 581/581/581 582/582/582
f 579/579/579 581/581/581 585/585/585
f 580/580/580 579/579/579 585/585/585
f 581/581/581 584/584/584 586/586/586
f 585/585/585 581/581/581 587/587/587
f 581/581/581 586/586/586 587/587/587
f 585/585/585 587/587/587 588/588/588
f 580/580/580 585/585/585 588/588/588
f 586/586/586 589/589/589 587/587/587
f 587/587/587 590/590/590 588/588/588
f 587/587/587 589/589/589 590/590/590
f 591/591/591 580/580/580 588/588/588
f 590/590/590 592/592/592 588/588/588
f 591/591/591 588/588/588 592/592/592
f 593/593/593 590/590/590 589/589/589
f 590/590/590 593/593/593 592/592/592
f 586/586/586 594/594/594 589/589/589
f 591/591/591 595/595/595 580/580/580
f 596/596/596 580/580/580 595/595/595
f 596/596/596 577/577/577 580/580/580
f 595/595/595 591/591/591 597/597/597
f 597/597/597 596/596/596 595/595/595
f 597/597/597 591/591/591 598/598/598
f 592/592/592 599/599/599 591/591/591
f 598/598/598 591/591/591 599/599/599
f 577/577/577 596/596/596 600/600/600
f 596/596/596 597/597/597 601/601/601
f 600/600/600 596/596/596 601/601/601
f 597/597/597 598/598/598 602/602/602
f 601/601/601 597/597/597 602/602/602
f 602/602/602 598/598/598 603/603/603
f 598/598/598 599/599/599 603/603/603
f 604/604/604 577/577/577 600/600/600
f 604/604/604 569/569/569 577/577/577
f 605/605/605 600/600/600 601/601/601
f 600/600/600 605/605/605 604/604/604
f 602/602/602 606/606/606 601/601/601
f 605/605/605 601/601/601 606/606/606
f 607/607/607 604/604/604 605/605/605
f 607/607/607 569/569/569 604/604/604
f 608/608/608 607/607/607 605/605/605
f 606/606/606 608/608/608 605/605/605
f 609/609/609 569/569/569 607/607/607
f 609/609/609 556/556/556 569/569/569
f 609/609/609 548/548/548 556/556/556
f 383/383/383 548/548/548 609/609/609
f 609/609/609 610/610/610 383/383/383
f 378/378/378 383/383/383 610/610/610
f 611/611/611 609/609/609 607/607/607
f 611/611/611 607/607/607 608/608/608
f 612/612/612 609/609/609 611/611/611
f 610/610/610 609/609/609 612/612/612
f 378/378/378 610/610/610 375/375/375
f 613/613/613 612/612/612 611/611/611
f 610/610/610 612/612/612 613/613/613
f 614/614/614 375/375/375 610/610/610
f 614/614/614 610/610/610 613/613/613
f 375/375/375 614/614/614 615/615/615
f 613/613/613 615/615/615 614/614/614
f 616/616/616 613/613/613 611/611/611
f 616/616/616 611/611/611 608/608/608
f 615/615/615 613/613/613 616/616/616
f 608/608/608 617/617/617 616/616/616
f 615/615/615 616/616/616 617/617/617
f 375/375/375 615/615/615 618/618/618
f 362/362/362 375/375/375 618/618/618
f 619/619/619 362/362/362 618/618/618
f 619/619/619 361/361/361 362/362/362
f 618/618/618 615/615/615 620/620/620
f 617/617/617 620/620/620 615/615/615
f 619/619/619 618/618/618 621/621/621
f 619/619/619 621/621/621 361/361/361
f 621/621/621 618/618/618 620/620/620
f 621/621/621 336/336/336 361/361/361
f 620/620/620 336/336/336 621/621/621
f 620/620/620 622/622/622 336/336/336
f 620/620/620 617/617/617 623/623/623
f 620/620/620 623/623/623 622/622/622
f 622/622/622 624/624/624 336/336/336
f 336/336/336 624/624/624 334/334/334
f 622/622/622 625/625/625 624/624/624
f 623/623/623 625/625/625 622/622/622
f 334/334/334 624/624/624 626/626/626
f 624/624/624 625/625/625 627/627/627
f 627/627/627 626/626/626 624/624/624
f 625/625/625 623/623/623 628/628/628
f 625/625/625 628/628/628 627/627/627
f 623/623/623 629/629/629 628/628/628
f 626/626/626 627/627/627 630/630/630
f 334/334/334 626/626/626 631/631/631
f 630/630/630 627/627/627 632/632/632
f 633/633/633 334/334/334 631/631/631
f 334/334/334 633/633/633 329/329/329
f 631/631/631 626/626/626 634/634/634
f 634/634/634 633/633/633 631/631/631
f 338/338/338 329/329/329 633/633/633
f 633/633/633 634/634/634 338/338/338
f 635/635/635 626/626/626 630/630/630
f 626/626/626 635/635/635 634/634/634
f 635/635/635 630/630/630 632/632/632
f 338/338/338 634/634/634 636/636/636
f 637/637/637 634/634/634 635/635/635
f 636/636/636 634/634/634 637/637/637
f 637/637/637 635/635/635 638/638/638
f 635/635/635 632/632/632 638/638/638
f 636/636/636 639/639/639 338/338/338
f 639/639/639 640/640/640 338/338/338
f 640/640/640 327/327/327 338/338/338
f 636/636/636 641/641/641 639/639/639
f 640/640/640 639/639/639 641/641/641
f 327/327/327 640/640/640 642/642/642
f 264/264/264 327/327/327 642/642/642
f 643/643/643 640/640/640 641/641/641
f 642/642/642 640/640/640 644/644/644
f 640/640/640 643/643/643 644/644/644
f 264/264/264 642/642/642 645/645/645
f 642/642/642 644/644/644 645/645/645
f 264/264/264 645/645/645 263/263/263
f 644/644/644 643/643/643 646/646/646
f 646/646/646 643/643/643 641/641/641
f 263/263/263 645/645/645 260/260/260
f 647/647/647 645/645/645 644/644/644
f 645/645/645 647/647/647 260/260/260
f 646/646/646 647/647/647 644/644/644
f 260/260/260 647/647/647 648/648/648
f 649/649/649 648/648/648 647/647/647
f 650/650/650 647/647/647 646/646/646
f 650/650/650 649/649/649 647/647/647
f 648/648/648 649/649/649 651/651/651
f 649/649/649 650/650/650 651/651/651
f 260/260/260 648/648/648 652/652/652
f 651/651/651 652/652/652 648/648/648
f 653/653/653 260/260/260 652/652/652
f 256/256/256 260/260/260 653/653/653
f 651/651/651 654/654/654 652/652/652
f 653/653/653 652/652/652 654/654/654
f 256/256/256 653/653/653 252/252/252
f 653/653/653 654/654/654 252/252/252
f 654/654/654 655/655/655 252/252/252
f 656/656/656 252/252/252 655/655/655
f 252/252/252 656/656/656 73/73/73
f 655/655/655 73/73/73 656/656/656
f 657/657/657 73/73/73 655/655/655
f 655/655/655 654/654/654 657/657/657
f 73/73/73 657/657/657 77/77/77
f 77/77/77 657/657/657 80/80/80
f 657/657/657 654/654/654 658/658/658
f 654/654/654 651/651/651 658/658/658
f 80/80/80 657/657/657 659/659/659
f 659/659/659 657/657/657 658/658/658
f 651/651/651 660/660/660 658/658/658
f 659/659/659 658/658/658 660/660/660
f 660/660/660 651/651/651 650/650/650
f 661/661/661 80/80/80 659/659/659
f 660/660/660 662/662/662 659/659/659
f 662/662/662 661/661/661 659/659/659
f 660/660/660 663/663/663 662/662/662
f 650/650/650 663/663/663 660/660/660
f 663/663/663 664/664/664 662/662/662
f 662/662/662 664/664/664 661/661/661
f 650/650/650 665/665/665 663/663/663
f 663/663/663 665/665/665 664/664/664
f 665/665/665 650/650/650 646/646/646
f 646/646/646 666/666/666 665/665/665
f 664/664/664 665/665/665 666/666/666
f 641/641/641 666/666/666 646/646/646
f 664/664/664 667/667/667 661/661/661
f 666/666/666 667/667/667 664/664/664
f 80/80/80 661/661/661 668/668/668
f 80/80/80 668/668/668 81/81/81
f 661/661/661 667/667/667 669/669/669
f 668/668/668 661/661/661 669/669/669
f 666/666/666 670/670/670 667/667/667
f 641/641/641 670/670/670 666/666/666
f 667/667/667 671/671/671 669/669/669
f 671/671/671 667/667/667 670/670/670
f 669/669/669 672/672/672 668/668/668
f 81/81/81 668/668/668 672/672/672
f 673/673/673 669/669/669 671/671/671
f 673/673/673 672/672/672 669/669/669
f 671/671/671 670/670/670 674/674/674
f 641/641/641 675/675/675 670/670/670
f 675/675/675 674/674/674 670/670/670
f 675/675/675 641/641/641 676/676/676
f 641/641/641 636/636/636 676/676/676
f 677/677/677 676/676/676 636/636/636
f 675/675/675 676/676/676 677/677/677
f 636/636/636 637/637/637 677/677/677
f 677/677/677 678/678/678 675/675/675
f 677/677/677 637/637/637 678/678/678
f 675/675/675 678/678/678 674/674/674
f 678/678/678 637/637/637 679/679/679
f 678/678/678 679/679/679 674/674/674
f 638/638/638 679/679/679 637/637/637
f 679/679/679 680/680/680 674/674/674
f 679/679/679 638/638/638 680/680/680
f 671/671/671 674/674/674 681/681/681
f 681/681/681 674/674/674 680/680/680
f 671/671/671 681/681/681 673/673/673
f 680/680/680 682/682/682 681/681/681
f 682/682/682 673/673/673 681/681/681
f 673/673/673 682/682/682 683/683/683
f 684/684/684 683/683/683 682/682/682
f 673/673/673 683/683/683 685/685/685
f 686/686/686 684/684/684 682/682/682
f 682/682/682 680/680/680 686/686/686
f 686/686/686 687/687/687 684/684/684
f 685/685/685 688/688/688 673/673/673
f 689/689/689 688/688/688 685/685/685
f 673/673/673 688/688/688 672/672/672
f 686/686/686 690/690/690 687/687/687
f 680/680/680 690/690/690 686/686/686
f 691/691/691 687/687/687 690/690/690
f 690/690/690 692/692/692 691/691/691
f 680/680/680 693/693/693 690/690/690
f 692/692/692 690/690/690 693/693/693
f 638/638/638 693/693/693 680/680/680
f 638/638/638 694/694/694 693/693/693
f 692/692/692 693/693/693 695/695/695
f 693/693/693 694/694/694 695/695/695
f 696/696/696 692/692/692 695/695/695
f 632/632/632 694/694/694 638/638/638
f 695/695/695 697/697/697 696/696/696
f 697/697/697 695/695/695 694/694/694
f 698/698/698 696/696/696 697/697/697
f 697/697/697 699/699/699 698/698/698
f 697/697/697 694/694/694 700/700/700
f 700/700/700 699/699/699 697/697/697
f 698/698/698 699/699/699 701/701/701
f 699/699/699 700/700/700 701/701/701
f 701/701/701 702/702/702 698/698/698
f 702/702/702 701/701/701 703/703/703
f 703/703/703 701/701/701 704/704/704
f 705/705/705 701/701/701 700/700/700
f 701/701/701 706/706/706 704/704/704
f 705/705/705 706/706/706 701/701/701
f 700/700/700 707/707/707 705/705/705
f 706/706/706 705/705/705 707/707/707
f 708/708/708 700/700/700 694/694/694
f 707/707/707 700/700/700 708/708/708
f 632/632/632 708/708/708 694/694/694
f 704/704/704 706/706/706 709/709/709
f 632/632/632 710/710/710 708/708/708
f 627/627/627 710/710/710 632/632/632
f 627/627/627 628/628/628 710/710/710
f 710/710/710 711/711/711 708/708/708
f 711/711/711 707/707/707 708/708/708
f 628/628/628 712/712/712 710/710/710
f 712/712/712 711/711/711 710/710/710
f 628/628/628 629/629/629 712/712/712
f 713/713/713 707/707/707 711/711/711
f 713/713/713 714/714/714 707/707/707
f 715/715/715 713/713/713 711/711/711
f 714/714/714 716/716/716 707/707/707
f 716/716/716 706/706/706 707/707/707
f 714/714/714 713/713/713 599/599/599
f 715/715/715 599/599/599 713/713/713
f 714/714/714 599/599/599 716/716/716
f 603/603/603 715/715/715 711/711/711
f 603/603/603 599/599/599 715/715/715
f 603/603/603 711/711/711 712/712/712
f 599/599/599 592/592/592 716/716/716
f 603/603/603 712/712/712 717/717/717
f 629/629/629 717/717/717 712/712/712
f 602/602/602 603/603/603 717/717/717
f 606/606/606 602/602/602 717/717/717
f 716/716/716 592/592/592 718/718/718
f 716/716/716 718/718/718 706/706/706
f 718/718/718 709/709/709 706/706/706
f 593/593/593 718/718/718 592/592/592
f 606/606/606 717/717/717 719/719/719
f 719/719/719 717/717/717 629/629/629
f 629/629/629 720/720/720 719/719/719
f 720/720/720 629/629/629 623/623/623
f 623/623/623 721/721/721 720/720/720
f 721/721/721 719/719/719 720/720/720
f 623/623/623 617/617/617 721/721/721
f 722/722/722 606/606/606 719/719/719
f 721/721/721 722/722/722 719/719/719
f 721/721/721 617/617/617 722/722/722
f 608/608/608 606/606/606 722/722/722
f 608/608/608 722/722/722 617/617/617
f 593/593/593 723/723/723 718/718/718
f 723/723/723 709/709/709 718/718/718
f 723/723/723 724/724/724 709/709/709
f 709/709/709 724/724/724 725/725/725
f 726/726/726 725/725/725 724/724/724
f 724/724/724 723/723/723 727/727/727
f 727/727/727 723/723/723 593/593/593
f 726/726/726 724/724/724 727/727/727
f 593/593/593 728/728/728 727/727/727
f 593/593/593 589/589/589 728/728/728
f 726/726/726 727/727/727 729/729/729
f 728/728/728 729/729/729 727/727/727
f 726/726/726 729/729/729 730/730/730
f 729/729/729 731/731/731 730/730/730
f 729/729/729 732/732/732 731/731/731
f 728/728/728 589/589/589 594/594/594
f 729/729/729 733/733/733 732/732/732
f 729/729/729 728/728/728 733/733/733
f 594/594/594 733/733/733 728/728/728
f 733/733/733 734/734/734 732/732/732
f 734/734/734 733/733/733 735/735/735
f 733/733/733 736/736/736 735/735/735
f 737/737/737 735/735/735 736/736/736
f 737/737/737 736/736/736 738/738/738
f 594/594/594 739/739/739 733/733/733
f 736/736/736 733/733/733 739/739/739
f 740/740/740 738/738/738 736/736/736
f 740/740/740 741/741/741 738/738/738
f 739/739/739 742/742/742 736/736/736
f 743/743/743 736/736/736 742/742/742
f 736/736/736 743/743/743 740/740/740
f 744/744/744 741/741/741 740/740/740
f 743/743/743 744/744/744 740/740/740
f 742/742/742 745/745/745 743/743/743
f 745/745/745 742/742/742 739/739/739
f 746/746/746 744/744/744 743/743/743
f 594/594/594 747/747/747 739/739/739
f 594/594/594 748/748/748 747/747/747
f 586/586/586 748/748/748 594/594/594
f 748/748/748 586/586/586 584/584/584
f 747/747/747 748/748/748 749/749/749
f 584/584/584 749/749/749 748/748/748
f 739/739/739 747/747/747 749/749/749
f 583/583/583 749/749/749 584/584/584
f 745/745/745 749/749/749 583/583/583
f 749/749/749 750/750/750 739/739/739
f 745/745/745 750/750/750 749/749/749
f 750/750/750 745/745/745 739/739/739
f 745/745/745 583/583/583 575/575/575
f 743/743/743 745/745/745 751/751/751
f 745/745/745 575/575/575 751/751/751
f 751/751/751 746/746/746 743/743/743
f 575/575/575 752/752/752 751/751/751
f 751/751/751 752/752/752 746/746/746
f 563/563/563 752/752/752 575/575/575
f 753/753/753 746/746/746 752/752/752
f 753/753/753 752/752/752 563/563/563
f 746/746/746 753/753/753 754/754/754
f 754/754/754 755/755/755 746/746/746
f 744/744/744 746/746/746 755/755/755
f 754/754/754 753/753/753 756/756/756
f 755/755/755 757/757/757 744/744/744
f 757/757/757 741/741/741 744/744/744
f 754/754/754 758/758/758 755/755/755
f 756/756/756 758/758/758 754/754/754
f 757/757/757 755/755/755 758/758/758
f 563/563/563 759/759/759 753/753/753
f 759/759/759 756/756/756 753/753/753
f 759/759/759 563/563/563 760/760/760
f 761/761/761 760/760/760 563/563/563
f 761/761/761 563/563/563 561/561/561
f 552/552/552 761/761/761 561/561/561
f 552/552/552 760/760/760 761/761/761
f 760/760/760 762/762/762 759/759/759
f 762/762/762 756/756/756 759/759/759
f 760/760/760 552/552/552 763/763/763
f 764/764/764 758/758/758 756/756/756
f 763/763/763 765/765/765 760/760/760
f 765/765/765 762/762/762 760/760/760
f 552/552/552 766/766/766 763/763/763
f 541/541/541 766/766/766 552/552/552
f 766/766/766 541/541/541 531/531/531
f 766/766/766 531/531/531 767/767/767
f 766/766/766 767/767/767 763/763/763
f 529/529/529 767/767/767 531/531/531
f 767/767/767 768/768/768 763/763/763
f 768/768/768 765/765/765 763/763/763
f 529/529/529 769/769/769 767/767/767
f 769/769/769 768/768/768 767/767/767
f 529/529/529 770/770/770 769/769/769
f 525/525/525 770/770/770 529/529/529
f 769/769/769 771/771/771 768/768/768
f 771/771/771 765/765/765 768/768/768
f 770/770/770 772/772/772 769/769/769
f 769/769/769 772/772/772 771/771/771
f 773/773/773 770/770/770 525/525/525
f 773/773/773 772/772/772 770/770/770
f 525/525/525 526/526/526 773/773/773
f 771/771/771 774/774/774 765/765/765
f 773/773/773 775/775/775 772/772/772
f 775/775/775 773/773/773 526/526/526
f 771/771/771 772/772/772 776/776/776
f 771/771/771 776/776/776 774/774/774
f 777/777/777 765/765/765 774/774/774
f 777/777/777 774/774/774 776/776/776
f 762/762/762 765/765/765 777/777/777
f 772/772/772 778/778/778 776/776/776
f 778/778/778 772/772/772 775/775/775
f 776/776/776 779/779/779 777/777/777
f 778/778/778 779/779/779 776/776/776
f 780/780/780 762/762/762 777/777/777
f 779/779/779 780/780/780 777/777/777
f 781/781/781 778/778/778 775/775/775
f 778/778/778 781/781/781 779/779/779
f 782/782/782 775/775/775 526/526/526
f 782/782/782 781/781/781 775/775/775
f 781/781/781 783/783/783 779/779/779
f 780/780/780 779/779/779 783/783/783
f 782/782/782 526/526/526 784/784/784
f 526/526/526 506/506/506 784/784/784
f 506/506/506 785/785/785 784/784/784
f 782/782/782 784/784/784 785/785/785
f 506/506/506 505/505/505 785/785/785
f 785/785/785 505/505/505 786/786/786
f 782/782/782 785/785/785 786/786/786
f 507/507/507 786/786/786 505/505/505
f 782/782/782 786/786/786 787/787/787
f 782/782/782 787/787/787 781/781/781
f 507/507/507 788/788/788 786/786/786
f 788/788/788 787/787/787 786/786/786
f 781/781/781 787/787/787 789/789/789
f 787/787/787 788/788/788 789/789/789
f 781/781/781 789/789/789 783/783/783
f 788/788/788 507/507/507 790/790/790
f 507/507/507 791/791/791 790/790/790
f 507/507/507 502/502/502 791/791/791
f 790/790/790 792/792/792 788/788/788
f 789/789/789 788/788/788 792/792/792
f 793/793/793 790/790/790 791/791/791
f 790/790/790 793/793/793 792/792/792
f 793/793/793 791/791/791 502/502/502
f 789/789/789 794/794/794 783/783/783
f 783/783/783 794/794/794 780/780/780
f 792/792/792 795/795/795 789/789/789
f 502/502/502 796/796/796 793/793/793
f 498/498/498 796/796/796 502/502/502
f 793/793/793 797/797/797 792/792/792
f 792/792/792 797/797/797 795/795/795
f 793/793/793 796/796/796 798/798/798
f 797/797/797 793/793/793 798/798/798
f 500/500/500 796/796/796 498/498/498
f 500/500/500 799/799/799 796/796/796
f 799/799/799 798/798/798 796/796/796
f 797/797/797 798/798/798 800/800/800
f 797/797/797 800/800/800 795/795/795
f 799/799/799 801/801/801 798/798/798
f 798/798/798 802/802/802 800/800/800
f 798/798/798 801/801/801 802/802/802
f 801/801/801 799/799/799 803/803/803
f 500/500/500 804/804/804 799/799/799
f 804/804/804 803/803/803 799/799/799
f 795/795/795 800/800/800 805/805/805
f 802/802/802 805/805/805 800/800/800
f 801/801/801 803/803/803 806/806/806
f 806/806/806 803/803/803 804/804/804
f 807/807/807 801/801/801 806/806/806
f 801/801/801 807/807/807 802/802/802
f 807/807/807 806/806/806 808/808/808
f 802/802/802 809/809/809 805/805/805
f 810/810/810 808/808/808 806/806/806
f 806/806/806 804/804/804 810/810/810
f 807/807/807 808/808/808 811/811/811
f 802/802/802 807/807/807 812/812/812
f 811/811/811 812/812/812 807/807/807
f 813/813/813 802/802/802 812/812/812
f 802/802/802 813/813/813 809/809/809
f 814/814/814 813/813/813 812/812/812
f 812/812/812 811/811/811 815/815/815
f 814/814/814 812/812/812 815/815/815
f 816/816/816 813/813/813 814/814/814
f 814/814/814 815/815/815 816/816/816
f 813/813/813 817/817/817 809/809/809
f 813/813/813 816/816/816 817/817/817
f 818/818/818 809/809/809 817/817/817
f 819/819/819 817/817/817 816/816/816
f 817/817/817 819/819/819 818/818/818
f 816/816/816 820/820/820 819/819/819
f 819/819/819 821/821/821 818/818/818
f 819/819/819 820/820/820 821/821/821
f 815/815/815 822/822/822 816/816/816
f 816/816/816 822/822/822 820/820/820
f 820/820/820 823/823/823 821/821/821
f 820/820/820 822/822/822 823/823/823
f 818/818/818 821/821/821 824/824/824
f 818/818/818 825/825/825 809/809/809
f 825/825/825 818/818/818 824/824/824
f 826/826/826 809/809/809 825/825/825
f 824/824/824 821/821/821 827/827/827
f 827/827/827 821/821/821 823/823/823
f 805/805/805 809/809/809 826/826/826
f 826/826/826 828/828/828 805/805/805
f 795/795/795 805/805/805 828/828/828
f 825/825/825 829/829/829 826/826/826
f 795/795/795 828/828/828 830/830/830
f 795/795/795 830/830/830 789/789/789
f 794/794/794 789/789/789 830/830/830
f 828/828/828 826/826/826 831/831/831
f 826/826/826 829/829/829 831/831/831
f 830/830/830 828/828/828 832/832/832
f 828/828/828 831/831/831 832/832/832
f 794/794/794 830/830/830 833/833/833
f 830/830/830 832/832/832 833/833/833
f 833/833/833 834/834/834 794/794/794
f 794/794/794 834/834/834 780/780/780
f 833/833/833 832/832/832 835/835/835
f 835/835/835 834/834/834 833/833/833
f 834/834/834 836/836/836 780/780/780
f 836/836/836 834/834/834 835/835/835
f 836/836/836 762/762/762 780/780/780
f 762/762/762 836/836/836 756/756/756
f 837/837/837 756/756/756 836/836/836
f 837/837/837 836/836/836 835/835/835
f 837/837/837 764/764/764 756/756/756
f 835/835/835 832/832/832 838/838/838
f 838/838/838 837/837/837 835/835/835
f 837/837/837 838/838/838 764/764/764
f 832/832/832 831/831/831 838/838/838
f 838/838/838 831/831/831 764/764/764
f 831/831/831 839/839/839 764/764/764
f 758/758/758 764/764/764 839/839/839
f 831/831/831 840/840/840 839/839/839
f 840/840/840 831/831/831 829/829/829
f 757/757/757 758/758/758 839/839/839
f 840/840/840 829/829/829 841/841/841
f 839/839/839 840/840/840 841/841/841
f 842/842/842 841/841/841 829/829/829
f 829/829/829 825/825/825 842/842/842
f 842/842/842 825/825/825 824/824/824
f 839/839/839 841/841/841 843/843/843
f 839/839/839 843/843/843 757/757/757
f 824/824/824 844/844/844 842/842/842
f 824/824/824 827/827/827 844/844/844
f 844/844/844 827/827/827 845/845/845
f 844/844/844 845/845/845 842/842/842
f 846/846/846 841/841/841 842/842/842
f 841/841/841 846/846/846 843/843/843
f 842/842/842 845/845/845 847/847/847
f 842/842/842 848/848/848 846/846/846
f 848/848/848 842/842/842 847/847/847
f 846/846/846 848/848/848 849/849/849
f 846/846/846 849/849/849 843/843/843
f 848/848/848 847/847/847 850/850/850
f 850/850/850 849/849/849 848/848/848
f 843/843/843 849/849/849 851/851/851
f 852/852/852 843/843/843 851/851/851
f 843/843/843 852/852/852 757/757/757
f 849/849/849 853/853/853 851/851/851
f 852/852/852 851/851/851 853/853/853
f 853/853/853 849/849/849 854/854/854
f 849/849/849 850/850/850 854/854/854
f 853/853/853 854/854/854 855/855/855
f 850/850/850 856/856/856 854/854/854
f 857/857/857 856/856/856 850/850/850
f 852/852/852 853/853/853 858/858/858
f 857/857/857 850/850/850 859/859/859
f 850/850/850 847/847/847 859/859/859
f 859/859/859 860/860/860 857/857/857
f 859/859/859 861/861/861 860/860/860
f 847/847/847 861/861/861 859/859/859
f 858/858/858 862/862/862 852/852/852
f 862/862/862 757/757/757 852/852/852
f 858/858/858 863/863/863 862/862/862
f 741/741/741 757/757/757 862/862/862
f 863/863/863 741/741/741 862/862/862
f 847/847/847 864/864/864 861/861/861
f 847/847/847 845/845/845 864/864/864
f 864/864/864 865/865/865 861/861/861
f 864/864/864 866/866/866 865/865/865
f 845/845/845 827/827/827 864/864/864
f 866/866/866 864/864/864 867/867/867
f 827/827/827 868/868/868 864/864/864
f 864/864/864 868/868/868 867/867/867
f 868/868/868 869/869/869 867/867/867
f 827/827/827 823/823/823 868/868/868
f 868/868/868 823/823/823 869/869/869
f 823/823/823 870/870/870 869/869/869
f 869/869/869 870/870/870 871/871/871
f 870/870/870 872/872/872 871/871/871
f 823/823/823 873/873/873 870/870/870
f 874/874/874 872/872/872 870/870/870
f 874/874/874 870/870/870 873/873/873
f 875/875/875 872/872/872 874/874/874
f 875/875/875 874/874/874 876/876/876
f 876/876/876 877/877/877 875/875/875
f 878/878/878 874/874/874 873/873/873
f 876/876/876 874/874/874 878/878/878
f 823/823/823 878/878/878 873/873/873
f 878/878/878 877/877/877 876/876/876
f 878/878/878 879/879/879 877/877/877
f 879/879/879 880/880/880 877/877/877
f 879/879/879 881/881/881 880/880/880
f 879/879/879 882/882/882 881/881/881
f 883/883/883 878/878/878 823/823/823
f 878/878/878 883/883/883 879/879/879
f 822/822/822 883/883/883 823/823/823
f 884/884/884 882/882/882 879/879/879
f 883/883/883 884/884/884 879/879/879
f 885/885/885 883/883/883 822/822/822
f 884/884/884 883/883/883 885/885/885
f 815/815/815 885/885/885 822/822/822
f 884/884/884 886/886/886 882/882/882
f 886/886/886 887/887/887 882/882/882
f 815/815/815 888/888/888 885/885/885
f 888/888/888 884/884/884 885/885/885
f 811/811/811 888/888/888 815/815/815
f 884/884/884 889/889/889 886/886/886
f 889/889/889 887/887/887 886/886/886
f 888/888/888 889/889/889 884/884/884
f 888/888/888 811/811/811 890/890/890
f 808/808/808 890/890/890 811/811/811
f 891/891/891 890/890/890 808/808/808
f 808/808/808 810/810/810 891/891/891
f 890/890/890 892/892/892 888/888/888
f 891/891/891 893/893/893 890/890/890
f 893/893/893 892/892/892 890/890/890
f 892/892/892 894/894/894 888/888/888
f 894/894/894 889/889/889 888/888/888
f 895/895/895 892/892/892 893/893/893
f 896/896/896 891/891/891 810/810/810
f 897/897/897 893/893/893 891/891/891
f 891/891/891 896/896/896 897/897/897
f 897/897/897 898/898/898 893/893/893
f 898/898/898 895/895/895 893/893/893
f 897/897/897 896/896/896 899/899/899
f 898/898/898 897/897/897 899/899/899
f 900/900/900 896/896/896 810/810/810
f 901/901/901 899/899/899 896/896/896
f 900/900/900 901/901/901 896/896/896
f 901/901/901 902/902/902 899/899/899
f 902/902/902 898/898/898 899/899/899
f 901/901/901 903/903/903 902/902/902
f 904/904/904 903/903/903 901/901/901
f 901/901/901 900/900/900 904/904/904
f 902/902/902 903/903/903 905/905/905
f 904/904/904 906/906/906 903/903/903
f 906/906/906 905/905/905 903/903/903
f 906/906/906 904/904/904 907/907/907
f 908/908/908 904/904/904 900/900/900
f 904/904/904 908/908/908 907/907/907
f 909/909/909 906/906/906 907/907/907
f 905/905/905 906/906/906 909/909/909
f 910/910/910 902/902/902 905/905/905
f 902/902/902 910/910/910 898/898/898
f 905/905/905 911/911/911 910/910/910
f 912/912/912 898/898/898 910/910/910
f 913/913/913 911/911/911 905/905/905
f 909/909/909 913/913/913 905/905/905
f 911/911/911 914/914/914 910/910/910
f 913/913/913 914/914/914 911/911/911
f 912/912/912 910/910/910 915/915/915
f 898/898/898 912/912/912 915/915/915
f 915/915/915 910/910/910 914/914/914
f 898/898/898 915/915/915 916/916/916
f 916/916/916 895/895/895 898/898/898
f 916/916/916 915/915/915 917/917/917
f 916/916/916 918/918/918 895/895/895
f 916/916/916 917/917/917 918/918/918
f 919/919/919 917/917/917 915/915/915
f 919/919/919 915/915/915 914/914/914
f 917/917/917 919/919/919 920/920/920
f 917/917/917 920/920/920 918/918/918
f 895/895/895 918/918/918 921/921/921
f 895/895/895 921/921/921 892/892/892
f 892/892/892 921/921/921 894/894/894
f 918/918/918 922/922/922 921/921/921
f 894/894/894 921/921/921 922/922/922
f 920/920/920 923/923/923 918/918/918
f 918/918/918 923/923/923 922/922/922
f 924/924/924 920/920/920 919/919/919
f 922/922/922 925/925/925 894/894/894
f 925/925/925 926/926/926 894/894/894
f 922/922/922 923/923/923 927/927/927
f 926/926/926 928/928/928 894/894/894
f 889/889/889 894/894/894 928/928/928
f 925/925/925 929/929/929 926/926/926
f 926/926/926 929/929/929 928/928/928
f 922/922/922 930/930/930 925/925/925
f 927/927/927 930/930/930 922/922/922
f 929/929/929 925/925/925 930/930/930
f 931/931/931 889/889/889 928/928/928
f 928/928/928 932/932/932 931/931/931
f 932/932/932 928/928/928 929/929/929
f 931/931/931 933/933/933 889/889/889
f 933/933/933 931/931/931 932/932/932
f 933/933/933 887/887/887 889/889/889
f 933/933/933 934/934/934 887/887/887
f 933/933/933 932/932/932 934/934/934
f 934/934/934 935/935/935 887/887/887
f 935/935/935 934/934/934 936/936/936
f 932/932/932 937/937/937 934/934/934
f 934/934/934 937/937/937 936/936/936
f 929/929/929 938/938/938 932/932/932
f 937/937/937 932/932/932 938/938/938
f 937/937/937 939/939/939 936/936/936
f 939/939/939 937/937/937 938/938/938
f 936/936/936 939/939/939 940/940/940
f 940/940/940 941/941/941 936/936/936
f 939/939/939 942/942/942 940/940/940
f 938/938/938 942/942/942 939/939/939
f 942/942/942 943/943/943 940/940/940
f 938/938/938 929/929/929 944/944/944
f 938/938/938 944/944/944 942/942/942
f 930/930/930 944/944/944 929/929/929
f 945/945/945 943/943/943 942/942/942
f 945/945/945 946/946/946 943/943/943
f 942/942/942 947/947/947 945/945/945
f 942/942/942 944/944/944 947/947/947
f 946/946/946 945/945/945 948/948/948
f 949/949/949 946/946/946 948/948/948
f 947/947/947 950/950/950 945/945/945
f 950/950/950 948/948/948 945/945/945
f 949/949/949 948/948/948 951/951/951
f 948/948/948 950/950/950 951/951/951
f 951/951/951 952/952/952 949/949/949
f 951/951/951 953/953/953 952/952/952
f 951/951/951 954/954/954 953/953/953
f 955/955/955 953/953/953 954/954/954
f 950/950/950 956/956/956 951/951/951
f 956/956/956 954/954/954 951/951/951
f 950/950/950 957/957/957 956/956/956
f 957/957/957 950/950/950 947/947/947
f 956/956/956 958/958/958 954/954/954
f 954/954/954 958/958/958 955/955/955
f 957/957/957 959/959/959 956/956/956
f 959/959/959 958/958/958 956/956/956
f 958/958/958 959/959/959 960/960/960
f 961/961/961 958/958/958 960/960/960
f 959/959/959 962/962/962 960/960/960
f 962/962/962 961/961/961 960/960/960
f 955/955/955 958/958/958 963/963/963
f 963/963/963 958/958/958 961/961/961
f 963/963/963 964/964/964 955/955/955
f 965/965/965 955/955/955 964/964/964
f 963/963/963 966/966/966 964/964/964
f 967/967/967 964/964/964 966/966/966
f 961/961/961 968/968/968 963/963/963
f 963/963/963 968/968/968 966/966/966
f 969/969/969 967/967/967 966/966/966
f 969/969/969 966/966/966 968/968/968
f 970/970/970 967/967/967 969/969/969
f 970/970/970 969/969/969 971/971/971
f 971/971/971 969/969/969 968/968/968
f 970/970/970 971/971/971 972/972/972
f 968/968/968 961/961/961 973/973/973
f 971/971/971 974/974/974 972/972/972
f 974/974/974 975/975/975 972/972/972
f 974/974/974 137/137/137 975/975/975
f 976/976/976 137/137/137 974/974/974
f 976/976/976 974/974/974 971/971/971
f 976/976/976 142/142/142 137/137/137
f 977/977/977 971/971/971 968/968/968
f 976/976/976 971/971/971 977/977/977
f 977/977/977 142/142/142 976/976/976
f 973/973/973 977/977/977 968/968/968
f 143/143/143 142/142/142 977/977/977
f 978/978/978 143/143/143 977/977/977
f 150/150/150 143/143/143 978/978/978
f 979/979/979 977/977/977 973/973/973
f 979/979/979 978/978/978 977/977/977
f 175/175/175 150/150/150 978/978/978
f 175/175/175 978/978/978 979/979/979
f 980/980/980 979/979/979 973/973/973
f 980/980/980 175/175/175 979/979/979
f 980/980/980 973/973/973 961/961/961
f 980/980/980 961/961/961 962/962/962
f 980/980/980 981/981/981 175/175/175
f 981/981/981 980/980/980 962/962/962
f 982/982/982 175/175/175 981/981/981
f 982/982/982 171/171/171 175/175/175
f 981/981/981 962/962/962 983/983/983
f 983/983/983 962/962/962 959/959/959
f 984/984/984 171/171/171 982/982/982
f 982/982/982 981/981/981 984/984/984
f 984/984/984 173/173/173 171/171/171
f 985/985/985 981/981/981 983/983/983
f 985/985/985 984/984/984 981/981/981
f 957/957/957 983/983/983 959/959/959
f 986/986/986 173/173/173 984/984/984
f 986/986/986 984/984/984 985/985/985
f 983/983/983 987/987/987 985/985/985
f 987/987/987 983/983/983 957/957/957
f 988/988/988 985/985/985 987/987/987
f 957/957/957 989/989/989 987/987/987
f 987/987/987 989/989/989 988/988/988
f 988/988/988 990/990/990 985/985/985
f 986/986/986 985/985/985 990/990/990
f 991/991/991 988/988/988 989/989/989
f 992/992/992 990/990/990 988/988/988
f 988/988/988 991/991/991 992/992/992
f 986/986/986 990/990/990 993/993/993
f 992/992/992 993/993/993 990/990/990
f 991/991/991 989/989/989 994/994/994
f 992/992/992 991/991/991 995/995/995
f 995/995/995 991/991/991 994/994/994
f 996/996/996 989/989/989 957/957/957
f 994/994/994 989/989/989 996/996/996
f 997/997/997 996/996/996 957/957/957
f 997/997/997 957/957/957 947/947/947
f 947/947/947 944/944/944 997/997/997
f 998/998/998 996/996/996 997/997/997
f 944/944/944 998/998/998 997/997/997
f 996/996/996 998/998/998 994/994/994
f 999/999/999 998/998/998 944/944/944
f 944/944/944 930/930/930 999/999/999
f 930/930/930 927/927/927 999/999/999
f 998/998/998 999/999/999 1000/1000/1000
f 927/927/927 1000/1000/1000 999/999/999
f 1000/1000/1000 994/994/994 998/998/998
f 1001/1001/1001 1000/1000/1000 927/927/927
f 1001/1001/1001 927/927/927 923/923/923
f 920/920/920 1001/1001/1001 923/923/923
f 994/994/994 1000/1000/1000 1002/1002/1002
f 1000/1000/1000 1001/1001/1001 1002/1002/1002
f 995/995/995 994/994/994 1002/1002/1002
f 1003/1003/1003 1001/1001/1001 920/920/920
f 1001/1001/1001 1003/1003/1003 1002/1002/1002
f 920/920/920 924/924/924 1003/1003/1003
f 1002/1002/1002 1004/1004/1004 995/995/995
f 1003/1003/1003 1004/1004/1004 1002/1002/1002
f 1005/1005/1005 1003/1003/1003 924/924/924
f 1003/1003/1003 1005/1005/1005 1004/1004/1004
f 1005/1005/1005 924/924/924 1006/1006/1006
f 1004/1004/1004 1005/1005/1005 1006/1006/1006
f 1004/1004/1004 1007/1007/1007 995/995/995
f 1006/1006/1006 924/924/924 1008/1008/1008
f 1008/1008/1008 924/924/924 919/919/919
f 1004/1004/1004 1006/1006/1006 1009/1009/1009
f 1007/1007/1007 1004/1004/1004 1009/1009/1009
f 914/914/914 1008/1008/1008 919/919/919
f 1007/1007/1007 1010/1010/1010 995/995/995
f 1009/1009/1009 1010/1010/1010 1007/1007/1007
f 992/992/992 995/995/995 1010/1010/1010
f 992/992/992 1010/1010/1010 1011/1011/1011
f 1011/1011/1011 1010/1010/1010 1009/1009/1009
f 1011/1011/1011 993/993/993 992/992/992
f 1012/1012/1012 1009/1009/1009 1006/1006/1006
f 1008/1008/1008 1012/1012/1012 1006/1006/1006
f 1013/1013/1013 1011/1011/1011 1009/1009/1009
f 1012/1012/1012 1013/1013/1013 1009/1009/1009
f 1012/1012/1012 1014/1014/1014 1013/1013/1013
f 1011/1011/1011 1013/1013/1013 1015/1015/1015
f 1016/1016/1016 1013/1013/1013 1014/1014/1014
f 1015/1015/1015 1013/1013/1013 1016/1016/1016
f 1017/1017/1017 1014/1014/1014 1012/1012/1012
f 1016/1016/1016 1014/1014/1014 1017/1017/1017
f 1008/1008/1008 1017/1017/1017 1012/1012/1012
f 1018/1018/1018 1016/1016/1016 1017/1017/1017
f 1008/1008/1008 1018/1018/1018 1017/1017/1017
f 993/993/993 1011/1011/1011 1019/1019/1019
f 1011/1011/1011 1015/1015/1015 1019/1019/1019
f 1019/1019/1019 1020/1020/1020 993/993/993
f 1015/1015/1015 1021/1021/1021 1019/1019/1019
f 1021/1021/1021 1020/1020/1020 1019/1019/1019
f 993/993/993 1020/1020/1020 1022/1022/1022
f 1022/1022/1022 986/986/986 993/993/993
f 1023/1023/1023 1022/1022/1022 1020/1020/1020
f 1021/1021/1021 1023/1023/1023 1020/1020/1020
f 1024/1024/1024 986/986/986 1022/1022/1022
f 1022/1022/1022 1023/1023/1023 1024/1024/1024
f 1024/1024/1024 173/173/173 986/986/986
f 1025/1025/1025 173/173/173 1024/1024/1024
f 1026/1026/1026 1024/1024/1024 1023/1023/1023
f 1025/1025/1025 1024/1024/1024 1026/1026/1026
f 1023/1023/1023 1021/1021/1021 1026/1026/1026
f 173/173/173 1025/1025/1025 177/177/177
f 1026/1026/1026 177/177/177 1025/1025/1025
f 1027/1027/1027 1026/1026/1026 1021/1021/1021
f 1026/1026/1026 1028/1028/1028 177/177/177
f 1026/1026/1026 1027/1027/1027 1028/1028/1028
f 177/177/177 1028/1028/1028 1029/1029/1029
f 1029/1029/1029 178/178/178 177/177/177
f 1029/1029/1029 180/180/180 178/178/178
f 1029/1029/1029 1030/1030/1030 180/180/180
f 180/180/180 1030/1030/1030 190/190/190
f 1031/1031/1031 1029/1029/1029 1028/1028/1028
f 1030/1030/1030 1029/1029/1029 1031/1031/1031
f 1032/1032/1032 190/190/190 1030/1030/1030
f 190/190/190 1032/1032/1032 454/454/454
f 463/463/463 454/454/454 1032/1032/1032
f 1030/1030/1030 1033/1033/1033 1032/1032/1032
f 463/463/463 1032/1032/1032 1033/1033/1033
f 1031/1031/1031 1033/1033/1033 1030/1030/1030
f 1034/1034/1034 1031/1031/1031 1028/1028/1028
f 1034/1034/1034 1033/1033/1033 1031/1031/1031
f 1027/1027/1027 1034/1034/1034 1028/1028/1028
f 468/468/468 463/463/463 1033/1033/1033
f 1034/1034/1034 1027/1027/1027 1035/1035/1035
f 468/468/468 1033/1033/1033 1036/1036/1036
f 1036/1036/1036 466/466/466 468/468/468
f 1034/1034/1034 1037/1037/1037 1033/1033/1033
f 1034/1034/1034 1035/1035/1035 1037/1037/1037
f 1033/1033/1033 1037/1037/1037 1038/1038/1038
f 1038/1038/1038 1036/1036/1036 1033/1033/1033
f 1037/1037/1037 1035/1035/1035 1039/1039/1039
f 1027/1027/1027 1039/1039/1039 1035/1035/1035
f 1040/1040/1040 1038/1038/1038 1037/1037/1037
f 1037/1037/1037 1039/1039/1039 1040/1040/1040
f 1036/1036/1036 1038/1038/1038 1041/1041/1041
f 1040/1040/1040 1041/1041/1041 1038/1038/1038
f 1039/1039/1039 1027/1027/1027 1042/1042/1042
f 1039/1039/1039 1042/1042/1042 1040/1040/1040
f 1021/1021/1021 1042/1042/1042 1027/1027/1027
f 1042/1042/1042 1021/1021/1021 1015/1015/1015
f 1040/1040/1040 1042/1042/1042 1043/1043/1043
f 1042/1042/1042 1015/1015/1015 1044/1044/1044
f 1044/1044/1044 1015/1015/1015 1016/1016/1016
f 1043/1043/1043 1042/1042/1042 1045/1045/1045
f 1045/1045/1045 1042/1042/1042 1044/1044/1044
f 1046/1046/1046 1040/1040/1040 1043/1043/1043
f 1043/1043/1043 1045/1045/1045 1046/1046/1046
f 1046/1046/1046 1041/1041/1041 1040/1040/1040
f 1016/1016/1016 1047/1047/1047 1044/1044/1044
f 1047/1047/1047 1045/1045/1045 1044/1044/1044
f 1047/1047/1047 1016/1016/1016 1018/1018/1018
f 1041/1041/1041 1046/1046/1046 1048/1048/1048
f 1046/1046/1046 1045/1045/1045 1049/1049/1049
f 1049/1049/1049 1045/1045/1045 1047/1047/1047
f 1048/1048/1048 1046/1046/1046 1050/1050/1050
f 1046/1046/1046 1049/1049/1049 1050/1050/1050
f 1041/1041/1041 1048/1048/1048 1051/1051/1051
f 1051/1051/1051 1048/1048/1048 1050/1050/1050
f 1052/1052/1052 1047/1047/1047 1018/1018/1018
f 1049/1049/1049 1047/1047/1047 1052/1052/1052
f 1049/1049/1049 1053/1053/1053 1050/1050/1050
f 1052/1052/1052 1053/1053/1053 1049/1049/1049
f 1054/1054/1054 1052/1052/1052 1018/1018/1018
f 1054/1054/1054 1018/1018/1018 1008/1008/1008
f 913/913/913 1052/1052/1052 1054/1054/1054
f 913/913/913 1053/1053/1053 1052/1052/1052
f 1008/1008/1008 1055/1055/1055 1054/1054/1054
f 914/914/914 1055/1055/1055 1008/1008/1008
f 1055/1055/1055 914/914/914 1054/1054/1054
f 913/913/913 1054/1054/1054 914/914/914
f 1053/1053/1053 913/913/913 909/909/909
f 1050/1050/1050 1053/1053/1053 1056/1056/1056
f 1051/1051/1051 1050/1050/1050 1056/1056/1056
f 1057/1057/1057 1053/1053/1053 909/909/909
f 1053/1053/1053 1057/1057/1057 1056/1056/1056
f 1058/1058/1058 1057/1057/1057 909/909/909
f 907/907/907 1058/1058/1058 909/909/909
f 1059/1059/1059 1056/1056/1056 1057/1057/1057
f 1058/1058/1058 1059/1059/1059 1057/1057/1057
f 1056/1056/1056 1060/1060/1060 1051/1051/1051
f 1056/1056/1056 1059/1059/1059 1060/1060/1060
f 907/907/907 1061/1061/1061 1058/1058/1058
f 1061/1061/1061 907/907/907 908/908/908
f 1058/1058/1058 484/484/484 1059/1059/1059
f 1061/1061/1061 484/484/484 1058/1058/1058
f 1061/1061/1061 480/480/480 484/484/484
f 480/480/480 1061/1061/1061 908/908/908
f 483/483/483 1059/1059/1059 484/484/484
f 1060/1060/1060 1059/1059/1059 483/483/483
f 480/480/480 908/908/908 485/485/485
f 900/900/900 485/485/485 908/908/908
f 483/483/483 1062/1062/1062 1060/1060/1060
f 485/485/485 900/900/900 1063/1063/1063
f 1063/1063/1063 900/900/900 810/810/810
f 1063/1063/1063 810/810/810 804/804/804
f 485/485/485 1063/1063/1063 1064/1064/1064
f 804/804/804 1065/1065/1065 1063/1063/1063
f 1065/1065/1065 1064/1064/1064 1063/1063/1063
f 1064/1064/1064 486/486/486 485/485/485
f 488/488/488 486/486/486 1064/1064/1064
f 1064/1064/1064 1065/1065/1065 1066/1066/1066
f 804/804/804 1066/1066/1066 1065/1065/1065
f 488/488/488 1064/1064/1064 1066/1066/1066
f 500/500/500 1066/1066/1066 804/804/804
f 1066/1066/1066 500/500/500 488/488/488
f 1060/1060/1060 1062/1062/1062 1067/1067/1067
f 1067/1067/1067 1051/1051/1051 1060/1060/1060
f 1068/1068/1068 1067/1067/1067 1062/1062/1062
f 1068/1068/1068 1062/1062/1062 483/483/483
f 483/483/483 472/472/472 1068/1068/1068
f 1067/1067/1067 1069/1069/1069 1051/1051/1051
f 1069/1069/1069 1041/1041/1041 1051/1051/1051
f 1036/1036/1036 1041/1041/1041 1069/1069/1069
f 1067/1067/1067 1070/1070/1070 1069/1069/1069
f 1067/1067/1067 1068/1068/1068 1070/1070/1070
f 1071/1071/1071 1036/1036/1036 1069/1069/1069
f 1071/1071/1071 1069/1069/1069 1070/1070/1070
f 1071/1071/1071 466/466/466 1036/1036/1036
f 461/461/461 466/466/466 1071/1071/1071
f 1072/1072/1072 1071/1071/1071 1070/1070/1070
f 1072/1072/1072 1070/1070/1070 1068/1068/1068
f 461/461/461 1071/1071/1071 1072/1072/1072
f 472/472/472 1072/1072/1072 1068/1068/1068
f 464/464/464 461/461/461 1072/1072/1072
f 472/472/472 464/464/464 1072/1072/1072
f 88/88/88 1073/1073/1073 94/94/94
f 94/94/94 1073/1073/1073 1074/1074/1074
f 1075/1075/1075 1074/1074/1074 1073/1073/1073
f 1076/1076/1076 1073/1073/1073 88/88/88
f 1075/1075/1075 1073/1073/1073 1076/1076/1076
f 88/88/88 87/87/87 1076/1076/1076
f 1077/1077/1077 1075/1075/1075 1076/1076/1076
f 1078/1078/1078 1076/1076/1076 87/87/87
f 1078/1078/1078 1077/1077/1077 1076/1076/1076
f 1079/1079/1079 1077/1077/1077 1078/1078/1078
f 85/85/85 1078/1078/1078 87/87/87
f 1078/1078/1078 85/85/85 1079/1079/1079
f 1080/1080/1080 1079/1079/1079 85/85/85
f 85/85/85 1081/1081/1081 1080/1080/1080
f 82/82/82 1081/1081/1081 85/85/85
f 1080/1080/1080 1081/1081/1081 1082/1082/1082
f 1082/1082/1082 1083/1083/1083 1080/1080/1080
f 1082/1082/1082 1084/1084/1084 1083/1083/1083
f 1085/1085/1085 1083/1083/1083 1084/1084/1084
f 1084/1084/1084 1086/1086/1086 1085/1085/1085
f 1087/1087/1087 1084/1084/1084 1082/1082/1082
f 1081/1081/1081 1087/1087/1087 1082/1082/1082
f 1088/1088/1088 1087/1087/1087 1081/1081/1081
f 1081/1081/1081 82/82/82 1088/1088/1088
f 1088/1088/1088 1089/1089/1089 1087/1087/1087
f 82/82/82 1089/1089/1089 1088/1088/1088
f 1087/1087/1087 1089/1089/1089 1084/1084/1084
f 1084/1084/1084 1090/1090/1090 1086/1086/1086
f 1090/1090/1090 1084/1084/1084 1089/1089/1089
f 1086/1086/1086 1090/1090/1090 1091/1091/1091
f 1092/1092/1092 1091/1091/1091 1090/1090/1090
f 1093/1093/1093 1092/1092/1092 1090/1090/1090
f 1094/1094/1094 1093/1093/1093 1090/1090/1090
f 1089/1089/1089 1094/1094/1094 1090/1090/1090
f 82/82/82 1095/1095/1095 1089/1089/1089
f 1095/1095/1095 1094/1094/1094 1089/1089/1089
f 82/82/82 1096/1096/1096 1095/1095/1095
f 1094/1094/1094 1095/1095/1095 1096/1096/1096
f 82/82/82 81/81/81 1096/1096/1096
f 672/672/672 1096/1096/1096 81/81/81
f 1093/1093/1093 1094/1094/1094 1097/1097/1097
f 1098/1098/1098 1094/1094/1094 1096/1096/1096
f 1097/1097/1097 1094/1094/1094 1098/1098/1098
f 1098/1098/1098 1096/1096/1096 672/672/672
f 672/672/672 1099/1099/1099 1098/1098/1098
f 1099/1099/1099 1097/1097/1097 1098/1098/1098
f 672/672/672 688/688/688 1099/1099/1099
f 1099/1099/1099 1100/1100/1100 1097/1097/1097
f 1099/1099/1099 688/688/688 1100/1100/1100
f 1097/1097/1097 1100/1100/1100 1101/1101/1101
f 689/689/689 1100/1100/1100 688/688/688
f 1102/1102/1102 1100/1100/1100 689/689/689
