# Exported from Godot Engine
o MS_Rock_B_LOD1
v -1.027696 0.371305 -1.081110
vt 0.728191 0.498161
vn -0.900488 -0.140136 -0.411684
v -1.009748 0.348348 -1.088978
vt 0.731197 0.497749
vn -0.538957 -0.376409 -0.753553
v -0.998137 0.376972 -1.139658
vt 0.729595 0.491539
vn -0.875538 -0.383043 -0.294468
v -1.019199 0.262074 -1.079693
vt 0.737819 0.502724
vn 0.204410 -0.304404 -0.930352
v -0.972754 0.317065 -1.090347
vt 0.736004 0.496147
vn -0.670199 -0.554296 -0.493549
v -1.024473 0.207256 -1.061512
vt 0.741344 0.505791
vn -0.591086 -0.099817 -0.800409
v -0.935283 0.239667 -1.060828
vt 0.743694 0.498146
vn -0.484129 -0.296158 -0.823353
v -0.914771 0.222377 -1.086437
vt 0.746120 0.495415
vn -0.859174 -0.386019 -0.335870
v -0.921913 0.180309 -1.063907
vt 0.748974 0.499245
vn -0.308136 -0.065485 -0.949086
v -1.054619 0.292923 -1.003208
vt 0.732494 0.509010
vn -0.976891 -0.030913 -0.211491
v -0.855835 0.078769 -1.074317
vt 0.762142 0.498878
vn -0.507171 -0.312101 -0.803350
v -0.999126 0.144198 -1.069772
vt 0.748180 0.507378
vn -0.484229 -0.151705 -0.861689
v -1.032495 0.170017 -1.033118
vt 0.744060 0.510323
vn -0.905450 -0.278317 -0.320468
v -0.958615 0.094410 -1.077738
vt 0.754543 0.505974
vn -0.316221 -0.282632 -0.905606
v -0.983669 0.091722 -1.051249
vt 0.752956 0.509972
vn -0.693521 -0.592083 -0.410446
v -1.016488 0.061103 -0.851803
vt 0.751186 0.531914
vn -0.702200 -0.657476 -0.273206
v -0.910009 0.038176 -1.054768
vt 0.762860 0.508141
vn -0.672021 -0.652841 -0.349551
v -0.877153 0.015942 -1.069381
vt 0.766644 0.505196
vn -0.292637 -0.364130 -0.884179
v -0.886164 -0.037112 -1.017723
vt 0.771405 0.512398
vn -0.747020 -0.527356 -0.404791
v -1.047403 0.166981 -0.911573
vt 0.740795 0.522087
vn -0.951757 -0.263984 -0.156433
v -0.942535 0.037713 -0.864412
vt 0.760189 0.529671
vn -0.651980 -0.710823 -0.263918
v -1.034143 0.021349 -0.724834
vt 0.751202 0.548165
vn -0.873387 -0.472615 -0.117603
v -0.991984 0.012126 -0.784702
vt 0.756527 0.541054
vn -0.485881 -0.760647 -0.430507
v -1.068904 0.193580 -0.828442
vt 0.734386 0.529915
vn -0.989496 -0.130974 -0.061179
v -0.973889 -0.060271 -0.695951
vt 0.762631 0.555520
vn -0.719248 -0.601378 -0.347890
v -1.034070 0.038407 -0.618147
vt 0.744411 0.561288
vn -0.950618 -0.310186 -0.010461
v -0.952864 0.010709 -0.808552
vt 0.761273 0.538262
vn -0.631225 -0.655155 -0.415123
v -0.946711 -0.050065 -0.722977
vt 0.765866 0.550210
vn -0.739749 -0.526788 -0.418647
v -0.877812 -0.107485 -0.909325
vt 0.778241 0.524605
vn -0.737486 -0.619593 -0.268738
v -0.936565 -0.118703 -0.683684
vt 0.771923 0.558968
vn -0.814214 -0.516289 -0.265521
v -0.864187 -0.143915 -0.844814
vt 0.786633 0.535698
vn -0.629276 -0.711469 -0.312767
v -0.820452 -0.107890 -0.986983
vt 0.784192 0.513985
vn -0.230334 -0.851432 -0.471180
v -0.842136 -0.064637 -1.032140
vt 0.776898 0.509255
vn -0.356194 -0.648964 -0.672288
v -0.807449 -0.009212 -1.066253
vt 0.773754 0.500847
vn -0.507599 -0.495602 -0.704784
v -0.779684 -0.059288 -1.047975
vt 0.781918 0.502770
vn -0.305605 -0.730955 -0.610173
v -0.792285 0.002931 -1.114489
vt 0.774472 0.494270
vn -0.538836 -0.420977 -0.729681
v -0.728844 -0.082534 -1.022757
vt 0.790524 0.502388
vn -0.514734 -0.784892 -0.344956
v -0.870413 0.141451 -1.136335
vt 0.755398 0.490990
vn -0.881881 -0.468952 -0.048684
v -0.747891 -0.029624 -1.113463
vt 0.779950 0.492546
vn -0.412121 -0.563031 -0.716347
v -0.717233 -0.071721 -1.099388
vt 0.787167 0.493080
vn -0.624380 -0.593962 -0.507304
v -0.728917 -0.006436 -1.134038
vt 0.778592 0.487816
vn -0.251610 -0.185469 -0.949891
v -0.831331 0.083568 -1.124801
vt 0.763699 0.491875
vn 0.095824 -0.244536 -0.964894
v -0.761993 0.076109 -1.125828
vt 0.769696 0.487663
vn -0.473978 -0.721841 -0.504273
v -0.842832 0.107566 -1.141076
vt 0.760403 0.490059
vn -0.672436 -0.738135 -0.054653
v -0.827082 0.023401 -1.311199
vt 0.761440 0.470985
vn -0.713090 -0.669100 0.209303
v -0.921107 0.256378 -1.186380
vt 0.742153 0.486442
vn -0.890414 -0.450592 0.064258
v -0.918946 0.170363 -1.343698
vt 0.747433 0.473091
vn -0.898296 -0.439134 0.015030
v -0.988174 0.366968 -1.200602
vt 0.731960 0.485817
vn -0.940937 -0.336205 0.040055
v -0.983999 0.317441 -1.298052
vt 0.735409 0.478355
vn -0.949921 -0.312164 -0.014282
v -0.945539 0.249352 -1.394818
vt 0.740734 0.470329
vn -0.899882 -0.282130 -0.332589
v -0.998577 0.442632 -1.188384
vt 0.724346 0.484947
vn -0.980051 -0.104710 -0.168926
v -1.008613 0.434739 -1.251722
vt 0.725933 0.480797
vn -0.999577 0.027914 0.008112
v -0.980372 0.423058 -1.383773
vt 0.728038 0.470741
vn -0.929371 -0.059476 -0.364324
v -0.871549 0.089091 -1.405570
vt 0.753277 0.466621
vn -0.870893 -0.474205 -0.129134
v -1.023484 0.486088 -1.156030
vt 0.719387 0.488075
vn -0.942381 -0.086715 -0.323109
v -0.986013 0.501209 -1.226943
vt 0.719936 0.480995
vn -0.979662 0.051686 -0.193882
v -0.989566 0.496959 -1.342037
vt 0.722560 0.473228
vn -0.980184 0.111350 -0.163831
v -0.981398 0.558455 -1.279578
vt 0.716945 0.476478
vn -0.945259 0.317596 -0.074957
v -0.970116 0.566840 -1.388954
vt 0.718593 0.468940
vn -0.923502 0.255643 -0.285990
v -0.924038 0.526478 -1.478487
vt 0.722103 0.463020
vn -0.658819 0.073336 -0.748719
v -1.005097 0.546457 -1.195519
vt 0.715587 0.483513
vn -0.893507 0.202255 -0.400922
v -0.930594 0.646581 -1.391886
vt 0.713588 0.466636
vn -0.898756 0.418798 -0.129793
v -0.926235 0.614950 -1.441882
vt 0.716258 0.464271
vn -0.821035 0.297688 -0.487117
v -0.885321 0.713021 -1.231977
vt 0.704158 0.473228
vn -0.868808 0.463453 -0.174310
v -0.934916 0.640653 -1.214139
vt 0.708644 0.477562
vn -0.862221 0.433038 -0.262780
v -0.897628 0.721897 -1.410799
vt 0.708568 0.463279
vn -0.864662 0.446358 -0.230486
v -0.953487 0.620270 -1.174553
vt 0.708858 0.481193
vn -0.761389 0.484389 -0.430875
v -0.936894 0.667658 -1.200504
vt 0.706416 0.478004
vn -0.868435 0.362246 -0.338525
v -0.882867 0.763850 -1.174504
vt 0.699306 0.475242
vn -0.854470 0.483946 -0.188886
v -0.861659 0.675753 -1.496374
vt 0.713130 0.458961
vn -0.621416 0.223319 -0.750980
v -0.853601 0.792010 -1.224695
vt 0.699046 0.470909
vn -0.886239 0.448132 -0.117296
v -0.835653 0.812336 -1.337687
vt 0.700938 0.464210
vn -0.790271 0.611779 -0.034602
v -0.931949 0.676563 -1.157936
vt 0.704570 0.480003
vn -0.705374 0.490296 -0.511914
v -0.898434 0.746531 -1.133843
vt 0.699001 0.478691
vn -0.647638 0.609370 -0.457420
v -0.975977 0.721117 -1.121527
vt 0.701442 0.483665
vn -0.657110 0.472661 -0.587195
v -0.874003 0.783799 -1.110189
vt 0.696040 0.477928
vn -0.747968 0.538240 -0.388384
v -0.849315 0.840150 -1.114685
vt 0.692012 0.475517
vn -0.802440 0.529276 -0.275604
v -0.813236 0.863424 -1.264428
vt 0.696193 0.465797
vn -0.675154 0.704376 -0.219137
v -0.791625 0.871404 -1.423604
vt 0.700938 0.457649
vn -0.759503 0.638610 -0.123823
v -0.777890 0.862181 -1.477901
vt 0.702678 0.455207
vn -0.540825 0.554585 -0.632411
v -0.748111 0.917635 -1.418277
vt 0.697337 0.454765
vn -0.608994 0.771879 -0.182560
v -0.749686 0.895141 -1.275278
vt 0.693538 0.462272
vn -0.667284 0.732384 -0.135445
v -0.797120 0.890110 -1.179587
vt 0.691035 0.468696
vn -0.684694 0.710924 -0.160563
v -0.685439 0.963519 -1.279383
vt 0.689296 0.458412
vn -0.446398 0.894520 -0.023720
v -0.809830 0.910754 -1.051689
vt 0.684398 0.475212
vn -0.507748 0.838258 -0.198783
v -0.668334 0.942904 -1.457228
vt 0.696849 0.450797
vn -0.394907 0.700262 -0.594711
v -0.659396 0.969070 -1.412070
vt 0.693935 0.451942
vn -0.370531 0.904435 -0.211433
v -0.629617 0.858249 -1.514554
vt 0.701869 0.447074
vn -0.380604 0.295105 -0.876387
v -0.553540 0.949843 -1.532344
vt 0.695827 0.443610
vn -0.359844 0.625847 -0.691974
v -0.774593 0.766423 -1.523205
vt 0.708110 0.453910
vn -0.283825 0.190514 -0.939760
v -0.507461 1.013884 -1.375172
vt 0.686854 0.446082
vn -0.213556 0.974514 -0.068681
v -0.651082 0.761045 -1.525990
vt 0.706706 0.446921
vn -0.086251 -0.123112 -0.988638
v -0.830049 0.662309 -1.513186
vt 0.714122 0.456672
vn -0.203969 -0.070234 -0.976455
v -0.855982 0.575109 -1.497498
vt 0.718883 0.457908
vn -0.049725 -0.101598 -0.993582
v -0.666026 0.620704 -1.483032
vt 0.716228 0.446708
vn 0.002383 -0.235813 -0.971796
v -0.897995 0.494761 -1.490998
vt 0.724224 0.461326
vn -0.221017 -0.052330 -0.973865
v -0.528522 0.900085 -1.564941
vt 0.698466 0.441535
vn -0.326554 0.228626 -0.917111
v -0.473030 0.862267 -1.580140
vt 0.699336 0.438254
vn -0.052160 -0.147613 -0.987669
v -0.433251 0.916652 -1.580678
vt 0.696437 0.437186
vn -0.011087 0.292897 -0.956080
v -0.364463 0.988123 -1.530193
vt 0.691020 0.435889
vn -0.008835 0.796718 -0.604286
v -0.843638 0.443326 -1.480246
vt 0.728389 0.457282
vn 0.032457 0.165495 -0.985676
v -0.353841 0.857352 -1.564550
vt 0.697368 0.431540
vn 0.153258 -0.227269 -0.961697
v -0.896676 0.390994 -1.484058
vt 0.731304 0.461967
vn -0.446533 0.106721 -0.888380
v -0.931107 0.371450 -1.458449
vt 0.732341 0.464622
vn -0.779722 -0.067369 -0.622490
v -0.274906 0.960454 -1.545002
vt 0.691035 0.430488
vn 0.135262 0.392943 -0.909561
v -0.910082 0.218907 -1.437288
vt 0.743099 0.466133
vn -0.849773 -0.258591 -0.459366
v -0.854224 0.237932 -1.543438
vt 0.741863 0.458213
vn -0.597441 -0.044235 -0.800692
v -0.851513 0.097475 -1.490607
vt 0.750896 0.460548
vn -0.803938 -0.359839 -0.473497
v -0.787450 -0.021471 -1.477070
vt 0.758877 0.457923
vn -0.628618 -0.626965 -0.460168
v -0.797742 0.073969 -1.532148
vt 0.752407 0.456352
vn -0.397156 -0.343364 -0.851098
v -0.817632 0.351124 -1.531366
vt 0.734569 0.456184
vn -0.227586 0.337700 -0.913325
v -0.764593 -0.064117 -1.408551
vt 0.764645 0.460182
vn -0.642157 -0.766226 -0.023080
v -0.709284 -0.089935 -1.429713
vt 0.766979 0.455436
vn -0.300153 -0.838842 -0.454151
v -0.662400 -0.127261 -1.373657
vt 0.772885 0.455207
vn -0.519782 -0.851530 0.068733
v -0.734814 -0.026126 -1.501897
vt 0.759854 0.454337
vn -0.133367 -0.604152 -0.785629
v -0.540829 -0.195148 -1.334413
vt 0.788785 0.447272
vn -0.374888 -0.844001 -0.383563
v -0.745327 -0.018897 -1.291699
vt 0.769299 0.469169
vn -0.510102 -0.746423 0.427374
v -0.596175 -0.151085 -1.316672
vt 0.784039 0.454627
vn -0.580961 -0.722909 0.374016
v -0.672106 -0.016209 -1.188041
vt 0.780011 0.477272
vn -0.573237 -0.772113 0.274302
v -0.609215 -0.103062 -1.421307
vt 0.772259 0.447807
vn 0.094931 -0.619515 -0.779224
v -0.683937 -0.000018 -1.138388
vt 0.780011 0.483375
vn -0.550284 -0.526380 -0.648160
v -0.554785 -0.125671 -1.238966
vt 0.791516 0.461234
vn -0.707623 -0.607445 0.360944
v -0.640093 -0.034452 -1.160869
vt 0.785443 0.478645
vn -0.599265 -0.777721 -0.189819
v -0.655587 -0.051771 -1.138046
vt 0.786755 0.482277
vn -0.225588 -0.394030 -0.890983
v -0.678406 -0.094243 -1.123237
vt 0.791058 0.487556
vn -0.419538 -0.429248 -0.799834
v -0.528119 -0.200121 -1.274007
vt 0.796063 0.451530
vn -0.857195 -0.497640 0.132559
v -0.536287 -0.115667 -1.154369
vt 0.798062 0.469917
vn -0.823265 -0.567539 0.011568
v -0.565590 -0.099390 -1.111019
vt 0.797742 0.475746
vn -0.371817 -0.595752 -0.711921
v -0.644049 -0.163142 -1.104959
vt 0.801724 0.487572
vn -0.352475 -0.594043 -0.723101
v -0.533980 -0.146748 -1.101783
vt 0.804395 0.474250
vn -0.568231 -0.478740 -0.669269
v -0.516691 -0.183323 -1.119377
vt 0.809003 0.469337
vn -0.965277 -0.260874 0.013631
v -0.549474 -0.231606 -1.060535
vt 0.817288 0.481163
vn -0.375321 -0.671787 -0.638621
v -0.509842 -0.205180 -1.080181
vt 0.814359 0.473060
vn -0.769459 -0.364646 -0.524372
v -0.499000 -0.298308 -1.105155
vt 0.826581 0.462531
vn -0.972374 -0.196252 -0.126386
v -0.691117 -0.146083 -1.041768
vt 0.799191 0.497444
vn -0.753283 -0.601037 -0.267055
v -0.660312 -0.190435 -0.988791
vt 0.808438 0.501747
vn -0.602589 -0.767418 -0.218989
v -0.729906 -0.129806 -0.909814
vt 0.799680 0.517281
vn -0.417736 -0.833349 -0.361976
v -0.730712 -0.179246 -0.815051
vt 0.808133 0.532601
vn -0.281457 -0.892859 -0.351546
v -0.816093 -0.154844 -0.859671
vt 0.792309 0.530541
vn -0.152077 -0.883657 -0.442745
v -0.799903 -0.203879 -0.791984
vt 0.799252 0.541451
vn -0.111910 -0.933130 -0.341680
v -0.889717 -0.196883 -0.654556
vt 0.788190 0.566369
vn -0.621177 -0.734817 -0.272365
v -0.631119 -0.227327 -0.915434
vt 0.822400 0.509300
vn -0.500087 -0.840473 -0.208611
v -0.543760 -0.256905 -0.962987
vt 0.831388 0.494163
vn -0.728121 -0.668829 -0.150021
v -0.903745 -0.252713 -0.465764
vt 0.788357 0.603479
vn -0.623939 -0.722967 -0.296678
v -0.527936 -0.263121 -1.050565
vt 0.825360 0.477729
vn -0.641009 -0.454128 -0.618769
v -0.502443 -0.399154 -1.005261
vt 0.854627 0.473594
vn -0.969398 -0.235963 -0.067737
v -0.588776 -0.279023 -0.802834
vt 0.840330 0.524865
vn -0.496785 -0.855952 -0.143354
v -0.667198 -0.247566 -0.720924
vt 0.828717 0.546044
vn -0.468629 -0.868458 -0.161766
v -0.517277 -0.319009 -0.827758
vt 0.853223 0.515221
vn -0.751172 -0.657451 -0.059152
v -0.586835 -0.285615 -0.679041
vt 0.848295 0.549981
vn -0.542141 -0.801257 -0.253120
v -0.737159 -0.199080 -0.742966
vt 0.811795 0.545724
vn -0.195194 -0.961926 -0.191305
v -0.718002 -0.249301 -0.584181
vt 0.824155 0.573938
vn -0.516337 -0.783789 -0.345067
v -0.826422 -0.215791 -0.674252
vt 0.799298 0.561608
vn -0.057016 -0.982793 -0.175690
v -0.767524 -0.203706 -0.628166
vt 0.811093 0.567498
vn -0.108663 -0.968029 -0.226078
v -0.849792 -0.252915 -0.560038
vt 0.799802 0.585184
vn -0.150492 -0.941318 -0.302112
v -0.713020 -0.273616 -0.554174
vt 0.828702 0.581231
vn -0.571803 -0.723736 -0.386326
v -0.760857 -0.259449 -0.503640
vt 0.817945 0.593286
vn -0.307281 -0.891526 -0.332805
v -0.595589 -0.343556 -0.583203
vt 0.858640 0.572107
vn -0.596881 -0.687249 -0.414032
v -0.477572 -0.382934 -0.699518
vt 0.878370 0.538293
vn -0.848353 -0.503605 -0.163339
v -0.693974 -0.351622 -0.431114
vt 0.843320 0.612696
vn -0.602917 -0.686272 -0.406844
v -0.486289 -0.359631 -0.789443
vt 0.867201 0.519692
vn -0.900442 -0.433869 0.031026
v -0.780637 -0.343613 -0.283668
vt 0.821729 0.647456
vn -0.384268 -0.777052 -0.498526
v -0.491198 -0.384380 -0.875897
vt 0.865461 0.499138
vn -0.940719 -0.327290 0.089043
v -0.469477 -0.438128 -0.741255
vt 0.889555 0.524254
vn -0.974316 -0.215944 0.063857
v -0.802687 -0.320194 -0.308690
vt 0.812680 0.641611
vn -0.082600 -0.849388 -0.521265
v -0.808108 -0.273183 -0.412787
vt 0.810315 0.614420
vn -0.073982 -0.937367 -0.340396
v -0.868216 -0.343411 -0.299844
vt 0.800046 0.644450
vn -0.051577 -0.892212 -0.448662
v -0.870047 -0.276016 -0.448806
vt 0.796460 0.608637
vn -0.129394 -0.937494 -0.323052
v -0.909569 -0.380419 -0.191789
vt 0.790326 0.669398
vn -0.582587 -0.719129 -0.378742
v -0.811625 -0.415374 -0.158214
vt 0.814893 0.681483
vn -0.341683 -0.722986 -0.600454
v -0.761810 -0.412714 -0.211924
vt 0.826993 0.670680
vn -0.673276 -0.535974 -0.509344
v -0.665220 -0.447785 -0.342363
vt 0.860899 0.640513
vn -0.714273 -0.517396 -0.471291
v -0.818694 -0.495433 -0.081436
vt 0.814771 0.715862
vn -0.513343 -0.634974 -0.577311
v -0.661374 -0.514284 -0.285427
vt 0.870649 0.663539
vn -0.723597 -0.491364 -0.484736
v -0.874992 -0.454550 -0.104455
vt 0.796719 0.702266
vn -0.172693 -0.755867 -0.631539
v -0.596212 -0.398778 -0.473291
vt 0.868238 0.601480
vn -0.638604 -0.610268 -0.468782
v -0.587604 -0.473199 -0.429013
vt 0.887053 0.617456
vn -0.689811 -0.482751 -0.539548
v -0.493066 -0.467503 -0.546452
vt 0.901732 0.579660
vn -0.772882 -0.449722 -0.447664
v -0.445632 -0.484446 -0.629778
vt 0.908583 0.550805
vn -0.942909 -0.268975 -0.196405
v -0.516984 -0.518592 -0.470505
vt 0.908339 0.602640
vn -0.783830 -0.359723 -0.506171
v -0.559876 -0.545480 -0.379945
vt 0.908492 0.633402
vn -0.673899 -0.087823 -0.733585
v -0.500868 -0.584483 -0.467915
vt 0.930785 0.607584
vn -0.874131 0.021723 -0.485204
v -0.423362 -0.621404 -0.672053
vt 0.951186 0.530373
vn -0.931237 -0.314691 -0.183756
v -0.589069 -0.541924 -0.360885
vt 0.900420 0.643427
vn -0.742451 -0.264975 -0.615268
v -0.546434 -0.575780 -0.406483
vt 0.919631 0.630121
vn -0.799083 0.015619 -0.601018
v -0.626907 -0.554327 -0.289484
vt 0.890227 0.668513
vn -0.750351 -0.515893 -0.413313
v -0.593684 -0.587027 -0.358295
vt 0.915267 0.656764
vn -0.873130 -0.061880 -0.483545
v -0.563283 -0.650461 -0.390795
vt 0.941238 0.647654
vn -0.851937 0.166356 -0.496517
v -0.600388 -0.595556 -0.277950
vt 0.903487 0.677119
vn -0.914234 -0.205666 -0.349109
v -0.677161 -0.592723 -0.170872
vt 0.876387 0.710704
vn -0.769640 -0.399386 -0.498142
v -0.520720 -0.677292 -0.498166
vt 0.969116 0.612543
vn -0.843729 0.298061 -0.446409
v -0.598629 -0.654885 -0.321788
vt 0.928161 0.673533
vn -0.917940 0.090887 -0.386169
v -0.461382 -0.658990 -0.587358
vt 0.969802 0.566079
vn -0.892356 -0.000622 -0.451332
v -0.607017 -0.728496 -0.319540
vt 0.952865 0.691661
vn -0.860624 0.082544 -0.502506
v -0.425999 -0.683277 -0.613455
vt 0.980758 0.547723
vn -0.696999 -0.477137 -0.535288
v -0.396952 -0.693425 -0.640579
vt 0.985138 0.531212
vn -0.778643 -0.467876 -0.418100
v -0.355196 -0.723725 -0.711394
vt 0.990295 0.493873
vn -0.802825 -0.586497 -0.107203
v -0.648517 -0.721933 -0.259183
vt 0.935500 0.716014
vn -0.869895 0.168523 -0.463554
v -0.636650 -0.632131 -0.222969
vt 0.901061 0.701778
vn -0.856412 0.126727 -0.500499
v -0.759209 -0.632420 -0.009643
vt 0.837552 0.762020
vn -0.831009 -0.223451 -0.509405
v -0.706720 -0.713086 -0.133436
vt 0.895766 0.752392
vn -0.907621 -0.136462 -0.396991
v -0.663975 -0.754951 -0.222431
vt 0.934554 0.736446
vn -0.915681 -0.120556 -0.383398
v -0.687966 -0.786119 -0.099030
vt 0.910826 0.782269
vn -0.835809 -0.429552 -0.341920
v -0.851037 -0.608076 0.088980
vt 0.792691 0.772442
vn -0.232781 -0.521083 -0.821149
v -0.828291 -0.661882 0.113416
vt 0.802609 0.794400
vn -0.836891 -0.442095 -0.322746
v -0.778036 -0.728641 0.020902
vt 0.851255 0.798505
vn -0.869637 -0.389700 -0.303093
v -0.731518 -0.791265 0.036003
vt 0.870604 0.823270
vn -0.766251 -0.628280 -0.134624
v -0.804812 -0.709269 0.109702
vt 0.818921 0.813642
vn -0.811043 -0.573575 -0.114984
v -0.767377 -0.744080 0.146893
vt 0.821546 0.837842
vn -0.724786 -0.684122 -0.081620
v -0.722654 -0.804507 0.161066
vt 0.838071 0.866423
vn -0.763690 -0.636672 -0.106889
v -0.837411 -0.702099 0.243953
vt 0.774823 0.842557
vn -0.711166 -0.650195 -0.267374
v -0.782541 -0.768916 0.276208
vt 0.786480 0.870512
vn -0.654759 -0.709157 -0.261509
v -0.727892 -0.816477 0.280069
vt 0.800381 0.899031
vn -0.619125 -0.768672 -0.160708
v -0.864956 -0.735608 0.357335
vt 0.738399 0.870787
vn -0.698691 -0.681686 -0.217104
v -0.780747 -0.812631 0.452342
vt 0.727352 0.928420
vn -0.585942 -0.804769 -0.094966
v -0.912280 -0.639764 0.299129
vt 0.736400 0.826932
vn -0.825266 -0.497471 -0.267317
v -0.853491 -0.766198 0.543635
vt 0.678035 0.907393
vn -0.668860 -0.742441 -0.037525
v -0.763751 -0.829747 0.647928
vt 0.651148 0.962280
vn -0.529399 -0.846233 -0.060219
v -0.796680 -0.823040 0.806419
vt 0.587716 0.957473
vn -0.520349 -0.853417 -0.030278
v -0.926602 -0.683971 0.468323
vt 0.692500 0.862409
vn -0.840218 -0.539161 -0.057779
v -0.846715 -0.794474 0.877381
vt 0.559991 0.939727
vn -0.661724 -0.747640 0.056168
v -0.773641 -0.827406 0.903136
vt 0.550317 0.970108
vn -0.429672 -0.900456 0.067539
v -0.928946 -0.672493 0.578530
vt 0.655009 0.873243
vn -0.807090 -0.589456 -0.033879
v -0.783640 -0.815291 0.995358
vt 0.511833 0.961868
vn -0.555980 -0.825961 0.093139
v -0.980006 -0.552448 0.393696
vt 0.697414 0.809552
vn -0.859817 -0.462756 -0.215806
v -0.935099 -0.670584 0.762923
vt 0.595239 0.885039
vn -0.850139 -0.523972 0.052123
v -0.861732 -0.753881 1.000684
vt 0.516365 0.920714
vn -0.836403 -0.521390 0.169062
v -0.821551 -0.782504 1.122815
vt 0.469505 0.930968
vn -0.685013 -0.706464 0.177950
v -0.757488 -0.820322 1.090755
vt 0.470756 0.960983
vn -0.455633 -0.881590 0.123277
v -0.657198 -0.837554 1.265228
vt 0.391287 0.946777
vn -0.512164 -0.797823 0.318067
v -0.684157 -0.834084 1.205409
vt 0.416602 0.962600
vn -0.312106 -0.946157 0.085884
v -0.836349 -0.738847 1.161473
vt 0.461036 0.913085
vn -0.912953 -0.270763 0.305294
v -0.785252 -0.769725 1.238006
vt 0.431312 0.920348
vn -0.671855 -0.556618 0.488659
v -0.704339 -0.803350 1.267281
vt 0.404318 0.934630
vn -0.550851 -0.618853 0.559986
v -0.577971 -0.821103 1.425039
vt 0.324132 0.926146
vn -0.679130 -0.458517 0.573188
v -0.813859 -0.696981 1.225250
vt 0.442161 0.898192
vn -0.875102 0.025407 0.483272
v -0.742616 -0.711814 1.311803
vt 0.407355 0.898543
vn -0.619964 -0.326281 0.713573
v -0.698699 -0.751308 1.297483
vt 0.396826 0.916594
vn -0.589653 -0.414419 0.693228
v -0.653389 -0.762324 1.388238
vt 0.360632 0.906920
vn -0.759729 -0.342095 0.552977
v -0.588410 -0.732688 1.468144
vt 0.330602 0.885451
vn -0.750096 -0.252264 0.611326
v -0.680274 -0.686920 1.372599
vt 0.378897 0.886427
vn -0.720686 -0.183040 0.668662
v -0.498121 -0.810203 1.533583
vt 0.273228 0.897169
vn -0.691667 -0.444162 0.569488
v -0.693278 -0.581014 1.377877
vt 0.391699 0.850294
vn -0.712646 -0.122413 0.690762
v -0.641595 -0.591306 1.419858
vt 0.367224 0.852995
vn -0.766871 -0.137702 0.626855
v -0.486912 -0.758594 1.589444
vt 0.271138 0.868254
vn -0.616399 -0.347491 0.706614
v -0.437390 -0.802367 1.593207
vt 0.242969 0.875608
vn -0.430701 -0.446715 0.784182
v -0.599399 -0.518389 1.522196
vt 0.344656 0.811460
vn -0.785290 -0.161684 0.597643
v -0.464422 -0.729421 1.613440
vt 0.264210 0.850797
vn -0.379879 -0.133181 0.915399
v -0.408527 -0.779671 1.613782
vt 0.234653 0.858747
vn -0.086945 -0.217717 0.972132
v -0.546287 -0.504049 1.577421
vt 0.326284 0.795636
vn -0.519976 -0.061938 0.851932
v -0.403289 -0.715456 1.622139
vt 0.244770 0.831632
vn 0.042558 0.032292 0.998572
v -0.529694 -0.443997 1.581282
vt 0.329747 0.776776
vn -0.055453 0.137296 0.988977
v -0.296260 -0.811272 1.594722
vt 0.186862 0.839399
vn 0.182454 -0.050815 0.981900
v -0.597787 -0.376284 1.559241
vt 0.359426 0.771588
vn -0.528197 -0.257921 0.809002
v -0.133630 -0.706927 1.566376
vt 0.168902 0.758984
vn 0.057569 0.039198 0.997572
v -0.109894 -0.796469 1.565887
vt 0.132998 0.776837
vn 0.116367 0.025286 0.992884
v -0.053523 -0.787044 1.560756
vt 0.120394 0.755596
vn 0.043343 -0.117182 0.992164
v -0.152786 -0.675528 1.562124
vt 0.182574 0.756847
vn 0.028343 0.085680 0.995919
v -0.026198 -0.743791 1.567500
vt 0.128328 0.734524
vn 0.021160 -0.112985 0.993371
v 0.000578 -0.788518 1.553523
vt 0.105867 0.735760
vn 0.068420 -0.273778 0.959356
v -0.237252 -0.587866 1.564128
vt 0.229404 0.755352
vn 0.131747 0.194159 0.972083
v -0.113740 -0.650808 1.567549
vt 0.179843 0.739284
vn 0.000469 0.076725 0.997052
v 0.180241 -0.726154 1.564323
vt 0.088411 0.664591
vn -0.037738 0.047213 0.998172
v 0.074531 -0.798175 1.544775
vt 0.085832 0.711147
vn 0.010725 -0.276815 0.960863
v 0.213353 -0.846719 1.558655
vt 0.039368 0.668299
vn -0.093766 -0.098611 0.990699
v 0.162110 -0.528162 1.524151
vt 0.164569 0.628550
vn 0.086848 0.256710 0.962578
v 0.264963 -0.755038 1.572534
vt 0.064317 0.631464
vn -0.031336 -0.002008 0.999507
v 0.277526 -0.832407 1.562320
vt 0.032517 0.640757
vn 0.063659 -0.120195 0.990707
v 0.331737 -0.816390 1.554940
vt 0.028382 0.616236
vn 0.022736 -0.252632 0.967295
v 0.397705 -0.793404 1.566278
vt 0.027405 0.585260
vn 0.023137 -0.168100 0.985498
v 0.383456 -0.738962 1.573853
vt 0.049210 0.585962
vn 0.040457 0.064404 0.997103
v 0.487152 -0.765880 1.563835
vt 0.028809 0.543557
vn 0.170535 0.022393 0.985097
v 0.433601 -0.668532 1.554060
vt 0.076371 0.557031
vn 0.093646 0.339208 0.936039
v 0.332469 -0.603160 1.537542
vt 0.116777 0.582101
vn 0.120485 0.382621 0.916015
v 0.590408 -0.700624 1.541794
vt 0.045930 0.493111
vn 0.103146 0.005611 0.994650
v 0.579639 -0.779324 1.516918
vt 0.009689 0.501915
vn 0.210621 -0.320346 0.923589
v 0.673408 -0.736563 1.536320
vt 0.025330 0.456016
vn 0.079956 -0.101601 0.991607
v 0.458618 -0.562596 1.480411
vt 0.120424 0.532052
vn 0.121861 0.491837 0.862118
v 0.613777 -0.624585 1.522294
vt 0.077958 0.478263
vn 0.028336 0.410637 0.911358
v 0.706850 -0.672088 1.533925
vt 0.054185 0.441688
vn 0.142237 0.145312 0.979108
v 0.821314 -0.704296 1.507192
vt 0.048600 0.392493
vn 0.337825 -0.083907 0.937461
v 0.744138 -0.734423 1.518873
vt 0.028336 0.422995
vn 0.251137 -0.284693 0.925138
v 0.890432 -0.763075 1.451625
vt 0.031586 0.347875
vn 0.563850 -0.457970 0.687268
v 0.929259 -0.713201 1.451039
vt 0.058518 0.345571
vn 0.671912 -0.219011 0.707508
v 0.900139 -0.792479 1.401531
vt 0.026032 0.321141
vn 0.735398 -0.614136 0.286403
v 0.869994 -0.659598 1.477576
vt 0.070665 0.375097
vn 0.437346 0.066732 0.896814
v 0.790070 -0.590555 1.496832
vt 0.089189 0.408606
vn 0.174657 0.342014 0.923321
v 0.959697 -0.732139 1.376069
vt 0.060685 0.312764
vn 0.822703 -0.516629 0.237180
v 0.901494 -0.807658 1.283262
vt 0.031144 0.267552
vn 0.820845 -0.571004 0.012959
v 0.919662 -0.581303 1.436915
vt 0.103746 0.361013
vn 0.644060 0.222418 0.731927
v 0.864792 -0.618484 1.485738
vt 0.085939 0.383124
vn 0.381778 0.055684 0.922575
v 0.742893 -0.492888 1.438576
vt 0.132448 0.425986
vn 0.004881 0.573865 0.818936
v 0.894828 -0.512144 1.427776
vt 0.125597 0.373144
vn 0.428545 0.413577 0.803308
v 0.862338 -0.417600 1.381836
vt 0.159655 0.382956
vn 0.238594 0.479792 0.844318
v 0.941749 -0.454290 1.359697
vt 0.153796 0.355047
vn 0.540380 0.348307 0.765945
v 0.983652 -0.650403 1.387114
vt 0.091676 0.325704
vn 0.824032 -0.040785 0.565073
v 0.960356 -0.557710 1.374017
vt 0.120851 0.340658
vn 0.668025 0.244380 0.702866
v 1.009512 -0.466983 1.313416
vt 0.155627 0.331197
vn 0.783239 0.217616 0.582392
v 0.954862 -0.348557 1.303103
vt 0.193301 0.350240
vn 0.477740 0.301927 0.824988
v 0.896073 -0.282290 1.303153
vt 0.211368 0.376043
vn 0.235546 0.369357 0.898940
v 0.800436 -0.414304 1.385453
vt 0.160983 0.404471
vn -0.025424 0.556199 0.830660
v 0.701942 -0.445819 1.393321
vt 0.154635 0.432914
vn 0.019849 0.557501 0.829939
v 0.597697 -0.469122 1.420885
vt 0.144457 0.472663
vn 0.064042 0.501816 0.862600
v 0.538944 -0.369432 1.380223
vt 0.189212 0.479271
vn 0.140736 0.402803 0.904402
v 0.698316 -0.283331 1.326562
vt 0.208698 0.433417
vn 0.094944 0.395615 0.913496
v 0.906109 -0.156347 1.253157
vt 0.247562 0.375189
vn 0.148049 0.364698 0.919280
v 0.345692 -0.457500 1.459151
vt 0.166339 0.562676
vn 0.224570 0.393190 0.891611
v 0.332543 -0.270291 1.377975
vt 0.227436 0.539940
vn 0.146331 0.462600 0.874407
v 0.217419 -0.432548 1.493362
vt 0.186343 0.600168
vn 0.206452 0.320690 0.924411
v -0.124179 -0.350148 1.497222
vt 0.261631 0.671077
vn 0.123650 0.294094 0.947744
v 0.078377 -0.333581 1.462719
vt 0.233173 0.619379
vn 0.144558 0.491334 0.858891
v 0.241850 -0.205296 1.344058
vt 0.254215 0.554345
vn 0.123556 0.479407 0.868852
v 0.463123 -0.087969 1.272461
vt 0.271656 0.491005
vn 0.133588 0.458628 0.878530
v 0.642970 -0.088750 1.244213
vt 0.265003 0.445212
vn 0.100258 0.428368 0.898025
v 0.751097 -0.081204 1.226521
vt 0.272450 0.409125
vn 0.105650 0.428273 0.897452
v 0.702418 0.035082 1.186740
vt 0.299138 0.426673
vn 0.109835 0.520696 0.846647
v 0.974019 -0.027253 1.187179
vt 0.285313 0.360708
vn 0.265548 0.429856 0.862965
v 0.571727 0.049423 1.169683
vt 0.305501 0.455360
vn 0.048756 0.521857 0.851639
v 0.814318 0.063648 1.135913
vt 0.308263 0.400259
vn 0.037746 0.530533 0.846824
v 0.631175 0.130146 1.110842
vt 0.325643 0.440131
vn 0.136144 0.559220 0.817764
v 0.711905 0.124017 1.102582
vt 0.323919 0.422736
vn 0.126045 0.615122 0.778292
v 0.775345 0.157295 1.069985
vt 0.333577 0.408255
vn -0.011721 0.531579 0.846928
v 0.897172 0.215062 1.057229
vt 0.347173 0.389090
vn -0.213765 0.264137 0.940498
v 0.731977 0.271528 1.004888
vt 0.357580 0.417060
vn -0.084873 0.289330 0.953459
v 0.962114 0.074548 1.142804
vt 0.312657 0.366003
vn 0.170030 0.424696 0.889226
v 0.975411 0.197657 1.080443
vt 0.344411 0.368078
vn -0.032069 0.281296 0.959085
v 0.935559 0.275027 1.067932
vt 0.361151 0.379995
vn -0.103546 0.160801 0.981540
v 1.004933 0.129944 1.095936
vt 0.332799 0.355291
vn 0.707332 0.178796 0.683896
v 1.000648 0.319928 1.051707
vt 0.369100 0.369909
vn 0.213443 0.279399 0.936151
v 0.814758 0.384923 1.029324
vt 0.375860 0.402518
vn -0.144159 0.241900 0.959533
v 1.006252 0.046965 1.130928
vt 0.309026 0.353506
vn 0.755454 0.306573 0.579052
v 1.026837 -0.055645 1.166116
vt 0.282918 0.345098
vn 0.775684 0.370640 0.510824
v 0.596781 0.437833 0.963102
vt 0.387701 0.438865
vn 0.038537 0.322105 0.945919
v 1.033760 -0.010947 1.065195
vt 0.305547 0.333700
vn 0.980568 0.166270 0.104118
v 1.010501 -0.129864 1.222514
vt 0.259586 0.349661
vn 0.437779 0.328091 0.837082
v 1.047569 -0.182340 1.211566
vt 0.250568 0.335882
vn 0.827165 0.151078 0.541269
v 1.012735 -0.265983 1.252765
vt 0.225315 0.339925
vn 0.488392 0.193188 0.850971
v 1.025189 -0.393776 1.262393
vt 0.188464 0.323629
vn 0.681493 0.160098 0.714098
v 1.057825 -0.123792 1.141191
vt 0.272175 0.328573
vn 0.983377 0.142525 0.112501
v 1.019438 -0.469064 1.278326
vt 0.164553 0.318105
vn 0.984503 0.043552 0.169873
v 1.053613 -0.251787 1.186593
vt 0.236622 0.318288
vn 0.992771 -0.052811 0.107780
v 1.044895 -0.099997 1.025658
vt 0.295766 0.306630
vn 0.998930 0.029617 -0.035512
v 1.038302 -0.265550 1.019549
vt 0.259052 0.279805
vn 0.999054 0.038589 -0.020069
v 1.041379 -0.346707 1.106785
vt 0.226261 0.287373
vn 0.998176 -0.056764 0.020546
v 1.027643 -0.564129 1.316641
vt 0.129931 0.313008
vn 0.943897 -0.007780 0.330148
v 0.994384 -0.676309 1.348799
vt 0.089509 0.310368
vn 0.914103 -0.351466 0.202208
v 1.034273 -0.567511 1.195048
vt 0.151904 0.276265
vn 0.991393 -0.119817 0.052765
v 1.045042 -0.491472 0.963297
vt 0.207919 0.222324
vn 0.993292 -0.097248 0.062560
v 1.009622 -0.629991 1.252326
vt 0.116487 0.283421
vn 0.941922 -0.334555 0.029257
v 1.010244 -0.667259 1.051951
vt 0.139513 0.201801
vn 0.941221 -0.335748 0.037102
v 1.052880 -0.489853 0.858516
vt 0.243091 0.192630
vn 0.993153 -0.116814 0.001335
v 0.980282 -0.702446 1.166605
vt 0.104875 0.241459
vn 0.866493 -0.491069 0.089669
v 0.937024 -0.750122 1.223247
vt 0.068132 0.251835
vn 0.813361 -0.578308 0.063270
v 0.907648 -0.807427 1.204578
vt 0.044816 0.233127
vn 0.860743 -0.488065 0.144618
v 0.936145 -0.805952 1.089924
vt 0.075242 0.190661
vn 0.865619 -0.483282 0.130931
v 0.965777 -0.768887 0.996188
vt 0.113725 0.169863
vn 0.854811 -0.518190 0.027887
v 0.960027 -0.775739 0.936613
vt 0.125734 0.142458
vn 0.849870 -0.526583 -0.020757
v 0.992956 -0.715254 0.825381
vt 0.179706 0.125002
vn 0.922049 -0.386923 -0.010841
v 0.998780 -0.699323 0.669969
vt 0.232425 0.078355
vn 0.963984 -0.257345 0.067144
v 1.019585 -0.614032 0.672119
vt 0.274907 0.098985
vn 0.978659 -0.196503 0.060104
v 1.031086 -0.643493 0.564698
vt 0.288899 0.071275
vn 0.968096 -0.223679 0.112954
v 1.063502 -0.557450 0.435384
vt 0.354772 0.085283
vn 0.926320 -0.376261 0.018953
v 1.025848 -0.607382 0.436850
vt 0.345083 0.056489
vn 0.780012 -0.593957 -0.196968
v 1.010904 -0.597985 0.347952
vt 0.382635 0.044404
vn 0.749827 -0.643838 -0.152421
v 1.020720 -0.573467 0.284907
vt 0.410941 0.047929
vn 0.791104 -0.597576 -0.130599
v 1.052624 -0.413235 0.753197
vt 0.288258 0.188571
vn 0.997923 -0.064411 0.000916
v 1.043577 -0.515064 0.533616
vt 0.325795 0.111955
vn 0.984258 -0.089856 0.152190
v 1.051964 -0.258813 0.787896
vt 0.303868 0.227710
vn 0.993134 -0.053802 0.103876
v 1.062990 -0.346273 0.590650
vt 0.332921 0.171633
vn 0.979535 -0.157726 0.125035
v 1.082256 -0.415894 0.427320
vt 0.377630 0.129076
vn 0.938131 -0.181653 0.294810
v 1.085846 -0.478259 0.258712
vt 0.431281 0.087861
vn 0.873589 -0.481543 -0.070416
v 1.019621 -0.558375 0.171427
vt 0.459205 0.047044
vn 0.728600 -0.684799 -0.013887
v 1.119251 -0.416791 0.331531
vt 0.412039 0.122560
vn 0.961159 -0.252581 0.111248
v 1.091816 -0.299406 0.493052
vt 0.372320 0.170947
vn 0.958305 -0.191773 0.211836
v 1.066616 -0.196247 0.761066
vt 0.323293 0.236332
vn 0.974634 -0.079567 0.209185
v 1.115222 -0.302182 0.392572
vt 0.401556 0.159625
vn 0.964670 -0.158721 0.210285
v 1.146796 -0.324676 0.211648
vt 0.458503 0.144213
vn 0.977704 -0.209578 0.013154
v 1.066616 -0.508964 0.067867
vt 0.489799 0.087785
vn 0.851676 -0.523704 -0.019520
v 1.139690 -0.284083 0.261107
vt 0.439216 0.160708
vn 0.969398 -0.149577 0.194666
v 1.121998 -0.084876 0.553458
vt 0.391196 0.224613
vn 0.958057 -0.121930 0.259345
v 1.147199 -0.196160 0.385730
vt 0.418128 0.189181
vn 0.959991 -0.208074 0.187410
v 1.155477 -0.217382 0.251626
vt 0.451072 0.176455
vn 0.992089 -0.121361 0.032117
v 1.149653 -0.251354 0.076713
vt 0.495705 0.157671
vn 0.988734 -0.143888 -0.041250
v 1.172619 -0.072414 0.264430
vt 0.455955 0.209842
vn 0.989929 -0.141043 0.012154
v 1.035591 -0.541924 -0.044098
vt 0.537148 0.064179
vn 0.697670 -0.716091 0.021698
v 0.947426 -0.592694 0.032631
vt 0.519371 0.021576
vn 0.512645 -0.858348 0.020842
v 0.917977 -0.621028 -0.051575
vt 0.558389 0.014450
vn 0.539239 -0.819773 0.192856
v 0.898857 -0.651878 -0.111981
vt 0.587869 0.010346
vn 0.545132 -0.829009 0.124801
v 1.149433 -0.166698 0.167517
vt 0.472801 0.182483
vn 0.994787 -0.093952 -0.039634
v 1.009658 -0.581679 -0.172778
vt 0.587961 0.067140
vn 0.738549 -0.659884 -0.138197
v 1.154744 -0.139347 -0.025038
vt 0.519097 0.185763
vn 0.991283 -0.103466 -0.081569
v 1.181813 0.070182 0.426587
vt 0.430961 0.250690
vn 0.968512 -0.159437 0.191217
v 1.062843 -0.499798 -0.138030
vt 0.564904 0.090196
vn 0.896814 -0.428566 -0.109800
v 1.108372 -0.379320 -0.126789
vt 0.548562 0.130266
vn 0.947308 -0.294056 -0.127034
v 1.129104 -0.263728 -0.188417
vt 0.561257 0.162203
vn 0.956240 -0.156192 -0.247406
v 1.037240 -0.519112 -0.212119
vt 0.588952 0.089586
vn 0.781831 -0.474981 -0.403898
v 0.961162 -0.517782 -0.289142
vt 0.621820 0.094972
vn 0.735211 -0.341281 -0.585655
v 1.012222 -0.478519 -0.282202
vt 0.608591 0.109300
vn 0.638212 -0.408697 -0.652420
v 1.078813 -0.281423 -0.284108
vt 0.587335 0.159411
vn 0.774583 -0.241475 -0.584561
v 0.987022 -0.411269 -0.325893
vt 0.618341 0.127932
vn 0.622765 -0.243401 -0.743586
v 0.923398 -0.594920 -0.327799
vt 0.644648 0.075807
vn 0.803926 -0.326209 -0.497283
v 0.925632 -0.458309 -0.365430
vt 0.641001 0.118700
vn 0.750446 -0.189368 -0.633222
v 0.928746 -0.312272 -0.393874
vt 0.637720 0.158740
vn 0.687158 -0.158612 -0.708982
v 0.853181 -0.561122 -0.442501
vt 0.677485 0.099458
vn 0.657924 -0.241239 -0.713400
v 1.102365 -0.122635 -0.304341
vt 0.583001 0.196735
vn 0.885234 -0.212637 -0.413699
v 0.912336 -0.657921 -0.278976
vt 0.641138 0.048463
vn 0.665848 -0.718778 -0.200011
v 0.823878 -0.702937 -0.229909
vt 0.650523 0.009705
vn 0.470876 -0.881268 0.040537
v 0.805564 -0.713115 -0.280931
vt 0.671122 0.016800
vn 0.513167 -0.858120 -0.017007
v 0.834940 -0.690592 -0.371491
vt 0.682261 0.049943
vn 0.664052 -0.649222 -0.370872
v 0.766628 -0.747376 -0.366017
vt 0.709407 0.027222
vn 0.615024 -0.760115 -0.209692
v 0.717839 -0.770593 -0.404088
vt 0.737163 0.026856
vn 0.511959 -0.555423 -0.655288
v 0.788788 -0.691315 -0.422268
vt 0.707439 0.060868
vn 0.515504 -0.496757 -0.698203
v 0.807359 -0.581881 -0.462637
vt 0.696269 0.098207
vn 0.357228 -0.274713 -0.892704
v 0.714908 -0.691488 -0.454035
vt 0.737713 0.067872
vn 0.395870 -0.329190 -0.857275
v 0.804905 -0.487337 -0.483456
vt 0.690394 0.128618
vn 0.370341 -0.067711 -0.926425
v 0.863547 -0.399472 -0.450565
vt 0.666621 0.140841
vn 0.603944 -0.136660 -0.785223
v 0.689158 -0.445385 -0.516102
vt 0.716030 0.147936
vn 0.295785 -0.146055 -0.944023
v 0.647805 -0.754286 -0.470505
vt 0.769894 0.055390
vn 0.499221 -0.476795 -0.723495
v 0.635790 -0.796267 -0.439471
vt 0.780285 0.030686
vn 0.440729 -0.612001 -0.656668
v 0.680221 -0.594631 -0.485900
vt 0.737163 0.106294
vn 0.454795 -0.192242 -0.869600
v 0.517004 -0.794387 -0.514783
vt 0.836118 0.065110
vn 0.433448 -0.502940 -0.747780
v 0.656119 -0.651936 -0.490689
vt 0.752361 0.091630
vn 0.708795 -0.171648 -0.684213
v 0.692528 -0.373740 -0.527294
vt 0.709728 0.168750
vn 0.671439 -0.243639 -0.699864
v 0.638098 -0.672550 -0.518693
vt 0.767956 0.092882
vn 0.768461 -0.259439 -0.584944
v 0.558577 -0.560052 -0.644195
vt 0.783825 0.155734
vn 0.529955 -0.464455 -0.709527
v 0.496126 -0.614957 -0.642436
vt 0.812604 0.150072
vn 0.515519 -0.513567 -0.685923
v 0.410525 -0.803900 -0.575042
vt 0.880980 0.099001
vn 0.477267 -0.479007 -0.736729
v 0.604949 -0.474963 -0.655387
vt 0.758953 0.177478
vn 0.706168 -0.229724 -0.669742
v 0.366314 -0.803466 -0.604805
vt 0.895598 0.117037
vn 0.712598 -0.567393 -0.412637
v 0.491877 -0.522986 -0.726251
vt 0.797818 0.188190
vn 0.556878 -0.353691 -0.751524
v 0.446421 -0.662286 -0.658271
vt 0.839414 0.152682
vn 0.724169 -0.466525 -0.507872
v 0.379793 -0.592723 -0.772191
vt 0.841688 0.201923
vn 0.522568 -0.250168 -0.815069
v 0.391588 -0.733527 -0.703966
vt 0.872175 0.161608
vn 0.741988 -0.489240 -0.458365
v 0.374555 -0.692500 -0.745409
vt 0.866056 0.181201
vn 0.637992 -0.297109 -0.710417
v 0.347597 -0.794590 -0.677868
vt 0.899931 0.149065
vn 0.573372 -0.717086 -0.396273
v 0.354043 -0.818732 -0.608226
vt 0.904753 0.118196
vn 0.692135 -0.659659 -0.292916
v 0.307452 -0.823878 -0.662131
vt 0.921355 0.145541
vn 0.428806 -0.806222 -0.407592
v 0.190717 -0.820293 -0.770431
vt 0.948486 0.210269
vn 0.322165 -0.644795 -0.693144
v 0.297965 -0.769899 -0.758556
vt 0.904738 0.186923
vn 0.472701 -0.568340 -0.673456
v 0.200313 -0.748850 -0.823409
vt 0.919860 0.226841
vn 0.275634 -0.443892 -0.852634
v 0.129364 -0.809827 -0.797018
vt 0.955337 0.240116
vn 0.182004 -0.561502 -0.807212
v 0.201009 -0.706841 -0.839976
vt 0.902861 0.238926
vn 0.260958 -0.214203 -0.941285
v 0.038452 -0.827434 -0.803176
vt 0.977554 0.275105
vn 0.138190 -0.469562 -0.872018
v 0.102698 -0.752667 -0.827856
vt 0.935485 0.262623
vn 0.101764 -0.332664 -0.937539
v 0.074970 -0.611227 -0.868713
vt 0.890593 0.290593
vn 0.282594 -0.145797 -0.948095
v -0.026454 -0.743704 -0.860209
vt 0.943236 0.312901
vn 0.439875 -0.370706 -0.817978
v -0.035978 -0.813990 -0.820232
vt 0.976791 0.310018
vn 0.269485 -0.579650 -0.769015
v -0.059823 -0.837409 -0.808014
vt 0.990295 0.317433
vn 0.297798 -0.690340 -0.659353
v -0.090921 -0.779873 -0.901213
vt 0.945525 0.342824
vn 0.549477 -0.562275 -0.617998
v -0.013927 -0.584136 -0.912404
vt 0.889128 0.320928
vn 0.657342 -0.348108 -0.668373
v 0.304998 -0.575173 -0.806206
vt 0.850278 0.228733
vn 0.334713 -0.105408 -0.936406
v 0.076325 -0.514631 -0.873893
vt 0.863447 0.297795
vn 0.442180 -0.338470 -0.830611
v -0.173005 -0.783054 -0.955069
vt 0.946822 0.375967
vn 0.154241 -0.773582 -0.614639
v -0.143336 -0.821652 -0.873160
vt 0.975814 0.358557
vn 0.128527 -0.878266 -0.460575
v -0.205458 -0.810839 -0.884645
vt 0.974472 0.385657
vn -0.262502 -0.922993 -0.281384
v -0.106598 -0.706291 -0.981216
vt 0.921614 0.355138
vn 0.585103 -0.464001 -0.665100
v -0.232380 -0.789415 -0.932197
vt 0.950362 0.394217
vn -0.319303 -0.883768 -0.342051
v -0.320252 -0.744456 -0.811142
vt 0.978546 0.448615
vn -0.652598 -0.755861 -0.052814
v -0.221941 -0.702793 -1.036783
vt 0.915984 0.391699
vn 0.157149 -0.468690 -0.869272
v -0.332999 -0.684144 -1.047877
vt 0.909239 0.417777
vn -0.263471 -0.644157 -0.718085
v -0.350947 -0.714445 -0.926773
vt 0.936248 0.435660
vn -0.535210 -0.836715 -0.116010
v -0.392630 -0.672464 -0.773119
vt 0.956313 0.484535
vn -0.743942 -0.667266 0.036133
v -0.425889 -0.641614 -0.812706
vt 0.936110 0.482475
vn -0.882970 -0.461074 0.088174
v -0.406659 -0.679865 -0.924769
vt 0.925109 0.448707
vn -0.698172 -0.715166 -0.033063
v -0.391824 -0.674632 -1.011125
vt 0.910979 0.433234
vn -0.612293 -0.673817 -0.413603
v -0.463983 -0.587288 -0.963133
vt 0.899260 0.458671
vn -0.926949 -0.342959 -0.152135
v -0.454130 -0.493062 -0.859965
vt 0.892485 0.487465
vn -0.972291 -0.213026 0.096281
v -0.387282 -0.600414 -1.067132
vt 0.890944 0.429816
vn -0.493830 -0.273005 -0.825591
v -0.484385 -0.455244 -1.029306
vt 0.863783 0.458152
vn -0.887790 -0.339455 -0.310804
v -0.336552 -0.616316 -1.074414
vt 0.893355 0.418494
vn -0.005399 -0.151588 -0.988429
v -0.417611 -0.518100 -1.067377
vt 0.872862 0.439048
vn -0.576356 -0.471869 -0.667198
v -0.468854 -0.387011 -1.158376
vt 0.840253 0.446372
vn -0.731382 -0.425603 -0.532863
v -0.373217 -0.536170 -1.070651
vt 0.876371 0.427848
vn 0.086662 -0.185878 -0.978744
v -0.199378 -0.581303 -1.045824
vt 0.884108 0.387655
vn 0.015670 -0.355264 -0.934635
v -0.389114 -0.494883 -1.105595
vt 0.862470 0.430747
vn -0.041688 -0.700848 -0.712092
v -0.320106 -0.492108 -1.059753
vt 0.868894 0.414420
vn 0.221260 -0.504248 -0.834732
v -0.373180 -0.461894 -1.142249
vt 0.850675 0.424964
vn -0.033394 -0.725266 -0.687659
v -0.453580 -0.316609 -1.220248
vt 0.819455 0.441810
vn -0.583310 -0.581368 -0.567239
v -0.501197 -0.282492 -1.209594
vt 0.813535 0.449989
vn -0.778382 -0.598750 -0.188732
v -0.431640 -0.283042 -1.259541
vt 0.811429 0.434836
vn -0.231900 -0.644249 -0.728811
v -0.509842 -0.229149 -1.283879
vt 0.799542 0.446265
vn -0.680223 -0.692133 -0.241346
v -0.401275 -0.224031 -1.315548
vt 0.798871 0.428138
vn 0.158745 -0.451212 -0.878184
v -0.364206 -0.314094 -1.256315
vt 0.816892 0.423606
vn -0.096113 -0.576516 -0.811413
v -0.323072 -0.419190 -1.175188
vt 0.841688 0.416419
vn -0.038923 -0.699175 -0.713891
v -0.272781 -0.414998 -1.187895
vt 0.838941 0.406744
vn 0.080653 -0.576048 -0.813427
v -0.297762 -0.469527 -1.098362
vt 0.859831 0.410697
vn -0.062301 -0.895379 -0.440925
v -0.245090 -0.479155 -1.121136
vt 0.856565 0.400748
vn -0.304308 -0.789533 -0.532948
v -0.267690 -0.491009 -1.055941
vt 0.867720 0.404624
vn -0.220493 -0.608925 -0.761967
v -0.186741 -0.550077 -1.081794
vt 0.872419 0.385031
vn -0.177683 -0.603613 -0.777225
v -0.138684 -0.542213 -1.079790
vt 0.870665 0.374640
vn 0.323336 -0.475027 -0.818415
v -0.098539 -0.611950 -1.015475
vt 0.888823 0.359518
vn 0.489899 -0.338645 -0.803317
v -0.115901 -0.661275 -1.008975
vt 0.905486 0.362753
vn 0.449097 -0.322651 -0.833192
v -0.060995 -0.623399 -0.982633
vt 0.895582 0.345678
vn 0.754264 -0.300267 -0.583889
v -0.019678 -0.543427 -0.953457
vt 0.875456 0.330282
vn 0.731416 -0.462724 -0.500917
v -0.047113 -0.523854 -1.025298
vt 0.866316 0.347524
vn 0.675039 -0.352723 -0.648004
v -0.166962 -0.460131 -1.130275
vt 0.849393 0.382681
vn 0.406598 -0.361973 -0.838841
v -0.229889 -0.333957 -1.209008
vt 0.823041 0.399145
vn 0.382218 -0.364531 -0.849133
v -0.133190 -0.406267 -1.129200
vt 0.836179 0.375357
vn 0.561505 -0.269919 -0.782212
v 0.061345 -0.469296 -0.924671
vt 0.851591 0.311879
vn 0.622240 -0.372854 -0.688330
v -0.008396 -0.414825 -1.006678
vt 0.840314 0.339467
vn 0.693457 -0.126557 -0.709296
v 0.171633 -0.462646 -0.862702
vt 0.840375 0.279744
vn 0.364160 -0.179078 -0.913958
v 0.079292 -0.379176 -0.935716
vt 0.828687 0.314443
vn 0.571613 -0.085307 -0.816076
v 0.191999 -0.386433 -0.862702
vt 0.819959 0.282902
vn 0.479832 -0.127368 -0.868066
v 0.353787 -0.460622 -0.808063
vt 0.811734 0.240513
vn 0.343267 -0.030837 -0.938731
v 0.341223 -0.334766 -0.796431
vt 0.792676 0.261357
vn 0.307558 -0.111242 -0.945004
v 0.232510 -0.271737 -0.854882
vt 0.792645 0.286351
vn 0.405422 -0.209081 -0.889898
v 0.046473 -0.294578 -0.953701
vt 0.812818 0.326802
vn 0.675516 -0.003092 -0.737339
v 0.472647 -0.452122 -0.756063
vt 0.789563 0.208499
vn 0.498638 -0.047745 -0.865494
v 0.401441 -0.344510 -0.778935
vt 0.781048 0.242329
vn 0.353360 -0.097889 -0.930352
v 0.384958 -0.211021 -0.825364
vt 0.758816 0.268696
vn 0.375280 -0.278814 -0.883984
v 0.528176 -0.370849 -0.712518
vt 0.760662 0.211475
vn 0.513131 -0.105330 -0.851823
v 0.485320 -0.286396 -0.762563
vt 0.756558 0.237476
vn 0.419727 -0.251030 -0.872246
v 0.630223 -0.318026 -0.664331
vt 0.730434 0.203555
vn 0.477811 -0.197820 -0.855899
v 0.659599 -0.270609 -0.657244
vt 0.717372 0.208942
vn 0.772907 -0.212441 -0.597900
v 0.617440 -0.239471 -0.707729
vt 0.726131 0.228214
vn 0.560943 -0.223607 -0.797084
v 0.711209 -0.258582 -0.566392
vt 0.698314 0.199939
vn 0.735170 -0.243382 -0.632685
v 0.668134 -0.163402 -0.674496
vt 0.703899 0.229419
vn 0.814503 -0.142528 -0.562380
v 0.450596 -0.103091 -0.815491
vt 0.735393 0.273442
vn 0.497023 -0.169688 -0.850984
v 0.681942 -0.031156 -0.686665
vt 0.688289 0.251774
vn 0.625033 -0.186294 -0.758042
v 0.572020 0.000011 -0.767157
vt 0.704860 0.270726
vn 0.502650 -0.181607 -0.845199
v 0.420781 0.031468 -0.854735
vt 0.722942 0.295552
vn 0.530409 -0.195739 -0.824835
v 0.352212 -0.052118 -0.898671
vt 0.742321 0.293751
vn 0.497035 -0.196074 -0.845287
v 0.288771 -0.125700 -0.900040
vt 0.759426 0.298314
vn 0.336976 -0.374182 -0.863964
v 0.239176 -0.204053 -0.875359
vt 0.779232 0.294926
vn 0.346975 -0.363639 -0.864508
v 0.290639 0.024211 -0.948130
vt 0.738476 0.315419
vn 0.490301 -0.260663 -0.831661
v 0.148520 -0.008663 -1.008535
vt 0.757382 0.334829
vn 0.354963 -0.319397 -0.878628
v 0.031602 -0.254794 -0.961814
vt 0.805692 0.330358
vn 0.794164 0.004277 -0.607689
v -0.002426 -0.203966 -1.066302
vt 0.798749 0.352148
vn 0.875871 -0.178083 -0.448482
v -0.049567 -0.335171 -1.077102
vt 0.820920 0.358175
vn 0.704814 -0.252413 -0.662966
v -0.078540 -0.257454 -1.142591
vt 0.809766 0.370153
vn 0.650902 -0.301252 -0.696831
v 0.024643 -0.105317 -1.018114
vt 0.780484 0.346075
vn 0.696383 -0.170891 -0.697027
v -0.025978 -0.169734 -1.129444
vt 0.794308 0.364202
vn 0.747008 -0.175240 -0.641304
v 0.023214 -0.006350 -1.044505
vt 0.765652 0.351629
vn 0.408985 -0.294019 -0.863877
v -0.204726 -0.264971 -1.229925
vt 0.806745 0.395346
vn 0.442274 -0.275263 -0.853595
v -0.103741 -0.199340 -1.186429
vt 0.798566 0.377737
vn 0.550928 -0.150421 -0.820885
v -0.441346 -0.138017 -1.351909
vt 0.784543 0.431220
vn 0.395160 -0.227326 -0.890040
v -0.574015 -0.034077 -1.456739
vt 0.766751 0.442115
vn 0.360285 -0.356534 -0.862020
v -0.283331 -0.037806 -1.286030
vt 0.773709 0.409613
vn 0.478758 -0.115478 -0.870319
v -0.445449 0.011663 -1.393792
vt 0.766873 0.428214
vn 0.497030 -0.167577 -0.851398
v -0.186045 -0.028612 -1.231000
vt 0.774868 0.392309
vn 0.551984 0.083899 -0.829623
v -0.704413 0.030312 -1.529509
vt 0.756344 0.451163
vn 0.137926 -0.285313 -0.948458
v -0.313183 0.047977 -1.318041
vt 0.763027 0.409812
vn 0.540071 -0.137159 -0.830368
v -0.478414 0.178083 -1.437826
vt 0.749020 0.431342
vn 0.456188 -0.186244 -0.870176
v -0.620570 0.065614 -1.504340
vt 0.756039 0.444739
vn 0.399779 -0.098314 -0.911324
v -0.736426 0.109098 -1.541581
vt 0.750729 0.452522
vn 0.165629 -0.145613 -0.975379
v -0.790746 0.178777 -1.563035
vt 0.745769 0.454887
vn -0.129002 -0.128927 -0.983228
v -0.614599 0.160042 -1.497352
vt 0.749416 0.443534
vn 0.379955 -0.087594 -0.920848
v -0.707892 0.240100 -1.550768
vt 0.742412 0.449317
vn 0.227742 -0.029730 -0.973267
v -0.789611 0.276010 -1.557317
vt 0.740017 0.454246
vn -0.091721 0.158462 -0.983096
v -0.583209 0.300065 -1.518464
vt 0.739620 0.439933
vn 0.347611 -0.142694 -0.926717
v -0.678333 0.400391 -1.524378
vt 0.731777 0.446632
vn -0.063674 0.349107 -0.934917
v -0.573063 0.389722 -1.521396
vt 0.732311 0.439551
vn 0.206519 0.035088 -0.977813
v -0.340691 0.373907 -1.428491
vt 0.731975 0.420188
vn 0.463866 -0.208036 -0.861132
v -0.289154 0.212229 -1.339789
vt 0.746792 0.410788
vn 0.558175 -0.227604 -0.797895
v -0.705328 0.484295 -1.462408
vt 0.725185 0.449073
vn -0.184858 0.356673 -0.915758
v -0.718844 0.528329 -1.451070
vt 0.722835 0.449851
vn -0.042809 -0.078386 -0.996004
v -0.664781 0.497826 -1.473307
vt 0.724361 0.446296
vn -0.226196 0.235026 -0.945303
v -0.584857 0.517139 -1.473502
vt 0.722850 0.441596
vn -0.041655 0.208559 -0.977122
v -0.557862 0.679512 -1.500626
vt 0.711833 0.440436
vn 0.056970 -0.327625 -0.943089
v -0.536581 0.469289 -1.508299
vt 0.726482 0.437507
vn 0.094468 0.273056 -0.957348
v -0.505556 0.554639 -1.462604
vt 0.720043 0.435492
vn 0.131800 0.104448 -0.985758
v -0.542661 0.766105 -1.545588
vt 0.705974 0.440650
vn -0.027810 -0.378518 -0.925176
v -0.387099 0.650831 -1.457423
vt 0.711894 0.428794
vn 0.117529 -0.240018 -0.963628
v -0.359738 0.548220 -1.449164
vt 0.718013 0.425315
vn 0.167424 0.010998 -0.985824
v -0.285528 0.826156 -1.540945
vt 0.698024 0.427680
vn 0.233271 -0.416473 -0.878712
v -0.302341 0.726755 -1.475603
vt 0.704982 0.425223
vn 0.165610 -0.400801 -0.901073
v -0.245493 0.652623 -1.453856
vt 0.708064 0.419318
vn 0.278256 -0.064637 -0.958330
v -0.284393 0.537754 -1.430397
vt 0.717510 0.419135
vn 0.294565 -0.244144 -0.923918
v -0.224358 0.894650 -1.542509
vt 0.692638 0.426566
vn 0.277550 -0.101495 -0.955335
v -0.091214 0.826214 -1.466660
vt 0.692454 0.416159
vn 0.407028 -0.190825 -0.893260
v -0.150552 0.952127 -1.519539
vt 0.688243 0.424384
vn 0.433266 0.202075 -0.878320
v -0.187547 0.983411 -1.514359
vt 0.687343 0.426886
vn 0.175258 0.687388 -0.704828
v -0.108722 1.009114 -1.454931
vt 0.682567 0.423484
vn 0.297994 0.760388 -0.577070
v -0.259742 0.997433 -1.492269
vt 0.687266 0.431022
vn 0.021028 0.936518 -0.349989
v -0.104400 0.706458 -1.431863
vt 0.700069 0.411765
vn 0.305002 -0.272800 -0.912444
v -0.387575 1.023310 -1.423995
vt 0.686168 0.439170
vn -0.040439 0.979315 -0.198258
v -0.189928 0.591098 -1.431374
vt 0.710521 0.412467
vn 0.258198 -0.315450 -0.913140
v -0.056636 0.545416 -1.356503
vt 0.709987 0.400931
vn 0.333419 -0.437404 -0.835171
v -0.216483 0.472238 -1.373168
vt 0.720500 0.410544
vn 0.432432 -0.406059 -0.805058
v -0.174507 0.398598 -1.302988
vt 0.727779 0.402258
vn 0.472071 -0.396358 -0.787432
v -0.256335 0.352425 -1.364371
vt 0.732754 0.410727
vn 0.615549 -0.168547 -0.769865
v -0.152273 0.327503 -1.258368
vt 0.733623 0.396109
vn 0.495650 -0.340010 -0.799203
v 0.047499 0.481808 -1.269560
vt 0.710658 0.387518
vn 0.378623 -0.498409 -0.779893
v -0.123044 0.114707 -1.185451
vt 0.755062 0.384924
vn 0.797856 -0.112851 -0.592191
v 0.006328 0.308276 -1.190338
vt 0.728206 0.378378
vn 0.336270 -0.431242 -0.837229
v -0.128245 0.011808 -1.175384
vt 0.768277 0.381384
vn 0.666885 0.222713 -0.711100
v -0.122458 0.277050 -1.213992
vt 0.737346 0.389395
vn 0.527120 -0.332970 -0.781841
v -0.102349 0.028924 -1.119083
vt 0.764523 0.374701
vn 0.684274 0.245475 -0.686667
v -0.030374 -0.027195 -1.131497
vt 0.773541 0.367453
vn 0.696670 0.365790 -0.617129
v -0.093301 0.087732 -1.124850
vt 0.757656 0.375586
vn 0.516345 -0.247678 -0.819783
v 0.002556 -0.092827 -1.102613
vt 0.781643 0.359869
vn 0.886661 0.077366 -0.455902
v -0.027297 0.007008 -1.082039
vt 0.766735 0.363104
vn 0.634707 0.045983 -0.771384
v 0.017537 0.201733 -1.134380
vt 0.739223 0.369482
vn 0.316057 -0.372577 -0.872522
v 0.108962 0.184617 -1.090053
vt 0.734997 0.352651
vn 0.375391 -0.335209 -0.864128
v 0.341187 0.285146 -1.020313
vt 0.708278 0.338018
vn 0.479115 -0.401326 -0.780632
v 0.177860 0.467410 -1.185011
vt 0.705562 0.373648
vn 0.380109 -0.481880 -0.789499
v 0.359538 0.197252 -0.952675
vt 0.713176 0.325246
vn 0.593256 -0.349054 -0.725402
v 0.461658 0.164205 -0.881029
vt 0.704738 0.308461
vn 0.466257 -0.345358 -0.814452
v 0.604620 0.148621 -0.791544
vt 0.687602 0.291447
vn 0.465325 -0.363937 -0.806860
v 0.505210 0.299082 -0.920957
vt 0.688685 0.320806
vn 0.396314 -0.514846 -0.760177
v 0.371076 0.342393 -1.033997
vt 0.698512 0.341375
vn 0.415148 -0.506238 -0.755893
v 0.311664 0.407330 -1.102613
vt 0.699474 0.355367
vn 0.304875 -0.468935 -0.828946
v 0.446714 0.439192 -1.076760
vt 0.685695 0.347723
vn 0.332581 -0.513822 -0.790808
v 0.730109 0.112192 -0.692481
vt 0.670756 0.269825
vn 0.525849 -0.415481 -0.742198
v 0.676155 0.226107 -0.800439
vt 0.671778 0.295720
vn 0.362941 -0.524429 -0.770226
v 0.648610 0.393857 -0.935423
vt 0.667292 0.326009
vn 0.398636 -0.477627 -0.782919
v 0.368292 0.516070 -1.135553
vt 0.687099 0.361151
vn 0.288933 -0.497543 -0.817905
v 0.483452 0.565452 -1.130617
vt 0.675410 0.359976
vn 0.355485 -0.467602 -0.809308
v 0.542534 0.541397 -1.089027
vt 0.670146 0.350942
vn 0.604919 -0.242000 -0.758623
v 0.396972 0.655601 -1.233346
vt 0.676585 0.373831
vn 0.389853 -0.467083 -0.793630
v 0.462574 0.676476 -1.199868
vt 0.669596 0.370016
vn 0.661104 -0.270880 -0.699690
v 0.191083 0.628655 -1.298492
vt 0.691188 0.387015
vn 0.327424 -0.426214 -0.843288
v 0.412576 0.744999 -1.268778
vt 0.670863 0.380194
vn 0.552428 -0.228321 -0.801682
v 0.519019 0.682345 -1.112192
vt 0.663462 0.364080
vn 0.776834 -0.128359 -0.616485
v 0.063066 0.562387 -1.316965
vt 0.702846 0.391501
vn 0.357294 -0.454426 -0.815989
v 0.108302 0.683646 -1.348195
vt 0.691798 0.395544
vn 0.339503 -0.260434 -0.903832
v -0.003195 0.850327 -1.420720
vt 0.687099 0.411109
vn 0.397053 0.065595 -0.915448
v 0.274010 0.734041 -1.317356
vt 0.679896 0.387762
vn 0.203795 -0.258607 -0.944241
v 0.225440 0.802795 -1.331676
vt 0.678218 0.394553
vn 0.232784 -0.150729 -0.960777
v 0.111965 0.900952 -1.383578
vt 0.678828 0.406851
vn 0.257112 -0.038041 -0.965633
v 0.360197 0.812943 -1.309244
vt 0.670939 0.387335
vn 0.392037 -0.051972 -0.918480
v 0.315986 0.892741 -1.320435
vt 0.669017 0.393881
vn 0.388980 0.211179 -0.896715
v 0.018342 0.911245 -1.395991
vt 0.682383 0.412100
vn 0.323178 0.116947 -0.939084
v 0.122844 0.958546 -1.380792
vt 0.675151 0.407538
vn 0.290259 0.341149 -0.894073
v 0.431549 0.882882 -1.254410
vt 0.662287 0.386984
vn 0.546171 0.454683 -0.703534
v 0.434077 0.838097 -1.257146
vt 0.665156 0.383795
vn 0.607693 0.001800 -0.794170
v -0.076928 0.966584 -1.459427
vt 0.684001 0.420432
vn 0.537251 0.206363 -0.817787
v 0.022555 0.992749 -1.394525
vt 0.677485 0.415198
vn 0.357090 0.573480 -0.737298
v 0.509349 0.813637 -1.196985
vt 0.659785 0.377493
vn 0.716033 -0.130595 -0.685742
v 0.509788 0.871924 -1.193320
vt 0.656947 0.380713
vn 0.652714 0.317271 -0.687971
v 0.594437 0.874555 -1.099681
vt 0.648615 0.373800
vn 0.749342 0.195603 -0.632634
v 0.565354 0.921625 -1.090347
vt 0.646433 0.379782
vn 0.477278 0.759683 -0.441688
v 0.666742 0.732884 -0.994460
vt 0.645594 0.358114
vn 0.523152 0.069221 -0.849424
v 0.416568 0.916710 -1.206808
vt 0.657420 0.389700
vn 0.356462 0.877590 -0.320579
v 0.690440 0.893898 -0.952919
vt 0.633967 0.368276
vn 0.603708 0.601955 -0.522673
v 0.424737 0.928766 -1.112486
vt 0.650752 0.389731
vn 0.288245 0.851617 -0.437794
v 0.503012 0.960425 -1.048610
vt 0.644038 0.384787
vn 0.303878 0.861700 -0.406364
v 0.355069 0.958864 -1.124704
vt 0.652262 0.395544
vn 0.277435 0.924577 -0.261129
v 0.263790 0.949265 -1.317259
vt 0.668086 0.399466
vn 0.420877 0.683490 -0.596410
v 0.217785 0.978207 -1.294973
vt 0.665446 0.404028
vn 0.270744 0.940009 -0.207558
v 0.152660 0.979190 -1.345800
vt 0.671427 0.407431
vn 0.307064 0.802127 -0.512156
v 0.105702 1.002435 -1.317552
vt 0.670314 0.410788
vn 0.236560 0.955053 -0.178641
v 0.292984 0.983382 -1.064982
vt 0.649027 0.401633
vn 0.119546 0.979212 -0.163867
v -0.060299 1.029468 -1.367597
vt 0.676493 0.421927
vn 0.164501 0.967838 -0.190341
v 0.157201 0.980606 -1.192098
vt 0.660548 0.409461
vn 0.235970 0.970902 -0.040836
v 0.099841 1.014781 -1.090444
vt 0.654368 0.416175
vn 0.199250 0.976777 -0.078773
v 0.174673 1.017007 -0.951257
vt 0.643122 0.414038
vn 0.108063 0.984859 -0.135553
v 0.455175 0.978467 -1.045776
vt 0.643854 0.389471
vn 0.191647 0.923043 -0.333561
v 0.415543 1.004604 -0.872623
vt 0.629725 0.398123
vn 0.112068 0.990974 -0.073566
v -0.008873 1.030018 -0.969291
vt 0.647593 0.425925
vn 0.068279 0.997429 -0.021783
v 0.202657 1.026577 -0.863777
vt 0.632563 0.411383
vn 0.065244 0.996145 -0.058636
v 0.498983 0.988731 -0.954043
vt 0.635981 0.386831
vn 0.202937 0.965993 -0.160229
v 0.447996 1.008594 -0.551437
vt 0.603220 0.400702
vn 0.108710 0.993896 -0.018781
v 0.723186 0.942702 -0.828149
vt 0.621347 0.369207
vn 0.519097 0.814250 -0.259875
v 0.709084 0.964329 -0.699909
vt 0.609522 0.372992
vn 0.283480 0.954020 -0.097390
v 0.210496 1.024553 -0.555249
vt 0.608072 0.425055
vn 0.061748 0.998041 -0.010108
v 0.751390 0.967943 -0.434877
vt 0.582834 0.374868
vn 0.211315 0.976624 -0.039388
v 0.749852 0.858480 -0.925844
vt 0.630396 0.361379
vn 0.694453 0.454086 -0.558158
v 0.561618 1.004401 -0.136808
vt 0.559838 0.403494
vn 0.120234 0.992399 -0.026217
v 0.060465 1.036320 -0.422317
vt 0.602548 0.440177
vn 0.013930 0.999901 -0.001819
v 0.790693 0.921625 -0.700691
vt 0.608316 0.364065
vn 0.606776 0.746621 -0.272726
v 0.802414 0.947241 -0.609399
vt 0.598947 0.365042
vn 0.431658 0.885004 -0.174468
v 0.804905 0.869207 -0.779571
vt 0.617502 0.357382
vn 0.752879 0.574048 -0.321934
v 0.877429 0.893609 -0.587504
vt 0.595987 0.356649
vn 0.708930 0.632146 -0.312746
v 0.900029 0.836998 -0.619906
vt 0.600198 0.350454
vn 0.733034 0.554206 -0.394357
v 0.877796 0.916449 -0.527832
vt 0.589776 0.359014
vn 0.668885 0.722178 -0.176215
v 0.900688 0.925788 -0.345979
vt 0.570901 0.359762
vn 0.547006 0.823798 -0.148797
v 0.825526 0.796000 -0.840758
vt 0.623423 0.351736
vn 0.776273 0.474243 -0.415322
v 0.959844 0.850009 -0.362596
vt 0.570947 0.349157
vn 0.758540 0.615872 -0.212882
v 0.993542 0.765411 -0.550850
vt 0.591165 0.338674
vn 0.805624 0.552584 -0.213593
v 0.929552 0.730860 -0.721706
vt 0.610727 0.340093
vn 0.781359 0.450745 -0.431633
v 1.011050 0.758240 -0.429257
vt 0.576486 0.336080
vn 0.783642 0.594660 -0.179680
v 1.034163 0.829250 -0.209725
vt 0.552712 0.345174
vn 0.806416 0.555143 -0.203737
v 0.891421 0.953110 -0.151323
vt 0.550103 0.366964
vn 0.308674 0.948949 -0.064925
v 0.986179 0.900808 -0.195650
vt 0.551217 0.354315
vn 0.646349 0.739540 -0.187920
v 0.987205 0.939897 0.231930
vt 0.508736 0.370169
vn 0.400644 0.916092 0.016133
v 0.828933 0.976212 0.213408
vt 0.512367 0.386007
vn 0.185352 0.982612 0.010879
v 0.526564 1.019118 0.335490
vt 0.511650 0.422171
vn 0.098733 0.994584 0.032465
v 1.044492 0.872792 -0.022985
vt 0.532052 0.351690
vn 0.773348 0.622291 -0.121189
v 0.737801 0.981069 0.432696
vt 0.494026 0.401709
vn 0.193240 0.980117 0.045040
v 0.325400 1.035164 0.199137
vt 0.533211 0.439536
vn 0.039668 0.999182 0.007874
v 0.200606 1.031926 -0.161977
vt 0.572931 0.436210
vn 0.026654 0.999607 -0.008667
v 0.159436 1.031926 0.353475
vt 0.522744 0.460609
vn -0.030109 0.997830 0.058553
v 0.459680 1.002811 0.628525
vt 0.483238 0.438712
vn 0.033006 0.976913 0.211074
v 0.787762 0.964936 0.634048
vt 0.472374 0.403494
vn 0.226923 0.961403 0.155597
v 0.909589 0.937642 0.402933
vt 0.491295 0.381811
vn 0.327051 0.936523 0.126339
v -0.191649 1.022472 0.049198
vt 0.568460 0.482460
vn -0.146786 0.984340 0.097611
v 0.154857 1.020505 0.481910
vt 0.509209 0.465339
vn -0.094934 0.983494 0.154036
v 0.147275 0.976472 0.676517
vt 0.487480 0.475135
vn -0.146850 0.897998 0.414770
v -0.062497 0.978871 0.457572
vt 0.520546 0.489616
vn -0.356457 0.900581 0.248784
v 0.664287 0.958633 0.737021
vt 0.463630 0.417762
vn 0.084070 0.872325 0.481643
v 0.439278 0.965369 0.725682
vt 0.471397 0.444114
vn -0.031481 0.856084 0.515877
v 0.242473 0.915438 0.763949
vt 0.470237 0.469612
vn -0.036092 0.695121 0.717986
v 0.509605 0.934086 0.767175
vt 0.463066 0.437324
vn -0.005553 0.654314 0.756203
v 0.811461 0.920584 0.758524
vt 0.456382 0.402884
vn 0.204062 0.840399 0.502084
v 0.898527 0.926771 0.635710
vt 0.468254 0.391348
vn 0.382450 0.913130 0.141161
v 0.774942 0.887392 0.798795
vt 0.451179 0.408454
vn 0.035450 0.568069 0.822217
v 0.921530 0.895343 0.736092
vt 0.455406 0.391073
vn 0.399934 0.853000 0.335327
v 0.968671 0.825028 0.816780
vt 0.445197 0.389242
vn 0.290036 0.666033 0.687226
v 0.990062 0.878487 0.625691
vt 0.464103 0.379843
vn 0.610226 0.785315 0.104419
v 0.989220 0.834020 0.771769
vt 0.447791 0.382773
vn 0.557554 0.782184 0.278068
v 0.970063 0.893117 0.469496
vt 0.481682 0.375937
vn 0.560000 0.816968 0.137705
v 1.030939 0.837576 0.627254
vt 0.461540 0.374228
vn 0.806175 0.571079 0.154761
v 1.034786 0.899218 0.373219
vt 0.490440 0.367086
vn 0.527173 0.808738 0.260828
v 1.100461 0.801176 0.428346
vt 0.480049 0.357259
vn 0.765450 0.580184 0.278338
v 1.073502 0.883403 0.276501
vt 0.499123 0.359960
vn 0.682326 0.731024 0.005870
v 1.096248 0.844515 0.359583
vt 0.488701 0.358053
vn 0.839730 0.508449 0.190611
v 1.101596 0.847291 0.290332
vt 0.495949 0.353750
vn 0.890476 0.454676 -0.017948
v 1.065993 0.807276 0.531124
vt 0.469368 0.365057
vn 0.939344 0.179631 0.292174
v 1.098776 0.795942 0.093525
vt 0.516426 0.344717
vn 0.906143 0.416068 -0.076102
v 1.079839 0.765873 0.520519
vt 0.468315 0.360525
vn 0.785859 0.588565 0.189782
v 1.146979 0.738869 0.416422
vt 0.475990 0.347738
vn 0.873124 0.486075 0.037221
v 1.123940 0.750347 0.305825
vt 0.489158 0.345159
vn 0.946408 0.306238 -0.102622
v 1.117127 0.748728 0.012007
vt 0.525017 0.334188
vn 0.895784 0.434553 -0.093456
v 1.028962 0.808115 0.693036
vt 0.453239 0.374365
vn 0.748283 0.654160 0.110213
v 1.151594 0.714178 0.569390
vt 0.458701 0.352819
vn 0.736463 0.670179 0.092097
v 1.196354 0.594943 0.354305
vt 0.477745 0.327337
vn 0.952162 0.300977 -0.052911
v 1.189175 0.657394 0.549353
vt 0.458473 0.342947
vn 0.944140 0.312531 0.104517
v 1.158334 0.691077 0.627743
vt 0.450095 0.353628
vn 0.858627 0.485273 0.165135
v 1.089838 0.765469 0.787848
vt 0.440574 0.371923
vn 0.683540 0.680065 0.265113
v 1.025116 0.783481 0.831979
vt 0.438865 0.380285
vn 0.327139 0.655895 0.680281
v 1.127822 0.713744 0.766540
vt 0.439200 0.365194
vn 0.902007 0.351851 0.250169
v 1.086432 0.692812 0.870490
vt 0.429145 0.372503
vn 0.633655 0.453873 0.626483
v 1.158334 0.639208 0.689371
vt 0.440742 0.352209
vn 0.960727 0.114462 0.252788
v 1.093025 0.620848 0.902061
vt 0.420676 0.369512
vn 0.802270 0.177679 0.569905
v 1.064491 0.626429 0.923174
vt 0.418799 0.374090
vn 0.369455 0.379498 0.848224
v 0.941346 0.736267 0.859298
vt 0.431952 0.389624
vn 0.109850 0.485005 0.867585
v 0.871788 0.746242 0.867558
vt 0.432380 0.399542
vn 0.033358 0.445432 0.894694
v 0.694799 0.831736 0.814580
vt 0.446097 0.418357
vn -0.028320 0.430528 0.902133
v 0.603264 0.774634 0.848253
vt 0.439155 0.430854
vn -0.023673 0.403198 0.914806
v 0.512828 0.862701 0.811257
vt 0.453391 0.439628
vn 0.050550 0.466055 0.883311
v 0.953983 0.637184 0.925422
vt 0.417227 0.387793
vn 0.008016 0.464578 0.885496
v 0.356754 0.816586 0.831881
vt 0.450645 0.459678
vn 0.010055 0.468654 0.883324
v 0.522572 0.678211 0.876110
vt 0.428092 0.444877
vn 0.003152 0.362707 0.931898
v 0.682528 0.551805 0.938862
vt 0.405417 0.425650
vn -0.108418 0.358703 0.927134
v 0.820325 0.527085 0.961782
vt 0.400626 0.402884
vn -0.063665 0.407126 0.911150
v 1.012662 0.456394 1.005181
vt 0.392142 0.373983
vn 0.186939 0.328175 0.925935
v 1.036251 0.340976 1.029079
vt 0.375067 0.364996
vn 0.631927 0.184334 0.752787
v 1.052257 0.201271 1.041981
vt 0.352987 0.352071
vn 0.821122 -0.013217 0.570599
v 0.516747 0.395100 1.002835
vt 0.381109 0.453788
vn 0.166938 0.378365 0.910479
v 1.072074 0.297549 0.980891
vt 0.374807 0.351644
vn 0.777869 -0.008118 0.628374
v 0.435286 0.595116 0.921121
vt 0.417212 0.459434
vn 0.158534 0.419478 0.893815
v 1.070718 0.414876 0.972046
vt 0.391058 0.361654
vn 0.626081 0.187921 0.756775
v 0.580628 0.282023 1.021602
vt 0.360265 0.445228
vn 0.299911 0.440694 0.846075
v 0.545208 0.247878 1.064462
vt 0.352453 0.454566
vn 0.275965 0.472971 0.836745
v 0.405104 0.486608 0.983237
vt 0.399222 0.472099
vn 0.178133 0.426315 0.886862
v 0.442648 0.068331 1.167680
vt 0.315007 0.482597
vn 0.258443 0.485545 0.835136
v 0.407521 0.264358 1.085428
vt 0.357733 0.481254
vn 0.163190 0.426593 0.889600
v 0.256502 0.519510 0.988662
vt 0.412100 0.491478
vn 0.136831 0.438379 0.888314
v 0.391991 0.034619 1.215525
vt 0.307530 0.495705
vn 0.226322 0.502074 0.834686
v 0.201229 0.184993 1.151796
vt 0.353201 0.524178
vn 0.179343 0.460054 0.869590
v 0.189471 0.010102 1.256675
vt 0.314748 0.540734
vn 0.164438 0.464836 0.869993
v 0.055777 0.251000 1.158736
vt 0.374014 0.547051
vn 0.121448 0.434877 0.892263
v 0.070904 -0.042837 1.317619
vt 0.307500 0.579324
vn 0.238059 0.495938 0.835089
v 0.143393 -0.150941 1.343130
vt 0.278874 0.573770
vn 0.235855 0.349593 0.906729
v 0.050173 -0.231433 1.397377
vt 0.267979 0.607401
vn 0.310036 0.398438 0.863206
v 0.027902 -0.133709 1.384133
vt 0.293324 0.601831
vn 0.310061 0.364518 0.878060
v -0.007664 -0.253262 1.434227
vt 0.268147 0.626810
vn 0.249184 0.391258 0.885903
v -0.182968 -0.118443 1.434373
vt 0.322713 0.647257
vn 0.177848 0.373362 0.910478
v -0.186045 -0.033730 1.389118
vt 0.340352 0.631312
vn 0.242266 0.486160 0.839616
v -0.434643 -0.026299 1.433054
vt 0.375235 0.675792
vn 0.136263 0.361503 0.922360
v -0.635551 0.025281 1.439603
vt 0.410742 0.695125
vn 0.140693 0.348270 0.926776
v -0.093997 -0.000336 1.323727
vt 0.336782 0.606714
vn 0.259792 0.550287 0.793532
v 0.042114 0.050753 1.261807
vt 0.336019 0.571466
vn 0.197534 0.490992 0.848474
v -0.163518 0.051389 1.324021
vt 0.356298 0.614221
vn 0.371843 0.483156 0.792650
v 0.031163 0.191065 1.188352
vt 0.368292 0.562661
vn 0.117950 0.468531 0.875538
v -0.268349 0.165275 1.318058
vt 0.386954 0.621775
vn 0.234568 0.482989 0.843622
v -0.367686 0.211766 1.303348
vt 0.403052 0.629252
vn 0.180368 0.506750 0.843014
v -0.575224 0.222666 1.343912
vt 0.427527 0.661097
vn 0.084846 0.640547 0.763217
v -0.244651 0.201791 1.279499
vt 0.391531 0.612375
vn 0.421358 0.657386 0.624741
v -0.441346 0.265572 1.284239
vt 0.421408 0.633722
vn 0.126269 0.769917 0.625526
v -0.191063 0.179731 1.240597
vt 0.384421 0.599268
vn 0.397461 0.601963 0.692579
v -0.220366 0.240968 1.199593
vt 0.401129 0.595789
vn 0.287732 0.742163 0.605313
v -0.174690 0.243628 1.183612
vt 0.397498 0.587366
vn 0.122238 0.644098 0.755113
v -0.168830 0.302522 1.141924
vt 0.410941 0.577707
vn -0.151093 0.508948 0.847433
v -0.316113 0.352656 1.086504
vt 0.435416 0.592218
vn 0.050280 0.840284 0.539810
v -0.241794 0.384576 1.050045
vt 0.436515 0.576593
vn -0.466419 0.551785 0.691366
v -0.227362 0.457638 1.046282
vt 0.441810 0.564477
vn -0.642983 0.291585 0.708203
v -0.292195 0.448154 0.925568
vt 0.460533 0.573938
vn -0.567979 0.578939 0.585004
v -0.191686 0.522112 1.031474
vt 0.444190 0.553765
vn -0.216597 0.504318 0.835912
v -0.492700 0.328052 1.151992
vt 0.446128 0.625040
vn -0.099336 0.909949 0.402647
v -0.596651 0.281156 1.230236
vt 0.446387 0.648600
vn -0.125595 0.951732 0.280059
v -0.656612 0.259472 1.289077
vt 0.445487 0.662226
vn -0.141642 0.908633 0.392840
v -0.629800 0.294889 1.125699
vt 0.465309 0.641230
vn -0.271095 0.919183 0.285675
v -0.505263 0.378909 1.041004
vt 0.463111 0.613611
vn -0.115825 0.887081 0.446847
v -0.442518 0.478455 0.839163
vt 0.485374 0.583062
vn -0.217183 0.755735 0.617816
v -0.581304 0.470822 0.831588
vt 0.498970 0.600198
vn -0.127740 0.877830 0.461623
v -0.253442 0.557125 0.978057
vt 0.456748 0.554940
vn -0.693352 0.392620 0.604246
v -0.395817 0.535817 0.822155
vt 0.486091 0.572930
vn -0.282298 0.695343 0.660913
v -0.309300 0.536135 0.845077
vt 0.476493 0.563699
vn -0.641922 0.540339 0.544031
v -0.512699 0.516503 0.768592
vt 0.501564 0.584604
vn -0.220851 0.739461 0.635942
v -0.430138 0.586125 0.733160
vt 0.501564 0.567910
vn -0.208841 0.745684 0.632724
v -0.275932 0.619114 0.875133
vt 0.472816 0.550011
vn -0.791014 0.492080 0.363532
v -0.209267 0.634148 0.940377
vt 0.462577 0.542077
vn -0.375692 0.691541 0.616950
v -0.317835 0.593122 0.746991
vt 0.491051 0.555367
vn -0.544472 0.678100 0.493691
v -0.249779 0.658001 0.849573
vt 0.475868 0.543343
vn -0.553927 0.766963 0.323934
v -0.688479 0.502452 0.731694
vt 0.520699 0.598993
vn -0.282018 0.842699 0.458611
v -0.285711 0.673758 0.722652
vt 0.494972 0.542397
vn -0.672989 0.672108 0.308799
v -0.323585 0.676100 0.657751
vt 0.504784 0.544976
vn -0.318092 0.789413 0.525019
v -0.513688 0.628134 0.664837
vt 0.517159 0.570520
vn -0.300167 0.779794 0.549382
v -0.253368 0.704955 0.659999
vt 0.501579 0.535088
vn -0.586530 0.751069 0.303114
v -0.124289 0.717040 0.863012
vt 0.469413 0.525078
vn -0.404145 0.755500 0.515642
v -0.193371 0.762462 0.680036
vt 0.497185 0.524498
vn -0.634974 0.703528 0.319150
v -0.283404 0.734821 0.585567
vt 0.514672 0.532555
vn -0.390468 0.806836 0.443340
v -0.110187 0.664477 0.931629
vt 0.457053 0.528847
vn -0.100931 0.635685 0.765322
v -0.151138 0.744738 0.792099
vt 0.481941 0.524544
vn -0.551933 0.707218 0.441829
v 0.063945 0.895314 0.766784
vt 0.479347 0.489784
vn -0.247326 0.754137 0.608364
v -0.098722 0.493287 1.050583
vt 0.431449 0.545586
vn 0.055540 0.508807 0.859087
v 0.031822 0.455903 1.052000
vt 0.415076 0.529900
vn 0.102972 0.503688 0.857727
v -0.000924 0.573287 0.975515
vt 0.440467 0.523186
vn 0.074450 0.518218 0.852002
v 0.042078 0.773130 0.877527
vt 0.461982 0.502708
vn -0.079018 0.571918 0.816496
v 0.183721 0.539315 0.990910
vt 0.420127 0.502800
vn 0.103769 0.471969 0.875487
v 0.159582 0.827139 0.843122
vt 0.462379 0.486641
vn 0.041236 0.577537 0.815322
v 0.247821 0.838328 0.818197
vt 0.460746 0.473594
vn 0.083058 0.532403 0.842406
v -0.027114 0.934635 0.636736
vt 0.498665 0.493461
vn -0.435328 0.812942 0.386801
v -0.109858 0.857439 0.650176
vt 0.498772 0.507179
vn -0.637133 0.690457 0.342535
v -0.124399 0.938712 0.459527
vt 0.522560 0.497826
vn -0.584922 0.734510 0.344036
v -0.153043 0.867501 0.520470
vt 0.515923 0.507607
vn -0.683271 0.642702 0.346519
v -0.255456 0.806524 0.462947
vt 0.526864 0.519646
vn -0.457905 0.786164 0.415054
v -0.186485 0.924632 0.389786
vt 0.533578 0.503182
vn -0.642720 0.685856 0.341341
v -0.207949 0.980144 0.227630
vt 0.550637 0.494301
vn -0.478553 0.817954 0.319278
v -0.324648 0.767868 0.494372
vt 0.526970 0.531304
vn -0.001719 0.930320 0.366745
v -0.373327 0.798544 0.423312
vt 0.538918 0.531243
vn -0.291147 0.887884 0.356224
v -0.435522 0.727246 0.540116
vt 0.528695 0.547982
vn -0.293502 0.855761 0.426063
v -0.251134 0.856196 0.367159
vt 0.538277 0.512718
vn -0.546144 0.774544 0.319073
v -0.607677 0.666010 0.493248
vt 0.546197 0.567361
vn -0.400670 0.810281 0.427679
v -0.239340 0.906793 0.277674
vt 0.547738 0.505898
vn -0.674869 0.643823 0.360617
v -0.299887 0.871866 0.261644
vt 0.552941 0.512413
vn -0.455634 0.839939 0.294787
v -0.336442 0.887595 0.160040
vt 0.564797 0.509010
vn -0.471574 0.763879 0.440576
v -0.304648 0.971007 0.123337
vt 0.567300 0.498421
vn -0.618746 0.696015 0.364301
v -0.314245 0.998503 0.017725
vt 0.578271 0.493873
vn -0.406376 0.897752 0.170002
v -0.362192 0.974245 -0.018734
vt 0.584314 0.498650
vn -0.402453 0.892664 0.202933
v -0.321571 1.012959 -0.179620
vt 0.597101 0.484092
vn -0.418955 0.902587 0.099060
v -0.373034 0.981416 -0.208943
vt 0.602594 0.488334
vn -0.338223 0.932462 0.126961
v -0.319190 1.027733 -0.295348
vt 0.606821 0.477836
vn -0.159721 0.982464 0.096196
v -0.544529 0.963317 -0.261529
vt 0.616861 0.499672
vn -0.288833 0.944116 0.158807
v -0.185276 1.023917 -0.329314
vt 0.603906 0.463264
vn -0.008957 0.999834 0.015842
v -0.114583 1.035222 -0.589166
vt 0.622400 0.448524
vn 0.001001 0.999828 0.018528
v -0.297945 1.030509 -0.499828
vt 0.623377 0.466316
vn -0.030855 0.999016 0.031855
v -0.245054 1.046787 -0.893637
vt 0.650446 0.446860
vn -0.004423 0.999958 0.008009
v -0.473982 1.019060 -0.567760
vt 0.636622 0.475715
vn -0.287599 0.955546 0.064957
v -0.316003 1.048059 -1.215361
vt 0.674357 0.440467
vn -0.055637 0.998046 -0.028448
v -0.418600 1.031810 -0.649474
vt 0.639429 0.467185
vn -0.158652 0.987155 0.018844
v -0.388235 1.034499 -1.059509
vt 0.666651 0.451102
vn -0.234456 0.972094 0.007956
v -0.426145 1.001828 -0.325942
vt 0.615808 0.486687
vn -0.345538 0.918179 0.193779
v -0.543503 0.979190 -0.517715
vt 0.637308 0.485283
vn -0.255927 0.963484 0.078740
v -0.457133 0.985984 -0.314311
vt 0.618021 0.491386
vn -0.264270 0.954442 0.138569
v -0.512735 0.969446 -0.442159
vt 0.630106 0.487602
vn -0.364339 0.913794 0.179546
v -0.589399 0.971586 -0.414449
vt 0.632029 0.494804
vn -0.149143 0.986058 0.073805
v -0.571744 0.983006 -0.711736
vt 0.652003 0.476661
vn -0.417149 0.900389 0.123640
v -0.670788 0.970400 -0.551828
vt 0.646891 0.492515
vn -0.182146 0.981624 0.056891
v -0.592439 0.961061 -0.691992
vt 0.652003 0.479698
vn -0.335590 0.936545 0.101303
v -0.658993 0.954238 -0.428622
vt 0.637446 0.500648
vn -0.401156 0.888505 0.222784
v -0.515226 1.002175 -0.853172
vt 0.658473 0.466316
vn -0.238087 0.971207 -0.008496
v -0.668260 0.972742 -0.828882
vt 0.663096 0.477653
vn -0.205281 0.973843 0.097411
v -0.740309 0.963288 -0.864559
vt 0.669612 0.479515
vn -0.227595 0.972366 -0.052010
v -0.690933 0.964589 -1.028670
vt 0.678019 0.468910
vn -0.275096 0.960577 -0.040165
v -0.465411 0.999746 -1.094110
vt 0.671412 0.454002
vn -0.334020 0.941271 0.049388
v -0.541232 0.989424 -1.236571
vt 0.681605 0.452445
vn -0.256283 0.964513 0.063503
v -0.818657 0.949901 -0.749612
vt 0.667460 0.490349
vn -0.294397 0.955667 0.005582
v -0.927554 0.901617 -0.871303
vt 0.679881 0.489723
vn -0.576056 0.806543 -0.132845
v -0.263551 1.032822 -1.354157
vt 0.679789 0.434211
vn -0.045320 0.985382 -0.164221
v -0.455741 1.004343 -1.478047
vt 0.690425 0.441032
vn -0.154859 0.922373 -0.353901
v -0.179525 1.028803 -1.427856
vt 0.682033 0.428031
vn 0.003331 0.958217 -0.286023
v -0.880853 0.872965 -1.029746
vt 0.687327 0.480766
vn -0.721952 0.562268 -0.403286
v -0.881585 0.807970 -1.086144
vt 0.693294 0.479332
vn -0.704473 0.501989 -0.501722
v -0.894222 0.815690 -1.022415
vt 0.690593 0.482902
vn -0.712594 0.605082 -0.355085
v -0.954366 0.844689 -0.922570
vt 0.686107 0.489876
vn -0.691280 0.628166 -0.357126
v -0.986416 0.801262 -0.952186
vt 0.690654 0.490837
vn -0.663899 0.678338 -0.314794
v -0.992496 0.744449 -1.060339
vt 0.698299 0.487678
vn -0.693079 0.566877 -0.445300
v -0.990042 0.829047 -0.866171
vt 0.685389 0.495140
vn -0.902402 0.429322 0.036777
v -1.029308 0.712067 -1.033411
vt 0.699626 0.491020
vn -0.895884 0.319921 -0.308288
v -0.992936 0.679281 -1.081305
vt 0.702937 0.487327
vn -0.832202 0.327172 -0.447658
v -0.996892 0.646118 -1.120159
vt 0.706294 0.485862
vn -0.733468 0.450673 -0.508840
v -1.022935 0.646031 -1.073290
vt 0.705104 0.489830
vn -0.858561 0.316376 -0.403459
v -1.026085 0.600263 -1.137997
vt 0.710246 0.487099
vn -0.840574 0.344128 -0.418344
v -1.035865 0.556489 -1.072899
vt 0.711604 0.493065
vn -0.998938 0.037016 -0.027417
v -1.032934 0.684196 -0.992896
vt 0.699779 0.494163
vn -0.991910 0.064281 0.109464
v -1.039967 0.462206 -1.033558
vt 0.717876 0.500389
vn -0.993412 0.074556 -0.087028
v -1.005829 0.570136 -0.893882
vt 0.702876 0.505577
vn -0.980196 0.168816 0.103523
v -1.048428 0.461714 -0.957660
vt 0.715526 0.507057
vn -0.971852 0.230664 -0.047935
v -0.983742 0.662338 -0.815540
vt 0.692393 0.506996
vn -0.978436 0.094010 0.183914
v -1.019638 0.521823 -0.790811
vt 0.701122 0.515297
vn -0.957464 0.252162 0.140272
v -1.052641 0.410481 -0.809773
vt 0.712840 0.521386
vn -0.974072 0.214941 0.070590
v -0.981178 0.757749 -0.797800
vt 0.686320 0.502800
vn -0.963373 0.093519 0.251331
v -0.950960 0.681622 -0.638917
vt 0.680003 0.516777
vn -0.971657 0.140702 0.189960
v -0.942572 0.853681 -0.733240
vt 0.675578 0.501808
vn -0.913040 0.332256 0.236565
v -0.927994 0.894621 -0.760022
vt 0.674907 0.496422
vn -0.713591 0.686763 0.138364
v -0.903013 0.851830 -0.569128
vt 0.664073 0.509285
vn -0.785382 0.520122 0.335632
v -0.863600 0.926077 -0.661692
vt 0.665660 0.498329
vn -0.500331 0.842556 0.199421
v -0.931510 0.723285 -0.550117
vt 0.670375 0.519814
vn -0.955619 0.203606 0.212923
v -0.879607 0.803575 -0.473242
vt 0.657404 0.518120
vn -0.789111 0.501152 0.355176
v -0.688223 0.898350 -0.336254
vt 0.632532 0.509743
vn -0.606126 0.727506 0.321474
v -0.608849 0.919977 -0.208845
vt 0.616510 0.510231
vn -0.597753 0.760784 0.252783
v -0.529182 0.927812 -0.037158
vt 0.595392 0.513039
vn -0.443546 0.857900 0.259372
v -0.570975 0.875394 0.015965
vt 0.593790 0.521553
vn -0.694544 0.559947 0.451740
v -0.465887 0.912691 0.073927
vt 0.582605 0.514321
vn -0.337625 0.832347 0.439555
v -0.655953 0.839571 -0.165349
vt 0.616724 0.521508
vn -0.646369 0.723824 0.241426
v -0.698662 0.814967 -0.187439
vt 0.621866 0.525383
vn -0.543715 0.802374 0.246111
v -0.455961 0.872502 0.141517
vt 0.574792 0.519860
vn -0.358488 0.829583 0.428110
v -0.382374 0.839542 0.243611
vt 0.558373 0.519570
vn -0.276706 0.908563 0.312964
v -0.524969 0.843127 0.074074
vt 0.585367 0.524147
vn -0.562131 0.705516 0.431573
v -0.454716 0.797330 0.325569
vt 0.554711 0.534081
vn -0.299856 0.898817 0.319709
v -0.585113 0.833095 0.025691
vt 0.593927 0.526986
vn -0.534523 0.785927 0.310813
v -0.477169 0.848737 0.181543
vt 0.572366 0.525460
vn -0.296318 0.902437 0.312734
v -0.668920 0.809705 0.014548
vt 0.600519 0.534905
vn -0.431046 0.896687 0.100761
v -0.704046 0.683878 0.389151
vt 0.565179 0.569711
vn -0.405726 0.811662 0.420228
v -0.715914 0.772841 0.144498
vt 0.591684 0.546944
vn -0.481654 0.860006 0.168522
v -0.730968 0.769025 -0.048692
vt 0.611032 0.538247
vn -0.582687 0.804665 0.113976
v -0.772359 0.720886 0.210427
vt 0.589441 0.560311
vn -0.515984 0.827194 0.222510
v -0.753129 0.775588 -0.139105
vt 0.621515 0.533959
vn -0.551012 0.809069 0.204433
v -0.844993 0.778219 -0.340604
vt 0.645182 0.525963
vn -0.583352 0.757541 0.292971
v -0.798145 0.719469 -0.035301
vt 0.615228 0.547189
vn -0.563542 0.820733 0.093900
v -0.853308 0.730860 -0.249995
vt 0.639582 0.536721
vn -0.617118 0.759847 0.204445
v -0.789867 0.737915 -0.131921
vt 0.624857 0.539101
vn -0.607569 0.772268 0.185641
v -0.905430 0.650657 -0.026504
vt 0.623438 0.560952
vn -0.756183 0.615874 0.221105
v -0.907005 0.708540 -0.434096
vt 0.660685 0.528725
vn -0.895147 0.436508 0.090404
v -0.909386 0.688330 -0.193597
vt 0.638025 0.547234
vn -0.680594 0.721561 0.127046
v -0.932572 0.685930 -0.400911
vt 0.660456 0.535393
vn -0.794182 0.602683 -0.077765
v -0.930997 0.628799 -0.467768
vt 0.670970 0.532342
vn -0.942142 0.302232 -0.144997
v -0.971289 0.601101 -0.418750
vt 0.668162 0.540917
vn -0.812143 0.514913 -0.274386
v -0.957296 0.631459 -0.327213
vt 0.657420 0.545113
vn -0.811586 0.577863 0.086039
v -0.972204 0.579504 -0.204349
vt 0.651392 0.557183
vn -0.710933 0.700585 0.061278
v -0.977808 0.572247 -0.101278
vt 0.638651 0.568002
vn -0.698305 0.694280 0.174199
v -1.012899 0.571986 -0.356780
vt 0.665568 0.549737
vn -0.787546 0.610923 -0.080902
v -1.026305 0.548712 -0.204886
vt 0.653803 0.564843
vn -0.773261 0.630972 0.062783
v -1.045938 0.513930 -0.374960
vt 0.672969 0.554803
vn -0.878156 0.420922 -0.227304
v -0.908544 0.586790 0.011323
vt 0.621607 0.569589
vn -0.872671 0.435332 0.221206
v -0.889424 0.600379 0.112927
vt 0.610025 0.573281
vn -0.903282 0.420666 0.084391
v -0.863417 0.664882 0.141762
vt 0.603143 0.568276
vn -0.757873 0.645398 0.095345
v -0.871146 0.644354 0.207983
vt 0.597101 0.575387
vn -0.708147 0.702803 0.067787
v -0.904918 0.574415 0.134529
vt 0.610361 0.578332
vn -0.547498 0.834059 -0.067763
v -0.930191 0.569876 -0.023816
vt 0.627680 0.570550
vn -0.687878 0.654425 0.313928
v -0.934953 0.579735 0.228509
vt 0.600961 0.587350
vn -0.552375 0.833564 -0.007248
v -0.992570 0.555275 -0.071124
vt 0.637446 0.572595
vn -0.584655 0.807351 0.079773
v -1.013118 0.564267 0.122604
vt 0.618647 0.589105
vn -0.416927 0.908748 0.018677
v -0.952022 0.562706 0.276257
vt 0.596857 0.593545
vn -0.555958 0.772657 0.306449
v -0.851806 0.637473 0.298934
vt 0.585733 0.580026
vn -0.560508 0.756182 0.337668
v -1.008210 0.536598 -0.081436
vt 0.640772 0.574807
vn -0.628554 0.777222 0.029098
v -0.890046 0.547035 0.392181
vt 0.577340 0.597604
vn -0.587169 0.717318 0.375084
v -0.796460 0.558282 0.494226
vt 0.558663 0.593759
vn -0.423533 0.820312 0.384328
v -1.032788 0.522431 -0.132507
vt 0.648264 0.573129
vn -0.690605 0.723151 -0.010849
v -1.061248 0.525408 -0.008275
vt 0.636667 0.585397
vn -0.648500 0.758970 -0.058416
v -1.057915 0.516821 0.230073
vt 0.609567 0.598749
vn -0.622862 0.753860 0.209137
v -1.088647 0.483572 -0.120289
vt 0.652415 0.581323
vn -0.828704 0.550864 -0.098984
v -1.043703 0.503522 -0.254149
vt 0.662226 0.565301
vn -0.835745 0.548309 0.029777
v -1.072567 0.475361 -0.205033
vt 0.660990 0.573678
vn -0.758023 0.641810 -0.116110
v -1.058904 0.492419 -0.315532
vt 0.670634 0.562631
vn -0.878950 0.474638 -0.046540
v -1.088280 0.440666 -0.246965
vt 0.668467 0.573663
vn -0.956078 0.225827 -0.186860
v -1.068757 0.446015 -0.328483
vt 0.678096 0.568002
vn -0.983688 0.125132 -0.129231
v -1.085093 0.484237 0.084288
vt 0.630869 0.598367
vn -0.898436 0.439092 0.003443
v -1.101686 0.428089 0.020706
vt 0.644587 0.602350
vn -0.979263 0.201735 -0.018612
v -1.092492 0.476807 0.241460
vt 0.613458 0.610071
vn -0.826183 0.550785 0.118561
v -1.107034 0.413141 -0.143308
vt 0.660822 0.586511
vn -0.989328 0.132548 -0.060518
v -1.067402 0.379285 -0.297938
vt 0.680659 0.574670
vn -0.982572 0.040681 -0.181379
v -1.102639 0.353582 -0.218522
vt 0.673609 0.584924
vn -0.982011 0.006802 -0.188703
v -1.119671 0.233971 0.045777
vt 0.656641 0.623880
vn -0.995800 -0.017318 -0.089898
v -1.087841 0.119940 -0.162270
vt 0.693324 0.618112
vn -0.981002 -0.094150 -0.169621
v -1.087255 0.285146 -0.271254
vt 0.686839 0.585855
vn -0.989585 -0.010207 -0.143585
v -1.071248 0.332823 -0.434096
vt 0.696071 0.563775
vn -0.999600 -0.007078 -0.027370
v -1.066706 0.387756 -0.466791
vt 0.692821 0.555734
vn -0.942262 0.315990 -0.110875
v -1.083042 0.252301 -0.330194
vt 0.695979 0.582208
vn -0.989800 -0.082956 -0.115820
v -1.065680 0.088397 -0.266954
vt 0.710109 0.605554
vn -0.969823 -0.163472 -0.180885
v -1.052860 0.136709 -0.386690
vt 0.715465 0.584894
vn -0.981218 -0.155149 -0.114630
v -1.043520 -0.079672 -0.245255
vt 0.732067 0.625864
vn -0.941681 -0.249807 -0.225462
v -1.004657 -0.085338 -0.356634
vt 0.744366 0.608209
vn -0.906856 -0.348663 -0.236741
v -1.050003 0.191383 -0.468941
vt 0.714275 0.570291
vn -0.993065 -0.112868 -0.032916
v -1.040004 0.037048 -0.550753
vt 0.739864 0.577356
vn -0.965678 -0.250183 -0.069813
v -1.079819 0.327850 -0.591121
vt 0.708080 0.547799
vn -0.999921 0.011214 -0.005596
v -0.995060 -0.049921 -0.520696
vt 0.752178 0.580987
vn -0.869342 -0.483296 -0.103289
v -1.063702 0.217780 -0.707191
vt 0.726589 0.541787
vn -0.995987 -0.086960 0.021151
v -1.067439 0.312121 -0.834649
vt 0.723110 0.523934
vn -0.995808 0.086758 -0.028966
v -1.062530 0.324698 -0.744823
vt 0.717296 0.532174
vn -0.994289 0.105652 -0.015088
v -1.071101 0.369773 -0.635496
vt 0.706188 0.540368
vn -0.920278 0.384494 -0.072480
v -1.042788 0.404554 -0.697710
vt 0.706691 0.532311
vn -0.877116 0.480258 0.004577
v -1.001361 0.459141 -0.672541
vt 0.697597 0.529183
vn -0.896518 0.411613 0.163803
v -0.999749 0.450207 -0.528125
vt 0.691569 0.542824
vn -0.806866 0.582268 -0.099661
v -0.964585 0.518296 -0.616827
vt 0.689494 0.530327
vn -0.937482 0.282680 0.203024
v -0.962461 0.520204 -0.493475
vt 0.681056 0.539605
vn -0.878544 0.406981 -0.250054
v -0.950777 0.173804 1.284483
vt 0.469917 0.700069
vn -0.440999 0.846479 0.298316
v -0.888545 0.156023 1.389265
vt 0.453773 0.701228
vn -0.268629 0.807835 0.524635
v -0.953634 0.119478 1.391953
vt 0.456336 0.709468
vn -0.583763 0.537022 0.608957
v -0.893380 0.120258 1.423524
vt 0.448798 0.706432
vn -0.224174 0.501531 0.835591
v -0.880193 0.201936 1.240401
vt 0.470146 0.687755
vn -0.250322 0.949930 0.187009
v -0.933158 -0.039367 1.467460
vt 0.446967 0.728206
vn -0.602374 0.136138 0.786519
v -0.748697 0.181206 1.387456
vt 0.440986 0.685863
vn -0.049100 0.705523 0.706984
v -0.731115 0.122687 1.425821
vt 0.431769 0.691402
vn 0.081250 0.401497 0.912249
v -0.796534 0.029329 1.452847
vt 0.431281 0.709667
vn 0.068786 0.343025 0.936804
v -0.810452 -0.146488 1.530358
vt 0.420951 0.738293
vn -0.107489 0.133822 0.985159
v -0.730126 -0.185491 1.535685
vt 0.403662 0.739544
vn 0.017719 0.211325 0.977255
v -0.413765 -0.326092 1.528989
vt 0.322759 0.732189
vn 0.152147 0.284467 0.946536
v -0.622951 -0.304263 1.561098
vt 0.372656 0.754833
vn 0.005650 0.153144 0.988188
v -0.685293 -0.299840 1.551764
vt 0.386633 0.758495
vn -0.365648 -0.202738 0.908405
v -0.751444 -0.215329 1.532166
vt 0.405829 0.747784
vn -0.323642 -0.192136 0.926466
v -0.772798 -0.236319 1.506850
vt 0.411383 0.754101
vn -0.412489 -0.401638 0.817643
v -0.886054 -0.177569 1.504211
vt 0.430564 0.745586
vn -0.514862 -0.259376 0.817093
v -0.901145 -0.101529 1.498542
vt 0.434424 0.736049
vn -0.473995 0.135834 0.869988
v -0.778879 -0.325023 1.472102
vt 0.410941 0.771756
vn -0.433039 -0.524926 0.732755
v -0.862941 -0.235886 1.482219
vt 0.426947 0.755352
vn -0.397956 -0.392332 0.829281
v -0.917335 -0.178379 1.469023
vt 0.437263 0.747616
vn -0.799561 -0.264445 0.539231
v -0.938799 -0.126683 1.450110
vt 0.444541 0.740856
vn -0.894522 -0.154854 0.419346
v -0.874552 -0.298336 1.447618
vt 0.429892 0.767422
vn -0.597647 -0.542841 0.590034
v -0.919093 -0.257599 1.399576
vt 0.443656 0.763272
vn -0.913233 -0.350396 0.207916
v -0.890962 -0.319038 1.359844
vt 0.442893 0.777127
vn -0.722087 -0.670574 0.170064
v -0.919972 -0.265000 1.309555
vt 0.456580 0.771572
vn -0.951131 -0.291509 0.101840
v -0.848656 -0.330140 1.428069
vt 0.427726 0.775036
vn -0.430265 -0.818699 0.380269
v -0.874333 -0.353473 1.226570
vt 0.462806 0.798337
vn -0.657906 -0.675607 0.332738
v -0.915064 -0.317014 1.229014
vt 0.468101 0.787152
vn -0.738986 -0.575719 0.349924
v -0.937444 -0.202607 1.292645
vt 0.463874 0.761501
vn -0.889801 -0.357885 0.283147
v -0.966124 -0.095487 1.384133
vt 0.455207 0.739498
vn -0.880210 -0.319230 0.351174
v -0.998357 -0.000047 1.381787
vt 0.459297 0.726070
vn -0.884802 -0.009287 0.465875
v -0.988577 -0.165166 1.226717
vt 0.478996 0.756329
vn -0.868434 -0.337673 0.363043
v -1.005243 -0.278878 1.133029
vt 0.496361 0.777401
vn -0.857018 -0.316034 0.406993
v -0.999163 -0.075017 1.330276
vt 0.465202 0.737575
vn -0.904462 -0.300992 0.302246
v -1.038502 -0.113036 1.129364
vt 0.498772 0.746426
vn -0.951470 -0.146179 0.270808
v -1.017734 -0.025229 1.278961
vt 0.473198 0.730419
vn -0.983968 -0.020168 0.177200
v -1.006489 0.044363 1.347772
vt 0.464805 0.720409
vn -0.955173 0.147660 0.256596
v -0.986782 0.107768 1.354419
vt 0.463478 0.712016
vn -0.808975 0.438825 0.391142
v -0.995353 0.128614 1.284581
vt 0.472557 0.708064
vn -0.865714 0.428502 0.258700
v -1.043117 -0.005193 1.125454
vt 0.498817 0.727749
vn -0.967117 0.001626 0.254325
v -1.058428 0.090796 1.077755
vt 0.505394 0.711177
vn -0.985118 0.139533 0.100361
v -0.997881 0.161632 1.222661
vt 0.480583 0.702815
vn -0.734908 0.631198 0.247991
v -1.078940 -0.067326 1.010703
vt 0.520211 0.736828
vn -0.964745 -0.072132 0.253107
v -1.048208 0.137085 1.070278
vt 0.505226 0.703563
vn -0.902690 0.372477 0.215434
v -1.108463 -0.068107 0.894193
vt 0.543664 0.733242
vn -0.979465 -0.042444 0.197094
v -0.980739 0.194881 1.138943
vt 0.489479 0.695506
vn -0.464080 0.870154 0.165717
v -1.103957 0.105282 0.873911
vt 0.541558 0.702785
vn -0.966525 0.057020 0.250157
v -1.106997 -0.203937 0.828802
vt 0.557275 0.757626
vn -0.985814 -0.084356 0.145104
v -1.123517 0.113897 0.798746
vt 0.552422 0.697185
vn -0.912342 0.247517 0.326141
v -1.125788 0.016809 0.784866
vt 0.559228 0.714733
vn -0.978820 -0.068914 0.192774
v -1.122308 -0.104536 0.669333
vt 0.586404 0.729610
vn -0.977020 -0.163504 0.136746
v -1.018356 0.199160 1.037925
vt 0.506233 0.691752
vn -0.542747 0.836454 0.075964
v -0.923378 0.209453 1.115387
vt 0.489967 0.684031
vn -0.219412 0.956887 0.190329
v -0.891658 0.230010 1.078928
vt 0.492958 0.676158
vn -0.205117 0.972802 0.107624
v -0.835873 0.224517 1.120323
vt 0.482628 0.672129
vn -0.248483 0.949018 0.193963
v -1.042165 0.173631 0.932508
vt 0.525017 0.689723
vn -0.377306 0.921353 -0.093536
v -0.829463 0.240794 1.066857
vt 0.489830 0.666316
vn -0.308030 0.938567 0.155592
v -0.726939 0.250538 1.199348
vt 0.462593 0.664668
vn -0.399927 0.897727 0.184783
v -0.686758 0.275460 1.205164
vt 0.458228 0.657725
vn -0.320114 0.917715 0.235215
v -0.750125 0.274361 1.054395
vt 0.484520 0.652781
vn -0.347299 0.803056 0.484236
v -0.665696 0.305009 1.056643
vt 0.476463 0.640574
vn -0.503960 0.677332 0.535953
v -0.663572 0.344069 1.025316
vt 0.480171 0.634836
vn -0.248747 0.755781 0.605739
v -0.648115 0.410395 0.927328
vt 0.492454 0.619150
vn -0.004889 0.854999 0.518607
v -0.788072 0.401634 0.936955
vt 0.504784 0.635172
vn -0.224333 0.811117 0.540151
v -0.735107 0.444020 0.837208
vt 0.512154 0.619516
vn -0.176898 0.912015 0.370049
v -0.852832 0.441331 0.748897
vt 0.532250 0.625208
vn -0.412042 0.864039 0.289238
v -0.872245 0.354420 0.938373
vt 0.512367 0.646189
vn -0.618246 0.544557 0.566771
v -0.836972 0.402906 0.893997
vt 0.514366 0.637034
vn -0.397206 0.846500 0.354493
v -0.929862 0.376712 0.799381
vt 0.532540 0.641749
vn -0.711457 0.607996 0.352377
v -0.811295 0.513786 0.593289
vt 0.548424 0.605310
vn -0.426081 0.840561 0.334532
v -0.836679 0.244929 1.027320
vt 0.496605 0.663569
vn -0.652777 0.613162 0.444876
v -0.878655 0.223215 0.948441
vt 0.510948 0.666590
vn -0.789055 0.575175 0.215789
v -0.885871 0.290610 0.956358
vt 0.512413 0.654810
vn -0.843349 0.107158 0.526573
v -0.896273 0.214657 0.883001
vt 0.522316 0.666484
vn -0.846122 0.483361 0.224589
v -0.966783 0.322732 0.766686
vt 0.538598 0.651621
vn -0.913063 0.054992 0.404095
v -0.923781 0.261178 0.860960
vt 0.525933 0.659052
vn -0.911203 -0.246790 0.329856
v -1.102455 0.142000 0.799137
vt 0.549554 0.691508
vn -0.577548 0.755175 0.310079
v -0.926528 0.221076 0.780761
vt 0.536156 0.662684
vn -0.944996 0.032480 0.325466
v -0.943561 0.214455 0.739758
vt 0.541833 0.664332
vn -0.769115 0.400687 0.497908
v -1.146153 0.170334 0.708235
vt 0.568933 0.684428
vn -0.734008 0.532504 0.421511
v -0.998284 0.247560 0.663957
vt 0.555001 0.659571
vn -0.661887 0.423177 0.618730
v -1.090185 0.167385 0.757938
vt 0.553857 0.683513
vn -0.275985 0.837773 0.471135
v -1.082200 0.260397 0.620266
vt 0.569070 0.661585
vn -0.288802 0.808971 0.512015
v -1.028869 0.282717 0.608683
vt 0.564141 0.654673
vn -0.663697 0.414948 0.622354
v -1.017367 0.362920 0.629405
vt 0.560067 0.641733
vn -0.820969 0.400617 0.406836
v -1.126301 0.286158 0.546030
vt 0.582650 0.655955
vn -0.651426 0.611997 0.448445
v -1.068647 0.347626 0.553165
vt 0.575525 0.646052
vn -0.719940 0.452226 0.526478
v -1.105935 0.377926 0.441835
vt 0.592187 0.635966
vn -0.711878 0.638079 0.293403
v -1.153552 0.279103 0.495154
vt 0.593530 0.656962
vn -0.922777 0.362397 0.130963
v -0.950630 0.393510 0.701686
vt 0.545907 0.637064
vn -0.568261 0.779108 0.264706
v -1.077658 0.441013 0.347317
vt 0.600244 0.620676
vn -0.608789 0.724578 0.323051
v -0.924917 0.450583 0.570026
vt 0.559091 0.619867
vn -0.505773 0.814300 0.284797
v -1.174284 0.138791 0.650860
vt 0.577539 0.686336
vn -0.979278 0.095800 0.178429
v -1.147216 -0.000278 0.667525
vt 0.581445 0.710933
vn -0.966514 -0.178979 0.183895
v -1.167544 0.048237 0.555804
vt 0.598001 0.695140
vn -0.994563 -0.082609 0.063402
v -1.160439 -0.077012 0.540849
vt 0.608957 0.715831
vn -0.973046 -0.200953 0.113138
v -1.174687 0.171520 0.517733
vt 0.595956 0.673182
vn -0.995258 0.089924 -0.037070
v -1.169596 0.016202 0.457376
vt 0.615457 0.693492
vn -0.997196 -0.040785 -0.062736
v -1.143516 -0.155711 0.480884
vt 0.626841 0.728939
vn -0.969035 -0.240761 0.054824
v -1.133333 0.174238 0.222254
vt 0.638437 0.647181
vn -0.988830 -0.073501 -0.129663
v -1.152014 -0.105086 0.335636
vt 0.646464 0.702190
vn -0.989544 -0.072879 -0.124461
v -1.147399 0.064920 0.338178
vt 0.631846 0.675746
vn -0.968536 -0.065280 -0.240160
v -1.109415 -0.237331 0.627303
vt 0.602899 0.753033
vn -0.985977 -0.159851 0.047935
v -1.101137 -0.283389 0.833054
vt 0.563455 0.777020
vn -0.967511 -0.189918 0.166893
v -1.098902 -0.301199 0.469398
vt 0.640436 0.755016
vn -0.952942 -0.301584 -0.030775
v -1.107071 0.025888 0.211795
vt 0.655848 0.669642
vn -0.980343 -0.026591 -0.195503
v -1.125715 -0.240830 0.352546
vt 0.658228 0.730388
vn -0.937433 -0.345063 -0.046377
v -1.129231 -0.201133 0.271761
vt 0.669413 0.714275
vn -0.947315 -0.266163 -0.178192
v -1.080552 -0.309988 0.268633
vt 0.683528 0.735470
vn -0.877053 -0.447537 -0.174611
v -1.121429 -0.112834 0.170352
vt 0.676341 0.688029
vn -0.966047 -0.024333 -0.257219
v -1.077145 -0.212380 0.111510
vt 0.700221 0.697398
vn -0.891563 -0.314354 -0.326031
v -1.076376 -0.111475 0.023052
vt 0.700725 0.668925
vn -0.950662 -0.243063 -0.192776
v -1.042275 -0.332540 0.141615
vt 0.713130 0.722683
vn -0.764338 -0.545997 -0.343037
v -1.044839 -0.194859 0.029552
vt 0.715541 0.683207
vn -0.837797 -0.424069 -0.343892
v -1.018173 -0.368247 0.180761
vt 0.713741 0.736873
vn -0.684570 -0.687365 -0.242679
v -0.975501 -0.359804 0.090055
vt 0.733501 0.721569
vn -0.810313 -0.491188 -0.319572
v -1.048831 -0.387011 0.322245
vt 0.686000 0.759823
vn -0.846262 -0.480393 -0.230353
v -0.975391 -0.394788 0.150216
vt 0.729168 0.740642
vn -0.811498 -0.515966 -0.274318
v -0.998540 -0.231173 -0.026944
vt 0.733944 0.682704
vn -0.870571 -0.462665 -0.167475
v -1.021689 -0.189308 -0.082218
vt 0.730541 0.665232
vn -0.885886 -0.449563 -0.114454
v -0.972168 -0.333060 -0.021910
vt 0.748348 0.697704
vn -0.911434 -0.399108 -0.100007
v -0.976087 -0.272547 -0.162710
vt 0.757916 0.662821
vn -0.892236 -0.428508 -0.142465
v -0.947004 -0.374579 0.003992
vt 0.754299 0.710521
vn -0.889347 -0.439185 -0.127196
v -0.944879 -0.364835 -0.108853
vt 0.768597 0.688960
vn -0.878518 -0.433729 -0.200213
v -0.897958 -0.535939 0.051055
vt 0.783093 0.748959
vn -0.813597 -0.518284 -0.263519
v -0.998906 -0.431565 0.296050
vt 0.701183 0.768948
vn -0.796982 -0.499535 -0.339535
v -0.918946 -0.535939 0.165367
vt 0.754452 0.774441
vn -0.874559 -0.427287 -0.229287
v -0.936345 -0.333465 -0.177763
vt 0.774289 0.668193
vn -0.793869 -0.554582 0.249421
v -1.044949 -0.467127 0.446918
vt 0.664851 0.792950
vn -0.894881 -0.418665 -0.154620
v -0.990628 -0.595961 0.607022
vt 0.634745 0.844480
vn -0.848097 -0.528959 -0.030562
v -1.087145 -0.380303 0.569830
vt 0.626673 0.781949
vn -0.959727 -0.280084 -0.021840
v -1.041762 -0.493409 0.683848
vt 0.606332 0.818418
vn -0.892816 -0.440314 0.094886
v -1.028539 -0.467098 0.818539
vt 0.567880 0.822019
vn -0.887955 -0.404273 0.219316
v -1.049124 -0.362956 0.928354
vt 0.541680 0.796735
vn -0.853621 -0.418364 0.310327
v -0.989017 -0.329417 1.112845
vt 0.497948 0.791135
vn -0.725967 -0.542868 0.422216
v -0.948835 -0.407192 1.050925
vt 0.506554 0.814023
vn -0.684602 -0.567866 0.456998
v -0.878545 -0.416068 1.124819
vt 0.481743 0.817884
vn -0.675894 -0.591184 0.440078
v -0.965575 -0.507171 0.936467
vt 0.537392 0.839139
vn -0.863174 -0.258901 0.433474
v -0.951106 -0.609753 0.908072
vt 0.548440 0.868376
vn -0.883121 -0.401284 0.243041
v -0.888838 -0.678709 0.989737
vt 0.520623 0.893782
vn -0.884929 -0.331682 0.326936
v -0.918360 -0.598997 0.993207
vt 0.520928 0.868544
vn -0.849782 -0.182348 0.494591
v -0.866091 -0.630078 1.065489
vt 0.493141 0.879774
vn -0.888166 -0.005360 0.459491
v -0.911547 -0.463513 1.045011
vt 0.503777 0.834012
vn -0.685977 -0.426692 0.589380
v -0.890156 -0.552853 1.030154
vt 0.505867 0.856611
vn -0.760967 -0.094581 0.641859
v -0.833052 -0.491876 1.101360
vt 0.483253 0.841154
vn -0.719129 -0.368433 0.589161
v -0.816753 -0.546492 1.105808
vt 0.477150 0.855116
vn -0.820774 0.029444 0.570493
v -0.771663 -0.542242 1.187717
vt 0.451514 0.852171
vn -0.922752 -0.032602 0.384014
v -0.811588 -0.494536 1.133274
vt 0.470024 0.843610
vn -0.817692 -0.423043 0.390403
v -0.722178 -0.582372 1.331791
vt 0.408530 0.853986
vn -0.888869 0.012660 0.457986
v -0.760125 -0.503412 1.273780
vt 0.432441 0.836545
vn -0.825311 -0.508860 0.244794
v -0.786131 -0.470828 1.301882
vt 0.430762 0.823789
vn -0.791393 -0.504091 0.345817
v -0.731664 -0.508039 1.353491
vt 0.408820 0.831449
vn -0.786132 -0.318076 0.529928
v -0.834151 -0.393516 1.252961
vt 0.450950 0.808301
vn -0.825585 -0.376532 0.420278
v -0.765692 -0.422747 1.371426
vt 0.417182 0.806744
vn -0.759175 -0.432896 0.486060
v -0.704999 -0.456950 1.398208
vt 0.399252 0.813504
vn -0.567884 -0.417712 0.709242
v -0.802870 -0.363447 1.327393
vt 0.435004 0.796109
vn -0.699309 -0.636223 0.325863
v -0.778402 -0.343931 1.451381
vt 0.412375 0.782361
vn -0.510255 -0.701531 0.497487
v -0.658114 -0.432722 1.449963
vt 0.379492 0.796582
vn -0.663487 -0.413561 0.623500
v -0.671630 -0.489014 1.411306
vt 0.386404 0.820432
vn -0.684873 -0.214080 0.696505
v -1.133883 0.373531 0.347805
vt 0.605753 0.629709
vn -0.914353 0.394862 0.089682
v -1.135824 0.320043 0.185306
vt 0.631907 0.627085
vn -0.992759 0.086942 -0.082885
v -0.983376 0.469752 0.394380
vt 0.586221 0.613214
vn -0.478369 0.815998 0.324516
v -0.924514 0.516330 0.386463
vt 0.582055 0.602655
vn -0.602310 0.713444 0.358078
v -0.873527 0.519366 0.505857
vt 0.565515 0.605875
vn -0.515961 0.798591 0.309897
v -0.714193 0.537118 0.651299
vt 0.534066 0.596948
vn -0.416146 0.823963 0.384589
v -0.732653 0.558282 0.543146
vt 0.548150 0.590356
vn -0.337672 0.868394 0.363139
v -1.109598 0.099036 0.132525
vt 0.660533 0.650004
vn -0.989391 -0.129272 -0.066292
v -1.110587 0.067030 -0.054654
vt 0.687861 0.634607
vn -0.983146 -0.124185 -0.134172
v -1.085423 -0.047116 -0.050354
vt 0.702113 0.649485
vn -0.968170 -0.220155 -0.119071
v -1.004364 -0.188758 -0.247698
vt 0.751171 0.637369
vn -0.903091 -0.375733 -0.207970
v -0.938030 -0.159614 -0.429550
vt 0.766384 0.603204
vn -0.936403 -0.314810 -0.155059
v -0.945319 -0.254621 -0.356682
vt 0.773556 0.624552
vn -0.858968 -0.424948 -0.285646
v -0.928580 -0.221632 -0.461855
vt 0.779934 0.602487
vn -0.899927 -0.396764 -0.180856
v -0.955245 -0.126828 -0.558621
vt 0.768841 0.579461
vn -0.902044 -0.423092 -0.085495
v 0.881348 -0.356479 -0.450370
vt 0.656733 0.159014
vn 0.692813 -0.206925 -0.690791
v 0.886000 -0.262311 -0.451494
vt 0.649317 0.176013
vn 0.658636 -0.097163 -0.746162
v 0.762709 -0.249879 -0.532279
vt 0.681880 0.191394
vn 0.519372 -0.201937 -0.830346
v 0.888894 -0.037228 -0.490836
vt 0.641489 0.223850
vn 0.521073 -0.346759 -0.779898
v 0.957792 -0.193847 -0.403111
vt 0.622568 0.186831
vn 0.532236 -0.260509 -0.805519
v 1.039584 -0.104999 -0.393043
vt 0.605051 0.204623
vn 0.577467 -0.329561 -0.746942
v 0.796590 -0.046220 -0.565267
vt 0.661601 0.231968
vn 0.560019 -0.297972 -0.773040
v 1.108079 0.004811 -0.380043
vt 0.590570 0.223651
vn 0.809134 -0.264193 -0.524885
v 1.031379 0.058039 -0.467084
vt 0.609201 0.239048
vn 0.535460 -0.439597 -0.721136
v 1.144232 -0.022251 -0.238755
vt 0.561654 0.217670
vn 0.966467 -0.181778 -0.181378
v 1.122218 0.101841 -0.400227
vt 0.588525 0.244419
vn 0.851451 -0.297828 -0.431660
v 1.163682 0.089553 -0.140327
vt 0.541588 0.234363
vn 0.989192 -0.118364 -0.086536
v 1.164854 0.173920 -0.301311
vt 0.561120 0.248371
vn 0.980670 -0.129613 -0.146586
v 1.195951 0.123757 0.111852
vt 0.494072 0.241688
vn 0.993001 -0.103364 -0.057136
v 1.196830 0.255135 -0.031685
vt 0.522103 0.263996
vn 0.995410 -0.032439 -0.090035
v 1.207563 0.184357 0.282513
vt 0.465293 0.261463
vn 0.993960 -0.109689 -0.003304
v 1.197270 0.363296 0.007902
vt 0.516899 0.282719
vn 0.996388 0.013592 -0.083823
v 1.157601 0.260657 -0.426178
vt 0.584115 0.270863
vn 0.969179 -0.124434 -0.212622
v 1.110314 0.217953 -0.524020
vt 0.601160 0.269383
vn 0.792995 -0.366630 -0.486560
v 1.170421 0.526623 -0.265585
vt 0.556329 0.304448
vn 0.989485 0.122271 -0.077263
v 1.133500 0.400622 -0.581835
vt 0.598413 0.294957
vn 0.910469 -0.093415 -0.402889
v 1.225767 0.388219 0.278603
vt 0.477501 0.293202
vn 0.999776 -0.005934 -0.020331
v 1.189578 0.568488 0.022123
vt 0.512581 0.308614
vn 0.974640 0.213792 -0.066112
v 1.210529 0.238019 0.402737
vt 0.448493 0.278569
vn 0.990368 -0.133864 0.035370
v 1.220053 0.495484 0.350884
vt 0.472480 0.312062
vn 0.993105 0.116854 -0.009394
v 1.188955 0.181119 0.492271
vt 0.428946 0.276280
vn 0.945369 -0.271510 0.180443
v 1.221701 0.298214 0.495447
vt 0.439368 0.294957
vn 0.992296 -0.104060 0.067226
v 1.209431 0.559757 0.502876
vt 0.457130 0.329198
vn 0.987139 0.131130 0.091445
v 1.167637 0.604571 -0.144921
vt 0.540978 0.313832
vn 0.940029 0.322646 -0.110652
v 1.080791 0.764283 -0.124737
vt 0.541894 0.338491
vn 0.869326 0.477287 -0.128337
v 1.110387 0.700878 -0.241394
vt 0.554879 0.327184
vn 0.878354 0.473615 -0.064685
v 1.086908 0.734330 -0.268909
vt 0.558770 0.332158
vn 0.808461 0.565493 -0.163121
v 1.152034 0.619576 -0.316803
vt 0.564172 0.317327
vn 0.936568 0.349872 -0.020744
v 1.129544 0.612724 -0.470701
vt 0.582101 0.318090
vn 0.868671 0.451774 -0.203252
v 1.153572 0.506153 -0.505839
vt 0.585702 0.304585
vn 0.973290 0.081985 -0.214439
v 1.097567 0.623017 -0.564681
vt 0.593317 0.320073
vn 0.820505 0.450082 -0.352416
v 1.014457 0.710737 -0.605245
vt 0.596796 0.333822
vn 0.751926 0.557230 -0.352281
v 1.081560 0.525987 -0.654410
vt 0.603662 0.312352
vn 0.737213 0.272411 -0.618312
v 1.018449 0.672168 -0.634323
vt 0.601953 0.328771
vn 0.736032 0.358963 -0.573936
v 0.947390 0.632038 -0.746875
vt 0.615793 0.330434
vn 0.892273 0.202277 -0.403650
v 0.985374 0.558369 -0.688913
vt 0.611658 0.320912
vn 0.705465 0.327264 -0.628663
v 1.038851 0.485422 -0.710270
vt 0.613245 0.310781
vn 0.671080 0.309284 -0.673791
v 1.072733 0.442025 -0.681827
vt 0.610529 0.304097
vn 0.770850 -0.075177 -0.632566
v 0.961492 0.503204 -0.788661
vt 0.623713 0.317281
vn 0.825657 0.178760 -0.535104
v 1.041782 0.296508 -0.653677
vt 0.616922 0.286320
vn 0.597000 -0.428337 -0.678320
v 0.969367 0.454371 -0.784262
vt 0.625010 0.312505
vn 0.673061 -0.161657 -0.721704
v 0.935815 0.592688 -0.813683
vt 0.623835 0.328527
vn 0.887841 0.206381 -0.411273
v 0.854390 0.690817 -0.900382
vt 0.629984 0.343481
vn 0.734023 0.276911 -0.620106
v 0.903362 0.584419 -0.870912
vt 0.630533 0.330449
vn 0.714759 0.028837 -0.698776
v 0.772965 0.778624 -0.931953
vt 0.633448 0.354589
vn 0.636756 0.311249 -0.705455
v 0.783807 0.720134 -0.953603
vt 0.636530 0.349432
vn 0.493315 0.162539 -0.854530
v 0.691576 0.839918 -0.978479
vt 0.638834 0.364569
vn 0.683641 0.152160 -0.713780
v 0.839555 0.573056 -0.907615
vt 0.637720 0.332708
vn 0.439520 -0.155140 -0.884733
v 0.877466 0.498404 -0.871596
vt 0.636851 0.323751
vn 0.497640 -0.264054 -0.826215
v 0.758716 0.552008 -0.936107
vt 0.648142 0.335363
vn 0.403033 -0.203649 -0.892240
v 0.670881 0.715248 -0.998614
vt 0.646662 0.355047
vn 0.348615 0.128053 -0.928477
v 0.563009 0.597776 -1.057261
vt 0.664179 0.354635
vn 0.696234 -0.013554 -0.717687
v 0.637622 0.519250 -0.995340
vt 0.662287 0.341756
vn 0.570765 -0.203923 -0.795389
v 0.776115 0.375700 -0.863972
vt 0.652750 0.313375
vn 0.407611 -0.483563 -0.774610
v 0.910468 0.430691 -0.821356
vt 0.634958 0.312688
vn 0.505299 -0.396691 -0.766361
v 0.746812 0.274911 -0.805033
vt 0.659175 0.299870
vn 0.384507 -0.552282 -0.739689
v 1.063942 0.212952 -0.571083
vt 0.610849 0.270909
vn 0.543447 -0.521908 -0.657478
v 0.946437 0.193493 -0.612820
vt 0.629236 0.271534
vn 0.389416 -0.589033 -0.708092
v 0.975850 0.131389 -0.555884
vt 0.623667 0.257527
vn 0.410678 -0.534095 -0.738976
v 0.874389 0.072639 -0.574407
vt 0.642802 0.249882
vn 0.474212 -0.470860 -0.743918
v 0.797103 0.092416 -0.632759
vt 0.658122 0.259999
vn 0.478028 -0.471772 -0.740892
v 0.753771 -0.020777 -0.597279
vt 0.670436 0.241596
vn 0.643930 -0.298838 -0.704309
v 0.731464 -0.044485 -0.635350
vt 0.678828 0.242466
vn 0.821765 -0.410257 -0.395463
v 0.693004 -0.089762 -0.658857
vt 0.689952 0.238575
vn 0.811559 -0.244263 -0.530760
v 0.685202 -0.159585 -0.621079
vt 0.693904 0.222461
vn 0.851086 -0.151066 -0.502824
v -1.009748 0.348348 -1.088978
vt 0.731197 0.497749
vn -0.538825 -0.376329 -0.753686
v -1.019199 0.262074 -1.079693
vt 0.737819 0.502724
vn 0.204379 -0.304166 -0.930437
v -1.024473 0.207256 -1.061512
vt 0.741344 0.505791
vn -0.590992 -0.099662 -0.800497
v -0.897958 -0.535939 0.051055
vt 0.783093 0.748959
vn -0.813598 -0.518137 -0.263802
v -0.828291 -0.661882 0.113416
vt 0.802609 0.794400
vn -0.836879 -0.442011 -0.322894
v -0.851037 -0.608076 0.088980
vt 0.792691 0.772442
vn -0.232761 -0.520911 -0.821264
v 1.028632 0.098227 1.011045
vt 0.335637 0.335943
vn 0.930575 -0.142891 0.337066
v 1.095333 0.186728 0.944384
vt 0.360235 0.331868
vn 0.906804 -0.180613 0.380901
v 1.034310 0.020452 0.966621
vt 0.327291 0.314595
vn 0.982857 -0.053891 0.176320
v 1.085846 0.019614 0.766882
vt 0.361166 0.282643
vn 0.949322 -0.255480 0.183081
v 1.051745 -0.087565 0.886862
vt 0.319844 0.285008
vn 0.990391 -0.053686 0.127449
v 1.031928 -0.195957 0.974831
vt 0.283146 0.281178
vn 0.999793 -0.015457 -0.013264
v 1.055481 -0.169040 0.811648
vt 0.319753 0.254673
vn 0.987096 -0.046335 0.153278
v 1.067312 -0.084587 0.728175
vt 0.350393 0.256458
vn 0.974632 -0.083881 0.207500
v 1.114782 -0.021413 0.596270
vt 0.386221 0.250217
vn 0.965681 -0.085705 0.245185
v 1.132291 0.064110 0.546225
vt 0.407980 0.259358
vn 0.937431 -0.162818 0.307755
v 1.111632 0.078017 0.636882
vt 0.391394 0.272023
vn 0.937448 -0.329752 0.111598
v 1.143609 0.118813 0.567533
vt 0.408347 0.272526
vn 0.911083 -0.367784 0.186177
v 1.146576 0.129221 0.710630
vt 0.390661 0.293858
vn 0.921783 -0.365265 0.129991
v 1.193900 0.246606 0.607706
vt 0.417304 0.297002
vn 0.959418 -0.229602 0.163707
v 1.122694 0.237759 0.899520
vt 0.377554 0.332433
vn 0.923719 -0.147873 0.353379
v 1.191409 0.348435 0.679596
vt 0.420096 0.318746
vn 0.972730 0.008627 0.231780
v 1.110314 0.314868 0.959290
vt 0.381247 0.348150
vn 0.766350 -0.111890 0.632605
v 1.099948 0.401548 0.960854
vt 0.391531 0.356573
vn 0.653896 0.156294 0.740265
v 1.113574 0.450410 0.925031
vt 0.401160 0.355734
vn 0.877167 0.201872 0.435691
v 1.185842 0.504967 0.619191
vt 0.438926 0.333852
vn 0.956407 0.108067 0.271306
v 1.126540 0.524078 0.790926
vt 0.422065 0.350134
vn 0.957582 0.108891 0.266793
v 1.098336 0.522402 0.911542
vt 0.409979 0.362799
vn 0.864680 0.182835 0.467868
f 3/3/3 2/2/2 1/1/1
f 1/1/1 2/2/2 4/4/4
f 3/3/3 5/5/5 2/2/2
f 4/4/4 6/6/6 1/1/1
f 5/5/5 7/7/7 2/2/2
f 7/7/7 6/6/6 2/2/2
f 5/5/5 8/8/8 7/7/7
f 8/8/8 5/5/5 3/3/3
f 7/7/7 9/9/9 6/6/6
f 9/9/9 7/7/7 8/8/8
f 1/1/1 6/6/6 10/10/10
f 8/8/8 11/11/11 9/9/9
f 12/12/12 6/6/6 9/9/9
f 12/12/12 13/13/13 6/6/6
f 6/6/6 13/13/13 10/10/10
f 9/9/9 14/14/14 12/12/12
f 9/9/9 11/11/11 14/14/14
f 15/15/15 13/13/13 12/12/12
f 12/12/12 14/14/14 15/15/15
f 15/15/15 16/16/16 13/13/13
f 15/15/15 14/14/14 17/17/17
f 17/17/17 16/16/16 15/15/15
f 18/18/18 17/17/17 14/14/14
f 11/11/11 18/18/18 14/14/14
f 19/19/19 17/17/17 18/18/18
f 10/10/10 13/13/13 20/20/20
f 13/13/13 16/16/16 20/20/20
f 17/17/17 21/21/21 16/16/16
f 19/19/19 21/21/21 17/17/17
f 16/16/16 22/22/22 20/20/20
f 21/21/21 23/23/23 16/16/16
f 16/16/16 23/23/23 22/22/22
f 20/20/20 22/22/22 24/24/24
f 20/20/20 24/24/24 10/10/10
f 22/22/22 23/23/23 25/25/25
f 22/22/22 26/26/26 24/24/24
f 25/25/25 26/26/26 22/22/22
f 27/27/27 23/23/23 21/21/21
f 28/28/28 25/25/25 23/23/23
f 28/28/28 23/23/23 27/27/27
f 21/21/21 29/29/29 27/27/27
f 29/29/29 21/21/21 19/19/19
f 30/30/30 28/28/28 27/27/27
f 25/25/25 28/28/28 30/30/30
f 29/29/29 31/31/31 27/27/27
f 30/30/30 27/27/27 31/31/31
f 29/29/29 19/19/19 32/32/32
f 32/32/32 31/31/31 29/29/29
f 19/19/19 33/33/33 32/32/32
f 18/18/18 33/33/33 19/19/19
f 34/34/34 33/33/33 18/18/18
f 11/11/11 34/34/34 18/18/18
f 34/34/34 35/35/35 33/33/33
f 33/33/33 35/35/35 32/32/32
f 34/34/34 11/11/11 36/36/36
f 36/36/36 35/35/35 34/34/34
f 35/35/35 37/37/37 32/32/32
f 36/36/36 11/11/11 38/38/38
f 11/11/11 8/8/8 38/38/38
f 39/39/39 35/35/35 36/36/36
f 37/37/37 35/35/35 40/40/40
f 35/35/35 39/39/39 40/40/40
f 41/41/41 39/39/39 36/36/36
f 40/40/40 39/39/39 41/41/41
f 38/38/38 42/42/42 36/36/36
f 43/43/43 36/36/36 42/42/42
f 43/43/43 41/41/41 36/36/36
f 38/38/38 44/44/44 42/42/42
f 44/44/44 43/43/43 42/42/42
f 45/45/45 44/44/44 38/38/38
f 43/43/43 44/44/44 45/45/45
f 38/38/38 8/8/8 46/46/46
f 46/46/46 8/8/8 3/3/3
f 47/47/47 38/38/38 46/46/46
f 38/38/38 47/47/47 45/45/45
f 3/3/3 48/48/48 46/46/46
f 49/49/49 47/47/47 46/46/46
f 48/48/48 49/49/49 46/46/46
f 47/47/47 49/49/49 50/50/50
f 51/51/51 48/48/48 3/3/3
f 48/48/48 52/52/52 49/49/49
f 48/48/48 51/51/51 52/52/52
f 53/53/53 49/49/49 52/52/52
f 49/49/49 53/53/53 50/50/50
f 54/54/54 47/47/47 50/50/50
f 47/47/47 54/54/54 45/45/45
f 51/51/51 3/3/3 55/55/55
f 55/55/55 3/3/3 1/1/1
f 52/52/52 51/51/51 56/56/56
f 51/51/51 55/55/55 56/56/56
f 56/56/56 57/57/57 52/52/52
f 52/52/52 57/57/57 53/53/53
f 57/57/57 56/56/56 58/58/58
f 53/53/53 57/57/57 59/59/59
f 59/59/59 57/57/57 58/58/58
f 53/53/53 59/59/59 60/60/60
f 58/58/58 56/56/56 61/61/61
f 55/55/55 61/61/61 56/56/56
f 58/58/58 62/62/62 59/59/59
f 62/62/62 63/63/63 59/59/59
f 63/63/63 60/60/60 59/59/59
f 64/64/64 62/62/62 58/58/58
f 58/58/58 61/61/61 65/65/65
f 58/58/58 65/65/65 64/64/64
f 62/62/62 66/66/66 63/63/63
f 66/66/66 62/62/62 64/64/64
f 61/61/61 67/67/67 65/65/65
f 64/64/64 65/65/65 68/68/68
f 67/67/67 68/68/68 65/65/65
f 69/69/69 64/64/64 68/68/68
f 70/70/70 63/63/63 66/66/66
f 70/70/70 60/60/60 63/63/63
f 66/66/66 64/64/64 71/71/71
f 71/71/71 64/64/64 69/69/69
f 71/71/71 72/72/72 66/66/66
f 73/73/73 69/69/69 68/68/68
f 73/73/73 68/68/68 67/67/67
f 73/73/73 74/74/74 69/69/69
f 73/73/73 67/67/67 75/75/75
f 74/74/74 73/73/73 75/75/75
f 74/74/74 76/76/76 69/69/69
f 75/75/75 76/76/76 74/74/74
f 77/77/77 71/71/71 69/69/69
f 77/77/77 69/69/69 76/76/76
f 71/71/71 77/77/77 78/78/78
f 78/78/78 72/72/72 71/71/71
f 79/79/79 66/66/66 72/72/72
f 66/66/66 79/79/79 80/80/80
f 81/81/81 79/79/79 72/72/72
f 81/81/81 80/80/80 79/79/79
f 78/78/78 82/82/82 72/72/72
f 81/81/81 72/72/72 82/82/82
f 78/78/78 83/83/83 82/82/82
f 77/77/77 83/83/83 78/78/78
f 81/81/81 82/82/82 84/84/84
f 84/84/84 82/82/82 83/83/83
f 70/70/70 66/66/66 80/80/80
f 77/77/77 85/85/85 83/83/83
f 84/84/84 83/83/83 85/85/85
f 86/86/86 80/80/80 81/81/81
f 86/86/86 81/81/81 87/87/87
f 81/81/81 84/84/84 87/87/87
f 88/88/88 80/80/80 86/86/86
f 86/86/86 87/87/87 89/89/89
f 89/89/89 88/88/88 86/86/86
f 88/88/88 90/90/90 80/80/80
f 70/70/70 80/80/80 90/90/90
f 91/91/91 87/87/87 84/84/84
f 88/88/88 92/92/92 90/90/90
f 90/90/90 93/93/93 70/70/70
f 92/92/92 93/93/93 90/90/90
f 93/93/93 94/94/94 70/70/70
f 70/70/70 94/94/94 60/60/60
f 93/93/93 95/95/95 94/94/94
f 95/95/95 93/93/93 92/92/92
f 60/60/60 94/94/94 96/96/96
f 97/97/97 92/92/92 88/88/88
f 89/89/89 97/97/97 88/88/88
f 98/98/98 92/92/92 97/97/97
f 99/99/99 97/97/97 89/89/89
f 99/99/99 98/98/98 97/97/97
f 89/89/89 100/100/100 99/99/99
f 94/94/94 101/101/101 96/96/96
f 102/102/102 98/98/98 99/99/99
f 96/96/96 103/103/103 60/60/60
f 101/101/101 103/103/103 96/96/96
f 104/104/104 60/60/60 103/103/103
f 104/104/104 53/53/53 60/60/60
f 104/104/104 50/50/50 53/53/53
f 99/99/99 105/105/105 102/102/102
f 100/100/100 105/105/105 99/99/99
f 50/50/50 104/104/104 106/106/106
f 54/54/54 50/50/50 106/106/106
f 107/107/107 104/104/104 103/103/103
f 104/104/104 107/107/107 106/106/106
f 106/106/106 108/108/108 54/54/54
f 107/107/107 108/108/108 106/106/106
f 108/108/108 109/109/109 54/54/54
f 108/108/108 107/107/107 110/110/110
f 110/110/110 109/109/109 108/108/108
f 111/111/111 107/107/107 103/103/103
f 103/103/103 101/101/101 111/111/111
f 109/109/109 112/112/112 54/54/54
f 112/112/112 45/45/45 54/54/54
f 113/113/113 112/112/112 109/109/109
f 112/112/112 114/114/114 45/45/45
f 112/112/112 113/113/113 114/114/114
f 113/113/113 109/109/109 115/115/115
f 115/115/115 109/109/109 110/110/110
f 116/116/116 114/114/114 113/113/113
f 45/45/45 114/114/114 117/117/117
f 43/43/43 45/45/45 117/117/117
f 117/117/117 114/114/114 118/118/118
f 116/116/116 118/118/118 114/114/114
f 43/43/43 117/117/117 119/119/119
f 120/120/120 113/113/113 115/115/115
f 120/120/120 116/116/116 113/113/113
f 119/119/119 121/121/121 43/43/43
f 121/121/121 41/41/41 43/43/43
f 122/122/122 119/119/119 117/117/117
f 122/122/122 117/117/117 118/118/118
f 119/119/119 123/123/123 121/121/121
f 123/123/123 119/119/119 122/122/122
f 121/121/121 124/124/124 41/41/41
f 123/123/123 124/124/124 121/121/121
f 125/125/125 41/41/41 124/124/124
f 125/125/125 40/40/40 41/41/41
f 122/122/122 118/118/118 126/126/126
f 118/118/118 116/116/116 126/126/126
f 122/122/122 127/127/127 123/123/123
f 127/127/127 122/122/122 126/126/126
f 128/128/128 124/124/124 123/123/123
f 127/127/127 128/128/128 123/123/123
f 124/124/124 128/128/128 129/129/129
f 124/124/124 129/129/129 125/125/125
f 128/128/128 127/127/127 130/130/130
f 128/128/128 130/130/130 129/129/129
f 130/130/130 127/127/127 131/131/131
f 127/127/127 126/126/126 131/131/131
f 130/130/130 132/132/132 129/129/129
f 133/133/133 130/130/130 131/131/131
f 133/133/133 132/132/132 130/130/130
f 131/131/131 134/134/134 133/133/133
f 134/134/134 131/131/131 126/126/126
f 125/125/125 129/129/129 135/135/135
f 135/135/135 40/40/40 125/125/125
f 40/40/40 135/135/135 37/37/37
f 135/135/135 129/129/129 136/136/136
f 136/136/136 129/129/129 132/132/132
f 135/135/135 137/137/137 37/37/37
f 137/137/137 135/135/135 136/136/136
f 37/37/37 137/137/137 32/32/32
f 138/138/138 137/137/137 136/136/136
f 139/139/139 32/32/32 137/137/137
f 138/138/138 139/139/139 137/137/137
f 139/139/139 31/31/31 32/32/32
f 139/139/139 140/140/140 31/31/31
f 139/139/139 138/138/138 140/140/140
f 140/140/140 141/141/141 31/31/31
f 136/136/136 142/142/142 138/138/138
f 136/136/136 132/132/132 142/142/142
f 31/31/31 141/141/141 30/30/30
f 142/142/142 132/132/132 143/143/143
f 30/30/30 141/141/141 144/144/144
f 143/143/143 132/132/132 145/145/145
f 145/145/145 132/132/132 133/133/133
f 133/133/133 146/146/146 145/145/145
f 146/146/146 143/143/143 145/145/145
f 146/146/146 133/133/133 134/134/134
f 143/143/143 147/147/147 142/142/142
f 147/147/147 148/148/148 142/142/142
f 138/138/138 142/142/142 148/148/148
f 143/143/143 149/149/149 147/147/147
f 150/150/150 148/148/148 147/147/147
f 147/147/147 149/149/149 150/150/150
f 138/138/138 148/148/148 151/151/151
f 138/138/138 151/151/151 140/140/140
f 151/151/151 148/148/148 152/152/152
f 148/148/148 150/150/150 152/152/152
f 140/140/140 151/151/151 153/153/153
f 141/141/141 140/140/140 153/153/153
f 152/152/152 154/154/154 151/151/151
f 154/154/154 153/153/153 151/151/151
f 155/155/155 141/141/141 153/153/153
f 154/154/154 155/155/155 153/153/153
f 152/152/152 150/150/150 156/156/156
f 152/152/152 157/157/157 154/154/154
f 156/156/156 157/157/157 152/152/152
f 154/154/154 157/157/157 155/155/155
f 141/141/141 155/155/155 144/144/144
f 150/150/150 158/158/158 156/156/156
f 156/156/156 158/158/158 157/157/157
f 150/150/150 159/159/159 158/158/158
f 150/150/150 149/149/149 159/159/159
f 158/158/158 160/160/160 157/157/157
f 159/159/159 149/149/149 161/161/161
f 160/160/160 162/162/162 157/157/157
f 161/161/161 149/149/149 163/163/163
f 149/149/149 143/143/143 163/163/163
f 164/164/164 159/159/159 161/161/161
f 161/161/161 163/163/163 164/164/164
f 146/146/146 163/163/163 143/143/143
f 157/157/157 162/162/162 165/165/165
f 157/157/157 165/165/165 166/166/166
f 157/157/157 166/166/166 155/155/155
f 166/166/166 165/165/165 167/167/167
f 165/165/165 162/162/162 167/167/167
f 166/166/166 168/168/168 155/155/155
f 166/166/166 167/167/167 168/168/168
f 155/155/155 168/168/168 144/144/144
f 167/167/167 169/169/169 168/168/168
f 168/168/168 169/169/169 144/144/144
f 162/162/162 170/170/170 167/167/167
f 167/167/167 170/170/170 169/169/169
f 170/170/170 162/162/162 171/171/171
f 172/172/172 171/171/171 162/162/162
f 162/162/162 160/160/160 172/172/172
f 171/171/171 173/173/173 170/170/170
f 172/172/172 174/174/174 171/171/171
f 171/171/171 174/174/174 173/173/173
f 170/170/170 173/173/173 175/175/175
f 170/170/170 175/175/175 169/169/169
f 176/176/176 172/172/172 160/160/160
f 160/160/160 158/158/158 176/176/176
f 176/176/176 177/177/177 172/172/172
f 174/174/174 172/172/172 177/177/177
f 158/158/158 178/178/178 176/176/176
f 176/176/176 178/178/178 177/177/177
f 159/159/159 178/178/178 158/158/158
f 159/159/159 179/179/179 178/178/178
f 164/164/164 179/179/179 159/159/159
f 180/180/180 177/177/177 178/178/178
f 177/177/177 180/180/180 181/181/181
f 182/182/182 178/178/178 179/179/179
f 182/182/182 180/180/180 178/178/178
f 164/164/164 183/183/183 179/179/179
f 183/183/183 182/182/182 179/179/179
f 181/181/181 184/184/184 177/177/177
f 184/184/184 174/174/174 177/177/177
f 185/185/185 181/181/181 180/180/180
f 181/181/181 185/185/185 184/184/184
f 180/180/180 182/182/182 185/185/185
f 186/186/186 174/174/174 184/184/184
f 184/184/184 185/185/185 187/187/187
f 184/184/184 187/187/187 186/186/186
f 185/185/185 188/188/188 187/187/187
f 182/182/182 188/188/188 185/185/185
f 189/189/189 186/186/186 187/187/187
f 174/174/174 186/186/186 190/190/190
f 189/189/189 190/190/190 186/186/186
f 173/173/173 174/174/174 190/190/190
f 182/182/182 191/191/191 188/188/188
f 188/188/188 192/192/192 187/187/187
f 191/191/191 192/192/192 188/188/188
f 187/187/187 192/192/192 189/189/189
f 182/182/182 193/193/193 191/191/191
f 194/194/194 192/192/192 191/191/191
f 182/182/182 183/183/183 193/193/193
f 193/193/193 183/183/183 195/195/195
f 195/195/195 183/183/183 196/196/196
f 197/197/197 196/196/196 183/183/183
f 194/194/194 198/198/198 192/192/192
f 192/192/192 199/199/199 189/189/189
f 199/199/199 192/192/192 198/198/198
f 199/199/199 190/190/190 189/189/189
f 190/190/190 199/199/199 200/200/200
f 199/199/199 198/198/198 200/200/200
f 173/173/173 190/190/190 200/200/200
f 201/201/201 200/200/200 198/198/198
f 201/201/201 198/198/198 202/202/202
f 202/202/202 203/203/203 201/201/201
f 200/200/200 204/204/204 173/173/173
f 175/175/175 173/173/173 204/204/204
f 175/175/175 204/204/204 169/169/169
f 205/205/205 204/204/204 200/200/200
f 205/205/205 200/200/200 201/201/201
f 201/201/201 203/203/203 206/206/206
f 201/201/201 206/206/206 205/205/205
f 206/206/206 203/203/203 207/207/207
f 208/208/208 206/206/206 207/207/207
f 205/205/205 206/206/206 208/208/208
f 207/207/207 209/209/209 208/208/208
f 207/207/207 210/210/210 209/209/209
f 211/211/211 205/205/205 208/208/208
f 211/211/211 208/208/208 209/209/209
f 210/210/210 212/212/212 209/209/209
f 209/209/209 212/212/212 211/211/211
f 212/212/212 210/210/210 213/213/213
f 212/212/212 213/213/213 214/214/214
f 211/211/211 212/212/212 214/214/214
f 214/214/214 213/213/213 215/215/215
f 211/211/211 216/216/216 205/205/205
f 214/214/214 216/216/216 211/211/211
f 214/214/214 215/215/215 217/217/217
f 218/218/218 217/217/217 215/215/215
f 218/218/218 219/219/219 217/217/217
f 220/220/220 214/214/214 217/217/217
f 216/216/216 214/214/214 220/220/220
f 219/219/219 221/221/221 217/217/217
f 219/219/219 222/222/222 221/221/221
f 220/220/220 217/217/217 223/223/223
f 221/221/221 223/223/223 217/217/217
f 221/221/221 222/222/222 224/224/224
f 225/225/225 220/220/220 223/223/223
f 216/216/216 220/220/220 225/225/225
f 223/223/223 221/221/221 226/226/226
f 221/221/221 224/224/224 227/227/227
f 221/221/221 227/227/227 226/226/226
f 224/224/224 228/228/228 227/227/227
f 229/229/229 228/228/228 224/224/224
f 229/229/229 230/230/230 228/228/228
f 231/231/231 230/230/230 229/229/229
f 227/227/227 228/228/228 232/232/232
f 230/230/230 233/233/233 228/228/228
f 233/233/233 232/232/232 228/228/228
f 230/230/230 234/234/234 233/233/233
f 230/230/230 235/235/235 234/234/234
f 232/232/232 233/233/233 236/236/236
f 234/234/234 237/237/237 233/233/233
f 236/236/236 233/233/233 237/237/237
f 234/234/234 238/238/238 237/237/237
f 235/235/235 239/239/239 234/234/234
f 234/234/234 239/239/239 238/238/238
f 235/235/235 240/240/240 239/239/239
f 239/239/239 241/241/241 238/238/238
f 241/241/241 237/237/237 238/238/238
f 241/241/241 239/239/239 240/240/240
f 240/240/240 235/235/235 242/242/242
f 243/243/243 237/237/237 241/241/241
f 243/243/243 236/236/236 237/237/237
f 241/241/241 240/240/240 244/244/244
f 243/243/243 241/241/241 244/244/244
f 242/242/242 245/245/245 240/240/240
f 242/242/242 246/246/246 245/245/245
f 247/247/247 244/244/244 240/240/240
f 240/240/240 245/245/245 247/247/247
f 245/245/245 246/246/246 248/248/248
f 248/248/248 246/246/246 249/249/249
f 250/250/250 245/245/245 248/248/248
f 247/247/247 245/245/245 250/250/250
f 251/251/251 248/248/248 249/249/249
f 252/252/252 250/250/250 248/248/248
f 248/248/248 251/251/251 252/252/252
f 249/249/249 253/253/253 251/251/251
f 250/250/250 252/252/252 254/254/254
f 254/254/254 247/247/247 250/250/250
f 255/255/255 251/251/251 253/253/253
f 255/255/255 253/253/253 256/256/256
f 256/256/256 257/257/257 255/255/255
f 255/255/255 258/258/258 251/251/251
f 255/255/255 257/257/257 259/259/259
f 260/260/260 259/259/259 257/257/257
f 258/258/258 261/261/261 251/251/251
f 251/251/251 261/261/261 252/252/252
f 255/255/255 262/262/262 258/258/258
f 259/259/259 262/262/262 255/255/255
f 258/258/258 262/262/262 261/261/261
f 260/260/260 263/263/263 259/259/259
f 263/263/263 262/262/262 259/259/259
f 260/260/260 264/264/264 263/263/263
f 265/265/265 263/263/263 264/264/264
f 262/262/262 263/263/263 266/266/266
f 266/266/266 261/261/261 262/262/262
f 267/267/267 263/263/263 265/265/265
f 268/268/268 267/267/267 265/265/265
f 267/267/267 268/268/268 269/269/269
f 270/270/270 267/267/267 269/269/269
f 267/267/267 271/271/271 263/263/263
f 270/270/270 271/271/271 267/267/267
f 266/266/266 263/263/263 271/271/271
f 272/272/272 271/271/271 270/270/270
f 272/272/272 273/273/273 271/271/271
f 266/266/266 271/271/271 274/274/274
f 273/273/273 274/274/274 271/271/271
f 272/272/272 275/275/275 273/273/273
f 275/275/275 272/272/272 276/276/276
f 277/277/277 275/275/275 276/276/276
f 273/273/273 278/278/278 274/274/274
f 279/279/279 273/273/273 275/275/275
f 279/279/279 278/278/278 273/273/273
f 280/280/280 275/275/275 277/277/277
f 280/280/280 279/279/279 275/275/275
f 280/280/280 277/277/277 281/281/281
f 277/277/277 282/282/282 281/281/281
f 283/283/283 281/281/281 282/282/282
f 284/284/284 281/281/281 283/283/283
f 285/285/285 284/284/284 283/283/283
f 281/281/281 286/286/286 280/280/280
f 284/284/284 286/286/286 281/281/281
f 280/280/280 287/287/287 279/279/279
f 287/287/287 280/280/280 286/286/286
f 285/285/285 288/288/288 284/284/284
f 288/288/288 285/285/285 289/289/289
f 290/290/290 286/286/286 284/284/284
f 286/286/286 291/291/291 287/287/287
f 290/290/290 291/291/291 286/286/286
f 279/279/279 287/287/287 292/292/292
f 293/293/293 287/287/287 291/291/291
f 290/290/290 293/293/293 291/291/291
f 294/294/294 287/287/287 293/293/293
f 294/294/294 292/292/292 287/287/287
f 295/295/295 293/293/293 290/290/290
f 294/294/294 293/293/293 295/295/295
f 290/290/290 284/284/284 296/296/296
f 297/297/297 295/295/295 290/290/290
f 297/297/297 290/290/290 296/296/296
f 284/284/284 288/288/288 296/296/296
f 298/298/298 295/295/295 297/297/297
f 298/298/298 297/297/297 296/296/296
f 294/294/294 295/295/295 299/299/299
f 298/298/298 299/299/299 295/295/295
f 300/300/300 294/294/294 299/299/299
f 300/300/300 301/301/301 294/294/294
f 294/294/294 301/301/301 292/292/292
f 301/301/301 302/302/302 292/292/292
f 300/300/300 302/302/302 301/301/301
f 303/303/303 292/292/292 302/302/302
f 278/278/278 292/292/292 303/303/303
f 292/292/292 278/278/278 279/279/279
f 304/304/304 303/303/303 302/302/302
f 303/303/303 304/304/304 278/278/278
f 300/300/300 305/305/305 302/302/302
f 302/302/302 305/305/305 304/304/304
f 306/306/306 305/305/305 300/300/300
f 278/278/278 304/304/304 307/307/307
f 278/278/278 307/307/307 274/274/274
f 274/274/274 307/307/307 266/266/266
f 304/304/304 308/308/308 307/307/307
f 307/307/307 309/309/309 266/266/266
f 307/307/307 308/308/308 309/309/309
f 309/309/309 310/310/310 266/266/266
f 261/261/261 266/266/266 310/310/310
f 311/311/311 309/309/309 308/308/308
f 309/309/309 311/311/311 310/310/310
f 308/308/308 312/312/312 311/311/311
f 304/304/304 313/313/313 308/308/308
f 312/312/312 308/308/308 313/313/313
f 314/314/314 304/304/304 305/305/305
f 314/314/314 313/313/313 304/304/304
f 315/315/315 314/314/314 305/305/305
f 306/306/306 315/315/315 305/305/305
f 315/315/315 316/316/316 314/314/314
f 317/317/317 315/315/315 306/306/306
f 314/314/314 318/318/318 313/313/313
f 316/316/316 318/318/318 314/314/314
f 316/316/316 315/315/315 319/319/319
f 319/319/319 315/315/315 317/317/317
f 320/320/320 318/318/318 316/316/316
f 316/316/316 319/319/319 321/321/321
f 321/321/321 320/320/320 316/316/316
f 321/321/321 319/319/319 322/322/322
f 320/320/320 321/321/321 322/322/322
f 323/323/323 322/322/322 319/319/319
f 320/320/320 322/322/322 324/324/324
f 323/323/323 324/324/324 322/322/322
f 325/325/325 323/323/323 319/319/319
f 325/325/325 319/319/319 317/317/317
f 326/326/326 323/323/323 325/325/325
f 326/326/326 327/327/327 323/323/323
f 327/327/327 324/324/324 323/323/323
f 325/325/325 328/328/328 326/326/326
f 329/329/329 327/327/327 326/326/326
f 328/328/328 329/329/329 326/326/326
f 327/327/327 330/330/330 324/324/324
f 329/329/329 330/330/330 327/327/327
f 331/331/331 325/325/325 317/317/317
f 328/328/328 325/325/325 331/331/331
f 317/317/317 332/332/332 331/331/331
f 330/330/330 333/333/333 324/324/324
f 334/334/334 331/331/331 332/332/332
f 334/334/334 328/328/328 331/331/331
f 335/335/335 332/332/332 317/317/317
f 317/317/317 306/306/306 335/335/335
f 336/336/336 332/332/332 335/335/335
f 335/335/335 306/306/306 337/337/337
f 336/336/336 335/335/335 337/337/337
f 306/306/306 300/300/300 337/337/337
f 299/299/299 337/337/337 300/300/300
f 299/299/299 338/338/338 337/337/337
f 336/336/336 337/337/337 338/338/338
f 298/298/298 338/338/338 299/299/299
f 332/332/332 336/336/336 339/339/339
f 332/332/332 339/339/339 334/334/334
f 340/340/340 336/336/336 338/338/338
f 340/340/340 338/338/338 298/298/298
f 336/336/336 341/341/341 339/339/339
f 336/336/336 340/340/340 341/341/341
f 342/342/342 334/334/334 339/339/339
f 343/343/343 339/339/339 341/341/341
f 343/343/343 342/342/342 339/339/339
f 343/343/343 341/341/341 344/344/344
f 340/340/340 344/344/344 341/341/341
f 298/298/298 345/345/345 340/340/340
f 298/298/298 296/296/296 345/345/345
f 346/346/346 345/345/345 296/296/296
f 346/346/346 296/296/296 288/288/288
f 347/347/347 340/340/340 345/345/345
f 340/340/340 348/348/348 344/344/344
f 348/348/348 340/340/340 347/347/347
f 349/349/349 347/347/347 345/345/345
f 346/346/346 349/349/349 345/345/345
f 350/350/350 348/348/348 347/347/347
f 349/349/349 350/350/350 347/347/347
f 351/351/351 344/344/344 348/348/348
f 348/348/348 350/350/350 351/351/351
f 346/346/346 352/352/352 349/349/349
f 288/288/288 352/352/352 346/346/346
f 350/350/350 349/349/349 352/352/352
f 353/353/353 352/352/352 288/288/288
f 289/289/289 353/353/353 288/288/288
f 289/289/289 354/354/354 353/353/353
f 353/353/353 354/354/354 355/355/355
f 355/355/355 352/352/352 353/353/353
f 350/350/350 352/352/352 355/355/355
f 356/356/356 350/350/350 355/355/355
f 356/356/356 355/355/355 357/357/357
f 350/350/350 356/356/356 358/358/358
f 358/358/358 356/356/356 357/357/357
f 350/350/350 358/358/358 351/351/351
f 357/357/357 359/359/359 358/358/358
f 359/359/359 360/360/360 358/358/358
f 360/360/360 351/351/351 358/358/358
f 360/360/360 359/359/359 361/361/361
f 360/360/360 361/361/361 362/362/362
f 361/361/361 363/363/363 362/362/362
f 363/363/363 364/364/364 362/362/362
f 365/365/365 362/362/362 364/364/364
f 366/366/366 351/351/351 360/360/360
f 360/360/360 367/367/367 366/366/366
f 360/360/360 362/362/362 367/367/367
f 351/351/351 366/366/366 368/368/368
f 351/351/351 368/368/368 344/344/344
f 344/344/344 368/368/368 343/343/343
f 369/369/369 366/366/366 367/367/367
f 368/368/368 366/366/366 369/369/369
f 367/367/367 362/362/362 370/370/370
f 367/367/367 370/370/370 369/369/369
f 371/371/371 362/362/362 365/365/365
f 371/371/371 365/365/365 372/372/372
f 362/362/362 373/373/373 370/370/370
f 373/373/373 362/362/362 371/371/371
f 374/374/374 369/369/369 370/370/370
f 370/370/370 373/373/373 374/374/374
f 369/369/369 374/374/374 375/375/375
f 368/368/368 369/369/369 375/375/375
f 374/374/374 373/373/373 376/376/376
f 377/377/377 373/373/373 371/371/371
f 373/373/373 377/377/377 376/376/376
f 378/378/378 371/371/371 372/372/372
f 378/378/378 377/377/377 371/371/371
f 376/376/376 377/377/377 379/379/379
f 374/374/374 380/380/380 375/375/375
f 376/376/376 380/380/380 374/374/374
f 381/381/381 376/376/376 379/379/379
f 376/376/376 381/381/381 380/380/380
f 377/377/377 382/382/382 379/379/379
f 379/379/379 382/382/382 381/381/381
f 382/382/382 377/377/377 383/383/383
f 383/383/383 377/377/377 378/378/378
f 382/382/382 384/384/384 381/381/381
f 378/378/378 372/372/372 385/385/385
f 385/385/385 372/372/372 386/386/386
f 385/385/385 386/386/386 387/387/387
f 385/385/385 387/387/387 388/388/388
f 389/389/389 384/384/384 382/382/382
f 389/389/389 382/382/382 383/383/383
f 390/390/390 385/385/385 388/388/388
f 389/389/389 383/383/383 391/391/391
f 391/391/391 384/384/384 389/389/389
f 392/392/392 381/381/381 384/384/384
f 392/392/392 380/380/380 381/381/381
f 378/378/378 385/385/385 393/393/393
f 390/390/390 393/393/393 385/385/385
f 378/378/378 394/394/394 383/383/383
f 394/394/394 378/378/378 393/393/393
f 394/394/394 395/395/395 383/383/383
f 393/393/393 396/396/396 394/394/394
f 393/393/393 390/390/390 396/396/396
f 396/396/396 395/395/395 394/394/394
f 395/395/395 391/391/391 383/383/383
f 397/397/397 396/396/396 390/390/390
f 398/398/398 396/396/396 397/397/397
f 395/395/395 396/396/396 399/399/399
f 399/399/399 396/396/396 398/398/398
f 397/397/397 400/400/400 398/398/398
f 398/398/398 400/400/400 399/399/399
f 397/397/397 390/390/390 401/401/401
f 400/400/400 397/397/397 402/402/402
f 402/402/402 397/397/397 401/401/401
f 400/400/400 402/402/402 403/403/403
f 400/400/400 403/403/403 399/399/399
f 404/404/404 402/402/402 401/401/401
f 395/395/395 399/399/399 405/405/405
f 395/395/395 405/405/405 391/391/391
f 390/390/390 406/406/406 401/401/401
f 390/390/390 388/388/388 406/406/406
f 406/406/406 388/388/388 407/407/407
f 406/406/406 407/407/407 408/408/408
f 409/409/409 401/401/401 406/406/406
f 406/406/406 408/408/408 409/409/409
f 404/404/404 401/401/401 409/409/409
f 408/408/408 410/410/410 409/409/409
f 410/410/410 411/411/411 409/409/409
f 412/412/412 409/409/409 411/411/411
f 409/409/409 412/412/412 404/404/404
f 413/413/413 404/404/404 412/412/412
f 412/412/412 411/411/411 414/414/414
f 413/413/413 412/412/412 414/414/414
f 413/413/413 415/415/415 404/404/404
f 413/413/413 414/414/414 415/415/415
f 416/416/416 404/404/404 415/415/415
f 404/404/404 416/416/416 402/402/402
f 414/414/414 417/417/417 415/415/415
f 416/416/416 415/415/415 417/417/417
f 414/414/414 411/411/411 418/418/418
f 418/418/418 411/411/411 419/419/419
f 417/417/417 414/414/414 420/420/420
f 418/418/418 419/419/419 421/421/421
f 422/422/422 420/420/420 414/414/414
f 417/417/417 420/420/420 422/422/422
f 422/422/422 414/414/414 418/418/418
f 422/422/422 423/423/423 417/417/417
f 416/416/416 417/417/417 423/423/423
f 418/418/418 424/424/424 422/422/422
f 424/424/424 423/423/423 422/422/422
f 418/418/418 421/421/421 425/425/425
f 425/425/425 424/424/424 418/418/418
f 425/425/425 421/421/421 426/426/426
f 426/426/426 421/421/421 427/427/427
f 424/424/424 425/425/425 428/428/428
f 428/428/428 423/423/423 424/424/424
f 429/429/429 426/426/426 427/427/427
f 425/425/425 426/426/426 430/430/430
f 425/425/425 430/430/430 428/428/428
f 429/429/429 431/431/431 426/426/426
f 432/432/432 430/430/430 426/426/426
f 426/426/426 431/431/431 432/432/432
f 433/433/433 431/431/431 429/429/429
f 431/431/431 433/433/433 434/434/434
f 431/431/431 434/434/434 432/432/432
f 435/435/435 433/433/433 429/429/429
f 429/429/429 436/436/436 435/435/435
f 435/435/435 436/436/436 437/437/437
f 435/435/435 437/437/437 438/438/438
f 433/433/433 435/435/435 439/439/439
f 439/439/439 435/435/435 438/438/438
f 434/434/434 433/433/433 439/439/439
f 439/439/439 438/438/438 440/440/440
f 440/440/440 438/438/438 441/441/441
f 434/434/434 439/439/439 442/442/442
f 442/442/442 439/439/439 440/440/440
f 434/434/434 442/442/442 432/432/432
f 440/440/440 441/441/441 443/443/443
f 442/442/442 440/440/440 444/444/444
f 444/444/444 440/440/440 443/443/443
f 445/445/445 442/442/442 444/444/444
f 443/443/443 446/446/446 444/444/444
f 446/446/446 445/445/445 444/444/444
f 446/446/446 443/443/443 447/447/447
f 443/443/443 448/448/448 447/447/447
f 446/446/446 447/447/447 449/449/449
f 447/447/447 448/448/448 449/449/449
f 450/450/450 445/445/445 446/446/446
f 446/446/446 449/449/449 450/450/450
f 445/445/445 451/451/451 442/442/442
f 432/432/432 442/442/442 451/451/451
f 445/445/445 452/452/452 451/451/451
f 452/452/452 445/445/445 450/450/450
f 449/449/449 448/448/448 453/453/453
f 453/453/453 448/448/448 454/454/454
f 453/453/453 454/454/454 455/455/455
f 449/449/449 456/456/456 450/450/450
f 456/456/456 449/449/449 453/453/453
f 453/453/453 455/455/455 457/457/457
f 458/458/458 457/457/457 455/455/455
f 456/456/456 453/453/453 459/459/459
f 457/457/457 460/460/460 453/453/453
f 453/453/453 460/460/460 459/459/459
f 458/458/458 461/461/461 457/457/457
f 461/461/461 460/460/460 457/457/457
f 458/458/458 462/462/462 461/461/461
f 462/462/462 458/458/458 197/197/197
f 197/197/197 183/183/183 462/462/462
f 462/462/462 183/183/183 463/463/463
f 463/463/463 183/183/183 164/164/164
f 461/461/461 462/462/462 464/464/464
f 464/464/464 462/462/462 463/463/463
f 464/464/464 465/465/465 461/461/461
f 460/460/460 461/461/461 465/465/465
f 464/464/464 463/463/463 466/466/466
f 466/466/466 465/465/465 464/464/464
f 467/467/467 463/463/463 164/164/164
f 466/466/466 463/463/463 467/467/467
f 467/467/467 164/164/164 163/163/163
f 163/163/163 146/146/146 467/467/467
f 466/466/466 467/467/467 146/146/146
f 468/468/468 460/460/460 465/465/465
f 468/468/468 465/465/465 466/466/466
f 146/146/146 469/469/469 466/466/466
f 470/470/470 460/460/460 468/468/468
f 471/471/471 468/468/468 466/466/466
f 469/469/469 471/471/471 466/466/466
f 470/470/470 468/468/468 471/471/471
f 472/472/472 469/469/469 146/146/146
f 471/471/471 469/469/469 472/472/472
f 472/472/472 146/146/146 134/134/134
f 459/459/459 460/460/460 470/470/470
f 473/473/473 470/470/470 471/471/471
f 474/474/474 459/459/459 470/470/470
f 474/474/474 470/470/470 473/473/473
f 471/471/471 475/475/475 473/473/473
f 475/475/475 471/471/471 472/472/472
f 473/473/473 475/475/475 476/476/476
f 476/476/476 474/474/474 473/473/473
f 477/477/477 475/475/475 472/472/472
f 476/476/476 475/475/475 477/477/477
f 472/472/472 134/134/134 478/478/478
f 478/478/478 134/134/134 479/479/479
f 134/134/134 126/126/126 479/479/479
f 480/480/480 472/472/472 478/478/478
f 480/480/480 477/477/477 472/472/472
f 481/481/481 478/478/478 479/479/479
f 481/481/481 479/479/479 126/126/126
f 480/480/480 478/478/478 481/481/481
f 126/126/126 116/116/116 481/481/481
f 480/480/480 481/481/481 116/116/116
f 482/482/482 480/480/480 116/116/116
f 116/116/116 120/120/120 482/482/482
f 483/483/483 477/477/477 480/480/480
f 482/482/482 483/483/483 480/480/480
f 483/483/483 484/484/484 477/477/477
f 485/485/485 484/484/484 483/483/483
f 482/482/482 485/485/485 483/483/483
f 484/484/484 486/486/486 477/477/477
f 477/477/477 486/486/486 476/476/476
f 487/487/487 486/486/486 484/484/484
f 484/484/484 485/485/485 487/487/487
f 488/488/488 476/476/476 486/486/486
f 487/487/487 488/488/488 486/486/486
f 474/474/474 476/476/476 488/488/488
f 489/489/489 488/488/488 487/487/487
f 489/489/489 474/474/474 488/488/488
f 490/490/490 487/487/487 485/485/485
f 490/490/490 489/489/489 487/487/487
f 474/474/474 489/489/489 491/491/491
f 490/490/490 491/491/491 489/489/489
f 491/491/491 459/459/459 474/474/474
f 491/491/491 492/492/492 459/459/459
f 459/459/459 492/492/492 456/456/456
f 493/493/493 456/456/456 492/492/492
f 493/493/493 492/492/492 491/491/491
f 450/450/450 456/456/456 493/493/493
f 450/450/450 493/493/493 494/494/494
f 494/494/494 493/493/493 491/491/491
f 452/452/452 450/450/450 494/494/494
f 495/495/495 491/491/491 490/490/490
f 491/491/491 495/495/495 494/494/494
f 496/496/496 490/490/490 485/485/485
f 495/495/495 490/490/490 496/496/496
f 485/485/485 497/497/497 496/496/496
f 482/482/482 497/497/497 485/485/485
f 496/496/496 497/497/497 498/498/498
f 495/495/495 496/496/496 498/498/498
f 499/499/499 494/494/494 495/495/495
f 499/499/499 452/452/452 494/494/494
f 498/498/498 500/500/500 495/495/495
f 452/452/452 499/499/499 501/501/501
f 451/451/451 452/452/452 501/501/501
f 499/499/499 495/495/495 502/502/502
f 500/500/500 502/502/502 495/495/495
f 499/499/499 503/503/503 501/501/501
f 503/503/503 499/499/499 502/502/502
f 451/451/451 501/501/501 504/504/504
f 451/451/451 504/504/504 432/432/432
f 501/501/501 503/503/503 505/505/505
f 505/505/505 504/504/504 501/501/501
f 506/506/506 503/503/503 502/502/502
f 505/505/505 503/503/503 506/506/506
f 507/507/507 502/502/502 500/500/500
f 507/507/507 506/506/506 502/502/502
f 508/508/508 432/432/432 504/504/504
f 508/508/508 430/430/430 432/432/432
f 504/504/504 505/505/505 509/509/509
f 509/509/509 508/508/508 504/504/504
f 430/430/430 508/508/508 428/428/428
f 509/509/509 505/505/505 510/510/510
f 505/505/505 506/506/506 510/510/510
f 509/509/509 511/511/511 508/508/508
f 428/428/428 508/508/508 511/511/511
f 512/512/512 511/511/511 509/509/509
f 512/512/512 509/509/509 510/510/510
f 513/513/513 428/428/428 511/511/511
f 513/513/513 511/511/511 512/512/512
f 428/428/428 513/513/513 514/514/514
f 513/513/513 512/512/512 515/515/515
f 514/514/514 513/513/513 515/515/515
f 514/514/514 516/516/516 428/428/428
f 428/428/428 516/516/516 423/423/423
f 514/514/514 515/515/515 517/517/517
f 516/516/516 514/514/514 517/517/517
f 518/518/518 515/515/515 512/512/512
f 518/518/518 512/512/512 510/510/510
f 517/517/517 515/515/515 519/519/519
f 520/520/520 515/515/515 518/518/518
f 515/515/515 520/520/520 519/519/519
f 518/518/518 521/521/521 520/520/520
f 518/518/518 510/510/510 522/522/522
f 518/518/518 522/522/522 521/521/521
f 522/522/522 510/510/510 523/523/523
f 523/523/523 510/510/510 524/524/524
f 524/524/524 510/510/510 506/506/506
f 525/525/525 522/522/522 523/523/523
f 521/521/521 522/522/522 525/525/525
f 523/523/523 524/524/524 526/526/526
f 526/526/526 525/525/525 523/523/523
f 527/527/527 524/524/524 506/506/506
f 524/524/524 527/527/527 526/526/526
f 507/507/507 527/527/527 506/506/506
f 528/528/528 527/527/527 507/507/507
f 528/528/528 507/507/507 500/500/500
f 528/528/528 500/500/500 529/529/529
f 529/529/529 500/500/500 498/498/498
f 529/529/529 498/498/498 530/530/530
f 528/528/528 529/529/529 530/530/530
f 498/498/498 497/497/497 530/530/530
f 531/531/531 527/527/527 528/528/528
f 526/526/526 527/527/527 531/531/531
f 528/528/528 530/530/530 532/532/532
f 526/526/526 531/531/531 533/533/533
f 497/497/497 534/534/534 530/530/530
f 497/497/497 482/482/482 534/534/534
f 535/535/535 532/532/532 530/530/530
f 530/530/530 534/534/534 535/535/535
f 482/482/482 536/536/536 534/534/534
f 534/534/534 536/536/536 535/535/535
f 536/536/536 482/482/482 120/120/120
f 536/536/536 120/120/120 537/537/537
f 115/115/115 537/537/537 120/120/120
f 538/538/538 535/535/535 536/536/536
f 539/539/539 538/538/538 536/536/536
f 539/539/539 536/536/536 537/537/537
f 540/540/540 535/535/535 538/538/538
f 541/541/541 537/537/537 115/115/115
f 115/115/115 110/110/110 541/541/541
f 538/538/538 539/539/539 542/542/542
f 540/540/540 538/538/538 542/542/542
f 539/539/539 537/537/537 543/543/543
f 542/542/542 539/539/539 543/543/543
f 544/544/544 537/537/537 541/541/541
f 537/537/537 544/544/544 543/543/543
f 541/541/541 110/110/110 545/545/545
f 544/544/544 541/541/541 545/545/545
f 545/545/545 110/110/110 546/546/546
f 110/110/110 107/107/107 546/546/546
f 545/545/545 547/547/547 544/544/544
f 543/543/543 544/544/544 547/547/547
f 545/545/545 546/546/546 548/548/548
f 547/547/547 545/545/545 548/548/548
f 549/549/549 546/546/546 107/107/107
f 549/549/549 548/548/548 546/546/546
f 111/111/111 549/549/549 107/107/107
f 550/550/550 543/543/543 547/547/547
f 550/550/550 547/547/547 548/548/548
f 548/548/548 549/549/549 551/551/551
f 551/551/551 549/549/549 111/111/111
f 552/552/552 550/550/550 548/548/548
f 552/552/552 548/548/548 551/551/551
f 543/543/543 550/550/550 553/553/553
f 553/553/553 550/550/550 552/552/552
f 553/553/553 554/554/554 543/543/543
f 554/554/554 542/542/542 543/543/543
f 111/111/111 555/555/555 551/551/551
f 555/555/555 111/111/111 101/101/101
f 101/101/101 556/556/556 555/555/555
f 94/94/94 556/556/556 101/101/101
f 94/94/94 95/95/95 556/556/556
f 557/557/557 555/555/555 556/556/556
f 95/95/95 557/557/557 556/556/556
f 551/551/551 555/555/555 557/557/557
f 558/558/558 557/557/557 95/95/95
f 558/558/558 551/551/551 557/557/557
f 558/558/558 95/95/95 559/559/559
f 95/95/95 92/92/92 559/559/559
f 558/558/558 560/560/560 551/551/551
f 560/560/560 552/552/552 551/551/551
f 558/558/558 559/559/559 561/561/561
f 558/558/558 561/561/561 560/560/560
f 562/562/562 559/559/559 92/92/92
f 98/98/98 562/562/562 92/92/92
f 559/559/559 563/563/563 561/561/561
f 559/559/559 562/562/562 563/563/563
f 564/564/564 560/560/560 561/561/561
f 563/563/563 564/564/564 561/561/561
f 564/564/564 552/552/552 560/560/560
f 562/562/562 98/98/98 565/565/565
f 102/102/102 565/565/565 98/98/98
f 563/563/563 562/562/562 566/566/566
f 566/566/566 562/562/562 565/565/565
f 563/563/563 567/567/567 564/564/564
f 567/567/567 563/563/563 566/566/566
f 568/568/568 552/552/552 564/564/564
f 567/567/567 568/568/568 564/564/564
f 568/568/568 553/553/553 552/552/552
f 565/565/565 102/102/102 569/569/569
f 569/569/569 102/102/102 105/105/105
f 565/565/565 570/570/570 566/566/566
f 569/569/569 570/570/570 565/565/565
f 569/569/569 105/105/105 571/571/571
f 571/571/571 570/570/570 569/569/569
f 571/571/571 105/105/105 572/572/572
f 100/100/100 572/572/572 105/105/105
f 573/573/573 571/571/571 572/572/572
f 572/572/572 100/100/100 574/574/574
f 573/573/573 572/572/572 574/574/574
f 570/570/570 575/575/575 566/566/566
f 574/574/574 100/100/100 576/576/576
f 577/577/577 566/566/566 575/575/575
f 577/577/577 567/567/567 566/566/566
f 567/567/567 577/577/577 568/568/568
f 577/577/577 575/575/575 578/578/578
f 570/570/570 578/578/578 575/575/575
f 568/568/568 577/577/577 579/579/579
f 578/578/578 579/579/579 577/577/577
f 579/579/579 553/553/553 568/568/568
f 579/579/579 580/580/580 553/553/553
f 578/578/578 580/580/580 579/579/579
f 581/581/581 553/553/553 580/580/580
f 581/581/581 554/554/554 553/553/553
f 580/580/580 554/554/554 581/581/581
f 580/580/580 582/582/582 554/554/554
f 583/583/583 580/580/580 578/578/578
f 583/583/583 582/582/582 580/580/580
f 554/554/554 582/582/582 584/584/584
f 584/584/584 542/542/542 554/554/554
f 583/583/583 585/585/585 582/582/582
f 586/586/586 542/542/542 584/584/584
f 586/586/586 540/540/540 542/542/542
f 587/587/587 584/584/584 582/582/582
f 582/582/582 585/585/585 587/587/587
f 586/586/586 584/584/584 588/588/588
f 587/587/587 588/588/588 584/584/584
f 540/540/540 586/586/586 589/589/589
f 589/589/589 586/586/586 588/588/588
f 589/589/589 535/535/535 540/540/540
f 535/535/535 589/589/589 532/532/532
f 587/587/587 590/590/590 588/588/588
f 532/532/532 589/589/589 591/591/591
f 591/591/591 528/528/528 532/532/532
f 531/531/531 528/528/528 591/591/591
f 592/592/592 591/591/591 589/589/589
f 592/592/592 531/531/531 591/591/591
f 592/592/592 589/589/589 588/588/588
f 592/592/592 588/588/588 590/590/590
f 533/533/533 531/531/531 592/592/592
f 593/593/593 590/590/590 587/587/587
f 593/593/593 592/592/592 590/590/590
f 585/585/585 593/593/593 587/587/587
f 594/594/594 533/533/533 592/592/592
f 592/592/592 593/593/593 594/594/594
f 585/585/585 594/594/594 593/593/593
f 594/594/594 526/526/526 533/533/533
f 594/594/594 595/595/595 526/526/526
f 594/594/594 585/585/585 595/595/595
f 595/595/595 525/525/525 526/526/526
f 585/585/585 596/596/596 595/595/595
f 596/596/596 585/585/585 583/583/583
f 525/525/525 595/595/595 597/597/597
f 597/597/597 521/521/521 525/525/525
f 598/598/598 521/521/521 597/597/597
f 598/598/598 599/599/599 521/521/521
f 600/600/600 598/598/598 597/597/597
f 600/600/600 599/599/599 598/598/598
f 520/520/520 521/521/521 599/599/599
f 601/601/601 597/597/597 595/595/595
f 600/600/600 597/597/597 601/601/601
f 601/601/601 595/595/595 602/602/602
f 596/596/596 602/602/602 595/595/595
f 601/601/601 603/603/603 600/600/600
f 601/601/601 602/602/602 603/603/603
f 520/520/520 599/599/599 604/604/604
f 599/599/599 600/600/600 605/605/605
f 605/605/605 604/604/604 599/599/599
f 519/519/519 520/520/520 604/604/604
f 605/605/605 600/600/600 606/606/606
f 606/606/606 600/600/600 603/603/603
f 602/602/602 607/607/607 603/603/603
f 607/607/607 602/602/602 596/596/596
f 608/608/608 603/603/603 607/607/607
f 603/603/603 608/608/608 609/609/609
f 603/603/603 609/609/609 606/606/606
f 610/610/610 608/608/608 607/607/607
f 611/611/611 608/608/608 610/610/610
f 608/608/608 611/611/611 609/609/609
f 610/610/610 607/607/607 612/612/612
f 612/612/612 607/607/607 596/596/596
f 613/613/613 611/611/611 610/610/610
f 613/613/613 610/610/610 612/612/612
f 609/609/609 611/611/611 614/614/614
f 612/612/612 596/596/596 615/615/615
f 615/615/615 596/596/596 583/583/583
f 615/615/615 583/583/583 578/578/578
f 616/616/616 615/615/615 578/578/578
f 616/616/616 612/612/612 615/615/615
f 616/616/616 578/578/578 570/570/570
f 570/570/570 617/617/617 616/616/616
f 613/613/613 612/612/612 618/618/618
f 616/616/616 619/619/619 612/612/612
f 619/619/619 618/618/618 612/612/612
f 620/620/620 619/619/619 616/616/616
f 617/617/617 620/620/620 616/616/616
f 619/619/619 621/621/621 618/618/618
f 613/613/613 618/618/618 621/621/621
f 622/622/622 619/619/619 620/620/620
f 621/621/621 619/619/619 622/622/622
f 620/620/620 617/617/617 623/623/623
f 617/617/617 570/570/570 623/623/623
f 622/622/622 620/620/620 624/624/624
f 620/620/620 623/623/623 624/624/624
f 621/621/621 622/622/622 625/625/625
f 621/621/621 626/626/626 613/613/613
f 625/625/625 626/626/626 621/621/621
f 613/613/613 626/626/626 611/611/611
f 570/570/570 627/627/627 623/623/623
f 627/627/627 570/570/570 571/571/571
f 623/623/623 627/627/627 628/628/628
f 624/624/624 623/623/623 628/628/628
f 627/627/627 571/571/571 573/573/573
f 628/628/628 627/627/627 573/573/573
f 629/629/629 611/611/611 626/626/626
f 629/629/629 614/614/614 611/611/611
f 626/626/626 630/630/630 629/629/629
f 625/625/625 630/630/630 626/626/626
f 631/631/631 614/614/614 629/629/629
f 630/630/630 631/631/631 629/629/629
f 630/630/630 625/625/625 632/632/632
f 630/630/630 632/632/632 631/631/631
f 633/633/633 614/614/614 631/631/631
f 632/632/632 625/625/625 634/634/634
f 632/632/632 635/635/635 631/631/631
f 636/636/636 632/632/632 634/634/634
f 637/637/637 632/632/632 636/636/636
f 632/632/632 637/637/637 635/635/635
f 634/634/634 638/638/638 636/636/636
f 637/637/637 636/636/636 638/638/638
f 634/634/634 625/625/625 639/639/639
f 625/625/625 622/622/622 639/639/639
f 639/639/639 622/622/622 624/624/624
f 640/640/640 634/634/634 639/639/639
f 634/634/634 640/640/640 638/638/638
f 641/641/641 639/639/639 624/624/624
f 639/639/639 641/641/641 640/640/640
f 624/624/624 628/628/628 641/641/641
f 641/641/641 642/642/642 640/640/640
f 642/642/642 641/641/641 628/628/628
f 638/638/638 640/640/640 643/643/643
f 642/642/642 628/628/628 644/644/644
f 573/573/573 644/644/644 628/628/628
f 640/640/640 642/642/642 645/645/645
f 640/640/640 645/645/645 643/643/643
f 642/642/642 646/646/646 645/645/645
f 644/644/644 646/646/646 642/642/642
f 645/645/645 647/647/647 643/643/643
f 645/645/645 646/646/646 647/647/647
f 638/638/638 643/643/643 648/648/648
f 648/648/648 637/637/637 638/638/638
f 649/649/649 643/643/643 647/647/647
f 648/648/648 643/643/643 649/649/649
f 646/646/646 650/650/650 647/647/647
f 646/646/646 644/644/644 650/650/650
f 647/647/647 651/651/651 649/649/649
f 647/647/647 650/650/650 651/651/651
f 652/652/652 648/648/648 649/649/649
f 652/652/652 637/637/637 648/648/648
f 649/649/649 651/651/651 653/653/653
f 652/652/652 649/649/649 653/653/653
f 637/637/637 652/652/652 654/654/654
f 635/635/635 637/637/637 654/654/654
f 652/652/652 653/653/653 655/655/655
f 652/652/652 655/655/655 654/654/654
f 653/653/653 651/651/651 656/656/656
f 650/650/650 656/656/656 651/651/651
f 657/657/657 655/655/655 653/653/653
f 658/658/658 635/635/635 654/654/654
f 653/653/653 656/656/656 659/659/659
f 657/657/657 653/653/653 659/659/659
f 656/656/656 650/650/650 660/660/660
f 654/654/654 655/655/655 661/661/661
f 655/655/655 657/657/657 662/662/662
f 662/662/662 661/661/661 655/655/655
f 661/661/661 663/663/663 654/654/654
f 658/658/658 654/654/654 663/663/663
f 664/664/664 661/661/661 662/662/662
f 663/663/663 661/661/661 665/665/665
f 664/664/664 665/665/665 661/661/661
f 664/664/664 662/662/662 666/666/666
f 657/657/657 667/667/667 662/662/662
f 666/666/666 662/662/662 667/667/667
f 663/663/663 665/665/665 668/668/668
f 668/668/668 658/658/658 663/663/663
f 669/669/669 664/664/664 666/666/666
f 669/669/669 666/666/666 667/667/667
f 665/665/665 664/664/664 670/670/670
f 670/670/670 664/664/664 669/669/669
f 671/671/671 668/668/668 665/665/665
f 670/670/670 671/671/671 665/665/665
f 669/669/669 672/672/672 670/670/670
f 673/673/673 669/669/669 667/667/667
f 669/669/669 673/673/673 672/672/672
f 667/667/667 657/657/657 674/674/674
f 659/659/659 674/674/674 657/657/657
f 674/674/674 675/675/675 667/667/667
f 667/667/667 675/675/675 673/673/673
f 675/675/675 674/674/674 676/676/676
f 677/677/677 674/674/674 659/659/659
f 677/677/677 676/676/676 674/674/674
f 677/677/677 659/659/659 678/678/678
f 673/673/673 675/675/675 679/679/679
f 680/680/680 677/677/677 678/678/678
f 676/676/676 677/677/677 680/680/680
f 678/678/678 659/659/659 681/681/681
f 659/659/659 656/656/656 681/681/681
f 681/681/681 656/656/656 682/682/682
f 682/682/682 656/656/656 660/660/660
f 683/683/683 681/681/681 682/682/682
f 683/683/683 682/682/682 660/660/660
f 684/684/684 678/678/678 681/681/681
f 684/684/684 681/681/681 683/683/683
f 685/685/685 680/680/680 678/678/678
f 685/685/685 678/678/678 684/684/684
f 686/686/686 676/676/676 680/680/680
f 685/685/685 686/686/686 680/680/680
f 683/683/683 660/660/660 687/687/687
f 688/688/688 684/684/684 683/683/683
f 688/688/688 683/683/683 687/687/687
f 689/689/689 684/684/684 688/688/688
f 688/688/688 687/687/687 690/690/690
f 690/690/690 689/689/689 688/688/688
f 684/684/684 691/691/691 685/685/685
f 689/689/689 692/692/692 684/684/684
f 691/691/691 684/684/684 692/692/692
f 692/692/692 689/689/689 693/693/693
f 691/691/691 692/692/692 694/694/694
f 693/693/693 694/694/694 692/692/692
f 695/695/695 685/685/685 691/691/691
f 695/695/695 696/696/696 685/685/685
f 686/686/686 685/685/685 696/696/696
f 695/695/695 691/691/691 697/697/697
f 697/697/697 691/691/691 694/694/694
f 695/695/695 698/698/698 696/696/696
f 698/698/698 695/695/695 699/699/699
f 695/695/695 697/697/697 699/699/699
f 700/700/700 696/696/696 698/698/698
f 696/696/696 700/700/700 686/686/686
f 698/698/698 701/701/701 700/700/700
f 701/701/701 698/698/698 699/699/699
f 702/702/702 686/686/686 700/700/700
f 700/700/700 703/703/703 702/702/702
f 703/703/703 700/700/700 701/701/701
f 702/702/702 704/704/704 686/686/686
f 704/704/704 676/676/676 686/686/686
f 704/704/704 702/702/702 705/705/705
f 705/705/705 702/702/702 703/703/703
f 706/706/706 676/676/676 704/704/704
f 706/706/706 675/675/675 676/676/676
f 704/704/704 707/707/707 706/706/706
f 707/707/707 704/704/704 705/705/705
f 706/706/706 679/679/679 675/675/675
f 706/706/706 707/707/707 708/708/708
f 707/707/707 705/705/705 708/708/708
f 706/706/706 708/708/708 679/679/679
f 709/709/709 705/705/705 703/703/703
f 710/710/710 679/679/679 708/708/708
f 709/709/709 703/703/703 711/711/711
f 709/709/709 711/711/711 705/705/705
f 712/712/712 708/708/708 705/705/705
f 712/712/712 705/705/705 711/711/711
f 710/710/710 708/708/708 713/713/713
f 712/712/712 713/713/713 708/708/708
f 710/710/710 714/714/714 679/679/679
f 710/710/710 713/713/713 714/714/714
f 715/715/715 711/711/711 703/703/703
f 715/715/715 703/703/703 701/701/701
f 716/716/716 712/712/712 711/711/711
f 716/716/716 711/711/711 715/715/715
f 717/717/717 713/713/713 712/712/712
f 717/717/717 714/714/714 713/713/713
f 718/718/718 712/712/712 716/716/716
f 717/717/717 712/712/712 718/718/718
f 716/716/716 715/715/715 719/719/719
f 718/718/718 716/716/716 719/719/719
f 720/720/720 715/715/715 701/701/701
f 715/715/715 720/720/720 719/719/719
f 720/720/720 701/701/701 721/721/721
f 701/701/701 699/699/699 721/721/721
f 720/720/720 722/722/722 719/719/719
f 720/720/720 721/721/721 723/723/723
f 720/720/720 723/723/723 722/722/722
f 724/724/724 719/719/719 722/722/722
f 724/724/724 718/718/718 719/719/719
f 722/722/722 723/723/723 725/725/725
f 725/725/725 724/724/724 722/722/722
f 723/723/723 721/721/721 726/726/726
f 723/723/723 726/726/726 725/725/725
f 721/721/721 699/699/699 727/727/727
f 727/727/727 726/726/726 721/721/721
f 728/728/728 727/727/727 699/699/699
f 728/728/728 699/699/699 697/697/697
f 728/728/728 697/697/697 729/729/729
f 729/729/729 697/697/697 694/694/694
f 729/729/729 694/694/694 730/730/730
f 730/730/730 728/728/728 729/729/729
f 731/731/731 730/730/730 694/694/694
f 727/727/727 728/728/728 732/732/732
f 732/732/732 726/726/726 727/727/727
f 731/731/731 694/694/694 733/733/733
f 734/734/734 730/730/730 731/731/731
f 734/734/734 731/731/731 733/733/733
f 728/728/728 730/730/730 735/735/735
f 735/735/735 730/730/730 734/734/734
f 728/728/728 736/736/736 732/732/732
f 728/728/728 735/735/735 736/736/736
f 737/737/737 732/732/732 736/736/736
f 732/732/732 737/737/737 726/726/726
f 330/330/330 736/736/736 735/735/735
f 329/329/329 736/736/736 330/330/330
f 737/737/737 736/736/736 329/329/329
f 735/735/735 333/333/333 330/330/330
f 735/735/735 734/734/734 333/333/333
f 738/738/738 737/737/737 329/329/329
f 738/738/738 726/726/726 737/737/737
f 329/329/329 328/328/328 738/738/738
f 738/738/738 328/328/328 739/739/739
f 333/333/333 734/734/734 740/740/740
f 739/739/739 741/741/741 738/738/738
f 734/734/734 742/742/742 740/740/740
f 743/743/743 726/726/726 738/738/738
f 743/743/743 738/738/738 741/741/741
f 734/734/734 733/733/733 742/742/742
f 333/333/333 740/740/740 744/744/744
f 324/324/324 333/333/333 744/744/744
f 324/324/324 744/744/744 320/320/320
f 740/740/740 745/745/745 744/744/744
f 745/745/745 320/320/320 744/744/744
f 740/740/740 742/742/742 745/745/745
f 320/320/320 745/745/745 318/318/318
f 745/745/745 742/742/742 746/746/746
f 742/742/742 733/733/733 746/746/746
f 745/745/745 747/747/747 318/318/318
f 318/318/318 747/747/747 313/313/313
f 745/745/745 746/746/746 748/748/748
f 745/745/745 748/748/748 747/747/747
f 746/746/746 733/733/733 749/749/749
f 749/749/749 748/748/748 746/746/746
f 747/747/747 748/748/748 750/750/750
f 313/313/313 747/747/747 750/750/750
f 750/750/750 748/748/748 751/751/751
f 748/748/748 749/749/749 751/751/751
f 750/750/750 752/752/752 313/313/313
f 752/752/752 750/750/750 751/751/751
f 313/313/313 752/752/752 312/312/312
f 753/753/753 751/751/751 749/749/749
f 752/752/752 751/751/751 753/753/753
f 312/312/312 752/752/752 754/754/754
f 312/312/312 754/754/754 755/755/755
f 312/312/312 755/755/755 756/756/756
f 312/312/312 756/756/756 311/311/311
f 755/755/755 757/757/757 756/756/756
f 755/755/755 754/754/754 757/757/757
f 311/311/311 756/756/756 758/758/758
f 756/756/756 757/757/757 758/758/758
f 311/311/311 758/758/758 310/310/310
f 758/758/758 757/757/757 759/759/759
f 758/758/758 759/759/759 310/310/310
f 754/754/754 760/760/760 757/757/757
f 757/757/757 760/760/760 759/759/759
f 759/759/759 761/761/761 310/310/310
f 760/760/760 761/761/761 759/759/759
f 762/762/762 310/310/310 761/761/761
f 763/763/763 760/760/760 754/754/754
f 754/754/754 764/764/764 763/763/763
f 764/764/764 754/754/754 752/752/752
f 765/765/765 760/760/760 763/763/763
f 763/763/763 764/764/764 765/765/765
f 752/752/752 766/766/766 764/764/764
f 764/764/764 766/766/766 765/765/765
f 766/766/766 752/752/752 753/753/753
f 760/760/760 765/765/765 767/767/767
f 760/760/760 768/768/768 761/761/761
f 760/760/760 767/767/767 768/768/768
f 769/769/769 761/761/761 768/768/768
f 769/769/769 762/762/762 761/761/761
f 770/770/770 768/768/768 767/767/767
f 770/770/770 767/767/767 765/765/765
f 770/770/770 771/771/771 768/768/768
f 771/771/771 769/769/769 768/768/768
f 772/772/772 770/770/770 765/765/765
f 772/772/772 765/765/765 766/766/766
f 772/772/772 773/773/773 770/770/770
f 773/773/773 771/771/771 770/770/770
f 774/774/774 772/772/772 766/766/766
f 774/774/774 773/773/773 772/772/772
f 766/766/766 775/775/775 774/774/774
f 753/753/753 775/775/775 766/766/766
f 774/774/774 776/776/776 773/773/773
f 776/776/776 771/771/771 773/773/773
f 777/777/777 774/774/774 775/775/775
f 777/777/777 776/776/776 774/774/774
f 775/775/775 778/778/778 777/777/777
f 778/778/778 779/779/779 777/777/777
f 777/777/777 779/779/779 776/776/776
f 775/775/775 780/780/780 778/778/778
f 776/776/776 781/781/781 771/771/771
f 781/781/781 782/782/782 771/771/771
f 771/771/771 782/782/782 783/783/783
f 771/771/771 783/783/783 769/769/769
f 781/781/781 784/784/784 782/782/782
f 782/782/782 784/784/784 783/783/783
f 781/781/781 776/776/776 785/785/785
f 785/785/785 784/784/784 781/781/781
f 776/776/776 786/786/786 785/785/785
f 786/786/786 776/776/776 779/779/779
f 787/787/787 785/785/785 786/786/786
f 779/779/779 778/778/778 788/788/788
f 778/778/778 780/780/780 788/788/788
f 789/789/789 786/786/786 779/779/779
f 790/790/790 779/779/779 788/788/788
f 779/779/779 790/790/790 789/789/789
f 789/789/789 791/791/791 786/786/786
f 786/786/786 791/791/791 787/787/787
f 790/790/790 792/792/792 789/789/789
f 791/791/791 789/789/789 792/792/792
f 790/790/790 788/788/788 793/793/793
f 780/780/780 794/794/794 788/788/788
f 794/794/794 793/793/793 788/788/788
f 790/790/790 793/793/793 795/795/795
f 795/795/795 792/792/792 790/790/790
f 793/793/793 794/794/794 796/796/796
f 792/792/792 797/797/797 791/791/791
f 791/791/791 797/797/797 787/787/787
f 798/798/798 795/795/795 793/793/793
f 798/798/798 793/793/793 796/796/796
f 792/792/792 795/795/795 799/799/799
f 799/799/799 795/795/795 798/798/798
f 799/799/799 800/800/800 792/792/792
f 792/792/792 800/800/800 797/797/797
f 798/798/798 801/801/801 799/799/799
f 796/796/796 802/802/802 798/798/798
f 802/802/802 796/796/796 794/794/794
f 801/801/801 798/798/798 803/803/803
f 801/801/801 804/804/804 799/799/799
f 804/804/804 801/801/801 803/803/803
f 804/804/804 800/800/800 799/799/799
f 805/805/805 802/802/802 794/794/794
f 805/805/805 794/794/794 780/780/780
f 798/798/798 802/802/802 806/806/806
f 803/803/803 798/798/798 806/806/806
f 807/807/807 806/806/806 802/802/802
f 805/805/805 807/807/807 802/802/802
f 808/808/808 805/805/805 780/780/780
f 808/808/808 780/780/780 775/775/775
f 753/753/753 808/808/808 775/775/775
f 809/809/809 808/808/808 753/753/753
f 810/810/810 805/805/805 808/808/808
f 809/809/809 810/810/810 808/808/808
f 811/811/811 805/805/805 810/810/810
f 811/811/811 807/807/807 805/805/805
f 809/809/809 753/753/753 812/812/812
f 812/812/812 810/810/810 809/809/809
f 749/749/749 812/812/812 753/753/753
f 813/813/813 811/811/811 810/810/810
f 813/813/813 810/810/810 812/812/812
f 807/807/807 811/811/811 813/813/813
f 749/749/749 814/814/814 812/812/812
f 814/814/814 813/813/813 812/812/812
f 733/733/733 814/814/814 749/749/749
f 814/814/814 693/693/693 813/813/813
f 733/733/733 693/693/693 814/814/814
f 693/693/693 807/807/807 813/813/813
f 733/733/733 694/694/694 693/693/693
f 693/693/693 689/689/689 807/807/807
f 807/807/807 689/689/689 815/815/815
f 806/806/806 807/807/807 815/815/815
f 815/815/815 689/689/689 690/690/690
f 815/815/815 816/816/816 806/806/806
f 816/816/816 803/803/803 806/806/806
f 690/690/690 817/817/817 815/815/815
f 815/815/815 817/817/817 816/816/816
f 816/816/816 818/818/818 803/803/803
f 817/817/817 818/818/818 816/816/816
f 819/819/819 803/803/803 818/818/818
f 820/820/820 818/818/818 817/817/817
f 817/817/817 690/690/690 820/820/820
f 819/819/819 818/818/818 820/820/820
f 690/690/690 821/821/821 820/820/820
f 804/804/804 803/803/803 819/819/819
f 822/822/822 804/804/804 819/819/819
f 822/822/822 823/823/823 804/804/804
f 822/822/822 819/819/819 823/823/823
f 824/824/824 804/804/804 823/823/823
f 804/804/804 824/824/824 800/800/800
f 820/820/820 825/825/825 819/819/819
f 819/819/819 825/825/825 823/823/823
f 826/826/826 800/800/800 824/824/824
f 824/824/824 823/823/823 826/826/826
f 825/825/825 820/820/820 827/827/827
f 827/827/827 820/820/820 821/821/821
f 825/825/825 828/828/828 823/823/823
f 825/825/825 827/827/827 828/828/828
f 690/690/690 687/687/687 821/821/821
f 827/827/827 829/829/829 828/828/828
f 821/821/821 830/830/830 827/827/827
f 829/829/829 827/827/827 830/830/830
f 821/821/821 831/831/831 830/830/830
f 821/821/821 687/687/687 831/831/831
f 830/830/830 831/831/831 832/832/832
f 832/832/832 829/829/829 830/830/830
f 687/687/687 833/833/833 831/831/831
f 833/833/833 834/834/834 831/831/831
f 831/831/831 834/834/834 832/832/832
f 687/687/687 835/835/835 833/833/833
f 835/835/835 834/834/834 833/833/833
f 834/834/834 836/836/836 832/832/832
f 837/837/837 835/835/835 687/687/687
f 837/837/837 687/687/687 660/660/660
f 660/660/660 838/838/838 837/837/837
f 650/650/650 838/838/838 660/660/660
f 835/835/835 837/837/837 839/839/839
f 837/837/837 838/838/838 839/839/839
f 840/840/840 838/838/838 650/650/650
f 840/840/840 839/839/839 838/838/838
f 840/840/840 650/650/650 644/644/644
f 835/835/835 839/839/839 841/841/841
f 644/644/644 842/842/842 840/840/840
f 843/843/843 839/839/839 840/840/840
f 843/843/843 841/841/841 839/839/839
f 843/843/843 840/840/840 844/844/844
f 840/840/840 842/842/842 844/844/844
f 835/835/835 841/841/841 845/845/845
f 845/845/845 834/834/834 835/835/835
f 841/841/841 846/846/846 845/845/845
f 845/845/845 847/847/847 834/834/834
f 848/848/848 847/847/847 845/845/845
f 848/848/848 845/845/845 846/846/846
f 834/834/834 847/847/847 836/836/836
f 849/849/849 847/847/847 848/848/848
f 849/849/849 836/836/836 847/847/847
f 848/848/848 846/846/846 849/849/849
f 841/841/841 850/850/850 846/846/846
f 841/841/841 843/843/843 850/850/850
f 846/846/846 851/851/851 849/849/849
f 852/852/852 846/846/846 850/850/850
f 852/852/852 851/851/851 846/846/846
f 849/849/849 851/851/851 853/853/853
f 849/849/849 853/853/853 836/836/836
f 843/843/843 854/854/854 850/850/850
f 844/844/844 854/854/854 843/843/843
f 852/852/852 850/850/850 855/855/855
f 855/855/855 850/850/850 854/854/854
f 851/851/851 852/852/852 856/856/856
f 855/855/855 856/856/856 852/852/852
f 854/854/854 857/857/857 855/855/855
f 857/857/857 856/856/856 855/855/855
f 854/854/854 844/844/844 858/858/858
f 858/858/858 857/857/857 854/854/854
f 844/844/844 859/859/859 858/858/858
f 858/858/858 859/859/859 857/857/857
f 844/844/844 91/91/91 859/859/859
f 859/859/859 84/84/84 857/857/857
f 859/859/859 91/91/91 84/84/84
f 84/84/84 85/85/85 857/857/857
f 857/857/857 85/85/85 856/856/856
f 842/842/842 91/91/91 844/844/844
f 851/851/851 856/856/856 860/860/860
f 856/856/856 85/85/85 860/860/860
f 851/851/851 860/860/860 853/853/853
f 861/861/861 860/860/860 85/85/85
f 842/842/842 576/576/576 91/91/91
f 862/862/862 576/576/576 842/842/842
f 863/863/863 91/91/91 576/576/576
f 91/91/91 863/863/863 87/87/87
f 87/87/87 863/863/863 89/89/89
f 100/100/100 89/89/89 863/863/863
f 100/100/100 863/863/863 576/576/576
f 574/574/574 576/576/576 862/862/862
f 862/862/862 842/842/842 864/864/864
f 864/864/864 574/574/574 862/862/862
f 644/644/644 864/864/864 842/842/842
f 864/864/864 573/573/573 574/574/574
f 644/644/644 573/573/573 864/864/864
f 77/77/77 865/865/865 85/85/85
f 85/85/85 865/865/865 861/861/861
f 865/865/865 77/77/77 866/866/866
f 76/76/76 866/866/866 77/77/77
f 867/867/867 865/865/865 866/866/866
f 868/868/868 865/865/865 867/867/867
f 865/865/865 868/868/868 861/861/861
f 869/869/869 867/867/867 866/866/866
f 869/869/869 868/868/868 867/867/867
f 76/76/76 870/870/870 866/866/866
f 869/869/869 866/866/866 870/870/870
f 76/76/76 75/75/75 870/870/870
f 868/868/868 869/869/869 871/871/871
f 868/868/868 871/871/871 861/861/861
f 870/870/870 872/872/872 869/869/869
f 869/869/869 872/872/872 871/871/871
f 75/75/75 873/873/873 870/870/870
f 870/870/870 873/873/873 872/872/872
f 873/873/873 75/75/75 874/874/874
f 874/874/874 75/75/75 67/67/67
f 873/873/873 875/875/875 872/872/872
f 873/873/873 874/874/874 875/875/875
f 874/874/874 67/67/67 876/876/876
f 874/874/874 876/876/876 875/875/875
f 876/876/876 67/67/67 61/61/61
f 55/55/55 876/876/876 61/61/61
f 877/877/877 875/875/875 876/876/876
f 872/872/872 875/875/875 877/877/877
f 877/877/877 876/876/876 55/55/55
f 872/872/872 877/877/877 878/878/878
f 871/871/871 872/872/872 878/878/878
f 55/55/55 879/879/879 877/877/877
f 879/879/879 55/55/55 1/1/1
f 878/878/878 877/877/877 880/880/880
f 879/879/879 880/880/880 877/877/877
f 10/10/10 879/879/879 1/1/1
f 880/880/880 879/879/879 881/881/881
f 879/879/879 10/10/10 881/881/881
f 880/880/880 882/882/882 878/878/878
f 881/881/881 883/883/883 880/880/880
f 882/882/882 880/880/880 883/883/883
f 883/883/883 881/881/881 884/884/884
f 881/881/881 10/10/10 884/884/884
f 878/878/878 882/882/882 885/885/885
f 878/878/878 885/885/885 871/871/871
f 882/882/882 883/883/883 886/886/886
f 885/885/885 882/882/882 886/886/886
f 887/887/887 871/871/871 885/885/885
f 887/887/887 885/885/885 886/886/886
f 887/887/887 888/888/888 871/871/871
f 888/888/888 861/861/861 871/871/871
f 887/887/887 889/889/889 888/888/888
f 861/861/861 888/888/888 890/890/890
f 889/889/889 890/890/890 888/888/888
f 860/860/860 861/861/861 890/890/890
f 853/853/853 860/860/860 890/890/890
f 853/853/853 890/890/890 889/889/889
f 891/891/891 889/889/889 887/887/887
f 891/891/891 887/887/887 886/886/886
f 891/891/891 892/892/892 889/889/889
f 893/893/893 853/853/853 889/889/889
f 893/893/893 889/889/889 892/892/892
f 894/894/894 853/853/853 893/893/893
f 836/836/836 853/853/853 894/894/894
f 895/895/895 836/836/836 894/894/894
f 832/832/832 836/836/836 895/895/895
f 894/894/894 896/896/896 895/895/895
f 832/832/832 895/895/895 897/897/897
f 897/897/897 895/895/895 896/896/896
f 832/832/832 897/897/897 829/829/829
f 894/894/894 893/893/893 898/898/898
f 898/898/898 896/896/896 894/894/894
f 899/899/899 898/898/898 893/893/893
f 892/892/892 899/899/899 893/893/893
f 829/829/829 897/897/897 900/900/900
f 897/897/897 896/896/896 900/900/900
f 900/900/900 901/901/901 829/829/829
f 828/828/828 829/829/829 901/901/901
f 828/828/828 901/901/901 823/823/823
f 900/900/900 896/896/896 902/902/902
f 823/823/823 901/901/901 903/903/903
f 902/902/902 896/896/896 904/904/904
f 896/896/896 898/898/898 904/904/904
f 902/902/902 905/905/905 900/900/900
f 901/901/901 900/900/900 905/905/905
f 902/902/902 904/904/904 905/905/905
f 905/905/905 903/903/903 901/901/901
f 904/904/904 898/898/898 906/906/906
f 905/905/905 904/904/904 906/906/906
f 898/898/898 899/899/899 906/906/906
f 823/823/823 903/903/903 826/826/826
f 903/903/903 905/905/905 907/907/907
f 903/903/903 907/907/907 826/826/826
f 905/905/905 906/906/906 908/908/908
f 905/905/905 908/908/908 907/907/907
f 906/906/906 899/899/899 909/909/909
f 909/909/909 908/908/908 906/906/906
f 908/908/908 909/909/909 910/910/910
f 910/910/910 907/907/907 908/908/908
f 909/909/909 899/899/899 911/911/911
f 899/899/899 912/912/912 911/911/911
f 912/912/912 899/899/899 892/892/892
f 909/909/909 911/911/911 913/913/913
f 910/910/910 909/909/909 913/913/913
f 911/911/911 912/912/912 914/914/914
f 912/912/912 892/892/892 914/914/914
f 915/915/915 913/913/913 911/911/911
f 911/911/911 914/914/914 915/915/915
f 913/913/913 915/915/915 916/916/916
f 917/917/917 914/914/914 892/892/892
f 892/892/892 891/891/891 917/917/917
f 915/915/915 914/914/914 918/918/918
f 915/915/915 918/918/918 916/916/916
f 914/914/914 917/917/917 919/919/919
f 918/918/918 914/914/914 919/919/919
f 920/920/920 917/917/917 891/891/891
f 920/920/920 891/891/891 886/886/886
f 917/917/917 921/921/921 919/919/919
f 917/917/917 920/920/920 921/921/921
f 919/919/919 921/921/921 922/922/922
f 918/918/918 919/919/919 923/923/923
f 922/922/922 923/923/923 919/919/919
f 918/918/918 923/923/923 924/924/924
f 916/916/916 918/918/918 924/924/924
f 922/922/922 925/925/925 923/923/923
f 922/922/922 921/921/921 925/925/925
f 923/923/923 925/925/925 926/926/926
f 926/926/926 924/924/924 923/923/923
f 921/921/921 927/927/927 925/925/925
f 920/920/920 927/927/927 921/921/921
f 926/926/926 925/925/925 927/927/927
f 928/928/928 916/916/916 924/924/924
f 916/916/916 928/928/928 929/929/929
f 930/930/930 916/916/916 929/929/929
f 913/913/913 916/916/916 930/930/930
f 930/930/930 910/910/910 913/913/913
f 930/930/930 929/929/929 931/931/931
f 910/910/910 930/930/930 931/931/931
f 932/932/932 929/929/929 928/928/928
f 929/929/929 932/932/932 931/931/931
f 924/924/924 933/933/933 928/928/928
f 932/932/932 928/928/928 933/933/933
f 932/932/932 934/934/934 931/931/931
f 924/924/924 935/935/935 933/933/933
f 935/935/935 924/924/924 926/926/926
f 936/936/936 932/932/932 933/933/933
f 932/932/932 936/936/936 934/934/934
f 933/933/933 935/935/935 936/936/936
f 931/931/931 934/934/934 937/937/937
f 936/936/936 937/937/937 934/934/934
f 931/931/931 938/938/938 910/910/910
f 937/937/937 938/938/938 931/931/931
f 910/910/910 938/938/938 907/907/907
f 939/939/939 936/936/936 935/935/935
f 907/907/907 938/938/938 940/940/940
f 940/940/940 938/938/938 937/937/937
f 941/941/941 907/907/907 940/940/940
f 941/941/941 826/826/826 907/907/907
f 942/942/942 939/939/939 935/935/935
f 942/942/942 935/935/935 926/926/926
f 939/939/939 943/943/943 936/936/936
f 939/939/939 942/942/942 943/943/943
f 936/936/936 943/943/943 944/944/944
f 944/944/944 937/937/937 936/936/936
f 945/945/945 943/943/943 942/942/942
f 942/942/942 926/926/926 946/946/946
f 946/946/946 926/926/926 927/927/927
f 946/946/946 947/947/947 942/942/942
f 947/947/947 945/945/945 942/942/942
f 946/946/946 948/948/948 947/947/947
f 927/927/927 948/948/948 946/946/946
f 949/949/949 947/947/947 948/948/948
f 947/947/947 949/949/949 945/945/945
f 927/927/927 950/950/950 948/948/948
f 949/949/949 948/948/948 950/950/950
f 945/945/945 951/951/951 943/943/943
f 943/943/943 951/951/951 944/944/944
f 951/951/951 945/945/945 952/952/952
f 953/953/953 944/944/944 951/951/951
f 952/952/952 953/953/953 951/951/951
f 949/949/949 954/954/954 945/945/945
f 952/952/952 945/945/945 954/954/954
f 950/950/950 955/955/955 949/949/949
f 956/956/956 954/954/954 949/949/949
f 955/955/955 956/956/956 949/949/949
f 952/952/952 954/954/954 957/957/957
f 954/954/954 956/956/956 958/958/958
f 958/958/958 957/957/957 954/954/954
f 955/955/955 959/959/959 956/956/956
f 956/956/956 959/959/959 958/958/958
f 955/955/955 950/950/950 960/960/960
f 955/955/955 960/960/960 959/959/959
f 960/960/960 950/950/950 961/961/961
f 961/961/961 950/950/950 927/927/927
f 962/962/962 959/959/959 960/960/960
f 962/962/962 963/963/963 959/959/959
f 963/963/963 958/958/958 959/959/959
f 960/960/960 964/964/964 962/962/962
f 963/963/963 962/962/962 964/964/964
f 958/958/958 963/963/963 965/965/965
f 966/966/966 963/963/963 964/964/964
f 963/963/963 966/966/966 965/965/965
f 967/967/967 964/964/964 960/960/960
f 968/968/968 966/966/966 964/964/964
f 968/968/968 964/964/964 967/967/967
f 967/967/967 960/960/960 969/969/969
f 969/969/969 960/960/960 961/961/961
f 968/968/968 967/967/967 26/26/26
f 970/970/970 966/966/966 968/968/968
f 26/26/26 970/970/970 968/968/968
f 970/970/970 26/26/26 25/25/25
f 26/26/26 967/967/967 971/971/971
f 971/971/971 967/967/967 969/969/969
f 971/971/971 24/24/24 26/26/26
f 972/972/972 24/24/24 971/971/971
f 10/10/10 24/24/24 972/972/972
f 884/884/884 10/10/10 972/972/972
f 971/971/971 973/973/973 972/972/972
f 971/971/971 969/969/969 973/973/973
f 973/973/973 884/884/884 972/972/972
f 974/974/974 973/973/973 969/969/969
f 961/961/961 974/974/974 969/969/969
f 975/975/975 884/884/884 973/973/973
f 974/974/974 975/975/975 973/973/973
f 976/976/976 884/884/884 975/975/975
f 976/976/976 883/883/883 884/884/884
f 886/886/886 883/883/883 976/976/976
f 975/975/975 974/974/974 977/977/977
f 975/975/975 977/977/977 976/976/976
f 974/974/974 961/961/961 977/977/977
f 976/976/976 978/978/978 886/886/886
f 978/978/978 976/976/976 977/977/977
f 886/886/886 978/978/978 920/920/920
f 977/977/977 961/961/961 979/979/979
f 978/978/978 977/977/977 979/979/979
f 979/979/979 920/920/920 978/978/978
f 927/927/927 979/979/979 961/961/961
f 979/979/979 927/927/927 920/920/920
f 982/982/982 981/981/981 980/980/980
f 983/983/983 981/981/981 982/982/982
f 980/980/980 981/981/981 984/984/984
f 985/985/985 983/983/983 982/982/982
f 981/981/981 783/783/783 984/984/984
f 983/983/983 986/986/986 981/981/981
f 986/986/986 783/783/783 981/981/981
f 783/783/783 986/986/986 769/769/769
f 769/769/769 986/986/986 987/987/987
f 987/987/987 986/986/986 983/983/983
f 762/762/762 769/769/769 987/987/987
f 983/983/983 988/988/988 987/987/987
f 762/762/762 987/987/987 988/988/988
f 983/983/983 989/989/989 988/988/988
f 983/983/983 985/985/985 989/989/989
f 762/762/762 988/988/988 990/990/990
f 990/990/990 988/988/988 989/989/989
f 762/762/762 990/990/990 991/991/991
f 991/991/991 310/310/310 762/762/762
f 310/310/310 991/991/991 261/261/261
f 261/261/261 991/991/991 252/252/252
f 992/992/992 252/252/252 991/991/991
f 991/991/991 990/990/990 992/992/992
f 252/252/252 992/992/992 254/254/254
f 992/992/992 990/990/990 993/993/993
f 254/254/254 992/992/992 993/993/993
f 989/989/989 994/994/994 990/990/990
f 993/993/993 990/990/990 994/994/994
f 995/995/995 993/993/993 994/994/994
f 994/994/994 989/989/989 996/996/996
f 996/996/996 995/995/995 994/994/994
f 989/989/989 997/997/997 996/996/996
f 989/989/989 985/985/985 997/997/997
f 993/993/993 998/998/998 254/254/254
f 995/995/995 998/998/998 993/993/993
f 995/995/995 996/996/996 999/999/999
f 995/995/995 999/999/999 998/998/998
f 1000/1000/1000 996/996/996 997/997/997
f 996/996/996 1000/1000/1000 999/999/999
f 997/997/997 985/985/985 1001/1001/1001
f 1001/1001/1001 1000/1000/1000 997/997/997
f 1002/1002/1002 999/999/999 1000/1000/1000
f 998/998/998 999/999/999 1002/1002/1002
f 1003/1003/1003 1002/1002/1002 1000/1000/1000
f 1003/1003/1003 1000/1000/1000 1001/1001/1001
f 1002/1002/1002 1003/1003/1003 1004/1004/1004
f 1005/1005/1005 1003/1003/1003 1001/1001/1001
f 1005/1005/1005 1004/1004/1004 1003/1003/1003
f 1006/1006/1006 1002/1002/1002 1004/1004/1004
f 1006/1006/1006 998/998/998 1002/1002/1002
f 1006/1006/1006 1004/1004/1004 1007/1007/1007
f 1008/1008/1008 1004/1004/1004 1005/1005/1005
f 1007/1007/1007 1004/1004/1004 1008/1008/1008
f 1001/1001/1001 1009/1009/1009 1005/1005/1005
f 1008/1008/1008 1005/1005/1005 1009/1009/1009
f 1009/1009/1009 1001/1001/1001 1010/1010/1010
f 1010/1010/1010 1001/1001/1001 985/985/985
f 1011/1011/1011 1010/1010/1010 985/985/985
f 985/985/985 982/982/982 1011/1011/1011
f 1012/1012/1012 1009/1009/1009 1010/1010/1010
f 1013/1013/1013 1008/1008/1008 1009/1009/1009
f 1009/1009/1009 1012/1012/1012 1013/1013/1013
f 1012/1012/1012 1010/1010/1010 1014/1014/1014
f 1014/1014/1014 1010/1010/1010 1011/1011/1011
f 1015/1015/1015 1012/1012/1012 1014/1014/1014
f 1012/1012/1012 1015/1015/1015 1013/1013/1013
f 1014/1014/1014 1011/1011/1011 1016/1016/1016
f 1015/1015/1015 1014/1014/1014 1016/1016/1016
f 1016/1016/1016 1011/1011/1011 1017/1017/1017
f 982/982/982 1018/1018/1018 1011/1011/1011
f 1017/1017/1017 1011/1011/1011 1018/1018/1018
f 980/980/980 1018/1018/1018 982/982/982
f 1017/1017/1017 1018/1018/1018 1019/1019/1019
f 1016/1016/1016 1017/1017/1017 1019/1019/1019
f 980/980/980 1019/1019/1019 1018/1018/1018
f 1020/1020/1020 1015/1015/1015 1016/1016/1016
f 1020/1020/1020 1016/1016/1016 1019/1019/1019
f 1019/1019/1019 1021/1021/1021 1020/1020/1020
f 980/980/980 1022/1022/1022 1019/1019/1019
f 1023/1023/1023 1020/1020/1020 1021/1021/1021
f 1015/1015/1015 1020/1020/1020 1023/1023/1023
f 1021/1021/1021 1019/1019/1019 1024/1024/1024
f 1021/1021/1021 1024/1024/1024 1023/1023/1023
f 1024/1024/1024 1019/1019/1019 1022/1022/1022
f 1015/1015/1015 1023/1023/1023 1025/1025/1025
f 1023/1023/1023 1024/1024/1024 1025/1025/1025
f 980/980/980 1026/1026/1026 1022/1022/1022
f 1024/1024/1024 1022/1022/1022 1026/1026/1026
f 980/980/980 984/984/984 1026/1026/1026
f 1025/1025/1025 1024/1024/1024 1027/1027/1027
f 1015/1015/1015 1025/1025/1025 1028/1028/1028
f 1024/1024/1024 1029/1029/1029 1027/1027/1027
f 1015/1015/1015 1028/1028/1028 1013/1013/1013
f 1027/1027/1027 1030/1030/1030 1025/1025/1025
f 1030/1030/1030 1027/1027/1027 1029/1029/1029
f 1025/1025/1025 1031/1031/1031 1028/1028/1028
f 1031/1031/1031 1025/1025/1025 1030/1030/1030
f 1026/1026/1026 1032/1032/1032 1024/1024/1024
f 1024/1024/1024 1032/1032/1032 1029/1029/1029
f 1032/1032/1032 1026/1026/1026 1033/1033/1033
f 1026/1026/1026 984/984/984 1033/1033/1033
f 1034/1034/1034 1032/1032/1032 1033/1033/1033
f 1033/1033/1033 984/984/984 1035/1035/1035
f 1034/1034/1034 1033/1033/1033 1035/1035/1035
f 1034/1034/1034 1036/1036/1036 1032/1032/1032
f 1029/1029/1029 1032/1032/1032 1036/1036/1036
f 1035/1035/1035 1037/1037/1037 1034/1034/1034
f 1037/1037/1037 1036/1036/1036 1034/1034/1034
f 1038/1038/1038 1035/1035/1035 984/984/984
f 1038/1038/1038 984/984/984 783/783/783
f 1038/1038/1038 783/783/783 1039/1039/1039
f 1038/1038/1038 1040/1040/1040 1035/1035/1035
f 1039/1039/1039 1040/1040/1040 1038/1038/1038
f 1040/1040/1040 1037/1037/1037 1035/1035/1035
f 783/783/783 784/784/784 1039/1039/1039
f 784/784/784 1040/1040/1040 1039/1039/1039
f 784/784/784 1041/1041/1041 1040/1040/1040
f 784/784/784 1042/1042/1042 1041/1041/1041
f 1042/1042/1042 1040/1040/1040 1041/1041/1041
f 784/784/784 785/785/785 1042/1042/1042
f 785/785/785 787/787/787 1042/1042/1042
f 787/787/787 1043/1043/1043 1042/1042/1042
f 1044/1044/1044 1040/1040/1040 1042/1042/1042
f 1042/1042/1042 1043/1043/1043 1044/1044/1044
f 787/787/787 1045/1045/1045 1043/1043/1043
f 1044/1044/1044 1043/1043/1043 1045/1045/1045
f 787/787/787 797/797/797 1045/1045/1045
f 1045/1045/1045 1046/1046/1046 1044/1044/1044
f 1045/1045/1045 797/797/797 1046/1046/1046
f 1040/1040/1040 1044/1044/1044 1047/1047/1047
f 1048/1048/1048 1044/1044/1044 1046/1046/1046
f 1048/1048/1048 1047/1047/1047 1044/1044/1044
f 1048/1048/1048 1046/1046/1046 1049/1049/1049
f 1048/1048/1048 1049/1049/1049 1047/1047/1047
f 797/797/797 1050/1050/1050 1046/1046/1046
f 1051/1051/1051 1040/1040/1040 1047/1047/1047
f 1040/1040/1040 1051/1051/1051 1037/1037/1037
f 1037/1037/1037 1051/1051/1051 1052/1052/1052
f 1052/1052/1052 1036/1036/1036 1037/1037/1037
f 1053/1053/1053 1051/1051/1051 1047/1047/1047
f 1052/1052/1052 1051/1051/1051 1053/1053/1053
f 1036/1036/1036 1052/1052/1052 1054/1054/1054
f 1054/1054/1054 1052/1052/1052 1053/1053/1053
f 1047/1047/1047 1055/1055/1055 1053/1053/1053
f 1047/1047/1047 1049/1049/1049 1055/1055/1055
f 1054/1054/1054 1053/1053/1053 1056/1056/1056
f 1055/1055/1055 1056/1056/1056 1053/1053/1053
f 1054/1054/1054 1057/1057/1057 1036/1036/1036
f 1057/1057/1057 1029/1029/1029 1036/1036/1036
f 1056/1056/1056 1058/1058/1058 1054/1054/1054
f 1056/1056/1056 1055/1055/1055 1058/1058/1058
f 1054/1054/1054 1059/1059/1059 1057/1057/1057
f 1054/1054/1054 1058/1058/1058 1059/1059/1059
f 1060/1060/1060 1029/1029/1029 1057/1057/1057
f 1059/1059/1059 1058/1058/1058 1061/1061/1061
f 1061/1061/1061 1058/1058/1058 1055/1055/1055
f 1057/1057/1057 1059/1059/1059 1062/1062/1062
f 1059/1059/1059 1061/1061/1061 1062/1062/1062
f 1062/1062/1062 1060/1060/1060 1057/1057/1057
f 1063/1063/1063 1062/1062/1062 1061/1061/1061
f 1062/1062/1062 1063/1063/1063 1060/1060/1060
f 1061/1061/1061 1055/1055/1055 1064/1064/1064
f 1064/1064/1064 1063/1063/1063 1061/1061/1061
f 1064/1064/1064 1055/1055/1055 1065/1065/1065
f 1065/1065/1065 1055/1055/1055 1049/1049/1049
f 1064/1064/1064 1066/1066/1066 1063/1063/1063
f 1063/1063/1063 1066/1066/1066 1060/1060/1060
f 1067/1067/1067 1066/1066/1066 1064/1064/1064
f 1067/1067/1067 1064/1064/1064 1065/1065/1065
f 1066/1066/1066 1067/1067/1067 1068/1068/1068
f 1065/1065/1065 1068/1068/1068 1067/1067/1067
f 1066/1066/1066 1068/1068/1068 1069/1069/1069
f 1066/1066/1066 1069/1069/1069 1060/1060/1060
f 1070/1070/1070 1065/1065/1065 1049/1049/1049
f 1070/1070/1070 1049/1049/1049 1046/1046/1046
f 1071/1071/1071 1068/1068/1068 1065/1065/1065
f 1070/1070/1070 1071/1071/1071 1065/1065/1065
f 1046/1046/1046 1072/1072/1072 1070/1070/1070
f 1072/1072/1072 1071/1071/1071 1070/1070/1070
f 1050/1050/1050 1072/1072/1072 1046/1046/1046
f 1069/1069/1069 1073/1073/1073 1060/1060/1060
f 1029/1029/1029 1060/1060/1060 1073/1073/1073
f 1030/1030/1030 1029/1029/1029 1073/1073/1073
f 1074/1074/1074 1030/1030/1030 1073/1073/1073
f 1031/1031/1031 1030/1030/1030 1074/1074/1074
f 1074/1074/1074 1073/1073/1073 1075/1075/1075
f 1031/1031/1031 1074/1074/1074 1076/1076/1076
f 1076/1076/1076 1074/1074/1074 1075/1075/1075
f 1077/1077/1077 1075/1075/1075 1073/1073/1073
f 1073/1073/1073 1069/1069/1069 1077/1077/1077
f 1075/1075/1075 1078/1078/1078 1076/1076/1076
f 1078/1078/1078 1075/1075/1075 1077/1077/1077
f 1031/1031/1031 1076/1076/1076 1079/1079/1079
f 1069/1069/1069 1080/1080/1080 1077/1077/1077
f 1078/1078/1078 1077/1077/1077 1080/1080/1080
f 1076/1076/1076 1078/1078/1078 1081/1081/1081
f 1079/1079/1079 1076/1076/1076 1081/1081/1081
f 1080/1080/1080 1082/1082/1082 1078/1078/1078
f 1078/1078/1078 1082/1082/1082 1081/1081/1081
f 1079/1079/1079 1083/1083/1083 1031/1031/1031
f 1083/1083/1083 1028/1028/1028 1031/1031/1031
f 1084/1084/1084 1028/1028/1028 1083/1083/1083
f 1013/1013/1013 1028/1028/1028 1084/1084/1084
f 1085/1085/1085 1083/1083/1083 1079/1079/1079
f 1081/1081/1081 1082/1082/1082 1086/1086/1086
f 1082/1082/1082 1080/1080/1080 1086/1086/1086
f 1087/1087/1087 1079/1079/1079 1081/1081/1081
f 1079/1079/1079 1087/1087/1087 1085/1085/1085
f 1087/1087/1087 1081/1081/1081 1088/1088/1088
f 1089/1089/1089 1087/1087/1087 1088/1088/1088
f 1089/1089/1089 1085/1085/1085 1087/1087/1087
f 1081/1081/1081 1090/1090/1090 1088/1088/1088
f 1090/1090/1090 1081/1081/1081 1086/1086/1086
f 1091/1091/1091 1088/1088/1088 1090/1090/1090
f 1088/1088/1088 1091/1091/1091 1089/1089/1089
f 1086/1086/1086 1092/1092/1092 1090/1090/1090
f 1090/1090/1090 1092/1092/1092 1091/1091/1091
f 1089/1089/1089 1091/1091/1091 1093/1093/1093
f 1093/1093/1093 1091/1091/1091 1094/1094/1094
f 1091/1091/1091 1092/1092/1092 1094/1094/1094
f 1093/1093/1093 1095/1095/1095 1089/1089/1089
f 1096/1096/1096 1093/1093/1093 1094/1094/1094
f 1096/1096/1096 1095/1095/1095 1093/1093/1093
f 1095/1095/1095 1097/1097/1097 1089/1089/1089
f 1097/1097/1097 1085/1085/1085 1089/1089/1089
f 1098/1098/1098 1095/1095/1095 1096/1096/1096
f 1098/1098/1098 1097/1097/1097 1095/1095/1095
f 1099/1099/1099 1096/1096/1096 1094/1094/1094
f 1094/1094/1094 1092/1092/1092 1100/1100/1100
f 1094/1094/1094 1100/1100/1100 1099/1099/1099
f 1101/1101/1101 1096/1096/1096 1099/1099/1099
f 1100/1100/1100 1102/1102/1102 1099/1099/1099
f 1101/1101/1101 1099/1099/1099 1102/1102/1102
f 1103/1103/1103 1096/1096/1096 1101/1101/1101
f 1096/1096/1096 1103/1103/1103 1098/1098/1098
f 1101/1101/1101 1104/1104/1104 1103/1103/1103
f 1102/1102/1102 1104/1104/1104 1101/1101/1101
f 1105/1105/1105 1098/1098/1098 1103/1103/1103
f 1104/1104/1104 1105/1105/1105 1103/1103/1103
f 1098/1098/1098 1106/1106/1106 1097/1097/1097
f 1105/1105/1105 1107/1107/1107 1098/1098/1098
f 1107/1107/1107 1106/1106/1106 1098/1098/1098
f 205/205/205 1107/1107/1107 1105/1105/1105
f 1107/1107/1107 205/205/205 216/216/216
f 1107/1107/1107 216/216/216 225/225/225
f 225/225/225 1106/1106/1106 1107/1107/1107
f 1106/1106/1106 225/225/225 1097/1097/1097
f 1104/1104/1104 169/169/169 1105/1105/1105
f 204/204/204 1105/1105/1105 169/169/169
f 1104/1104/1104 1108/1108/1108 169/169/169
f 1108/1108/1108 1104/1104/1104 1102/1102/1102
f 169/169/169 1108/1108/1108 1102/1102/1102
f 225/225/225 1109/1109/1109 1097/1097/1097
f 1097/1097/1097 1109/1109/1109 1085/1085/1085
f 225/225/225 1110/1110/1110 1109/1109/1109
f 223/223/223 1110/1110/1110 225/225/225
f 1109/1109/1109 1111/1111/1111 1085/1085/1085
f 1083/1083/1083 1085/1085/1085 1111/1111/1111
f 1111/1111/1111 1084/1084/1084 1083/1083/1083
f 1111/1111/1111 1109/1109/1109 1112/1112/1112
f 1109/1109/1109 1110/1110/1110 1112/1112/1112
f 1112/1112/1112 1084/1084/1084 1111/1111/1111
f 223/223/223 226/226/226 1110/1110/1110
f 1110/1110/1110 1113/1113/1113 1112/1112/1112
f 1110/1110/1110 226/226/226 1113/1113/1113
f 1084/1084/1084 1112/1112/1112 1113/1113/1113
f 1113/1113/1113 1114/1114/1114 1084/1084/1084
f 1114/1114/1114 1013/1013/1013 1084/1084/1084
f 1114/1114/1114 1115/1115/1115 1013/1013/1013
f 1115/1115/1115 1008/1008/1008 1013/1013/1013
f 1008/1008/1008 1115/1115/1115 1007/1007/1007
f 1115/1115/1115 1114/1114/1114 1116/1116/1116
f 1114/1114/1114 1113/1113/1113 1116/1116/1116
f 1007/1007/1007 1115/1115/1115 1117/1117/1117
f 1116/1116/1116 1117/1117/1117 1115/1115/1115
f 1118/1118/1118 1116/1116/1116 1113/1113/1113
f 226/226/226 1119/1119/1119 1113/1113/1113
f 1113/1113/1113 1119/1119/1119 1118/1118/1118
f 1119/1119/1119 226/226/226 1120/1120/1120
f 1120/1120/1120 226/226/226 227/227/227
f 1119/1119/1119 1121/1121/1121 1118/1118/1118
f 1121/1121/1121 1119/1119/1119 1120/1120/1120
f 1122/1122/1122 1120/1120/1120 227/227/227
f 1121/1121/1121 1120/1120/1120 1122/1122/1122
f 1122/1122/1122 227/227/227 232/232/232
f 232/232/232 236/236/236 1122/1122/1122
f 1116/1116/1116 1118/1118/1118 1123/1123/1123
f 1123/1123/1123 1117/1117/1117 1116/1116/1116
f 1118/1118/1118 1121/1121/1121 1124/1124/1124
f 1121/1121/1121 1122/1122/1122 1124/1124/1124
f 1123/1123/1123 1118/1118/1118 1124/1124/1124
f 1124/1124/1124 1125/1125/1125 1123/1123/1123
f 1123/1123/1123 1125/1125/1125 1117/1117/1117
f 1126/1126/1126 1124/1124/1124 1122/1122/1122
f 1124/1124/1124 1126/1126/1126 1125/1125/1125
f 236/236/236 1127/1127/1127 1122/1122/1122
f 1126/1126/1126 1122/1122/1122 1127/1127/1127
f 1128/1128/1128 1125/1125/1125 1126/1126/1126
f 1128/1128/1128 1126/1126/1126 1127/1127/1127
f 1117/1117/1117 1125/1125/1125 1128/1128/1128
f 1127/1127/1127 236/236/236 1129/1129/1129
f 236/236/236 243/243/243 1129/1129/1129
f 1127/1127/1127 1130/1130/1130 1128/1128/1128
f 1127/1127/1127 1129/1129/1129 1130/1130/1130
f 1131/1131/1131 1117/1117/1117 1128/1128/1128
f 1130/1130/1130 1131/1131/1131 1128/1128/1128
f 1129/1129/1129 1132/1132/1132 1130/1130/1130
f 1129/1129/1129 243/243/243 1132/1132/1132
f 1130/1130/1130 1132/1132/1132 1131/1131/1131
f 1131/1131/1131 1133/1133/1133 1117/1117/1117
f 1007/1007/1007 1117/1117/1117 1133/1133/1133
f 1132/1132/1132 1134/1134/1134 1131/1131/1131
f 1131/1131/1131 1134/1134/1134 1133/1133/1133
f 1135/1135/1135 1132/1132/1132 243/243/243
f 1132/1132/1132 1135/1135/1135 1134/1134/1134
f 1007/1007/1007 1133/1133/1133 1136/1136/1136
f 1133/1133/1133 1134/1134/1134 1136/1136/1136
f 1136/1136/1136 1006/1006/1006 1007/1007/1007
f 1137/1137/1137 1136/1136/1136 1134/1134/1134
f 1136/1136/1136 1137/1137/1137 1006/1006/1006
f 1134/1134/1134 1135/1135/1135 1137/1137/1137
f 1137/1137/1137 998/998/998 1006/1006/1006
f 1135/1135/1135 998/998/998 1137/1137/1137
f 1138/1138/1138 998/998/998 1135/1135/1135
f 1138/1138/1138 254/254/254 998/998/998
f 254/254/254 1138/1138/1138 247/247/247
f 1138/1138/1138 1135/1135/1135 1139/1139/1139
f 247/247/247 1138/1138/1138 1139/1139/1139
f 1135/1135/1135 243/243/243 1139/1139/1139
f 1139/1139/1139 244/244/244 247/247/247
f 244/244/244 1139/1139/1139 243/243/243
f 1069/1069/1069 1068/1068/1068 1140/1140/1140
f 1140/1140/1140 1068/1068/1068 1071/1071/1071
f 1141/1141/1141 1069/1069/1069 1140/1140/1140
f 1141/1141/1141 1080/1080/1080 1069/1069/1069
f 1140/1140/1140 1071/1071/1071 953/953/953
f 953/953/953 952/952/952 1140/1140/1140
f 1141/1141/1141 1140/1140/1140 952/952/952
f 953/953/953 1071/1071/1071 944/944/944
f 957/957/957 1141/1141/1141 952/952/952
f 1141/1141/1141 957/957/957 1080/1080/1080
f 1071/1071/1071 1142/1142/1142 944/944/944
f 944/944/944 1142/1142/1142 937/937/937
f 1072/1072/1072 1142/1142/1142 1071/1071/1071
f 937/937/937 1142/1142/1142 1143/1143/1143
f 1072/1072/1072 1143/1143/1143 1142/1142/1142
f 1143/1143/1143 940/940/940 937/937/937
f 1072/1072/1072 1144/1144/1144 1143/1143/1143
f 940/940/940 1143/1143/1143 1144/1144/1144
f 1050/1050/1050 1144/1144/1144 1072/1072/1072
f 941/941/941 940/940/940 1144/1144/1144
f 941/941/941 1144/1144/1144 1050/1050/1050
f 1050/1050/1050 1145/1145/1145 941/941/941
f 797/797/797 1145/1145/1145 1050/1050/1050
f 1145/1145/1145 797/797/797 800/800/800
f 1145/1145/1145 1146/1146/1146 941/941/941
f 1146/1146/1146 1145/1145/1145 800/800/800
f 1146/1146/1146 826/826/826 941/941/941
f 826/826/826 1146/1146/1146 800/800/800
f 1147/1147/1147 1086/1086/1086 1080/1080/1080
f 957/957/957 1147/1147/1147 1080/1080/1080
f 957/957/957 1148/1148/1148 1147/1147/1147
f 958/958/958 1148/1148/1148 957/957/957
f 1149/1149/1149 1086/1086/1086 1147/1147/1147
f 1148/1148/1148 1149/1149/1149 1147/1147/1147
f 958/958/958 1149/1149/1149 1148/1148/1148
f 1149/1149/1149 1092/1092/1092 1086/1086/1086
f 1149/1149/1149 958/958/958 965/965/965
f 1149/1149/1149 965/965/965 1092/1092/1092
f 965/965/965 1100/1100/1100 1092/1092/1092
f 1100/1100/1100 965/965/965 1150/1150/1150
f 965/965/965 966/966/966 1150/1150/1150
f 1150/1150/1150 1102/1102/1102 1100/1100/1100
f 1151/1151/1151 1150/1150/1150 966/966/966
f 970/970/970 1151/1151/1151 966/966/966
f 1152/1152/1152 1102/1102/1102 1150/1150/1150
f 1151/1151/1151 1152/1152/1152 1150/1150/1150
f 1102/1102/1102 1152/1152/1152 169/169/169
f 169/169/169 1152/1152/1152 144/144/144
f 1153/1153/1153 144/144/144 1152/1152/1152
f 1153/1153/1153 1152/1152/1152 1151/1151/1151
f 144/144/144 1153/1153/1153 30/30/30
f 970/970/970 1154/1154/1154 1151/1151/1151
f 1154/1154/1154 1153/1153/1153 1151/1151/1151
f 30/30/30 1153/1153/1153 1154/1154/1154
f 970/970/970 25/25/25 1154/1154/1154
f 25/25/25 30/30/30 1154/1154/1154
f 416/416/416 403/403/403 402/402/402
f 1155/1155/1155 403/403/403 416/416/416
f 1155/1155/1155 1156/1156/1156 403/403/403
f 1155/1155/1155 416/416/416 1157/1157/1157
f 1155/1155/1155 1157/1157/1157 1156/1156/1156
f 416/416/416 423/423/423 1157/1157/1157
f 516/516/516 1157/1157/1157 423/423/423
f 1157/1157/1157 1158/1158/1158 1156/1156/1156
f 403/403/403 1156/1156/1156 1158/1158/1158
f 516/516/516 1158/1158/1158 1157/1157/1157
f 1159/1159/1159 403/403/403 1158/1158/1158
f 1159/1159/1159 399/399/399 403/403/403
f 399/399/399 1159/1159/1159 1160/1160/1160
f 1160/1160/1160 1159/1159/1159 1158/1158/1158
f 1160/1160/1160 405/405/405 399/399/399
f 1158/1158/1158 516/516/516 1161/1161/1161
f 1162/1162/1162 405/405/405 1160/1160/1160
f 1160/1160/1160 1158/1158/1158 1163/1163/1163
f 1163/1163/1163 1162/1162/1162 1160/1160/1160
f 1164/1164/1164 405/405/405 1162/1162/1162
f 405/405/405 1164/1164/1164 391/391/391
f 1165/1165/1165 1164/1164/1164 1162/1162/1162
f 1162/1162/1162 1163/1163/1163 1165/1165/1165
f 1166/1166/1166 391/391/391 1164/1164/1164
f 1165/1165/1165 1167/1167/1167 1164/1164/1164
f 1164/1164/1164 1167/1167/1167 1166/1166/1166
f 1166/1166/1166 1168/1168/1168 391/391/391
f 384/384/384 391/391/391 1168/1168/1168
f 1166/1166/1166 1167/1167/1167 1169/1169/1169
f 1166/1166/1166 1169/1169/1169 1168/1168/1168
f 384/384/384 1168/1168/1168 1170/1170/1170
f 1168/1168/1168 1169/1169/1169 1170/1170/1170
f 384/384/384 1170/1170/1170 392/392/392
f 1167/1167/1167 1171/1171/1171 1169/1169/1169
f 1170/1170/1170 1169/1169/1169 1171/1171/1171
f 1172/1172/1172 1167/1167/1167 1165/1165/1165
f 1167/1167/1167 1172/1172/1172 1171/1171/1171
f 1173/1173/1173 1172/1172/1172 1165/1165/1165
f 1165/1165/1165 1163/1163/1163 1173/1173/1173
f 1171/1171/1171 1172/1172/1172 1174/1174/1174
f 1175/1175/1175 1172/1172/1172 1173/1173/1173
f 1174/1174/1174 1172/1172/1172 1175/1175/1175
f 1170/1170/1170 1171/1171/1171 1176/1176/1176
f 1171/1171/1171 1177/1177/1177 1176/1176/1176
f 1177/1177/1177 1171/1171/1171 1174/1174/1174
f 1178/1178/1178 1170/1170/1170 1176/1176/1176
f 1170/1170/1170 1178/1178/1178 392/392/392
f 1179/1179/1179 1178/1178/1178 1176/1176/1176
f 1179/1179/1179 1176/1176/1176 1177/1177/1177
f 392/392/392 1178/1178/1178 1180/1180/1180
f 717/717/717 1179/1179/1179 1177/1177/1177
f 1177/1177/1177 714/714/714 717/717/717
f 1178/1178/1178 1179/1179/1179 1181/1181/1181
f 1181/1181/1181 1180/1180/1180 1178/1178/1178
f 1182/1182/1182 1179/1179/1179 717/717/717
f 1182/1182/1182 1181/1181/1181 1179/1179/1179
f 1182/1182/1182 717/717/717 718/718/718
f 714/714/714 1177/1177/1177 1183/1183/1183
f 1174/1174/1174 1183/1183/1183 1177/1177/1177
f 1183/1183/1183 1184/1184/1184 714/714/714
f 714/714/714 1184/1184/1184 679/679/679
f 673/673/673 679/679/679 1184/1184/1184
f 1184/1184/1184 1183/1183/1183 1185/1185/1185
f 1174/1174/1174 1185/1185/1185 1183/1183/1183
f 1186/1186/1186 673/673/673 1184/1184/1184
f 1184/1184/1184 1185/1185/1185 1186/1186/1186
f 673/673/673 1186/1186/1186 672/672/672
f 1174/1174/1174 1187/1187/1187 1185/1185/1185
f 1187/1187/1187 1186/1186/1186 1185/1185/1185
f 1188/1188/1188 672/672/672 1186/1186/1186
f 1188/1188/1188 1186/1186/1186 1187/1187/1187
f 1174/1174/1174 1189/1189/1189 1187/1187/1187
f 1188/1188/1188 1187/1187/1187 1189/1189/1189
f 1175/1175/1175 1189/1189/1189 1174/1174/1174
f 1188/1188/1188 1190/1190/1190 672/672/672
f 1189/1189/1189 1190/1190/1190 1188/1188/1188
f 1190/1190/1190 1191/1191/1191 672/672/672
f 1191/1191/1191 670/670/670 672/672/672
f 1192/1192/1192 1190/1190/1190 1189/1189/1189
f 1192/1192/1192 1189/1189/1189 1175/1175/1175
f 670/670/670 1191/1191/1191 671/671/671
f 1193/1193/1193 1191/1191/1191 1190/1190/1190
f 1193/1193/1193 671/671/671 1191/1191/1191
f 1190/1190/1190 1192/1192/1192 1193/1193/1193
f 671/671/671 1193/1193/1193 1194/1194/1194
f 1192/1192/1192 1195/1195/1195 1193/1193/1193
f 1194/1194/1194 1193/1193/1193 1195/1195/1195
f 1196/1196/1196 1195/1195/1195 1192/1192/1192
f 1197/1197/1197 1192/1192/1192 1175/1175/1175
f 1192/1192/1192 1197/1197/1197 1196/1196/1196
f 1196/1196/1196 1198/1198/1198 1195/1195/1195
f 1196/1196/1196 1197/1197/1197 1198/1198/1198
f 1194/1194/1194 1195/1195/1195 1198/1198/1198
f 1197/1197/1197 1175/1175/1175 1199/1199/1199
f 1197/1197/1197 1200/1200/1200 1198/1198/1198
f 1197/1197/1197 1199/1199/1199 1200/1200/1200
f 1198/1198/1198 1201/1201/1201 1194/1194/1194
f 1201/1201/1201 671/671/671 1194/1194/1194
f 1200/1200/1200 1201/1201/1201 1198/1198/1198
f 1175/1175/1175 1173/1173/1173 1199/1199/1199
f 671/671/671 1201/1201/1201 1202/1202/1202
f 671/671/671 1202/1202/1202 668/668/668
f 1201/1201/1201 1200/1200/1200 1203/1203/1203
f 1203/1203/1203 1202/1202/1202 1201/1201/1201
f 1202/1202/1202 1204/1204/1204 668/668/668
f 668/668/668 1204/1204/1204 658/658/658
f 1205/1205/1205 1202/1202/1202 1203/1203/1203
f 1205/1205/1205 1204/1204/1204 1202/1202/1202
f 1204/1204/1204 1206/1206/1206 658/658/658
f 635/635/635 658/658/658 1206/1206/1206
f 1206/1206/1206 631/631/631 635/635/635
f 1206/1206/1206 633/633/633 631/631/631
f 1204/1204/1204 633/633/633 1206/1206/1206
f 1204/1204/1204 1205/1205/1205 633/633/633
f 1207/1207/1207 1205/1205/1205 1203/1203/1203
f 1203/1203/1203 1208/1208/1208 1207/1207/1207
f 1208/1208/1208 1203/1203/1203 1200/1200/1200
f 1205/1205/1205 1207/1207/1207 1209/1209/1209
f 1207/1207/1207 1208/1208/1208 1209/1209/1209
f 1205/1205/1205 1210/1210/1210 633/633/633
f 1205/1205/1205 1209/1209/1209 1210/1210/1210
f 633/633/633 1210/1210/1210 1211/1211/1211
f 633/633/633 1211/1211/1211 614/614/614
f 614/614/614 1211/1211/1211 609/609/609
f 1211/1211/1211 1210/1210/1210 1212/1212/1212
f 1212/1212/1212 609/609/609 1211/1211/1211
f 1209/1209/1209 1212/1212/1212 1210/1210/1210
f 1212/1212/1212 606/606/606 609/609/609
f 1209/1209/1209 606/606/606 1212/1212/1212
f 1208/1208/1208 606/606/606 1209/1209/1209
f 1213/1213/1213 606/606/606 1208/1208/1208
f 1208/1208/1208 1200/1200/1200 1214/1214/1214
f 1213/1213/1213 1208/1208/1208 1214/1214/1214
f 1214/1214/1214 1200/1200/1200 1199/1199/1199
f 1213/1213/1213 1215/1215/1215 606/606/606
f 1213/1213/1213 1214/1214/1214 1215/1215/1215
f 1199/1199/1199 1215/1215/1215 1214/1214/1214
f 1215/1215/1215 605/605/605 606/606/606
f 1215/1215/1215 604/604/604 605/605/605
f 1199/1199/1199 1216/1216/1216 1215/1215/1215
f 1199/1199/1199 1173/1173/1173 1216/1216/1216
f 1173/1173/1173 1163/1163/1163 1216/1216/1216
f 1215/1215/1215 1216/1216/1216 1217/1217/1217
f 1215/1215/1215 1217/1217/1217 604/604/604
f 1216/1216/1216 1163/1163/1163 1218/1218/1218
f 1216/1216/1216 1218/1218/1218 1217/1217/1217
f 1218/1218/1218 1163/1163/1163 1219/1219/1219
f 1218/1218/1218 1219/1219/1219 1217/1217/1217
f 1219/1219/1219 1163/1163/1163 1158/1158/1158
f 1219/1219/1219 1158/1158/1158 1161/1161/1161
f 1219/1219/1219 1220/1220/1220 1217/1217/1217
f 1219/1219/1219 1161/1161/1161 1220/1220/1220
f 1217/1217/1217 1220/1220/1220 604/604/604
f 1161/1161/1161 1221/1221/1221 1220/1220/1220
f 604/604/604 1220/1220/1220 1221/1221/1221
f 604/604/604 1221/1221/1221 1222/1222/1222
f 1222/1222/1222 519/519/519 604/604/604
f 519/519/519 1222/1222/1222 1223/1223/1223
f 1223/1223/1223 1222/1222/1222 1221/1221/1221
f 519/519/519 1223/1223/1223 517/517/517
f 1161/1161/1161 1224/1224/1224 1221/1221/1221
f 1224/1224/1224 1223/1223/1223 1221/1221/1221
f 1223/1223/1223 1224/1224/1224 517/517/517
f 516/516/516 1224/1224/1224 1161/1161/1161
f 516/516/516 517/517/517 1224/1224/1224
f 1227/1227/1227 1226/1226/1226 1225/1225/1225
f 1230/1230/1230 1229/1229/1229 1228/1228/1228
f 1231/1231/1231 328/328/328 334/334/334
f 328/328/328 1231/1231/1231 1232/1232/1232
f 1232/1232/1232 739/739/739 328/328/328
f 1233/1233/1233 1231/1231/1231 334/334/334
f 1231/1231/1231 1233/1233/1233 1232/1232/1232
f 342/342/342 1233/1233/1233 334/334/334
f 1232/1232/1232 741/741/741 739/739/739
f 1232/1232/1232 1233/1233/1233 1234/1234/1234
f 342/342/342 1235/1235/1235 1233/1233/1233
f 1234/1234/1234 1233/1233/1233 1235/1235/1235
f 1236/1236/1236 1235/1235/1235 342/342/342
f 343/343/343 1236/1236/1236 342/342/342
f 368/368/368 1236/1236/1236 343/343/343
f 368/368/368 1237/1237/1237 1236/1236/1236
f 1236/1236/1236 1237/1237/1237 1235/1235/1235
f 368/368/368 375/375/375 1237/1237/1237
f 1237/1237/1237 1238/1238/1238 1235/1235/1235
f 1238/1238/1238 1237/1237/1237 375/375/375
f 1238/1238/1238 1234/1234/1234 1235/1235/1235
f 1238/1238/1238 375/375/375 380/380/380
f 1234/1234/1234 1238/1238/1238 1239/1239/1239
f 1238/1238/1238 380/380/380 1239/1239/1239
f 1239/1239/1239 380/380/380 1240/1240/1240
f 392/392/392 1240/1240/1240 380/380/380
f 1180/1180/1180 1240/1240/1240 392/392/392
f 1240/1240/1240 1241/1241/1241 1239/1239/1239
f 1234/1234/1234 1239/1239/1239 1241/1241/1241
f 1240/1240/1240 1180/1180/1180 1242/1242/1242
f 1241/1241/1241 1240/1240/1240 1242/1242/1242
f 1243/1243/1243 1234/1234/1234 1241/1241/1241
f 1242/1242/1242 1243/1243/1243 1241/1241/1241
f 1234/1234/1234 1243/1243/1243 1232/1232/1232
f 1242/1242/1242 1180/1180/1180 1244/1244/1244
f 1243/1243/1243 1242/1242/1242 1244/1244/1244
f 1181/1181/1181 1244/1244/1244 1180/1180/1180
f 1232/1232/1232 1243/1243/1243 1245/1245/1245
f 1243/1243/1243 1244/1244/1244 1245/1245/1245
f 1245/1245/1245 741/741/741 1232/1232/1232
f 1246/1246/1246 1244/1244/1244 1181/1181/1181
f 1246/1246/1246 1245/1245/1245 1244/1244/1244
f 1246/1246/1246 1181/1181/1181 1182/1182/1182
f 1247/1247/1247 741/741/741 1245/1245/1245
f 1245/1245/1245 1246/1246/1246 1247/1247/1247
f 1247/1247/1247 1248/1248/1248 741/741/741
f 743/743/743 741/741/741 1248/1248/1248
f 1246/1246/1246 1249/1249/1249 1247/1247/1247
f 1248/1248/1248 1247/1247/1247 1249/1249/1249
f 1182/1182/1182 1250/1250/1250 1246/1246/1246
f 718/718/718 1250/1250/1250 1182/1182/1182
f 724/724/724 1250/1250/1250 718/718/718
f 1251/1251/1251 1246/1246/1246 1250/1250/1250
f 724/724/724 1251/1251/1251 1250/1250/1250
f 1251/1251/1251 1249/1249/1249 1246/1246/1246
f 1251/1251/1251 724/724/724 725/725/725
f 1248/1248/1248 1249/1249/1249 1252/1252/1252
f 1252/1252/1252 1249/1249/1249 1251/1251/1251
f 1252/1252/1252 1251/1251/1251 725/725/725
f 1248/1248/1248 1252/1252/1252 743/743/743
f 726/726/726 1252/1252/1252 725/725/725
f 1252/1252/1252 726/726/726 743/743/743
