# Exported from Godot Engine
o MS_Rock_D_LOD0
v -1.854456 -0.253316 1.654092
vt 0.122042 0.601511
vn -0.691411 -0.112788 0.713603
v -1.904060 -0.099292 1.599832
vt 0.144884 0.604211
vn -0.864578 -0.206480 0.458117
v -1.864838 -0.102234 1.643753
vt 0.141787 0.596826
vn -0.574046 0.044391 0.817619
v -1.760503 -0.089640 1.689640
vt 0.138720 0.581506
vn -0.354539 0.057634 0.933263
v -1.905086 0.016308 1.605984
vt 0.158480 0.598093
vn -0.648532 0.024985 0.760777
v -1.858942 -0.322525 1.607864
vt 0.114397 0.609888
vn -0.937329 -0.297184 0.181924
v -1.810620 -0.349434 1.667935
vt 0.106935 0.600442
vn -0.610739 -0.077604 0.788020
v -1.871375 -0.189238 1.446106
vt 0.137316 0.628061
vn -0.933315 -0.347034 -0.092140
v -1.641236 -0.166419 1.720402
vt 0.124102 0.567590
vn -0.340323 0.000590 0.940309
v -1.818631 -0.405403 1.640592
vt 0.100282 0.607263
vn -0.865929 -0.407865 0.289506
v -1.644696 0.047163 1.725444
vt 0.153368 0.561212
vn -0.440847 0.057328 0.895750
v -1.611499 -0.329988 1.739543
vt 0.099001 0.568948
vn -0.387797 0.115605 0.914467
v -1.799020 0.014442 1.649820
vt 0.154208 0.584283
vn -0.399529 0.149781 0.904402
v -1.487297 -0.099794 1.786455
vt 0.128496 0.541146
vn -0.407780 -0.046504 0.911895
v -1.455445 0.060115 1.830890
vt 0.150851 0.531670
vn -0.370739 -0.073287 0.925841
v -1.756466 -0.454305 1.708867
vt 0.088579 0.596628
vn -0.645735 -0.188595 0.739904
v -1.347585 -0.250625 1.852167
vt 0.101030 0.519951
vn -0.325971 0.074100 0.942471
v -1.763259 0.138472 1.648880
vt 0.168811 0.576883
vn -0.407060 0.269631 0.872698
v -1.364504 -0.025455 1.844049
vt 0.137484 0.519585
vn -0.233341 0.011487 0.972327
v -1.683598 -0.489322 1.740141
vt 0.078264 0.587915
vn -0.425685 0.011191 0.904802
v -1.908354 0.087490 1.603164
vt 0.166567 0.595666
vn -0.608641 0.151700 0.778809
v -1.971481 0.067793 1.515492
vt 0.169329 0.607401
vn -0.870759 0.096008 0.482245
v -1.910020 0.163013 1.571206
vt 0.175677 0.595239
vn -0.608147 0.360857 0.707064
v -2.037363 0.029834 1.396374
vt 0.171847 0.622599
vn -0.945952 -0.104377 0.307051
v -1.672318 -0.569187 1.732622
vt 0.065278 0.593118
vn -0.728299 -0.522786 0.443030
v -1.446665 -0.383625 1.830719
vt 0.081651 0.541054
vn -0.359944 0.100534 0.927541
v -1.515816 -0.584435 1.818243
vt 0.049714 0.564508
vn -0.357090 -0.065593 0.931764
v -1.596566 -0.623434 1.781927
vt 0.050217 0.582300
vn -0.573849 -0.438837 0.691462
v -1.530684 -0.703156 1.723820
vt 0.027420 0.591012
vn -0.655038 -0.732077 0.187051
v -1.484092 -0.702797 1.790899
vt 0.023423 0.571771
vn -0.470472 -0.517313 0.714873
v -1.429553 -0.661142 1.847723
vt 0.029129 0.552667
vn -0.284065 -0.320399 0.903688
v -1.368157 -0.681736 1.847723
vt 0.019226 0.542245
vn -0.132450 -0.240849 0.961483
v -1.328487 -0.517164 1.867035
vt 0.051545 0.523491
vn -0.258280 -0.014698 0.965958
v -1.622394 -0.610231 1.620169
vt 0.054276 0.613214
vn -0.662422 -0.747839 0.043975
v -1.514534 -0.727840 1.548561
vt 0.022339 0.631373
vn -0.731086 -0.682277 0.003480
v -1.717116 -0.550602 1.456360
vt 0.077852 0.640925
vn -0.740508 -0.671787 -0.018720
v -1.583557 -0.663726 1.528822
vt 0.043229 0.632853
vn -0.670458 -0.741049 0.036497
v -1.538054 -0.687800 1.378771
vt 0.040360 0.665629
vn -0.768462 -0.639886 -0.003540
v -1.759862 -0.482469 1.436706
vt 0.091814 0.640894
vn -0.840019 -0.540191 -0.050615
v -1.493577 -0.762247 1.442005
vt 0.018692 0.656886
vn -0.817442 -0.572243 0.065781
v -1.595926 -0.641661 1.311522
vt 0.058625 0.674372
vn -0.681385 -0.730158 -0.050828
v -1.739739 -0.492300 1.244272
vt 0.098085 0.671885
vn -0.779551 -0.612173 -0.132453
v -1.815619 -0.396577 1.447302
vt 0.106996 0.635279
vn -0.908214 -0.408138 -0.092578
v -1.799084 -0.368485 1.272470
vt 0.117510 0.660075
vn -0.943805 -0.300087 -0.138491
v -1.643991 -0.570622 1.236667
vt 0.078508 0.681849
vn -0.698632 -0.686990 -0.199896
v -1.758004 -0.446412 1.127034
vt 0.112993 0.686915
vn -0.857228 -0.476472 -0.195283
v -1.822604 -0.179443 1.162240
vt 0.149142 0.664729
vn -0.802189 -0.588040 -0.103448
v -1.563946 -0.675386 1.205904
vt 0.057282 0.697200
vn -0.739707 -0.672343 -0.028063
v -1.625662 -0.561078 1.122163
vt 0.087190 0.701671
vn -0.750976 -0.653221 -0.096633
v -1.643351 -0.530438 1.027740
vt 0.100969 0.714549
vn -0.785378 -0.609376 -0.108824
v -1.575610 -0.655509 1.065424
vt 0.073365 0.720790
vn -0.803423 -0.594744 -0.028141
v -1.664307 -0.487241 0.950408
vt 0.115908 0.722225
vn -0.843343 -0.524142 -0.118524
v -1.573623 -0.625982 0.845645
vt 0.100328 0.756237
vn -0.836483 -0.546371 -0.042132
v -1.529402 -0.695657 0.838809
vt 0.087129 0.766995
vn -0.877328 -0.476456 0.057323
v -1.480119 -0.748326 1.106782
vt 0.044343 0.725704
vn -0.763866 -0.642925 -0.056183
v -1.476786 -0.747142 1.233163
vt 0.033860 0.700649
vn -0.844651 -0.522111 -0.118174
v -1.457944 -0.814593 1.188558
vt 0.022873 0.715007
vn -0.938484 -0.338304 -0.069271
v -1.426028 -0.807310 1.056964
vt 0.033982 0.743725
vn -0.787829 -0.614644 -0.039214
v -1.468711 -0.801067 1.274265
vt 0.020035 0.695369
vn -0.833427 -0.528191 -0.162523
v -1.437693 -0.822701 0.917167
vt 0.049317 0.771191
vn -0.821958 -0.533313 0.199905
v -1.507420 -0.725364 1.274607
vt 0.037751 0.689509
vn -0.799004 -0.577477 -0.167669
v -1.512996 -0.767054 1.324254
vt 0.027161 0.681025
vn -0.817753 -0.569958 -0.080175
v -1.448203 -0.797730 1.345018
vt 0.011231 0.681132
vn -0.460055 -0.876822 0.139757
v -1.512483 -0.772077 0.800185
vt 0.079240 0.783368
vn -0.890972 -0.423310 0.164251
v -1.557216 -0.632117 0.650134
vt 0.121996 0.788937
vn -0.932565 -0.355152 0.064723
v -1.488130 -0.814629 0.776686
vt 0.073854 0.793362
vn -0.835885 -0.526593 0.154909
v -1.630341 -0.549023 0.735072
vt 0.127932 0.762554
vn -0.859215 -0.505457 -0.079135
v -1.526775 -0.737850 0.711146
vt 0.096620 0.793286
vn -0.923828 -0.368173 0.104837
v -1.499217 -0.778392 0.696705
vt 0.090013 0.801877
vn -0.911005 -0.397746 0.108940
v -1.446152 -0.878169 0.748403
vt 0.063447 0.808759
vn -0.740954 -0.657358 0.137359
v -1.418274 -0.919070 0.715248
vt 0.058381 0.821088
vn -0.863204 -0.499587 0.072746
v -1.499986 -0.833859 0.690980
vt 0.081819 0.809400
vn -0.878705 -0.476831 -0.022597
v -1.504600 -0.811615 0.622277
vt 0.094697 0.818677
vn -0.750433 -0.649308 0.123490
v -1.452240 -0.849610 0.640564
vt 0.081239 0.823697
vn -0.820892 -0.565367 0.080604
v -1.477235 -0.845053 0.561949
vt 0.094896 0.836088
vn -0.702047 -0.702805 0.114871
v -1.445447 -0.908378 0.605871
vt 0.076143 0.837385
vn -0.908538 -0.413291 0.061232
v -1.434744 -0.874760 0.530589
vt 0.090272 0.849119
vn -0.567575 -0.822227 0.042435
v -1.554076 -0.759054 0.590490
vt 0.111604 0.815381
vn -0.890303 -0.416902 0.183175
v -1.530876 -0.798807 0.535716
vt 0.111360 0.830777
vn -0.819054 -0.564651 0.101589
v -1.507484 -0.857431 0.474704
vt 0.110704 0.849744
vn -0.732267 -0.659224 0.170904
v -1.465507 -0.901346 0.417709
vt 0.109270 0.867948
vn -0.612428 -0.778630 0.136625
v -1.584902 -0.701756 0.512730
vt 0.132525 0.818845
vn -0.940217 -0.292599 0.174292
v -1.555166 -0.751591 0.428305
vt 0.135470 0.839994
vn -0.846003 -0.531382 0.043732
v -1.494987 -0.881003 0.358748
vt 0.123980 0.871855
vn -0.792112 -0.609685 0.029018
v -1.434873 -0.941314 0.237067
vt 0.129976 0.903792
vn -0.683300 -0.729747 0.023902
v -1.488386 -0.892377 0.147258
vt 0.155734 0.906004
vn -0.722132 -0.675459 0.149269
v -1.537413 -0.792313 0.296455
vt 0.148104 0.866209
vn -0.830671 -0.551389 0.077169
v -1.608359 -0.683494 0.452402
vt 0.145159 0.824338
vn -0.910161 -0.335505 0.242991
v -1.585800 -0.597674 0.518113
vt 0.145586 0.802548
vn -0.965229 -0.164644 0.203042
v -1.548308 -0.838631 0.137858
vt 0.169451 0.894438
vn -0.770864 -0.602651 0.206352
v -1.555422 -0.880788 -0.028599
vt 0.194461 0.922866
vn -0.850926 -0.506714 0.138441
v -1.653412 -0.672695 0.279792
vt 0.173846 0.844404
vn -0.876010 -0.471083 0.103380
v -1.619894 -0.712735 0.136149
vt 0.188891 0.870878
vn -0.866363 -0.494179 0.072126
v -1.606949 -0.770822 0.030704
vt 0.199283 0.893889
vn -0.886696 -0.446768 0.119028
v -1.588107 -0.816781 -0.024412
vt 0.202808 0.909468
vn -0.885713 -0.453283 0.100237
v -1.589965 -0.850076 -0.170276
vt 0.225986 0.932250
vn -0.856863 -0.506077 0.098348
v -1.636493 -0.656693 0.368917
vt 0.162112 0.830869
vn -0.947662 -0.152974 0.280243
v -1.702247 -0.550889 0.110942
vt 0.214923 0.845533
vn -0.978944 -0.182237 0.091969
v -1.663474 -0.740002 -0.230519
vt 0.252430 0.915175
vn -0.830743 -0.541789 0.127793
v -1.623227 -0.797802 -0.244704
vt 0.246967 0.929625
vn -0.820867 -0.571116 -0.001861
v -1.643543 -0.773477 -0.302297
vt 0.261341 0.930312
vn -0.798239 -0.599538 0.058045
v -1.708208 -0.700249 -0.397489
vt 0.290089 0.922469
vn -0.667159 -0.742350 0.061770
v -1.673280 -0.578300 0.288593
vt 0.184405 0.829297
vn -0.963189 -0.068060 0.260067
v -1.652259 -0.501987 0.332002
vt 0.186023 0.812650
vn -0.959776 -0.059449 0.274402
v -1.686033 -0.438088 0.201263
vt 0.212833 0.818418
vn -0.977190 -0.162099 0.137201
v -1.650400 -0.437371 0.389852
vt 0.185412 0.796811
vn -0.926006 -0.355799 0.126174
v -1.607077 -0.531874 0.556908
vt 0.150164 0.788083
vn -0.914541 -0.403671 -0.025770
v -1.676164 -0.380576 0.568102
vt 0.171511 0.766384
vn -0.927325 -0.372575 -0.035448
v -1.715513 -0.325826 0.359432
vt 0.204990 0.784451
vn -0.936482 -0.340480 0.084113
v -1.687828 -0.375086 0.678077
vt 0.160342 0.750607
vn -0.912397 -0.392085 -0.117477
v -1.677445 -0.458144 0.807962
vt 0.135393 0.740536
vn -0.920857 -0.383055 -0.072733
v -1.718654 -0.364323 0.891618
vt 0.141848 0.718364
vn -0.921499 -0.375752 -0.098229
v -1.726408 -0.411467 1.005096
vt 0.125780 0.704616
vn -0.890996 -0.356203 -0.281505
v -1.773705 -0.237602 1.020391
vt 0.150546 0.688869
vn -0.902333 -0.405128 -0.147198
v -1.720448 -0.250123 0.531871
vt 0.193179 0.755108
vn -0.946810 -0.311151 -0.082070
v -1.748711 -0.283992 0.762673
vt 0.166033 0.727916
vn -0.928890 -0.361659 -0.079786
v -1.756338 -0.243988 0.652613
vt 0.181872 0.738048
vn -0.945376 -0.301732 -0.123377
v -1.737175 -0.170689 0.491795
vt 0.207126 0.750866
vn -0.931647 -0.363108 0.013681
v -1.781780 -0.205311 0.918364
vt 0.163470 0.699580
vn -0.896364 -0.425909 -0.123017
v -1.848624 -0.144354 1.022870
vt 0.165377 0.678782
vn -0.743045 -0.643179 -0.184947
v -1.791330 -0.142991 0.831119
vt 0.178943 0.705684
vn -0.802811 -0.572198 -0.167581
v -1.774154 -0.103776 0.679786
vt 0.196078 0.721569
vn -0.790268 -0.601416 -0.117371
v -1.764989 -0.107400 0.579210
vt 0.205539 0.733455
vn -0.835841 -0.544480 -0.070077
v -1.847214 -0.109086 0.818643
vt 0.187488 0.700267
vn -0.656660 -0.738664 -0.152227
v -1.880155 -0.093515 0.981683
vt 0.175875 0.678737
vn -0.787774 -0.593281 -0.165619
v -1.860416 -0.062301 0.707814
vt 0.203128 0.708690
vn -0.742727 -0.649077 -0.164483
v -1.819785 -0.055951 0.475815
vt 0.225010 0.737270
vn -0.721252 -0.678857 0.137653
v -1.976351 0.025959 1.032355
vt 0.188998 0.661387
vn -0.893567 -0.367361 -0.258038
v -1.758965 -0.169935 0.324397
vt 0.227222 0.768368
vn -0.830522 -0.516697 0.207984
v -1.946102 0.073964 0.847183
vt 0.207248 0.678874
vn -0.935916 -0.305579 -0.175167
v -1.733394 -0.293823 0.162554
vt 0.234943 0.801404
vn -0.868715 -0.459194 0.185675
v -1.867210 -0.126092 0.192461
vt 0.254078 0.772198
vn -0.671235 -0.660057 0.337295
v -1.862531 0.003140 0.531444
vt 0.227878 0.723140
vn -0.902816 -0.429606 -0.019051
v -1.736214 -0.345666 0.011904
vt 0.250889 0.823194
vn -0.801198 -0.539588 0.258703
v -1.766015 -0.290055 0.092228
vt 0.247074 0.806287
vn -0.655101 -0.690154 0.307457
v -1.917134 -0.010996 0.384041
vt 0.246128 0.738628
vn -0.900693 -0.329684 0.282949
v -1.872913 -0.256689 -0.034495
vt 0.275486 0.808057
vn -0.794643 -0.563844 0.224995
v -1.912263 0.053800 0.660132
vt 0.221454 0.701564
vn -0.932635 -0.330022 -0.145870
v -1.884642 0.087777 0.462229
vt 0.244953 0.719875
vn -0.962726 -0.230326 0.141806
v -1.924184 0.153864 0.553661
vt 0.242481 0.702739
vn -0.987134 -0.098229 -0.126162
v -1.933605 0.171193 0.675342
vt 0.232456 0.688655
vn -0.986014 -0.066705 -0.152728
v -1.910213 0.145720 0.443942
vt 0.253208 0.714824
vn -0.985239 -0.133444 0.107225
v -1.941167 0.000737 0.259882
vt 0.261967 0.748150
vn -0.973124 -0.167794 0.157718
v -1.911558 0.244133 0.548705
vt 0.252033 0.694362
vn -0.992175 0.082012 -0.094139
v -1.949563 0.112963 0.255438
vt 0.272297 0.735683
vn -0.990227 0.008129 0.139225
v -1.934438 -0.052686 0.198272
vt 0.264225 0.760296
vn -0.875321 -0.432005 0.217221
v -1.951677 0.026856 0.188530
vt 0.272709 0.751369
vn -0.997693 -0.067754 -0.004280
v -1.909443 0.236097 0.428988
vt 0.263294 0.706340
vn -0.995744 0.026628 0.088232
v -1.954754 0.203448 0.151531
vt 0.291600 0.734051
vn -0.997265 -0.060549 0.042393
v -1.947768 -0.045367 0.131364
vt 0.273518 0.764935
vn -0.997481 -0.070798 -0.004310
v -1.940078 -0.127563 0.070780
vt 0.274052 0.779782
vn -0.933434 -0.355676 0.046861
v -1.925722 -0.001201 0.022757
vt 0.290898 0.768963
vn -0.954925 -0.046687 -0.293153
v -1.931041 0.133378 0.082230
vt 0.294102 0.747967
vn -0.991553 -0.129699 0.001123
v -1.967379 0.254897 0.026858
vt 0.310170 0.737408
vn -0.991327 0.127636 0.031293
v -1.964559 0.322707 0.116069
vt 0.304707 0.723507
vn -0.959727 0.277547 -0.043499
v -1.944179 0.100944 0.018484
vt 0.299641 0.756527
vn -0.961958 -0.247157 0.116407
v -1.906816 -0.183318 -0.010655
vt 0.279240 0.794690
vn -0.952575 -0.179156 -0.245975
v -1.936809 0.377277 0.233819
vt 0.296315 0.708110
vn -0.993151 0.100898 0.058913
v -1.862531 -0.106503 -0.089440
vt 0.296880 0.792462
vn -0.900580 0.104828 -0.421862
v -1.871055 -0.259738 -0.153015
vt 0.292973 0.818143
vn -0.994464 0.098384 -0.036914
v -1.872593 -0.330275 -0.148828
vt 0.287007 0.828122
vn -0.819624 -0.485687 0.303849
v -1.856315 -0.358582 -0.179847
vt 0.288014 0.835767
vn -0.730973 -0.611659 0.302574
v -1.887782 -0.321018 -0.254701
vt 0.303883 0.835416
vn -0.981455 -0.014153 0.191168
v -1.872144 -0.232507 -0.269997
vt 0.312215 0.822751
vn -0.953245 0.238397 0.185718
v -1.827796 -0.124980 -0.205567
vt 0.310521 0.802899
vn -0.975302 0.220839 -0.004028
v -1.896434 -0.180125 -0.402787
vt 0.335195 0.824033
vn -0.977723 0.167041 0.127099
v -1.833435 -0.048201 -0.296230
vt 0.326452 0.798520
vn -0.942434 -0.231117 0.241669
v -1.817862 -0.057242 -0.167713
vt 0.310582 0.792676
vn -0.989528 0.012146 -0.143827
v -1.831128 -0.001703 -0.133618
vt 0.310109 0.784680
vn -0.859242 -0.468357 -0.205777
v -1.907585 0.024273 -0.021250
vt 0.298772 0.770138
vn -0.891703 -0.230648 -0.389445
v -1.899446 0.036615 -0.072521
vt 0.306111 0.772595
vn -0.730944 -0.673638 -0.109243
v -1.899894 0.037296 -0.173865
vt 0.318563 0.778241
vn -0.593576 -0.802177 0.064644
v -1.886500 -0.010099 -0.368692
vt 0.340719 0.795758
vn -0.962384 -0.271571 0.008111
v -1.883937 -0.070338 -0.456621
vt 0.349310 0.810346
vn -0.976928 0.194183 -0.088904
v -1.944628 0.072242 -0.232911
vt 0.328511 0.774945
vn -0.959578 -0.216103 -0.180304
v -1.876951 0.046015 -0.379715
vt 0.346136 0.788922
vn -0.875861 0.239932 -0.418688
v -1.962188 0.111923 -0.147803
vt 0.321080 0.765286
vn -0.971658 -0.198003 -0.129138
v -1.814017 0.267167 -0.371427
vt 0.360800 0.760601
vn -0.840108 0.137641 -0.524666
v -1.977313 0.231648 -0.044236
vt 0.316579 0.745251
vn -0.995346 0.086434 -0.042616
v -1.855353 0.408132 -0.289138
vt 0.356146 0.739910
vn -0.852799 0.326926 -0.407251
v -1.922261 0.372972 -0.109435
vt 0.333486 0.733700
vn -0.833078 0.552933 -0.015688
v -1.877400 0.413693 -0.198646
vt 0.346288 0.734066
vn -0.776398 0.620940 -0.107887
v -1.890858 0.372792 -0.027916
vt 0.326375 0.725872
vn -0.797804 0.602887 -0.005960
v -1.780435 0.506295 -0.311611
vt 0.367315 0.728893
vn -0.742270 0.632767 -0.220546
v -1.822861 0.456245 -0.156604
vt 0.346960 0.724208
vn -0.733198 0.679703 -0.020631
v -1.928414 0.372613 0.101200
vt 0.310964 0.718120
vn -0.868874 0.437345 -0.231918
v -1.836383 0.461339 -0.015098
vt 0.332616 0.714473
vn -0.840772 0.502140 -0.202379
v -1.920018 0.444010 0.154009
vt 0.310140 0.706661
vn -0.911174 0.340430 -0.232097
v -1.928157 0.489001 0.325337
vt 0.296010 0.689311
vn -0.992095 0.111179 0.058193
v -1.854007 0.519067 0.114103
vt 0.322118 0.700298
vn -0.804971 0.484543 -0.342404
v -1.897203 0.613462 0.357210
vt 0.302434 0.674510
vn -0.913987 0.383871 -0.131417
v -1.792547 0.548164 0.013357
vt 0.336721 0.702800
vn -0.824782 0.489934 -0.282312
v -1.781652 0.697166 0.166399
vt 0.330999 0.677653
vn -0.899407 0.341679 -0.272623
v -1.911494 0.499693 0.413607
vt 0.288167 0.681132
vn -0.990594 0.084552 0.107581
v -1.895857 0.455706 0.577074
vt 0.268574 0.671611
vn -0.996138 0.086030 -0.017565
v -1.890922 0.639474 0.537767
vt 0.287892 0.658213
vn -0.970915 0.214114 0.107141
v -1.926106 0.320733 0.666199
vt 0.248035 0.675929
vn -0.967753 0.059147 -0.244859
v -1.873811 0.702835 0.493076
vt 0.296925 0.656001
vn -0.863504 0.503645 -0.026494
v -1.980068 0.264656 0.850003
vt 0.226200 0.662684
vn -0.972675 -0.093184 -0.212652
v -1.910277 0.449822 0.665943
vt 0.259815 0.664363
vn -0.950371 0.137680 -0.278996
v -1.875541 0.625517 0.651502
vt 0.276890 0.649271
vn -0.956888 0.282919 -0.065742
v -1.837986 0.712594 0.666199
vt 0.283757 0.639460
vn -0.743412 0.662905 0.088857
v -1.796392 0.792781 0.474961
vt 0.307561 0.647395
vn -0.646584 0.762746 -0.012124
v -2.011472 0.465609 0.905461
vt 0.238987 0.642512
vn -0.974974 -0.076605 -0.208706
v -1.942321 0.522476 0.763955
vt 0.256367 0.649424
vn -0.892669 0.200092 -0.403863
v -1.895216 0.652856 0.779165
vt 0.266926 0.636271
vn -0.777567 0.594316 -0.205372
v -2.023071 0.561475 0.921013
vt 0.244755 0.634668
vn -0.920176 0.287411 -0.265841
v -1.811261 0.719841 0.763186
vt 0.277516 0.628946
vn -0.514976 0.850142 0.109814
v -1.934822 0.643923 0.899821
vt 0.254917 0.628489
vn -0.531773 0.841588 0.094584
v -1.750121 0.761854 0.720887
vt 0.287205 0.626017
vn -0.420980 0.883665 0.204723
v -1.738201 0.730030 0.889652
vt 0.272221 0.612757
vn -0.305932 0.908294 0.285319
v -2.001602 0.600905 0.971257
vt 0.244633 0.628611
vn -0.542520 0.820201 0.181500
v -2.031915 0.559035 1.003216
vt 0.239628 0.629786
vn -0.921824 0.321679 0.216245
v -1.900343 0.577333 1.048505
vt 0.242939 0.616648
vn -0.333706 0.834345 0.438757
v -1.998269 0.536863 1.074653
vt 0.234257 0.624018
vn -0.560082 0.726988 0.397236
v -2.013330 0.508627 1.076190
vt 0.231571 0.626230
vn -0.973384 0.163030 0.161074
v -1.817413 0.617409 1.067218
vt 0.248020 0.608316
vn -0.336334 0.810532 0.479497
v -1.829718 0.555017 1.158480
vt 0.236912 0.604211
vn -0.225055 0.885294 0.406946
v -1.990515 0.519318 1.160274
vt 0.227298 0.618219
vn -0.634424 0.711826 0.301346
v -1.997628 0.318509 1.050812
vt 0.216831 0.640375
vn -0.990661 0.033433 -0.132184
v -1.990707 0.345668 0.910502
vt 0.228687 0.650935
vn -0.994425 -0.096013 -0.043605
v -2.000512 0.269212 0.950066
vt 0.218921 0.652796
vn -0.989469 -0.001019 -0.144739
v -1.994424 0.135387 1.018682
vt 0.201541 0.655467
vn -0.906428 -0.270295 -0.324543
v -2.020828 0.165094 1.038251
vt 0.203265 0.650599
vn -0.936629 -0.174751 -0.303626
v -2.010831 0.069587 1.131221
vt 0.188159 0.647608
vn -0.948247 -0.233665 -0.215010
v -2.033005 0.187697 1.147029
vt 0.199008 0.639033
vn -0.975564 -0.069444 -0.208452
v -2.015509 0.391018 1.121992
vt 0.218662 0.629633
vn -0.979340 0.090358 -0.180911
v -2.002371 0.460191 1.190951
vt 0.220462 0.619287
vn -0.914584 0.380537 0.136851
v -2.054667 0.371644 1.269138
vt 0.207965 0.618891
vn -0.924643 0.347372 0.156101
v -1.964367 0.492374 1.245725
vt 0.220706 0.611643
vn -0.520545 0.762547 0.384129
v -2.059089 0.282415 1.196846
vt 0.204364 0.628931
vn -0.981179 0.012170 -0.192716
v -2.047489 0.175499 1.225131
vt 0.193622 0.632151
vn -0.991509 -0.072666 -0.107839
v -2.037363 0.231720 1.366295
vt 0.192111 0.616861
vn -0.901760 -0.050947 0.429224
v -2.032364 0.297233 1.387230
vt 0.197131 0.612390
vn -0.825851 0.159043 0.540994
v -2.061396 0.087131 1.320921
vt 0.180819 0.627253
vn -0.994719 -0.060617 0.082818
v -1.957445 0.293681 1.457813
vt 0.193118 0.603098
vn -0.602886 0.387345 0.697490
v -1.990899 0.362603 1.378344
vt 0.202976 0.608286
vn -0.571878 0.573973 0.586098
v -1.886564 0.482328 1.331004
vt 0.217075 0.600671
vn -0.273319 0.811708 0.516165
v -1.843753 0.455994 1.381249
vt 0.213321 0.594430
vn -0.208276 0.748790 0.629233
v -1.766015 0.524234 1.251194
vt 0.230732 0.593286
vn -0.148394 0.889614 0.431933
v -1.905598 0.255005 1.516175
vt 0.187243 0.596139
vn -0.324655 0.521413 0.789131
v -1.690968 0.603273 1.127717
vt 0.248661 0.593088
vn -0.238730 0.822340 0.516493
v -1.602014 0.702476 1.039618
vt 0.266285 0.590188
vn -0.263846 0.819002 0.509529
v -1.602847 0.763469 0.883243
vt 0.282704 0.600656
vn -0.321080 0.918996 0.228812
v -1.569009 0.626773 1.157625
vt 0.253727 0.579934
vn -0.458619 0.758146 0.463555
v -1.584326 0.596887 1.214535
vt 0.246571 0.577874
vn -0.362143 0.828072 0.427959
v -1.579968 0.739395 0.995183
vt 0.273365 0.590753
vn -0.599717 0.726212 0.336089
v -1.431668 0.653825 1.298276
vt 0.251499 0.557473
vn -0.426656 0.707912 0.562873
v -1.477363 0.768061 1.118745
vt 0.271305 0.572335
vn -0.514456 0.754012 0.408413
v -1.538951 0.779973 0.971941
vt 0.280018 0.588128
vn -0.479795 0.849024 0.221255
v -1.618741 0.524700 1.311180
vt 0.232441 0.575753
vn -0.254842 0.817127 0.517068
v -1.686225 0.452155 1.413464
vt 0.216266 0.577371
vn -0.137641 0.809260 0.571099
v -1.474543 0.540666 1.387145
vt 0.233982 0.556802
vn -0.422345 0.736756 0.528030
v -1.585223 0.476695 1.392614
vt 0.223972 0.567910
vn -0.288312 0.793414 0.536070
v -1.779601 0.374227 1.466870
vt 0.202945 0.584405
vn -0.270261 0.641014 0.718374
v -1.650080 0.347534 1.560951
vt 0.197711 0.566079
vn -0.376158 0.700928 0.605975
v -1.484861 0.451473 1.542580
vt 0.214099 0.548745
vn -0.502969 0.776941 0.378662
v -1.560998 0.422268 1.497291
vt 0.212406 0.559838
vn -0.443647 0.759744 0.475360
v -1.531517 0.374120 1.612222
vt 0.200229 0.550149
vn -0.555572 0.717802 0.419643
v -1.717885 0.207538 1.639139
vt 0.177020 0.570825
vn -0.432079 0.478315 0.764541
v -1.565804 0.313378 1.661527
vt 0.189639 0.551293
vn -0.562461 0.575969 0.593210
v -1.406930 0.435077 1.739628
vt 0.200336 0.528115
vn -0.459645 0.735261 0.498114
v -1.607141 0.116659 1.736552
vt 0.161822 0.554650
vn -0.497734 0.191181 0.845997
v -1.549910 0.222643 1.737663
vt 0.175174 0.546227
vn -0.564076 0.347834 0.748886
v -1.422183 0.371285 1.782439
vt 0.191348 0.527657
vn -0.478102 0.425632 0.768281
v -1.458970 0.178871 1.819439
vt 0.166934 0.531487
vn -0.481239 0.200840 0.853272
v -1.408468 0.129037 1.854816
vt 0.159777 0.523934
vn -0.293804 0.013408 0.955772
v -1.345406 0.321128 1.823113
vt 0.185336 0.517144
vn -0.256251 0.283829 0.924000
v -1.308107 0.440566 1.781499
vt 0.201419 0.515618
vn -0.262952 0.686110 0.678314
v -1.348931 0.492840 1.637857
vt 0.215473 0.528191
vn -0.322142 0.892667 0.315231
v -1.295802 0.033457 1.844903
vt 0.145830 0.509194
vn -0.194650 -0.032724 0.980327
v -1.106550 0.245927 1.888996
vt 0.178454 0.483284
vn -0.053464 0.127768 0.990362
v -1.235559 -0.049134 1.872077
vt 0.133043 0.499428
vn -0.281769 0.017130 0.959329
v -1.202811 0.099078 1.877119
vt 0.155978 0.494911
vn -0.197930 0.017212 0.980065
v -1.196722 -0.110019 1.877375
vt 0.123110 0.493385
vn -0.313377 -0.028992 0.949186
v -1.137377 -0.053655 1.911982
vt 0.132601 0.482399
vn -0.323194 0.019809 0.946126
v -1.106679 -0.232937 1.916169
vt 0.102037 0.476249
vn -0.296054 0.038191 0.954407
v -1.261130 -0.315206 1.886261
vt 0.088319 0.504997
vn -0.269620 0.075418 0.960009
v -1.125072 -0.488820 1.927620
vt 0.052476 0.479255
vn -0.278342 0.042594 0.959537
v -0.983374 -0.150992 1.957698
vt 0.118303 0.454170
vn -0.282948 0.032814 0.958574
v -1.094822 0.050033 1.910615
vt 0.149813 0.477180
vn -0.259875 0.159829 0.952323
v -1.042142 0.141989 1.898139
vt 0.165408 0.471214
vn -0.134989 0.322916 0.936751
v -1.086619 0.182961 1.888569
vt 0.170260 0.479072
vn -0.051834 0.041891 0.997777
v -0.975555 0.095742 1.946248
vt 0.158312 0.458549
vn -0.202856 0.383026 0.901188
v -0.898393 0.173203 1.883357
vt 0.175509 0.451728
vn -0.079260 0.416172 0.905825
v -0.929540 -0.384702 1.978975
vt 0.075914 0.439155
vn -0.261752 -0.001787 0.965134
v -0.775216 -0.214819 2.021359
vt 0.113283 0.413657
vn -0.294732 0.080088 0.952218
v -0.899162 0.047306 1.971029
vt 0.152956 0.444892
vn -0.175475 0.221104 0.959334
v -0.895829 -0.460261 1.984615
vt 0.061280 0.430426
vn -0.293129 0.023646 0.955781
v -0.803415 -0.078016 1.997347
vt 0.136202 0.424765
vn -0.230942 0.091220 0.968682
v -0.848212 0.113465 1.942232
vt 0.166262 0.440482
vn -0.139731 0.544103 0.827301
v -0.648322 0.002889 2.021957
vt 0.156222 0.402548
vn -0.220809 0.227103 0.948508
v -0.763680 0.073497 1.980428
vt 0.162768 0.424964
vn -0.152964 0.411782 0.898353
v -0.746953 0.166242 1.930269
vt 0.179080 0.428244
vn -0.250467 0.390590 0.885836
v -0.569494 0.113107 2.000253
vt 0.178195 0.397101
vn -0.294431 0.330949 0.896540
v -0.645951 -0.185973 2.054941
vt 0.124453 0.391150
vn -0.280356 0.165107 0.945590
v -0.795532 0.347032 1.851569
vt 0.204196 0.444617
vn -0.157449 0.273290 0.948959
v -0.639350 -0.307062 2.078696
vt 0.102861 0.382452
vn -0.320432 0.093893 0.942607
v -0.706386 -0.446017 2.057932
vt 0.072328 0.388998
vn -0.392122 0.176121 0.902896
v -0.542449 -0.234408 2.098179
vt 0.121752 0.368643
vn -0.284643 0.176227 0.942296
v -0.560393 -0.436510 2.114414
vt 0.083223 0.358511
vn -0.330900 0.207309 0.920613
v -0.867054 -0.531407 1.999654
vt 0.047227 0.421286
vn -0.399058 0.167036 0.901583
v -0.687672 -0.554692 2.112107
vt 0.050217 0.374746
vn -0.404553 0.164995 0.899508
v -0.958956 -0.610303 1.976412
vt 0.026108 0.440040
vn -0.308221 0.116830 0.944114
v -0.823282 -0.610339 2.049301
vt 0.031464 0.404562
vn -0.445500 0.108841 0.888641
v -0.852698 -0.654613 2.036057
vt 0.020035 0.410101
vn -0.433938 0.018923 0.900744
v -0.688954 -0.725364 2.100914
vt 0.012558 0.366079
vn -0.403868 -0.008895 0.914774
v -1.041629 -0.625659 1.961971
vt 0.022080 0.459434
vn -0.235825 -0.004303 0.971786
v -0.504060 -0.620959 2.181920
vt 0.050156 0.329503
vn -0.405535 0.074329 0.911052
v -1.153591 -0.616474 1.929414
vt 0.025299 0.486427
vn -0.319773 -0.136375 0.937629
v -1.090785 -0.647939 1.926509
vt 0.015778 0.473320
vn -0.241850 -0.554969 0.795939
v -1.190634 -0.665053 1.902155
vt 0.014740 0.497566
vn -0.381231 -0.230185 0.895365
v -1.254337 -0.612169 1.880195
vt 0.028626 0.511650
vn -0.320351 -0.116486 0.940110
v -1.264143 -0.661250 1.862763
vt 0.017670 0.517052
vn -0.234850 -0.282330 0.930127
v -0.609613 -0.768310 2.145689
vt 0.009659 0.342687
vn -0.439826 0.064318 0.895777
v -0.430808 -0.719803 2.230029
vt 0.035935 0.302785
vn -0.498205 -0.021370 0.866796
v -0.446253 -0.797658 2.209948
vt 0.016770 0.301320
vn -0.462495 -0.150870 0.873692
v -0.335573 -0.758408 2.289759
vt 0.037476 0.274937
vn -0.596419 -0.148678 0.788784
v -0.257834 -0.840246 2.316505
vt 0.026215 0.249882
vn -0.595334 -0.317277 0.738182
v -0.347686 -0.654218 2.278565
vt 0.058122 0.287800
vn -0.589724 0.164999 0.790570
v -0.240082 -0.700429 2.396999
vt 0.062974 0.251163
vn -0.674097 -0.026081 0.738182
v -0.142284 -0.750515 2.466471
vt 0.064988 0.223224
vn -0.511454 -0.186019 0.838935
v -0.098256 -0.794429 2.475187
vt 0.060121 0.209796
vn -0.497304 -0.212999 0.841023
v -0.093193 -0.659922 2.490824
vt 0.087846 0.221790
vn -0.514346 0.114816 0.849862
v 0.048762 -0.746389 2.575420
vt 0.091386 0.180728
vn -0.397701 -0.167086 0.902173
v -0.194195 -0.622860 2.421951
vt 0.082597 0.248249
vn -0.611961 0.287441 0.736804
v -0.261039 -0.580847 2.323256
vt 0.082109 0.274998
vn -0.611510 0.375234 0.696602
v -0.307374 -0.515154 2.256433
vt 0.089357 0.296025
vn -0.487649 0.246937 0.837389
v -0.044935 -0.498041 2.463565
vt 0.120989 0.234974
vn -0.528916 0.481445 0.698898
v -0.165035 -0.515728 2.361709
vt 0.104479 0.262348
vn -0.558614 0.528557 0.639201
v -0.160229 -0.440851 2.311805
vt 0.117983 0.274678
vn -0.455934 0.345218 0.820334
v -0.071018 -0.442788 2.361623
vt 0.127413 0.257252
vn -0.535399 0.493231 0.685617
v 0.002491 -0.643132 2.550554
vt 0.103639 0.203235
vn -0.497076 0.181649 0.848481
v -0.415170 -0.561401 2.208838
vt 0.070192 0.315328
vn -0.436290 0.234204 0.868792
v 0.120220 -0.685970 2.614556
vt 0.112902 0.175158
vn -0.294483 -0.135914 0.945942
v 0.135793 -0.773907 2.566362
vt 0.096788 0.160342
vn -0.158307 -0.496211 0.853647
v 0.259290 -0.804870 2.579266
vt 0.109712 0.134890
vn -0.295997 -0.499574 0.814133
v -0.568276 -0.554010 2.157652
vt 0.059068 0.348608
vn -0.332122 0.182012 0.925509
v -0.483360 -0.442358 2.140904
vt 0.087907 0.342550
vn -0.372531 0.192442 0.907847
v -0.381460 -0.447704 2.208752
vt 0.095140 0.318441
vn -0.486036 0.202652 0.850119
v -0.388125 -0.346599 2.171752
vt 0.112993 0.330571
vn -0.414752 0.241231 0.877376
v -0.268024 -0.400847 2.255493
vt 0.113848 0.299794
vn -0.416613 0.238417 0.877263
v -0.181762 -0.316103 2.264295
vt 0.136309 0.293446
vn -0.425650 0.204228 0.881540
v -0.276484 -0.305232 2.216699
vt 0.129519 0.312230
vn -0.449414 0.234711 0.861939
v -0.389086 -0.262214 2.144151
vt 0.127962 0.338796
vn -0.358417 0.234919 0.903521
v -0.099730 -0.091865 2.273951
vt 0.179248 0.299336
vn -0.408228 0.217898 0.886493
v -0.293595 -0.165128 2.178331
vt 0.151507 0.328359
vn -0.481043 0.183435 0.857292
v -0.418182 -0.147942 2.109458
vt 0.145129 0.353323
vn -0.329630 0.178732 0.927038
v -0.538604 -0.107041 2.072031
vt 0.144045 0.376974
vn -0.262897 0.178806 0.948110
v -0.508546 0.055271 2.048190
vt 0.172015 0.382681
vn -0.279418 0.278412 0.918919
v -0.431961 -0.027213 2.089121
vt 0.163790 0.364279
vn -0.294315 0.194514 0.935704
v -0.288212 0.043109 2.129539
vt 0.184405 0.345434
vn -0.454112 0.296207 0.840264
v -0.349608 0.101159 2.072800
vt 0.189242 0.361425
vn -0.334504 0.320813 0.886107
v -0.477207 0.195411 2.010421
vt 0.195331 0.387625
vn -0.290408 0.307941 0.906000
v -0.216562 0.167641 2.110313
vt 0.207996 0.345464
vn -0.372427 0.470723 0.799824
v -0.188171 0.079848 2.179613
vt 0.196994 0.330663
vn -0.445623 0.356659 0.821105
v -0.168496 -0.024163 2.225244
vt 0.183490 0.317281
vn -0.444950 0.249941 0.859970
v -0.086976 0.149057 2.191405
vt 0.214649 0.322103
vn -0.369955 0.466654 0.803347
v -0.320641 0.225943 2.043405
vt 0.209277 0.366918
vn -0.240520 0.288735 0.926705
v -0.370629 0.257516 2.028024
vt 0.210422 0.376135
vn -0.285766 0.330522 0.899496
v -0.134465 0.273051 2.067246
vt 0.229236 0.345617
vn -0.312117 0.284710 0.906379
v -0.247965 0.321235 2.029391
vt 0.227573 0.364477
vn -0.328773 0.223036 0.917694
v -0.358965 0.346027 1.978633
vt 0.224002 0.382498
vn -0.311866 0.406641 0.858710
v -0.084861 0.257516 2.097410
vt 0.230793 0.336934
vn -0.412665 0.439894 0.797622
v -0.184262 0.398481 2.059214
vt 0.241901 0.360052
vn -0.391419 0.114224 0.913096
v -0.003213 0.435400 2.097752
vt 0.259434 0.339849
vn -0.313938 0.242921 0.917841
v -0.269499 0.418465 1.992135
vt 0.238758 0.375051
vn -0.483603 0.269518 0.832760
v -0.173944 0.476695 2.043063
vt 0.251957 0.364553
vn -0.389528 0.307490 0.868169
v -0.210153 0.577656 1.980514
vt 0.261723 0.377981
vn -0.443032 0.043018 0.895473
v -0.329869 0.534315 1.916767
vt 0.249683 0.392035
vn -0.426627 0.112726 0.897375
v -0.557253 0.329129 1.939924
vt 0.210742 0.408331
vn -0.242031 0.392494 0.887339
v -0.400943 0.432924 1.919930
vt 0.233478 0.395178
vn -0.345012 0.415431 0.841655
v -0.706450 0.288048 1.911042
vt 0.198520 0.427848
vn -0.319858 0.319118 0.892107
v -0.658512 0.407128 1.870881
vt 0.218097 0.428000
vn -0.218417 0.271417 0.937351
v -0.557061 0.456209 1.864643
vt 0.229648 0.417105
vn -0.082459 0.257873 0.962654
v -0.464133 0.478058 1.869172
vt 0.237003 0.406775
vn -0.239332 0.313906 0.918795
v -0.478105 0.552613 1.861395
vt 0.245121 0.411734
vn -0.162833 -0.067379 0.984350
v -0.376461 0.595990 1.908479
vt 0.255116 0.400397
vn -0.340704 -0.239063 0.909269
v -0.515981 0.636209 1.869000
vt 0.253895 0.419791
vn -0.220688 -0.179016 0.958775
v -0.306926 0.606753 1.931551
vt 0.259464 0.392264
vn -0.352969 -0.254970 0.900224
v -0.362682 0.635563 1.933259
vt 0.261112 0.399786
vn -0.383705 -0.347301 0.855659
v -0.252323 0.685003 1.987521
vt 0.272480 0.388128
vn -0.369771 -0.172695 0.912933
v -0.401456 0.735520 1.942574
vt 0.271138 0.407996
vn -0.360862 -0.014576 0.932505
v -0.183428 0.721527 2.020932
vt 0.280644 0.381613
vn -0.398945 0.045532 0.915844
v -0.612176 0.580024 1.864728
vt 0.242878 0.430060
vn -0.034433 0.298167 0.953892
v -0.660563 0.577190 1.871137
vt 0.239796 0.435691
vn -0.168551 0.415615 0.893787
v -0.620956 0.610449 1.839264
vt 0.247471 0.433387
vn -0.352003 0.372309 0.858767
v -0.539437 0.724649 1.890790
vt 0.264500 0.424430
vn -0.413753 -0.075985 0.907213
v -0.276869 0.799454 1.983419
vt 0.283650 0.396445
vn -0.266930 0.380334 0.885491
v -0.535784 0.774340 1.889338
vt 0.270298 0.425559
vn -0.461072 0.341541 0.819001
v -0.736827 0.600726 1.790643
vt 0.243793 0.449180
vn -0.200764 0.731028 0.652145
v -0.746120 0.646721 1.765093
vt 0.249470 0.452659
vn -0.368942 0.297298 0.880622
v -0.707155 0.733798 1.773552
vt 0.261433 0.449653
vn -0.528026 0.361332 0.768523
v -0.851545 0.606466 1.764751
vt 0.239658 0.464073
vn -0.295922 0.609697 0.735323
v -0.839368 0.700754 1.710661
vt 0.254124 0.467872
vn -0.393547 0.528472 0.752222
v -0.661075 0.841181 1.720060
vt 0.277470 0.450553
vn -0.480200 0.702208 0.525653
v -0.791687 0.589137 1.823028
vt 0.236530 0.453040
vn -0.205044 0.614715 0.761631
v -0.726253 0.486526 1.839264
vt 0.225696 0.441230
vn -0.299160 0.054803 0.952628
v -0.890254 0.544361 1.806109
vt 0.227863 0.465293
vn -0.259174 0.439325 0.860129
v -0.855582 0.444836 1.817645
vt 0.215778 0.456931
vn -0.027764 0.231669 0.972399
v -0.974017 0.493056 1.818328
vt 0.217426 0.474601
vn -0.069536 0.542921 0.836900
v -0.949407 0.380363 1.860285
vt 0.202274 0.466789
vn 0.065214 0.245577 0.967181
v -0.873271 0.278361 1.864643
vt 0.191348 0.452552
vn 0.048524 0.143271 0.988493
v -1.068290 0.306956 1.871991
vt 0.188281 0.480049
vn 0.030820 0.213794 0.976393
v -1.134877 0.421156 1.845160
vt 0.201587 0.492226
vn -0.168366 0.392702 0.904123
v -1.093220 0.485952 1.816619
vt 0.211826 0.489616
vn -0.162734 0.672398 0.722079
v -1.203131 0.471385 1.776201
vt 0.208911 0.504265
vn -0.263367 0.796013 0.544979
v -1.089311 0.553977 1.705192
vt 0.227619 0.495750
vn -0.370860 0.764717 0.526944
v -1.177624 0.545940 1.615298
vt 0.230198 0.511879
vn -0.392039 0.832619 0.391217
v -1.259208 0.556345 1.514124
vt 0.235187 0.527001
vn -0.365151 0.822805 0.435495
v -1.003113 0.554515 1.727409
vt 0.229572 0.484031
vn -0.269627 0.602112 0.751507
v -1.009714 0.631581 1.692118
vt 0.239948 0.487709
vn -0.429457 0.633123 0.643989
v -1.142760 0.609265 1.547365
vt 0.242466 0.512688
vn -0.540756 0.642030 0.543489
v -0.989334 0.673486 1.634268
vt 0.249287 0.489876
vn -0.478815 0.725444 0.494436
v -0.859299 0.787041 1.621792
vt 0.267597 0.477241
vn -0.496259 0.676195 0.544506
v -1.056049 0.699462 1.548390
vt 0.254780 0.503151
vn -0.471432 0.660606 0.584253
v -0.964019 0.740758 1.561720
vt 0.262119 0.492638
vn -0.499558 0.705295 0.502992
v -0.856415 0.825143 1.563771
vt 0.275135 0.481575
vn -0.436064 0.805356 0.401559
v -1.063163 0.750517 1.463111
vt 0.265187 0.509682
vn -0.338290 0.740816 0.580303
v -1.009906 0.823887 1.416198
vt 0.277424 0.507668
vn -0.383634 0.821998 0.420884
v -1.178457 0.747037 1.417480
vt 0.262608 0.524285
vn -0.467786 0.655169 0.593237
v -0.665882 0.911502 1.554799
vt 0.294148 0.464454
vn -0.299623 0.921211 0.248187
v -0.810080 0.862385 1.500538
vt 0.285817 0.482185
vn -0.369385 0.874349 0.314751
v -0.813220 0.899267 1.411669
vt 0.295079 0.489265
vn -0.291318 0.932253 0.214567
v -0.949151 0.872036 1.335533
vt 0.290959 0.507774
vn -0.308528 0.940074 0.145158
v -0.584426 0.959507 1.352794
vt 0.319020 0.473045
vn -0.173093 0.980781 0.090041
v -1.071815 0.829987 1.328782
vt 0.281376 0.520043
vn -0.290257 0.906789 0.305752
v -0.887818 0.895141 1.213082
vt 0.307103 0.511467
vn -0.177937 0.979312 0.096364
v -0.562829 0.898586 1.722624
vt 0.288075 0.442039
vn -0.379953 0.845926 0.374226
v -0.523799 0.843656 1.833624
vt 0.279744 0.429664
vn -0.409564 0.681515 0.606461
v -0.577184 0.922624 1.596157
vt 0.297963 0.453437
vn -0.269758 0.944341 0.188281
v -0.418503 0.931199 1.779107
vt 0.295781 0.425849
vn -0.253119 0.870090 0.422935
v -0.416772 0.820156 1.911128
vt 0.280034 0.414298
vn -0.324548 0.539995 0.776578
v -0.292442 0.881400 1.897456
vt 0.293492 0.405844
vn -0.169965 0.779428 0.602996
v -0.137221 0.860806 1.952315
vt 0.299290 0.387991
vn -0.060971 0.781472 0.620954
v -0.487910 0.959865 1.581460
vt 0.307179 0.446815
vn -0.217130 0.971435 0.095751
v -0.122609 0.972602 1.775176
vt 0.318914 0.401633
vn -0.027210 0.901101 0.432754
v -0.549242 0.947775 1.492420
vt 0.309606 0.459113
vn -0.217160 0.970789 0.102030
v -0.296736 0.973463 1.703227
vt 0.312032 0.421668
vn -0.132735 0.974625 0.180246
v -0.401648 0.962628 1.487464
vt 0.321706 0.447028
vn -0.154618 0.985686 0.067197
v -0.459583 0.981715 1.257516
vt 0.337072 0.469566
vn -0.165323 0.985194 0.045408
v -0.286866 0.982935 1.548818
vt 0.325643 0.432639
vn -0.180294 0.978613 0.099046
v -0.063840 0.997179 1.698527
vt 0.330190 0.402411
vn -0.107184 0.966223 0.234361
v -0.107100 1.019423 1.503870
vt 0.343542 0.420935
vn -0.232279 0.951180 0.203235
v -0.096461 0.913906 1.854987
vt 0.312108 0.392264
vn 0.015355 0.853758 0.520444
v 0.038893 0.998327 1.709123
vt 0.336873 0.392630
vn -0.032950 0.895347 0.444149
v 0.063694 1.057346 1.568727
vt 0.352010 0.401556
vn -0.083850 0.952115 0.294018
v -0.147732 1.027244 1.429529
vt 0.346838 0.430014
vn -0.229560 0.966006 0.118885
v 0.024537 0.930087 1.812860
vt 0.324880 0.384665
vn 0.031255 0.853835 0.519605
v 0.026524 0.870134 1.938728
vt 0.312444 0.374533
vn 0.152453 0.801232 0.578607
v 0.136883 0.902963 1.864728
vt 0.328054 0.370245
vn 0.081949 0.781700 0.618247
v 0.083434 0.870242 1.912153
vt 0.318715 0.370703
vn 0.160818 0.793911 0.586382
v 0.007297 0.807814 2.008542
vt 0.302708 0.369360
vn 0.121430 0.643070 0.756119
v 0.237501 0.804729 1.940010
vt 0.325231 0.351003
vn 0.283527 0.684290 0.671833
v 0.156045 0.988927 1.746977
vt 0.342260 0.379690
vn 0.136740 0.866652 0.479808
v 0.205585 0.908596 1.838751
vt 0.335683 0.365835
vn 0.302069 0.757266 0.579053
v 0.249229 1.029361 1.577444
vt 0.364370 0.384009
vn 0.240554 0.899118 0.365679
v 0.321328 0.978379 1.619827
vt 0.365255 0.372580
vn 0.291965 0.845256 0.447548
v 0.140856 1.079375 1.491993
vt 0.364523 0.400778
vn 0.081361 0.945121 0.316427
v 0.325942 1.034025 1.514381
vt 0.375570 0.381857
vn 0.261923 0.894510 0.362282
v 0.062284 1.117729 1.345787
vt 0.371618 0.418372
vn -0.221844 0.951659 0.212437
v 0.204047 1.136852 1.298191
vt 0.386130 0.410361
vn 0.115072 0.942672 0.313254
v 0.336132 1.092435 1.291355
vt 0.395789 0.398276
vn 0.273553 0.901882 0.334332
v 0.282106 1.181664 1.153523
vt 0.403922 0.414984
vn 0.125144 0.957779 0.258842
v 0.430405 1.084362 1.245981
vt 0.406424 0.393469
vn 0.219840 0.929107 0.297371
v 0.404962 1.017019 1.495496
vt 0.382971 0.375875
vn 0.190012 0.911147 0.365659
v 0.321969 0.873579 1.797991
vt 0.347204 0.355474
vn 0.260244 0.803854 0.534875
v 0.365420 0.899088 1.737150
vt 0.356741 0.357107
vn 0.091118 0.891813 0.443133
v 0.441044 0.920651 1.678958
vt 0.368475 0.355673
vn 0.060940 0.919317 0.388770
v 0.499876 0.909098 1.719548
vt 0.369787 0.346960
vn -0.007781 0.909586 0.415442
v 0.376892 0.801607 1.878315
vt 0.342000 0.340993
vn 0.135559 0.731973 0.667713
v 0.530190 0.963130 1.563601
vt 0.386389 0.358526
vn 0.030658 0.930213 0.365737
v 0.490007 1.016409 1.476697
vt 0.391211 0.370245
vn 0.147155 0.918654 0.366634
v 0.609787 1.001663 1.435596
vt 0.403769 0.363073
vn 0.018870 0.957353 0.288305
v 0.663044 0.985841 1.540187
vt 0.399985 0.350134
vn -0.088538 0.949078 0.302344
v 0.644331 1.038618 1.306821
vt 0.417121 0.370886
vn -0.072565 0.968622 0.237709
v 0.716237 1.023370 1.425598
vt 0.413626 0.355901
vn -0.257454 0.919663 0.296541
v 0.712584 0.948851 1.631876
vt 0.396658 0.337575
vn -0.145478 0.867288 0.476076
v 0.753344 0.984550 1.560695
vt 0.406073 0.341787
vn -0.288074 0.916041 0.279074
v 0.844541 1.089565 1.385265
vt 0.428443 0.350195
vn -0.219274 0.946831 0.235436
v 0.769110 0.982433 1.624698
vt 0.403815 0.334905
vn -0.341642 0.831822 0.437440
v 0.883250 1.039909 1.581545
vt 0.417716 0.332296
vn -0.177778 0.882941 0.434524
v 0.747576 0.901097 1.700065
vt 0.392905 0.327108
vn 0.032223 0.723480 0.689593
v 0.905104 0.978199 1.663150
vt 0.412802 0.322744
vn 0.105850 0.574876 0.811365
v 0.949838 1.071123 1.505751
vt 0.428077 0.334005
vn 0.072974 0.955207 0.286800
v 0.976691 1.029361 1.599490
vt 0.423423 0.324880
vn 0.186357 0.795486 0.576605
v 1.108006 1.000300 1.572829
vt 0.434333 0.316579
vn 0.326301 0.663056 0.673709
v 0.613825 0.882046 1.751762
vt 0.376303 0.333638
vn 0.109739 0.844288 0.524533
v 0.844798 0.829377 1.738432
vt 0.395987 0.311742
vn 0.289512 0.399159 0.869974
v 0.520385 0.855891 1.826703
vt 0.361364 0.334920
vn 0.036206 0.816109 0.576763
v 0.747833 0.868592 1.738518
vt 0.388769 0.322454
vn 0.234519 0.713665 0.660063
v 0.588061 0.833682 1.832428
vt 0.365911 0.327428
vn 0.270543 0.620898 0.735726
v 0.499813 0.785211 1.898994
vt 0.351049 0.327764
vn 0.171638 0.512673 0.841253
v 0.415665 0.721886 1.935908
vt 0.336583 0.327871
vn 0.228938 0.472140 0.851276
v 0.719442 0.816568 1.794830
vt 0.379889 0.317525
vn 0.320804 0.456590 0.829825
v 0.625361 0.713526 1.866950
vt 0.360693 0.311742
vn 0.418247 0.318783 0.850557
v 0.279799 0.733833 1.982051
vt 0.321416 0.339757
vn 0.316548 0.580656 0.750090
v 0.592484 0.675101 1.901386
vt 0.353094 0.309468
vn 0.393802 0.287259 0.873156
v 0.712969 0.574678 1.865668
vt 0.361944 0.290043
vn 0.401983 0.248468 0.881290
v 0.434122 0.653072 1.954793
vt 0.332418 0.318730
vn 0.368422 0.313955 0.875042
v 0.326070 0.648802 2.019479
vt 0.317159 0.326513
vn 0.363926 0.396568 0.842788
v 0.556082 0.516089 1.957527
vt 0.335882 0.293568
vn 0.377506 0.283158 0.881653
v 0.396246 0.511102 2.031357
vt 0.313634 0.305211
vn 0.456013 0.354675 0.816246
v 0.182385 0.703409 2.045712
vt 0.306493 0.344198
vn 0.206121 0.457363 0.865062
v 0.292744 0.540773 2.077927
vt 0.301915 0.317510
vn 0.288432 0.394364 0.872516
v 0.528973 0.353741 2.020761
vt 0.318120 0.275608
vn 0.425349 0.485112 0.764032
v 0.352859 0.417389 2.110313
vt 0.296071 0.297292
vn 0.379634 0.430792 0.818716
v 0.118426 0.539267 2.108689
vt 0.282399 0.334417
vn -0.104380 0.310180 0.944930
v 0.282426 0.353849 2.158080
vt 0.280034 0.296208
vn 0.250982 0.658311 0.709672
v 0.103813 0.785749 2.006234
vt 0.308507 0.359213
vn 0.159738 0.597720 0.785630
v 0.079909 0.706817 2.041098
vt 0.298512 0.354574
vn 0.115543 0.446056 0.887515
v 0.112145 0.619095 2.093735
vt 0.290440 0.343023
vn 0.063123 0.264709 0.962260
v -0.010904 0.690242 2.084336
vt 0.288548 0.361486
vn 0.075838 0.261092 0.962330
v 0.051838 0.618521 2.088779
vt 0.285695 0.349783
vn -0.083781 -0.052291 0.995111
v 0.078370 0.586518 2.084934
vt 0.283864 0.344182
vn -0.378762 -0.111684 0.918731
v 0.036201 0.571844 2.056906
vt 0.277958 0.348409
vn -0.323520 -0.086058 0.942300
v -0.044614 0.763433 2.049899
vt 0.293599 0.370047
vn 0.014434 0.554412 0.832117
v -0.047370 0.628244 2.078611
vt 0.279973 0.361242
vn -0.279787 -0.296892 0.913003
v -0.113188 0.712988 2.067160
vt 0.284672 0.372518
vn -0.377904 0.120826 0.917927
v -0.154012 0.813303 1.992990
vt 0.292363 0.385214
vn -0.148952 0.572928 0.805957
v -0.087809 0.566390 2.024435
vt 0.268635 0.362417
vn -0.346922 0.049097 0.936608
v 0.136050 0.421299 2.156456
vt 0.269795 0.319387
vn -0.138471 0.368866 0.919110
v 0.054274 0.304480 2.149022
vt 0.247654 0.320516
vn -0.426310 0.370333 0.825296
v 0.177707 0.357257 2.199865
vt 0.265232 0.306188
vn -0.141170 0.617874 0.773500
v 0.087343 0.244133 2.208325
vt 0.242145 0.307713
vn -0.442350 0.455951 0.772292
v 0.075935 -0.000914 2.321547
vt 0.208133 0.281254
vn -0.484521 0.321103 0.813715
v 0.197446 0.203807 2.306764
vt 0.245533 0.284520
vn -0.448702 0.462828 0.764498
v 0.279094 0.291492 2.287281
vt 0.263279 0.283574
vn 0.073705 0.700895 0.709446
v 0.404898 0.291995 2.192260
vt 0.284749 0.275120
vn 0.435037 0.700465 0.565766
v 0.304024 0.209547 2.346669
vt 0.255558 0.270863
vn 0.182141 0.528734 0.829015
v 0.243268 0.075578 2.420584
vt 0.233829 0.260914
vn -0.302219 0.408795 0.861133
v 0.010181 -0.106216 2.324195
vt 0.187228 0.280171
vn -0.440696 0.247842 0.862764
v 0.252241 -0.059969 2.468436
vt 0.218982 0.244099
vn -0.215914 0.285033 0.933883
v -0.047242 -0.274305 2.328468
vt 0.156466 0.272648
vn -0.466133 0.140247 0.873528
v 0.153546 -0.159208 2.425027
vt 0.194919 0.249454
vn -0.526943 0.180748 0.830458
v -0.018402 -0.353559 2.355812
vt 0.147112 0.258854
vn -0.523510 0.316344 0.791116
v 0.109517 -0.317789 2.421182
vt 0.167178 0.239704
vn -0.532527 0.402133 0.744785
v 0.044724 -0.440133 2.494669
vt 0.141024 0.226123
vn -0.496542 0.404952 0.767763
v 0.142586 -0.374835 2.514836
vt 0.162600 0.219013
vn -0.419743 0.454052 0.785909
v 0.104967 -0.524770 2.541154
vt 0.135805 0.204303
vn -0.366036 0.348125 0.863034
v 0.270185 -0.151817 2.497575
vt 0.209689 0.230396
vn -0.030387 0.283696 0.958433
v 0.221799 -0.293248 2.505351
vt 0.184741 0.219852
vn -0.460150 0.314355 0.830327
v 0.203214 -0.431236 2.553374
vt 0.162600 0.201495
vn -0.311933 0.306119 0.899438
v 0.091060 -0.617622 2.593792
vt 0.119692 0.189792
vn -0.382527 0.320804 0.866463
v 0.222120 -0.565455 2.602081
vt 0.145953 0.178363
vn -0.218329 0.322092 0.921189
v 0.280119 -0.339459 2.539787
vt 0.186038 0.203998
vn -0.117560 0.312474 0.942624
v 0.290501 -0.466109 2.595757
vt 0.169421 0.182681
vn 0.003943 0.317194 0.948352
v 0.216544 -0.642809 2.631732
vt 0.133837 0.166720
vn -0.172286 0.259597 0.950225
v 0.334209 -0.586731 2.622076
vt 0.159091 0.158907
vn 0.111631 0.270562 0.956209
v 0.274159 -0.695621 2.652411
vt 0.134768 0.150469
vn -0.087488 -0.058308 0.994458
v 0.324917 -0.739859 2.645319
vt 0.135195 0.135805
vn -0.106575 -0.180284 0.977824
v 0.371765 -0.798555 2.643695
vt 0.134920 0.118303
vn 0.003816 -0.161299 0.986898
v 0.386185 -0.642486 2.625494
vt 0.159579 0.143206
vn 0.115634 0.253788 0.960323
v 0.425535 -0.715426 2.635577
vt 0.156100 0.126238
vn 0.253659 0.038514 0.966527
v 0.563195 -0.779863 2.579180
vt 0.175174 0.098177
vn 0.495436 -0.020675 0.868398
v 0.528844 -0.820441 2.579864
vt 0.164538 0.093477
vn 0.364894 -0.276413 0.889072
v 0.438160 -0.649661 2.628912
vt 0.166339 0.135210
vn 0.282420 0.280580 0.917340
v 0.434379 -0.584866 2.590374
vt 0.176120 0.146212
vn 0.423835 0.459980 0.780245
v 0.640101 -0.843511 2.519963
vt 0.187488 0.076997
vn 0.644106 -0.143981 0.751264
v 0.589343 -0.887677 2.532866
vt 0.173312 0.071962
vn 0.478844 -0.310249 0.821251
v 0.587997 -0.707604 2.542265
vt 0.189883 0.107576
vn 0.618795 0.256160 0.742613
v 0.701241 -0.902243 2.432547
vt 0.202609 0.054597
vn 0.771872 -0.163479 0.614400
v 0.586780 -0.575430 2.468522
vt 0.211460 0.129870
vn 0.504235 0.513969 0.693962
v 0.658943 -0.619416 2.440152
vt 0.220539 0.114168
vn 0.632342 0.313772 0.708301
v 0.722518 -0.792887 2.419644
vt 0.217350 0.075273
vn 0.773666 0.055047 0.631198
v 0.800961 -0.824244 2.310951
vt 0.242786 0.058152
vn 0.799958 -0.157173 0.579107
v 0.792310 -0.881506 2.293861
vt 0.240192 0.044511
vn 0.781201 -0.282868 0.556516
v 0.745782 -0.702115 2.372048
vt 0.234897 0.089448
vn 0.722944 0.120091 0.680389
v 0.871138 -0.742263 2.244299
vt 0.268818 0.069215
vn 0.712864 -0.057381 0.698951
v 0.880302 -0.846453 2.211059
vt 0.269322 0.044800
vn 0.641133 -0.230672 0.731942
v 0.838645 -0.915913 2.210375
vt 0.258625 0.029435
vn 0.648875 -0.454746 0.610055
v 0.854090 -0.635454 2.253699
vt 0.271168 0.092103
vn 0.713817 0.248366 0.654813
v 0.932470 -0.858292 2.171581
vt 0.283268 0.039475
vn 0.608596 -0.349169 0.712525
v 0.945480 -0.718117 2.173974
vt 0.291218 0.068925
vn 0.695901 0.039324 0.717060
v 0.934841 -0.905616 2.110142
vt 0.290501 0.023239
vn 0.442643 -0.727671 0.523987
v 0.995276 -0.889327 2.091428
vt 0.303975 0.028687
vn 0.523133 -0.657102 0.542724
v 1.089677 -0.908055 1.957954
vt 0.337804 0.017060
vn 0.683594 -0.465456 0.562183
v 1.074681 -0.826648 2.049472
vt 0.323796 0.039750
vn 0.741720 -0.229359 0.630275
v 1.074425 -0.718655 2.044687
vt 0.328191 0.061646
vn 0.735858 0.102466 0.669338
v 1.145690 -0.811149 1.946419
vt 0.349722 0.039033
vn 0.772155 -0.219393 0.596358
v 0.980984 -0.606895 2.108604
vt 0.310643 0.088350
vn 0.675524 0.320755 0.663916
v 1.199780 -0.733508 1.891987
vt 0.367422 0.053315
vn 0.753964 0.043932 0.655445
v 1.084871 -0.655366 2.017001
vt 0.335790 0.073472
vn 0.745381 0.244760 0.620081
v 1.159982 -0.871998 1.915315
vt 0.355734 0.025315
vn 0.667603 -0.388691 0.635000
v 1.185040 -0.903319 1.842425
vt 0.370626 0.015640
vn 0.374603 -0.818744 0.435122
v 1.257716 -0.750228 1.824395
vt 0.384680 0.048356
vn 0.772340 -0.027190 0.634627
v 1.257652 -0.902602 1.788249
vt 0.387717 0.018952
vn 0.442366 -0.819293 0.364789
v 1.314241 -0.904396 1.641788
vt 0.416419 0.009674
vn 0.778794 -0.563268 0.276060
v 1.306743 -0.860696 1.759795
vt 0.397726 0.026902
vn 0.816011 -0.288805 0.500716
v 1.316613 -0.898225 1.684257
vt 0.409186 0.015778
vn 0.721522 -0.675178 0.153429
v 1.351220 -0.787074 1.693314
vt 0.415671 0.038193
vn 0.893131 -0.079659 0.442687
v 1.275724 -0.680445 1.801239
vt 0.391638 0.061219
vn 0.829501 0.197271 0.522505
v 1.085255 -0.557347 1.962654
vt 0.347189 0.092302
vn 0.689807 0.315479 0.651644
v 1.229902 -0.610554 1.838239
vt 0.382116 0.075959
vn 0.779100 0.239092 0.579516
v 1.379739 -0.730566 1.618972
vt 0.432670 0.048432
vn 0.851311 0.182785 0.491792
v 1.389993 -0.809355 1.603078
vt 0.435386 0.031342
vn 0.829405 -0.195695 0.523251
v 1.467475 -0.848318 1.480799
vt 0.467063 0.021057
vn 0.778510 -0.374588 0.503594
v 1.409284 -0.879173 1.500794
vt 0.455497 0.010773
vn 0.518425 -0.819635 0.243793
v 1.495546 -0.865181 1.423633
vt 0.481376 0.016617
vn 0.801135 -0.258373 0.539839
v 1.466514 -0.713740 1.490797
vt 0.465599 0.050645
vn 0.800819 0.060480 0.595845
v 1.277455 -0.632942 1.741679
vt 0.402686 0.070909
vn 0.860338 0.322171 0.394999
v 1.350900 -0.653070 1.614187
vt 0.431266 0.065385
vn 0.809825 0.237997 0.536229
v 1.231184 -0.455704 1.736467
vt 0.400992 0.105669
vn 0.798415 0.276568 0.534830
v 1.160687 -0.443291 1.836273
vt 0.378195 0.110124
vn 0.737363 0.321357 0.594159
v 1.032639 -0.406803 1.943685
vt 0.348592 0.122881
vn 0.673729 0.164099 0.720528
v 1.409028 -0.541848 1.516517
vt 0.454337 0.086793
vn 0.771366 0.171467 0.612857
v 1.140820 -0.311941 1.776031
vt 0.387854 0.135241
vn 0.764442 0.293287 0.574117
v 0.961886 -0.446197 2.016745
vt 0.328405 0.120012
vn 0.662300 0.274069 0.697312
v 1.073720 -0.350582 1.892927
vt 0.362631 0.131029
vn 0.782205 0.186580 0.594427
v 0.878123 -0.237422 2.072971
vt 0.320790 0.161730
vn 0.641557 0.137963 0.754567
v 1.032768 -0.249764 1.946504
vt 0.353857 0.150774
vn 0.784971 0.202269 0.585583
v 1.061799 -0.199571 1.827044
vt 0.375509 0.157534
vn 0.812800 0.226887 0.536542
v 1.008991 -0.155584 1.906172
vt 0.360311 0.167529
vn 0.791527 0.239800 0.562122
v 1.040394 -0.050784 1.808843
vt 0.379614 0.182925
vn 0.799796 0.165569 0.576986
v 0.899464 -0.140623 2.018881
vt 0.334493 0.176181
vn 0.666183 0.231664 0.708894
v 1.005146 -0.077262 1.900276
vt 0.363119 0.180529
vn 0.801853 0.200345 0.562934
v 0.909975 -0.005363 1.981026
vt 0.345800 0.196735
vn 0.675302 0.256077 0.691658
v 0.793207 -0.030836 2.081687
vt 0.320272 0.200320
vn 0.609598 0.254774 0.750653
v 0.962014 0.019680 1.903095
vt 0.361791 0.197879
vn 0.761352 0.276973 0.586199
v 0.731683 0.109483 2.076817
vt 0.321141 0.225437
vn 0.571184 0.307452 0.761067
v 0.886391 0.129431 1.933943
vt 0.354238 0.218738
vn 0.657176 0.324269 0.680418
v 0.981305 0.127063 1.844903
vt 0.374289 0.213474
vn 0.667158 0.185490 0.721453
v 0.787695 0.284747 1.963338
vt 0.347356 0.246845
vn 0.514717 0.369454 0.773673
v 0.617542 0.130364 2.150646
vt 0.301961 0.236484
vn 0.535506 0.395874 0.746001
v 0.870561 0.222355 1.898994
vt 0.360189 0.233234
vn 0.653424 0.241580 0.717410
v 0.704189 -0.054049 2.163548
vt 0.299779 0.203113
vn 0.584232 0.283890 0.760315
v 0.669517 0.203233 2.076645
vt 0.319219 0.243152
vn 0.447233 0.461168 0.766359
v 0.701497 0.378533 1.939668
vt 0.344610 0.266087
vn 0.347206 0.424671 0.836124
v 0.876072 0.321702 1.879511
vt 0.366674 0.247074
vn 0.569795 0.172383 0.803503
v 0.954196 0.236814 1.838068
vt 0.375921 0.231144
vn 0.585979 0.139665 0.798199
v 0.829352 0.383340 1.894636
vt 0.362799 0.258091
vn 0.423316 0.374153 0.825114
v 1.024436 0.434180 1.772271
vt 0.396460 0.255634
vn 0.559022 0.063710 0.826702
v 0.912154 0.443795 1.824139
vt 0.380255 0.262074
vn 0.386113 0.266081 0.883242
v 0.781030 0.476767 1.860199
vt 0.364523 0.273823
vn 0.376190 0.327271 0.866819
v 1.070003 0.287761 1.733049
vt 0.400381 0.233539
vn 0.648989 0.107677 0.753140
v 0.850437 0.548846 1.815082
vt 0.378714 0.278889
vn 0.327695 0.214878 0.920024
v 0.878892 0.661790 1.782695
vt 0.389166 0.290944
vn 0.352881 0.264573 0.897483
v 1.021744 0.595739 1.751421
vt 0.403128 0.276143
vn 0.415876 0.293236 0.860848
v 0.541149 0.284711 2.087925
vt 0.308949 0.264500
vn 0.473842 0.614649 0.630619
v 1.048982 0.640873 1.711430
vt 0.410025 0.280613
vn 0.399890 0.328866 0.855532
v 1.102367 0.566139 1.712883
vt 0.412955 0.269627
vn 0.545471 0.149760 0.824641
v 1.072758 0.743951 1.670755
vt 0.418250 0.291585
vn 0.421915 0.277272 0.863196
v 1.075130 0.870959 1.627603
vt 0.424811 0.305043
vn 0.389265 0.268547 0.881110
v 1.235990 0.704055 1.589065
vt 0.437644 0.282002
vn 0.601382 0.115884 0.790513
v 1.258485 0.888504 1.545228
vt 0.445411 0.301320
vn 0.479797 0.184069 0.857854
v 1.163507 0.518960 1.667850
vt 0.421424 0.261921
vn 0.667481 0.049803 0.742959
v 1.111531 0.378102 1.686137
vt 0.411399 0.244587
vn 0.655333 -0.017272 0.755143
v 1.231696 0.518565 1.600857
vt 0.433570 0.259892
vn 0.654784 0.014225 0.755682
v 1.207599 0.335407 1.606924
vt 0.427558 0.236210
vn 0.603722 0.080188 0.793152
v 1.130694 0.196308 1.700834
vt 0.407828 0.218479
vn 0.638862 0.201862 0.742366
v 1.083525 0.173274 1.753044
vt 0.396796 0.216373
vn 0.643470 0.131559 0.754081
v 1.102687 0.005508 1.738603
vt 0.396185 0.189487
vn 0.675975 0.017824 0.736709
v 1.214393 0.128929 1.649051
vt 0.420981 0.206210
vn 0.617057 0.059471 0.784668
v 1.250923 0.232796 1.607180
vt 0.430732 0.220829
vn 0.583052 0.170370 0.794371
v 1.116915 -0.113750 1.728862
vt 0.396292 0.169802
vn 0.748160 0.136265 0.649375
v 1.243168 -0.310147 1.645975
vt 0.417472 0.132937
vn 0.736599 0.234568 0.634350
v 1.185297 -0.117661 1.660160
vt 0.412222 0.167285
vn 0.672852 0.045086 0.738402
v 1.375573 0.044723 1.521132
vt 0.451743 0.190585
vn 0.661555 -0.049894 0.748235
v 1.383905 0.197671 1.509596
vt 0.454353 0.213870
vn 0.656183 0.131987 0.742969
v 1.322701 0.332501 1.528566
vt 0.446830 0.233967
vn 0.629810 0.084592 0.772129
v 1.325713 0.501379 1.530446
vt 0.448173 0.256077
vn 0.675436 0.068286 0.734250
v 1.425626 0.290883 1.433459
vt 0.466346 0.227771
vn 0.687662 0.159861 0.708212
v 1.274891 0.598465 1.552748
vt 0.442664 0.269017
vn 0.684590 0.067385 0.725807
v 1.398773 0.588778 1.435937
vt 0.463249 0.266712
vn 0.768701 0.075789 0.635102
v 1.462797 0.106792 1.445593
vt 0.469368 0.200427
vn 0.721641 -0.023399 0.691872
v 1.469718 0.174458 1.434314
vt 0.471061 0.210513
vn 0.693214 0.116685 0.711224
v 1.538613 0.006477 1.349120
vt 0.488624 0.185672
vn 0.742254 -0.108604 0.661260
v 1.574951 0.200972 1.331175
vt 0.491768 0.215061
vn 0.821765 0.215363 0.527561
v 1.529705 0.289017 1.340233
vt 0.485969 0.227832
vn 0.707269 0.131676 0.694573
v 1.431074 0.383412 1.417737
vt 0.468391 0.240665
vn 0.735883 0.131684 0.664180
v 1.499583 0.438772 1.312803
vt 0.484276 0.249210
vn 0.666594 0.307563 0.679012
v 1.571554 0.379932 1.299900
vt 0.492973 0.240497
vn 0.659463 0.169570 0.732362
v 1.634745 0.120713 1.248544
vt 0.507805 0.205539
vn 0.767339 0.034087 0.640335
v 1.629105 0.263615 1.223679
vt 0.507347 0.226352
vn 0.744998 0.051399 0.665083
v 1.743823 0.238572 1.106184
vt 0.530556 0.226734
vn 0.757772 0.055107 0.650188
v 1.663264 0.438700 1.196334
vt 0.509819 0.249821
vn 0.731169 0.147977 0.665954
v 1.704921 0.075219 1.167794
vt 0.524834 0.201022
vn 0.757109 -0.004827 0.653271
v 1.621286 0.473072 1.224618
vt 0.503120 0.253468
vn 0.556741 0.499312 0.663872
v 1.561877 0.517704 1.219919
vt 0.497200 0.260624
vn 0.698679 0.358979 0.618855
v 1.695436 0.480678 1.141817
vt 0.516594 0.256626
vn 0.636016 0.438885 0.634715
v 1.609687 0.531589 1.145491
vt 0.507530 0.264775
vn 0.576514 0.618791 0.533601
v 1.643205 0.581459 1.058502
vt 0.516518 0.273426
vn 0.643281 0.413777 0.644188
v 1.461772 0.662292 1.336046
vt 0.476616 0.276127
vn 0.804123 0.053007 0.592096
v 1.807077 0.396902 1.022442
vt 0.538689 0.250782
vn 0.927932 0.171296 0.331060
v 1.864820 0.213063 0.950920
vt 0.559319 0.230503
vn 0.859433 0.396115 0.323214
v 1.862129 0.176719 0.977837
vt 0.557290 0.224094
vn 0.801585 0.148377 0.579177
v 1.833289 0.260207 0.872989
vt 0.565545 0.243214
vn 0.820923 0.527448 -0.218823
v 1.787402 0.476014 1.024152
vt 0.534173 0.259815
vn 0.940688 0.313993 0.128507
v 1.911284 0.170368 0.905204
vt 0.569650 0.226169
vn 0.883283 0.302209 0.358443
v 1.837904 0.008881 1.001422
vt 0.559136 0.198505
vn 0.813663 -0.074736 0.576513
v 1.755871 0.527857 1.071320
vt 0.526390 0.263539
vn 0.700938 0.449894 0.553427
v 1.731774 0.581962 1.019110
vt 0.527337 0.272297
vn 0.728251 0.647207 0.225332
v 1.661726 0.610162 0.855216
vt 0.541482 0.289143
vn 0.898624 0.342967 -0.273586
v 1.667301 0.636819 1.012188
vt 0.521950 0.281041
vn 0.790104 0.376385 0.483807
v 1.673774 0.652318 0.962200
vt 0.527260 0.285542
vn 0.923736 0.371082 -0.094920
v 1.628464 0.698852 1.072602
vt 0.511391 0.286427
vn 0.871335 0.204992 0.445818
v 1.660829 0.725868 0.995696
vt 0.519585 0.292073
vn 0.924906 0.311054 0.218621
v 1.574054 0.711410 1.174373
vt 0.498100 0.284733
vn 0.855369 0.173350 0.488154
v 1.550918 0.801320 1.156685
vt 0.496422 0.295033
vn 0.852480 0.153262 0.499789
v 1.613788 0.758518 1.046198
vt 0.511284 0.294102
vn 0.877716 0.241671 0.413774
v 1.646858 0.769102 0.961687
vt 0.520653 0.298543
vn 0.987908 0.151685 0.032086
v 1.465297 0.765621 1.333910
vt 0.476249 0.287678
vn 0.762702 0.205773 0.613142
v 1.419474 0.752598 1.389709
vt 0.468635 0.285939
vn 0.717108 0.274985 0.640421
v 1.573926 1.010453 1.132930
vt 0.494881 0.314900
vn 0.819573 0.245774 0.517586
v 1.449723 0.871605 1.295030
vt 0.477501 0.299550
vn 0.808599 0.159987 0.566191
v 1.343338 0.749117 1.479004
vt 0.455756 0.285588
vn 0.765454 0.116280 0.632898
v 1.398261 0.788153 1.375951
vt 0.468116 0.290471
vn 0.727493 0.310160 0.612008
v 1.531051 0.990900 1.180013
vt 0.489601 0.312596
vn 0.729781 0.098662 0.676525
v 1.298924 0.836839 1.521132
vt 0.449592 0.295323
vn 0.716296 0.076783 0.693559
v 1.445301 1.037326 1.253928
vt 0.478935 0.316091
vn 0.680528 0.421055 0.599662
v 1.373202 0.932993 1.413293
vt 0.463020 0.304753
vn 0.816864 0.191368 0.544162
v 1.307961 0.969983 1.498060
vt 0.452873 0.308080
vn 0.642038 0.355288 0.679380
v 1.320009 1.042708 1.395947
vt 0.460990 0.316472
vn 0.397440 0.783553 0.477583
v 1.260407 1.009233 1.499000
vt 0.450172 0.312993
vn 0.286952 0.765414 0.576020
v 1.197730 1.025989 1.437219
vt 0.449699 0.321096
vn 0.101287 0.927942 0.358699
v 1.080705 1.042241 1.457129
vt 0.440375 0.327672
vn 0.258375 0.898408 0.355113
v 1.264253 1.072630 1.327415
vt 0.461906 0.325353
vn 0.090023 0.943154 0.319931
v 1.418256 1.094229 1.218722
vt 0.479515 0.322866
vn 0.289461 0.888875 0.355124
v 1.503365 1.093870 1.146174
vt 0.489250 0.322362
vn 0.451750 0.810749 0.372300
v 1.111211 1.088417 1.338353
vt 0.450721 0.335027
vn 0.087705 0.965767 0.244134
v 1.341863 1.103055 1.169930
vt 0.477684 0.331136
vn 0.080756 0.983150 0.163995
v 0.853065 1.105710 1.304770
vt 0.434836 0.355718
vn -0.133465 0.987601 0.082648
v 1.184848 1.126734 1.159676
vt 0.468254 0.342763
vn 0.016447 0.988114 0.152842
v 1.093523 1.095951 1.236154
vt 0.456443 0.343450
vn -0.033335 0.972241 0.231595
v 0.706752 1.070406 1.224960
vt 0.428763 0.372503
vn -0.184143 0.977387 0.103949
v 0.997199 1.112455 1.217098
vt 0.451316 0.351781
vn -0.003289 0.993856 0.110635
v 0.841978 1.090426 1.101740
vt 0.448417 0.371542
vn -0.110238 0.993522 0.027596
v 0.613120 1.067356 1.174459
vt 0.425605 0.383581
vn 0.103771 0.980186 0.168724
v 1.055390 1.112670 1.081317
vt 0.465110 0.357137
vn -0.108067 0.994047 -0.013847
v 1.182669 1.133192 1.067133
vt 0.474693 0.348745
vn -0.063398 0.997901 0.013168
v 0.755651 1.089708 0.985271
vt 0.451087 0.386481
vn -0.043247 0.994681 0.093485
v 0.532625 1.083609 1.195138
vt 0.418067 0.388922
vn 0.182220 0.957162 0.225028
v 0.610620 1.105889 0.997149
vt 0.439765 0.397238
vn 0.177397 0.974662 0.136248
v 0.467384 1.133515 1.044660
vt 0.425666 0.406012
vn 0.348548 0.910801 0.221262
v 0.369201 1.191925 1.017571
vt 0.420829 0.417594
vn 0.269485 0.941512 0.202318
v 0.524743 1.133085 0.895890
vt 0.441855 0.411460
vn 0.380379 0.905910 0.186115
v 0.612671 1.116760 0.840433
vt 0.452354 0.408118
vn 0.252420 0.953145 0.166730
v 0.469435 1.203513 0.767714
vt 0.447883 0.426780
vn 0.366192 0.911582 0.186871
v 0.769815 1.094157 0.814114
vt 0.465187 0.397528
vn -0.085521 0.992786 0.084041
v 0.889467 1.137856 0.777370
vt 0.476905 0.390692
vn -0.071365 0.996045 0.052934
v 0.781351 1.113531 0.696705
vt 0.475181 0.404791
vn -0.015814 0.986272 0.164372
v 0.608826 1.160316 0.671753
vt 0.465400 0.420981
vn 0.302403 0.930530 0.206560
v 0.528011 1.226619 0.469834
vt 0.476081 0.442786
vn 0.233550 0.951906 0.198315
v 0.696370 1.182884 0.490427
vt 0.486091 0.426932
vn 0.205153 0.936061 0.285834
v 0.812241 1.145678 0.533665
vt 0.490562 0.413901
vn 0.101047 0.974924 0.198275
v 0.873253 1.144099 0.586047
vt 0.490669 0.405341
vn 0.043936 0.995347 0.085751
v 0.786670 1.192391 0.413009
vt 0.498680 0.425406
vn 0.263791 0.920897 0.286990
v 0.891902 1.158666 0.393698
vt 0.507454 0.417350
vn 0.246675 0.945544 0.212364
v 1.004376 1.113280 0.564000
vt 0.501656 0.396078
vn 0.137214 0.989139 0.052691
v 0.685796 1.240432 0.342683
vt 0.497429 0.439353
vn 0.187845 0.954111 0.233209
v 0.880495 1.220663 0.213824
vt 0.521340 0.432258
vn 0.251644 0.923057 0.290930
v 0.784683 1.225435 0.266120
vt 0.510414 0.436301
vn 0.221631 0.949006 0.224206
v 0.668812 1.262389 0.236212
vt 0.504814 0.448371
vn 0.158175 0.962747 0.219315
v 0.849348 1.257617 0.092997
vt 0.528893 0.443900
vn 0.135091 0.979175 0.151545
v 0.744884 1.280902 0.113163
vt 0.519936 0.451225
vn 0.216742 0.969084 0.117893
v 0.583063 1.289370 0.164006
vt 0.504707 0.460533
vn -0.068461 0.990697 0.117613
v 0.506093 1.266802 0.292524
vt 0.488899 0.457527
vn -0.060137 0.992773 0.103854
v 0.649329 1.309820 -0.011082
vt 0.523186 0.467536
vn -0.009481 0.998335 0.056903
v 0.462065 1.258407 0.396774
vt 0.477424 0.453712
vn 0.002619 0.996269 0.086263
v 0.473024 1.260273 0.092741
vt 0.502174 0.474403
vn -0.168531 0.985156 0.032642
v 0.368368 1.235696 0.400021
vt 0.470375 0.461097
vn -0.194166 0.979014 0.061889
v 0.422586 1.244881 0.542723
vt 0.462791 0.446662
vn -0.028518 0.997422 0.065855
v 0.393363 1.234261 0.725758
vt 0.445960 0.436347
vn 0.048929 0.994129 0.096509
v 0.343118 1.210294 0.879740
vt 0.430076 0.429496
vn -0.091527 0.989758 0.109556
v 0.295629 1.212447 0.773696
vt 0.435157 0.440833
vn -0.289357 0.956766 0.029502
v 0.235642 1.190777 0.925798
vt 0.418463 0.434897
vn -0.287559 0.957426 -0.025406
v 0.185718 1.189880 1.020733
vt 0.407385 0.431861
vn -0.229420 0.971928 -0.052179
v 0.276402 1.197414 0.575280
vt 0.449332 0.456672
vn -0.279702 0.958896 0.047802
v 0.142522 1.142341 0.930241
vt 0.410651 0.443061
vn -0.432104 0.890554 -0.142122
v 0.080870 1.109441 0.880253
vt 0.409659 0.452171
vn -0.320391 0.947252 0.007931
v 0.001209 1.113208 1.085846
vt 0.387854 0.442908
vn -0.353363 0.931918 -0.081633
v 0.068950 1.147615 1.187533
vt 0.385443 0.429358
vn -0.272946 0.957600 0.092208
v 0.190717 1.167635 0.707984
vt 0.432288 0.454643
vn -0.330270 0.942998 0.040939
v -0.070634 1.086551 1.216928
vt 0.371710 0.439155
vn -0.411717 0.887903 0.205223
v -0.045255 1.063983 1.320066
vt 0.364294 0.429755
vn -0.474375 0.876010 0.087034
v -0.125877 1.023262 1.261362
vt 0.361837 0.440681
vn -0.251538 0.934043 0.253561
v -0.195926 1.033057 1.217782
vt 0.360861 0.449866
vn -0.241315 0.950336 0.196542
v -0.185223 1.057274 1.126008
vt 0.369970 0.455482
vn -0.387119 0.921849 0.018281
v -0.111330 1.058100 0.932377
vt 0.391058 0.464363
vn -0.302981 0.952252 -0.037670
v -0.245850 1.022293 1.203085
vt 0.358267 0.455314
vn -0.236419 0.970890 0.038456
v -0.239569 1.021325 0.999029
vt 0.375631 0.470298
vn -0.260134 0.965297 -0.023062
v -0.358837 1.006902 1.256662
vt 0.345144 0.460822
vn -0.202651 0.978959 0.023928
v -0.373898 0.988568 1.072431
vt 0.359258 0.476265
vn -0.155032 0.986899 0.044665
v -0.233673 1.019889 0.780104
vt 0.394110 0.485939
vn -0.256894 0.965810 -0.034871
v -0.443113 0.994739 0.974504
vt 0.362585 0.489219
vn -0.171753 0.985028 0.014823
v -0.512007 0.977804 1.073627
vt 0.348913 0.487999
vn -0.208967 0.977894 0.007544
v -0.574237 0.967005 1.210177
vt 0.332296 0.483162
vn -0.193789 0.981021 -0.006581
v -0.611728 0.942572 1.070636
vt 0.341360 0.497505
vn -0.269744 0.957783 -0.099451
v -0.539821 0.969875 0.930156
vt 0.359182 0.500786
vn -0.394371 0.912642 -0.107502
v -0.750927 0.916740 1.058161
vt 0.331670 0.510964
vn -0.073225 0.996081 -0.049605
v -0.597244 0.929441 0.921098
vt 0.355230 0.507668
vn -0.424607 0.889924 -0.166564
v -0.684404 0.901276 0.909220
vt 0.349691 0.516472
vn -0.117685 0.984350 -0.131168
v -0.344738 0.987635 0.666455
vt 0.395163 0.503517
vn -0.328012 0.909233 -0.256328
v -0.494447 0.958502 0.765322
vt 0.376043 0.509133
vn -0.409444 0.881863 -0.233822
v -0.588592 0.902460 0.791726
vt 0.366659 0.517098
vn -0.338764 0.919322 -0.200213
v -0.793161 0.900595 0.864615
vt 0.345556 0.528954
vn 0.177984 0.978070 -0.108175
v -0.756951 0.872108 0.660303
vt 0.365454 0.540780
vn 0.062201 0.977607 -0.201035
v -0.864875 0.933100 0.962114
vt 0.331502 0.528206
vn 0.074737 0.996966 0.021761
v -0.587567 0.858976 0.640735
vt 0.379187 0.528603
vn -0.177469 0.960072 -0.216257
v -0.437281 0.919897 0.615014
vt 0.392157 0.516915
vn -0.389384 0.879272 -0.274337
v -0.507777 0.868412 0.540672
vt 0.392584 0.529076
vn -0.342219 0.937839 -0.057830
v -1.054383 0.877453 1.194283
vt 0.296330 0.528161
vn -0.147096 0.960227 0.237331
v -0.979592 0.932096 0.875895
vt 0.330663 0.544305
vn -0.100938 0.993787 0.046884
v -1.206207 0.796656 1.316221
vt 0.272389 0.533730
vn -0.339533 0.834524 0.433922
v -0.916273 0.934248 0.821292
vt 0.339803 0.542702
vn 0.103870 0.990249 -0.092833
v -1.165639 0.864430 1.181295
vt 0.289601 0.539315
vn -0.227861 0.940667 0.251444
v -1.361236 0.755324 1.236239
vt 0.267384 0.553964
vn -0.509363 0.658459 0.554058
v -1.299199 0.813088 1.190609
vt 0.278111 0.551019
vn -0.353481 0.873922 0.333635
v -1.228510 0.857505 1.082172
vt 0.293767 0.552087
vn -0.246332 0.955799 0.160525
v -1.110075 0.906299 0.911015
vt 0.318090 0.553460
vn -0.166728 0.980435 0.104634
v -1.371233 0.853451 0.959209
vt 0.294865 0.573480
vn -0.292321 0.941898 0.165461
v -1.351943 0.674348 1.310582
vt 0.255695 0.548699
vn -0.441469 0.649895 0.618661
v -1.264207 0.637680 1.404491
vt 0.249607 0.534310
vn -0.501065 0.579830 0.642441
v -1.371105 0.542101 1.458667
vt 0.233112 0.541909
vn -0.362964 0.800751 0.476503
v -1.431604 0.859550 0.628088
vt 0.319921 0.602487
vn -0.267431 0.951533 0.151873
v -1.305479 0.898621 0.710121
vt 0.322210 0.584878
vn -0.219554 0.973415 0.065265
v -1.528313 0.848213 0.579894
vt 0.317510 0.614740
vn -0.177227 0.952600 0.247274
v -1.128148 0.914802 0.720631
vt 0.333761 0.568383
vn -0.071992 0.997135 0.023209
v -1.284651 0.907842 0.546739
vt 0.338231 0.594491
vn -0.172042 0.983810 0.050198
v -1.460187 0.877705 0.526402
vt 0.327672 0.612024
vn -0.194411 0.974909 0.108432
v -1.672126 0.821448 0.613733
vt 0.304204 0.625834
vn -0.259667 0.938272 0.228515
v -1.604962 0.854707 0.513413
vt 0.318669 0.626398
vn -0.148471 0.982553 0.112011
v -1.709425 0.842903 0.455137
vt 0.316793 0.640253
vn -0.332877 0.938328 0.093452
v -1.475953 0.863784 0.337984
vt 0.343435 0.626596
vn -0.193238 0.975820 0.102150
v -1.366811 0.897653 0.334138
vt 0.351690 0.616678
vn -0.176298 0.982986 0.051558
v -1.738777 0.821663 0.401388
vt 0.318868 0.647593
vn -0.699877 0.712669 -0.047688
v -1.716347 0.862707 0.286030
vt 0.332631 0.652232
vn -0.499969 0.861485 0.088744
v -1.783447 0.734587 0.270905
vt 0.323461 0.666545
vn -0.858632 0.499334 -0.115831
v -1.756145 0.829951 0.170586
vt 0.339620 0.664622
vn -0.894351 0.442575 -0.065291
v -1.613101 0.870565 0.234246
vt 0.344228 0.646006
vn -0.091348 0.990013 0.107381
v -1.721346 0.864896 0.172466
vt 0.342870 0.660105
vn -0.469390 0.878457 0.089365
v -1.718333 0.869345 0.075052
vt 0.351720 0.666728
vn -0.842178 0.509537 -0.176379
v -1.471980 0.896792 0.222796
vt 0.354818 0.633631
vn -0.138751 0.984283 0.109251
v -1.496974 0.898550 0.111625
vt 0.363287 0.643229
vn -0.057347 0.964440 0.258003
v -1.281831 0.917457 0.149651
vt 0.373999 0.621592
vn -0.202542 0.969461 0.138279
v -1.677253 0.906479 0.071207
vt 0.355917 0.662287
vn -0.406362 0.906003 0.118442
v -1.393280 0.894531 0.112309
vt 0.369665 0.633906
vn -0.095301 0.972712 0.211539
v -1.580352 0.948026 -0.022190
vt 0.371145 0.659846
vn -0.196338 0.951876 0.235337
v -1.374053 0.989285 -0.048680
vt 0.387625 0.643366
vn -0.124427 0.937254 0.325688
v -1.513060 0.986594 -0.171900
vt 0.389578 0.663890
vn -0.427436 0.903046 0.042498
v -1.633353 0.905725 -0.104650
vt 0.373465 0.671778
vn -0.709561 0.654024 -0.262253
v -1.635724 0.853128 -0.190101
vt 0.379019 0.681971
vn -0.845027 0.496043 -0.199679
v -1.305223 0.947452 0.037198
vt 0.383108 0.631174
vn -0.127017 0.904330 0.407497
v -1.193902 0.969732 0.012161
vt 0.392905 0.622995
vn -0.156667 0.922537 0.352678
v -1.507292 0.999618 -0.254359
vt 0.397421 0.668223
vn -0.461860 0.884335 -0.068096
v -1.592080 0.889975 -0.267006
vt 0.390158 0.681468
vn -0.768173 0.635231 -0.079947
v -1.432886 1.009521 -0.286489
vt 0.405173 0.664042
vn -0.236548 0.969783 -0.059714
v -1.612204 0.835081 -0.435771
vt 0.403494 0.697322
vn -0.890985 0.443242 -0.098398
v -1.552730 0.932096 -0.369547
vt 0.403586 0.682231
vn -0.678564 0.725467 -0.115103
v -1.182623 1.044179 -0.128918
vt 0.407980 0.631815
vn -0.124852 0.975919 0.178869
v -1.222485 1.042349 -0.340494
vt 0.423453 0.648920
vn -0.003675 0.998131 -0.060992
v -1.074314 1.055732 -0.098156
vt 0.412497 0.620783
vn -0.061438 0.968420 0.241638
v -1.133275 1.033344 -0.269655
vt 0.423285 0.636774
vn 0.082135 0.989322 -0.120397
v -0.972286 1.044430 -0.071239
vt 0.416403 0.610162
vn -0.032113 0.962685 0.268712
v -0.961455 1.046977 -0.209413
vt 0.428977 0.618097
vn -0.016983 0.986241 -0.164442
v -0.994781 1.007547 -0.337075
vt 0.438163 0.629389
vn 0.001543 0.979519 -0.201346
v -1.031504 0.994990 -0.423893
vt 0.443275 0.638010
vn 0.173141 0.971475 -0.162047
v -0.878590 1.019925 -0.303921
vt 0.442512 0.617380
vn 0.055787 0.948228 -0.312654
v -0.809375 1.065275 -0.143359
vt 0.433082 0.601190
vn -0.003493 0.999586 -0.028569
v -1.149874 0.965498 0.077103
vt 0.390265 0.614832
vn -0.165265 0.960318 0.224669
v -0.708757 1.045686 -0.055174
vt 0.431907 0.587243
vn 0.104947 0.908066 0.405464
v -0.977157 0.983437 0.056339
vt 0.403998 0.601465
vn 0.014663 0.878000 0.478436
v -1.175317 0.943003 0.196820
vt 0.377691 0.608835
vn -0.023749 0.979087 0.202051
v -1.124495 0.955632 0.128801
vt 0.387350 0.609033
vn 0.065253 0.948008 0.311485
v -0.927745 0.929943 0.131706
vt 0.399573 0.591165
vn 0.050164 0.873060 0.485025
v -1.045539 0.894926 0.216046
vt 0.384176 0.594812
vn 0.190638 0.915428 0.354470
v -1.192749 0.919610 0.322688
vt 0.364981 0.601495
vn 0.059074 0.996011 0.066882
v -1.091490 0.881256 0.363362
vt 0.368414 0.589044
vn 0.359889 0.932822 -0.017993
v -1.178201 0.924238 0.530162
vt 0.347173 0.586084
vn 0.025938 0.999576 -0.013253
v -1.056754 0.883947 0.452316
vt 0.362615 0.580407
vn 0.232679 0.958972 -0.161967
v -0.949984 0.830633 0.342854
vt 0.379370 0.577585
vn 0.184550 0.977529 0.101872
v -1.055408 0.913834 0.644922
vt 0.345525 0.567269
vn 0.124031 0.985383 -0.116778
v -1.024518 0.892666 0.543663
vt 0.356741 0.571557
vn 0.249348 0.965898 -0.069763
v -0.961327 0.880324 0.484617
vt 0.365881 0.570245
vn 0.278857 0.955181 -0.099343
v -0.975875 0.872897 0.585021
vt 0.357015 0.564340
vn 0.263215 0.953000 -0.150032
v -0.864875 0.897940 0.700892
vt 0.354086 0.546899
vn 0.136741 0.955822 -0.260205
v -0.886280 0.844733 0.500596
vt 0.370123 0.562646
vn 0.356391 0.934000 -0.025077
v -0.785534 0.811653 0.444455
vt 0.381506 0.558129
vn -0.041395 0.990823 -0.128673
v -0.871540 0.817896 0.373275
vt 0.381704 0.569284
vn 0.172098 0.985055 -0.006972
v -0.781561 0.813196 0.363020
vt 0.388006 0.562844
vn -0.116193 0.967098 0.226319
v -0.707796 0.832391 0.453854
vt 0.385916 0.551095
vn -0.226264 0.973460 -0.034363
v -0.617047 0.845917 0.500938
vt 0.388235 0.540612
vn -0.141958 0.989737 0.016403
v -0.768487 0.877669 0.241510
vt 0.399939 0.570169
vn -0.038873 0.906973 0.419391
v -0.674149 0.862564 0.306367
vt 0.400381 0.558053
vn -0.224388 0.941501 0.251447
v -0.585195 0.880718 0.364644
vt 0.401984 0.546899
vn -0.247016 0.953315 0.173702
v -0.547960 0.921583 0.178020
vt 0.420233 0.556329
vn -0.189066 0.946062 0.263098
v -0.756567 0.969445 0.045743
vt 0.418570 0.582895
vn 0.054644 0.835885 0.546178
v -0.638709 0.939989 0.106669
vt 0.420600 0.568750
vn -0.039816 0.910346 0.411927
v -0.653064 1.016768 -0.023643
vt 0.432441 0.579904
vn 0.129373 0.896470 0.423798
v -0.390048 0.918103 0.386519
vt 0.413672 0.529397
vn -0.240245 0.962406 0.126714
v -0.369091 0.976764 0.157170
vt 0.435096 0.542855
vn -0.243418 0.945110 0.217979
v -0.440421 0.996712 0.013272
vt 0.442771 0.558572
vn -0.152675 0.943652 0.293616
v -0.296415 0.948528 0.558019
vt 0.406912 0.509819
vn -0.388849 0.874020 -0.291350
v -0.137606 1.025809 0.220575
vt 0.446174 0.519219
vn -0.278171 0.950837 0.136124
v -0.521428 1.011925 -0.045945
vt 0.442863 0.569635
vn -0.046634 0.957750 0.283795
v -0.196823 1.059499 -0.028599
vt 0.463539 0.540581
vn -0.192846 0.957707 0.213557
v -0.361721 1.066172 -0.181470
vt 0.466087 0.564782
vn -0.190785 0.969130 0.156168
v -0.602691 1.015979 -0.079100
vt 0.440543 0.578958
vn 0.161045 0.975394 0.150569
v -0.659281 1.057310 -0.117724
vt 0.440055 0.587381
vn 0.313337 0.945241 0.091321
v -0.647297 1.043784 -0.191639
vt 0.447501 0.590448
vn 0.112759 0.979709 -0.165698
v -0.557702 1.037685 -0.211463
vt 0.455360 0.584085
vn -0.008459 0.999736 0.021365
v -0.492717 1.030438 -0.268373
vt 0.464759 0.582345
vn -0.209609 0.960099 -0.185135
v -0.613330 0.982361 -0.342203
vt 0.463310 0.598123
vn -0.108300 0.911128 -0.397639
v -0.262897 1.111558 -0.341177
vt 0.486564 0.566186
vn -0.335191 0.941699 -0.029146
v -0.354287 1.061149 -0.370657
vt 0.482673 0.576959
vn -0.365457 0.896381 -0.250884
v -0.111906 1.161357 -0.336135
vt 0.496513 0.552895
vn -0.175787 0.976376 0.125656
v -0.220471 1.112598 -0.423210
vt 0.496056 0.568139
vn -0.431273 0.877592 -0.209369
v -0.285713 1.059391 -0.464397
vt 0.494606 0.577737
vn -0.444141 0.812757 -0.377047
v -0.739904 0.941998 -0.421501
vt 0.462593 0.614176
vn 0.110408 0.919110 -0.378217
v 0.000504 1.139901 -0.244105
vt 0.495506 0.537621
vn -0.141631 0.971498 0.190085
v -0.067622 1.171259 -0.599494
vt 0.520897 0.565820
vn -0.467694 0.878946 -0.093359
v -0.019043 1.174811 -0.445598
vt 0.511391 0.552071
vn -0.137431 0.985489 0.099621
v -0.545974 0.928651 -0.472258
vt 0.478843 0.602533
vn -0.225960 0.869138 -0.439933
v -0.864298 0.959184 -0.477642
vt 0.458717 0.627665
vn 0.191599 0.952984 -0.234759
v -0.562380 0.882261 -0.577106
vt 0.485985 0.610987
vn -0.090059 0.991234 -0.096673
v -0.743236 0.914121 -0.517889
vt 0.470283 0.620600
vn 0.187107 0.956963 -0.221842
v -0.376077 0.936939 -0.590693
vt 0.498222 0.597253
vn -0.402940 0.903437 -0.146429
v -0.967416 0.960260 -0.513360
vt 0.455222 0.638285
vn 0.194601 0.976079 -0.096955
v -0.891343 0.950716 -0.583002
vt 0.465599 0.636545
vn 0.239794 0.970803 -0.006275
v -1.072904 1.003350 -0.472857
vt 0.444541 0.644709
vn 0.251440 0.964924 -0.075494
v -1.046051 0.986379 -0.595991
vt 0.456641 0.650156
vn 0.178609 0.978908 -0.099181
v -0.759386 0.898693 -0.626326
vt 0.477714 0.628275
vn 0.197318 0.974973 0.102438
v -0.830203 0.946016 -0.724850
vt 0.480720 0.640620
vn 0.131282 0.991084 0.022755
v -1.208899 1.026312 -0.494732
vt 0.437522 0.657618
vn 0.033457 0.990946 -0.130025
v -0.618201 0.915054 -0.688704
vt 0.491295 0.622080
vn 0.107056 0.966623 0.232766
v -0.557510 0.920866 -0.771164
vt 0.501823 0.622553
vn -0.043135 0.998853 -0.020787
v -0.462723 0.906838 -0.614704
vt 0.494682 0.605646
vn -0.287973 0.955254 0.067531
v -0.499061 0.936365 -0.791587
vt 0.507286 0.618814
vn -0.365894 0.929864 -0.038390
v -0.632941 0.936222 -0.792185
vt 0.498177 0.629892
vn 0.170147 0.966620 -0.191561
v -0.622687 0.893957 -0.859776
vt 0.505165 0.633829
vn -0.023002 0.885168 -0.464703
v -0.513225 0.891266 -0.923095
vt 0.516823 0.629343
vn -0.294328 0.908988 -0.295146
v -0.757656 0.938195 -0.816367
vt 0.492332 0.640650
vn 0.036979 0.937579 -0.345800
v -0.669343 0.851406 -0.915319
vt 0.507378 0.641688
vn -0.051779 0.870940 -0.488653
v -0.423117 0.918785 -0.945227
vt 0.524041 0.623423
vn -0.456085 0.836927 -0.302557
v -0.829306 0.822488 -0.988209
vt 0.503792 0.658228
vn -0.026637 0.948241 -0.316431
v -0.636274 0.824031 -0.995557
vt 0.515480 0.644327
vn -0.141401 0.977595 -0.155928
v -0.487525 0.841683 -1.118520
vt 0.532906 0.640101
vn -0.211835 0.973845 -0.082171
v -0.342110 1.031083 -0.841490
vt 0.522133 0.607523
vn -0.425178 0.904772 0.024729
v -0.260334 1.036967 -0.790732
vt 0.522423 0.598260
vn -0.159155 0.971506 0.175630
v -0.258475 1.050709 -0.914037
vt 0.532250 0.605173
vn -0.230728 0.965234 -0.122835
v -0.246683 0.997860 -0.626155
vt 0.509255 0.588220
vn -0.487999 0.865408 -0.113693
v -0.116713 1.031048 -0.884728
vt 0.538018 0.592844
vn -0.324362 0.942324 -0.082556
v -0.176571 1.078801 -0.576081
vt 0.510719 0.576486
vn -0.622082 0.721522 -0.304007
v -0.159652 1.040125 -0.747153
vt 0.524788 0.587564
vn -0.445686 0.888854 -0.106312
v 0.004157 1.175887 -0.829612
vt 0.543709 0.574502
vn -0.570065 0.814087 -0.110857
v -0.068391 1.093404 -0.844054
vt 0.538827 0.584390
vn -0.703765 0.663452 -0.254058
v 0.088561 1.208608 -0.865673
vt 0.552026 0.569436
vn -0.207193 0.974491 0.086250
v 0.054914 1.211765 -0.953686
vt 0.556909 0.576989
vn -0.535495 0.835227 -0.125064
v 0.006464 1.117119 -0.990430
vt 0.554665 0.587396
vn -0.722740 0.642789 -0.253908
v 0.012937 1.091968 -1.130569
vt 0.565133 0.596490
vn -0.476397 0.874504 -0.091043
v 0.071000 1.133228 -1.117410
vt 0.568261 0.590143
vn -0.627670 0.734158 -0.258924
v 0.169503 1.234835 -1.106814
vt 0.575036 0.578241
vn -0.428803 0.887339 -0.169579
v 0.108171 1.119487 -1.264470
vt 0.581384 0.596963
vn -0.485673 0.860822 -0.152011
v 0.277876 1.256505 -0.972827
vt 0.572396 0.561639
vn -0.046087 0.996063 0.075727
v 0.241795 1.246854 -1.211234
vt 0.587030 0.579446
vn -0.229235 0.944309 -0.236077
v -0.015903 1.079698 -1.308648
vt 0.576898 0.609674
vn -0.376434 0.892054 -0.250074
v -0.065058 1.056234 -1.079811
vt 0.556085 0.600046
vn -0.264606 0.964199 0.017424
v -0.199707 1.049704 -1.014698
vt 0.543145 0.606699
vn -0.296126 0.946557 -0.127827
v -0.166253 1.039945 -1.147403
vt 0.555337 0.611917
vn -0.499943 0.848049 -0.175697
v -0.238736 0.963633 -1.132705
vt 0.549035 0.619806
vn -0.552398 0.805247 -0.215486
v -0.289750 0.937729 -1.156802
vt 0.547677 0.625513
vn -0.464928 0.858196 -0.217582
v -0.141195 0.996569 -1.290447
vt 0.567178 0.620874
vn -0.572600 0.780775 -0.250040
v -0.091975 1.054870 -1.276348
vt 0.569696 0.613825
vn -0.512112 0.804845 -0.299941
v -0.357812 0.864214 -1.227641
vt 0.548287 0.636835
vn -0.347464 0.931553 -0.107137
v -0.027182 1.018562 -1.400849
vt 0.583001 0.618921
vn -0.296630 0.886649 -0.354773
v -0.518672 0.856608 -1.304461
vt 0.544976 0.652811
vn -0.090162 0.987506 0.129241
v -0.140105 0.969158 -1.512704
vt 0.583551 0.635279
vn -0.317463 0.913667 -0.253830
v -0.599743 0.851083 -1.146377
vt 0.528817 0.650050
vn -0.043318 0.996084 0.077072
v -0.771691 0.828588 -1.115530
vt 0.516762 0.661158
vn -0.140061 0.990142 -0.001503
v -0.716832 0.831565 -1.250627
vt 0.529961 0.664607
vn -0.138793 0.989311 0.044733
v -0.858723 0.809285 -1.131594
vt 0.512932 0.668818
vn -0.042059 0.998905 0.020505
v -0.689723 0.852159 -1.375385
vt 0.540871 0.669245
vn -0.174575 0.983665 0.043892
v -0.003854 0.979096 -1.569272
vt 0.596475 0.629511
vn -0.093564 0.953615 -0.286120
v -0.887883 0.806809 -1.267033
vt 0.521675 0.678538
vn 0.009780 0.995851 -0.090471
v -0.966070 0.800280 -1.028456
vt 0.499428 0.670756
vn 0.077163 0.977064 -0.198472
v -0.917940 0.810648 -1.119546
vt 0.508553 0.672480
vn 0.110060 0.947199 0.301167
v -0.990359 0.895177 -0.885155
vt 0.484871 0.663661
vn 0.052553 0.889713 -0.453485
v -1.167882 0.838813 -1.066054
vt 0.491127 0.687572
vn 0.284678 0.946405 0.152565
v -0.977926 0.850652 -1.180985
vt 0.509850 0.680903
vn 0.219853 0.973692 0.059904
v -1.169677 0.842329 -1.027345
vt 0.488060 0.685664
vn 0.291570 0.911145 -0.291208
v -0.911595 0.935719 -0.793296
vt 0.481483 0.651530
vn 0.018934 0.938166 -0.345666
v -1.191211 0.908273 -0.931982
vt 0.477348 0.682460
vn 0.209222 0.913253 -0.349563
v -0.986514 0.965821 -0.746811
vt 0.472724 0.654536
vn 0.051624 0.965950 -0.253527
v -1.217487 0.942142 -0.775351
vt 0.462303 0.675761
vn 0.120841 0.953395 -0.276469
v -1.077006 0.971275 -0.689303
vt 0.462669 0.658396
vn 0.016739 0.979148 -0.202459
v -1.173651 0.961623 -0.720577
vt 0.459846 0.668605
vn 0.052592 0.943431 -0.327372
v -1.325411 1.000192 -0.668965
vt 0.445609 0.678386
vn -0.062334 0.972884 -0.222737
v -1.334639 0.970521 -0.749716
vt 0.452613 0.684352
vn -0.003952 0.968005 -0.250898
v -1.318361 0.956278 -0.846532
vt 0.462211 0.688518
vn 0.069433 0.979130 -0.191008
v -1.444806 0.957856 -0.729806
vt 0.444358 0.693690
vn -0.363872 0.927250 -0.088350
v -1.399048 0.998219 -0.499004
vt 0.426017 0.674754
vn -0.302065 0.949561 -0.084201
v -1.471403 0.945586 -0.836448
vt 0.453269 0.701823
vn -0.246083 0.962442 -0.114665
v -1.287214 0.913690 -0.987867
vt 0.476799 0.693675
vn 0.195825 0.946003 -0.258324
v -1.412057 0.922516 -0.943860
vt 0.466331 0.702373
vn -0.048239 0.982557 -0.179593
v -1.546514 0.909672 -0.925915
vt 0.457832 0.713954
vn -0.573708 0.819051 -0.003851
v -1.544463 0.886100 -0.676998
vt 0.432471 0.702831
vn -0.731662 0.679730 -0.051358
v -1.584454 0.860232 -0.577790
vt 0.419913 0.701625
vn -0.838713 0.528671 -0.130643
v -1.599514 0.801643 -0.648457
vt 0.424048 0.711620
vn -0.854645 0.518377 -0.029448
v -1.525621 0.912040 -1.081349
vt 0.472831 0.718944
vn -0.189532 0.975140 -0.114805
v -1.299327 0.897689 -1.082119
vt 0.484504 0.699809
vn 0.170580 0.976049 -0.135021
v -1.609769 0.794575 -0.761594
vt 0.435157 0.718746
vn -0.892969 0.450112 -0.002096
v -1.185891 0.881830 -1.152359
vt 0.496544 0.694697
vn 0.171671 0.981175 0.088459
v -1.393408 0.886459 -1.146463
vt 0.485084 0.711086
vn 0.032773 0.988316 -0.148852
v -1.061561 0.853487 -1.229948
vt 0.509087 0.689494
vn 0.140033 0.954696 -0.262575
v -1.334191 0.883409 -1.244475
vt 0.496010 0.711131
vn 0.080382 0.986472 -0.142867
v -1.442948 0.882118 -1.291985
vt 0.494606 0.722026
vn 0.016840 0.993359 -0.113820
v -1.570034 0.877705 -1.245414
vt 0.485115 0.730358
vn -0.506249 0.857469 -0.091975
v -1.583364 0.883911 -1.054091
vt 0.467796 0.723552
vn -0.765447 0.643245 0.018061
v -1.559972 0.876843 -1.341375
vt 0.493355 0.733272
vn -0.503902 0.837907 -0.209747
v -1.412891 0.856214 -1.405207
vt 0.505364 0.725139
vn 0.094887 0.993986 -0.054674
v -1.113023 0.803293 -1.378034
vt 0.518257 0.700984
vn 0.097527 0.990923 -0.092520
v -1.600924 0.807563 -0.926513
vt 0.452476 0.725093
vn -0.926436 0.376036 0.017697
v -1.608935 0.834364 -1.145181
vt 0.474052 0.731960
vn -0.907379 0.420186 -0.010349
v -1.627072 0.721276 -1.025550
vt 0.458320 0.738308
vn -0.959266 0.267062 0.092121
v -1.646555 0.692538 -0.731173
vt 0.426627 0.728618
vn -0.967655 0.230912 -0.101604
v -1.606885 0.800280 -1.301726
vt 0.487373 0.739956
vn -0.893915 0.423780 -0.146038
v -1.668793 0.662795 -1.136892
vt 0.467216 0.749035
vn -0.970323 0.231050 0.071343
v -1.540938 0.850868 -1.438191
vt 0.501808 0.736828
vn -0.594717 0.762871 -0.253652
v -1.658796 0.517489 -0.916943
vt 0.439292 0.755657
vn -0.984850 0.172691 -0.015748
v -1.663602 0.708611 -0.565314
vt 0.409476 0.719188
vn -0.865492 0.499287 0.040449
v -1.666294 0.557277 -0.711605
vt 0.418326 0.742611
vn -0.968321 0.187324 -0.165119
v -1.676548 0.608081 -0.657088
vt 0.414267 0.734661
vn -0.967596 0.172813 -0.184103
v -1.690583 0.499442 -0.657429
vt 0.409201 0.746960
vn -0.986960 0.090744 -0.132952
v -1.662385 0.530476 -1.050416
vt 0.453819 0.759197
vn -0.981335 0.153008 0.116495
v -1.677509 0.425748 -0.925402
vt 0.436652 0.766400
vn -0.985205 0.171360 -0.002491
v -1.685264 0.522691 -1.154068
vt 0.464530 0.763958
vn -0.993315 0.108873 0.038362
v -1.720064 0.513901 -0.516265
vt 0.393179 0.738552
vn -0.971824 0.124156 -0.200358
v -1.695967 0.564812 -0.517632
vt 0.396521 0.732433
vn -0.942603 0.303244 -0.139797
v -1.691801 0.436332 -0.585822
vt 0.398123 0.751125
vn -0.982303 -0.070717 -0.173435
v -1.759991 0.510851 -0.360147
vt 0.373831 0.730831
vn -0.896040 0.378194 -0.232555
v -1.719231 0.583074 -0.415006
vt 0.385458 0.725170
vn -0.927129 0.334810 -0.168328
v -1.700197 0.331102 -0.767063
vt 0.414771 0.771084
vn -0.998118 0.054831 0.027467
v -1.698274 0.294937 -0.984620
vt 0.438666 0.783597
vn -0.994857 0.100778 0.010165
v -1.675202 0.291206 -0.588556
vt 0.392340 0.768154
vn -0.977908 0.040142 -0.205144
v -1.714104 0.157129 -0.847728
vt 0.417166 0.795285
vn -0.987180 0.159159 0.011992
v -1.746917 0.540558 -0.271449
vt 0.366659 0.721157
vn -0.820657 0.571394 -0.005489
v -1.757107 0.400670 -0.440642
vt 0.377462 0.747951
vn -0.873341 0.155468 -0.461634
v -1.754992 0.132086 -0.502935
vt 0.372839 0.783413
vn -0.830970 0.340994 -0.439559
v -1.692506 0.171911 -0.624788
vt 0.391058 0.783490
vn -0.947032 0.291804 -0.134094
v -1.804147 0.011751 -0.564545
vt 0.372183 0.803586
vn -0.821668 0.503063 -0.267937
v -1.729869 0.081964 -0.671700
vt 0.391867 0.797391
vn -0.895454 0.426164 -0.128634
v -1.731151 0.077552 -0.965051
vt 0.429526 0.809903
vn -0.942473 0.331143 -0.045699
v -1.739354 0.033673 -0.749374
vt 0.399619 0.806973
vn -0.893204 0.439552 -0.094761
v -1.713975 0.075004 -1.136807
vt 0.451301 0.814847
vn -0.982513 0.166106 -0.084128
v -1.771526 -0.043106 -0.916259
vt 0.418524 0.825757
vn -0.974507 0.218864 -0.049351
v -1.789279 -0.037545 -0.803977
vt 0.402609 0.821408
vn -0.868244 0.438237 -0.232596
v -1.832089 -0.078159 -0.731088
vt 0.389425 0.825086
vn -0.925492 0.283114 -0.251617
v -1.786779 -0.221456 -0.881053
vt 0.408301 0.851057
vn -0.984832 -0.019676 -0.172391
v -1.762490 -0.009668 -1.039479
vt 0.436362 0.824414
vn -0.959025 0.267293 -0.093943
v -1.848624 -0.071845 -0.603596
vt 0.371695 0.818418
vn -0.912083 0.364340 -0.188045
v -1.881437 -0.129034 -0.529937
vt 0.357122 0.823148
vn -0.962262 0.203386 -0.180790
v -1.860288 -0.175389 -0.635725
vt 0.371130 0.835218
vn -0.945860 0.121839 -0.300840
v -1.906624 -0.250589 -0.558990
vt 0.354498 0.843000
vn -0.963966 0.139731 -0.226373
v -1.820810 -0.276816 -0.758005
vt 0.386755 0.855848
vn -0.937396 -0.008090 -0.348173
v -1.872016 -0.400380 -0.655891
vt 0.363424 0.871321
vn -0.911211 -0.003770 -0.411923
v -1.925145 -0.409099 -0.533014
vt 0.342107 0.865080
vn -0.981023 -0.152561 -0.119662
v -1.904252 -0.381760 -0.337075
vt 0.312871 0.850370
vn -0.920326 -0.307713 0.241480
v -1.909508 -0.441281 -0.463542
vt 0.329305 0.866789
vn -0.842041 -0.512681 0.167702
v -1.789471 -0.505467 -0.348099
vt 0.299397 0.877028
vn -0.814985 -0.500015 0.292890
v -1.866889 -0.507333 -0.648372
vt 0.356512 0.890181
vn -0.965574 -0.214315 -0.147434
v -1.832794 -0.521074 -0.520538
vt 0.331289 0.888945
vn -0.824272 -0.529359 0.200885
v -1.760247 -0.477877 -0.223597
vt 0.278416 0.863386
vn -0.881421 -0.371955 0.291112
v -1.782678 -0.601656 -0.431840
vt 0.307820 0.901106
vn -0.923407 -0.329777 0.196387
v -1.710707 -0.435003 -0.079955
vt 0.255955 0.845167
vn -0.929429 -0.251937 0.269609
v -1.736150 -0.543677 -0.093969
vt 0.249516 0.864820
vn -0.969786 -0.134555 0.203495
v -1.707951 -0.463418 -0.017491
vt 0.243839 0.844083
vn -0.995181 -0.000976 0.098052
v -1.816067 -0.623506 -0.594111
vt 0.340520 0.912795
vn -0.885845 -0.363896 0.287850
v -1.753710 -0.659887 -0.377665
vt 0.292485 0.908934
vn -0.835413 -0.533012 0.134100
v -1.760952 -0.677503 -0.519085
vt 0.319921 0.923415
vn -0.839082 -0.488212 0.239980
v -1.766528 -0.744380 -0.609065
vt 0.339101 0.940993
vn -0.826848 -0.489980 0.276120
v -1.790689 -0.760632 -0.722628
vt 0.363729 0.943694
vn -0.747092 -0.662821 0.050221
v -1.698274 -0.643454 -0.140796
vt 0.247028 0.887297
vn -0.856447 -0.470192 0.213115
v -1.718205 -0.808745 -0.731771
vt 0.363714 0.962341
vn -0.658802 -0.735869 0.156449
v -1.646427 -0.711910 -0.093713
vt 0.229313 0.896376
vn -0.882170 -0.439568 0.168987
v -1.672190 -0.616223 0.042410
vt 0.217319 0.864591
vn -0.883037 -0.456685 0.108092
v -1.843946 -0.650558 -0.688192
vt 0.360143 0.918685
vn -0.956679 -0.281758 0.073337
v -1.824719 -0.702976 -0.748776
vt 0.370367 0.930495
vn -0.916017 -0.349730 -0.196473
v -1.817349 -0.576649 -0.786887
vt 0.381750 0.908461
vn -0.953911 -0.045522 -0.296616
v -1.768066 -0.702079 -0.883788
vt 0.399054 0.936477
vn -0.927797 -0.275227 -0.251879
v -1.751403 -0.785639 -0.797739
vt 0.379522 0.953918
vn -0.874530 -0.483145 -0.042045
v -1.720833 -0.862024 -0.826280
vt 0.386679 0.972839
vn -0.850574 -0.510348 0.126761
v -1.739611 -0.731822 -0.973767
vt 0.417624 0.943893
vn -0.959769 -0.243262 -0.140237
v -1.738393 -0.840892 -0.874730
vt 0.397086 0.966217
vn -0.907061 -0.413805 -0.077498
v -1.676035 -0.899803 -0.976844
vt 0.421195 0.982712
vn -0.700647 -0.702976 0.122144
v -1.707951 -0.862705 -0.950012
vt 0.414176 0.972396
vn -0.887890 -0.440536 -0.132589
v -1.682701 -0.927286 -1.101943
vt 0.450141 0.983093
vn -0.959001 -0.282369 -0.024173
v -1.784280 -0.581744 -0.912072
vt 0.405921 0.912749
vn -0.977281 -0.134570 -0.163747
v -1.717885 -0.734334 -1.190897
vt 0.459571 0.940963
vn -0.953526 -0.288967 0.085363
v -1.782934 -0.535641 -1.052638
vt 0.431739 0.905440
vn -0.988185 -0.152435 -0.015918
v -1.788702 -0.493915 -0.901049
vt 0.405432 0.896529
vn -0.991787 0.035906 -0.122755
v -1.828885 -0.461660 -0.741769
vt 0.377081 0.886061
vn -0.932023 0.026339 -0.361440
v -1.778127 -0.364036 -0.850548
vt 0.400198 0.872923
vn -0.973168 0.027331 -0.228467
v -1.770629 -0.317036 -0.958472
vt 0.418326 0.867720
vn -0.999812 -0.002713 0.019206
v -1.790368 -0.337953 -1.117153
vt 0.442908 0.872984
vn -0.995247 -0.001064 0.097373
v -1.782229 -0.225188 -1.028285
vt 0.430549 0.854871
vn -0.998326 0.015335 0.055769
v -1.798700 -0.226623 -1.178079
vt 0.452567 0.856657
vn -0.994565 0.029569 0.099830
v -1.768258 -0.074679 -1.089211
vt 0.441718 0.834180
vn -0.970619 0.225850 -0.083005
v -1.791650 -0.145287 -1.154153
vt 0.449531 0.845380
vn -0.965987 0.258576 -0.002732
v -1.816580 -0.310291 -1.337103
vt 0.474845 0.868421
vn -0.986993 0.129981 0.094599
v -1.717949 -0.032666 -1.247209
vt 0.463462 0.829648
vn -0.962100 0.272663 -0.004212
v -1.797674 -0.484622 -1.208585
vt 0.457679 0.895445
vn -0.987195 -0.100652 0.123758
v -1.767617 -0.599970 -1.175260
vt 0.454063 0.915373
vn -0.948174 -0.294809 0.118544
v -1.834397 -0.485053 -1.407172
vt 0.487526 0.891081
vn -0.982621 -0.063487 0.174426
v -1.708272 0.096280 -1.302410
vt 0.471687 0.814847
vn -0.995174 0.060849 0.076981
v -1.707887 0.262073 -1.181925
vt 0.460792 0.793164
vn -0.997809 0.065935 0.005545
v -1.717564 0.152537 -1.402814
vt 0.484184 0.809766
vn -0.983763 0.122603 0.131064
v -1.693147 0.357185 -1.287456
vt 0.474784 0.784665
vn -0.993140 0.116919 -0.001501
v -1.674754 0.481969 -1.262419
vt 0.475044 0.770809
vn -0.991013 0.110854 -0.074867
v -1.708656 0.349184 -1.505099
vt 0.497627 0.789609
vn -0.985317 0.146639 0.087444
v -1.676100 0.601802 -1.273357
vt 0.478813 0.758968
vn -0.985802 0.113712 -0.123549
v -1.655207 0.617158 -1.366156
vt 0.488518 0.759533
vn -0.975291 0.201208 -0.091227
v -1.628546 0.738928 -1.361542
vt 0.491066 0.747539
vn -0.896372 0.406314 -0.177276
v -1.559459 0.778107 -1.475191
vt 0.503731 0.744457
vn -0.801358 0.496658 -0.333400
v -1.619959 0.683174 -1.514840
vt 0.504387 0.755581
vn -0.822142 0.526885 -0.215581
v -1.652131 0.610987 -1.592685
vt 0.510002 0.764431
vn -0.849420 0.497179 -0.176913
v -1.690583 0.493414 -1.561581
vt 0.505287 0.775677
vn -0.972788 0.229283 0.033350
v -1.720128 0.339605 -1.633018
vt 0.510674 0.791897
vn -0.985568 0.155430 -0.067064
v -1.482490 0.853343 -1.567050
vt 0.514092 0.737713
vn -0.504153 0.768474 -0.394051
v -1.472492 0.780439 -1.640965
vt 0.520485 0.743877
vn -0.651466 0.555762 -0.516450
v -1.561831 0.674096 -1.652501
vt 0.518349 0.756298
vn -0.653604 0.667906 -0.355953
v -1.706669 0.440674 -1.672325
vt 0.515206 0.782071
vn -0.962196 0.209288 -0.174291
v -1.561318 0.605282 -1.814942
vt 0.531929 0.764660
vn -0.622828 0.683559 -0.380568
v -1.478965 0.678940 -1.754443
vt 0.530022 0.753628
vn -0.524957 0.737048 -0.425652
v -1.653028 0.526099 -1.746069
vt 0.523232 0.773785
vn -0.847426 0.405640 -0.342528
v -1.688148 0.343588 -1.761450
vt 0.524071 0.791287
vn -0.907359 0.149002 -0.393062
v -1.556319 0.517058 -1.940042
vt 0.542580 0.772976
vn -0.707138 0.418576 -0.569869
v -1.610858 0.480714 -1.865187
vt 0.534813 0.777203
vn -0.864033 0.219660 -0.452987
v -1.619254 0.375196 -1.859889
vt 0.535042 0.786954
vn -0.876903 0.150006 -0.456662
v -1.558114 0.428260 -1.978324
vt 0.546639 0.780591
vn -0.788646 0.188001 -0.585401
v -1.714616 0.163479 -1.778369
vt 0.526452 0.809888
vn -0.888936 0.263263 -0.374813
v -1.484861 0.565027 -1.972000
vt 0.547845 0.766690
vn -0.626873 0.588277 -0.510844
v -1.429361 0.625481 -1.934658
vt 0.546792 0.758663
vn -0.674396 0.676694 -0.295425
v -1.428977 0.482759 -2.097698
vt 0.560937 0.772396
vn -0.676333 0.302239 -0.671733
v -1.412506 0.578087 -2.058733
vt 0.557565 0.763851
vn -0.754930 0.397888 -0.521311
v -1.343740 0.725043 -2.058989
vt 0.559380 0.750652
vn -0.616122 0.707387 -0.346407
v -1.502165 0.394786 -2.048222
vt 0.555169 0.781949
vn -0.738342 0.108974 -0.665565
v -1.310991 0.519247 -2.182807
vt 0.572198 0.765911
vn -0.650341 0.170052 -0.740364
v -1.633225 0.237209 -1.893642
vt 0.539162 0.800320
vn -0.808667 0.155995 -0.567207
v -1.432245 0.342511 -2.131109
vt 0.565988 0.784451
vn -0.750605 0.181760 -0.635260
v -1.733843 -0.016485 -1.889028
vt 0.538720 0.828336
vn -0.771649 0.428155 -0.470363
v -1.338869 0.376846 -2.211347
vt 0.575708 0.778241
vn -0.550923 0.355184 -0.755201
v -1.391613 0.318616 -2.201862
vt 0.573693 0.784909
vn -0.716436 0.307552 -0.626204
v -1.563305 0.098504 -2.017289
vt 0.555840 0.810742
vn -0.734813 0.310020 -0.603273
v -1.389306 0.142634 -2.248689
vt 0.581537 0.799710
vn -0.685222 0.258058 -0.681085
v -1.297212 0.279760 -2.294918
vt 0.585794 0.784451
vn -0.590614 0.214837 -0.777830
v -1.271320 0.404437 -2.233393
vt 0.580301 0.773587
vn -0.574533 0.312475 -0.756486
v -1.132762 0.472569 -2.346615
vt 0.592660 0.763760
vn -0.657430 0.189735 -0.729237
v -1.475248 0.080207 -2.142901
vt 0.570611 0.808759
vn -0.791601 0.295366 -0.534908
v -1.284651 0.153936 -2.302438
vt 0.591272 0.794385
vn -0.505176 0.252465 -0.825263
v -1.522096 -0.015839 -2.147430
vt 0.571115 0.819135
vn -0.705156 0.384370 -0.595831
v -1.221011 0.265768 -2.351743
vt 0.593866 0.782467
vn -0.551314 0.070427 -0.831320
v -1.296699 0.100334 -2.332345
vt 0.594018 0.799435
vn -0.524103 0.331248 -0.784596
v -1.413275 0.051109 -2.277400
vt 0.584756 0.808408
vn -0.651271 0.220287 -0.726168
v -1.139492 0.172987 -2.390281
vt 0.604257 0.786633
vn -0.521621 0.275089 -0.807612
v -1.037015 0.491943 -2.427366
vt 0.601572 0.759030
vn -0.582892 0.073118 -0.809253
v -1.530812 -0.126918 -2.199897
vt 0.577951 0.829221
vn -0.626925 -0.008846 -0.779029
v -1.316246 -0.000627 -2.332260
vt 0.596521 0.808927
vn -0.520928 -0.049459 -0.852166
v -1.212167 0.083794 -2.400877
vt 0.603662 0.796811
vn -0.548412 0.186530 -0.815138
v -1.097642 0.132481 -2.458897
vt 0.611887 0.787976
vn -0.467450 0.315393 -0.825843
v -1.140902 -0.004896 -2.448216
vt 0.614282 0.800626
vn -0.456385 -0.057328 -0.887934
v -0.934154 0.213781 -2.513586
vt 0.620905 0.774670
vn -0.423293 0.193864 -0.885009
v -1.081684 0.317971 -2.434202
vt 0.604547 0.773037
vn -0.460752 0.044796 -0.886398
v -0.931655 0.277931 -2.495641
vt 0.617838 0.770138
vn -0.445734 0.118774 -0.887251
v -0.906340 0.020182 -2.539477
vt 0.632410 0.786938
vn -0.477961 0.029710 -0.877878
v -0.869425 0.221315 -2.538965
vt 0.625437 0.771115
vn -0.481003 0.142870 -0.865000
v -0.914863 0.359410 -2.497350
vt 0.615961 0.763775
vn -0.469556 0.023181 -0.882598
v -0.800467 0.302399 -2.565112
vt 0.626963 0.762707
vn -0.500452 0.099888 -0.859983
v -0.798224 0.192254 -2.593140
vt 0.632776 0.769284
vn -0.593545 0.170897 -0.786447
v -0.918581 0.551501 -2.508031
vt 0.609903 0.751034
vn -0.532739 -0.081654 -0.842331
v -0.705424 0.349292 -2.613221
vt 0.631586 0.755673
vn -0.504404 0.040614 -0.862512
v -0.649604 0.336233 -2.647999
vt 0.635904 0.753857
vn -0.547892 0.198992 -0.812537
v -0.678700 0.518386 -2.645521
vt 0.627680 0.744411
vn -0.467618 -0.104716 -0.877706
v -0.741442 0.698027 -2.636976
vt 0.618891 0.736095
vn -0.443845 0.057393 -0.894264
v -0.973055 0.726478 -2.485558
vt 0.602319 0.741100
vn -0.695894 0.399575 -0.596717
v -1.071110 0.684645 -2.379257
vt 0.592905 0.746120
vn -0.674466 0.365353 -0.641571
v -0.911980 0.737852 -2.542041
vt 0.607141 0.738979
vn -0.588161 0.313268 -0.745607
v -0.874873 0.777641 -2.526660
vt 0.607126 0.735546
vn -0.343449 0.812556 -0.470951
v -0.732790 0.754320 -2.626979
vt 0.617456 0.732769
vn -0.292602 0.619530 -0.728400
v -0.929540 0.801428 -2.386008
vt 0.597620 0.733791
vn -0.438559 0.848354 -0.296583
v -1.202426 0.631079 -2.270735
vt 0.580880 0.753704
vn -0.674527 0.185689 -0.714516
v -1.332396 0.617158 -2.148285
vt 0.567056 0.758648
vn -0.731025 0.246065 -0.636439
v -1.212552 0.692071 -2.232112
vt 0.576852 0.749325
vn -0.579149 0.576599 -0.576299
v -1.027338 0.747575 -2.351144
vt 0.592340 0.740002
vn -0.531983 0.701717 -0.473906
v -0.973184 0.809967 -2.293978
vt 0.590784 0.732967
vn -0.353180 0.935423 0.015699
v -1.095591 0.747826 -2.263557
vt 0.583673 0.740963
vn -0.395264 0.910518 -0.121339
v -0.838086 0.827655 -2.401047
vt 0.601556 0.728786
vn -0.088954 0.984504 -0.151123
v -0.901662 0.797696 -2.202973
vt 0.587167 0.725307
vn -0.236073 0.954548 0.181957
v -0.684083 0.788799 -2.550415
vt 0.615473 0.726986
vn -0.148687 0.956963 -0.249225
v -0.779766 0.826255 -2.324227
vt 0.599512 0.722499
vn -0.039810 0.999170 -0.008659
v -0.999908 0.741619 -2.136920
vt 0.578347 0.729732
vn -0.260404 0.962241 0.079256
v -1.147631 0.733833 -2.207844
vt 0.577646 0.742794
vn -0.245517 0.961831 -0.120840
v -0.861478 0.794898 -2.089666
vt 0.581476 0.717968
vn -0.197825 0.977026 0.079283
v -1.281446 0.732004 -2.115728
vt 0.565576 0.748165
vn -0.315705 0.883981 -0.344831
v -1.081043 0.732578 -2.000370
vt 0.565728 0.729503
vn -0.102026 0.988349 -0.112949
v -1.302852 0.759020 -1.923037
vt 0.550546 0.742672
vn -0.288156 0.955457 -0.063777
v -1.368990 0.730533 -1.961234
vt 0.551629 0.749371
vn -0.678480 0.734064 -0.028554
v -1.353994 0.710800 -1.864931
vt 0.543679 0.747051
vn -0.643254 0.746462 -0.170350
v -1.385717 0.765550 -1.735559
vt 0.531884 0.742367
vn -0.575333 0.650855 -0.495358
v -1.271833 0.780224 -1.870656
vt 0.547326 0.737911
vn -0.193885 0.906551 -0.374931
v -1.445960 0.822237 -1.630796
vt 0.520516 0.739361
vn -0.376980 0.719489 -0.583284
v -1.400009 0.832785 -1.625071
vt 0.522545 0.735668
vn -0.349685 0.837159 -0.420578
v -1.326692 0.856680 -1.706591
vt 0.531594 0.732921
vn -0.257285 0.898060 -0.356781
v -1.165191 0.758302 -1.889882
vt 0.554055 0.730724
vn 0.038199 0.954911 -0.294425
v -1.388088 0.866403 -1.548508
vt 0.517357 0.730312
vn -0.009909 0.989964 -0.140970
v -1.157436 0.806738 -1.765039
vt 0.544549 0.723888
vn 0.075840 0.956293 -0.282404
v -1.015417 0.760598 -1.906716
vt 0.561975 0.720531
vn -0.097373 0.980109 -0.172929
v -1.041437 0.809500 -1.757690
vt 0.549523 0.715099
vn 0.044911 0.968613 -0.244483
v -1.182559 0.827009 -1.654979
vt 0.535103 0.720241
vn 0.116375 0.991658 -0.055423
v -1.310799 0.863461 -1.650621
vt 0.528374 0.729320
vn 0.139649 0.989583 -0.034982
v -1.243570 0.832068 -1.566537
vt 0.525765 0.720317
vn 0.190683 0.981216 -0.029231
v -0.904289 0.770429 -1.851515
vt 0.563226 0.710033
vn -0.019556 0.998748 -0.046051
v -0.952996 0.839853 -1.579099
vt 0.540978 0.700130
vn 0.164958 0.985026 -0.050119
v -1.147374 0.822381 -1.540561
vt 0.528481 0.711925
vn 0.043435 0.997333 0.058653
v -1.342458 0.866726 -1.477498
vt 0.514397 0.723598
vn 0.131636 0.983227 0.126239
v -1.458842 0.869847 -1.469551
vt 0.508156 0.731655
vn -0.098852 0.992881 0.066447
v -1.275038 0.835010 -1.411189
vt 0.512642 0.714992
vn 0.181900 0.968857 0.168014
v -0.961263 0.795472 -1.339496
vt 0.523293 0.687861
vn 0.042632 0.994939 -0.090984
v -0.848917 0.810326 -1.505355
vt 0.541619 0.688533
vn 0.128016 0.988788 -0.076884
v -0.942485 0.808316 -1.686596
vt 0.549447 0.704631
vn 0.286299 0.935795 -0.205720
v -0.853147 0.769891 -1.683776
vt 0.554406 0.698177
vn 0.086168 0.990078 -0.110996
v -0.795596 0.817322 -1.443232
vt 0.539895 0.681254
vn -0.188746 0.977755 -0.091486
v -0.808606 0.788906 -1.948929
vt 0.574578 0.708110
vn -0.136632 0.989961 0.036166
v -0.687416 0.811940 -1.877321
vt 0.575936 0.696330
vn -0.216870 0.972378 0.086305
v -0.664985 0.857290 -1.451008
vt 0.547662 0.671595
vn -0.162705 0.979864 -0.115730
v -0.777267 0.792422 -2.038395
vt 0.581888 0.710201
vn -0.156450 0.983799 0.087537
v -0.676777 0.834687 -2.172894
vt 0.595300 0.709865
vn -0.156794 0.987621 -0.004522
v -0.579684 0.859299 -1.517831
vt 0.557183 0.669184
vn -0.201122 0.974947 -0.095014
v -0.688121 0.801715 -1.723681
vt 0.565469 0.688655
vn -0.241825 0.969207 -0.046459
v -0.567187 0.832032 -2.274324
vt 0.606302 0.708568
vn -0.046959 0.996741 -0.065585
v -0.600320 0.820479 -1.841261
vt 0.577935 0.688746
vn -0.288506 0.953749 0.084415
v -0.564046 0.862779 -1.961746
vt 0.588251 0.692195
vn -0.276357 0.957066 0.087476
v -0.604934 0.836229 -1.692321
vt 0.567987 0.680781
vn -0.312256 0.947068 -0.074555
v -0.475733 0.873112 -1.824598
vt 0.584253 0.679072
vn -0.291051 0.953800 0.074529
v -0.412479 0.879391 -1.711291
vt 0.580285 0.668376
vn -0.244060 0.969696 -0.011165
v -0.371142 0.905402 -1.859206
vt 0.592721 0.673976
vn -0.126300 0.991579 0.028636
v -0.581158 0.863138 -2.089751
vt 0.595209 0.699825
vn -0.197592 0.977790 -0.069886
v -0.337175 0.906335 -1.946451
vt 0.600092 0.676905
vn -0.100097 0.993642 -0.051535
v -0.556805 0.848751 -2.167597
vt 0.600900 0.702617
vn -0.093635 0.977720 -0.187870
v -0.403186 0.828982 -2.331234
vt 0.617578 0.702785
vn 0.013399 0.992554 -0.121064
v -0.307567 0.878350 -2.094878
vt 0.610300 0.684565
vn -0.131893 0.975919 -0.173745
v -0.358581 0.859048 -2.228010
vt 0.614618 0.694850
vn -0.080099 0.976881 -0.198213
v -0.226624 0.880718 -2.164008
vt 0.618784 0.684199
vn -0.187223 0.956333 -0.224444
v -0.187530 0.852410 -2.288680
vt 0.627420 0.689830
vn -0.127469 0.935779 -0.328739
v -0.096397 0.911322 -2.187934
vt 0.627832 0.678279
vn -0.122741 0.957777 -0.259997
v -0.265076 0.899949 -1.881081
vt 0.600351 0.668635
vn -0.099876 0.994606 0.028009
v -0.152602 0.924059 -1.934060
vt 0.610773 0.665034
vn -0.081761 0.996319 -0.025774
v -0.311797 0.905797 -1.771961
vt 0.590524 0.664958
vn -0.176284 0.983512 -0.040346
v -0.154461 0.933208 -1.791358
vt 0.601816 0.655680
vn -0.058318 0.997450 -0.041128
v -0.376077 0.897258 -1.625413
vt 0.576654 0.660655
vn -0.230328 0.972941 -0.018294
v -0.263538 0.925889 -1.690868
vt 0.588190 0.656489
vn -0.154667 0.987785 -0.018930
v -0.382870 0.889903 -1.506808
vt 0.567758 0.654170
vn -0.159168 0.986476 0.039131
v -0.482463 0.882979 -1.413496
vt 0.555245 0.656153
vn -0.111020 0.992309 0.054739
v -0.327178 0.883158 -1.330352
vt 0.557748 0.640101
vn -0.207067 0.972026 0.110859
v -0.253669 0.912722 -1.403754
vt 0.567773 0.638437
vn -0.426967 0.904261 0.003214
v -0.231815 0.921655 -1.533383
vt 0.579019 0.644419
vn -0.267131 0.962017 -0.056246
v -0.131517 0.923916 -1.617637
vt 0.591562 0.642756
vn -0.137619 0.976025 -0.168628
v -0.005520 0.927037 -1.701122
vt 0.605844 0.639536
vn -0.068020 0.981435 -0.179327
v -0.035129 0.923880 -1.834852
vt 0.612818 0.650996
vn -0.007078 0.999904 -0.011877
v 0.073948 0.925530 -1.718469
vt 0.612680 0.635538
vn -0.268401 0.939083 -0.214670
v 0.090804 0.956708 -1.667027
vt 0.610162 0.629679
vn -0.321709 0.896647 -0.304183
v 0.116183 0.938016 -1.778968
vt 0.620356 0.636316
vn -0.145552 0.983197 -0.110173
v 0.042097 0.928077 -1.940640
vt 0.624979 0.653910
vn 0.038811 0.998714 -0.032619
v 0.000696 0.924741 -2.160590
vt 0.632654 0.671778
vn 0.220648 0.941151 -0.256027
v 0.137331 0.917457 -1.910220
vt 0.630976 0.645884
vn 0.367758 0.893992 -0.255994
v 0.166684 0.939845 -1.807594
vt 0.626566 0.634913
vn 0.043560 0.941963 -0.332880
v 0.195523 1.031873 -1.632078
vt 0.614633 0.616831
vn -0.381123 0.802861 -0.458431
v 0.087279 0.972638 -1.561240
vt 0.602136 0.622904
vn -0.338391 0.878685 -0.336755
v 0.040623 0.999259 -1.472798
vt 0.592905 0.619730
vn -0.319631 0.862135 -0.393139
v 0.119387 1.081851 -1.483565
vt 0.598764 0.610437
vn -0.513993 0.753369 -0.410179
v 0.079716 1.099682 -1.375641
vt 0.588174 0.606256
vn -0.458681 0.842257 -0.283221
v 0.171362 1.142879 -1.367523
vt 0.593545 0.597665
vn -0.416732 0.860319 -0.293575
v 0.246409 1.081671 -1.589866
vt 0.614496 0.608682
vn -0.144278 0.869261 -0.472831
v 0.260829 1.203226 -1.337188
vt 0.597055 0.587350
vn -0.067023 0.893468 -0.444098
v 0.278261 1.159491 -1.410419
vt 0.603967 0.592248
vn 0.075820 0.904629 -0.419401
v 0.291655 1.220053 -1.279509
vt 0.595407 0.581079
vn 0.340043 0.873364 -0.348721
v 0.406052 1.251088 -1.109121
vt 0.590814 0.561181
vn 0.232916 0.937236 -0.259498
v 0.284285 1.056844 -1.632676
vt 0.620356 0.609751
vn 0.262723 0.732725 -0.627766
v 0.376251 1.129963 -1.357953
vt 0.609766 0.582376
vn 0.596132 0.778304 -0.197152
v 0.258970 1.012104 -1.685656
vt 0.623468 0.616510
vn 0.254982 0.745691 -0.615572
v 0.269032 0.919395 -1.765210
vt 0.633829 0.624628
vn 0.587682 0.607823 -0.534022
v 0.342413 0.994918 -1.616184
vt 0.628031 0.606119
vn 0.584600 0.381447 -0.716059
v 0.387787 1.112993 -1.419135
vt 0.614298 0.586816
vn 0.583160 0.762288 -0.280787
v 0.373944 1.061831 -1.510738
vt 0.620645 0.594949
vn 0.590989 0.698234 -0.403982
v 0.511348 0.986451 -1.370600
vt 0.628305 0.575021
vn 0.585600 0.797777 -0.143615
v 0.453092 0.987384 -1.544919
vt 0.632136 0.593500
vn 0.609158 0.518102 -0.600415
v 0.383365 0.829807 -1.676769
vt 0.646433 0.610773
vn 0.737052 0.405797 -0.540447
v 0.484816 0.990792 -1.500655
vt 0.632044 0.587991
vn 0.608370 0.717148 -0.339977
v 0.556530 0.959363 -1.438960
vt 0.636271 0.578897
vn 0.694465 0.631649 -0.344582
v 0.566656 0.822058 -1.494845
vt 0.651331 0.583597
vn 0.736564 0.273681 -0.618524
v 0.618760 0.927252 -1.347870
vt 0.639094 0.566812
vn 0.616911 0.670562 -0.412028
v 0.526858 1.002883 -1.250713
vt 0.622736 0.563684
vn 0.612518 0.757537 -0.225742
v 0.553774 0.708791 -1.550644
vt 0.663447 0.590494
vn 0.675815 0.399869 -0.619176
v 0.661699 0.798019 -1.383246
vt 0.654887 0.567330
vn 0.740057 0.287426 -0.608032
v 0.692076 0.690026 -1.386835
vt 0.667903 0.565866
vn 0.743000 0.337073 -0.578215
v 0.687846 0.892307 -1.314288
vt 0.644343 0.559136
vn 0.641627 0.514577 -0.568793
v 0.627604 0.956421 -1.243193
vt 0.632242 0.556954
vn 0.382237 0.901693 -0.202099
v 0.724184 0.934858 -1.177994
vt 0.636698 0.545052
vn 0.508375 0.811434 -0.288323
v 0.582678 0.985267 -1.126211
vt 0.621363 0.550057
vn 0.543679 0.755098 -0.366388
v 0.354333 1.177861 -1.237382
vt 0.599817 0.573816
vn 0.668168 0.620261 -0.410886
v 0.485457 1.117298 -1.141934
vt 0.606958 0.557916
vn 0.680050 0.456000 -0.574104
v 0.485970 1.227839 -1.085622
vt 0.595102 0.553643
vn 0.498680 0.646600 -0.577258
v 0.571655 1.172586 -1.042726
vt 0.601526 0.544442
vn 0.612062 0.275602 -0.741232
v 0.589600 1.051641 -1.062550
vt 0.613962 0.544869
vn 0.606356 0.403628 -0.685140
v 0.664903 1.207639 -0.956335
vt 0.598489 0.531197
vn 0.523876 0.531326 -0.665767
v 0.532177 1.241831 -1.011024
vt 0.592264 0.545006
vn 0.181149 0.954186 -0.238146
v 0.434058 1.233221 -0.957361
vt 0.581476 0.548913
vn -0.021715 0.998062 -0.058316
v 0.760971 0.973571 -1.002820
vt 0.626123 0.527749
vn 0.568128 0.645976 -0.509848
v 0.769815 1.086694 -0.920446
vt 0.612268 0.520760
vn 0.612312 0.382514 -0.691923
v 0.308254 1.246137 -0.903100
vt 0.569070 0.554849
vn -0.051100 0.994850 0.087533
v 0.447453 1.250693 -0.883617
vt 0.576684 0.542824
vn -0.101565 0.978480 -0.179612
v 0.636576 1.255716 -0.905065
vt 0.590921 0.529763
vn 0.195772 0.907897 -0.370671
v 0.760138 1.230566 -0.858238
vt 0.596353 0.517388
vn 0.544846 0.631892 -0.551231
v 0.474818 1.292455 -0.756125
vt 0.568795 0.531685
vn -0.184971 0.976240 -0.112876
v 0.370932 1.244881 -0.778428
vt 0.563470 0.541955
vn -0.265083 0.964003 -0.020718
v 0.199817 1.204123 -0.730404
vt 0.548379 0.552377
vn -0.112400 0.992478 0.048514
v 0.214878 1.205164 -0.431755
vt 0.525628 0.531945
vn -0.208506 0.976094 0.061368
v 0.031907 1.206204 -0.683663
vt 0.534203 0.562585
vn -0.216221 0.975902 -0.029387
v 0.117721 1.205164 -0.486357
vt 0.523812 0.543374
vn -0.091398 0.991420 0.093446
v 0.341772 1.245885 -0.445683
vt 0.535622 0.522316
vn -0.270358 0.962711 0.009673
v 0.136178 1.160244 -0.148742
vt 0.496757 0.520012
vn -0.287975 0.948752 0.130154
v 0.464116 1.275485 -0.537201
vt 0.551247 0.518532
vn -0.136461 0.988171 0.069968
v 0.318956 1.221955 -0.123193
vt 0.507881 0.502586
vn -0.411277 0.911403 -0.013984
v 0.018705 1.116294 -0.069273
vt 0.481865 0.524865
vn -0.250358 0.946271 0.204678
v -0.053010 1.066316 0.071036
vt 0.464698 0.521981
vn -0.209507 0.965332 0.155697
v 0.069078 1.101081 0.017117
vt 0.477516 0.515206
vn -0.285009 0.944753 0.161903
v 0.208853 1.163796 0.007461
vt 0.488685 0.503639
vn -0.489818 0.870128 -0.054365
v 0.053633 1.083214 0.175030
vt 0.463478 0.506233
vn -0.430224 0.902167 -0.031645
v -0.040256 1.051929 0.364217
vt 0.441642 0.501030
vn -0.541575 0.827550 -0.147845
v 0.301461 1.227767 0.020962
vt 0.495293 0.493461
vn -0.381790 0.917826 -0.108773
v 0.214173 1.222206 0.147600
vt 0.479301 0.490791
vn -0.444296 0.877844 -0.178860
v -0.102742 1.023549 0.320723
vt 0.440223 0.509590
vn -0.414369 0.901901 0.121959
v -0.221753 0.967185 0.482395
vt 0.418235 0.508888
vn -0.465533 0.871242 -0.155619
v -0.326280 0.925243 0.433603
vt 0.414481 0.521019
vn -0.189186 0.981791 -0.017170
v -0.143309 1.040053 0.515977
vt 0.422156 0.497505
vn -0.475263 0.861103 -0.180629
v -0.280970 1.008767 0.633813
vt 0.402655 0.500557
vn -0.312165 0.949960 0.011325
v -0.239377 1.013790 0.628430
vt 0.405921 0.497536
vn -0.198625 0.978289 0.059145
v -0.031797 1.094731 0.455478
vt 0.436011 0.491814
vn -0.564549 0.815211 -0.129289
v -0.094474 1.056126 0.630737
vt 0.416571 0.485191
vn -0.419748 0.906571 -0.044061
v -0.066020 1.081600 0.714649
vt 0.412375 0.476158
vn -0.408593 0.912391 -0.024378
v 0.039918 1.138108 0.539561
vt 0.435142 0.478950
vn -0.404940 0.912529 0.057574
v 0.078947 1.170003 0.389339
vt 0.450660 0.485512
vn -0.479019 0.877423 -0.025865
v 0.035175 1.123469 0.732081
vt 0.418860 0.466072
vn -0.301834 0.948844 0.092695
v 0.186679 1.193216 0.471457
vt 0.451652 0.471092
vn -0.246247 0.958401 0.144327
v 0.262239 1.243661 0.234930
vt 0.476097 0.480812
vn -0.166081 0.986073 -0.008820
v 0.333440 1.240324 0.173919
vt 0.485832 0.479667
vn -0.115833 0.993258 -0.004719
v 0.370996 1.255680 0.103336
vt 0.494194 0.481666
vn -0.182859 0.981907 0.049199
v 0.470396 1.263107 -0.040477
vt 0.512444 0.484047
vn -0.188165 0.981737 0.028052
v 0.376315 1.254711 -0.113708
vt 0.511681 0.496651
vn -0.328033 0.944441 -0.020644
v 0.480458 1.284311 -0.270851
vt 0.531533 0.499092
vn -0.179329 0.983685 0.014320
v 0.518334 1.275485 -0.443632
vt 0.547555 0.508049
vn -0.094853 0.995361 -0.016085
v 0.610172 1.296115 -0.305288
vt 0.543145 0.491295
vn -0.078304 0.995261 -0.057656
v 0.625873 1.293029 -0.630427
vt 0.569116 0.512322
vn 0.018107 0.998504 0.051593
v 0.713866 1.279288 -0.468242
vt 0.562722 0.494789
vn -0.069622 0.996907 -0.036458
v 0.648432 1.304725 -0.157886
vt 0.534447 0.477989
vn -0.116053 0.993107 -0.016438
v 0.792566 1.306591 -0.264357
vt 0.552834 0.474342
vn 0.060581 0.997333 -0.040697
v 0.742321 1.284634 -0.620002
vt 0.576074 0.502800
vn 0.031141 0.999180 -0.025862
v 0.705022 1.286679 -0.778428
vt 0.585351 0.516152
vn 0.171745 0.962637 -0.209364
v 0.828455 1.265511 -0.716989
vt 0.589441 0.502770
vn 0.405801 0.840563 -0.358858
v 0.887480 1.304438 -0.413895
vt 0.570626 0.478172
vn 0.162904 0.986636 0.003315
v 0.884084 1.282122 -0.632563
vt 0.586297 0.493019
vn 0.364753 0.877267 -0.312024
v 0.853257 1.206240 -0.752707
vt 0.596963 0.502953
vn 0.665200 0.503019 -0.551798
v 0.964962 1.177000 -0.662129
vt 0.598856 0.488151
vn 0.700877 0.481788 -0.525977
v 0.896645 1.081384 -0.791245
vt 0.611383 0.501289
vn 0.679773 0.419395 -0.601678
v 0.968551 0.950429 -0.815684
vt 0.627176 0.496162
vn 0.662930 0.437168 -0.607789
v 1.022513 1.036716 -0.665035
vt 0.613352 0.481575
vn 0.725793 0.416582 -0.547435
v 1.103969 1.029971 -0.557623
vt 0.610727 0.467094
vn 0.832667 0.364155 -0.417201
v 1.047251 0.897115 -0.768003
vt 0.632822 0.485252
vn 0.743959 0.425135 -0.515543
v 0.864665 0.885885 -0.954114
vt 0.636347 0.514961
vn 0.672183 0.578099 -0.462572
v 0.876265 0.851155 -1.032130
vt 0.644205 0.520790
vn 0.717986 0.611410 -0.332676
v 0.800577 0.931665 -1.056056
vt 0.634806 0.529458
vn 0.675028 0.694449 -0.249154
v 0.825699 0.822237 -1.143728
vt 0.650172 0.534173
vn 0.770780 0.454098 -0.446871
v 0.758407 0.882656 -1.229094
vt 0.645182 0.547082
vn 0.739783 0.541663 -0.399152
v 0.823072 0.695946 -1.244304
vt 0.667414 0.542611
vn 0.752399 0.297267 -0.587816
v 0.951376 0.786825 -0.988807
vt 0.651591 0.510338
vn 0.732794 0.493130 -0.468867
v 1.019629 0.810039 -0.869689
vt 0.645716 0.494591
vn 0.719473 0.431093 -0.544535
v 1.009760 0.699606 -0.954114
vt 0.661463 0.500954
vn 0.814906 0.358199 -0.455655
v 1.139217 0.738892 -0.732968
vt 0.649927 0.471473
vn 0.851974 0.319407 -0.414874
v 1.141845 0.546801 -0.838072
vt 0.677195 0.476005
vn 0.857812 0.243738 -0.452494
v 1.158187 0.835010 -0.583344
vt 0.632425 0.459007
vn 0.886274 0.308184 -0.345746
v 1.075963 0.554766 -0.959241
vt 0.680049 0.493645
vn 0.833064 0.276571 -0.479075
v 0.999314 0.547590 -1.083571
vt 0.684169 0.511925
vn 0.798006 0.287927 -0.529420
v 1.121850 0.414124 -0.928051
vt 0.697322 0.483604
vn 0.852298 0.225061 -0.472161
v 0.946249 0.509021 -1.173978
vt 0.690593 0.524727
vn 0.741240 0.166287 -0.650317
v 1.076283 0.360988 -1.051100
vt 0.707958 0.499535
vn 0.809558 0.111362 -0.576380
v 0.746551 0.623903 -1.356329
vt 0.676448 0.559060
vn 0.781225 0.268007 -0.563790
v 0.795963 0.543500 -1.311724
vt 0.686488 0.550713
vn 0.760775 0.117696 -0.638255
v 0.719185 0.597174 -1.432380
vt 0.680262 0.568704
vn 0.825066 0.285297 -0.487722
v 0.933624 0.378138 -1.195768
vt 0.708049 0.527092
vn 0.730210 0.050035 -0.681388
v 0.753408 0.511317 -1.394868
vt 0.690959 0.562478
vn 0.845625 0.129160 -0.517915
v 0.852745 0.352378 -1.296087
vt 0.711971 0.544396
vn 0.755531 0.092794 -0.648508
v 0.997199 0.247111 -1.130740
vt 0.725399 0.513314
vn 0.731402 -0.039650 -0.680793
v 0.926189 0.248690 -1.207560
vt 0.725948 0.528115
vn 0.790673 0.024436 -0.611751
v 0.875432 0.221279 -1.287798
vt 0.730205 0.541390
vn 0.765600 0.034676 -0.642381
v 0.974127 0.152393 -1.141592
vt 0.739361 0.515846
vn 0.738020 -0.022943 -0.674388
v 0.785260 0.299063 -1.368292
vt 0.719036 0.558007
vn 0.751473 0.067724 -0.656279
v 0.861589 0.111349 -1.301299
vt 0.746044 0.544335
vn 0.807601 -0.026884 -0.589116
v 1.034882 0.093338 -1.082888
vt 0.747341 0.502525
vn 0.706042 0.085510 -0.702988
v 0.745654 0.291815 -1.419221
vt 0.719661 0.566781
vn 0.777330 0.057612 -0.626450
v 0.899977 0.040238 -1.234221
vt 0.756786 0.532906
vn 0.801044 0.052091 -0.596334
v 0.776544 0.149989 -1.411360
vt 0.739757 0.564233
vn 0.769245 0.160354 -0.618505
v 0.719185 0.508698 -1.452974
vt 0.691157 0.571054
vn 0.837893 0.072457 -0.541004
v 0.696883 0.191931 -1.482027
vt 0.732189 0.578241
vn 0.764450 0.114305 -0.634468
v 0.762829 0.106541 -1.443061
vt 0.745892 0.569497
vn 0.777859 0.128348 -0.615192
v 0.800641 0.046661 -1.380341
vt 0.755108 0.559258
vn 0.842895 0.047183 -0.536006
v 0.780774 -0.028038 -1.432551
vt 0.766217 0.568078
vn 0.807132 0.123669 -0.577273
v 0.677400 0.438593 -1.519198
vt 0.699428 0.581460
vn 0.839044 0.006731 -0.544021
v 0.678297 0.515336 -1.510140
vt 0.689876 0.579843
vn 0.832818 0.074429 -0.548520
v 0.630872 0.536970 -1.582602
vt 0.686641 0.590341
vn 0.839097 0.162294 -0.519208
v 0.611326 0.460550 -1.620628
vt 0.695613 0.596170
vn 0.850071 -0.006307 -0.526630
v 0.620939 0.653574 -1.530392
vt 0.672129 0.584833
vn 0.722845 0.482547 -0.494615
v 0.577551 0.530369 -1.679332
vt 0.686656 0.603433
vn 0.854085 0.118777 -0.506391
v 0.454887 0.715894 -1.646007
vt 0.659861 0.605020
vn 0.671794 0.615391 -0.412295
v 0.490007 0.681846 -1.750256
vt 0.668345 0.613443
vn 0.692969 0.596574 -0.404837
v 0.398554 0.744884 -1.754358
vt 0.657130 0.618051
vn 0.712043 0.588558 -0.382877
v 0.298833 0.818578 -1.860146
vt 0.647105 0.632837
vn 0.705719 0.543016 -0.455076
v 0.352923 0.678366 -1.887661
vt 0.663752 0.633921
vn 0.748419 0.494039 -0.442487
v 0.446235 0.585155 -1.870912
vt 0.677058 0.628458
vn 0.734591 0.288285 -0.614221
v 0.482893 0.444082 -1.828443
vt 0.693660 0.625162
vn 0.839829 -0.000136 -0.542851
v 0.190332 0.850330 -1.950467
vt 0.640757 0.646723
vn 0.635455 0.695447 -0.335486
v 0.386826 0.509093 -1.967386
vt 0.682506 0.642206
vn 0.841251 0.112590 -0.528792
v 0.143356 0.867408 -2.042412
vt 0.639796 0.656825
vn 0.618505 0.738437 -0.268631
v 0.231349 0.794683 -1.986783
vt 0.648569 0.648081
vn 0.740614 0.564001 -0.365232
v 0.293834 0.718836 -1.956961
vt 0.657847 0.642969
vn 0.746714 0.513424 -0.422865
v 0.369458 0.626522 -1.980204
vt 0.669947 0.643183
vn 0.883549 0.339299 -0.322828
v 0.284157 0.658310 -2.055315
vt 0.664225 0.652888
vn 0.654309 0.448503 -0.608872
v 0.259355 0.671908 -2.070952
vt 0.662043 0.655283
vn 0.781890 0.404032 -0.474769
v 0.311651 0.552075 -2.070183
vt 0.675273 0.654826
vn 0.798284 0.203193 -0.566970
v 0.190204 0.811151 -2.080779
vt 0.647318 0.658106
vn 0.744840 0.579186 -0.331295
v 0.067348 0.863066 -2.188276
vt 0.640253 0.671275
vn 0.609972 0.703591 -0.364546
v 0.160018 0.726478 -2.231001
vt 0.654612 0.671992
vn 0.795574 0.425006 -0.431777
v -0.005905 0.834328 -2.356357
vt 0.641764 0.685878
vn 0.457100 0.776012 -0.434587
v 0.079653 0.798091 -2.286715
vt 0.646769 0.678401
vn 0.697861 0.581439 -0.418232
v -0.060892 0.835799 -2.388913
vt 0.639445 0.690120
vn 0.055578 0.904830 -0.422129
v -0.049869 0.781695 -2.485216
vt 0.644694 0.696040
vn 0.273351 0.764196 -0.584195
v 0.035047 0.678545 -2.472740
vt 0.654154 0.694179
vn 0.723005 0.372440 -0.581852
v 0.122912 0.618055 -2.384128
vt 0.661601 0.686442
vn 0.827907 0.264441 -0.494612
v -0.171636 0.799167 -2.427024
vt 0.635035 0.697749
vn -0.000537 0.929231 -0.369498
v -0.075440 0.738139 -2.544604
vt 0.646265 0.701427
vn 0.393931 0.751084 -0.529803
v -0.191119 0.739143 -2.602027
vt 0.641550 0.708934
vn 0.304853 0.879780 -0.364762
v -0.089732 0.705418 -2.600233
vt 0.647959 0.705776
vn 0.574110 0.546338 -0.609847
v -0.289686 0.812012 -2.441893
vt 0.628916 0.703746
vn 0.174674 0.977076 -0.121705
v -0.467786 0.837198 -2.524353
vt 0.623209 0.715358
vn 0.000670 0.993982 -0.109543
v -0.399725 0.807240 -2.658937
vt 0.631662 0.718547
vn 0.204033 0.932613 -0.297663
v -0.533605 0.839387 -2.362851
vt 0.612634 0.711086
vn -0.048199 0.998702 0.016479
v -0.638837 0.821519 -2.394468
vt 0.609384 0.717983
vn -0.100008 0.988714 -0.111547
v -0.568340 0.796692 -2.652956
vt 0.624826 0.725307
vn -0.261462 0.893112 -0.366044
v -0.474900 0.797409 -2.706106
vt 0.630350 0.723262
vn -0.129042 0.788980 -0.600716
v -0.648386 0.764007 -2.650050
vt 0.621881 0.729549
vn -0.366061 0.681396 -0.633798
v -0.570776 0.730820 -2.706277
vt 0.627955 0.729137
vn -0.363162 0.298218 -0.882712
v -0.331343 0.728703 -2.770792
vt 0.639353 0.721538
vn 0.260669 0.799833 -0.540665
v -0.502907 0.595631 -2.746097
vt 0.635813 0.733837
vn -0.437754 -0.063130 -0.896876
v -0.438434 0.730927 -2.750711
vt 0.634684 0.725185
vn -0.322394 0.412761 -0.851875
v -0.465415 0.490795 -2.738150
vt 0.640833 0.738247
vn -0.541820 0.005802 -0.840475
v -0.421835 0.628675 -2.795145
vt 0.639399 0.729427
vn -0.535425 0.001033 -0.844582
v -0.368450 0.694475 -2.825224
vt 0.640223 0.725078
vn -0.231120 0.496722 -0.836571
v -0.406070 0.563556 -2.786942
vt 0.641978 0.732158
vn -0.542442 -0.100240 -0.834092
v -0.309361 0.599219 -2.850688
vt 0.645823 0.726513
vn 0.120203 0.091692 -0.988506
v -0.312566 0.663405 -2.837016
vt 0.643076 0.724254
vn 0.313700 0.426639 -0.848276
v -0.244248 0.657449 -2.782071
vt 0.645151 0.720516
vn 0.634271 0.359397 -0.684495
v -0.132094 0.681057 -2.665773
vt 0.647883 0.711238
vn 0.621940 0.496251 -0.605744
v -0.373577 0.551250 -2.815141
vt 0.644419 0.731197
vn -0.576369 0.128373 -0.807043
v -0.364220 0.397979 -2.848637
vt 0.651713 0.737652
vn -0.503932 0.345277 -0.791730
v -0.300773 0.476982 -2.857695
vt 0.651453 0.731106
vn 0.149000 0.177044 -0.972859
v -0.175033 0.450504 -2.761905
vt 0.658579 0.723659
vn 0.664679 0.199919 -0.719885
v -0.062623 0.504824 -2.619972
vt 0.661112 0.710964
vn 0.715503 0.205408 -0.667729
v 0.082344 0.546335 -2.468211
vt 0.664775 0.695277
vn 0.790971 0.126019 -0.598735
v -0.005584 0.404652 -2.599634
vt 0.669795 0.710964
vn 0.776431 0.080137 -0.625087
v 0.153289 0.520323 -2.348837
vt 0.670649 0.685145
vn 0.861016 0.035196 -0.507359
v 0.062669 0.400454 -2.494787
vt 0.674464 0.702312
vn 0.844198 -0.032182 -0.535065
v 0.207251 0.506976 -2.258089
vt 0.674556 0.676417
vn 0.860222 0.099807 -0.500057
v 0.148355 0.369527 -2.352853
vt 0.683070 0.690379
vn 0.852423 -0.022153 -0.522383
v 0.090804 0.333613 -2.443175
vt 0.681910 0.700450
vn 0.862977 -0.023037 -0.504718
v 0.120348 0.227342 -2.388657
vt 0.693065 0.699855
vn 0.839070 -0.070600 -0.539423
v 0.015116 0.281734 -2.556055
vt 0.680079 0.712428
vn 0.824844 -0.069477 -0.561075
v -0.097166 0.369779 -2.718410
vt 0.666575 0.721675
vn 0.738406 0.133440 -0.661022
v 0.198984 0.290811 -2.267659
vt 0.693721 0.684535
vn 0.849849 -0.034395 -0.525902
v 0.212379 0.164592 -2.233735
vt 0.707164 0.686702
vn 0.844900 -0.077168 -0.529329
v 0.207059 0.629751 -2.196137
vt 0.664240 0.668772
vn 0.856611 0.262015 -0.444483
v 0.263072 0.538154 -2.153070
vt 0.674449 0.664607
vn 0.833788 0.223858 -0.504663
v 0.253779 0.468802 -2.187848
vt 0.680354 0.669657
vn 0.854792 0.045595 -0.516964
v 0.279542 0.290093 -2.135895
vt 0.699763 0.669673
vn 0.847386 -0.035578 -0.529784
v 0.299153 0.490257 -2.108208
vt 0.680507 0.660136
vn 0.846955 0.084499 -0.524906
v 0.336901 0.469807 -2.051982
vt 0.684352 0.653773
vn 0.839021 0.062257 -0.540525
v 0.324532 0.368487 -2.071892
vt 0.694270 0.659129
vn 0.834988 -0.018480 -0.549958
v 0.305306 0.236563 -2.090435
vt 0.707301 0.666331
vn 0.847066 -0.051302 -0.529006
v 0.432392 0.372290 -1.903127
vt 0.699641 0.636988
vn 0.842318 -0.029253 -0.538187
v 0.366253 0.277500 -1.996696
vt 0.706813 0.652720
vn 0.844151 -0.052992 -0.533480
v 0.403937 0.164950 -1.926113
vt 0.722713 0.647501
vn 0.848420 -0.079082 -0.523383
v 0.269801 0.130759 -2.136322
vt 0.715877 0.676951
vn 0.846404 -0.083945 -0.525884
v 0.499428 0.390660 -1.797254
vt 0.700526 0.622217
vn 0.849309 -0.049971 -0.525526
v 0.543841 0.402786 -1.725476
vt 0.700725 0.612009
vn 0.851854 -0.039029 -0.522324
v 0.562234 0.304158 -1.687706
vt 0.713573 0.608743
vn 0.842791 -0.055576 -0.535364
v 0.484303 0.244528 -1.803919
vt 0.717662 0.627481
vn 0.848154 -0.067499 -0.525433
v 0.637730 0.284963 -1.570383
vt 0.718349 0.591287
vn 0.826598 -0.026049 -0.562190
v 0.565823 0.224688 -1.671385
vt 0.724025 0.608392
vn 0.831549 -0.058250 -0.552389
v 0.661314 0.161542 -1.533981
vt 0.735317 0.587243
vn 0.781824 0.185439 -0.595284
v 0.485072 0.169543 -1.792042
vt 0.727245 0.628397
vn 0.846704 -0.081560 -0.525776
v 0.563772 0.176145 -1.669762
vt 0.730373 0.609461
vn 0.815730 -0.016821 -0.578188
v 0.603763 0.136858 -1.620970
vt 0.736904 0.601846
vn 0.793312 0.064613 -0.605377
v 0.633564 0.078269 -1.582346
vt 0.745983 0.596506
vn 0.744973 0.088409 -0.661211
v 0.452708 0.061083 -1.825196
vt 0.739910 0.637873
vn 0.834437 -0.022780 -0.550632
v 0.522948 0.091472 -1.726586
vt 0.739574 0.621118
vn 0.801356 0.038827 -0.596927
v 0.624976 0.040202 -1.603794
vt 0.750927 0.600381
vn 0.762787 0.158522 -0.626919
v 0.513399 -0.009417 -1.751794
vt 0.752682 0.627939
vn 0.780163 0.110842 -0.615679
v 0.373623 0.121143 -1.966702
vt 0.725765 0.655283
vn 0.845744 -0.101441 -0.523858
v 0.581076 -0.040631 -1.680699
vt 0.760372 0.615305
vn 0.737944 0.181942 -0.649874
v 0.430982 -0.021436 -1.858266
vt 0.748852 0.646326
vn 0.800643 0.052950 -0.596798
v 0.551660 -0.107651 -1.724621
vt 0.768078 0.625330
vn 0.717053 0.184067 -0.672276
v 0.333825 0.116874 -2.031047
vt 0.722972 0.664240
vn 0.846392 -0.092161 -0.524525
v 0.465013 -0.119312 -1.843055
vt 0.763684 0.646464
vn 0.763144 0.155589 -0.627218
v 0.341900 0.025421 -1.996268
vt 0.735317 0.664668
vn 0.837277 -0.106275 -0.536352
v 0.306267 0.042570 -2.059502
vt 0.729641 0.672038
vn 0.846949 -0.117625 -0.518499
v 0.351129 -0.084761 -1.963199
vt 0.750362 0.666361
vn 0.798202 0.006179 -0.602359
v 0.253971 -0.048883 -2.123760
vt 0.735134 0.686366
vn 0.844545 -0.117727 -0.522382
v 0.196228 -0.071881 -2.213227
vt 0.731365 0.699092
vn 0.838322 -0.124994 -0.530653
v 0.335555 -0.207069 -1.999515
vt 0.763638 0.678462
vn 0.740507 0.122324 -0.660822
v 0.248652 -0.157450 -2.108123
vt 0.748302 0.692073
vn 0.816396 -0.050101 -0.575315
v 0.185974 -0.123366 -2.216132
vt 0.736095 0.703334
vn 0.830786 -0.135368 -0.539881
v 0.193793 0.053872 -2.241426
vt 0.716915 0.694072
vn 0.838313 -0.105078 -0.534967
v 0.077409 -0.194871 -2.359604
vt 0.729854 0.726253
vn 0.819525 -0.161367 -0.549854
v 0.147906 -0.078052 -2.285945
vt 0.725826 0.708156
vn 0.830854 -0.136570 -0.539472
v 0.118810 0.071596 -2.362253
vt 0.707256 0.706065
vn 0.834879 -0.104381 -0.540446
v 0.095354 0.012146 -2.386435
vt 0.710552 0.712459
vn 0.830397 -0.116152 -0.544931
v 0.056901 -0.093300 -2.420359
vt 0.716258 0.723659
vn 0.824445 -0.142226 -0.547780
v 0.038636 0.096208 -2.489489
vt 0.696712 0.716823
vn 0.829885 -0.104326 -0.548094
v -0.007507 0.059218 -2.550500
vt 0.695125 0.724651
vn 0.830477 -0.117011 -0.544624
v -0.016223 0.147442 -2.581775
vt 0.687053 0.721920
vn 0.826848 -0.092734 -0.554728
v -0.078196 0.020505 -2.652785
vt 0.690654 0.734890
vn 0.826981 -0.107302 -0.551896
v -0.019171 -0.110593 -2.529821
vt 0.707988 0.735164
vn 0.821023 -0.162540 -0.547267
v 0.034855 -0.163729 -2.432579
vt 0.720363 0.730831
vn 0.813438 -0.183126 -0.552071
v -0.030066 -0.242553 -2.497777
vt 0.719448 0.744701
vn 0.770623 -0.209533 -0.601861
v -0.086271 -0.105857 -2.632447
vt 0.698787 0.742626
vn 0.796759 -0.219377 -0.563070
v -0.137221 0.180235 -2.758572
vt 0.675212 0.732830
vn 0.780708 -0.032538 -0.624049
v -0.166509 -0.042891 -2.772244
vt 0.684825 0.746197
vn 0.784200 -0.188460 -0.591196
v -0.130043 -0.264151 -2.606214
vt 0.707820 0.756649
vn 0.514295 -0.535806 -0.669636
v -0.207590 -0.159100 -2.766605
vt 0.688807 0.755077
vn 0.429785 -0.518190 -0.739435
v -0.222714 -0.011103 -2.851713
vt 0.677760 0.748440
vn 0.569792 -0.312344 -0.760118
v -0.199899 0.318867 -2.821378
vt 0.663844 0.731777
vn 0.663209 0.129312 -0.737178
v -0.240979 0.192756 -2.875041
vt 0.667414 0.740108
vn 0.662145 0.050619 -0.747664
v -0.318846 0.319836 -2.916314
vt 0.658351 0.739284
vn 0.161872 0.350111 -0.922616
v -0.243927 0.037799 -2.878289
vt 0.673884 0.747128
vn 0.641502 -0.091412 -0.761656
v -0.314360 0.104604 -2.933062
vt 0.667262 0.747570
vn 0.156001 -0.159288 -0.974829
v -0.301222 0.021869 -2.911273
vt 0.671412 0.750393
vn 0.095170 -0.404023 -0.909785
v -0.325511 -0.045116 -2.852483
vt 0.674632 0.755444
vn -0.019128 -0.571247 -0.820555
v -0.396777 -0.010242 -2.856926
vt 0.669230 0.757412
vn -0.327898 -0.403093 -0.854400
v -0.317244 -0.151781 -2.784635
vt 0.681926 0.760967
vn 0.017901 -0.640171 -0.768024
v -0.531426 -0.153288 -2.756265
vt 0.670268 0.773648
vn -0.129644 -0.496425 -0.858344
v -0.399725 -0.213061 -2.714565
vt 0.682841 0.771313
vn -0.088165 -0.747583 -0.658291
v -0.575390 -0.073818 -2.773355
vt 0.663554 0.771084
vn -0.331352 -0.185063 -0.925180
v -0.630954 -0.175102 -2.732852
vt 0.665476 0.780758
vn -0.253851 -0.504609 -0.825185
v -0.274946 -0.232902 -2.714565
vt 0.691341 0.763958
vn 0.057313 -0.706853 -0.705035
v -0.690556 -0.260276 -2.601685
vt 0.667918 0.795850
vn 0.009226 -0.841808 -0.539698
v -0.485859 -0.323673 -2.544690
vt 0.689601 0.791562
vn -0.189028 -0.593047 -0.782665
v -0.305003 -0.323709 -2.596644
vt 0.700496 0.775463
vn 0.028861 -0.751492 -0.659110
v -0.190863 -0.386029 -2.492480
vt 0.720226 0.773388
vn 0.065430 -0.657304 -0.750780
v -0.456443 -0.379822 -2.532897
vt 0.695949 0.793423
vn -0.134727 -0.619630 -0.773244
v -0.085759 -0.359946 -2.519311
vt 0.723430 0.759869
vn 0.396160 -0.471192 -0.788058
v -0.266935 -0.450000 -2.447191
vt 0.721645 0.787304
vn -0.015023 -0.676303 -0.736470
v -0.368258 -0.442035 -2.438047
vt 0.712245 0.796338
vn -0.085206 -0.830426 -0.550574
v 0.006079 -0.351263 -2.425059
vt 0.735607 0.748623
vn 0.782992 -0.236847 -0.575175
v -0.117097 -0.554692 -2.382846
vt 0.748470 0.780407
vn -0.014167 -0.591410 -0.806246
v -0.467274 -0.498902 -2.349008
vt 0.711528 0.815000
vn -0.162529 -0.660460 -0.733060
v -0.295262 -0.539839 -2.381650
vt 0.730419 0.799588
vn -0.157408 -0.590019 -0.791897
v -0.565649 -0.397654 -2.499657
vt 0.688792 0.803922
vn -0.160310 -0.607767 -0.777766
v -0.409210 -0.582605 -2.317733
vt 0.725612 0.818601
vn -0.193454 -0.558713 -0.806484
v -0.741121 -0.341935 -2.466246
vt 0.670375 0.811688
vn -0.041279 -0.589564 -0.806666
v -0.629352 -0.514975 -2.290218
vt 0.697047 0.832120
vn -0.143982 -0.612664 -0.777118
v -0.664921 -0.437658 -2.428733
vt 0.683574 0.817441
vn -0.063312 -0.845139 -0.530784
v -0.573211 -0.588740 -2.282015
vt 0.709255 0.835752
vn -0.204475 -0.472812 -0.857111
v -0.753875 -0.410893 -2.449327
vt 0.672953 0.819043
vn -0.091014 -0.586438 -0.804865
v -0.885704 -0.368915 -2.463768
vt 0.657023 0.820462
vn -0.077943 -0.723914 -0.685473
v -0.787136 -0.461050 -2.367807
vt 0.674067 0.830900
vn 0.017417 -0.833437 -0.552341
v -0.946138 -0.468226 -2.376865
vt 0.655680 0.838010
vn -0.024064 -0.656449 -0.753987
v -0.877180 -0.321592 -2.540417
vt 0.654643 0.810971
vn -0.263677 -0.659715 -0.703740
v -0.761694 -0.549274 -2.252876
vt 0.684871 0.846372
vn -0.003320 -0.552949 -0.833209
v -0.885127 -0.547588 -2.266719
vt 0.669291 0.851362
vn 0.126664 -0.616240 -0.777305
v -1.011764 -0.377239 -2.418650
vt 0.644007 0.829282
vn -0.350799 -0.431225 -0.831255
v -0.945626 -0.591001 -2.249287
vt 0.663386 0.859739
vn 0.120791 -0.519042 -0.846170
v -0.607690 -0.643311 -2.235872
vt 0.710475 0.847181
vn -0.122210 -0.425049 -0.896883
v -0.425617 -0.682884 -2.233906
vt 0.736004 0.835294
vn -0.173717 -0.403468 -0.898352
v -0.795468 -0.671690 -2.213996
vt 0.687587 0.864775
vn -0.013622 -0.357434 -0.933839
v -0.617047 -0.703191 -2.216132
vt 0.714595 0.856275
vn -0.095462 -0.362576 -0.927052
v -1.065662 -0.535605 -2.326278
vt 0.644724 0.852750
vn -0.114290 -0.523267 -0.844470
v -1.033747 -0.727768 -2.201777
vt 0.655665 0.882292
vn -0.064289 -0.578301 -0.813287
v -1.157436 -0.451220 -2.324655
vt 0.630701 0.847272
vn -0.353389 -0.382935 -0.853509
v -1.097258 -0.593979 -2.289107
vt 0.643030 0.862150
vn -0.150984 -0.544666 -0.824950
v -1.048679 -0.662362 -2.226387
vt 0.651621 0.872969
vn -0.004267 -0.505361 -0.862897
v -1.171664 -0.699998 -2.178705
vt 0.635950 0.883406
vn -0.322328 -0.568479 -0.756925
v -0.833985 -0.721489 -2.190497
vt 0.684688 0.874952
vn 0.013274 -0.672596 -0.739891
v -1.072199 -0.809104 -2.111199
vt 0.652033 0.900587
vn 0.027305 -0.739032 -0.673116
v -0.402994 -0.776885 -2.220320
vt 0.749279 0.844129
vn -0.125329 -0.361567 -0.923884
v -0.440934 -0.816566 -2.190497
vt 0.749630 0.854795
vn -0.159007 -0.713569 -0.682302
v -0.299684 -0.778392 -2.233308
vt 0.762539 0.831220
vn -0.140266 -0.560172 -0.816415
v -0.363323 -0.632332 -2.290474
vt 0.736233 0.820340
vn -0.237862 -0.526484 -0.816233
v -0.286097 -0.710044 -2.278340
vt 0.753552 0.819638
vn -0.059337 -0.515018 -0.855123
v -0.268089 -0.595844 -2.334567
vt 0.740993 0.804074
vn -0.090294 -0.582923 -0.807495
v -0.199835 -0.622645 -2.316110
vt 0.751690 0.799329
vn -0.059295 -0.524594 -0.849285
v -0.086079 -0.622179 -2.333883
vt 0.762249 0.783642
vn -0.001894 -0.449055 -0.893502
v -0.045447 -0.489250 -2.422154
vt 0.744503 0.766110
vn 0.472882 -0.460160 -0.751422
v -0.018530 -0.574676 -2.347214
vt 0.761410 0.770336
vn 0.554235 -0.401416 -0.729170
v 0.016910 -0.387464 -2.381308
vt 0.743069 0.748760
vn 0.806028 -0.287336 -0.517452
v 0.123809 -0.311762 -2.253389
vt 0.750774 0.725216
vn 0.811560 -0.171826 -0.558433
v 0.098430 -0.438160 -2.251680
vt 0.763104 0.738552
vn 0.769232 -0.183371 -0.612092
v 0.054786 -0.284100 -2.365500
vt 0.736294 0.735409
vn 0.836758 -0.159928 -0.523698
v 0.168094 -0.369131 -2.174860
vt 0.765362 0.720775
vn 0.752328 -0.078694 -0.654071
v 0.131564 -0.203087 -2.276888
vt 0.738140 0.717494
vn 0.820051 -0.157939 -0.550066
v 0.186487 -0.234157 -2.185627
vt 0.749950 0.708858
vn 0.800328 -0.132447 -0.584751
v 0.308190 -0.264151 -2.039165
vt 0.767697 0.688380
vn 0.719763 0.053760 -0.692135
v 0.310625 -0.366763 -2.046171
vt 0.780865 0.696422
vn 0.701327 -0.067073 -0.709677
v 0.386761 -0.295329 -1.972428
vt 0.778744 0.677241
vn 0.746115 -0.005564 -0.665794
v 0.211866 -0.420078 -2.129913
vt 0.776989 0.717662
vn 0.698690 -0.156483 -0.698101
v 0.327096 -0.416454 -2.016007
vt 0.790478 0.695903
vn 0.710756 -0.120202 -0.693092
v 0.427073 -0.223753 -1.915176
vt 0.773632 0.663203
vn 0.730008 0.161742 -0.664024
v 0.455207 -0.264869 -1.887746
vt 0.781949 0.660243
vn 0.773518 0.039992 -0.632511
v 0.496031 -0.209653 -1.824769
vt 0.778073 0.646250
vn 0.780417 0.128824 -0.611844
v 0.185525 -0.500157 -2.127606
vt 0.786007 0.727443
vn 0.706170 -0.165132 -0.688516
v 0.519103 -0.480030 -1.806055
vt 0.821988 0.657328
vn 0.746447 0.038159 -0.664349
v 0.574539 -0.156051 -1.719152
vt 0.776150 0.624460
vn 0.739367 0.142706 -0.658006
v 0.528973 -0.250554 -1.789051
vt 0.786557 0.641215
vn 0.789723 0.061529 -0.610370
v 0.499620 -0.349003 -1.833143
vt 0.799008 0.654520
vn 0.781793 0.000146 -0.623539
v 0.655931 -0.270143 -1.625157
vt 0.799313 0.609720
vn 0.792601 0.033266 -0.608832
v 0.666377 -0.126954 -1.613279
vt 0.776608 0.602365
vn 0.768438 0.119641 -0.628641
v 0.780774 -0.174528 -1.461519
vt 0.788281 0.573983
vn 0.822033 -0.009512 -0.569360
v 0.863511 -0.132120 -1.338043
vt 0.783764 0.549798
vn 0.818346 0.044494 -0.573001
v 0.864344 -0.277606 -1.312750
vt 0.808286 0.547570
vn 0.765677 0.134039 -0.629104
v 0.994635 -0.083756 -1.144241
vt 0.775799 0.512367
vn 0.670877 0.155156 -0.725156
v 0.981433 -0.168967 -1.180814
vt 0.789899 0.517769
vn 0.701345 0.151323 -0.696575
v 1.073591 -0.227699 -1.123904
vt 0.799786 0.499290
vn 0.671414 0.116993 -0.731789
v 1.030204 -0.405367 -1.202091
vt 0.832563 0.513573
vn 0.664184 0.347179 -0.662062
v 0.768661 -0.378315 -1.485189
vt 0.822232 0.582467
vn 0.769147 0.184639 -0.611818
v 0.935418 -0.461194 -1.347186
vt 0.843595 0.545647
vn 0.659318 0.341421 -0.669874
v 1.116018 -0.317610 -1.073403
vt 0.814389 0.486976
vn 0.699136 0.137348 -0.701673
v 1.146011 -0.187875 -1.053322
vt 0.791852 0.482704
vn 0.702061 0.101258 -0.704881
v 1.206510 -0.348501 -1.003590
vt 0.818936 0.465858
vn 0.729049 0.210918 -0.651153
v 1.076091 -0.495708 -1.221488
vt 0.851667 0.510018
vn 0.677422 0.396349 -0.619683
v 0.846912 -0.468585 -1.427253
vt 0.841459 0.567819
vn 0.678994 0.195313 -0.707686
v 0.634845 -0.586121 -1.691210
vt 0.850950 0.636149
vn 0.769108 0.141499 -0.623258
v 0.780710 -0.541955 -1.526718
vt 0.852155 0.592706
vn 0.691664 0.239796 -0.681248
v 0.887224 -0.640441 -1.455025
vt 0.876158 0.571221
vn 0.622390 0.321563 -0.713602
v 1.074296 -0.615900 -1.301385
vt 0.877562 0.521721
vn 0.664142 0.325774 -0.672894
v 0.709893 -0.584650 -1.610203
vt 0.856031 0.615564
vn 0.684790 0.136192 -0.715901
v 0.785068 -0.680409 -1.571066
vt 0.879423 0.603830
vn 0.557941 0.157356 -0.814825
v 0.700920 -0.686257 -1.615928
vt 0.875425 0.622950
vn 0.679870 0.058455 -0.730999
v 0.911513 -0.748828 -1.492367
vt 0.899977 0.576150
vn 0.652224 0.260790 -0.711753
v 0.869536 -0.813050 -1.555685
vt 0.910369 0.593606
vn 0.469453 -0.060298 -0.880896
v 0.781222 -0.798950 -1.573288
vt 0.903609 0.611429
vn 0.448925 -0.031019 -0.893031
v 0.608377 -0.690275 -1.772730
vt 0.865156 0.657725
vn 0.766510 0.193796 -0.612295
v 0.529613 -0.577439 -1.805286
vt 0.838880 0.662913
vn 0.691754 0.144202 -0.707589
v 0.599725 -0.805193 -1.807166
vt 0.884291 0.672465
vn 0.808884 -0.035272 -0.586910
v 0.489238 -0.840640 -1.930557
vt 0.876524 0.705470
vn 0.628435 -0.002833 -0.777857
v 0.372983 -0.512069 -1.963028
vt 0.810193 0.693507
vn 0.693230 -0.054373 -0.718662
v 0.445081 -0.649338 -1.880739
vt 0.841154 0.688121
vn 0.598589 0.145238 -0.787780
v 0.315304 -0.654361 -1.998148
vt 0.826062 0.716533
vn 0.661938 0.025189 -0.749135
v 0.307741 -0.774948 -2.026603
vt 0.843214 0.733013
vn 0.577481 0.182208 -0.795811
v 0.078370 -0.672803 -2.204511
vt 0.793500 0.762722
vn 0.699177 -0.028018 -0.714399
v 0.366189 -0.842291 -2.015922
vt 0.860655 0.731563
vn 0.515975 -0.021091 -0.856344
v 0.126244 -0.541884 -2.192035
vt 0.781537 0.742489
vn 0.758059 -0.196947 -0.621738
v 0.047096 -0.550171 -2.273897
vt 0.770016 0.756741
vn 0.735038 -0.221258 -0.640908
v 0.413230 -0.887067 -1.967215
vt 0.876524 0.725734
vn 0.541314 -0.306811 -0.782845
v 0.538073 -0.947306 -1.848866
vt 0.905806 0.699184
vn 0.773440 -0.220587 -0.594249
v 0.263008 -0.858902 -2.066765
vt 0.849973 0.753231
vn 0.545893 -0.116576 -0.829705
v 0.604596 -0.942821 -1.721887
vt 0.918776 0.669718
vn 0.789599 -0.235776 -0.566519
v 0.166812 -0.819831 -2.148541
vt 0.826093 0.768063
vn 0.610035 -0.267895 -0.745714
v 0.163864 -0.874760 -2.087871
vt 0.842420 0.774670
vn 0.337668 -0.758012 -0.558030
v 0.687782 -0.830882 -1.654210
vt 0.902281 0.639414
vn 0.745358 -0.011657 -0.666562
v 0.704766 -0.921976 -1.638316
vt 0.923033 0.640452
vn 0.644667 -0.160730 -0.747376
v 0.667531 -0.958536 -1.652415
vt 0.928969 0.650996
vn 0.625014 -0.372700 -0.685895
v 0.811087 -0.962626 -1.535263
vt 0.941360 0.611261
vn 0.638909 -0.303534 -0.706868
v 0.868895 -0.914119 -1.516122
vt 0.933898 0.595178
vn 0.555207 -0.561661 -0.613419
v 0.864729 -0.932775 -1.426741
vt 0.952560 0.584863
vn 0.435600 -0.872603 -0.220944
v 0.925228 -0.892054 -1.484505
vt 0.931807 0.579416
vn 0.605499 -0.572447 -0.552878
v 0.900426 -0.938301 -1.364618
vt 0.960723 0.570031
vn 0.265823 -0.862355 -0.430907
v 0.950222 -0.850399 -1.470833
vt 0.923934 0.570916
vn 0.710843 -0.117198 -0.693518
v 0.993674 -0.897148 -1.390851
vt 0.941222 0.552651
vn 0.330094 -0.604241 -0.725211
v 0.976691 -0.954769 -1.335736
vt 0.961578 0.550607
vn -0.016304 -0.708077 -0.705947
v 1.049110 -0.834972 -1.386322
vt 0.925048 0.539834
vn 0.605569 -0.003312 -0.795786
v 1.081603 -0.953405 -1.357013
vt 0.951431 0.529107
vn 0.241511 -0.487798 -0.838883
v 1.123516 -0.979489 -1.325225
vt 0.957382 0.517037
vn 0.600148 -0.211141 -0.771519
v 1.153701 -0.820046 -1.295745
vt 0.921462 0.509117
vn 0.660290 0.123668 -0.740759
v 1.272200 -0.849144 -1.184745
vt 0.925704 0.473945
vn 0.792838 -0.022319 -0.609024
v 1.200101 -0.692033 -1.207133
vt 0.892805 0.489967
vn 0.675274 0.425471 -0.602478
v 1.215931 -1.006361 -1.204826
vt 0.961578 0.481788
vn 0.774539 -0.201732 -0.599495
v 1.270918 -0.751232 -1.173636
vt 0.905333 0.474586
vn 0.780580 0.288302 -0.554596
v 1.243488 -0.662111 -1.111257
vt 0.883421 0.469779
vn 0.751359 0.404980 -0.521010
v 1.343401 -0.750156 -1.018202
vt 0.898802 0.439902
vn 0.813360 0.324821 -0.482635
v 1.307127 -0.889901 -1.120657
vt 0.932403 0.457450
vn 0.805440 -0.109309 -0.582511
v 1.289439 -1.001805 -1.102370
vt 0.957702 0.453391
vn 0.724898 -0.271172 -0.633237
v 1.354040 -0.949817 -1.067336
vt 0.942870 0.440269
vn 0.767246 -0.169396 -0.618577
v 1.382046 -0.988422 -1.001368
vt 0.949645 0.423774
vn 0.841364 -0.231740 -0.488266
v 1.430497 -0.898619 -0.941211
vt 0.926925 0.410468
vn 0.879007 -0.002807 -0.476801
v 1.475551 -0.950571 -0.834910
vt 0.933440 0.383017
vn 0.938113 -0.163163 -0.305486
v 1.393070 -0.825428 -0.986414
vt 0.913619 0.425666
vn 0.830754 0.192696 -0.522223
v 1.534447 -0.763574 -0.703915
vt 0.883558 0.361288
vn 0.819439 0.274370 -0.503231
v 1.445558 -0.715821 -0.836448
vt 0.882124 0.398047
vn 0.796619 0.372260 -0.476257
v 1.379419 -0.614895 -0.834056
vt 0.860380 0.410239
vn 0.802608 0.361765 -0.474285
v 1.423575 -0.555912 -0.720321
vt 0.842847 0.390036
vn 0.836338 0.306854 -0.454291
v 1.258549 -0.504212 -1.011366
vt 0.848310 0.456779
vn 0.813185 0.214861 -0.540892
v 1.213944 -0.522976 -1.077333
vt 0.854505 0.471534
vn 0.731337 0.295945 -0.614462
v 1.309691 -0.425603 -0.917199
vt 0.829435 0.439017
vn 0.836598 0.195501 -0.511746
v 1.327379 -0.319439 -0.830979
vt 0.806149 0.428840
vn 0.880128 0.155384 -0.448587
v 1.363653 -0.410857 -0.766294
vt 0.818494 0.410956
vn 0.900148 0.167495 -0.402093
v 1.411399 -0.357973 -0.656575
vt 0.802533 0.392615
vn 0.887128 0.134901 -0.441368
v 1.259254 -0.140480 -0.907885
vt 0.779568 0.452964
vn 0.838121 0.173262 -0.517237
v 1.344042 -0.133160 -0.706478
vt 0.767971 0.418112
vn 0.887548 0.216774 -0.406532
v 1.444917 -0.279292 -0.585993
vt 0.784283 0.384085
vn 0.887893 0.137825 -0.438919
v 1.162289 0.054518 -0.971887
vt 0.750439 0.475837
vn 0.773752 0.199053 -0.601403
v 1.345004 -0.023409 -0.638032
vt 0.746944 0.414084
vn 0.882709 0.213814 -0.418460
v 1.168185 0.198963 -0.924462
vt 0.727169 0.473808
vn 0.852562 0.071172 -0.517757
v 1.406848 -0.029437 -0.508062
vt 0.739986 0.391699
vn 0.896382 0.190684 -0.400173
v 1.482985 -0.300891 -0.505328
vt 0.782223 0.367788
vn 0.857106 0.176449 -0.483977
v 1.180234 0.276424 -0.891308
vt 0.714900 0.471214
vn 0.895082 0.128531 -0.426976
v 1.241694 0.247434 -0.747580
vt 0.713359 0.448066
vn 0.898475 0.133576 -0.418211
v 1.265663 0.119457 -0.728951
vt 0.730739 0.438773
vn 0.883549 0.167433 -0.437387
v 1.306743 0.220059 -0.627009
vt 0.711147 0.427527
vn 0.886528 0.149832 -0.437742
v 1.372818 0.044795 -0.560358
vt 0.732235 0.405386
vn 0.899163 0.166363 -0.404757
v 1.235285 0.449141 -0.685628
vt 0.683177 0.449439
vn 0.890195 0.176967 -0.419805
v 1.202985 0.571413 -0.698873
vt 0.668406 0.457862
vn 0.888352 0.242349 -0.389998
v 1.314626 0.480714 -0.495415
vt 0.669413 0.424567
vn 0.902048 0.287525 -0.321930
v 1.401721 0.131333 -0.436113
vt 0.711864 0.392431
vn 0.883893 0.170608 -0.435462
v 1.382623 0.293860 -0.450127
vt 0.690578 0.405051
vn 0.903497 0.183467 -0.387340
v 1.461580 0.203412 -0.299905
vt 0.692180 0.376379
vn 0.866600 0.246278 -0.433996
v 1.377817 0.456998 -0.315627
vt 0.660990 0.399603
vn 0.877838 0.292253 -0.379458
v 1.482344 0.031412 -0.350577
vt 0.719753 0.369284
vn 0.800370 0.239848 -0.549437
v 1.451069 -0.103884 -0.427055
vt 0.745296 0.372839
vn 0.837533 0.221277 -0.499575
v 1.530794 0.050607 -0.273500
vt 0.710781 0.357214
vn 0.804796 0.301327 -0.511375
v 1.591422 -0.195983 -0.322036
vt 0.750088 0.339696
vn 0.787316 0.241263 -0.567385
v 1.532268 -0.241118 -0.402787
vt 0.764172 0.352972
vn 0.749328 0.268019 -0.605536
v 1.595651 -0.394030 -0.374759
vt 0.786389 0.331487
vn 0.829178 0.128252 -0.544073
v 1.480742 -0.430088 -0.526092
vt 0.805737 0.362448
vn 0.830561 0.217666 -0.512631
v 1.503172 -0.523801 -0.567023
vt 0.825589 0.359945
vn 0.773855 0.388304 -0.500369
v 1.586487 -0.474038 -0.407316
vt 0.803220 0.330892
vn 0.836629 0.217347 -0.502804
v 1.685438 -0.318722 -0.211036
vt 0.757946 0.306645
vn 0.840705 0.104251 -0.531364
v 1.562133 -0.658200 -0.575739
vt 0.851728 0.345312
vn 0.821849 0.350536 -0.449097
v 1.621351 -0.125303 -0.225477
vt 0.731044 0.330587
vn 0.821753 0.272884 -0.500257
v 1.727608 -0.482254 -0.137463
vt 0.777295 0.277256
vn 0.888053 0.020252 -0.459295
v 1.760678 -0.292244 -0.099438
vt 0.741741 0.287755
vn 0.855985 0.139393 -0.497854
v 1.656150 -0.050210 -0.131225
vt 0.711589 0.322454
vn 0.835264 0.310803 -0.453581
v 1.677107 -0.624690 -0.298196
vt 0.818814 0.292470
vn 0.887063 0.250716 -0.387634
v 1.679671 -0.862992 -0.497979
vt 0.883452 0.303899
vn 0.878618 0.046671 -0.475239
v 1.613468 0.049136 -0.136096
vt 0.698863 0.334524
vn 0.822478 0.333880 -0.460494
v 1.615519 -0.851476 -0.633247
vt 0.893584 0.334310
vn 0.807606 -0.228645 -0.543593
v 1.518233 -0.861486 -0.742367
vt 0.907851 0.365011
vn 0.888584 -0.247464 -0.386238
v 1.460682 -0.971488 -0.678621
vt 0.936614 0.348821
vn 0.865451 -0.495522 -0.073839
v 1.496764 -0.942211 -0.557538
vt 0.927901 0.321920
vn 0.435207 -0.828050 -0.353452
v 1.549764 -0.896467 -0.621882
vt 0.910719 0.334051
vn 0.386542 -0.834073 -0.393584
v 1.669288 -0.971237 -0.400651
vt 0.901793 0.275990
vn 0.461236 -0.776556 -0.429212
v 1.660380 -0.901956 -0.505584
vt 0.893233 0.303288
vn 0.659620 -0.543190 -0.519467
v 1.730749 -0.934820 -0.396549
vt 0.886137 0.275547
vn 0.757356 -0.519226 -0.396001
v 1.746450 -0.966859 -0.267690
vt 0.882734 0.246555
vn 0.866732 -0.335057 -0.369475
v 1.750808 -0.894888 -0.374930
vt 0.876249 0.274647
vn 0.966501 -0.077560 -0.244665
v 1.740490 -0.811184 -0.331521
vt 0.856687 0.275059
vn 0.928934 0.273376 -0.249692
v 1.752923 -0.889722 -0.318191
vt 0.870649 0.264134
vn 0.990770 -0.026450 -0.132947
v 1.766894 -0.927142 -0.251283
vt 0.871412 0.246159
vn 0.923835 -0.052124 -0.379225
v 1.790415 -0.985660 -0.187110
vt 0.876341 0.225101
vn 0.845924 -0.201475 -0.493782
v 1.837135 -0.945763 -0.122253
vt 0.858885 0.212848
vn 0.886538 0.153380 -0.436492
v 1.718508 -0.684104 -0.223512
vt 0.821408 0.271015
vn 0.955739 0.196327 -0.219133
v 1.753820 -0.823096 -0.213514
vt 0.845914 0.251514
vn 0.927589 0.257828 -0.270377
v 1.827009 -0.765870 -0.043638
vt 0.813993 0.222156
vn 0.830905 0.297813 -0.470005
v 1.856169 -0.885524 -0.031761
vt 0.834852 0.202335
vn 0.887655 0.174120 -0.426322
v 1.733568 -0.714888 -0.152417
vt 0.818723 0.254810
vn 0.914003 0.235663 -0.330245
v 1.893981 -0.827401 0.031643
vt 0.813321 0.194476
vn 0.758474 0.256784 -0.598981
v 1.770227 -0.626161 -0.044407
vt 0.790784 0.244587
vn 0.866070 0.106092 -0.488536
v 1.819575 -0.394209 0.012161
vt 0.744518 0.257984
vn 0.874013 0.015067 -0.485668
v 1.857130 -0.691136 0.074369
vt 0.784802 0.212009
vn 0.712892 0.217526 -0.666684
v 1.962875 -0.765655 0.119999
vt 0.785443 0.182177
vn 0.653649 0.143992 -0.742973
v 1.896672 -0.534349 0.126152
vt 0.750561 0.219852
vn 0.760208 0.146486 -0.632950
v 1.964605 -0.825894 0.119914
vt 0.796094 0.172717
vn 0.762772 -0.030844 -0.645931
v 2.079130 -0.719337 0.230829
vt 0.754849 0.163912
vn 0.813877 -0.106165 -0.571256
v 2.023053 -0.794286 0.201348
vt 0.775418 0.160388
vn 0.798071 -0.464292 -0.384078
v 2.025809 -0.621999 0.205364
vt 0.747478 0.184985
vn 0.657232 0.300608 -0.691144
v 2.112584 -0.727409 0.309443
vt 0.744686 0.150759
vn 0.878567 -0.418716 -0.229778
v 2.117134 -0.731643 0.370540
vt 0.737743 0.139208
vn 0.949100 -0.309796 0.056892
v 2.138604 -0.613245 0.346785
vt 0.723537 0.160266
vn 0.972896 0.078694 -0.217440
v 2.110918 -0.562011 0.322004
vt 0.721492 0.171588
vn 0.755794 0.433733 -0.490562
v 2.014914 -0.513612 0.280817
vt 0.723018 0.192782
vn 0.666737 0.474056 -0.575093
v 1.894429 -0.428832 0.153838
vt 0.731197 0.229435
vn 0.864944 0.203736 -0.458653
v 1.830469 -0.297339 0.047025
vt 0.725963 0.263142
vn 0.902352 0.187963 -0.387854
v 1.959350 -0.380863 0.316023
vt 0.702052 0.211154
vn 0.816385 0.302324 -0.492053
v 2.104637 -0.519639 0.370882
vt 0.709560 0.172915
vn 0.776538 0.474307 -0.414756
v 2.007673 -0.362852 0.399166
vt 0.688029 0.200092
vn 0.783878 0.384668 -0.487407
v 1.863026 -0.210729 0.203057
vt 0.695735 0.251331
vn 0.885103 0.244667 -0.395892
v 1.770996 -0.175102 0.004385
vt 0.714336 0.285649
vn 0.854545 0.304976 -0.420408
v 1.684093 0.030982 -0.001340
vt 0.687922 0.312627
vn 0.851417 0.282066 -0.442186
v 1.778558 -0.033563 0.116069
vt 0.683589 0.286076
vn 0.860451 0.285519 -0.422022
v 1.719277 0.136033 0.121110
vt 0.662928 0.305959
vn 0.852269 0.290681 -0.434904
v 1.879561 -0.082321 0.324653
vt 0.664912 0.251057
vn 0.861892 0.357683 -0.359450
v 1.808615 0.045441 0.240057
vt 0.660121 0.278706
vn 0.899650 0.304851 -0.312565
v 1.661213 0.204129 0.059842
vt 0.661036 0.322545
vn 0.802461 0.355261 -0.479422
v 1.549444 0.247936 -0.094054
vt 0.669856 0.350240
vn 0.834683 0.346873 -0.427766
v 1.473884 0.364110 -0.174463
vt 0.662226 0.372290
vn 0.882503 0.266287 -0.387660
v 1.588666 0.305844 0.040018
vt 0.651255 0.338323
vn 0.789521 0.384039 -0.478718
v 1.512914 0.437660 -0.003135
vt 0.640208 0.357580
vn 0.863816 0.283420 -0.416526
v 1.708702 0.353633 0.232879
vt 0.628031 0.315312
vn 0.840631 0.298097 -0.452192
v 1.623530 0.380506 0.137260
vt 0.634272 0.332509
vn 0.771441 0.306093 -0.557840
v 1.487663 0.569978 0.025320
vt 0.623667 0.365545
vn 0.863823 0.242868 -0.441389
v 1.432484 0.515802 -0.182495
vt 0.644938 0.385733
vn 0.881636 0.262947 -0.391889
v 1.318279 0.634236 -0.307424
vt 0.639445 0.412406
vn 0.848741 0.314660 -0.425003
v 1.544253 0.689775 0.161785
vt 0.600656 0.357656
vn 0.791539 0.390812 -0.469822
v 1.276558 0.603524 -0.415690
vt 0.649439 0.424262
vn 0.916707 0.303794 -0.259533
v 1.237464 0.706458 -0.459697
vt 0.640299 0.436286
vn 0.918556 0.293446 -0.264847
v 1.435303 0.614575 -0.079271
vt 0.626459 0.381643
vn 0.895968 0.289861 -0.336484
v 1.276814 0.750696 -0.289821
vt 0.625147 0.419516
vn 0.869242 0.346152 -0.352983
v 1.379996 0.687228 -0.172071
vt 0.625055 0.398230
vn 0.838444 0.356111 -0.412548
v 1.329687 0.791848 -0.161731
vt 0.612909 0.406302
vn 0.821772 0.401222 -0.404613
v 1.402875 0.750266 -0.040733
vt 0.609400 0.388403
vn 0.843317 0.381277 -0.378742
v 1.465168 0.704987 0.044461
vt 0.607919 0.374014
vn 0.829128 0.367996 -0.420863
v 1.466130 0.756688 0.118461
vt 0.597116 0.370977
vn 0.800894 0.431625 -0.415054
v 1.426395 0.939128 0.173150
vt 0.575875 0.379934
vn 0.799559 0.411488 -0.437474
v 1.282582 1.036070 0.025320
vt 0.575906 0.406119
vn 0.825402 0.414496 -0.383281
v 1.534704 0.792064 0.261164
vt 0.583032 0.357183
vn 0.805251 0.374989 -0.459298
v 1.626606 0.687443 0.337898
vt 0.586496 0.337865
vn 0.867669 0.350727 -0.352335
v 1.600586 0.857900 0.415316
vt 0.565454 0.345937
vn 0.872518 0.367833 -0.321576
v 1.636155 0.543321 0.224420
vt 0.609781 0.335882
vn 0.835705 0.300934 -0.459387
v 1.711330 0.542244 0.417709
vt 0.592798 0.315206
vn 0.923519 0.359037 -0.134924
v 1.644807 0.715607 0.436337
vt 0.575494 0.331167
vn 0.957237 0.286692 0.038794
v 1.433893 1.109692 0.385665
vt 0.546395 0.372641
vn 0.666756 0.690657 -0.280051
v 1.777533 0.364504 0.396432
vt 0.610834 0.298283
vn 0.960418 0.278564 -0.000129
v 1.607764 0.872969 0.474448
vt 0.559533 0.342382
vn 0.929417 0.359195 0.084636
v 1.512337 1.044717 0.470603
vt 0.546029 0.358740
vn 0.819438 0.573121 0.007304
v 1.375125 1.049704 0.201177
vt 0.563424 0.387076
vn 0.774380 0.500870 -0.386606
v 1.444532 1.119738 0.480173
vt 0.538598 0.366201
vn 0.537322 0.834622 0.121206
v 1.329879 1.153607 0.298591
vt 0.546548 0.388128
vn 0.413653 0.904873 -0.100483
v 1.508556 0.985303 0.576049
vt 0.539635 0.346990
vn 0.840086 0.534086 -0.094910
v 1.276365 1.160711 0.119658
vt 0.558160 0.405463
vn 0.688939 0.671091 -0.273860
v 1.198947 1.188624 0.000967
vt 0.562509 0.421073
vn 0.701569 0.680622 -0.211081
v 1.197858 1.199208 0.102396
vt 0.553353 0.414130
vn 0.239023 0.968484 0.070044
v 1.302193 1.147257 0.401730
vt 0.535698 0.383322
vn -0.062137 0.973932 0.218165
v 1.199268 1.163330 0.303547
vt 0.536782 0.398795
vn -0.076052 0.966053 0.246898
v 1.395569 1.120635 0.557848
vt 0.528710 0.364141
vn 0.218440 0.959928 0.175563
v 1.221314 1.116294 0.417453
vt 0.528115 0.388617
vn -0.132943 0.940922 0.311436
v 1.101470 1.174596 0.194341
vt 0.538399 0.414710
vn 0.037026 0.960895 0.274427
v 1.143896 1.115325 0.417282
vt 0.522881 0.394858
vn 0.048500 0.976766 0.208746
v 1.238682 1.087986 0.561608
vt 0.517693 0.377523
vn -0.018232 0.996923 0.076239
v 1.418064 1.114895 0.605444
vt 0.525765 0.358999
vn 0.313562 0.936198 -0.158783
v 1.534255 1.087842 0.721229
vt 0.521767 0.342138
vn 0.631710 0.738100 -0.236962
v 1.475102 1.116043 0.808645
vt 0.511315 0.342763
vn 0.213778 0.974530 -0.067749
v 1.098970 1.108723 0.656116
vt 0.500801 0.382391
vn 0.094178 0.995188 -0.027058
v 1.153381 1.119164 0.904264
vt 0.484840 0.361685
vn -0.026875 0.998636 -0.044762
v 1.014374 1.123577 0.808816
vt 0.482979 0.378775
vn 0.071205 0.997380 0.012786
v 0.994891 1.151634 0.342256
vt 0.518776 0.412497
vn 0.134970 0.972612 0.189230
v 0.978293 1.106750 1.003985
vt 0.465507 0.368154
vn -0.043397 0.996751 0.067858
v 0.979254 1.178542 0.213055
vt 0.528069 0.423026
vn 0.220739 0.913163 0.342649
v 1.384674 1.131040 0.928276
vt 0.496941 0.342809
vn 0.024621 0.999395 -0.024559
v 1.026230 1.235373 0.086588
vt 0.542046 0.430030
vn 0.193764 0.924639 0.327869
v 1.487663 1.123756 0.944597
vt 0.501518 0.334615
vn 0.284026 0.958654 0.017664
v 1.576169 1.067571 0.853763
vt 0.513771 0.331502
vn 0.753555 0.644388 -0.130072
v 1.562838 1.077689 1.066278
vt 0.497612 0.322484
vn 0.652087 0.729581 0.206142
v 1.611289 1.021899 1.029193
vt 0.503471 0.318883
vn 0.917626 0.344053 0.198973
v 1.614301 1.028393 0.932121
vt 0.510460 0.323568
vn 0.900625 0.429063 -0.069137
v 1.565338 1.004426 0.673804
vt 0.530938 0.338323
vn 0.844551 0.400260 -0.355705
v 1.603086 0.929692 0.800271
vt 0.526070 0.323522
vn 0.965654 0.207277 -0.156677
v 1.645191 0.845199 0.925370
vt 0.519982 0.308171
vn 0.995392 0.072459 -0.062804
v 1.602381 0.904254 0.696534
vt 0.536217 0.328176
vn 0.959744 0.212727 -0.183408
v 1.582385 0.819582 0.582372
vt 0.552453 0.330251
vn 0.975276 0.220898 0.006387
v 1.620261 0.773909 0.720546
vt 0.543297 0.315023
vn 0.995854 0.059845 -0.068504
v 1.624619 0.818111 0.829153
vt 0.530480 0.311681
vn 0.989041 0.009071 -0.147363
v 1.611802 0.734910 0.831119
vt 0.535760 0.303944
vn 0.987335 0.060001 -0.146868
v 1.612314 0.688878 0.761904
vt 0.545235 0.304234
vn 0.989948 0.137973 -0.031088
v 1.631156 0.621499 0.634753
vt 0.562478 0.306783
vn 0.976016 0.216464 -0.023161
v 1.600266 0.704413 0.543920
vt 0.564538 0.322072
vn 0.960183 0.215610 0.177655
v 1.637501 0.604923 0.557250
vt 0.571557 0.311009
vn 0.929260 0.294762 0.222690
v 1.680952 0.610664 0.457187
vt 0.582757 0.319005
vn 0.898741 0.342765 0.273451
v 1.660060 0.472856 0.594164
vt 0.578103 0.294591
vn 0.961477 0.250381 0.113449
v 1.730492 0.486598 0.453342
vt 0.594232 0.306493
vn 0.920104 0.269429 0.284283
v 1.702037 0.382192 0.528197
vt 0.592737 0.289845
vn 0.894228 0.175071 0.411954
v 1.659611 0.510959 0.673633
vt 0.567086 0.292378
vn 0.949103 0.297761 -0.102676
v 1.716008 0.258485 0.567931
vt 0.597681 0.273915
vn 0.917216 0.391888 0.071677
v 1.804001 0.248798 0.411898
vt 0.619577 0.284291
vn 0.971214 0.211086 0.110393
v 1.676787 0.497684 0.781899
vt 0.557031 0.282780
vn 0.897757 0.374691 -0.231603
v 1.697807 0.420546 0.694654
vt 0.571969 0.280400
vn 0.903498 0.368496 -0.218865
v 1.759780 0.227235 0.655774
vt 0.591669 0.261860
vn 0.769292 0.565601 -0.297129
v 1.806372 0.212238 0.754982
vt 0.582422 0.249851
vn 0.668821 0.686845 -0.284468
v 1.902761 0.196846 0.846841
vt 0.575189 0.233219
vn 0.712354 0.697842 -0.074620
v 1.903914 0.159641 0.742507
vt 0.590326 0.236683
vn 0.662448 0.689148 -0.293663
v 1.789133 0.157452 0.554857
vt 0.609216 0.261677
vn 0.720204 0.690677 -0.065352
v 1.813486 0.158457 0.438388
vt 0.624887 0.271031
vn 0.948936 0.312493 0.043225
v 1.868986 0.089463 0.566735
vt 0.616495 0.247822
vn 0.743027 0.602906 -0.290542
v 1.950314 0.122399 0.809158
vt 0.585748 0.224704
vn 0.935245 0.335302 0.113536
v 1.964541 0.076367 0.757545
vt 0.595987 0.222583
vn 0.831052 0.516204 -0.207090
v 1.925704 0.001669 0.841116
vt 0.586450 0.205737
vn 0.836621 -0.026882 0.547123
v 2.017414 -0.041169 0.729176
vt 0.609400 0.208225
vn 0.923943 0.129592 0.359911
v 1.889622 0.010603 0.913749
vt 0.574105 0.203189
vn 0.873493 -0.099240 0.476615
v 1.843672 -0.151494 0.962114
vt 0.571984 0.175174
vn 0.799486 -0.068231 0.596797
v 1.985242 -0.150274 0.774038
vt 0.608911 0.188876
vn 0.824481 0.026906 0.565249
v 1.782083 -0.088672 1.052948
vt 0.551507 0.180423
vn 0.782459 -0.125386 0.609947
v 2.003379 0.017563 0.716872
vt 0.606622 0.217029
vn 0.881054 0.472964 0.007070
v 1.702742 -0.061297 1.163350
vt 0.528954 0.180041
vn 0.748270 -0.090887 0.657139
v 1.664546 -0.209653 1.174971
vt 0.528008 0.154055
vn 0.760013 -0.044393 0.648391
v 1.543292 -0.090143 1.319981
vt 0.494041 0.170626
vn 0.745119 -0.102098 0.659070
v 1.460234 -0.124837 1.411157
vt 0.473991 0.163058
vn 0.724280 -0.065907 0.686349
v 1.781763 -0.259308 1.024408
vt 0.562707 0.152972
vn 0.783903 -0.002338 0.620878
v 1.317894 -0.128209 1.549501
vt 0.440543 0.163317
vn 0.669597 -0.018286 0.742499
v 1.288734 -0.227053 1.584023
vt 0.432044 0.146746
vn 0.706658 0.071980 0.703885
v 1.359808 -0.315170 1.508997
vt 0.450065 0.130526
vn 0.755221 0.104475 0.647090
v 1.480037 -0.285929 1.380822
vt 0.481682 0.135531
vn 0.727001 -0.000525 0.686637
v 1.430241 -0.418248 1.446277
vt 0.467277 0.110948
vn 0.752195 0.157373 0.639872
v 1.595779 -0.346599 1.257944
vt 0.512734 0.126970
vn 0.742332 0.062900 0.667074
v 1.513362 -0.390586 1.350145
vt 0.490822 0.117021
vn 0.727463 0.115765 0.676310
v 1.514580 -0.552647 1.396887
vt 0.485908 0.084901
vn 0.748108 0.165578 0.642588
v 1.581552 -0.469589 1.299815
vt 0.507729 0.102968
vn 0.757487 0.132383 0.639287
v 1.678966 -0.418248 1.171382
vt 0.536812 0.117006
vn 0.765352 0.051479 0.641550
v 1.575143 -0.602984 1.333312
vt 0.504280 0.075685
vn 0.776376 0.109359 0.620710
v 1.695436 -0.541597 1.155318
vt 0.545571 0.094133
vn 0.782766 0.088797 0.615948
v 1.577514 -0.785101 1.341515
vt 0.506966 0.036713
vn 0.758398 -0.175098 0.627832
v 1.554699 -0.883299 1.297764
vt 0.514427 0.012390
vn 0.726989 -0.438294 0.528569
v 1.644486 -0.699532 1.272043
vt 0.525399 0.057908
vn 0.767165 0.068992 0.637728
v 1.632181 -0.792887 1.284177
vt 0.524575 0.037644
vn 0.739519 -0.258300 0.621605
v 1.702678 -0.824603 1.162325
vt 0.555962 0.034821
vn 0.792306 -0.332394 0.511630
v 1.681273 -0.884591 1.139424
vt 0.560265 0.020142
vn 0.730131 -0.455095 0.509703
v 1.777212 -0.862095 1.002618
vt 0.596948 0.033494
vn 0.880692 -0.220197 0.419399
v 1.757986 -0.696446 1.117976
vt 0.565209 0.064805
vn 0.875223 -0.002023 0.483715
v 1.834699 -0.789586 0.898966
vt 0.619883 0.056367
vn 0.845903 -0.067797 0.529010
v 1.765036 -0.371283 1.071405
vt 0.559167 0.130816
vn 0.768717 0.108478 0.630323
v 1.767022 -0.607863 1.074567
vt 0.569879 0.085054
vn 0.859608 0.033212 0.509874
v 1.812781 -0.638719 0.954082
vt 0.597650 0.085191
vn 0.881926 -0.127128 0.453923
v 1.868409 -0.671798 0.872391
vt 0.620279 0.084947
vn 0.717873 -0.110795 0.687302
v 1.944738 -0.754102 0.802749
vt 0.648722 0.076844
vn 0.774092 -0.092313 0.626306
v 1.860911 -0.544826 0.918535
vt 0.602655 0.107683
vn 0.768392 -0.184909 0.612685
v 1.817908 -0.507799 1.014239
vt 0.580179 0.109117
vn 0.839175 -0.037799 0.542546
v 1.964349 -0.624762 0.802065
vt 0.638987 0.104677
vn 0.760531 -0.109119 0.640067
v 1.856745 -0.430590 0.944939
vt 0.590829 0.127932
vn 0.789879 0.025211 0.612744
v 2.035935 -0.721453 0.598095
vt 0.692668 0.105852
vn 0.896746 -0.200500 0.394520
v 1.926473 -0.487744 0.876578
vt 0.612497 0.124437
vn 0.729020 -0.085222 0.679166
v 1.924294 -0.275417 0.851798
vt 0.601297 0.162524
vn 0.766951 0.024002 0.641257
v 2.001392 -0.386890 0.773867
vt 0.627665 0.151522
vn 0.820701 0.068085 0.567287
v 2.021451 -0.474110 0.762502
vt 0.638025 0.138033
vn 0.860042 -0.026207 0.509549
v 2.065160 -0.490363 0.660218
vt 0.658610 0.144579
vn 0.908923 -0.096078 0.405743
v 2.004789 -0.277426 0.762502
vt 0.621149 0.170459
vn 0.808848 0.045995 0.586216
v 2.056828 -0.268851 0.676368
vt 0.636545 0.179629
vn 0.911235 0.146827 0.384827
v 2.060096 -0.235449 0.628344
vt 0.640803 0.189105
vn 0.974949 0.217113 0.048342
v 2.096562 -0.348034 0.589037
vt 0.658335 0.175174
vn 0.976726 0.177136 0.120949
v 2.104573 -0.545615 0.544774
vt 0.684947 0.147845
vn 0.943292 -0.117606 0.310433
v 2.126940 -0.658344 0.414889
vt 0.719448 0.144991
vn 0.963530 -0.164117 0.211365
v 2.067403 -0.758013 0.512388
vt 0.714443 0.112154
vn 0.910996 -0.181900 0.370132
v 2.126747 -0.522151 0.439841
vt 0.699382 0.163424
vn 0.989642 0.141659 -0.023286
v 2.107457 -0.441568 0.455649
vt 0.688045 0.174624
vn 0.861896 0.399136 -0.312771
v 2.049906 -0.272044 0.562206
vt 0.654414 0.191470
vn 0.840838 0.367509 -0.397402
v 2.042023 -0.110378 0.615014
vt 0.630457 0.208087
vn 0.932443 0.293053 -0.211354
v 1.972424 -0.159459 0.458127
vt 0.656474 0.222019
vn 0.876372 0.282048 -0.390411
v 1.981268 -0.042066 0.576561
vt 0.628901 0.223606
vn 0.766071 0.508956 -0.392554
v 1.941918 -0.186691 0.362081
vt 0.672099 0.230549
vn 0.861777 0.288893 -0.416990
v 1.818934 0.072313 0.364388
vt 0.642496 0.268193
vn 0.937227 0.292754 -0.189476
v 1.793555 0.182746 0.329011
vt 0.635294 0.285267
vn 0.932522 0.210911 -0.293120
v -1.898549 -0.141054 1.426452
vt 0.145388 0.628367
vn -0.668163 -0.742194 0.052012
v -1.946999 -0.073926 1.547279
vt 0.152087 0.610437
vn -0.816582 -0.387480 0.427846
v -2.002050 -0.060256 1.422094
vt 0.161227 0.623865
vn -0.851448 -0.481945 0.206797
v -1.867915 -0.137286 1.262643
vt 0.151003 0.648768
vn -0.542748 -0.838076 -0.055263
v -1.944628 -0.127958 1.395349
vt 0.152590 0.630213
vn -0.532096 -0.843578 0.072456
v -2.017303 -0.047771 1.293662
vt 0.168414 0.636194
vn -0.866291 -0.491929 -0.086867
v -1.927901 -0.128496 1.293321
vt 0.155917 0.642206
vn -0.430095 -0.901635 -0.045529
v -1.919890 -0.132192 1.145235
vt 0.163363 0.659098
vn -0.621449 -0.766790 -0.160732
v -1.978594 -0.059395 1.167195
vt 0.172259 0.650904
vn -0.850615 -0.460046 -0.254581
v 0.885237 -0.548234 2.152782
vt 0.294987 0.106523
vn 0.613226 0.409862 0.675254
v 0.883635 -0.460584 2.112364
vt 0.304906 0.122316
vn 0.604402 0.438869 0.664900
v 0.815638 -0.529829 2.211743
vt 0.278889 0.115312
vn 0.626412 0.487650 0.608116
v 0.793655 -0.593046 2.307703
vt 0.257908 0.105333
vn 0.681939 0.363910 0.634451
v 0.757830 -0.456781 2.205761
vt 0.277195 0.133303
vn 0.629816 0.381724 0.676476
v 0.868382 -0.407413 2.086814
vt 0.309209 0.132998
vn 0.641700 0.229452 0.731828
v 0.730401 -0.564594 2.351369
vt 0.245762 0.116121
vn 0.629624 0.451243 0.632418
v 0.698421 -0.511172 2.321290
vt 0.250172 0.129122
vn 0.582311 0.573522 0.576183
v 0.652213 -0.527281 2.388967
vt 0.233860 0.130358
vn 0.469208 0.639689 0.608803
v 0.576846 -0.497287 2.399392
vt 0.226200 0.144274
vn 0.509931 0.508357 0.693933
v 0.650611 -0.422410 2.302149
vt 0.253468 0.148791
vn 0.651630 0.319876 0.687792
v 0.441557 -0.468764 2.489030
vt 0.200916 0.163943
vn 0.599303 0.383643 0.702606
v 0.366125 -0.477805 2.567217
vt 0.181003 0.171649
vn 0.500332 0.389963 0.773044
v 0.337478 -0.349218 2.538420
vt 0.193103 0.195087
vn 0.371924 0.285482 0.883274
v 0.503273 -0.407771 2.420498
vt 0.221866 0.166537
vn 0.616517 0.206680 0.759730
v 0.308190 -0.209294 2.509025
vt 0.207248 0.218265
vn 0.362695 0.372869 0.854061
v 0.457899 -0.310039 2.447073
vt 0.221668 0.187274
vn 0.595313 0.206459 0.776516
v 0.556082 -0.257191 2.345387
vt 0.248936 0.184863
vn 0.602721 0.206980 0.770641
v 0.466615 -0.106216 2.349660
vt 0.249607 0.215595
vn 0.543505 0.299156 0.784288
v 0.634653 -0.285858 2.281214
vt 0.263752 0.172702
vn 0.672015 0.095230 0.734388
v 0.685411 -0.362565 2.239856
vt 0.269871 0.155291
vn 0.689333 0.163177 0.705828
v 0.653239 -0.167998 2.260535
vt 0.276112 0.189990
vn 0.627931 0.248069 0.737675
v 0.744308 -0.310613 2.185595
vt 0.286900 0.159121
vn 0.639278 0.086102 0.764140
v 0.786862 -0.402748 2.169103
vt 0.288731 0.140352
vn 0.667659 0.131459 0.732769
v 0.819996 -0.327512 2.123985
vt 0.302770 0.150576
vn 0.653328 0.067524 0.754058
v 0.712777 -0.182206 2.200976
vt 0.289067 0.182818
vn 0.667359 0.194593 0.718864
v 0.624143 -0.046623 2.215759
vt 0.285496 0.210407
vn 0.557297 0.322471 0.765135
v 0.536919 0.133378 2.211572
vt 0.287312 0.242954
vn 0.557124 0.406105 0.724356
v 0.409641 0.082000 2.324794
vt 0.259648 0.246265
vn 0.552605 0.303934 0.776049
v 0.426304 0.311333 2.144920
vt 0.293065 0.276982
vn 0.408231 0.694114 0.592918
v 0.268391 0.062770 2.425711
vt 0.235111 0.256764
vn 0.237795 0.371623 0.897413
v 0.299794 -0.024701 2.446134
vt 0.229175 0.243290
vn 0.418410 0.288232 0.861310
v -1.597656 -0.019499 -2.089922
vt 0.562661 0.822934
vn -0.630678 0.447572 -0.633975
v -1.637006 -0.132335 -2.103680
vt 0.564767 0.834485
vn -0.666424 0.029240 -0.745000
v -1.685713 -0.066535 -1.987381
vt 0.550805 0.830854
vn -0.797410 0.305532 -0.520373
v -1.649311 -0.089569 -2.088042
vt 0.561486 0.831250
vn -0.685222 0.291863 -0.667297
v -1.781844 -0.077334 -1.883046
vt 0.537408 0.836164
vn -0.791843 0.375546 -0.481611
v -1.733522 -0.244849 -1.984134
vt 0.553002 0.849943
vn -0.744458 0.068881 -0.664107
v -1.773962 0.008450 -1.748718
vt 0.522881 0.827573
vn -0.908823 0.381608 -0.168569
v -1.855738 -0.123832 -1.743249
vt 0.522789 0.844007
vn -0.920217 0.353572 -0.167892
v -1.751275 0.170870 -1.592942
vt 0.505928 0.809628
vn -0.984212 0.162159 0.070926
v -1.773257 0.001634 -1.559018
vt 0.501457 0.828702
vn -0.959025 0.260823 0.110644
v -1.777102 -0.096098 -1.425801
vt 0.485267 0.839994
vn -0.953862 0.228243 0.195069
v -1.801904 -0.061081 -1.576450
vt 0.503670 0.836576
vn -0.913242 0.366276 0.178413
v -1.860288 -0.128963 -1.671813
vt 0.515496 0.845182
vn -0.936203 0.322295 0.140180
v -1.879579 -0.292674 -1.805543
vt 0.530755 0.860670
vn -0.956537 0.140106 -0.255746
v -1.877976 -0.325395 -1.608067
vt 0.510033 0.867445
vn -0.978203 0.070976 0.195143
v -1.848304 -0.338060 -1.875014
vt 0.539422 0.863554
vn -0.811143 0.110451 -0.574324
v -1.775179 -0.159782 -1.307793
vt 0.470298 0.847364
vn -0.951483 0.307558 0.009445
v -1.809530 -0.261712 -1.457759
vt 0.489906 0.860304
vn -0.942812 0.256795 0.212514
v -1.842984 -0.317825 -1.499886
vt 0.496361 0.867414
vn -0.955930 0.190361 0.223517
v -1.892909 -0.485232 -1.808961
vt 0.534722 0.880217
vn -0.995273 -0.009613 -0.096636
v -1.860224 -0.601979 -1.589097
vt 0.514290 0.900191
vn -0.972759 -0.150771 0.176093
v -1.807992 -0.679548 -1.472371
vt 0.502739 0.915984
vn -0.949572 -0.217283 0.226054
v -1.795367 -0.642809 -1.348297
vt 0.483452 0.916167
vn -0.949225 -0.235892 0.208152
v -1.772167 -0.817499 -1.459468
vt 0.507607 0.936156
vn -0.917806 -0.318076 0.237614
v -1.716667 -0.832388 -1.324713
vt 0.487648 0.949233
vn -0.898374 -0.330800 0.288954
v -1.676740 -0.939377 -1.297796
vt 0.490608 0.971725
vn -0.891840 -0.422987 0.160325
v -1.631687 -1.007402 -1.332830
vt 0.504601 0.985183
vn -0.553717 -0.812114 0.184033
v -1.678150 -0.997607 -1.387177
vt 0.511635 0.972045
vn -0.616244 -0.770286 0.164023
v -1.513380 -1.027888 -1.503646
vt 0.549599 0.989090
vn -0.161675 -0.984481 -0.068251
v -1.742046 -0.946696 -1.566110
vt 0.530648 0.946029
vn -0.791004 -0.606308 0.081877
v -1.683790 -0.989032 -1.614133
vt 0.542840 0.951369
vn -0.375629 -0.918685 -0.122148
v -1.457944 -1.014254 -1.718981
vt 0.580468 0.959579
vn -0.151330 -0.961345 -0.230032
v -1.293431 -1.041450 -1.605418
vt 0.601648 0.990341
vn -0.060507 -0.987076 -0.148394
v -1.231009 -1.035100 -1.652843
vt 0.616220 0.985245
vn -0.055133 -0.990938 -0.122481
v -1.069251 -1.038508 -1.719323
vt 0.649897 0.982666
vn 0.015167 -0.973765 -0.227049
v -1.821964 -0.801246 -1.660448
vt 0.531731 0.920623
vn -0.933104 -0.352900 0.069136
v -1.754094 -0.934964 -1.714367
vt 0.545937 0.933593
vn -0.649383 -0.717969 -0.250644
v -1.859263 -0.695836 -1.772559
vt 0.538476 0.903166
vn -0.944006 -0.286289 -0.163986
v -1.885411 -0.505718 -1.844850
vt 0.538979 0.881315
vn -0.888551 -0.108405 -0.445786
v -1.820490 -0.481393 -1.918423
vt 0.548119 0.876692
vn -0.662621 -0.111820 -0.740560
v -1.832474 -0.731894 -1.801185
vt 0.543740 0.906111
vn -0.760767 -0.404430 -0.507612
v -1.812799 -0.655581 -1.853053
vt 0.547890 0.896544
vn -0.550111 -0.328052 -0.767958
v -1.756081 -0.501628 -1.960635
vt 0.556405 0.877104
vn -0.494401 -0.249363 -0.832698
v -1.660398 -0.350797 -2.049418
vt 0.566003 0.858030
vn -0.546605 -0.167135 -0.820542
v -1.751403 -0.897328 -1.768884
vt 0.550256 0.926589
vn -0.604850 -0.574036 -0.551942
v -1.730574 -0.813660 -1.839637
vt 0.556420 0.914870
vn -0.463402 -0.399184 -0.791145
v -1.604129 -0.948741 -1.803406
vt 0.568399 0.935500
vn -0.303859 -0.802367 -0.513690
v -1.603808 -0.884053 -1.862196
vt 0.571862 0.924254
vn -0.362542 -0.485770 -0.795356
v -1.266642 -0.987454 -1.884328
vt 0.618250 0.944060
vn -0.084316 -0.895876 -0.436231
v -1.356237 -0.943969 -1.919790
vt 0.606622 0.932784
vn -0.239273 -0.702530 -0.670224
v -1.049384 -1.015869 -1.801868
vt 0.655192 0.965423
vn 0.155235 -0.913942 -0.374982
v -0.993499 -1.018057 -1.753589
vt 0.666697 0.974746
vn 0.329254 -0.891419 -0.311391
v -1.155514 -0.922945 -1.989859
vt 0.638605 0.926146
vn 0.004278 -0.811774 -0.583955
v -0.843918 -0.899552 -1.864333
vt 0.699458 0.940917
vn 0.151610 -0.863853 -0.480389
v -0.864555 -0.929403 -1.737182
vt 0.699275 0.969162
vn 0.260799 -0.948442 -0.180115
v -0.967928 -0.916236 -1.930899
vt 0.671550 0.934279
vn 0.349382 -0.745867 -0.567110
v -0.688377 -0.960868 -1.779224
vt 0.735836 0.956939
vn -0.105091 -0.938581 -0.328667
v -1.116164 -0.882941 -2.042326
vt 0.645533 0.916442
vn 0.002505 -0.734304 -0.678816
v -0.966518 -0.838918 -1.997037
vt 0.672160 0.917006
vn 0.377935 -0.736167 -0.561447
v -0.885063 -0.848856 -1.935342
vt 0.688762 0.924743
vn 0.140812 -0.820006 -0.554764
v -0.595706 -0.894852 -1.987894
vt 0.741512 0.904860
vn -0.176380 -0.887305 -0.426123
v -0.636978 -0.951611 -1.789991
vt 0.746105 0.950713
vn -0.009131 -0.960714 -0.277390
v -0.507457 -0.966716 -1.871681
vt 0.770336 0.924544
vn -0.132851 -0.884976 -0.446283
v -0.476438 -0.937978 -1.907656
vt 0.772595 0.912459
vn -0.019764 -0.892618 -0.450380
v -0.347173 -0.916092 -2.017545
vt 0.787762 0.877790
vn -0.166102 -0.894557 -0.414943
v -0.990936 -0.781657 -2.128204
vt 0.664012 0.894285
vn 0.130655 -0.840336 -0.526084
v -1.163460 -0.810718 -2.087358
vt 0.638025 0.903517
vn -0.306512 -0.631202 -0.712485
v -0.855390 -0.807776 -2.040959
vt 0.689418 0.903838
vn -0.046389 -0.893505 -0.446651
v -1.267026 -0.793317 -2.043181
vt 0.621454 0.905592
vn -0.324022 -0.570563 -0.754631
v -0.732854 -0.798268 -2.081804
vt 0.707958 0.890242
vn -0.165539 -0.817300 -0.551922
v -0.669599 -0.736594 -2.191437
vt 0.709865 0.866117
vn -0.142339 -0.654733 -0.742337
v -0.601089 -0.817930 -2.122735
vt 0.729000 0.877104
vn -0.241664 -0.807187 -0.538560
v -0.427283 -0.864428 -2.099407
vt 0.761929 0.869505
vn -0.153406 -0.884634 -0.440329
v -0.300325 -0.865217 -2.143499
vt 0.778195 0.848676
vn -0.125042 -0.820185 -0.558267
v -0.181570 -0.965604 -2.002592
vt 0.821912 0.857450
vn -0.128227 -0.855613 -0.501482
v -0.058393 -0.944472 -2.056853
vt 0.831968 0.828504
vn -0.026108 -0.854645 -0.518555
v -0.013788 -0.845663 -2.221687
vt 0.804120 0.798932
vn 0.027380 -0.755175 -0.654952
v 0.054145 -0.910746 -2.089837
vt 0.836973 0.800977
vn 0.175768 -0.866387 -0.467417
v -0.021094 -0.748685 -2.303890
vt 0.785504 0.788037
vn 0.236072 -0.348627 -0.907044
v 0.092278 -0.843295 -2.200495
vt 0.815732 0.783001
vn 0.427033 -0.561071 -0.709114
v 0.063566 -0.751770 -2.230488
vt 0.799466 0.775692
vn 0.667076 0.022521 -0.744649
v -0.022888 -0.661106 -2.311153
vt 0.774365 0.779034
vn 0.502161 -0.162444 -0.849380
v -1.663218 -0.547050 -1.981400
vt 0.567346 0.880903
vn -0.405750 -0.410078 -0.816825
v -1.616305 -0.653895 -1.926797
vt 0.571328 0.894804
vn -0.458978 -0.334184 -0.823201
v -1.595861 -0.455848 -2.047111
vt 0.574884 0.868284
vn -0.481570 -0.263345 -0.835907
v -1.638993 -0.736415 -1.905263
vt 0.569116 0.904723
vn -0.389805 -0.276831 -0.878303
v -1.464097 -0.608222 -2.074370
vt 0.594049 0.882551
vn -0.482886 -0.446745 -0.753154
v -1.528185 -0.702366 -1.980802
vt 0.584390 0.897948
vn -0.431990 -0.424578 -0.795687
v -1.555999 -0.804511 -1.906289
vt 0.579171 0.913268
vn -0.376665 -0.338473 -0.862299
v -1.455958 -0.757260 -1.966702
vt 0.593133 0.905531
vn -0.421330 -0.401791 -0.813047
v -1.428656 -0.850830 -1.957816
vt 0.597726 0.917632
vn -0.368339 -0.419712 -0.829559
v -1.359569 -0.746604 -2.040104
vt 0.608118 0.900252
vn -0.411035 -0.497361 -0.763991
v -1.372900 -0.649697 -2.100262
vt 0.606790 0.885267
vn -0.439608 -0.509110 -0.739967
v -1.236008 -0.619811 -2.192035
vt 0.625208 0.874479
vn -0.398897 -0.492564 -0.773474
v -1.402508 -0.513432 -2.167169
vt 0.601877 0.866865
vn -0.542862 -0.346852 -0.764849
v -1.298814 -0.503889 -2.247322
vt 0.615442 0.859892
vn -0.438944 -0.404686 -0.802220
v -1.245621 -0.384702 -2.320980
vt 0.618708 0.843412
vn -0.458606 -0.169231 -0.872377
v -1.412122 -0.412328 -2.190241
vt 0.598306 0.855344
vn -0.592067 -0.093121 -0.800490
v -1.287535 -0.343442 -2.295687
vt 0.611994 0.841474
vn -0.590876 0.112650 -0.798859
v -1.164806 -0.308030 -2.376010
vt 0.624674 0.831464
vn -0.491110 0.046881 -0.869835
v -1.193454 -0.252060 -2.328158
vt 0.616968 0.828153
vn -0.566612 -0.063806 -0.821511
v -1.305415 -0.277893 -2.253560
vt 0.605219 0.836515
vn -0.543492 -0.061555 -0.837155
v -1.465058 -0.352196 -2.150592
vt 0.589075 0.851514
vn -0.526641 -0.171864 -0.832534
v -1.582723 -0.268421 -2.110174
vt 0.573648 0.846677
vn -0.519875 -0.242773 -0.819018
v -1.488002 -0.255397 -2.182636
vt 0.584909 0.841093
vn -0.457686 -0.340003 -0.821536
v -1.435578 -0.162652 -2.242537
vt 0.588891 0.829114
vn -0.422661 -0.255636 -0.869487
v -1.289265 -0.158885 -2.307223
vt 0.603906 0.822995
vn -0.489973 -0.291863 -0.821427
v -1.197876 -0.144713 -2.388486
vt 0.613962 0.815976
vn -0.512883 -0.307216 -0.801605
v -1.124367 -0.234014 -2.371054
vt 0.623758 0.822599
vn -0.494579 -0.169748 -0.852395
v -1.044513 -0.186404 -2.452489
vt 0.630747 0.811841
vn -0.543546 -0.210963 -0.812436
v -0.997409 -0.117984 -2.491967
vt 0.631952 0.802731
vn -0.457425 -0.082360 -0.885426
v -1.040540 -0.322023 -2.421299
vt 0.637919 0.825345
vn -0.499835 -0.199215 -0.842899
v -0.943190 -0.242050 -2.521789
vt 0.643992 0.808942
vn -0.583134 -0.145552 -0.799230
v -0.824820 -0.255863 -2.609376
vt 0.655482 0.800519
vn -0.416294 -0.341845 -0.842521
v -0.754772 -0.249944 -2.632960
vt 0.660777 0.795865
vn -0.141548 -0.647453 -0.748845
v -0.786560 -0.167675 -2.640736
vt 0.653696 0.791424
vn -0.556306 -0.016420 -0.830816
v -0.802838 -0.055628 -2.608094
vt 0.644968 0.785641
vn -0.599980 0.027067 -0.799557
v -0.690492 0.044867 -2.699184
vt 0.649058 0.771725
vn -0.675502 0.025312 -0.736923
v -0.701002 -0.206352 -2.688076
vt 0.662409 0.787839
vn -0.303262 -0.533604 -0.789493
v -0.724843 -0.091255 -2.675258
vt 0.653758 0.782269
vn -0.651141 0.020740 -0.758674
v -0.663703 -0.030154 -2.741910
vt 0.655818 0.773663
vn -0.580635 0.004817 -0.814150
v -0.616214 0.054231 -2.762503
vt 0.654246 0.766293
vn -0.512562 -0.074743 -0.855391
v -0.676457 0.122579 -2.723025
vt 0.646937 0.765805
vn -0.689658 0.023705 -0.723747
v -0.662421 0.238752 -2.698244
vt 0.641428 0.759106
vn -0.663523 0.365567 -0.652762
v -0.558855 0.149918 -2.821635
vt 0.653910 0.757412
vn -0.609231 -0.113609 -0.784813
v -0.484129 0.060258 -2.815226
vt 0.661143 0.759380
vn -0.496615 -0.266598 -0.826014
v -0.516109 -0.038048 -2.814543
vt 0.664790 0.765072
vn -0.397712 -0.243498 -0.884609
v -0.593078 0.246753 -2.781388
vt 0.647288 0.754696
vn -0.649456 0.379270 -0.659061
v -0.525466 0.343085 -2.739688
vt 0.643824 0.747631
vn -0.604052 0.438493 -0.665466
v -0.533861 0.266450 -2.818730
vt 0.649882 0.750896
vn -0.634161 0.453493 -0.626246
v -0.500087 0.119995 -2.863249
vt 0.658412 0.755398
vn -0.529810 -0.389395 -0.753440
v -0.443241 0.108694 -2.883928
vt 0.661616 0.753552
vn -0.434001 -0.340464 -0.834103
v -0.472080 0.262431 -2.898968
vt 0.654810 0.747875
vn -0.541282 0.335105 -0.771180
v -0.370950 0.211915 -2.947589
vt 0.660792 0.745815
vn -0.100155 0.030664 -0.994499
v -0.428501 0.321487 -2.859660
vt 0.652537 0.743771
vn -0.472246 0.591640 -0.653411
v -0.361721 0.335013 -2.883416
vt 0.655268 0.740352
vn -0.407212 0.476540 -0.779159
v -0.455994 0.423057 -2.765750
vt 0.644495 0.740841
vn -0.609579 0.300999 -0.733357
v -0.315129 0.365509 -2.894695
vt 0.656382 0.736995
vn 0.041151 0.394155 -0.918122
v 1.001685 1.261600 -0.450041
vt 0.581979 0.472053
vn 0.573950 0.812645 -0.100944
v 0.925741 1.268560 -0.262221
vt 0.562692 0.463508
vn 0.238130 0.968965 -0.066342
v 1.046482 1.200069 -0.489519
vt 0.590463 0.470451
vn 0.789071 0.564608 -0.242044
v 1.211893 0.869488 -0.408939
vt 0.619684 0.440864
vn 0.922688 0.305582 -0.235087
v 1.136205 1.070370 -0.440642
vt 0.601297 0.456870
vn 0.883494 0.427020 -0.192594
v 1.141973 1.064773 -0.379801
vt 0.598306 0.450950
vn 0.836905 0.537483 0.103447
v 1.105828 1.071769 -0.300161
vt 0.590677 0.445411
vn 0.861524 0.491431 -0.127566
v 1.238425 0.841073 -0.310329
vt 0.616587 0.428473
vn 0.919141 0.380456 -0.102139
v 1.204267 0.929261 -0.270851
vt 0.604395 0.431098
vn 0.863650 0.420055 -0.278682
v 1.262523 0.964278 -0.141736
vt 0.593668 0.417731
vn 0.832343 0.409690 -0.373309
v 1.042957 1.214062 -0.376724
vt 0.581903 0.462028
vn 0.853311 0.509162 -0.112317
v 1.239259 1.058638 -0.072264
vt 0.579812 0.418036
vn 0.837599 0.434889 -0.330603
v 1.022898 1.245993 -0.335366
vt 0.575799 0.461387
vn 0.508444 0.857670 -0.076723
v 1.091985 1.209720 -0.233595
vt 0.573983 0.447227
vn 0.758073 0.585085 -0.288098
v 1.152804 1.115469 -0.181128
vt 0.580240 0.434974
vn 0.817068 0.385015 -0.429143
v 1.018348 1.261708 -0.217957
vt 0.565789 0.452995
vn 0.333342 0.936389 -0.109814
v 1.159341 1.204984 -0.087731
vt 0.566598 0.431250
vn 0.711443 0.651394 -0.263696
v 1.075835 1.264112 -0.043297
vt 0.555734 0.436057
vn 0.298236 0.953638 0.040377
v 0.834351 1.308564 -0.178223
vt 0.549050 0.465049
vn 0.157097 0.986459 0.047108
v 0.940737 1.270031 -0.103283
vt 0.550912 0.450889
vn 0.105425 0.989671 0.097140
v 0.849091 1.282553 -0.112853
vt 0.545007 0.458778
vn 0.177643 0.939964 0.291395
v 0.730337 1.305336 -0.060558
vt 0.532753 0.464866
vn 0.174881 0.965404 0.193421
v 0.755716 1.265869 0.012930
vt 0.528893 0.456779
vn 0.248959 0.963301 0.100352
v 1.148959 1.219300 0.029678
vt 0.555749 0.423941
vn 0.370576 0.920450 0.124281
v -1.711668 0.590752 -0.188733
vt 0.362325 0.709392
vn -0.892588 0.441760 -0.090197
v -1.736791 0.644497 0.004128
vt 0.345541 0.692729
vn -0.900295 0.326627 -0.287720
v -1.696223 0.719303 -0.095592
vt 0.360739 0.690776
vn -0.949581 0.227444 -0.215788
v -1.682252 0.669827 -0.269399
vt 0.375799 0.705943
vn -0.937344 0.348232 -0.010955
v -1.659757 0.783561 -0.226588
vt 0.378271 0.691508
vn -0.941129 0.317841 -0.115125
v -1.658155 0.723178 -0.373392
vt 0.390143 0.706233
vn -0.913114 0.392126 -0.111625
v -1.696928 0.668930 -0.358096
vt 0.384527 0.712245
vn -0.876634 0.478535 -0.050169
v -1.625726 0.738749 -0.557965
vt 0.411002 0.713741
vn -0.857431 0.510765 0.062691
v -1.677317 0.665270 -0.432438
vt 0.392966 0.716182
vn -0.879306 0.467314 -0.091860
f 3/3/3 2/2/2 1/1/1
f 4/4/4 3/3/3 1/1/1
f 5/5/5 2/2/2 3/3/3
f 5/5/5 3/3/3 4/4/4
f 6/6/6 1/1/1 2/2/2
f 4/4/4 1/1/1 7/7/7
f 1/1/1 6/6/6 7/7/7
f 6/6/6 2/2/2 8/8/8
f 4/4/4 7/7/7 9/9/9
f 6/6/6 10/10/10 7/7/7
f 4/4/4 9/9/9 11/11/11
f 9/9/9 7/7/7 12/12/12
f 4/4/4 11/11/11 13/13/13
f 4/4/4 13/13/13 5/5/5
f 9/9/9 14/14/14 11/11/11
f 12/12/12 14/14/14 9/9/9
f 15/15/15 11/11/11 14/14/14
f 12/12/12 7/7/7 16/16/16
f 10/10/10 16/16/16 7/7/7
f 14/14/14 12/12/12 17/17/17
f 13/13/13 11/11/11 18/18/18
f 19/19/19 14/14/14 17/17/17
f 19/19/19 15/15/15 14/14/14
f 20/20/20 12/12/12 16/16/16
f 18/18/18 21/21/21 13/13/13
f 21/21/21 5/5/5 13/13/13
f 5/5/5 21/21/21 22/22/22
f 23/23/23 21/21/21 18/18/18
f 23/23/23 22/22/22 21/21/21
f 22/22/22 24/24/24 5/5/5
f 22/22/22 23/23/23 24/24/24
f 20/20/20 16/16/16 25/25/25
f 12/12/12 20/20/20 26/26/26
f 17/17/17 12/12/12 26/26/26
f 10/10/10 25/25/25 16/16/16
f 26/26/26 20/20/20 27/27/27
f 20/20/20 25/25/25 28/28/28
f 28/28/28 27/27/27 20/20/20
f 25/25/25 29/29/29 28/28/28
f 27/27/27 28/28/28 30/30/30
f 28/28/28 29/29/29 30/30/30
f 27/27/27 30/30/30 31/31/31
f 30/30/30 32/32/32 31/31/31
f 31/31/31 33/33/33 27/27/27
f 33/33/33 31/31/31 32/32/32
f 26/26/26 27/27/27 33/33/33
f 29/29/29 25/25/25 34/34/34
f 34/34/34 35/35/35 29/29/29
f 34/34/34 25/25/25 36/36/36
f 25/25/25 10/10/10 36/36/36
f 34/34/34 37/37/37 35/35/35
f 37/37/37 34/34/34 36/36/36
f 38/38/38 35/35/35 37/37/37
f 10/10/10 39/39/39 36/36/36
f 35/35/35 38/38/38 40/40/40
f 41/41/41 37/37/37 36/36/36
f 38/38/38 37/37/37 41/41/41
f 36/36/36 39/39/39 42/42/42
f 36/36/36 42/42/42 41/41/41
f 43/43/43 39/39/39 10/10/10
f 39/39/39 43/43/43 42/42/42
f 43/43/43 10/10/10 6/6/6
f 8/8/8 43/43/43 6/6/6
f 43/43/43 44/44/44 42/42/42
f 43/43/43 8/8/8 44/44/44
f 41/41/41 42/42/42 45/45/45
f 46/46/46 42/42/42 44/44/44
f 46/46/46 45/45/45 42/42/42
f 8/8/8 47/47/47 44/44/44
f 46/46/46 44/44/44 47/47/47
f 45/45/45 48/48/48 41/41/41
f 41/41/41 48/48/48 38/38/38
f 45/45/45 49/49/49 48/48/48
f 50/50/50 49/49/49 45/45/45
f 46/46/46 50/50/50 45/45/45
f 51/51/51 49/49/49 50/50/50
f 48/48/48 49/49/49 51/51/51
f 50/50/50 46/46/46 52/52/52
f 50/50/50 53/53/53 51/51/51
f 53/53/53 50/50/50 52/52/52
f 54/54/54 51/51/51 53/53/53
f 55/55/55 48/48/48 51/51/51
f 54/54/54 55/55/55 51/51/51
f 55/55/55 56/56/56 48/48/48
f 55/55/55 57/57/57 56/56/56
f 58/58/58 57/57/57 55/55/55
f 55/55/55 54/54/54 58/58/58
f 57/57/57 59/59/59 56/56/56
f 60/60/60 58/58/58 54/54/54
f 48/48/48 56/56/56 61/61/61
f 61/61/61 56/56/56 59/59/59
f 38/38/38 48/48/48 61/61/61
f 59/59/59 62/62/62 61/61/61
f 61/61/61 62/62/62 38/38/38
f 59/59/59 63/63/63 62/62/62
f 38/38/38 62/62/62 40/40/40
f 40/40/40 62/62/62 63/63/63
f 54/54/54 64/64/64 60/60/60
f 65/65/65 64/64/64 54/54/54
f 53/53/53 65/65/65 54/54/54
f 66/66/66 60/60/60 64/64/64
f 67/67/67 65/65/65 53/53/53
f 52/52/52 67/67/67 53/53/53
f 64/64/64 65/65/65 68/68/68
f 66/66/66 64/64/64 68/68/68
f 68/68/68 69/69/69 66/66/66
f 60/60/60 66/66/66 70/70/70
f 70/70/70 71/71/71 60/60/60
f 66/66/66 72/72/72 70/70/70
f 73/73/73 72/72/72 66/66/66
f 72/72/72 73/73/73 70/70/70
f 69/69/69 73/73/73 66/66/66
f 70/70/70 74/74/74 71/71/71
f 73/73/73 74/74/74 70/70/70
f 74/74/74 75/75/75 71/71/71
f 73/73/73 75/75/75 74/74/74
f 76/76/76 71/71/71 75/75/75
f 75/75/75 77/77/77 76/76/76
f 78/78/78 69/69/69 68/68/68
f 69/69/69 78/78/78 73/73/73
f 65/65/65 78/78/78 68/68/68
f 73/73/73 79/79/79 75/75/75
f 78/78/78 79/79/79 73/73/73
f 75/75/75 80/80/80 77/77/77
f 80/80/80 75/75/75 79/79/79
f 77/77/77 80/80/80 81/81/81
f 79/79/79 78/78/78 82/82/82
f 65/65/65 82/82/82 78/78/78
f 79/79/79 83/83/83 80/80/80
f 82/82/82 83/83/83 79/79/79
f 84/84/84 81/81/81 80/80/80
f 80/80/80 83/83/83 84/84/84
f 85/85/85 81/81/81 84/84/84
f 86/86/86 85/85/85 84/84/84
f 83/83/83 87/87/87 84/84/84
f 87/87/87 86/86/86 84/84/84
f 88/88/88 83/83/83 82/82/82
f 83/83/83 88/88/88 87/87/87
f 89/89/89 88/88/88 82/82/82
f 82/82/82 65/65/65 89/89/89
f 86/86/86 87/87/87 90/90/90
f 90/90/90 91/91/91 86/86/86
f 87/87/87 88/88/88 92/92/92
f 90/90/90 87/87/87 93/93/93
f 93/93/93 87/87/87 92/92/92
f 94/94/94 91/91/91 90/90/90
f 93/93/93 94/94/94 90/90/90
f 95/95/95 91/91/91 94/94/94
f 95/95/95 96/96/96 91/91/91
f 92/92/92 88/88/88 97/97/97
f 89/89/89 97/97/97 88/88/88
f 93/93/93 92/92/92 98/98/98
f 95/95/95 99/99/99 96/96/96
f 96/96/96 99/99/99 100/100/100
f 99/99/99 101/101/101 100/100/100
f 101/101/101 99/99/99 102/102/102
f 92/92/92 97/97/97 103/103/103
f 92/92/92 103/103/103 98/98/98
f 97/97/97 104/104/104 103/103/103
f 89/89/89 104/104/104 97/97/97
f 104/104/104 105/105/105 103/103/103
f 98/98/98 103/103/103 105/105/105
f 106/106/106 104/104/104 89/89/89
f 104/104/104 106/106/106 105/105/105
f 107/107/107 106/106/106 89/89/89
f 107/107/107 89/89/89 65/65/65
f 67/67/67 107/107/107 65/65/65
f 106/106/106 107/107/107 108/108/108
f 67/67/67 108/108/108 107/107/107
f 106/106/106 108/108/108 109/109/109
f 109/109/109 105/105/105 106/106/106
f 108/108/108 67/67/67 110/110/110
f 67/67/67 111/111/111 110/110/110
f 67/67/67 52/52/52 111/111/111
f 112/112/112 111/111/111 52/52/52
f 112/112/112 110/110/110 111/111/111
f 112/112/112 52/52/52 113/113/113
f 113/113/113 52/52/52 46/46/46
f 46/46/46 114/114/114 113/113/113
f 114/114/114 112/112/112 113/113/113
f 114/114/114 46/46/46 47/47/47
f 110/110/110 115/115/115 108/108/108
f 109/109/109 108/108/108 115/115/115
f 116/116/116 110/110/110 112/112/112
f 117/117/117 115/115/115 110/110/110
f 116/116/116 117/117/117 110/110/110
f 115/115/115 118/118/118 109/109/109
f 118/118/118 115/115/115 117/117/117
f 119/119/119 116/116/116 112/112/112
f 114/114/114 119/119/119 112/112/112
f 119/119/119 114/114/114 120/120/120
f 120/120/120 114/114/114 47/47/47
f 121/121/121 116/116/116 119/119/119
f 121/121/121 119/119/119 120/120/120
f 122/122/122 117/117/117 116/116/116
f 121/121/121 122/122/122 116/116/116
f 123/123/123 117/117/117 122/122/122
f 123/123/123 118/118/118 117/117/117
f 124/124/124 122/122/122 121/121/121
f 125/125/125 121/121/121 120/120/120
f 121/121/121 125/125/125 124/124/124
f 126/126/126 122/122/122 124/124/124
f 125/125/125 126/126/126 124/124/124
f 126/126/126 123/123/123 122/122/122
f 118/118/118 123/123/123 127/127/127
f 123/123/123 126/126/126 127/127/127
f 125/125/125 120/120/120 128/128/128
f 129/129/129 118/118/118 127/127/127
f 118/118/118 129/129/129 109/109/109
f 130/130/130 126/126/126 125/125/125
f 128/128/128 130/130/130 125/125/125
f 129/129/129 131/131/131 109/109/109
f 131/131/131 105/105/105 109/109/109
f 127/127/127 132/132/132 129/129/129
f 129/129/129 132/132/132 131/131/131
f 133/133/133 127/127/127 126/126/126
f 105/105/105 131/131/131 134/134/134
f 135/135/135 131/131/131 132/132/132
f 135/135/135 134/134/134 131/131/131
f 132/132/132 127/127/127 136/136/136
f 133/133/133 136/136/136 127/127/127
f 135/135/135 132/132/132 137/137/137
f 135/135/135 137/137/137 134/134/134
f 138/138/138 133/133/133 126/126/126
f 130/130/130 138/138/138 126/126/126
f 136/136/136 133/133/133 139/139/139
f 133/133/133 138/138/138 140/140/140
f 140/140/140 139/139/139 133/133/133
f 141/141/141 140/140/140 138/138/138
f 141/141/141 138/138/138 130/130/130
f 142/142/142 139/139/139 140/140/140
f 143/143/143 136/136/136 139/139/139
f 139/139/139 142/142/142 143/143/143
f 144/144/144 142/142/142 140/140/140
f 141/141/141 144/144/144 140/140/140
f 145/145/145 143/143/143 142/142/142
f 143/143/143 146/146/146 136/136/136
f 146/146/146 132/132/132 136/136/136
f 145/145/145 147/147/147 143/143/143
f 143/143/143 147/147/147 146/146/146
f 148/148/148 145/145/145 142/142/142
f 148/148/148 142/142/142 144/144/144
f 149/149/149 145/145/145 148/148/148
f 145/145/145 149/149/149 147/147/147
f 146/146/146 147/147/147 150/150/150
f 146/146/146 151/151/151 132/132/132
f 151/151/151 146/146/146 150/150/150
f 137/137/137 132/132/132 151/151/151
f 147/147/147 152/152/152 150/150/150
f 152/152/152 151/151/151 150/150/150
f 149/149/149 153/153/153 147/147/147
f 152/152/152 147/147/147 153/153/153
f 149/149/149 154/154/154 153/153/153
f 155/155/155 154/154/154 149/149/149
f 152/152/152 153/153/153 156/156/156
f 154/154/154 156/156/156 153/153/153
f 152/152/152 157/157/157 151/151/151
f 137/137/137 151/151/151 157/157/157
f 149/149/149 158/158/158 155/155/155
f 158/158/158 149/149/149 148/148/148
f 159/159/159 157/157/157 152/152/152
f 157/157/157 160/160/160 137/137/137
f 159/159/159 160/160/160 157/157/157
f 160/160/160 161/161/161 137/137/137
f 162/162/162 137/137/137 161/161/161
f 162/162/162 134/134/134 137/137/137
f 160/160/160 163/163/163 161/161/161
f 163/163/163 162/162/162 161/161/161
f 164/164/164 163/163/163 160/160/160
f 165/165/165 164/164/164 160/160/160
f 159/159/159 165/165/165 160/160/160
f 163/163/163 164/164/164 166/166/166
f 165/165/165 167/167/167 164/164/164
f 164/164/164 167/167/167 166/166/166
f 168/168/168 165/165/165 159/159/159
f 165/165/165 168/168/168 167/167/167
f 169/169/169 168/168/168 159/159/159
f 169/169/169 167/167/167 168/168/168
f 170/170/170 159/159/159 152/152/152
f 159/159/159 170/170/170 169/169/169
f 156/156/156 170/170/170 152/152/152
f 171/171/171 169/169/169 170/170/170
f 156/156/156 171/171/171 170/170/170
f 169/169/169 171/171/171 172/172/172
f 167/167/167 169/169/169 173/173/173
f 169/169/169 172/172/172 173/173/173
f 173/173/173 174/174/174 167/167/167
f 167/167/167 174/174/174 166/166/166
f 175/175/175 173/173/173 172/172/172
f 175/175/175 172/172/172 171/171/171
f 173/173/173 175/175/175 176/176/176
f 176/176/176 174/174/174 173/173/173
f 177/177/177 175/175/175 171/171/171
f 171/171/171 156/156/156 177/177/177
f 176/176/176 175/175/175 178/178/178
f 175/175/175 177/177/177 178/178/178
f 179/179/179 177/177/177 156/156/156
f 156/156/156 154/154/154 179/179/179
f 180/180/180 177/177/177 179/179/179
f 177/177/177 180/180/180 178/178/178
f 181/181/181 179/179/179 154/154/154
f 181/181/181 180/180/180 179/179/179
f 181/181/181 182/182/182 180/180/180
f 154/154/154 183/183/183 181/181/181
f 184/184/184 180/180/180 182/182/182
f 185/185/185 182/182/182 181/181/181
f 181/181/181 183/183/183 185/185/185
f 184/184/184 182/182/182 185/185/185
f 186/186/186 183/183/183 154/154/154
f 155/155/155 186/186/186 154/154/154
f 155/155/155 158/158/158 186/186/186
f 186/186/186 187/187/187 183/183/183
f 185/185/185 183/183/183 187/187/187
f 188/188/188 187/187/187 186/186/186
f 188/188/188 186/186/186 158/158/158
f 158/158/158 189/189/189 188/188/188
f 190/190/190 187/187/187 188/188/188
f 188/188/188 189/189/189 191/191/191
f 191/191/191 190/190/190 188/188/188
f 187/187/187 190/190/190 192/192/192
f 192/192/192 185/185/185 187/187/187
f 193/193/193 192/192/192 190/190/190
f 193/193/193 190/190/190 191/191/191
f 189/189/189 158/158/158 194/194/194
f 191/191/191 189/189/189 194/194/194
f 194/194/194 158/158/158 195/195/195
f 195/195/195 158/158/158 148/148/148
f 195/195/195 148/148/148 144/144/144
f 196/196/196 194/194/194 195/195/195
f 196/196/196 191/191/191 194/194/194
f 195/195/195 144/144/144 197/197/197
f 144/144/144 141/141/141 197/197/197
f 198/198/198 191/191/191 196/196/196
f 197/197/197 141/141/141 199/199/199
f 199/199/199 141/141/141 130/130/130
f 200/200/200 195/195/195 197/197/197
f 196/196/196 195/195/195 201/201/201
f 195/195/195 200/200/200 201/201/201
f 202/202/202 198/198/198 196/196/196
f 196/196/196 201/201/201 202/202/202
f 191/191/191 198/198/198 203/203/203
f 202/202/202 203/203/203 198/198/198
f 197/197/197 204/204/204 200/200/200
f 197/197/197 199/199/199 204/204/204
f 201/201/201 200/200/200 205/205/205
f 205/205/205 200/200/200 204/204/204
f 206/206/206 202/202/202 201/201/201
f 206/206/206 201/201/201 205/205/205
f 206/206/206 205/205/205 207/207/207
f 207/207/207 205/205/205 204/204/204
f 202/202/202 206/206/206 208/208/208
f 206/206/206 207/207/207 209/209/209
f 206/206/206 209/209/209 208/208/208
f 210/210/210 202/202/202 208/208/208
f 210/210/210 203/203/203 202/202/202
f 209/209/209 211/211/211 208/208/208
f 210/210/210 208/208/208 211/211/211
f 209/209/209 207/207/207 212/212/212
f 212/212/212 207/207/207 213/213/213
f 207/207/207 204/204/204 213/213/213
f 209/209/209 212/212/212 214/214/214
f 212/212/212 213/213/213 215/215/215
f 214/214/214 212/212/212 215/215/215
f 213/213/213 216/216/216 215/215/215
f 204/204/204 216/216/216 213/213/213
f 209/209/209 217/217/217 211/211/211
f 217/217/217 209/209/209 214/214/214
f 218/218/218 214/214/214 215/215/215
f 217/217/217 214/214/214 218/218/218
f 219/219/219 215/215/215 216/216/216
f 219/219/219 218/218/218 215/215/215
f 204/204/204 220/220/220 216/216/216
f 221/221/221 220/220/220 204/204/204
f 199/199/199 221/221/221 204/204/204
f 221/221/221 199/199/199 222/222/222
f 222/222/222 220/220/220 221/221/221
f 199/199/199 130/130/130 222/222/222
f 222/222/222 130/130/130 223/223/223
f 223/223/223 130/130/130 128/128/128
f 224/224/224 220/220/220 222/222/222
f 222/222/222 223/223/223 224/224/224
f 223/223/223 128/128/128 225/225/225
f 224/224/224 223/223/223 225/225/225
f 220/220/220 224/224/224 226/226/226
f 226/226/226 224/224/224 225/225/225
f 227/227/227 220/220/220 226/226/226
f 220/220/220 227/227/227 216/216/216
f 228/228/228 216/216/216 227/227/227
f 228/228/228 219/219/219 216/216/216
f 228/228/228 227/227/227 229/229/229
f 230/230/230 219/219/219 228/228/228
f 228/228/228 229/229/229 230/230/230
f 230/230/230 218/218/218 219/219/219
f 227/227/227 226/226/226 231/231/231
f 231/231/231 229/229/229 227/227/227
f 231/231/231 226/226/226 232/232/232
f 226/226/226 225/225/225 232/232/232
f 229/229/229 231/231/231 233/233/233
f 233/233/233 231/231/231 232/232/232
f 229/229/229 233/233/233 234/234/234
f 232/232/232 225/225/225 235/235/235
f 233/233/233 232/232/232 235/235/235
f 236/236/236 234/234/234 233/233/233
f 236/236/236 233/233/233 235/235/235
f 237/237/237 229/229/229 234/234/234
f 230/230/230 229/229/229 237/237/237
f 237/237/237 234/234/234 236/236/236
f 238/238/238 230/230/230 237/237/237
f 230/230/230 238/238/238 218/218/218
f 238/238/238 237/237/237 239/239/239
f 239/239/239 237/237/237 236/236/236
f 240/240/240 218/218/218 238/238/238
f 240/240/240 238/238/238 239/239/239
f 241/241/241 239/239/239 236/236/236
f 240/240/240 242/242/242 218/218/218
f 218/218/218 242/242/242 217/217/217
f 217/217/217 242/242/242 243/243/243
f 211/211/211 217/217/217 243/243/243
f 211/211/211 243/243/243 244/244/244
f 244/244/244 210/210/210 211/211/211
f 242/242/242 245/245/245 243/243/243
f 242/242/242 240/240/240 246/246/246
f 242/242/242 246/246/246 245/245/245
f 247/247/247 243/243/243 245/245/245
f 243/243/243 247/247/247 244/244/244
f 246/246/246 248/248/248 245/245/245
f 247/247/247 245/245/245 249/249/249
f 245/245/245 248/248/248 249/249/249
f 250/250/250 247/247/247 249/249/249
f 250/250/250 244/244/244 247/247/247
f 246/246/246 240/240/240 251/251/251
f 240/240/240 252/252/252 251/251/251
f 252/252/252 240/240/240 239/239/239
f 253/253/253 246/246/246 251/251/251
f 248/248/248 246/246/246 253/253/253
f 251/251/251 252/252/252 254/254/254
f 251/251/251 254/254/254 253/253/253
f 239/239/239 255/255/255 252/252/252
f 239/239/239 241/241/241 255/255/255
f 256/256/256 254/254/254 252/252/252
f 252/252/252 255/255/255 256/256/256
f 253/253/253 254/254/254 257/257/257
f 254/254/254 256/256/256 258/258/258
f 258/258/258 257/257/257 254/254/254
f 256/256/256 259/259/259 258/258/258
f 257/257/257 258/258/258 259/259/259
f 255/255/255 241/241/241 23/23/23
f 236/236/236 23/23/23 241/241/241
f 260/260/260 256/256/256 255/255/255
f 23/23/23 260/260/260 255/255/255
f 259/259/259 256/256/256 261/261/261
f 261/261/261 256/256/256 260/260/260
f 23/23/23 18/18/18 260/260/260
f 24/24/24 23/23/23 236/236/236
f 235/235/235 24/24/24 236/236/236
f 259/259/259 261/261/261 262/262/262
f 262/262/262 257/257/257 259/259/259
f 18/18/18 263/263/263 260/260/260
f 263/263/263 18/18/18 11/11/11
f 261/261/261 260/260/260 264/264/264
f 264/264/264 260/260/260 263/263/263
f 263/263/263 11/11/11 15/15/15
f 261/261/261 264/264/264 265/265/265
f 265/265/265 262/262/262 261/261/261
f 263/263/263 266/266/266 264/264/264
f 266/266/266 263/263/263 15/15/15
f 265/265/265 264/264/264 266/266/266
f 266/266/266 15/15/15 267/267/267
f 265/265/265 266/266/266 268/268/268
f 266/266/266 267/267/267 268/268/268
f 269/269/269 262/262/262 265/265/265
f 269/269/269 265/265/265 268/268/268
f 262/262/262 269/269/269 270/270/270
f 270/270/270 257/257/257 262/262/262
f 15/15/15 271/271/271 267/267/267
f 15/15/15 19/19/19 271/271/271
f 272/272/272 268/268/268 267/267/267
f 271/271/271 19/19/19 273/273/273
f 274/274/274 267/267/267 271/271/271
f 271/271/271 273/273/273 274/274/274
f 267/267/267 274/274/274 272/272/272
f 19/19/19 17/17/17 273/273/273
f 273/273/273 17/17/17 275/275/275
f 276/276/276 273/273/273 275/275/275
f 274/274/274 273/273/273 276/276/276
f 17/17/17 277/277/277 275/275/275
f 276/276/276 275/275/275 277/277/277
f 277/277/277 17/17/17 278/278/278
f 26/26/26 278/278/278 17/17/17
f 278/278/278 26/26/26 33/33/33
f 277/277/277 278/278/278 279/279/279
f 278/278/278 33/33/33 279/279/279
f 276/276/276 277/277/277 280/280/280
f 274/274/274 276/276/276 281/281/281
f 276/276/276 280/280/280 281/281/281
f 274/274/274 281/281/281 282/282/282
f 282/282/282 283/283/283 274/274/274
f 272/272/272 274/274/274 283/283/283
f 282/282/282 281/281/281 284/284/284
f 284/284/284 281/281/281 280/280/280
f 283/283/283 282/282/282 285/285/285
f 284/284/284 285/285/285 282/282/282
f 272/272/272 283/283/283 285/285/285
f 277/277/277 279/279/279 286/286/286
f 280/280/280 277/277/277 286/286/286
f 286/286/286 287/287/287 280/280/280
f 288/288/288 284/284/284 280/280/280
f 287/287/287 286/286/286 289/289/289
f 286/286/286 279/279/279 289/289/289
f 280/280/280 287/287/287 290/290/290
f 290/290/290 288/288/288 280/280/280
f 291/291/291 284/284/284 288/288/288
f 284/284/284 291/291/291 285/285/285
f 288/288/288 290/290/290 292/292/292
f 293/293/293 291/291/291 288/288/288
f 293/293/293 288/288/288 292/292/292
f 294/294/294 291/291/291 293/293/293
f 285/285/285 291/291/291 294/294/294
f 295/295/295 294/294/294 293/293/293
f 295/295/295 293/293/293 292/292/292
f 292/292/292 290/290/290 296/296/296
f 296/296/296 290/290/290 287/287/287
f 297/297/297 285/285/285 294/294/294
f 298/298/298 296/296/296 287/287/287
f 298/298/298 287/287/287 299/299/299
f 299/299/299 287/287/287 289/289/289
f 298/298/298 300/300/300 296/296/296
f 298/298/298 299/299/299 301/301/301
f 300/300/300 298/298/298 301/301/301
f 299/299/299 289/289/289 302/302/302
f 299/299/299 302/302/302 303/303/303
f 301/301/301 299/299/299 303/303/303
f 302/302/302 289/289/289 304/304/304
f 289/289/289 279/279/279 304/304/304
f 302/302/302 304/304/304 305/305/305
f 303/303/303 302/302/302 305/305/305
f 305/305/305 304/304/304 306/306/306
f 305/305/305 306/306/306 307/307/307
f 305/305/305 307/307/307 303/303/303
f 304/304/304 279/279/279 308/308/308
f 309/309/309 303/303/303 307/307/307
f 279/279/279 310/310/310 308/308/308
f 308/308/308 310/310/310 311/311/311
f 310/310/310 312/312/312 311/311/311
f 279/279/279 313/313/313 310/310/310
f 310/310/310 313/313/313 312/312/312
f 33/33/33 313/313/313 279/279/279
f 312/312/312 313/313/313 314/314/314
f 33/33/33 32/32/32 313/313/313
f 313/313/313 32/32/32 314/314/314
f 309/309/309 307/307/307 315/315/315
f 315/315/315 316/316/316 309/309/309
f 316/316/316 315/315/315 317/317/317
f 316/316/316 317/317/317 318/318/318
f 319/319/319 318/318/318 317/317/317
f 309/309/309 316/316/316 320/320/320
f 318/318/318 320/320/320 316/316/316
f 321/321/321 318/318/318 319/319/319
f 320/320/320 318/318/318 321/321/321
f 322/322/322 321/321/321 319/319/319
f 323/323/323 322/322/322 319/319/319
f 322/322/322 323/323/323 324/324/324
f 324/324/324 323/323/323 325/325/325
f 321/321/321 322/322/322 326/326/326
f 324/324/324 326/326/326 322/322/322
f 321/321/321 327/327/327 320/320/320
f 321/321/321 326/326/326 327/327/327
f 320/320/320 327/327/327 328/328/328
f 329/329/329 326/326/326 324/324/324
f 327/327/327 326/326/326 330/330/330
f 330/330/330 326/326/326 329/329/329
f 331/331/331 327/327/327 330/330/330
f 328/328/328 327/327/327 331/331/331
f 332/332/332 331/331/331 330/330/330
f 332/332/332 330/330/330 329/329/329
f 329/329/329 324/324/324 333/333/333
f 333/333/333 324/324/324 325/325/325
f 328/328/328 334/334/334 320/320/320
f 334/334/334 309/309/309 320/320/320
f 335/335/335 333/333/333 325/325/325
f 325/325/325 336/336/336 335/335/335
f 335/335/335 336/336/336 337/337/337
f 334/334/334 338/338/338 309/309/309
f 338/338/338 303/303/303 309/309/309
f 301/301/301 303/303/303 338/338/338
f 334/334/334 339/339/339 338/338/338
f 339/339/339 301/301/301 338/338/338
f 340/340/340 339/339/339 334/334/334
f 340/340/340 334/334/334 328/328/328
f 301/301/301 339/339/339 341/341/341
f 340/340/340 341/341/341 339/339/339
f 342/342/342 340/340/340 328/328/328
f 340/340/340 342/342/342 341/341/341
f 328/328/328 331/331/331 342/342/342
f 301/301/301 341/341/341 300/300/300
f 342/342/342 331/331/331 343/343/343
f 331/331/331 332/332/332 343/343/343
f 342/342/342 344/344/344 341/341/341
f 344/344/344 342/342/342 343/343/343
f 345/345/345 300/300/300 341/341/341
f 344/344/344 345/345/345 341/341/341
f 346/346/346 344/344/344 343/343/343
f 347/347/347 345/345/345 344/344/344
f 346/346/346 347/347/347 344/344/344
f 348/348/348 300/300/300 345/345/345
f 345/345/345 347/347/347 348/348/348
f 348/348/348 349/349/349 300/300/300
f 349/349/349 296/296/296 300/300/300
f 349/349/349 292/292/292 296/296/296
f 349/349/349 350/350/350 292/292/292
f 348/348/348 351/351/351 349/349/349
f 350/350/350 349/349/349 351/351/351
f 295/295/295 292/292/292 350/350/350
f 352/352/352 351/351/351 348/348/348
f 352/352/352 348/348/348 347/347/347
f 350/350/350 351/351/351 353/353/353
f 353/353/353 351/351/351 352/352/352
f 354/354/354 295/295/295 350/350/350
f 353/353/353 354/354/354 350/350/350
f 355/355/355 353/353/353 352/352/352
f 347/347/347 356/356/356 352/352/352
f 355/355/355 352/352/352 356/356/356
f 356/356/356 347/347/347 357/357/357
f 357/357/357 347/347/347 346/346/346
f 358/358/358 356/356/356 357/357/357
f 358/358/358 357/357/357 346/346/346
f 358/358/358 355/355/355 356/356/356
f 359/359/359 353/353/353 355/355/355
f 359/359/359 354/354/354 353/353/353
f 354/354/354 359/359/359 360/360/360
f 359/359/359 355/355/355 361/361/361
f 359/359/359 362/362/362 360/360/360
f 361/361/361 362/362/362 359/359/359
f 360/360/360 362/362/362 363/363/363
f 363/363/363 354/354/354 360/360/360
f 361/361/361 355/355/355 364/364/364
f 364/364/364 355/355/355 358/358/358
f 365/365/365 362/362/362 361/361/361
f 361/361/361 364/364/364 366/366/366
f 366/366/366 365/365/365 361/361/361
f 365/365/365 367/367/367 362/362/362
f 363/363/363 362/362/362 367/367/367
f 367/367/367 365/365/365 368/368/368
f 365/365/365 366/366/366 368/368/368
f 369/369/369 367/367/367 368/368/368
f 370/370/370 363/363/363 367/367/367
f 369/369/369 370/370/370 367/367/367
f 371/371/371 354/354/354 363/363/363
f 295/295/295 354/354/354 371/371/371
f 370/370/370 372/372/372 363/363/363
f 371/371/371 363/363/363 372/372/372
f 295/295/295 371/371/371 373/373/373
f 294/294/294 295/295/295 373/373/373
f 373/373/373 297/297/297 294/294/294
f 371/371/371 374/374/374 373/373/373
f 297/297/297 373/373/373 374/374/374
f 375/375/375 371/371/371 372/372/372
f 375/375/375 374/374/374 371/371/371
f 370/370/370 376/376/376 372/372/372
f 372/372/372 376/376/376 375/375/375
f 370/370/370 377/377/377 376/376/376
f 377/377/377 375/375/375 376/376/376
f 378/378/378 377/377/377 370/370/370
f 377/377/377 379/379/379 375/375/375
f 378/378/378 379/379/379 377/377/377
f 378/378/378 370/370/370 380/380/380
f 380/380/380 370/370/370 369/369/369
f 378/378/378 380/380/380 381/381/381
f 369/369/369 382/382/382 380/380/380
f 382/382/382 381/381/381 380/380/380
f 378/378/378 381/381/381 383/383/383
f 383/383/383 381/381/381 382/382/382
f 383/383/383 379/379/379 378/378/378
f 384/384/384 382/382/382 369/369/369
f 385/385/385 375/375/375 379/379/379
f 385/385/385 386/386/386 375/375/375
f 386/386/386 374/374/374 375/375/375
f 387/387/387 385/385/385 379/379/379
f 386/386/386 385/385/385 387/387/387
f 388/388/388 387/387/387 379/379/379
f 379/379/379 383/383/383 388/388/388
f 389/389/389 383/383/383 382/382/382
f 389/389/389 382/382/382 384/384/384
f 390/390/390 388/388/388 383/383/383
f 387/387/387 391/391/391 386/386/386
f 392/392/392 387/387/387 388/388/388
f 392/392/392 391/391/391 387/387/387
f 392/392/392 388/388/388 393/393/393
f 390/390/390 393/393/393 388/388/388
f 392/392/392 394/394/394 391/391/391
f 393/393/393 395/395/395 392/392/392
f 394/394/394 392/392/392 395/395/395
f 396/396/396 393/393/393 390/390/390
f 395/395/395 393/393/393 396/396/396
f 386/386/386 391/391/391 397/397/397
f 394/394/394 397/397/397 391/391/391
f 386/386/386 397/397/397 398/398/398
f 386/386/386 398/398/398 374/374/374
f 398/398/398 297/297/297 374/374/374
f 397/397/397 399/399/399 398/398/398
f 397/397/397 394/394/394 399/399/399
f 297/297/297 398/398/398 400/400/400
f 398/398/398 399/399/399 400/400/400
f 399/399/399 401/401/401 400/400/400
f 400/400/400 402/402/402 297/297/297
f 401/401/401 402/402/402 400/400/400
f 402/402/402 403/403/403 297/297/297
f 297/297/297 403/403/403 285/285/285
f 403/403/403 272/272/272 285/285/285
f 402/402/402 404/404/404 403/403/403
f 403/403/403 404/404/404 272/272/272
f 405/405/405 404/404/404 402/402/402
f 404/404/404 405/405/405 272/272/272
f 401/401/401 405/405/405 402/402/402
f 405/405/405 268/268/268 272/272/272
f 269/269/269 268/268/268 405/405/405
f 401/401/401 406/406/406 405/405/405
f 269/269/269 405/405/405 407/407/407
f 406/406/406 407/407/407 405/405/405
f 407/407/407 270/270/270 269/269/269
f 406/406/406 401/401/401 408/408/408
f 406/406/406 408/408/408 407/407/407
f 409/409/409 270/270/270 407/407/407
f 408/408/408 409/409/409 407/407/407
f 410/410/410 270/270/270 409/409/409
f 411/411/411 408/408/408 401/401/401
f 411/411/411 401/401/401 399/399/399
f 399/399/399 394/394/394 411/411/411
f 412/412/412 411/411/411 394/394/394
f 412/412/412 408/408/408 411/411/411
f 394/394/394 395/395/395 412/412/412
f 409/409/409 408/408/408 413/413/413
f 412/412/412 413/413/413 408/408/408
f 413/413/413 410/410/410 409/409/409
f 395/395/395 414/414/414 412/412/412
f 414/414/414 413/413/413 412/412/412
f 415/415/415 414/414/414 395/395/395
f 396/396/396 415/415/415 395/395/395
f 414/414/414 416/416/416 413/413/413
f 414/414/414 415/415/415 417/417/417
f 417/417/417 416/416/416 414/414/414
f 418/418/418 417/417/417 415/415/415
f 415/415/415 396/396/396 418/418/418
f 416/416/416 417/417/417 419/419/419
f 418/418/418 420/420/420 417/417/417
f 419/419/419 417/417/417 420/420/420
f 421/421/421 416/416/416 419/419/419
f 421/421/421 413/413/413 416/416/416
f 421/421/421 419/419/419 420/420/420
f 396/396/396 422/422/422 418/418/418
f 418/418/418 423/423/423 420/420/420
f 422/422/422 423/423/423 418/418/418
f 420/420/420 423/423/423 424/424/424
f 423/423/423 422/422/422 424/424/424
f 424/424/424 425/425/425 420/420/420
f 424/424/424 422/422/422 426/426/426
f 425/425/425 424/424/424 426/426/426
f 427/427/427 420/420/420 425/425/425
f 420/420/420 427/427/427 421/421/421
f 427/427/427 425/425/425 428/428/428
f 426/426/426 428/428/428 425/425/425
f 429/429/429 422/422/422 396/396/396
f 430/430/430 429/429/429 396/396/396
f 430/430/430 396/396/396 390/390/390
f 422/422/422 429/429/429 431/431/431
f 426/426/426 422/422/422 431/431/431
f 432/432/432 429/429/429 430/430/430
f 429/429/429 432/432/432 431/431/431
f 430/430/430 390/390/390 433/433/433
f 432/432/432 430/430/430 433/433/433
f 433/433/433 390/390/390 383/383/383
f 383/383/383 389/389/389 433/433/433
f 434/434/434 433/433/433 389/389/389
f 434/434/434 432/432/432 433/433/433
f 389/389/389 435/435/435 434/434/434
f 436/436/436 431/431/431 432/432/432
f 434/434/434 437/437/437 432/432/432
f 436/436/436 438/438/438 431/431/431
f 438/438/438 426/426/426 431/431/431
f 436/436/436 432/432/432 439/439/439
f 432/432/432 437/437/437 439/439/439
f 436/436/436 440/440/440 438/438/438
f 436/436/436 439/439/439 440/440/440
f 441/441/441 426/426/426 438/438/438
f 438/438/438 440/440/440 441/441/441
f 440/440/440 439/439/439 442/442/442
f 440/440/440 442/442/442 441/441/441
f 443/443/443 439/439/439 437/437/437
f 439/439/439 443/443/443 442/442/442
f 442/442/442 443/443/443 444/444/444
f 445/445/445 437/437/437 434/434/434
f 435/435/435 445/445/445 434/434/434
f 446/446/446 443/443/443 437/437/437
f 443/443/443 447/447/447 444/444/444
f 447/447/447 443/443/443 446/446/446
f 442/442/442 444/444/444 448/448/448
f 447/447/447 448/448/448 444/444/444
f 449/449/449 437/437/437 445/445/445
f 449/449/449 446/446/446 437/437/437
f 450/450/450 449/449/449 445/445/445
f 450/450/450 445/445/445 435/435/435
f 446/446/446 449/449/449 451/451/451
f 449/449/449 450/450/450 452/452/452
f 449/449/449 452/452/452 451/451/451
f 453/453/453 452/452/452 450/450/450
f 450/450/450 435/435/435 453/453/453
f 454/454/454 451/451/451 452/452/452
f 455/455/455 446/446/446 451/451/451
f 455/455/455 447/447/447 446/446/446
f 456/456/456 455/455/455 451/451/451
f 456/456/456 451/451/451 454/454/454
f 447/447/447 455/455/455 457/457/457
f 455/455/455 456/456/456 458/458/458
f 455/455/455 458/458/458 457/457/457
f 459/459/459 447/447/447 457/457/457
f 459/459/459 457/457/457 460/460/460
f 457/457/457 458/458/458 460/460/460
f 459/459/459 461/461/461 447/447/447
f 461/461/461 448/448/448 447/447/447
f 459/459/459 460/460/460 462/462/462
f 461/461/461 459/459/459 462/462/462
f 462/462/462 460/460/460 463/463/463
f 464/464/464 462/462/462 463/463/463
f 464/464/464 461/461/461 462/462/462
f 463/463/463 460/460/460 465/465/465
f 465/465/465 464/464/464 463/463/463
f 460/460/460 466/466/466 465/465/465
f 458/458/458 466/466/466 460/460/460
f 458/458/458 456/456/456 467/467/467
f 454/454/454 467/467/467 456/456/456
f 458/458/458 467/467/467 468/468/468
f 466/466/466 458/458/458 469/469/469
f 458/458/458 468/468/468 469/469/469
f 468/468/468 467/467/467 470/470/470
f 470/470/470 469/469/469 468/468/468
f 467/467/467 454/454/454 471/471/471
f 471/471/471 470/470/470 467/467/467
f 472/472/472 466/466/466 469/469/469
f 470/470/470 472/472/472 469/469/469
f 472/472/472 473/473/473 466/466/466
f 465/465/465 466/466/466 473/473/473
f 473/473/473 472/472/472 474/474/474
f 475/475/475 474/474/474 472/472/472
f 475/475/475 472/472/472 470/470/470
f 476/476/476 473/473/473 474/474/474
f 476/476/476 465/465/465 473/473/473
f 475/475/475 477/477/477 474/474/474
f 476/476/476 474/474/474 477/477/477
f 470/470/470 478/478/478 475/475/475
f 475/475/475 479/479/479 477/477/477
f 478/478/478 479/479/479 475/475/475
f 477/477/477 479/479/479 480/480/480
f 476/476/476 477/477/477 480/480/480
f 479/479/479 478/478/478 481/481/481
f 482/482/482 479/479/479 481/481/481
f 482/482/482 480/480/480 479/479/479
f 481/481/481 478/478/478 483/483/483
f 481/481/481 484/484/484 482/482/482
f 481/481/481 483/483/483 484/484/484
f 480/480/480 482/482/482 485/485/485
f 486/486/486 482/482/482 484/484/484
f 486/486/486 485/485/485 482/482/482
f 487/487/487 486/486/486 484/484/484
f 486/486/486 487/487/487 485/485/485
f 488/488/488 483/483/483 478/478/478
f 488/488/488 478/478/478 470/470/470
f 489/489/489 484/484/484 483/483/483
f 488/488/488 470/470/470 490/490/490
f 490/490/490 470/470/470 471/471/471
f 488/488/488 491/491/491 483/483/483
f 489/489/489 483/483/483 491/491/491
f 492/492/492 488/488/488 490/490/490
f 491/491/491 488/488/488 492/492/492
f 493/493/493 490/490/490 471/471/471
f 492/492/492 490/490/490 493/493/493
f 471/471/471 494/494/494 493/493/493
f 492/492/492 495/495/495 491/491/491
f 495/495/495 489/489/489 491/491/491
f 495/495/495 492/492/492 496/496/496
f 494/494/494 471/471/471 497/497/497
f 497/497/497 471/471/471 454/454/454
f 496/496/496 492/492/492 498/498/498
f 492/492/492 493/493/493 498/498/498
f 499/499/499 495/495/495 496/496/496
f 496/496/496 498/498/498 499/499/499
f 500/500/500 493/493/493 494/494/494
f 493/493/493 500/500/500 498/498/498
f 494/494/494 501/501/501 500/500/500
f 494/494/494 497/497/497 501/501/501
f 502/502/502 498/498/498 500/500/500
f 499/499/499 498/498/498 502/502/502
f 500/500/500 503/503/503 502/502/502
f 500/500/500 501/501/501 503/503/503
f 497/497/497 504/504/504 501/501/501
f 504/504/504 497/497/497 454/454/454
f 503/503/503 501/501/501 505/505/505
f 502/502/502 503/503/503 506/506/506
f 503/503/503 505/505/505 507/507/507
f 506/506/506 503/503/503 507/507/507
f 501/501/501 508/508/508 505/505/505
f 504/504/504 508/508/508 501/501/501
f 505/505/505 509/509/509 507/507/507
f 454/454/454 510/510/510 504/504/504
f 452/452/452 510/510/510 454/454/454
f 453/453/453 510/510/510 452/452/452
f 504/504/504 510/510/510 511/511/511
f 510/510/510 453/453/453 511/511/511
f 504/504/504 511/511/511 512/512/512
f 504/504/504 512/512/512 508/508/508
f 453/453/453 513/513/513 511/511/511
f 511/511/511 514/514/514 512/512/512
f 513/513/513 514/514/514 511/511/511
f 515/515/515 512/512/512 514/514/514
f 515/515/515 508/508/508 512/512/512
f 514/514/514 516/516/516 515/515/515
f 515/515/515 516/516/516 508/508/508
f 453/453/453 517/517/517 513/513/513
f 518/518/518 514/514/514 513/513/513
f 516/516/516 514/514/514 518/518/518
f 517/517/517 519/519/519 513/513/513
f 518/518/518 513/513/513 519/519/519
f 453/453/453 520/520/520 517/517/517
f 519/519/519 517/517/517 520/520/520
f 435/435/435 520/520/520 453/453/453
f 435/435/435 389/389/389 520/520/520
f 520/520/520 389/389/389 384/384/384
f 519/519/519 520/520/520 384/384/384
f 518/518/518 519/519/519 384/384/384
f 384/384/384 521/521/521 518/518/518
f 518/518/518 521/521/521 516/516/516
f 384/384/384 369/369/369 521/521/521
f 369/369/369 368/368/368 521/521/521
f 521/521/521 368/368/368 516/516/516
f 516/516/516 368/368/368 366/366/366
f 516/516/516 366/366/366 508/508/508
f 508/508/508 366/366/366 522/522/522
f 505/505/505 508/508/508 522/522/522
f 505/505/505 522/522/522 509/509/509
f 523/523/523 522/522/522 366/366/366
f 364/364/364 523/523/523 366/366/366
f 523/523/523 364/364/364 358/358/358
f 523/523/523 524/524/524 522/522/522
f 524/524/524 509/509/509 522/522/522
f 525/525/525 523/523/523 358/358/358
f 524/524/524 523/523/523 525/525/525
f 526/526/526 525/525/525 358/358/358
f 525/525/525 527/527/527 524/524/524
f 526/526/526 527/527/527 525/525/525
f 509/509/509 524/524/524 528/528/528
f 528/528/528 524/524/524 527/527/527
f 509/509/509 528/528/528 529/529/529
f 530/530/530 528/528/528 527/527/527
f 528/528/528 530/530/530 529/529/529
f 527/527/527 526/526/526 531/531/531
f 530/530/530 527/527/527 531/531/531
f 532/532/532 526/526/526 358/358/358
f 532/532/532 358/358/358 346/346/346
f 531/531/531 526/526/526 533/533/533
f 532/532/532 346/346/346 534/534/534
f 343/343/343 534/534/534 346/346/346
f 526/526/526 532/532/532 535/535/535
f 534/534/534 535/535/535 532/532/532
f 535/535/535 533/533/533 526/526/526
f 536/536/536 534/534/534 343/343/343
f 536/536/536 343/343/343 332/332/332
f 535/535/535 534/534/534 537/537/537
f 534/534/534 536/536/536 537/537/537
f 536/536/536 332/332/332 538/538/538
f 332/332/332 329/329/329 538/538/538
f 537/537/537 536/536/536 539/539/539
f 536/536/536 538/538/538 539/539/539
f 329/329/329 540/540/540 538/538/538
f 538/538/538 540/540/540 539/539/539
f 329/329/329 333/333/333 540/540/540
f 541/541/541 535/535/535 537/537/537
f 533/533/533 535/535/535 541/541/541
f 537/537/537 539/539/539 542/542/542
f 541/541/541 537/537/537 542/542/542
f 539/539/539 540/540/540 543/543/543
f 542/542/542 539/539/539 543/543/543
f 544/544/544 540/540/540 333/333/333
f 333/333/333 335/335/335 544/544/544
f 543/543/543 540/540/540 545/545/545
f 544/544/544 545/545/545 540/540/540
f 542/542/542 543/543/543 546/546/546
f 541/541/541 542/542/542 546/546/546
f 545/545/545 547/547/547 543/543/543
f 546/546/546 543/543/543 547/547/547
f 544/544/544 548/548/548 545/545/545
f 335/335/335 548/548/548 544/544/544
f 545/545/545 548/548/548 549/549/549
f 547/547/547 545/545/545 549/549/549
f 550/550/550 548/548/548 335/335/335
f 550/550/550 549/549/549 548/548/548
f 550/550/550 335/335/335 551/551/551
f 551/551/551 335/335/335 337/337/337
f 337/337/337 552/552/552 551/551/551
f 551/551/551 553/553/553 550/550/550
f 553/553/553 549/549/549 550/550/550
f 552/552/552 554/554/554 551/551/551
f 551/551/551 554/554/554 553/553/553
f 554/554/554 552/552/552 555/555/555
f 556/556/556 555/555/555 552/552/552
f 557/557/557 553/553/553 554/554/554
f 558/558/558 549/549/549 553/553/553
f 558/558/558 553/553/553 557/557/557
f 558/558/558 547/547/547 549/549/549
f 559/559/559 555/555/555 556/556/556
f 560/560/560 559/559/559 556/556/556
f 554/554/554 555/555/555 561/561/561
f 557/557/557 554/554/554 561/561/561
f 561/561/561 555/555/555 559/559/559
f 559/559/559 560/560/560 562/562/562
f 563/563/563 557/557/557 561/561/561
f 557/557/557 563/563/563 558/558/558
f 564/564/564 561/561/561 559/559/559
f 563/563/563 561/561/561 564/564/564
f 565/565/565 559/559/559 562/562/562
f 564/564/564 559/559/559 565/565/565
f 566/566/566 565/565/565 562/562/562
f 566/566/566 562/562/562 567/567/567
f 564/564/564 565/565/565 568/568/568
f 565/565/565 566/566/566 568/568/568
f 569/569/569 566/566/566 567/567/567
f 569/569/569 568/568/568 566/566/566
f 569/569/569 567/567/567 570/570/570
f 570/570/570 567/567/567 571/571/571
f 568/568/568 569/569/569 572/572/572
f 571/571/571 573/573/573 570/570/570
f 574/574/574 569/569/569 570/570/570
f 574/574/574 570/570/570 573/573/573
f 574/574/574 572/572/572 569/569/569
f 573/573/573 571/571/571 575/575/575
f 576/576/576 573/573/573 575/575/575
f 577/577/577 576/576/576 575/575/575
f 578/578/578 573/573/573 576/576/576
f 574/574/574 573/573/573 578/578/578
f 576/576/576 577/577/577 578/578/578
f 574/574/574 578/578/578 579/579/579
f 577/577/577 580/580/580 578/578/578
f 574/574/574 579/579/579 581/581/581
f 581/581/581 572/572/572 574/574/574
f 579/579/579 578/578/578 582/582/582
f 578/578/578 580/580/580 582/582/582
f 583/583/583 581/581/581 579/579/579
f 579/579/579 582/582/582 583/583/583
f 580/580/580 577/577/577 584/584/584
f 577/577/577 585/585/585 584/584/584
f 586/586/586 580/580/580 584/584/584
f 582/582/582 580/580/580 586/586/586
f 584/584/584 585/585/585 587/587/587
f 585/585/585 588/588/588 587/587/587
f 584/584/584 589/589/589 586/586/586
f 584/584/584 587/587/587 589/589/589
f 590/590/590 589/589/589 587/587/587
f 587/587/587 588/588/588 590/590/590
f 591/591/591 589/589/589 590/590/590
f 590/590/590 588/588/588 591/591/591
f 591/591/591 586/586/586 589/589/589
f 582/582/582 586/586/586 592/592/592
f 592/592/592 586/586/586 591/591/591
f 593/593/593 583/583/583 582/582/582
f 593/593/593 581/581/581 583/583/583
f 582/582/582 592/592/592 594/594/594
f 582/582/582 594/594/594 593/593/593
f 591/591/591 595/595/595 592/592/592
f 591/591/591 588/588/588 596/596/596
f 595/595/595 591/591/591 596/596/596
f 596/596/596 588/588/588 597/597/597
f 598/598/598 597/597/597 588/588/588
f 597/597/597 598/598/598 599/599/599
f 597/597/597 600/600/600 596/596/596
f 599/599/599 600/600/600 597/597/597
f 600/600/600 595/595/595 596/596/596
f 592/592/592 595/595/595 601/601/601
f 594/594/594 592/592/592 601/601/601
f 602/602/602 601/601/601 595/595/595
f 602/602/602 595/595/595 600/600/600
f 603/603/603 594/594/594 601/601/601
f 603/603/603 601/601/601 602/602/602
f 604/604/604 593/593/593 594/594/594
f 604/604/604 594/594/594 603/603/603
f 604/604/604 605/605/605 593/593/593
f 606/606/606 603/603/603 602/602/602
f 600/600/600 606/606/606 602/602/602
f 607/607/607 604/604/604 603/603/603
f 608/608/608 593/593/593 605/605/605
f 608/608/608 581/581/581 593/593/593
f 609/609/609 605/605/605 604/604/604
f 607/607/607 609/609/609 604/604/604
f 610/610/610 608/608/608 605/605/605
f 609/609/609 611/611/611 605/605/605
f 605/605/605 611/611/611 610/610/610
f 609/609/609 612/612/612 611/611/611
f 612/612/612 609/609/609 607/607/607
f 613/613/613 611/611/611 612/612/612
f 614/614/614 612/612/612 607/607/607
f 613/613/613 615/615/615 611/611/611
f 610/610/610 611/611/611 615/615/615
f 613/613/613 612/612/612 616/616/616
f 614/614/614 616/616/616 612/612/612
f 617/617/617 615/615/615 613/613/613
f 613/613/613 616/616/616 617/617/617
f 615/615/615 618/618/618 610/610/610
f 617/617/617 618/618/618 615/615/615
f 619/619/619 617/617/617 616/616/616
f 619/619/619 616/616/616 614/614/614
f 617/617/617 620/620/620 618/618/618
f 621/621/621 617/617/617 619/619/619
f 621/621/621 620/620/620 617/617/617
f 622/622/622 621/621/621 619/619/619
f 622/622/622 619/619/619 614/614/614
f 623/623/623 620/620/620 621/621/621
f 620/620/620 624/624/624 618/618/618
f 625/625/625 621/621/621 622/622/622
f 623/623/623 621/621/621 625/625/625
f 618/618/618 624/624/624 626/626/626
f 618/618/618 626/626/626 610/610/610
f 627/627/627 624/624/624 620/620/620
f 623/623/623 627/627/627 620/620/620
f 628/628/628 627/627/627 623/623/623
f 625/625/625 629/629/629 623/623/623
f 629/629/629 625/625/625 630/630/630
f 630/630/630 625/625/625 622/622/622
f 631/631/631 623/623/623 629/629/629
f 623/623/623 631/631/631 628/628/628
f 629/629/629 630/630/630 632/632/632
f 633/633/633 631/631/631 629/629/629
f 633/633/633 629/629/629 632/632/632
f 634/634/634 631/631/631 633/633/633
f 628/628/628 631/631/631 634/634/634
f 630/630/630 622/622/622 635/635/635
f 635/635/635 632/632/632 630/630/630
f 636/636/636 634/634/634 633/633/633
f 634/634/634 499/499/499 628/628/628
f 499/499/499 634/634/634 636/636/636
f 499/499/499 502/502/502 628/628/628
f 506/506/506 628/628/628 502/502/502
f 627/627/627 628/628/628 506/506/506
f 499/499/499 636/636/636 637/637/637
f 495/495/495 499/499/499 637/637/637
f 633/633/633 638/638/638 636/636/636
f 637/637/637 636/636/636 638/638/638
f 638/638/638 633/633/633 632/632/632
f 489/489/489 495/495/495 637/637/637
f 627/627/627 506/506/506 639/639/639
f 640/640/640 637/637/637 638/638/638
f 489/489/489 637/637/637 640/640/640
f 639/639/639 624/624/624 627/627/627
f 640/640/640 638/638/638 641/641/641
f 641/641/641 638/638/638 632/632/632
f 640/640/640 642/642/642 489/489/489
f 642/642/642 640/640/640 641/641/641
f 643/643/643 489/489/489 642/642/642
f 484/484/484 489/489/489 643/643/643
f 487/487/487 484/484/484 643/643/643
f 644/644/644 643/643/643 642/642/642
f 642/642/642 641/641/641 644/644/644
f 643/643/643 644/644/644 645/645/645
f 643/643/643 645/645/645 487/487/487
f 641/641/641 632/632/632 646/646/646
f 646/646/646 632/632/632 647/647/647
f 647/647/647 632/632/632 635/635/635
f 641/641/641 646/646/646 648/648/648
f 644/644/644 641/641/641 648/648/648
f 647/647/647 649/649/649 646/646/646
f 646/646/646 649/649/649 648/648/648
f 647/647/647 635/635/635 650/650/650
f 649/649/649 647/647/647 650/650/650
f 635/635/635 651/651/651 650/650/650
f 622/622/622 651/651/651 635/635/635
f 622/622/622 652/652/652 651/651/651
f 622/622/622 614/614/614 652/652/652
f 653/653/653 650/650/650 651/651/651
f 652/652/652 653/653/653 651/651/651
f 650/650/650 654/654/654 649/649/649
f 653/653/653 654/654/654 650/650/650
f 652/652/652 614/614/614 655/655/655
f 614/614/614 607/607/607 655/655/655
f 655/655/655 607/607/607 656/656/656
f 607/607/607 603/603/603 656/656/656
f 652/652/652 655/655/655 657/657/657
f 657/657/657 655/655/655 656/656/656
f 658/658/658 653/653/653 652/652/652
f 657/657/657 658/658/658 652/652/652
f 659/659/659 654/654/654 653/653/653
f 658/658/658 659/659/659 653/653/653
f 660/660/660 649/649/649 654/654/654
f 660/660/660 654/654/654 659/659/659
f 661/661/661 649/649/649 660/660/660
f 649/649/649 661/661/661 648/648/648
f 662/662/662 660/660/660 659/659/659
f 661/661/661 660/660/660 662/662/662
f 663/663/663 648/648/648 661/661/661
f 648/648/648 663/663/663 644/644/644
f 661/661/661 664/664/664 663/663/663
f 664/664/664 644/644/644 663/663/663
f 659/659/659 658/658/658 665/665/665
f 666/666/666 659/659/659 665/665/665
f 666/666/666 662/662/662 659/659/659
f 665/665/665 658/658/658 667/667/667
f 666/666/666 665/665/665 667/667/667
f 666/666/666 668/668/668 662/662/662
f 668/668/668 666/666/666 667/667/667
f 662/662/662 668/668/668 669/669/669
f 662/662/662 670/670/670 661/661/661
f 662/662/662 669/669/669 670/670/670
f 661/661/661 670/670/670 671/671/671
f 661/661/661 671/671/671 664/664/664
f 672/672/672 670/670/670 669/669/669
f 671/671/671 670/670/670 672/672/672
f 669/669/669 668/668/668 673/673/673
f 668/668/668 667/667/667 673/673/673
f 672/672/672 669/669/669 674/674/674
f 673/673/673 674/674/674 669/669/669
f 674/674/674 673/673/673 675/675/675
f 676/676/676 672/672/672 674/674/674
f 675/675/675 676/676/676 674/674/674
f 677/677/677 673/673/673 667/667/667
f 675/675/675 673/673/673 677/677/677
f 672/672/672 676/676/676 678/678/678
f 672/672/672 678/678/678 671/671/671
f 679/679/679 671/671/671 678/678/678
f 679/679/679 664/664/664 671/671/671
f 678/678/678 676/676/676 680/680/680
f 678/678/678 680/680/680 681/681/681
f 679/679/679 678/678/678 681/681/681
f 682/682/682 679/679/679 681/681/681
f 680/680/680 682/682/682 681/681/681
f 683/683/683 664/664/664 679/679/679
f 684/684/684 676/676/676 675/675/675
f 680/680/680 676/676/676 684/684/684
f 684/684/684 675/675/675 685/685/685
f 675/675/675 686/686/686 685/685/685
f 677/677/677 686/686/686 675/675/675
f 687/687/687 684/684/684 685/685/685
f 680/680/680 684/684/684 688/688/688
f 688/688/688 684/684/684 687/687/687
f 689/689/689 685/685/685 686/686/686
f 689/689/689 687/687/687 685/685/685
f 686/686/686 677/677/677 690/690/690
f 690/690/690 689/689/689 686/686/686
f 688/688/688 691/691/691 680/680/680
f 692/692/692 680/680/680 691/691/691
f 692/692/692 691/691/691 688/688/688
f 680/680/680 692/692/692 682/682/682
f 692/692/692 688/688/688 693/693/693
f 682/682/682 692/692/692 694/694/694
f 692/692/692 695/695/695 694/694/694
f 692/692/692 693/693/693 695/695/695
f 694/694/694 696/696/696 682/682/682
f 694/694/694 695/695/695 697/697/697
f 697/697/697 696/696/696 694/694/694
f 698/698/698 682/682/682 696/696/696
f 698/698/698 679/679/679 682/682/682
f 698/698/698 683/683/683 679/679/679
f 696/696/696 699/699/699 698/698/698
f 696/696/696 697/697/697 700/700/700
f 700/700/700 699/699/699 696/696/696
f 701/701/701 697/697/697 695/695/695
f 700/700/700 697/697/697 701/701/701
f 698/698/698 702/702/702 683/683/683
f 699/699/699 702/702/702 698/698/698
f 703/703/703 683/683/683 702/702/702
f 700/700/700 704/704/704 699/699/699
f 701/701/701 704/704/704 700/700/700
f 705/705/705 702/702/702 699/699/699
f 703/703/703 706/706/706 683/683/683
f 683/683/683 706/706/706 664/664/664
f 664/664/664 706/706/706 644/644/644
f 702/702/702 707/707/707 703/703/703
f 707/707/707 706/706/706 703/703/703
f 705/705/705 707/707/707 702/702/702
f 708/708/708 705/705/705 699/699/699
f 708/708/708 699/699/699 704/704/704
f 706/706/706 709/709/709 644/644/644
f 709/709/709 706/706/706 707/707/707
f 644/644/644 709/709/709 645/645/645
f 710/710/710 705/705/705 708/708/708
f 704/704/704 710/710/710 708/708/708
f 707/707/707 705/705/705 711/711/711
f 711/711/711 709/709/709 707/707/707
f 705/705/705 710/710/710 711/711/711
f 712/712/712 645/645/645 709/709/709
f 712/712/712 709/709/709 711/711/711
f 487/487/487 645/645/645 712/712/712
f 710/710/710 713/713/713 711/711/711
f 713/713/713 712/712/712 711/711/711
f 714/714/714 487/487/487 712/712/712
f 713/713/713 714/714/714 712/712/712
f 715/715/715 487/487/487 714/714/714
f 715/715/715 714/714/714 713/713/713
f 716/716/716 487/487/487 715/715/715
f 485/485/485 487/487/487 716/716/716
f 715/715/715 713/713/713 717/717/717
f 716/716/716 715/715/715 717/717/717
f 718/718/718 713/713/713 710/710/710
f 717/717/717 713/713/713 718/718/718
f 718/718/718 710/710/710 719/719/719
f 720/720/720 485/485/485 716/716/716
f 716/716/716 717/717/717 720/720/720
f 718/718/718 721/721/721 717/717/717
f 721/721/721 720/720/720 717/717/717
f 721/721/721 718/718/718 719/719/719
f 719/719/719 710/710/710 704/704/704
f 720/720/720 722/722/722 485/485/485
f 480/480/480 485/485/485 722/722/722
f 720/720/720 721/721/721 723/723/723
f 722/722/722 720/720/720 724/724/724
f 724/724/724 720/720/720 723/723/723
f 722/722/722 725/725/725 480/480/480
f 476/476/476 480/480/480 725/725/725
f 722/722/722 724/724/724 726/726/726
f 723/723/723 726/726/726 724/724/724
f 725/725/725 722/722/722 727/727/727
f 722/722/722 726/726/726 727/727/727
f 725/725/725 728/728/728 476/476/476
f 729/729/729 726/726/726 723/723/723
f 727/727/727 726/726/726 729/729/729
f 729/729/729 723/723/723 730/730/730
f 731/731/731 728/728/728 725/725/725
f 731/731/731 725/725/725 727/727/727
f 732/732/732 476/476/476 728/728/728
f 732/732/732 465/465/465 476/476/476
f 732/732/732 728/728/728 733/733/733
f 731/731/731 733/733/733 728/728/728
f 732/732/732 734/734/734 465/465/465
f 732/732/732 733/733/733 734/734/734
f 735/735/735 465/465/465 734/734/734
f 734/734/734 733/733/733 736/736/736
f 464/464/464 465/465/465 735/735/735
f 737/737/737 736/736/736 733/733/733
f 731/731/731 737/737/737 733/733/733
f 738/738/738 734/734/734 736/736/736
f 735/735/735 734/734/734 738/738/738
f 738/738/738 736/736/736 737/737/737
f 737/737/737 731/731/731 739/739/739
f 740/740/740 739/739/739 731/731/731
f 731/731/731 727/727/727 740/740/740
f 739/739/739 741/741/741 737/737/737
f 741/741/741 739/739/739 740/740/740
f 738/738/738 737/737/737 742/742/742
f 737/737/737 741/741/741 742/742/742
f 743/743/743 738/738/738 742/742/742
f 742/742/742 741/741/741 744/744/744
f 744/744/744 743/743/743 742/742/742
f 745/745/745 744/744/744 741/741/741
f 746/746/746 745/745/745 741/741/741
f 746/746/746 741/741/741 740/740/740
f 744/744/744 745/745/745 747/747/747
f 745/745/745 746/746/746 748/748/748
f 745/745/745 748/748/748 747/747/747
f 740/740/740 749/749/749 746/746/746
f 749/749/749 748/748/748 746/746/746
f 747/747/747 750/750/750 744/744/744
f 744/744/744 750/750/750 743/743/743
f 748/748/748 751/751/751 747/747/747
f 747/747/747 752/752/752 750/750/750
f 752/752/752 747/747/747 751/751/751
f 753/753/753 750/750/750 752/752/752
f 743/743/743 750/750/750 753/753/753
f 752/752/752 751/751/751 754/754/754
f 752/752/752 755/755/755 753/753/753
f 752/752/752 754/754/754 755/755/755
f 755/755/755 756/756/756 753/753/753
f 757/757/757 753/753/753 756/756/756
f 753/753/753 757/757/757 743/743/743
f 755/755/755 758/758/758 756/756/756
f 743/743/743 757/757/757 759/759/759
f 760/760/760 757/757/757 756/756/756
f 756/756/756 758/758/758 760/760/760
f 761/761/761 759/759/759 757/757/757
f 757/757/757 760/760/760 761/761/761
f 762/762/762 743/743/743 759/759/759
f 759/759/759 761/761/761 762/762/762
f 762/762/762 763/763/763 743/743/743
f 743/743/743 763/763/763 738/738/738
f 763/763/763 735/735/735 738/738/738
f 764/764/764 735/735/735 763/763/763
f 735/735/735 764/764/764 464/464/464
f 763/763/763 762/762/762 765/765/765
f 764/764/764 763/763/763 765/765/765
f 764/764/764 766/766/766 464/464/464
f 766/766/766 764/764/764 765/765/765
f 767/767/767 464/464/464 766/766/766
f 768/768/768 765/765/765 762/762/762
f 768/768/768 762/762/762 761/761/761
f 769/769/769 766/766/766 765/765/765
f 766/766/766 769/769/769 767/767/767
f 461/461/461 464/464/464 767/767/767
f 765/765/765 770/770/770 769/769/769
f 767/767/767 769/769/769 771/771/771
f 771/771/771 769/769/769 770/770/770
f 772/772/772 461/461/461 767/767/767
f 772/772/772 767/767/767 771/771/771
f 765/765/765 773/773/773 770/770/770
f 765/765/765 768/768/768 773/773/773
f 774/774/774 461/461/461 772/772/772
f 772/772/772 771/771/771 774/774/774
f 461/461/461 774/774/774 775/775/775
f 448/448/448 461/461/461 775/775/775
f 775/775/775 774/774/774 776/776/776
f 448/448/448 775/775/775 776/776/776
f 777/777/777 776/776/776 774/774/774
f 777/777/777 448/448/448 776/776/776
f 774/774/774 771/771/771 778/778/778
f 774/774/774 778/778/778 777/777/777
f 778/778/778 771/771/771 779/779/779
f 779/779/779 771/771/771 770/770/770
f 777/777/777 778/778/778 780/780/780
f 777/777/777 780/780/780 448/448/448
f 781/781/781 780/780/780 778/778/778
f 781/781/781 778/778/778 779/779/779
f 782/782/782 448/448/448 780/780/780
f 448/448/448 782/782/782 442/442/442
f 441/441/441 442/442/442 782/782/782
f 780/780/780 783/783/783 782/782/782
f 783/783/783 780/780/780 781/781/781
f 441/441/441 782/782/782 783/783/783
f 781/781/781 779/779/779 784/784/784
f 781/781/781 785/785/785 783/783/783
f 785/785/785 781/781/781 784/784/784
f 783/783/783 786/786/786 441/441/441
f 786/786/786 783/783/783 785/785/785
f 441/441/441 786/786/786 787/787/787
f 426/426/426 441/441/441 787/787/787
f 428/428/428 426/426/426 787/787/787
f 788/788/788 787/787/787 786/786/786
f 789/789/789 786/786/786 785/785/785
f 788/788/788 786/786/786 789/789/789
f 788/788/788 790/790/790 787/787/787
f 428/428/428 787/787/787 790/790/790
f 789/789/789 791/791/791 788/788/788
f 792/792/792 790/790/790 788/788/788
f 792/792/792 788/788/788 791/791/791
f 789/789/789 785/785/785 793/793/793
f 784/784/784 793/793/793 785/785/785
f 789/789/789 794/794/794 791/791/791
f 789/789/789 793/793/793 794/794/794
f 795/795/795 792/792/792 791/791/791
f 791/791/791 794/794/794 795/795/795
f 796/796/796 790/790/790 792/792/792
f 795/795/795 797/797/797 792/792/792
f 796/796/796 792/792/792 797/797/797
f 798/798/798 790/790/790 796/796/796
f 798/798/798 428/428/428 790/790/790
f 794/794/794 799/799/799 795/795/795
f 795/795/795 799/799/799 797/797/797
f 799/799/799 794/794/794 800/800/800
f 793/793/793 800/800/800 794/794/794
f 801/801/801 799/799/799 800/800/800
f 798/798/798 802/802/802 428/428/428
f 428/428/428 802/802/802 427/427/427
f 803/803/803 802/802/802 798/798/798
f 427/427/427 802/802/802 804/804/804
f 798/798/798 796/796/796 805/805/805
f 798/798/798 805/805/805 803/803/803
f 805/805/805 796/796/796 797/797/797
f 421/421/421 427/427/427 804/804/804
f 806/806/806 804/804/804 802/802/802
f 802/802/802 803/803/803 806/806/806
f 804/804/804 807/807/807 421/421/421
f 808/808/808 804/804/804 806/806/806
f 807/807/807 804/804/804 808/808/808
f 808/808/808 806/806/806 809/809/809
f 803/803/803 810/810/810 806/806/806
f 806/806/806 810/810/810 809/809/809
f 809/809/809 811/811/811 808/808/808
f 811/811/811 809/809/809 810/810/810
f 249/249/249 807/807/807 808/808/808
f 249/249/249 808/808/808 811/811/811
f 421/421/421 807/807/807 812/812/812
f 249/249/249 812/812/812 807/807/807
f 811/811/811 250/250/250 249/249/249
f 249/249/249 248/248/248 812/812/812
f 811/811/811 244/244/244 250/250/250
f 421/421/421 812/812/812 813/813/813
f 813/813/813 812/812/812 248/248/248
f 421/421/421 813/813/813 413/413/413
f 813/813/813 410/410/410 413/413/413
f 813/813/813 248/248/248 814/814/814
f 813/813/813 814/814/814 410/410/410
f 248/248/248 253/253/253 814/814/814
f 270/270/270 410/410/410 814/814/814
f 814/814/814 253/253/253 257/257/257
f 814/814/814 257/257/257 270/270/270
f 815/815/815 244/244/244 811/811/811
f 815/815/815 811/811/811 816/816/816
f 816/816/816 811/811/811 810/810/810
f 817/817/817 244/244/244 815/815/815
f 816/816/816 810/810/810 818/818/818
f 810/810/810 803/803/803 818/818/818
f 819/819/819 815/815/815 816/816/816
f 819/819/819 816/816/816 818/818/818
f 817/817/817 815/815/815 820/820/820
f 815/815/815 819/819/819 820/820/820
f 817/817/817 821/821/821 244/244/244
f 244/244/244 821/821/821 210/210/210
f 820/820/820 822/822/822 817/817/817
f 822/822/822 821/821/821 817/817/817
f 821/821/821 823/823/823 210/210/210
f 822/822/822 823/823/823 821/821/821
f 203/203/203 210/210/210 823/823/823
f 820/820/820 824/824/824 822/822/822
f 823/823/823 822/822/822 824/824/824
f 819/819/819 825/825/825 820/820/820
f 824/824/824 820/820/820 825/825/825
f 823/823/823 826/826/826 203/203/203
f 827/827/827 826/826/826 823/823/823
f 824/824/824 827/827/827 823/823/823
f 828/828/828 203/203/203 826/826/826
f 828/828/828 826/826/826 827/827/827
f 828/828/828 191/191/191 203/203/203
f 828/828/828 193/193/193 191/191/191
f 828/828/828 827/827/827 829/829/829
f 193/193/193 828/828/828 829/829/829
f 824/824/824 830/830/830 827/827/827
f 831/831/831 829/829/829 827/827/827
f 827/827/827 830/830/830 831/831/831
f 193/193/193 829/829/829 832/832/832
f 829/829/829 831/831/831 832/832/832
f 830/830/830 824/824/824 833/833/833
f 833/833/833 824/824/824 825/825/825
f 831/831/831 830/830/830 834/834/834
f 830/830/830 833/833/833 834/834/834
f 825/825/825 835/835/835 833/833/833
f 831/831/831 834/834/834 836/836/836
f 832/832/832 831/831/831 836/836/836
f 833/833/833 837/837/837 834/834/834
f 835/835/835 837/837/837 833/833/833
f 838/838/838 836/836/836 834/834/834
f 839/839/839 834/834/834 837/837/837
f 838/838/838 834/834/834 839/839/839
f 840/840/840 836/836/836 838/838/838
f 839/839/839 840/840/840 838/838/838
f 836/836/836 841/841/841 832/832/832
f 841/841/841 836/836/836 840/840/840
f 841/841/841 842/842/842 832/832/832
f 841/841/841 840/840/840 842/842/842
f 839/839/839 837/837/837 843/843/843
f 837/837/837 835/835/835 843/843/843
f 839/839/839 843/843/843 844/844/844
f 835/835/835 844/844/844 843/843/843
f 840/840/840 839/839/839 845/845/845
f 840/840/840 845/845/845 846/846/846
f 840/840/840 846/846/846 842/842/842
f 839/839/839 847/847/847 845/845/845
f 846/846/846 848/848/848 842/842/842
f 845/845/845 849/849/849 846/846/846
f 845/845/845 847/847/847 849/849/849
f 849/849/849 848/848/848 846/846/846
f 847/847/847 839/839/839 850/850/850
f 850/850/850 839/839/839 844/844/844
f 850/850/850 851/851/851 847/847/847
f 852/852/852 850/850/850 844/844/844
f 852/852/852 853/853/853 850/850/850
f 853/853/853 851/851/851 850/850/850
f 844/844/844 854/854/854 852/852/852
f 853/853/853 852/852/852 855/855/855
f 852/852/852 854/854/854 855/855/855
f 853/853/853 855/855/855 856/856/856
f 853/853/853 856/856/856 857/857/857
f 851/851/851 853/853/853 857/857/857
f 855/855/855 858/858/858 856/856/856
f 856/856/856 858/858/858 857/857/857
f 859/859/859 855/855/855 854/854/854
f 858/858/858 855/855/855 859/859/859
f 854/854/854 844/844/844 860/860/860
f 835/835/835 860/860/860 844/844/844
f 854/854/854 861/861/861 859/859/859
f 862/862/862 854/854/854 860/860/860
f 861/861/861 854/854/854 862/862/862
f 835/835/835 863/863/863 860/860/860
f 862/862/862 860/860/860 864/864/864
f 860/860/860 863/863/863 864/864/864
f 865/865/865 862/862/862 864/864/864
f 861/861/861 862/862/862 865/865/865
f 866/866/866 864/864/864 863/863/863
f 865/865/865 864/864/864 866/866/866
f 835/835/835 867/867/867 863/863/863
f 867/867/867 835/835/835 825/825/825
f 863/863/863 868/868/868 866/866/866
f 863/863/863 867/867/867 868/868/868
f 867/867/867 825/825/825 869/869/869
f 819/819/819 869/869/869 825/825/825
f 867/867/867 870/870/870 868/868/868
f 867/867/867 869/869/869 870/870/870
f 818/818/818 869/869/869 819/819/819
f 871/871/871 868/868/868 870/870/870
f 868/868/868 871/871/871 866/866/866
f 872/872/872 869/869/869 818/818/818
f 803/803/803 872/872/872 818/818/818
f 869/869/869 873/873/873 870/870/870
f 869/869/869 872/872/872 873/873/873
f 872/872/872 803/803/803 805/805/805
f 873/873/873 874/874/874 870/870/870
f 871/871/871 870/870/870 874/874/874
f 873/873/873 872/872/872 875/875/875
f 874/874/874 873/873/873 875/875/875
f 872/872/872 805/805/805 876/876/876
f 875/875/875 872/872/872 876/876/876
f 797/797/797 876/876/876 805/805/805
f 877/877/877 874/874/874 875/875/875
f 875/875/875 876/876/876 878/878/878
f 878/878/878 877/877/877 875/875/875
f 876/876/876 797/797/797 878/878/878
f 874/874/874 877/877/877 879/879/879
f 877/877/877 878/878/878 879/879/879
f 879/879/879 871/871/871 874/874/874
f 879/879/879 878/878/878 880/880/880
f 880/880/880 871/871/871 879/879/879
f 797/797/797 881/881/881 878/878/878
f 881/881/881 880/880/880 878/878/878
f 797/797/797 882/882/882 881/881/881
f 797/797/797 799/799/799 882/882/882
f 882/882/882 799/799/799 801/801/801
f 883/883/883 871/871/871 880/880/880
f 866/866/866 871/871/871 883/883/883
f 884/884/884 880/880/880 881/881/881
f 884/884/884 883/883/883 880/880/880
f 865/865/865 866/866/866 883/883/883
f 885/885/885 884/884/884 881/881/881
f 885/885/885 881/881/881 882/882/882
f 883/883/883 884/884/884 886/886/886
f 886/886/886 884/884/884 885/885/885
f 883/883/883 887/887/887 865/865/865
f 865/865/865 887/887/887 861/861/861
f 886/886/886 888/888/888 883/883/883
f 883/883/883 888/888/888 887/887/887
f 861/861/861 887/887/887 889/889/889
f 889/889/889 887/887/887 888/888/888
f 890/890/890 885/885/885 882/882/882
f 882/882/882 801/801/801 890/890/890
f 800/800/800 890/890/890 801/801/801
f 885/885/885 891/891/891 886/886/886
f 885/885/885 890/890/890 891/891/891
f 888/888/888 886/886/886 892/892/892
f 891/891/891 892/892/892 886/886/886
f 893/893/893 890/890/890 800/800/800
f 793/793/793 893/893/893 800/800/800
f 890/890/890 894/894/894 891/891/891
f 888/888/888 892/892/892 895/895/895
f 895/895/895 889/889/889 888/888/888
f 896/896/896 892/892/892 891/891/891
f 896/896/896 891/891/891 894/894/894
f 897/897/897 895/895/895 892/892/892
f 896/896/896 897/897/897 892/892/892
f 898/898/898 889/889/889 895/895/895
f 898/898/898 861/861/861 889/889/889
f 899/899/899 861/861/861 898/898/898
f 859/859/859 861/861/861 899/899/899
f 900/900/900 859/859/859 899/899/899
f 899/899/899 898/898/898 900/900/900
f 901/901/901 898/898/898 895/895/895
f 901/901/901 895/895/895 897/897/897
f 900/900/900 898/898/898 901/901/901
f 859/859/859 900/900/900 858/858/858
f 901/901/901 897/897/897 902/902/902
f 901/901/901 902/902/902 900/900/900
f 903/903/903 858/858/858 900/900/900
f 900/900/900 902/902/902 903/903/903
f 904/904/904 902/902/902 897/897/897
f 904/904/904 897/897/897 896/896/896
f 902/902/902 904/904/904 905/905/905
f 903/903/903 902/902/902 905/905/905
f 904/904/904 896/896/896 906/906/906
f 904/904/904 907/907/907 905/905/905
f 906/906/906 907/907/907 904/904/904
f 903/903/903 905/905/905 908/908/908
f 907/907/907 908/908/908 905/905/905
f 858/858/858 903/903/903 909/909/909
f 896/896/896 910/910/910 906/906/906
f 907/907/907 906/906/906 911/911/911
f 910/910/910 912/912/912 906/906/906
f 911/911/911 906/906/906 912/912/912
f 909/909/909 903/903/903 913/913/913
f 903/903/903 908/908/908 913/913/913
f 914/914/914 858/858/858 909/909/909
f 857/857/857 858/858/858 914/914/914
f 915/915/915 909/909/909 913/913/913
f 914/914/914 909/909/909 916/916/916
f 916/916/916 909/909/909 915/915/915
f 913/913/913 908/908/908 917/917/917
f 913/913/913 917/917/917 915/915/915
f 918/918/918 857/857/857 914/914/914
f 914/914/914 916/916/916 919/919/919
f 914/914/914 919/919/919 918/918/918
f 918/918/918 920/920/920 857/857/857
f 851/851/851 857/857/857 920/920/920
f 918/918/918 919/919/919 921/921/921
f 920/920/920 918/918/918 921/921/921
f 922/922/922 919/919/919 916/916/916
f 915/915/915 922/922/922 916/916/916
f 923/923/923 921/921/921 919/919/919
f 923/923/923 919/919/919 922/922/922
f 924/924/924 920/920/920 921/921/921
f 851/851/851 920/920/920 924/924/924
f 925/925/925 922/922/922 915/915/915
f 923/923/923 922/922/922 925/925/925
f 925/925/925 915/915/915 926/926/926
f 927/927/927 926/926/926 915/915/915
f 915/915/915 917/917/917 927/927/927
f 917/917/917 928/928/928 927/927/927
f 926/926/926 927/927/927 928/928/928
f 925/925/925 926/926/926 929/929/929
f 925/925/925 929/929/929 923/923/923
f 926/926/926 930/930/930 929/929/929
f 930/930/930 926/926/926 931/931/931
f 931/931/931 926/926/926 928/928/928
f 929/929/929 930/930/930 932/932/932
f 923/923/923 929/929/929 932/932/932
f 931/931/931 933/933/933 930/930/930
f 932/932/932 930/930/930 933/933/933
f 931/931/931 928/928/928 934/934/934
f 932/932/932 933/933/933 935/935/935
f 933/933/933 931/931/931 936/936/936
f 935/935/935 933/933/933 936/936/936
f 931/931/931 937/937/937 936/936/936
f 931/931/931 934/934/934 937/937/937
f 928/928/928 938/938/938 934/934/934
f 928/928/928 939/939/939 938/938/938
f 928/928/928 917/917/917 939/939/939
f 938/938/938 940/940/940 934/934/934
f 938/938/938 939/939/939 940/940/940
f 917/917/917 941/941/941 939/939/939
f 917/917/917 908/908/908 941/941/941
f 942/942/942 940/940/940 939/939/939
f 908/908/908 943/943/943 941/941/941
f 907/907/907 943/943/943 908/908/908
f 944/944/944 939/939/939 941/941/941
f 941/941/941 943/943/943 944/944/944
f 944/944/944 942/942/942 939/939/939
f 907/907/907 911/911/911 943/943/943
f 943/943/943 945/945/945 944/944/944
f 911/911/911 945/945/945 943/943/943
f 946/946/946 944/944/944 945/945/945
f 946/946/946 942/942/942 944/944/944
f 911/911/911 947/947/947 945/945/945
f 945/945/945 948/948/948 946/946/946
f 945/945/945 947/947/947 948/948/948
f 946/946/946 949/949/949 942/942/942
f 948/948/948 949/949/949 946/946/946
f 950/950/950 942/942/942 949/949/949
f 948/948/948 951/951/951 949/949/949
f 950/950/950 949/949/949 951/951/951
f 948/948/948 952/952/952 951/951/951
f 951/951/951 953/953/953 950/950/950
f 952/952/952 953/953/953 951/951/951
f 948/948/948 954/954/954 952/952/952
f 947/947/947 954/954/954 948/948/948
f 955/955/955 953/953/953 952/952/952
f 952/952/952 954/954/954 955/955/955
f 956/956/956 950/950/950 953/953/953
f 957/957/957 942/942/942 950/950/950
f 950/950/950 956/956/956 957/957/957
f 958/958/958 942/942/942 957/957/957
f 958/958/958 940/940/940 942/942/942
f 958/958/958 957/957/957 959/959/959
f 959/959/959 957/957/957 956/956/956
f 940/940/940 958/958/958 960/960/960
f 958/958/958 959/959/959 960/960/960
f 934/934/934 940/940/940 960/960/960
f 960/960/960 961/961/961 934/934/934
f 934/934/934 961/961/961 937/937/937
f 959/959/959 962/962/962 960/960/960
f 960/960/960 962/962/962 961/961/961
f 959/959/959 963/963/963 962/962/962
f 963/963/963 959/959/959 956/956/956
f 964/964/964 937/937/937 961/961/961
f 961/961/961 962/962/962 964/964/964
f 965/965/965 963/963/963 956/956/956
f 963/963/963 965/965/965 962/962/962
f 964/964/964 966/966/966 937/937/937
f 962/962/962 965/965/965 967/967/967
f 968/968/968 937/937/937 966/966/966
f 937/937/937 968/968/968 936/936/936
f 969/969/969 936/936/936 968/968/968
f 935/935/935 936/936/936 969/969/969
f 969/969/969 968/968/968 970/970/970
f 970/970/970 968/968/968 966/966/966
f 971/971/971 935/935/935 969/969/969
f 971/971/971 969/969/969 970/970/970
f 970/970/970 966/966/966 972/972/972
f 967/967/967 965/965/965 973/973/973
f 974/974/974 970/970/970 972/972/972
f 970/970/970 974/974/974 971/971/971
f 971/971/971 975/975/975 935/935/935
f 971/971/971 976/976/976 975/975/975
f 975/975/975 977/977/977 935/935/935
f 935/935/935 977/977/977 932/932/932
f 975/975/975 976/976/976 978/978/978
f 979/979/979 976/976/976 971/971/971
f 978/978/978 976/976/976 979/979/979
f 979/979/979 971/971/971 974/974/974
f 980/980/980 975/975/975 978/978/978
f 975/975/975 980/980/980 977/977/977
f 977/977/977 981/981/981 932/932/932
f 923/923/923 932/932/932 981/981/981
f 982/982/982 977/977/977 980/980/980
f 981/981/981 983/983/983 923/923/923
f 984/984/984 981/981/981 977/977/977
f 981/981/981 984/984/984 983/983/983
f 984/984/984 977/977/977 982/982/982
f 923/923/923 983/983/983 985/985/985
f 985/985/985 983/983/983 984/984/984
f 923/923/923 985/985/985 921/921/921
f 921/921/921 985/985/985 924/924/924
f 924/924/924 985/985/985 986/986/986
f 985/985/985 984/984/984 986/986/986
f 924/924/924 986/986/986 987/987/987
f 984/984/984 987/987/987 986/986/986
f 984/984/984 988/988/988 987/987/987
f 984/984/984 982/982/982 989/989/989
f 989/989/989 988/988/988 984/984/984
f 990/990/990 987/987/987 988/988/988
f 989/989/989 990/990/990 988/988/988
f 991/991/991 924/924/924 987/987/987
f 990/990/990 991/991/991 987/987/987
f 991/991/991 851/851/851 924/924/924
f 991/991/991 847/847/847 851/851/851
f 849/849/849 847/847/847 991/991/991
f 849/849/849 991/991/991 990/990/990
f 990/990/990 989/989/989 992/992/992
f 982/982/982 993/993/993 989/989/989
f 982/982/982 980/980/980 993/993/993
f 989/989/989 994/994/994 992/992/992
f 989/989/989 993/993/993 994/994/994
f 995/995/995 990/990/990 992/992/992
f 992/992/992 994/994/994 995/995/995
f 849/849/849 990/990/990 996/996/996
f 996/996/996 990/990/990 995/995/995
f 849/849/849 996/996/996 997/997/997
f 849/849/849 997/997/997 848/848/848
f 996/996/996 998/998/998 997/997/997
f 997/997/997 998/998/998 848/848/848
f 999/999/999 994/994/994 993/993/993
f 995/995/995 994/994/994 999/999/999
f 993/993/993 980/980/980 1000/1000/1000
f 993/993/993 1000/1000/1000 999/999/999
f 1000/1000/1000 980/980/980 978/978/978
f 996/996/996 995/995/995 1001/1001/1001
f 996/996/996 1001/1001/1001 998/998/998
f 1000/1000/1000 978/978/978 1002/1002/1002
f 1002/1002/1002 978/978/978 979/979/979
f 1000/1000/1000 1003/1003/1003 999/999/999
f 1003/1003/1003 1000/1000/1000 1002/1002/1002
f 1004/1004/1004 1002/1002/1002 979/979/979
f 1005/1005/1005 1003/1003/1003 1002/1002/1002
f 1002/1002/1002 1004/1004/1004 1005/1005/1005
f 979/979/979 974/974/974 1004/1004/1004
f 1006/1006/1006 1003/1003/1003 1005/1005/1005
f 1007/1007/1007 999/999/999 1003/1003/1003
f 1007/1007/1007 1003/1003/1003 1006/1006/1006
f 1007/1007/1007 1008/1008/1008 999/999/999
f 1008/1008/1008 995/995/995 999/999/999
f 1007/1007/1007 1006/1006/1006 1009/1009/1009
f 1010/1010/1010 1006/1006/1006 1005/1005/1005
f 1010/1010/1010 1009/1009/1009 1006/1006/1006
f 1011/1011/1011 1005/1005/1005 1004/1004/1004
f 1011/1011/1011 1010/1010/1010 1005/1005/1005
f 1012/1012/1012 995/995/995 1008/1008/1008
f 1012/1012/1012 1001/1001/1001 995/995/995
f 1007/1007/1007 1013/1013/1013 1008/1008/1008
f 1007/1007/1007 1009/1009/1009 1013/1013/1013
f 1008/1008/1008 1014/1014/1014 1012/1012/1012
f 1008/1008/1008 1013/1013/1013 1014/1014/1014
f 1015/1015/1015 1001/1001/1001 1012/1012/1012
f 1012/1012/1012 1014/1014/1014 1015/1015/1015
f 1013/1013/1013 1009/1009/1009 1016/1016/1016
f 1014/1014/1014 1013/1013/1013 1017/1017/1017
f 1017/1017/1017 1013/1013/1013 1016/1016/1016
f 1009/1009/1009 1018/1018/1018 1016/1016/1016
f 1009/1009/1009 1010/1010/1010 1018/1018/1018
f 1014/1014/1014 1019/1019/1019 1015/1015/1015
f 1017/1017/1017 1019/1019/1019 1014/1014/1014
f 1015/1015/1015 1020/1020/1020 1001/1001/1001
f 998/998/998 1001/1001/1001 1020/1020/1020
f 1019/1019/1019 1021/1021/1021 1015/1015/1015
f 1015/1015/1015 1021/1021/1021 1022/1022/1022
f 1020/1020/1020 1015/1015/1015 1022/1022/1022
f 1021/1021/1021 1019/1019/1019 1023/1023/1023
f 1022/1022/1022 1021/1021/1021 1023/1023/1023
f 1019/1019/1019 1017/1017/1017 1024/1024/1024
f 1019/1019/1019 1024/1024/1024 1025/1025/1025
f 1019/1019/1019 1025/1025/1025 1023/1023/1023
f 1017/1017/1017 1026/1026/1026 1024/1024/1024
f 1026/1026/1026 1025/1025/1025 1024/1024/1024
f 1022/1022/1022 1023/1023/1023 1027/1027/1027
f 1028/1028/1028 1022/1022/1022 1027/1027/1027
f 1020/1020/1020 1022/1022/1022 1028/1028/1028
f 1023/1023/1023 1029/1029/1029 1027/1027/1027
f 1028/1028/1028 1027/1027/1027 1030/1030/1030
f 1027/1027/1027 1029/1029/1029 1030/1030/1030
f 1020/1020/1020 1028/1028/1028 1031/1031/1031
f 1031/1031/1031 1028/1028/1028 1030/1030/1030
f 1032/1032/1032 1023/1023/1023 1025/1025/1025
f 1023/1023/1023 1032/1032/1032 1029/1029/1029
f 1025/1025/1025 1033/1033/1033 1032/1032/1032
f 1025/1025/1025 1026/1026/1026 1033/1033/1033
f 1034/1034/1034 1029/1029/1029 1032/1032/1032
f 1033/1033/1033 1035/1035/1035 1032/1032/1032
f 1034/1034/1034 1032/1032/1032 1035/1035/1035
f 184/184/184 1030/1030/1030 1029/1029/1029
f 184/184/184 1036/1036/1036 1030/1030/1030
f 1030/1030/1030 1036/1036/1036 1031/1031/1031
f 184/184/184 1029/1029/1029 1037/1037/1037
f 1029/1029/1029 1034/1034/1034 1037/1037/1037
f 184/184/184 1037/1037/1037 180/180/180
f 1037/1037/1037 178/178/178 180/180/180
f 1037/1037/1037 1034/1034/1034 178/178/178
f 184/184/184 185/185/185 1036/1036/1036
f 1034/1034/1034 1038/1038/1038 178/178/178
f 178/178/178 1038/1038/1038 176/176/176
f 1039/1039/1039 1038/1038/1038 1034/1034/1034
f 1034/1034/1034 1035/1035/1035 1039/1039/1039
f 176/176/176 1038/1038/1038 1040/1040/1040
f 1038/1038/1038 1039/1039/1039 1040/1040/1040
f 1040/1040/1040 174/174/174 176/176/176
f 1041/1041/1041 1039/1039/1039 1035/1035/1035
f 1039/1039/1039 1041/1041/1041 1040/1040/1040
f 1042/1042/1042 1041/1041/1041 1035/1035/1035
f 1041/1041/1041 1043/1043/1043 1040/1040/1040
f 1041/1041/1041 1042/1042/1042 1043/1043/1043
f 1044/1044/1044 1042/1042/1042 1035/1035/1035
f 1035/1035/1035 1033/1033/1033 1044/1044/1044
f 1045/1045/1045 1043/1043/1043 1042/1042/1042
f 1046/1046/1046 1040/1040/1040 1043/1043/1043
f 1043/1043/1043 1045/1045/1045 1046/1046/1046
f 1040/1040/1040 1046/1046/1046 1047/1047/1047
f 1046/1046/1046 1045/1045/1045 1048/1048/1048
f 1048/1048/1048 1047/1047/1047 1046/1046/1046
f 1042/1042/1042 1049/1049/1049 1045/1045/1045
f 1044/1044/1044 1049/1049/1049 1042/1042/1042
f 1040/1040/1040 1047/1047/1047 1050/1050/1050
f 174/174/174 1040/1040/1040 1050/1050/1050
f 174/174/174 1050/1050/1050 1051/1051/1051
f 174/174/174 1051/1051/1051 166/166/166
f 1052/1052/1052 1050/1050/1050 1047/1047/1047
f 1051/1051/1051 1050/1050/1050 1052/1052/1052
f 1051/1051/1051 1053/1053/1053 166/166/166
f 1051/1051/1051 1052/1052/1052 1053/1053/1053
f 1052/1052/1052 1047/1047/1047 1054/1054/1054
f 1054/1054/1054 1047/1047/1047 1048/1048/1048
f 1052/1052/1052 1055/1055/1055 1053/1053/1053
f 1055/1055/1055 1052/1052/1052 1054/1054/1054
f 166/166/166 1053/1053/1053 1056/1056/1056
f 1053/1053/1053 1055/1055/1055 1056/1056/1056
f 166/166/166 1056/1056/1056 1057/1057/1057
f 166/166/166 1057/1057/1057 163/163/163
f 163/163/163 1057/1057/1057 162/162/162
f 1057/1057/1057 1056/1056/1056 1058/1058/1058
f 162/162/162 1057/1057/1057 1059/1059/1059
f 1057/1057/1057 1058/1058/1058 1059/1059/1059
f 1056/1056/1056 1055/1055/1055 1060/1060/1060
f 1060/1060/1060 1058/1058/1058 1056/1056/1056
f 1058/1058/1058 1061/1061/1061 1059/1059/1059
f 1061/1061/1061 1058/1058/1058 1060/1060/1060
f 1059/1059/1059 1062/1062/1062 162/162/162
f 1063/1063/1063 1059/1059/1059 1061/1061/1061
f 1059/1059/1059 1063/1063/1063 1062/1062/1062
f 1064/1064/1064 162/162/162 1062/1062/1062
f 134/134/134 162/162/162 1064/1064/1064
f 1062/1062/1062 1065/1065/1065 1064/1064/1064
f 1063/1063/1063 1065/1065/1065 1062/1062/1062
f 1066/1066/1066 134/134/134 1064/1064/1064
f 1064/1064/1064 1065/1065/1065 1066/1066/1066
f 134/134/134 1066/1066/1066 105/105/105
f 105/105/105 1066/1066/1066 98/98/98
f 98/98/98 1066/1066/1066 1065/1065/1065
f 1063/1063/1063 1061/1061/1061 1067/1067/1067
f 1061/1061/1061 1060/1060/1060 1067/1067/1067
f 1063/1063/1063 1068/1068/1068 1065/1065/1065
f 1069/1069/1069 1063/1063/1063 1067/1067/1067
f 1069/1069/1069 1068/1068/1068 1063/1063/1063
f 102/102/102 1068/1068/1068 1069/1069/1069
f 1067/1067/1067 1070/1070/1070 1069/1069/1069
f 102/102/102 99/99/99 1068/1068/1068
f 1067/1067/1067 1071/1071/1071 1070/1070/1070
f 1065/1065/1065 1068/1068/1068 1072/1072/1072
f 1072/1072/1072 1068/1068/1068 99/99/99
f 1073/1073/1073 1070/1070/1070 1071/1071/1071
f 1072/1072/1072 99/99/99 1074/1074/1074
f 1074/1074/1074 99/99/99 95/95/95
f 1074/1074/1074 95/95/95 94/94/94
f 1072/1072/1072 1074/1074/1074 1075/1075/1075
f 1075/1075/1075 1074/1074/1074 94/94/94
f 1072/1072/1072 1075/1075/1075 1065/1065/1065
f 1075/1075/1075 94/94/94 93/93/93
f 1075/1075/1075 98/98/98 1065/1065/1065
f 98/98/98 1075/1075/1075 93/93/93
f 1071/1071/1071 1067/1067/1067 1076/1076/1076
f 1060/1060/1060 1076/1076/1076 1067/1067/1067
f 1076/1076/1076 1077/1077/1077 1071/1071/1071
f 1060/1060/1060 1078/1078/1078 1076/1076/1076
f 1078/1078/1078 1077/1077/1077 1076/1076/1076
f 1079/1079/1079 1071/1071/1071 1077/1077/1077
f 1077/1077/1077 1078/1078/1078 1079/1079/1079
f 1071/1071/1071 1079/1079/1079 1080/1080/1080
f 1080/1080/1080 1073/1073/1073 1071/1071/1071
f 1080/1080/1080 1081/1081/1081 1073/1073/1073
f 1079/1079/1079 1082/1082/1082 1080/1080/1080
f 1080/1080/1080 1083/1083/1083 1081/1081/1081
f 1082/1082/1082 1083/1083/1083 1080/1080/1080
f 1084/1084/1084 1081/1081/1081 1083/1083/1083
f 1083/1083/1083 1085/1085/1085 1084/1084/1084
f 1082/1082/1082 1085/1085/1085 1083/1083/1083
f 1085/1085/1085 1086/1086/1086 1084/1084/1084
f 1087/1087/1087 1082/1082/1082 1079/1079/1079
f 1087/1087/1087 1079/1079/1079 1078/1078/1078
f 1082/1082/1082 1088/1088/1088 1085/1085/1085
f 1086/1086/1086 1085/1085/1085 1088/1088/1088
f 1087/1087/1087 1089/1089/1089 1082/1082/1082
f 1089/1089/1089 1088/1088/1088 1082/1082/1082
f 1090/1090/1090 1087/1087/1087 1078/1078/1078
f 1087/1087/1087 1090/1090/1090 1089/1089/1089
f 1091/1091/1091 1090/1090/1090 1078/1078/1078
f 1060/1060/1060 1091/1091/1091 1078/1078/1078
f 1060/1060/1060 1055/1055/1055 1091/1091/1091
f 1054/1054/1054 1091/1091/1091 1055/1055/1055
f 1054/1054/1054 1092/1092/1092 1091/1091/1091
f 1092/1092/1092 1090/1090/1090 1091/1091/1091
f 1048/1048/1048 1092/1092/1092 1054/1054/1054
f 1090/1090/1090 1092/1092/1092 1093/1093/1093
f 1092/1092/1092 1048/1048/1048 1093/1093/1093
f 1093/1093/1093 1094/1094/1094 1090/1090/1090
f 1089/1089/1089 1090/1090/1090 1094/1094/1094
f 1048/1048/1048 1095/1095/1095 1093/1093/1093
f 1093/1093/1093 1095/1095/1095 1094/1094/1094
f 1045/1045/1045 1095/1095/1095 1048/1048/1048
f 1095/1095/1095 1096/1096/1096 1094/1094/1094
f 1045/1045/1045 1097/1097/1097 1095/1095/1095
f 1049/1049/1049 1097/1097/1097 1045/1045/1045
f 1095/1095/1095 1098/1098/1098 1096/1096/1096
f 1098/1098/1098 1095/1095/1095 1097/1097/1097
f 1096/1096/1096 1099/1099/1099 1094/1094/1094
f 1098/1098/1098 1099/1099/1099 1096/1096/1096
f 1097/1097/1097 1049/1049/1049 1100/1100/1100
f 1097/1097/1097 1100/1100/1100 1098/1098/1098
f 1049/1049/1049 1044/1044/1044 1100/1100/1100
f 1094/1094/1094 1101/1101/1101 1089/1089/1089
f 1094/1094/1094 1099/1099/1099 1101/1101/1101
f 1089/1089/1089 1101/1101/1101 1102/1102/1102
f 1088/1088/1088 1089/1089/1089 1102/1102/1102
f 1103/1103/1103 1102/1102/1102 1101/1101/1101
f 1099/1099/1099 1103/1103/1103 1101/1101/1101
f 1044/1044/1044 1104/1104/1104 1100/1100/1100
f 1105/1105/1105 1104/1104/1104 1044/1044/1044
f 1105/1105/1105 1044/1044/1044 1033/1033/1033
f 1104/1104/1104 1106/1106/1106 1100/1100/1100
f 1105/1105/1105 1106/1106/1106 1104/1104/1104
f 1026/1026/1026 1105/1105/1105 1033/1033/1033
f 1026/1026/1026 1107/1107/1107 1105/1105/1105
f 1107/1107/1107 1106/1106/1106 1105/1105/1105
f 1108/1108/1108 1107/1107/1107 1026/1026/1026
f 1108/1108/1108 1109/1109/1109 1107/1107/1107
f 1107/1107/1107 1109/1109/1109 1106/1106/1106
f 1110/1110/1110 1108/1108/1108 1026/1026/1026
f 1026/1026/1026 1017/1017/1017 1110/1110/1110
f 1111/1111/1111 1108/1108/1108 1110/1110/1110
f 1109/1109/1109 1108/1108/1108 1111/1111/1111
f 1112/1112/1112 1110/1110/1110 1017/1017/1017
f 1112/1112/1112 1111/1111/1111 1110/1110/1110
f 1112/1112/1112 1017/1017/1017 1016/1016/1016
f 1112/1112/1112 1016/1016/1016 1113/1113/1113
f 1018/1018/1018 1113/1113/1113 1016/1016/1016
f 1114/1114/1114 1111/1111/1111 1112/1112/1112
f 1113/1113/1113 1114/1114/1114 1112/1112/1112
f 1115/1115/1115 1111/1111/1111 1114/1114/1114
f 1109/1109/1109 1111/1111/1111 1116/1116/1116
f 1115/1115/1115 1116/1116/1116 1111/1111/1111
f 1116/1116/1116 1117/1117/1117 1109/1109/1109
f 1113/1113/1113 1018/1018/1018 1118/1118/1118
f 1113/1113/1113 1119/1119/1119 1114/1114/1114
f 1113/1113/1113 1118/1118/1118 1119/1119/1119
f 1114/1114/1114 1120/1120/1120 1115/1115/1115
f 1119/1119/1119 1120/1120/1120 1114/1114/1114
f 1121/1121/1121 1116/1116/1116 1115/1115/1115
f 1116/1116/1116 1121/1121/1121 1117/1117/1117
f 1120/1120/1120 1122/1122/1122 1115/1115/1115
f 1119/1119/1119 1123/1123/1123 1120/1120/1120
f 1120/1120/1120 1123/1123/1123 1122/1122/1122
f 1124/1124/1124 1121/1121/1121 1115/1115/1115
f 1122/1122/1122 1124/1124/1124 1115/1115/1115
f 1121/1121/1121 1124/1124/1124 1125/1125/1125
f 1125/1125/1125 1117/1117/1117 1121/1121/1121
f 1126/1126/1126 1124/1124/1124 1122/1122/1122
f 1127/1127/1127 1125/1125/1125 1124/1124/1124
f 1124/1124/1124 1126/1126/1126 1127/1127/1127
f 1125/1125/1125 1127/1127/1127 1128/1128/1128
f 1126/1126/1126 1129/1129/1129 1127/1127/1127
f 1127/1127/1127 1129/1129/1129 1128/1128/1128
f 1130/1130/1130 1125/1125/1125 1128/1128/1128
f 1130/1130/1130 1117/1117/1117 1125/1125/1125
f 1128/1128/1128 1129/1129/1129 1130/1130/1130
f 1131/1131/1131 1126/1126/1126 1122/1122/1122
f 1126/1126/1126 1131/1131/1131 1129/1129/1129
f 1132/1132/1132 1131/1131/1131 1122/1122/1122
f 1122/1122/1122 1123/1123/1123 1132/1132/1132
f 1131/1131/1131 1133/1133/1133 1129/1129/1129
f 1132/1132/1132 1134/1134/1134 1131/1131/1131
f 1131/1131/1131 1134/1134/1134 1133/1133/1133
f 1132/1132/1132 1135/1135/1135 1134/1134/1134
f 1133/1133/1133 1136/1136/1136 1129/1129/1129
f 1134/1134/1134 1137/1137/1137 1133/1133/1133
f 1129/1129/1129 1136/1136/1136 1138/1138/1138
f 1129/1129/1129 1138/1138/1138 1130/1130/1130
f 1133/1133/1133 1139/1139/1139 1136/1136/1136
f 1136/1136/1136 1139/1139/1139 1138/1138/1138
f 1138/1138/1138 1140/1140/1140 1130/1130/1130
f 1133/1133/1133 1141/1141/1141 1139/1139/1139
f 1141/1141/1141 1133/1133/1133 1137/1137/1137
f 1142/1142/1142 1139/1139/1139 1141/1141/1141
f 1143/1143/1143 1138/1138/1138 1139/1139/1139
f 1138/1138/1138 1143/1143/1143 1140/1140/1140
f 1142/1142/1142 1144/1144/1144 1139/1139/1139
f 1145/1145/1145 1142/1142/1142 1141/1141/1141
f 1142/1142/1142 1145/1145/1145 1144/1144/1144
f 1141/1141/1141 1137/1137/1137 1146/1146/1146
f 1146/1146/1146 1145/1145/1145 1141/1141/1141
f 1146/1146/1146 1137/1137/1137 1147/1147/1147
f 1146/1146/1146 1147/1147/1147 1145/1145/1145
f 1148/1148/1148 1143/1143/1143 1139/1139/1139
f 1139/1139/1139 1144/1144/1144 1148/1148/1148
f 1144/1144/1144 1145/1145/1145 1149/1149/1149
f 1148/1148/1148 1150/1150/1150 1143/1143/1143
f 1145/1145/1145 1151/1151/1151 1149/1149/1149
f 1147/1147/1147 1151/1151/1151 1145/1145/1145
f 1144/1144/1144 1149/1149/1149 1152/1152/1152
f 1153/1153/1153 1148/1148/1148 1144/1144/1144
f 1144/1144/1144 1152/1152/1152 1153/1153/1153
f 1153/1153/1153 1150/1150/1150 1148/1148/1148
f 1149/1149/1149 1151/1151/1151 1154/1154/1154
f 1149/1149/1149 1154/1154/1154 1152/1152/1152
f 1147/1147/1147 1155/1155/1155 1151/1151/1151
f 1153/1153/1153 1156/1156/1156 1150/1150/1150
f 1152/1152/1152 1157/1157/1157 1153/1153/1153
f 1156/1156/1156 1153/1153/1153 1157/1157/1157
f 1152/1152/1152 1158/1158/1158 1157/1157/1157
f 1158/1158/1158 1152/1152/1152 1159/1159/1159
f 1154/1154/1154 1159/1159/1159 1152/1152/1152
f 1158/1158/1158 1159/1159/1159 1160/1160/1160
f 1158/1158/1158 1160/1160/1160 1157/1157/1157
f 1154/1154/1154 1161/1161/1161 1159/1159/1159
f 1151/1151/1151 1162/1162/1162 1154/1154/1154
f 1151/1151/1151 1155/1155/1155 1162/1162/1162
f 1154/1154/1154 1163/1163/1163 1161/1161/1161
f 1162/1162/1162 1163/1163/1163 1154/1154/1154
f 1161/1161/1161 1164/1164/1164 1159/1159/1159
f 1159/1159/1159 1164/1164/1164 1160/1160/1160
f 1163/1163/1163 1165/1165/1165 1161/1161/1161
f 1165/1165/1165 1164/1164/1164 1161/1161/1161
f 1163/1163/1163 1162/1162/1162 1166/1166/1166
f 1155/1155/1155 1166/1166/1166 1162/1162/1162
f 1167/1167/1167 1165/1165/1165 1163/1163/1163
f 1166/1166/1166 1167/1167/1167 1163/1163/1163
f 1168/1168/1168 1165/1165/1165 1167/1167/1167
f 1165/1165/1165 1168/1168/1168 1164/1164/1164
f 1169/1169/1169 1167/1167/1167 1166/1166/1166
f 1166/1166/1166 1155/1155/1155 1169/1169/1169
f 1167/1167/1167 1170/1170/1170 1168/1168/1168
f 1169/1169/1169 1170/1170/1170 1167/1167/1167
f 1170/1170/1170 1171/1171/1171 1168/1168/1168
f 1169/1169/1169 1172/1172/1172 1170/1170/1170
f 1171/1171/1171 1170/1170/1170 1172/1172/1172
f 1169/1169/1169 1173/1173/1173 1172/1172/1172
f 1174/1174/1174 1169/1169/1169 1155/1155/1155
f 1175/1175/1175 1174/1174/1174 1155/1155/1155
f 1155/1155/1155 1147/1147/1147 1175/1175/1175
f 1169/1169/1169 1174/1174/1174 1176/1176/1176
f 1176/1176/1176 1173/1173/1173 1169/1169/1169
f 1177/1177/1177 1176/1176/1176 1174/1174/1174
f 1176/1176/1176 1178/1178/1178 1173/1173/1173
f 1178/1178/1178 1176/1176/1176 1177/1177/1177
f 1179/1179/1179 1177/1177/1177 1174/1174/1174
f 1175/1175/1175 1179/1179/1179 1174/1174/1174
f 1175/1175/1175 1147/1147/1147 1180/1180/1180
f 1180/1180/1180 1147/1147/1147 1137/1137/1137
f 1137/1137/1137 1181/1181/1181 1180/1180/1180
f 1181/1181/1181 1137/1137/1137 1134/1134/1134
f 1135/1135/1135 1181/1181/1181 1134/1134/1134
f 1182/1182/1182 1180/1180/1180 1181/1181/1181
f 1182/1182/1182 1175/1175/1175 1180/1180/1180
f 1135/1135/1135 1182/1182/1182 1181/1181/1181
f 1175/1175/1175 1183/1183/1183 1179/1179/1179
f 1182/1182/1182 1183/1183/1183 1175/1175/1175
f 1184/1184/1184 1179/1179/1179 1183/1183/1183
f 1183/1183/1183 1182/1182/1182 1185/1185/1185
f 1184/1184/1184 1183/1183/1183 1185/1185/1185
f 1184/1184/1184 1186/1186/1186 1179/1179/1179
f 1179/1179/1179 1186/1186/1186 1177/1177/1177
f 1184/1184/1184 1185/1185/1185 1187/1187/1187
f 1177/1177/1177 1186/1186/1186 1188/1188/1188
f 1177/1177/1177 1188/1188/1188 1178/1178/1178
f 1189/1189/1189 1186/1186/1186 1184/1184/1184
f 1184/1184/1184 1187/1187/1187 1189/1189/1189
f 1189/1189/1189 1188/1188/1188 1186/1186/1186
f 1187/1187/1187 1185/1185/1185 1190/1190/1190
f 1191/1191/1191 1190/1190/1190 1185/1185/1185
f 1191/1191/1191 1185/1185/1185 1182/1182/1182
f 1190/1190/1190 1192/1192/1192 1187/1187/1187
f 1182/1182/1182 1193/1193/1193 1191/1191/1191
f 1135/1135/1135 1193/1193/1193 1182/1182/1182
f 1191/1191/1191 1194/1194/1194 1190/1190/1190
f 1194/1194/1194 1191/1191/1191 1193/1193/1193
f 1192/1192/1192 1190/1190/1190 1194/1194/1194
f 1193/1193/1193 1135/1135/1135 1195/1195/1195
f 1194/1194/1194 1193/1193/1193 1195/1195/1195
f 1195/1195/1195 1135/1135/1135 1196/1196/1196
f 1135/1135/1135 1132/1132/1132 1196/1196/1196
f 1197/1197/1197 1196/1196/1196 1132/1132/1132
f 1197/1197/1197 1195/1195/1195 1196/1196/1196
f 1123/1123/1123 1197/1197/1197 1132/1132/1132
f 1123/1123/1123 1198/1198/1198 1197/1197/1197
f 1119/1119/1119 1198/1198/1198 1123/1123/1123
f 1199/1199/1199 1195/1195/1195 1197/1197/1197
f 1198/1198/1198 1199/1199/1199 1197/1197/1197
f 1200/1200/1200 1198/1198/1198 1119/1119/1119
f 1200/1200/1200 1119/1119/1119 1118/1118/1118
f 1201/1201/1201 1198/1198/1198 1200/1200/1200
f 1118/1118/1118 1201/1201/1201 1200/1200/1200
f 1202/1202/1202 1199/1199/1199 1198/1198/1198
f 1202/1202/1202 1198/1198/1198 1201/1201/1201
f 1203/1203/1203 1195/1195/1195 1199/1199/1199
f 1194/1194/1194 1195/1195/1195 1203/1203/1203
f 1204/1204/1204 1201/1201/1201 1118/1118/1118
f 1204/1204/1204 1202/1202/1202 1201/1201/1201
f 1205/1205/1205 1203/1203/1203 1199/1199/1199
f 1205/1205/1205 1199/1199/1199 1202/1202/1202
f 1194/1194/1194 1203/1203/1203 1206/1206/1206
f 1192/1192/1192 1194/1194/1194 1206/1206/1206
f 1203/1203/1203 1205/1205/1205 1207/1207/1207
f 1203/1203/1203 1207/1207/1207 1206/1206/1206
f 1208/1208/1208 1205/1205/1205 1202/1202/1202
f 1207/1207/1207 1205/1205/1205 1208/1208/1208
f 1209/1209/1209 1208/1208/1208 1202/1202/1202
f 1204/1204/1204 1209/1209/1209 1202/1202/1202
f 1209/1209/1209 1210/1210/1210 1208/1208/1208
f 1204/1204/1204 1210/1210/1210 1209/1209/1209
f 1206/1206/1206 1207/1207/1207 1211/1211/1211
f 1206/1206/1206 1211/1211/1211 1192/1192/1192
f 1212/1212/1212 1207/1207/1207 1208/1208/1208
f 1210/1210/1210 1213/1213/1213 1208/1208/1208
f 1212/1212/1212 1208/1208/1208 1213/1213/1213
f 1204/1204/1204 1214/1214/1214 1210/1210/1210
f 1213/1213/1213 1210/1210/1210 1214/1214/1214
f 1215/1215/1215 1214/1214/1214 1204/1204/1204
f 1118/1118/1118 1215/1215/1215 1204/1204/1204
f 1018/1018/1018 1215/1215/1215 1118/1118/1118
f 1018/1018/1018 1010/1010/1010 1215/1215/1215
f 1215/1215/1215 1216/1216/1216 1214/1214/1214
f 1215/1215/1215 1010/1010/1010 1216/1216/1216
f 1214/1214/1214 1216/1216/1216 1213/1213/1213
f 1011/1011/1011 1216/1216/1216 1010/1010/1010
f 1213/1213/1213 1216/1216/1216 1011/1011/1011
f 1213/1213/1213 1011/1011/1011 1212/1212/1212
f 1011/1011/1011 1217/1217/1217 1212/1212/1212
f 1217/1217/1217 1011/1011/1011 1004/1004/1004
f 974/974/974 1217/1217/1217 1004/1004/1004
f 1212/1212/1212 1217/1217/1217 1218/1218/1218
f 1218/1218/1218 1217/1217/1217 974/974/974
f 1212/1212/1212 1218/1218/1218 1219/1219/1219
f 1207/1207/1207 1212/1212/1212 1219/1219/1219
f 1219/1219/1219 1211/1211/1211 1207/1207/1207
f 1219/1219/1219 1218/1218/1218 1220/1220/1220
f 1219/1219/1219 1220/1220/1220 1211/1211/1211
f 1218/1218/1218 974/974/974 1221/1221/1221
f 1220/1220/1220 1218/1218/1218 1221/1221/1221
f 1222/1222/1222 1211/1211/1211 1220/1220/1220
f 1192/1192/1192 1211/1211/1211 1222/1222/1222
f 974/974/974 972/972/972 1221/1221/1221
f 1220/1220/1220 1223/1223/1223 1222/1222/1222
f 1221/1221/1221 972/972/972 1224/1224/1224
f 1225/1225/1225 1192/1192/1192 1222/1222/1222
f 1223/1223/1223 1225/1225/1225 1222/1222/1222
f 1192/1192/1192 1225/1225/1225 1226/1226/1226
f 1226/1226/1226 1187/1187/1187 1192/1192/1192
f 1187/1187/1187 1226/1226/1226 1189/1189/1189
f 1224/1224/1224 972/972/972 1227/1227/1227
f 1221/1221/1221 1224/1224/1224 1227/1227/1227
f 1228/1228/1228 1220/1220/1220 1221/1221/1221
f 1228/1228/1228 1221/1221/1221 1227/1227/1227
f 1220/1220/1220 1228/1228/1228 1223/1223/1223
f 1229/1229/1229 1189/1189/1189 1226/1226/1226
f 1230/1230/1230 1223/1223/1223 1228/1228/1228
f 1230/1230/1230 1231/1231/1231 1223/1223/1223
f 1231/1231/1231 1225/1225/1225 1223/1223/1223
f 1230/1230/1230 1228/1228/1228 1232/1232/1232
f 1227/1227/1227 1232/1232/1232 1228/1228/1228
f 1230/1230/1230 1232/1232/1232 1233/1233/1233
f 1233/1233/1233 1231/1231/1231 1230/1230/1230
f 1234/1234/1234 1233/1233/1233 1232/1232/1232
f 1234/1234/1234 1232/1232/1232 1227/1227/1227
f 1235/1235/1235 1231/1231/1231 1233/1233/1233
f 1233/1233/1233 1234/1234/1234 1235/1235/1235
f 1236/1236/1236 1225/1225/1225 1231/1231/1231
f 1225/1225/1225 1236/1236/1236 1226/1226/1226
f 1231/1231/1231 1235/1235/1235 1237/1237/1237
f 1237/1237/1237 1236/1236/1236 1231/1231/1231
f 1236/1236/1236 1238/1238/1238 1226/1226/1226
f 1229/1229/1229 1226/1226/1226 1238/1238/1238
f 1238/1238/1238 1236/1236/1236 1239/1239/1239
f 1229/1229/1229 1238/1238/1238 1239/1239/1239
f 1237/1237/1237 1240/1240/1240 1236/1236/1236
f 1236/1236/1236 1240/1240/1240 1241/1241/1241
f 1239/1239/1239 1236/1236/1236 1241/1241/1241
f 1242/1242/1242 1241/1241/1241 1240/1240/1240
f 1237/1237/1237 1242/1242/1242 1240/1240/1240
f 1241/1241/1241 1242/1242/1242 1243/1243/1243
f 1239/1239/1239 1241/1241/1241 1243/1243/1243
f 1237/1237/1237 1244/1244/1244 1242/1242/1242
f 1243/1243/1243 1242/1242/1242 1244/1244/1244
f 1235/1235/1235 1245/1245/1245 1237/1237/1237
f 1245/1245/1245 1246/1246/1246 1237/1237/1237
f 1244/1244/1244 1237/1237/1237 1246/1246/1246
f 1235/1235/1235 1247/1247/1247 1245/1245/1245
f 1247/1247/1247 1235/1235/1235 1234/1234/1234
f 1245/1245/1245 1247/1247/1247 1248/1248/1248
f 1245/1245/1245 1248/1248/1248 1246/1246/1246
f 1234/1234/1234 1249/1249/1249 1247/1247/1247
f 1249/1249/1249 1234/1234/1234 1227/1227/1227
f 1249/1249/1249 1250/1250/1250 1247/1247/1247
f 1250/1250/1250 1248/1248/1248 1247/1247/1247
f 1227/1227/1227 1251/1251/1251 1249/1249/1249
f 1251/1251/1251 1250/1250/1250 1249/1249/1249
f 1252/1252/1252 1251/1251/1251 1227/1227/1227
f 972/972/972 1252/1252/1252 1227/1227/1227
f 972/972/972 966/966/966 1252/1252/1252
f 1253/1253/1253 1252/1252/1252 966/966/966
f 1251/1251/1251 1252/1252/1252 1253/1253/1253
f 966/966/966 964/964/964 1253/1253/1253
f 1253/1253/1253 964/964/964 1254/1254/1254
f 1253/1253/1253 1254/1254/1254 1251/1251/1251
f 962/962/962 1254/1254/1254 964/964/964
f 1254/1254/1254 1255/1255/1255 1251/1251/1251
f 1254/1254/1254 962/962/962 1255/1255/1255
f 1251/1251/1251 1255/1255/1255 1250/1250/1250
f 962/962/962 967/967/967 1255/1255/1255
f 1256/1256/1256 1250/1250/1250 1255/1255/1255
f 967/967/967 1256/1256/1256 1255/1255/1255
f 1248/1248/1248 1250/1250/1250 1256/1256/1256
f 973/973/973 1256/1256/1256 967/967/967
f 1257/1257/1257 1248/1248/1248 1256/1256/1256
f 1257/1257/1257 1256/1256/1256 973/973/973
f 1258/1258/1258 1248/1248/1248 1257/1257/1257
f 1246/1246/1246 1248/1248/1248 1258/1258/1258
f 1257/1257/1257 1259/1259/1259 1258/1258/1258
f 1257/1257/1257 973/973/973 1260/1260/1260
f 1259/1259/1259 1257/1257/1257 1260/1260/1260
f 1261/1261/1261 1258/1258/1258 1259/1259/1259
f 1260/1260/1260 1261/1261/1261 1259/1259/1259
f 1262/1262/1262 1246/1246/1246 1258/1258/1258
f 1258/1258/1258 1261/1261/1261 1262/1262/1262
f 1246/1246/1246 1262/1262/1262 1263/1263/1263
f 1244/1244/1244 1246/1246/1246 1263/1263/1263
f 1262/1262/1262 1261/1261/1261 1264/1264/1264
f 1262/1262/1262 1264/1264/1264 1263/1263/1263
f 1260/1260/1260 1265/1265/1265 1261/1261/1261
f 1261/1261/1261 1265/1265/1265 1264/1264/1264
f 1265/1265/1265 1260/1260/1260 1266/1266/1266
f 973/973/973 1267/1267/1267 1260/1260/1260
f 1267/1267/1267 1266/1266/1266 1260/1260/1260
f 1268/1268/1268 1267/1267/1267 973/973/973
f 973/973/973 965/965/965 1268/1268/1268
f 1268/1268/1268 965/965/965 956/956/956
f 1269/1269/1269 1267/1267/1267 1268/1268/1268
f 1266/1266/1266 1267/1267/1267 1269/1269/1269
f 1268/1268/1268 956/956/956 1270/1270/1270
f 1270/1270/1270 1269/1269/1269 1268/1268/1268
f 956/956/956 953/953/953 1270/1270/1270
f 953/953/953 1271/1271/1271 1270/1270/1270
f 1269/1269/1269 1270/1270/1270 1271/1271/1271
f 953/953/953 955/955/955 1271/1271/1271
f 1266/1266/1266 1269/1269/1269 1272/1272/1272
f 955/955/955 1273/1273/1273 1271/1271/1271
f 1269/1269/1269 1271/1271/1271 1274/1274/1274
f 1271/1271/1271 1273/1273/1273 1274/1274/1274
f 1269/1269/1269 1274/1274/1274 1272/1272/1272
f 955/955/955 1275/1275/1275 1273/1273/1273
f 1275/1275/1275 1274/1274/1274 1273/1273/1273
f 955/955/955 1276/1276/1276 1275/1275/1275
f 954/954/954 1276/1276/1276 955/955/955
f 1277/1277/1277 1266/1266/1266 1272/1272/1272
f 1272/1272/1272 1274/1274/1274 1277/1277/1277
f 1278/1278/1278 1274/1274/1274 1275/1275/1275
f 1266/1266/1266 1277/1277/1277 1279/1279/1279
f 1266/1266/1266 1279/1279/1279 1265/1265/1265
f 1265/1265/1265 1279/1279/1279 1280/1280/1280
f 1280/1280/1280 1264/1264/1264 1265/1265/1265
f 1279/1279/1279 1281/1281/1281 1280/1280/1280
f 1277/1277/1277 1281/1281/1281 1279/1279/1279
f 1274/1274/1274 1282/1282/1282 1277/1277/1277
f 1278/1278/1278 1282/1282/1282 1274/1274/1274
f 1277/1277/1277 1282/1282/1282 1283/1283/1283
f 1278/1278/1278 1284/1284/1284 1282/1282/1282
f 1282/1282/1282 1284/1284/1284 1283/1283/1283
f 1277/1277/1277 1285/1285/1285 1281/1281/1281
f 1285/1285/1285 1277/1277/1277 1283/1283/1283
f 1286/1286/1286 1280/1280/1280 1281/1281/1281
f 1285/1285/1285 1286/1286/1286 1281/1281/1281
f 1287/1287/1287 1285/1285/1285 1283/1283/1283
f 1287/1287/1287 1283/1283/1283 1284/1284/1284
f 1287/1287/1287 1288/1288/1288 1285/1285/1285
f 1284/1284/1284 1288/1288/1288 1287/1287/1287
f 1288/1288/1288 1289/1289/1289 1285/1285/1285
f 1288/1288/1288 1284/1284/1284 1290/1290/1290
f 1288/1288/1288 1290/1290/1290 1289/1289/1289
f 1278/1278/1278 1291/1291/1291 1284/1284/1284
f 1284/1284/1284 1291/1291/1291 1290/1290/1290
f 1285/1285/1285 1289/1289/1289 1292/1292/1292
f 1285/1285/1285 1292/1292/1292 1286/1286/1286
f 1293/1293/1293 1289/1289/1289 1290/1290/1290
f 1292/1292/1292 1289/1289/1289 1294/1294/1294
f 1289/1289/1289 1293/1293/1293 1294/1294/1294
f 1295/1295/1295 1293/1293/1293 1290/1290/1290
f 1295/1295/1295 1294/1294/1294 1293/1293/1293
f 1290/1290/1290 1291/1291/1291 1296/1296/1296
f 1297/1297/1297 1290/1290/1290 1296/1296/1296
f 1297/1297/1297 1295/1295/1295 1290/1290/1290
f 1298/1298/1298 1296/1296/1296 1291/1291/1291
f 1297/1297/1297 1296/1296/1296 1298/1298/1298
f 1278/1278/1278 1299/1299/1299 1291/1291/1291
f 1299/1299/1299 1278/1278/1278 1275/1275/1275
f 1291/1291/1291 1300/1300/1300 1298/1298/1298
f 1300/1300/1300 1291/1291/1291 1299/1299/1299
f 1276/1276/1276 1299/1299/1299 1275/1275/1275
f 1299/1299/1299 1301/1301/1301 1300/1300/1300
f 1301/1301/1301 1299/1299/1299 1276/1276/1276
f 1300/1300/1300 1301/1301/1301 1302/1302/1302
f 1300/1300/1300 1303/1303/1303 1298/1298/1298
f 1303/1303/1303 1300/1300/1300 1302/1302/1302
f 1304/1304/1304 1302/1302/1302 1301/1301/1301
f 1302/1302/1302 1304/1304/1304 1303/1303/1303
f 1305/1305/1305 1301/1301/1301 1276/1276/1276
f 1304/1304/1304 1301/1301/1301 1305/1305/1305
f 1305/1305/1305 1276/1276/1276 1306/1306/1306
f 1276/1276/1276 954/954/954 1306/1306/1306
f 1307/1307/1307 1298/1298/1298 1303/1303/1303
f 1297/1297/1297 1298/1298/1298 1307/1307/1307
f 1304/1304/1304 1308/1308/1308 1303/1303/1303
f 1303/1303/1303 1308/1308/1308 1307/1307/1307
f 954/954/954 1309/1309/1309 1306/1306/1306
f 947/947/947 1309/1309/1309 954/954/954
f 1309/1309/1309 1310/1310/1310 1306/1306/1306
f 1310/1310/1310 1305/1305/1305 1306/1306/1306
f 1304/1304/1304 1305/1305/1305 1311/1311/1311
f 1311/1311/1311 1305/1305/1305 1310/1310/1310
f 1312/1312/1312 1308/1308/1308 1304/1304/1304
f 1312/1312/1312 1304/1304/1304 1311/1311/1311
f 1311/1311/1311 1310/1310/1310 1313/1313/1313
f 1310/1310/1310 1309/1309/1309 1314/1314/1314
f 1313/1313/1313 1310/1310/1310 1314/1314/1314
f 1309/1309/1309 1315/1315/1315 1314/1314/1314
f 947/947/947 1315/1315/1315 1309/1309/1309
f 1316/1316/1316 1314/1314/1314 1315/1315/1315
f 947/947/947 1317/1317/1317 1315/1315/1315
f 947/947/947 911/911/911 1317/1317/1317
f 912/912/912 1317/1317/1317 911/911/911
f 1315/1315/1315 1317/1317/1317 1318/1318/1318
f 1318/1318/1318 1317/1317/1317 912/912/912
f 1316/1316/1316 1315/1315/1315 1318/1318/1318
f 1318/1318/1318 912/912/912 910/910/910
f 1318/1318/1318 910/910/910 1316/1316/1316
f 1316/1316/1316 1319/1319/1319 1314/1314/1314
f 1314/1314/1314 1319/1319/1319 1313/1313/1313
f 910/910/910 1320/1320/1320 1316/1316/1316
f 1321/1321/1321 1313/1313/1313 1319/1319/1319
f 1316/1316/1316 1322/1322/1322 1319/1319/1319
f 1322/1322/1322 1316/1316/1316 1320/1320/1320
f 910/910/910 1323/1323/1323 1320/1320/1320
f 1324/1324/1324 1323/1323/1323 910/910/910
f 896/896/896 1324/1324/1324 910/910/910
f 1320/1320/1320 1323/1323/1323 1325/1325/1325
f 1323/1323/1323 1324/1324/1324 1325/1325/1325
f 896/896/896 894/894/894 1324/1324/1324
f 1320/1320/1320 1325/1325/1325 1326/1326/1326
f 1320/1320/1320 1326/1326/1326 1322/1322/1322
f 1324/1324/1324 1327/1327/1327 1325/1325/1325
f 1326/1326/1326 1325/1325/1325 1327/1327/1327
f 1327/1327/1327 1324/1324/1324 894/894/894
f 1328/1328/1328 1326/1326/1326 1327/1327/1327
f 894/894/894 1328/1328/1328 1327/1327/1327
f 1322/1322/1322 1326/1326/1326 1329/1329/1329
f 1326/1326/1326 1328/1328/1328 1330/1330/1330
f 1329/1329/1329 1326/1326/1326 1330/1330/1330
f 1331/1331/1331 1328/1328/1328 894/894/894
f 1331/1331/1331 894/894/894 1332/1332/1332
f 1332/1332/1332 1328/1328/1328 1331/1331/1331
f 1333/1333/1333 1332/1332/1332 894/894/894
f 894/894/894 890/890/890 1333/1333/1333
f 890/890/890 893/893/893 1333/1333/1333
f 1333/1333/1333 893/893/893 1332/1332/1332
f 1334/1334/1334 1328/1328/1328 1332/1332/1332
f 893/893/893 1334/1334/1334 1332/1332/1332
f 1335/1335/1335 1334/1334/1334 893/893/893
f 1335/1335/1335 893/893/893 793/793/793
f 1336/1336/1336 1335/1335/1335 793/793/793
f 1335/1335/1335 1336/1336/1336 1334/1334/1334
f 793/793/793 784/784/784 1336/1336/1336
f 1328/1328/1328 1334/1334/1334 1337/1337/1337
f 1330/1330/1330 1328/1328/1328 1337/1337/1337
f 1336/1336/1336 1338/1338/1338 1334/1334/1334
f 1338/1338/1338 1337/1337/1337 1334/1334/1334
f 1336/1336/1336 784/784/784 1338/1338/1338
f 1338/1338/1338 784/784/784 1339/1339/1339
f 779/779/779 1339/1339/1339 784/784/784
f 1340/1340/1340 1337/1337/1337 1338/1338/1338
f 1340/1340/1340 1338/1338/1338 1339/1339/1339
f 1341/1341/1341 1330/1330/1330 1337/1337/1337
f 1341/1341/1341 1337/1337/1337 1340/1340/1340
f 1339/1339/1339 779/779/779 1342/1342/1342
f 1339/1339/1339 1342/1342/1342 1340/1340/1340
f 1342/1342/1342 779/779/779 770/770/770
f 1342/1342/1342 770/770/770 773/773/773
f 1342/1342/1342 773/773/773 768/768/768
f 1342/1342/1342 768/768/768 1340/1340/1340
f 768/768/768 1343/1343/1343 1340/1340/1340
f 1341/1341/1341 1340/1340/1340 1343/1343/1343
f 761/761/761 1343/1343/1343 768/768/768
f 1341/1341/1341 1343/1343/1343 1344/1344/1344
f 1344/1344/1344 1343/1343/1343 761/761/761
f 1330/1330/1330 1341/1341/1341 1344/1344/1344
f 1344/1344/1344 761/761/761 1345/1345/1345
f 1344/1344/1344 1345/1345/1345 1330/1330/1330
f 761/761/761 760/760/760 1345/1345/1345
f 1329/1329/1329 1330/1330/1330 1345/1345/1345
f 760/760/760 1346/1346/1346 1345/1345/1345
f 1329/1329/1329 1345/1345/1345 1346/1346/1346
f 1346/1346/1346 760/760/760 1347/1347/1347
f 1346/1346/1346 1347/1347/1347 1329/1329/1329
f 758/758/758 1347/1347/1347 760/760/760
f 1329/1329/1329 1347/1347/1347 1348/1348/1348
f 1348/1348/1348 1322/1322/1322 1329/1329/1329
f 1322/1322/1322 1348/1348/1348 1349/1349/1349
f 1348/1348/1348 1347/1347/1347 1349/1349/1349
f 1349/1349/1349 1319/1319/1319 1322/1322/1322
f 1319/1319/1319 1349/1349/1349 1350/1350/1350
f 1319/1319/1319 1350/1350/1350 1321/1321/1321
f 1347/1347/1347 1351/1351/1351 1349/1349/1349
f 1350/1350/1350 1349/1349/1349 1351/1351/1351
f 1352/1352/1352 1321/1321/1321 1350/1350/1350
f 1352/1352/1352 1313/1313/1313 1321/1321/1321
f 1350/1350/1350 1351/1351/1351 1353/1353/1353
f 1354/1354/1354 1351/1351/1351 1347/1347/1347
f 1347/1347/1347 758/758/758 1354/1354/1354
f 1351/1351/1351 1355/1355/1355 1353/1353/1353
f 1354/1354/1354 1355/1355/1355 1351/1351/1351
f 1353/1353/1353 1356/1356/1356 1350/1350/1350
f 1356/1356/1356 1352/1352/1352 1350/1350/1350
f 1352/1352/1352 1357/1357/1357 1313/1313/1313
f 1352/1352/1352 1356/1356/1356 1357/1357/1357
f 1313/1313/1313 1357/1357/1357 1311/1311/1311
f 1357/1357/1357 1312/1312/1312 1311/1311/1311
f 1356/1356/1356 1358/1358/1358 1357/1357/1357
f 1358/1358/1358 1312/1312/1312 1357/1357/1357
f 1359/1359/1359 1356/1356/1356 1353/1353/1353
f 1353/1353/1353 1355/1355/1355 1359/1359/1359
f 1358/1358/1358 1356/1356/1356 1360/1360/1360
f 1356/1356/1356 1359/1359/1359 1360/1360/1360
f 1358/1358/1358 1361/1361/1361 1312/1312/1312
f 1360/1360/1360 1362/1362/1362 1358/1358/1358
f 1358/1358/1358 1362/1362/1362 1361/1361/1361
f 1312/1312/1312 1361/1361/1361 1363/1363/1363
f 1362/1362/1362 1363/1363/1363 1361/1361/1361
f 1308/1308/1308 1312/1312/1312 1363/1363/1363
f 1308/1308/1308 1363/1363/1363 1364/1364/1364
f 1362/1362/1362 1365/1365/1365 1363/1363/1363
f 1365/1365/1365 1364/1364/1364 1363/1363/1363
f 1308/1308/1308 1364/1364/1364 1307/1307/1307
f 1362/1362/1362 1366/1366/1366 1365/1365/1365
f 1364/1364/1364 1365/1365/1365 1367/1367/1367
f 1365/1365/1365 1366/1366/1366 1367/1367/1367
f 1307/1307/1307 1364/1364/1364 1368/1368/1368
f 1364/1364/1364 1367/1367/1367 1368/1368/1368
f 1307/1307/1307 1368/1368/1368 1369/1369/1369
f 1369/1369/1369 1370/1370/1370 1307/1307/1307
f 1297/1297/1297 1307/1307/1307 1370/1370/1370
f 1369/1369/1369 1371/1371/1371 1370/1370/1370
f 1297/1297/1297 1370/1370/1370 1371/1371/1371
f 1297/1297/1297 1371/1371/1371 1372/1372/1372
f 1295/1295/1295 1297/1297/1297 1372/1372/1372
f 1372/1372/1372 1373/1373/1373 1295/1295/1295
f 1372/1372/1372 1371/1371/1371 1373/1373/1373
f 1369/1369/1369 1374/1374/1374 1371/1371/1371
f 1368/1368/1368 1374/1374/1374 1369/1369/1369
f 1371/1371/1371 1374/1374/1374 1373/1373/1373
f 1294/1294/1294 1295/1295/1295 1373/1373/1373
f 1367/1367/1367 1375/1375/1375 1368/1368/1368
f 1368/1368/1368 1375/1375/1375 1374/1374/1374
f 1374/1374/1374 1375/1375/1375 1376/1376/1376
f 1367/1367/1367 1377/1377/1377 1375/1375/1375
f 1376/1376/1376 1375/1375/1375 1378/1378/1378
f 1377/1377/1377 1378/1378/1378 1375/1375/1375
f 1367/1367/1367 1379/1379/1379 1377/1377/1377
f 1374/1374/1374 1376/1376/1376 1380/1380/1380
f 1380/1380/1380 1376/1376/1376 1378/1378/1378
f 1380/1380/1380 1381/1381/1381 1374/1374/1374
f 1374/1374/1374 1381/1381/1381 1373/1373/1373
f 1381/1381/1381 1380/1380/1380 1382/1382/1382
f 1380/1380/1380 1378/1378/1378 1382/1382/1382
f 1373/1373/1373 1381/1381/1381 1383/1383/1383
f 1381/1381/1381 1382/1382/1382 1384/1384/1384
f 1383/1383/1383 1381/1381/1381 1384/1384/1384
f 1373/1373/1373 1383/1383/1383 1385/1385/1385
f 1373/1373/1373 1385/1385/1385 1294/1294/1294
f 1386/1386/1386 1385/1385/1385 1383/1383/1383
f 1294/1294/1294 1385/1385/1385 1387/1387/1387
f 1383/1383/1383 1388/1388/1388 1386/1386/1386
f 1388/1388/1388 1383/1383/1383 1384/1384/1384
f 1385/1385/1385 1386/1386/1386 1389/1389/1389
f 1387/1387/1387 1385/1385/1385 1389/1389/1389
f 1386/1386/1386 1388/1388/1388 1390/1390/1390
f 1389/1389/1389 1386/1386/1386 1390/1390/1390
f 1384/1384/1384 1391/1391/1391 1388/1388/1388
f 1390/1390/1390 1388/1388/1388 1392/1392/1392
f 1388/1388/1388 1391/1391/1391 1392/1392/1392
f 1390/1390/1390 1392/1392/1392 1393/1393/1393
f 1391/1391/1391 1394/1394/1394 1392/1392/1392
f 1392/1392/1392 1394/1394/1394 1393/1393/1393
f 1389/1389/1389 1390/1390/1390 1395/1395/1395
f 1390/1390/1390 1393/1393/1393 1395/1395/1395
f 1393/1393/1393 1394/1394/1394 1396/1396/1396
f 1393/1393/1393 1396/1396/1396 1395/1395/1395
f 1391/1391/1391 1397/1397/1397 1394/1394/1394
f 1389/1389/1389 1395/1395/1395 1398/1398/1398
f 1394/1394/1394 1397/1397/1397 1399/1399/1399
f 1394/1394/1394 1399/1399/1399 1396/1396/1396
f 1398/1398/1398 1395/1395/1395 1400/1400/1400
f 1395/1395/1395 1396/1396/1396 1400/1400/1400
f 1401/1401/1401 1389/1389/1389 1398/1398/1398
f 1400/1400/1400 1402/1402/1402 1398/1398/1398
f 1398/1398/1398 1402/1402/1402 1401/1401/1401
f 1387/1387/1387 1389/1389/1389 1401/1401/1401
f 1400/1400/1400 1396/1396/1396 1403/1403/1403
f 1403/1403/1403 1402/1402/1402 1400/1400/1400
f 1403/1403/1403 1396/1396/1396 1404/1404/1404
f 1399/1399/1399 1404/1404/1404 1396/1396/1396
f 1404/1404/1404 1399/1399/1399 1405/1405/1405
f 1403/1403/1403 1404/1404/1404 1405/1405/1405
f 1401/1401/1401 1402/1402/1402 1406/1406/1406
f 1387/1387/1387 1401/1401/1401 1407/1407/1407
f 1407/1407/1407 1401/1401/1401 1406/1406/1406
f 1407/1407/1407 1408/1408/1408 1387/1387/1387
f 1407/1407/1407 1406/1406/1406 1409/1409/1409
f 1409/1409/1409 1408/1408/1408 1407/1407/1407
f 1410/1410/1410 1387/1387/1387 1408/1408/1408
f 1294/1294/1294 1387/1387/1387 1410/1410/1410
f 1292/1292/1292 1294/1294/1294 1410/1410/1410
f 1411/1411/1411 1410/1410/1410 1408/1408/1408
f 1409/1409/1409 1411/1411/1411 1408/1408/1408
f 1410/1410/1410 1412/1412/1412 1292/1292/1292
f 1286/1286/1286 1292/1292/1292 1412/1412/1412
f 1412/1412/1412 1410/1410/1410 1413/1413/1413
f 1411/1411/1411 1413/1413/1413 1410/1410/1410
f 1412/1412/1412 1414/1414/1414 1286/1286/1286
f 1414/1414/1414 1412/1412/1412 1413/1413/1413
f 1414/1414/1414 1415/1415/1415 1286/1286/1286
f 1280/1280/1280 1286/1286/1286 1415/1415/1415
f 1414/1414/1414 1413/1413/1413 1416/1416/1416
f 1415/1415/1415 1414/1414/1414 1416/1416/1416
f 1413/1413/1413 1411/1411/1411 1417/1417/1417
f 1416/1416/1416 1413/1413/1413 1417/1417/1417
f 1280/1280/1280 1415/1415/1415 1264/1264/1264
f 1411/1411/1411 1418/1418/1418 1417/1417/1417
f 1264/1264/1264 1415/1415/1415 1419/1419/1419
f 1416/1416/1416 1417/1417/1417 1420/1420/1420
f 1418/1418/1418 1420/1420/1420 1417/1417/1417
f 1264/1264/1264 1419/1419/1419 1421/1421/1421
f 1263/1263/1263 1264/1264/1264 1421/1421/1421
f 1419/1419/1419 1415/1415/1415 1422/1422/1422
f 1421/1421/1421 1419/1419/1419 1422/1422/1422
f 1415/1415/1415 1416/1416/1416 1423/1423/1423
f 1415/1415/1415 1423/1423/1423 1422/1422/1422
f 1423/1423/1423 1416/1416/1416 1424/1424/1424
f 1420/1420/1420 1424/1424/1424 1416/1416/1416
f 1425/1425/1425 1423/1423/1423 1424/1424/1424
f 1426/1426/1426 1422/1422/1422 1423/1423/1423
f 1426/1426/1426 1423/1423/1423 1425/1425/1425
f 1425/1425/1425 1424/1424/1424 1427/1427/1427
f 1420/1420/1420 1427/1427/1427 1424/1424/1424
f 1426/1426/1426 1425/1425/1425 1427/1427/1427
f 1421/1421/1421 1422/1422/1422 1428/1428/1428
f 1428/1428/1428 1422/1422/1422 1426/1426/1426
f 1429/1429/1429 1421/1421/1421 1428/1428/1428
f 1263/1263/1263 1421/1421/1421 1429/1429/1429
f 1428/1428/1428 1426/1426/1426 1430/1430/1430
f 1428/1428/1428 1430/1430/1430 1429/1429/1429
f 1263/1263/1263 1429/1429/1429 1431/1431/1431
f 1263/1263/1263 1431/1431/1431 1244/1244/1244
f 1429/1429/1429 1430/1430/1430 1432/1432/1432
f 1429/1429/1429 1432/1432/1432 1431/1431/1431
f 1433/1433/1433 1244/1244/1244 1431/1431/1431
f 1433/1433/1433 1243/1243/1243 1244/1244/1244
f 1431/1431/1431 1434/1434/1434 1433/1433/1433
f 1435/1435/1435 1431/1431/1431 1432/1432/1432
f 1431/1431/1431 1435/1435/1435 1434/1434/1434
f 1432/1432/1432 1430/1430/1430 1436/1436/1436
f 1435/1435/1435 1432/1432/1432 1436/1436/1436
f 1437/1437/1437 1243/1243/1243 1433/1433/1433
f 1433/1433/1433 1434/1434/1434 1438/1438/1438
f 1435/1435/1435 1438/1438/1438 1434/1434/1434
f 1438/1438/1438 1437/1437/1437 1433/1433/1433
f 1437/1437/1437 1239/1239/1239 1243/1243/1243
f 1438/1438/1438 1439/1439/1439 1437/1437/1437
f 1438/1438/1438 1435/1435/1435 1440/1440/1440
f 1438/1438/1438 1440/1440/1440 1439/1439/1439
f 1437/1437/1437 1441/1441/1441 1239/1239/1239
f 1441/1441/1441 1437/1437/1437 1439/1439/1439
f 1441/1441/1441 1442/1442/1442 1239/1239/1239
f 1441/1441/1441 1439/1439/1439 1443/1443/1443
f 1442/1442/1442 1441/1441/1441 1443/1443/1443
f 1442/1442/1442 1444/1444/1444 1239/1239/1239
f 1229/1229/1229 1239/1239/1239 1444/1444/1444
f 1445/1445/1445 1229/1229/1229 1444/1444/1444
f 1445/1445/1445 1444/1444/1444 1442/1442/1442
f 1189/1189/1189 1229/1229/1229 1445/1445/1445
f 1188/1188/1188 1189/1189/1189 1445/1445/1445
f 1188/1188/1188 1445/1445/1445 1442/1442/1442
f 1442/1442/1442 1446/1446/1446 1188/1188/1188
f 1442/1442/1442 1443/1443/1443 1447/1447/1447
f 1442/1442/1442 1447/1447/1447 1446/1446/1446
f 1188/1188/1188 1446/1446/1446 1448/1448/1448
f 1446/1446/1446 1447/1447/1447 1448/1448/1448
f 1178/1178/1178 1188/1188/1188 1448/1448/1448
f 1448/1448/1448 1173/1173/1173 1178/1178/1178
f 1447/1447/1447 1449/1449/1449 1448/1448/1448
f 1448/1448/1448 1449/1449/1449 1173/1173/1173
f 1447/1447/1447 1443/1443/1443 1450/1450/1450
f 1439/1439/1439 1450/1450/1450 1443/1443/1443
f 1449/1449/1449 1451/1451/1451 1173/1173/1173
f 1447/1447/1447 1452/1452/1452 1449/1449/1449
f 1447/1447/1447 1450/1450/1450 1452/1452/1452
f 1451/1451/1451 1449/1449/1449 1452/1452/1452
f 1451/1451/1451 1172/1172/1172 1173/1173/1173
f 1172/1172/1172 1451/1451/1451 1453/1453/1453
f 1451/1451/1451 1452/1452/1452 1454/1454/1454
f 1171/1171/1171 1172/1172/1172 1453/1453/1453
f 1452/1452/1452 1455/1455/1455 1454/1454/1454
f 1452/1452/1452 1450/1450/1450 1455/1455/1455
f 1456/1456/1456 1451/1451/1451 1454/1454/1454
f 1451/1451/1451 1456/1456/1456 1453/1453/1453
f 1454/1454/1454 1455/1455/1455 1457/1457/1457
f 1454/1454/1454 1457/1457/1457 1456/1456/1456
f 1455/1455/1455 1450/1450/1450 1458/1458/1458
f 1458/1458/1458 1457/1457/1457 1455/1455/1455
f 1450/1450/1450 1459/1459/1459 1458/1458/1458
f 1459/1459/1459 1457/1457/1457 1458/1458/1458
f 1460/1460/1460 1459/1459/1459 1450/1450/1450
f 1460/1460/1460 1457/1457/1457 1459/1459/1459
f 1439/1439/1439 1460/1460/1460 1450/1450/1450
f 1440/1440/1440 1460/1460/1460 1439/1439/1439
f 1456/1456/1456 1461/1461/1461 1453/1453/1453
f 1461/1461/1461 1456/1456/1456 1457/1457/1457
f 1453/1453/1453 1461/1461/1461 1462/1462/1462
f 1457/1457/1457 1463/1463/1463 1461/1461/1461
f 1462/1462/1462 1461/1461/1461 1463/1463/1463
f 1464/1464/1464 1457/1457/1457 1460/1460/1460
f 1457/1457/1457 1464/1464/1464 1463/1463/1463
f 1460/1460/1460 1440/1440/1440 1465/1465/1465
f 1460/1460/1460 1465/1465/1465 1464/1464/1464
f 1440/1440/1440 1435/1435/1435 1465/1465/1465
f 1465/1465/1465 1435/1435/1435 1466/1466/1466
f 1435/1435/1435 1436/1436/1436 1466/1466/1466
f 1467/1467/1467 1465/1465/1465 1466/1466/1466
f 1464/1464/1464 1465/1465/1465 1467/1467/1467
f 1466/1466/1466 1436/1436/1436 1468/1468/1468
f 1466/1466/1466 1469/1469/1469 1467/1467/1467
f 1466/1466/1466 1468/1468/1468 1469/1469/1469
f 1436/1436/1436 1470/1470/1470 1468/1468/1468
f 1468/1468/1468 1471/1471/1471 1469/1469/1469
f 1468/1468/1468 1470/1470/1470 1471/1471/1471
f 1471/1471/1471 1472/1472/1472 1469/1469/1469
f 1472/1472/1472 1471/1471/1471 1473/1473/1473
f 1473/1473/1473 1469/1469/1469 1472/1472/1472
f 1467/1467/1467 1469/1469/1469 1474/1474/1474
f 1473/1473/1473 1474/1474/1474 1469/1469/1469
f 1475/1475/1475 1467/1467/1467 1474/1474/1474
f 1464/1464/1464 1467/1467/1467 1475/1475/1475
f 1471/1471/1471 1476/1476/1476 1473/1473/1473
f 1470/1470/1470 1476/1476/1476 1471/1471/1471
f 1473/1473/1473 1476/1476/1476 1477/1477/1477
f 1478/1478/1478 1470/1470/1470 1436/1436/1436
f 1430/1430/1430 1478/1478/1478 1436/1436/1436
f 1430/1430/1430 1426/1426/1426 1478/1478/1478
f 1426/1426/1426 1479/1479/1479 1478/1478/1478
f 1478/1478/1478 1479/1479/1479 1470/1470/1470
f 1479/1479/1479 1426/1426/1426 1427/1427/1427
f 1480/1480/1480 1470/1470/1470 1479/1479/1479
f 1480/1480/1480 1479/1479/1479 1427/1427/1427
f 1480/1480/1480 1476/1476/1476 1470/1470/1470
f 1480/1480/1480 1481/1481/1481 1476/1476/1476
f 1476/1476/1476 1481/1481/1481 1477/1477/1477
f 1482/1482/1482 1480/1480/1480 1427/1427/1427
f 1481/1481/1481 1480/1480/1480 1482/1482/1482
f 1482/1482/1482 1427/1427/1427 1483/1483/1483
f 1420/1420/1420 1483/1483/1483 1427/1427/1427
f 1482/1482/1482 1484/1484/1484 1481/1481/1481
f 1483/1483/1483 1484/1484/1484 1482/1482/1482
f 1485/1485/1485 1481/1481/1481 1484/1484/1484
f 1481/1481/1481 1485/1485/1485 1477/1477/1477
f 1486/1486/1486 1483/1483/1483 1420/1420/1420
f 1484/1484/1484 1483/1483/1483 1486/1486/1486
f 1418/1418/1418 1486/1486/1486 1420/1420/1420
f 1487/1487/1487 1485/1485/1485 1484/1484/1484
f 1486/1486/1486 1487/1487/1487 1484/1484/1484
f 1487/1487/1487 1488/1488/1488 1485/1485/1485
f 1487/1487/1487 1486/1486/1486 1488/1488/1488
f 1485/1485/1485 1489/1489/1489 1477/1477/1477
f 1418/1418/1418 1490/1490/1490 1486/1486/1486
f 1418/1418/1418 1491/1491/1491 1490/1490/1490
f 1491/1491/1491 1418/1418/1418 1411/1411/1411
f 1411/1411/1411 1409/1409/1409 1491/1491/1491
f 1491/1491/1491 1492/1492/1492 1490/1490/1490
f 1491/1491/1491 1409/1409/1409 1492/1492/1492
f 1493/1493/1493 1486/1486/1486 1490/1490/1490
f 1490/1490/1490 1492/1492/1492 1493/1493/1493
f 1486/1486/1486 1493/1493/1493 1488/1488/1488
f 1409/1409/1409 1494/1494/1494 1492/1492/1492
f 1494/1494/1494 1409/1409/1409 1406/1406/1406
f 1406/1406/1406 1402/1402/1402 1494/1494/1494
f 1495/1495/1495 1492/1492/1492 1494/1494/1494
f 1492/1492/1492 1495/1495/1495 1493/1493/1493
f 1494/1494/1494 1402/1402/1402 1496/1496/1496
f 1496/1496/1496 1495/1495/1495 1494/1494/1494
f 1403/1403/1403 1496/1496/1496 1402/1402/1402
f 1493/1493/1493 1495/1495/1495 1497/1497/1497
f 1497/1497/1497 1488/1488/1488 1493/1493/1493
f 1498/1498/1498 1495/1495/1495 1496/1496/1496
f 1495/1495/1495 1498/1498/1498 1497/1497/1497
f 1499/1499/1499 1496/1496/1496 1403/1403/1403
f 1496/1496/1496 1499/1499/1499 1498/1498/1498
f 1500/1500/1500 1499/1499/1499 1403/1403/1403
f 1498/1498/1498 1501/1501/1501 1497/1497/1497
f 1488/1488/1488 1497/1497/1497 1501/1501/1501
f 1498/1498/1498 1499/1499/1499 1502/1502/1502
f 1499/1499/1499 1500/1500/1500 1502/1502/1502
f 1498/1498/1498 1502/1502/1502 1501/1501/1501
f 1500/1500/1500 1403/1403/1403 1503/1503/1503
f 1503/1503/1503 1502/1502/1502 1500/1500/1500
f 1405/1405/1405 1503/1503/1503 1403/1403/1403
f 1502/1502/1502 1504/1504/1504 1501/1501/1501
f 1504/1504/1504 1502/1502/1502 1503/1503/1503
f 1488/1488/1488 1501/1501/1501 1505/1505/1505
f 1503/1503/1503 1405/1405/1405 1506/1506/1506
f 1503/1503/1503 1506/1506/1506 1504/1504/1504
f 1504/1504/1504 1507/1507/1507 1501/1501/1501
f 1501/1501/1501 1507/1507/1507 1505/1505/1505
f 1504/1504/1504 1506/1506/1506 1508/1508/1508
f 1488/1488/1488 1505/1505/1505 1509/1509/1509
f 1509/1509/1509 1485/1485/1485 1488/1488/1488
f 1485/1485/1485 1509/1509/1509 1489/1489/1489
f 1504/1504/1504 1510/1510/1510 1507/1507/1507
f 1504/1504/1504 1508/1508/1508 1510/1510/1510
f 1505/1505/1505 1507/1507/1507 1511/1511/1511
f 1509/1509/1509 1505/1505/1505 1512/1512/1512
f 1511/1511/1511 1512/1512/1512 1505/1505/1505
f 1509/1509/1509 1512/1512/1512 1489/1489/1489
f 1507/1507/1507 1513/1513/1513 1511/1511/1511
f 1507/1507/1507 1510/1510/1510 1513/1513/1513
f 1514/1514/1514 1512/1512/1512 1511/1511/1511
f 1511/1511/1511 1513/1513/1513 1514/1514/1514
f 1489/1489/1489 1512/1512/1512 1515/1515/1515
f 1514/1514/1514 1515/1515/1515 1512/1512/1512
f 1513/1513/1513 1510/1510/1510 1516/1516/1516
f 1514/1514/1514 1513/1513/1513 1517/1517/1517
f 1516/1516/1516 1517/1517/1517 1513/1513/1513
f 1518/1518/1518 1514/1514/1514 1517/1517/1517
f 1515/1515/1515 1514/1514/1514 1518/1518/1518
f 1489/1489/1489 1515/1515/1515 1519/1519/1519
f 1519/1519/1519 1477/1477/1477 1489/1489/1489
f 1515/1515/1515 1518/1518/1518 1520/1520/1520
f 1515/1515/1515 1521/1521/1521 1519/1519/1519
f 1515/1515/1515 1520/1520/1520 1521/1521/1521
f 1477/1477/1477 1519/1519/1519 1522/1522/1522
f 1477/1477/1477 1522/1522/1522 1473/1473/1473
f 1523/1523/1523 1519/1519/1519 1521/1521/1521
f 1522/1522/1522 1519/1519/1519 1523/1523/1523
f 1474/1474/1474 1473/1473/1473 1522/1522/1522
f 1524/1524/1524 1523/1523/1523 1521/1521/1521
f 1521/1521/1521 1520/1520/1520 1524/1524/1524
f 1522/1522/1522 1523/1523/1523 1525/1525/1525
f 1474/1474/1474 1522/1522/1522 1525/1525/1525
f 1526/1526/1526 1523/1523/1523 1524/1524/1524
f 1526/1526/1526 1525/1525/1525 1523/1523/1523
f 1527/1527/1527 1525/1525/1525 1526/1526/1526
f 1474/1474/1474 1525/1525/1525 1527/1527/1527
f 1527/1527/1527 1526/1526/1526 1528/1528/1528
f 1527/1527/1527 1528/1528/1528 1474/1474/1474
f 1526/1526/1526 1524/1524/1524 1529/1529/1529
f 1526/1526/1526 1529/1529/1529 1528/1528/1528
f 1524/1524/1524 1530/1530/1530 1529/1529/1529
f 1524/1524/1524 1520/1520/1520 1530/1530/1530
f 1529/1529/1529 1530/1530/1530 1531/1531/1531
f 1530/1530/1530 1520/1520/1520 1531/1531/1531
f 1532/1532/1532 1528/1528/1528 1529/1529/1529
f 1531/1531/1531 1532/1532/1532 1529/1529/1529
f 1533/1533/1533 1474/1474/1474 1528/1528/1528
f 1475/1475/1475 1474/1474/1474 1533/1533/1533
f 1534/1534/1534 1528/1528/1528 1532/1532/1532
f 1533/1533/1533 1528/1528/1528 1534/1534/1534
f 1532/1532/1532 1531/1531/1531 1535/1535/1535
f 1534/1534/1534 1532/1532/1532 1536/1536/1536
f 1532/1532/1532 1535/1535/1535 1536/1536/1536
f 1533/1533/1533 1534/1534/1534 1537/1537/1537
f 1536/1536/1536 1537/1537/1537 1534/1534/1534
f 1538/1538/1538 1475/1475/1475 1533/1533/1533
f 1464/1464/1464 1475/1475/1475 1538/1538/1538
f 1538/1538/1538 1533/1533/1533 1539/1539/1539
f 1540/1540/1540 1464/1464/1464 1538/1538/1538
f 1538/1538/1538 1539/1539/1539 1540/1540/1540
f 1533/1533/1533 1541/1541/1541 1539/1539/1539
f 1533/1533/1533 1537/1537/1537 1541/1541/1541
f 1539/1539/1539 1541/1541/1541 1542/1542/1542
f 1542/1542/1542 1540/1540/1540 1539/1539/1539
f 1543/1543/1543 1541/1541/1541 1537/1537/1537
f 1542/1542/1542 1541/1541/1541 1543/1543/1543
f 1544/1544/1544 1543/1543/1543 1537/1537/1537
f 1545/1545/1545 1542/1542/1542 1543/1543/1543
f 1544/1544/1544 1545/1545/1545 1543/1543/1543
f 1537/1537/1537 1546/1546/1546 1544/1544/1544
f 1537/1537/1537 1536/1536/1536 1546/1546/1546
f 1547/1547/1547 1544/1544/1544 1546/1546/1546
f 1548/1548/1548 1546/1546/1546 1536/1536/1536
f 1547/1547/1547 1546/1546/1546 1548/1548/1548
f 1547/1547/1547 1549/1549/1549 1544/1544/1544
f 1544/1544/1544 1549/1549/1549 1545/1545/1545
f 1548/1548/1548 1550/1550/1550 1547/1547/1547
f 1549/1549/1549 1547/1547/1547 1550/1550/1550
f 1536/1536/1536 1551/1551/1551 1548/1548/1548
f 1536/1536/1536 1535/1535/1535 1551/1551/1551
f 1552/1552/1552 1550/1550/1550 1548/1548/1548
f 1548/1548/1548 1551/1551/1551 1553/1553/1553
f 1553/1553/1553 1552/1552/1552 1548/1548/1548
f 1551/1551/1551 1535/1535/1535 1554/1554/1554
f 1554/1554/1554 1553/1553/1553 1551/1551/1551
f 1555/1555/1555 1554/1554/1554 1535/1535/1535
f 1553/1553/1553 1554/1554/1554 1556/1556/1556
f 1557/1557/1557 1555/1555/1555 1535/1535/1535
f 1531/1531/1531 1557/1557/1557 1535/1535/1535
f 1554/1554/1554 1555/1555/1555 1558/1558/1558
f 1558/1558/1558 1556/1556/1556 1554/1554/1554
f 1559/1559/1559 1556/1556/1556 1558/1558/1558
f 1560/1560/1560 1557/1557/1557 1531/1531/1531
f 1531/1531/1531 1520/1520/1520 1560/1560/1560
f 1561/1561/1561 1555/1555/1555 1557/1557/1557
f 1562/1562/1562 1556/1556/1556 1559/1559/1559
f 1559/1559/1559 1558/1558/1558 1562/1562/1562
f 1558/1558/1558 1555/1555/1555 1563/1563/1563
f 1558/1558/1558 1563/1563/1563 1562/1562/1562
f 1561/1561/1561 1563/1563/1563 1555/1555/1555
f 1562/1562/1562 1564/1564/1564 1556/1556/1556
f 1553/1553/1553 1556/1556/1556 1564/1564/1564
f 1562/1562/1562 1563/1563/1563 1565/1565/1565
f 1564/1564/1564 1566/1566/1566 1553/1553/1553
f 1566/1566/1566 1552/1552/1552 1553/1553/1553
f 1564/1564/1564 1562/1562/1562 1567/1567/1567
f 1567/1567/1567 1568/1568/1568 1564/1564/1564
f 1562/1562/1562 1569/1569/1569 1567/1567/1567
f 1562/1562/1562 1565/1565/1565 1569/1569/1569
f 1566/1566/1566 1564/1564/1564 1570/1570/1570
f 1564/1564/1564 1568/1568/1568 1570/1570/1570
f 1566/1566/1566 1570/1570/1570 1571/1571/1571
f 1566/1566/1566 1571/1571/1571 1552/1552/1552
f 1570/1570/1570 1568/1568/1568 1572/1572/1572
f 1567/1567/1567 1572/1572/1572 1568/1568/1568
f 1571/1571/1571 1570/1570/1570 1573/1573/1573
f 1570/1570/1570 1572/1572/1572 1573/1573/1573
f 1571/1571/1571 1574/1574/1574 1552/1552/1552
f 1572/1572/1572 1567/1567/1567 1575/1575/1575
f 1569/1569/1569 1575/1575/1575 1567/1567/1567
f 1573/1573/1573 1572/1572/1572 1576/1576/1576
f 1572/1572/1572 1575/1575/1575 1576/1576/1576
f 1577/1577/1577 1571/1571/1571 1573/1573/1573
f 1571/1571/1571 1577/1577/1577 1574/1574/1574
f 1573/1573/1573 1576/1576/1576 1578/1578/1578
f 1579/1579/1579 1575/1575/1575 1569/1569/1569
f 1569/1569/1569 1580/1580/1580 1579/1579/1579
f 1575/1575/1575 1581/1581/1581 1576/1576/1576
f 1576/1576/1576 1581/1581/1581 1578/1578/1578
f 1575/1575/1575 1579/1579/1579 1582/1582/1582
f 1575/1575/1575 1582/1582/1582 1581/1581/1581
f 1582/1582/1582 1579/1579/1579 1580/1580/1580
f 1580/1580/1580 1569/1569/1569 1565/1565/1565
f 1573/1573/1573 1578/1578/1578 1583/1583/1583
f 1577/1577/1577 1573/1573/1573 1583/1583/1583
f 1578/1578/1578 1581/1581/1581 1584/1584/1584
f 1585/1585/1585 1577/1577/1577 1583/1583/1583
f 1583/1583/1583 1578/1578/1578 1586/1586/1586
f 1585/1585/1585 1583/1583/1583 1586/1586/1586
f 1578/1578/1578 1587/1587/1587 1586/1586/1586
f 1587/1587/1587 1578/1578/1578 1584/1584/1584
f 1587/1587/1587 1588/1588/1588 1586/1586/1586
f 1588/1588/1588 1587/1587/1587 1584/1584/1584
f 1589/1589/1589 1584/1584/1584 1581/1581/1581
f 1589/1589/1589 1581/1581/1581 1582/1582/1582
f 1584/1584/1584 1590/1590/1590 1588/1588/1588
f 1582/1582/1582 1580/1580/1580 1591/1591/1591
f 1582/1582/1582 1591/1591/1591 1592/1592/1592
f 1580/1580/1580 1593/1593/1593 1591/1591/1591
f 1591/1591/1591 1593/1593/1593 1592/1592/1592
f 1593/1593/1593 1580/1580/1580 1594/1594/1594
f 1565/1565/1565 1594/1594/1594 1580/1580/1580
f 1594/1594/1594 1595/1595/1595 1593/1593/1593
f 1594/1594/1594 1565/1565/1565 1596/1596/1596
f 1594/1594/1594 1596/1596/1596 1595/1595/1595
f 1596/1596/1596 1565/1565/1565 1563/1563/1563
f 1561/1561/1561 1596/1596/1596 1563/1563/1563
f 1596/1596/1596 1597/1597/1597 1595/1595/1595
f 1561/1561/1561 1597/1597/1597 1596/1596/1596
f 1597/1597/1597 1593/1593/1593 1595/1595/1595
f 1598/1598/1598 1597/1597/1597 1561/1561/1561
f 1597/1597/1597 1598/1598/1598 1593/1593/1593
f 1598/1598/1598 1561/1561/1561 1599/1599/1599
f 1561/1561/1561 1557/1557/1557 1599/1599/1599
f 1557/1557/1557 1560/1560/1560 1599/1599/1599
f 1598/1598/1598 1599/1599/1599 1600/1600/1600
f 1599/1599/1599 1560/1560/1560 1601/1601/1601
f 1599/1599/1599 1601/1601/1601 1600/1600/1600
f 1560/1560/1560 1602/1602/1602 1601/1601/1601
f 1600/1600/1600 1601/1601/1601 1603/1603/1603
f 1604/1604/1604 1602/1602/1602 1560/1560/1560
f 1520/1520/1520 1604/1604/1604 1560/1560/1560
f 1602/1602/1602 1605/1605/1605 1601/1601/1601
f 1603/1603/1603 1601/1601/1601 1605/1605/1605
f 1604/1604/1604 1520/1520/1520 1606/1606/1606
f 1602/1602/1602 1604/1604/1604 1606/1606/1606
f 1606/1606/1606 1520/1520/1520 1518/1518/1518
f 1607/1607/1607 1602/1602/1602 1606/1606/1606
f 1607/1607/1607 1606/1606/1606 1518/1518/1518
f 1607/1607/1607 1605/1605/1605 1602/1602/1602
f 1517/1517/1517 1607/1607/1607 1518/1518/1518
f 1517/1517/1517 1608/1608/1608 1607/1607/1607
f 1605/1605/1605 1607/1607/1607 1608/1608/1608
f 1517/1517/1517 1516/1516/1516 1608/1608/1608
f 1608/1608/1608 1609/1609/1609 1605/1605/1605
f 1610/1610/1610 1608/1608/1608 1516/1516/1516
f 1608/1608/1608 1610/1610/1610 1609/1609/1609
f 1611/1611/1611 1605/1605/1605 1609/1609/1609
f 1605/1605/1605 1611/1611/1611 1603/1603/1603
f 1610/1610/1610 1612/1612/1612 1609/1609/1609
f 1611/1611/1611 1609/1609/1609 1612/1612/1612
f 1516/1516/1516 1613/1613/1613 1610/1610/1610
f 1510/1510/1510 1613/1613/1613 1516/1516/1516
f 1613/1613/1613 1614/1614/1614 1610/1610/1610
f 1612/1612/1612 1610/1610/1610 1614/1614/1614
f 1510/1510/1510 1615/1615/1615 1613/1613/1613
f 1613/1613/1613 1615/1615/1615 1614/1614/1614
f 1508/1508/1508 1615/1615/1615 1510/1510/1510
f 1612/1612/1612 1616/1616/1616 1611/1611/1611
f 1616/1616/1616 1603/1603/1603 1611/1611/1611
f 1617/1617/1617 1612/1612/1612 1614/1614/1614
f 1508/1508/1508 1618/1618/1618 1615/1615/1615
f 1506/1506/1506 1618/1618/1618 1508/1508/1508
f 1615/1615/1615 1619/1619/1619 1614/1614/1614
f 1618/1618/1618 1619/1619/1619 1615/1615/1615
f 1619/1619/1619 1620/1620/1620 1614/1614/1614
f 1614/1614/1614 1620/1620/1620 1617/1617/1617
f 1619/1619/1619 1621/1621/1621 1620/1620/1620
f 1619/1619/1619 1618/1618/1618 1621/1621/1621
f 1617/1617/1617 1620/1620/1620 1621/1621/1621
f 1506/1506/1506 1622/1622/1622 1618/1618/1618
f 1622/1622/1622 1621/1621/1621 1618/1618/1618
f 1506/1506/1506 1405/1405/1405 1622/1622/1622
f 1405/1405/1405 1623/1623/1623 1622/1622/1622
f 1623/1623/1623 1621/1621/1621 1622/1622/1622
f 1405/1405/1405 1624/1624/1624 1623/1623/1623
f 1399/1399/1399 1624/1624/1624 1405/1405/1405
f 1623/1623/1623 1625/1625/1625 1621/1621/1621
f 1624/1624/1624 1625/1625/1625 1623/1623/1623
f 1399/1399/1399 1626/1626/1626 1624/1624/1624
f 1397/1397/1397 1626/1626/1626 1399/1399/1399
f 1624/1624/1624 1626/1626/1626 1627/1627/1627
f 1627/1627/1627 1625/1625/1625 1624/1624/1624
f 1628/1628/1628 1627/1627/1627 1626/1626/1626
f 1397/1397/1397 1628/1628/1628 1626/1626/1626
f 1625/1625/1625 1627/1627/1627 1629/1629/1629
f 1628/1628/1628 1629/1629/1629 1627/1627/1627
f 1621/1621/1621 1625/1625/1625 1630/1630/1630
f 1625/1625/1625 1629/1629/1629 1631/1631/1631
f 1625/1625/1625 1631/1631/1631 1630/1630/1630
f 1632/1632/1632 1629/1629/1629 1628/1628/1628
f 1397/1397/1397 1633/1633/1633 1628/1628/1628
f 1632/1632/1632 1628/1628/1628 1633/1633/1633
f 1634/1634/1634 1629/1629/1629 1632/1632/1632
f 1633/1633/1633 1634/1634/1634 1632/1632/1632
f 1635/1635/1635 1631/1631/1631 1629/1629/1629
f 1629/1629/1629 1634/1634/1634 1635/1635/1635
f 1630/1630/1630 1631/1631/1631 1636/1636/1636
f 1621/1621/1621 1630/1630/1630 1637/1637/1637
f 1621/1621/1621 1637/1637/1637 1617/1617/1617
f 1630/1630/1630 1636/1636/1636 1638/1638/1638
f 1636/1636/1636 1631/1631/1631 1639/1639/1639
f 1638/1638/1638 1636/1636/1636 1639/1639/1639
f 1635/1635/1635 1640/1640/1640 1631/1631/1631
f 1639/1639/1639 1631/1631/1631 1640/1640/1640
f 1630/1630/1630 1638/1638/1638 1641/1641/1641
f 1637/1637/1637 1630/1630/1630 1641/1641/1641
f 1639/1639/1639 1642/1642/1642 1638/1638/1638
f 1638/1638/1638 1642/1642/1642 1641/1641/1641
f 1641/1641/1641 1643/1643/1643 1637/1637/1637
f 1641/1641/1641 1642/1642/1642 1643/1643/1643
f 1642/1642/1642 1639/1639/1639 1644/1644/1644
f 1640/1640/1640 1644/1644/1644 1639/1639/1639
f 1642/1642/1642 1644/1644/1644 1645/1645/1645
f 1642/1642/1642 1646/1646/1646 1643/1643/1643
f 1642/1642/1642 1645/1645/1645 1646/1646/1646
f 1637/1637/1637 1643/1643/1643 1647/1647/1647
f 1637/1637/1637 1647/1647/1647 1648/1648/1648
f 1617/1617/1617 1637/1637/1637 1648/1648/1648
f 1647/1647/1647 1643/1643/1643 1649/1649/1649
f 1650/1650/1650 1648/1648/1648 1647/1647/1647
f 1647/1647/1647 1649/1649/1649 1650/1650/1650
f 1617/1617/1617 1648/1648/1648 1651/1651/1651
f 1651/1651/1651 1612/1612/1612 1617/1617/1617
f 1651/1651/1651 1616/1616/1616 1612/1612/1612
f 1652/1652/1652 1651/1651/1651 1648/1648/1648
f 1652/1652/1652 1648/1648/1648 1650/1650/1650
f 1651/1651/1651 1653/1653/1653 1616/1616/1616
f 1651/1651/1651 1652/1652/1652 1653/1653/1653
f 1653/1653/1653 1652/1652/1652 1654/1654/1654
f 1654/1654/1654 1652/1652/1652 1650/1650/1650
f 1616/1616/1616 1653/1653/1653 1655/1655/1655
f 1653/1653/1653 1654/1654/1654 1655/1655/1655
f 1650/1650/1650 1656/1656/1656 1654/1654/1654
f 1657/1657/1657 1616/1616/1616 1655/1655/1655
f 1603/1603/1603 1616/1616/1616 1657/1657/1657
f 1658/1658/1658 1603/1603/1603 1657/1657/1657
f 1657/1657/1657 1655/1655/1655 1658/1658/1658
f 1658/1658/1658 1600/1600/1600 1603/1603/1603
f 1650/1650/1650 1659/1659/1659 1656/1656/1656
f 1660/1660/1660 1659/1659/1659 1650/1650/1650
f 1659/1659/1659 1661/1661/1661 1656/1656/1656
f 1656/1656/1656 1661/1661/1661 1654/1654/1654
f 1660/1660/1660 1650/1650/1650 1649/1649/1649
f 1649/1649/1649 1662/1662/1662 1660/1660/1660
f 1663/1663/1663 1654/1654/1654 1661/1661/1661
f 1655/1655/1655 1654/1654/1654 1663/1663/1663
f 1663/1663/1663 1661/1661/1661 1664/1664/1664
f 1649/1649/1649 1665/1665/1665 1662/1662/1662
f 1649/1649/1649 1643/1643/1643 1665/1665/1665
f 1643/1643/1643 1646/1646/1646 1665/1665/1665
f 1665/1665/1665 1666/1666/1666 1662/1662/1662
f 1646/1646/1646 1666/1666/1666 1665/1665/1665
f 1662/1662/1662 1666/1666/1666 1667/1667/1667
f 1666/1666/1666 1668/1668/1668 1667/1667/1667
f 1666/1666/1666 1646/1646/1646 1668/1668/1668
f 1646/1646/1646 1669/1669/1669 1668/1668/1668
f 1669/1669/1669 1670/1670/1670 1668/1668/1668
f 1669/1669/1669 1646/1646/1646 1645/1645/1645
f 1670/1670/1670 1669/1669/1669 1671/1671/1671
f 1645/1645/1645 1671/1671/1671 1669/1669/1669
f 1672/1672/1672 1670/1670/1670 1671/1671/1671
f 1671/1671/1671 1645/1645/1645 1673/1673/1673
f 1673/1673/1673 1645/1645/1645 1644/1644/1644
f 1672/1672/1672 1671/1671/1671 1674/1674/1674
f 1673/1673/1673 1674/1674/1674 1671/1671/1671
f 1674/1674/1674 1675/1675/1675 1672/1672/1672
f 1644/1644/1644 1676/1676/1676 1673/1673/1673
f 1673/1673/1673 1676/1676/1676 1674/1674/1674
f 1674/1674/1674 1677/1677/1677 1675/1675/1675
f 1676/1676/1676 1677/1677/1677 1674/1674/1674
f 1675/1675/1675 1677/1677/1677 1678/1678/1678
f 1676/1676/1676 1678/1678/1678 1677/1677/1677
f 1644/1644/1644 1640/1640/1640 1676/1676/1676
f 1679/1679/1679 1678/1678/1678 1676/1676/1676
f 1679/1679/1679 1676/1676/1676 1640/1640/1640
f 1679/1679/1679 1680/1680/1680 1678/1678/1678
f 1640/1640/1640 1681/1681/1681 1679/1679/1679
f 1680/1680/1680 1682/1682/1682 1678/1678/1678
f 1683/1683/1683 1679/1679/1679 1681/1681/1681
f 1679/1679/1679 1683/1683/1683 1680/1680/1680
f 1684/1684/1684 1681/1681/1681 1640/1640/1640
f 1683/1683/1683 1681/1681/1681 1684/1684/1684
f 1635/1635/1635 1684/1684/1684 1640/1640/1640
f 1683/1683/1683 1685/1685/1685 1680/1680/1680
f 1684/1684/1684 1685/1685/1685 1683/1683/1683
f 1680/1680/1680 1686/1686/1686 1682/1682/1682
f 1686/1686/1686 1687/1687/1687 1682/1682/1682
f 1687/1687/1687 1686/1686/1686 1688/1688/1688
f 1688/1688/1688 1689/1689/1689 1687/1687/1687
f 1689/1689/1689 1688/1688/1688 1690/1690/1690
f 1686/1686/1686 1690/1690/1690 1688/1688/1688
f 1690/1690/1690 1691/1691/1691 1689/1689/1689
f 1692/1692/1692 1686/1686/1686 1680/1680/1680
f 1686/1686/1686 1692/1692/1692 1690/1690/1690
f 1685/1685/1685 1692/1692/1692 1680/1680/1680
f 1690/1690/1690 1693/1693/1693 1691/1691/1691
f 1692/1692/1692 1693/1693/1693 1690/1690/1690
f 1685/1685/1685 1694/1694/1694 1692/1692/1692
f 1694/1694/1694 1693/1693/1693 1692/1692/1692
f 1695/1695/1695 1694/1694/1694 1685/1685/1685
f 1695/1695/1695 1696/1696/1696 1694/1694/1694
f 1694/1694/1694 1696/1696/1696 1693/1693/1693
f 1697/1697/1697 1695/1695/1695 1685/1685/1685
f 1697/1697/1697 1696/1696/1696 1695/1695/1695
f 1697/1697/1697 1685/1685/1685 1684/1684/1684
f 1698/1698/1698 1697/1697/1697 1684/1684/1684
f 1698/1698/1698 1684/1684/1684 1635/1635/1635
f 1635/1635/1635 1634/1634/1634 1698/1698/1698
f 1699/1699/1699 1697/1697/1697 1698/1698/1698
f 1634/1634/1634 1699/1699/1699 1698/1698/1698
f 1699/1699/1699 1696/1696/1696 1697/1697/1697
f 1700/1700/1700 1699/1699/1699 1634/1634/1634
f 1701/1701/1701 1696/1696/1696 1699/1699/1699
f 1700/1700/1700 1701/1701/1701 1699/1699/1699
f 1701/1701/1701 1702/1702/1702 1696/1696/1696
f 1700/1700/1700 1702/1702/1702 1701/1701/1701
f 1700/1700/1700 1634/1634/1634 1703/1703/1703
f 1633/1633/1633 1703/1703/1703 1634/1634/1634
f 1704/1704/1704 1702/1702/1702 1700/1700/1700
f 1700/1700/1700 1703/1703/1703 1704/1704/1704
f 1702/1702/1702 1704/1704/1704 1705/1705/1705
f 1706/1706/1706 1703/1703/1703 1633/1633/1633
f 1633/1633/1633 1397/1397/1397 1706/1706/1706
f 1707/1707/1707 1704/1704/1704 1703/1703/1703
f 1708/1708/1708 1706/1706/1706 1397/1397/1397
f 1391/1391/1391 1708/1708/1708 1397/1397/1397
f 1384/1384/1384 1708/1708/1708 1391/1391/1391
f 1709/1709/1709 1705/1705/1705 1704/1704/1704
f 1704/1704/1704 1707/1707/1707 1709/1709/1709
f 1702/1702/1702 1705/1705/1705 1710/1710/1710
f 1705/1705/1705 1709/1709/1709 1710/1710/1710
f 1384/1384/1384 1711/1711/1711 1708/1708/1708
f 1382/1382/1382 1711/1711/1711 1384/1384/1384
f 1378/1378/1378 1711/1711/1711 1382/1382/1382
f 1712/1712/1712 1708/1708/1708 1711/1711/1711
f 1378/1378/1378 1712/1712/1712 1711/1711/1711
f 1706/1706/1706 1708/1708/1708 1712/1712/1712
f 1712/1712/1712 1713/1713/1713 1706/1706/1706
f 1713/1713/1713 1703/1703/1703 1706/1706/1706
f 1713/1713/1713 1707/1707/1707 1703/1703/1703
f 1714/1714/1714 1713/1713/1713 1712/1712/1712
f 1707/1707/1707 1713/1713/1713 1715/1715/1715
f 1714/1714/1714 1715/1715/1715 1713/1713/1713
f 1707/1707/1707 1715/1715/1715 1709/1709/1709
f 1716/1716/1716 1712/1712/1712 1378/1378/1378
f 1712/1712/1712 1716/1716/1716 1714/1714/1714
f 1717/1717/1717 1716/1716/1716 1378/1378/1378
f 1377/1377/1377 1717/1717/1717 1378/1378/1378
f 1716/1716/1716 1718/1718/1718 1714/1714/1714
f 1716/1716/1716 1717/1717/1717 1718/1718/1718
f 1377/1377/1377 1379/1379/1379 1717/1717/1717
f 1379/1379/1379 1718/1718/1718 1717/1717/1717
f 1709/1709/1709 1715/1715/1715 1719/1719/1719
f 1715/1715/1715 1714/1714/1714 1719/1719/1719
f 1714/1714/1714 1720/1720/1720 1719/1719/1719
f 1718/1718/1718 1720/1720/1720 1714/1714/1714
f 1721/1721/1721 1719/1719/1719 1720/1720/1720
f 1720/1720/1720 1718/1718/1718 1722/1722/1722
f 1722/1722/1722 1721/1721/1721 1720/1720/1720
f 1719/1719/1719 1723/1723/1723 1709/1709/1709
f 1719/1719/1719 1721/1721/1721 1723/1723/1723
f 1724/1724/1724 1709/1709/1709 1723/1723/1723
f 1710/1710/1710 1709/1709/1709 1724/1724/1724
f 1725/1725/1725 1723/1723/1723 1721/1721/1721
f 1724/1724/1724 1723/1723/1723 1726/1726/1726
f 1723/1723/1723 1725/1725/1725 1726/1726/1726
f 1724/1724/1724 1727/1727/1727 1710/1710/1710
f 1726/1726/1726 1727/1727/1727 1724/1724/1724
f 1727/1727/1727 1728/1728/1728 1710/1710/1710
f 1727/1727/1727 1726/1726/1726 1728/1728/1728
f 1710/1710/1710 1728/1728/1728 1729/1729/1729
f 1710/1710/1710 1729/1729/1729 1702/1702/1702
f 1702/1702/1702 1729/1729/1729 1696/1696/1696
f 1729/1729/1729 1730/1730/1730 1696/1696/1696
f 1730/1730/1730 1693/1693/1693 1696/1696/1696
f 1728/1728/1728 1731/1731/1731 1729/1729/1729
f 1729/1729/1729 1731/1731/1731 1730/1730/1730
f 1732/1732/1732 1728/1728/1728 1726/1726/1726
f 1730/1730/1730 1733/1733/1733 1693/1693/1693
f 1730/1730/1730 1731/1731/1731 1733/1733/1733
f 1734/1734/1734 1732/1732/1732 1726/1726/1726
f 1734/1734/1734 1726/1726/1726 1725/1725/1725
f 1732/1732/1732 1735/1735/1735 1728/1728/1728
f 1728/1728/1728 1735/1735/1735 1731/1731/1731
f 1734/1734/1734 1736/1736/1736 1732/1732/1732
f 1732/1732/1732 1736/1736/1736 1735/1735/1735
f 1737/1737/1737 1734/1734/1734 1725/1725/1725
f 1737/1737/1737 1736/1736/1736 1734/1734/1734
f 1731/1731/1731 1738/1738/1738 1733/1733/1733
f 1735/1735/1735 1738/1738/1738 1731/1731/1731
f 1738/1738/1738 1739/1739/1739 1733/1733/1733
f 1740/1740/1740 1737/1737/1737 1725/1725/1725
f 1693/1693/1693 1733/1733/1733 1741/1741/1741
f 1733/1733/1733 1739/1739/1739 1741/1741/1741
f 1693/1693/1693 1741/1741/1741 1742/1742/1742
f 1693/1693/1693 1742/1742/1742 1691/1691/1691
f 1691/1691/1691 1742/1742/1742 1743/1743/1743
f 1742/1742/1742 1744/1744/1744 1743/1743/1743
f 1745/1745/1745 1744/1744/1744 1742/1742/1742
f 1745/1745/1745 1742/1742/1742 1741/1741/1741
f 1746/1746/1746 1744/1744/1744 1745/1745/1745
f 1745/1745/1745 1741/1741/1741 1747/1747/1747
f 1747/1747/1747 1746/1746/1746 1745/1745/1745
f 1739/1739/1739 1747/1747/1747 1741/1741/1741
f 1746/1746/1746 1747/1747/1747 1748/1748/1748
f 1748/1748/1748 1747/1747/1747 1739/1739/1739
f 1748/1748/1748 1749/1749/1749 1746/1746/1746
f 1748/1748/1748 1739/1739/1739 1750/1750/1750
f 1750/1750/1750 1739/1739/1739 1751/1751/1751
f 1752/1752/1752 1748/1748/1748 1750/1750/1750
f 1752/1752/1752 1749/1749/1749 1748/1748/1748
f 1751/1751/1751 1752/1752/1752 1750/1750/1750
f 1752/1752/1752 1753/1753/1753 1749/1749/1749
f 1751/1751/1751 1753/1753/1753 1752/1752/1752
f 1753/1753/1753 1754/1754/1754 1749/1749/1749
f 1738/1738/1738 1751/1751/1751 1739/1739/1739
f 1753/1753/1753 1755/1755/1755 1754/1754/1754
f 1751/1751/1751 1738/1738/1738 1756/1756/1756
f 1735/1735/1735 1756/1756/1756 1738/1738/1738
f 1751/1751/1751 1757/1757/1757 1753/1753/1753
f 1757/1757/1757 1755/1755/1755 1753/1753/1753
f 1751/1751/1751 1756/1756/1756 1757/1757/1757
f 1757/1757/1757 1758/1758/1758 1755/1755/1755
f 1758/1758/1758 1759/1759/1759 1755/1755/1755
f 1756/1756/1756 1760/1760/1760 1757/1757/1757
f 1760/1760/1760 1756/1756/1756 1735/1735/1735
f 1760/1760/1760 1758/1758/1758 1757/1757/1757
f 1761/1761/1761 1759/1759/1759 1758/1758/1758
f 1735/1735/1735 1762/1762/1762 1760/1760/1760
f 1762/1762/1762 1758/1758/1758 1760/1760/1760
f 1763/1763/1763 1762/1762/1762 1735/1735/1735
f 1764/1764/1764 1761/1761/1761 1758/1758/1758
f 1762/1762/1762 1764/1764/1764 1758/1758/1758
f 1764/1764/1764 1765/1765/1765 1761/1761/1761
f 1762/1762/1762 1766/1766/1766 1764/1764/1764
f 1763/1763/1763 1766/1766/1766 1762/1762/1762
f 1766/1766/1766 1765/1765/1765 1764/1764/1764
f 1761/1761/1761 1765/1765/1765 1767/1767/1767
f 1735/1735/1735 1736/1736/1736 1763/1763/1763
f 1765/1765/1765 1768/1768/1768 1767/1767/1767
f 1768/1768/1768 1769/1769/1769 1767/1767/1767
f 1770/1770/1770 1765/1765/1765 1766/1766/1766
f 1770/1770/1770 1768/1768/1768 1765/1765/1765
f 1771/1771/1771 1769/1769/1769 1768/1768/1768
f 1769/1769/1769 1771/1771/1771 1772/1772/1772
f 1771/1771/1771 1768/1768/1768 1773/1773/1773
f 1771/1771/1771 1773/1773/1773 1772/1772/1772
f 1770/1770/1770 1774/1774/1774 1768/1768/1768
f 1774/1774/1774 1773/1773/1773 1768/1768/1768
f 1775/1775/1775 1770/1770/1770 1766/1766/1766
f 1770/1770/1770 1775/1775/1775 1774/1774/1774
f 1763/1763/1763 1776/1776/1776 1766/1766/1766
f 1766/1766/1766 1776/1776/1776 1775/1775/1775
f 1777/1777/1777 1776/1776/1776 1763/1763/1763
f 1777/1777/1777 1763/1763/1763 1736/1736/1736
f 1775/1775/1775 1776/1776/1776 1778/1778/1778
f 1775/1775/1775 1779/1779/1779 1774/1774/1774
f 1773/1773/1773 1774/1774/1774 1779/1779/1779
f 1778/1778/1778 1780/1780/1780 1775/1775/1775
f 1780/1780/1780 1779/1779/1779 1775/1775/1775
f 1776/1776/1776 1781/1781/1781 1778/1778/1778
f 1781/1781/1781 1776/1776/1776 1777/1777/1777
f 1781/1781/1781 1780/1780/1780 1778/1778/1778
f 1782/1782/1782 1777/1777/1777 1736/1736/1736
f 1782/1782/1782 1781/1781/1781 1777/1777/1777
f 1783/1783/1783 1782/1782/1782 1736/1736/1736
f 1736/1736/1736 1737/1737/1737 1783/1783/1783
f 1740/1740/1740 1783/1783/1783 1737/1737/1737
f 1783/1783/1783 1784/1784/1784 1782/1782/1782
f 1784/1784/1784 1781/1781/1781 1782/1782/1782
f 1785/1785/1785 1783/1783/1783 1740/1740/1740
f 1783/1783/1783 1785/1785/1785 1784/1784/1784
f 1784/1784/1784 1786/1786/1786 1781/1781/1781
f 1785/1785/1785 1787/1787/1787 1784/1784/1784
f 1787/1787/1787 1786/1786/1786 1784/1784/1784
f 1785/1785/1785 1740/1740/1740 1788/1788/1788
f 1789/1789/1789 1788/1788/1788 1740/1740/1740
f 1725/1725/1725 1789/1789/1789 1740/1740/1740
f 1721/1721/1721 1789/1789/1789 1725/1725/1725
f 1789/1789/1789 1721/1721/1721 1790/1790/1790
f 1721/1721/1721 1722/1722/1722 1790/1790/1790
f 1791/1791/1791 1788/1788/1788 1789/1789/1789
f 1789/1789/1789 1790/1790/1790 1792/1792/1792
f 1792/1792/1792 1791/1791/1791 1789/1789/1789
f 1791/1791/1791 1793/1793/1793 1788/1788/1788
f 1788/1788/1788 1793/1793/1793 1785/1785/1785
f 1792/1792/1792 1794/1794/1794 1791/1791/1791
f 1791/1791/1791 1794/1794/1794 1793/1793/1793
f 1795/1795/1795 1792/1792/1792 1790/1790/1790
f 1794/1794/1794 1792/1792/1792 1795/1795/1795
f 1796/1796/1796 1790/1790/1790 1722/1722/1722
f 1790/1790/1790 1796/1796/1796 1795/1795/1795
f 1722/1722/1722 1797/1797/1797 1796/1796/1796
f 1798/1798/1798 1794/1794/1794 1795/1795/1795
f 1722/1722/1722 1799/1799/1799 1797/1797/1797
f 1718/1718/1718 1799/1799/1799 1722/1722/1722
f 1718/1718/1718 1800/1800/1800 1799/1799/1799
f 1800/1800/1800 1797/1797/1797 1799/1799/1799
f 1718/1718/1718 1379/1379/1379 1800/1800/1800
f 1801/1801/1801 1795/1795/1795 1796/1796/1796
f 1797/1797/1797 1800/1800/1800 1802/1802/1802
f 1797/1797/1797 1803/1803/1803 1796/1796/1796
f 1803/1803/1803 1801/1801/1801 1796/1796/1796
f 1797/1797/1797 1804/1804/1804 1803/1803/1803
f 1804/1804/1804 1797/1797/1797 1802/1802/1802
f 1801/1801/1801 1803/1803/1803 1805/1805/1805
f 1805/1805/1805 1803/1803/1803 1804/1804/1804
f 1795/1795/1795 1801/1801/1801 1806/1806/1806
f 1805/1805/1805 1806/1806/1806 1801/1801/1801
f 1795/1795/1795 1806/1806/1806 1798/1798/1798
f 1806/1806/1806 1805/1805/1805 1807/1807/1807
f 1807/1807/1807 1798/1798/1798 1806/1806/1806
f 1808/1808/1808 1807/1807/1807 1805/1805/1805
f 1809/1809/1809 1805/1805/1805 1804/1804/1804
f 1809/1809/1809 1808/1808/1808 1805/1805/1805
f 1810/1810/1810 1798/1798/1798 1807/1807/1807
f 1808/1808/1808 1810/1810/1810 1807/1807/1807
f 1811/1811/1811 1798/1798/1798 1810/1810/1810
f 1808/1808/1808 1812/1812/1812 1810/1810/1810
f 1812/1812/1812 1811/1811/1811 1810/1810/1810
f 1798/1798/1798 1811/1811/1811 1813/1813/1813
f 1798/1798/1798 1813/1813/1813 1794/1794/1794
f 1813/1813/1813 1793/1793/1793 1794/1794/1794
f 1811/1811/1811 1814/1814/1814 1813/1813/1813
f 1793/1793/1793 1813/1813/1813 1814/1814/1814
f 1812/1812/1812 1815/1815/1815 1811/1811/1811
f 1814/1814/1814 1811/1811/1811 1815/1815/1815
f 1808/1808/1808 1816/1816/1816 1812/1812/1812
f 1814/1814/1814 1817/1817/1817 1793/1793/1793
f 1812/1812/1812 1818/1818/1818 1815/1815/1815
f 1812/1812/1812 1819/1819/1819 1818/1818/1818
f 1812/1812/1812 1816/1816/1816 1819/1819/1819
f 1820/1820/1820 1816/1816/1816 1808/1808/1808
f 1808/1808/1808 1809/1809/1809 1820/1820/1820
f 1819/1819/1819 1816/1816/1816 1821/1821/1821
f 1822/1822/1822 1816/1816/1816 1820/1820/1820
f 1822/1822/1822 1821/1821/1821 1816/1816/1816
f 1818/1818/1818 1819/1819/1819 1823/1823/1823
f 1821/1821/1821 1823/1823/1823 1819/1819/1819
f 1824/1824/1824 1820/1820/1820 1809/1809/1809
f 1820/1820/1820 1824/1824/1824 1822/1822/1822
f 1824/1824/1824 1809/1809/1809 1825/1825/1825
f 1826/1826/1826 1822/1822/1822 1824/1824/1824
f 1824/1824/1824 1825/1825/1825 1826/1826/1826
f 1821/1821/1821 1822/1822/1822 1827/1827/1827
f 1822/1822/1822 1826/1826/1826 1828/1828/1828
f 1822/1822/1822 1828/1828/1828 1827/1827/1827
f 1829/1829/1829 1821/1821/1821 1827/1827/1827
f 1823/1823/1823 1821/1821/1821 1829/1829/1829
f 1827/1827/1827 1828/1828/1828 1830/1830/1830
f 1827/1827/1827 1830/1830/1830 1829/1829/1829
f 1831/1831/1831 1828/1828/1828 1826/1826/1826
f 1830/1830/1830 1828/1828/1828 1832/1832/1832
f 1828/1828/1828 1831/1831/1831 1832/1832/1832
f 1830/1830/1830 1833/1833/1833 1829/1829/1829
f 1830/1830/1830 1832/1832/1832 1833/1833/1833
f 1829/1829/1829 1834/1834/1834 1823/1823/1823
f 1833/1833/1833 1834/1834/1834 1829/1829/1829
f 1834/1834/1834 1835/1835/1835 1823/1823/1823
f 1833/1833/1833 1836/1836/1836 1834/1834/1834
f 1836/1836/1836 1835/1835/1835 1834/1834/1834
f 1832/1832/1832 1837/1837/1837 1833/1833/1833
f 1837/1837/1837 1838/1838/1838 1833/1833/1833
f 1836/1836/1836 1833/1833/1833 1838/1838/1838
f 749/749/749 1837/1837/1837 1832/1832/1832
f 1837/1837/1837 749/749/749 1839/1839/1839
f 1839/1839/1839 1838/1838/1838 1837/1837/1837
f 1832/1832/1832 1840/1840/1840 749/749/749
f 1831/1831/1831 1840/1840/1840 1832/1832/1832
f 1839/1839/1839 749/749/749 740/740/740
f 748/748/748 749/749/749 1840/1840/1840
f 1839/1839/1839 740/740/740 1841/1841/1841
f 1839/1839/1839 1841/1841/1841 1838/1838/1838
f 1841/1841/1841 740/740/740 727/727/727
f 727/727/727 729/729/729 1841/1841/1841
f 1841/1841/1841 729/729/729 1838/1838/1838
f 729/729/729 730/730/730 1838/1838/1838
f 748/748/748 1840/1840/1840 1842/1842/1842
f 1840/1840/1840 1831/1831/1831 1842/1842/1842
f 748/748/748 1842/1842/1842 751/751/751
f 730/730/730 1843/1843/1843 1838/1838/1838
f 723/723/723 1843/1843/1843 730/730/730
f 1836/1836/1836 1838/1838/1838 1843/1843/1843
f 721/721/721 1843/1843/1843 723/723/723
f 1842/1842/1842 1844/1844/1844 751/751/751
f 1831/1831/1831 1844/1844/1844 1842/1842/1842
f 751/751/751 1844/1844/1844 754/754/754
f 1845/1845/1845 1843/1843/1843 721/721/721
f 1836/1836/1836 1843/1843/1843 1845/1845/1845
f 719/719/719 1845/1845/1845 721/721/721
f 1845/1845/1845 1846/1846/1846 1836/1836/1836
f 1847/1847/1847 1845/1845/1845 719/719/719
f 1846/1846/1846 1845/1845/1845 1847/1847/1847
f 1847/1847/1847 719/719/719 704/704/704
f 1835/1835/1835 1836/1836/1836 1846/1846/1846
f 1848/1848/1848 1847/1847/1847 704/704/704
f 1848/1848/1848 704/704/704 701/701/701
f 1846/1846/1846 1847/1847/1847 1849/1849/1849
f 1847/1847/1847 1848/1848/1848 1849/1849/1849
f 1850/1850/1850 1835/1835/1835 1846/1846/1846
f 1835/1835/1835 1850/1850/1850 1823/1823/1823
f 1846/1846/1846 1849/1849/1849 1851/1851/1851
f 1846/1846/1846 1851/1851/1851 1850/1850/1850
f 1849/1849/1849 1848/1848/1848 1852/1852/1852
f 701/701/701 1852/1852/1852 1848/1848/1848
f 1852/1852/1852 1851/1851/1851 1849/1849/1849
f 1851/1851/1851 1853/1853/1853 1850/1850/1850
f 1823/1823/1823 1850/1850/1850 1854/1854/1854
f 1850/1850/1850 1853/1853/1853 1854/1854/1854
f 1854/1854/1854 1818/1818/1818 1823/1823/1823
f 1851/1851/1851 1855/1855/1855 1853/1853/1853
f 1853/1853/1853 1855/1855/1855 1854/1854/1854
f 1851/1851/1851 1852/1852/1852 1856/1856/1856
f 1856/1856/1856 1852/1852/1852 701/701/701
f 1851/1851/1851 1856/1856/1856 1855/1855/1855
f 1856/1856/1856 701/701/701 1857/1857/1857
f 1855/1855/1855 1856/1856/1856 1857/1857/1857
f 701/701/701 695/695/695 1857/1857/1857
f 695/695/695 693/693/693 1857/1857/1857
f 1818/1818/1818 1854/1854/1854 1815/1815/1815
f 1855/1855/1855 1857/1857/1857 1858/1858/1858
f 1857/1857/1857 693/693/693 1858/1858/1858
f 1859/1859/1859 1854/1854/1854 1855/1855/1855
f 1858/1858/1858 1859/1859/1859 1855/1855/1855
f 1860/1860/1860 1815/1815/1815 1854/1854/1854
f 1860/1860/1860 1854/1854/1854 1859/1859/1859
f 1815/1815/1815 1860/1860/1860 1861/1861/1861
f 1860/1860/1860 1859/1859/1859 1861/1861/1861
f 1815/1815/1815 1861/1861/1861 1862/1862/1862
f 1815/1815/1815 1862/1862/1862 1814/1814/1814
f 1863/1863/1863 1861/1861/1861 1859/1859/1859
f 1862/1862/1862 1861/1861/1861 1863/1863/1863
f 1814/1814/1814 1862/1862/1862 1864/1864/1864
f 1862/1862/1862 1863/1863/1863 1864/1864/1864
f 1864/1864/1864 1817/1817/1817 1814/1814/1814
f 1864/1864/1864 1865/1865/1865 1817/1817/1817
f 1864/1864/1864 1863/1863/1863 1865/1865/1865
f 1863/1863/1863 1859/1859/1859 1866/1866/1866
f 1858/1858/1858 1866/1866/1866 1859/1859/1859
f 1865/1865/1865 1863/1863/1863 1867/1867/1867
f 1865/1865/1865 1868/1868/1868 1817/1817/1817
f 1868/1868/1868 1865/1865/1865 1867/1867/1867
f 1866/1866/1866 1858/1858/1858 1869/1869/1869
f 693/693/693 1869/1869/1869 1858/1858/1858
f 1869/1869/1869 693/693/693 688/688/688
f 1866/1866/1866 1870/1870/1870 1863/1863/1863
f 1866/1866/1866 1869/1869/1869 1870/1870/1870
f 1863/1863/1863 1870/1870/1870 1867/1867/1867
f 688/688/688 687/687/687 1869/1869/1869
f 687/687/687 1870/1870/1870 1869/1869/1869
f 1870/1870/1870 1871/1871/1871 1867/1867/1867
f 1870/1870/1870 687/687/687 1871/1871/1871
f 1871/1871/1871 687/687/687 1872/1872/1872
f 687/687/687 1873/1873/1873 1872/1872/1872
f 1871/1871/1871 1872/1872/1872 1874/1874/1874
f 1874/1874/1874 1872/1872/1872 1873/1873/1873
f 687/687/687 689/689/689 1873/1873/1873
f 1867/1867/1867 1871/1871/1871 1875/1875/1875
f 1875/1875/1875 1871/1871/1871 1874/1874/1874
f 1867/1867/1867 1875/1875/1875 1876/1876/1876
f 1868/1868/1868 1867/1867/1867 1876/1876/1876
f 1875/1875/1875 1874/1874/1874 1877/1877/1877
f 1875/1875/1875 1877/1877/1877 1876/1876/1876
f 1873/1873/1873 1878/1878/1878 1874/1874/1874
f 1873/1873/1873 689/689/689 1878/1878/1878
f 1879/1879/1879 1874/1874/1874 1878/1878/1878
f 1874/1874/1874 1879/1879/1879 1877/1877/1877
f 1878/1878/1878 689/689/689 1880/1880/1880
f 1879/1879/1879 1878/1878/1878 1881/1881/1881
f 1878/1878/1878 1880/1880/1880 1881/1881/1881
f 1882/1882/1882 1880/1880/1880 689/689/689
f 1882/1882/1882 689/689/689 690/690/690
f 1882/1882/1882 1883/1883/1883 1880/1880/1880
f 1883/1883/1883 1882/1882/1882 690/690/690
f 1880/1880/1880 1883/1883/1883 1884/1884/1884
f 1884/1884/1884 1881/1881/1881 1880/1880/1880
f 1883/1883/1883 690/690/690 1885/1885/1885
f 1879/1879/1879 1881/1881/1881 1886/1886/1886
f 1877/1877/1877 1879/1879/1879 1886/1886/1886
f 690/690/690 1887/1887/1887 1885/1885/1885
f 1887/1887/1887 690/690/690 677/677/677
f 1885/1885/1885 1887/1887/1887 1888/1888/1888
f 677/677/677 1889/1889/1889 1887/1887/1887
f 1887/1887/1887 1889/1889/1889 1888/1888/1888
f 1889/1889/1889 677/677/677 667/667/667
f 1889/1889/1889 667/667/667 1890/1890/1890
f 1889/1889/1889 1890/1890/1890 1888/1888/1888
f 667/667/667 658/658/658 1890/1890/1890
f 1885/1885/1885 1888/1888/1888 1891/1891/1891
f 1883/1883/1883 1885/1885/1885 1891/1891/1891
f 1892/1892/1892 1890/1890/1890 658/658/658
f 658/658/658 657/657/657 1892/1892/1892
f 1892/1892/1892 657/657/657 1893/1893/1893
f 1893/1893/1893 1890/1890/1890 1892/1892/1892
f 656/656/656 1893/1893/1893 657/657/657
f 1893/1893/1893 656/656/656 1894/1894/1894
f 1894/1894/1894 656/656/656 603/603/603
f 1895/1895/1895 1890/1890/1890 1893/1893/1893
f 1893/1893/1893 1894/1894/1894 1895/1895/1895
f 1894/1894/1894 603/603/603 1896/1896/1896
f 1895/1895/1895 1894/1894/1894 1896/1896/1896
f 1896/1896/1896 603/603/603 606/606/606
f 1890/1890/1890 1895/1895/1895 1897/1897/1897
f 1888/1888/1888 1890/1890/1890 1897/1897/1897
f 1896/1896/1896 1898/1898/1898 1895/1895/1895
f 1895/1895/1895 1898/1898/1898 1897/1897/1897
f 606/606/606 1899/1899/1899 1896/1896/1896
f 1896/1896/1896 1899/1899/1899 1898/1898/1898
f 606/606/606 600/600/600 1899/1899/1899
f 1897/1897/1897 1898/1898/1898 1900/1900/1900
f 1900/1900/1900 1898/1898/1898 1899/1899/1899
f 1888/1888/1888 1897/1897/1897 1901/1901/1901
f 1900/1900/1900 1901/1901/1901 1897/1897/1897
f 1891/1891/1891 1888/1888/1888 1901/1901/1901
f 1899/1899/1899 1902/1902/1902 1900/1900/1900
f 1899/1899/1899 600/600/600 1902/1902/1902
f 1903/1903/1903 1901/1901/1901 1900/1900/1900
f 1903/1903/1903 1900/1900/1900 1902/1902/1902
f 1902/1902/1902 600/600/600 1904/1904/1904
f 1904/1904/1904 600/600/600 599/599/599
f 599/599/599 1905/1905/1905 1904/1904/1904
f 1902/1902/1902 1904/1904/1904 1906/1906/1906
f 1903/1903/1903 1902/1902/1902 1906/1906/1906
f 1907/1907/1907 1904/1904/1904 1905/1905/1905
f 1906/1906/1906 1904/1904/1904 1907/1907/1907
f 1907/1907/1907 1905/1905/1905 1908/1908/1908
f 1908/1908/1908 1905/1905/1905 1909/1909/1909
f 1908/1908/1908 1909/1909/1909 1910/1910/1910
f 1908/1908/1908 1911/1911/1911 1907/1907/1907
f 1910/1910/1910 1911/1911/1911 1908/1908/1908
f 1906/1906/1906 1907/1907/1907 1911/1911/1911
f 1911/1911/1911 1903/1903/1903 1906/1906/1906
f 1910/1910/1910 1912/1912/1912 1911/1911/1911
f 1913/1913/1913 1901/1901/1901 1903/1903/1903
f 1901/1901/1901 1913/1913/1913 1891/1891/1891
f 1903/1903/1903 1911/1911/1911 1914/1914/1914
f 1903/1903/1903 1914/1914/1914 1913/1913/1913
f 1912/1912/1912 1915/1915/1915 1911/1911/1911
f 1914/1914/1914 1911/1911/1911 1915/1915/1915
f 1916/1916/1916 1915/1915/1915 1912/1912/1912
f 1916/1916/1916 1912/1912/1912 1917/1917/1917
f 1918/1918/1918 1914/1914/1914 1915/1915/1915
f 1916/1916/1916 1918/1918/1918 1915/1915/1915
f 1913/1913/1913 1914/1914/1914 1919/1919/1919
f 1918/1918/1918 1919/1919/1919 1914/1914/1914
f 1891/1891/1891 1913/1913/1913 1919/1919/1919
f 1916/1916/1916 1917/1917/1917 1920/1920/1920
f 1919/1919/1919 1918/1918/1918 1921/1921/1921
f 1891/1891/1891 1919/1919/1919 1921/1921/1921
f 1920/1920/1920 1917/1917/1917 1922/1922/1922
f 1921/1921/1921 1918/1918/1918 1923/1923/1923
f 1923/1923/1923 1918/1918/1918 1916/1916/1916
f 1921/1921/1921 1924/1924/1924 1891/1891/1891
f 1924/1924/1924 1883/1883/1883 1891/1891/1891
f 1924/1924/1924 1884/1884/1884 1883/1883/1883
f 1925/1925/1925 1924/1924/1924 1921/1921/1921
f 1921/1921/1921 1923/1923/1923 1925/1925/1925
f 1926/1926/1926 1923/1923/1923 1916/1916/1916
f 1926/1926/1926 1925/1925/1925 1923/1923/1923
f 1920/1920/1920 1926/1926/1926 1916/1916/1916
f 1926/1926/1926 1920/1920/1920 1927/1927/1927
f 1927/1927/1927 1925/1925/1925 1926/1926/1926
f 1927/1927/1927 1920/1920/1920 1922/1922/1922
f 1928/1928/1928 1924/1924/1924 1925/1925/1925
f 1924/1924/1924 1928/1928/1928 1884/1884/1884
f 1928/1928/1928 1925/1925/1925 1927/1927/1927
f 1929/1929/1929 1884/1884/1884 1928/1928/1928
f 1929/1929/1929 1928/1928/1928 1927/1927/1927
f 1929/1929/1929 1930/1930/1930 1884/1884/1884
f 1881/1881/1881 1884/1884/1884 1930/1930/1930
f 1931/1931/1931 1929/1929/1929 1927/1927/1927
f 1930/1930/1930 1929/1929/1929 1931/1931/1931
f 1927/1927/1927 1922/1922/1922 1932/1932/1932
f 1932/1932/1932 1931/1931/1931 1927/1927/1927
f 1933/1933/1933 1932/1932/1932 1922/1922/1922
f 1922/1922/1922 1934/1934/1934 1933/1933/1933
f 1772/1772/1772 1933/1933/1933 1934/1934/1934
f 1933/1933/1933 1772/1772/1772 1773/1773/1773
f 1935/1935/1935 1932/1932/1932 1933/1933/1933
f 1935/1935/1935 1933/1933/1933 1773/1773/1773
f 1932/1932/1932 1935/1935/1935 1931/1931/1931
f 1935/1935/1935 1773/1773/1773 1779/1779/1779
f 1935/1935/1935 1936/1936/1936 1931/1931/1931
f 1935/1935/1935 1779/1779/1779 1936/1936/1936
f 1930/1930/1930 1931/1931/1931 1936/1936/1936
f 1936/1936/1936 1779/1779/1779 1780/1780/1780
f 1937/1937/1937 1930/1930/1930 1936/1936/1936
f 1936/1936/1936 1780/1780/1780 1937/1937/1937
f 1930/1930/1930 1937/1937/1937 1938/1938/1938
f 1930/1930/1930 1938/1938/1938 1881/1881/1881
f 1938/1938/1938 1886/1886/1886 1881/1881/1881
f 1938/1938/1938 1937/1937/1937 1939/1939/1939
f 1939/1939/1939 1937/1937/1937 1780/1780/1780
f 1940/1940/1940 1886/1886/1886 1938/1938/1938
f 1939/1939/1939 1940/1940/1940 1938/1938/1938
f 1877/1877/1877 1886/1886/1886 1940/1940/1940
f 1780/1780/1780 1941/1941/1941 1939/1939/1939
f 1939/1939/1939 1941/1941/1941 1940/1940/1940
f 1941/1941/1941 1780/1780/1780 1781/1781/1781
f 1786/1786/1786 1941/1941/1941 1781/1781/1781
f 1940/1940/1940 1941/1941/1941 1786/1786/1786
f 1877/1877/1877 1940/1940/1940 1786/1786/1786
f 1786/1786/1786 1942/1942/1942 1877/1877/1877
f 1876/1876/1876 1877/1877/1877 1942/1942/1942
f 1787/1787/1787 1942/1942/1942 1786/1786/1786
f 1942/1942/1942 1868/1868/1868 1876/1876/1876
f 1942/1942/1942 1787/1787/1787 1943/1943/1943
f 1868/1868/1868 1942/1942/1942 1943/1943/1943
f 1785/1785/1785 1943/1943/1943 1787/1787/1787
f 1817/1817/1817 1868/1868/1868 1943/1943/1943
f 1793/1793/1793 1943/1943/1943 1785/1785/1785
f 1817/1817/1817 1943/1943/1943 1793/1793/1793
f 1945/1945/1945 1944/1944/1944 2/2/2
f 5/5/5 1945/1945/1945 2/2/2
f 5/5/5 24/24/24 1945/1945/1945
f 1944/1944/1944 8/8/8 2/2/2
f 1945/1945/1945 24/24/24 1946/1946/1946
f 1947/1947/1947 8/8/8 1944/1944/1944
f 1947/1947/1947 47/47/47 8/8/8
f 1948/1948/1948 1944/1944/1944 1945/1945/1945
f 1948/1948/1948 1945/1945/1945 1946/1946/1946
f 24/24/24 1949/1949/1949 1946/1946/1946
f 1948/1948/1948 1946/1946/1946 1949/1949/1949
f 235/235/235 1949/1949/1949 24/24/24
f 1950/1950/1950 1944/1944/1944 1948/1948/1948
f 1944/1944/1944 1950/1950/1950 1947/1947/1947
f 1950/1950/1950 1948/1948/1948 1949/1949/1949
f 235/235/235 225/225/225 1949/1949/1949
f 1947/1947/1947 1950/1950/1950 1951/1951/1951
f 1951/1951/1951 1950/1950/1950 1949/1949/1949
f 1951/1951/1951 47/47/47 1947/1947/1947
f 1951/1951/1951 120/120/120 47/47/47
f 1949/1949/1949 225/225/225 1952/1952/1952
f 1951/1951/1951 1949/1949/1949 1952/1952/1952
f 1952/1952/1952 225/225/225 128/128/128
f 120/120/120 1951/1951/1951 128/128/128
f 128/128/128 1951/1951/1951 1952/1952/1952
f 1953/1953/1953 572/572/572 581/581/581
f 1954/1954/1954 1953/1953/1953 581/581/581
f 608/608/608 1954/1954/1954 581/581/581
f 572/572/572 1953/1953/1953 1955/1955/1955
f 1955/1955/1955 1953/1953/1953 1954/1954/1954
f 1956/1956/1956 572/572/572 1955/1955/1955
f 1956/1956/1956 568/568/568 572/572/572
f 1954/1954/1954 1957/1957/1957 1955/1955/1955
f 1954/1954/1954 608/608/608 1958/1958/1958
f 1957/1957/1957 1954/1954/1954 1958/1958/1958
f 610/610/610 1958/1958/1958 608/608/608
f 1959/1959/1959 568/568/568 1956/1956/1956
f 1959/1959/1959 564/564/564 568/568/568
f 1956/1956/1956 1955/1955/1955 1960/1960/1960
f 1960/1960/1960 1959/1959/1959 1956/1956/1956
f 1957/1957/1957 1960/1960/1960 1955/1955/1955
f 1961/1961/1961 564/564/564 1959/1959/1959
f 1961/1961/1961 1959/1959/1959 1960/1960/1960
f 1961/1961/1961 563/563/563 564/564/564
f 563/563/563 1961/1961/1961 1962/1962/1962
f 1960/1960/1960 1962/1962/1962 1961/1961/1961
f 1962/1962/1962 558/558/558 563/563/563
f 1963/1963/1963 1960/1960/1960 1957/1957/1957
f 1962/1962/1962 1960/1960/1960 1963/1963/1963
f 1962/1962/1962 1964/1964/1964 558/558/558
f 1965/1965/1965 558/558/558 1964/1964/1964
f 547/547/547 558/558/558 1965/1965/1965
f 1965/1965/1965 1966/1966/1966 547/547/547
f 1964/1964/1964 1966/1966/1966 1965/1965/1965
f 546/546/546 547/547/547 1966/1966/1966
f 1967/1967/1967 1964/1964/1964 1962/1962/1962
f 1964/1964/1964 1967/1967/1967 1966/1966/1966
f 1963/1963/1963 1967/1967/1967 1962/1962/1962
f 1968/1968/1968 546/546/546 1966/1966/1966
f 1968/1968/1968 541/541/541 546/546/546
f 1968/1968/1968 1966/1966/1966 1969/1969/1969
f 1966/1966/1966 1967/1967/1967 1969/1969/1969
f 541/541/541 1968/1968/1968 1969/1969/1969
f 1970/1970/1970 1967/1967/1967 1963/1963/1963
f 1970/1970/1970 1969/1969/1969 1967/1967/1967
f 1969/1969/1969 1970/1970/1970 1971/1971/1971
f 1969/1969/1969 1971/1971/1971 541/541/541
f 1972/1972/1972 1970/1970/1970 1963/1963/1963
f 1972/1972/1972 1963/1963/1963 1973/1973/1973
f 1973/1973/1973 1963/1963/1963 1957/1957/1957
f 1972/1972/1972 1974/1974/1974 1970/1970/1970
f 1971/1971/1971 1970/1970/1970 1974/1974/1974
f 1975/1975/1975 1972/1972/1972 1973/1973/1973
f 1974/1974/1974 1972/1972/1972 1975/1975/1975
f 1973/1973/1973 1957/1957/1957 1976/1976/1976
f 1975/1975/1975 1973/1973/1973 1976/1976/1976
f 1976/1976/1976 1957/1957/1957 1958/1958/1958
f 1977/1977/1977 1976/1976/1976 1958/1958/1958
f 1976/1976/1976 1977/1977/1977 1975/1975/1975
f 610/610/610 1977/1977/1977 1958/1958/1958
f 610/610/610 1975/1975/1975 1977/1977/1977
f 1978/1978/1978 1975/1975/1975 610/610/610
f 1978/1978/1978 1974/1974/1974 1975/1975/1975
f 610/610/610 626/626/626 1978/1978/1978
f 1978/1978/1978 1979/1979/1979 1974/1974/1974
f 1978/1978/1978 626/626/626 1979/1979/1979
f 1979/1979/1979 1971/1971/1971 1974/1974/1974
f 624/624/624 1979/1979/1979 626/626/626
f 624/624/624 1980/1980/1980 1979/1979/1979
f 1981/1981/1981 1971/1971/1971 1979/1979/1979
f 1980/1980/1980 1981/1981/1981 1979/1979/1979
f 1980/1980/1980 530/530/530 1981/1981/1981
f 624/624/624 529/529/529 1980/1980/1980
f 529/529/529 530/530/530 1980/1980/1980
f 639/639/639 529/529/529 624/624/624
f 639/639/639 1982/1982/1982 529/529/529
f 506/506/506 1982/1982/1982 639/639/639
f 509/509/509 529/529/529 1982/1982/1982
f 1982/1982/1982 506/506/506 507/507/507
f 507/507/507 509/509/509 1982/1982/1982
f 1981/1981/1981 530/530/530 1983/1983/1983
f 530/530/530 531/531/531 1983/1983/1983
f 1983/1983/1983 531/531/531 533/533/533
f 1981/1981/1981 1983/1983/1983 1984/1984/1984
f 1983/1983/1983 533/533/533 1984/1984/1984
f 1971/1971/1971 1981/1981/1981 1984/1984/1984
f 541/541/541 1984/1984/1984 533/533/533
f 1984/1984/1984 541/541/541 1971/1971/1971
f 1140/1140/1140 1143/1143/1143 1985/1985/1985
f 1985/1985/1985 1143/1143/1143 1150/1150/1150
f 1985/1985/1985 1150/1150/1150 1986/1986/1986
f 1140/1140/1140 1985/1985/1985 1987/1987/1987
f 1985/1985/1985 1988/1988/1988 1987/1987/1987
f 1988/1988/1988 1985/1985/1985 1986/1986/1986
f 1140/1140/1140 1987/1987/1987 1989/1989/1989
f 1990/1990/1990 1987/1987/1987 1988/1988/1988
f 1988/1988/1988 1986/1986/1986 1990/1990/1990
f 1987/1987/1987 1990/1990/1990 1989/1989/1989
f 1150/1150/1150 1156/1156/1156 1986/1986/1986
f 1991/1991/1991 1140/1140/1140 1989/1989/1989
f 1130/1130/1130 1140/1140/1140 1991/1991/1991
f 1130/1130/1130 1991/1991/1991 1117/1117/1117
f 1989/1989/1989 1992/1992/1992 1991/1991/1991
f 1991/1991/1991 1993/1993/1993 1117/1117/1117
f 1109/1109/1109 1117/1117/1117 1993/1993/1993
f 1109/1109/1109 1993/1993/1993 1106/1106/1106
f 1993/1993/1993 1991/1991/1991 1994/1994/1994
f 1993/1993/1993 1994/1994/1994 1106/1106/1106
f 1106/1106/1106 1994/1994/1994 1995/1995/1995
f 1106/1106/1106 1995/1995/1995 1100/1100/1100
f 1996/1996/1996 1994/1994/1994 1991/1991/1991
f 1994/1994/1994 1996/1996/1996 1995/1995/1995
f 1991/1991/1991 1992/1992/1992 1997/1997/1997
f 1991/1991/1991 1997/1997/1997 1996/1996/1996
f 1997/1997/1997 1992/1992/1992 1998/1998/1998
f 1992/1992/1992 1989/1989/1989 1998/1998/1998
f 1996/1996/1996 1997/1997/1997 1999/1999/1999
f 1997/1997/1997 1998/1998/1998 1999/1999/1999
f 1999/1999/1999 1995/1995/1995 1996/1996/1996
f 2000/2000/2000 1998/1998/1998 1989/1989/1989
f 1995/1995/1995 2001/2001/2001 1100/1100/1100
f 1100/1100/1100 2001/2001/2001 1098/1098/1098
f 2001/2001/2001 1099/1099/1099 1098/1098/1098
f 2001/2001/2001 1995/1995/1995 2002/2002/2002
f 1099/1099/1099 2001/2001/2001 2002/2002/2002
f 1995/1995/1995 1999/1999/1999 2002/2002/2002
f 2002/2002/2002 2003/2003/2003 1099/1099/1099
f 2003/2003/2003 2002/2002/2002 1999/1999/1999
f 1099/1099/1099 2003/2003/2003 1103/1103/1103
f 1999/1999/1999 1998/1998/1998 2004/2004/2004
f 2000/2000/2000 2004/2004/2004 1998/1998/1998
f 2003/2003/2003 1999/1999/1999 2005/2005/2005
f 2003/2003/2003 2005/2005/2005 1103/1103/1103
f 1999/1999/1999 2004/2004/2004 2005/2005/2005
f 1989/1989/1989 1990/1990/1990 2000/2000/2000
f 1103/1103/1103 2005/2005/2005 2006/2006/2006
f 1103/1103/1103 2006/2006/2006 2007/2007/2007
f 1103/1103/1103 2007/2007/2007 1102/1102/1102
f 2006/2006/2006 2005/2005/2005 2008/2008/2008
f 2007/2007/2007 2006/2006/2006 2008/2008/2008
f 1102/1102/1102 2007/2007/2007 1088/1088/1088
f 2007/2007/2007 2008/2008/2008 1088/1088/1088
f 1088/1088/1088 2008/2008/2008 2009/2009/2009
f 1088/1088/1088 2009/2009/2009 2010/2010/2010
f 2009/2009/2009 2008/2008/2008 2010/2010/2010
f 1086/1086/1086 1088/1088/1088 2010/2010/2010
f 2011/2011/2011 1086/1086/1086 2010/2010/2010
f 2010/2010/2010 2012/2012/2012 2011/2011/2011
f 2012/2012/2012 2010/2010/2010 2008/2008/2008
f 2013/2013/2013 2011/2011/2011 2012/2012/2012
f 2008/2008/2008 2014/2014/2014 2012/2012/2012
f 2012/2012/2012 2015/2015/2015 2013/2013/2013
f 2015/2015/2015 2012/2012/2012 2014/2014/2014
f 2013/2013/2013 2015/2015/2015 2016/2016/2016
f 2016/2016/2016 2017/2017/2017 2013/2013/2013
f 2017/2017/2017 2016/2016/2016 2018/2018/2018
f 2018/2018/2018 2016/2016/2016 2019/2019/2019
f 2020/2020/2020 2014/2014/2014 2008/2008/2008
f 2005/2005/2005 2020/2020/2020 2008/2008/2008
f 2021/2021/2021 2015/2015/2015 2014/2014/2014
f 2015/2015/2015 2021/2021/2021 2016/2016/2016
f 2014/2014/2014 2020/2020/2020 2021/2021/2021
f 2005/2005/2005 2022/2022/2022 2020/2020/2020
f 2022/2022/2022 2021/2021/2021 2020/2020/2020
f 2005/2005/2005 2004/2004/2004 2022/2022/2022
f 2004/2004/2004 2023/2023/2023 2022/2022/2022
f 2000/2000/2000 2023/2023/2023 2004/2004/2004
f 2000/2000/2000 2024/2024/2024 2023/2023/2023
f 2000/2000/2000 1990/1990/1990 2024/2024/2024
f 2025/2025/2025 2022/2022/2022 2023/2023/2023
f 2024/2024/2024 2026/2026/2026 2023/2023/2023
f 2023/2023/2023 2026/2026/2026 2025/2025/2025
f 1990/1990/1990 2027/2027/2027 2024/2024/2024
f 2024/2024/2024 2027/2027/2027 2026/2026/2026
f 1990/1990/1990 2028/2028/2028 2027/2027/2027
f 1986/1986/1986 2028/2028/2028 1990/1990/1990
f 2025/2025/2025 2029/2029/2029 2022/2022/2022
f 2029/2029/2029 2021/2021/2021 2022/2022/2022
f 2030/2030/2030 2029/2029/2029 2025/2025/2025
f 2026/2026/2026 2030/2030/2030 2025/2025/2025
f 2031/2031/2031 2021/2021/2021 2029/2029/2029
f 2031/2031/2031 2016/2016/2016 2021/2021/2021
f 2030/2030/2030 2032/2032/2032 2029/2029/2029
f 2029/2029/2029 2032/2032/2032 2031/2031/2031
f 2031/2031/2031 2033/2033/2033 2016/2016/2016
f 2016/2016/2016 2033/2033/2033 2019/2019/2019
f 2034/2034/2034 2031/2031/2031 2032/2032/2032
f 2033/2033/2033 2031/2031/2031 2034/2034/2034
f 2019/2019/2019 2033/2033/2033 2035/2035/2035
f 2019/2019/2019 2035/2035/2035 2036/2036/2036
f 2037/2037/2037 2035/2035/2035 2033/2033/2033
f 2033/2033/2033 2034/2034/2034 2037/2037/2037
f 2038/2038/2038 2036/2036/2036 2035/2035/2035
f 2036/2036/2036 2038/2038/2038 2039/2039/2039
f 2040/2040/2040 2035/2035/2035 2037/2037/2037
f 2040/2040/2040 2038/2038/2038 2035/2035/2035
f 2041/2041/2041 2039/2039/2039 2038/2038/2038
f 2042/2042/2042 2040/2040/2040 2037/2037/2037
f 2042/2042/2042 2037/2037/2037 2034/2034/2034
f 2038/2038/2038 2040/2040/2040 2043/2043/2043
f 2041/2041/2041 2038/2038/2038 2044/2044/2044
f 2044/2044/2044 2038/2038/2038 2043/2043/2043
f 2041/2041/2041 2044/2044/2044 2045/2045/2045
f 2041/2041/2041 2045/2045/2045 2046/2046/2046
f 2046/2046/2046 2045/2045/2045 2047/2047/2047
f 2045/2045/2045 2048/2048/2048 2047/2047/2047
f 2045/2045/2045 2049/2049/2049 2048/2048/2048
f 2043/2043/2043 2040/2040/2040 1590/1590/1590
f 1590/1590/1590 2040/2040/2040 2042/2042/2042
f 2043/2043/2043 2050/2050/2050 2044/2044/2044
f 1590/1590/1590 2050/2050/2050 2043/2043/2043
f 1584/1584/1584 2050/2050/2050 1590/1590/1590
f 1590/1590/1590 2042/2042/2042 2051/2051/2051
f 2050/2050/2050 1584/1584/1584 1589/1589/1589
f 1590/1590/1590 2051/2051/2051 1588/1588/1588
f 2050/2050/2050 2052/2052/2052 2044/2044/2044
f 2050/2050/2050 1589/1589/1589 2052/2052/2052
f 2052/2052/2052 2045/2045/2045 2044/2044/2044
f 2053/2053/2053 2051/2051/2051 2042/2042/2042
f 2053/2053/2053 1588/1588/1588 2051/2051/2051
f 2053/2053/2053 2042/2042/2042 2034/2034/2034
f 1589/1589/1589 2054/2054/2054 2052/2052/2052
f 2054/2054/2054 2045/2045/2045 2052/2052/2052
f 2054/2054/2054 1589/1589/1589 2055/2055/2055
f 1582/1582/1582 2055/2055/2055 1589/1589/1589
f 1592/1592/1592 2055/2055/2055 1582/1582/1582
f 2055/2055/2055 2056/2056/2056 2054/2054/2054
f 2045/2045/2045 2054/2054/2054 2056/2056/2056
f 1592/1592/1592 2056/2056/2056 2055/2055/2055
f 2045/2045/2045 2056/2056/2056 2057/2057/2057
f 1592/1592/1592 2057/2057/2057 2056/2056/2056
f 2045/2045/2045 2057/2057/2057 2049/2049/2049
f 2058/2058/2058 2057/2057/2057 1592/1592/1592
f 2057/2057/2057 2058/2058/2058 2049/2049/2049
f 2058/2058/2058 2059/2059/2059 2049/2049/2049
f 1592/1592/1592 1593/1593/1593 2058/2058/2058
f 2059/2059/2059 2058/2058/2058 2060/2060/2060
f 2058/2058/2058 2061/2061/2061 2060/2060/2060
f 2061/2061/2061 2058/2058/2058 1593/1593/1593
f 2062/2062/2062 2060/2060/2060 2061/2061/2061
f 1593/1593/1593 2063/2063/2063 2061/2061/2061
f 1598/1598/1598 2063/2063/2063 1593/1593/1593
f 2061/2061/2061 2064/2064/2064 2062/2062/2062
f 2063/2063/2063 2064/2064/2064 2061/2061/2061
f 2062/2062/2062 2064/2064/2064 1664/1664/1664
f 1663/1663/1663 1664/1664/1664 2064/2064/2064
f 2064/2064/2064 2065/2065/2065 1663/1663/1663
f 2065/2065/2065 2064/2064/2064 2063/2063/2063
f 2065/2065/2065 1655/1655/1655 1663/1663/1663
f 2063/2063/2063 1598/1598/1598 2066/2066/2066
f 2066/2066/2066 2065/2065/2065 2063/2063/2063
f 2066/2066/2066 1655/1655/1655 2065/2065/2065
f 2066/2066/2066 1598/1598/1598 1600/1600/1600
f 1658/1658/1658 1655/1655/1655 2066/2066/2066
f 1600/1600/1600 1658/1658/1658 2066/2066/2066
f 2067/2067/2067 2026/2026/2026 2027/2027/2027
f 2067/2067/2067 2027/2027/2027 2028/2028/2028
f 2067/2067/2067 2068/2068/2068 2026/2026/2026
f 2028/2028/2028 2069/2069/2069 2067/2067/2067
f 2068/2068/2068 2070/2070/2070 2026/2026/2026
f 2070/2070/2070 2030/2030/2030 2026/2026/2026
f 2067/2067/2067 2071/2071/2071 2068/2068/2068
f 2071/2071/2071 2067/2067/2067 2069/2069/2069
f 2068/2068/2068 2072/2072/2072 2070/2070/2070
f 2068/2068/2068 2071/2071/2071 2072/2072/2072
f 2070/2070/2070 2073/2073/2073 2030/2030/2030
f 2072/2072/2072 2073/2073/2073 2070/2070/2070
f 2030/2030/2030 2073/2073/2073 2032/2032/2032
f 2074/2074/2074 2072/2072/2072 2071/2071/2071
f 2072/2072/2072 2074/2074/2074 2073/2073/2073
f 2073/2073/2073 2075/2075/2075 2032/2032/2032
f 2073/2073/2073 2074/2074/2074 2075/2075/2075
f 2075/2075/2075 2034/2034/2034 2032/2032/2032
f 2053/2053/2053 2034/2034/2034 2075/2075/2075
f 2076/2076/2076 2053/2053/2053 2075/2075/2075
f 2074/2074/2074 2076/2076/2076 2075/2075/2075
f 2053/2053/2053 2076/2076/2076 1588/1588/1588
f 2074/2074/2074 2077/2077/2077 2076/2076/2076
f 2077/2077/2077 1588/1588/1588 2076/2076/2076
f 2074/2074/2074 2071/2071/2071 2077/2077/2077
f 1588/1588/1588 2077/2077/2077 2078/2078/2078
f 2078/2078/2078 1586/1586/1586 1588/1588/1588
f 2079/2079/2079 2077/2077/2077 2071/2071/2071
f 1585/1585/1585 1586/1586/1586 2078/2078/2078
f 2080/2080/2080 2078/2078/2078 2077/2077/2077
f 2080/2080/2080 1585/1585/1585 2078/2078/2078
f 2079/2079/2079 2080/2080/2080 2077/2077/2077
f 2079/2079/2079 2071/2071/2071 2069/2069/2069
f 2081/2081/2081 1585/1585/1585 2080/2080/2080
f 2079/2079/2079 2081/2081/2081 2080/2080/2080
f 2082/2082/2082 2079/2079/2079 2069/2069/2069
f 2081/2081/2081 2079/2079/2079 2082/2082/2082
f 2083/2083/2083 2081/2081/2081 2082/2082/2082
f 2084/2084/2084 1585/1585/1585 2081/2081/2081
f 1585/1585/1585 2084/2084/2084 1577/1577/1577
f 2085/2085/2085 2081/2081/2081 2083/2083/2083
f 2081/2081/2081 2085/2085/2085 2084/2084/2084
f 2086/2086/2086 2083/2083/2083 2082/2082/2082
f 2085/2085/2085 2083/2083/2083 2086/2086/2086
f 2069/2069/2069 2087/2087/2087 2082/2082/2082
f 2087/2087/2087 2086/2086/2086 2082/2082/2082
f 2087/2087/2087 2069/2069/2069 2088/2088/2088
f 2028/2028/2028 2088/2088/2088 2069/2069/2069
f 1986/1986/1986 2088/2088/2088 2028/2028/2028
f 1156/1156/1156 2088/2088/2088 1986/1986/1986
f 2089/2089/2089 2087/2087/2087 2088/2088/2088
f 1156/1156/1156 2089/2089/2089 2088/2088/2088
f 2090/2090/2090 2087/2087/2087 2089/2089/2089
f 2090/2090/2090 2089/2089/2089 1156/1156/1156
f 2087/2087/2087 2090/2090/2090 2086/2086/2086
f 2090/2090/2090 1156/1156/1156 1157/1157/1157
f 2091/2091/2091 2086/2086/2086 2090/2090/2090
f 1157/1157/1157 2091/2091/2091 2090/2090/2090
f 2086/2086/2086 2091/2091/2091 2085/2085/2085
f 1157/1157/1157 2092/2092/2092 2091/2091/2091
f 2092/2092/2092 2085/2085/2085 2091/2091/2091
f 2092/2092/2092 1157/1157/1157 1160/1160/1160
f 2092/2092/2092 2093/2093/2093 2085/2085/2085
f 2093/2093/2093 2084/2084/2084 2085/2085/2085
f 1160/1160/1160 2094/2094/2094 2092/2092/2092
f 2094/2094/2094 2093/2093/2093 2092/2092/2092
f 2095/2095/2095 2094/2094/2094 1160/1160/1160
f 2093/2093/2093 2096/2096/2096 2084/2084/2084
f 2093/2093/2093 2094/2094/2094 2096/2096/2096
f 2096/2096/2096 1577/1577/1577 2084/2084/2084
f 2096/2096/2096 1574/1574/1574 1577/1577/1577
f 1160/1160/1160 1164/1164/1164 2095/2095/2095
f 2094/2094/2094 2095/2095/2095 2097/2097/2097
f 2094/2094/2094 2097/2097/2097 2096/2096/2096
f 1164/1164/1164 2097/2097/2097 2095/2095/2095
f 2096/2096/2096 2097/2097/2097 1574/1574/1574
f 2097/2097/2097 2098/2098/2098 1574/1574/1574
f 2099/2099/2099 1574/1574/1574 2098/2098/2098
f 1552/1552/1552 1574/1574/1574 2099/2099/2099
f 2097/2097/2097 2100/2100/2100 2098/2098/2098
f 2100/2100/2100 2099/2099/2099 2098/2098/2098
f 2097/2097/2097 1164/1164/1164 2101/2101/2101
f 2100/2100/2100 2097/2097/2097 2101/2101/2101
f 2101/2101/2101 1164/1164/1164 2102/2102/2102
f 1552/1552/1552 2099/2099/2099 2103/2103/2103
f 2100/2100/2100 2103/2103/2103 2099/2099/2099
f 2103/2103/2103 1550/1550/1550 1552/1552/1552
f 2104/2104/2104 2100/2100/2100 2101/2101/2101
f 2104/2104/2104 2103/2103/2103 2100/2100/2100
f 2102/2102/2102 2104/2104/2104 2101/2101/2101
f 2105/2105/2105 1550/1550/1550 2103/2103/2103
f 2105/2105/2105 2103/2103/2103 2104/2104/2104
f 2102/2102/2102 2105/2105/2105 2104/2104/2104
f 1168/1168/1168 2102/2102/2102 1164/1164/1164
f 1549/1549/1549 1550/1550/1550 2105/2105/2105
f 2102/2102/2102 2106/2106/2106 2105/2105/2105
f 2106/2106/2106 1549/1549/1549 2105/2105/2105
f 1168/1168/1168 2107/2107/2107 2102/2102/2102
f 2107/2107/2107 2106/2106/2106 2102/2102/2102
f 2108/2108/2108 2107/2107/2107 1168/1168/1168
f 1171/1171/1171 2108/2108/2108 1168/1168/1168
f 2106/2106/2106 2107/2107/2107 2109/2109/2109
f 2106/2106/2106 2110/2110/2110 1549/1549/1549
f 2109/2109/2109 2110/2110/2110 2106/2106/2106
f 2110/2110/2110 2111/2111/2111 1549/1549/1549
f 1545/1545/1545 1549/1549/1549 2111/2111/2111
f 2110/2110/2110 1545/1545/1545 2111/2111/2111
f 2108/2108/2108 2112/2112/2112 2107/2107/2107
f 2107/2107/2107 2112/2112/2112 2109/2109/2109
f 2113/2113/2113 2112/2112/2112 2108/2108/2108
f 2113/2113/2113 2108/2108/2108 1171/1171/1171
f 2114/2114/2114 2109/2109/2109 2112/2112/2112
f 2112/2112/2112 2113/2113/2113 2114/2114/2114
f 2115/2115/2115 2110/2110/2110 2109/2109/2109
f 2110/2110/2110 2116/2116/2116 1545/1545/1545
f 2115/2115/2115 2116/2116/2116 2110/2110/2110
f 2116/2116/2116 1542/1542/1542 1545/1545/1545
f 2117/2117/2117 2115/2115/2115 2109/2109/2109
f 2114/2114/2114 2117/2117/2117 2109/2109/2109
f 2116/2116/2116 2115/2115/2115 2117/2117/2117
f 2116/2116/2116 2118/2118/2118 1542/1542/1542
f 2117/2117/2117 2118/2118/2118 2116/2116/2116
f 2118/2118/2118 1540/1540/1540 1542/1542/1542
f 2117/2117/2117 1540/1540/1540 2118/2118/2118
f 2114/2114/2114 2119/2119/2119 2117/2117/2117
f 2119/2119/2119 1540/1540/1540 2117/2117/2117
f 2114/2114/2114 2113/2113/2113 2119/2119/2119
f 1540/1540/1540 2119/2119/2119 2120/2120/2120
f 2121/2121/2121 2113/2113/2113 1171/1171/1171
f 2121/2121/2121 2119/2119/2119 2113/2113/2113
f 1453/1453/1453 2121/2121/2121 1171/1171/1171
f 1462/1462/1462 2121/2121/2121 1453/1453/1453
f 2119/2119/2119 2121/2121/2121 1462/1462/1462
f 2119/2119/2119 1462/1462/1462 2120/2120/2120
f 2120/2120/2120 2122/2122/2122 1540/1540/1540
f 2120/2120/2120 1462/1462/1462 2122/2122/2122
f 2122/2122/2122 1464/1464/1464 1540/1540/1540
f 2122/2122/2122 1462/1462/1462 1463/1463/1463
f 1463/1463/1463 1464/1464/1464 2122/2122/2122
f 1360/1360/1360 1359/1359/1359 2123/2123/2123
f 2124/2124/2124 2123/2123/2123 1359/1359/1359
f 1355/1355/1355 2124/2124/2124 1359/1359/1359
f 2125/2125/2125 1360/1360/1360 2123/2123/2123
f 2125/2125/2125 1362/1362/1362 1360/1360/1360
f 1362/1362/1362 2125/2125/2125 1366/1366/1366
f 1366/1366/1366 1379/1379/1379 1367/1367/1367
f 1366/1366/1366 2126/2126/2126 1379/1379/1379
f 2126/2126/2126 1800/1800/1800 1379/1379/1379
f 2127/2127/2127 1366/1366/1366 2125/2125/2125
f 1366/1366/1366 2127/2127/2127 2126/2126/2126
f 2125/2125/2125 2128/2128/2128 2127/2127/2127
f 2126/2126/2126 2127/2127/2127 2128/2128/2128
f 1800/1800/1800 2126/2126/2126 1802/1802/1802
f 2125/2125/2125 2129/2129/2129 2128/2128/2128
f 2130/2130/2130 1802/1802/1802 2126/2126/2126
f 2126/2126/2126 2128/2128/2128 2131/2131/2131
f 2130/2130/2130 2126/2126/2126 2131/2131/2131
f 2131/2131/2131 1802/1802/1802 2130/2130/2130
f 2129/2129/2129 2131/2131/2131 2128/2128/2128
f 1802/1802/1802 2131/2131/2131 2132/2132/2132
f 2131/2131/2131 2129/2129/2129 2132/2132/2132
f 2132/2132/2132 1804/1804/1804 1802/1802/1802
f 2132/2132/2132 1809/1809/1809 1804/1804/1804
f 2125/2125/2125 2133/2133/2133 2129/2129/2129
f 2125/2125/2125 2123/2123/2123 2133/2133/2133
f 2134/2134/2134 1809/1809/1809 2132/2132/2132
f 2133/2133/2133 2123/2123/2123 2135/2135/2135
f 2123/2123/2123 2124/2124/2124 2135/2135/2135
f 2133/2133/2133 2136/2136/2136 2129/2129/2129
f 2135/2135/2135 2136/2136/2136 2133/2133/2133
f 2132/2132/2132 2129/2129/2129 2137/2137/2137
f 2137/2137/2137 2134/2134/2134 2132/2132/2132
f 2136/2136/2136 2137/2137/2137 2129/2129/2129
f 1825/1825/1825 1809/1809/1809 2134/2134/2134
f 2135/2135/2135 2124/2124/2124 2138/2138/2138
f 2136/2136/2136 2135/2135/2135 2138/2138/2138
f 2139/2139/2139 2134/2134/2134 2137/2137/2137
f 2137/2137/2137 2136/2136/2136 2139/2139/2139
f 2134/2134/2134 2139/2139/2139 1825/1825/1825
f 2138/2138/2138 2139/2139/2139 2136/2136/2136
f 1825/1825/1825 2139/2139/2139 2140/2140/2140
f 2139/2139/2139 2138/2138/2138 2140/2140/2140
f 2141/2141/2141 2138/2138/2138 2124/2124/2124
f 1355/1355/1355 2141/2141/2141 2124/2124/2124
f 2141/2141/2141 2142/2142/2142 2138/2138/2138
f 2142/2142/2142 2140/2140/2140 2138/2138/2138
f 2143/2143/2143 2142/2142/2142 2141/2141/2141
f 2141/2141/2141 1355/1355/1355 2144/2144/2144
f 2141/2141/2141 2144/2144/2144 2143/2143/2143
f 1354/1354/1354 2144/2144/2144 1355/1355/1355
f 758/758/758 2144/2144/2144 1354/1354/1354
f 2143/2143/2143 2144/2144/2144 2145/2145/2145
f 2145/2145/2145 2144/2144/2144 758/758/758
f 2145/2145/2145 2142/2142/2142 2143/2143/2143
f 2145/2145/2145 758/758/758 755/755/755
f 755/755/755 754/754/754 2145/2145/2145
f 2145/2145/2145 754/754/754 2142/2142/2142
f 2142/2142/2142 754/754/754 2140/2140/2140
f 2140/2140/2140 754/754/754 1844/1844/1844
f 2146/2146/2146 2140/2140/2140 1844/1844/1844
f 2140/2140/2140 2146/2146/2146 1825/1825/1825
f 1844/1844/1844 1831/1831/1831 2146/2146/2146
f 2146/2146/2146 1826/1826/1826 1825/1825/1825
f 1831/1831/1831 1826/1826/1826 2146/2146/2146
f 2147/2147/2147 185/185/185 192/192/192
f 1036/1036/1036 185/185/185 2147/2147/2147
f 2148/2148/2148 2147/2147/2147 192/192/192
f 193/193/193 2148/2148/2148 192/192/192
f 832/832/832 2148/2148/2148 193/193/193
f 832/832/832 2149/2149/2149 2148/2148/2148
f 2149/2149/2149 2147/2147/2147 2148/2148/2148
f 842/842/842 2149/2149/2149 832/832/832
f 2147/2147/2147 2150/2150/2150 1036/1036/1036
f 2147/2147/2147 2149/2149/2149 2150/2150/2150
f 842/842/842 2151/2151/2151 2149/2149/2149
f 2149/2149/2149 2151/2151/2151 2150/2150/2150
f 842/842/842 848/848/848 2151/2151/2151
f 848/848/848 2152/2152/2152 2151/2151/2151
f 2151/2151/2151 2152/2152/2152 2150/2150/2150
f 848/848/848 998/998/998 2152/2152/2152
f 2150/2150/2150 2153/2153/2153 1036/1036/1036
f 2153/2153/2153 2150/2150/2150 2152/2152/2152
f 2153/2153/2153 1031/1031/1031 1036/1036/1036
f 2154/2154/2154 2152/2152/2152 998/998/998
f 998/998/998 1020/1020/1020 2154/2154/2154
f 2152/2152/2152 2155/2155/2155 2153/2153/2153
f 2152/2152/2152 2154/2154/2154 2155/2155/2155
f 2155/2155/2155 1031/1031/1031 2153/2153/2153
f 2155/2155/2155 2154/2154/2154 1020/1020/1020
f 1020/1020/1020 1031/1031/1031 2155/2155/2155
