# Exported from Godot Engine
o MS_Rock_A_LOD1
v 0.678973 -0.068637 -1.043711
vt 0.555855 0.271814
vn 0.347758 0.070146 -0.934957
v 0.678782 -0.143950 -1.032852
vt 0.559893 0.259917
vn 0.057998 -0.315544 -0.947137
v 0.693085 -0.096985 -1.022950
vt 0.553952 0.265298
vn 0.599169 0.185046 -0.778944
v 0.680214 -0.004652 -1.032947
vt 0.551363 0.280864
vn 0.461492 0.165861 -0.871502
v 0.582399 -0.148781 -1.025160
vt 0.576326 0.263896
vn -0.120097 -0.392151 -0.912027
v 0.749127 -0.130739 -1.024716
vt 0.549016 0.255764
vn 0.358637 0.150422 -0.921278
v 0.596217 -0.252165 -0.942258
vt 0.588631 0.242484
vn -0.126967 -0.584509 -0.801392
v 0.743660 -0.020055 -0.939662
vt 0.534606 0.273459
vn 0.530146 0.157118 -0.833222
v 0.712976 0.035429 -0.966872
vt 0.538519 0.283951
vn 0.691528 0.149699 -0.706668
v 0.826993 -0.107719 -0.941231
vt 0.528281 0.254408
vn 0.725424 0.364347 -0.583961
v 0.785651 -0.007336 -0.924161
vt 0.527888 0.273554
vn 0.544251 0.288744 -0.787666
v 0.832089 -0.158425 -0.970508
vt 0.534897 0.245017
vn 0.726866 0.232017 -0.646400
v 0.833085 -0.228639 -0.971515
vt 0.539256 0.231438
vn 0.387085 -0.131941 -0.912555
v 0.784486 -0.239502 -0.964401
vt 0.549721 0.231314
vn -0.115088 -0.553746 -0.824694
v 0.875249 -0.236459 -0.928382
vt 0.526744 0.227317
vn 0.685942 0.381119 -0.619865
v 0.877986 -0.301682 -0.956014
vt 0.533727 0.214904
vn 0.141495 -0.217924 -0.965654
v 0.751507 -0.272619 -0.921572
vt 0.560342 0.222983
vn -0.204075 -0.543071 -0.814511
v 0.770480 -0.381329 -0.877904
vt 0.562054 0.195549
vn 0.009478 -0.338233 -0.941015
v 0.600872 -0.311641 -0.910706
vt 0.596406 0.225218
vn -0.168663 -0.373588 -0.912132
v 0.842827 -0.416137 -0.858444
vt 0.545242 0.182908
vn -0.020670 -0.301684 -0.953184
v 0.504653 -0.279436 -0.887055
vt 0.614729 0.243617
vn -0.137466 -0.555589 -0.820015
v 0.924448 -0.360699 -0.914335
vt 0.525564 0.197368
vn -0.059169 -0.461767 -0.885025
v 0.944085 -0.295763 -0.932542
vt 0.519647 0.210468
vn 0.524654 0.252548 -0.812993
v 0.995417 -0.402979 -0.906601
vt 0.510738 0.187230
vn 0.355670 -0.156831 -0.921359
v 1.024753 -0.283299 -0.815044
vt 0.490743 0.211460
vn 0.680363 0.411131 -0.606694
v 0.468201 -0.221327 -0.941518
vt 0.609242 0.262565
vn -0.171999 -0.561294 -0.809547
v 0.515698 -0.094282 -1.030639
vt 0.583765 0.279840
vn -0.181262 -0.171064 -0.968443
v 0.398475 -0.339356 -0.860551
vt 0.643630 0.247607
vn -0.070577 -0.555159 -0.828744
v 0.391610 -0.091114 -0.990544
vt 0.605494 0.297403
vn -0.307986 -0.152199 -0.939138
v 0.532869 -0.004178 -1.015523
vt 0.572014 0.293172
vn -0.211751 0.290879 -0.933033
v 0.495727 -0.044389 -1.026156
vt 0.580906 0.290497
vn -0.154042 0.190577 -0.969511
v 0.610253 0.144406 -1.005380
vt 0.548313 0.303297
vn 0.000000 0.441934 -0.897047
v 0.478470 0.110984 -0.933189
vt 0.568193 0.318768
vn -0.296212 0.450866 -0.842009
v 0.418975 0.057791 -0.970492
vt 0.582558 0.314361
vn -0.288135 0.456775 -0.841626
v 0.675586 0.106586 -0.980565
vt 0.540332 0.296325
vn 0.606421 0.381135 -0.697847
v 0.696443 0.238573 -0.875029
vt 0.523902 0.312553
vn 0.603325 0.408620 -0.684857
v 0.795971 0.252592 -0.766870
vt 0.500198 0.311140
vn 0.688609 0.360412 -0.629223
v 0.609652 0.224639 -0.953037
vt 0.537362 0.319729
vn 0.061706 0.531698 -0.844683
v 0.645975 0.344205 -0.853058
vt 0.523058 0.333552
vn 0.214113 0.506863 -0.835013
v 0.535742 0.286501 -0.885830
vt 0.543109 0.335324
vn -0.192695 0.469946 -0.861405
v 0.381414 0.077521 -0.937028
vt 0.585367 0.323218
vn -0.274026 0.477706 -0.834690
v 0.375287 0.221183 -0.859608
vt 0.568440 0.345766
vn -0.102101 0.259388 -0.960361
v 0.360000 0.122189 -0.903909
vt 0.583378 0.334374
vn -0.189816 0.426297 -0.884444
v 0.244724 0.029638 -0.915900
vt 0.610021 0.334684
vn -0.204848 0.315086 -0.926692
v 0.313232 -0.026308 -0.963628
vt 0.607373 0.315266
vn -0.292922 0.206799 -0.933505
v 0.258036 -0.088743 -0.942936
vt 0.623052 0.313893
vn -0.294898 -0.145273 -0.944421
v 0.232218 -0.160845 -0.901428
vt 0.642839 0.306819
vn -0.229474 -0.443913 -0.866189
v 0.254001 0.102582 -0.883534
vt 0.598648 0.344586
vn -0.092809 0.273055 -0.957511
v 0.274004 0.179081 -0.873259
vt 0.586519 0.351253
vn 0.001103 0.181026 -0.983478
v 0.116657 0.045889 -0.903425
vt 0.624509 0.351675
vn -0.129433 0.094580 -0.987067
v 0.080156 0.101914 -0.896586
vt 0.620607 0.369259
vn -0.050418 0.027492 -0.998350
v 0.134320 -0.039051 -0.911486
vt 0.634243 0.342033
vn -0.153611 0.084473 -0.984514
v 0.035188 0.026189 -0.878694
vt 0.637919 0.366453
vn -0.028037 0.188001 -0.981769
v 0.129838 -0.114169 -0.911801
vt 0.648333 0.331739
vn -0.184780 -0.253872 -0.949424
v 0.019041 -0.011744 -0.899594
vt 0.646722 0.363758
vn -0.067712 0.105479 -0.992114
v -0.032869 0.081654 -0.875400
vt 0.637222 0.382881
vn 0.054377 -0.123125 -0.990900
v 0.008831 -0.104296 -0.876778
vt 0.666621 0.353804
vn -0.344472 -0.333269 -0.877651
v -0.077674 0.023787 -0.889221
vt 0.651212 0.384092
vn -0.123185 -0.096580 -0.987673
v -0.063699 0.110180 -0.887297
vt 0.635741 0.390999
vn -0.065976 -0.005384 -0.997807
v -0.024843 0.163411 -0.890619
vt 0.624492 0.389840
vn -0.157710 0.387091 -0.908454
v -0.137242 0.058323 -0.884325
vt 0.651821 0.398093
vn -0.216094 -0.065898 -0.974146
v 0.141751 0.229773 -0.878326
vt 0.595235 0.375440
vn -0.125497 0.392849 -0.910999
v -0.198550 0.119304 -0.858300
vt 0.647095 0.414828
vn -0.295700 0.468695 -0.832398
v 0.047633 0.249316 -0.809939
vt 0.598666 0.394922
vn -0.250113 0.717111 -0.650535
v 0.270534 0.346500 -0.846906
vt 0.566885 0.371603
vn -0.166812 0.478583 -0.862051
v 0.361110 0.355264 -0.848614
vt 0.556504 0.363888
vn -0.040641 0.390086 -0.919881
v 0.303503 0.441364 -0.767909
vt 0.550499 0.379074
vn -0.271246 0.769421 -0.578288
v 0.454790 0.328015 -0.856772
vt 0.547842 0.350107
vn -0.065547 0.366631 -0.928055
v 0.503671 0.485871 -0.756552
vt 0.526162 0.365210
vn -0.101046 0.656020 -0.747949
v 0.623684 0.449685 -0.778200
vt 0.515975 0.352084
vn 0.101131 0.547734 -0.830518
v 0.489432 0.510329 -0.719564
vt 0.523147 0.372773
vn -0.244428 0.820086 -0.517411
v 0.584122 0.530714 -0.736389
vt 0.512378 0.364901
vn -0.041417 0.674696 -0.736933
v 0.656088 0.549111 -0.711393
vt 0.503044 0.361801
vn 0.054602 0.662149 -0.747380
v 0.539997 0.556500 -0.688241
vt 0.513179 0.374380
vn -0.220806 0.727665 -0.649422
v 0.662892 0.487590 -0.740496
vt 0.506701 0.354478
vn 0.191663 0.483288 -0.854224
v 0.750876 0.437712 -0.762740
vt 0.500247 0.341592
vn 0.631417 0.188135 -0.752275
v 0.597609 0.572030 -0.669571
vt 0.504739 0.371989
vn -0.047332 0.731399 -0.680305
v 0.781047 0.497766 -0.733141
vt 0.493354 0.348497
vn 0.530526 0.302655 -0.791797
v 0.662609 0.610244 -0.645178
vt 0.494432 0.371302
vn 0.055624 0.715586 -0.696306
v 0.752387 0.563842 -0.679255
vt 0.490075 0.358269
vn 0.280767 0.743485 -0.606960
v 0.813789 0.518410 -0.687864
vt 0.486641 0.349334
vn 0.751233 0.253712 -0.609327
v 0.860011 0.556136 -0.602043
vt 0.474158 0.353204
vn 0.773538 0.462523 -0.433256
v 0.722745 0.365794 -0.821340
vt 0.510514 0.333219
vn 0.628525 0.174916 -0.757866
v 0.724678 0.321056 -0.809035
vt 0.510633 0.326590
vn 0.712144 0.206145 -0.671085
v 0.745599 0.378302 -0.743204
vt 0.501048 0.330996
vn 0.859838 0.091520 -0.502297
v 0.784549 0.430062 -0.681277
vt 0.489048 0.337821
vn 0.814480 0.029141 -0.579460
v 0.870363 0.495983 -0.578867
vt 0.470500 0.345667
vn 0.928993 0.096334 -0.357339
v 0.864801 0.362005 -0.650401
vt 0.479893 0.327553
vn 0.585971 0.371262 -0.720280
v 0.821515 0.302654 -0.697621
vt 0.489997 0.320236
vn 0.568804 0.386694 -0.725899
v 0.832188 0.442109 -0.620645
vt 0.479075 0.338866
vn 0.668337 0.231114 -0.707044
v 0.894348 0.442364 -0.585150
vt 0.468905 0.335352
vn 0.751828 0.510394 -0.417435
v 0.885239 0.426120 -0.499906
vt 0.457383 0.338891
vn 0.908051 0.415636 -0.051865
v 0.967416 0.372401 -0.548506
vt 0.460748 0.325489
vn 0.872595 0.488209 0.015138
v 0.879984 0.244117 -0.701637
vt 0.485669 0.309825
vn 0.619644 0.251119 -0.743627
v 0.879405 0.152167 -0.708951
vt 0.488585 0.296567
vn 0.704544 0.235634 -0.669398
v 1.021541 0.234919 -0.564182
vt 0.458657 0.306747
vn 0.925117 0.328221 -0.190863
v 1.007851 0.248985 -0.547060
vt 0.456831 0.309527
vn 0.679719 0.245101 0.691309
v 0.932777 0.382172 -0.515751
vt 0.456864 0.330251
vn 0.769829 0.400574 0.496894
v 1.027778 0.181171 -0.535371
vt 0.453039 0.301023
vn 0.787807 0.215295 0.577069
v 0.942624 0.232618 -0.516343
vt 0.448352 0.312644
vn 0.632203 0.201898 0.748035
v 0.930503 0.228271 -0.496556
vt 0.445635 0.313484
vn 0.965689 0.244999 0.086139
v 0.927103 0.368908 -0.474264
vt 0.450850 0.330788
vn 0.949188 0.299311 -0.097231
v 0.957717 0.177602 -0.498132
vt 0.444219 0.306454
vn 0.826493 0.391398 0.404619
v 0.967477 0.192137 -0.430859
vt 0.435597 0.310890
vn 0.910109 0.248538 -0.331559
v 0.980229 0.088520 -0.489778
vt 0.437706 0.292900
vn 0.919433 0.325502 0.220661
v 1.062653 0.032938 -0.597240
vt 0.454569 0.277195
vn 0.953114 0.167608 -0.251956
v 1.027681 0.066095 -0.532168
vt 0.445304 0.286300
vn 0.820587 0.218761 0.527997
v 1.050339 -0.009473 -0.502666
vt 0.436518 0.274531
vn 0.921453 0.360311 0.145261
v 1.026648 0.079157 -0.402955
vt 0.424018 0.295610
vn 0.842528 0.364201 -0.396868
v 1.032714 -0.002919 -0.454615
vt 0.428975 0.279840
vn 0.858451 0.494729 -0.135300
v 1.001839 0.163082 -0.360096
vt 0.423667 0.310242
vn 0.867150 0.305730 -0.393166
v 1.099750 0.054973 -0.277341
vt 0.399469 0.295106
vn 0.755053 0.373455 -0.538912
v 0.981375 0.276729 -0.362270
vt 0.430641 0.325886
vn 0.907722 0.180703 -0.378665
v 1.075461 -0.067431 -0.447437
vt 0.421815 0.266106
vn 0.841238 0.447465 -0.303469
v 1.076856 -0.134455 -0.545205
vt 0.433998 0.247679
vn 0.928453 0.340443 -0.148571
v 1.038872 0.232294 -0.258474
vt 0.413472 0.322223
vn 0.778128 0.219840 -0.588377
v 1.171961 -0.049336 -0.271269
vt 0.385964 0.278861
vn 0.946080 0.244955 -0.211965
v 1.052398 -0.044619 -0.611860
vt 0.454628 0.263177
vn 0.974977 0.004106 -0.222269
v 1.026735 -0.090351 -0.676371
vt 0.466777 0.253444
vn 0.758195 0.357352 -0.545380
v 1.069471 -0.107115 -0.572667
vt 0.445671 0.252172
vn 0.945519 0.323323 -0.038152
v 1.006847 -0.135777 -0.728083
vt 0.478919 0.243732
vn 0.683657 0.399834 -0.610530
v 1.132898 -0.134362 -0.414134
vt 0.408710 0.254355
vn 0.781374 0.449764 -0.432627
v 1.101335 -0.201011 -0.598900
vt 0.445160 0.231008
vn 0.960276 0.277610 -0.028345
v 1.092370 -0.141275 -0.625985
vt 0.451775 0.241499
vn 0.895263 0.421940 -0.143076
v 1.058955 -0.191082 -0.717395
vt 0.470866 0.230852
vn 0.722079 0.397257 -0.566382
v 1.097857 -0.217490 -0.671146
vt 0.457495 0.224917
vn 0.905796 0.261507 -0.333388
v 1.128955 -0.268123 -0.539450
vt 0.426405 0.219882
vn 0.895740 0.343419 -0.282336
v 1.177824 -0.260145 -0.456985
vt 0.406944 0.224025
vn 0.897402 0.237940 -0.371557
v 1.126618 -0.277156 -0.593276
vt 0.438008 0.214347
vn 0.951396 0.230298 -0.204472
v 1.170312 -0.341486 -0.502920
vt 0.412687 0.204387
vn 0.913024 0.110832 -0.392559
v 1.186012 -0.178041 -0.374024
vt 0.395496 0.247456
vn 0.950040 0.236036 -0.204235
v 1.187917 -0.365366 -0.470268
vt 0.402772 0.201692
vn 0.989629 -0.102832 -0.100302
v 1.173156 -0.440287 -0.488797
vt 0.404394 0.181482
vn 0.985733 -0.134130 -0.101679
v 1.105810 -0.299294 -0.695052
vt 0.459922 0.206916
vn 0.966016 0.016429 -0.257961
v 1.074142 -0.394407 -0.818474
vt 0.487430 0.187193
vn 0.921942 -0.002723 -0.387319
v 1.089043 -0.357529 -0.724281
vt 0.466569 0.194232
vn 0.973501 -0.048932 -0.223386
v 1.139497 -0.358044 -0.590812
vt 0.433431 0.197456
vn 0.941841 0.021522 -0.335369
v 1.106673 -0.416783 -0.707479
vt 0.460022 0.179315
vn 0.944802 -0.067018 -0.320715
v 1.053610 -0.450845 -0.849784
vt 0.495970 0.174216
vn 0.766606 -0.284629 -0.575588
v 0.994319 -0.512919 -0.851405
vt 0.508186 0.158684
vn 0.330670 -0.503952 -0.797928
v 1.051680 -0.501995 -0.779198
vt 0.484759 0.158614
vn 0.843327 -0.334950 -0.420249
v 0.965625 -0.515532 -0.847821
vt 0.518167 0.154902
vn 0.123167 -0.259302 -0.957910
v 0.983022 -0.587739 -0.812445
vt 0.504878 0.134460
vn 0.683300 -0.165529 -0.711126
v 0.947029 -0.546247 -0.860558
vt 0.522507 0.148112
vn 0.465359 -0.128009 -0.875816
v 0.934160 -0.598835 -0.851416
vt 0.523064 0.132109
vn 0.310962 -0.166327 -0.935755
v 0.791755 -0.505593 -0.868756
vt 0.564320 0.163016
vn 0.066731 0.015422 -0.997652
v 0.734549 -0.482707 -0.871549
vt 0.577703 0.172338
vn 0.173503 0.040925 -0.983983
v 0.674567 -0.451935 -0.879756
vt 0.592539 0.185403
vn -0.033093 -0.089386 -0.995447
v 0.567083 -0.391199 -0.876493
vt 0.612777 0.211167
vn -0.325063 -0.262955 -0.908399
v 0.473729 -0.378827 -0.828809
vt 0.638778 0.225767
vn -0.288063 -0.426865 -0.857208
v 0.572007 -0.508271 -0.852836
vt 0.626365 0.179935
vn -0.349181 -0.171093 -0.921303
v 0.698674 -0.504444 -0.886008
vt 0.589972 0.168814
vn 0.024212 0.034511 -0.999111
v 0.785985 -0.575073 -0.867668
vt 0.571982 0.144232
vn 0.029967 -0.093211 -0.995195
v 0.706664 -0.550281 -0.880432
vt 0.591446 0.153033
vn 0.026600 -0.283541 -0.958591
v 0.648512 -0.612618 -0.861543
vt 0.612982 0.142088
vn -0.160795 -0.030075 -0.986529
v 0.720274 -0.587083 -0.850673
vt 0.590406 0.141872
vn 0.036092 -0.248818 -0.967878
v 0.790478 -0.615348 -0.865967
vt 0.570513 0.130727
vn 0.002178 -0.003222 -0.999992
v 0.524368 -0.583721 -0.812285
vt 0.649181 0.166429
vn -0.440677 -0.118083 -0.889865
v 0.771869 -0.678837 -0.869938
vt 0.579600 0.109973
vn 0.085670 -0.111208 -0.990098
v 0.877025 -0.613297 -0.848560
vt 0.542524 0.127326
vn 0.143301 -0.412757 -0.899498
v 0.900120 -0.704707 -0.835143
vt 0.535227 0.095867
vn 0.215902 -0.315857 -0.923916
v 0.636436 -0.672450 -0.864250
vt 0.623672 0.122761
vn -0.262586 -0.085757 -0.961090
v 0.679883 -0.793426 -0.844167
vt 0.619155 0.077166
vn -0.056896 -0.505075 -0.861198
v 0.510721 -0.689913 -0.792438
vt 0.673960 0.130440
vn -0.404916 -0.166490 -0.899068
v 0.990267 -0.645712 -0.817094
vt 0.505452 0.116576
vn 0.723658 -0.032108 -0.689411
v 1.001420 -0.635754 -0.768405
vt 0.491582 0.119823
vn 0.713607 -0.016016 -0.700363
v 1.037534 -0.603299 -0.760173
vt 0.482424 0.129645
vn 0.711440 -0.154447 -0.685565
v 1.028452 -0.716941 -0.760209
vt 0.483776 0.096741
vn 0.680706 -0.222260 -0.698026
v 0.941077 -0.780337 -0.797229
vt 0.513162 0.069663
vn 0.193988 -0.513109 -0.836115
v 0.846209 -0.769438 -0.794847
vt 0.551255 0.063898
vn 0.171997 -0.714443 -0.678224
v 0.892199 -0.792318 -0.768848
vt 0.529469 0.053649
vn -0.179196 -0.756987 -0.628379
v 0.932232 -0.832538 -0.750533
vt 0.505551 0.042269
vn 0.145781 -0.779479 -0.609230
v 0.786988 -0.768679 -0.828401
vt 0.578392 0.072480
vn 0.303904 -0.666966 -0.680294
v 0.772582 -0.798754 -0.782458
vt 0.583308 0.049484
vn 0.418657 -0.814413 -0.401818
v 0.728308 -0.814407 -0.813555
vt 0.606486 0.058149
vn 0.260080 -0.700937 -0.664112
v 0.657994 -0.840283 -0.787903
vt 0.639681 0.051577
vn 0.054574 -0.639908 -0.766511
v 0.617316 -0.803204 -0.817116
vt 0.648862 0.076787
vn -0.263363 -0.380055 -0.886678
v 0.605940 -0.865427 -0.790098
vt 0.665703 0.052602
vn -0.093395 -0.382050 -0.919410
v 0.534286 -0.867540 -0.767786
vt 0.696841 0.063313
vn -0.368979 -0.186772 -0.910478
v 0.408819 -0.759632 -0.731624
vt 0.726128 0.127896
vn -0.297479 -0.180094 -0.937589
v 0.462395 -0.892392 -0.736990
vt 0.732554 0.068433
vn -0.299763 -0.082567 -0.950434
v 0.391809 -0.851830 -0.727265
vt 0.751521 0.098433
vn -0.252416 0.000782 -0.967619
v 0.359176 -0.825086 -0.710972
vt 0.759367 0.116488
vn -0.305374 -0.095987 -0.947382
v 0.394514 -0.663162 -0.759205
vt 0.710012 0.158910
vn -0.362203 -0.082203 -0.928467
v 0.313699 -0.704963 -0.722921
vt 0.743472 0.166402
vn -0.329385 -0.115066 -0.937158
v 0.432712 -0.607443 -0.771549
vt 0.686684 0.170977
vn -0.411304 0.033979 -0.910865
v 0.348596 -0.595831 -0.728477
vt 0.710777 0.191346
vn -0.313821 0.145670 -0.938241
v 0.226280 -0.687593 -0.692465
vt 0.767040 0.194676
vn -0.335286 -0.035070 -0.941463
v 0.397425 -0.495948 -0.748019
vt 0.680693 0.207129
vn -0.704167 -0.095758 -0.703548
v 0.366250 -0.549661 -0.718224
vt 0.699050 0.201266
vn -0.320664 0.110307 -0.940748
v 0.384182 -0.477697 -0.733713
vt 0.682136 0.213298
vn -0.438973 -0.319754 -0.839678
v 0.301106 -0.485772 -0.707880
vt 0.703438 0.226895
vn -0.058495 -0.376192 -0.924694
v 0.206225 -0.569379 -0.691385
vt 0.743036 0.229455
vn -0.223977 -0.243790 -0.943610
v 0.303733 -0.421757 -0.768961
vt 0.685281 0.243792
vn -0.036598 -0.634183 -0.772316
v 0.204327 -0.463047 -0.747093
vt 0.708424 0.258365
vn -0.096082 -0.477320 -0.873461
v 0.383371 -0.374976 -0.831626
vt 0.655227 0.242364
vn -0.139277 -0.673096 -0.726322
v 0.320603 -0.336403 -0.828314
vt 0.662240 0.260070
vn -0.318479 -0.603965 -0.730615
v 0.308396 -0.294859 -0.868581
vt 0.652125 0.271261
vn -0.282995 -0.536916 -0.794755
v 0.191391 -0.300579 -0.813271
vt 0.676527 0.288199
vn -0.193898 -0.436892 -0.878367
v 0.110838 -0.246179 -0.828085
vt 0.681941 0.314325
vn -0.160265 -0.503973 -0.848720
v 0.038296 -0.175781 -0.865611
vt 0.674657 0.338410
vn -0.324393 -0.439595 -0.837571
v -0.007695 -0.233882 -0.805894
vt 0.696385 0.340341
vn -0.381707 -0.350508 -0.855245
v 0.100288 -0.361010 -0.753108
vt 0.712939 0.297111
vn -0.209093 -0.472864 -0.855967
v -0.020160 -0.142152 -0.821730
vt 0.681164 0.355921
vn -0.475149 -0.474066 -0.741279
v 0.050094 -0.306078 -0.790498
vt 0.704838 0.318101
vn -0.142261 -0.494173 -0.857645
v -0.088600 -0.226650 -0.762263
vt 0.709326 0.359842
vn -0.257497 -0.262586 -0.929916
v 0.085028 -0.560415 -0.665378
vt 0.769819 0.263012
vn -0.160082 -0.434554 -0.886305
v -0.102999 -0.282236 -0.754445
vt 0.722843 0.355171
vn -0.240480 -0.268687 -0.932725
v 0.032042 -0.357402 -0.751105
vt 0.730641 0.315235
vn -0.145103 -0.456394 -0.877866
v -0.064330 -0.510889 -0.681034
vt 0.776368 0.308656
vn -0.156175 -0.433764 -0.887388
v 0.127246 -0.635368 -0.639808
vt 0.783399 0.236451
vn -0.333695 -0.134581 -0.933025
v -0.117679 -0.386484 -0.702587
vt 0.753751 0.345183
vn -0.099981 -0.313369 -0.944354
v 0.027871 -0.643022 -0.612220
vt 0.810573 0.261761
vn -0.245792 -0.256669 -0.934723
v 0.045425 -0.775364 -0.629212
vt 0.842131 0.223758
vn -0.416939 0.005077 -0.908920
v -0.198602 -0.382028 -0.703429
vt 0.760039 0.363860
vn -0.108974 -0.354453 -0.928702
v -0.249527 -0.512525 -0.630803
vt 0.806904 0.361968
vn -0.224174 -0.417777 -0.880459
v -0.179099 -0.744705 -0.537259
vt 0.891173 0.303992
vn -0.218974 -0.343073 -0.913428
v -0.169838 -0.256709 -0.744605
vt 0.725989 0.374168
vn -0.129458 -0.376863 -0.917178
v -0.308053 -0.484508 -0.627078
vt 0.808900 0.385610
vn -0.322099 -0.413304 -0.851723
v -0.074238 -0.774092 -0.558429
vt 0.877581 0.267803
vn -0.390515 -0.136900 -0.910361
v -0.251950 -0.655280 -0.563940
vt 0.858525 0.348701
vn -0.197986 -0.415075 -0.887983
v -0.086599 -0.864951 -0.530830
vt 0.917290 0.254081
vn -0.476673 -0.224467 -0.849940
v -0.053646 -0.851453 -0.568888
vt 0.898859 0.239583
vn -0.584484 -0.085500 -0.806888
v -0.190511 -0.858209 -0.492832
vt 0.939018 0.299471
vn -0.271782 -0.326900 -0.905136
v 0.011227 -0.899225 -0.594343
vt 0.895036 0.201688
vn -0.454008 -0.202582 -0.867662
v -0.306366 -0.834016 -0.476119
vt 0.948082 0.352517
vn -0.330981 -0.356085 -0.873874
v 0.068365 -0.871974 -0.634572
vt 0.865381 0.189154
vn -0.335573 -0.267759 -0.903159
v 0.114083 -0.910533 -0.626137
vt 0.867133 0.164273
vn -0.212961 -0.342191 -0.915179
v 0.144122 -0.813464 -0.660559
vt 0.822278 0.181069
vn -0.263385 -0.127171 -0.956272
v 0.218357 -0.907885 -0.657515
vt 0.832642 0.130457
vn -0.248456 -0.225681 -0.941986
v -0.344578 -0.769124 -0.487090
vt 0.923949 0.372702
vn -0.264587 -0.425864 -0.865236
v -0.344094 -0.857581 -0.441528
vt 0.967084 0.369190
vn -0.334065 -0.403177 -0.851968
v -0.375780 -0.680294 -0.523969
vt 0.876928 0.395452
vn -0.291070 -0.356481 -0.887806
v -0.436428 -0.737479 -0.470037
vt 0.923546 0.416088
vn -0.287839 -0.382337 -0.878047
v -0.453789 -0.817586 -0.436976
vt 0.958845 0.419636
vn -0.169290 -0.344370 -0.923445
v -0.517637 -0.799729 -0.431522
vt 0.954091 0.447906
vn -0.175480 -0.342167 -0.923108
v -0.584763 -0.799460 -0.418842
vt 0.955954 0.477408
vn -0.138102 -0.413067 -0.900168
v -0.668338 -0.816935 -0.398223
vt 0.965372 0.513385
vn -0.188365 -0.314744 -0.930298
v -0.396689 -0.737918 -0.495253
vt 0.914755 0.398498
vn -0.359961 -0.497975 -0.788954
v -0.664130 -0.719405 -0.431531
vt 0.919370 0.517432
vn -0.196776 -0.301103 -0.933068
v -0.798537 -0.828981 -0.366764
vt 0.966581 0.570841
vn -0.257065 -0.238491 -0.936504
v -0.602975 -0.538090 -0.493642
vt 0.853558 0.484117
vn -0.167584 -0.335385 -0.927056
v -0.395903 -0.567963 -0.540063
vt 0.850415 0.414899
vn -0.391490 -0.283787 -0.875329
v -0.903697 -0.709406 -0.364489
vt 0.914977 0.604303
vn -0.275986 -0.294893 -0.914806
v -0.851083 -0.822980 -0.352929
vt 0.960779 0.593007
vn -0.266989 -0.212577 -0.939962
v -0.921546 -0.850408 -0.329273
vt 0.967084 0.626405
vn -0.274162 -0.118561 -0.954347
v -1.008683 -0.843580 -0.305082
vt 0.956419 0.664128
vn -0.305802 -0.169167 -0.936946
v -1.056417 -0.823129 -0.291739
vt 0.942295 0.682887
vn -0.294595 -0.201869 -0.934057
v -1.101396 -0.813396 -0.280553
vt 0.931333 0.700725
vn -0.439380 -0.398912 -0.804869
v -0.681891 -0.490616 -0.505761
vt 0.835121 0.511952
vn -0.128991 -0.306490 -0.943093
v -0.857921 -0.599216 -0.429035
vt 0.868691 0.573747
vn -0.288291 -0.320667 -0.902253
v -0.685573 -0.427006 -0.525754
vt 0.814607 0.509327
vn -0.222475 -0.352256 -0.909077
v -0.827233 -0.469022 -0.477638
vt 0.831505 0.557386
vn -0.312258 -0.261698 -0.913241
v -0.532556 -0.366017 -0.591146
vt 0.800924 0.466461
vn -0.276261 -0.428577 -0.860234
v -0.860465 -0.330949 -0.504610
vt 0.789211 0.558782
vn -0.330464 -0.359362 -0.872727
v -1.044515 -0.577172 -0.368235
vt 0.855036 0.646328
vn -0.337885 -0.220102 -0.915090
v -0.917845 -0.564984 -0.413993
vt 0.852069 0.597180
vn -0.349267 -0.177990 -0.919963
v -0.938122 -0.468987 -0.423281
vt 0.823340 0.596289
vn -0.367278 -0.222362 -0.903140
v -1.089466 -0.531583 -0.360455
vt 0.829574 0.653063
vn -0.472365 -0.181191 -0.862578
v -1.109406 -0.650629 -0.328968
vt 0.870713 0.674263
vn -0.400063 -0.203252 -0.893666
v -1.168627 -0.569546 -0.305468
vt 0.833578 0.689534
vn -0.838672 0.140093 -0.526311
v -1.223109 -0.707112 -0.249939
vt 0.875009 0.731517
vn -0.773357 -0.230392 -0.590625
v -1.133638 -0.799200 -0.229366
vt 0.924768 0.725238
vn -0.655599 -0.700106 -0.282918
v -1.234844 -0.738012 -0.193290
vt 0.881577 0.754469
vn -0.804782 -0.434895 -0.403971
v -1.266117 -0.716105 -0.127142
vt 0.862937 0.782806
vn -0.997398 -0.023767 -0.068061
v -1.207903 -0.644457 -0.262115
vt 0.855839 0.716332
vn -0.835646 0.222160 -0.502335
v -1.254324 -0.696907 -0.157456
vt 0.858976 0.765691
vn -0.920397 0.249267 -0.301225
v -1.257810 -0.651950 -0.108294
vt 0.834904 0.776623
vn -0.885088 0.458880 -0.077774
v -1.158175 -0.552876 -0.223977
vt 0.814191 0.711284
vn -0.911961 0.405592 -0.061817
v -1.201634 -0.583349 -0.101470
vt 0.805410 0.759357
vn -0.840134 0.534281 0.093373
v -1.239317 -0.693066 -0.008279
vt 0.820702 0.818115
vn -0.951228 -0.034205 0.306588
v -1.221949 -0.729873 -0.055350
vt 0.846580 0.819839
vn -0.707391 -0.659395 0.254550
v -1.197520 -0.730827 0.045379
vt 0.813466 0.850342
vn -0.714218 -0.696821 0.065826
v -1.181745 -0.743156 0.102352
vt 0.795693 0.870692
vn -0.913286 -0.259134 0.314259
v -1.192635 -0.673605 0.115441
vt 0.775350 0.847693
vn -0.911199 0.258851 0.320488
v -1.158025 -0.731963 0.183668
vt 0.762401 0.888967
vn -0.863787 -0.367288 0.344923
v -1.137869 -0.601568 0.104434
vt 0.747760 0.823497
vn -0.737760 0.583483 0.339497
v -1.162480 -0.694936 0.216693
vt 0.742768 0.879336
vn -0.845836 0.036676 0.532180
v -1.109287 -0.720126 0.248211
vt 0.728987 0.903239
vn -0.707463 -0.449519 0.545371
v -1.112575 -0.682666 0.272518
vt 0.714246 0.889303
vn -0.848423 0.221292 0.480842
v -1.077086 -0.713101 0.333727
vt 0.690304 0.914674
vn -0.885326 -0.243115 0.396350
v -1.001115 -0.576072 0.268364
vt 0.670090 0.845780
vn -0.717025 0.592852 0.366609
v -1.052755 -0.674303 0.409106
vt 0.654802 0.907410
vn -0.826165 0.285871 0.485519
v -1.035395 -0.692911 0.433531
vt 0.645862 0.922966
vn -0.627715 0.258578 0.734242
v -0.989380 -0.630873 0.433972
vt 0.625745 0.896659
vn -0.630627 0.527776 0.569001
v -0.983307 -0.721806 0.475962
vt 0.618613 0.938299
vn -0.577224 0.356885 0.734470
v -0.928901 -0.660524 0.492502
vt 0.593615 0.914351
vn -0.612031 0.384203 0.691235
v -0.930035 -0.734551 0.537928
vt 0.584559 0.948281
vn -0.701020 0.380703 0.603022
v -0.898852 -0.752148 0.587619
vt 0.559924 0.958612
vn -0.685895 0.445812 0.575152
v -0.828370 -0.504764 0.490325
vt 0.560483 0.850515
vn -0.635224 0.572273 0.518646
v -0.838151 -0.685438 0.600218
vt 0.538711 0.927651
vn -0.795848 0.420599 0.435572
v -0.909456 -0.501832 0.370575
vt 0.611442 0.839213
vn -0.696895 0.586272 0.413064
v -0.783344 -0.521023 0.563313
vt 0.536841 0.862651
vn -0.674871 0.512728 0.530715
v -0.736471 -0.414047 0.477820
vt 0.555879 0.809649
vn -0.662096 0.571583 0.484687
v -0.900373 -0.372793 0.228846
vt 0.631469 0.774237
vn -0.718225 0.492869 0.491155
v -0.853445 -0.755587 0.651911
vt 0.526025 0.961161
vn -0.782140 0.277662 0.557818
v -0.892425 -0.776678 0.612747
vt 0.549748 0.970253
vn -0.752119 0.312669 0.580134
v -0.841794 -0.791987 0.671360
vt 0.516470 0.976519
vn -0.814163 -0.057344 0.577798
v -0.831257 -0.688640 0.637113
vt 0.523982 0.931561
vn -0.828643 0.403679 0.387807
v -0.780619 -0.746602 0.756667
vt 0.479537 0.953526
vn -0.707310 0.331966 0.624108
v -0.808978 -0.792640 0.730547
vt 0.489769 0.975241
vn -0.698273 -0.442753 0.562481
v -0.779306 -0.810505 0.713414
vt 0.486553 0.990311
vn -0.279057 -0.857989 0.431256
v -0.763183 -0.769671 0.780128
vt 0.463210 0.966893
vn -0.606205 -0.356827 0.710768
v -0.722389 -0.794677 0.759426
vt 0.454943 0.986188
vn -0.362641 -0.827239 0.429146
v -0.716229 -0.781012 0.800093
vt 0.442738 0.972599
vn -0.485047 -0.739558 0.466672
v -0.648025 -0.820942 0.823633
vt 0.411290 0.989422
vn -0.609111 -0.689290 0.392255
v -0.710533 -0.760322 0.829458
vt 0.432056 0.958113
vn -0.660459 -0.039806 0.749806
v -0.615695 -0.817628 0.885522
vt 0.385806 0.975340
vn -0.682154 -0.104615 0.723686
v -0.744145 -0.632169 0.697856
vt 0.482366 0.904791
vn -0.600265 0.497875 0.625941
v -0.633174 -0.605350 0.761593
vt 0.441015 0.886415
vn -0.646192 0.530407 0.548730
v -0.591516 -0.737582 0.899599
vt 0.385887 0.937388
vn -0.678032 0.287958 0.676278
v -0.590328 -0.823622 0.916717
vt 0.366249 0.972653
vn -0.821024 0.049887 0.568709
v -0.695509 -0.490091 0.628613
vt 0.493897 0.847837
vn -0.553616 0.542384 0.631925
v -0.643671 -0.405080 0.598000
vt 0.490672 0.810698
vn -0.576758 0.534229 0.618021
v -0.587063 -0.560578 0.786160
vt 0.425209 0.869356
vn -0.667725 0.457684 0.587085
v -0.608852 -0.531416 0.717859
vt 0.447679 0.857077
vn -0.680566 0.528176 0.507799
v -0.573684 -0.473331 0.734331
vt 0.436307 0.836539
vn -0.721841 0.501680 0.476721
v -0.540235 -0.574635 0.845356
vt 0.395387 0.870218
vn -0.591421 0.527686 0.609729
v -0.561535 -0.808331 0.964794
vt 0.346452 0.955951
vn -0.606321 -0.316840 0.729375
v -0.571005 -0.824725 0.941301
vt 0.353290 0.968045
vn -0.594271 -0.527159 0.607408
v -0.493476 -0.833238 0.956442
vt 0.320763 0.969175
vn -0.210034 -0.700866 0.681669
v -0.498179 -0.713163 1.003919
vt 0.332077 0.915640
vn -0.624926 0.320593 0.711820
v -0.459696 -0.756251 1.043324
vt 0.311669 0.923412
vn -0.414044 -0.147041 0.898302
v -0.444801 -0.819631 0.989826
vt 0.300141 0.954757
vn -0.370839 -0.596780 0.711570
v -0.392191 -0.760103 1.066060
vt 0.280748 0.913383
vn -0.349832 -0.044635 0.935748
v -0.396987 -0.841755 1.014140
vt 0.277321 0.952016
vn -0.451263 -0.516982 0.727387
v -0.427796 -0.615794 0.999659
vt 0.326355 0.873376
vn -0.388736 0.441809 0.808511
v -0.479067 -0.596904 0.931251
vt 0.355789 0.870547
vn -0.665569 0.491119 0.561979
v -0.463400 -0.505344 0.829449
vt 0.385303 0.837360
vn -0.664577 0.570008 0.483145
v -0.322037 -0.791177 1.088100
vt 0.251529 0.913643
vn -0.274046 -0.261738 0.925415
v -0.357405 -0.828261 1.030637
vt 0.260560 0.941679
vn 0.012776 -0.843736 0.536606
v -0.310571 -0.824946 1.052594
vt 0.242778 0.929384
vn -0.265598 -0.740014 0.617929
v -0.245314 -0.809813 1.103432
vt 0.222196 0.902647
vn -0.194317 0.095661 0.976263
v -0.170364 -0.733228 1.095904
vt 0.224233 0.861977
vn -0.190742 0.382678 0.903977
v -0.170649 -0.834615 1.125787
vt 0.188176 0.893099
vn -0.250321 0.222170 0.942327
v -0.301269 -0.685686 1.062127
vt 0.269968 0.873412
vn -0.196937 0.487787 0.850459
v -0.287674 -0.624039 1.021768
vt 0.278306 0.849634
vn -0.113256 0.441538 0.890066
v -0.232385 -0.662438 1.038203
vt 0.256704 0.847854
vn -0.078133 0.448967 0.890126
v -0.099900 -0.600992 1.046609
vt 0.236155 0.799044
vn -0.091610 0.533932 0.840550
v -0.108527 -0.801306 1.138361
vt 0.175440 0.865794
vn -0.150623 0.218661 0.964106
v -0.117485 -0.845491 1.138119
vt 0.166570 0.882526
vn -0.160609 0.027076 0.986647
v -0.047521 -0.839467 1.144327
vt 0.145351 0.860476
vn -0.063211 0.054776 0.996496
v 0.004359 -0.819373 1.145867
vt 0.134598 0.838651
vn -0.079336 0.326993 0.941691
v -0.075794 -0.683037 1.092516
vt 0.202114 0.820984
vn -0.066103 0.425789 0.902405
v -0.018372 -0.659642 1.078918
vt 0.189314 0.789571
vn 0.062366 0.491744 0.868503
v 0.063463 -0.826475 1.158150
vt 0.112971 0.819897
vn 0.010381 0.296963 0.954832
v 0.160289 -0.775272 1.135720
vt 0.106661 0.774005
vn 0.095094 0.200990 0.974967
v 0.202819 -0.858504 1.113714
vt 0.065314 0.777964
vn 0.145270 -0.135841 0.980022
v 0.249260 -0.798647 1.118626
vt 0.078347 0.746038
vn 0.062380 -0.080609 0.994792
v 0.314142 -0.841923 1.114505
vt 0.045562 0.732273
vn -0.045540 -0.162040 0.985733
v 0.383389 -0.835762 1.119958
vt 0.033055 0.703678
vn -0.071926 -0.190433 0.979062
v 0.465293 -0.753823 1.142122
vt 0.049028 0.656742
vn 0.024999 0.098477 0.994825
v 0.455222 -0.812462 1.131788
vt 0.028978 0.669931
vn 0.015075 -0.222196 0.974885
v 0.559866 -0.755011 1.127097
vt 0.038289 0.620609
vn 0.356893 -0.221955 0.907394
v 0.534258 -0.796953 1.106207
vt 0.019870 0.633798
vn 0.405904 -0.593821 0.694708
v 0.660008 -0.744386 1.052472
vt 0.024714 0.567789
vn 0.410030 -0.587897 0.697318
v 0.617840 -0.688316 1.099334
vt 0.062471 0.587050
vn 0.191971 0.292696 0.936737
v 0.680339 -0.692765 1.083277
vt 0.053358 0.564066
vn 0.320678 -0.088936 0.943004
v 0.421730 -0.682292 1.113374
vt 0.089075 0.664340
vn -0.064923 0.387593 0.919542
v 0.323855 -0.720160 1.111081
vt 0.093280 0.703789
vn -0.048821 0.281385 0.958352
v 0.417912 -0.602961 1.074540
vt 0.121565 0.644123
vn -0.049719 0.513197 0.856830
v 0.234708 -0.669392 1.093521
vt 0.125053 0.720654
vn -0.175311 0.492574 0.852430
v 0.166064 -0.710105 1.092556
vt 0.131289 0.758278
vn -0.122324 0.597313 0.792625
v 0.344795 -0.559298 1.034441
vt 0.146094 0.664132
vn -0.063011 0.506290 0.860058
v 0.179779 -0.659904 1.049950
vt 0.149758 0.736561
vn -0.187610 0.574772 0.796517
v 0.044023 -0.588721 1.015473
vt 0.202939 0.756138
vn 0.156591 0.418285 0.894716
v 0.227170 -0.524513 0.987226
vt 0.177590 0.702079
vn -0.141736 0.483003 0.864071
v 0.009128 -0.547544 1.009042
vt 0.221857 0.760371
vn 0.040289 0.437091 0.898515
v 0.300478 -0.487869 0.993801
vt 0.177948 0.663472
vn -0.143915 0.610874 0.778538
v 0.359268 -0.475395 0.979005
vt 0.174399 0.643008
vn 0.029080 0.613965 0.788797
v 0.303778 -0.425977 0.935278
vt 0.201502 0.649010
vn 0.021372 0.592210 0.805500
v 0.221951 -0.355333 0.911056
vt 0.234336 0.658108
vn 0.156256 0.615765 0.772281
v 0.098649 -0.419358 0.954817
vt 0.239531 0.704443
vn -0.033027 0.529097 0.847919
v 0.183527 -0.248979 0.820219
vt 0.272946 0.647582
vn -0.090936 0.558775 0.824319
v 0.367137 -0.353550 0.876105
vt 0.218059 0.616376
vn -0.007606 0.560663 0.828009
v 0.466144 -0.327043 0.863201
vt 0.213251 0.588616
vn -0.105141 0.506894 0.855572
v 0.462559 -0.479141 0.973838
vt 0.160158 0.612426
vn -0.010109 0.566457 0.824029
v 0.513161 -0.559513 1.024573
vt 0.124140 0.608370
vn -0.030522 0.638286 0.769194
v 0.587515 -0.590717 1.067825
vt 0.098567 0.589613
vn 0.086156 0.515230 0.852711
v 0.583329 -0.523368 1.013106
vt 0.127581 0.580139
vn -0.142636 0.488698 0.860714
v 0.643530 -0.596994 1.054905
vt 0.092784 0.570597
vn 0.142971 0.393860 0.907983
v 0.527377 -0.389622 0.929148
vt 0.182343 0.579404
vn -0.141452 0.602613 0.785397
v 0.662637 -0.464758 1.006859
vt 0.141097 0.554628
vn -0.057221 0.442297 0.895042
v 0.791222 -0.541410 1.011974
vt 0.107063 0.515455
vn 0.280795 0.249885 0.926667
v 0.675986 -0.363425 0.930149
vt 0.172462 0.538224
vn -0.125304 0.622994 0.772125
v 0.579164 -0.353337 0.883752
vt 0.191343 0.561324
vn -0.013411 0.659597 0.751500
v 0.531809 -0.298183 0.860705
vt 0.211268 0.568609
vn -0.064023 0.486388 0.871394
v 0.625576 -0.314393 0.865782
vt 0.197879 0.545207
vn -0.191735 0.522349 0.830897
v 0.576794 -0.171565 0.802770
vt 0.239355 0.543900
vn 0.015592 0.439950 0.897887
v 0.447852 -0.226000 0.827208
vt 0.240477 0.579769
vn -0.103522 0.411985 0.905291
v 0.399667 -0.263338 0.832114
vt 0.237910 0.596174
vn -0.069619 0.402098 0.912946
v 0.411810 -0.148493 0.777152
vt 0.264310 0.578503
vn -0.001307 0.334612 0.942355
v 0.480508 -0.065797 0.756502
vt 0.276189 0.552809
vn 0.117856 0.320136 0.940012
v 0.266384 -0.173987 0.796474
vt 0.270670 0.608536
vn -0.007833 0.264914 0.964240
v 0.431483 -0.003095 0.748174
vt 0.296565 0.557900
vn 0.091390 0.319587 0.943140
v 0.210475 -0.221731 0.805477
vt 0.279166 0.633986
vn -0.109354 0.396135 0.911657
v 0.218622 -0.114841 0.782182
vt 0.297912 0.613122
vn -0.148611 0.254777 0.955512
v 0.066809 -0.168521 0.745327
vt 0.317766 0.650735
vn -0.157921 0.337453 0.928001
v 0.170077 -0.099411 0.760691
vt 0.311471 0.619981
vn -0.292335 0.191399 0.936967
v 0.123005 0.074948 0.710607
vt 0.348394 0.600993
vn -0.081235 0.293568 0.952480
v -0.076722 0.045284 0.686902
vt 0.380821 0.635486
vn -0.373838 0.422798 0.825522
v 0.086585 -0.276219 0.816395
vt 0.287201 0.671393
vn -0.119112 0.604785 0.787431
v 0.023044 -0.206838 0.763916
vt 0.317133 0.667147
vn 0.052398 0.521261 0.851787
v 0.005651 -0.291435 0.822627
vt 0.296222 0.693281
vn 0.105880 0.606090 0.788317
v -0.027216 -0.126719 0.725554
vt 0.343506 0.660630
vn -0.027024 0.385072 0.922491
v -0.077736 -0.153363 0.756961
vt 0.346051 0.681368
vn 0.063388 0.676854 0.733383
v 0.002801 -0.389787 0.909130
vt 0.270427 0.717081
vn -0.044703 0.627767 0.777117
v -0.127196 -0.116305 0.707296
vt 0.365272 0.676368
vn -0.041529 0.496484 0.867052
v -0.064763 -0.237386 0.815805
vt 0.323341 0.695902
vn 0.221363 0.544743 0.808859
v -0.042541 -0.462121 0.961098
vt 0.265828 0.746091
vn -0.112751 0.495014 0.861538
v -0.066759 -0.335927 0.878748
vt 0.299078 0.720059
vn 0.067294 0.551383 0.831534
v -0.163980 -0.478696 0.950465
vt 0.285035 0.777831
vn -0.037410 0.494192 0.868548
v -0.175518 -0.315105 0.864627
vt 0.326992 0.737471
vn 0.026171 0.477809 0.878074
v -0.139017 -0.209611 0.808431
vt 0.346971 0.707596
vn 0.073066 0.578255 0.812577
v -0.209691 -0.557635 0.999310
vt 0.269823 0.809582
vn -0.100329 0.510183 0.854194
v -0.272485 -0.480652 0.952642
vt 0.311675 0.802525
vn -0.036221 0.414998 0.909101
v -0.297178 -0.380973 0.911791
vt 0.342448 0.780064
vn -0.201013 0.514909 0.833344
v -0.244941 -0.208977 0.815926
vt 0.363516 0.723694
vn -0.186220 0.595537 0.781446
v -0.241985 -0.114635 0.727291
vt 0.387724 0.699619
vn -0.421931 0.754782 0.502274
v -0.196817 -0.089631 0.695963
vt 0.387523 0.682440
vn -0.265650 0.677436 0.685937
v -0.279947 -0.288256 0.850608
vt 0.357610 0.751239
vn -0.290864 0.545609 0.785945
v -0.259541 -0.121259 0.696996
vt 0.396321 0.700088
vn -0.543481 0.716829 0.436789
v -0.278777 -0.216484 0.801110
vt 0.373346 0.733065
vn -0.560453 0.564679 0.605830
v -0.328620 -0.190221 0.704023
vt 0.404276 0.727148
vn -0.598783 0.608698 0.520524
v -0.344987 -0.250958 0.743951
vt 0.395633 0.745937
vn -0.516344 0.609022 0.602063
v -0.396702 -0.310428 0.788730
vt 0.391959 0.769943
vn -0.698569 0.502088 0.509813
v -0.409839 -0.291891 0.743569
vt 0.405833 0.766042
vn -0.585967 0.583906 0.561868
v -0.314498 -0.105465 0.625833
vt 0.421632 0.698530
vn -0.474552 0.675873 0.563912
v -0.372427 -0.197521 0.658917
vt 0.422162 0.730282
vn -0.540792 0.625099 0.562845
v -0.425455 -0.434734 0.784111
vt 0.392584 0.808406
vn -0.685474 0.456487 0.567225
v -0.397454 -0.382157 0.834897
vt 0.377442 0.793827
vn -0.751021 0.454149 0.479287
v -0.424624 -0.482944 0.914103
vt 0.357414 0.830206
vn -0.647731 0.502091 0.573018
v -0.442567 -0.468644 0.859060
vt 0.375032 0.824724
vn -0.877167 0.413395 0.244299
v -0.500782 -0.459938 0.772553
vt 0.410276 0.825211
vn -0.426818 0.486496 0.762331
v -0.509432 -0.337718 0.695768
vt 0.436474 0.787780
vn -0.751854 0.533086 0.387989
v -0.547395 -0.409222 0.664671
vt 0.451655 0.810389
vn -0.741512 0.516683 0.428018
v -0.474914 -0.274820 0.649951
vt 0.440184 0.763333
vn -0.610317 0.579486 0.540102
v -0.506292 -0.234940 0.587341
vt 0.460720 0.751298
vn -0.529064 0.489104 0.693447
v -0.431419 -0.199320 0.611617
vt 0.443604 0.734397
vn -0.474867 0.620798 0.623789
v -0.391928 -0.191351 0.653760
vt 0.427772 0.731338
vn -0.376953 0.233012 0.896444
v -0.404091 -0.164823 0.586519
vt 0.443593 0.720313
vn -0.401821 0.565176 0.720497
v -0.458493 -0.188221 0.589565
vt 0.453717 0.733882
vn -0.410748 0.512302 0.754210
v -0.619373 -0.350918 0.573088
vt 0.491299 0.786289
vn -0.631183 0.496577 0.595835
v -0.404792 -0.082703 0.547389
vt 0.452627 0.700235
vn -0.382977 0.613221 0.690861
v -0.633167 -0.255969 0.511057
vt 0.508620 0.757857
vn -0.740930 0.359383 0.567333
v -0.550046 -0.104056 0.463490
vt 0.497211 0.711868
vn -0.543936 0.528151 0.652066
v -0.659725 -0.278584 0.461224
vt 0.522483 0.764810
vn -0.818538 0.360963 0.446879
v -0.663526 -0.170036 0.375294
vt 0.537355 0.726934
vn -0.906525 0.232269 0.352511
v -0.671961 -0.117174 0.284417
vt 0.554469 0.706744
vn -0.930270 0.172696 0.323689
v -0.605337 -0.044023 0.372110
vt 0.518919 0.691919
vn -0.630436 0.579065 0.516947
v -0.724552 -0.210956 0.279740
vt 0.570932 0.730621
vn -0.712071 0.464466 0.526523
v -0.668375 -0.104148 0.339852
vt 0.541486 0.707992
vn -0.890426 0.235364 0.389545
v -0.704976 -0.073947 0.202155
vt 0.569488 0.693032
vn -0.783167 0.328202 0.528141
v -0.675130 -0.066092 0.282757
vt 0.550887 0.693785
vn -0.843615 0.410074 0.346632
v -0.509562 0.010789 0.391692
vt 0.502319 0.676552
vn -0.335361 0.670748 0.661536
v -0.452570 -0.020991 0.446750
vt 0.482183 0.682221
vn -0.424224 0.665597 0.614015
v -0.493969 0.082532 0.328197
vt 0.509748 0.655806
vn -0.462867 0.785119 0.411513
v -0.461712 0.052065 0.351793
vt 0.499295 0.659454
vn -0.213835 0.656631 0.723264
v -0.523603 0.054099 0.275329
vt 0.524687 0.656296
vn -0.650881 0.732431 0.199745
v -0.442601 0.118399 0.311669
vt 0.504162 0.641617
vn -0.555370 0.673406 0.487943
v -0.370392 0.066632 0.399184
vt 0.476622 0.651657
vn -0.323331 0.607310 0.725694
v -0.409048 -0.013271 0.479782
vt 0.467926 0.678872
vn -0.314454 0.693425 0.648290
v -0.342446 -0.021446 0.489553
vt 0.452391 0.672546
vn -0.195418 0.745381 0.637353
v -0.322053 0.044432 0.421958
vt 0.463397 0.652001
vn -0.224858 0.615163 0.755654
v -0.300832 0.135793 0.388545
vt 0.468406 0.631518
vn -0.376912 0.495554 0.782537
v -0.217235 -0.003782 0.540780
vt 0.425674 0.657164
vn -0.574625 0.600777 0.555764
v -0.252505 0.028395 0.482962
vt 0.444530 0.652519
vn -0.505512 0.610580 0.609632
v -0.274634 0.089380 0.410617
vt 0.459044 0.638249
vn -0.438020 0.360549 0.823494
v -0.216506 0.104784 0.451681
vt 0.444899 0.631428
vn -0.579615 0.504273 0.640121
v -0.172943 0.061054 0.552286
vt 0.416340 0.636889
vn -0.666626 0.536877 0.517081
v -0.126344 0.013970 0.673566
vt 0.389299 0.648588
vn -0.601443 0.554900 0.574764
v -0.183822 0.156882 0.435146
vt 0.445815 0.614599
vn -0.497420 0.626846 0.599698
v 0.031846 0.219519 0.601525
vt 0.397983 0.589702
vn -0.797747 0.440781 0.411475
v -0.008354 0.256333 0.501913
vt 0.417088 0.586192
vn -0.687846 0.554876 0.467952
v 0.033130 0.187104 0.665998
vt 0.382902 0.595232
vn -0.503461 0.448722 0.738360
v 0.064600 0.254392 0.656093
vt 0.386117 0.582406
vn -0.495755 0.447804 0.744109
v 0.115392 0.167843 0.680923
vt 0.369228 0.585551
vn -0.022118 0.273374 0.961653
v 0.454037 0.236256 0.639523
vt 0.339573 0.522875
vn -0.140112 0.222085 0.964908
v -0.036200 0.283167 0.430853
vt 0.431475 0.582154
vn -0.645216 0.539677 0.540783
v 0.535323 0.025104 0.714990
vt 0.290888 0.532432
vn 0.120779 0.292150 0.948715
v 0.535653 -0.036563 0.725448
vt 0.278153 0.536323
vn 0.178461 0.314150 0.932449
v 0.679639 -0.116224 0.769358
vt 0.244939 0.513186
vn -0.082911 0.476775 0.875106
v 0.624691 -0.016943 0.722285
vt 0.274681 0.517980
vn -0.019028 0.337368 0.941181
v 0.700860 -0.251304 0.859340
vt 0.206761 0.523553
vn -0.180953 0.553912 0.812673
v 0.744815 -0.130216 0.792723
vt 0.235455 0.500631
vn 0.006989 0.505673 0.862697
v 0.774511 -0.063115 0.750929
vt 0.251501 0.489694
vn -0.012510 0.423478 0.905820
v 0.827039 -0.215410 0.817380
vt 0.210785 0.486113
vn 0.112394 0.409398 0.905406
v 0.750662 -0.267441 0.878638
vt 0.195292 0.509847
vn 0.136082 0.575481 0.806414
v 0.781051 -0.364680 0.924253
vt 0.166103 0.509011
vn 0.313279 0.579888 0.752055
v 0.803443 -0.328115 0.877867
vt 0.179284 0.497964
vn 0.344371 0.512181 0.786816
v 0.751370 -0.415036 0.979266
vt 0.147650 0.520860
vn 0.179359 0.518462 0.836079
v 0.815472 -0.420055 0.948440
vt 0.147643 0.501774
vn 0.217163 0.531892 0.818493
v 0.952934 -0.375901 0.890304
vt 0.157829 0.461776
vn 0.170376 0.550608 0.817192
v 0.916561 -0.287940 0.836133
vt 0.188014 0.466178
vn 0.054779 0.431269 0.900559
v 0.898515 -0.161691 0.800939
vt 0.221159 0.466386
vn 0.015376 0.297562 0.954579
v 0.974711 -0.162382 0.787387
vt 0.219269 0.448383
vn 0.399089 0.326694 0.856737
v 0.867300 -0.053903 0.742756
vt 0.249634 0.468471
vn -0.048237 0.459203 0.887021
v 0.921126 -0.087000 0.787771
vt 0.236623 0.458892
vn -0.041734 0.402475 0.914479
v 0.889485 -0.426648 0.959532
vt 0.140424 0.480786
vn 0.138377 0.541650 0.829136
v 0.958970 -0.322597 0.854779
vt 0.176132 0.456506
vn 0.194976 0.489723 0.849797
v 0.980147 -0.512865 0.957471
vt 0.121440 0.458259
vn 0.515441 0.131293 0.846807
v 0.845978 -0.520636 0.990953
vt 0.114143 0.496861
vn 0.210785 0.217402 0.953051
v 1.012428 -0.388996 0.887955
vt 0.154416 0.447537
vn 0.682294 0.380391 0.624322
v 0.979096 -0.567497 0.956420
vt 0.106209 0.456610
vn 0.670375 -0.224224 0.707334
v 0.826820 -0.611763 1.002154
vt 0.083292 0.500908
vn 0.462684 0.013872 0.886415
v 0.781077 -0.703016 1.049152
vt 0.051138 0.520324
vn 0.507379 -0.261733 0.821013
v 0.752042 -0.733594 1.033903
vt 0.034896 0.528934
vn 0.315294 -0.635060 0.705187
v 0.817027 -0.728755 0.994106
vt 0.041085 0.501679
vn 0.522960 -0.463033 0.715621
v 0.788972 -0.763975 0.978366
vt 0.019999 0.501149
vn 0.464588 -0.693766 0.550315
v 0.943078 -0.649504 0.947977
vt 0.079642 0.457856
vn 0.683951 -0.405702 0.606314
v 0.886031 -0.706583 0.968733
vt 0.055061 0.472472
vn 0.578303 -0.504177 0.641381
v 0.850385 -0.740080 0.927697
vt 0.030882 0.466583
vn 0.577853 -0.783815 0.227421
v 0.945431 -0.666882 0.908168
vt 0.070947 0.439262
vn 0.729694 -0.616442 0.295881
v 0.854520 -0.760540 0.868105
vt 0.018919 0.441891
vn 0.705727 -0.698381 0.119221
v 1.010004 -0.549842 0.881711
vt 0.110657 0.432418
vn 0.928715 -0.272317 0.251658
v 1.022851 -0.482830 0.904889
vt 0.129464 0.443314
vn 0.919616 0.016277 0.392482
v 0.897543 -0.715607 0.815195
vt 0.040788 0.416637
vn 0.556498 -0.785545 0.270609
v 0.847087 -0.773621 0.818711
vt 0.009689 0.421034
vn 0.736513 -0.624851 0.259054
v 0.924357 -0.796070 0.671494
vt 0.025063 0.349422
vn 0.899309 -0.310222 0.308231
v 0.956220 -0.690456 0.845460
vt 0.066569 0.422162
vn 0.477563 -0.813325 0.332320
v 0.916969 -0.740614 0.736730
vt 0.041872 0.383273
vn 0.777662 -0.556055 0.293333
v 0.956365 -0.755839 0.604392
vt 0.055518 0.328421
vn 0.784684 -0.569537 0.244742
v 0.941122 -0.819075 0.567159
vt 0.034697 0.302837
vn 0.902841 -0.357948 0.238228
v 0.953468 -0.826754 0.510347
vt 0.044121 0.279395
vn 0.839422 -0.441350 0.317145
v 1.005759 -0.647413 0.825531
vt 0.086812 0.413727
vn 0.865008 -0.402121 0.300102
v 1.034366 -0.675603 0.673411
vt 0.096194 0.366227
vn 0.836841 -0.476473 0.269575
v 1.036212 -0.696519 0.610382
vt 0.090360 0.337663
vn 0.750479 -0.643224 0.151803
v 1.010266 -0.751258 0.474036
vt 0.086221 0.280982
vn 0.821779 -0.510658 0.252801
v 0.973197 -0.827854 0.461973
vt 0.056860 0.261195
vn 0.818822 -0.452064 0.353792
v 1.056229 -0.685967 0.495627
vt 0.104600 0.303985
vn 0.906690 -0.408733 0.104171
v 1.002308 -0.818979 0.407721
vt 0.076160 0.243436
vn 0.906604 -0.400844 0.131887
v 1.067746 -0.627929 0.601958
vt 0.115434 0.344528
vn 0.968705 -0.189935 0.159798
v 1.034878 -0.561799 0.691634
vt 0.126841 0.385565
vn 0.938765 -0.133734 0.317546
v 1.032038 -0.452864 0.747427
vt 0.149676 0.405484
vn 0.968839 -0.059213 0.240511
v 1.023039 -0.346265 0.834231
vt 0.170538 0.437254
vn 0.833764 0.178876 0.522341
v 1.042311 -0.285150 0.805937
vt 0.188744 0.431742
vn 0.731179 0.108154 0.673558
v 1.040800 -0.351719 0.747801
vt 0.175638 0.413541
vn 0.898489 -0.231910 0.372740
v 1.072530 -0.358551 0.686990
vt 0.181254 0.395248
vn 0.972023 -0.096511 0.214141
v 1.069403 -0.306680 0.742012
vt 0.189978 0.411130
vn 0.921287 -0.216418 0.323100
v 1.081354 -0.185421 0.718700
vt 0.219537 0.418144
vn 0.857624 0.193595 0.476447
v 1.075759 -0.465845 0.450357
vt 0.181171 0.323607
vn 0.993245 -0.079305 0.084708
v 1.076055 -0.266959 0.628480
vt 0.207265 0.390022
vn 0.990129 -0.137014 0.029528
v 1.096017 -0.183872 0.605643
vt 0.228272 0.393270
vn 0.992495 -0.116034 0.038596
v 1.095691 -0.189423 0.524871
vt 0.236564 0.375716
vn 0.990223 -0.125934 0.059997
v 1.097820 -0.095001 0.644528
vt 0.244014 0.410095
vn 0.890094 0.169088 0.423252
v 1.027949 -0.085106 0.699015
vt 0.241077 0.427949
vn 0.639280 0.353894 0.682701
v 0.960389 -0.040780 0.751076
vt 0.247410 0.448323
vn 0.317242 0.489067 0.812509
v 1.001017 0.045114 0.674377
vt 0.269072 0.436324
vn 0.486462 0.479163 0.730586
v 0.942592 0.052546 0.679666
vt 0.272830 0.449144
vn 0.163192 0.564476 0.809157
v 1.059135 0.087625 0.584226
vt 0.282604 0.418238
vn 0.671412 0.486706 0.558859
v 1.000227 0.163807 0.573635
vt 0.296211 0.426647
vn 0.517683 0.654105 0.551499
v 1.117839 0.096603 0.501719
vt 0.291012 0.401900
vn 0.823781 0.450110 0.344652
v 1.047982 0.166407 0.470717
vt 0.306369 0.411657
vn 0.609796 0.737706 0.289721
v 1.133980 0.049922 0.446161
vt 0.289512 0.388033
vn 0.996117 0.033172 0.081548
v 1.125244 0.133789 0.372005
vt 0.311673 0.386739
vn 0.901777 0.363661 0.233558
v 1.119963 -0.103324 0.391620
vt 0.271618 0.360936
vn 0.988485 -0.148512 0.029019
v 0.925000 0.126280 0.628079
vt 0.289512 0.445689
vn 0.287870 0.603406 0.743661
v 0.958389 0.203892 0.559436
vt 0.307775 0.435303
vn 0.519183 0.612247 0.596324
v 0.887213 0.184718 0.596999
vt 0.303153 0.449617
vn 0.378349 0.464366 0.800760
v 0.856784 0.145047 0.646557
vt 0.294874 0.459489
vn 0.317551 0.498449 0.806666
v 1.020270 0.204577 0.417897
vt 0.319438 0.410471
vn 0.613440 0.722243 0.319462
v 0.853251 0.239656 0.593316
vt 0.314684 0.455151
vn 0.496401 0.353806 0.792722
v 0.762872 0.199002 0.663183
vt 0.307784 0.474203
vn 0.264770 0.289877 0.919711
v 0.919034 0.265232 0.540124
vt 0.318529 0.437531
vn 0.609226 0.636709 0.472700
v 1.054371 0.219442 0.337191
vt 0.329866 0.397071
vn 0.554143 0.692476 0.461955
v 0.873057 0.299240 0.547360
vt 0.326903 0.448099
vn 0.534301 0.661326 0.526470
v 0.934086 0.266834 0.416852
vt 0.332539 0.423305
vn 0.643677 0.688973 0.333162
v 1.000252 0.273235 0.346446
vt 0.336914 0.409612
vn 0.642000 0.616206 0.456209
v 0.857224 0.357333 0.419205
vt 0.346886 0.436444
vn 0.678269 0.605370 0.416508
v 1.127529 0.193182 0.330388
vt 0.324619 0.385752
vn 0.750810 0.486277 0.447011
v 0.964161 0.354179 0.302398
vt 0.352753 0.412878
vn 0.696132 0.635701 0.333593
v 1.026962 0.301603 0.240786
vt 0.349266 0.398690
vn 0.549796 0.709497 0.440838
v 1.129618 0.066230 0.335193
vt 0.304978 0.373529
vn 0.998290 0.005982 0.058151
v 1.120593 0.229537 0.264555
vt 0.337339 0.381699
vn 0.783358 0.507563 0.358790
v 1.138654 0.148978 0.205088
vt 0.333069 0.363249
vn 0.994266 0.050383 0.094319
v 0.878468 0.441438 0.266547
vt 0.368962 0.422497
vn 0.666605 0.707223 0.235528
v 1.134147 0.310589 0.167567
vt 0.358537 0.376601
vn 0.649187 0.477508 0.592066
v 0.880263 0.424725 0.329543
vt 0.361776 0.427222
vn 0.618089 0.686883 0.382305
v 0.803025 0.445033 0.398079
vt 0.360914 0.443096
vn 0.534825 0.724518 0.434783
v 0.997894 0.353756 0.183805
vt 0.364295 0.398458
vn 0.539423 0.655917 0.528010
v 1.152138 0.194823 0.125383
vt 0.348642 0.358675
vn 0.965081 -0.101412 0.241525
v 1.163032 0.369461 0.078021
vt 0.374541 0.372192
vn 0.555087 0.516007 0.652392
v 0.816987 0.516741 0.204396
vt 0.385181 0.426697
vn 0.508170 0.786499 0.350975
v 1.173536 0.325057 0.117411
vt 0.366302 0.370662
vn 0.795366 0.273572 0.540880
v 1.189060 0.246442 0.050294
vt 0.365177 0.355291
vn 0.957133 -0.219325 0.189193
v 1.205731 0.328443 0.044223
vt 0.374730 0.362900
vn 0.950247 -0.013325 0.311212
v 1.177351 0.190184 0.006737
vt 0.364326 0.344473
vn 0.967480 -0.203021 0.150880
v 1.141291 0.091058 0.097081
vt 0.339484 0.341209
vn 0.991072 -0.110502 0.074607
v 1.142211 0.034323 0.146002
vt 0.324336 0.340138
vn 0.998513 0.007831 -0.053957
v 1.208443 0.292347 -0.085173
vt 0.384914 0.347649
vn 0.961503 -0.185735 -0.202520
v 1.169440 0.119670 -0.014318
vt 0.358271 0.330996
vn 0.961713 -0.218845 0.164970
v 1.128742 -0.012886 -0.030105
vt 0.347149 0.310871
vn 0.994012 -0.093219 0.057007
v 1.191321 0.142015 -0.150887
vt 0.381117 0.324476
vn 0.945651 0.032414 -0.323565
v 1.175918 0.085193 -0.104358
vt 0.368207 0.316596
vn 0.965154 -0.203333 0.164721
v 1.148306 0.063224 0.213860
vt 0.319879 0.353388
vn 0.998946 0.034880 0.029848
v 1.129990 -0.032113 0.298900
vt 0.294813 0.352419
vn 0.990705 -0.098329 0.093996
v 1.137637 -0.130182 0.135455
vt 0.298142 0.319016
vn 0.989740 -0.083118 0.116213
v 1.103643 -0.175119 0.273765
vt 0.272427 0.329303
vn 0.983322 -0.156524 0.092621
v 1.095711 -0.216285 0.389777
vt 0.247811 0.346053
vn 0.992238 -0.123406 0.015307
v 1.087834 -0.385300 0.386589
vt 0.210778 0.324560
vn 0.999075 -0.026301 0.034028
v 1.083395 -0.412415 0.234502
vt 0.233630 0.279696
vn 0.996193 -0.082623 0.027811
v 1.106005 -0.348045 0.142234
vt 0.263655 0.279205
vn 0.978095 -0.152303 0.141897
v 1.091764 -0.452877 0.388854
vt 0.196210 0.309248
vn 0.990179 -0.069802 0.121130
v 1.087529 -0.482166 0.272977
vt 0.209912 0.274701
vn 0.994328 -0.075705 -0.074709
v 1.056633 -0.617206 0.148142
vt 0.206175 0.216642
vn 0.992922 -0.105214 0.055097
v 1.071489 -0.572583 0.316580
vt 0.175896 0.268307
vn 0.996897 -0.078123 -0.009683
v 1.065627 -0.647316 0.441829
vt 0.132804 0.290798
vn 0.993690 -0.052517 0.099109
v 1.050400 -0.747904 0.154369
vt 0.172695 0.185218
vn 0.969636 -0.242033 0.035022
v 1.078335 -0.657137 0.314481
vt 0.155518 0.251061
vn 0.997321 -0.062904 -0.037330
v 1.065633 -0.686355 0.415402
vt 0.126256 0.275257
vn 0.939218 -0.323624 0.114615
v 1.056054 -0.737676 0.263095
vt 0.142416 0.216054
vn 0.904747 -0.417600 0.083924
v 1.032606 -0.745669 0.377026
vt 0.109380 0.250958
vn 0.859997 -0.502729 0.087569
v 0.987722 -0.829238 0.328481
vt 0.088272 0.211660
vn 0.908325 -0.416532 0.038037
v 1.023639 -0.756917 0.303686
vt 0.122442 0.222207
vn 0.780614 -0.604137 0.160187
v 1.002316 -0.827354 0.268120
vt 0.107359 0.191554
vn 0.870213 -0.449443 0.201818
v 1.021737 -0.814557 0.169599
vt 0.142480 0.164007
vn 0.903232 -0.426267 0.049687
v 1.029067 -0.804598 0.121364
vt 0.161724 0.152401
vn 0.890107 -0.451428 0.062629
v 1.076964 -0.742147 -0.040170
vt 0.233227 0.132914
vn 0.904000 -0.379736 0.196429
v 1.029203 -0.778657 0.017005
vt 0.198617 0.128677
vn 0.511682 -0.851299 -0.116072
v 1.042011 -0.793322 -0.073196
vt 0.232275 0.104278
vn 0.609852 -0.695684 0.379611
v 1.093021 -0.559496 -0.001957
vt 0.253583 0.201490
vn 0.971726 -0.139743 0.190317
v 1.073451 -0.831950 -0.174634
vt 0.272323 0.083514
vn 0.575488 -0.795821 0.188371
v 1.030136 -0.823018 -0.115955
vt 0.243404 0.084218
vn 0.345763 -0.855510 0.385422
v 1.010163 -0.837646 -0.152871
vt 0.251599 0.066419
vn 0.151067 -0.971016 0.185219
v 1.038038 -0.838616 -0.238819
vt 0.288531 0.058611
vn 0.317083 -0.948060 0.025303
v 1.101817 -0.812888 -0.262813
vt 0.308054 0.081104
vn 0.799299 -0.588126 0.123407
v 1.041287 -0.848719 -0.311682
vt 0.317806 0.047540
vn 0.324878 -0.944880 0.040692
v 1.107937 -0.828810 -0.390169
vt 0.354426 0.067512
vn 0.686790 -0.716238 0.123780
v 0.986220 -0.845903 -0.387261
vt 0.346886 0.019656
vn 0.097286 -0.994666 0.034285
v 1.133634 -0.707440 -0.341206
vt 0.347708 0.115215
vn 0.969439 -0.183528 0.162808
v 1.087943 -0.842718 -0.415513
vt 0.362398 0.056752
vn 0.313489 -0.945084 0.092416
v 0.992285 -0.852844 -0.468147
vt 0.382831 0.020337
vn 0.152463 -0.987793 -0.031927
v 1.112488 -0.819103 -0.524419
vt 0.399670 0.068603
vn 0.675612 -0.689654 -0.260624
v 1.149182 -0.764259 -0.468887
vt 0.382431 0.089151
vn 0.957550 -0.280529 -0.066341
v 1.122282 -0.618903 -0.170145
vt 0.298183 0.156697
vn 0.974286 -0.148338 0.169594
v 1.151484 -0.492612 -0.268338
vt 0.344774 0.180089
vn 0.998396 -0.042205 0.037730
v 1.113002 -0.359138 0.035586
vt 0.282687 0.255401
vn 0.976194 -0.168737 0.136283
v 1.151604 -0.381724 -0.148707
vt 0.324860 0.223191
vn 0.992350 -0.056811 0.109609
v 1.155652 -0.661297 -0.487605
vt 0.392604 0.119431
vn 0.986241 -0.049236 -0.157812
v 1.151967 -0.203033 0.026144
vt 0.311051 0.284872
vn 0.997087 -0.018808 0.073918
v 1.115585 -0.724243 -0.572000
vt 0.418084 0.094253
vn 0.915500 -0.168143 -0.365497
v 1.144067 -0.451786 -0.346268
vt 0.365756 0.185025
vn 0.998313 -0.038126 0.043796
v 1.150713 -0.288407 -0.210192
vt 0.349689 0.239323
vn 0.998357 0.025279 0.051428
v 1.149598 -0.584343 -0.520877
vt 0.405631 0.140805
vn 0.959907 -0.042322 -0.277106
v 1.165522 -0.377006 -0.416063
vt 0.384108 0.200582
vn 0.953579 -0.180736 0.240876
v 1.145370 -0.320705 -0.085064
vt 0.316977 0.245560
vn 0.990511 -0.076032 0.114490
v 1.155665 -0.240613 -0.302442
vt 0.373512 0.238742
vn 0.962055 -0.103347 0.252525
v 1.183791 -0.241895 -0.359519
vt 0.386386 0.234940
vn 0.953116 -0.148212 0.263823
v 1.167820 -0.068362 -0.245440
vt 0.379077 0.277997
vn 0.973184 -0.128528 0.190771
v 1.138007 -0.119136 -0.166438
vt 0.357423 0.276559
vn 0.989778 -0.041718 0.136382
v 1.174663 -0.001621 -0.215119
vt 0.376773 0.296582
vn 0.985805 0.035229 -0.164156
v 1.155369 -0.248411 -0.064376
vt 0.322059 0.263553
vn 0.993105 -0.051122 -0.105489
v 1.142527 -0.161675 -0.096181
vt 0.339913 0.276833
vn 0.996396 0.067727 -0.051067
v 1.139057 -0.118624 0.062654
vt 0.316753 0.300531
vn 0.999789 0.010871 0.017429
v 1.143596 -0.073122 0.033155
vt 0.327568 0.308164
vn 0.999011 0.031305 -0.031581
v 1.141293 -0.033302 -0.143691
vt 0.361942 0.294417
vn 0.924988 -0.315819 0.211321
v 1.165139 -0.000687 -0.136215
vt 0.365469 0.301480
vn 0.900570 -0.397036 0.177018
v 1.054914 0.328563 -0.217595
vt 0.412029 0.339201
vn 0.686894 0.126506 -0.715662
v 1.020190 0.352960 -0.255659
vt 0.419084 0.339697
vn 0.797301 0.138835 -0.587398
v 1.166604 0.294650 -0.141947
vt 0.393724 0.342072
vn 0.666890 0.097236 -0.738785
v 1.010091 0.426159 -0.259914
vt 0.423349 0.348396
vn 0.754236 0.002631 -0.656598
v 0.937015 0.442299 -0.337553
vt 0.436606 0.346669
vn 0.840892 -0.002112 -0.541198
v 1.228862 0.402291 -0.080510
vt 0.392395 0.359108
vn 0.853903 0.143124 -0.500365
v 1.229762 0.344495 -0.082567
vt 0.388273 0.353924
vn 0.948332 -0.191443 -0.253012
v 1.212540 0.395852 0.025280
vt 0.382651 0.366589
vn 0.829410 0.161598 0.534757
v 1.233883 0.444317 -0.030065
vt 0.390684 0.365232
vn 0.950820 0.266810 0.157333
v 1.204372 0.507259 -0.038548
vt 0.395603 0.368746
vn 0.798213 0.570084 0.194575
v 1.115966 0.498025 -0.142260
vt 0.408881 0.362943
vn 0.634344 0.200108 -0.746703
v 1.159768 0.533227 -0.093189
vt 0.403080 0.369503
vn 0.749053 0.385455 -0.538836
v 1.040483 0.549105 0.013436
vt 0.398660 0.387216
vn 0.044161 0.628587 0.776484
v 1.097368 0.551540 -0.141699
vt 0.412353 0.370122
vn 0.741070 0.124924 -0.659704
v 1.163489 0.555208 -0.042253
vt 0.400281 0.374291
vn 0.709289 0.602004 0.366743
v 1.108203 0.629771 -0.115686
vt 0.412214 0.377187
vn 0.844399 0.482323 -0.233140
v 1.109773 0.622669 -0.072376
vt 0.408127 0.378996
vn 0.562785 0.774409 0.289073
v 1.092422 0.607713 -0.034415
vt 0.404742 0.381995
vn 0.261794 0.683165 0.681725
v 1.068145 0.672330 -0.171192
vt 0.420752 0.379317
vn 0.773140 0.633927 -0.019791
v 0.951666 0.642006 -0.067675
vt 0.413316 0.395549
vn 0.163179 0.741511 0.650795
v 0.999616 0.684705 -0.308960
vt 0.437766 0.375210
vn 0.845109 0.026727 -0.533926
v 0.938856 0.694373 -0.147182
vt 0.422581 0.393899
vn 0.297172 0.796785 0.526139
v 1.044316 0.711898 -0.211286
vt 0.426888 0.381143
vn 0.744533 0.664610 0.062963
v 0.946611 0.490222 -0.345815
vt 0.438259 0.352099
vn 0.789850 -0.137732 -0.597635
v 0.906912 0.466274 -0.405928
vt 0.447762 0.347368
vn 0.924828 0.132741 -0.356472
v 0.871615 0.573882 -0.455870
vt 0.456487 0.359665
vn 0.946377 0.043826 -0.320078
v 1.009032 0.722982 -0.283583
vt 0.434707 0.380217
vn 0.796475 0.507365 -0.328950
v 0.952087 0.757712 -0.244852
vt 0.435016 0.388353
vn 0.404376 0.854531 0.325972
v 0.935256 0.714339 -0.400027
vt 0.448412 0.376784
vn 0.780000 0.314336 -0.541104
v 0.917048 0.796842 -0.319054
vt 0.444447 0.387704
vn 0.582211 0.809934 -0.070974
v 0.887894 0.655614 -0.472570
vt 0.457552 0.369561
vn 0.653860 0.014216 -0.756482
v 0.885116 0.727175 -0.456311
vt 0.456336 0.377630
vn 0.542349 0.382258 -0.748155
v 0.863840 0.781303 -0.429745
vt 0.456284 0.384358
vn 0.554431 0.571071 -0.605379
v 0.823149 0.712556 -0.483220
vt 0.465588 0.376901
vn 0.398624 0.297644 -0.867472
v 0.861669 0.611306 -0.491592
vt 0.461551 0.365051
vn 0.792226 0.258529 -0.552757
v 0.808609 0.846948 -0.407638
vt 0.457680 0.392041
vn 0.095242 0.776350 -0.623065
v 0.799306 0.768523 -0.474203
vt 0.465030 0.384385
vn 0.316951 0.521533 -0.792178
v 0.794696 0.870576 -0.373785
vt 0.456389 0.395817
vn 0.307937 0.916769 -0.254380
v 0.832058 0.817023 -0.274281
vt 0.445742 0.398684
vn 0.378882 0.846204 0.374683
v 0.924416 0.735674 -0.192696
vt 0.430059 0.393165
vn 0.376175 0.773045 0.510778
v 0.782108 0.804219 -0.204538
vt 0.441852 0.408432
vn 0.446813 0.801914 0.396601
v 0.808613 0.713766 -0.074819
vt 0.425071 0.410858
vn 0.447176 0.773608 0.448959
v 0.754859 0.879070 -0.325646
vt 0.455576 0.401274
vn 0.229568 0.949889 0.212155
v 0.711328 0.878402 -0.372717
vt 0.461363 0.400821
vn -0.075734 0.916077 -0.393786
v 0.710285 0.880689 -0.314815
vt 0.457708 0.405751
vn 0.106383 0.987446 0.116765
v 0.706399 0.795905 -0.468188
vt 0.470772 0.392193
vn 0.012425 0.751247 -0.659904
v 0.649151 0.847253 -0.386679
vt 0.468764 0.404265
vn 0.164720 0.823317 -0.543154
v 0.680041 0.753635 -0.514989
vt 0.477300 0.388540
vn 0.196028 0.678686 -0.707784
v 0.733795 0.700725 -0.531649
vt 0.473205 0.378772
vn 0.481561 0.572138 -0.663895
v 0.724652 0.688106 -0.560362
vt 0.479130 0.377436
vn 0.381014 0.658608 -0.648894
v 0.670001 0.876226 -0.335018
vt 0.461953 0.407294
vn -0.016716 0.975425 -0.219697
v 0.601378 0.882729 -0.358399
vt 0.468841 0.411254
vn 0.169407 0.968204 -0.184069
v 0.648018 0.883647 -0.268932
vt 0.458727 0.414338
vn 0.295222 0.954949 -0.030265
v 0.594418 0.890132 -0.324077
vt 0.466515 0.414363
vn 0.118421 0.912152 -0.392371
v 0.642187 0.881323 -0.221639
vt 0.454414 0.417349
vn 0.285482 0.880023 0.379551
v 0.610781 0.911703 -0.278348
vt 0.461758 0.417091
vn 0.494417 0.847023 -0.195202
v 0.552483 0.926287 -0.292998
vt 0.466236 0.420755
vn 0.033300 0.893889 -0.447049
v 0.559853 0.930362 -0.250631
vt 0.462907 0.422612
vn 0.037792 0.954579 0.295553
v 0.555869 0.880940 -0.328764
vt 0.469825 0.416649
vn 0.093934 0.924171 -0.370249
v 0.504850 0.919711 -0.291987
vt 0.469302 0.424347
vn 0.026432 0.990995 -0.131267
v 0.528596 0.894667 -0.205671
vt 0.460236 0.427847
vn 0.184306 0.918736 0.349221
v 0.505230 0.891637 -0.393813
vt 0.478407 0.416615
vn 0.118310 0.920468 -0.372481
v 0.475992 0.917739 -0.235743
vt 0.466459 0.430554
vn 0.183580 0.981360 0.056843
v 0.615262 0.871746 -0.405398
vt 0.471966 0.407122
vn 0.466017 0.768833 -0.437864
v 0.464491 0.917220 -0.319941
vt 0.475108 0.425898
vn 0.331913 0.909734 -0.249435
v 0.595762 0.818794 -0.456557
vt 0.478637 0.401705
vn 0.207258 0.705840 -0.677373
v 0.563255 0.878912 -0.414139
vt 0.475777 0.410532
vn 0.136840 0.870237 -0.473247
v 0.567398 0.850840 -0.448073
vt 0.478544 0.407248
vn 0.214933 0.566545 -0.795507
v 0.522575 0.851786 -0.444278
vt 0.481815 0.410685
vn 0.047542 0.659759 -0.749972
v 0.597964 0.780225 -0.518291
vt 0.483798 0.395689
vn -0.000431 0.740444 -0.672118
v 0.385260 0.874009 -0.447564
vt 0.491034 0.421835
vn -0.068048 0.800354 -0.595653
v 0.531423 0.755948 -0.512135
vt 0.490842 0.400621
vn -0.080426 0.719382 -0.689943
v 0.560908 0.714642 -0.565448
vt 0.493455 0.392839
vn -0.232414 0.608053 -0.759115
v 0.598492 0.710667 -0.583552
vt 0.491220 0.387737
vn 0.001941 0.662137 -0.749380
v 0.491969 0.739718 -0.539262
vt 0.496327 0.401342
vn -0.147717 0.568288 -0.809462
v 0.409445 0.746049 -0.519565
vt 0.500773 0.409712
vn -0.289948 0.141694 -0.946495
v 0.473020 0.679859 -0.538907
vt 0.503746 0.399335
vn -0.414735 0.319001 -0.852193
v 0.566447 0.622844 -0.629810
vt 0.502388 0.381134
vn -0.145309 0.625764 -0.766358
v 0.680054 0.676958 -0.573622
vt 0.485100 0.379511
vn 0.129241 0.636378 -0.760473
v 0.745290 0.599535 -0.623012
vt 0.485118 0.364962
vn 0.375225 0.729984 -0.571253
v 0.817773 0.592817 -0.561830
vt 0.473020 0.361667
vn 0.465414 0.745971 -0.476359
v 0.879123 0.550247 -0.515214
vt 0.463136 0.354739
vn 0.969592 0.205200 -0.133360
v 0.947288 0.372001 -0.358219
vt 0.435731 0.337368
vn 0.862553 0.343750 -0.371265
v 0.964733 0.336379 -0.392054
vt 0.437455 0.330869
vn 0.939529 0.299742 -0.165649
v -0.092399 0.263441 -0.768517
vt 0.610754 0.416363
vn -0.262765 0.695741 -0.668506
v -0.022965 0.398167 -0.639027
vt 0.578797 0.427274
vn -0.252627 0.752565 -0.608133
v -0.268626 0.281453 -0.635619
vt 0.613198 0.456200
vn -0.400247 0.652498 -0.643466
v -0.157294 0.352550 -0.647139
vt 0.596653 0.442053
vn -0.313516 0.690250 -0.652122
v -0.091713 0.397155 -0.608287
vt 0.582403 0.438852
vn -0.173542 0.832218 -0.526590
v -0.147636 0.443753 -0.536948
vt 0.576264 0.454182
vn -0.198329 0.682452 -0.703509
v -0.083455 0.434040 -0.539796
vt 0.571108 0.443804
vn -0.111732 0.736430 -0.667223
v -0.236598 0.362723 -0.595385
vt 0.596988 0.459134
vn -0.432148 0.648378 -0.626781
v -0.146342 0.538781 -0.480466
vt 0.560842 0.461620
vn -0.288226 0.586809 -0.756691
v -0.415839 0.139841 -0.717484
vt 0.656868 0.461852
vn -0.300555 0.673191 -0.675633
v -0.223117 0.444959 -0.485561
vt 0.577458 0.469149
vn -0.462300 0.655270 -0.597411
v -0.032084 0.485183 -0.514358
vt 0.559499 0.442919
vn -0.118619 0.614105 -0.780259
v -0.332235 0.417787 -0.438265
vt 0.585728 0.487204
vn -0.464330 0.700193 -0.542335
v -0.140541 0.607689 -0.422338
vt 0.549037 0.466682
vn -0.327161 0.623709 -0.709896
v -0.358211 0.338817 -0.506593
vt 0.604288 0.483851
vn -0.417337 0.696719 -0.583449
v -0.381545 0.223422 -0.653338
vt 0.634068 0.468517
vn -0.348355 0.690993 -0.633385
v 0.003679 0.501046 -0.511986
vt 0.556482 0.438642
vn -0.400660 0.693548 -0.598717
v -0.002328 0.543931 -0.457893
vt 0.548162 0.445583
vn -0.229723 0.642736 -0.730834
v 0.068644 0.503023 -0.554790
vt 0.553986 0.426617
vn -0.361006 0.636794 -0.681299
v -0.416476 0.328848 -0.484463
vt 0.608143 0.494319
vn -0.438629 0.750621 -0.494138
v 0.119655 0.415778 -0.670929
vt 0.563735 0.407788
vn -0.317824 0.700790 -0.638656
v 0.090307 0.565084 -0.524882
vt 0.543421 0.430089
vn -0.367740 0.622408 -0.690923
v 0.252711 0.432127 -0.738040
vt 0.554570 0.388796
vn -0.369549 0.760881 -0.533379
v 0.159731 0.475923 -0.624466
vt 0.553024 0.411088
vn -0.351630 0.669512 -0.654301
v 0.169396 0.536367 -0.571714
vt 0.543396 0.417340
vn -0.383632 0.648307 -0.657666
v 0.397834 0.528867 -0.646868
vt 0.527187 0.389424
vn -0.294598 0.704344 -0.645841
v 0.493443 0.528780 -0.678252
vt 0.519322 0.377574
vn -0.368041 0.685477 -0.628226
v 0.431535 0.573875 -0.636365
vt 0.519403 0.388752
vn -0.343981 0.640228 -0.686866
v 0.341694 0.539802 -0.608254
vt 0.529422 0.396713
vn -0.188744 0.729104 -0.657862
v 0.243227 0.508859 -0.629890
vt 0.542030 0.402491
vn -0.157812 0.702160 -0.694310
v 0.198700 0.529044 -0.610407
vt 0.543486 0.410665
vn -0.326543 0.610820 -0.721296
v 0.268599 0.627711 -0.527908
vt 0.523733 0.413343
vn -0.074528 0.658092 -0.749240
v 0.475200 0.633237 -0.577972
vt 0.510031 0.391620
vn -0.373913 0.657293 -0.654335
v 0.415121 0.595830 -0.568200
vt 0.516533 0.397527
vn -0.391944 0.762442 -0.514841
v 0.374437 0.640896 -0.509635
vt 0.514599 0.406993
vn -0.144247 0.694997 -0.704395
v 0.397905 0.671339 -0.487669
vt 0.509183 0.408075
vn -0.400634 0.300009 -0.865729
v 0.296028 0.685577 -0.475289
vt 0.514847 0.418281
vn -0.069636 0.468873 -0.880517
v 0.336856 0.727329 -0.470390
vt 0.507794 0.417182
vn -0.300345 0.011198 -0.953765
v 0.211138 0.678951 -0.480828
vt 0.522469 0.425997
vn -0.263024 0.688303 -0.676060
v 0.278002 0.759041 -0.457194
vt 0.508616 0.425181
vn -0.431724 0.131103 -0.892427
v 0.307283 0.817882 -0.466897
vt 0.500909 0.424685
vn -0.353313 0.343939 -0.869986
v 0.392979 0.816372 -0.491850
vt 0.495972 0.416696
vn 0.409234 0.489909 -0.769751
v 0.241161 0.711646 -0.451707
vt 0.515643 0.426440
vn -0.385521 0.542970 -0.746028
v 0.147463 0.613195 -0.489518
vt 0.533345 0.428894
vn -0.316614 0.610323 -0.726128
v 0.114996 0.647401 -0.452023
vt 0.530291 0.436172
vn -0.354440 0.627389 -0.693365
v 0.186193 0.718294 -0.393909
vt 0.516351 0.436090
vn -0.322969 0.532034 -0.782707
v 0.205739 0.779403 -0.380237
vt 0.510124 0.437078
vn -0.488216 0.111767 -0.865536
v 0.209561 0.873870 -0.398898
vt 0.501230 0.438397
vn -0.371666 0.339600 -0.864023
v 0.121152 0.822228 -0.357343
vt 0.508362 0.446698
vn -0.342858 0.244488 -0.907014
v 0.099760 0.699948 -0.404055
vt 0.523722 0.444308
vn -0.160006 0.484288 -0.860153
v 0.273817 0.900667 -0.384897
vt 0.493226 0.435563
vn -0.045535 0.765582 -0.641724
v -0.014486 0.648321 -0.390629
vt 0.535298 0.454002
vn -0.134404 0.362757 -0.922140
v -0.046041 0.693113 -0.381573
vt 0.532291 0.459548
vn -0.144532 0.277677 -0.949740
v -0.091805 0.667193 -0.383047
vt 0.537377 0.465889
vn -0.249518 0.585362 -0.771422
v -0.011359 0.759721 -0.360613
vt 0.521097 0.459244
vn -0.325508 0.563489 -0.759292
v 0.060821 0.794642 -0.347805
vt 0.513927 0.453152
vn -0.253115 0.509277 -0.822539
v -0.102021 0.769525 -0.259662
vt 0.517565 0.475740
vn -0.589055 0.724112 -0.358714
v 0.015692 0.825305 -0.307679
vt 0.511189 0.460609
vn -0.468436 0.542886 -0.697024
v -0.179163 0.703165 -0.282507
vt 0.531317 0.479613
vn -0.615749 0.664263 -0.423802
v -0.237544 0.537066 -0.380869
vt 0.559846 0.482004
vn -0.605319 0.598989 -0.524214
v -0.199681 0.700165 -0.236830
vt 0.527118 0.489959
vn -0.637259 0.648014 -0.417107
v -0.242575 0.600885 -0.290725
vt 0.544246 0.490642
vn -0.677661 0.571605 -0.462649
v -0.297379 0.511640 -0.341692
vt 0.563594 0.493979
vn -0.519533 0.689957 -0.504028
v -0.328485 0.577673 -0.216488
vt 0.545841 0.509433
vn -0.632127 0.668183 -0.392361
v -0.381877 0.417897 -0.389345
vt 0.584654 0.500467
vn -0.543483 0.650012 -0.531141
v -0.396597 0.491274 -0.297912
vt 0.568822 0.510326
vn -0.482449 0.727379 -0.488019
v -0.384209 0.389759 -0.436093
vt 0.592888 0.495049
vn -0.565157 0.683608 -0.461820
v -0.487751 0.428140 -0.290182
vt 0.580992 0.524377
vn -0.645223 0.602980 -0.469151
v -0.432650 0.349126 -0.394286
vt 0.595917 0.507469
vn -0.525277 0.735635 -0.427699
v -0.534248 0.328087 -0.371163
vt 0.605289 0.523110
vn -0.405830 0.830083 -0.382445
v -0.301882 0.643768 -0.175453
vt 0.532926 0.507224
vn -0.735282 0.624688 -0.262916
v -0.330227 0.610294 -0.148443
vt 0.534635 0.516012
vn -0.791080 0.604398 0.094319
v -0.529532 0.365653 -0.291537
vt 0.591901 0.531167
vn -0.604144 0.669733 -0.431818
v -0.381712 0.555397 -0.134293
vt 0.543529 0.525622
vn -0.579711 0.801178 0.148492
v -0.457672 0.514362 -0.152461
vt 0.554876 0.533487
vn -0.549323 0.832877 -0.067537
v -0.535131 0.441421 -0.141885
vt 0.569325 0.548201
vn -0.712038 0.694777 0.101424
v -0.453192 0.490244 -0.089360
vt 0.548361 0.542327
vn -0.582043 0.693393 0.424773
v -0.314056 0.547922 -0.058311
vt 0.526941 0.530202
vn -0.671627 0.637553 0.377416
v -0.300527 0.601787 -0.091878
vt 0.523484 0.522434
vn -0.723751 0.518911 0.454880
v -0.331702 0.485847 0.067163
vt 0.514286 0.549002
vn -0.618359 0.639708 0.456515
v -0.294423 0.651186 -0.128438
vt 0.527226 0.510719
vn -0.722933 0.612408 0.319881
v -0.215990 0.733656 -0.175208
vt 0.520633 0.495130
vn -0.636746 0.744175 -0.201888
v -0.225599 0.710402 -0.110504
vt 0.516230 0.504133
vn -0.712540 0.636572 0.295066
v -0.287568 0.544794 0.029552
vt 0.514096 0.534855
vn -0.708727 0.646980 0.281288
v -0.178625 0.659572 0.001468
vt 0.503538 0.515393
vn -0.858446 0.384008 0.340012
v -0.200714 0.615814 0.057434
vt 0.500543 0.525401
vn -0.727636 0.649899 0.219492
v -0.193826 0.721500 -0.030641
vt 0.504438 0.506148
vn -0.885756 0.352690 0.301739
v -0.171498 0.757920 -0.098099
vt 0.508234 0.496720
vn -0.688317 0.716992 0.110191
v -0.119303 0.802014 -0.174883
vt 0.511481 0.485302
vn -0.509441 0.758490 -0.406403
v -0.077963 0.796468 -0.206209
vt 0.511208 0.478069
vn -0.708131 0.628679 -0.321424
v -0.093133 0.846704 -0.123178
vt 0.501447 0.484209
vn -0.825841 0.554707 -0.101421
v -0.053505 0.831638 -0.234809
vt 0.509164 0.472388
vn -0.703158 0.562195 -0.435322
v -0.071563 0.879283 -0.153725
vt 0.500268 0.478413
vn -0.748422 0.569362 -0.340134
v 0.053872 0.906251 -0.289458
vt 0.501016 0.458774
vn -0.539877 0.699896 -0.467631
v 0.010089 0.895757 -0.232165
vt 0.500322 0.466111
vn -0.469483 0.818222 -0.331811
v 0.011982 0.945428 -0.116279
vt 0.490503 0.473971
vn -0.394332 0.904515 -0.162339
v 0.081315 0.918322 -0.191469
vt 0.492063 0.463450
vn -0.353645 0.896610 -0.266507
v -0.065271 0.902825 -0.114009
vt 0.495460 0.480133
vn -0.685223 0.727986 -0.022499
v 0.067707 0.971764 -0.096368
vt 0.484771 0.470136
vn -0.342222 0.939546 0.011704
v -0.075497 0.848718 -0.022277
vt 0.492200 0.490586
vn -0.656730 0.686782 0.311508
v 0.096562 0.973888 -0.138566
vt 0.485896 0.465924
vn -0.367556 0.848910 -0.379808
v 0.001419 0.901155 0.003438
vt 0.483667 0.483995
vn -0.510630 0.753408 0.414286
v 0.183805 0.988308 -0.106592
vt 0.478212 0.462022
vn 0.090777 0.994561 0.051068
v 0.179790 0.976462 -0.166073
vt 0.482693 0.458368
vn -0.074126 0.988083 -0.134900
v 0.171696 0.977115 -0.232466
vt 0.487577 0.454313
vn -0.295429 0.955034 -0.025128
v 0.252762 0.971337 -0.224088
vt 0.481963 0.449503
vn 0.341318 0.938233 0.056747
v 0.213258 0.985457 -0.269976
vt 0.487522 0.448915
vn 0.036316 0.975351 -0.217651
v 0.247289 0.964258 -0.151074
vt 0.477005 0.454439
vn 0.325604 0.945185 -0.024650
v 0.152101 0.954532 0.015920
vt 0.471539 0.470583
vn -0.209011 0.965519 0.155201
v 0.298023 0.949395 -0.069690
vt 0.467372 0.457007
vn 0.044725 0.996296 -0.073448
v 0.232345 0.945418 -0.023010
vt 0.468738 0.463783
vn 0.060926 0.997949 -0.019667
v 0.230075 0.979559 0.052559
vt 0.462902 0.469268
vn -0.028806 0.998752 0.040804
v 0.124269 0.938350 0.043438
vt 0.470818 0.476890
vn -0.408654 0.890529 0.199901
v 0.320628 0.961234 -0.002296
vt 0.459453 0.460416
vn 0.069978 0.997322 0.021244
v 0.355454 0.928250 -0.126844
vt 0.467973 0.447916
vn -0.061634 0.953692 -0.294402
v 0.377980 0.967169 -0.066368
vt 0.461601 0.450769
vn 0.065810 0.994410 -0.082568
v 0.313569 0.925195 -0.183548
vt 0.474511 0.446885
vn 0.290572 0.956400 0.029429
v 0.315907 0.938840 -0.231924
vt 0.478049 0.443829
vn 0.361867 0.930495 0.056842
v 0.383315 0.922124 -0.182053
vt 0.469683 0.441861
vn -0.018425 0.977770 -0.208871
v 0.447682 0.937967 -0.196299
vt 0.466238 0.437415
vn 0.107604 0.927852 -0.357087
v 0.429680 0.941825 -0.026675
vt 0.454663 0.449869
vn 0.522921 0.824412 0.216561
v 0.418420 0.906721 -0.204993
vt 0.469391 0.437611
vn -0.125626 0.923742 -0.361827
v 0.351945 0.920738 -0.279522
vt 0.478841 0.437659
vn 0.222498 0.944870 0.240239
v 0.339930 0.937284 0.096485
vt 0.452154 0.464470
vn 0.323878 0.874658 0.360660
v 0.433354 0.939393 -0.336959
vt 0.478502 0.428344
vn 0.404244 0.867755 -0.289117
v 0.316829 0.935710 -0.286233
vt 0.482343 0.440031
vn 0.217242 0.972839 -0.079939
v 0.427505 0.907172 -0.360688
vt 0.481348 0.425241
vn 0.314639 0.719342 -0.619314
v 0.382449 0.939833 -0.373029
vt 0.483791 0.429787
vn 0.124012 0.813775 -0.567795
v 0.387414 0.883443 -0.401939
vt 0.487255 0.425376
vn 0.029618 0.857943 -0.512890
v 0.333585 0.936488 -0.366693
vt 0.486535 0.433084
vn -0.222141 0.859291 -0.460731
v 0.318167 0.884142 -0.393584
vt 0.491863 0.430760
vn -0.050822 0.663810 -0.746173
v 0.236509 0.929204 -0.338473
vt 0.491693 0.442376
vn 0.163504 0.849326 -0.501908
v 0.165481 0.931545 -0.348508
vt 0.496926 0.447141
vn -0.274358 0.685920 -0.673975
v 0.100440 0.892000 -0.338316
vt 0.502076 0.451788
vn -0.536733 0.279487 -0.796119
v -0.282430 0.071878 -0.851134
vt 0.661355 0.426259
vn -0.291921 0.233395 -0.927528
v -0.262695 0.027676 -0.837982
vt 0.669298 0.420006
vn -0.050986 -0.328763 -0.943035
v -0.333402 0.015243 -0.849581
vt 0.675811 0.432208
vn -0.089000 -0.117087 -0.989126
v -0.390898 -0.013231 -0.834306
vt 0.685923 0.443792
vn -0.159688 -0.000385 -0.987168
v -0.369125 -0.057887 -0.812265
vt 0.694076 0.434401
vn 0.004582 -0.392603 -0.919697
v -0.182156 -0.027417 -0.830309
vt 0.673868 0.399509
vn -0.278996 -0.250986 -0.926913
v -0.299005 -0.102241 -0.804797
vt 0.698115 0.418110
vn -0.075389 -0.356765 -0.931147
v -0.126313 -0.042864 -0.853764
vt 0.670214 0.386711
vn -0.324858 -0.280567 -0.903188
v -0.240161 -0.122738 -0.798625
vt 0.698151 0.403539
vn -0.177054 -0.173993 -0.968700
v -0.142297 -0.110890 -0.823654
vt 0.686514 0.383493
vn -0.157179 -0.412398 -0.897342
v -0.251123 -0.171193 -0.796463
vt 0.710737 0.400305
vn -0.187280 -0.315135 -0.930385
v -0.371524 -0.177232 -0.759161
vt 0.723438 0.427270
vn -0.184364 -0.481847 -0.856641
v -0.280412 -0.251558 -0.728611
vt 0.736568 0.398678
vn -0.188976 -0.456167 -0.869597
v -0.267541 -0.372192 -0.705223
vt 0.765911 0.385643
vn -0.226556 -0.340669 -0.912478
v -0.387571 -0.424154 -0.619938
vt 0.795717 0.417632
vn -0.362955 -0.411863 -0.835843
v -0.389033 -0.336114 -0.662336
vt 0.770120 0.424425
vn -0.267155 -0.440245 -0.857212
v -0.461480 -0.279987 -0.662349
vt 0.761917 0.445786
vn -0.291652 -0.494888 -0.818551
v -0.760926 -0.268688 -0.572837
vt 0.763438 0.526193
vn -0.313200 -0.469775 -0.825359
v -0.676991 -0.128918 -0.709229
vt 0.724137 0.496117
vn -0.381367 -0.369466 -0.847381
v -0.422029 -0.088671 -0.801486
vt 0.703464 0.443707
vn -0.090277 -0.453480 -0.886683
v -0.492413 -0.038950 -0.814996
vt 0.696677 0.458942
vn -0.251494 -0.301793 -0.919604
v -0.501305 0.004947 -0.818612
vt 0.689982 0.462528
vn -0.222503 0.322287 -0.920121
v -0.546234 0.044384 -0.776070
vt 0.685179 0.474826
vn -0.393743 0.585413 -0.708702
v -0.610999 -0.005717 -0.759560
vt 0.694715 0.485993
vn -0.503118 0.245806 -0.828524
v -0.533196 0.134018 -0.677007
vt 0.662671 0.483164
vn -0.360937 0.725702 -0.585731
v -0.445467 0.207857 -0.617027
vt 0.638138 0.481159
vn -0.401645 0.717820 -0.568697
v -0.531323 0.251209 -0.495393
vt 0.630692 0.507805
vn -0.402621 0.773216 -0.489932
v -0.583434 0.193243 -0.558111
vt 0.647166 0.509620
vn -0.409246 0.768196 -0.492334
v -0.623433 0.116046 -0.627519
vt 0.668764 0.505271
vn -0.445124 0.711483 -0.543744
v -0.672086 0.047294 -0.690177
vt 0.688350 0.503445
vn -0.425859 0.611691 -0.666692
v -0.737346 -0.047153 -0.688012
vt 0.709429 0.511877
vn -0.611578 0.151074 -0.776627
v -0.729488 0.044914 -0.636413
vt 0.689437 0.518637
vn -0.638356 0.569470 -0.517885
v -0.825848 -0.165677 -0.608381
vt 0.738455 0.537007
vn -0.492643 -0.261064 -0.830150
v -0.743897 0.093937 -0.537833
vt 0.675554 0.534613
vn -0.624435 0.672672 -0.396980
v -0.791080 -0.008618 -0.582727
vt 0.698943 0.535736
vn -0.779863 0.422614 -0.461747
v -0.726903 0.122417 -0.506116
vt 0.664086 0.536798
vn -0.546752 0.736802 -0.397724
v -0.806336 -0.061640 -0.630606
vt 0.713056 0.530345
vn -0.760540 0.319984 -0.564969
v -0.874330 -0.014593 -0.454360
vt 0.691727 0.567950
vn -0.786098 0.477077 -0.392998
v -0.841211 -0.097079 -0.556428
vt 0.714677 0.549771
vn -0.806328 0.438162 -0.397302
v -0.840764 -0.119839 -0.592414
vt 0.726351 0.542377
vn -0.772547 0.292607 -0.563518
v -0.868923 -0.156203 -0.585032
vt 0.734429 0.549112
vn -0.636637 0.119572 -0.761837
v -0.941798 -0.198324 -0.520320
vt 0.745027 0.575286
vn -0.681729 0.225775 -0.695896
v -0.920789 -0.235049 -0.526805
vt 0.754021 0.568695
vn -0.423178 -0.301588 -0.854380
v -0.949787 -0.111005 -0.403021
vt 0.713849 0.592723
vn -0.759348 0.513004 -0.400271
v -1.019489 -0.287448 -0.467787
vt 0.763356 0.602029
vn -0.608806 -0.055302 -0.791390
v -0.998854 -0.181515 -0.431471
vt 0.735063 0.599129
vn -0.728624 0.526690 -0.437841
v -0.870694 0.022976 -0.390558
vt 0.679845 0.577707
vn -0.726144 0.637485 -0.257542
v -1.062079 -0.238344 -0.380820
vt 0.743321 0.619050
vn -0.860633 0.472475 -0.189943
v -1.049875 -0.401398 -0.399144
vt 0.794232 0.624443
vn -0.352039 -0.287544 -0.890723
v -1.045308 -0.472008 -0.394317
vt 0.815137 0.629804
vn -0.335906 -0.193395 -0.921827
v -1.105535 -0.418922 -0.368973
vt 0.791664 0.642102
vn -0.840218 -0.001182 -0.542248
v -1.129214 -0.479265 -0.331548
vt 0.807639 0.665013
vn -0.876242 0.167162 -0.451948
v -1.099535 -0.309061 -0.371967
vt 0.763087 0.632881
vn -0.944000 0.259856 -0.203319
v -1.101277 -0.397668 -0.288499
vt 0.772519 0.661197
vn -0.948109 0.313063 -0.055512
v -1.116949 -0.416333 -0.249113
vt 0.773332 0.681742
vn -0.925493 0.377767 -0.027474
v -1.061513 -0.289637 -0.271467
vt 0.742621 0.653780
vn -0.847782 0.476002 0.233854
v -1.133102 -0.472499 -0.164543
vt 0.778783 0.713797
vn -0.891532 0.452301 -0.024406
v -0.997954 -0.143515 -0.334243
vt 0.713691 0.615197
vn -0.892135 0.451078 -0.024990
v -1.018682 -0.294877 -0.084131
vt 0.707415 0.696909
vn -0.762334 0.618399 0.190865
v -0.953486 -0.052000 -0.331192
vt 0.693062 0.603404
vn -0.819932 0.539013 -0.192812
v -0.860179 0.065861 -0.276704
vt 0.660156 0.593606
vn -0.767884 0.638126 -0.056111
v -0.985813 -0.104387 -0.235058
vt 0.692923 0.627480
vn -0.932911 0.329486 0.145314
v -0.785074 0.143879 -0.376960
vt 0.654155 0.562775
vn -0.760761 0.593589 -0.262477
v -0.986399 -0.185011 -0.280331
vt 0.713633 0.635000
vn -0.901347 0.281162 0.329426
v -0.960239 -0.208891 -0.167668
vt 0.698302 0.661765
vn -0.963726 0.156091 0.216488
v -0.976530 -0.167107 -0.147797
vt 0.686729 0.655855
vn -0.971536 -0.083031 0.221863
v -0.956035 -0.141531 -0.105892
vt 0.674535 0.659067
vn -0.844830 0.366796 0.389517
v -0.942641 -0.200375 -0.045796
vt 0.673400 0.682696
vn -0.962398 0.171667 0.210526
v -0.891938 0.020208 -0.218788
vt 0.660704 0.613013
vn -0.781760 0.582415 0.222810
v -0.898914 -0.115459 -0.036457
vt 0.653720 0.665446
vn -0.780543 0.517989 0.349913
v -0.941060 -0.235905 -0.030022
vt 0.676464 0.692209
vn -0.924124 0.358786 0.131407
v -0.799238 0.133969 -0.199785
vt 0.632730 0.593132
vn -0.800471 0.583702 0.136153
v -0.854401 -0.023906 -0.117840
vt 0.645154 0.634333
vn -0.788839 0.516200 0.333573
v -0.834815 0.014631 -0.100810
vt 0.636175 0.630324
vn -0.763109 0.518772 0.385409
v -0.806355 -0.086344 0.121660
vt 0.604404 0.681720
vn -0.655003 0.549775 0.518381
v -0.776784 0.160428 -0.302748
vt 0.640020 0.572002
vn -0.779417 0.624183 -0.053887
v -0.797529 0.097742 -0.128750
vt 0.624562 0.611366
vn -0.823555 0.424975 0.375704
v -0.722762 0.209682 -0.365021
vt 0.636061 0.552500
vn -0.647281 0.702812 -0.295098
v -0.711344 0.247920 -0.190070
vt 0.608368 0.573293
vn -0.764949 0.636576 0.098099
v -0.734596 0.189389 -0.086234
vt 0.602156 0.598471
vn -0.743945 0.556882 0.369360
v -0.787091 0.043943 -0.080081
vt 0.621198 0.626580
vn -0.682564 0.526985 0.506353
v -0.765192 0.068184 -0.064623
vt 0.612647 0.623661
vn -0.752538 0.369998 0.544782
v -0.700354 0.264061 -0.280240
vt 0.617093 0.559172
vn -0.738938 0.647279 -0.187087
v -0.706037 -0.031657 0.172838
vt 0.575637 0.676460
vn -0.622929 0.626756 0.468121
v -0.743973 0.122673 -0.050130
vt 0.603475 0.614212
vn -0.742366 0.165073 0.649341
v -0.682287 0.096278 -0.012889
vt 0.591377 0.624375
vn -0.703555 0.176086 0.688480
v -0.692026 0.185131 -0.019315
vt 0.587748 0.605669
vn -0.640671 0.558602 0.526786
v -0.636414 0.077997 0.061356
vt 0.575346 0.634019
vn -0.659504 0.462090 0.592897
v -0.668501 0.158657 0.027250
vt 0.579389 0.614745
vn -0.730947 0.229802 0.642579
v -0.638907 0.223562 -0.016763
vt 0.577101 0.596266
vn -0.662525 0.581290 0.472401
v -0.687580 0.255900 -0.132263
vt 0.596982 0.580477
vn -0.714955 0.647087 0.264797
v -0.554224 0.293918 0.029337
vt 0.556246 0.587847
vn -0.548280 0.655607 0.519200
v -0.647896 0.291228 -0.086854
vt 0.581133 0.579637
vn -0.753307 0.556347 0.350722
v -0.646825 0.326985 -0.234902
vt 0.599597 0.554891
vn -0.597347 0.786784 -0.155397
v -0.568927 0.392494 -0.198857
vt 0.582904 0.547859
vn -0.623156 0.739705 -0.253995
v -0.609240 0.301962 -0.319078
vt 0.609684 0.540658
vn -0.469852 0.820454 -0.325721
v -0.587509 0.334051 -0.258279
vt 0.596642 0.544128
vn -0.437165 0.783844 -0.440994
v -0.628290 0.266031 -0.390255
vt 0.624326 0.534992
vn -0.490025 0.787085 -0.374664
v -0.643440 0.217787 -0.456992
vt 0.639387 0.528643
vn -0.496844 0.744287 -0.446299
v -0.558278 0.376585 -0.081499
vt 0.566779 0.563072
vn -0.517244 0.664367 0.539514
v -0.506341 0.428125 -0.092592
vt 0.558086 0.553502
vn -0.616146 0.513380 0.597332
v -0.487692 0.390829 -0.066273
vt 0.553747 0.560541
vn -0.727919 0.318901 0.606990
v -0.469942 0.370737 -0.025463
vt 0.548449 0.569024
vn -0.631856 0.512874 0.581135
v -0.403488 0.413935 0.061278
vt 0.525389 0.564144
vn -0.720629 0.374389 0.583547
v -0.407838 0.340078 0.078928
vt 0.527739 0.578914
vn -0.645246 0.589478 0.485976
v -0.502664 0.264319 0.115752
vt 0.539372 0.597064
vn -0.497239 0.724508 0.477327
v -0.492902 0.233741 0.166373
vt 0.532420 0.606558
vn -0.671098 0.432225 0.602336
v -0.333569 0.349387 0.223987
vt 0.500143 0.586072
vn -0.466650 0.621109 0.629652
v -0.338009 0.376913 0.138461
vt 0.511050 0.573320
vn -0.753311 0.462282 0.467779
v -0.323700 0.423039 0.140225
vt 0.507498 0.565562
vn -0.694029 0.458786 0.554832
v -0.542860 0.139324 0.142866
vt 0.546128 0.624013
vn -0.704995 -0.004829 0.709196
v -0.306746 0.384843 0.204547
vt 0.498137 0.575876
vn -0.470259 0.622808 0.625273
v -0.268733 0.477661 0.141788
vt 0.499212 0.555348
vn -0.610203 0.369086 0.701019
v -0.270564 0.507773 0.132222
vt 0.499727 0.548999
vn -0.813446 0.249096 0.525601
v -0.190092 0.353018 0.256518
vt 0.475294 0.576920
vn -0.344253 0.521995 0.780392
v -0.113356 0.377465 0.288133
vt 0.461280 0.569605
vn -0.600500 0.304654 0.739314
v -0.138011 0.453216 0.262063
vt 0.471571 0.555764
vn -0.652516 -0.010514 0.757702
v -0.233432 0.573718 0.169316
vt 0.490934 0.540035
vn -0.653029 0.597892 0.464841
v -0.254286 0.537345 0.164025
vt 0.493203 0.544908
vn -0.880347 0.191861 0.433796
v -0.166616 0.627739 0.146860
vt 0.487414 0.528593
vn -0.807937 0.549305 0.213314
v -0.198796 0.549405 0.209293
vt 0.482893 0.542967
vn -0.652048 0.380368 0.655861
v -0.164225 0.515620 0.254585
vt 0.474111 0.547722
vn -0.502338 0.016785 0.864508
v -0.134199 0.615299 0.251090
vt 0.473677 0.534570
vn -0.696731 0.377495 0.609970
v -0.141525 0.671051 0.176666
vt 0.481002 0.523667
vn -0.783169 0.538711 0.310543
v -0.147518 0.699079 0.095492
vt 0.489488 0.515939
vn -0.825236 0.493381 0.274884
v -0.098801 0.701074 0.206976
vt 0.473641 0.519051
vn -0.644244 0.588405 0.488600
v -0.047527 0.651106 0.311944
vt 0.458842 0.525938
vn -0.537208 0.450272 0.713206
v -0.094963 0.549533 0.308781
vt 0.460265 0.541000
vn -0.627916 0.087483 0.773349
v -0.021783 0.466784 0.356303
vt 0.445666 0.550349
vn -0.627616 0.162165 0.761447
v -0.093814 0.772296 0.079724
vt 0.485295 0.504328
vn -0.641103 0.685886 0.344307
v -0.088177 0.748895 0.165240
vt 0.476558 0.510174
vn -0.671975 0.629436 0.390206
v 0.042373 0.761796 0.269465
vt 0.456706 0.507430
vn -0.472819 0.575912 0.666910
v 0.002982 0.621754 0.351776
vt 0.449178 0.527715
vn -0.462809 0.126856 0.877334
v 0.038706 0.575940 0.365158
vt 0.442359 0.532098
vn -0.534099 0.148871 0.832211
v 0.106283 0.649290 0.403515
vt 0.436000 0.518200
vn -0.510537 0.392978 0.764801
v 0.077656 0.543255 0.422631
vt 0.429321 0.536448
vn -0.623268 0.338991 0.704715
v 0.043025 0.390962 0.445246
vt 0.424961 0.560627
vn -0.668270 0.376321 0.641715
v 0.149216 0.603852 0.446487
vt 0.424804 0.522485
vn -0.518449 0.349095 0.780604
v 0.121922 0.744138 0.325775
vt 0.446276 0.505118
vn -0.367718 0.577391 0.728974
v 0.201267 0.794976 0.319978
vt 0.440373 0.494787
vn -0.173707 0.646483 0.742890
v 0.149834 0.851905 0.270568
vt 0.450410 0.492539
vn -0.267349 0.707088 0.654638
v 0.185205 0.684561 0.435568
vt 0.427286 0.509841
vn -0.386519 0.558475 0.733968
v 0.193370 0.490003 0.537311
vt 0.404294 0.532054
vn -0.338834 0.497909 0.798297
v 0.323498 0.681253 0.477605
vt 0.413711 0.498532
vn 0.072963 0.682095 0.727615
v 0.245971 0.645442 0.480204
vt 0.415658 0.508574
vn -0.272006 0.436869 0.857414
v 0.274280 0.509003 0.534111
vt 0.398134 0.520951
vn -0.224243 0.475383 0.850721
v 0.355364 0.571428 0.531839
vt 0.396894 0.505675
vn -0.106628 0.455301 0.883929
v 0.264435 0.442826 0.579483
vt 0.389305 0.530085
vn -0.083101 0.492377 0.866406
v 0.423937 0.599531 0.511802
vt 0.395573 0.493920
vn 0.371681 0.567905 0.734396
v 0.281127 0.759834 0.363923
vt 0.428614 0.492033
vn 0.150277 0.785325 0.600568
v 0.451108 0.648541 0.440862
vt 0.403091 0.485089
vn 0.545595 0.643827 0.536483
v 0.278494 0.818295 0.305474
vt 0.436619 0.486475
vn 0.148576 0.728776 0.668440
v 0.386636 0.752033 0.326276
vt 0.422593 0.480624
vn 0.398866 0.756642 0.518073
v 0.236055 0.909314 0.201783
vt 0.451050 0.479786
vn 0.053679 0.849115 0.525474
v 0.315358 0.868941 0.221675
vt 0.442084 0.476025
vn 0.340789 0.749301 0.567813
v 0.356735 0.819388 0.232027
vt 0.435304 0.473829
vn 0.441400 0.684398 0.580315
v 0.415016 0.775708 0.264529
vt 0.427670 0.471328
vn 0.476185 0.727605 0.493800
v 0.382188 0.861640 0.194462
vt 0.439040 0.468932
vn 0.460967 0.686793 0.561983
v 0.440214 0.886143 0.076700
vt 0.444528 0.455499
vn 0.669775 0.650878 0.357434
v 0.468602 0.822721 0.108916
vt 0.436591 0.455055
vn 0.710211 0.615299 0.342064
v 0.488177 0.906993 -0.116484
vt 0.455676 0.438306
vn 0.581524 0.799329 0.151337
v 0.159074 0.950723 0.097704
vt 0.464550 0.477216
vn -0.361930 0.882005 0.301785
v 0.171736 0.912408 0.170379
vt 0.457664 0.482467
vn -0.311024 0.834875 0.454145
v 0.083953 0.893623 0.106766
vt 0.468622 0.485950
vn -0.517739 0.776193 0.359821
v 0.054575 0.829340 0.220477
vt 0.459974 0.496368
vn -0.514945 0.706191 0.485928
v 0.009701 0.840514 0.080617
vt 0.476731 0.494093
vn -0.571522 0.726377 0.381758
v -0.018734 0.801152 0.176071
vt 0.469930 0.502412
vn -0.547928 0.740154 0.389804
v -0.141180 0.787552 -0.000610
vt 0.495781 0.500225
vn -0.736433 0.622396 0.265120
v -0.116134 0.806513 -0.063833
vt 0.499313 0.492810
vn -0.718260 0.684045 0.127221
v -0.133605 0.810491 -0.100992
vt 0.503475 0.490536
vn -0.750418 0.660391 -0.027500
v -1.149324 -0.567509 -0.018624
vt 0.772514 0.778829
vn -0.810340 0.502265 0.301793
v -1.155590 -0.496158 -0.112842
vt 0.777247 0.735106
vn -0.865569 0.493120 0.087309
v -1.082598 -0.440277 -0.018181
vt 0.728105 0.748019
vn -0.827324 0.367680 0.424672
v -1.089871 -0.410501 -0.112944
vt 0.747002 0.714824
vn -0.832926 0.552480 0.031634
v -1.049946 -0.350011 -0.012549
vt 0.708735 0.727273
vn -0.811711 0.524095 0.257780
v -1.029101 -0.348035 0.032068
vt 0.694732 0.735478
vn -0.786739 0.436588 0.436385
v -1.024833 -0.428782 0.072514
vt 0.698834 0.762964
vn -0.763546 0.412801 0.496582
v -0.948596 -0.263479 0.085503
vt 0.659324 0.721741
vn -0.798888 0.393349 0.455032
v -0.884383 -0.270070 0.161173
vt 0.631166 0.734061
vn -0.691049 0.424501 0.585021
v -0.939541 -0.203541 0.063219
vt 0.652747 0.703556
vn -0.853129 0.414197 0.317194
v -0.858261 -0.148181 0.106469
vt 0.623909 0.697540
vn -0.701589 0.489379 0.517958
v -0.899388 -0.151772 0.033401
vt 0.644532 0.685934
vn -0.755833 0.603499 0.253979
v -0.522117 0.104268 0.158401
vt 0.540776 0.634122
vn -0.744931 0.367079 0.557074
v -0.568991 0.101051 0.100200
vt 0.557109 0.632543
vn -0.574994 0.094276 0.812708
v -0.456081 0.132085 0.238365
vt 0.518523 0.632458
vn -0.724279 0.487996 0.487114
v -0.432892 0.231312 0.233671
vt 0.513732 0.611426
vn -0.612260 0.386215 0.689910
v -0.362043 0.201569 0.300623
vt 0.492761 0.618748
vn -0.487997 0.535090 0.689593
v -0.352866 0.262439 0.256799
vt 0.497719 0.600882
vn -0.403854 0.489899 0.772594
v -0.278859 0.296808 0.272535
vt 0.485010 0.592726
vn -0.290990 0.544037 0.786987
v -0.145320 0.255617 0.347859
vt 0.454443 0.593100
vn -0.453156 0.593315 0.665302
v 0.029885 0.306633 0.513499
vt 0.412156 0.572913
vn -0.702779 0.552913 0.447648
v 0.096764 0.371316 0.511686
vt 0.410298 0.557814
vn -0.678967 0.497106 0.540267
v 0.091197 0.476811 0.452194
vt 0.422342 0.543476
vn -0.627273 0.276964 0.727887
v 0.142943 0.456934 0.524113
vt 0.408814 0.541628
vn -0.637043 0.492482 0.592991
v 0.158655 0.363846 0.617067
vt 0.390528 0.554356
vn -0.368356 0.525683 0.766793
v 0.245796 0.366531 0.628452
vt 0.379360 0.542610
vn 0.046580 0.383595 0.922326
v 0.181873 0.266005 0.656018
vt 0.372289 0.563624
vn 0.062368 0.232959 0.970485
v 0.356173 0.298375 0.619798
vt 0.358296 0.533881
vn 0.066082 0.265099 0.961954
v 0.357591 0.371906 0.601450
vt 0.368559 0.527092
vn -0.047823 0.254675 0.965844
v 0.440244 0.483704 0.583329
vt 0.376193 0.503390
vn 0.001164 0.438345 0.898806
v 0.397924 0.393698 0.611247
vt 0.367591 0.517706
vn -0.308040 0.292690 0.905231
v 0.511971 0.257317 0.657636
vt 0.336878 0.511953
vn -0.159824 0.180790 0.970449
v 0.471583 0.381978 0.628262
vt 0.358510 0.508350
vn -0.046220 0.278475 0.959331
v 0.408463 0.532582 0.559823
vt 0.386172 0.503109
vn 0.095160 0.520665 0.848441
v 0.554747 0.449945 0.596833
vt 0.362240 0.491276
vn 0.193997 0.552386 0.810700
v 0.545453 0.482564 0.563202
vt 0.369706 0.488204
vn 0.273296 0.820520 0.502052
v 0.560564 0.501865 0.476974
vt 0.377447 0.478163
vn 0.371385 0.854703 0.362706
v 0.659399 0.301339 0.638946
vt 0.332683 0.484225
vn 0.124287 0.397137 0.909305
v 0.640907 0.429840 0.572763
vt 0.354585 0.477207
vn 0.411490 0.644078 0.644856
v 0.646881 0.486737 0.467709
vt 0.370666 0.468189
vn 0.286816 0.883026 0.371485
v 0.611001 0.541334 0.334299
vt 0.388242 0.457150
vn 0.438573 0.814898 0.378941
v 0.525153 0.615987 0.371549
vt 0.399939 0.472186
vn 0.693409 0.567708 0.443724
v 0.506824 0.706119 0.260933
vt 0.415226 0.463618
vn 0.656128 0.647716 0.387246
v 0.582712 0.596524 0.275868
vt 0.400322 0.457731
vn 0.620769 0.680413 0.389467
v 0.560595 0.711273 0.153052
vt 0.419174 0.449616
vn 0.504207 0.668192 0.547079
v 0.567376 0.655949 0.197122
vt 0.409870 0.452644
vn 0.615984 0.597592 0.513272
v 0.697773 0.569709 0.204450
vt 0.396017 0.439528
vn 0.376704 0.760399 0.529043
v 0.638055 0.720015 0.111033
vt 0.419526 0.439403
vn 0.356558 0.647969 0.673055
v 0.732633 0.527132 0.268416
vt 0.384913 0.440505
vn 0.267885 0.934430 0.234687
v 0.709854 0.632758 0.130289
vt 0.406161 0.432233
vn 0.496815 0.600508 0.626550
v 0.710142 0.526422 0.320404
vt 0.381396 0.447271
vn 0.292086 0.922504 0.252333
v 0.690759 0.468534 0.472270
vt 0.364343 0.463079
vn 0.407101 0.816221 0.409942
v 0.815258 0.368429 0.481054
vt 0.344301 0.447879
vn 0.546982 0.707136 0.448074
v 0.711093 0.366173 0.557188
vt 0.344004 0.469587
vn 0.512989 0.688092 0.513198
v 0.801359 0.346542 0.528233
vt 0.338748 0.455427
vn 0.369466 0.806328 0.461876
v 0.705863 0.350028 0.605978
vt 0.338244 0.474776
vn 0.325841 0.633660 0.701642
v 0.794964 0.280917 0.621064
vt 0.322082 0.464982
vn 0.412094 0.450826 0.791792
v 0.620880 0.220892 0.677172
vt 0.320478 0.498305
vn 0.016162 0.264076 0.964366
v 0.759796 0.125771 0.677317
vt 0.294577 0.479871
vn 0.134272 0.230097 0.963860
v 0.579108 0.090454 0.692289
vt 0.300069 0.517630
vn -0.007734 0.243778 0.969800
v 0.705635 0.027773 0.708331
vt 0.278839 0.497330
vn -0.022822 0.352406 0.935569
v 0.831531 0.091566 0.678364
vt 0.284316 0.467818
vn 0.113684 0.463556 0.878745
v 0.812739 0.032854 0.714099
vt 0.271172 0.475006
vn -0.049041 0.440396 0.896463
v 0.863248 0.030136 0.718711
vt 0.267967 0.465341
vn 0.136991 0.412567 0.900567
v 0.853102 0.049930 -0.807310
vt 0.503078 0.280286
vn 0.736425 0.376314 -0.562197
v 0.834384 -0.010796 -0.883358
vt 0.517048 0.269906
vn 0.675324 0.406997 -0.615054
v 0.882092 -0.045000 -0.844698
vt 0.507102 0.262214
vn 0.699866 0.231817 -0.675610
v 0.872528 -0.104957 -0.848777
vt 0.510485 0.252206
vn 0.710023 0.088644 -0.698577
v 0.896161 -0.152738 -0.827897
vt 0.506834 0.242789
vn 0.600247 0.163609 -0.782902
v 0.940942 -0.130940 -0.816232
vt 0.498373 0.245126
vn 0.599476 0.162250 -0.783775
v 0.975997 -0.227667 -0.812305
vt 0.494967 0.227800
vn 0.591723 0.459520 -0.662348
v 1.113608 -0.430075 -0.631269
vt 0.442216 0.177867
vn 0.978824 -0.071218 -0.191918
v 1.128764 -0.515884 -0.570410
vt 0.426978 0.159278
vn 0.923332 -0.093219 -0.372516
v 1.112075 -0.582530 -0.583109
vt 0.426580 0.137938
vn 0.947158 -0.099534 -0.304933
v 1.102231 -0.595611 -0.650216
vt 0.443146 0.134275
vn 0.944776 -0.017911 -0.327227
v 1.087019 -0.514232 -0.684432
vt 0.456305 0.154702
vn 0.909092 -0.137913 -0.393105
v 1.072791 -0.476215 -0.725362
vt 0.468073 0.164478
vn 0.900890 -0.280340 -0.331371
v 1.065512 -0.538547 -0.739860
vt 0.473140 0.148704
vn 0.916550 -0.199199 -0.346780
v 1.077071 -0.669805 -0.715388
vt 0.464326 0.110461
vn 0.860986 -0.093805 -0.499904
v 1.037418 -0.766002 -0.725758
vt 0.473126 0.077758
vn 0.771587 -0.375734 -0.513301
v 1.081382 -0.816876 -0.586010
vt 0.422284 0.064944
vn 0.697961 -0.655625 -0.288107
v 1.026527 -0.846963 -0.624559
vt 0.441546 0.044077
vn 0.417977 -0.890540 -0.179538
v 0.950935 -0.848456 -0.565297
vt 0.426352 0.009689
vn 0.015978 -0.999861 -0.004719
v 0.956875 -0.855956 -0.676490
vt 0.472140 0.026604
vn 0.289077 -0.924843 -0.247185
v 0.998430 -0.803766 -0.757573
vt 0.488492 0.064396
vn 0.571811 -0.476544 -0.667785
v 0.862110 0.492232 0.181983
vt 0.382159 0.418341
vn 0.559184 0.745112 0.363484
v 0.786507 0.580169 0.103028
vt 0.400749 0.422598
vn 0.576090 0.664724 0.475671
v 0.953221 0.426234 0.167726
vt 0.375306 0.405892
vn 0.580562 0.639594 0.503852
v 0.920104 0.530001 0.043118
vt 0.396233 0.404926
vn 0.403364 0.719790 0.564977
v 1.028825 0.421103 0.115668
vt 0.378841 0.392425
vn 0.392242 0.603333 0.694360
v 0.983091 0.538824 0.006585
vt 0.398539 0.395449
vn 0.055365 0.661897 0.747548
v 0.950111 0.572086 -0.014829
vt 0.404708 0.397681
vn 0.182488 0.629202 0.755516
v 0.866350 0.599616 0.000987
vt 0.407735 0.408238
vn 0.535257 0.534468 0.654098
v 0.900850 0.654885 -0.060399
vt 0.415358 0.402520
vn 0.398316 0.693999 0.599758
v 0.800478 0.660358 0.039163
vt 0.411703 0.417278
vn 0.535159 0.600882 0.593756
v 0.769818 0.697625 -0.000603
vt 0.419461 0.418505
vn 0.473598 0.772504 0.423017
v 0.743700 0.682991 0.054044
vt 0.415183 0.425088
vn 0.557422 0.644925 0.522832
v 0.691019 0.767304 -0.028369
vt 0.431002 0.425069
vn 0.559957 0.749155 0.353858
v 0.706765 0.690953 0.093745
vt 0.414939 0.431094
vn 0.564163 0.553760 0.612429
v 0.649357 0.783959 0.031615
vt 0.428944 0.432875
vn 0.410456 0.811690 0.415554
v 0.723139 0.829866 -0.154741
vt 0.442927 0.415713
vn 0.455387 0.801926 0.386702
v 0.631743 0.825790 -0.078371
vt 0.440456 0.427427
vn 0.305799 0.885898 0.348816
v 0.643256 0.844297 -0.166296
vt 0.447977 0.421236
vn 0.190807 0.904650 0.381051
v 0.554383 0.866080 -0.116383
vt 0.449972 0.432388
vn 0.379187 0.874592 0.302167
v 0.508187 0.813180 0.011241
vt 0.439894 0.442548
vn 0.507303 0.789926 0.344473
v 0.512564 0.789217 0.074595
vt 0.432859 0.448000
vn 0.505076 0.788075 0.351904
f 3/3/3 2/2/2 1/1/1
f 4/4/4 3/3/3 1/1/1
f 5/5/5 1/1/1 2/2/2
f 4/4/4 1/1/1 5/5/5
f 6/6/6 2/2/2 3/3/3
f 2/2/2 7/7/7 5/5/5
f 3/3/3 8/8/8 6/6/6
f 9/9/9 8/8/8 3/3/3
f 3/3/3 4/4/4 9/9/9
f 8/8/8 10/10/10 6/6/6
f 11/11/11 8/8/8 9/9/9
f 10/10/10 8/8/8 11/11/11
f 10/10/10 12/12/12 6/6/6
f 6/6/6 13/13/13 2/2/2
f 13/13/13 6/6/6 12/12/12
f 13/13/13 14/14/14 2/2/2
f 14/14/14 7/7/7 2/2/2
f 12/12/12 15/15/15 13/13/13
f 12/12/12 10/10/10 15/15/15
f 13/13/13 16/16/16 14/14/14
f 16/16/16 13/13/13 15/15/15
f 14/14/14 17/17/17 7/7/7
f 18/18/18 17/17/17 14/14/14
f 18/18/18 7/7/7 17/17/17
f 16/16/16 18/18/18 14/14/14
f 18/18/18 19/19/19 7/7/7
f 20/20/20 18/18/18 16/16/16
f 21/21/21 7/7/7 19/19/19
f 22/22/22 20/20/20 16/16/16
f 16/16/16 23/23/23 22/22/22
f 15/15/15 23/23/23 16/16/16
f 23/23/23 24/24/24 22/22/22
f 22/22/22 24/24/24 20/20/20
f 25/25/25 23/23/23 15/15/15
f 25/25/25 24/24/24 23/23/23
f 21/21/21 26/26/26 7/7/7
f 26/26/26 5/5/5 7/7/7
f 26/26/26 27/27/27 5/5/5
f 4/4/4 5/5/5 27/27/27
f 26/26/26 21/21/21 28/28/28
f 29/29/29 27/27/27 26/26/26
f 29/29/29 26/26/26 28/28/28
f 30/30/30 4/4/4 27/27/27
f 30/30/30 27/27/27 31/31/31
f 29/29/29 31/31/31 27/27/27
f 32/32/32 4/4/4 30/30/30
f 33/33/33 30/30/30 31/31/31
f 33/33/33 32/32/32 30/30/30
f 29/29/29 34/34/34 31/31/31
f 34/34/34 33/33/33 31/31/31
f 35/35/35 4/4/4 32/32/32
f 35/35/35 9/9/9 4/4/4
f 35/35/35 11/11/11 9/9/9
f 35/35/35 32/32/32 36/36/36
f 37/37/37 11/11/11 35/35/35
f 37/37/37 35/35/35 36/36/36
f 32/32/32 38/38/38 36/36/36
f 38/38/38 32/32/32 33/33/33
f 39/39/39 36/36/36 38/38/38
f 40/40/40 38/38/38 33/33/33
f 39/39/39 38/38/38 40/40/40
f 41/41/41 33/33/33 34/34/34
f 41/41/41 34/34/34 29/29/29
f 42/42/42 40/40/40 33/33/33
f 43/43/43 33/33/33 41/41/41
f 33/33/33 43/43/43 42/42/42
f 44/44/44 43/43/43 41/41/41
f 29/29/29 45/45/45 41/41/41
f 44/44/44 41/41/41 45/45/45
f 46/46/46 45/45/45 29/29/29
f 44/44/44 45/45/45 46/46/46
f 47/47/47 46/46/46 29/29/29
f 48/48/48 43/43/43 44/44/44
f 49/49/49 43/43/43 48/48/48
f 42/42/42 43/43/43 49/49/49
f 50/50/50 48/48/48 44/44/44
f 48/48/48 51/51/51 49/49/49
f 51/51/51 48/48/48 50/50/50
f 52/52/52 50/50/50 44/44/44
f 44/44/44 46/46/46 52/52/52
f 53/53/53 50/50/50 52/52/52
f 51/51/51 50/50/50 53/53/53
f 52/52/52 46/46/46 54/54/54
f 46/46/46 47/47/47 54/54/54
f 52/52/52 55/55/55 53/53/53
f 54/54/54 55/55/55 52/52/52
f 53/53/53 55/55/55 56/56/56
f 56/56/56 51/51/51 53/53/53
f 55/55/55 54/54/54 57/57/57
f 56/56/56 55/55/55 58/58/58
f 58/58/58 55/55/55 57/57/57
f 51/51/51 56/56/56 59/59/59
f 59/59/59 56/56/56 58/58/58
f 59/59/59 60/60/60 51/51/51
f 59/59/59 58/58/58 61/61/61
f 62/62/62 49/49/49 51/51/51
f 60/60/60 62/62/62 51/51/51
f 49/49/49 62/62/62 42/42/42
f 59/59/59 63/63/63 60/60/60
f 59/59/59 61/61/61 63/63/63
f 64/64/64 62/62/62 60/60/60
f 42/42/42 62/62/62 65/65/65
f 64/64/64 65/65/65 62/62/62
f 66/66/66 42/42/42 65/65/65
f 67/67/67 66/66/66 65/65/65
f 67/67/67 65/65/65 64/64/64
f 66/66/66 68/68/68 42/42/42
f 40/40/40 42/42/42 68/68/68
f 68/68/68 39/39/39 40/40/40
f 69/69/69 68/68/68 66/66/66
f 66/66/66 67/67/67 69/69/69
f 69/69/69 70/70/70 68/68/68
f 39/39/39 68/68/68 70/70/70
f 71/71/71 69/69/69 67/67/67
f 72/72/72 70/70/70 69/69/69
f 71/71/71 72/72/72 69/69/69
f 73/73/73 70/70/70 72/72/72
f 74/74/74 72/72/72 71/71/71
f 39/39/39 70/70/70 75/75/75
f 73/73/73 75/75/75 70/70/70
f 75/75/75 76/76/76 39/39/39
f 77/77/77 73/73/73 72/72/72
f 74/74/74 77/77/77 72/72/72
f 78/78/78 75/75/75 73/73/73
f 75/75/75 78/78/78 76/76/76
f 79/79/79 73/73/73 77/77/77
f 73/73/73 80/80/80 78/78/78
f 80/80/80 73/73/73 79/79/79
f 80/80/80 81/81/81 78/78/78
f 78/78/78 81/81/81 76/76/76
f 80/80/80 82/82/82 81/81/81
f 83/83/83 39/39/39 76/76/76
f 84/84/84 39/39/39 83/83/83
f 36/36/36 39/39/39 84/84/84
f 83/83/83 76/76/76 85/85/85
f 83/83/83 85/85/85 84/84/84
f 37/37/37 36/36/36 84/84/84
f 85/85/85 37/37/37 84/84/84
f 86/86/86 76/76/76 81/81/81
f 76/76/76 86/86/86 85/85/85
f 81/81/81 87/87/87 86/86/86
f 87/87/87 81/81/81 82/82/82
f 85/85/85 86/86/86 88/88/88
f 37/37/37 85/85/85 89/89/89
f 85/85/85 88/88/88 89/89/89
f 86/86/86 87/87/87 90/90/90
f 86/86/86 90/90/90 88/88/88
f 87/87/87 91/91/91 90/90/90
f 90/90/90 91/91/91 88/88/88
f 87/87/87 92/92/92 91/91/91
f 91/91/91 93/93/93 88/88/88
f 91/91/91 92/92/92 93/93/93
f 88/88/88 94/94/94 89/89/89
f 94/94/94 37/37/37 89/89/89
f 88/88/88 93/93/93 94/94/94
f 37/37/37 94/94/94 95/95/95
f 93/93/93 96/96/96 94/94/94
f 94/94/94 96/96/96 95/95/95
f 93/93/93 97/97/97 96/96/96
f 93/93/93 98/98/98 97/97/97
f 92/92/92 98/98/98 93/93/93
f 96/96/96 97/97/97 99/99/99
f 97/97/97 98/98/98 100/100/100
f 99/99/99 97/97/97 100/100/100
f 100/100/100 98/98/98 101/101/101
f 92/92/92 102/102/102 98/98/98
f 98/98/98 102/102/102 101/101/101
f 100/100/100 101/101/101 103/103/103
f 103/103/103 99/99/99 100/100/100
f 104/104/104 103/103/103 101/101/101
f 101/101/101 102/102/102 104/104/104
f 103/103/103 105/105/105 99/99/99
f 105/105/105 103/103/103 104/104/104
f 96/96/96 99/99/99 106/106/106
f 95/95/95 96/96/96 106/106/106
f 105/105/105 107/107/107 99/99/99
f 107/107/107 106/106/106 99/99/99
f 107/107/107 105/105/105 108/108/108
f 106/106/106 107/107/107 108/108/108
f 104/104/104 109/109/109 105/105/105
f 109/109/109 110/110/110 105/105/105
f 105/105/105 110/110/110 108/108/108
f 111/111/111 109/109/109 104/104/104
f 109/109/109 112/112/112 110/110/110
f 111/111/111 112/112/112 109/109/109
f 113/113/113 111/111/111 104/104/104
f 113/113/113 104/104/104 102/102/102
f 110/110/110 114/114/114 108/108/108
f 114/114/114 110/110/110 112/112/112
f 115/115/115 108/108/108 114/114/114
f 112/112/112 111/111/111 116/116/116
f 113/113/113 116/116/116 111/111/111
f 112/112/112 117/117/117 114/114/114
f 115/115/115 118/118/118 108/108/108
f 106/106/106 108/108/108 118/118/118
f 106/106/106 118/118/118 119/119/119
f 119/119/119 95/95/95 106/106/106
f 118/118/118 120/120/120 119/119/119
f 120/120/120 118/118/118 115/115/115
f 95/95/95 119/119/119 121/121/121
f 115/115/115 114/114/114 122/122/122
f 117/117/117 122/122/122 114/114/114
f 123/123/123 120/120/120 115/115/115
f 120/120/120 124/124/124 119/119/119
f 120/120/120 123/123/123 124/124/124
f 124/124/124 125/125/125 119/119/119
f 119/119/119 125/125/125 121/121/121
f 126/126/126 124/124/124 123/123/123
f 126/126/126 125/125/125 124/124/124
f 115/115/115 127/127/127 123/123/123
f 128/128/128 115/115/115 122/122/122
f 128/128/128 127/127/127 115/115/115
f 127/127/127 129/129/129 123/123/123
f 123/123/123 129/129/129 126/126/126
f 128/128/128 130/130/130 127/127/127
f 129/129/129 127/127/127 130/130/130
f 131/131/131 128/128/128 122/122/122
f 122/122/122 117/117/117 131/131/131
f 132/132/132 130/130/130 128/128/128
f 131/131/131 132/132/132 128/128/128
f 130/130/130 132/132/132 133/133/133
f 126/126/126 129/129/129 134/134/134
f 126/126/126 134/134/134 135/135/135
f 125/125/125 126/126/126 135/135/135
f 129/129/129 136/136/136 134/134/134
f 135/135/135 134/134/134 136/136/136
f 130/130/130 137/137/137 129/129/129
f 130/130/130 133/133/133 137/137/137
f 136/136/136 129/129/129 138/138/138
f 129/129/129 137/137/137 138/138/138
f 135/135/135 136/136/136 139/139/139
f 138/138/138 139/139/139 136/136/136
f 125/125/125 135/135/135 25/25/25
f 121/121/121 125/125/125 25/25/25
f 24/24/24 135/135/135 139/139/139
f 25/25/25 135/135/135 24/24/24
f 24/24/24 139/139/139 140/140/140
f 141/141/141 140/140/140 139/139/139
f 138/138/138 141/141/141 139/139/139
f 140/140/140 142/142/142 24/24/24
f 24/24/24 142/142/142 20/20/20
f 143/143/143 142/142/142 140/140/140
f 141/141/141 143/143/143 140/140/140
f 20/20/20 142/142/142 144/144/144
f 144/144/144 142/142/142 145/145/145
f 145/145/145 142/142/142 143/143/143
f 20/20/20 144/144/144 146/146/146
f 146/146/146 144/144/144 145/145/145
f 146/146/146 147/147/147 20/20/20
f 20/20/20 147/147/147 18/18/18
f 148/148/148 18/18/18 147/147/147
f 19/19/19 18/18/18 148/148/148
f 148/148/148 149/149/149 19/19/19
f 19/19/19 149/149/149 21/21/21
f 150/150/150 21/21/21 149/149/149
f 21/21/21 150/150/150 28/28/28
f 148/148/148 151/151/151 149/149/149
f 151/151/151 150/150/150 149/149/149
f 148/148/148 147/147/147 152/152/152
f 148/148/148 152/152/152 151/151/151
f 152/152/152 147/147/147 153/153/153
f 147/147/147 146/146/146 153/153/153
f 152/152/152 153/153/153 154/154/154
f 155/155/155 151/151/151 152/152/152
f 152/152/152 154/154/154 155/155/155
f 153/153/153 156/156/156 154/154/154
f 156/156/156 155/155/155 154/154/154
f 153/153/153 146/146/146 157/157/157
f 156/156/156 153/153/153 157/157/157
f 146/146/146 145/145/145 157/157/157
f 155/155/155 158/158/158 151/151/151
f 150/150/150 151/151/151 158/158/158
f 155/155/155 156/156/156 159/159/159
f 156/156/156 157/157/157 159/159/159
f 157/157/157 145/145/145 160/160/160
f 159/159/159 157/157/157 160/160/160
f 160/160/160 145/145/145 161/161/161
f 159/159/159 160/160/160 161/161/161
f 159/159/159 162/162/162 155/155/155
f 158/158/158 155/155/155 162/162/162
f 162/162/162 159/159/159 163/163/163
f 163/163/163 159/159/159 161/161/161
f 158/158/158 162/162/162 164/164/164
f 165/165/165 161/161/161 145/145/145
f 165/165/165 145/145/145 143/143/143
f 166/166/166 165/165/165 143/143/143
f 143/143/143 167/167/167 166/166/166
f 143/143/143 141/141/141 167/167/167
f 165/165/165 166/166/166 168/168/168
f 168/168/168 166/166/166 167/167/167
f 169/169/169 161/161/161 165/165/165
f 165/165/165 168/168/168 169/169/169
f 161/161/161 169/169/169 170/170/170
f 169/169/169 171/171/171 170/170/170
f 169/169/169 172/172/172 171/171/171
f 173/173/173 161/161/161 170/170/170
f 173/173/173 170/170/170 174/174/174
f 174/174/174 175/175/175 173/173/173
f 161/161/161 173/173/173 163/163/163
f 173/173/173 175/175/175 163/163/163
f 176/176/176 163/163/163 175/175/175
f 177/177/177 163/163/163 176/176/176
f 163/163/163 177/177/177 162/162/162
f 178/178/178 177/177/177 176/176/176
f 179/179/179 177/177/177 178/178/178
f 164/164/164 162/162/162 177/177/177
f 177/177/177 179/179/179 164/164/164
f 180/180/180 164/164/164 179/179/179
f 180/180/180 179/179/179 181/181/181
f 182/182/182 180/180/180 181/181/181
f 182/182/182 183/183/183 180/180/180
f 180/180/180 184/184/184 164/164/164
f 185/185/185 180/180/180 183/183/183
f 185/185/185 184/184/184 180/180/180
f 186/186/186 164/164/164 184/184/184
f 186/186/186 158/158/158 164/164/164
f 187/187/187 184/184/184 185/185/185
f 187/187/187 186/186/186 184/184/184
f 183/183/183 188/188/188 185/185/185
f 188/188/188 187/187/187 185/185/185
f 189/189/189 158/158/158 186/186/186
f 158/158/158 189/189/189 150/150/150
f 190/190/190 186/186/186 187/187/187
f 189/189/189 186/186/186 191/191/191
f 150/150/150 189/189/189 191/191/191
f 191/191/191 186/186/186 190/190/190
f 192/192/192 190/190/190 187/187/187
f 192/192/192 191/191/191 190/190/190
f 193/193/193 192/192/192 187/187/187
f 193/193/193 187/187/187 188/188/188
f 194/194/194 191/191/191 192/192/192
f 191/191/191 194/194/194 150/150/150
f 195/195/195 192/192/192 193/193/193
f 195/195/195 194/194/194 192/192/192
f 150/150/150 194/194/194 196/196/196
f 150/150/150 196/196/196 28/28/28
f 194/194/194 197/197/197 196/196/196
f 194/194/194 195/195/195 197/197/197
f 28/28/28 196/196/196 198/198/198
f 198/198/198 196/196/196 197/197/197
f 28/28/28 198/198/198 29/29/29
f 47/47/47 29/29/29 198/198/198
f 197/197/197 199/199/199 198/198/198
f 47/47/47 198/198/198 199/199/199
f 199/199/199 197/197/197 195/195/195
f 199/199/199 200/200/200 47/47/47
f 199/199/199 195/195/195 200/200/200
f 201/201/201 47/47/47 200/200/200
f 54/54/54 47/47/47 201/201/201
f 57/57/57 54/54/54 201/201/201
f 201/201/201 200/200/200 202/202/202
f 201/201/201 202/202/202 57/57/57
f 203/203/203 200/200/200 195/195/195
f 57/57/57 202/202/202 204/204/204
f 202/202/202 200/200/200 205/205/205
f 205/205/205 200/200/200 203/203/203
f 204/204/204 202/202/202 206/206/206
f 207/207/207 203/203/203 195/195/195
f 195/195/195 193/193/193 207/207/207
f 208/208/208 202/202/202 205/205/205
f 206/206/206 202/202/202 208/208/208
f 203/203/203 209/209/209 205/205/205
f 208/208/208 205/205/205 209/209/209
f 203/203/203 207/207/207 210/210/210
f 210/210/210 209/209/209 203/203/203
f 207/207/207 193/193/193 211/211/211
f 193/193/193 188/188/188 211/211/211
f 212/212/212 208/208/208 209/209/209
f 212/212/212 209/209/209 210/210/210
f 211/211/211 213/213/213 207/207/207
f 207/207/207 213/213/213 210/210/210
f 211/211/211 188/188/188 214/214/214
f 214/214/214 213/213/213 211/211/211
f 215/215/215 208/208/208 212/212/212
f 215/215/215 212/212/212 210/210/210
f 210/210/210 213/213/213 216/216/216
f 210/210/210 216/216/216 215/215/215
f 216/216/216 213/213/213 217/217/217
f 208/208/208 215/215/215 218/218/218
f 218/218/218 206/206/206 208/208/208
f 219/219/219 215/215/215 216/216/216
f 217/217/217 213/213/213 220/220/220
f 213/213/213 214/214/214 220/220/220
f 221/221/221 216/216/216 217/217/217
f 219/219/219 216/216/216 221/221/221
f 222/222/222 217/217/217 220/220/220
f 223/223/223 222/222/222 220/220/220
f 220/220/220 214/214/214 223/223/223
f 224/224/224 217/217/217 222/222/222
f 223/223/223 214/214/214 225/225/225
f 226/226/226 217/217/217 224/224/224
f 227/227/227 225/225/225 214/214/214
f 225/225/225 227/227/227 228/228/228
f 214/214/214 229/229/229 227/227/227
f 228/228/228 227/227/227 229/229/229
f 214/214/214 188/188/188 229/229/229
f 228/228/228 229/229/229 230/230/230
f 188/188/188 183/183/183 229/229/229
f 183/183/183 230/230/230 229/229/229
f 217/217/217 226/226/226 231/231/231
f 231/231/231 221/221/221 217/217/217
f 231/231/231 226/226/226 232/232/232
f 231/231/231 233/233/233 221/221/221
f 231/231/231 232/232/232 234/234/234
f 234/234/234 232/232/232 235/235/235
f 236/236/236 234/234/234 235/235/235
f 237/237/237 234/234/234 236/236/236
f 237/237/237 238/238/238 234/234/234
f 231/231/231 239/239/239 233/233/233
f 239/239/239 231/231/231 234/234/234
f 233/233/233 239/239/239 234/234/234
f 221/221/221 233/233/233 219/219/219
f 240/240/240 234/234/234 238/238/238
f 240/240/240 238/238/238 241/241/241
f 242/242/242 233/233/233 234/234/234
f 240/240/240 242/242/242 234/234/234
f 233/233/233 243/243/243 219/219/219
f 243/243/243 233/233/233 242/242/242
f 244/244/244 240/240/240 241/241/241
f 245/245/245 244/244/244 241/241/241
f 247/247/247 245/245/245 246/246/246
f 245/245/245 247/247/247 244/244/244
f 248/248/248 244/244/244 247/247/247
f 244/244/244 248/248/248 249/249/249
f 250/250/250 242/242/242 240/240/240
f 251/251/251 240/240/240 244/244/244
f 240/240/240 251/251/251 250/250/250
f 250/250/250 252/252/252 242/242/242
f 250/250/250 251/251/251 253/253/253
f 253/253/253 252/252/252 250/250/250
f 252/252/252 254/254/254 242/242/242
f 242/242/242 254/254/254 243/243/243
f 253/253/253 255/255/255 252/252/252
f 251/251/251 244/244/244 256/256/256
f 257/257/257 253/253/253 251/251/251
f 257/257/257 251/251/251 256/256/256
f 257/257/257 258/258/258 253/253/253
f 255/255/255 253/253/253 258/258/258
f 259/259/259 257/257/257 256/256/256
f 258/258/258 257/257/257 259/259/259
f 244/244/244 260/260/260 256/256/256
f 244/244/244 249/249/249 260/260/260
f 261/261/261 256/256/256 260/260/260
f 259/259/259 256/256/256 261/261/261
f 249/249/249 262/262/262 260/260/260
f 263/263/263 262/262/262 249/249/249
f 262/262/262 263/263/263 264/264/264
f 262/262/262 264/264/264 265/265/265
f 266/266/266 260/260/260 262/262/262
f 266/266/266 261/261/261 260/260/260
f 267/267/267 262/262/262 265/265/265
f 267/267/267 266/266/266 262/262/262
f 268/268/268 267/267/267 265/265/265
f 261/261/261 266/266/266 269/269/269
f 269/269/269 266/266/266 267/267/267
f 270/270/270 269/269/269 267/267/267
f 267/267/267 268/268/268 270/270/270
f 271/271/271 268/268/268 265/265/265
f 268/268/268 271/271/271 270/270/270
f 271/271/271 265/265/265 272/272/272
f 272/272/272 273/273/273 271/271/271
f 274/274/274 271/271/271 273/273/273
f 275/275/275 271/271/271 274/274/274
f 275/275/275 274/274/274 276/276/276
f 275/275/275 277/277/277 271/271/271
f 278/278/278 275/275/275 276/276/276
f 277/277/277 275/275/275 278/278/278
f 278/278/278 276/276/276 279/279/279
f 278/278/278 279/279/279 280/280/280
f 280/280/280 279/279/279 281/281/281
f 278/278/278 280/280/280 282/282/282
f 282/282/282 277/277/277 278/278/278
f 280/280/280 281/281/281 283/283/283
f 283/283/283 282/282/282 280/280/280
f 283/283/283 281/281/281 284/284/284
f 285/285/285 283/283/283 284/284/284
f 285/285/285 282/282/282 283/283/283
f 284/284/284 286/286/286 285/285/285
f 285/285/285 286/286/286 287/287/287
f 287/287/287 286/286/286 288/288/288
f 287/287/287 288/288/288 289/289/289
f 287/287/287 290/290/290 285/285/285
f 287/287/287 289/289/289 291/291/291
f 290/290/290 287/287/287 291/291/291
f 292/292/292 285/285/285 290/290/290
f 282/282/282 285/285/285 292/292/292
f 290/290/290 291/291/291 293/293/293
f 294/294/294 292/292/292 290/290/290
f 294/294/294 290/290/290 293/293/293
f 295/295/295 282/282/282 292/292/292
f 294/294/294 295/295/295 292/292/292
f 289/289/289 296/296/296 291/291/291
f 296/296/296 289/289/289 297/297/297
f 298/298/298 296/296/296 297/297/297
f 296/296/296 299/299/299 291/291/291
f 299/299/299 293/293/293 291/291/291
f 300/300/300 296/296/296 298/298/298
f 296/296/296 300/300/300 299/299/299
f 300/300/300 298/298/298 301/301/301
f 301/301/301 298/298/298 302/302/302
f 303/303/303 301/301/301 302/302/302
f 300/300/300 301/301/301 303/303/303
f 304/304/304 303/303/303 302/302/302
f 305/305/305 303/303/303 304/304/304
f 305/305/305 304/304/304 306/306/306
f 307/307/307 303/303/303 305/305/305
f 307/307/307 305/305/305 306/306/306
f 303/303/303 307/307/307 300/300/300
f 308/308/308 307/307/307 306/306/306
f 309/309/309 299/299/299 300/300/300
f 309/309/309 293/293/293 299/299/299
f 310/310/310 300/300/300 307/307/307
f 309/309/309 300/300/300 310/310/310
f 311/311/311 307/307/307 308/308/308
f 311/311/311 308/308/308 312/312/312
f 309/309/309 313/313/313 293/293/293
f 313/313/313 309/309/309 310/310/310
f 314/314/314 293/293/293 313/313/313
f 310/310/310 307/307/307 315/315/315
f 311/311/311 315/315/315 307/307/307
f 310/310/310 316/316/316 313/313/313
f 317/317/317 310/310/310 315/315/315
f 317/317/317 316/316/316 310/310/310
f 311/311/311 318/318/318 315/315/315
f 317/317/317 315/315/315 318/318/318
f 319/319/319 311/311/311 312/312/312
f 319/319/319 312/312/312 320/320/320
f 321/321/321 319/319/319 320/320/320
f 322/322/322 311/311/311 319/319/319
f 318/318/318 311/311/311 322/322/322
f 323/323/323 319/319/319 321/321/321
f 322/322/322 319/319/319 323/323/323
f 321/321/321 324/324/324 323/323/323
f 325/325/325 323/323/323 324/324/324
f 326/326/326 325/325/325 324/324/324
f 322/322/322 323/323/323 327/327/327
f 327/327/327 323/323/323 325/325/325
f 328/328/328 318/318/318 322/322/322
f 322/322/322 327/327/327 328/328/328
f 329/329/329 318/318/318 328/328/328
f 329/329/329 317/317/317 318/318/318
f 325/325/325 326/326/326 330/330/330
f 330/330/330 326/326/326 331/331/331
f 330/330/330 331/331/331 332/332/332
f 330/330/330 332/332/332 333/333/333
f 330/330/330 333/333/333 334/334/334
f 334/334/334 333/333/333 335/335/335
f 325/325/325 330/330/330 336/336/336
f 330/330/330 334/334/334 336/336/336
f 325/325/325 336/336/336 337/337/337
f 337/337/337 327/327/327 325/325/325
f 338/338/338 336/336/336 334/334/334
f 337/337/337 336/336/336 338/338/338
f 339/339/339 338/338/338 334/334/334
f 337/337/337 338/338/338 339/339/339
f 335/335/335 340/340/340 334/334/334
f 340/340/340 335/335/335 341/341/341
f 340/340/340 341/341/341 342/342/342
f 340/340/340 342/342/342 343/343/343
f 334/334/334 340/340/340 344/344/344
f 344/344/344 340/340/340 343/343/343
f 334/334/334 344/344/344 339/339/339
f 345/345/345 344/344/344 343/343/343
f 339/339/339 344/344/344 345/345/345
f 346/346/346 345/345/345 343/343/343
f 346/346/346 347/347/347 345/345/345
f 347/347/347 346/346/346 348/348/348
f 347/347/347 348/348/348 349/349/349
f 349/349/349 348/348/348 350/350/350
f 349/349/349 350/350/350 351/351/351
f 349/349/349 351/351/351 352/352/352
f 352/352/352 351/351/351 353/353/353
f 352/352/352 353/353/353 354/354/354
f 354/354/354 353/353/353 355/355/355
f 354/354/354 355/355/355 356/356/356
f 354/354/354 357/357/357 352/352/352
f 358/358/358 354/354/354 356/356/356
f 357/357/357 354/354/354 358/358/358
f 359/359/359 349/349/349 352/352/352
f 357/357/357 359/359/359 352/352/352
f 359/359/359 360/360/360 349/349/349
f 360/360/360 347/347/347 349/349/349
f 361/361/361 359/359/359 357/357/357
f 359/359/359 361/361/361 360/360/360
f 360/360/360 362/362/362 347/347/347
f 363/363/363 347/347/347 362/362/362
f 363/363/363 345/345/345 347/347/347
f 360/360/360 364/364/364 362/362/362
f 361/361/361 364/364/364 360/360/360
f 365/365/365 363/363/363 362/362/362
f 363/363/363 365/365/365 345/345/345
f 366/366/366 345/345/345 365/365/365
f 365/365/365 362/362/362 367/367/367
f 366/366/366 365/365/365 367/367/367
f 366/366/366 368/368/368 345/345/345
f 367/367/367 368/368/368 366/366/366
f 345/345/345 368/368/368 339/339/339
f 364/364/364 369/369/369 362/362/362
f 362/362/362 369/369/369 367/367/367
f 369/369/369 364/364/364 370/370/370
f 370/370/370 364/364/364 361/361/361
f 367/367/367 369/369/369 371/371/371
f 370/370/370 371/371/371 369/369/369
f 367/367/367 371/371/371 372/372/372
f 373/373/373 367/367/367 372/372/372
f 373/373/373 368/368/368 367/367/367
f 371/371/371 374/374/374 372/372/372
f 371/371/371 370/370/370 375/375/375
f 375/375/375 374/374/374 371/371/371
f 370/370/370 376/376/376 375/375/375
f 370/370/370 361/361/361 377/377/377
f 370/370/370 377/377/377 376/376/376
f 361/361/361 378/378/378 377/377/377
f 361/361/361 379/379/379 378/378/378
f 379/379/379 361/361/361 357/357/357
f 380/380/380 377/377/377 378/378/378
f 380/380/380 378/378/378 379/379/379
f 379/379/379 357/357/357 381/381/381
f 380/380/380 379/379/379 381/381/381
f 381/381/381 357/357/357 358/358/358
f 382/382/382 377/377/377 380/380/380
f 376/376/376 377/377/377 382/382/382
f 381/381/381 383/383/383 380/380/380
f 381/381/381 358/358/358 383/383/383
f 382/382/382 380/380/380 383/383/383
f 384/384/384 383/383/383 358/358/358
f 383/383/383 385/385/385 382/382/382
f 386/386/386 382/382/382 385/385/385
f 382/382/382 386/386/386 387/387/387
f 376/376/376 382/382/382 387/387/387
f 386/386/386 388/388/388 387/387/387
f 386/386/386 385/385/385 388/388/388
f 389/389/389 376/376/376 387/387/387
f 387/387/387 388/388/388 389/389/389
f 389/389/389 390/390/390 376/376/376
f 391/391/391 376/376/376 390/390/390
f 375/375/375 376/376/376 391/391/391
f 389/389/389 392/392/392 390/390/390
f 391/391/391 390/390/390 392/392/392
f 374/374/374 375/375/375 391/391/391
f 392/392/392 389/389/389 393/393/393
f 392/392/392 394/394/394 391/391/391
f 392/392/392 393/393/393 395/395/395
f 395/395/395 394/394/394 392/392/392
f 396/396/396 391/391/391 394/394/394
f 396/396/396 374/374/374 391/391/391
f 397/397/397 396/396/396 394/394/394
f 397/397/397 394/394/394 395/395/395
f 374/374/374 396/396/396 398/398/398
f 397/397/397 399/399/399 396/396/396
f 398/398/398 396/396/396 399/399/399
f 399/399/399 397/397/397 400/400/400
f 395/395/395 400/400/400 397/397/397
f 401/401/401 398/398/398 399/399/399
f 400/400/400 401/401/401 399/399/399
f 398/398/398 402/402/402 374/374/374
f 402/402/402 372/372/372 374/374/374
f 372/372/372 402/402/402 373/373/373
f 403/403/403 402/402/402 398/398/398
f 373/373/373 402/402/402 404/404/404
f 404/404/404 402/402/402 403/403/403
f 398/398/398 405/405/405 403/403/403
f 405/405/405 398/398/398 401/401/401
f 406/406/406 403/403/403 405/405/405
f 404/404/404 403/403/403 406/406/406
f 407/407/407 373/373/373 404/404/404
f 408/408/408 406/406/406 405/405/405
f 401/401/401 408/408/408 405/405/405
f 404/404/404 406/406/406 409/409/409
f 407/407/407 410/410/410 373/373/373
f 373/373/373 410/410/410 368/368/368
f 407/407/407 404/404/404 411/411/411
f 407/407/407 411/411/411 410/410/410
f 404/404/404 409/409/409 411/411/411
f 412/412/412 368/368/368 410/410/410
f 411/411/411 412/412/412 410/410/410
f 409/409/409 413/413/413 411/411/411
f 411/411/411 413/413/413 412/412/412
f 409/409/409 406/406/406 414/414/414
f 414/414/414 406/406/406 408/408/408
f 413/413/413 409/409/409 414/414/414
f 368/368/368 412/412/412 415/415/415
f 368/368/368 415/415/415 339/339/339
f 415/415/415 337/337/337 339/339/339
f 416/416/416 337/337/337 415/415/415
f 416/416/416 415/415/415 412/412/412
f 327/327/327 337/337/337 416/416/416
f 412/412/412 417/417/417 416/416/416
f 417/417/417 327/327/327 416/416/416
f 413/413/413 417/417/417 412/412/412
f 418/418/418 413/413/413 414/414/414
f 419/419/419 414/414/414 408/408/408
f 419/419/419 418/418/418 414/414/414
f 420/420/420 419/419/419 408/408/408
f 421/421/421 413/413/413 418/418/418
f 421/421/421 417/417/417 413/413/413
f 418/418/418 419/419/419 422/422/422
f 422/422/422 419/419/419 420/420/420
f 421/421/421 418/418/418 423/423/423
f 423/423/423 418/418/418 422/422/422
f 420/420/420 408/408/408 401/401/401
f 423/423/423 422/422/422 424/424/424
f 425/425/425 421/421/421 423/423/423
f 424/424/424 425/425/425 423/423/423
f 425/425/425 426/426/426 421/421/421
f 421/421/421 426/426/426 417/417/417
f 424/424/424 427/427/427 425/425/425
f 426/426/426 425/425/425 427/427/427
f 422/422/422 428/428/428 424/424/424
f 428/428/428 422/422/422 420/420/420
f 424/424/424 429/429/429 427/427/427
f 424/424/424 428/428/428 429/429/429
f 426/426/426 427/427/427 430/430/430
f 431/431/431 417/417/417 426/426/426
f 426/426/426 430/430/430 431/431/431
f 431/431/431 432/432/432 417/417/417
f 327/327/327 417/417/417 432/432/432
f 432/432/432 328/328/328 327/327/327
f 433/433/433 432/432/432 431/431/431
f 430/430/430 433/433/433 431/431/431
f 329/329/329 328/328/328 432/432/432
f 432/432/432 433/433/433 329/329/329
f 433/433/433 430/430/430 329/329/329
f 329/329/329 430/430/430 434/434/434
f 434/434/434 430/430/430 427/427/427
f 434/434/434 317/317/317 329/329/329
f 435/435/435 434/434/434 427/427/427
f 317/317/317 434/434/434 435/435/435
f 429/429/429 435/435/435 427/427/427
f 317/317/317 435/435/435 316/316/316
f 435/435/435 436/436/436 316/316/316
f 313/313/313 316/316/316 436/436/436
f 313/313/313 436/436/436 314/314/314
f 437/437/437 436/436/436 435/435/435
f 437/437/437 435/435/435 429/429/429
f 438/438/438 436/436/436 437/437/437
f 314/314/314 436/436/436 438/438/438
f 437/437/437 429/429/429 439/439/439
f 438/438/438 437/437/437 439/439/439
f 440/440/440 439/439/439 429/429/429
f 441/441/441 440/440/440 429/429/429
f 440/440/440 441/441/441 439/439/439
f 429/429/429 428/428/428 441/441/441
f 438/438/438 439/439/439 442/442/442
f 439/439/439 441/441/441 442/442/442
f 314/314/314 438/438/438 443/443/443
f 442/442/442 441/441/441 444/444/444
f 428/428/428 444/444/444 441/441/441
f 445/445/445 438/438/438 442/442/442
f 445/445/445 443/443/443 438/438/438
f 445/445/445 442/442/442 446/446/446
f 444/444/444 446/446/446 442/442/442
f 443/443/443 445/445/445 447/447/447
f 443/443/443 447/447/447 314/314/314
f 445/445/445 448/448/448 447/447/447
f 446/446/446 448/448/448 445/445/445
f 447/447/447 294/294/294 314/314/314
f 314/314/314 294/294/294 293/293/293
f 448/448/448 449/449/449 447/447/447
f 294/294/294 447/447/447 449/449/449
f 448/448/448 446/446/446 450/450/450
f 451/451/451 294/294/294 449/449/449
f 449/449/449 448/448/448 452/452/452
f 450/450/450 452/452/452 448/448/448
f 294/294/294 451/451/451 295/295/295
f 453/453/453 451/451/451 449/449/449
f 453/453/453 295/295/295 451/451/451
f 452/452/452 454/454/454 449/449/449
f 454/454/454 452/452/452 450/450/450
f 454/454/454 453/453/453 449/449/449
f 450/450/450 446/446/446 455/455/455
f 455/455/455 446/446/446 456/456/456
f 444/444/444 456/456/456 446/446/446
f 457/457/457 450/450/450 455/455/455
f 455/455/455 456/456/456 458/458/458
f 457/457/457 455/455/455 458/458/458
f 459/459/459 450/450/450 457/457/457
f 454/454/454 450/450/450 459/459/459
f 460/460/460 457/457/457 458/458/458
f 457/457/457 460/460/460 459/459/459
f 458/458/458 456/456/456 461/461/461
f 460/460/460 458/458/458 461/461/461
f 456/456/456 462/462/462 461/461/461
f 462/462/462 456/456/456 444/444/444
f 444/444/444 463/463/463 462/462/462
f 463/463/463 444/444/444 428/428/428
f 461/461/461 462/462/462 464/464/464
f 462/462/462 463/463/463 464/464/464
f 460/460/460 461/461/461 465/465/465
f 465/465/465 461/461/461 464/464/464
f 463/463/463 428/428/428 466/466/466
f 466/466/466 428/428/428 420/420/420
f 464/464/464 463/463/463 467/467/467
f 466/466/466 467/467/467 463/463/463
f 467/467/467 468/468/468 464/464/464
f 468/468/468 465/465/465 464/464/464
f 467/467/467 469/469/469 468/468/468
f 465/465/465 468/468/468 469/469/469
f 466/466/466 470/470/470 467/467/467
f 470/470/470 469/469/469 467/467/467
f 466/466/466 420/420/420 471/471/471
f 471/471/471 470/470/470 466/466/466
f 401/401/401 471/471/471 420/420/420
f 470/470/470 472/472/472 469/469/469
f 465/465/465 469/469/469 472/472/472
f 470/470/470 471/471/471 473/473/473
f 471/471/471 401/401/401 473/473/473
f 472/472/472 470/470/470 474/474/474
f 474/474/474 470/470/470 473/473/473
f 401/401/401 475/475/475 473/473/473
f 401/401/401 400/400/400 475/475/475
f 476/476/476 474/474/474 473/473/473
f 473/473/473 475/475/475 476/476/476
f 475/475/475 400/400/400 477/477/477
f 475/475/475 477/477/477 476/476/476
f 477/477/477 400/400/400 478/478/478
f 400/400/400 395/395/395 478/478/478
f 479/479/479 472/472/472 474/474/474
f 478/478/478 395/395/395 480/480/480
f 393/393/393 480/480/480 395/395/395
f 480/480/480 393/393/393 481/481/481
f 481/481/481 393/393/393 389/389/389
f 481/481/481 389/389/389 482/482/482
f 483/483/483 480/480/480 481/481/481
f 483/483/483 481/481/481 482/482/482
f 482/482/482 389/389/389 388/388/388
f 482/482/482 388/388/388 484/484/484
f 484/484/484 388/388/388 385/385/385
f 485/485/485 482/482/482 484/484/484
f 485/485/485 486/486/486 482/482/482
f 483/483/483 482/482/482 486/486/486
f 485/485/485 484/484/484 487/487/487
f 485/485/485 487/487/487 486/486/486
f 488/488/488 484/484/484 385/385/385
f 487/487/487 484/484/484 488/488/488
f 488/488/488 385/385/385 489/489/489
f 488/488/488 490/490/490 487/487/487
f 488/488/488 489/489/489 490/490/490
f 385/385/385 491/491/491 489/489/489
f 383/383/383 491/491/491 385/385/385
f 490/490/490 489/489/489 492/492/492
f 489/489/489 491/491/491 492/492/492
f 383/383/383 384/384/384 491/491/491
f 384/384/384 492/492/492 491/491/491
f 492/492/492 493/493/493 490/490/490
f 487/487/487 490/490/490 494/494/494
f 490/490/490 493/493/493 494/494/494
f 494/494/494 495/495/495 487/487/487
f 487/487/487 495/495/495 486/486/486
f 495/495/495 494/494/494 496/496/496
f 497/497/497 486/486/486 495/495/495
f 498/498/498 495/495/495 496/496/496
f 498/498/498 497/497/497 495/495/495
f 492/492/492 499/499/499 493/493/493
f 493/493/493 500/500/500 494/494/494
f 500/500/500 496/496/496 494/494/494
f 501/501/501 493/493/493 499/499/499
f 502/502/502 499/499/499 492/492/492
f 499/499/499 502/502/502 501/501/501
f 492/492/492 384/384/384 502/502/502
f 503/503/503 493/493/493 501/501/501
f 503/503/503 500/500/500 493/493/493
f 501/501/501 502/502/502 504/504/504
f 502/502/502 384/384/384 505/505/505
f 502/502/502 505/505/505 504/504/504
f 384/384/384 506/506/506 505/505/505
f 506/506/506 384/384/384 358/358/358
f 356/356/356 506/506/506 358/358/358
f 507/507/507 506/506/506 356/356/356
f 507/507/507 508/508/508 506/506/506
f 508/508/508 505/505/505 506/506/506
f 508/508/508 507/507/507 509/509/509
f 505/505/505 510/510/510 504/504/504
f 505/505/505 508/508/508 510/510/510
f 508/508/508 509/509/509 511/511/511
f 508/508/508 511/511/511 510/510/510
f 509/509/509 512/512/512 511/511/511
f 512/512/512 513/513/513 511/511/511
f 510/510/510 511/511/511 513/513/513
f 512/512/512 514/514/514 513/513/513
f 504/504/504 510/510/510 515/515/515
f 515/515/515 510/510/510 513/513/513
f 516/516/516 504/504/504 515/515/515
f 504/504/504 516/516/516 501/501/501
f 501/501/501 516/516/516 503/503/503
f 517/517/517 513/513/513 514/514/514
f 518/518/518 517/517/517 514/514/514
f 517/517/517 518/518/518 519/519/519
f 517/517/517 520/520/520 513/513/513
f 521/521/521 517/517/517 519/519/519
f 520/520/520 517/517/517 521/521/521
f 522/522/522 521/521/521 519/519/519
f 523/523/523 522/522/522 519/519/519
f 522/522/522 523/523/523 524/524/524
f 513/513/513 520/520/520 525/525/525
f 515/515/515 513/513/513 525/525/525
f 521/521/521 526/526/526 520/520/520
f 525/525/525 520/520/520 526/526/526
f 527/527/527 521/521/521 522/522/522
f 527/527/527 526/526/526 521/521/521
f 522/522/522 524/524/524 528/528/528
f 528/528/528 524/524/524 529/529/529
f 527/527/527 522/522/522 530/530/530
f 522/522/522 528/528/528 530/530/530
f 528/528/528 529/529/529 531/531/531
f 527/527/527 532/532/532 526/526/526
f 532/532/532 527/527/527 530/530/530
f 533/533/533 525/525/525 526/526/526
f 515/515/515 525/525/525 533/533/533
f 532/532/532 533/533/533 526/526/526
f 516/516/516 515/515/515 533/533/533
f 534/534/534 516/516/516 533/533/533
f 534/534/534 533/533/533 532/532/532
f 534/534/534 503/503/503 516/516/516
f 534/534/534 535/535/535 503/503/503
f 500/500/500 503/503/503 535/535/535
f 535/535/535 536/536/536 500/500/500
f 535/535/535 534/534/534 537/537/537
f 536/536/536 535/535/535 537/537/537
f 536/536/536 496/496/496 500/500/500
f 538/538/538 537/537/537 534/534/534
f 532/532/532 538/538/538 534/534/534
f 536/536/536 537/537/537 539/539/539
f 539/539/539 537/537/537 538/538/538
f 536/536/536 540/540/540 496/496/496
f 540/540/540 536/536/536 539/539/539
f 538/538/538 532/532/532 541/541/541
f 538/538/538 542/542/542 539/539/539
f 542/542/542 538/538/538 541/541/541
f 532/532/532 530/530/530 541/541/541
f 543/543/543 539/539/539 542/542/542
f 540/540/540 539/539/539 543/543/543
f 542/542/542 544/544/544 543/543/543
f 544/544/544 542/542/542 541/541/541
f 545/545/545 540/540/540 543/543/543
f 545/545/545 543/543/543 544/544/544
f 496/496/496 540/540/540 546/546/546
f 546/546/546 540/540/540 545/545/545
f 547/547/547 496/496/496 546/546/546
f 496/496/496 547/547/547 498/498/498
f 497/497/497 498/498/498 547/547/547
f 548/548/548 547/547/547 546/546/546
f 497/497/497 547/547/547 549/549/549
f 549/549/549 547/547/547 548/548/548
f 550/550/550 548/548/548 546/546/546
f 550/550/550 546/546/546 545/545/545
f 548/548/548 550/550/550 551/551/551
f 550/550/550 545/545/545 552/552/552
f 552/552/552 553/553/553 550/550/550
f 551/551/551 550/550/550 553/553/553
f 552/552/552 545/545/545 554/554/554
f 555/555/555 553/553/553 552/552/552
f 555/555/555 552/552/552 554/554/554
f 545/545/545 556/556/556 554/554/554
f 545/545/545 544/544/544 556/556/556
f 548/548/548 551/551/551 557/557/557
f 557/557/557 549/549/549 548/548/548
f 551/551/551 553/553/553 558/558/558
f 559/559/559 557/557/557 551/551/551
f 559/559/559 551/551/551 558/558/558
f 557/557/557 560/560/560 549/549/549
f 559/559/559 560/560/560 557/557/557
f 553/553/553 561/561/561 558/558/558
f 561/561/561 553/553/553 555/555/555
f 559/559/559 558/558/558 562/562/562
f 559/559/559 563/563/563 560/560/560
f 563/563/563 559/559/559 562/562/562
f 564/564/564 562/562/562 558/558/558
f 558/558/558 561/561/561 564/564/564
f 565/565/565 561/561/561 555/555/555
f 566/566/566 562/562/562 564/564/564
f 564/564/564 561/561/561 567/567/567
f 567/567/567 561/561/561 568/568/568
f 568/568/568 561/561/561 565/565/565
f 569/569/569 564/564/564 567/567/567
f 570/570/570 565/565/565 555/555/555
f 571/571/571 567/567/567 568/568/568
f 569/569/569 567/567/567 571/571/571
f 572/572/572 568/568/568 565/565/565
f 571/571/571 568/568/568 572/572/572
f 570/570/570 555/555/555 573/573/573
f 555/555/555 554/554/554 573/573/573
f 570/570/570 574/574/574 565/565/565
f 565/565/565 574/574/574 572/572/572
f 574/574/574 570/570/570 575/575/575
f 575/575/575 570/570/570 573/573/573
f 556/556/556 573/573/573 554/554/554
f 576/576/576 571/571/571 572/572/572
f 572/572/572 574/574/574 577/577/577
f 569/569/569 571/571/571 578/578/578
f 578/578/578 571/571/571 576/576/576
f 569/569/569 578/578/578 579/579/579
f 576/576/576 572/572/572 580/580/580
f 572/572/572 577/577/577 580/580/580
f 577/577/577 574/574/574 581/581/581
f 574/574/574 575/575/575 581/581/581
f 580/580/580 577/577/577 582/582/582
f 583/583/583 578/578/578 576/576/576
f 582/582/582 577/577/577 584/584/584
f 584/584/584 577/577/577 581/581/581
f 584/584/584 581/581/581 585/585/585
f 584/584/584 585/585/585 586/586/586
f 584/584/584 586/586/586 582/582/582
f 581/581/581 587/587/587 585/585/585
f 586/586/586 585/585/585 587/587/587
f 588/588/588 581/581/581 575/575/575
f 587/587/587 581/581/581 588/588/588
f 575/575/575 589/589/589 588/588/588
f 590/590/590 586/586/586 587/587/587
f 587/587/587 588/588/588 591/591/591
f 592/592/592 591/591/591 588/588/588
f 588/588/588 589/589/589 592/592/592
f 593/593/593 587/587/587 591/591/591
f 590/590/590 587/587/587 593/593/593
f 591/591/591 592/592/592 594/594/594
f 593/593/593 591/591/591 594/594/594
f 595/595/595 589/589/589 575/575/575
f 573/573/573 595/595/595 575/575/575
f 595/595/595 573/573/573 596/596/596
f 596/596/596 573/573/573 556/556/556
f 595/595/595 597/597/597 589/589/589
f 595/595/595 596/596/596 597/597/597
f 556/556/556 598/598/598 596/596/596
f 596/596/596 598/598/598 597/597/597
f 598/598/598 556/556/556 599/599/599
f 556/556/556 544/544/544 599/599/599
f 599/599/599 544/544/544 600/600/600
f 599/599/599 601/601/601 598/598/598
f 599/599/599 600/600/600 601/601/601
f 541/541/541 600/600/600 544/544/544
f 598/598/598 601/601/601 602/602/602
f 598/598/598 602/602/602 597/597/597
f 600/600/600 541/541/541 603/603/603
f 600/600/600 604/604/604 601/601/601
f 604/604/604 600/600/600 603/603/603
f 604/604/604 605/605/605 601/601/601
f 602/602/602 601/601/601 605/605/605
f 603/603/603 606/606/606 604/604/604
f 603/603/603 541/541/541 606/606/606
f 604/604/604 606/606/606 605/605/605
f 541/541/541 607/607/607 606/606/606
f 541/541/541 530/530/530 607/607/607
f 605/605/605 606/606/606 608/608/608
f 606/606/606 607/607/607 609/609/609
f 606/606/606 609/609/609 608/608/608
f 607/607/607 530/530/530 610/610/610
f 609/609/609 607/607/607 610/610/610
f 528/528/528 610/610/610 530/530/530
f 609/609/609 610/610/610 611/611/611
f 609/609/609 611/611/611 608/608/608
f 610/610/610 528/528/528 612/612/612
f 610/610/610 612/612/612 611/611/611
f 528/528/528 531/531/531 612/612/612
f 612/612/612 531/531/531 613/613/613
f 614/614/614 612/612/612 613/613/613
f 614/614/614 611/611/611 612/612/612
f 615/615/615 614/614/614 613/613/613
f 614/614/614 615/615/615 611/611/611
f 616/616/616 611/611/611 615/615/615
f 608/608/608 611/611/611 616/616/616
f 616/616/616 617/617/617 608/608/608
f 617/617/617 618/618/618 608/608/608
f 619/619/619 618/618/618 617/617/617
f 605/605/605 608/608/608 618/618/618
f 619/619/619 620/620/620 618/618/618
f 605/605/605 618/618/618 621/621/621
f 621/621/621 602/602/602 605/605/605
f 622/622/622 618/618/618 620/620/620
f 623/623/623 622/622/622 620/620/620
f 623/623/623 624/624/624 622/622/622
f 625/625/625 622/622/622 624/624/624
f 626/626/626 622/622/622 625/625/625
f 622/622/622 626/626/626 618/618/618
f 626/626/626 625/625/625 627/627/627
f 626/626/626 627/627/627 628/628/628
f 628/628/628 627/627/627 629/629/629
f 626/626/626 630/630/630 618/618/618
f 628/628/628 630/630/630 626/626/626
f 631/631/631 628/628/628 629/629/629
f 629/629/629 632/632/632 631/631/631
f 628/628/628 631/631/631 633/633/633
f 632/632/632 633/633/633 631/631/631
f 634/634/634 630/630/630 628/628/628
f 628/628/628 633/633/633 634/634/634
f 635/635/635 618/618/618 630/630/630
f 621/621/621 618/618/618 635/635/635
f 636/636/636 630/630/630 634/634/634
f 636/636/636 635/635/635 630/630/630
f 637/637/637 621/621/621 635/635/635
f 602/602/602 621/621/621 637/637/637
f 638/638/638 635/635/635 636/636/636
f 638/638/638 637/637/637 635/635/635
f 636/636/636 634/634/634 639/639/639
f 602/602/602 637/637/637 640/640/640
f 597/597/597 602/602/602 640/640/640
f 639/639/639 634/634/634 641/641/641
f 641/641/641 634/634/634 633/633/633
f 642/642/642 636/636/636 639/639/639
f 643/643/643 638/638/638 636/636/636
f 643/643/643 636/636/636 642/642/642
f 644/644/644 642/642/642 639/639/639
f 644/644/644 639/639/639 641/641/641
f 642/642/642 644/644/644 133/133/133
f 645/645/645 642/642/642 133/133/133
f 643/643/643 642/642/642 645/645/645
f 133/133/133 132/132/132 645/645/645
f 638/638/638 643/643/643 646/646/646
f 638/638/638 646/646/646 637/637/637
f 643/643/643 645/645/645 647/647/647
f 648/648/648 645/645/645 132/132/132
f 645/645/645 648/648/648 647/647/647
f 648/648/648 132/132/132 131/131/131
f 649/649/649 648/648/648 131/131/131
f 649/649/649 647/647/647 648/648/648
f 117/117/117 649/649/649 131/131/131
f 650/650/650 643/643/643 647/647/647
f 650/650/650 647/647/647 649/649/649
f 650/650/650 646/646/646 643/643/643
f 651/651/651 649/649/649 117/117/117
f 651/651/651 650/650/650 649/649/649
f 112/112/112 651/651/651 117/117/117
f 652/652/652 637/637/637 646/646/646
f 652/652/652 640/640/640 637/637/637
f 650/650/650 653/653/653 646/646/646
f 652/652/652 646/646/646 653/653/653
f 654/654/654 640/640/640 652/652/652
f 653/653/653 654/654/654 652/652/652
f 654/654/654 597/597/597 640/640/640
f 655/655/655 597/597/597 654/654/654
f 655/655/655 654/654/654 653/653/653
f 589/589/589 597/597/597 655/655/655
f 655/655/655 592/592/592 589/589/589
f 655/655/655 653/653/653 592/592/592
f 592/592/592 653/653/653 650/650/650
f 656/656/656 592/592/592 650/650/650
f 651/651/651 656/656/656 650/650/650
f 592/592/592 656/656/656 657/657/657
f 657/657/657 656/656/656 651/651/651
f 594/594/594 592/592/592 657/657/657
f 594/594/594 657/657/657 651/651/651
f 593/593/593 594/594/594 651/651/651
f 112/112/112 593/593/593 651/651/651
f 112/112/112 116/116/116 593/593/593
f 116/116/116 658/658/658 593/593/593
f 116/116/116 659/659/659 658/658/658
f 659/659/659 116/116/116 113/113/113
f 660/660/660 593/593/593 658/658/658
f 660/660/660 590/590/590 593/593/593
f 661/661/661 658/658/658 659/659/659
f 662/662/662 659/659/659 113/113/113
f 662/662/662 661/661/661 659/659/659
f 660/660/660 658/658/658 663/663/663
f 590/590/590 660/660/660 664/664/664
f 664/664/664 660/660/660 663/663/663
f 665/665/665 590/590/590 664/664/664
f 665/665/665 586/586/586 590/590/590
f 664/664/664 666/666/666 665/665/665
f 663/663/663 666/666/666 664/664/664
f 582/582/582 586/586/586 665/665/665
f 665/665/665 666/666/666 667/667/667
f 666/666/666 663/663/663 667/667/667
f 665/665/665 667/667/667 582/582/582
f 668/668/668 663/663/663 658/658/658
f 661/661/661 668/668/668 658/658/658
f 669/669/669 667/667/667 663/663/663
f 663/663/663 668/668/668 669/669/669
f 582/582/582 667/667/667 670/670/670
f 661/661/661 671/671/671 668/668/668
f 671/671/671 669/669/669 668/668/668
f 672/672/672 667/667/667 669/669/669
f 670/670/670 667/667/667 672/672/672
f 671/671/671 673/673/673 669/669/669
f 674/674/674 672/672/672 669/669/669
f 674/674/674 669/669/669 673/673/673
f 672/672/672 675/675/675 670/670/670
f 675/675/675 672/672/672 674/674/674
f 676/676/676 674/674/674 673/673/673
f 673/673/673 671/671/671 676/676/676
f 675/675/675 674/674/674 677/677/677
f 676/676/676 671/671/671 678/678/678
f 678/678/678 671/671/671 661/661/661
f 674/674/674 676/676/676 679/679/679
f 679/679/679 677/677/677 674/674/674
f 680/680/680 676/676/676 678/678/678
f 680/680/680 679/679/679 676/676/676
f 678/678/678 661/661/661 681/681/681
f 662/662/662 681/681/681 661/661/661
f 662/662/662 682/682/682 681/681/681
f 683/683/683 678/678/678 681/681/681
f 683/683/683 681/681/681 682/682/682
f 678/678/678 684/684/684 680/680/680
f 685/685/685 680/680/680 684/684/684
f 680/680/680 685/685/685 679/679/679
f 678/678/678 686/686/686 684/684/684
f 685/685/685 684/684/684 687/687/687
f 687/687/687 684/684/684 686/686/686
f 688/688/688 678/678/678 683/683/683
f 688/688/688 686/686/686 678/678/678
f 688/688/688 689/689/689 686/686/686
f 690/690/690 686/686/686 689/689/689
f 686/686/686 690/690/690 687/687/687
f 689/689/689 688/688/688 691/691/691
f 690/690/690 689/689/689 691/691/691
f 683/683/683 692/692/692 688/688/688
f 688/688/688 692/692/692 691/691/691
f 687/687/687 690/690/690 693/693/693
f 694/694/694 690/690/690 691/691/691
f 693/693/693 690/690/690 694/694/694
f 693/693/693 695/695/695 687/687/687
f 693/693/693 694/694/694 695/695/695
f 696/696/696 687/687/687 695/695/695
f 687/687/687 696/696/696 685/685/685
f 697/697/697 685/685/685 696/696/696
f 685/685/685 697/697/697 679/679/679
f 698/698/698 697/697/697 696/696/696
f 699/699/699 679/679/679 697/697/697
f 699/699/699 697/697/697 698/698/698
f 696/696/696 695/695/695 700/700/700
f 700/700/700 698/698/698 696/696/696
f 701/701/701 700/700/700 695/695/695
f 701/701/701 695/695/695 694/694/694
f 702/702/702 698/698/698 700/700/700
f 701/701/701 702/702/702 700/700/700
f 701/701/701 694/694/694 703/703/703
f 704/704/704 701/701/701 703/703/703
f 703/703/703 694/694/694 705/705/705
f 703/703/703 705/705/705 704/704/704
f 694/694/694 706/706/706 705/705/705
f 691/691/691 706/706/706 694/694/694
f 692/692/692 706/706/706 691/691/691
f 705/705/705 706/706/706 707/707/707
f 707/707/707 706/706/706 692/692/692
f 708/708/708 701/701/701 704/704/704
f 708/708/708 702/702/702 701/701/701
f 709/709/709 708/708/708 704/704/704
f 710/710/710 702/702/702 708/708/708
f 710/710/710 708/708/708 711/711/711
f 709/709/709 711/711/711 708/708/708
f 712/712/712 702/702/702 710/710/710
f 713/713/713 710/710/710 711/711/711
f 710/710/710 713/713/713 712/712/712
f 714/714/714 713/713/713 711/711/711
f 713/713/713 714/714/714 715/715/715
f 715/715/715 712/712/712 713/713/713
f 716/716/716 714/714/714 711/711/711
f 709/709/709 716/716/716 711/711/711
f 717/717/717 715/715/715 714/714/714
f 717/717/717 714/714/714 716/716/716
f 715/715/715 718/718/718 712/712/712
f 717/717/717 718/718/718 715/715/715
f 717/717/717 716/716/716 719/719/719
f 719/719/719 716/716/716 709/709/709
f 720/720/720 718/718/718 717/717/717
f 721/721/721 709/709/709 704/704/704
f 722/722/722 717/717/717 719/719/719
f 717/717/717 722/722/722 720/720/720
f 721/721/721 704/704/704 723/723/723
f 721/721/721 724/724/724 709/709/709
f 724/724/724 721/721/721 723/723/723
f 724/724/724 719/719/719 709/709/709
f 723/723/723 704/704/704 705/705/705
f 725/725/725 724/724/724 723/723/723
f 724/724/724 725/725/725 726/726/726
f 725/725/725 723/723/723 726/726/726
f 724/724/724 726/726/726 719/719/719
f 705/705/705 727/727/727 723/723/723
f 728/728/728 719/719/719 726/726/726
f 727/727/727 729/729/729 723/723/723
f 726/726/726 723/723/723 729/729/729
f 727/727/727 705/705/705 730/730/730
f 727/727/727 730/730/730 729/729/729
f 730/730/730 705/705/705 731/731/731
f 730/730/730 732/732/732 729/729/729
f 729/729/729 733/733/733 726/726/726
f 733/733/733 729/729/729 732/732/732
f 728/728/728 726/726/726 733/733/733
f 730/730/730 734/734/734 732/732/732
f 733/733/733 732/732/732 734/734/734
f 735/735/735 730/730/730 731/731/731
f 735/735/735 734/734/734 730/730/730
f 731/731/731 705/705/705 736/736/736
f 735/735/735 731/731/731 736/736/736
f 736/736/736 705/705/705 707/707/707
f 736/736/736 707/707/707 79/79/79
f 736/736/736 79/79/79 735/735/735
f 735/735/735 79/79/79 77/77/77
f 735/735/735 77/77/77 74/74/74
f 737/737/737 79/79/79 707/707/707
f 79/79/79 737/737/737 80/80/80
f 707/707/707 738/738/738 737/737/737
f 737/737/737 82/82/82 80/80/80
f 737/737/737 738/738/738 82/82/82
f 692/692/692 738/738/738 707/707/707
f 692/692/692 82/82/82 738/738/738
f 692/692/692 739/739/739 82/82/82
f 683/683/683 739/739/739 692/692/692
f 82/82/82 739/739/739 87/87/87
f 739/739/739 92/92/92 87/87/87
f 683/683/683 682/682/682 739/739/739
f 92/92/92 739/739/739 682/682/682
f 682/682/682 102/102/102 92/92/92
f 682/682/682 740/740/740 102/102/102
f 682/682/682 662/662/662 740/740/740
f 662/662/662 113/113/113 740/740/740
f 102/102/102 741/741/741 113/113/113
f 102/102/102 740/740/740 741/741/741
f 740/740/740 113/113/113 741/741/741
f 742/742/742 64/64/64 60/60/60
f 63/63/63 742/742/742 60/60/60
f 742/742/742 743/743/743 64/64/64
f 63/63/63 744/744/744 742/742/742
f 745/745/745 743/743/743 742/742/742
f 745/745/745 742/742/742 744/744/744
f 745/745/745 746/746/746 743/743/743
f 747/747/747 746/746/746 745/745/745
f 748/748/748 743/743/743 746/746/746
f 747/747/747 748/748/748 746/746/746
f 749/749/749 747/747/747 745/745/745
f 749/749/749 745/745/745 744/744/744
f 748/748/748 747/747/747 750/750/750
f 751/751/751 744/744/744 63/63/63
f 747/747/747 752/752/752 750/750/750
f 752/752/752 747/747/747 749/749/749
f 753/753/753 748/748/748 750/750/750
f 754/754/754 752/752/752 749/749/749
f 750/750/750 752/752/752 755/755/755
f 755/755/755 753/753/753 750/750/750
f 756/756/756 749/749/749 744/744/744
f 756/756/756 754/754/754 749/749/749
f 756/756/756 744/744/744 757/757/757
f 751/751/751 757/757/757 744/744/744
f 753/753/753 758/758/758 748/748/748
f 748/748/748 758/758/758 743/743/743
f 759/759/759 758/758/758 753/753/753
f 755/755/755 759/759/759 753/753/753
f 758/758/758 760/760/760 743/743/743
f 761/761/761 756/756/756 757/757/757
f 762/762/762 743/743/743 760/760/760
f 762/762/762 64/64/64 743/743/743
f 758/758/758 763/763/763 760/760/760
f 758/758/758 759/759/759 763/763/763
f 762/762/762 764/764/764 64/64/64
f 764/764/764 67/67/67 64/64/64
f 765/765/765 762/762/762 760/760/760
f 765/765/765 764/764/764 762/762/762
f 763/763/763 766/766/766 760/760/760
f 760/760/760 766/766/766 765/765/765
f 767/767/767 67/67/67 764/764/764
f 67/67/67 767/767/767 71/71/71
f 767/767/767 768/768/768 71/71/71
f 71/71/71 768/768/768 74/74/74
f 767/767/767 769/769/769 768/768/768
f 769/769/769 74/74/74 768/768/768
f 764/764/764 770/770/770 767/767/767
f 770/770/770 769/769/769 767/767/767
f 765/765/765 771/771/771 764/764/764
f 771/771/771 770/770/770 764/764/764
f 772/772/772 771/771/771 765/765/765
f 772/772/772 765/765/765 766/766/766
f 771/771/771 772/772/772 773/773/773
f 766/766/766 773/773/773 772/772/772
f 773/773/773 770/770/770 771/771/771
f 74/74/74 769/769/769 774/774/774
f 769/769/769 770/770/770 774/774/774
f 774/774/774 735/735/735 74/74/74
f 735/735/735 774/774/774 734/734/734
f 770/770/770 775/775/775 774/774/774
f 734/734/734 774/774/774 775/775/775
f 770/770/770 773/773/773 775/775/775
f 776/776/776 734/734/734 775/775/775
f 776/776/776 775/775/775 773/773/773
f 777/777/777 734/734/734 776/776/776
f 778/778/778 776/776/776 773/773/773
f 778/778/778 777/777/777 776/776/776
f 734/734/734 777/777/777 733/733/733
f 733/733/733 777/777/777 779/779/779
f 777/777/777 778/778/778 779/779/779
f 780/780/780 778/778/778 773/773/773
f 766/766/766 780/780/780 773/773/773
f 781/781/781 779/779/779 778/778/778
f 779/779/779 782/782/782 733/733/733
f 782/782/782 779/779/779 781/781/781
f 733/733/733 782/782/782 783/783/783
f 733/733/733 783/783/783 728/728/728
f 782/782/782 728/728/728 783/783/783
f 778/778/778 784/784/784 781/781/781
f 778/778/778 780/780/780 784/784/784
f 780/780/780 766/766/766 785/785/785
f 785/785/785 766/766/766 763/763/763
f 786/786/786 785/785/785 763/763/763
f 780/780/780 785/785/785 786/786/786
f 759/759/759 786/786/786 763/763/763
f 787/787/787 784/784/784 780/780/780
f 780/780/780 786/786/786 787/787/787
f 788/788/788 781/781/781 784/784/784
f 784/784/784 787/787/787 788/788/788
f 789/789/789 781/781/781 788/788/788
f 789/789/789 782/782/782 781/781/781
f 790/790/790 788/788/788 787/787/787
f 790/790/790 789/789/789 788/788/788
f 791/791/791 787/787/787 786/786/786
f 786/786/786 759/759/759 791/791/791
f 790/790/790 787/787/787 791/791/791
f 792/792/792 782/782/782 789/789/789
f 793/793/793 791/791/791 759/759/759
f 755/755/755 793/793/793 759/759/759
f 794/794/794 791/791/791 793/793/793
f 793/793/793 755/755/755 795/795/795
f 794/794/794 793/793/793 795/795/795
f 791/791/791 794/794/794 796/796/796
f 796/796/796 794/794/794 795/795/795
f 796/796/796 797/797/797 791/791/791
f 790/790/790 791/791/791 797/797/797
f 795/795/795 798/798/798 796/796/796
f 797/797/797 796/796/796 799/799/799
f 799/799/799 796/796/796 798/798/798
f 799/799/799 790/790/790 797/797/797
f 800/800/800 795/795/795 755/755/755
f 800/800/800 798/798/798 795/795/795
f 755/755/755 801/801/801 800/800/800
f 752/752/752 801/801/801 755/755/755
f 801/801/801 752/752/752 754/754/754
f 800/800/800 802/802/802 798/798/798
f 803/803/803 800/800/800 801/801/801
f 800/800/800 803/803/803 802/802/802
f 803/803/803 801/801/801 804/804/804
f 754/754/754 804/804/804 801/801/801
f 805/805/805 803/803/803 804/804/804
f 806/806/806 804/804/804 754/754/754
f 806/806/806 807/807/807 804/804/804
f 805/805/805 804/804/804 807/807/807
f 806/806/806 754/754/754 808/808/808
f 808/808/808 754/754/754 756/756/756
f 807/807/807 806/806/806 809/809/809
f 805/805/805 807/807/807 809/809/809
f 808/808/808 756/756/756 761/761/761
f 810/810/810 806/806/806 808/808/808
f 808/808/808 761/761/761 810/810/810
f 809/809/809 806/806/806 810/810/810
f 811/811/811 810/810/810 761/761/761
f 803/803/803 805/805/805 812/812/812
f 802/802/802 803/803/803 812/812/812
f 805/805/805 813/813/813 812/812/812
f 809/809/809 810/810/810 814/814/814
f 814/814/814 810/810/810 811/811/811
f 815/815/815 805/805/805 809/809/809
f 813/813/813 805/805/805 815/815/815
f 815/815/815 809/809/809 816/816/816
f 817/817/817 809/809/809 814/814/814
f 816/816/816 809/809/809 817/817/817
f 818/818/818 815/815/815 816/816/816
f 817/817/817 818/818/818 816/816/816
f 813/813/813 815/815/815 819/819/819
f 815/815/815 818/818/818 819/819/819
f 820/820/820 813/813/813 819/819/819
f 821/821/821 819/819/819 818/818/818
f 822/822/822 812/812/812 813/813/813
f 822/822/822 813/813/813 820/820/820
f 812/812/812 822/822/822 823/823/823
f 812/812/812 823/823/823 802/802/802
f 823/823/823 822/822/822 824/824/824
f 822/822/822 820/820/820 824/824/824
f 825/825/825 820/820/820 819/819/819
f 825/825/825 819/819/819 821/821/821
f 824/824/824 820/820/820 826/826/826
f 826/826/826 820/820/820 827/827/827
f 820/820/820 825/825/825 827/827/827
f 824/824/824 826/826/826 828/828/828
f 829/829/829 823/823/823 824/824/824
f 829/829/829 824/824/824 828/828/828
f 830/830/830 802/802/802 823/823/823
f 823/823/823 829/829/829 830/830/830
f 802/802/802 830/830/830 831/831/831
f 831/831/831 798/798/798 802/802/802
f 830/830/830 829/829/829 832/832/832
f 832/832/832 831/831/831 830/830/830
f 833/833/833 798/798/798 831/831/831
f 833/833/833 799/799/799 798/798/798
f 834/834/834 833/833/833 831/831/831
f 832/832/832 834/834/834 831/831/831
f 833/833/833 835/835/835 799/799/799
f 790/790/790 799/799/799 835/835/835
f 833/833/833 834/834/834 836/836/836
f 833/833/833 836/836/836 835/835/835
f 837/837/837 836/836/836 834/834/834
f 837/837/837 838/838/838 836/836/836
f 836/836/836 838/838/838 835/835/835
f 837/837/837 834/834/834 839/839/839
f 834/834/834 832/832/832 839/839/839
f 837/837/837 839/839/839 840/840/840
f 837/837/837 840/840/840 838/838/838
f 841/841/841 839/839/839 832/832/832
f 842/842/842 838/838/838 840/840/840
f 840/840/840 839/839/839 843/843/843
f 843/843/843 839/839/839 841/841/841
f 842/842/842 840/840/840 844/844/844
f 842/842/842 845/845/845 838/838/838
f 845/845/845 842/842/842 844/844/844
f 845/845/845 846/846/846 838/838/838
f 835/835/835 838/838/838 846/846/846
f 845/845/845 847/847/847 846/846/846
f 848/848/848 835/835/835 846/846/846
f 847/847/847 848/848/848 846/846/846
f 847/847/847 845/845/845 849/849/849
f 845/845/845 844/844/844 849/849/849
f 850/850/850 844/844/844 840/840/840
f 840/840/840 843/843/843 850/850/850
f 844/844/844 851/851/851 849/849/849
f 844/844/844 850/850/850 852/852/852
f 851/851/851 844/844/844 852/852/852
f 850/850/850 853/853/853 852/852/852
f 843/843/843 854/854/854 850/850/850
f 853/853/853 850/850/850 854/854/854
f 851/851/851 852/852/852 855/855/855
f 853/853/853 855/855/855 852/852/852
f 856/856/856 849/849/849 851/851/851
f 855/855/855 857/857/857 851/851/851
f 856/856/856 851/851/851 857/857/857
f 858/858/858 849/849/849 856/856/856
f 847/847/847 849/849/849 858/858/858
f 847/847/847 858/858/858 859/859/859
f 860/860/860 858/858/858 856/856/856
f 859/859/859 858/858/858 860/860/860
f 857/857/857 861/861/861 856/856/856
f 856/856/856 861/861/861 860/860/860
f 855/855/855 862/862/862 857/857/857
f 857/857/857 862/862/862 861/861/861
f 860/860/860 861/861/861 863/863/863
f 859/859/859 860/860/860 863/863/863
f 848/848/848 847/847/847 859/859/859
f 861/861/861 720/720/720 863/863/863
f 861/861/861 862/862/862 720/720/720
f 864/864/864 859/859/859 863/863/863
f 865/865/865 862/862/862 855/855/855
f 863/863/863 866/866/866 864/864/864
f 863/863/863 720/720/720 866/866/866
f 867/867/867 859/859/859 864/864/864
f 848/848/848 859/859/859 867/867/867
f 866/866/866 867/867/867 864/864/864
f 865/865/865 855/855/855 853/853/853
f 722/722/722 866/866/866 720/720/720
f 866/866/866 722/722/722 868/868/868
f 719/719/719 868/868/868 722/722/722
f 868/868/868 869/869/869 866/866/866
f 867/867/867 866/866/866 869/869/869
f 719/719/719 870/870/870 868/868/868
f 869/869/869 868/868/868 870/870/870
f 870/870/870 719/719/719 728/728/728
f 871/871/871 867/867/867 869/869/869
f 871/871/871 869/869/869 870/870/870
f 728/728/728 872/872/872 870/870/870
f 871/871/871 870/870/870 872/872/872
f 728/728/728 782/782/782 872/872/872
f 792/792/792 872/872/872 782/782/782
f 792/792/792 871/871/871 872/872/872
f 792/792/792 867/867/867 871/871/871
f 873/873/873 867/867/867 792/792/792
f 848/848/848 867/867/867 873/873/873
f 792/792/792 874/874/874 873/873/873
f 873/873/873 874/874/874 848/848/848
f 874/874/874 792/792/792 789/789/789
f 874/874/874 835/835/835 848/848/848
f 874/874/874 789/789/789 790/790/790
f 835/835/835 874/874/874 875/875/875
f 875/875/875 874/874/874 790/790/790
f 875/875/875 790/790/790 835/835/835
f 751/751/751 63/63/63 876/876/876
f 876/876/876 63/63/63 61/61/61
f 61/61/61 877/877/877 876/876/876
f 876/876/876 877/877/877 878/878/878
f 879/879/879 876/876/876 878/878/878
f 879/879/879 751/751/751 876/876/876
f 877/877/877 880/880/880 878/878/878
f 878/878/878 880/880/880 879/879/879
f 881/881/881 877/877/877 61/61/61
f 877/877/877 882/882/882 880/880/880
f 877/877/877 881/881/881 882/882/882
f 883/883/883 881/881/881 61/61/61
f 58/58/58 883/883/883 61/61/61
f 57/57/57 883/883/883 58/58/58
f 881/881/881 883/883/883 884/884/884
f 882/882/882 881/881/881 884/884/884
f 57/57/57 885/885/885 883/883/883
f 884/884/884 883/883/883 885/885/885
f 204/204/204 885/885/885 57/57/57
f 204/204/204 206/206/206 885/885/885
f 886/886/886 885/885/885 206/206/206
f 884/884/884 885/885/885 886/886/886
f 218/218/218 886/886/886 206/206/206
f 884/884/884 887/887/887 882/882/882
f 886/886/886 887/887/887 884/884/884
f 882/882/882 887/887/887 880/880/880
f 218/218/218 888/888/888 886/886/886
f 888/888/888 887/887/887 886/886/886
f 215/215/215 888/888/888 218/218/218
f 215/215/215 889/889/889 888/888/888
f 889/889/889 215/215/215 219/219/219
f 890/890/890 889/889/889 219/219/219
f 890/890/890 888/888/888 889/889/889
f 243/243/243 890/890/890 219/219/219
f 254/254/254 890/890/890 243/243/243
f 888/888/888 890/890/890 891/891/891
f 254/254/254 891/891/891 890/890/890
f 891/891/891 887/887/887 888/888/888
f 254/254/254 892/892/892 891/891/891
f 892/892/892 887/887/887 891/891/891
f 892/892/892 254/254/254 893/893/893
f 893/893/893 254/254/254 252/252/252
f 894/894/894 887/887/887 892/892/892
f 892/892/892 893/893/893 894/894/894
f 252/252/252 255/255/255 893/893/893
f 894/894/894 895/895/895 887/887/887
f 880/880/880 887/887/887 895/895/895
f 895/895/895 879/879/879 880/880/880
f 896/896/896 879/879/879 895/895/895
f 894/894/894 896/896/896 895/895/895
f 896/896/896 897/897/897 879/879/879
f 897/897/897 896/896/896 894/894/894
f 898/898/898 879/879/879 897/897/897
f 751/751/751 879/879/879 898/898/898
f 899/899/899 897/897/897 894/894/894
f 897/897/897 899/899/899 898/898/898
f 751/751/751 898/898/898 900/900/900
f 899/899/899 900/900/900 898/898/898
f 900/900/900 901/901/901 751/751/751
f 901/901/901 757/757/757 751/751/751
f 901/901/901 902/902/902 757/757/757
f 761/761/761 757/757/757 902/902/902
f 903/903/903 901/901/901 900/900/900
f 902/902/902 901/901/901 903/903/903
f 811/811/811 761/761/761 902/902/902
f 903/903/903 900/900/900 904/904/904
f 899/899/899 904/904/904 900/900/900
f 905/905/905 904/904/904 899/899/899
f 905/905/905 899/899/899 906/906/906
f 906/906/906 899/899/899 894/894/894
f 904/904/904 905/905/905 907/907/907
f 907/907/907 905/905/905 906/906/906
f 906/906/906 894/894/894 908/908/908
f 894/894/894 893/893/893 908/908/908
f 903/903/903 904/904/904 909/909/909
f 904/904/904 907/907/907 909/909/909
f 910/910/910 907/907/907 906/906/906
f 909/909/909 911/911/911 903/903/903
f 910/910/910 906/906/906 912/912/912
f 912/912/912 906/906/906 908/908/908
f 913/913/913 907/907/907 910/910/910
f 909/909/909 907/907/907 913/913/913
f 912/912/912 914/914/914 910/910/910
f 913/913/913 910/910/910 914/914/914
f 915/915/915 912/912/912 908/908/908
f 914/914/914 912/912/912 915/915/915
f 916/916/916 915/915/915 908/908/908
f 914/914/914 915/915/915 917/917/917
f 917/917/917 915/915/915 916/916/916
f 918/918/918 916/916/916 908/908/908
f 918/918/918 908/908/908 893/893/893
f 916/916/916 918/918/918 917/917/917
f 918/918/918 893/893/893 255/255/255
f 917/917/917 919/919/919 914/914/914
f 919/919/919 913/913/913 914/914/914
f 917/917/917 918/918/918 920/920/920
f 920/920/920 918/918/918 255/255/255
f 919/919/919 917/917/917 921/921/921
f 921/921/921 917/917/917 920/920/920
f 922/922/922 913/913/913 919/919/919
f 913/913/913 922/922/922 909/909/909
f 919/919/919 921/921/921 923/923/923
f 920/920/920 923/923/923 921/921/921
f 924/924/924 920/920/920 255/255/255
f 255/255/255 258/258/258 924/924/924
f 924/924/924 258/258/258 925/925/925
f 925/925/925 258/258/258 259/259/259
f 925/925/925 926/926/926 924/924/924
f 925/925/925 259/259/259 926/926/926
f 924/924/924 926/926/926 920/920/920
f 259/259/259 927/927/927 926/926/926
f 927/927/927 259/259/259 261/261/261
f 926/926/926 928/928/928 920/920/920
f 923/923/923 920/920/920 928/928/928
f 929/929/929 926/926/926 927/927/927
f 929/929/929 928/928/928 926/926/926
f 930/930/930 927/927/927 261/261/261
f 930/930/930 929/929/929 927/927/927
f 930/930/930 261/261/261 269/269/269
f 931/931/931 928/928/928 929/929/929
f 923/923/923 928/928/928 931/931/931
f 930/930/930 931/931/931 929/929/929
f 932/932/932 930/930/930 269/269/269
f 931/931/931 930/930/930 932/932/932
f 932/932/932 269/269/269 270/270/270
f 933/933/933 923/923/923 931/931/931
f 923/923/923 933/933/933 919/919/919
f 934/934/934 931/931/931 932/932/932
f 919/919/919 933/933/933 935/935/935
f 919/919/919 935/935/935 922/922/922
f 936/936/936 922/922/922 935/935/935
f 937/937/937 935/935/935 933/933/933
f 935/935/935 937/937/937 936/936/936
f 936/936/936 909/909/909 922/922/922
f 938/938/938 909/909/909 936/936/936
f 911/911/911 909/909/909 938/938/938
f 933/933/933 931/931/931 939/939/939
f 937/937/937 933/933/933 939/939/939
f 940/940/940 939/939/939 931/931/931
f 940/940/940 931/931/931 934/934/934
f 937/937/937 939/939/939 941/941/941
f 940/940/940 941/941/941 939/939/939
f 942/942/942 937/937/937 941/941/941
f 941/941/941 940/940/940 943/943/943
f 942/942/942 941/941/941 943/943/943
f 937/937/937 942/942/942 944/944/944
f 944/944/944 936/936/936 937/937/937
f 943/943/943 945/945/945 942/942/942
f 945/945/945 944/944/944 942/942/942
f 946/946/946 943/943/943 940/940/940
f 946/946/946 940/940/940 934/934/934
f 947/947/947 936/936/936 944/944/944
f 947/947/947 938/938/938 936/936/936
f 944/944/944 945/945/945 948/948/948
f 949/949/949 944/944/944 948/948/948
f 949/949/949 948/948/948 945/945/945
f 944/944/944 949/949/949 947/947/947
f 945/945/945 950/950/950 949/949/949
f 947/947/947 951/951/951 938/938/938
f 947/947/947 949/949/949 952/952/952
f 951/951/951 953/953/953 938/938/938
f 954/954/954 951/951/951 947/947/947
f 951/951/951 954/954/954 953/953/953
f 955/955/955 954/954/954 947/947/947
f 955/955/955 947/947/947 952/952/952
f 956/956/956 952/952/952 949/949/949
f 949/949/949 950/950/950 956/956/956
f 952/952/952 956/956/956 957/957/957
f 953/953/953 954/954/954 958/958/958
f 957/957/957 956/956/956 959/959/959
f 959/959/959 956/956/956 950/950/950
f 960/960/960 952/952/952 957/957/957
f 960/960/960 955/955/955 952/952/952
f 960/960/960 957/957/957 961/961/961
f 955/955/955 960/960/960 962/962/962
f 961/961/961 957/957/957 963/963/963
f 959/959/959 963/963/963 957/957/957
f 964/964/964 960/960/960 961/961/961
f 962/962/962 960/960/960 964/964/964
f 964/964/964 961/961/961 963/963/963
f 955/955/955 962/962/962 965/965/965
f 962/962/962 964/964/964 965/965/965
f 965/965/965 966/966/966 955/955/955
f 954/954/954 955/955/955 966/966/966
f 965/965/965 964/964/964 967/967/967
f 968/968/968 966/966/966 965/965/965
f 967/967/967 968/968/968 965/965/965
f 954/954/954 966/966/966 969/969/969
f 954/954/954 969/969/969 958/958/958
f 968/968/968 970/970/970 966/966/966
f 970/970/970 969/969/969 966/966/966
f 958/958/958 969/969/969 971/971/971
f 971/971/971 953/953/953 958/958/958
f 969/969/969 970/970/970 972/972/972
f 969/969/969 972/972/972 971/971/971
f 972/972/972 970/970/970 814/814/814
f 972/972/972 814/814/814 811/811/811
f 972/972/972 811/811/811 971/971/971
f 817/817/817 814/814/814 970/970/970
f 970/970/970 968/968/968 817/817/817
f 973/973/973 971/971/971 811/811/811
f 973/973/973 953/953/953 971/971/971
f 811/811/811 902/902/902 973/973/973
f 953/953/953 973/973/973 974/974/974
f 973/973/973 902/902/902 974/974/974
f 953/953/953 974/974/974 938/938/938
f 903/903/903 974/974/974 902/902/902
f 974/974/974 911/911/911 938/938/938
f 974/974/974 903/903/903 911/911/911
f 817/817/817 968/968/968 975/975/975
f 968/968/968 967/967/967 975/975/975
f 817/817/817 975/975/975 976/976/976
f 818/818/818 817/817/817 976/976/976
f 976/976/976 975/975/975 977/977/977
f 975/975/975 978/978/978 977/977/977
f 976/976/976 977/977/977 978/978/978
f 967/967/967 978/978/978 975/975/975
f 976/976/976 979/979/979 818/818/818
f 976/976/976 978/978/978 979/979/979
f 818/818/818 979/979/979 821/821/821
f 967/967/967 980/980/980 978/978/978
f 979/979/979 978/978/978 980/980/980
f 980/980/980 967/967/967 981/981/981
f 982/982/982 981/981/981 967/967/967
f 982/982/982 967/967/967 964/964/964
f 981/981/981 983/983/983 980/980/980
f 982/982/982 983/983/983 981/981/981
f 980/980/980 984/984/984 979/979/979
f 980/980/980 983/983/983 984/984/984
f 984/984/984 985/985/985 979/979/979
f 985/985/985 821/821/821 979/979/979
f 986/986/986 982/982/982 964/964/964
f 987/987/987 985/985/985 984/984/984
f 987/987/987 984/984/984 983/983/983
f 985/985/985 988/988/988 821/821/821
f 985/985/985 987/987/987 988/988/988
f 963/963/963 986/986/986 964/964/964
f 821/821/821 988/988/988 989/989/989
f 989/989/989 825/825/825 821/821/821
f 990/990/990 988/988/988 987/987/987
f 987/987/987 983/983/983 990/990/990
f 990/990/990 991/991/991 988/988/988
f 989/989/989 988/988/988 992/992/992
f 988/988/988 991/991/991 992/992/992
f 993/993/993 825/825/825 989/989/989
f 994/994/994 993/993/993 989/989/989
f 989/989/989 992/992/992 994/994/994
f 993/993/993 995/995/995 825/825/825
f 827/827/827 825/825/825 995/995/995
f 993/993/993 994/994/994 996/996/996
f 993/993/993 996/996/996 995/995/995
f 994/994/994 997/997/997 996/996/996
f 997/997/997 994/994/994 992/992/992
f 998/998/998 996/996/996 997/997/997
f 998/998/998 997/997/997 992/992/992
f 996/996/996 999/999/999 995/995/995
f 998/998/998 999/999/999 996/996/996
f 1000/1000/1000 827/827/827 995/995/995
f 999/999/999 1000/1000/1000 995/995/995
f 826/826/826 827/827/827 1000/1000/1000
f 998/998/998 1001/1001/1001 999/999/999
f 1001/1001/1001 1000/1000/1000 999/999/999
f 1000/1000/1000 828/828/828 826/826/826
f 998/998/998 1002/1002/1002 1001/1001/1001
f 998/998/998 992/992/992 1003/1003/1003
f 1003/1003/1003 1002/1002/1002 998/998/998
f 992/992/992 1004/1004/1004 1003/1003/1003
f 828/828/828 1000/1000/1000 1005/1005/1005
f 1001/1001/1001 1006/1006/1006 1000/1000/1000
f 1000/1000/1000 1006/1006/1006 1005/1005/1005
f 1007/1007/1007 1006/1006/1006 1001/1001/1001
f 1007/1007/1007 1001/1001/1001 1002/1002/1002
f 1002/1002/1002 1003/1003/1003 1008/1008/1008
f 1009/1009/1009 1008/1008/1008 1003/1003/1003
f 1004/1004/1004 1009/1009/1009 1003/1003/1003
f 1010/1010/1010 1002/1002/1002 1008/1008/1008
f 1010/1010/1010 1008/1008/1008 1009/1009/1009
f 1004/1004/1004 992/992/992 991/991/991
f 1011/1011/1011 1009/1009/1009 1004/1004/1004
f 991/991/991 1012/1012/1012 1004/1004/1004
f 1004/1004/1004 1012/1012/1012 1011/1011/1011
f 1013/1013/1013 1009/1009/1009 1011/1011/1011
f 1013/1013/1013 1010/1010/1010 1009/1009/1009
f 1002/1002/1002 1010/1010/1010 1014/1014/1014
f 1007/1007/1007 1002/1002/1002 1014/1014/1014
f 1014/1014/1014 1010/1010/1010 1015/1015/1015
f 1016/1016/1016 1007/1007/1007 1014/1014/1014
f 1014/1014/1014 1015/1015/1015 1016/1016/1016
f 1017/1017/1017 1010/1010/1010 1013/1013/1013
f 1010/1010/1010 1017/1017/1017 1015/1015/1015
f 1013/1013/1013 1011/1011/1011 1018/1018/1018
f 1015/1015/1015 1017/1017/1017 1019/1019/1019
f 1020/1020/1020 1017/1017/1017 1013/1013/1013
f 1019/1019/1019 1017/1017/1017 1020/1020/1020
f 1018/1018/1018 1020/1020/1020 1013/1013/1013
f 1018/1018/1018 1021/1021/1021 1020/1020/1020
f 1021/1021/1021 1022/1022/1022 1020/1020/1020
f 1020/1020/1020 1022/1022/1022 1019/1019/1019
f 1021/1021/1021 1023/1023/1023 1022/1022/1022
f 1023/1023/1023 1021/1021/1021 1018/1018/1018
f 1019/1019/1019 1022/1022/1022 1024/1024/1024
f 1015/1015/1015 1019/1019/1019 1025/1025/1025
f 1025/1025/1025 1019/1019/1019 1026/1026/1026
f 1026/1026/1026 1019/1019/1019 1024/1024/1024
f 1025/1025/1025 1027/1027/1027 1015/1015/1015
f 1016/1016/1016 1015/1015/1015 1027/1027/1027
f 1025/1025/1025 1026/1026/1026 1028/1028/1028
f 1027/1027/1027 1025/1025/1025 1028/1028/1028
f 1016/1016/1016 1027/1027/1027 1029/1029/1029
f 1027/1027/1027 1028/1028/1028 1030/1030/1030
f 1027/1027/1027 1030/1030/1030 1029/1029/1029
f 1028/1028/1028 1031/1031/1031 1030/1030/1030
f 1028/1028/1028 1032/1032/1032 1031/1031/1031
f 1031/1031/1031 1033/1033/1033 1030/1030/1030
f 1031/1031/1031 1032/1032/1032 1033/1033/1033
f 865/865/865 1030/1030/1030 1033/1033/1033
f 1029/1029/1029 1030/1030/1030 865/865/865
f 1029/1029/1029 865/865/865 853/853/853
f 865/865/865 1033/1033/1033 1034/1034/1034
f 865/865/865 1034/1034/1034 862/862/862
f 1033/1033/1033 1032/1032/1032 1035/1035/1035
f 1034/1034/1034 1033/1033/1033 1035/1035/1035
f 862/862/862 1034/1034/1034 1036/1036/1036
f 1034/1034/1034 1035/1035/1035 1036/1036/1036
f 720/720/720 862/862/862 1036/1036/1036
f 1029/1029/1029 853/853/853 1037/1037/1037
f 1037/1037/1037 853/853/853 854/854/854
f 1037/1037/1037 1038/1038/1038 1029/1029/1029
f 1029/1029/1029 1038/1038/1038 1016/1016/1016
f 1037/1037/1037 854/854/854 1039/1039/1039
f 1038/1038/1038 1037/1037/1037 1039/1039/1039
f 843/843/843 1039/1039/1039 854/854/854
f 1038/1038/1038 1040/1040/1040 1016/1016/1016
f 1039/1039/1039 1040/1040/1040 1038/1038/1038
f 1016/1016/1016 1040/1040/1040 1007/1007/1007
f 1039/1039/1039 843/843/843 1041/1041/1041
f 1041/1041/1041 1040/1040/1040 1039/1039/1039
f 1007/1007/1007 1040/1040/1040 1042/1042/1042
f 1041/1041/1041 1042/1042/1042 1040/1040/1040
f 1042/1042/1042 1006/1006/1006 1007/1007/1007
f 1006/1006/1006 1042/1042/1042 1005/1005/1005
f 1005/1005/1005 1042/1042/1042 1041/1041/1041
f 843/843/843 841/841/841 1041/1041/1041
f 1005/1005/1005 1041/1041/1041 841/841/841
f 841/841/841 1043/1043/1043 1005/1005/1005
f 828/828/828 1005/1005/1005 1043/1043/1043
f 841/841/841 1044/1044/1044 1043/1043/1043
f 1043/1043/1043 1044/1044/1044 828/828/828
f 832/832/832 1044/1044/1044 841/841/841
f 829/829/829 828/828/828 1044/1044/1044
f 832/832/832 829/829/829 1045/1045/1045
f 1044/1044/1044 1045/1045/1045 829/829/829
f 1044/1044/1044 832/832/832 1045/1045/1045
f 1046/1046/1046 270/270/270 271/271/271
f 1046/1046/1046 271/271/271 277/277/277
f 270/270/270 1046/1046/1046 1047/1047/1047
f 270/270/270 1047/1047/1047 932/932/932
f 1046/1046/1046 277/277/277 1048/1048/1048
f 1047/1047/1047 1046/1046/1046 1048/1048/1048
f 932/932/932 1047/1047/1047 1049/1049/1049
f 934/934/934 932/932/932 1049/1049/1049
f 1047/1047/1047 1050/1050/1050 1049/1049/1049
f 1049/1049/1049 1050/1050/1050 934/934/934
f 1050/1050/1050 1047/1047/1047 1048/1048/1048
f 1051/1051/1051 934/934/934 1050/1050/1050
f 1051/1051/1051 1050/1050/1050 1048/1048/1048
f 934/934/934 1051/1051/1051 946/946/946
f 277/277/277 1052/1052/1052 1048/1048/1048
f 1051/1051/1051 1048/1048/1048 1052/1052/1052
f 282/282/282 1052/1052/1052 277/277/277
f 295/295/295 1052/1052/1052 282/282/282
f 1052/1052/1052 1053/1053/1053 1051/1051/1051
f 1053/1053/1053 946/946/946 1051/1051/1051
f 1052/1052/1052 295/295/295 1054/1054/1054
f 1053/1053/1053 1052/1052/1052 1054/1054/1054
f 1054/1054/1054 295/295/295 453/453/453
f 1055/1055/1055 946/946/946 1053/1053/1053
f 1055/1055/1055 943/943/943 946/946/946
f 1054/1054/1054 1056/1056/1056 1053/1053/1053
f 1055/1055/1055 1053/1053/1053 1056/1056/1056
f 1057/1057/1057 943/943/943 1055/1055/1055
f 1056/1056/1056 1057/1057/1057 1055/1055/1055
f 1057/1057/1057 945/945/945 943/943/943
f 950/950/950 945/945/945 1057/1057/1057
f 1056/1056/1056 950/950/950 1057/1057/1057
f 950/950/950 1056/1056/1056 1054/1054/1054
f 950/950/950 1054/1054/1054 453/453/453
f 959/959/959 950/950/950 453/453/453
f 453/453/453 454/454/454 959/959/959
f 959/959/959 454/454/454 963/963/963
f 963/963/963 454/454/454 1058/1058/1058
f 454/454/454 459/459/459 1058/1058/1058
f 963/963/963 1058/1058/1058 1059/1059/1059
f 963/963/963 1059/1059/1059 986/986/986
f 1058/1058/1058 986/986/986 1059/1059/1059
f 1058/1058/1058 459/459/459 1060/1060/1060
f 1058/1058/1058 1060/1060/1060 986/986/986
f 460/460/460 1060/1060/1060 459/459/459
f 1060/1060/1060 1061/1061/1061 986/986/986
f 1061/1061/1061 982/982/982 986/986/986
f 1061/1061/1061 983/983/983 982/982/982
f 1062/1062/1062 1060/1060/1060 460/460/460
f 1060/1060/1060 1062/1062/1062 1061/1061/1061
f 460/460/460 465/465/465 1062/1062/1062
f 1063/1063/1063 1061/1061/1061 1062/1062/1062
f 1063/1063/1063 1062/1062/1062 465/465/465
f 983/983/983 1061/1061/1061 1063/1063/1063
f 1064/1064/1064 983/983/983 1063/1063/1063
f 1064/1064/1064 1063/1063/1063 465/465/465
f 983/983/983 1064/1064/1064 990/990/990
f 465/465/465 1065/1065/1065 1064/1064/1064
f 990/990/990 1064/1064/1064 1065/1065/1065
f 472/472/472 1065/1065/1065 465/465/465
f 1065/1065/1065 991/991/991 990/990/990
f 479/479/479 1065/1065/1065 472/472/472
f 1065/1065/1065 479/479/479 991/991/991
f 479/479/479 1012/1012/1012 991/991/991
f 479/479/479 1066/1066/1066 1012/1012/1012
f 1066/1066/1066 479/479/479 474/474/474
f 1066/1066/1066 474/474/474 476/476/476
f 1066/1066/1066 1067/1067/1067 1012/1012/1012
f 1066/1066/1066 476/476/476 1067/1067/1067
f 1067/1067/1067 1068/1068/1068 1012/1012/1012
f 1011/1011/1011 1012/1012/1012 1068/1068/1068
f 1018/1018/1018 1011/1011/1011 1068/1068/1068
f 1067/1067/1067 1069/1069/1069 1068/1068/1068
f 1068/1068/1068 1069/1069/1069 1018/1018/1018
f 1070/1070/1070 1069/1069/1069 1067/1067/1067
f 1069/1069/1069 1070/1070/1070 1018/1018/1018
f 476/476/476 1070/1070/1070 1067/1067/1067
f 1070/1070/1070 1071/1071/1071 1018/1018/1018
f 1072/1072/1072 1070/1070/1070 476/476/476
f 1070/1070/1070 1072/1072/1072 1071/1071/1071
f 1072/1072/1072 476/476/476 477/477/477
f 1071/1071/1071 1023/1023/1023 1018/1018/1018
f 477/477/477 1073/1073/1073 1072/1072/1072
f 1073/1073/1073 1071/1071/1071 1072/1072/1072
f 477/477/477 478/478/478 1073/1073/1073
f 1074/1074/1074 1071/1071/1071 1073/1073/1073
f 1074/1074/1074 1023/1023/1023 1071/1071/1071
f 1073/1073/1073 478/478/478 1074/1074/1074
f 1023/1023/1023 1074/1074/1074 1075/1075/1075
f 1076/1076/1076 1074/1074/1074 478/478/478
f 1076/1076/1076 1075/1075/1075 1074/1074/1074
f 1077/1077/1077 1076/1076/1076 478/478/478
f 1075/1075/1075 1076/1076/1076 1078/1078/1078
f 1077/1077/1077 1078/1078/1078 1076/1076/1076
f 1079/1079/1079 1023/1023/1023 1075/1075/1075
f 1022/1022/1022 1023/1023/1023 1079/1079/1079
f 1022/1022/1022 1079/1079/1079 1024/1024/1024
f 1075/1075/1075 1078/1078/1078 1080/1080/1080
f 1080/1080/1080 1078/1078/1078 1077/1077/1077
f 1079/1079/1079 1075/1075/1075 1081/1081/1081
f 1081/1081/1081 1075/1075/1075 1080/1080/1080
f 1082/1082/1082 1024/1024/1024 1079/1079/1079
f 1081/1081/1081 1082/1082/1082 1079/1079/1079
f 1080/1080/1080 1077/1077/1077 1083/1083/1083
f 1081/1081/1081 1080/1080/1080 1084/1084/1084
f 1083/1083/1083 1084/1084/1084 1080/1080/1080
f 1085/1085/1085 1082/1082/1082 1081/1081/1081
f 1084/1084/1084 1085/1085/1085 1081/1081/1081
f 1086/1086/1086 1024/1024/1024 1082/1082/1082
f 1086/1086/1086 1082/1082/1082 1085/1085/1085
f 1087/1087/1087 1024/1024/1024 1086/1086/1086
f 1026/1026/1026 1024/1024/1024 1087/1087/1087
f 1088/1088/1088 1026/1026/1026 1087/1087/1087
f 1028/1028/1028 1026/1026/1026 1088/1088/1088
f 1088/1088/1088 1032/1032/1032 1028/1028/1028
f 1088/1088/1088 1035/1035/1035 1032/1032/1032
f 1087/1087/1087 1089/1089/1089 1088/1088/1088
f 1087/1087/1087 1086/1086/1086 1089/1089/1089
f 1035/1035/1035 1088/1088/1088 1090/1090/1090
f 1088/1088/1088 1089/1089/1089 1091/1091/1091
f 1088/1088/1088 1091/1091/1091 1090/1090/1090
f 1091/1091/1091 1089/1089/1089 1092/1092/1092
f 1089/1089/1089 1086/1086/1086 1092/1092/1092
f 1090/1090/1090 1091/1091/1091 1093/1093/1093
f 1092/1092/1092 1086/1086/1086 1094/1094/1094
f 1091/1091/1091 1092/1092/1092 1095/1095/1095
f 1095/1095/1095 1093/1093/1093 1091/1091/1091
f 583/583/583 1092/1092/1092 1094/1094/1094
f 1095/1095/1095 1092/1092/1092 583/583/583
f 1086/1086/1086 1096/1096/1096 1094/1094/1094
f 1096/1096/1096 583/583/583 1094/1094/1094
f 1096/1096/1096 1086/1086/1086 1085/1085/1085
f 1096/1096/1096 578/578/578 583/583/583
f 1096/1096/1096 579/579/579 578/578/578
f 579/579/579 1096/1096/1096 1085/1085/1085
f 1085/1085/1085 1097/1097/1097 579/579/579
f 1097/1097/1097 1085/1085/1085 1084/1084/1084
f 579/579/579 1097/1097/1097 1098/1098/1098
f 1084/1084/1084 1098/1098/1098 1097/1097/1097
f 569/569/569 579/579/579 1098/1098/1098
f 1098/1098/1098 564/564/564 569/569/569
f 564/564/564 1098/1098/1098 566/566/566
f 1098/1098/1098 1084/1084/1084 1099/1099/1099
f 566/566/566 1098/1098/1098 1100/1100/1100
f 1100/1100/1100 1098/1098/1098 1099/1099/1099
f 1099/1099/1099 1084/1084/1084 1101/1101/1101
f 1101/1101/1101 1100/1100/1100 1099/1099/1099
f 566/566/566 1100/1100/1100 1101/1101/1101
f 1084/1084/1084 1083/1083/1083 1101/1101/1101
f 1102/1102/1102 566/566/566 1101/1101/1101
f 1083/1083/1083 1102/1102/1102 1101/1101/1101
f 566/566/566 1102/1102/1102 562/562/562
f 562/562/562 1102/1102/1102 563/563/563
f 1102/1102/1102 1083/1083/1083 563/563/563
f 1083/1083/1083 1103/1103/1103 563/563/563
f 1077/1077/1077 1103/1103/1103 1083/1083/1083
f 563/563/563 1103/1103/1103 1104/1104/1104
f 1077/1077/1077 1105/1105/1105 1103/1103/1103
f 1103/1103/1103 1105/1105/1105 1104/1104/1104
f 1077/1077/1077 478/478/478 1105/1105/1105
f 478/478/478 480/480/480 1105/1105/1105
f 1105/1105/1105 480/480/480 483/483/483
f 1104/1104/1104 1105/1105/1105 483/483/483
f 563/563/563 1104/1104/1104 560/560/560
f 483/483/483 1106/1106/1106 1104/1104/1104
f 1106/1106/1106 483/483/483 486/486/486
f 560/560/560 1104/1104/1104 1107/1107/1107
f 1104/1104/1104 1106/1106/1106 1107/1107/1107
f 560/560/560 1107/1107/1107 549/549/549
f 1108/1108/1108 1106/1106/1106 486/486/486
f 1106/1106/1106 1108/1108/1108 1107/1107/1107
f 497/497/497 1108/1108/1108 486/486/486
f 549/549/549 1107/1107/1107 1109/1109/1109
f 1107/1107/1107 1108/1108/1108 1109/1109/1109
f 549/549/549 1109/1109/1109 497/497/497
f 1109/1109/1109 1108/1108/1108 497/497/497
f 37/37/37 1110/1110/1110 11/11/11
f 37/37/37 95/95/95 1110/1110/1110
f 1110/1110/1110 95/95/95 121/121/121
f 1110/1110/1110 1111/1111/1111 11/11/11
f 1111/1111/1111 10/10/10 11/11/11
f 1110/1110/1110 121/121/121 1112/1112/1112
f 1110/1110/1110 1112/1112/1112 1111/1111/1111
f 1111/1111/1111 1113/1113/1113 10/10/10
f 1111/1111/1111 1112/1112/1112 1113/1113/1113
f 1114/1114/1114 10/10/10 1113/1113/1113
f 10/10/10 1114/1114/1114 15/15/15
f 1113/1113/1113 1112/1112/1112 1115/1115/1115
f 1112/1112/1112 121/121/121 1115/1115/1115
f 1115/1115/1115 1114/1114/1114 1113/1113/1113
f 1116/1116/1116 1115/1115/1115 121/121/121
f 1116/1116/1116 1114/1114/1114 1115/1115/1115
f 1116/1116/1116 15/15/15 1114/1114/1114
f 121/121/121 25/25/25 1116/1116/1116
f 25/25/25 15/15/15 1116/1116/1116
f 138/138/138 137/137/137 1117/1117/1117
f 137/137/137 1118/1118/1118 1117/1117/1117
f 1117/1117/1117 1118/1118/1118 138/138/138
f 137/137/137 133/133/133 1118/1118/1118
f 133/133/133 644/644/644 1118/1118/1118
f 1118/1118/1118 644/644/644 1119/1119/1119
f 641/641/641 1119/1119/1119 644/644/644
f 1120/1120/1120 1118/1118/1118 1119/1119/1119
f 1120/1120/1120 1119/1119/1119 641/641/641
f 138/138/138 1118/1118/1118 1121/1121/1121
f 1118/1118/1118 1120/1120/1120 1121/1121/1121
f 1121/1121/1121 1122/1122/1122 138/138/138
f 138/138/138 1122/1122/1122 141/141/141
f 141/141/141 1122/1122/1122 1123/1123/1123
f 1122/1122/1122 1121/1121/1121 1123/1123/1123
f 141/141/141 1123/1123/1123 167/167/167
f 167/167/167 1123/1123/1123 1121/1121/1121
f 1121/1121/1121 1120/1120/1120 167/167/167
f 1120/1120/1120 1124/1124/1124 167/167/167
f 1120/1120/1120 641/641/641 1124/1124/1124
f 167/167/167 1124/1124/1124 168/168/168
f 1124/1124/1124 1125/1125/1125 168/168/168
f 1124/1124/1124 641/641/641 1125/1125/1125
f 1125/1125/1125 169/169/169 168/168/168
f 1125/1125/1125 641/641/641 1126/1126/1126
f 1126/1126/1126 641/641/641 633/633/633
f 632/632/632 1126/1126/1126 633/633/633
f 1126/1126/1126 632/632/632 1127/1127/1127
f 1125/1125/1125 1126/1126/1126 1127/1127/1127
f 1128/1128/1128 1127/1127/1127 632/632/632
f 1127/1127/1127 1128/1128/1128 1129/1129/1129
f 1125/1125/1125 1127/1127/1127 1130/1130/1130
f 1130/1130/1130 1127/1127/1127 1129/1129/1129
f 1125/1125/1125 1130/1130/1130 169/169/169
f 1129/1129/1129 172/172/172 1130/1130/1130
f 172/172/172 169/169/169 1130/1130/1130
f 583/583/583 576/576/576 1131/1131/1131
f 1131/1131/1131 1132/1132/1132 583/583/583
f 1131/1131/1131 576/576/576 1133/1133/1133
f 576/576/576 580/580/580 1133/1133/1133
f 1095/1095/1095 583/583/583 1132/1132/1132
f 1131/1131/1131 1133/1133/1133 1134/1134/1134
f 1131/1131/1131 1134/1134/1134 1132/1132/1132
f 1133/1133/1133 580/580/580 1135/1135/1135
f 1134/1134/1134 1133/1133/1133 1135/1135/1135
f 1135/1135/1135 580/580/580 582/582/582
f 670/670/670 1135/1135/1135 582/582/582
f 1136/1136/1136 1135/1135/1135 670/670/670
f 1135/1135/1135 1136/1136/1136 1134/1134/1134
f 670/670/670 675/675/675 1136/1136/1136
f 675/675/675 1137/1137/1137 1136/1136/1136
f 1136/1136/1136 1137/1137/1137 1134/1134/1134
f 677/677/677 1137/1137/1137 675/675/675
f 1134/1134/1134 1137/1137/1137 1138/1138/1138
f 1132/1132/1132 1134/1134/1134 1138/1138/1138
f 1139/1139/1139 1137/1137/1137 677/677/677
f 1138/1138/1138 1137/1137/1137 1139/1139/1139
f 679/679/679 1139/1139/1139 677/677/677
f 1139/1139/1139 679/679/679 699/699/699
f 1140/1140/1140 1138/1138/1138 1139/1139/1139
f 699/699/699 1140/1140/1140 1139/1139/1139
f 1138/1138/1138 1140/1140/1140 1132/1132/1132
f 1140/1140/1140 699/699/699 1141/1141/1141
f 1132/1132/1132 1140/1140/1140 1142/1142/1142
f 1142/1142/1142 1140/1140/1140 1141/1141/1141
f 1142/1142/1142 1095/1095/1095 1132/1132/1132
f 1141/1141/1141 699/699/699 1143/1143/1143
f 1141/1141/1141 1143/1143/1143 1142/1142/1142
f 698/698/698 1143/1143/1143 699/699/699
f 1142/1142/1142 1144/1144/1144 1095/1095/1095
f 1093/1093/1093 1095/1095/1095 1144/1144/1144
f 1144/1144/1144 1142/1142/1142 1145/1145/1145
f 1145/1145/1145 1093/1093/1093 1144/1144/1144
f 1143/1143/1143 1145/1145/1145 1142/1142/1142
f 698/698/698 1146/1146/1146 1143/1143/1143
f 1146/1146/1146 698/698/698 702/702/702
f 702/702/702 712/712/712 1146/1146/1146
f 1146/1146/1146 1147/1147/1147 1143/1143/1143
f 1147/1147/1147 1145/1145/1145 1143/1143/1143
f 712/712/712 1148/1148/1148 1146/1146/1146
f 1146/1146/1146 1148/1148/1148 1147/1147/1147
f 1148/1148/1148 712/712/712 718/718/718
f 718/718/718 1149/1149/1149 1148/1148/1148
f 1149/1149/1149 1147/1147/1147 1148/1148/1148
f 720/720/720 1149/1149/1149 718/718/718
f 1036/1036/1036 1149/1149/1149 720/720/720
f 1149/1149/1149 1150/1150/1150 1147/1147/1147
f 1149/1149/1149 1036/1036/1036 1150/1150/1150
f 1147/1147/1147 1150/1150/1150 1145/1145/1145
f 1150/1150/1150 1036/1036/1036 1035/1035/1035
f 1150/1150/1150 1151/1151/1151 1145/1145/1145
f 1035/1035/1035 1151/1151/1151 1150/1150/1150
f 1145/1145/1145 1151/1151/1151 1093/1093/1093
f 1035/1035/1035 1090/1090/1090 1151/1151/1151
f 1090/1090/1090 1093/1093/1093 1151/1151/1151
