# Exported from Godot Engine
o MS_Rock_Cliff_Collider
v 0.263052 0.190535 2.359178
vn 0.367568 0.683255 0.630917
v 0.222887 0.358925 2.189967
vn 0.367568 0.683255 0.630917
v 0.438376 0.176814 2.261667
vn 0.367568 0.683255 0.630917
v 0.317753 0.356411 2.147622
vn 0.367568 0.683255 0.630917
v 0.058273 0.107705 2.261920
vn -0.453037 0.506617 0.733551
v 0.026651 0.299873 2.137584
vn -0.453037 0.506617 0.733551
v 0.263052 0.190535 2.359178
vn -0.453037 0.506617 0.733551
v 0.222887 0.358925 2.189967
vn -0.453037 0.506617 0.733551
v 0.438376 0.176814 2.261667
vn 0.521326 0.345825 0.780144
v 0.467830 -0.044378 2.326534
vn 0.521326 0.345825 0.780144
v 0.263052 0.190535 2.359178
vn 0.521326 0.345825 0.780144
v 0.273316 -0.029041 2.463269
vn 0.521326 0.345825 0.780144
v 0.438376 0.176814 2.261667
vn 0.441515 0.635760 0.633146
v 0.317753 0.356411 2.147622
vn 0.441515 0.635760 0.633146
v 0.609811 0.166684 2.134463
vn 0.441515 0.635760 0.633146
v 0.525273 0.354579 2.022527
vn 0.441515 0.635760 0.633146
v 0.525273 0.354579 2.022527
vn 0.424159 0.373087 0.825164
v 0.317753 0.356411 2.147622
vn 0.424159 0.373087 0.825164
v 0.474652 0.575268 1.967952
vn 0.424159 0.373087 0.825164
v 0.232067 0.566288 2.077525
vn 0.424159 0.373087 0.825164
v 0.222887 0.358925 2.189967
vn -0.230111 0.379414 0.896155
v 0.026651 0.299873 2.137584
vn -0.230111 0.379414 0.896155
v 0.232067 0.566288 2.077525
vn -0.230111 0.379414 0.896155
v -0.004588 0.537157 2.056100
vn -0.230111 0.379414 0.896155
v -0.160276 0.047144 2.205150
vn -0.371065 0.485898 0.791337
v -0.177489 0.245779 2.066475
vn -0.371065 0.485898 0.791337
v 0.058273 0.107705 2.261920
vn -0.371065 0.485898 0.791337
v 0.026651 0.299873 2.137584
vn -0.371065 0.485898 0.791337
v 0.084540 -0.101562 2.363901
vn -0.523358 0.332454 0.784583
v 0.058273 0.107705 2.261920
vn -0.523358 0.332454 0.784583
v 0.273316 -0.029041 2.463269
vn -0.523358 0.332454 0.784583
v 0.263052 0.190535 2.359178
vn -0.523358 0.332454 0.784583
v 0.655778 -0.047719 2.194607
vn 0.562618 0.316462 0.763749
v 0.467830 -0.044378 2.326534
vn 0.562618 0.316462 0.763749
v 0.609811 0.166684 2.134463
vn 0.562618 0.316462 0.763749
v 0.438376 0.176814 2.261667
vn 0.562618 0.316462 0.763749
v 0.273316 -0.029041 2.463269
vn 0.563051 0.315652 0.763765
v 0.467830 -0.044378 2.326534
vn 0.563051 0.315652 0.763765
v 0.318518 -0.254040 2.523243
vn 0.563051 0.315652 0.763765
v 0.512012 -0.263810 2.384315
vn 0.563051 0.315652 0.763765
v 0.733112 0.382165 1.927294
vn 0.400634 0.505349 0.764274
v 0.791128 0.171785 2.003970
vn 0.400634 0.505349 0.764274
v 0.525273 0.354579 2.022527
vn 0.400634 0.505349 0.764274
v 0.609811 0.166684 2.134463
vn 0.400634 0.505349 0.764274
v 0.474652 0.575268 1.967952
vn 0.365190 0.303272 0.880149
v 0.689950 0.602782 1.868669
vn 0.365190 0.303272 0.880149
v 0.525273 0.354579 2.022527
vn 0.365190 0.303272 0.880149
v 0.733112 0.382165 1.927294
vn 0.365190 0.303272 0.880149
v 0.232067 0.566288 2.077525
vn 0.337080 0.378861 0.861883
v 0.211475 0.770203 1.985244
vn 0.337080 0.378861 0.861883
v 0.474652 0.575268 1.967952
vn 0.337080 0.378861 0.861883
v 0.437866 0.784499 1.901145
vn 0.337080 0.378861 0.861883
v -0.023396 0.767509 2.048340
vn 0.070274 0.230025 0.970644
v 0.211475 0.770203 1.985244
vn 0.070274 0.230025 0.970644
v -0.004588 0.537157 2.056100
vn 0.070274 0.230025 0.970644
v 0.232067 0.566288 2.077525
vn 0.070274 0.230025 0.970644
v 0.026651 0.299873 2.137584
vn -0.323715 0.224870 0.919044
v -0.177489 0.245779 2.066475
vn -0.323715 0.224870 0.919044
v -0.004588 0.537157 2.056100
vn -0.323715 0.224870 0.919044
v -0.222436 0.492797 2.002705
vn -0.323715 0.224870 0.919044
v -0.392723 0.195132 2.034927
vn -0.370491 0.388564 0.843655
v -0.177489 0.245779 2.066475
vn -0.370491 0.388564 0.843655
v -0.359571 -0.030298 2.113713
vn -0.370491 0.388564 0.843655
v -0.160276 0.047144 2.205150
vn -0.370491 0.388564 0.843655
v -0.160276 0.047144 2.205150
vn -0.388756 0.292329 0.873735
v 0.058273 0.107705 2.261920
vn -0.388756 0.292329 0.873735
v -0.115648 -0.175915 2.279381
vn -0.388756 0.292329 0.873735
v 0.084540 -0.101562 2.363901
vn -0.388756 0.292329 0.873735
v 0.125598 -0.318444 2.436782
vn -0.479075 0.165667 0.861998
v 0.084540 -0.101562 2.363901
vn -0.479075 0.165667 0.861998
v 0.318518 -0.254040 2.523243
vn -0.479075 0.165667 0.861998
v 0.273316 -0.029041 2.463269
vn -0.479075 0.165667 0.861998
v 0.512012 -0.263810 2.384315
vn 0.593144 0.271046 0.758099
v 0.467830 -0.044378 2.326534
vn 0.593144 0.271046 0.758099
v 0.688994 -0.265355 2.232396
vn 0.593144 0.271046 0.758099
v 0.655778 -0.047719 2.194607
vn 0.593144 0.271046 0.758099
v 0.609811 0.166684 2.134463
vn 0.569746 0.309413 0.761350
v 0.791128 0.171785 2.003970
vn 0.569746 0.309413 0.761350
v 0.655778 -0.047719 2.194607
vn 0.569746 0.309413 0.761350
v 0.837987 -0.047467 2.050701
vn 0.569746 0.309413 0.761350
v 0.543761 -0.488127 2.418646
vn 0.608963 0.249482 0.752943
v 0.360404 -0.477279 2.577735
vn 0.608963 0.249482 0.752943
v 0.512012 -0.263810 2.384315
vn 0.608963 0.249482 0.752943
v 0.318518 -0.254040 2.523243
vn 0.608963 0.249482 0.752943
v 0.961925 0.172575 1.846568
vn 0.533655 0.274650 0.799862
v 0.791128 0.171785 2.003970
vn 0.533655 0.274650 0.799862
v 0.939229 0.403178 1.825733
vn 0.533655 0.274650 0.799862
v 0.733112 0.382165 1.927294
vn 0.533655 0.274650 0.799862
v 0.474652 0.575268 1.967952
vn 0.347071 0.324402 0.879946
v 0.437866 0.784499 1.901145
vn 0.347071 0.324402 0.879946
v 0.689950 0.602782 1.868669
vn 0.347071 0.324402 0.879946
v 0.650614 0.842472 1.800006
vn 0.347071 0.324402 0.879946
v 0.733112 0.382165 1.927294
vn 0.368855 0.269134 0.889670
v 0.689950 0.602782 1.868669
vn 0.368855 0.269134 0.889670
v 0.939229 0.403178 1.825733
vn 0.368855 0.269134 0.889670
v 0.901040 0.633709 1.781533
vn 0.368855 0.269134 0.889670
v 0.437866 0.784499 1.901145
vn 0.258705 0.765424 0.589235
v 0.211475 0.770203 1.985244
vn 0.258705 0.765424 0.589235
v 0.390879 0.895777 1.743321
vn 0.258705 0.765424 0.589235
v 0.186483 0.933169 1.818310
vn 0.258705 0.765424 0.589235
v 0.186483 0.933169 1.818310
vn 0.096148 0.763816 0.638233
v 0.211475 0.770203 1.985244
vn 0.096148 0.763816 0.638233
v -0.032831 0.918837 1.844122
vn 0.096148 0.763816 0.638233
v -0.023396 0.767509 2.048340
vn 0.096148 0.763816 0.638233
v -0.222436 0.492797 2.002705
vn -0.229054 0.004056 0.973405
v -0.262346 0.729650 1.994607
vn -0.229054 0.004056 0.973405
v -0.004588 0.537157 2.056100
vn -0.229054 0.004056 0.973405
v -0.023396 0.767509 2.048340
vn -0.229054 0.004056 0.973405
v -0.222436 0.492797 2.002705
vn -0.339194 0.290865 0.894620
v -0.177489 0.245779 2.066475
vn -0.339194 0.290865 0.894620
v -0.419819 0.418515 1.918437
vn -0.339194 0.290865 0.894620
v -0.392723 0.195132 2.034927
vn -0.339194 0.290865 0.894620
v -0.591509 -0.104507 2.056353
vn -0.306085 0.268348 0.913401
v -0.595908 0.126347 1.988449
vn -0.306085 0.268348 0.913401
v -0.359571 -0.030298 2.113713
vn -0.306085 0.268348 0.913401
v -0.392723 0.195132 2.034927
vn -0.306085 0.268348 0.913401
v -0.160276 0.047144 2.205150
vn -0.476862 0.180334 0.860280
v -0.115648 -0.175915 2.279381
vn -0.476862 0.180334 0.860280
v -0.359571 -0.030298 2.113713
vn -0.476862 0.180334 0.860280
v -0.314306 -0.253501 2.182797
vn -0.476862 0.180334 0.860280
v 0.125598 -0.318444 2.436782
vn -0.464786 0.172361 0.868484
v -0.063114 -0.400053 2.344078
vn -0.464786 0.172361 0.868484
v 0.084540 -0.101562 2.363901
vn -0.464786 0.172361 0.868484
v -0.115648 -0.175915 2.279381
vn -0.464786 0.172361 0.868484
v 0.318518 -0.254040 2.523243
vn -0.317796 0.321562 0.891966
v 0.360404 -0.477279 2.577735
vn -0.317796 0.321562 0.891966
v 0.125598 -0.318444 2.436782
vn -0.317796 0.321562 0.891966
v 0.147274 -0.520023 2.558080
vn -0.317796 0.321562 0.891966
v 0.688994 -0.265355 2.232396
vn 0.636460 0.206078 0.743270
v 0.723293 -0.485325 2.264787
vn 0.636460 0.206078 0.743270
v 0.512012 -0.263810 2.384315
vn 0.636460 0.206078 0.743270
v 0.543761 -0.488127 2.418646
vn 0.636460 0.206078 0.743270
v 0.688994 -0.265355 2.232396
vn 0.613535 0.214229 0.760053
v 0.655778 -0.047719 2.194607
vn 0.613535 0.214229 0.760053
v 0.871458 -0.264960 2.081659
vn 0.613535 0.214229 0.760053
v 0.837987 -0.047467 2.050701
vn 0.613535 0.214229 0.760053
v 0.837987 -0.047467 2.050701
vn 0.673044 0.262351 0.691508
v 0.791128 0.171785 2.003970
vn 0.673044 0.262351 0.691508
v 1.001899 -0.050125 1.883009
vn 0.673044 0.262351 0.691508
v 0.961925 0.172575 1.846568
vn 0.673044 0.262351 0.691508
v 0.624411 -0.685109 2.498781
vn 0.557858 0.442087 0.702392
v 0.430088 -0.689348 2.635600
vn 0.557858 0.442087 0.702392
v 0.543761 -0.488127 2.418646
vn 0.557858 0.442087 0.702392
v 0.360404 -0.477279 2.577735
vn 0.557858 0.442087 0.702392
v 1.122203 0.417725 1.683853
vn 0.615880 0.114651 0.779453
v 1.145155 0.183854 1.695240
vn 0.615880 0.114651 0.779453
v 0.939229 0.403178 1.825733
vn 0.615880 0.114651 0.779453
v 0.961925 0.172575 1.846568
vn 0.615880 0.114651 0.779453
v 0.901040 0.633709 1.781533
vn 0.319037 0.302947 0.898019
v 0.689950 0.602782 1.868669
vn 0.319037 0.302947 0.898019
v 0.859217 0.877135 1.715991
vn 0.319037 0.302947 0.898019
v 0.650614 0.842472 1.800006
vn 0.319037 0.302947 0.898019
v 0.901040 0.633709 1.781533
vn 0.513387 0.142981 0.846162
v 1.100017 0.661582 1.684528
vn 0.513387 0.142981 0.846162
v 0.939229 0.403178 1.825733
vn 0.513387 0.142981 0.846162
v 1.122203 0.417725 1.683853
vn 0.513387 0.142981 0.846162
v 0.167994 1.035504 1.602453
vn 0.283951 0.866626 0.410281
v 0.367354 0.994160 1.564241
vn 0.283951 0.866626 0.410281
v 0.186483 0.933169 1.818310
vn 0.283951 0.866626 0.410281
v 0.390879 0.895777 1.743321
vn 0.283951 0.866626 0.410281
v 0.167994 1.035504 1.602453
vn -0.027337 0.908945 0.416019
v 0.186483 0.933169 1.818310
vn -0.027337 0.908945 0.416019
v -0.039972 1.019376 1.615190
vn -0.027337 0.908945 0.416019
v -0.032831 0.918837 1.844122
vn -0.027337 0.908945 0.416019
v -0.023396 0.767509 2.048340
vn -0.126298 0.706830 0.696018
v -0.262346 0.729650 1.994607
vn -0.126298 0.706830 0.696018
v -0.032831 0.918837 1.844122
vn -0.126298 0.706830 0.696018
v -0.267447 0.912767 1.856522
vn -0.126298 0.706830 0.696018
v -0.469165 0.650160 1.889757
vn -0.420992 -0.009045 0.907019
v -0.262346 0.729650 1.994607
vn -0.420992 -0.009045 0.907019
v -0.419819 0.418515 1.918437
vn -0.420992 -0.009045 0.907019
v -0.222436 0.492797 2.002705
vn -0.420992 -0.009045 0.907019
v -0.392723 0.195132 2.034927
vn -0.247816 0.364460 0.897639
v -0.595908 0.126347 1.988449
vn -0.247816 0.364460 0.897639
v -0.419819 0.418515 1.918437
vn -0.247816 0.364460 0.897639
v -0.635117 0.352927 1.903928
vn -0.247816 0.364460 0.897639
v -0.314306 -0.253501 2.182797
vn -0.321367 0.189630 0.927774
v -0.532345 -0.325161 2.114134
vn -0.321367 0.189630 0.927774
v -0.359571 -0.030298 2.113713
vn -0.321367 0.189630 0.927774
v -0.591509 -0.104507 2.056353
vn -0.321367 0.189630 0.927774
v -0.115648 -0.175915 2.279381
vn -0.447299 0.194042 0.873081
v -0.063114 -0.400053 2.344078
vn -0.447299 0.194042 0.873081
v -0.314306 -0.253501 2.182797
vn -0.447299 0.194042 0.873081
v -0.269040 -0.468802 2.265969
vn -0.447299 0.194042 0.873081
v -0.061521 -0.583242 2.492539
vn -0.470383 0.487213 0.735774
v -0.063114 -0.400053 2.344078
vn -0.470383 0.487213 0.735774
v 0.147274 -0.520023 2.558080
vn -0.470383 0.487213 0.735774
v 0.125598 -0.318444 2.436782
vn -0.470383 0.487213 0.735774
v 0.360404 -0.477279 2.577735
vn -0.115320 0.247365 0.962035
v 0.430088 -0.689348 2.635600
vn -0.115320 0.247365 0.962035
v 0.147274 -0.520023 2.558080
vn -0.115320 0.247365 0.962035
v 0.199106 -0.726273 2.622441
vn -0.115320 0.247365 0.962035
v 0.899000 -0.479183 2.105614
vn 0.640803 0.187877 0.744361
v 0.723293 -0.485325 2.264787
vn 0.640803 0.187877 0.744361
v 0.871458 -0.264960 2.081659
vn 0.640803 0.187877 0.744361
v 0.688994 -0.265355 2.232396
vn 0.640803 0.187877 0.744361
v 0.543761 -0.488127 2.418646
vn 0.605325 0.460577 0.649192
v 0.723293 -0.485325 2.264787
vn 0.605325 0.460577 0.649192
v 0.624411 -0.685109 2.498781
vn 0.605325 0.460577 0.649192
v 0.789598 -0.684822 2.328895
vn 0.605325 0.460577 0.649192
v 1.001899 -0.050125 1.883009
vn 0.675512 0.235669 0.698673
v 1.045890 -0.267079 1.923667
vn 0.675512 0.235669 0.698673
v 0.837987 -0.047467 2.050701
vn 0.675512 0.235669 0.698673
v 0.871458 -0.264960 2.081659
vn 0.675512 0.235669 0.698673
v 0.961925 0.172575 1.846568
vn 0.710446 0.121291 0.693221
v 1.145155 0.183854 1.695240
vn 0.710446 0.121291 0.693221
v 1.001899 -0.050125 1.883009
vn 0.710446 0.121291 0.693221
v 1.142987 -0.046318 1.699290
vn 0.710446 0.121291 0.693221
v 1.352547 0.206770 1.534296
vn 0.598191 0.088596 0.796441
v 1.145155 0.183854 1.695240
vn 0.598191 0.088596 0.796441
v 1.311872 0.438954 1.541635
vn 0.598191 0.088596 0.796441
v 1.122203 0.417725 1.683853
vn 0.598191 0.088596 0.796441
v 1.041044 0.921459 1.629277
vn 0.371673 0.286279 0.883121
v 1.100017 0.661582 1.684528
vn 0.371673 0.286279 0.883121
v 0.859217 0.877135 1.715991
vn 0.371673 0.286279 0.883121
v 0.901040 0.633709 1.781533
vn 0.371673 0.286279 0.883121
v 0.580739 0.972429 1.547202
vn -0.042109 0.838624 0.543080
v 0.814079 1.028679 1.525017
vn -0.042109 0.838624 0.543080
v 0.650614 0.842472 1.800006
vn -0.042109 0.838624 0.543080
v 0.859217 0.877135 1.715991
vn -0.042109 0.838624 0.543080
v 1.122203 0.417725 1.683853
vn 0.594800 0.051259 0.802238
v 1.100017 0.661582 1.684528
vn 0.594800 0.051259 0.802238
v 1.311872 0.438954 1.541635
vn 0.594800 0.051259 0.802238
v 1.277636 0.683098 1.551588
vn 0.594800 0.051259 0.802238
v 0.343892 1.075266 1.341635
vn 0.264360 0.910746 0.317264
v 0.367354 0.994160 1.564241
vn 0.264360 0.910746 0.317264
v 0.176474 1.119878 1.362386
vn 0.264360 0.910746 0.317264
v 0.167994 1.035504 1.602453
vn 0.264360 0.910746 0.317264
v 0.390879 0.895777 1.743321
vn 0.103396 0.888367 0.447340
v 0.367354 0.994160 1.564241
vn 0.103396 0.888367 0.447340
v 0.650614 0.842472 1.800006
vn 0.103396 0.888367 0.447340
v 0.580739 0.972429 1.547202
vn 0.103396 0.888367 0.447340
v 0.176474 1.119878 1.362386
vn -0.122866 0.953786 0.274218
v 0.167994 1.035504 1.602453
vn -0.122866 0.953786 0.274218
v -0.024479 1.079217 1.364157
vn -0.122866 0.953786 0.274218
v -0.039972 1.019376 1.615190
vn -0.122866 0.953786 0.274218
v -0.039972 1.019376 1.615190
vn -0.081196 0.937763 0.337651
v -0.032831 0.918837 1.844122
vn -0.081196 0.937763 0.337651
v -0.254377 0.983564 1.611057
vn -0.081196 0.937763 0.337651
v -0.267447 0.912767 1.856522
vn -0.081196 0.937763 0.337651
v -0.267447 0.912767 1.856522
vn -0.369576 0.390458 0.843182
v -0.262346 0.729650 1.994607
vn -0.369576 0.390458 0.843182
v -0.504995 0.865389 1.825396
vn -0.369576 0.390458 0.843182
v -0.469165 0.650160 1.889757
vn -0.369576 0.390458 0.843182
v -0.676366 0.577243 1.845472
vn -0.183894 0.149059 0.971578
v -0.469165 0.650160 1.889757
vn -0.183894 0.149059 0.971578
v -0.635117 0.352927 1.903928
vn -0.183894 0.149059 0.971578
v -0.419819 0.418515 1.918437
vn -0.183894 0.149059 0.971578
v -0.783728 0.075664 1.978158
vn -0.239119 0.368493 0.898351
v -0.834221 0.275700 1.863776
vn -0.239119 0.368493 0.898351
v -0.595908 0.126347 1.988449
vn -0.239119 0.368493 0.898351
v -0.635117 0.352927 1.903928
vn -0.239119 0.368493 0.898351
v -0.269040 -0.468802 2.265969
vn -0.397921 0.213671 0.892190
v -0.474138 -0.541719 2.180519
vn -0.397921 0.213671 0.892190
v -0.314306 -0.253501 2.182797
vn -0.397921 0.213671 0.892190
v -0.532345 -0.325161 2.114134
vn -0.397921 0.213671 0.892190
v -0.753827 -0.402926 2.035012
vn -0.303575 0.097370 0.947819
v -0.858894 -0.191397 1.995788
vn -0.303575 0.097370 0.947819
v -0.532345 -0.325161 2.114134
vn -0.303575 0.097370 0.947819
v -0.591509 -0.104507 2.056353
vn -0.303575 0.097370 0.947819
v -0.269040 -0.468802 2.265969
vn -0.520188 0.469425 0.713474
v -0.063114 -0.400053 2.344078
vn -0.520188 0.469425 0.713474
v -0.249850 -0.668371 2.384567
vn -0.520188 0.469425 0.713474
v -0.061521 -0.583242 2.492539
vn -0.520188 0.469425 0.713474
v -0.000571 -0.805906 2.538257
vn -0.382009 0.133944 0.914400
v -0.061521 -0.583242 2.492539
vn -0.382009 0.133944 0.914400
v 0.199106 -0.726273 2.622441
vn -0.382009 0.133944 0.914400
v 0.147274 -0.520023 2.558080
vn -0.382009 0.133944 0.914400
v 0.789598 -0.684822 2.328895
vn 0.631564 0.390949 0.669542
v 0.723293 -0.485325 2.264787
vn 0.631564 0.390949 0.669542
v 0.958738 -0.684678 2.159178
vn 0.631564 0.390949 0.669542
v 0.899000 -0.479183 2.105614
vn 0.631564 0.390949 0.669542
v 1.070435 -0.484858 1.940706
vn 0.676420 0.149765 0.721129
v 0.899000 -0.479183 2.105614
vn 0.676420 0.149765 0.721129
v 1.045890 -0.267079 1.923667
vn 0.676420 0.149765 0.721129
v 0.871458 -0.264960 2.081659
vn 0.676420 0.149765 0.721129
v 0.776337 -0.909893 2.306710
vn 0.765197 -0.032310 0.642985
v 0.637289 -0.904002 2.499119
vn 0.765197 -0.032310 0.642985
v 0.789598 -0.684822 2.328895
vn 0.765197 -0.032310 0.642985
v 0.624411 -0.685109 2.498781
vn 0.765197 -0.032310 0.642985
v 1.167724 -0.270994 1.722993
vn 0.807736 0.206274 0.552280
v 1.045890 -0.267079 1.923667
vn 0.807736 0.206274 0.552280
v 1.142987 -0.046318 1.699290
vn 0.807736 0.206274 0.552280
v 1.001899 -0.050125 1.883009
vn 0.807736 0.206274 0.552280
v 1.142987 -0.046318 1.699290
vn 0.615170 0.004639 0.788381
v 1.145155 0.183854 1.695240
vn 0.615170 0.004639 0.788381
v 1.319523 -0.030442 1.560446
vn 0.615170 0.004639 0.788381
v 1.352547 0.206770 1.534296
vn 0.615170 0.004639 0.788381
v 1.460674 0.459104 1.358000
vn 0.716183 0.166470 0.677768
v 1.536605 0.237805 1.353614
vn 0.716183 0.166470 0.677768
v 1.311872 0.438954 1.541635
vn 0.716183 0.166470 0.677768
v 1.352547 0.206770 1.534296
vn 0.716183 0.166470 0.677768
v 1.277636 0.683098 1.551588
vn 0.474516 0.191051 0.859264
v 1.100017 0.661582 1.684528
vn 0.474516 0.191051 0.859264
v 1.230840 0.948183 1.548552
vn 0.474516 0.191051 0.859264
v 1.041044 0.921459 1.629277
vn 0.474516 0.191051 0.859264
v 0.814079 1.028679 1.525017
vn 0.111406 0.803802 0.584372
v 1.083058 1.067292 1.411648
vn 0.111406 0.803802 0.584372
v 0.859217 0.877135 1.715991
vn 0.111406 0.803802 0.584372
v 1.041044 0.921459 1.629277
vn 0.111406 0.803802 0.584372
v 0.532732 1.052314 1.315908
vn -0.137555 0.946471 0.292012
v 0.754150 1.078786 1.284023
vn -0.137555 0.946471 0.292012
v 0.580739 0.972429 1.547202
vn -0.137555 0.946471 0.292012
v 0.814079 1.028679 1.525017
vn -0.137555 0.946471 0.292012
v 1.428096 0.708745 1.382293
vn 0.757774 0.057472 0.649981
v 1.460674 0.459104 1.358000
vn 0.757774 0.057472 0.649981
v 1.277636 0.683098 1.551588
vn 0.757774 0.057472 0.649981
v 1.311872 0.438954 1.541635
vn 0.757774 0.057472 0.649981
v 0.580739 0.972429 1.547202
vn 0.137529 0.940168 0.311721
v 0.367354 0.994160 1.564241
vn 0.137529 0.940168 0.311721
v 0.532732 1.052314 1.315908
vn 0.137529 0.940168 0.311721
v 0.343892 1.075266 1.341635
vn 0.137529 0.940168 0.311721
v 0.221357 1.184497 1.112534
vn 0.266995 0.917470 0.294893
v 0.468851 1.123937 1.084783
vn 0.266995 0.917470 0.294893
v 0.176474 1.119878 1.362386
vn 0.266995 0.917470 0.294893
v 0.343892 1.075266 1.341635
vn 0.266995 0.917470 0.294893
v -0.004907 1.113592 1.113209
vn -0.248765 0.955761 0.156961
v 0.221357 1.184497 1.112534
vn -0.248765 0.955761 0.156961
v -0.024479 1.079217 1.364157
vn -0.248765 0.955761 0.156961
v 0.176474 1.119878 1.362386
vn -0.248765 0.955761 0.156961
v -0.039972 1.019376 1.615190
vn -0.222351 0.960852 0.165298
v -0.254377 0.983564 1.611057
vn -0.222351 0.960852 0.165298
v -0.024479 1.079217 1.364157
vn -0.222351 0.960852 0.165298
v -0.234486 1.018226 1.360109
vn -0.222351 0.960852 0.165298
v -0.504995 0.865389 1.825396
vn -0.178117 0.934824 0.307211
v -0.479557 0.958349 1.594777
vn -0.178117 0.934824 0.307211
v -0.267447 0.912767 1.856522
vn -0.178117 0.934824 0.307211
v -0.254377 0.983564 1.611057
vn -0.178117 0.934824 0.307211
v -0.676366 0.577243 1.845472
vn -0.375283 0.284673 0.882113
v -0.707988 0.775878 1.747539
vn -0.375283 0.284673 0.882113
v -0.469165 0.650160 1.889757
vn -0.375283 0.284673 0.882113
v -0.504995 0.865389 1.825396
vn -0.375283 0.284673 0.882113
v -0.635117 0.352927 1.903928
vn -0.230062 0.178345 0.956695
v -0.834221 0.275700 1.863776
vn -0.230062 0.178345 0.956695
v -0.676366 0.577243 1.845472
vn -0.230062 0.178345 0.956695
v -0.894596 0.514025 1.811478
vn -0.230062 0.178345 0.956695
v -1.050284 0.220707 1.886298
vn -0.110424 0.378532 0.918978
v -0.834221 0.275700 1.863776
vn -0.110424 0.378532 0.918978
v -0.976776 0.015715 1.953780
vn -0.110424 0.378532 0.918978
v -0.783728 0.075664 1.978158
vn -0.110424 0.378532 0.918978
v -0.858894 -0.191397 1.995788
vn -0.218624 0.125364 0.967723
v -0.976776 0.015715 1.953780
vn -0.218624 0.125364 0.967723
v -0.591509 -0.104507 2.056353
vn -0.218624 0.125364 0.967723
v -0.783728 0.075664 1.978158
vn -0.218624 0.125364 0.967723
v -0.249850 -0.668371 2.384567
vn -0.581877 0.226855 0.780997
v -0.416504 -0.749980 2.237711
vn -0.581877 0.226855 0.780997
v -0.269040 -0.468802 2.265969
vn -0.581877 0.226855 0.780997
v -0.474138 -0.541719 2.180519
vn -0.581877 0.226855 0.780997
v -0.532345 -0.325161 2.114134
vn -0.372803 0.199166 0.906284
v -0.474138 -0.541719 2.180519
vn -0.372803 0.199166 0.906284
v -0.753827 -0.402926 2.035012
vn -0.372803 0.199166 0.906284
v -0.689372 -0.610181 2.112194
vn -0.372803 0.199166 0.906284
v -1.071897 -0.273472 1.928643
vn -0.310371 0.018360 0.950438
v -0.858894 -0.191397 1.995788
vn -0.310371 0.018360 0.950438
v -0.964535 -0.484355 1.966939
vn -0.310371 0.018360 0.950438
v -0.753827 -0.402926 2.035012
vn -0.310371 0.018360 0.950438
v -0.249850 -0.668371 2.384567
vn -0.569273 -0.123361 0.812841
v -0.061521 -0.583242 2.492539
vn -0.569273 -0.123361 0.812841
v -0.155558 -0.876452 2.382206
vn -0.569273 -0.123361 0.812841
v -0.000571 -0.805906 2.538257
vn -0.569273 -0.123361 0.812841
v 0.958738 -0.684678 2.159178
vn 0.713693 -0.126768 0.688892
v 0.939037 -0.897106 2.135053
vn 0.713693 -0.126768 0.688892
v 0.789598 -0.684822 2.328895
vn 0.713693 -0.126768 0.688892
v 0.776337 -0.909893 2.306710
vn 0.713693 -0.126768 0.688892
v 0.958738 -0.684678 2.159178
vn 0.679454 0.334280 0.653146
v 0.899000 -0.479183 2.105614
vn 0.679454 0.334280 0.653146
v 1.122076 -0.692221 1.982545
vn 0.679454 0.334280 0.653146
v 1.070435 -0.484858 1.940706
vn 0.679454 0.334280 0.653146
v 1.070435 -0.484858 1.940706
vn 0.786592 0.226705 0.574350
v 1.045890 -0.267079 1.923667
vn 0.786592 0.226705 0.574350
v 1.223891 -0.483637 1.765422
vn 0.786592 0.226705 0.574350
v 1.167724 -0.270994 1.722993
vn 0.786592 0.226705 0.574350
v 1.319523 -0.030442 1.560446
vn 0.683305 0.060331 0.727636
v 1.312382 -0.258781 1.557831
vn 0.683305 0.060331 0.727636
v 1.142987 -0.046318 1.699290
vn 0.683305 0.060331 0.727636
v 1.167724 -0.270994 1.722993
vn 0.683305 0.060331 0.727636
v 1.685153 0.292582 1.167111
vn 0.719468 0.211817 0.661437
v 1.536605 0.237805 1.353614
vn 0.719468 0.211817 0.661437
v 1.611198 0.506949 1.186259
vn 0.719468 0.211817 0.661437
v 1.460674 0.459104 1.358000
vn 0.719468 0.211817 0.661437
v 1.352547 0.206770 1.534296
vn 0.711146 -0.011267 0.702954
v 1.536605 0.237805 1.353614
vn 0.711146 -0.011267 0.702954
v 1.437595 -0.014062 1.449775
vn 0.711146 -0.011267 0.702954
v 1.580787 0.015751 1.300387
vn 0.711146 -0.011267 0.702954
v 1.428096 0.708745 1.382293
vn 0.722145 0.122279 0.680848
v 1.277636 0.683098 1.551588
vn 0.722145 0.122279 0.680848
v 1.391629 0.936941 1.385077
vn 0.722145 0.122279 0.680848
v 1.230840 0.948183 1.548552
vn 0.722145 0.122279 0.680848
v 0.814079 1.028679 1.525017
vn -0.054953 0.971896 0.228906
v 0.754150 1.078786 1.284023
vn -0.054953 0.971896 0.228906
v 1.083058 1.067292 1.411648
vn -0.054953 0.971896 0.228906
v 0.980414 1.110180 1.218903
vn -0.054953 0.971896 0.228906
v 0.702573 1.082522 1.046487
vn 0.054838 0.987860 0.145348
v 0.754150 1.078786 1.284023
vn 0.054838 0.987860 0.145348
v 0.468851 1.123937 1.084783
vn 0.054838 0.987860 0.145348
v 0.532732 1.052314 1.315908
vn 0.054838 0.987860 0.145348
v 1.556305 0.732954 1.194356
vn 0.776685 0.100516 0.621817
v 1.611198 0.506949 1.186259
vn 0.776685 0.100516 0.621817
v 1.428096 0.708745 1.382293
vn 0.776685 0.100516 0.621817
v 1.460674 0.459104 1.358000
vn 0.776685 0.100516 0.621817
v 0.221357 1.184497 1.112534
vn 0.124322 0.981828 0.143382
v 0.231876 1.186652 0.860490
vn 0.124322 0.981828 0.143382
v 0.468851 1.123937 1.084783
vn 0.124322 0.981828 0.143382
v 0.455080 1.193154 0.850114
vn 0.124322 0.981828 0.143382
v 0.013263 1.096746 0.859899
vn -0.339668 0.939388 -0.046637
v 0.231876 1.186652 0.860490
vn -0.339668 0.939388 -0.046637
v -0.004907 1.113592 1.113209
vn -0.339668 0.939388 -0.046637
v 0.221357 1.184497 1.112534
vn -0.339668 0.939388 -0.046637
v -0.234486 1.018226 1.360109
vn -0.309602 0.947639 0.078280
v -0.219822 1.036078 1.114137
vn -0.309602 0.947639 0.078280
v -0.024479 1.079217 1.364157
vn -0.309602 0.947639 0.078280
v -0.004907 1.113592 1.113209
vn -0.309602 0.947639 0.078280
v -0.254377 0.983564 1.611057
vn -0.162554 0.983358 0.081137
v -0.479557 0.958349 1.594777
vn -0.162554 0.983358 0.081137
v -0.234486 1.018226 1.360109
vn -0.162554 0.983358 0.081137
v -0.454884 0.971890 1.350577
vn -0.162554 0.983358 0.081137
v -0.701612 0.896459 1.560024
vn -0.399230 0.828443 0.392807
v -0.479557 0.958349 1.594777
vn -0.399230 0.828443 0.392807
v -0.707988 0.775878 1.747539
vn -0.399230 0.828443 0.392807
v -0.504995 0.865389 1.825396
vn -0.399230 0.828443 0.392807
v -0.894596 0.514025 1.811478
vn -0.351049 0.450554 0.820832
v -0.915508 0.683637 1.684781
vn -0.351049 0.450554 0.820832
v -0.676366 0.577243 1.845472
vn -0.351049 0.450554 0.820832
v -0.707988 0.775878 1.747539
vn -0.351049 0.450554 0.820832
v -0.894596 0.514025 1.811478
vn 0.045702 0.224163 0.973479
v -0.834221 0.275700 1.863776
vn 0.045702 0.224163 0.973479
v -1.114612 0.456159 1.835350
vn 0.045702 0.224163 0.973479
v -1.050284 0.220707 1.886298
vn 0.045702 0.224163 0.973479
v -1.176390 -0.064421 1.893215
vn -0.214898 0.118354 0.969438
v -1.268515 0.149120 1.872802
vn -0.214898 0.118354 0.969438
v -0.976776 0.015715 1.953780
vn -0.214898 0.118354 0.969438
v -1.050284 0.220707 1.886298
vn -0.214898 0.118354 0.969438
v -1.176390 -0.064421 1.893215
vn -0.301473 0.016233 0.953337
v -0.976776 0.015715 1.953780
vn -0.301473 0.016233 0.953337
v -1.071897 -0.273472 1.928643
vn -0.301473 0.016233 0.953337
v -0.858894 -0.191397 1.995788
vn -0.301473 0.016233 0.953337
v -0.474138 -0.541719 2.180519
vn -0.386233 0.072043 0.919583
v -0.416504 -0.749980 2.237711
vn -0.386233 0.072043 0.919583
v -0.689372 -0.610181 2.112194
vn -0.386233 0.072043 0.919583
v -0.615799 -0.829110 2.143573
vn -0.386233 0.072043 0.919583
v -0.964535 -0.484355 1.966939
vn -0.406807 0.150383 0.901051
v -0.753827 -0.402926 2.035012
vn -0.406807 0.150383 0.901051
v -0.887392 -0.693514 2.023203
vn -0.406807 0.150383 0.901051
v -0.689372 -0.610181 2.112194
vn -0.406807 0.150383 0.901051
v -1.165360 -0.570706 1.923160
vn -0.235997 0.056387 0.970116
v -1.278779 -0.358566 1.883178
vn -0.235997 0.056387 0.970116
v -0.964535 -0.484355 1.966939
vn -0.235997 0.056387 0.970116
v -1.071897 -0.273472 1.928643
vn -0.235997 0.056387 0.970116
v 1.096255 -0.903499 1.958082
vn 0.728888 -0.154728 0.666919
v 0.939037 -0.897106 2.135053
vn 0.728888 -0.154728 0.666919
v 1.122076 -0.692221 1.982545
vn 0.728888 -0.154728 0.666919
v 0.958738 -0.684678 2.159178
vn 0.728888 -0.154728 0.666919
v 1.070435 -0.484858 1.940706
vn 0.721509 0.298201 0.624901
v 1.223891 -0.483637 1.765422
vn 0.721509 0.298201 0.624901
v 1.122076 -0.692221 1.982545
vn 0.721509 0.298201 0.624901
v 1.279931 -0.694736 1.798909
vn 0.721509 0.298201 0.624901
v 1.167724 -0.270994 1.722993
vn 0.760504 0.252890 0.598063
v 1.312382 -0.258781 1.557831
vn 0.760504 0.252890 0.598063
v 1.223891 -0.483637 1.765422
vn 0.760504 0.252890 0.598063
v 1.353057 -0.478536 1.575039
vn 0.760504 0.252890 0.598063
v 1.458443 -0.237338 1.405575
vn 0.708313 -0.051404 0.704024
v 1.312382 -0.258781 1.557831
vn 0.708313 -0.051404 0.704024
v 1.437595 -0.014062 1.449775
vn 0.708313 -0.051404 0.704024
v 1.319523 -0.030442 1.560446
vn 0.708313 -0.051404 0.704024
v 1.580787 0.015751 1.300387
vn 0.755784 0.029782 0.654143
v 1.536605 0.237805 1.353614
vn 0.755784 0.029782 0.654143
v 1.739599 0.065499 1.126790
vn 0.755784 0.029782 0.654143
v 1.685153 0.292582 1.167111
vn 0.755784 0.029782 0.654143
v 1.685153 0.292582 1.167111
vn 0.753432 0.251534 0.607512
v 1.611198 0.506949 1.186259
vn 0.753432 0.251534 0.607512
v 1.820439 0.367438 0.984403
vn 0.753432 0.251534 0.607512
v 1.724935 0.587804 0.995538
vn 0.753432 0.251534 0.607512
v 1.437595 -0.014062 1.449775
vn 0.738395 -0.078322 0.669805
v 1.580787 0.015751 1.300387
vn 0.738395 -0.078322 0.669805
v 1.458443 -0.237338 1.405575
vn 0.738395 -0.078322 0.669805
v 1.603802 -0.206339 1.243956
vn 0.738395 -0.078322 0.669805
v 1.556305 0.732954 1.194356
vn 0.810269 0.116907 0.574279
v 1.428096 0.708745 1.382293
vn 0.810269 0.116907 0.574279
v 1.522707 0.942472 1.201189
vn 0.810269 0.116907 0.574279
v 1.391629 0.936941 1.385077
vn 0.810269 0.116907 0.574279
v 1.083058 1.067292 1.411648
vn 0.372054 0.777654 0.506784
v 1.289558 1.081337 1.300977
vn 0.372054 0.777654 0.506784
v 1.230840 0.948183 1.548552
vn 0.372054 0.777654 0.506784
v 1.391629 0.936941 1.385077
vn 0.372054 0.777654 0.506784
v 1.190484 1.132091 1.123585
vn 0.029531 0.972749 0.229973
v 1.289558 1.081337 1.300977
vn 0.029531 0.972749 0.229973
v 0.980414 1.110180 1.218903
vn 0.029531 0.972749 0.229973
v 1.083058 1.067292 1.411648
vn 0.029531 0.972749 0.229973
v 0.980414 1.110180 1.218903
vn -0.118330 0.992473 0.031540
v 0.754150 1.078786 1.284023
vn -0.118330 0.992473 0.031540
v 0.916150 1.107199 0.997394
vn -0.118330 0.992473 0.031540
v 0.702573 1.082522 1.046487
vn -0.118330 0.992473 0.031540
v 0.702573 1.082522 1.046487
vn 0.292634 0.942367 0.162204
v 0.468851 1.123937 1.084783
vn 0.292634 0.942367 0.162204
v 0.671079 1.109066 0.806167
vn 0.292634 0.942367 0.162204
v 0.455080 1.193154 0.850114
vn 0.292634 0.942367 0.162204
v 1.556305 0.732954 1.194356
vn 0.822850 0.274456 0.497585
v 1.644605 0.784606 0.977739
vn 0.822850 0.274456 0.497585
v 1.611198 0.506949 1.186259
vn 0.822850 0.274456 0.497585
v 1.724935 0.587804 0.995538
vn 0.822850 0.274456 0.497585
v 0.218424 1.178607 0.611144
vn -0.143696 0.986203 0.082185
v 0.443285 1.238161 0.612072
vn -0.143696 0.986203 0.082185
v 0.231876 1.186652 0.860490
vn -0.143696 0.986203 0.082185
v 0.455080 1.193154 0.850114
vn -0.143696 0.986203 0.082185
v -0.007075 1.112048 0.610891
vn -0.332190 0.942517 0.036217
v 0.218424 1.178607 0.611144
vn -0.332190 0.942517 0.036217
v 0.013263 1.096746 0.859899
vn -0.332190 0.942517 0.036217
v 0.231876 1.186652 0.860490
vn -0.332190 0.942517 0.036217
v -0.004907 1.113592 1.113209
vn -0.319794 0.945085 -0.067430
v -0.219822 1.036078 1.114137
vn -0.319794 0.945085 -0.067430
v 0.013263 1.096746 0.859899
vn -0.319794 0.945085 -0.067430
v -0.207518 1.027422 0.866310
vn -0.319794 0.945085 -0.067430
v -0.454884 0.971890 1.350577
vn -0.223419 0.973808 0.042216
v -0.437989 0.982379 1.110257
vn -0.223419 0.973808 0.042216
v -0.234486 1.018226 1.360109
vn -0.223419 0.973808 0.042216
v -0.219822 1.036078 1.114137
vn -0.223419 0.973808 0.042216
v -0.454884 0.971890 1.350577
vn -0.217656 0.971520 0.093673
v -0.479557 0.958349 1.594777
vn -0.217656 0.971520 0.093673
v -0.677067 0.939240 1.334128
vn -0.217656 0.971520 0.093673
v -0.701612 0.896459 1.560024
vn -0.217656 0.971520 0.093673
v -0.707988 0.775878 1.747539
vn -0.432202 0.738115 0.518061
v -0.915508 0.683637 1.684781
vn -0.432202 0.738115 0.518061
v -0.701612 0.896459 1.560024
vn -0.432202 0.738115 0.518061
v -0.919014 0.817472 1.512196
vn -0.432202 0.738115 0.518061
v -1.117481 0.572646 1.635013
vn -0.319709 0.701435 0.637005
v -0.915508 0.683637 1.684781
vn -0.319709 0.701435 0.637005
v -1.114612 0.456159 1.835350
vn -0.319709 0.701435 0.637005
v -0.894596 0.514025 1.811478
vn -0.319709 0.701435 0.637005
v -1.050284 0.220707 1.886298
vn -0.155088 0.195625 0.968338
v -1.268515 0.149120 1.872802
vn -0.155088 0.195625 0.968338
v -1.114612 0.456159 1.835350
vn -0.155088 0.195625 0.968338
v -1.341768 0.380297 1.807345
vn -0.155088 0.195625 0.968338
v -1.476672 0.051922 1.821347
vn -0.240983 -0.022825 0.970261
v -1.268515 0.149120 1.872802
vn -0.240983 -0.022825 0.970261
v -1.379575 -0.157632 1.837965
vn -0.240983 -0.022825 0.970261
v -1.176390 -0.064421 1.893215
vn -0.240983 -0.022825 0.970261
v -1.071897 -0.273472 1.928643
vn -0.261811 0.058241 0.963360
v -1.278779 -0.358566 1.883178
vn -0.261811 0.058241 0.963360
v -1.176390 -0.064421 1.893215
vn -0.261811 0.058241 0.963360
v -1.379575 -0.157632 1.837965
vn -0.261811 0.058241 0.963360
v -1.478202 -0.458026 1.825059
vn -0.302865 -0.011131 0.952969
v -1.278779 -0.358566 1.883178
vn -0.302865 -0.011131 0.952969
v -1.347889 -0.656841 1.857703
vn -0.302865 -0.011131 0.952969
v -1.165360 -0.570706 1.923160
vn -0.302865 -0.011131 0.952969
v 1.279931 -0.694736 1.798909
vn 0.737751 -0.146542 0.658975
v 1.258828 -0.908600 1.781364
vn 0.737751 -0.146542 0.658975
v 1.122076 -0.692221 1.982545
vn 0.737751 -0.146542 0.658975
v 1.096255 -0.903499 1.958082
vn 0.737751 -0.146542 0.658975
v 1.279931 -0.694736 1.798909
vn 0.836651 0.231044 0.496622
v 1.223891 -0.483637 1.765422
vn 0.836651 0.231044 0.496622
v 1.388760 -0.697178 1.587016
vn 0.836651 0.231044 0.496622
v 1.353057 -0.478536 1.575039
vn 0.836651 0.231044 0.496622
v 1.353057 -0.478536 1.575039
vn 0.748189 0.130054 0.650615
v 1.312382 -0.258781 1.557831
vn 0.748189 0.130054 0.650615
v 1.490639 -0.459966 1.393006
vn 0.748189 0.130054 0.650615
v 1.458443 -0.237338 1.405575
vn 0.748189 0.130054 0.650615
v 1.580787 0.015751 1.300387
vn 0.754027 -0.096742 0.649680
v 1.739599 0.065499 1.126790
vn 0.754027 -0.096742 0.649680
v 1.603802 -0.206339 1.243956
vn 0.754027 -0.096742 0.649680
v 1.757067 -0.161907 1.069262
vn 0.754027 -0.096742 0.649680
v 1.892099 0.142439 0.940371
vn 0.765836 0.094864 0.636000
v 1.739599 0.065499 1.126790
vn 0.765836 0.094864 0.636000
v 1.820439 0.367438 0.984403
vn 0.765836 0.094864 0.636000
v 1.685153 0.292582 1.167111
vn 0.765836 0.094864 0.636000
v 1.638867 0.590354 0.745095
vn 0.871537 0.388688 -0.298906
v 1.729653 0.377388 0.735733
vn 0.871537 0.388688 -0.298906
v 1.724935 0.587804 0.995538
vn 0.871537 0.388688 -0.298906
v 1.820439 0.367438 0.984403
vn 0.871537 0.388688 -0.298906
v 1.603802 -0.206339 1.243956
vn 0.743998 0.059096 0.665564
v 1.639313 -0.431087 1.220590
vn 0.743998 0.059096 0.665564
v 1.458443 -0.237338 1.405575
vn 0.743998 0.059096 0.665564
v 1.490639 -0.459966 1.393006
vn 0.743998 0.059096 0.665564
v 1.522707 0.942472 1.201189
vn 0.901750 0.101640 0.420140
v 1.623183 1.012336 0.983138
vn 0.901750 0.101640 0.420140
v 1.556305 0.732954 1.194356
vn 0.901750 0.101640 0.420140
v 1.644605 0.784606 0.977739
vn 0.901750 0.101640 0.420140
v 1.391629 0.936941 1.385077
vn 0.579448 0.525394 0.623058
v 1.289558 1.081337 1.300977
vn 0.579448 0.525394 0.623058
v 1.522707 0.942472 1.201189
vn 0.579448 0.525394 0.623058
v 1.466412 1.103571 1.175040
vn 0.579448 0.525394 0.623058
v 1.466412 1.103571 1.175040
vn 0.070955 0.983761 0.164859
v 1.289558 1.081337 1.300977
vn 0.070955 0.983761 0.164859
v 1.392904 1.122105 1.013083
vn 0.070955 0.983761 0.164859
v 1.190484 1.132091 1.123585
vn 0.070955 0.983761 0.164859
v 0.916150 1.107199 0.997394
vn -0.084769 0.996321 -0.012591
v 1.118250 1.118046 0.914728
vn -0.084769 0.996321 -0.012591
v 0.980414 1.110180 1.218903
vn -0.084769 0.996321 -0.012591
v 1.190484 1.132091 1.123585
vn -0.084769 0.996321 -0.012591
v 0.874582 1.137335 0.769558
vn -0.097605 0.986070 0.134686
v 0.916150 1.107199 0.997394
vn -0.097605 0.986070 0.134686
v 0.671079 1.109066 0.806167
vn -0.097605 0.986070 0.134686
v 0.702573 1.082522 1.046487
vn -0.097605 0.986070 0.134686
v 0.455080 1.193154 0.850114
vn 0.354900 0.914947 0.192137
v 0.443285 1.238161 0.612072
vn 0.354900 0.914947 0.192137
v 0.671079 1.109066 0.806167
vn 0.354900 0.914947 0.192137
v 0.669612 1.168262 0.572258
vn 0.354900 0.914947 0.192137
v 1.724935 0.587804 0.995538
vn 0.954019 0.218215 -0.205501
v 1.644605 0.784606 0.977739
vn 0.954019 0.218215 -0.205501
v 1.638867 0.590354 0.745095
vn 0.954019 0.218215 -0.205501
v 1.617828 0.821927 0.747036
vn 0.954019 0.218215 -0.205501
v 0.188396 1.207342 0.374367
vn -0.220323 0.969142 0.110546
v 0.428303 1.253283 0.374873
vn -0.220323 0.969142 0.110546
v 0.218424 1.178607 0.611144
vn -0.220323 0.969142 0.110546
v 0.443285 1.238161 0.612072
vn -0.220323 0.969142 0.110546
v 0.188396 1.207342 0.374367
vn -0.420555 0.907091 0.017857
v 0.218424 1.178607 0.611144
vn -0.420555 0.907091 0.017857
v -0.018232 1.073722 0.366438
vn -0.420555 0.907091 0.017857
v -0.007075 1.112048 0.610891
vn -0.420555 0.907091 0.017857
v -0.207518 1.027422 0.866310
vn -0.345670 0.937528 0.039422
v -0.219886 1.021208 0.613000
vn -0.345670 0.937528 0.039422
v 0.013263 1.096746 0.859899
vn -0.345670 0.937528 0.039422
v -0.007075 1.112048 0.610891
vn -0.345670 0.937528 0.039422
v -0.219822 1.036078 1.114137
vn -0.200993 0.979552 -0.008957
v -0.437989 0.982379 1.110257
vn -0.200993 0.979552 -0.008957
v -0.207518 1.027422 0.866310
vn -0.200993 0.979552 -0.008957
v -0.430976 0.990532 0.870612
vn -0.200993 0.979552 -0.008957
v -0.656602 0.937982 1.100303
vn -0.172569 0.984981 0.005636
v -0.437989 0.982379 1.110257
vn -0.172569 0.984981 0.005636
v -0.677067 0.939240 1.334128
vn -0.172569 0.984981 0.005636
v -0.454884 0.971890 1.350577
vn -0.172569 0.984981 0.005636
v -0.919014 0.817472 1.512196
vn -0.311623 0.926578 0.210582
v -0.901609 0.887120 1.305026
vn -0.311623 0.926578 0.210582
v -0.701612 0.896459 1.560024
vn -0.311623 0.926578 0.210582
v -0.677067 0.939240 1.334128
vn -0.311623 0.926578 0.210582
v -0.919014 0.817472 1.512196
vn -0.457501 0.666182 0.588978
v -0.915508 0.683637 1.684781
vn -0.457501 0.666182 0.588978
v -1.133420 0.725878 1.467658
vn -0.457501 0.666182 0.588978
v -1.117481 0.572646 1.635013
vn -0.457501 0.666182 0.588978
v -1.117481 0.572646 1.635013
vn -0.316035 0.810362 0.493391
v -1.114612 0.456159 1.835350
vn -0.316035 0.810362 0.493391
v -1.338772 0.505081 1.611394
vn -0.316035 0.810362 0.493391
v -1.341768 0.380297 1.807345
vn -0.316035 0.810362 0.493391
v -1.341768 0.380297 1.807345
vn -0.392475 0.199334 0.897903
v -1.268515 0.149120 1.872802
vn -0.392475 0.199334 0.897903
v -1.536410 0.259464 1.731175
vn -0.392475 0.199334 0.897903
v -1.476672 0.051922 1.821347
vn -0.392475 0.199334 0.897903
v -1.379575 -0.157632 1.837965
vn -0.403300 -0.076356 0.911876
v -1.578615 -0.267079 1.749563
vn -0.403300 -0.076356 0.911876
v -1.476672 0.051922 1.821347
vn -0.403300 -0.076356 0.911876
v -1.672716 -0.056806 1.716750
vn -0.403300 -0.076356 0.911876
v -1.379575 -0.157632 1.837965
vn -0.383405 0.086251 0.919544
v -1.278779 -0.358566 1.883178
vn -0.383405 0.086251 0.919544
v -1.578615 -0.267079 1.749563
vn -0.383405 0.086251 0.919544
v -1.478202 -0.458026 1.825059
vn -0.383405 0.086251 0.919544
v -1.347889 -0.656841 1.857703
vn -0.366508 -0.207361 0.907013
v -1.475014 -0.745526 1.760613
vn -0.366508 -0.207361 0.907013
v -1.478202 -0.458026 1.825059
vn -0.366508 -0.207361 0.907013
v -1.654674 -0.584319 1.750323
vn -0.366508 -0.207361 0.907013
v 1.388760 -0.697178 1.587016
vn 0.885785 -0.136544 0.443555
v 1.365426 -0.898471 1.565506
vn 0.885785 -0.136544 0.443555
v 1.279931 -0.694736 1.798909
vn 0.885785 -0.136544 0.443555
v 1.258828 -0.908600 1.781364
vn 0.885785 -0.136544 0.443555
v 1.490639 -0.459966 1.393006
vn 0.777396 0.162730 0.607598
v 1.533226 -0.678392 1.398067
vn 0.777396 0.162730 0.607598
v 1.353057 -0.478536 1.575039
vn 0.777396 0.162730 0.607598
v 1.388760 -0.697178 1.587016
vn 0.777396 0.162730 0.607598
v 1.757067 -0.161907 1.069262
vn 0.754881 0.037756 0.654774
v 1.786139 -0.390139 1.044378
vn 0.754881 0.037756 0.654774
v 1.603802 -0.206339 1.243956
vn 0.754881 0.037756 0.654774
v 1.639313 -0.431087 1.220590
vn 0.754881 0.037756 0.654774
v 1.892099 0.142439 0.940371
vn 0.798846 -0.103513 0.592562
v 1.908420 -0.097431 0.870781
vn 0.798846 -0.103513 0.592562
v 1.739599 0.065499 1.126790
vn 0.798846 -0.103513 0.592562
v 1.757067 -0.161907 1.069262
vn 0.798846 -0.103513 0.592562
v 1.729653 0.377388 0.735733
vn 0.878919 0.432369 -0.201393
v 1.848810 0.181519 0.708993
vn 0.878919 0.432369 -0.201393
v 1.820439 0.367438 0.984403
vn 0.878919 0.432369 -0.201393
v 1.892099 0.142439 0.940371
vn 0.878919 0.432369 -0.201393
v 1.653084 0.642329 0.487906
vn 0.929120 0.357310 0.095210
v 1.731183 0.423329 0.471119
vn 0.929120 0.357310 0.095210
v 1.638867 0.590354 0.745095
vn 0.929120 0.357310 0.095210
v 1.729653 0.377388 0.735733
vn 0.929120 0.357310 0.095210
v 1.680244 -0.653859 1.214348
vn 0.751288 0.140284 0.644893
v 1.533226 -0.678392 1.398067
vn 0.751288 0.140284 0.644893
v 1.639313 -0.431087 1.220590
vn 0.751288 0.140284 0.644893
v 1.490639 -0.459966 1.393006
vn 0.751288 0.140284 0.644893
v 1.392904 1.122105 1.013083
vn 0.672756 0.708645 0.212653
v 1.623183 1.012336 0.983138
vn 0.672756 0.708645 0.212653
v 1.466412 1.103571 1.175040
vn 0.672756 0.708645 0.212653
v 1.522707 0.942472 1.201189
vn 0.672756 0.708645 0.212653
v 1.644605 0.784606 0.977739
vn 0.971160 0.174419 -0.162562
v 1.623183 1.012336 0.983138
vn 0.971160 0.174419 -0.162562
v 1.617828 0.821927 0.747036
vn 0.971160 0.174419 -0.162562
v 1.557262 1.064886 0.756821
vn 0.971160 0.174419 -0.162562
v 1.118250 1.118046 0.914728
vn 0.005055 0.998460 -0.055244
v 1.332528 1.114850 0.825230
vn 0.005055 0.998460 -0.055244
v 1.190484 1.132091 1.123585
vn 0.005055 0.998460 -0.055244
v 1.392904 1.122105 1.013083
vn 0.005055 0.998460 -0.055244
v 1.057047 1.114131 0.701317
vn 0.050724 0.997582 0.047514
v 1.118250 1.118046 0.914728
vn 0.050724 0.997582 0.047514
v 0.874582 1.137335 0.769558
vn 0.050724 0.997582 0.047514
v 0.916150 1.107199 0.997394
vn 0.050724 0.997582 0.047514
v 0.874582 1.137335 0.769558
vn 0.003486 0.988472 0.151362
v 0.671079 1.109066 0.806167
vn 0.003486 0.988472 0.151362
v 0.812103 1.149907 0.536071
vn 0.003486 0.988472 0.151362
v 0.669612 1.168262 0.572258
vn 0.003486 0.988472 0.151362
v 0.443285 1.238161 0.612072
vn 0.194521 0.964660 0.177741
v 0.428303 1.253283 0.374873
vn 0.194521 0.964660 0.177741
v 0.669612 1.168262 0.572258
vn 0.194521 0.964660 0.177741
v 0.665978 1.242220 0.346109
vn 0.194521 0.964660 0.177741
v 1.617828 0.821927 0.747036
vn 0.984851 0.172814 0.014286
v 1.593283 0.868873 0.515742
vn 0.984851 0.172814 0.014286
v 1.638867 0.590354 0.745095
vn 0.984851 0.172814 0.014286
v 1.653084 0.642329 0.487906
vn 0.984851 0.172814 0.014286
v 0.174242 1.176990 0.128143
vn -0.245302 0.968316 -0.046815
v 0.400761 1.250122 0.148050
vn -0.245302 0.968316 -0.046815
v 0.188396 1.207342 0.374367
vn -0.245302 0.968316 -0.046815
v 0.428303 1.253283 0.374873
vn -0.245302 0.968316 -0.046815
v 0.174242 1.176990 0.128143
vn -0.506896 0.861255 -0.036005
v 0.188396 1.207342 0.374367
vn -0.506896 0.861255 -0.036005
v -0.041629 1.061330 0.119707
vn -0.506896 0.861255 -0.036005
v -0.018232 1.073722 0.366438
vn -0.506896 0.861255 -0.036005
v -0.007075 1.112048 0.610891
vn -0.423533 0.892283 -0.156366
v -0.219886 1.021208 0.613000
vn -0.423533 0.892283 -0.156366
v -0.018232 1.073722 0.366438
vn -0.423533 0.892283 -0.156366
v -0.229385 0.967185 0.386514
vn -0.423533 0.892283 -0.156366
v -0.425621 0.935612 0.637800
vn -0.279951 0.953010 -0.115756
v -0.219886 1.021208 0.613000
vn -0.279951 0.953010 -0.115756
v -0.430976 0.990532 0.870612
vn -0.279951 0.953010 -0.115756
v -0.207518 1.027422 0.866310
vn -0.279951 0.953010 -0.115756
v -0.430976 0.990532 0.870612
vn -0.296468 0.952225 -0.073308
v -0.437989 0.982379 1.110257
vn -0.296468 0.952225 -0.073308
v -0.634734 0.902817 0.871708
vn -0.296468 0.952225 -0.073308
v -0.656602 0.937982 1.100303
vn -0.296468 0.952225 -0.073308
v -0.879997 0.914240 1.081915
vn -0.171115 0.984438 0.040011
v -0.656602 0.937982 1.100303
vn -0.171115 0.984438 0.040011
v -0.901609 0.887120 1.305026
vn -0.171115 0.984438 0.040011
v -0.677067 0.939240 1.334128
vn -0.171115 0.984438 0.040011
v -1.128128 0.834067 1.276600
vn -0.344210 0.864421 0.366464
v -0.901609 0.887120 1.305026
vn -0.344210 0.864421 0.366464
v -1.133420 0.725878 1.467658
vn -0.344210 0.864421 0.366464
v -0.919014 0.817472 1.512196
vn -0.344210 0.864421 0.366464
v -1.321558 0.604362 1.405743
vn -0.447019 0.741432 0.500453
v -1.133420 0.725878 1.467658
vn -0.447019 0.741432 0.500453
v -1.338772 0.505081 1.611394
vn -0.447019 0.741432 0.500453
v -1.117481 0.572646 1.635013
vn -0.447019 0.741432 0.500453
v -1.536410 0.259464 1.731175
vn -0.546042 0.678732 0.491081
v -1.541191 0.400663 1.557409
vn -0.546042 0.678732 0.491081
v -1.341768 0.380297 1.807345
vn -0.546042 0.678732 0.491081
v -1.338772 0.505081 1.611394
vn -0.546042 0.678732 0.491081
v -1.672716 -0.056806 1.716750
vn -0.477003 0.166292 0.863027
v -1.741188 0.157094 1.654836
vn -0.477003 0.166292 0.863027
v -1.476672 0.051922 1.821347
vn -0.477003 0.166292 0.863027
v -1.536410 0.259464 1.731175
vn -0.477003 0.166292 0.863027
v -1.672716 -0.056806 1.716750
vn -0.345486 0.026857 0.938040
v -1.578615 -0.267079 1.749563
vn -0.345486 0.026857 0.938040
v -1.878642 -0.160111 1.635941
vn -0.345486 0.026857 0.938040
v -1.798376 -0.392905 1.680142
vn -0.345486 0.026857 0.938040
v -1.798376 -0.392905 1.680142
vn -0.393997 0.096550 0.914026
v -1.578615 -0.267079 1.749563
vn -0.393997 0.096550 0.914026
v -1.654674 -0.584319 1.750323
vn -0.393997 0.096550 0.914026
v -1.478202 -0.458026 1.825059
vn -0.393997 0.096550 0.914026
v -1.654674 -0.584319 1.750323
vn -0.688673 -0.721576 0.071121
v -1.475014 -0.745526 1.760613
vn -0.688673 -0.721576 0.071121
v -1.631085 -0.621244 1.510678
vn -0.688673 -0.721576 0.071121
v -1.470807 -0.778212 1.562976
vn -0.688673 -0.721576 0.071121
v 1.388760 -0.697178 1.587016
vn 0.792032 -0.154633 0.590571
v 1.533226 -0.678392 1.398067
vn 0.792032 -0.154633 0.590571
v 1.365426 -0.898471 1.565506
vn 0.792032 -0.154633 0.590571
v 1.517416 -0.893945 1.362977
vn 0.792032 -0.154633 0.590571
v 1.757067 -0.161907 1.069262
vn 0.791027 0.031894 0.610949
v 1.908420 -0.097431 0.870781
vn 0.791027 0.031894 0.610949
v 1.786139 -0.390139 1.044378
vn 0.791027 0.031894 0.610949
v 1.945397 -0.329758 0.834172
vn 0.791027 0.031894 0.610949
v 1.795575 -0.614743 1.015192
vn 0.814393 0.045744 0.578508
v 1.680244 -0.653859 1.214348
vn 0.814393 0.045744 0.578508
v 1.786139 -0.390139 1.044378
vn 0.814393 0.045744 0.578508
v 1.639313 -0.431087 1.220590
vn 0.814393 0.045744 0.578508
v 2.008132 -0.016864 0.653574
vn 0.927754 0.314644 0.200680
v 1.908420 -0.097431 0.870781
vn 0.927754 0.314644 0.200680
v 1.848810 0.181519 0.708993
vn 0.927754 0.314644 0.200680
v 1.892099 0.142439 0.940371
vn 0.927754 0.314644 0.200680
v 1.729653 0.377388 0.735733
vn 0.912845 0.406546 -0.037864
v 1.731183 0.423329 0.471119
vn 0.912845 0.406546 -0.037864
v 1.848810 0.181519 0.708993
vn 0.912845 0.406546 -0.037864
v 1.798571 0.195815 0.448176
vn 0.912845 0.406546 -0.037864
v 1.669405 0.448688 0.226160
vn 0.923315 0.334067 -0.189445
v 1.731183 0.423329 0.471119
vn 0.923315 0.334067 -0.189445
v 1.596917 0.669915 0.251719
vn 0.923315 0.334067 -0.189445
v 1.653084 0.642329 0.487906
vn 0.923315 0.334067 -0.189445
v 1.517416 -0.893945 1.362977
vn 0.781970 -0.156974 0.603226
v 1.533226 -0.678392 1.398067
vn 0.781970 -0.156974 0.603226
v 1.665453 -0.872716 1.176136
vn 0.781970 -0.156974 0.603226
v 1.680244 -0.653859 1.214348
vn 0.781970 -0.156974 0.603226
v 1.557262 1.064886 0.756821
vn 0.331728 0.943373 0.002059
v 1.623183 1.012336 0.983138
vn 0.331728 0.943373 0.002059
v 1.332528 1.114850 0.825230
vn 0.331728 0.943373 0.002059
v 1.392904 1.122105 1.013083
vn 0.331728 0.943373 0.002059
v 1.448816 1.075841 0.554966
vn 0.880013 0.424313 -0.213389
v 1.593283 0.868873 0.515742
vn 0.880013 0.424313 -0.213389
v 1.557262 1.064886 0.756821
vn 0.880013 0.424313 -0.213389
v 1.617828 0.821927 0.747036
vn 0.880013 0.424313 -0.213389
v 1.057047 1.114131 0.701317
vn 0.033772 0.996151 -0.080883
v 1.261187 1.089598 0.623544
vn 0.033772 0.996151 -0.080883
v 1.118250 1.118046 0.914728
vn 0.033772 0.996151 -0.080883
v 1.332528 1.114850 0.825230
vn 0.033772 0.996151 -0.080883
v 0.812103 1.149907 0.536071
vn 0.132463 0.991016 0.018439
v 0.954593 1.131588 0.499883
vn 0.132463 0.991016 0.018439
v 0.874582 1.137335 0.769558
vn 0.132463 0.991016 0.018439
v 1.057047 1.114131 0.701317
vn 0.132463 0.991016 0.018439
v 0.428303 1.253283 0.374873
vn -0.061176 0.990709 0.121459
v 0.400761 1.250122 0.148050
vn -0.061176 0.990709 0.121459
v 0.665978 1.242220 0.346109
vn -0.061176 0.990709 0.121459
v 0.630021 1.297069 0.118948
vn -0.061176 0.990709 0.121459
v 1.653084 0.642329 0.487906
vn 0.914681 0.328798 -0.235052
v 1.593283 0.868873 0.515742
vn 0.914681 0.328798 -0.235052
v 1.596917 0.669915 0.251719
vn 0.914681 0.328798 -0.235052
v 1.511168 0.892113 0.285122
vn 0.914681 0.328798 -0.235052
v 0.362445 1.248290 -0.056083
vn -0.326021 0.944791 0.032855
v 0.400761 1.250122 0.148050
vn -0.326021 0.944791 0.032855
v 0.145298 1.168190 -0.029427
vn -0.326021 0.944791 0.032855
v 0.174242 1.176990 0.128143
vn -0.326021 0.944791 0.032855
v -0.018232 1.073722 0.366438
vn -0.338430 0.936456 0.092281
v -0.229385 0.967185 0.386514
vn -0.338430 0.936456 0.092281
v -0.041629 1.061330 0.119707
vn -0.338430 0.936456 0.092281
v -0.266427 1.005224 0.150918
vn -0.338430 0.936456 0.092281
v -0.229385 0.967185 0.386514
vn -0.346556 0.925256 -0.154272
v -0.219886 1.021208 0.613000
vn -0.346556 0.925256 -0.154272
v -0.439200 0.903751 0.401276
vn -0.346556 0.925256 -0.154272
v -0.425621 0.935612 0.637800
vn -0.346556 0.925256 -0.154272
v -0.430976 0.990532 0.870612
vn -0.371774 0.905340 -0.205288
v -0.634734 0.902817 0.871708
vn -0.371774 0.905340 -0.205288
v -0.425621 0.935612 0.637800
vn -0.371774 0.905340 -0.205288
v -0.626383 0.858564 0.642524
vn -0.371774 0.905340 -0.205288
v -0.858894 0.923507 0.855935
vn -0.002313 0.998368 -0.057063
v -0.634734 0.902817 0.871708
vn -0.002313 0.998368 -0.057063
v -0.879997 0.914240 1.081915
vn -0.002313 0.998368 -0.057063
v -0.656602 0.937982 1.100303
vn -0.002313 0.998368 -0.057063
v -1.128128 0.834067 1.276600
vn -0.183604 0.969006 0.165280
v -1.106834 0.889419 1.063442
vn -0.183604 0.969006 0.165280
v -0.901609 0.887120 1.305026
vn -0.183604 0.969006 0.165280
v -0.879997 0.914240 1.081915
vn -0.183604 0.969006 0.165280
v -1.346231 0.760145 1.241846
vn -0.465390 0.697827 0.544472
v -1.128128 0.834067 1.276600
vn -0.465390 0.697827 0.544472
v -1.321558 0.604362 1.405743
vn -0.465390 0.697827 0.544472
v -1.133420 0.725878 1.467658
vn -0.465390 0.697827 0.544472
v -1.338772 0.505081 1.611394
vn -0.451422 0.792277 0.410506
v -1.541191 0.400663 1.557409
vn -0.451422 0.792277 0.410506
v -1.321558 0.604362 1.405743
vn -0.451422 0.792277 0.410506
v -1.538067 0.517725 1.367785
vn -0.451422 0.792277 0.410506
v -1.762801 0.333602 1.510509
vn -0.434873 0.618731 0.654261
v -1.541191 0.400663 1.557409
vn -0.434873 0.618731 0.654261
v -1.741188 0.157094 1.654836
vn -0.434873 0.618731 0.654261
v -1.536410 0.259464 1.731175
vn -0.434873 0.618731 0.654261
v -1.878642 -0.160111 1.635941
vn -0.432059 0.134169 0.891809
v -1.941313 0.063236 1.568543
vn -0.432059 0.134169 0.891809
v -1.672716 -0.056806 1.716750
vn -0.432059 0.134169 0.891809
v -1.741188 0.157094 1.654836
vn -0.432059 0.134169 0.891809
v -1.787537 -0.447466 1.448510
vn -0.954832 -0.297016 -0.008779
v -1.854097 -0.205333 1.394524
vn -0.954832 -0.297016 -0.008779
v -1.798376 -0.392905 1.680142
vn -0.954832 -0.297016 -0.008779
v -1.878642 -0.160111 1.635941
vn -0.954832 -0.297016 -0.008779
v -1.787537 -0.447466 1.448510
vn -0.782280 -0.619713 0.063195
v -1.798376 -0.392905 1.680142
vn -0.782280 -0.619713 0.063195
v -1.631085 -0.621244 1.510678
vn -0.782280 -0.619713 0.063195
v -1.654674 -0.584319 1.750323
vn -0.782280 -0.619713 0.063195
v -1.470807 -0.778212 1.562976
vn -0.733054 -0.680051 -0.012781
v -1.447664 -0.815784 1.343323
vn -0.733054 -0.680051 -0.012781
v -1.631085 -0.621244 1.510678
vn -0.733054 -0.680051 -0.012781
v -1.577276 -0.658241 1.282589
vn -0.733054 -0.680051 -0.012781
v 1.945397 -0.329758 0.834172
vn 0.799365 -0.039489 0.599546
v 1.932264 -0.569772 0.837715
vn 0.799365 -0.039489 0.599546
v 1.786139 -0.390139 1.044378
vn 0.799365 -0.039489 0.599546
v 1.795575 -0.614743 1.015192
vn 0.799365 -0.039489 0.599546
v 1.945397 -0.329758 0.834172
vn 0.899154 0.069057 0.432150
v 1.908420 -0.097431 0.870781
vn 0.899154 0.069057 0.432150
v 2.058625 -0.248652 0.582380
vn 0.899154 0.069057 0.432150
v 2.008132 -0.016864 0.653574
vn 0.899154 0.069057 0.432150
v 1.665453 -0.872716 1.176136
vn 0.856043 -0.117997 0.503257
v 1.680244 -0.653859 1.214348
vn 0.856043 -0.117997 0.503257
v 1.792068 -0.846028 0.978920
vn 0.856043 -0.117997 0.503257
v 1.795575 -0.614743 1.015192
vn 0.856043 -0.117997 0.503257
v 1.798571 0.195815 0.448176
vn 0.804896 0.524051 -0.278411
v 1.872335 -0.015068 0.407180
vn 0.804896 0.524051 -0.278411
v 1.848810 0.181519 0.708993
vn 0.804896 0.524051 -0.278411
v 2.008132 -0.016864 0.653574
vn 0.804896 0.524051 -0.278411
v 1.798571 0.195815 0.448176
vn 0.933126 0.290710 -0.211575
v 1.731183 0.423329 0.471119
vn 0.933126 0.290710 -0.211575
v 1.732650 0.223976 0.203807
vn 0.933126 0.290710 -0.211575
v 1.669405 0.448688 0.226160
vn 0.933126 0.290710 -0.211575
v 1.528190 0.440067 0.026330
vn 0.805723 0.273996 -0.525107
v 1.669405 0.448688 0.226160
vn 0.805723 0.273996 -0.525107
v 1.475274 0.668946 0.043284
vn 0.805723 0.273996 -0.525107
v 1.596917 0.669915 0.251719
vn 0.805723 0.273996 -0.525107
v 1.332528 1.114850 0.825230
vn 0.122993 0.988344 -0.089710
v 1.261187 1.089598 0.623544
vn 0.122993 0.988344 -0.089710
v 1.557262 1.064886 0.756821
vn 0.122993 0.988344 -0.089710
v 1.448816 1.075841 0.554966
vn 0.122993 0.988344 -0.089710
v 1.511168 0.892113 0.285122
vn 0.835982 0.523901 -0.163283
v 1.593283 0.868873 0.515742
vn 0.835982 0.523901 -0.163283
v 1.402020 1.118657 0.338264
vn 0.835982 0.523901 -0.163283
v 1.448816 1.075841 0.554966
vn 0.835982 0.523901 -0.163283
v 1.191823 1.114275 0.416881
vn 0.113893 0.991992 0.054591
v 1.261187 1.089598 0.623544
vn 0.113893 0.991992 0.054591
v 0.954593 1.131588 0.499883
vn 0.113893 0.991992 0.054591
v 1.057047 1.114131 0.701317
vn 0.113893 0.991992 0.054591
v 0.902251 1.188125 0.279808
vn 0.246142 0.943411 0.222240
v 0.665978 1.242220 0.346109
vn 0.246142 0.943411 0.222240
v 0.856539 1.260288 0.058131
vn 0.246142 0.943411 0.222240
v 0.630021 1.297069 0.118948
vn 0.246142 0.943411 0.222240
v 0.362445 1.248290 -0.056083
vn -0.192678 0.981033 0.021210
v 0.586094 1.292040 -0.106441
vn -0.192678 0.981033 0.021210
v 0.400761 1.250122 0.148050
vn -0.192678 0.981033 0.021210
v 0.630021 1.297069 0.118948
vn -0.192678 0.981033 0.021210
v 1.511168 0.892113 0.285122
vn 0.808204 0.368219 -0.459588
v 1.397366 0.887911 0.075507
vn 0.808204 0.368219 -0.459588
v 1.596917 0.669915 0.251719
vn 0.808204 0.368219 -0.459588
v 1.475274 0.668946 0.043284
vn 0.808204 0.368219 -0.459588
v 0.321005 1.229648 -0.257432
vn -0.337107 0.941447 -0.006042
v 0.362445 1.248290 -0.056083
vn -0.337107 0.941447 -0.006042
v 0.116417 1.159426 -0.186997
vn -0.337107 0.941447 -0.006042
v 0.145298 1.168190 -0.029427
vn -0.337107 0.941447 -0.006042
v -0.266427 1.005224 0.150918
vn -0.191313 0.960725 0.201015
v -0.308440 1.049656 -0.078689
vn -0.191313 0.960725 0.201015
v -0.041629 1.061330 0.119707
vn -0.191313 0.960725 0.201015
v -0.092760 1.097572 -0.125336
vn -0.191313 0.960725 0.201015
v -0.266427 1.005224 0.150918
vn -0.267815 0.943017 0.197469
v -0.229385 0.967185 0.386514
vn -0.267815 0.943017 0.197469
v -0.486697 0.940030 0.167198
vn -0.267815 0.943017 0.197469
v -0.439200 0.903751 0.401276
vn -0.267815 0.943017 0.197469
v -0.640154 0.856876 0.405662
vn -0.295567 0.953985 -0.050533
v -0.439200 0.903751 0.401276
vn -0.295567 0.953985 -0.050533
v -0.626383 0.858564 0.642524
vn -0.295567 0.953985 -0.050533
v -0.425621 0.935612 0.637800
vn -0.295567 0.953985 -0.050533
v -0.626383 0.858564 0.642524
vn 0.090773 0.975969 -0.198104
v -0.634734 0.902817 0.871708
vn 0.090773 0.975969 -0.198104
v -0.844549 0.872932 0.628352
vn 0.090773 0.975969 -0.198104
v -0.858894 0.923507 0.855935
vn 0.090773 0.975969 -0.198104
v -0.879997 0.914240 1.081915
vn -0.073314 0.994419 0.075865
v -1.106834 0.889419 1.063442
vn -0.073314 0.994419 0.075865
v -0.858894 0.923507 0.855935
vn -0.073314 0.994419 0.075865
v -1.082608 0.917544 0.842776
vn -0.073314 0.994419 0.075865
v -1.332078 0.844879 1.039485
vn -0.282546 0.916022 0.284732
v -1.106834 0.889419 1.063442
vn -0.282546 0.916022 0.284732
v -1.346231 0.760145 1.241846
vn -0.282546 0.916022 0.284732
v -1.128128 0.834067 1.276600
vn -0.282546 0.916022 0.284732
v -1.321558 0.604362 1.405743
vn -0.479895 0.672454 0.563477
v -1.538067 0.517725 1.367785
vn -0.479895 0.672454 0.563477
v -1.346231 0.760145 1.241846
vn -0.479895 0.672454 0.563477
v -1.536474 0.636403 1.184403
vn -0.479895 0.672454 0.563477
v -1.538067 0.517725 1.367785
vn -0.260244 0.769551 0.583150
v -1.541191 0.400663 1.557409
vn -0.260244 0.769551 0.583150
v -1.770069 0.480548 1.349818
vn -0.260244 0.769551 0.583150
v -1.762801 0.333602 1.510509
vn -0.260244 0.769551 0.583150
v -1.941313 0.063236 1.568543
vn -0.454896 0.463642 0.760333
v -1.978163 0.266540 1.446317
vn -0.454896 0.463642 0.760333
v -1.741188 0.157094 1.654836
vn -0.454896 0.463642 0.760333
v -1.762801 0.333602 1.510509
vn -0.454896 0.463642 0.760333
v -1.854097 -0.205333 1.394524
vn -0.859655 -0.443484 0.253604
v -2.016032 -0.058279 1.348215
vn -0.859655 -0.443484 0.253604
v -1.878642 -0.160111 1.635941
vn -0.859655 -0.443484 0.253604
v -1.941313 0.063236 1.568543
vn -0.859655 -0.443484 0.253604
v -1.802073 -0.253214 1.161375
vn -0.945136 -0.290776 -0.148885
v -1.854097 -0.205333 1.394524
vn -0.945136 -0.290776 -0.148885
v -1.739403 -0.487229 1.217131
vn -0.945136 -0.290776 -0.148885
v -1.787537 -0.447466 1.448510
vn -0.945136 -0.290776 -0.148885
v -1.577276 -0.658241 1.282589
vn -0.725232 -0.686947 -0.046284
v -1.739403 -0.487229 1.217131
vn -0.725232 -0.686947 -0.046284
v -1.631085 -0.621244 1.510678
vn -0.725232 -0.686947 -0.046284
v -1.787537 -0.447466 1.448510
vn -0.725232 -0.686947 -0.046284
v -1.577276 -0.658241 1.282589
vn -0.787114 -0.616451 -0.020946
v -1.447664 -0.815784 1.343323
vn -0.787114 -0.616451 -0.020946
v -1.530162 -0.700950 1.060574
vn -0.787114 -0.616451 -0.020946
v -1.397808 -0.882379 1.133876
vn -0.787114 -0.616451 -0.020946
v 1.795575 -0.614743 1.015192
vn 0.786672 -0.086629 0.611263
v 1.932264 -0.569772 0.837715
vn 0.786672 -0.086629 0.611263
v 1.792068 -0.846028 0.978920
vn 0.786672 -0.086629 0.611263
v 1.934049 -0.800482 0.810722
vn 0.786672 -0.086629 0.611263
v 2.008132 -0.016864 0.653574
vn 0.837431 0.358189 -0.412808
v 1.872335 -0.015068 0.407180
vn 0.837431 0.358189 -0.412808
v 2.058625 -0.248652 0.582380
vn 0.837431 0.358189 -0.412808
v 1.951518 -0.226993 0.356569
vn 0.837431 0.358189 -0.412808
v 1.794683 0.002712 0.174536
vn 0.913332 0.326526 -0.243321
v 1.872335 -0.015068 0.407180
vn 0.913332 0.326526 -0.243321
v 1.732650 0.223976 0.203807
vn 0.913332 0.326526 -0.243321
v 1.798571 0.195815 0.448176
vn 0.913332 0.326526 -0.243321
v 1.612728 0.222324 -0.004965
vn 0.792543 0.327187 -0.514611
v 1.732650 0.223976 0.203807
vn 0.792543 0.327187 -0.514611
v 1.528190 0.440067 0.026330
vn 0.792543 0.327187 -0.514611
v 1.669405 0.448688 0.226160
vn 0.792543 0.327187 -0.514611
v 1.443014 0.443156 -0.198723
vn 0.900576 0.251455 -0.354589
v 1.528190 0.440067 0.026330
vn 0.900576 0.251455 -0.354589
v 1.383787 0.669233 -0.177719
vn 0.900576 0.251455 -0.354589
v 1.475274 0.668946 0.043284
vn 0.900576 0.251455 -0.354589
v 1.448816 1.075841 0.554966
vn 0.073923 0.987760 0.137354
v 1.261187 1.089598 0.623544
vn 0.073923 0.987760 0.137354
v 1.402020 1.118657 0.338264
vn 0.073923 0.987760 0.137354
v 1.191823 1.114275 0.416881
vn 0.073923 0.987760 0.137354
v 1.305815 1.119878 0.127468
vn 0.800819 0.442935 -0.403110
v 1.397366 0.887911 0.075507
vn 0.800819 0.442935 -0.403110
v 1.402020 1.118657 0.338264
vn 0.800819 0.442935 -0.403110
v 1.511168 0.892113 0.285122
vn 0.800819 0.442935 -0.403110
v 1.191823 1.114275 0.416881
vn 0.141969 0.965092 0.220095
v 0.954593 1.131588 0.499883
vn 0.141969 0.965092 0.220095
v 1.126921 1.173470 0.204988
vn 0.141969 0.965092 0.220095
v 0.902251 1.188125 0.279808
vn 0.141969 0.965092 0.220095
v 0.856539 1.260288 0.058131
vn 0.146392 0.945847 0.289729
v 1.078659 1.252098 -0.018124
vn 0.146392 0.945847 0.289729
v 0.902251 1.188125 0.279808
vn 0.146392 0.945847 0.289729
v 1.126921 1.173470 0.204988
vn 0.146392 0.945847 0.289729
v 0.630021 1.297069 0.118948
vn 0.064355 0.994210 0.086052
v 0.586094 1.292040 -0.106441
vn 0.064355 0.994210 0.086052
v 0.856539 1.260288 0.058131
vn 0.064355 0.994210 0.086052
v 0.804070 1.310790 -0.169790
vn 0.064355 0.994210 0.086052
v 0.527823 1.288197 -0.322046
vn -0.230605 0.973044 0.002669
v 0.586094 1.292040 -0.106441
vn -0.230605 0.973044 0.002669
v 0.321005 1.229648 -0.257432
vn -0.230605 0.973044 0.002669
v 0.362445 1.248290 -0.056083
vn -0.230605 0.973044 0.002669
v 1.397366 0.887911 0.075507
vn 0.845028 0.381652 -0.374525
v 1.298994 0.884426 -0.134868
vn 0.845028 0.381652 -0.374525
v 1.475274 0.668946 0.043284
vn 0.845028 0.381652 -0.374525
v 1.383787 0.669233 -0.177719
vn 0.845028 0.381652 -0.374525
v 0.116417 1.159426 -0.186997
vn -0.220741 0.971476 0.086649
v 0.052217 1.182594 -0.415086
vn -0.220741 0.971476 0.086649
v 0.321005 1.229648 -0.257432
vn -0.220741 0.971476 0.086649
v 0.259418 1.217256 -0.471687
vn -0.220741 0.971476 0.086649
v -0.266427 1.005224 0.150918
vn -0.190037 0.940466 0.281796
v -0.486697 0.940030 0.167198
vn -0.190037 0.940466 0.281796
v -0.308440 1.049656 -0.078689
vn -0.190037 0.940466 0.281796
v -0.535979 1.011078 -0.050347
vn -0.190037 0.940466 0.281796
v -0.308440 1.049656 -0.078689
vn -0.197271 0.964401 0.176108
v -0.358360 1.077134 -0.311080
vn -0.197271 0.964401 0.176108
v -0.092760 1.097572 -0.125336
vn -0.197271 0.964401 0.176108
v -0.150968 1.132845 -0.358233
vn -0.197271 0.964401 0.176108
v -0.486697 0.940030 0.167198
vn -0.151878 0.959560 0.237020
v -0.439200 0.903751 0.401276
vn -0.151878 0.959560 0.237020
v -0.774165 0.906086 0.177067
vn -0.151878 0.959560 0.237020
v -0.640154 0.856876 0.405662
vn -0.151878 0.959560 0.237020
v -0.844549 0.872932 0.628352
vn -0.069742 0.988325 -0.135462
v -0.838620 0.810109 0.398154
vn -0.069742 0.988325 -0.135462
v -0.626383 0.858564 0.642524
vn -0.069742 0.988325 -0.135462
v -0.640154 0.856876 0.405662
vn -0.069742 0.988325 -0.135462
v -0.858894 0.923507 0.855935
vn 0.080128 0.989877 -0.117142
v -1.082608 0.917544 0.842776
vn 0.080128 0.989877 -0.117142
v -0.844549 0.872932 0.628352
vn 0.080128 0.989877 -0.117142
v -1.061951 0.912013 0.619833
vn 0.080128 0.989877 -0.117142
v -1.082608 0.917544 0.842776
vn -0.179058 0.974784 0.133169
v -1.106834 0.889419 1.063442
vn -0.179058 0.974784 0.133169
v -1.309381 0.884929 0.823881
vn -0.179058 0.974784 0.133169
v -1.332078 0.844879 1.039485
vn -0.179058 0.974784 0.133169
v -1.536474 0.636403 1.184403
vn -0.485696 0.767236 0.418865
v -1.546674 0.762983 1.004142
vn -0.485696 0.767236 0.418865
v -1.346231 0.760145 1.241846
vn -0.485696 0.767236 0.418865
v -1.332078 0.844879 1.039485
vn -0.485696 0.767236 0.418865
v -1.770069 0.480548 1.349818
vn -0.239325 0.852268 0.465149
v -1.759677 0.572394 1.153530
vn -0.239325 0.852268 0.465149
v -1.538067 0.517725 1.367785
vn -0.239325 0.852268 0.465149
v -1.536474 0.636403 1.184403
vn -0.239325 0.852268 0.465149
v -1.762801 0.333602 1.510509
vn -0.357578 0.649866 0.670681
v -1.978163 0.266540 1.446317
vn -0.357578 0.649866 0.670681
v -1.770069 0.480548 1.349818
vn -0.357578 0.649866 0.670681
v -2.005067 0.423257 1.294398
vn -0.357578 0.649866 0.670681
v -1.941313 0.063236 1.568543
vn -0.941382 0.007943 0.337249
v -2.016032 -0.058279 1.348215
vn -0.941382 0.007943 0.337249
v -1.978163 0.266540 1.446317
vn -0.941382 0.007943 0.337249
v -2.054030 0.132525 1.252138
vn -0.941382 0.007943 0.337249
v -1.923334 -0.109249 1.104268
vn -0.703171 -0.707897 -0.066571
v -2.016032 -0.058279 1.348215
vn -0.703171 -0.707897 -0.066571
v -1.802073 -0.253214 1.161375
vn -0.703171 -0.707897 -0.066571
v -1.854097 -0.205333 1.394524
vn -0.703171 -0.707897 -0.066571
v -1.739403 -0.487229 1.217131
vn -0.903336 -0.367150 -0.221778
v -1.656013 -0.510792 0.993260
vn -0.903336 -0.367150 -0.221778
v -1.802073 -0.253214 1.161375
vn -0.903336 -0.367150 -0.221778
v -1.739148 -0.314133 0.929574
vn -0.903336 -0.367150 -0.221778
v -1.530162 -0.700950 1.060574
vn -0.753075 -0.646085 -0.124307
v -1.656013 -0.510792 0.993260
vn -0.753075 -0.646085 -0.124307
v -1.577276 -0.658241 1.282589
vn -0.753075 -0.646085 -0.124307
v -1.739403 -0.487229 1.217131
vn -0.753075 -0.646085 -0.124307
v 2.050400 -0.525268 0.678879
vn 0.870796 -0.142828 0.470441
v 2.022412 -0.746819 0.617049
vn 0.870796 -0.142828 0.470441
v 1.932264 -0.569772 0.837715
vn 0.870796 -0.142828 0.470441
v 1.934049 -0.800482 0.810722
vn 0.870796 -0.142828 0.470441
v 2.124100 -0.464097 0.486893
vn 0.821210 0.349544 -0.451037
v 2.058625 -0.248652 0.582380
vn 0.821210 0.349544 -0.451037
v 1.996082 -0.453573 0.309838
vn 0.821210 0.349544 -0.451037
v 1.951518 -0.226993 0.356569
vn 0.821210 0.349544 -0.451037
v 1.951518 -0.226993 0.356569
vn 0.879177 0.321798 -0.351417
v 1.872335 -0.015068 0.407180
vn 0.879177 0.321798 -0.351417
v 1.842689 -0.221461 0.144085
vn 0.879177 0.321798 -0.351417
v 1.794683 0.002712 0.174536
vn 0.879177 0.321798 -0.351417
v 1.612728 0.222324 -0.004965
vn 0.829321 0.302890 -0.469559
v 1.678969 0.001994 -0.034067
vn 0.829321 0.302890 -0.469559
v 1.732650 0.223976 0.203807
vn 0.829321 0.302890 -0.469559
v 1.794683 0.002712 0.174536
vn 0.829321 0.302890 -0.469559
v 1.498417 0.217402 -0.216183
vn 0.862400 0.315832 -0.395622
v 1.612728 0.222324 -0.004965
vn 0.862400 0.315832 -0.395622
v 1.443014 0.443156 -0.198723
vn 0.862400 0.315832 -0.395622
v 1.528190 0.440067 0.026330
vn 0.862400 0.315832 -0.395622
v 1.271771 0.656051 -0.396782
vn 0.858783 0.313074 -0.405557
v 1.350061 0.438738 -0.427064
vn 0.858783 0.313074 -0.405557
v 1.383787 0.669233 -0.177719
vn 0.858783 0.313074 -0.405557
v 1.443014 0.443156 -0.198723
vn 0.858783 0.313074 -0.405557
v 1.305815 1.119878 0.127468
vn 0.156789 0.984308 0.080959
v 1.402020 1.118657 0.338264
vn 0.156789 0.984308 0.080959
v 1.126921 1.173470 0.204988
vn 0.156789 0.984308 0.080959
v 1.191823 1.114275 0.416881
vn 0.156789 0.984308 0.080959
v 1.212352 1.096315 -0.090330
vn 0.820321 0.414893 -0.393620
v 1.298994 0.884426 -0.134868
vn 0.820321 0.414893 -0.393620
v 1.305815 1.119878 0.127468
vn 0.820321 0.414893 -0.393620
v 1.397366 0.887911 0.075507
vn 0.820321 0.414893 -0.393620
v 0.856539 1.260288 0.058131
vn 0.165371 0.982913 0.080838
v 0.804070 1.310790 -0.169790
vn 0.165371 0.982913 0.080838
v 1.078659 1.252098 -0.018124
vn 0.165371 0.982913 0.080838
v 1.023512 1.257917 -0.254986
vn 0.165371 0.982913 0.080838
v 1.126921 1.173470 0.204988
vn 0.533217 0.843403 -0.065970
v 1.078659 1.252098 -0.018124
vn 0.533217 0.843403 -0.065970
v 1.305815 1.119878 0.127468
vn 0.533217 0.843403 -0.065970
v 1.212352 1.096315 -0.090330
vn 0.533217 0.843403 -0.065970
v 0.804070 1.310790 -0.169790
vn -0.058279 0.997408 -0.042210
v 0.586094 1.292040 -0.106441
vn -0.058279 0.997408 -0.042210
v 0.742165 1.288987 -0.393661
vn -0.058279 0.997408 -0.042210
v 0.527823 1.288197 -0.322046
vn -0.058279 0.997408 -0.042210
v 0.259418 1.217256 -0.471687
vn -0.269015 0.962775 0.026378
v 0.457566 1.275337 -0.534192
vn -0.269015 0.962775 0.026378
v 0.321005 1.229648 -0.257432
vn -0.269015 0.962775 0.026378
v 0.527823 1.288197 -0.322046
vn -0.269015 0.962775 0.026378
v 1.298994 0.884426 -0.134868
vn 0.846145 0.355105 -0.397415
v 1.216559 0.880260 -0.345243
vn 0.846145 0.355105 -0.397415
v 1.383787 0.669233 -0.177719
vn 0.846145 0.355105 -0.397415
v 1.271771 0.656051 -0.396782
vn 0.846145 0.355105 -0.397415
v -0.150968 1.132845 -0.358233
vn -0.209235 0.961576 0.177744
v 0.052217 1.182594 -0.415086
vn -0.209235 0.961576 0.177744
v -0.092760 1.097572 -0.125336
vn -0.209235 0.961576 0.177744
v 0.116417 1.159426 -0.186997
vn -0.209235 0.961576 0.177744
v 0.052217 1.182594 -0.415086
vn -0.098117 0.994951 0.021124
v -0.014534 1.193836 -0.639801
vn -0.098117 0.994951 0.021124
v 0.259418 1.217256 -0.471687
vn -0.098117 0.994951 0.021124
v 0.193815 1.202313 -0.686279
vn -0.098117 0.994951 0.021124
v -0.567793 1.018154 -0.276327
vn -0.201633 0.973325 0.109460
v -0.358360 1.077134 -0.311080
vn -0.201633 0.973325 0.109460
v -0.535979 1.011078 -0.050347
vn -0.201633 0.973325 0.109460
v -0.308440 1.049656 -0.078689
vn -0.201633 0.973325 0.109460
v -0.486697 0.940030 0.167198
vn 0.006886 0.905089 0.425166
v -0.774165 0.906086 0.177067
vn 0.006886 0.905089 0.425166
v -0.535979 1.011078 -0.050347
vn 0.006886 0.905089 0.425166
v -0.776651 1.035504 -0.031452
vn 0.006886 0.905089 0.425166
v -0.150968 1.132845 -0.358233
vn -0.416070 0.859032 -0.298244
v -0.358360 1.077134 -0.311080
vn -0.416070 0.859032 -0.298244
v -0.189220 1.065388 -0.580839
vn -0.416070 0.859032 -0.298244
v -0.381439 0.959211 -0.536891
vn -0.416070 0.859032 -0.298244
v -1.061951 0.912013 0.619833
vn 0.221205 0.951400 -0.214256
v -1.052452 0.868694 0.395118
vn 0.221205 0.951400 -0.214256
v -0.844549 0.872932 0.628352
vn 0.221205 0.951400 -0.214256
v -0.838620 0.810109 0.398154
vn 0.221205 0.951400 -0.214256
v -1.082608 0.917544 0.842776
vn -0.089270 0.995719 0.023962
v -1.309381 0.884929 0.823881
vn -0.089270 0.995719 0.023962
v -1.061951 0.912013 0.619833
vn -0.089270 0.995719 0.023962
v -1.287003 0.904865 0.607095
vn -0.089270 0.995719 0.023962
v -1.546674 0.762983 1.004142
vn -0.370723 0.919051 0.133828
v -1.522065 0.804111 0.793092
vn -0.370723 0.919051 0.133828
v -1.332078 0.844879 1.039485
vn -0.370723 0.919051 0.133828
v -1.309381 0.884929 0.823881
vn -0.370723 0.919051 0.133828
v -1.536474 0.636403 1.184403
vn -0.330706 0.782738 0.527215
v -1.759677 0.572394 1.153530
vn -0.330706 0.782738 0.527215
v -1.546674 0.762983 1.004142
vn -0.330706 0.782738 0.527215
v -1.755405 0.688486 0.969726
vn -0.330706 0.782738 0.527215
v -1.993846 0.534463 1.113969
vn -0.263839 0.855225 0.446072
v -1.759677 0.572394 1.153530
vn -0.263839 0.855225 0.446072
v -2.005067 0.423257 1.294398
vn -0.263839 0.855225 0.446072
v -1.770069 0.480548 1.349818
vn -0.263839 0.855225 0.446072
v -2.005067 0.423257 1.294398
vn -0.980227 0.145704 0.133885
v -1.978163 0.266540 1.446317
vn -0.980227 0.145704 0.133885
v -2.019220 0.292546 1.117258
vn -0.980227 0.145704 0.133885
v -2.054030 0.132525 1.252138
vn -0.980227 0.145704 0.133885
v -2.054030 0.132525 1.252138
vn -0.908088 -0.354727 -0.222587
v -2.016032 -0.058279 1.348215
vn -0.908088 -0.354727 -0.222587
v -1.986132 0.062159 1.034424
vn -0.908088 -0.354727 -0.222587
v -1.923334 -0.109249 1.104268
vn -0.908088 -0.354727 -0.222587
v -1.826300 -0.126131 0.876011
vn -0.803756 -0.565922 -0.183600
v -1.923334 -0.109249 1.104268
vn -0.803756 -0.565922 -0.183600
v -1.739148 -0.314133 0.929574
vn -0.803756 -0.565922 -0.183600
v -1.802073 -0.253214 1.161375
vn -0.803756 -0.565922 -0.183600
v -1.739148 -0.314133 0.929574
vn -0.917239 -0.392642 -0.067125
v -1.656013 -0.510792 0.993260
vn -0.917239 -0.392642 -0.067125
v -1.699557 -0.359284 0.701064
vn -0.917239 -0.392642 -0.067125
v -1.619099 -0.567222 0.770149
vn -0.917239 -0.392642 -0.067125
v -1.530162 -0.700950 1.060574
vn -0.839365 -0.543526 0.006794
v -1.499942 -0.753679 0.844463
vn -0.839365 -0.543526 0.006794
v -1.656013 -0.510792 0.993260
vn -0.839365 -0.543526 0.006794
v -1.619099 -0.567222 0.770149
vn -0.839365 -0.543526 0.006794
v 2.124100 -0.464097 0.486893
vn 0.918094 -0.163921 0.360877
v 2.120594 -0.692652 0.424220
vn 0.918094 -0.163921 0.360877
v 2.050400 -0.525268 0.678879
vn 0.918094 -0.163921 0.360877
v 2.022412 -0.746819 0.617049
vn 0.918094 -0.163921 0.360877
v 2.077815 -0.666898 0.230378
vn 0.882515 0.278354 -0.379059
v 2.120594 -0.692652 0.424220
vn 0.882515 0.278354 -0.379059
v 1.996082 -0.453573 0.309838
vn 0.882515 0.278354 -0.379059
v 2.124100 -0.464097 0.486893
vn 0.882515 0.278354 -0.379059
v 1.842689 -0.221461 0.144085
vn 0.853497 0.230352 -0.467419
v 1.878902 -0.448292 0.114984
vn 0.853497 0.230352 -0.467419
v 1.951518 -0.226993 0.356569
vn 0.853497 0.230352 -0.467419
v 1.996082 -0.453573 0.309838
vn 0.853497 0.230352 -0.467419
v 1.678969 0.001994 -0.034067
vn 0.858801 0.294891 -0.418928
v 1.750819 -0.219234 -0.071519
vn 0.858801 0.294891 -0.418928
v 1.794683 0.002712 0.174536
vn 0.858801 0.294891 -0.418928
v 1.842689 -0.221461 0.144085
vn 0.858801 0.294891 -0.418928
v 1.498417 0.217402 -0.216183
vn 0.834167 0.318182 -0.450473
v 1.569184 -0.001922 -0.244020
vn 0.834167 0.318182 -0.450473
v 1.612728 0.222324 -0.004965
vn 0.834167 0.318182 -0.450473
v 1.678969 0.001994 -0.034067
vn 0.834167 0.318182 -0.450473
v 1.443014 0.443156 -0.198723
vn 0.891639 0.221226 -0.395018
v 1.350061 0.438738 -0.427064
vn 0.891639 0.221226 -0.395018
v 1.498417 0.217402 -0.216183
vn 0.891639 0.221226 -0.395018
v 1.396984 0.209788 -0.433222
vn 0.891639 0.221226 -0.395018
v 1.189847 0.648651 -0.671855
vn 0.895524 0.298332 -0.330205
v 1.251114 0.424047 -0.662323
vn 0.895524 0.298332 -0.330205
v 1.271771 0.656051 -0.396782
vn 0.895524 0.298332 -0.330205
v 1.350061 0.438738 -0.427064
vn 0.895524 0.298332 -0.330205
v 1.212352 1.096315 -0.090330
vn 0.795165 0.468990 -0.384397
v 1.107412 1.072429 -0.301717
vn 0.795165 0.468990 -0.384397
v 1.298994 0.884426 -0.134868
vn 0.795165 0.468990 -0.384397
v 1.216559 0.880260 -0.345243
vn 0.795165 0.468990 -0.384397
v 1.212352 1.096315 -0.090330
vn 0.756443 0.584499 -0.293522
v 1.078659 1.252098 -0.018124
vn 0.756443 0.584499 -0.293522
v 1.107412 1.072429 -0.301717
vn 0.756443 0.584499 -0.293522
v 1.023512 1.257917 -0.254986
vn 0.756443 0.584499 -0.293522
v 1.023512 1.257917 -0.254986
vn 0.130050 0.990621 -0.041926
v 0.804070 1.310790 -0.169790
vn 0.130050 0.990621 -0.041926
v 0.956952 1.277672 -0.476242
vn 0.130050 0.990621 -0.041926
v 0.742165 1.288987 -0.393661
vn 0.130050 0.990621 -0.041926
v 0.457566 1.275337 -0.534192
vn -0.038728 0.999077 -0.018590
v 0.663109 1.288125 -0.605722
vn -0.038728 0.999077 -0.018590
v 0.527823 1.288197 -0.322046
vn -0.038728 0.999077 -0.018590
v 0.742165 1.288987 -0.393661
vn -0.038728 0.999077 -0.018590
v 0.372135 1.246530 -0.740518
vn -0.263931 0.964526 -0.005508
v 0.457566 1.275337 -0.534192
vn -0.263931 0.964526 -0.005508
v 0.193815 1.202313 -0.686279
vn -0.263931 0.964526 -0.005508
v 0.259418 1.217256 -0.471687
vn -0.263931 0.964526 -0.005508
v -0.189220 1.065388 -0.580839
vn -0.429717 0.902876 -0.012621
v -0.014534 1.193836 -0.639801
vn -0.429717 0.902876 -0.012621
v -0.150968 1.132845 -0.358233
vn -0.429717 0.902876 -0.012621
v 0.052217 1.182594 -0.415086
vn -0.429717 0.902876 -0.012621
v -0.035190 1.131229 -0.851525
vn -0.263066 0.963487 -0.049890
v 0.204207 1.238556 -0.928623
vn -0.263066 0.963487 -0.049890
v -0.014534 1.193836 -0.639801
vn -0.263066 0.963487 -0.049890
v 0.193815 1.202313 -0.686279
vn -0.263066 0.963487 -0.049890
v -0.381439 0.959211 -0.536891
vn -0.303379 0.859528 -0.411307
v -0.358360 1.077134 -0.311080
vn -0.303379 0.859528 -0.411307
v -0.586727 0.907020 -0.498173
vn -0.303379 0.859528 -0.411307
v -0.567793 1.018154 -0.276327
vn -0.303379 0.859528 -0.411307
v -0.788191 1.030439 -0.260974
vn 0.079231 0.996852 -0.002959
v -0.567793 1.018154 -0.276327
vn 0.079231 0.996852 -0.002959
v -0.776651 1.035504 -0.031452
vn 0.079231 0.996852 -0.002959
v -0.535979 1.011078 -0.050347
vn 0.079231 0.996852 -0.002959
v -0.776651 1.035504 -0.031452
vn -0.006906 0.864217 0.503073
v -0.774165 0.906086 0.177067
vn -0.006906 0.864217 0.503073
v -1.013115 1.026344 -0.032802
vn -0.006906 0.864217 0.503073
v -1.030967 0.911797 0.177658
vn -0.006906 0.864217 0.503073
v -0.381439 0.959211 -0.536891
vn -0.405889 0.913922 0.000153
v -0.453035 0.948255 -0.754604
vn -0.405889 0.913922 0.000153
v -0.189220 1.065388 -0.580839
vn -0.405889 0.913922 0.000153
v -0.234804 1.024369 -0.798046
vn -0.405889 0.913922 0.000153
v -1.269471 0.912444 0.388117
vn 0.085582 0.993524 -0.074746
v -1.052452 0.868694 0.395118
vn 0.085582 0.993524 -0.074746
v -1.287003 0.904865 0.607095
vn 0.085582 0.993524 -0.074746
v -1.061951 0.912013 0.619833
vn 0.085582 0.993524 -0.074746
v -0.838620 0.810109 0.398154
vn 0.126432 0.938146 0.322333
v -1.052452 0.868694 0.395118
vn 0.126432 0.938146 0.322333
v -0.774165 0.906086 0.177067
vn 0.126432 0.938146 0.322333
v -1.030967 0.911797 0.177658
vn 0.126432 0.938146 0.322333
v -1.309381 0.884929 0.823881
vn -0.303641 0.944182 0.127755
v -1.522065 0.804111 0.793092
vn -0.303641 0.944182 0.127755
v -1.287003 0.904865 0.607095
vn -0.303641 0.944182 0.127755
v -1.510908 0.852745 0.582717
vn -0.303641 0.944182 0.127755
v -1.735578 0.756984 0.767196
vn -0.298645 0.929924 0.214599
v -1.522065 0.804111 0.793092
vn -0.298645 0.929924 0.214599
v -1.755405 0.688486 0.969726
vn -0.298645 0.929924 0.214599
v -1.546674 0.762983 1.004142
vn -0.298645 0.929924 0.214599
v -1.755405 0.688486 0.969726
vn -0.286537 0.852648 0.436909
v -1.759677 0.572394 1.153530
vn -0.286537 0.852648 0.436909
v -1.977334 0.618946 0.919958
vn -0.286537 0.852648 0.436909
v -1.993846 0.534463 1.113969
vn -0.286537 0.852648 0.436909
v -2.009019 0.422933 0.955386
vn -0.994477 0.104318 0.011548
v -1.993846 0.534463 1.113969
vn -0.994477 0.104318 0.011548
v -2.019220 0.292546 1.117258
vn -0.994477 0.104318 0.011548
v -2.005067 0.423257 1.294398
vn -0.994477 0.104318 0.011548
v -1.986132 0.062159 1.034424
vn -0.974407 -0.062106 -0.216040
v -1.988491 0.226921 0.929490
vn -0.974407 -0.062106 -0.216040
v -2.054030 0.132525 1.252138
vn -0.974407 -0.062106 -0.216040
v -2.019220 0.292546 1.117258
vn -0.974407 -0.062106 -0.216040
v -1.933216 0.052317 0.814434
vn -0.831552 -0.496706 -0.248605
v -1.986132 0.062159 1.034424
vn -0.831552 -0.496706 -0.248605
v -1.826300 -0.126131 0.876011
vn -0.831552 -0.496706 -0.248605
v -1.923334 -0.109249 1.104268
vn -0.831552 -0.496706 -0.248605
v -1.739148 -0.314133 0.929574
vn -0.913299 -0.371880 -0.166101
v -1.699557 -0.359284 0.701064
vn -0.913299 -0.371880 -0.166101
v -1.826300 -0.126131 0.876011
vn -0.913299 -0.371880 -0.166101
v -1.762610 -0.130765 0.647922
vn -0.913299 -0.371880 -0.166101
v -1.699557 -0.359284 0.701064
vn -0.914330 -0.396941 -0.080238
v -1.619099 -0.567222 0.770149
vn -0.914330 -0.396941 -0.080238
v -1.663217 -0.408063 0.485122
vn -0.914330 -0.396941 -0.080238
v -1.575364 -0.615677 0.554375
vn -0.914330 -0.396941 -0.080238
v -1.619099 -0.567222 0.770149
vn -0.895900 -0.443722 0.021769
v -1.499942 -0.753679 0.844463
vn -0.895900 -0.443722 0.021769
v -1.575364 -0.615677 0.554375
vn -0.895900 -0.443722 0.021769
v -1.498859 -0.817293 0.620507
vn -0.895900 -0.443722 0.021769
v 1.887317 -0.679434 0.098957
vn 0.694663 0.283052 -0.661306
v 2.077815 -0.666898 0.230378
vn 0.694663 0.283052 -0.661306
v 1.878902 -0.448292 0.114984
vn 0.694663 0.283052 -0.661306
v 1.996082 -0.453573 0.309838
vn 0.694663 0.283052 -0.661306
v 1.750819 -0.219234 -0.071519
vn 0.884256 0.129056 -0.448815
v 1.762550 -0.448041 -0.078858
vn 0.884256 0.129056 -0.448815
v 1.842689 -0.221461 0.144085
vn 0.884256 0.129056 -0.448815
v 1.878902 -0.448292 0.114984
vn 0.884256 0.129056 -0.448815
v 1.629177 -0.224802 -0.268060
vn 0.823039 0.310228 -0.475779
v 1.750819 -0.219234 -0.071519
vn 0.823039 0.310228 -0.475779
v 1.569184 -0.001922 -0.244020
vn 0.823039 0.310228 -0.475779
v 1.678969 0.001994 -0.034067
vn 0.823039 0.310228 -0.475779
v 1.396984 0.209788 -0.433222
vn 0.836848 0.241321 -0.491374
v 1.437276 -0.017582 -0.435668
vn 0.836848 0.241321 -0.491374
v 1.498417 0.217402 -0.216183
vn 0.836848 0.241321 -0.491374
v 1.569184 -0.001922 -0.244020
vn 0.836848 0.241321 -0.491374
v 1.350061 0.438738 -0.427064
vn 0.897205 0.179013 -0.403704
v 1.251114 0.424047 -0.662323
vn 0.897205 0.179013 -0.403704
v 1.396984 0.209788 -0.433222
vn 0.897205 0.179013 -0.403704
v 1.296061 0.196929 -0.654141
vn 0.897205 0.179013 -0.403704
v 1.147004 0.400484 -0.893870
vn 0.867239 0.240486 -0.435962
v 1.251114 0.424047 -0.662323
vn 0.867239 0.240486 -0.435962
v 1.074898 0.618156 -0.905764
vn 0.867239 0.240486 -0.435962
v 1.189847 0.648651 -0.671855
vn 0.867239 0.240486 -0.435962
v 1.216559 0.880260 -0.345243
vn 0.907435 0.391387 -0.152896
v 1.107412 1.072429 -0.301717
vn 0.907435 0.391387 -0.152896
v 1.156376 0.871926 -0.524238
vn 0.907435 0.391387 -0.152896
v 1.093131 1.097608 -0.521033
vn 0.907435 0.391387 -0.152896
v 1.093131 1.097608 -0.521033
vn 0.841191 0.531409 -0.100015
v 1.107412 1.072429 -0.301717
vn 0.841191 0.531409 -0.100015
v 0.956952 1.277672 -0.476242
vn 0.841191 0.531409 -0.100015
v 1.023512 1.257917 -0.254986
vn 0.841191 0.531409 -0.100015
v 0.742165 1.288987 -0.393661
vn 0.064310 0.995789 -0.065339
v 0.663109 1.288125 -0.605722
vn 0.064310 0.995789 -0.065339
v 0.956952 1.277672 -0.476242
vn 0.064310 0.995789 -0.065339
v 0.862405 1.261724 -0.690244
vn 0.064310 0.995789 -0.065339
v 0.558616 1.277924 -0.810193
vn -0.124954 0.991494 -0.036418
v 0.663109 1.288125 -0.605722
vn -0.124954 0.991494 -0.036418
v 0.372135 1.246530 -0.740518
vn -0.124954 0.991494 -0.036418
v 0.457566 1.275337 -0.534192
vn -0.124954 0.991494 -0.036418
v -0.234804 1.024369 -0.798046
vn -0.553173 0.825252 -0.113835
v -0.035190 1.131229 -0.851525
vn -0.553173 0.825252 -0.113835
v -0.189220 1.065388 -0.580839
vn -0.553173 0.825252 -0.113835
v -0.014534 1.193836 -0.639801
vn -0.553173 0.825252 -0.113835
v 0.124897 1.176200 -1.152916
vn -0.507749 0.849569 -0.142913
v 0.204207 1.238556 -0.928623
vn -0.507749 0.849569 -0.142913
v -0.062222 1.055798 -1.068479
vn -0.507749 0.849569 -0.142913
v -0.035190 1.131229 -0.851525
vn -0.507749 0.849569 -0.142913
v -0.624725 0.946711 -0.745326
vn -0.129164 0.987401 0.091412
v -0.453035 0.948255 -0.754604
vn -0.129164 0.987401 0.091412
v -0.586727 0.907020 -0.498173
vn -0.129164 0.987401 0.091412
v -0.381439 0.959211 -0.536891
vn -0.129164 0.987401 0.091412
v -0.788191 1.030439 -0.260974
vn 0.062758 0.906184 -0.418202
v -0.803874 0.938916 -0.483496
vn 0.062758 0.906184 -0.418202
v -0.567793 1.018154 -0.276327
vn 0.062758 0.906184 -0.418202
v -0.586727 0.907020 -0.498173
vn 0.062758 0.906184 -0.418202
v -1.013115 1.026344 -0.032802
vn -0.008777 0.999916 0.009565
v -1.013562 1.035539 -0.252877
vn -0.008777 0.999916 0.009565
v -0.776651 1.035504 -0.031452
vn -0.008777 0.999916 0.009565
v -0.788191 1.030439 -0.260974
vn -0.008777 0.999916 0.009565
v -1.030967 0.911797 0.177658
vn -0.055175 0.917555 0.393761
v -1.250855 0.924584 0.171078
vn -0.055175 0.917555 0.393761
v -1.013115 1.026344 -0.032802
vn -0.055175 0.917555 0.393761
v -1.240973 0.990856 -0.036007
vn -0.055175 0.917555 0.393761
v -0.453035 0.948255 -0.754604
vn -0.385470 0.910217 -0.151389
v -0.512836 0.881373 -0.949964
vn -0.385470 0.910217 -0.151389
v -0.234804 1.024369 -0.798046
vn -0.385470 0.910217 -0.151389
v -0.286190 0.976524 -1.009264
vn -0.385470 0.910217 -0.151389
v -1.030967 0.911797 0.177658
vn 0.122826 0.983002 0.136458
v -1.052452 0.868694 0.395118
vn 0.122826 0.983002 0.136458
v -1.250855 0.924584 0.171078
vn 0.122826 0.983002 0.136458
v -1.269471 0.912444 0.388117
vn 0.122826 0.983002 0.136458
v -1.510908 0.852745 0.582717
vn -0.227361 0.973668 0.016676
v -1.500707 0.859067 0.367450
vn -0.227361 0.973668 0.016676
v -1.287003 0.904865 0.607095
vn -0.227361 0.973668 0.016676
v -1.269471 0.912444 0.388117
vn -0.227361 0.973668 0.016676
v -1.510908 0.852745 0.582717
vn -0.218372 0.949124 0.226886
v -1.522065 0.804111 0.793092
vn -0.218372 0.949124 0.226886
v -1.730605 0.810432 0.566016
vn -0.218372 0.949124 0.226886
v -1.735578 0.756984 0.767196
vn -0.218372 0.949124 0.226886
v -1.755405 0.688486 0.969726
vn -0.461289 0.884521 0.069535
v -1.977334 0.618946 0.919958
vn -0.461289 0.884521 0.069535
v -1.735578 0.756984 0.767196
vn -0.461289 0.884521 0.069535
v -1.888843 0.638342 0.722574
vn -0.461289 0.884521 0.069535
v -2.019220 0.292546 1.117258
vn -0.981207 -0.079496 -0.175821
v -1.988491 0.226921 0.929490
vn -0.981207 -0.079496 -0.175821
v -2.009019 0.422933 0.955386
vn -0.981207 -0.079496 -0.175821
v -1.953490 0.298185 0.747964
vn -0.981207 -0.079496 -0.175821
v -1.953490 0.298185 0.747964
vn -0.960615 -0.150536 -0.233575
v -1.988491 0.226921 0.929490
vn -0.960615 -0.150536 -0.233575
v -1.933216 0.052317 0.814434
vn -0.960615 -0.150536 -0.233575
v -1.986132 0.062159 1.034424
vn -0.960615 -0.150536 -0.233575
v -1.762610 -0.130765 0.647922
vn -0.788737 -0.595297 -0.153350
v -1.886229 0.027425 0.587694
vn -0.788737 -0.595297 -0.153350
v -1.826300 -0.126131 0.876011
vn -0.788737 -0.595297 -0.153350
v -1.933216 0.052317 0.814434
vn -0.788737 -0.595297 -0.153350
v -1.762610 -0.130765 0.647922
vn -0.950145 -0.306394 -0.057862
v -1.699557 -0.359284 0.701064
vn -0.950145 -0.306394 -0.057862
v -1.739276 -0.182991 0.419496
vn -0.950145 -0.306394 -0.057862
v -1.663217 -0.408063 0.485122
vn -0.950145 -0.306394 -0.057862
v -1.663217 -0.408063 0.485122
vn -0.953146 -0.221194 0.206364
v -1.575364 -0.615677 0.554375
vn -0.953146 -0.221194 0.206364
v -1.668636 -0.478141 0.270867
vn -0.953146 -0.221194 0.206364
v -1.627578 -0.693227 0.344000
vn -0.953146 -0.221194 0.206364
v -1.627578 -0.693227 0.344000
vn -0.884415 -0.406419 0.229420
v -1.575364 -0.615677 0.554375
vn -0.884415 -0.406419 0.229420
v -1.490124 -0.887300 0.401866
vn -0.884415 -0.406419 0.229420
v -1.498859 -0.817293 0.620507
vn -0.884415 -0.406419 0.229420
v 1.878902 -0.448292 0.114984
vn 0.839674 0.036496 -0.541863
v 1.762550 -0.448041 -0.078858
vn 0.839674 0.036496 -0.541863
v 1.887317 -0.679434 0.098957
vn 0.839674 0.036496 -0.541863
v 1.761084 -0.681158 -0.083244
vn 0.839674 0.036496 -0.541863
v 1.653403 -0.452387 -0.272362
vn 0.857032 0.080524 -0.508932
v 1.762550 -0.448041 -0.078858
vn 0.857032 0.080524 -0.508932
v 1.629177 -0.224802 -0.268060
vn 0.857032 0.080524 -0.508932
v 1.750819 -0.219234 -0.071519
vn 0.857032 0.080524 -0.508932
v 1.569184 -0.001922 -0.244020
vn 0.776770 0.252801 -0.576818
v 1.437276 -0.017582 -0.435668
vn 0.776770 0.252801 -0.576818
v 1.629177 -0.224802 -0.268060
vn 0.776770 0.252801 -0.576818
v 1.491786 -0.239564 -0.452370
vn 0.776770 0.252801 -0.576818
v 1.340880 -0.030478 -0.650682
vn 0.894679 0.166542 -0.414504
v 1.437276 -0.017582 -0.435668
vn 0.894679 0.166542 -0.414504
v 1.296061 0.196929 -0.654141
vn 0.894679 0.166542 -0.414504
v 1.396984 0.209788 -0.433222
vn 0.894679 0.166542 -0.414504
v 1.296061 0.196929 -0.654141
vn 0.892635 0.155399 -0.423147
v 1.251114 0.424047 -0.662323
vn 0.892635 0.155399 -0.423147
v 1.195202 0.172862 -0.872529
vn 0.892635 0.155399 -0.423147
v 1.147004 0.400484 -0.893870
vn 0.892635 0.155399 -0.423147
v 1.027401 0.365283 -1.105848
vn 0.834948 0.236637 -0.496855
v 1.147004 0.400484 -0.893870
vn 0.834948 0.236637 -0.496855
v 0.958546 0.584715 -1.122718
vn 0.834948 0.236637 -0.496855
v 1.074898 0.618156 -0.905764
vn 0.834948 0.236637 -0.496855
v 0.973401 0.824261 -0.908463
vn 0.805826 0.333700 -0.489172
v 1.074898 0.618156 -0.905764
vn 0.805826 0.333700 -0.489172
v 1.096128 0.863593 -0.703234
vn 0.805826 0.333700 -0.489172
v 1.189847 0.648651 -0.671855
vn 0.805826 0.333700 -0.489172
v 1.156376 0.871926 -0.524238
vn 0.823862 0.354808 -0.441999
v 1.093131 1.097608 -0.521033
vn 0.823862 0.354808 -0.441999
v 1.096128 0.863593 -0.703234
vn 0.823862 0.354808 -0.441999
v 0.975760 1.062766 -0.707620
vn 0.823862 0.354808 -0.441999
v 0.975760 1.062766 -0.707620
vn 0.712433 0.542155 -0.445541
v 1.093131 1.097608 -0.521033
vn 0.712433 0.542155 -0.445541
v 0.862405 1.261724 -0.690244
vn 0.712433 0.542155 -0.445541
v 0.956952 1.277672 -0.476242
vn 0.712433 0.542155 -0.445541
v 0.558616 1.277924 -0.810193
vn 0.126843 0.973589 -0.189831
v 0.734514 1.223542 -0.889315
vn 0.126843 0.973589 -0.189831
v 0.663109 1.288125 -0.605722
vn 0.126843 0.973589 -0.189831
v 0.862405 1.261724 -0.690244
vn 0.126843 0.973589 -0.189831
v 0.372135 1.246530 -0.740518
vn -0.096670 0.994465 -0.041170
v 0.204207 1.238556 -0.928623
vn -0.096670 0.994465 -0.041170
v 0.558616 1.277924 -0.810193
vn -0.096670 0.994465 -0.041170
v 0.426773 1.240747 -1.008674
vn -0.096670 0.994465 -0.041170
v -0.062222 1.055798 -1.068479
vn -0.434844 0.883396 -0.174704
v -0.035190 1.131229 -0.851525
vn -0.434844 0.883396 -0.174704
v -0.286190 0.976524 -1.009264
vn -0.434844 0.883396 -0.174704
v -0.234804 1.024369 -0.798046
vn -0.434844 0.883396 -0.174704
v 0.426773 1.240747 -1.008674
vn -0.080448 0.961737 -0.261896
v 0.204207 1.238556 -0.928623
vn -0.080448 0.961737 -0.261896
v 0.372263 1.167543 -1.241233
vn -0.080448 0.961737 -0.261896
v 0.124897 1.176200 -1.152916
vn -0.080448 0.961737 -0.261896
v 0.124897 1.176200 -1.152916
vn -0.512266 0.850993 -0.115736
v -0.062222 1.055798 -1.068479
vn -0.512266 0.850993 -0.115736
v 0.072937 1.095705 -1.373329
vn -0.512266 0.850993 -0.115736
v -0.129483 1.005044 -1.285602
vn -0.512266 0.850993 -0.115736
v -0.586727 0.907020 -0.498173
vn 0.082721 0.992829 0.086303
v -0.803874 0.938916 -0.483496
vn 0.082721 0.992829 0.086303
v -0.624725 0.946711 -0.745326
vn 0.082721 0.992829 0.086303
v -0.796351 0.945166 -0.736047
vn 0.082721 0.992829 0.086303
v -0.788191 1.030439 -0.260974
vn 0.092366 0.945487 -0.312287
v -1.013562 1.035539 -0.252877
vn 0.092366 0.945487 -0.312287
v -0.803874 0.938916 -0.483496
vn 0.092366 0.945487 -0.312287
v -1.017642 0.981948 -0.475651
vn 0.092366 0.945487 -0.312287
v -1.236829 1.041466 -0.244442
vn -0.063237 0.988489 0.137445
v -1.013562 1.035539 -0.252877
vn -0.063237 0.988489 0.137445
v -1.240973 0.990856 -0.036007
vn -0.063237 0.988489 0.137445
v -1.013115 1.026344 -0.032802
vn -0.063237 0.988489 0.137445
v -1.240973 0.990856 -0.036007
vn -0.115538 0.933513 0.339418
v -1.250855 0.924584 0.171078
vn -0.115538 0.933513 0.339418
v -1.466918 0.975877 -0.043683
vn -0.115538 0.933513 0.339418
v -1.487064 0.892365 0.151171
vn -0.115538 0.933513 0.339418
v -0.286190 0.976524 -1.009264
vn -0.356970 0.904437 -0.233596
v -0.512836 0.881373 -0.949964
vn -0.356970 0.904437 -0.233596
v -0.329224 0.886079 -1.212216
vn -0.356970 0.904437 -0.233596
v -0.556125 0.841610 -1.119344
vn -0.356970 0.904437 -0.233596
v -1.269471 0.912444 0.388117
vn -0.186879 0.978367 0.088741
v -1.500707 0.859067 0.367450
vn -0.186879 0.978367 0.088741
v -1.250855 0.924584 0.171078
vn -0.186879 0.978367 0.088741
v -1.487064 0.892365 0.151171
vn -0.186879 0.978367 0.088741
v -1.732581 0.838378 0.359100
vn -0.142014 0.986838 0.077348
v -1.500707 0.859067 0.367450
vn -0.142014 0.986838 0.077348
v -1.730605 0.810432 0.566016
vn -0.142014 0.986838 0.077348
v -1.510908 0.852745 0.582717
vn -0.142014 0.986838 0.077348
v -1.888843 0.638342 0.722574
vn -0.668849 0.732116 0.129026
v -1.886675 0.664025 0.511440
vn -0.668849 0.732116 0.129026
v -1.735578 0.756984 0.767196
vn -0.668849 0.732116 0.129026
v -1.730605 0.810432 0.566016
vn -0.668849 0.732116 0.129026
v -1.915365 0.523041 0.708403
vn -0.943094 0.099974 -0.317141
v -1.977334 0.618946 0.919958
vn -0.943094 0.099974 -0.317141
v -1.953490 0.298185 0.747964
vn -0.943094 0.099974 -0.317141
v -2.009019 0.422933 0.955386
vn -0.943094 0.099974 -0.317141
v -1.933216 0.052317 0.814434
vn -0.975337 -0.142412 -0.168631
v -1.886229 0.027425 0.587694
vn -0.975337 -0.142412 -0.168631
v -1.953490 0.298185 0.747964
vn -0.975337 -0.142412 -0.168631
v -1.910583 0.240247 0.524852
vn -0.975337 -0.142412 -0.168631
v -1.739276 -0.182991 0.419496
vn -0.750661 -0.643559 0.149463
v -1.914472 -0.018911 0.367029
vn -0.750661 -0.643559 0.149463
v -1.762610 -0.130765 0.647922
vn -0.750661 -0.643559 0.149463
v -1.886229 0.027425 0.587694
vn -0.750661 -0.643559 0.149463
v -1.742208 -0.261583 0.201782
vn -0.950919 -0.286421 0.117119
v -1.739276 -0.182991 0.419496
vn -0.950919 -0.286421 0.117119
v -1.668636 -0.478141 0.270867
vn -0.950919 -0.286421 0.117119
v -1.663217 -0.408063 0.485122
vn -0.950919 -0.286421 0.117119
v -1.668636 -0.478141 0.270867
vn -0.946955 -0.300702 0.113382
v -1.627578 -0.693227 0.344000
vn -0.946955 -0.300702 0.113382
v -1.704593 -0.559176 0.056359
vn -0.946955 -0.300702 0.113382
v -1.597422 -0.760432 0.116839
vn -0.946955 -0.300702 0.113382
v -1.627578 -0.693227 0.344000
vn -0.791836 -0.610160 0.026461
v -1.490124 -0.887300 0.401866
vn -0.791836 -0.610160 0.026461
v -1.597422 -0.760432 0.116839
vn -0.791836 -0.610160 0.026461
v -1.451234 -0.929361 0.176392
vn -0.791836 -0.610160 0.026461
v 1.761084 -0.681158 -0.083244
vn 0.810122 0.286275 -0.511614
v 1.828472 -0.910863 -0.123649
vn 0.810122 0.286275 -0.511614
v 1.887317 -0.679434 0.098957
vn 0.810122 0.286275 -0.511614
v 1.936344 -0.902458 0.070361
vn 0.810122 0.286275 -0.511614
v 1.761084 -0.681158 -0.083244
vn 0.914537 0.108304 -0.389735
v 1.762550 -0.448041 -0.078858
vn 0.914537 0.108304 -0.389735
v 1.697840 -0.674477 -0.293450
vn 0.914537 0.108304 -0.389735
v 1.653403 -0.452387 -0.272362
vn 0.914537 0.108304 -0.389735
v 1.540749 -0.461870 -0.463758
vn 0.818198 0.152475 -0.554349
v 1.653403 -0.452387 -0.272362
vn 0.818198 0.152475 -0.554349
v 1.491786 -0.239564 -0.452370
vn 0.818198 0.152475 -0.554349
v 1.629177 -0.224802 -0.268060
vn 0.818198 0.152475 -0.554349
v 1.491786 -0.239564 -0.452370
vn 0.877546 0.238524 -0.415956
v 1.437276 -0.017582 -0.435668
vn 0.877546 0.238524 -0.415956
v 1.396601 -0.254004 -0.656840
vn 0.877546 0.238524 -0.415956
v 1.340880 -0.030478 -0.650682
vn 0.877546 0.238524 -0.415956
v 1.296061 0.196929 -0.654141
vn 0.892404 0.195699 -0.406592
v 1.195202 0.172862 -0.872529
vn 0.892404 0.195699 -0.406592
v 1.340880 -0.030478 -0.650682
vn 0.892404 0.195699 -0.406592
v 1.252389 -0.050952 -0.869324
vn 0.892404 0.195699 -0.406592
v 1.195202 0.172862 -0.872529
vn 0.830838 0.052704 -0.554013
v 1.147004 0.400484 -0.893870
vn 0.830838 0.052704 -0.554013
v 1.053731 0.136117 -1.058863
vn 0.830838 0.052704 -0.554013
v 1.027401 0.365283 -1.105848
vn 0.830838 0.052704 -0.554013
v 0.958546 0.584715 -1.122718
vn 0.725841 0.153173 -0.670592
v 0.806365 0.534571 -1.306437
vn 0.725841 0.153173 -0.670592
v 1.027401 0.365283 -1.105848
vn 0.725841 0.153173 -0.670592
v 0.867569 0.313595 -1.283156
vn 0.725841 0.153173 -0.670592
v 0.958546 0.584715 -1.122718
vn 0.788884 0.381799 -0.481552
v 1.074898 0.618156 -0.905764
vn 0.788884 0.381799 -0.481552
v 0.860811 0.793514 -1.117320
vn 0.788884 0.381799 -0.481552
v 0.973401 0.824261 -0.908463
vn 0.788884 0.381799 -0.481552
v 0.842067 1.016107 -0.896232
vn 0.695454 0.458950 -0.552909
v 0.973401 0.824261 -0.908463
vn 0.695454 0.458950 -0.552909
v 0.975760 1.062766 -0.707620
vn 0.695454 0.458950 -0.552909
v 1.096128 0.863593 -0.703234
vn 0.695454 0.458950 -0.552909
v 0.862405 1.261724 -0.690244
vn 0.707749 0.418633 -0.569068
v 0.734514 1.223542 -0.889315
vn 0.707749 0.418633 -0.569068
v 0.975760 1.062766 -0.707620
vn 0.707749 0.418633 -0.569068
v 0.842067 1.016107 -0.896232
vn 0.707749 0.418633 -0.569068
v 0.563653 1.157737 -1.057261
vn 0.213542 0.880266 -0.423711
v 0.734514 1.223542 -0.889315
vn 0.213542 0.880266 -0.423711
v 0.426773 1.240747 -1.008674
vn 0.213542 0.880266 -0.423711
v 0.558616 1.277924 -0.810193
vn 0.213542 0.880266 -0.423711
v -0.129483 1.005044 -1.285602
vn -0.461167 0.870582 -0.171499
v -0.062222 1.055798 -1.068479
vn -0.461167 0.870582 -0.171499
v -0.329224 0.886079 -1.212216
vn -0.461167 0.870582 -0.171499
v -0.286190 0.976524 -1.009264
vn -0.461167 0.870582 -0.171499
v 0.124897 1.176200 -1.152916
vn -0.130157 0.964580 -0.229444
v 0.072937 1.095705 -1.373329
vn -0.130157 0.964580 -0.229444
v 0.372263 1.167543 -1.241233
vn -0.130157 0.964580 -0.229444
v 0.316095 1.127996 -1.464008
vn -0.130157 0.964580 -0.229444
v 0.052344 0.974081 -1.563543
vn -0.346475 0.880117 -0.324576
v 0.072937 1.095705 -1.373329
vn -0.346475 0.880117 -0.324576
v -0.184566 0.949548 -1.494796
vn -0.346475 0.880117 -0.324576
v -0.129483 1.005044 -1.285602
vn -0.346475 0.880117 -0.324576
v -0.796351 0.945166 -0.736047
vn 0.144279 0.989390 -0.017031
v -0.803874 0.938916 -0.483496
vn 0.144279 0.989390 -0.017031
v -1.025994 0.967185 -0.722804
vn 0.144279 0.989390 -0.017031
v -1.017642 0.981948 -0.475651
vn 0.144279 0.989390 -0.017031
v -1.017642 0.981948 -0.475651
vn 0.108635 0.982688 -0.150078
v -1.013562 1.035539 -0.252877
vn 0.108635 0.982688 -0.150078
v -1.231792 1.027709 -0.462239
vn 0.108635 0.982688 -0.150078
v -1.236829 1.041466 -0.244442
vn 0.108635 0.982688 -0.150078
v -1.466918 0.975877 -0.043683
vn -0.121142 0.976155 0.180126
v -1.455570 1.002098 -0.241320
vn -0.121142 0.976155 0.180126
v -1.240973 0.990856 -0.036007
vn -0.121142 0.976155 0.180126
v -1.236829 1.041466 -0.244442
vn -0.121142 0.976155 0.180126
v -1.487064 0.892365 0.151171
vn -0.258991 0.950283 0.172873
v -1.724038 0.874082 0.130926
vn -0.258991 0.950283 0.172873
v -1.466918 0.975877 -0.043683
vn -0.258991 0.950283 0.172873
v -1.646896 0.895346 -0.104670
vn -0.258991 0.950283 0.172873
v -0.556125 0.841610 -1.119344
vn -0.141878 0.987267 0.071926
v -0.616692 0.853572 -1.333093
vn -0.141878 0.987267 0.071926
v -0.329224 0.886079 -1.212216
vn -0.141878 0.987267 0.071926
v -0.397250 0.886007 -1.415927
vn -0.141878 0.987267 0.071926
v -1.732581 0.838378 0.359100
vn -0.091072 0.984728 0.148380
v -1.724038 0.874082 0.130926
vn -0.091072 0.984728 0.148380
v -1.500707 0.859067 0.367450
vn -0.091072 0.984728 0.148380
v -1.487064 0.892365 0.151171
vn -0.091072 0.984728 0.148380
v -1.730605 0.810432 0.566016
vn -0.734585 0.677737 0.032511
v -1.886675 0.664025 0.511440
vn -0.734585 0.677737 0.032511
v -1.732581 0.838378 0.359100
vn -0.734585 0.677737 0.032511
v -1.882722 0.653536 0.400348
vn -0.734585 0.677737 0.032511
v -1.907842 0.453393 0.469095
vn -0.987944 0.150596 -0.035873
v -1.886675 0.664025 0.511440
vn -0.987944 0.150596 -0.035873
v -1.915365 0.523041 0.708403
vn -0.987944 0.150596 -0.035873
v -1.888843 0.638342 0.722574
vn -0.987944 0.150596 -0.035873
v -1.910583 0.240247 0.524852
vn -0.989922 0.064900 -0.125869
v -1.907842 0.453393 0.469095
vn -0.989922 0.064900 -0.125869
v -1.953490 0.298185 0.747964
vn -0.989922 0.064900 -0.125869
v -1.915365 0.523041 0.708403
vn -0.989922 0.064900 -0.125869
v -1.886229 0.027425 0.587694
vn -0.989449 -0.064224 0.129871
v -1.914472 -0.018911 0.367029
vn -0.989449 -0.064224 0.129871
v -1.910583 0.240247 0.524852
vn -0.989449 -0.064224 0.129871
v -1.935320 0.192510 0.295076
vn -0.989449 -0.064224 0.129871
v -1.742208 -0.261583 0.201782
vn -0.689496 -0.672456 0.269070
v -1.936340 -0.093552 0.138180
vn -0.689496 -0.672456 0.269070
v -1.739276 -0.182991 0.419496
vn -0.689496 -0.672456 0.269070
v -1.914472 -0.018911 0.367029
vn -0.689496 -0.672456 0.269070
v -1.668636 -0.478141 0.270867
vn -0.970358 -0.193517 0.144762
v -1.704593 -0.559176 0.056359
vn -0.970358 -0.193517 0.144762
v -1.742208 -0.261583 0.201782
vn -0.970358 -0.193517 0.144762
v -1.734940 -0.356662 -0.011376
vn -0.970358 -0.193517 0.144762
v -1.704593 -0.559176 0.056359
vn -0.879591 -0.450707 0.152261
v -1.597422 -0.760432 0.116839
vn -0.879591 -0.450707 0.152261
v -1.705741 -0.644879 -0.166922
vn -0.879591 -0.450707 0.152261
v -1.590155 -0.836222 -0.102814
vn -0.879591 -0.450707 0.152261
v 1.697840 -0.674477 -0.293450
vn 0.910904 0.299264 -0.284068
v 1.758598 -0.909067 -0.331324
vn 0.910904 0.299264 -0.284068
v 1.761084 -0.681158 -0.083244
vn 0.910904 0.299264 -0.284068
v 1.828472 -0.910863 -0.123649
vn 0.910904 0.299264 -0.284068
v 1.697840 -0.674477 -0.293450
vn 0.851528 0.268411 -0.450395
v 1.653403 -0.452387 -0.272362
vn 0.851528 0.268411 -0.450395
v 1.606480 -0.674297 -0.493365
vn 0.851528 0.268411 -0.450395
v 1.540749 -0.461870 -0.463758
vn 0.851528 0.268411 -0.450395
v 1.396601 -0.254004 -0.656840
vn 0.870644 0.177554 -0.458753
v 1.433579 -0.484104 -0.657431
vn 0.870644 0.177554 -0.458753
v 1.491786 -0.239564 -0.452370
vn 0.870644 0.177554 -0.458753
v 1.540749 -0.461870 -0.463758
vn 0.870644 0.177554 -0.458753
v 1.252389 -0.050952 -0.869324
vn 0.890201 0.208535 -0.405038
v 1.302691 -0.277998 -0.861985
vn 0.890201 0.208535 -0.405038
v 1.340880 -0.030478 -0.650682
vn 0.890201 0.208535 -0.405038
v 1.396601 -0.254004 -0.656840
vn 0.890201 0.208535 -0.405038
v 1.252389 -0.050952 -0.869324
vn 0.768347 0.199542 -0.608133
v 1.195202 0.172862 -0.872529
vn 0.768347 0.199542 -0.608133
v 1.117996 -0.087158 -1.055321
vn 0.768347 0.199542 -0.608133
v 1.053731 0.136117 -1.058863
vn 0.768347 0.199542 -0.608133
v 0.899637 0.089709 -1.238028
vn 0.754818 -0.035677 -0.654963
v 1.053731 0.136117 -1.058863
vn 0.754818 -0.035677 -0.654963
v 0.867569 0.313595 -1.283156
vn 0.754818 -0.035677 -0.654963
v 1.027401 0.365283 -1.105848
vn 0.754818 -0.035677 -0.654963
v 0.860811 0.793514 -1.117320
vn 0.744047 0.284929 -0.604326
v 0.734068 0.759606 -1.316644
vn 0.744047 0.284929 -0.604326
v 0.958546 0.584715 -1.122718
vn 0.744047 0.284929 -0.604326
v 0.806365 0.534571 -1.306437
vn 0.744047 0.284929 -0.604326
v 0.806365 0.534571 -1.306437
vn 0.797753 0.062873 -0.599698
v 0.682236 0.483494 -1.511835
vn 0.797753 0.062873 -0.599698
v 0.867569 0.313595 -1.283156
vn 0.797753 0.062873 -0.599698
v 0.709905 0.257632 -1.463755
vn 0.797753 0.062873 -0.599698
v 0.860811 0.793514 -1.117320
vn 0.634443 0.571013 -0.520986
v 0.973401 0.824261 -0.908463
vn 0.634443 0.571013 -0.520986
v 0.704741 0.968586 -1.077421
vn 0.634443 0.571013 -0.520986
v 0.842067 1.016107 -0.896232
vn 0.634443 0.571013 -0.520986
v 0.842067 1.016107 -0.896232
vn 0.605405 0.425385 -0.672705
v 0.734514 1.223542 -0.889315
vn 0.605405 0.425385 -0.672705
v 0.704741 0.968586 -1.077421
vn 0.605405 0.425385 -0.672705
v 0.563653 1.157737 -1.057261
vn 0.605405 0.425385 -0.672705
v -0.184566 0.949548 -1.494796
vn -0.405370 0.914150 -0.002071
v -0.129483 1.005044 -1.285602
vn -0.405370 0.914150 -0.002071
v -0.397250 0.886007 -1.415927
vn -0.405370 0.914150 -0.002071
v -0.329224 0.886079 -1.212216
vn -0.405370 0.914150 -0.002071
v 0.515455 0.954757 -1.497749
vn 0.619991 0.738136 -0.266020
v 0.593426 0.961007 -1.281047
vn 0.619991 0.738136 -0.266020
v 0.316095 1.127996 -1.464008
vn 0.619991 0.738136 -0.266020
v 0.372263 1.167543 -1.241233
vn 0.619991 0.738136 -0.266020
v 0.316095 1.127996 -1.464008
vn -0.348868 0.851287 -0.391921
v 0.072937 1.095705 -1.373329
vn -0.348868 0.851287 -0.391921
v 0.250429 1.032235 -1.669068
vn -0.348868 0.851287 -0.391921
v 0.052344 0.974081 -1.563543
vn -0.348868 0.851287 -0.391921
v -0.253484 0.926452 -1.700785
vn -0.092351 0.986326 -0.136498
v -0.039270 0.924548 -1.773581
vn -0.092351 0.986326 -0.136498
v -0.184566 0.949548 -1.494796
vn -0.092351 0.986326 -0.136498
v 0.052344 0.974081 -1.563543
vn -0.092351 0.986326 -0.136498
v -0.796351 0.945166 -0.736047
vn 0.057366 0.901823 -0.428280
v -1.025994 0.967185 -0.722804
vn 0.057366 0.901823 -0.428280
v -0.795650 0.829254 -0.982356
vn 0.057366 0.901823 -0.428280
v -1.047670 0.852422 -0.964895
vn 0.057366 0.901823 -0.428280
v -1.251875 0.979469 -0.693955
vn 0.116752 0.983754 -0.136368
v -1.025994 0.967185 -0.722804
vn 0.116752 0.983754 -0.136368
v -1.231792 1.027709 -0.462239
vn 0.116752 0.983754 -0.136368
v -1.017642 0.981948 -0.475651
vn 0.116752 0.983754 -0.136368
v -1.236829 1.041466 -0.244442
vn -0.191054 0.978308 -0.080080
v -1.455570 1.002098 -0.241320
vn -0.191054 0.978308 -0.080080
v -1.231792 1.027709 -0.462239
vn -0.191054 0.978308 -0.080080
v -1.445305 0.985755 -0.427486
vn -0.191054 0.978308 -0.080080
v -1.466918 0.975877 -0.043683
vn -0.530541 0.843487 -0.083993
v -1.646896 0.895346 -0.104670
vn -0.530541 0.843487 -0.083993
v -1.455570 1.002098 -0.241320
vn -0.530541 0.843487 -0.083993
v -1.611321 0.852099 -0.374260
vn -0.530541 0.843487 -0.083993
v -1.646896 0.895346 -0.104670
vn -0.917666 0.262798 -0.298037
v -1.724038 0.874082 0.130926
vn -0.917666 0.262798 -0.298037
v -1.699302 0.702997 -0.096066
vn -0.917666 0.262798 -0.298037
v -1.751070 0.797178 0.129324
vn -0.917666 0.262798 -0.298037
v -0.841680 0.811007 -1.247054
vn -0.111751 0.993664 0.011973
v -0.616692 0.853572 -1.333093
vn -0.111751 0.993664 0.011973
v -0.795650 0.829254 -0.982356
vn -0.111751 0.993664 0.011973
v -0.556125 0.841610 -1.119344
vn -0.111751 0.993664 0.011973
v -0.397250 0.886007 -1.415927
vn -0.186581 0.982210 -0.021219
v -0.616692 0.853572 -1.333093
vn -0.186581 0.982210 -0.021219
v -0.464064 0.876201 -1.627651
vn -0.186581 0.982210 -0.021219
v -0.670564 0.831230 -1.550722
vn -0.186581 0.982210 -0.021219
v -1.751070 0.797178 0.129324
vn -0.860034 0.484108 -0.161187
v -1.732581 0.838378 0.359100
vn -0.860034 0.484108 -0.161187
v -1.838413 0.585325 0.163824
vn -0.860034 0.484108 -0.161187
v -1.882722 0.653536 0.400348
vn -0.860034 0.484108 -0.161187
v -1.936148 0.404866 0.222955
vn -0.993964 0.035664 0.103750
v -1.907842 0.453393 0.469095
vn -0.993964 0.035664 0.103750
v -1.935320 0.192510 0.295076
vn -0.993964 0.035664 0.103750
v -1.910583 0.240247 0.524852
vn -0.993964 0.035664 0.103750
v -1.914472 -0.018911 0.367029
vn -0.997893 -0.028427 0.058325
v -1.936340 -0.093552 0.138180
vn -0.997893 -0.028427 0.058325
v -1.935320 0.192510 0.295076
vn -0.997893 -0.028427 0.058325
v -1.936340 0.130262 0.064794
vn -0.997893 -0.028427 0.058325
v -1.889735 -0.206806 -0.067386
vn -0.697595 -0.673250 0.245143
v -1.936340 -0.093552 0.138180
vn -0.697595 -0.673250 0.245143
v -1.734940 -0.356662 -0.011376
vn -0.697595 -0.673250 0.245143
v -1.742208 -0.261583 0.201782
vn -0.697595 -0.673250 0.245143
v -1.704593 -0.559176 0.056359
vn -0.968534 -0.186916 0.164330
v -1.705741 -0.644879 -0.166922
vn -0.968534 -0.186916 0.164330
v -1.734940 -0.356662 -0.011376
vn -0.968534 -0.186916 0.164330
v -1.772428 -0.462660 -0.233560
vn -0.968534 -0.186916 0.164330
v 1.663221 -0.887731 -0.527612
vn 0.871189 0.292044 -0.394639
v 1.758598 -0.909067 -0.331324
vn 0.871189 0.292044 -0.394639
v 1.606480 -0.674297 -0.493365
vn 0.871189 0.292044 -0.394639
v 1.697840 -0.674477 -0.293450
vn 0.871189 0.292044 -0.394639
v 1.433579 -0.484104 -0.657431
vn 0.817039 0.342495 -0.463836
v 1.509765 -0.689958 -0.686785
vn 0.817039 0.342495 -0.463836
v 1.540749 -0.461870 -0.463758
vn 0.817039 0.342495 -0.463836
v 1.606480 -0.674297 -0.493365
vn 0.817039 0.342495 -0.463836
v 1.396601 -0.254004 -0.656840
vn 0.894779 0.150907 -0.420235
v 1.302691 -0.277998 -0.861985
vn 0.894779 0.150907 -0.420235
v 1.433579 -0.484104 -0.657431
vn 0.894779 0.150907 -0.420235
v 1.343877 -0.507344 -0.860129
vn 0.894779 0.150907 -0.420235
v 1.117996 -0.087158 -1.055321
vn 0.776391 0.125895 -0.617549
v 1.162560 -0.315139 -1.036088
vn 0.776391 0.125895 -0.617549
v 1.252389 -0.050952 -0.869324
vn 0.776391 0.125895 -0.617549
v 1.302691 -0.277998 -0.861985
vn 0.776391 0.125895 -0.617549
v 0.899637 0.089709 -1.238028
vn 0.697114 0.132861 -0.704542
v 0.951916 -0.134680 -1.210698
vn 0.697114 0.132861 -0.704542
v 1.053731 0.136117 -1.058863
vn 0.697114 0.132861 -0.704542
v 1.117996 -0.087158 -1.055321
vn 0.697114 0.132861 -0.704542
v 0.709905 0.257632 -1.463755
vn 0.786988 0.064594 -0.613578
v 0.769834 0.041433 -1.437099
vn 0.786988 0.064594 -0.613578
v 0.867569 0.313595 -1.283156
vn 0.786988 0.064594 -0.613578
v 0.899637 0.089709 -1.238028
vn 0.786988 0.064594 -0.613578
v 0.704741 0.968586 -1.077421
vn 0.655542 0.606695 -0.449650
v 0.593426 0.961007 -1.281047
vn 0.655542 0.606695 -0.449650
v 0.860811 0.793514 -1.117320
vn 0.655542 0.606695 -0.449650
v 0.734068 0.759606 -1.316644
vn 0.655542 0.606695 -0.449650
v 0.601778 0.697178 -1.503991
vn 0.770521 0.265095 -0.579674
v 0.682236 0.483494 -1.511835
vn 0.770521 0.265095 -0.579674
v 0.734068 0.759606 -1.316644
vn 0.770521 0.265095 -0.579674
v 0.806365 0.534571 -1.306437
vn 0.770521 0.265095 -0.579674
v 0.709905 0.257632 -1.463755
vn 0.834713 -0.039953 -0.549234
v 0.682236 0.483494 -1.511835
vn 0.834713 -0.039953 -0.549234
v 0.570156 0.199802 -1.661476
vn 0.834713 -0.039953 -0.549234
v 0.553516 0.425592 -1.713606
vn 0.834713 -0.039953 -0.549234
v 0.372263 1.167543 -1.241233
vn 0.612230 0.632581 -0.474357
v 0.593426 0.961007 -1.281047
vn 0.612230 0.632581 -0.474357
v 0.563653 1.157737 -1.057261
vn 0.612230 0.632581 -0.474357
v 0.704741 0.968586 -1.077421
vn 0.612230 0.632581 -0.474357
v -0.397250 0.886007 -1.415927
vn -0.257160 0.966340 0.007497
v -0.464064 0.876201 -1.627651
vn -0.257160 0.966340 0.007497
v -0.184566 0.949548 -1.494796
vn -0.257160 0.966340 0.007497
v -0.253484 0.926452 -1.700785
vn -0.257160 0.966340 0.007497
v 0.734068 0.759606 -1.316644
vn 0.771588 0.424733 -0.473554
v 0.593426 0.961007 -1.281047
vn 0.771588 0.424733 -0.473554
v 0.601778 0.697178 -1.503991
vn 0.771588 0.424733 -0.473554
v 0.515455 0.954757 -1.497749
vn 0.771588 0.424733 -0.473554
v 0.381125 0.841718 -1.671261
vn 0.557888 0.566078 -0.606892
v 0.515455 0.954757 -1.497749
vn 0.557888 0.566078 -0.606892
v 0.250429 1.032235 -1.669068
vn 0.557888 0.566078 -0.606892
v 0.316095 1.127996 -1.464008
vn 0.557888 0.566078 -0.606892
v 0.052344 0.974081 -1.563543
vn -0.261977 0.935320 -0.237788
v -0.039270 0.924548 -1.773581
vn -0.261977 0.935320 -0.237788
v 0.250429 1.032235 -1.669068
vn -0.261977 0.935320 -0.237788
v 0.159707 0.929362 -1.857511
vn -0.261977 0.935320 -0.237788
v -0.126104 0.922824 -1.995680
vn -0.045250 0.998473 -0.031698
v -0.039270 0.924548 -1.773581
vn -0.045250 0.998473 -0.031698
v -0.333432 0.906768 -1.914702
vn -0.045250 0.998473 -0.031698
v -0.253484 0.926452 -1.700785
vn -0.045250 0.998473 -0.031698
v -0.795650 0.829254 -0.982356
vn 0.157373 0.987085 -0.029941
v -1.047670 0.852422 -0.964895
vn 0.157373 0.987085 -0.029941
v -0.841680 0.811007 -1.247054
vn 0.157373 0.987085 -0.029941
v -1.067689 0.866215 -1.193405
vn 0.157373 0.987085 -0.029941
v -1.047670 0.852422 -0.964895
vn 0.135944 0.932480 -0.334664
v -1.025994 0.967185 -0.722804
vn 0.135944 0.932480 -0.334664
v -1.276994 0.927386 -0.935540
vn 0.135944 0.932480 -0.334664
v -1.251875 0.979469 -0.693955
vn 0.135944 0.932480 -0.334664
v -1.445305 0.985755 -0.427486
vn -0.176955 0.972505 -0.151399
v -1.464814 0.955439 -0.654057
vn -0.176955 0.972505 -0.151399
v -1.231792 1.027709 -0.462239
vn -0.176955 0.972505 -0.151399
v -1.251875 0.979469 -0.693955
vn -0.176955 0.972505 -0.151399
v -1.699302 0.702997 -0.096066
vn -0.940395 0.314783 -0.128722
v -1.695731 0.657739 -0.329047
vn -0.940395 0.314783 -0.128722
v -1.646896 0.895346 -0.104670
vn -0.940395 0.314783 -0.128722
v -1.611321 0.852099 -0.374260
vn -0.940395 0.314783 -0.128722
v -1.793339 0.519700 -0.060469
vn -0.882699 0.349466 -0.314192
v -1.699302 0.702997 -0.096066
vn -0.882699 0.349466 -0.314192
v -1.838413 0.585325 0.163824
vn -0.882699 0.349466 -0.314192
v -1.751070 0.797178 0.129324
vn -0.882699 0.349466 -0.314192
v -0.670564 0.831230 -1.550722
vn -0.154863 0.987701 -0.021540
v -0.616692 0.853572 -1.333093
vn -0.154863 0.987701 -0.021540
v -0.879487 0.809211 -1.478938
vn -0.154863 0.987701 -0.021540
v -0.841680 0.811007 -1.247054
vn -0.154863 0.987701 -0.021540
v -0.535469 0.849764 -1.834821
vn -0.263689 0.962583 -0.062477
v -0.464064 0.876201 -1.627651
vn -0.263689 0.962583 -0.062477
v -0.731960 0.794125 -1.762193
vn -0.263689 0.962583 -0.062477
v -0.670564 0.831230 -1.550722
vn -0.263689 0.962583 -0.062477
v -1.882722 0.653536 0.400348
vn -0.956238 0.275586 -0.098289
v -1.907842 0.453393 0.469095
vn -0.956238 0.275586 -0.098289
v -1.838413 0.585325 0.163824
vn -0.956238 0.275586 -0.098289
v -1.936148 0.404866 0.222955
vn -0.956238 0.275586 -0.098289
v -1.936340 0.130262 0.064794
vn -0.999438 0.017312 -0.028708
v -1.924163 0.335254 -0.007158
vn -0.999438 0.017312 -0.028708
v -1.935320 0.192510 0.295076
vn -0.999438 0.017312 -0.028708
v -1.936148 0.404866 0.222955
vn -0.999438 0.017312 -0.028708
v -1.936340 0.130262 0.064794
vn -0.985961 -0.078403 -0.147423
v -1.936340 -0.093552 0.138180
vn -0.985961 -0.078403 -0.147423
v -1.905355 0.052137 -0.146087
vn -0.985961 -0.078403 -0.147423
v -1.889735 -0.206806 -0.067386
vn -0.985961 -0.078403 -0.147423
v -1.772428 -0.462660 -0.233560
vn -0.766580 -0.558021 0.317755
v -1.896238 -0.296425 -0.294715
vn -0.766580 -0.558021 0.317755
v -1.734940 -0.356662 -0.011376
vn -0.766580 -0.558021 0.317755
v -1.889735 -0.206806 -0.067386
vn -0.766580 -0.558021 0.317755
v -1.772428 -0.462660 -0.233560
vn -0.914005 -0.363810 0.179547
v -1.705741 -0.644879 -0.166922
vn -0.914005 -0.363810 0.179547
v -1.805899 -0.534463 -0.453045
vn -0.914005 -0.363810 0.179547
v -1.700896 -0.716287 -0.383623
vn -0.914005 -0.363810 0.179547
v 1.509765 -0.689958 -0.686785
vn 0.825202 0.222815 -0.519032
v 1.532398 -0.875374 -0.697414
vn 0.825202 0.222815 -0.519032
v 1.606480 -0.674297 -0.493365
vn 0.825202 0.222815 -0.519032
v 1.663221 -0.887731 -0.527612
vn 0.825202 0.222815 -0.519032
v 1.419106 -0.723938 -0.884001
vn 0.833263 0.352328 -0.426073
v 1.509765 -0.689958 -0.686785
vn 0.833263 0.352328 -0.426073
v 1.343877 -0.507344 -0.860129
vn 0.833263 0.352328 -0.426073
v 1.433579 -0.484104 -0.657431
vn 0.833263 0.352328 -0.426073
v 1.302691 -0.277998 -0.861985
vn 0.791707 0.228001 -0.566759
v 1.162560 -0.315139 -1.036088
vn 0.791707 0.228001 -0.566759
v 1.343877 -0.507344 -0.860129
vn 0.791707 0.228001 -0.566759
v 1.240085 -0.535146 -1.052959
vn 0.791707 0.228001 -0.566759
v 0.951916 -0.134680 -1.210698
vn 0.690556 0.115154 -0.714053
v 1.013502 -0.358206 -1.200069
vn 0.690556 0.115154 -0.714053
v 1.117996 -0.087158 -1.055321
vn 0.690556 0.115154 -0.714053
v 1.162560 -0.315139 -1.036088
vn 0.690556 0.115154 -0.714053
v 0.899637 0.089709 -1.238028
vn 0.813468 0.106009 -0.571867
v 0.769834 0.041433 -1.437099
vn 0.813468 0.106009 -0.571867
v 0.951916 -0.134680 -1.210698
vn 0.813468 0.106009 -0.571867
v 0.821220 -0.181052 -1.399816
vn 0.813468 0.106009 -0.571867
v 0.623008 -0.015355 -1.621240
vn 0.779379 0.108033 -0.617169
v 0.769834 0.041433 -1.437099
vn 0.779379 0.108033 -0.617169
v 0.570156 0.199802 -1.661476
vn 0.779379 0.108033 -0.617169
v 0.709905 0.257632 -1.463755
vn 0.779379 0.108033 -0.617169
v 0.553516 0.425592 -1.713606
vn 0.843804 0.225838 -0.486818
v 0.682236 0.483494 -1.511835
vn 0.843804 0.225838 -0.486818
v 0.512012 0.664348 -1.722969
vn 0.843804 0.225838 -0.486818
v 0.601778 0.697178 -1.503991
vn 0.843804 0.225838 -0.486818
v 0.410452 0.347934 -1.935875
vn 0.846792 -0.065166 -0.527918
v 0.433849 0.132812 -1.869405
vn 0.846792 -0.065166 -0.527918
v 0.553516 0.425592 -1.713606
vn 0.846792 -0.065166 -0.527918
v 0.570156 0.199802 -1.661476
vn 0.846792 -0.065166 -0.527918
v -0.535469 0.849764 -1.834821
vn -0.256357 0.966483 -0.013840
v -0.333432 0.906768 -1.914702
vn -0.256357 0.966483 -0.013840
v -0.464064 0.876201 -1.627651
vn -0.256357 0.966483 -0.013840
v -0.253484 0.926452 -1.700785
vn -0.256357 0.966483 -0.013840
v 0.601778 0.697178 -1.503991
vn 0.707216 0.428078 -0.562668
v 0.515455 0.954757 -1.497749
vn 0.707216 0.428078 -0.562668
v 0.512012 0.664348 -1.722969
vn 0.707216 0.428078 -0.562668
v 0.381125 0.841718 -1.671261
vn 0.707216 0.428078 -0.562668
v 0.305576 0.781840 -1.886866
vn 0.647515 0.576374 -0.498514
v 0.381125 0.841718 -1.671261
vn 0.647515 0.576374 -0.498514
v 0.159707 0.929362 -1.857511
vn 0.647515 0.576374 -0.498514
v 0.250429 1.032235 -1.669068
vn 0.647515 0.576374 -0.498514
v 0.159707 0.929362 -1.857511
vn 0.003939 0.998470 -0.055165
v -0.039270 0.924548 -1.773581
vn 0.003939 0.998470 -0.055165
v 0.077527 0.907702 -2.070501
vn 0.003939 0.998470 -0.055165
v -0.126104 0.922824 -1.995680
vn 0.003939 0.998470 -0.055165
v -0.126104 0.922824 -1.995680
vn -0.113723 0.981317 -0.155188
v -0.333432 0.906768 -1.914702
vn -0.113723 0.981317 -0.155188
v -0.205541 0.875698 -2.204958
vn -0.113723 0.981317 -0.155188
v -0.417333 0.869448 -2.119763
vn -0.113723 0.981317 -0.155188
v -0.879487 0.809211 -1.478938
vn 0.073653 0.986193 -0.148319
v -0.841680 0.811007 -1.247054
vn 0.073653 0.986193 -0.148319
v -1.107025 0.804613 -1.421410
vn 0.073653 0.986193 -0.148319
v -1.067689 0.866215 -1.193405
vn 0.073653 0.986193 -0.148319
v -1.276994 0.927386 -0.935540
vn 0.193791 0.978200 -0.074635
v -1.308680 0.888988 -1.163123
vn 0.193791 0.978200 -0.074635
v -1.047670 0.852422 -0.964895
vn 0.193791 0.978200 -0.074635
v -1.067689 0.866215 -1.193405
vn 0.193791 0.978200 -0.074635
v -1.251875 0.979469 -0.693955
vn -0.082333 0.984760 -0.153197
v -1.464814 0.955439 -0.654057
vn -0.082333 0.984760 -0.153197
v -1.276994 0.927386 -0.935540
vn -0.082333 0.984760 -0.153197
v -1.513267 0.927961 -0.884591
vn -0.082333 0.984760 -0.153197
v -1.605137 0.800483 -0.605554
vn -0.700343 0.705914 -0.105855
v -1.464814 0.955439 -0.654057
vn -0.700343 0.705914 -0.105855
v -1.611321 0.852099 -0.374260
vn -0.700343 0.705914 -0.105855
v -1.445305 0.985755 -0.427486
vn -0.700343 0.705914 -0.105855
v -1.811126 0.477315 -0.285352
vn -0.870920 0.486945 -0.066204
v -1.695731 0.657739 -0.329047
vn -0.870920 0.486945 -0.066204
v -1.793339 0.519700 -0.060469
vn -0.870920 0.486945 -0.066204
v -1.699302 0.702997 -0.096066
vn -0.870920 0.486945 -0.066204
v -1.611321 0.852099 -0.374260
vn -0.922937 0.368251 -0.112157
v -1.695731 0.657739 -0.329047
vn -0.922937 0.368251 -0.112157
v -1.605137 0.800483 -0.605554
vn -0.922937 0.368251 -0.112157
v -1.688208 0.607380 -0.544905
vn -0.922937 0.368251 -0.112157
v -1.936148 0.404866 0.222955
vn -0.853971 0.459588 -0.243951
v -1.924163 0.335254 -0.007158
vn -0.853971 0.459588 -0.243951
v -1.838413 0.585325 0.163824
vn -0.853971 0.459588 -0.243951
v -1.793339 0.519700 -0.060469
vn -0.853971 0.459588 -0.243951
v -0.879487 0.809211 -1.478938
vn -0.083999 0.991764 -0.096688
v -0.922074 0.794807 -1.705508
vn -0.083999 0.991764 -0.096688
v -0.670564 0.831230 -1.550722
vn -0.083999 0.991764 -0.096688
v -0.731960 0.794125 -1.762193
vn -0.083999 0.991764 -0.096688
v -0.626956 0.847825 -2.036085
vn -0.236899 0.966495 0.098821
v -0.535469 0.849764 -1.834821
vn -0.236899 0.966495 0.098821
v -0.845506 0.786941 -1.963458
vn -0.236899 0.966495 0.098821
v -0.731960 0.794125 -1.762193
vn -0.236899 0.966495 0.098821
v -1.936340 0.130262 0.064794
vn -0.993557 -0.010502 -0.112848
v -1.905355 0.052137 -0.146087
vn -0.993557 -0.010502 -0.112848
v -1.924163 0.335254 -0.007158
vn -0.993557 -0.010502 -0.112848
v -1.905419 0.277963 -0.221245
vn -0.993557 -0.010502 -0.112848
v -1.877813 -0.048114 -0.415677
vn -0.999207 -0.009719 -0.038620
v -1.905355 0.052137 -0.146087
vn -0.999207 -0.009719 -0.038620
v -1.896238 -0.296425 -0.294715
vn -0.999207 -0.009719 -0.038620
v -1.889735 -0.206806 -0.067386
vn -0.999207 -0.009719 -0.038620
v -1.805899 -0.534463 -0.453045
vn -0.829590 -0.491302 0.265335
v -1.924864 -0.369485 -0.537819
vn -0.829590 -0.491302 0.265335
v -1.772428 -0.462660 -0.233560
vn -0.829590 -0.491302 0.265335
v -1.896238 -0.296425 -0.294715
vn -0.829590 -0.491302 0.265335
v -1.700896 -0.716287 -0.383623
vn -0.845064 -0.443705 0.298317
v -1.703509 -0.797178 -0.553846
vn -0.845064 -0.443705 0.298317
v -1.805899 -0.534463 -0.453045
vn -0.845064 -0.443705 0.298317
v -1.841474 -0.629398 -0.652538
vn -0.845064 -0.443705 0.298317
v 1.459080 -0.950230 -0.876409
vn 0.892486 0.139061 -0.429104
v 1.532398 -0.875374 -0.697414
vn 0.892486 0.139061 -0.429104
v 1.419106 -0.723938 -0.884001
vn 0.892486 0.139061 -0.429104
v 1.509765 -0.689958 -0.686785
vn 0.892486 0.139061 -0.429104
v 1.240085 -0.535146 -1.052959
vn 0.808450 0.330240 -0.487185
v 1.317482 -0.763054 -1.077168
vn 0.808450 0.330240 -0.487185
v 1.343877 -0.507344 -0.860129
vn 0.808450 0.330240 -0.487185
v 1.419106 -0.723938 -0.884001
vn 0.808450 0.330240 -0.487185
v 1.162560 -0.315139 -1.036088
vn 0.684276 0.339531 -0.645357
v 1.013502 -0.358206 -1.200069
vn 0.684276 0.339531 -0.645357
v 1.240085 -0.535146 -1.052959
vn 0.684276 0.339531 -0.645357
v 1.109134 -0.569951 -1.226725
vn 0.684276 0.339531 -0.645357
v 0.877706 -0.397071 -1.375691
vn 0.778518 0.161086 -0.606598
v 1.013502 -0.358206 -1.200069
vn 0.778518 0.161086 -0.606598
v 0.821220 -0.181052 -1.399816
vn 0.778518 0.161086 -0.606598
v 0.951916 -0.134680 -1.210698
vn 0.778518 0.161086 -0.606598
v 0.821220 -0.181052 -1.399816
vn 0.777491 0.100645 -0.620788
v 0.769834 0.041433 -1.437099
vn 0.777491 0.100645 -0.620788
v 0.686061 -0.231554 -1.586234
vn 0.777491 0.100645 -0.620788
v 0.623008 -0.015355 -1.621240
vn 0.777491 0.100645 -0.620788
v 0.570156 0.199802 -1.661476
vn 0.808626 0.050639 -0.586139
v 0.433849 0.132812 -1.869405
vn 0.808626 0.050639 -0.586139
v 0.623008 -0.015355 -1.621240
vn 0.808626 0.050639 -0.586139
v 0.479944 -0.077927 -1.809937
vn 0.808626 0.050639 -0.586139
v 0.512012 0.664348 -1.722969
vn 0.822309 0.111618 -0.557986
v 0.390624 0.581733 -1.922378
vn 0.822309 0.111618 -0.557986
v 0.553516 0.425592 -1.713606
vn 0.822309 0.111618 -0.557986
v 0.410452 0.347934 -1.935875
vn 0.822309 0.111618 -0.557986
v 0.298308 0.052065 -2.074634
vn 0.846139 -0.073161 -0.527917
v 0.433849 0.132812 -1.869405
vn 0.846139 -0.073161 -0.527917
v 0.261139 0.260973 -2.163963
vn 0.846139 -0.073161 -0.527917
v 0.410452 0.347934 -1.935875
vn 0.846139 -0.073161 -0.527917
v -0.417333 0.869448 -2.119763
vn -0.192198 0.981286 -0.011756
v -0.333432 0.906768 -1.914702
vn -0.192198 0.981286 -0.011756
v -0.626956 0.847825 -2.036085
vn -0.192198 0.981286 -0.011756
v -0.535469 0.849764 -1.834821
vn -0.192198 0.981286 -0.011756
v 0.305576 0.781840 -1.886866
vn 0.693582 0.513521 -0.505212
v 0.390624 0.581733 -1.922378
vn 0.693582 0.513521 -0.505212
v 0.381125 0.841718 -1.671261
vn 0.693582 0.513521 -0.505212
v 0.512012 0.664348 -1.722969
vn 0.693582 0.513521 -0.505212
v 0.159707 0.929362 -1.857511
vn 0.658240 0.657566 -0.366506
v 0.077527 0.907702 -2.070501
vn 0.658240 0.657566 -0.366506
v 0.305576 0.781840 -1.886866
vn 0.658240 0.657566 -0.366506
v 0.224226 0.736259 -2.087962
vn 0.658240 0.657566 -0.366506
v -0.205541 0.875698 -2.204958
vn -0.012635 0.978428 -0.206203
v 0.007015 0.862803 -2.288552
vn -0.012635 0.978428 -0.206203
v -0.126104 0.922824 -1.995680
vn -0.012635 0.978428 -0.206203
v 0.077527 0.907702 -2.070501
vn -0.012635 0.978428 -0.206203
v -0.507290 0.832128 -2.313351
vn -0.059413 0.972506 -0.225172
v -0.288613 0.812659 -2.398969
vn -0.059413 0.972506 -0.225172
v -0.417333 0.869448 -2.119763
vn -0.059413 0.972506 -0.225172
v -0.205541 0.875698 -2.204958
vn -0.059413 0.972506 -0.225172
v -1.130933 0.825195 -1.659368
vn 0.060088 0.998182 0.004751
v -0.922074 0.794807 -1.705508
vn 0.060088 0.998182 0.004751
v -1.107025 0.804613 -1.421410
vn 0.060088 0.998182 0.004751
v -0.879487 0.809211 -1.478938
vn 0.060088 0.998182 0.004751
v -1.308680 0.888988 -1.163123
vn 0.100398 0.966230 -0.237317
v -1.335712 0.844987 -1.393067
vn 0.100398 0.966230 -0.237317
v -1.067689 0.866215 -1.193405
vn 0.100398 0.966230 -0.237317
v -1.107025 0.804613 -1.421410
vn 0.100398 0.966230 -0.237317
v -1.561593 0.899728 -1.125502
vn -0.002420 0.990085 -0.140449
v -1.308680 0.888988 -1.163123
vn -0.002420 0.990085 -0.140449
v -1.513267 0.927961 -0.884591
vn -0.002420 0.990085 -0.140449
v -1.276994 0.927386 -0.935540
vn -0.002420 0.990085 -0.140449
v -1.513267 0.927961 -0.884591
vn -0.788337 0.614873 0.021361
v -1.464814 0.955439 -0.654057
vn -0.788337 0.614873 0.021361
v -1.625729 0.755116 -0.826979
vn -0.788337 0.614873 0.021361
v -1.605137 0.800483 -0.605554
vn -0.788337 0.614873 0.021361
v -1.688208 0.607380 -0.544905
vn -0.909452 0.312879 -0.273867
v -1.695731 0.657739 -0.329047
vn -0.909452 0.312879 -0.273867
v -1.741826 0.401849 -0.468228
vn -0.909452 0.312879 -0.273867
v -1.811126 0.477315 -0.285352
vn -0.909452 0.312879 -0.273867
v -1.924163 0.335254 -0.007158
vn -0.871715 0.477445 -0.110267
v -1.905419 0.277963 -0.221245
vn -0.871715 0.477445 -0.110267
v -1.793339 0.519700 -0.060469
vn -0.871715 0.477445 -0.110267
v -1.811126 0.477315 -0.285352
vn -0.871715 0.477445 -0.110267
v -1.625729 0.755116 -0.826979
vn -0.959896 0.271349 -0.070492
v -1.605137 0.800483 -0.605554
vn -0.959896 0.271349 -0.070492
v -1.665703 0.548472 -0.750977
vn -0.959896 0.271349 -0.070492
v -1.688208 0.607380 -0.544905
vn -0.959896 0.271349 -0.070492
v -0.922074 0.794807 -1.705508
vn -0.053818 0.997479 -0.046246
v -0.998643 0.772106 -1.927439
vn -0.053818 0.997479 -0.046246
v -0.731960 0.794125 -1.762193
vn -0.053818 0.997479 -0.046246
v -0.845506 0.786941 -1.963458
vn -0.053818 0.997479 -0.046246
v -0.947831 0.764420 -2.147515
vn -0.263393 0.963997 0.036518
v -0.723544 0.830260 -2.228155
vn -0.263393 0.963997 0.036518
v -0.845506 0.786941 -1.963458
vn -0.263393 0.963997 0.036518
v -0.626956 0.847825 -2.036085
vn -0.263393 0.963997 0.036518
v -1.905419 0.277963 -0.221245
vn -0.956190 0.085932 -0.279849
v -1.905355 0.052137 -0.146087
vn -0.956190 0.085932 -0.279849
v -1.820690 0.201059 -0.389528
vn -0.956190 0.085932 -0.279849
v -1.877813 -0.048114 -0.415677
vn -0.956190 0.085932 -0.279849
v -1.924864 -0.369485 -0.537819
vn -0.986188 0.160307 -0.041659
v -1.855181 -0.137482 -0.654816
vn -0.986188 0.160307 -0.041659
v -1.896238 -0.296425 -0.294715
vn -0.986188 0.160307 -0.041659
v -1.877813 -0.048114 -0.415677
vn -0.986188 0.160307 -0.041659
v -1.805899 -0.534463 -0.453045
vn -0.956842 -0.287039 -0.045404
v -1.841474 -0.629398 -0.652538
vn -0.956842 -0.287039 -0.045404
v -1.924864 -0.369485 -0.537819
vn -0.956842 -0.287039 -0.045404
v -1.823049 -0.429902 -0.752664
vn -0.956842 -0.287039 -0.045404
v -1.654036 -0.876739 -0.724997
vn -0.790277 -0.611257 0.042736
v -1.775297 -0.724118 -0.835161
vn -0.790277 -0.611257 0.042736
v -1.703509 -0.797178 -0.553846
vn -0.790277 -0.611257 0.042736
v -1.841474 -0.629398 -0.652538
vn -0.790277 -0.611257 0.042736
v 1.317482 -0.763054 -1.077168
vn 0.852706 0.094014 -0.513862
v 1.337501 -0.989922 -1.068058
vn 0.852706 0.094014 -0.513862
v 1.419106 -0.723938 -0.884001
vn 0.852706 0.094014 -0.513862
v 1.459080 -0.950230 -0.876409
vn 0.852706 0.094014 -0.513862
v 1.191568 -0.803105 -1.259538
vn 0.732417 0.327590 -0.596867
v 1.317482 -0.763054 -1.077168
vn 0.732417 0.327590 -0.596867
v 1.109134 -0.569951 -1.226725
vn 0.732417 0.327590 -0.596867
v 1.240085 -0.535146 -1.052959
vn 0.732417 0.327590 -0.596867
v 1.109134 -0.569951 -1.226725
vn 0.676000 0.343418 -0.651988
v 1.013502 -0.358206 -1.200069
vn 0.676000 0.343418 -0.651988
v 0.963200 -0.611798 -1.385813
vn 0.676000 0.343418 -0.651988
v 0.877706 -0.397071 -1.375691
vn 0.676000 0.343418 -0.651988
v 0.877706 -0.397071 -1.375691
vn 0.769885 0.087136 -0.632206
v 0.821220 -0.181052 -1.399816
vn 0.769885 0.087136 -0.632206
v 0.734259 -0.450124 -1.542708
vn 0.769885 0.087136 -0.632206
v 0.686061 -0.231554 -1.586234
vn 0.769885 0.087136 -0.632206
v 0.550711 -0.293228 -1.764892
vn 0.770536 0.122902 -0.625435
v 0.686061 -0.231554 -1.586234
vn 0.770536 0.122902 -0.625435
v 0.479944 -0.077927 -1.809937
vn 0.770536 0.122902 -0.625435
v 0.623008 -0.015355 -1.621240
vn 0.770536 0.122902 -0.625435
v 0.298308 0.052065 -2.074634
vn 0.815104 -0.038232 -0.578051
v 0.335540 -0.155190 -1.988848
vn 0.815104 -0.038232 -0.578051
v 0.433849 0.132812 -1.869405
vn 0.815104 -0.038232 -0.578051
v 0.479944 -0.077927 -1.809937
vn 0.815104 -0.038232 -0.578051
v 0.165380 -0.037913 -2.268054
vn 0.845288 -0.087189 -0.527149
v 0.298308 0.052065 -2.074634
vn 0.845288 -0.087189 -0.527149
v 0.128276 0.171569 -2.367168
vn 0.845288 -0.087189 -0.527149
v 0.261139 0.260973 -2.163963
vn 0.845288 -0.087189 -0.527149
v 0.215938 0.473005 -2.248822
vn 0.850495 0.007025 -0.525935
v 0.261139 0.260973 -2.163963
vn 0.850495 0.007025 -0.525935
v 0.326232 0.539636 -2.054896
vn 0.850495 0.007025 -0.525935
v 0.410452 0.347934 -1.935875
vn 0.850495 0.007025 -0.525935
v -0.626956 0.847825 -2.036085
vn -0.092725 0.991051 -0.096019
v -0.723544 0.830260 -2.228155
vn -0.092725 0.991051 -0.096019
v -0.417333 0.869448 -2.119763
vn -0.092725 0.991051 -0.096019
v -0.507290 0.832128 -2.313351
vn -0.092725 0.991051 -0.096019
v 0.326232 0.539636 -2.054896
vn 0.805492 0.382711 -0.452454
v 0.390624 0.581733 -1.922378
vn 0.805492 0.382711 -0.452454
v 0.224226 0.736259 -2.087962
vn 0.805492 0.382711 -0.452454
v 0.305576 0.781840 -1.886866
vn 0.805492 0.382711 -0.452454
v 0.077527 0.907702 -2.070501
vn 0.703640 0.597465 -0.384613
v 0.007015 0.862803 -2.288552
vn 0.703640 0.597465 -0.384613
v 0.224226 0.736259 -2.087962
vn 0.703640 0.597465 -0.384613
v 0.145426 0.683996 -2.293866
vn 0.703640 0.597465 -0.384613
v -0.071211 0.776955 -2.492684
vn -0.033207 0.940470 -0.338251
v 0.007015 0.862803 -2.288552
vn -0.033207 0.940470 -0.338251
v -0.288613 0.812659 -2.398969
vn -0.033207 0.940470 -0.338251
v -0.205541 0.875698 -2.204958
vn -0.033207 0.940470 -0.338251
v -0.379335 0.814599 -2.596016
vn 0.015144 0.998368 -0.055067
v -0.288613 0.812659 -2.398969
vn 0.015144 0.998368 -0.055067
v -0.604451 0.811977 -2.498252
vn 0.015144 0.998368 -0.055067
v -0.507290 0.832128 -2.313351
vn 0.015144 0.998368 -0.055067
v -1.151717 0.757236 -1.891337
vn -0.002233 0.980703 -0.195490
v -0.998643 0.772106 -1.927439
vn -0.002233 0.980703 -0.195490
v -1.130933 0.825195 -1.659368
vn -0.002233 0.980703 -0.195490
v -0.922074 0.794807 -1.705508
vn -0.002233 0.980703 -0.195490
v -1.335712 0.844987 -1.393067
vn 0.168792 0.984017 0.056745
v -1.349610 0.858241 -1.629929
vn 0.168792 0.984017 0.056745
v -1.107025 0.804613 -1.421410
vn 0.168792 0.984017 0.056745
v -1.130933 0.825195 -1.659368
vn 0.168792 0.984017 0.056745
v -1.561593 0.899728 -1.125502
vn -0.008055 0.978308 -0.207000
v -1.569626 0.842688 -1.371810
vn -0.008055 0.978308 -0.207000
v -1.308680 0.888988 -1.163123
vn -0.008055 0.978308 -0.207000
v -1.335712 0.844987 -1.393067
vn -0.008055 0.978308 -0.207000
v -1.513267 0.927961 -0.884591
vn -0.884213 0.465721 0.035661
v -1.625729 0.755116 -0.826979
vn -0.884213 0.465721 0.035661
v -1.561593 0.899728 -1.125502
vn -0.884213 0.465721 0.035661
v -1.640648 0.699190 -1.055321
vn -0.884213 0.465721 0.035661
v -1.682789 0.334859 -0.650429
vn -0.971712 0.068217 -0.226103
v -1.665703 0.548472 -0.750977
vn -0.971712 0.068217 -0.226103
v -1.741826 0.401849 -0.468228
vn -0.971712 0.068217 -0.226103
v -1.688208 0.607380 -0.544905
vn -0.971712 0.068217 -0.226103
v -1.811126 0.477315 -0.285352
vn -0.860286 0.205691 -0.466476
v -1.905419 0.277963 -0.221245
vn -0.860286 0.205691 -0.466476
v -1.741826 0.401849 -0.468228
vn -0.860286 0.205691 -0.466476
v -1.820690 0.201059 -0.389528
vn -0.860286 0.205691 -0.466476
v -1.640648 0.699190 -1.055321
vn -0.988186 0.153162 -0.005549
v -1.625729 0.755116 -0.826979
vn -0.988186 0.153162 -0.005549
v -1.667170 0.482739 -0.966245
vn -0.988186 0.153162 -0.005549
v -1.665703 0.548472 -0.750977
vn -0.988186 0.153162 -0.005549
v -0.947831 0.764420 -2.147515
vn -0.201251 0.972217 0.119553
v -1.040976 0.772286 -2.290745
vn -0.201251 0.972217 0.119553
v -0.723544 0.830260 -2.228155
vn -0.201251 0.972217 0.119553
v -0.827272 0.821424 -2.408248
vn -0.201251 0.972217 0.119553
v -1.791108 -0.223652 -0.859201
vn -0.926690 0.023487 -0.375092
v -1.855181 -0.137482 -0.654816
vn -0.926690 0.023487 -0.375092
v -1.823049 -0.429902 -0.752664
vn -0.926690 0.023487 -0.375092
v -1.924864 -0.369485 -0.537819
vn -0.926690 0.023487 -0.375092
v -1.877813 -0.048114 -0.415677
vn -0.852129 0.474287 -0.221195
v -1.855181 -0.137482 -0.654816
vn -0.852129 0.474287 -0.221195
v -1.738064 0.121067 -0.551821
vn -0.852129 0.474287 -0.221195
v -1.733601 0.051958 -0.756460
vn -0.852129 0.474287 -0.221195
v -1.775297 -0.724118 -0.835161
vn -0.971791 -0.097418 -0.214784
v -1.786772 -0.520095 -0.949543
vn -0.971791 -0.097418 -0.214784
v -1.841474 -0.629398 -0.652538
vn -0.971791 -0.097418 -0.214784
v -1.823049 -0.429902 -0.752664
vn -0.971791 -0.097418 -0.214784
v 1.191568 -0.803105 -1.259538
vn 0.784941 -0.021763 -0.619188
v 1.181176 -1.032989 -1.240390
vn 0.784941 -0.021763 -0.619188
v 1.317482 -0.763054 -1.077168
vn 0.784941 -0.021763 -0.619188
v 1.337501 -0.989922 -1.068058
vn 0.784941 -0.021763 -0.619188
v 1.191568 -0.803105 -1.259538
vn 0.632524 0.278235 -0.722841
v 1.109134 -0.569951 -1.226725
vn 0.632524 0.278235 -0.722841
v 1.030716 -0.843586 -1.400659
vn 0.632524 0.278235 -0.722841
v 0.963200 -0.611798 -1.385813
vn 0.632524 0.278235 -0.722841
v 0.734259 -0.450124 -1.542708
vn 0.667520 0.272301 -0.693014
v 0.814271 -0.664599 -1.541949
vn 0.667520 0.272301 -0.693014
v 0.877706 -0.397071 -1.375691
vn 0.667520 0.272301 -0.693014
v 0.963200 -0.611798 -1.385813
vn 0.667520 0.272301 -0.693014
v 0.550711 -0.293228 -1.764892
vn 0.787253 0.051231 -0.614498
v 0.605858 -0.513306 -1.712425
vn 0.787253 0.051231 -0.614498
v 0.686061 -0.231554 -1.586234
vn 0.787253 0.051231 -0.614498
v 0.734259 -0.450124 -1.542708
vn 0.787253 0.051231 -0.614498
v 0.479944 -0.077927 -1.809937
vn 0.746263 0.093407 -0.659065
v 0.335540 -0.155190 -1.988848
vn 0.746263 0.093407 -0.659065
v 0.550711 -0.293228 -1.764892
vn 0.746263 0.093407 -0.659065
v 0.409368 -0.367186 -1.930813
vn 0.746263 0.093407 -0.659065
v 0.201529 -0.242977 -2.164216
vn 0.828948 -0.105165 -0.549351
v 0.335540 -0.155190 -1.988848
vn 0.828948 -0.105165 -0.549351
v 0.165380 -0.037913 -2.268054
vn 0.828948 -0.105165 -0.549351
v 0.298308 0.052065 -2.074634
vn 0.828948 -0.105165 -0.549351
v 0.025376 -0.138882 -2.454641
vn 0.829130 -0.120874 -0.545833
v 0.165380 -0.037913 -2.268054
vn 0.829130 -0.120874 -0.545833
v -0.019443 0.061261 -2.570710
vn 0.829130 -0.120874 -0.545833
v 0.128276 0.171569 -2.367168
vn 0.829130 -0.120874 -0.545833
v 0.128276 0.171569 -2.367168
vn 0.849232 -0.040381 -0.526473
v 0.261139 0.260973 -2.163963
vn 0.849232 -0.040381 -0.526473
v 0.090661 0.396066 -2.449243
vn 0.849232 -0.040381 -0.526473
v 0.215938 0.473005 -2.248822
vn 0.849232 -0.040381 -0.526473
v 0.224226 0.736259 -2.087962
vn 0.839128 0.264273 -0.475419
v 0.145426 0.683996 -2.293866
vn 0.839128 0.264273 -0.475419
v 0.326232 0.539636 -2.054896
vn 0.839128 0.264273 -0.475419
v 0.215938 0.473005 -2.248822
vn 0.839128 0.264273 -0.475419
v -0.723544 0.830260 -2.228155
vn -0.011702 0.997279 -0.072778
v -0.827272 0.821424 -2.408248
vn -0.011702 0.997279 -0.072778
v -0.507290 0.832128 -2.313351
vn -0.011702 0.997279 -0.072778
v -0.604451 0.811977 -2.498252
vn -0.011702 0.997279 -0.072778
v 0.145426 0.683996 -2.293866
vn 0.690355 0.509535 -0.513599
v 0.007015 0.862803 -2.288552
vn 0.690355 0.509535 -0.513599
v 0.039211 0.611942 -2.494203
vn 0.690355 0.509535 -0.513599
v -0.071211 0.776955 -2.492684
vn 0.690355 0.509535 -0.513599
v -0.071211 0.776955 -2.492684
vn 0.219521 0.922118 -0.318604
v -0.288613 0.812659 -2.398969
vn 0.219521 0.922118 -0.318604
v -0.160595 0.683134 -2.685683
vn 0.219521 0.922118 -0.318604
v -0.379335 0.814599 -2.596016
vn 0.219521 0.922118 -0.318604
v -0.604451 0.811977 -2.498252
vn -0.139719 0.886368 -0.441397
v -0.692687 0.733385 -2.659871
vn -0.139719 0.886368 -0.441397
v -0.379335 0.814599 -2.596016
vn -0.139719 0.886368 -0.441397
v -0.478855 0.708349 -2.746079
vn -0.139719 0.886368 -0.441397
v -1.130933 0.825195 -1.659368
vn -0.067227 0.912484 -0.403552
v -1.349610 0.858241 -1.629929
vn -0.067227 0.912484 -0.403552
v -1.151717 0.757236 -1.891337
vn -0.067227 0.912484 -0.403552
v -1.350885 0.725770 -1.847473
vn -0.067227 0.912484 -0.403552
v -1.552476 0.723256 -1.586065
vn -0.322239 0.920958 -0.219087
v -1.349610 0.858241 -1.629929
vn -0.322239 0.920958 -0.219087
v -1.569626 0.842688 -1.371810
vn -0.322239 0.920958 -0.219087
v -1.335712 0.844987 -1.393067
vn -0.322239 0.920958 -0.219087
v -1.669337 0.625411 -1.283241
vn -0.923411 0.382316 -0.033854
v -1.569626 0.842688 -1.371810
vn -0.923411 0.382316 -0.033854
v -1.640648 0.699190 -1.055321
vn -0.923411 0.382316 -0.033854
v -1.561593 0.899728 -1.125502
vn -0.923411 0.382316 -0.033854
v -1.667170 0.482739 -0.966245
vn -0.990858 0.134196 0.013883
v -1.665703 0.548472 -0.750977
vn -0.990858 0.134196 0.013883
v -1.705295 0.267546 -0.861985
vn -0.990858 0.134196 0.013883
v -1.682789 0.334859 -0.650429
vn -0.990858 0.134196 0.013883
v -1.738064 0.121067 -0.551821
vn -0.901167 0.112392 -0.418648
v -1.682789 0.334859 -0.650429
vn -0.901167 0.112392 -0.418648
v -1.820690 0.201059 -0.389528
vn -0.901167 0.112392 -0.418648
v -1.741826 0.401849 -0.468228
vn -0.901167 0.112392 -0.418648
v -1.669337 0.625411 -1.283241
vn -0.985377 0.152724 0.075545
v -1.640648 0.699190 -1.055321
vn -0.985377 0.152724 0.075545
v -1.695285 0.408350 -1.180584
vn -0.985377 0.152724 0.075545
v -1.667170 0.482739 -0.966245
vn -0.985377 0.152724 0.075545
v -0.827272 0.821424 -2.408248
vn -0.636956 0.599426 -0.484743
v -1.040976 0.772286 -2.290745
vn -0.636956 0.599426 -0.484743
v -0.906646 0.705763 -2.549538
vn -0.636956 0.599426 -0.484743
v -1.069538 0.576561 -2.392727
vn -0.636956 0.599426 -0.484743
v -1.733601 0.051958 -0.756460
vn -0.949843 0.261853 -0.170974
v -1.855181 -0.137482 -0.654816
vn -0.949843 0.261853 -0.170974
v -1.765479 -0.016074 -0.967257
vn -0.949843 0.261853 -0.170974
v -1.791108 -0.223652 -0.859201
vn -0.949843 0.261853 -0.170974
v -1.786772 -0.520095 -0.949543
vn -0.992877 0.021188 -0.117243
v -1.784095 -0.316935 -1.061478
vn -0.992877 0.021188 -0.117243
v -1.823049 -0.429902 -0.752664
vn -0.992877 0.021188 -0.117243
v -1.791108 -0.223652 -0.859201
vn -0.992877 0.021188 -0.117243
v -1.705295 0.267546 -0.861985
vn -0.982970 0.182952 -0.017262
v -1.682789 0.334859 -0.650429
vn -0.982970 0.182952 -0.017262
v -1.733601 0.051958 -0.756460
vn -0.982970 0.182952 -0.017262
v -1.738064 0.121067 -0.551821
vn -0.982970 0.182952 -0.017262
v -1.756999 -0.618048 -1.142457
vn -0.970806 -0.203005 -0.127770
v -1.786772 -0.520095 -0.949543
vn -0.970806 -0.203005 -0.127770
v -1.715495 -0.818765 -1.016265
vn -0.970806 -0.203005 -0.127770
v -1.775297 -0.724118 -0.835161
vn -0.970806 -0.203005 -0.127770
v 0.963200 -0.611798 -1.385813
vn 0.641258 0.188594 -0.743788
v 0.814271 -0.664599 -1.541949
vn 0.641258 0.188594 -0.743788
v 1.030716 -0.843586 -1.400659
vn 0.641258 0.188594 -0.743788
v 0.879491 -0.889275 -1.528284
vn 0.641258 0.188594 -0.743788
v 0.667891 -0.732487 -1.675310
vn 0.693913 0.165841 -0.700701
v 0.814271 -0.664599 -1.541949
vn 0.693913 0.165841 -0.700701
v 0.605858 -0.513306 -1.712425
vn 0.693913 0.165841 -0.700701
v 0.734259 -0.450124 -1.542708
vn 0.693913 0.165841 -0.700701
v 0.409368 -0.367186 -1.930813
vn 0.745411 0.006108 -0.666577
v 0.466491 -0.592509 -1.861813
vn 0.745411 0.006108 -0.666577
v 0.550711 -0.293228 -1.764892
vn 0.745411 0.006108 -0.666577
v 0.605858 -0.513306 -1.712425
vn 0.745411 0.006108 -0.666577
v 0.409368 -0.367186 -1.930813
vn 0.745928 -0.002979 -0.666019
v 0.335540 -0.155190 -1.988848
vn 0.745928 -0.002979 -0.666019
v 0.257952 -0.450627 -2.074465
vn 0.745928 -0.002979 -0.666019
v 0.201529 -0.242977 -2.164216
vn 0.745928 -0.002979 -0.666019
v 0.201529 -0.242977 -2.164216
vn 0.819409 -0.154045 -0.552123
v 0.165380 -0.037913 -2.268054
vn 0.819409 -0.154045 -0.552123
v 0.067709 -0.338307 -2.329210
vn 0.819409 -0.154045 -0.552123
v 0.025376 -0.138882 -2.454641
vn 0.819409 -0.154045 -0.552123
v 0.025376 -0.138882 -2.454641
vn 0.808424 -0.216308 -0.547413
v -0.019443 0.061261 -2.570710
vn 0.808424 -0.216308 -0.547413
v -0.134009 -0.256734 -2.614236
vn 0.808424 -0.216308 -0.547413
v -0.176023 -0.065355 -2.781085
vn 0.808424 -0.216308 -0.547413
v -0.053679 0.291325 -2.657087
vn 0.830922 -0.073175 -0.551556
v -0.019443 0.061261 -2.570710
vn 0.830922 -0.073175 -0.551556
v 0.090661 0.396066 -2.449243
vn 0.830922 -0.073175 -0.551556
v 0.128276 0.171569 -2.367168
vn 0.830922 -0.073175 -0.551556
v 0.145426 0.683996 -2.293866
vn 0.837601 0.127491 -0.531198
v 0.039211 0.611942 -2.494203
vn 0.837601 0.127491 -0.531198
v 0.215938 0.473005 -2.248822
vn 0.837601 0.127491 -0.531198
v 0.090661 0.396066 -2.449243
vn 0.837601 0.127491 -0.531198
v -0.906646 0.705763 -2.549538
vn -0.233379 0.872136 -0.430016
v -0.692687 0.733385 -2.659871
vn -0.233379 0.872136 -0.430016
v -0.827272 0.821424 -2.408248
vn -0.233379 0.872136 -0.430016
v -0.604451 0.811977 -2.498252
vn -0.233379 0.872136 -0.430016
v -0.122342 0.548077 -2.683995
vn 0.710031 0.351519 -0.610156
v 0.039211 0.611942 -2.494203
vn 0.710031 0.351519 -0.610156
v -0.160595 0.683134 -2.685683
vn 0.710031 0.351519 -0.610156
v -0.071211 0.776955 -2.492684
vn 0.710031 0.351519 -0.610156
v -0.379335 0.814599 -2.596016
vn 0.167261 0.827524 -0.535937
v -0.478855 0.708349 -2.746079
vn 0.167261 0.827524 -0.535937
v -0.160595 0.683134 -2.685683
vn 0.167261 0.827524 -0.535937
v -0.303468 0.634499 -2.850423
vn 0.167261 0.827524 -0.535937
v -0.478855 0.708349 -2.746079
vn -0.407560 -0.052242 -0.911683
v -0.692687 0.733385 -2.659871
vn -0.407560 -0.052242 -0.911683
v -0.481979 0.573795 -2.744898
vn -0.407560 -0.052242 -0.911683
v -0.675601 0.521209 -2.647471
vn -0.407560 -0.052242 -0.911683
v -1.410177 0.609176 -2.033892
vn -0.426931 0.891434 -0.151908
v -1.244926 0.723723 -2.157384
vn -0.426931 0.891434 -0.151908
v -1.350885 0.725770 -1.847473
vn -0.426931 0.891434 -0.151908
v -1.151717 0.757236 -1.891337
vn -0.426931 0.891434 -0.151908
v -1.350885 0.725770 -1.847473
vn -0.541676 0.733595 -0.410395
v -1.349610 0.858241 -1.629929
vn -0.541676 0.733595 -0.410395
v -1.577212 0.606769 -1.779148
vn -0.541676 0.733595 -0.410395
v -1.552476 0.723256 -1.586065
vn -0.541676 0.733595 -0.410395
v -1.552476 0.723256 -1.586065
vn -0.892979 0.394192 -0.217259
v -1.569626 0.842688 -1.371810
vn -0.892979 0.394192 -0.217259
v -1.681068 0.522933 -1.493953
vn -0.892979 0.394192 -0.217259
v -1.669337 0.625411 -1.283241
vn -0.892979 0.394192 -0.217259
v -1.705295 0.267546 -0.861985
vn -0.992544 0.119914 0.021824
v -1.705040 0.188380 -1.072191
vn -0.992544 0.119914 0.021824
v -1.667170 0.482739 -0.966245
vn -0.992544 0.119914 0.021824
v -1.695285 0.408350 -1.180584
vn -0.992544 0.119914 0.021824
v -1.695285 0.408350 -1.180584
vn -0.994264 0.106779 -0.006040
v -1.702681 0.309464 -1.381005
vn -0.994264 0.106779 -0.006040
v -1.669337 0.625411 -1.283241
vn -0.994264 0.106779 -0.006040
v -1.681068 0.522933 -1.493953
vn -0.994264 0.106779 -0.006040
v -1.040976 0.772286 -2.290745
vn -0.647175 0.328642 -0.687865
v -1.244926 0.723723 -2.157384
vn -0.647175 0.328642 -0.687865
v -1.069538 0.576561 -2.392727
vn -0.647175 0.328642 -0.687865
v -1.229115 0.473831 -2.256329
vn -0.647175 0.328642 -0.687865
v -1.733601 0.051958 -0.756460
vn -0.978338 0.207012 0.001041
v -1.765479 -0.016074 -0.967257
vn -0.978338 0.207012 0.001041
v -1.705295 0.267546 -0.861985
vn -0.978338 0.207012 0.001041
v -1.705040 0.188380 -1.072191
vn -0.978338 0.207012 0.001041
v -1.784095 -0.316935 -1.061478
vn -0.997226 0.069862 -0.025702
v -1.775297 -0.111081 -1.166160
vn -0.997226 0.069862 -0.025702
v -1.791108 -0.223652 -0.859201
vn -0.997226 0.069862 -0.025702
v -1.765479 -0.016074 -0.967257
vn -0.997226 0.069862 -0.025702
v -1.807046 -0.431662 -1.257597
vn -0.994346 -0.099529 0.037002
v -1.784095 -0.316935 -1.061478
vn -0.994346 -0.099529 0.037002
v -1.756999 -0.618048 -1.142457
vn -0.994346 -0.099529 0.037002
v -1.786772 -0.520095 -0.949543
vn -0.994346 -0.099529 0.037002
v -1.757637 -0.737336 -1.322971
vn -0.966672 -0.246992 0.067380
v -1.756999 -0.618048 -1.142457
vn -0.966672 -0.246992 0.067380
v -1.685913 -0.907846 -1.184886
vn -0.966672 -0.246992 0.067380
v -1.715495 -0.818765 -1.016265
vn -0.966672 -0.246992 0.067380
v 0.879491 -0.889275 -1.528284
vn 0.583668 0.026612 -0.811556
v 0.814271 -0.664599 -1.541949
vn 0.583668 0.026612 -0.811556
v 0.706717 -0.951667 -1.628663
vn 0.583668 0.026612 -0.811556
v 0.667891 -0.732487 -1.675310
vn 0.583668 0.026612 -0.811556
v 0.605858 -0.513306 -1.712425
vn 0.737227 0.201808 -0.644802
v 0.466491 -0.592509 -1.861813
vn 0.737227 0.201808 -0.644802
v 0.667891 -0.732487 -1.675310
vn 0.737227 0.201808 -0.644802
v 0.563525 -0.809283 -1.853462
vn 0.737227 0.201808 -0.644802
v 0.316669 -0.673076 -1.996861
vn 0.694283 -0.055422 -0.717565
v 0.466491 -0.592509 -1.861813
vn 0.694283 -0.055422 -0.717565
v 0.257952 -0.450627 -2.074465
vn 0.694283 -0.055422 -0.717565
v 0.409368 -0.367186 -1.930813
vn 0.694283 -0.055422 -0.717565
v 0.067709 -0.338307 -2.329210
vn 0.762028 -0.142258 -0.631725
v 0.109149 -0.540893 -2.208417
vn 0.762028 -0.142258 -0.631725
v 0.201529 -0.242977 -2.164216
vn 0.762028 -0.142258 -0.631725
v 0.257952 -0.450627 -2.074465
vn 0.762028 -0.142258 -0.631725
v -0.134009 -0.256734 -2.614236
vn 0.761731 -0.231303 -0.605198
v -0.075355 -0.444880 -2.464426
vn 0.761731 -0.231303 -0.605198
v 0.025376 -0.138882 -2.454641
vn 0.761731 -0.231303 -0.605198
v 0.067709 -0.338307 -2.329210
vn 0.761731 -0.231303 -0.605198
v -0.176023 -0.065355 -2.781085
vn 0.152923 -0.682642 -0.714573
v -0.393552 -0.122647 -2.797871
vn 0.152923 -0.682642 -0.714573
v -0.134009 -0.256734 -2.614236
vn 0.152923 -0.682642 -0.714573
v -0.388962 -0.323400 -2.580158
vn 0.152923 -0.682642 -0.714573
v -0.176023 -0.065355 -2.781085
vn 0.798513 -0.065819 -0.598369
v -0.019443 0.061261 -2.570710
vn 0.798513 -0.065819 -0.598369
v -0.253038 0.152999 -2.892430
vn 0.798513 -0.065819 -0.598369
v -0.053679 0.291325 -2.657087
vn 0.798513 -0.065819 -0.598369
v -0.675601 0.521209 -2.647471
vn -0.445261 -0.084393 -0.891415
v -0.692687 0.733385 -2.659871
vn -0.445261 -0.084393 -0.891415
v -0.871071 0.494413 -2.548104
vn -0.445261 -0.084393 -0.891415
v -0.906646 0.705763 -2.549538
vn -0.445261 -0.084393 -0.891415
v -0.481979 0.573795 -2.744898
vn -0.542796 0.071887 -0.836782
v -0.675601 0.521209 -2.647471
vn -0.542796 0.071887 -0.836782
v -0.472607 0.347359 -2.793991
vn -0.542796 0.071887 -0.836782
v -0.645509 0.305872 -2.661811
vn -0.542796 0.071887 -0.836782
v -1.229115 0.473831 -2.256329
vn -0.645086 0.295248 -0.704764
v -1.244926 0.723723 -2.157384
vn -0.645086 0.295248 -0.704764
v -1.391369 0.405980 -2.156456
vn -0.645086 0.295248 -0.704764
v -1.410177 0.609176 -2.033892
vn -0.645086 0.295248 -0.704764
v -1.577212 0.606769 -1.779148
vn -0.571954 0.733171 -0.367871
v -1.589134 0.519844 -1.887625
vn -0.571954 0.733171 -0.367871
v -1.350885 0.725770 -1.847473
vn -0.571954 0.733171 -0.367871
v -1.410177 0.609176 -2.033892
vn -0.571954 0.733171 -0.367871
v -1.552476 0.723256 -1.586065
vn -0.867115 0.464761 -0.179188
v -1.681068 0.522933 -1.493953
vn -0.867115 0.464761 -0.179188
v -1.577212 0.606769 -1.779148
vn -0.867115 0.464761 -0.179188
v -1.705868 0.393192 -1.699857
vn -0.867115 0.464761 -0.179188
v -1.706187 0.096138 -1.267973
vn -0.999430 0.033313 0.005451
v -1.702681 0.309464 -1.381005
vn -0.999430 0.033313 0.005451
v -1.705040 0.188380 -1.072191
vn -0.999430 0.033313 0.005451
v -1.695285 0.408350 -1.180584
vn -0.999430 0.033313 0.005451
v -1.681068 0.522933 -1.493953
vn -0.982653 0.176700 0.056299
v -1.702681 0.309464 -1.381005
vn -0.982653 0.176700 0.056299
v -1.705868 0.393192 -1.699857
vn -0.982653 0.176700 0.056299
v -1.743420 0.197216 -1.559916
vn -0.982653 0.176700 0.056299
v -1.239570 0.214960 -2.330812
vn -0.605451 0.150725 -0.781480
v -1.039127 0.263200 -2.444182
vn -0.605451 0.150725 -0.781480
v -1.229115 0.473831 -2.256329
vn -0.605451 0.150725 -0.781480
v -1.069538 0.576561 -2.392727
vn -0.605451 0.150725 -0.781480
v -1.765479 -0.016074 -0.967257
vn -0.962253 0.255267 -0.094382
v -1.775297 -0.111081 -1.166160
vn -0.962253 0.255267 -0.094382
v -1.705040 0.188380 -1.072191
vn -0.962253 0.255267 -0.094382
v -1.706187 0.096138 -1.267973
vn -0.962253 0.255267 -0.094382
v -1.799587 -0.246210 -1.385391
vn -0.994662 0.080114 0.065038
v -1.775297 -0.111081 -1.166160
vn -0.994662 0.080114 0.065038
v -1.807046 -0.431662 -1.257597
vn -0.994662 0.080114 0.065038
v -1.784095 -0.316935 -1.061478
vn -0.994662 0.080114 0.065038
v -1.807046 -0.431662 -1.257597
vn -0.960806 -0.197127 0.194917
v -1.756999 -0.618048 -1.142457
vn -0.960806 -0.197127 0.194917
v -1.831400 -0.555225 -1.445703
vn -0.960806 -0.197127 0.194917
v -1.757637 -0.737336 -1.322971
vn -0.960806 -0.197127 0.194917
v -1.685913 -0.907846 -1.184886
vn -0.898793 -0.402619 0.173403
v -1.636249 -1.007738 -1.321790
vn -0.898793 -0.402619 0.173403
v -1.757637 -0.737336 -1.322971
vn -0.898793 -0.402619 0.173403
v -1.752409 -0.888629 -1.484843
vn -0.898793 -0.402619 0.173403
v 0.706717 -0.951667 -1.628663
vn 0.802030 -0.117890 -0.585534
v 0.667891 -0.732487 -1.675310
vn 0.802030 -0.117890 -0.585534
v 0.559764 -1.020058 -1.765567
vn 0.802030 -0.117890 -0.585534
v 0.563525 -0.809283 -1.853462
vn 0.802030 -0.117890 -0.585534
v 0.316669 -0.673076 -1.996861
vn 0.577214 0.217209 -0.787175
v 0.400697 -0.880690 -1.989523
vn 0.577214 0.217209 -0.787175
v 0.466491 -0.592509 -1.861813
vn 0.577214 0.217209 -0.787175
v 0.563525 -0.809283 -1.853462
vn 0.577214 0.217209 -0.787175
v 0.257952 -0.450627 -2.074465
vn 0.698427 -0.046828 -0.714148
v 0.109149 -0.540893 -2.208417
vn 0.698427 -0.046828 -0.714148
v 0.316669 -0.673076 -1.996861
vn 0.698427 -0.046828 -0.714148
v 0.176729 -0.745202 -2.134609
vn 0.698427 -0.046828 -0.714148
v -0.039207 -0.635935 -2.330222
vn 0.733722 -0.261585 -0.627077
v 0.109149 -0.540893 -2.208417
vn 0.733722 -0.261585 -0.627077
v -0.075355 -0.444880 -2.464426
vn 0.733722 -0.261585 -0.627077
v 0.067709 -0.338307 -2.329210
vn 0.733722 -0.261585 -0.627077
v -0.134009 -0.256734 -2.614236
vn 0.011735 -0.673671 -0.738938
v -0.388962 -0.323400 -2.580158
vn 0.011735 -0.673671 -0.738938
v -0.075355 -0.444880 -2.464426
vn 0.011735 -0.673671 -0.738938
v -0.312903 -0.482093 -2.411706
vn 0.011735 -0.673671 -0.738938
v -0.475604 0.121929 -2.873451
vn 0.066146 -0.353932 -0.932929
v -0.393552 -0.122647 -2.797871
vn 0.066146 -0.353932 -0.932929
v -0.253038 0.152999 -2.892430
vn 0.066146 -0.353932 -0.932929
v -0.176023 -0.065355 -2.781085
vn 0.066146 -0.353932 -0.932929
v -0.087979 0.419701 -2.670583
vn 0.708598 0.137434 -0.692098
v -0.283640 0.387337 -2.873451
vn 0.708598 0.137434 -0.692098
v -0.053679 0.291325 -2.657087
vn 0.708598 0.137434 -0.692098
v -0.253038 0.152999 -2.892430
vn 0.708598 0.137434 -0.692098
v -0.675601 0.521209 -2.647471
vn -0.481003 -0.047468 -0.875433
v -0.871071 0.494413 -2.548104
vn -0.481003 -0.047468 -0.875433
v -0.645509 0.305872 -2.661811
vn -0.481003 -0.047468 -0.875433
v -0.835496 0.283063 -2.546670
vn -0.481003 -0.047468 -0.875433
v -0.472607 0.347359 -2.793991
vn -0.469935 0.104698 -0.876470
v -0.283640 0.387337 -2.873451
vn -0.469935 0.104698 -0.876470
v -0.481979 0.573795 -2.744898
vn -0.469935 0.104698 -0.876470
v -0.303468 0.634499 -2.850423
vn -0.469935 0.104698 -0.876470
v -0.645509 0.305872 -2.661811
vn -0.614376 0.280674 -0.737404
v -0.646720 0.087626 -2.747935
vn -0.614376 0.280674 -0.737404
v -0.472607 0.347359 -2.793991
vn -0.614376 0.280674 -0.737404
v -0.475604 0.121929 -2.873451
vn -0.614376 0.280674 -0.737404
v -1.239570 0.214960 -2.330812
vn -0.618669 0.201301 -0.759425
v -1.229115 0.473831 -2.256329
vn -0.618669 0.201301 -0.759425
v -1.353053 0.162338 -2.237940
vn -0.618669 0.201301 -0.759425
v -1.391369 0.405980 -2.156456
vn -0.618669 0.201301 -0.759425
v -1.410177 0.609176 -2.033892
vn -0.721033 0.262165 -0.641390
v -1.589134 0.519844 -1.887625
vn -0.721033 0.262165 -0.641390
v -1.391369 0.405980 -2.156456
vn -0.721033 0.262165 -0.641390
v -1.527994 0.320419 -2.019552
vn -0.721033 0.262165 -0.641390
v -1.706187 0.096138 -1.267973
vn -0.974441 0.142561 0.173611
v -1.758274 -0.003825 -1.435665
vn -0.974441 0.142561 0.173611
v -1.702681 0.309464 -1.381005
vn -0.974441 0.142561 0.173611
v -1.743420 0.197216 -1.559916
vn -0.974441 0.142561 0.173611
v -1.743420 0.197216 -1.559916
vn -0.949223 0.183400 -0.255616
v -1.762992 0.060470 -1.726428
vn -0.949223 0.183400 -0.255616
v -1.705868 0.393192 -1.699857
vn -0.949223 0.183400 -0.255616
v -1.658244 0.206267 -1.869574
vn -0.949223 0.183400 -0.255616
v -1.012095 0.013991 -2.498083
vn -0.489001 0.160248 -0.857437
v -1.039127 0.263200 -2.444182
vn -0.489001 0.160248 -0.857437
v -1.224524 -0.031160 -2.393486
vn -0.489001 0.160248 -0.857437
v -1.239570 0.214960 -2.330812
vn -0.489001 0.160248 -0.857437
v -1.706187 0.096138 -1.267973
vn -0.967313 0.250611 0.038733
v -1.775297 -0.111081 -1.166160
vn -0.967313 0.250611 0.038733
v -1.758274 -0.003825 -1.435665
vn -0.967313 0.250611 0.038733
v -1.799587 -0.246210 -1.385391
vn -0.967313 0.250611 0.038733
v -1.799587 -0.246210 -1.385391
vn -0.978230 0.061999 0.198047
v -1.807046 -0.431662 -1.257597
vn -0.978230 0.061999 0.198047
v -1.866274 -0.373616 -1.568352
vn -0.978230 0.061999 0.198047
v -1.831400 -0.555225 -1.445703
vn -0.978230 0.061999 0.198047
v -1.752409 -0.888629 -1.484843
vn -0.476637 -0.878584 -0.030111
v -1.636249 -1.007738 -1.321790
vn -0.476637 -0.878584 -0.030111
v -1.623498 -1.004828 -1.610528
vn -0.476637 -0.878584 -0.030111
v -1.482410 -1.036617 -1.439630
vn -0.476637 -0.878584 -0.030111
v 0.196556 -0.923399 -2.040725
vn 0.502337 -0.090420 -0.859931
v 0.400697 -0.880690 -1.989523
vn 0.502337 -0.090420 -0.859931
v 0.176729 -0.745202 -2.134609
vn 0.502337 -0.090420 -0.859931
v 0.316669 -0.673076 -1.996861
vn 0.502337 -0.090420 -0.859931
v 0.176729 -0.745202 -2.134609
vn 0.637566 -0.106004 -0.763068
v 0.109149 -0.540893 -2.208417
vn 0.637566 -0.106004 -0.763068
v 0.024930 -0.832702 -2.238362
vn 0.637566 -0.106004 -0.763068
v -0.039207 -0.635935 -2.330222
vn 0.637566 -0.106004 -0.763068
v -0.312903 -0.482093 -2.411706
vn -0.068108 -0.559179 -0.826245
v -0.256290 -0.685899 -2.286443
vn -0.068108 -0.559179 -0.826245
v -0.075355 -0.444880 -2.464426
vn -0.068108 -0.559179 -0.826245
v -0.039207 -0.635935 -2.330222
vn -0.068108 -0.559179 -0.826245
v -0.625299 -0.365211 -2.494118
vn -0.121647 -0.768142 -0.628618
v -0.534513 -0.509427 -2.324739
vn -0.121647 -0.768142 -0.628618
v -0.388962 -0.323400 -2.580158
vn -0.121647 -0.768142 -0.628618
v -0.312903 -0.482093 -2.411706
vn -0.121647 -0.768142 -0.628618
v -0.475604 0.121929 -2.873451
vn -0.396834 -0.269105 -0.877557
v -0.646720 0.087626 -2.747935
vn -0.396834 -0.269105 -0.877557
v -0.393552 -0.122647 -2.797871
vn -0.396834 -0.269105 -0.877557
v -0.572319 -0.160147 -2.743211
vn -0.396834 -0.269105 -0.877557
v -0.472607 0.347359 -2.793991
vn -0.259314 0.187094 -0.947498
v -0.475604 0.121929 -2.873451
vn -0.259314 0.187094 -0.947498
v -0.283640 0.387337 -2.873451
vn -0.259314 0.187094 -0.947498
v -0.253038 0.152999 -2.892430
vn -0.259314 0.187094 -0.947498
v -0.814394 0.046282 -2.604367
vn -0.597345 0.217671 -0.771880
v -0.646720 0.087626 -2.747935
vn -0.597345 0.217671 -0.771880
v -0.835496 0.283063 -2.546670
vn -0.597345 0.217671 -0.771880
v -0.645509 0.305872 -2.661811
vn -0.597345 0.217671 -0.771880
v -1.391369 0.405980 -2.156456
vn -0.713534 0.154743 -0.683318
v -1.527994 0.320419 -2.019552
vn -0.713534 0.154743 -0.683318
v -1.353053 0.162338 -2.237940
vn -0.713534 0.154743 -0.683318
v -1.466535 0.109716 -2.145153
vn -0.713534 0.154743 -0.683318
v -1.527994 0.320419 -2.019552
vn -0.847249 0.157474 -0.507317
v -1.589134 0.519844 -1.887625
vn -0.847249 0.157474 -0.507317
v -1.658244 0.206267 -1.869574
vn -0.847249 0.157474 -0.507317
v -1.705868 0.393192 -1.699857
vn -0.847249 0.157474 -0.507317
v -1.812019 -0.092941 -1.571472
vn -0.971606 0.227205 0.066021
v -1.762992 0.060470 -1.726428
vn -0.971606 0.227205 0.066021
v -1.758274 -0.003825 -1.435665
vn -0.971606 0.227205 0.066021
v -1.743420 0.197216 -1.559916
vn -0.971606 0.227205 0.066021
v -1.658244 0.206267 -1.869574
vn -0.812522 0.373543 -0.447518
v -1.762992 0.060470 -1.726428
vn -0.812522 0.373543 -0.447518
v -1.625028 0.019091 -2.011370
vn -0.812522 0.373543 -0.447518
v -1.783266 -0.081842 -1.883154
vn -0.812522 0.373543 -0.447518
v -0.835496 0.283063 -2.546670
vn -0.471741 0.152590 -0.868433
v -1.039127 0.263200 -2.444182
vn -0.471741 0.152590 -0.868433
v -0.814394 0.046282 -2.604367
vn -0.471741 0.152590 -0.868433
v -1.012095 0.013991 -2.498083
vn -0.471741 0.152590 -0.868433
v -0.953378 -0.237050 -2.516978
vn -0.505585 -0.157078 -0.848357
v -1.012095 0.013991 -2.498083
vn -0.505585 -0.157078 -0.848357
v -1.138647 -0.266791 -2.370711
vn -0.505585 -0.157078 -0.848357
v -1.224524 -0.031160 -2.393486
vn -0.505585 -0.157078 -0.848357
v -1.866274 -0.373616 -1.568352
vn -0.952914 0.186761 0.238906
v -1.877813 -0.212266 -1.723729
vn -0.952914 0.186761 0.238906
v -1.799587 -0.246210 -1.385391
vn -0.952914 0.186761 0.238906
v -1.812019 -0.092941 -1.571472
vn -0.952914 0.186761 0.238906
v -1.866274 -0.373616 -1.568352
vn -0.982449 -0.082911 0.167091
v -1.831400 -0.555225 -1.445703
vn -0.982449 -0.082911 0.167091
v -1.882659 -0.494808 -1.717318
vn -0.982449 -0.082911 0.167091
v -1.852312 -0.671675 -1.633893
vn -0.982449 -0.082911 0.167091
v -1.752409 -0.888629 -1.484843
vn -0.775553 -0.629130 0.052081
v -1.623498 -1.004828 -1.610528
vn -0.775553 -0.629130 0.052081
v -1.802328 -0.780152 -1.559326
vn -0.775553 -0.629130 0.052081
v -1.743993 -0.921603 -1.757638
vn -0.775553 -0.629130 0.052081
v -1.318625 -1.043190 -1.573328
vn -0.110847 -0.987656 -0.110673
v -1.442245 -1.005511 -1.757469
vn -0.110847 -0.987656 -0.110673
v -1.482410 -1.036617 -1.439630
vn -0.110847 -0.987656 -0.110673
v -1.623498 -1.004828 -1.610528
vn -0.110847 -0.987656 -0.110673
v 0.176729 -0.745202 -2.134609
vn 0.428180 -0.620732 -0.656775
v 0.024930 -0.832702 -2.238362
vn 0.428180 -0.620732 -0.656775
v 0.196556 -0.923399 -2.040725
vn 0.428180 -0.620732 -0.656775
v 0.040614 -0.943981 -2.035410
vn 0.428180 -0.620732 -0.656775
v -0.039207 -0.635935 -2.330222
vn -0.129942 -0.524775 -0.841265
v -0.256290 -0.685899 -2.286443
vn -0.129942 -0.524775 -0.841265
v 0.024930 -0.832702 -2.238362
vn -0.129942 -0.524775 -0.841265
v -0.197763 -0.866251 -2.162023
vn -0.129942 -0.524775 -0.841265
v -0.469675 -0.719807 -2.224444
vn -0.212108 -0.514685 -0.830728
v -0.256290 -0.685899 -2.286443
vn -0.212108 -0.514685 -0.830728
v -0.534513 -0.509427 -2.324739
vn -0.212108 -0.514685 -0.830728
v -0.312903 -0.482093 -2.411706
vn -0.212108 -0.514685 -0.830728
v -0.625299 -0.365211 -2.494118
vn -0.023004 -0.787893 -0.615382
v -0.847418 -0.415678 -2.433132
vn -0.023004 -0.787893 -0.615382
v -0.534513 -0.509427 -2.324739
vn -0.023004 -0.787893 -0.615382
v -0.757270 -0.549873 -2.252702
vn -0.023004 -0.787893 -0.615382
v -0.572319 -0.160147 -2.743211
vn -0.107816 -0.756191 -0.645408
v -0.763518 -0.207848 -2.652954
vn -0.107816 -0.756191 -0.645408
v -0.388962 -0.323400 -2.580158
vn -0.107816 -0.756191 -0.645408
v -0.625299 -0.365211 -2.494118
vn -0.107816 -0.756191 -0.645408
v -0.572319 -0.160147 -2.743211
vn -0.534342 -0.059642 -0.843161
v -0.646720 0.087626 -2.747935
vn -0.534342 -0.059642 -0.843161
v -0.763518 -0.207848 -2.652954
vn -0.534342 -0.059642 -0.843161
v -0.814394 0.046282 -2.604367
vn -0.534342 -0.059642 -0.843161
v -1.466535 0.109716 -2.145153
vn -0.759899 0.228325 -0.608622
v -1.527994 0.320419 -2.019552
vn -0.759899 0.228325 -0.608622
v -1.625028 0.019091 -2.011370
vn -0.759899 0.228325 -0.608622
v -1.658244 0.206267 -1.869574
vn -0.759899 0.228325 -0.608622
v -1.812019 -0.092941 -1.571472
vn -0.919617 0.386334 -0.071074
v -1.877813 -0.212266 -1.723729
vn -0.919617 0.386334 -0.071074
v -1.762992 0.060470 -1.726428
vn -0.919617 0.386334 -0.071074
v -1.783266 -0.081842 -1.883154
vn -0.919617 0.386334 -0.071074
v -1.783266 -0.081842 -1.883154
vn -0.742584 0.228781 -0.629467
v -1.743037 -0.268552 -1.976701
vn -0.742584 0.228781 -0.629467
v -1.625028 0.019091 -2.011370
vn -0.742584 0.228781 -0.629467
v -1.604627 -0.176562 -2.128366
vn -0.742584 0.228781 -0.629467
v -0.953378 -0.237050 -2.516978
vn -0.530070 -0.001603 -0.847952
v -0.763518 -0.207848 -2.652954
vn -0.530070 -0.001603 -0.847952
v -1.012095 0.013991 -2.498083
vn -0.530070 -0.001603 -0.847952
v -0.814394 0.046282 -2.604367
vn -0.530070 -0.001603 -0.847952
v -1.060995 -0.492581 -2.351900
vn -0.377418 -0.385035 -0.842202
v -0.847418 -0.415678 -2.433132
vn -0.377418 -0.385035 -0.842202
v -1.138647 -0.266791 -2.370711
vn -0.377418 -0.385035 -0.842202
v -0.953378 -0.237050 -2.516978
vn -0.377418 -0.385035 -0.842202
v -1.428219 -0.095492 -2.264258
vn -0.465030 -0.260565 -0.846081
v -1.331823 -0.322287 -2.244857
vn -0.465030 -0.260565 -0.846081
v -1.224524 -0.031160 -2.393486
vn -0.465030 -0.260565 -0.846081
v -1.138647 -0.266791 -2.370711
vn -0.465030 -0.260565 -0.846081
v -1.877303 -0.363451 -1.837267
vn -0.998966 0.018300 0.041607
v -1.877813 -0.212266 -1.723729
vn -0.998966 0.018300 0.041607
v -1.882659 -0.494808 -1.717318
vn -0.998966 0.018300 0.041607
v -1.866274 -0.373616 -1.568352
vn -0.998966 0.018300 0.041607
v -1.852312 -0.671675 -1.633893
vn -0.964647 -0.243765 -0.100170
v -1.810808 -0.733636 -1.828157
vn -0.964647 -0.243765 -0.100170
v -1.882659 -0.494808 -1.717318
vn -0.964647 -0.243765 -0.100170
v -1.862066 -0.536187 -1.869489
vn -0.964647 -0.243765 -0.100170
v -1.743993 -0.921603 -1.757638
vn -0.923494 -0.381824 -0.037012
v -1.810808 -0.733636 -1.828157
vn -0.923494 -0.381824 -0.037012
v -1.802328 -0.780152 -1.559326
vn -0.923494 -0.381824 -0.037012
v -1.852312 -0.671675 -1.633893
vn -0.923494 -0.381824 -0.037012
v -1.623498 -1.004828 -1.610528
vn -0.238303 -0.857889 -0.455235
v -1.442245 -1.005511 -1.757469
vn -0.238303 -0.857889 -0.455235
v -1.743993 -0.921603 -1.757638
vn -0.238303 -0.857889 -0.455235
v -1.541893 -0.876596 -1.894879
vn -0.238303 -0.857889 -0.455235
v -1.258250 -0.982845 -1.897663
vn -0.070432 -0.978250 -0.195107
v -1.442245 -1.005511 -1.757469
vn -0.070432 -0.978250 -0.195107
v -1.145469 -1.037874 -1.702387
vn -0.070432 -0.978250 -0.195107
v -1.318625 -1.043190 -1.573328
vn -0.070432 -0.978250 -0.195107
v 0.040614 -0.943981 -2.035410
vn -0.007676 -0.858524 -0.512716
v 0.024930 -0.832702 -2.238362
vn -0.007676 -0.858524 -0.512716
v -0.132925 -0.986078 -1.979147
vn -0.007676 -0.858524 -0.512716
v -0.197763 -0.866251 -2.162023
vn -0.007676 -0.858524 -0.512716
v -0.197763 -0.866251 -2.162023
vn -0.182406 -0.652198 -0.735776
v -0.256290 -0.685899 -2.286443
vn -0.182406 -0.652198 -0.735776
v -0.407387 -0.879469 -2.077418
vn -0.182406 -0.652198 -0.735776
v -0.469675 -0.719807 -2.224444
vn -0.182406 -0.652198 -0.735776
v -0.534513 -0.509427 -2.324739
vn -0.175224 -0.442900 -0.879282
v -0.757270 -0.549873 -2.252702
vn -0.175224 -0.442900 -0.879282
v -0.469675 -0.719807 -2.224444
vn -0.175224 -0.442900 -0.879282
v -0.685419 -0.753464 -2.171808
vn -0.175224 -0.442900 -0.879282
v -0.625299 -0.365211 -2.494118
vn -0.211494 -0.668840 -0.712688
v -0.763518 -0.207848 -2.652954
vn -0.211494 -0.668840 -0.712688
v -0.847418 -0.415678 -2.433132
vn -0.211494 -0.668840 -0.712688
v -0.953378 -0.237050 -2.516978
vn -0.211494 -0.668840 -0.712688
v -0.757270 -0.549873 -2.252702
vn 0.107187 -0.682991 -0.722520
v -0.847418 -0.415678 -2.433132
vn 0.107187 -0.682991 -0.722520
v -0.970464 -0.652279 -2.227649
vn 0.107187 -0.682991 -0.722520
v -1.060995 -0.492581 -2.351900
vn 0.107187 -0.682991 -0.722520
v -1.625028 0.019091 -2.011370
vn -0.686236 0.291934 -0.666225
v -1.604627 -0.176562 -2.128366
vn -0.686236 0.291934 -0.666225
v -1.466535 0.109716 -2.145153
vn -0.686236 0.291934 -0.666225
v -1.428219 -0.095492 -2.264258
vn -0.686236 0.291934 -0.666225
v -1.783266 -0.081842 -1.883154
vn -0.845262 0.201467 -0.494918
v -1.877813 -0.212266 -1.723729
vn -0.845262 0.201467 -0.494918
v -1.743037 -0.268552 -1.976701
vn -0.845262 0.201467 -0.494918
v -1.877303 -0.363451 -1.837267
vn -0.845262 0.201467 -0.494918
v -1.689101 -0.472215 -2.001416
vn -0.575973 -0.177991 -0.797856
v -1.512374 -0.392186 -2.115629
vn -0.575973 -0.177991 -0.797856
v -1.743037 -0.268552 -1.976701
vn -0.575973 -0.177991 -0.797856
v -1.604627 -0.176562 -2.128366
vn -0.575973 -0.177991 -0.797856
v -1.138647 -0.266791 -2.370711
vn -0.474261 -0.217699 -0.853044
v -1.331823 -0.322287 -2.244857
vn -0.474261 -0.217699 -0.853044
v -1.060995 -0.492581 -2.351900
vn -0.474261 -0.217699 -0.853044
v -1.257230 -0.551489 -2.232120
vn -0.474261 -0.217699 -0.853044
v -1.604627 -0.176562 -2.128366
vn -0.497172 -0.271959 -0.823929
v -1.512374 -0.392186 -2.115629
vn -0.497172 -0.271959 -0.823929
v -1.428219 -0.095492 -2.264258
vn -0.497172 -0.271959 -0.823929
v -1.331823 -0.322287 -2.244857
vn -0.497172 -0.271959 -0.823929
v -1.862066 -0.536187 -1.869489
vn -0.398654 -0.370545 -0.838910
v -1.810808 -0.733636 -1.828157
vn -0.398654 -0.370545 -0.838910
v -1.689101 -0.472215 -2.001416
vn -0.398654 -0.370545 -0.838910
v -1.603670 -0.664348 -1.935706
vn -0.398654 -0.370545 -0.838910
v -1.603670 -0.664348 -1.935706
vn -0.401586 -0.362831 -0.840882
v -1.810808 -0.733636 -1.828157
vn -0.401586 -0.362831 -0.840882
v -1.541893 -0.876596 -1.894879
vn -0.401586 -0.362831 -0.840882
v -1.743993 -0.921603 -1.757638
vn -0.401586 -0.362831 -0.840882
v -1.258250 -0.982845 -1.897663
vn -0.270137 -0.703879 -0.656947
v -1.350120 -0.802817 -2.012466
vn -0.270137 -0.703879 -0.656947
v -1.442245 -1.005511 -1.757469
vn -0.270137 -0.703879 -0.656947
v -1.541893 -0.876596 -1.894879
vn -0.270137 -0.703879 -0.656947
v -1.145469 -1.037874 -1.702387
vn 0.114399 -0.916164 -0.384131
v -0.964088 -0.984534 -1.805972
vn 0.114399 -0.916164 -0.384131
v -1.258250 -0.982845 -1.897663
vn 0.114399 -0.916164 -0.384131
v -1.069347 -0.902027 -2.003694
vn 0.114399 -0.916164 -0.384131
v -0.407387 -0.879469 -2.077418
vn -0.130632 -0.762627 -0.633510
v -0.469675 -0.719807 -2.224444
vn -0.130632 -0.762627 -0.633510
v -0.607065 -0.892616 -1.988089
vn -0.130632 -0.762627 -0.633510
v -0.685419 -0.753464 -2.171808
vn -0.130632 -0.762627 -0.633510
v -0.685419 -0.753464 -2.171808
vn -0.044808 -0.576684 -0.815737
v -0.757270 -0.549873 -2.252702
vn -0.044808 -0.576684 -0.815737
v -0.889560 -0.790030 -2.075731
vn -0.044808 -0.576684 -0.815737
v -0.970464 -0.652279 -2.227649
vn -0.044808 -0.576684 -0.815737
v -1.257230 -0.551489 -2.232120
vn -0.189970 -0.575857 -0.795173
v -1.167783 -0.745059 -2.143634
vn -0.189970 -0.575857 -0.795173
v -1.060995 -0.492581 -2.351900
vn -0.189970 -0.575857 -0.795173
v -0.970464 -0.652279 -2.227649
vn -0.189970 -0.575857 -0.795173
v -1.689101 -0.472215 -2.001416
vn -0.659966 -0.007642 -0.751257
v -1.743037 -0.268552 -1.976701
vn -0.659966 -0.007642 -0.751257
v -1.862066 -0.536187 -1.869489
vn -0.659966 -0.007642 -0.751257
v -1.877303 -0.363451 -1.837267
vn -0.659966 -0.007642 -0.751257
v -1.436762 -0.609427 -2.090830
vn -0.481020 -0.365503 -0.796886
v -1.512374 -0.392186 -2.115629
vn -0.481020 -0.365503 -0.796886
v -1.603670 -0.664348 -1.935706
vn -0.481020 -0.365503 -0.796886
v -1.689101 -0.472215 -2.001416
vn -0.481020 -0.365503 -0.796886
v -1.331823 -0.322287 -2.244857
vn -0.525267 -0.245329 -0.814806
v -1.512374 -0.392186 -2.115629
vn -0.525267 -0.245329 -0.814806
v -1.257230 -0.551489 -2.232120
vn -0.525267 -0.245329 -0.814806
v -1.436762 -0.609427 -2.090830
vn -0.525267 -0.245329 -0.814806
v -1.350120 -0.802817 -2.012466
vn -0.459090 -0.400817 -0.792831
v -1.436762 -0.609427 -2.090830
vn -0.459090 -0.400817 -0.792831
v -1.541893 -0.876596 -1.894879
vn -0.459090 -0.400817 -0.792831
v -1.603670 -0.664348 -1.935706
vn -0.459090 -0.400817 -0.792831
v -1.167783 -0.745059 -2.143634
vn -0.211711 -0.662650 -0.718382
v -1.350120 -0.802817 -2.012466
vn -0.211711 -0.662650 -0.718382
v -1.069347 -0.902027 -2.003694
vn -0.211711 -0.662650 -0.718382
v -1.258250 -0.982845 -1.897663
vn -0.211711 -0.662650 -0.718382
v -0.964088 -0.984534 -1.805972
vn 0.268895 -0.814906 -0.513442
v -0.798391 -0.892400 -1.877081
vn 0.268895 -0.814906 -0.513442
v -1.069347 -0.902027 -2.003694
vn 0.268895 -0.814906 -0.513442
v -0.889560 -0.790030 -2.075731
vn 0.268895 -0.814906 -0.513442
v -0.889560 -0.790030 -2.075731
vn -0.167796 -0.865339 -0.472263
v -0.798391 -0.892400 -1.877081
vn -0.167796 -0.865339 -0.472263
v -0.685419 -0.753464 -2.171808
vn -0.167796 -0.865339 -0.472263
v -0.607065 -0.892616 -1.988089
vn -0.167796 -0.865339 -0.472263
v -0.970464 -0.652279 -2.227649
vn 0.067928 -0.680792 -0.729320
v -1.167783 -0.745059 -2.143634
vn 0.067928 -0.680792 -0.729320
v -0.889560 -0.790030 -2.075731
vn 0.067928 -0.680792 -0.729320
v -1.069347 -0.902027 -2.003694
vn 0.067928 -0.680792 -0.729320
v -1.257230 -0.551489 -2.232120
vn -0.406561 -0.511411 -0.757077
v -1.436762 -0.609427 -2.090830
vn -0.406561 -0.511411 -0.757077
v -1.167783 -0.745059 -2.143634
vn -0.406561 -0.511411 -0.757077
v -1.350120 -0.802817 -2.012466
vn -0.406561 -0.511411 -0.757077
v -0.607065 -0.892616 -1.988089
vn -0.214513 -0.908772 -0.357936
v -0.798391 -0.892400 -1.877081
vn -0.214513 -0.908772 -0.357936
v -0.518638 -0.990281 -1.796187
vn -0.214513 -0.908772 -0.357936
v -0.713790 -0.987263 -1.683914
vn -0.214513 -0.908772 -0.357936
v 0.317753 0.356411 2.147622
vn 0.378151 0.428365 0.820673
v 0.222887 0.358925 2.189967
vn 0.378151 0.428365 0.820673
v 0.232067 0.566288 2.077525
vn 0.378151 0.428365 0.820673
v 0.650614 0.842472 1.800006
vn 0.045069 0.822679 0.566717
v 0.437866 0.784499 1.901145
vn 0.045069 0.822679 0.566717
v 0.390879 0.895777 1.743321
vn 0.045069 0.822679 0.566717
v -0.783728 0.075664 1.978158
vn -0.127305 0.277555 0.952238
v -0.595908 0.126347 1.988449
vn -0.127305 0.277555 0.952238
v -0.591509 -0.104507 2.056353
vn -0.127305 0.277555 0.952238
v 1.319523 -0.030442 1.560446
vn 0.685107 -0.014950 0.728289
v 1.352547 0.206770 1.534296
vn 0.685107 -0.014950 0.728289
v 1.437595 -0.014062 1.449775
vn 0.685107 -0.014950 0.728289
v 1.230840 0.948183 1.548552
vn 0.127752 0.812303 0.569072
v 1.041044 0.921459 1.629277
vn 0.127752 0.812303 0.569072
v 1.083058 1.067292 1.411648
vn 0.127752 0.812303 0.569072
v 0.532732 1.052314 1.315908
vn 0.150640 0.955289 0.254421
v 0.343892 1.075266 1.341635
vn 0.150640 0.955289 0.254421
v 0.468851 1.123937 1.084783
vn 0.150640 0.955289 0.254421
v 0.812103 1.149907 0.536071
vn 0.229425 0.941547 0.246683
v 0.669612 1.168262 0.572258
vn 0.229425 0.941547 0.246683
v 0.954593 1.131588 0.499883
vn 0.229425 0.941547 0.246683
v 0.902251 1.188125 0.279808
vn 0.229425 0.941547 0.246683
v 0.665978 1.242220 0.346109
vn 0.229425 0.941547 0.246683
v 0.145298 1.168190 -0.029427
vn -0.372344 0.922349 0.103118
v 0.174242 1.176990 0.128143
vn -0.372344 0.922349 0.103118
v 0.116417 1.159426 -0.186997
vn -0.372344 0.922349 0.103118
v -0.092760 1.097572 -0.125336
vn -0.372344 0.922349 0.103118
v -0.041629 1.061330 0.119707
vn -0.372344 0.922349 0.103118
v 1.932264 -0.569772 0.837715
vn 0.879986 0.076058 0.468871
v 1.945397 -0.329758 0.834172
vn 0.879986 0.076058 0.468871
v 2.050400 -0.525268 0.678879
vn 0.879986 0.076058 0.468871
v 2.124100 -0.464097 0.486893
vn 0.879986 0.076058 0.468871
v 2.058625 -0.248652 0.582380
vn 0.879986 0.076058 0.468871
v -0.774165 0.906086 0.177067
vn -0.228105 0.915643 0.331008
v -0.640154 0.856876 0.405662
vn -0.228105 0.915643 0.331008
v -0.838620 0.810109 0.398154
vn -0.228105 0.915643 0.331008
v 1.189847 0.648651 -0.671855
vn 0.899334 0.318655 -0.299429
v 1.271771 0.656051 -0.396782
vn 0.899334 0.318655 -0.299429
v 1.096128 0.863593 -0.703234
vn 0.899334 0.318655 -0.299429
v 1.156376 0.871926 -0.524238
vn 0.899334 0.318655 -0.299429
v 1.216559 0.880260 -0.345243
vn 0.899334 0.318655 -0.299429
v 0.372135 1.246530 -0.740518
vn -0.199276 0.970359 0.136722
v 0.193815 1.202313 -0.686279
vn -0.199276 0.970359 0.136722
v 0.204207 1.238556 -0.928623
vn -0.199276 0.970359 0.136722
v -1.977334 0.618946 0.919958
vn -0.987486 0.156905 -0.015892
v -1.993846 0.534463 1.113969
vn -0.987486 0.156905 -0.015892
v -2.009019 0.422933 0.955386
vn -0.987486 0.156905 -0.015892
v -0.512836 0.881373 -0.949964
vn -0.073211 0.924924 -0.373037
v -0.453035 0.948255 -0.754604
vn -0.073211 0.924924 -0.373037
v -0.795650 0.829254 -0.982356
vn -0.073211 0.924924 -0.373037
v -0.796351 0.945166 -0.736047
vn -0.073211 0.924924 -0.373037
v -0.624725 0.946711 -0.745326
vn -0.073211 0.924924 -0.373037
v -1.888843 0.638342 0.722574
vn -0.892209 0.251235 -0.375293
v -1.977334 0.618946 0.919958
vn -0.892209 0.251235 -0.375293
v -1.915365 0.523041 0.708403
vn -0.892209 0.251235 -0.375293
v 0.563653 1.157737 -1.057261
vn 0.387904 0.849246 -0.358206
v 0.426773 1.240747 -1.008674
vn 0.387904 0.849246 -0.358206
v 0.372263 1.167543 -1.241233
vn 0.387904 0.849246 -0.358206
v -0.556125 0.841610 -1.119344
vn -0.156979 0.969657 -0.187410
v -0.512836 0.881373 -0.949964
vn -0.156979 0.969657 -0.187410
v -0.795650 0.829254 -0.982356
vn -0.156979 0.969657 -0.187410
v -1.724038 0.874082 0.130926
vn -0.943564 0.330774 0.016604
v -1.732581 0.838378 0.359100
vn -0.943564 0.330774 0.016604
v -1.751070 0.797178 0.129324
vn -0.943564 0.330774 0.016604
v -1.882722 0.653536 0.400348
vn -0.993004 0.108767 -0.045962
v -1.886675 0.664025 0.511440
vn -0.993004 0.108767 -0.045962
v -1.907842 0.453393 0.469095
vn -0.993004 0.108767 -0.045962
v -1.445305 0.985755 -0.427486
vn -0.643580 0.758564 -0.101906
v -1.455570 1.002098 -0.241320
vn -0.643580 0.758564 -0.101906
v -1.611321 0.852099 -0.374260
vn -0.643580 0.758564 -0.101906
v 0.326232 0.539636 -2.054896
vn 0.881781 0.101547 -0.460598
v 0.410452 0.347934 -1.935875
vn 0.881781 0.101547 -0.460598
v 0.390624 0.581733 -1.922378
vn 0.881781 0.101547 -0.460598
v -0.947831 0.764420 -2.147515
vn -0.122790 0.989961 -0.070000
v -0.845506 0.786941 -1.963458
vn -0.122790 0.989961 -0.070000
v -1.244926 0.723723 -2.157384
vn -0.122790 0.989961 -0.070000
v -1.151717 0.757236 -1.891337
vn -0.122790 0.989961 -0.070000
v -0.998643 0.772106 -1.927439
vn -0.122790 0.989961 -0.070000
v -1.820690 0.201059 -0.389528
vn -0.811244 0.241800 -0.532368
v -1.877813 -0.048114 -0.415677
vn -0.811244 0.241800 -0.532368
v -1.738064 0.121067 -0.551821
vn -0.811244 0.241800 -0.532368
v -1.040976 0.772286 -2.290745
vn -0.139110 0.979705 0.144314
v -0.947831 0.764420 -2.147515
vn -0.139110 0.979705 0.144314
v -1.244926 0.723723 -2.157384
vn -0.139110 0.979705 0.144314
v -0.871071 0.494413 -2.548104
vn -0.570844 -0.024584 -0.820690
v -0.906646 0.705763 -2.549538
vn -0.570844 -0.024584 -0.820690
v -0.835496 0.283063 -2.546670
vn -0.570844 -0.024584 -0.820690
v -1.039127 0.263200 -2.444182
vn -0.570844 -0.024584 -0.820690
v -1.069538 0.576561 -2.392727
vn -0.570844 -0.024584 -0.820690
v -0.053679 0.291325 -2.657087
vn 0.768082 0.098948 -0.632661
v 0.090661 0.396066 -2.449243
vn 0.768082 0.098948 -0.632661
v -0.087979 0.419701 -2.670583
vn 0.768082 0.098948 -0.632661
v -0.122342 0.548077 -2.683995
vn 0.768082 0.098948 -0.632661
v 0.039211 0.611942 -2.494203
vn 0.768082 0.098948 -0.632661
v -0.122342 0.548077 -2.683995
vn 0.706167 0.137343 -0.694597
v -0.160595 0.683134 -2.685683
vn 0.706167 0.137343 -0.694597
v -0.087979 0.419701 -2.670583
vn 0.706167 0.137343 -0.694597
v -0.283640 0.387337 -2.873451
vn 0.706167 0.137343 -0.694597
v -0.303468 0.634499 -2.850423
vn 0.706167 0.137343 -0.694597
v -0.303468 0.634499 -2.850423
vn -0.509860 0.003940 -0.860249
v -0.478855 0.708349 -2.746079
vn -0.509860 0.003940 -0.860249
v -0.481979 0.573795 -2.744898
vn -0.509860 0.003940 -0.860249
v -0.388962 -0.323400 -2.580158
vn -0.052935 -0.734696 -0.676328
v -0.393552 -0.122647 -2.797871
vn -0.052935 -0.734696 -0.676328
v -0.572319 -0.160147 -2.743211
vn -0.052935 -0.734696 -0.676328
v -1.589134 0.519844 -1.887625
vn -0.867719 0.430222 -0.248942
v -1.577212 0.606769 -1.779148
vn -0.867719 0.430222 -0.248942
v -1.705868 0.393192 -1.699857
vn -0.867719 0.430222 -0.248942
v -1.831400 -0.555225 -1.445703
vn -0.939669 -0.250105 0.233389
v -1.757637 -0.737336 -1.322971
vn -0.939669 -0.250105 0.233389
v -1.852312 -0.671675 -1.633893
vn -0.939669 -0.250105 0.233389
v -1.802328 -0.780152 -1.559326
vn -0.939669 -0.250105 0.233389
v -1.752409 -0.888629 -1.484843
vn -0.939669 -0.250105 0.233389
v -1.224524 -0.031160 -2.393486
vn -0.631177 0.224468 -0.742449
v -1.239570 0.214960 -2.330812
vn -0.631177 0.224468 -0.742449
v -1.428219 -0.095492 -2.264258
vn -0.631177 0.224468 -0.742449
v -1.466535 0.109716 -2.145153
vn -0.631177 0.224468 -0.742449
v -1.353053 0.162338 -2.237940
vn -0.631177 0.224468 -0.742449
v -1.758274 -0.003825 -1.435665
vn -0.948314 0.210813 0.237190
v -1.799587 -0.246210 -1.385391
vn -0.948314 0.210813 0.237190
v -1.812019 -0.092941 -1.571472
vn -0.948314 0.210813 0.237190
v -1.877303 -0.363451 -1.837267
vn -0.991034 -0.065707 -0.116334
v -1.882659 -0.494808 -1.717318
vn -0.991034 -0.065707 -0.116334
v -1.862066 -0.536187 -1.869489
vn -0.991034 -0.065707 -0.116334
f 3//3 2//2 1//1
f 4//4 2//2 3//3
f 7//7 6//6 5//5
f 8//8 6//6 7//7
f 11//11 10//10 9//9
f 12//12 10//10 11//11
f 15//15 14//14 13//13
f 16//16 14//14 15//15
f 19//19 18//18 17//17
f 20//20 18//18 19//19
f 23//23 22//22 21//21
f 24//24 22//22 23//23
f 27//27 26//26 25//25
f 28//28 26//26 27//27
f 31//31 30//30 29//29
f 32//32 30//30 31//31
f 35//35 34//34 33//33
f 36//36 34//34 35//35
f 39//39 38//38 37//37
f 40//40 38//38 39//39
f 43//43 42//42 41//41
f 44//44 42//42 43//43
f 47//47 46//46 45//45
f 48//48 46//46 47//47
f 51//51 50//50 49//49
f 52//52 50//50 51//51
f 55//55 54//54 53//53
f 56//56 54//54 55//55
f 59//59 58//58 57//57
f 60//60 58//58 59//59
f 63//63 62//62 61//61
f 64//64 62//62 63//63
f 67//67 66//66 65//65
f 68//68 66//66 67//67
f 71//71 70//70 69//69
f 72//72 70//70 71//71
f 75//75 74//74 73//73
f 76//76 74//74 75//75
f 79//79 78//78 77//77
f 80//80 78//78 79//79
f 83//83 82//82 81//81
f 84//84 82//82 83//83
f 87//87 86//86 85//85
f 88//88 86//86 87//87
f 91//91 90//90 89//89
f 92//92 90//90 91//91
f 95//95 94//94 93//93
f 96//96 94//94 95//95
f 99//99 98//98 97//97
f 100//100 98//98 99//99
f 103//103 102//102 101//101
f 104//104 102//102 103//103
f 107//107 106//106 105//105
f 108//108 106//106 107//107
f 111//111 110//110 109//109
f 112//112 110//110 111//111
f 115//115 114//114 113//113
f 116//116 114//114 115//115
f 119//119 118//118 117//117
f 120//120 118//118 119//119
f 123//123 122//122 121//121
f 124//124 122//122 123//123
f 127//127 126//126 125//125
f 128//128 126//126 127//127
f 131//131 130//130 129//129
f 132//132 130//130 131//131
f 135//135 134//134 133//133
f 136//136 134//134 135//135
f 139//139 138//138 137//137
f 140//140 138//138 139//139
f 143//143 142//142 141//141
f 144//144 142//142 143//143
f 147//147 146//146 145//145
f 148//148 146//146 147//147
f 151//151 150//150 149//149
f 152//152 150//150 151//151
f 155//155 154//154 153//153
f 156//156 154//154 155//155
f 159//159 158//158 157//157
f 160//160 158//158 159//159
f 163//163 162//162 161//161
f 164//164 162//162 163//163
f 167//167 166//166 165//165
f 168//168 166//166 167//167
f 171//171 170//170 169//169
f 172//172 170//170 171//171
f 175//175 174//174 173//173
f 176//176 174//174 175//175
f 179//179 178//178 177//177
f 180//180 178//178 179//179
f 183//183 182//182 181//181
f 184//184 182//182 183//183
f 187//187 186//186 185//185
f 188//188 186//186 187//187
f 191//191 190//190 189//189
f 192//192 190//190 191//191
f 195//195 194//194 193//193
f 196//196 194//194 195//195
f 199//199 198//198 197//197
f 200//200 198//198 199//199
f 203//203 202//202 201//201
f 204//204 202//202 203//203
f 207//207 206//206 205//205
f 208//208 206//206 207//207
f 211//211 210//210 209//209
f 212//212 210//210 211//211
f 215//215 214//214 213//213
f 216//216 214//214 215//215
f 219//219 218//218 217//217
f 220//220 218//218 219//219
f 223//223 222//222 221//221
f 224//224 222//222 223//223
f 227//227 226//226 225//225
f 228//228 226//226 227//227
f 231//231 230//230 229//229
f 232//232 230//230 231//231
f 235//235 234//234 233//233
f 236//236 234//234 235//235
f 239//239 238//238 237//237
f 240//240 238//238 239//239
f 243//243 242//242 241//241
f 244//244 242//242 243//243
f 247//247 246//246 245//245
f 248//248 246//246 247//247
f 251//251 250//250 249//249
f 252//252 250//250 251//251
f 255//255 254//254 253//253
f 256//256 254//254 255//255
f 259//259 258//258 257//257
f 260//260 258//258 259//259
f 263//263 262//262 261//261
f 264//264 262//262 263//263
f 267//267 266//266 265//265
f 268//268 266//266 267//267
f 271//271 270//270 269//269
f 272//272 270//270 271//271
f 275//275 274//274 273//273
f 276//276 274//274 275//275
f 279//279 278//278 277//277
f 280//280 278//278 279//279
f 283//283 282//282 281//281
f 284//284 282//282 283//283
f 287//287 286//286 285//285
f 288//288 286//286 287//287
f 291//291 290//290 289//289
f 292//292 290//290 291//291
f 295//295 294//294 293//293
f 296//296 294//294 295//295
f 299//299 298//298 297//297
f 300//300 298//298 299//299
f 303//303 302//302 301//301
f 304//304 302//302 303//303
f 307//307 306//306 305//305
f 308//308 306//306 307//307
f 311//311 310//310 309//309
f 312//312 310//310 311//311
f 315//315 314//314 313//313
f 316//316 314//314 315//315
f 319//319 318//318 317//317
f 320//320 318//318 319//319
f 323//323 322//322 321//321
f 324//324 322//322 323//323
f 327//327 326//326 325//325
f 328//328 326//326 327//327
f 331//331 330//330 329//329
f 332//332 330//330 331//331
f 335//335 334//334 333//333
f 336//336 334//334 335//335
f 339//339 338//338 337//337
f 340//340 338//338 339//339
f 343//343 342//342 341//341
f 344//344 342//342 343//343
f 347//347 346//346 345//345
f 348//348 346//346 347//347
f 351//351 350//350 349//349
f 352//352 350//350 351//351
f 355//355 354//354 353//353
f 356//356 354//354 355//355
f 359//359 358//358 357//357
f 360//360 358//358 359//359
f 363//363 362//362 361//361
f 364//364 362//362 363//363
f 367//367 366//366 365//365
f 368//368 366//366 367//367
f 371//371 370//370 369//369
f 372//372 370//370 371//371
f 375//375 374//374 373//373
f 376//376 374//374 375//375
f 379//379 378//378 377//377
f 380//380 378//378 379//379
f 383//383 382//382 381//381
f 384//384 382//382 383//383
f 387//387 386//386 385//385
f 388//388 386//386 387//387
f 391//391 390//390 389//389
f 392//392 390//390 391//391
f 395//395 394//394 393//393
f 396//396 394//394 395//395
f 399//399 398//398 397//397
f 400//400 398//398 399//399
f 403//403 402//402 401//401
f 404//404 402//402 403//403
f 407//407 406//406 405//405
f 408//408 406//406 407//407
f 411//411 410//410 409//409
f 412//412 410//410 411//411
f 415//415 414//414 413//413
f 416//416 414//414 415//415
f 419//419 418//418 417//417
f 420//420 418//418 419//419
f 423//423 422//422 421//421
f 424//424 422//422 423//423
f 427//427 426//426 425//425
f 428//428 426//426 427//427
f 431//431 430//430 429//429
f 432//432 430//430 431//431
f 435//435 434//434 433//433
f 436//436 434//434 435//435
f 439//439 438//438 437//437
f 440//440 438//438 439//439
f 443//443 442//442 441//441
f 444//444 442//442 443//443
f 447//447 446//446 445//445
f 448//448 446//446 447//447
f 451//451 450//450 449//449
f 452//452 450//450 451//451
f 455//455 454//454 453//453
f 456//456 454//454 455//455
f 459//459 458//458 457//457
f 460//460 458//458 459//459
f 463//463 462//462 461//461
f 464//464 462//462 463//463
f 467//467 466//466 465//465
f 468//468 466//466 467//467
f 471//471 470//470 469//469
f 472//472 470//470 471//471
f 475//475 474//474 473//473
f 476//476 474//474 475//475
f 479//479 478//478 477//477
f 480//480 478//478 479//479
f 483//483 482//482 481//481
f 484//484 482//482 483//483
f 487//487 486//486 485//485
f 488//488 486//486 487//487
f 491//491 490//490 489//489
f 492//492 490//490 491//491
f 495//495 494//494 493//493
f 496//496 494//494 495//495
f 499//499 498//498 497//497
f 500//500 498//498 499//499
f 503//503 502//502 501//501
f 504//504 502//502 503//503
f 507//507 506//506 505//505
f 508//508 506//506 507//507
f 511//511 510//510 509//509
f 512//512 510//510 511//511
f 515//515 514//514 513//513
f 516//516 514//514 515//515
f 519//519 518//518 517//517
f 520//520 518//518 519//519
f 523//523 522//522 521//521
f 524//524 522//522 523//523
f 527//527 526//526 525//525
f 528//528 526//526 527//527
f 531//531 530//530 529//529
f 532//532 530//530 531//531
f 535//535 534//534 533//533
f 536//536 534//534 535//535
f 539//539 538//538 537//537
f 540//540 538//538 539//539
f 543//543 542//542 541//541
f 544//544 542//542 543//543
f 547//547 546//546 545//545
f 548//548 546//546 547//547
f 551//551 550//550 549//549
f 552//552 550//550 551//551
f 555//555 554//554 553//553
f 556//556 554//554 555//555
f 559//559 558//558 557//557
f 560//560 558//558 559//559
f 563//563 562//562 561//561
f 564//564 562//562 563//563
f 567//567 566//566 565//565
f 568//568 566//566 567//567
f 571//571 570//570 569//569
f 572//572 570//570 571//571
f 575//575 574//574 573//573
f 576//576 574//574 575//575
f 579//579 578//578 577//577
f 580//580 578//578 579//579
f 583//583 582//582 581//581
f 584//584 582//582 583//583
f 587//587 586//586 585//585
f 588//588 586//586 587//587
f 591//591 590//590 589//589
f 592//592 590//590 591//591
f 595//595 594//594 593//593
f 596//596 594//594 595//595
f 599//599 598//598 597//597
f 600//600 598//598 599//599
f 603//603 602//602 601//601
f 604//604 602//602 603//603
f 607//607 606//606 605//605
f 608//608 606//606 607//607
f 611//611 610//610 609//609
f 612//612 610//610 611//611
f 615//615 614//614 613//613
f 616//616 614//614 615//615
f 619//619 618//618 617//617
f 620//620 618//618 619//619
f 623//623 622//622 621//621
f 624//624 622//622 623//623
f 627//627 626//626 625//625
f 628//628 626//626 627//627
f 631//631 630//630 629//629
f 632//632 630//630 631//631
f 635//635 634//634 633//633
f 636//636 634//634 635//635
f 639//639 638//638 637//637
f 640//640 638//638 639//639
f 643//643 642//642 641//641
f 644//644 642//642 643//643
f 647//647 646//646 645//645
f 648//648 646//646 647//647
f 651//651 650//650 649//649
f 652//652 650//650 651//651
f 655//655 654//654 653//653
f 656//656 654//654 655//655
f 659//659 658//658 657//657
f 660//660 658//658 659//659
f 663//663 662//662 661//661
f 664//664 662//662 663//663
f 667//667 666//666 665//665
f 668//668 666//666 667//667
f 671//671 670//670 669//669
f 672//672 670//670 671//671
f 675//675 674//674 673//673
f 676//676 674//674 675//675
f 679//679 678//678 677//677
f 680//680 678//678 679//679
f 683//683 682//682 681//681
f 684//684 682//682 683//683
f 687//687 686//686 685//685
f 688//688 686//686 687//687
f 691//691 690//690 689//689
f 692//692 690//690 691//691
f 695//695 694//694 693//693
f 696//696 694//694 695//695
f 699//699 698//698 697//697
f 700//700 698//698 699//699
f 703//703 702//702 701//701
f 704//704 702//702 703//703
f 707//707 706//706 705//705
f 708//708 706//706 707//707
f 711//711 710//710 709//709
f 712//712 710//710 711//711
f 715//715 714//714 713//713
f 716//716 714//714 715//715
f 719//719 718//718 717//717
f 720//720 718//718 719//719
f 723//723 722//722 721//721
f 724//724 722//722 723//723
f 727//727 726//726 725//725
f 728//728 726//726 727//727
f 731//731 730//730 729//729
f 732//732 730//730 731//731
f 735//735 734//734 733//733
f 736//736 734//734 735//735
f 739//739 738//738 737//737
f 740//740 738//738 739//739
f 743//743 742//742 741//741
f 744//744 742//742 743//743
f 747//747 746//746 745//745
f 748//748 746//746 747//747
f 751//751 750//750 749//749
f 752//752 750//750 751//751
f 755//755 754//754 753//753
f 756//756 754//754 755//755
f 759//759 758//758 757//757
f 760//760 758//758 759//759
f 763//763 762//762 761//761
f 764//764 762//762 763//763
f 767//767 766//766 765//765
f 768//768 766//766 767//767
f 771//771 770//770 769//769
f 772//772 770//770 771//771
f 775//775 774//774 773//773
f 776//776 774//774 775//775
f 779//779 778//778 777//777
f 780//780 778//778 779//779
f 783//783 782//782 781//781
f 784//784 782//782 783//783
f 787//787 786//786 785//785
f 788//788 786//786 787//787
f 791//791 790//790 789//789
f 792//792 790//790 791//791
f 795//795 794//794 793//793
f 796//796 794//794 795//795
f 799//799 798//798 797//797
f 800//800 798//798 799//799
f 803//803 802//802 801//801
f 804//804 802//802 803//803
f 807//807 806//806 805//805
f 808//808 806//806 807//807
f 811//811 810//810 809//809
f 812//812 810//810 811//811
f 815//815 814//814 813//813
f 816//816 814//814 815//815
f 819//819 818//818 817//817
f 820//820 818//818 819//819
f 823//823 822//822 821//821
f 824//824 822//822 823//823
f 827//827 826//826 825//825
f 828//828 826//826 827//827
f 831//831 830//830 829//829
f 832//832 830//830 831//831
f 835//835 834//834 833//833
f 836//836 834//834 835//835
f 839//839 838//838 837//837
f 840//840 838//838 839//839
f 843//843 842//842 841//841
f 844//844 842//842 843//843
f 847//847 846//846 845//845
f 848//848 846//846 847//847
f 851//851 850//850 849//849
f 852//852 850//850 851//851
f 855//855 854//854 853//853
f 856//856 854//854 855//855
f 859//859 858//858 857//857
f 860//860 858//858 859//859
f 863//863 862//862 861//861
f 864//864 862//862 863//863
f 867//867 866//866 865//865
f 868//868 866//866 867//867
f 871//871 870//870 869//869
f 872//872 870//870 871//871
f 875//875 874//874 873//873
f 876//876 874//874 875//875
f 879//879 878//878 877//877
f 880//880 878//878 879//879
f 883//883 882//882 881//881
f 884//884 882//882 883//883
f 887//887 886//886 885//885
f 888//888 886//886 887//887
f 891//891 890//890 889//889
f 892//892 890//890 891//891
f 895//895 894//894 893//893
f 896//896 894//894 895//895
f 899//899 898//898 897//897
f 900//900 898//898 899//899
f 903//903 902//902 901//901
f 904//904 902//902 903//903
f 907//907 906//906 905//905
f 908//908 906//906 907//907
f 911//911 910//910 909//909
f 912//912 910//910 911//911
f 915//915 914//914 913//913
f 916//916 914//914 915//915
f 919//919 918//918 917//917
f 920//920 918//918 919//919
f 923//923 922//922 921//921
f 924//924 922//922 923//923
f 927//927 926//926 925//925
f 928//928 926//926 927//927
f 931//931 930//930 929//929
f 932//932 930//930 931//931
f 935//935 934//934 933//933
f 936//936 934//934 935//935
f 939//939 938//938 937//937
f 940//940 938//938 939//939
f 943//943 942//942 941//941
f 944//944 942//942 943//943
f 947//947 946//946 945//945
f 948//948 946//946 947//947
f 951//951 950//950 949//949
f 952//952 950//950 951//951
f 955//955 954//954 953//953
f 956//956 954//954 955//955
f 959//959 958//958 957//957
f 960//960 958//958 959//959
f 963//963 962//962 961//961
f 964//964 962//962 963//963
f 967//967 966//966 965//965
f 968//968 966//966 967//967
f 971//971 970//970 969//969
f 972//972 970//970 971//971
f 975//975 974//974 973//973
f 976//976 974//974 975//975
f 979//979 978//978 977//977
f 980//980 978//978 979//979
f 983//983 982//982 981//981
f 984//984 982//982 983//983
f 987//987 986//986 985//985
f 988//988 986//986 987//987
f 991//991 990//990 989//989
f 992//992 990//990 991//991
f 995//995 994//994 993//993
f 996//996 994//994 995//995
f 999//999 998//998 997//997
f 1000//1000 998//998 999//999
f 1003//1003 1002//1002 1001//1001
f 1004//1004 1002//1002 1003//1003
f 1007//1007 1006//1006 1005//1005
f 1008//1008 1006//1006 1007//1007
f 1011//1011 1010//1010 1009//1009
f 1012//1012 1010//1010 1011//1011
f 1015//1015 1014//1014 1013//1013
f 1016//1016 1014//1014 1015//1015
f 1019//1019 1018//1018 1017//1017
f 1020//1020 1018//1018 1019//1019
f 1023//1023 1022//1022 1021//1021
f 1024//1024 1022//1022 1023//1023
f 1027//1027 1026//1026 1025//1025
f 1028//1028 1026//1026 1027//1027
f 1031//1031 1030//1030 1029//1029
f 1032//1032 1030//1030 1031//1031
f 1035//1035 1034//1034 1033//1033
f 1036//1036 1034//1034 1035//1035
f 1039//1039 1038//1038 1037//1037
f 1040//1040 1038//1038 1039//1039
f 1043//1043 1042//1042 1041//1041
f 1044//1044 1042//1042 1043//1043
f 1047//1047 1046//1046 1045//1045
f 1048//1048 1046//1046 1047//1047
f 1051//1051 1050//1050 1049//1049
f 1052//1052 1050//1050 1051//1051
f 1055//1055 1054//1054 1053//1053
f 1056//1056 1054//1054 1055//1055
f 1059//1059 1058//1058 1057//1057
f 1060//1060 1058//1058 1059//1059
f 1063//1063 1062//1062 1061//1061
f 1064//1064 1062//1062 1063//1063
f 1067//1067 1066//1066 1065//1065
f 1068//1068 1066//1066 1067//1067
f 1071//1071 1070//1070 1069//1069
f 1072//1072 1070//1070 1071//1071
f 1075//1075 1074//1074 1073//1073
f 1076//1076 1074//1074 1075//1075
f 1079//1079 1078//1078 1077//1077
f 1080//1080 1078//1078 1079//1079
f 1083//1083 1082//1082 1081//1081
f 1084//1084 1082//1082 1083//1083
f 1087//1087 1086//1086 1085//1085
f 1088//1088 1086//1086 1087//1087
f 1091//1091 1090//1090 1089//1089
f 1092//1092 1090//1090 1091//1091
f 1095//1095 1094//1094 1093//1093
f 1096//1096 1094//1094 1095//1095
f 1099//1099 1098//1098 1097//1097
f 1100//1100 1098//1098 1099//1099
f 1103//1103 1102//1102 1101//1101
f 1104//1104 1102//1102 1103//1103
f 1107//1107 1106//1106 1105//1105
f 1108//1108 1106//1106 1107//1107
f 1111//1111 1110//1110 1109//1109
f 1112//1112 1110//1110 1111//1111
f 1115//1115 1114//1114 1113//1113
f 1116//1116 1114//1114 1115//1115
f 1119//1119 1118//1118 1117//1117
f 1120//1120 1118//1118 1119//1119
f 1123//1123 1122//1122 1121//1121
f 1124//1124 1122//1122 1123//1123
f 1127//1127 1126//1126 1125//1125
f 1128//1128 1126//1126 1127//1127
f 1131//1131 1130//1130 1129//1129
f 1132//1132 1130//1130 1131//1131
f 1135//1135 1134//1134 1133//1133
f 1136//1136 1134//1134 1135//1135
f 1139//1139 1138//1138 1137//1137
f 1140//1140 1138//1138 1139//1139
f 1143//1143 1142//1142 1141//1141
f 1144//1144 1142//1142 1143//1143
f 1147//1147 1146//1146 1145//1145
f 1148//1148 1146//1146 1147//1147
f 1151//1151 1150//1150 1149//1149
f 1152//1152 1150//1150 1151//1151
f 1155//1155 1154//1154 1153//1153
f 1156//1156 1154//1154 1155//1155
f 1159//1159 1158//1158 1157//1157
f 1160//1160 1158//1158 1159//1159
f 1163//1163 1162//1162 1161//1161
f 1164//1164 1162//1162 1163//1163
f 1167//1167 1166//1166 1165//1165
f 1168//1168 1166//1166 1167//1167
f 1171//1171 1170//1170 1169//1169
f 1172//1172 1170//1170 1171//1171
f 1175//1175 1174//1174 1173//1173
f 1176//1176 1174//1174 1175//1175
f 1179//1179 1178//1178 1177//1177
f 1180//1180 1178//1178 1179//1179
f 1183//1183 1182//1182 1181//1181
f 1184//1184 1182//1182 1183//1183
f 1187//1187 1186//1186 1185//1185
f 1188//1188 1186//1186 1187//1187
f 1191//1191 1190//1190 1189//1189
f 1192//1192 1190//1190 1191//1191
f 1195//1195 1194//1194 1193//1193
f 1196//1196 1194//1194 1195//1195
f 1199//1199 1198//1198 1197//1197
f 1200//1200 1198//1198 1199//1199
f 1203//1203 1202//1202 1201//1201
f 1204//1204 1202//1202 1203//1203
f 1207//1207 1206//1206 1205//1205
f 1208//1208 1206//1206 1207//1207
f 1211//1211 1210//1210 1209//1209
f 1212//1212 1210//1210 1211//1211
f 1215//1215 1214//1214 1213//1213
f 1216//1216 1214//1214 1215//1215
f 1219//1219 1218//1218 1217//1217
f 1220//1220 1218//1218 1219//1219
f 1223//1223 1222//1222 1221//1221
f 1224//1224 1222//1222 1223//1223
f 1227//1227 1226//1226 1225//1225
f 1228//1228 1226//1226 1227//1227
f 1231//1231 1230//1230 1229//1229
f 1232//1232 1230//1230 1231//1231
f 1235//1235 1234//1234 1233//1233
f 1236//1236 1234//1234 1235//1235
f 1239//1239 1238//1238 1237//1237
f 1240//1240 1238//1238 1239//1239
f 1243//1243 1242//1242 1241//1241
f 1244//1244 1242//1242 1243//1243
f 1247//1247 1246//1246 1245//1245
f 1248//1248 1246//1246 1247//1247
f 1251//1251 1250//1250 1249//1249
f 1252//1252 1250//1250 1251//1251
f 1255//1255 1254//1254 1253//1253
f 1256//1256 1254//1254 1255//1255
f 1259//1259 1258//1258 1257//1257
f 1260//1260 1258//1258 1259//1259
f 1263//1263 1262//1262 1261//1261
f 1264//1264 1262//1262 1263//1263
f 1267//1267 1266//1266 1265//1265
f 1268//1268 1266//1266 1267//1267
f 1271//1271 1270//1270 1269//1269
f 1272//1272 1270//1270 1271//1271
f 1275//1275 1274//1274 1273//1273
f 1276//1276 1274//1274 1275//1275
f 1279//1279 1278//1278 1277//1277
f 1280//1280 1278//1278 1279//1279
f 1283//1283 1282//1282 1281//1281
f 1284//1284 1282//1282 1283//1283
f 1287//1287 1286//1286 1285//1285
f 1288//1288 1286//1286 1287//1287
f 1291//1291 1290//1290 1289//1289
f 1292//1292 1290//1290 1291//1291
f 1295//1295 1294//1294 1293//1293
f 1296//1296 1294//1294 1295//1295
f 1299//1299 1298//1298 1297//1297
f 1300//1300 1298//1298 1299//1299
f 1303//1303 1302//1302 1301//1301
f 1304//1304 1302//1302 1303//1303
f 1307//1307 1306//1306 1305//1305
f 1308//1308 1306//1306 1307//1307
f 1311//1311 1310//1310 1309//1309
f 1312//1312 1310//1310 1311//1311
f 1315//1315 1314//1314 1313//1313
f 1316//1316 1314//1314 1315//1315
f 1319//1319 1318//1318 1317//1317
f 1320//1320 1318//1318 1319//1319
f 1323//1323 1322//1322 1321//1321
f 1324//1324 1322//1322 1323//1323
f 1327//1327 1326//1326 1325//1325
f 1328//1328 1326//1326 1327//1327
f 1331//1331 1330//1330 1329//1329
f 1332//1332 1330//1330 1331//1331
f 1335//1335 1334//1334 1333//1333
f 1336//1336 1334//1334 1335//1335
f 1339//1339 1338//1338 1337//1337
f 1340//1340 1338//1338 1339//1339
f 1343//1343 1342//1342 1341//1341
f 1344//1344 1342//1342 1343//1343
f 1347//1347 1346//1346 1345//1345
f 1348//1348 1346//1346 1347//1347
f 1351//1351 1350//1350 1349//1349
f 1352//1352 1350//1350 1351//1351
f 1355//1355 1354//1354 1353//1353
f 1356//1356 1354//1354 1355//1355
f 1359//1359 1358//1358 1357//1357
f 1360//1360 1358//1358 1359//1359
f 1363//1363 1362//1362 1361//1361
f 1364//1364 1362//1362 1363//1363
f 1367//1367 1366//1366 1365//1365
f 1368//1368 1366//1366 1367//1367
f 1371//1371 1370//1370 1369//1369
f 1372//1372 1370//1370 1371//1371
f 1375//1375 1374//1374 1373//1373
f 1376//1376 1374//1374 1375//1375
f 1379//1379 1378//1378 1377//1377
f 1380//1380 1378//1378 1379//1379
f 1383//1383 1382//1382 1381//1381
f 1384//1384 1382//1382 1383//1383
f 1387//1387 1386//1386 1385//1385
f 1388//1388 1386//1386 1387//1387
f 1391//1391 1390//1390 1389//1389
f 1392//1392 1390//1390 1391//1391
f 1395//1395 1394//1394 1393//1393
f 1396//1396 1394//1394 1395//1395
f 1399//1399 1398//1398 1397//1397
f 1400//1400 1398//1398 1399//1399
f 1403//1403 1402//1402 1401//1401
f 1404//1404 1402//1402 1403//1403
f 1407//1407 1406//1406 1405//1405
f 1408//1408 1406//1406 1407//1407
f 1411//1411 1410//1410 1409//1409
f 1412//1412 1410//1410 1411//1411
f 1415//1415 1414//1414 1413//1413
f 1416//1416 1414//1414 1415//1415
f 1419//1419 1418//1418 1417//1417
f 1420//1420 1418//1418 1419//1419
f 1423//1423 1422//1422 1421//1421
f 1424//1424 1422//1422 1423//1423
f 1427//1427 1426//1426 1425//1425
f 1428//1428 1426//1426 1427//1427
f 1431//1431 1430//1430 1429//1429
f 1432//1432 1430//1430 1431//1431
f 1435//1435 1434//1434 1433//1433
f 1436//1436 1434//1434 1435//1435
f 1439//1439 1438//1438 1437//1437
f 1440//1440 1438//1438 1439//1439
f 1443//1443 1442//1442 1441//1441
f 1444//1444 1442//1442 1443//1443
f 1447//1447 1446//1446 1445//1445
f 1448//1448 1446//1446 1447//1447
f 1451//1451 1450//1450 1449//1449
f 1452//1452 1450//1450 1451//1451
f 1455//1455 1454//1454 1453//1453
f 1456//1456 1454//1454 1455//1455
f 1459//1459 1458//1458 1457//1457
f 1460//1460 1458//1458 1459//1459
f 1463//1463 1462//1462 1461//1461
f 1464//1464 1462//1462 1463//1463
f 1467//1467 1466//1466 1465//1465
f 1468//1468 1466//1466 1467//1467
f 1471//1471 1470//1470 1469//1469
f 1472//1472 1470//1470 1471//1471
f 1475//1475 1474//1474 1473//1473
f 1476//1476 1474//1474 1475//1475
f 1479//1479 1478//1478 1477//1477
f 1480//1480 1478//1478 1479//1479
f 1483//1483 1482//1482 1481//1481
f 1484//1484 1482//1482 1483//1483
f 1487//1487 1486//1486 1485//1485
f 1488//1488 1486//1486 1487//1487
f 1491//1491 1490//1490 1489//1489
f 1492//1492 1490//1490 1491//1491
f 1495//1495 1494//1494 1493//1493
f 1496//1496 1494//1494 1495//1495
f 1499//1499 1498//1498 1497//1497
f 1500//1500 1498//1498 1499//1499
f 1503//1503 1502//1502 1501//1501
f 1504//1504 1502//1502 1503//1503
f 1507//1507 1506//1506 1505//1505
f 1508//1508 1506//1506 1507//1507
f 1511//1511 1510//1510 1509//1509
f 1512//1512 1510//1510 1511//1511
f 1515//1515 1514//1514 1513//1513
f 1516//1516 1514//1514 1515//1515
f 1519//1519 1518//1518 1517//1517
f 1520//1520 1518//1518 1519//1519
f 1523//1523 1522//1522 1521//1521
f 1524//1524 1522//1522 1523//1523
f 1527//1527 1526//1526 1525//1525
f 1528//1528 1526//1526 1527//1527
f 1531//1531 1530//1530 1529//1529
f 1532//1532 1530//1530 1531//1531
f 1535//1535 1534//1534 1533//1533
f 1536//1536 1534//1534 1535//1535
f 1539//1539 1538//1538 1537//1537
f 1540//1540 1538//1538 1539//1539
f 1543//1543 1542//1542 1541//1541
f 1544//1544 1542//1542 1543//1543
f 1547//1547 1546//1546 1545//1545
f 1548//1548 1546//1546 1547//1547
f 1551//1551 1550//1550 1549//1549
f 1552//1552 1550//1550 1551//1551
f 1555//1555 1554//1554 1553//1553
f 1556//1556 1554//1554 1555//1555
f 1559//1559 1558//1558 1557//1557
f 1560//1560 1558//1558 1559//1559
f 1563//1563 1562//1562 1561//1561
f 1564//1564 1562//1562 1563//1563
f 1567//1567 1566//1566 1565//1565
f 1568//1568 1566//1566 1567//1567
f 1571//1571 1570//1570 1569//1569
f 1572//1572 1570//1570 1571//1571
f 1575//1575 1574//1574 1573//1573
f 1576//1576 1574//1574 1575//1575
f 1579//1579 1578//1578 1577//1577
f 1580//1580 1578//1578 1579//1579
f 1583//1583 1582//1582 1581//1581
f 1584//1584 1582//1582 1583//1583
f 1587//1587 1586//1586 1585//1585
f 1588//1588 1586//1586 1587//1587
f 1591//1591 1590//1590 1589//1589
f 1592//1592 1590//1590 1591//1591
f 1595//1595 1594//1594 1593//1593
f 1596//1596 1594//1594 1595//1595
f 1599//1599 1598//1598 1597//1597
f 1600//1600 1598//1598 1599//1599
f 1603//1603 1602//1602 1601//1601
f 1604//1604 1602//1602 1603//1603
f 1607//1607 1606//1606 1605//1605
f 1608//1608 1606//1606 1607//1607
f 1611//1611 1610//1610 1609//1609
f 1612//1612 1610//1610 1611//1611
f 1615//1615 1614//1614 1613//1613
f 1616//1616 1614//1614 1615//1615
f 1619//1619 1618//1618 1617//1617
f 1620//1620 1618//1618 1619//1619
f 1623//1623 1622//1622 1621//1621
f 1624//1624 1622//1622 1623//1623
f 1627//1627 1626//1626 1625//1625
f 1628//1628 1626//1626 1627//1627
f 1631//1631 1630//1630 1629//1629
f 1632//1632 1630//1630 1631//1631
f 1635//1635 1634//1634 1633//1633
f 1636//1636 1634//1634 1635//1635
f 1639//1639 1638//1638 1637//1637
f 1640//1640 1638//1638 1639//1639
f 1643//1643 1642//1642 1641//1641
f 1644//1644 1642//1642 1643//1643
f 1647//1647 1646//1646 1645//1645
f 1648//1648 1646//1646 1647//1647
f 1651//1651 1650//1650 1649//1649
f 1652//1652 1650//1650 1651//1651
f 1655//1655 1654//1654 1653//1653
f 1656//1656 1654//1654 1655//1655
f 1659//1659 1658//1658 1657//1657
f 1660//1660 1658//1658 1659//1659
f 1663//1663 1662//1662 1661//1661
f 1664//1664 1662//1662 1663//1663
f 1667//1667 1666//1666 1665//1665
f 1668//1668 1666//1666 1667//1667
f 1671//1671 1670//1670 1669//1669
f 1672//1672 1670//1670 1671//1671
f 1675//1675 1674//1674 1673//1673
f 1676//1676 1674//1674 1675//1675
f 1679//1679 1678//1678 1677//1677
f 1680//1680 1678//1678 1679//1679
f 1683//1683 1682//1682 1681//1681
f 1684//1684 1682//1682 1683//1683
f 1687//1687 1686//1686 1685//1685
f 1688//1688 1686//1686 1687//1687
f 1691//1691 1690//1690 1689//1689
f 1692//1692 1690//1690 1691//1691
f 1695//1695 1694//1694 1693//1693
f 1696//1696 1694//1694 1695//1695
f 1699//1699 1698//1698 1697//1697
f 1700//1700 1698//1698 1699//1699
f 1703//1703 1702//1702 1701//1701
f 1704//1704 1702//1702 1703//1703
f 1707//1707 1706//1706 1705//1705
f 1708//1708 1706//1706 1707//1707
f 1711//1711 1710//1710 1709//1709
f 1712//1712 1710//1710 1711//1711
f 1715//1715 1714//1714 1713//1713
f 1716//1716 1714//1714 1715//1715
f 1719//1719 1718//1718 1717//1717
f 1720//1720 1718//1718 1719//1719
f 1723//1723 1722//1722 1721//1721
f 1724//1724 1722//1722 1723//1723
f 1727//1727 1726//1726 1725//1725
f 1728//1728 1726//1726 1727//1727
f 1731//1731 1730//1730 1729//1729
f 1732//1732 1730//1730 1731//1731
f 1735//1735 1734//1734 1733//1733
f 1736//1736 1734//1734 1735//1735
f 1739//1739 1738//1738 1737//1737
f 1740//1740 1738//1738 1739//1739
f 1743//1743 1742//1742 1741//1741
f 1744//1744 1742//1742 1743//1743
f 1747//1747 1746//1746 1745//1745
f 1748//1748 1746//1746 1747//1747
f 1751//1751 1750//1750 1749//1749
f 1752//1752 1750//1750 1751//1751
f 1755//1755 1754//1754 1753//1753
f 1756//1756 1754//1754 1755//1755
f 1759//1759 1758//1758 1757//1757
f 1760//1760 1758//1758 1759//1759
f 1763//1763 1762//1762 1761//1761
f 1764//1764 1762//1762 1763//1763
f 1767//1767 1766//1766 1765//1765
f 1768//1768 1766//1766 1767//1767
f 1771//1771 1770//1770 1769//1769
f 1772//1772 1770//1770 1771//1771
f 1775//1775 1774//1774 1773//1773
f 1776//1776 1774//1774 1775//1775
f 1779//1779 1778//1778 1777//1777
f 1780//1780 1778//1778 1779//1779
f 1783//1783 1782//1782 1781//1781
f 1784//1784 1782//1782 1783//1783
f 1787//1787 1786//1786 1785//1785
f 1788//1788 1786//1786 1787//1787
f 1791//1791 1790//1790 1789//1789
f 1792//1792 1790//1790 1791//1791
f 1795//1795 1794//1794 1793//1793
f 1796//1796 1794//1794 1795//1795
f 1799//1799 1798//1798 1797//1797
f 1800//1800 1798//1798 1799//1799
f 1803//1803 1802//1802 1801//1801
f 1804//1804 1802//1802 1803//1803
f 1807//1807 1806//1806 1805//1805
f 1808//1808 1806//1806 1807//1807
f 1811//1811 1810//1810 1809//1809
f 1812//1812 1810//1810 1811//1811
f 1815//1815 1814//1814 1813//1813
f 1816//1816 1814//1814 1815//1815
f 1819//1819 1818//1818 1817//1817
f 1820//1820 1818//1818 1819//1819
f 1823//1823 1822//1822 1821//1821
f 1824//1824 1822//1822 1823//1823
f 1827//1827 1826//1826 1825//1825
f 1828//1828 1826//1826 1827//1827
f 1831//1831 1830//1830 1829//1829
f 1832//1832 1830//1830 1831//1831
f 1835//1835 1834//1834 1833//1833
f 1836//1836 1834//1834 1835//1835
f 1839//1839 1838//1838 1837//1837
f 1840//1840 1838//1838 1839//1839
f 1843//1843 1842//1842 1841//1841
f 1844//1844 1842//1842 1843//1843
f 1847//1847 1846//1846 1845//1845
f 1848//1848 1846//1846 1847//1847
f 1851//1851 1850//1850 1849//1849
f 1852//1852 1850//1850 1851//1851
f 1855//1855 1854//1854 1853//1853
f 1856//1856 1854//1854 1855//1855
f 1859//1859 1858//1858 1857//1857
f 1860//1860 1858//1858 1859//1859
f 1863//1863 1862//1862 1861//1861
f 1864//1864 1862//1862 1863//1863
f 1867//1867 1866//1866 1865//1865
f 1868//1868 1866//1866 1867//1867
f 1871//1871 1870//1870 1869//1869
f 1872//1872 1870//1870 1871//1871
f 1875//1875 1874//1874 1873//1873
f 1876//1876 1874//1874 1875//1875
f 1879//1879 1878//1878 1877//1877
f 1880//1880 1878//1878 1879//1879
f 1883//1883 1882//1882 1881//1881
f 1884//1884 1882//1882 1883//1883
f 1887//1887 1886//1886 1885//1885
f 1888//1888 1886//1886 1887//1887
f 1891//1891 1890//1890 1889//1889
f 1892//1892 1890//1890 1891//1891
f 1895//1895 1894//1894 1893//1893
f 1896//1896 1894//1894 1895//1895
f 1899//1899 1898//1898 1897//1897
f 1900//1900 1898//1898 1899//1899
f 1903//1903 1902//1902 1901//1901
f 1904//1904 1902//1902 1903//1903
f 1907//1907 1906//1906 1905//1905
f 1908//1908 1906//1906 1907//1907
f 1911//1911 1910//1910 1909//1909
f 1912//1912 1910//1910 1911//1911
f 1915//1915 1914//1914 1913//1913
f 1916//1916 1914//1914 1915//1915
f 1919//1919 1918//1918 1917//1917
f 1920//1920 1918//1918 1919//1919
f 1923//1923 1922//1922 1921//1921
f 1924//1924 1922//1922 1923//1923
f 1927//1927 1926//1926 1925//1925
f 1928//1928 1926//1926 1927//1927
f 1931//1931 1930//1930 1929//1929
f 1932//1932 1930//1930 1931//1931
f 1935//1935 1934//1934 1933//1933
f 1936//1936 1934//1934 1935//1935
f 1939//1939 1938//1938 1937//1937
f 1940//1940 1938//1938 1939//1939
f 1943//1943 1942//1942 1941//1941
f 1944//1944 1942//1942 1943//1943
f 1947//1947 1946//1946 1945//1945
f 1948//1948 1946//1946 1947//1947
f 1951//1951 1950//1950 1949//1949
f 1952//1952 1950//1950 1951//1951
f 1955//1955 1954//1954 1953//1953
f 1956//1956 1954//1954 1955//1955
f 1959//1959 1958//1958 1957//1957
f 1960//1960 1958//1958 1959//1959
f 1963//1963 1962//1962 1961//1961
f 1964//1964 1962//1962 1963//1963
f 1967//1967 1966//1966 1965//1965
f 1968//1968 1966//1966 1967//1967
f 1971//1971 1970//1970 1969//1969
f 1972//1972 1970//1970 1971//1971
f 1975//1975 1974//1974 1973//1973
f 1976//1976 1974//1974 1975//1975
f 1979//1979 1978//1978 1977//1977
f 1980//1980 1978//1978 1979//1979
f 1983//1983 1982//1982 1981//1981
f 1984//1984 1982//1982 1983//1983
f 1987//1987 1986//1986 1985//1985
f 1988//1988 1986//1986 1987//1987
f 1991//1991 1990//1990 1989//1989
f 1992//1992 1990//1990 1991//1991
f 1995//1995 1994//1994 1993//1993
f 1996//1996 1994//1994 1995//1995
f 1999//1999 1998//1998 1997//1997
f 2000//2000 1998//1998 1999//1999
f 2003//2003 2002//2002 2001//2001
f 2004//2004 2002//2002 2003//2003
f 2007//2007 2006//2006 2005//2005
f 2008//2008 2006//2006 2007//2007
f 2011//2011 2010//2010 2009//2009
f 2012//2012 2010//2010 2011//2011
f 2015//2015 2014//2014 2013//2013
f 2016//2016 2014//2014 2015//2015
f 2019//2019 2018//2018 2017//2017
f 2020//2020 2018//2018 2019//2019
f 2023//2023 2022//2022 2021//2021
f 2024//2024 2022//2022 2023//2023
f 2027//2027 2026//2026 2025//2025
f 2028//2028 2026//2026 2027//2027
f 2031//2031 2030//2030 2029//2029
f 2032//2032 2030//2030 2031//2031
f 2035//2035 2034//2034 2033//2033
f 2036//2036 2034//2034 2035//2035
f 2039//2039 2038//2038 2037//2037
f 2040//2040 2038//2038 2039//2039
f 2043//2043 2042//2042 2041//2041
f 2044//2044 2042//2042 2043//2043
f 2047//2047 2046//2046 2045//2045
f 2048//2048 2046//2046 2047//2047
f 2051//2051 2050//2050 2049//2049
f 2052//2052 2050//2050 2051//2051
f 2055//2055 2054//2054 2053//2053
f 2056//2056 2054//2054 2055//2055
f 2059//2059 2058//2058 2057//2057
f 2060//2060 2058//2058 2059//2059
f 2063//2063 2062//2062 2061//2061
f 2064//2064 2062//2062 2063//2063
f 2067//2067 2066//2066 2065//2065
f 2068//2068 2066//2066 2067//2067
f 2071//2071 2070//2070 2069//2069
f 2072//2072 2070//2070 2071//2071
f 2075//2075 2074//2074 2073//2073
f 2076//2076 2074//2074 2075//2075
f 2079//2079 2078//2078 2077//2077
f 2080//2080 2078//2078 2079//2079
f 2083//2083 2082//2082 2081//2081
f 2084//2084 2082//2082 2083//2083
f 2087//2087 2086//2086 2085//2085
f 2088//2088 2086//2086 2087//2087
f 2091//2091 2090//2090 2089//2089
f 2092//2092 2090//2090 2091//2091
f 2095//2095 2094//2094 2093//2093
f 2096//2096 2094//2094 2095//2095
f 2099//2099 2098//2098 2097//2097
f 2100//2100 2098//2098 2099//2099
f 2103//2103 2102//2102 2101//2101
f 2104//2104 2102//2102 2103//2103
f 2107//2107 2106//2106 2105//2105
f 2108//2108 2106//2106 2107//2107
f 2111//2111 2110//2110 2109//2109
f 2112//2112 2110//2110 2111//2111
f 2115//2115 2114//2114 2113//2113
f 2116//2116 2114//2114 2115//2115
f 2119//2119 2118//2118 2117//2117
f 2120//2120 2118//2118 2119//2119
f 2123//2123 2122//2122 2121//2121
f 2124//2124 2122//2122 2123//2123
f 2127//2127 2126//2126 2125//2125
f 2128//2128 2126//2126 2127//2127
f 2131//2131 2130//2130 2129//2129
f 2132//2132 2130//2130 2131//2131
f 2135//2135 2134//2134 2133//2133
f 2136//2136 2134//2134 2135//2135
f 2139//2139 2138//2138 2137//2137
f 2140//2140 2138//2138 2139//2139
f 2143//2143 2142//2142 2141//2141
f 2144//2144 2142//2142 2143//2143
f 2147//2147 2146//2146 2145//2145
f 2148//2148 2146//2146 2147//2147
f 2151//2151 2150//2150 2149//2149
f 2152//2152 2150//2150 2151//2151
f 2155//2155 2154//2154 2153//2153
f 2156//2156 2154//2154 2155//2155
f 2159//2159 2158//2158 2157//2157
f 2160//2160 2158//2158 2159//2159
f 2163//2163 2162//2162 2161//2161
f 2164//2164 2162//2162 2163//2163
f 2167//2167 2166//2166 2165//2165
f 2168//2168 2166//2166 2167//2167
f 2171//2171 2170//2170 2169//2169
f 2172//2172 2170//2170 2171//2171
f 2175//2175 2174//2174 2173//2173
f 2176//2176 2174//2174 2175//2175
f 2179//2179 2178//2178 2177//2177
f 2180//2180 2178//2178 2179//2179
f 2183//2183 2182//2182 2181//2181
f 2184//2184 2182//2182 2183//2183
f 2187//2187 2186//2186 2185//2185
f 2188//2188 2186//2186 2187//2187
f 2191//2191 2190//2190 2189//2189
f 2192//2192 2190//2190 2191//2191
f 2195//2195 2194//2194 2193//2193
f 2196//2196 2194//2194 2195//2195
f 2199//2199 2198//2198 2197//2197
f 2200//2200 2198//2198 2199//2199
f 2203//2203 2202//2202 2201//2201
f 2204//2204 2202//2202 2203//2203
f 2207//2207 2206//2206 2205//2205
f 2208//2208 2206//2206 2207//2207
f 2211//2211 2210//2210 2209//2209
f 2212//2212 2210//2210 2211//2211
f 2215//2215 2214//2214 2213//2213
f 2216//2216 2214//2214 2215//2215
f 2219//2219 2218//2218 2217//2217
f 2220//2220 2218//2218 2219//2219
f 2223//2223 2222//2222 2221//2221
f 2224//2224 2222//2222 2223//2223
f 2227//2227 2226//2226 2225//2225
f 2228//2228 2226//2226 2227//2227
f 2231//2231 2230//2230 2229//2229
f 2232//2232 2230//2230 2231//2231
f 2235//2235 2234//2234 2233//2233
f 2236//2236 2234//2234 2235//2235
f 2239//2239 2238//2238 2237//2237
f 2240//2240 2238//2238 2239//2239
f 2243//2243 2242//2242 2241//2241
f 2244//2244 2242//2242 2243//2243
f 2247//2247 2246//2246 2245//2245
f 2248//2248 2246//2246 2247//2247
f 2251//2251 2250//2250 2249//2249
f 2252//2252 2250//2250 2251//2251
f 2255//2255 2254//2254 2253//2253
f 2256//2256 2254//2254 2255//2255
f 2259//2259 2258//2258 2257//2257
f 2260//2260 2258//2258 2259//2259
f 2263//2263 2262//2262 2261//2261
f 2264//2264 2262//2262 2263//2263
f 2267//2267 2266//2266 2265//2265
f 2268//2268 2266//2266 2267//2267
f 2271//2271 2270//2270 2269//2269
f 2272//2272 2270//2270 2271//2271
f 2275//2275 2274//2274 2273//2273
f 2276//2276 2274//2274 2275//2275
f 2279//2279 2278//2278 2277//2277
f 2280//2280 2278//2278 2279//2279
f 2283//2283 2282//2282 2281//2281
f 2284//2284 2282//2282 2283//2283
f 2287//2287 2286//2286 2285//2285
f 2288//2288 2286//2286 2287//2287
f 2291//2291 2290//2290 2289//2289
f 2292//2292 2290//2290 2291//2291
f 2295//2295 2294//2294 2293//2293
f 2296//2296 2294//2294 2295//2295
f 2299//2299 2298//2298 2297//2297
f 2300//2300 2298//2298 2299//2299
f 2303//2303 2302//2302 2301//2301
f 2304//2304 2302//2302 2303//2303
f 2307//2307 2306//2306 2305//2305
f 2308//2308 2306//2306 2307//2307
f 2311//2311 2310//2310 2309//2309
f 2312//2312 2310//2310 2311//2311
f 2315//2315 2314//2314 2313//2313
f 2316//2316 2314//2314 2315//2315
f 2319//2319 2318//2318 2317//2317
f 2320//2320 2318//2318 2319//2319
f 2323//2323 2322//2322 2321//2321
f 2324//2324 2322//2322 2323//2323
f 2327//2327 2326//2326 2325//2325
f 2328//2328 2326//2326 2327//2327
f 2331//2331 2330//2330 2329//2329
f 2332//2332 2330//2330 2331//2331
f 2335//2335 2334//2334 2333//2333
f 2336//2336 2334//2334 2335//2335
f 2339//2339 2338//2338 2337//2337
f 2340//2340 2338//2338 2339//2339
f 2343//2343 2342//2342 2341//2341
f 2344//2344 2342//2342 2343//2343
f 2347//2347 2346//2346 2345//2345
f 2348//2348 2346//2346 2347//2347
f 2351//2351 2350//2350 2349//2349
f 2352//2352 2350//2350 2351//2351
f 2355//2355 2354//2354 2353//2353
f 2356//2356 2354//2354 2355//2355
f 2359//2359 2358//2358 2357//2357
f 2360//2360 2358//2358 2359//2359
f 2363//2363 2362//2362 2361//2361
f 2364//2364 2362//2362 2363//2363
f 2367//2367 2366//2366 2365//2365
f 2368//2368 2366//2366 2367//2367
f 2371//2371 2370//2370 2369//2369
f 2372//2372 2370//2370 2371//2371
f 2375//2375 2374//2374 2373//2373
f 2376//2376 2374//2374 2375//2375
f 2379//2379 2378//2378 2377//2377
f 2380//2380 2378//2378 2379//2379
f 2383//2383 2382//2382 2381//2381
f 2384//2384 2382//2382 2383//2383
f 2387//2387 2386//2386 2385//2385
f 2388//2388 2386//2386 2387//2387
f 2391//2391 2390//2390 2389//2389
f 2392//2392 2390//2390 2391//2391
f 2395//2395 2394//2394 2393//2393
f 2396//2396 2394//2394 2395//2395
f 2399//2399 2398//2398 2397//2397
f 2400//2400 2398//2398 2399//2399
f 2403//2403 2402//2402 2401//2401
f 2404//2404 2402//2402 2403//2403
f 2407//2407 2406//2406 2405//2405
f 2408//2408 2406//2406 2407//2407
f 2411//2411 2410//2410 2409//2409
f 2412//2412 2410//2410 2411//2411
f 2415//2415 2414//2414 2413//2413
f 2416//2416 2414//2414 2415//2415
f 2419//2419 2418//2418 2417//2417
f 2420//2420 2418//2418 2419//2419
f 2423//2423 2422//2422 2421//2421
f 2424//2424 2422//2422 2423//2423
f 2427//2427 2426//2426 2425//2425
f 2428//2428 2426//2426 2427//2427
f 2431//2431 2430//2430 2429//2429
f 2432//2432 2430//2430 2431//2431
f 2435//2435 2434//2434 2433//2433
f 2436//2436 2434//2434 2435//2435
f 2439//2439 2438//2438 2437//2437
f 2440//2440 2438//2438 2439//2439
f 2443//2443 2442//2442 2441//2441
f 2444//2444 2442//2442 2443//2443
f 2447//2447 2446//2446 2445//2445
f 2448//2448 2446//2446 2447//2447
f 2451//2451 2450//2450 2449//2449
f 2452//2452 2450//2450 2451//2451
f 2455//2455 2454//2454 2453//2453
f 2456//2456 2454//2454 2455//2455
f 2459//2459 2458//2458 2457//2457
f 2460//2460 2458//2458 2459//2459
f 2463//2463 2462//2462 2461//2461
f 2464//2464 2462//2462 2463//2463
f 2467//2467 2466//2466 2465//2465
f 2468//2468 2466//2466 2467//2467
f 2471//2471 2470//2470 2469//2469
f 2472//2472 2470//2470 2471//2471
f 2475//2475 2474//2474 2473//2473
f 2476//2476 2474//2474 2475//2475
f 2479//2479 2478//2478 2477//2477
f 2480//2480 2478//2478 2479//2479
f 2483//2483 2482//2482 2481//2481
f 2484//2484 2482//2482 2483//2483
f 2487//2487 2486//2486 2485//2485
f 2488//2488 2486//2486 2487//2487
f 2491//2491 2490//2490 2489//2489
f 2492//2492 2490//2490 2491//2491
f 2495//2495 2494//2494 2493//2493
f 2496//2496 2494//2494 2495//2495
f 2499//2499 2498//2498 2497//2497
f 2500//2500 2498//2498 2499//2499
f 2503//2503 2502//2502 2501//2501
f 2504//2504 2502//2502 2503//2503
f 2507//2507 2506//2506 2505//2505
f 2508//2508 2506//2506 2507//2507
f 2511//2511 2510//2510 2509//2509
f 2512//2512 2510//2510 2511//2511
f 2515//2515 2514//2514 2513//2513
f 2516//2516 2514//2514 2515//2515
f 2519//2519 2518//2518 2517//2517
f 2520//2520 2518//2518 2519//2519
f 2523//2523 2522//2522 2521//2521
f 2524//2524 2522//2522 2523//2523
f 2527//2527 2526//2526 2525//2525
f 2528//2528 2526//2526 2527//2527
f 2531//2531 2530//2530 2529//2529
f 2532//2532 2530//2530 2531//2531
f 2535//2535 2534//2534 2533//2533
f 2536//2536 2534//2534 2535//2535
f 2539//2539 2538//2538 2537//2537
f 2540//2540 2538//2538 2539//2539
f 2543//2543 2542//2542 2541//2541
f 2544//2544 2542//2542 2543//2543
f 2547//2547 2546//2546 2545//2545
f 2548//2548 2546//2546 2547//2547
f 2551//2551 2550//2550 2549//2549
f 2552//2552 2550//2550 2551//2551
f 2555//2555 2554//2554 2553//2553
f 2556//2556 2554//2554 2555//2555
f 2559//2559 2558//2558 2557//2557
f 2560//2560 2558//2558 2559//2559
f 2563//2563 2562//2562 2561//2561
f 2564//2564 2562//2562 2563//2563
f 2567//2567 2566//2566 2565//2565
f 2568//2568 2566//2566 2567//2567
f 2571//2571 2570//2570 2569//2569
f 2572//2572 2570//2570 2571//2571
f 2575//2575 2574//2574 2573//2573
f 2576//2576 2574//2574 2575//2575
f 2579//2579 2578//2578 2577//2577
f 2580//2580 2578//2578 2579//2579
f 2583//2583 2582//2582 2581//2581
f 2584//2584 2582//2582 2583//2583
f 2587//2587 2586//2586 2585//2585
f 2588//2588 2586//2586 2587//2587
f 2591//2591 2590//2590 2589//2589
f 2592//2592 2590//2590 2591//2591
f 2595//2595 2594//2594 2593//2593
f 2596//2596 2594//2594 2595//2595
f 2599//2599 2598//2598 2597//2597
f 2600//2600 2598//2598 2599//2599
f 2603//2603 2602//2602 2601//2601
f 2604//2604 2602//2602 2603//2603
f 2607//2607 2606//2606 2605//2605
f 2608//2608 2606//2606 2607//2607
f 2611//2611 2610//2610 2609//2609
f 2612//2612 2610//2610 2611//2611
f 2615//2615 2614//2614 2613//2613
f 2616//2616 2614//2614 2615//2615
f 2619//2619 2618//2618 2617//2617
f 2620//2620 2618//2618 2619//2619
f 2623//2623 2622//2622 2621//2621
f 2624//2624 2622//2622 2623//2623
f 2627//2627 2626//2626 2625//2625
f 2628//2628 2626//2626 2627//2627
f 2631//2631 2630//2630 2629//2629
f 2632//2632 2630//2630 2631//2631
f 2635//2635 2634//2634 2633//2633
f 2636//2636 2634//2634 2635//2635
f 2639//2639 2638//2638 2637//2637
f 2640//2640 2638//2638 2639//2639
f 2643//2643 2642//2642 2641//2641
f 2644//2644 2642//2642 2643//2643
f 2647//2647 2646//2646 2645//2645
f 2648//2648 2646//2646 2647//2647
f 2651//2651 2650//2650 2649//2649
f 2652//2652 2650//2650 2651//2651
f 2655//2655 2654//2654 2653//2653
f 2656//2656 2654//2654 2655//2655
f 2659//2659 2658//2658 2657//2657
f 2660//2660 2658//2658 2659//2659
f 2663//2663 2662//2662 2661//2661
f 2664//2664 2662//2662 2663//2663
f 2667//2667 2666//2666 2665//2665
f 2668//2668 2666//2666 2667//2667
f 2671//2671 2670//2670 2669//2669
f 2672//2672 2670//2670 2671//2671
f 2675//2675 2674//2674 2673//2673
f 2676//2676 2674//2674 2675//2675
f 2679//2679 2678//2678 2677//2677
f 2680//2680 2678//2678 2679//2679
f 2683//2683 2682//2682 2681//2681
f 2684//2684 2682//2682 2683//2683
f 2687//2687 2686//2686 2685//2685
f 2688//2688 2686//2686 2687//2687
f 2691//2691 2690//2690 2689//2689
f 2692//2692 2690//2690 2691//2691
f 2695//2695 2694//2694 2693//2693
f 2696//2696 2694//2694 2695//2695
f 2699//2699 2698//2698 2697//2697
f 2700//2700 2698//2698 2699//2699
f 2703//2703 2702//2702 2701//2701
f 2704//2704 2702//2702 2703//2703
f 2707//2707 2706//2706 2705//2705
f 2708//2708 2706//2706 2707//2707
f 2711//2711 2710//2710 2709//2709
f 2712//2712 2710//2710 2711//2711
f 2715//2715 2714//2714 2713//2713
f 2716//2716 2714//2714 2715//2715
f 2719//2719 2718//2718 2717//2717
f 2722//2722 2721//2721 2720//2720
f 2725//2725 2724//2724 2723//2723
f 2728//2728 2727//2727 2726//2726
f 2731//2731 2730//2730 2729//2729
f 2734//2734 2733//2733 2732//2732
f 2737//2737 2736//2736 2735//2735
f 2738//2738 2736//2736 2737//2737
f 2739//2739 2736//2736 2738//2738
f 2742//2742 2741//2741 2740//2740
f 2743//2743 2741//2741 2742//2742
f 2744//2744 2741//2741 2743//2743
f 2747//2747 2746//2746 2745//2745
f 2748//2748 2746//2746 2747//2747
f 2749//2749 2746//2746 2748//2748
f 2752//2752 2751//2751 2750//2750
f 2755//2755 2754//2754 2753//2753
f 2756//2756 2754//2754 2755//2755
f 2757//2757 2754//2754 2756//2756
f 2760//2760 2759//2759 2758//2758
f 2763//2763 2762//2762 2761//2761
f 2766//2766 2765//2765 2764//2764
f 2767//2767 2765//2765 2766//2766
f 2768//2768 2765//2765 2767//2767
f 2771//2771 2770//2770 2769//2769
f 2774//2774 2773//2773 2772//2772
f 2777//2777 2776//2776 2775//2775
f 2780//2780 2779//2779 2778//2778
f 2783//2783 2782//2782 2781//2781
f 2786//2786 2785//2785 2784//2784
f 2789//2789 2788//2788 2787//2787
f 2792//2792 2791//2791 2790//2790
f 2793//2793 2791//2791 2792//2792
f 2794//2794 2791//2791 2793//2793
f 2797//2797 2796//2796 2795//2795
f 2800//2800 2799//2799 2798//2798
f 2803//2803 2802//2802 2801//2801
f 2804//2804 2802//2802 2803//2803
f 2805//2805 2802//2802 2804//2804
f 2808//2808 2807//2807 2806//2806
f 2809//2809 2807//2807 2808//2808
f 2810//2810 2807//2807 2809//2809
f 2813//2813 2812//2812 2811//2811
f 2814//2814 2812//2812 2813//2813
f 2815//2815 2812//2812 2814//2814
f 2818//2818 2817//2817 2816//2816
f 2821//2821 2820//2820 2819//2819
f 2824//2824 2823//2823 2822//2822
f 2827//2827 2826//2826 2825//2825
f 2828//2828 2826//2826 2827//2827
f 2829//2829 2826//2826 2828//2828
f 2832//2832 2831//2831 2830//2830
f 2833//2833 2831//2831 2832//2832
f 2834//2834 2831//2831 2833//2833
f 2837//2837 2836//2836 2835//2835
f 2840//2840 2839//2839 2838//2838
