# Exported from Godot Engine
o MS_Rock_C_LOD1
v 1.128916 0.156269 -0.898169
vt 0.548012 0.271199
vn 0.009200 0.400098 -0.916426
v 1.243162 0.118034 -0.879574
vt 0.537346 0.255589
vn 0.251029 -0.084205 -0.964310
v 1.174680 0.198951 -0.824484
vt 0.534920 0.276097
vn -0.033047 0.765472 -0.642620
v 1.016705 0.196269 -0.767830
vt 0.548196 0.299931
vn -0.216630 0.794926 -0.566713
v 1.035549 0.132654 -0.892144
vt 0.559579 0.278172
vn -0.155968 0.336232 -0.928774
v 1.352813 0.259884 -0.780922
vt 0.508247 0.266606
vn 0.049951 0.748455 -0.661302
v 1.055903 0.284708 -0.689917
vt 0.530480 0.307744
vn -0.239337 0.805041 -0.542795
v 0.897928 0.250333 -0.643169
vt 0.545663 0.328115
vn -0.063639 0.845868 -0.529583
v 0.990901 0.364120 -0.481607
vt 0.507820 0.339620
vn -0.030650 0.895242 -0.444525
v 0.915459 0.096252 -0.879400
vt 0.584482 0.289052
vn -0.014371 0.354147 -0.935079
v 0.829971 0.158820 -0.799459
vt 0.581964 0.319966
vn 0.035118 0.747222 -0.663647
v 0.890508 0.335306 -0.515900
vt 0.526146 0.350561
vn 0.114334 0.820907 -0.559499
v 1.228849 0.346622 -0.635174
vt 0.503014 0.294804
vn 0.024476 0.965094 -0.260756
v 0.854593 0.391202 -0.434569
vt 0.515160 0.364172
vn 0.189515 0.887164 -0.420742
v 1.368111 0.325657 -0.636623
vt 0.490562 0.280613
vn -0.017924 0.933703 -0.357599
v 1.066606 0.366475 -0.454091
vt 0.498772 0.332525
vn 0.030102 0.916223 -0.399537
v 1.171463 0.340866 -0.506516
vt 0.495018 0.313375
vn 0.094665 0.975699 -0.197612
v 1.489252 0.418708 -0.446502
vt 0.457984 0.283925
vn -0.079011 0.850715 -0.519655
v 1.153604 0.493116 -0.289227
vt 0.464347 0.341390
vn -0.008217 0.862086 -0.506696
v 0.928590 0.411807 -0.410586
vt 0.502510 0.359915
vn -0.039942 0.834503 -0.549554
v 1.396279 0.516436 -0.276598
vt 0.442649 0.311421
vn 0.011717 0.900405 -0.434895
v 0.842643 0.446771 -0.325142
vt 0.499123 0.375799
vn 0.050132 0.792515 -0.607789
v 1.050125 0.525856 -0.264028
vt 0.467521 0.357473
vn 0.103929 0.900301 -0.422677
v 1.116769 0.521767 -0.191328
vt 0.452995 0.353323
vn -0.026719 0.898570 -0.438016
v 0.951768 0.554278 -0.215078
vt 0.467857 0.376593
vn 0.142047 0.833725 -0.533596
v 1.185974 0.563109 -0.159525
vt 0.441230 0.347143
vn -0.066211 0.892720 -0.445721
v 0.991492 0.590550 -0.107100
vt 0.447013 0.380011
vn 0.176027 0.933829 -0.311414
v 0.730498 0.584532 -0.236628
vt 0.490257 0.407584
vn 0.293371 0.660152 -0.691472
v 0.738245 0.448635 -0.353179
vt 0.511070 0.388128
vn 0.411056 0.808094 -0.421921
v 0.775014 0.428978 -0.452700
vt 0.525170 0.377737
vn 0.384052 0.863186 -0.327741
v 0.642777 0.497106 -0.423273
vt 0.527184 0.398810
vn 0.268964 0.801275 -0.534432
v 0.644550 0.330334 -0.639635
vt 0.569329 0.376944
vn 0.269682 0.816106 -0.511119
v 0.657682 0.576290 -0.300638
vt 0.508309 0.407904
vn 0.342736 0.765047 -0.545192
v 0.540283 0.379624 -0.564907
vt 0.561517 0.399466
vn 0.230499 0.876188 -0.423279
v 0.527283 0.612856 -0.281986
vt 0.513420 0.434806
vn 0.147181 0.794232 -0.589520
v 0.462675 0.488701 -0.448356
vt 0.546532 0.425574
vn 0.200756 0.815754 -0.542442
v 0.411658 0.423778 -0.630309
vt 0.578729 0.417823
vn 0.318822 0.866210 -0.384750
v 0.328993 0.634344 -0.287778
vt 0.526589 0.460410
vn 0.276410 0.685975 -0.673080
v 0.593927 0.643502 -0.211545
vt 0.495872 0.431098
vn 0.127202 0.720631 -0.681551
v 0.347378 0.710911 -0.217627
vt 0.513344 0.468177
vn 0.200987 0.675029 -0.709888
v 0.171215 0.603632 -0.414004
vt 0.555611 0.474342
vn 0.188041 0.821437 -0.538407
v 0.697143 0.718564 -0.164275
vt 0.475380 0.427420
vn 0.251993 0.687171 -0.681392
v 0.509095 0.799939 -0.081090
vt 0.481315 0.461784
vn 0.138989 0.842819 -0.519941
v 0.862537 0.642554 -0.106231
vt 0.459617 0.406104
vn 0.420549 0.853356 -0.308094
v 0.706466 0.769162 -0.060989
vt 0.460883 0.435462
vn 0.456963 0.880064 -0.129120
v 0.826031 0.662014 0.028452
vt 0.435981 0.418433
vn 0.562350 0.787669 0.251675
v 0.569961 0.823782 -0.026232
vt 0.465248 0.456672
vn 0.165330 0.980707 -0.104304
v 0.640282 0.769718 0.078676
vt 0.446510 0.452995
vn 0.470026 0.810072 0.350513
v 0.933646 0.609814 -0.000628
vt 0.433875 0.397299
vn 0.293043 0.935005 0.199726
v 1.102587 0.609847 -0.042974
vt 0.429053 0.367681
vn 0.192136 0.969489 0.152231
v 0.798914 0.595750 0.166437
vt 0.412345 0.428489
vn 0.441722 0.719011 0.536567
v 0.758337 0.707836 0.068596
vt 0.437507 0.433722
vn 0.522813 0.828091 0.202315
v 0.972451 0.565235 0.101731
vt 0.414481 0.397559
vn 0.338157 0.784206 0.520260
v 0.992411 0.441374 0.217588
vt 0.383810 0.396750
vn 0.383571 0.751920 0.536180
v 0.774095 0.545807 0.247421
vt 0.394476 0.437858
vn 0.409624 0.737081 0.537512
v 1.398052 0.557287 -0.176614
vt 0.430014 0.319005
vn 0.247386 0.967765 0.047229
v 1.250319 0.461652 0.055331
vt 0.397726 0.347387
vn 0.381961 0.727085 0.570484
v 1.501793 0.507049 -0.249256
vt 0.431846 0.300221
vn 0.262846 0.961035 -0.085585
v 1.493454 0.502110 -0.150430
vt 0.418540 0.304845
vn 0.378888 0.829369 0.410598
v 1.604221 0.465708 -0.405257
vt 0.444480 0.281086
vn 0.049885 0.925183 -0.376229
v 1.658587 0.457989 -0.221103
vt 0.419821 0.282628
vn 0.369395 0.886630 0.278270
v 1.619782 0.358070 -0.539419
vt 0.458915 0.264851
vn 0.001887 0.867533 -0.497376
v 1.407769 0.333212 0.074795
vt 0.379934 0.323766
vn 0.456219 0.741237 0.492375
v 1.730877 0.447065 -0.428197
vt 0.437705 0.265034
vn 0.040631 0.948422 -0.314396
v 1.378223 0.294651 0.182368
vt 0.362814 0.328450
vn 0.424431 0.779592 0.460537
v 1.512561 0.327947 -0.009085
vt 0.387778 0.304677
vn 0.460201 0.645154 0.609910
v 1.587872 0.453835 -0.133052
vt 0.411963 0.295033
vn 0.388153 0.697868 0.601928
v 1.758060 0.350449 -0.179337
vt 0.406378 0.269062
vn 0.373885 0.638706 0.672506
v 1.688856 0.282909 -0.085145
vt 0.390921 0.277638
vn 0.391660 0.639082 0.661949
v 1.822603 0.442126 -0.299132
vt 0.421195 0.261067
vn 0.334104 0.893725 0.299383
v 1.806319 0.183415 -0.030287
vt 0.380285 0.255024
vn 0.402889 0.695288 0.595194
v 1.651758 0.206179 0.043282
vt 0.370886 0.282597
vn 0.410950 0.782273 0.468156
v 1.543027 0.215926 0.130290
vt 0.358740 0.300938
vn 0.402555 0.859411 0.315217
v 1.890560 0.265051 -0.151415
vt 0.397818 0.251835
vn 0.415188 0.641318 0.645237
v 1.890691 0.415503 -0.482649
vt 0.435050 0.246662
vn 0.452372 0.791709 -0.410556
v 2.022797 0.335829 -0.352774
vt 0.419165 0.238712
vn 0.627123 0.769472 0.120950
v 1.821880 0.435094 -0.482823
vt 0.437766 0.253346
vn 0.121673 0.903209 -0.411594
v 1.754514 0.366475 -0.531077
vt 0.448234 0.253529
vn -0.030866 0.809361 -0.586500
v 1.643354 0.326442 -0.615363
vt 0.464714 0.254276
vn 0.069987 0.838243 -0.540787
v 1.862983 0.331217 -0.584140
vt 0.445487 0.241398
vn 0.424638 0.519044 -0.741806
v 1.923915 0.294586 -0.529108
vt 0.438636 0.235889
vn 0.699076 0.326491 -0.636157
v 1.693255 0.229924 -0.701213
vt 0.470451 0.240284
vn 0.368165 0.430495 -0.824093
v 1.914656 0.123824 -0.581417
vt 0.446326 0.219532
vn 0.562249 -0.110053 -0.819612
v 2.051621 0.305346 -0.387879
vt 0.421057 0.234165
vn 0.750284 0.574686 -0.326818
v 1.447230 0.188354 -0.823094
vt 0.504692 0.249500
vn 0.251171 0.207497 -0.945441
v 2.004412 0.240620 -0.480158
vt 0.430137 0.227832
vn 0.703946 0.272218 -0.656016
v 2.117477 0.201306 -0.314078
vt 0.412085 0.224353
vn 0.899280 0.424763 -0.104263
v 1.633439 0.160521 -0.751205
vt 0.482994 0.235431
vn 0.431830 -0.088623 -0.897591
v 2.061733 0.091869 -0.466198
vt 0.428244 0.213046
vn 0.757963 -0.055336 -0.649946
v 1.673491 0.109629 -0.700807
vt 0.478965 0.225040
vn 0.347048 -0.539397 -0.767209
v 1.511117 0.097920 -0.775824
vt 0.504173 0.234089
vn 0.254337 -0.530398 -0.808697
v 1.807173 -0.010438 -0.583271
vt 0.460670 0.204044
vn 0.260531 -0.510113 -0.819700
v 1.604156 -0.003700 -0.611598
vt 0.487587 0.206531
vn 0.210296 -0.642223 -0.737106
v 1.384789 0.108091 -0.800560
vt 0.517601 0.242222
vn 0.265529 -0.593317 -0.759914
v 1.432391 -0.107087 -0.581011
vt 0.522271 0.193713
vn 0.286218 -0.661449 -0.693228
v 1.181443 -0.010340 -0.786483
vt 0.555520 0.235660
vn 0.426852 -0.651573 -0.627096
v 1.247430 -0.012073 -0.733015
vt 0.545480 0.226154
vn 0.360455 -0.680481 -0.637980
v 1.154851 -0.172173 -0.637028
vt 0.572457 0.201556
vn 0.447914 -0.500192 -0.741067
v 1.423659 -0.204520 -0.489601
vt 0.521263 0.166735
vn 0.153441 -0.552059 -0.819565
v 1.089521 -0.027184 -0.827033
vt 0.572610 0.247440
vn 0.255110 -0.487343 -0.835114
v 1.178620 -0.230228 -0.598448
vt 0.571374 0.184329
vn 0.459623 -0.455855 -0.762196
v 1.026488 -0.174561 -0.749930
vt 0.598611 0.222766
vn 0.413483 -0.496001 -0.763554
v 1.036600 -0.288315 -0.669062
vt 0.605554 0.192233
vn 0.521651 -0.451829 -0.723693
v 0.867462 -0.168804 -0.797953
vt 0.625757 0.245838
vn 0.213514 -0.451790 -0.866197
v 0.982037 -0.044944 -0.836707
vt 0.596323 0.258946
vn 0.179274 -0.355038 -0.917502
v 1.122153 -0.388889 -0.559346
vt 0.594354 0.157351
vn 0.540033 -0.642184 -0.544026
v 0.906266 -0.343164 -0.726643
vt 0.639704 0.199451
vn 0.257853 -0.518760 -0.815107
v 1.056100 -0.433304 -0.550483
vt 0.614664 0.150607
vn 0.474989 -0.638617 -0.605437
v 1.183479 -0.363377 -0.500433
vt 0.575555 0.149722
vn 0.569857 -0.604009 -0.557169
v 1.329898 -0.316999 -0.425879
vt 0.543923 0.143709
vn 0.205346 -0.594292 -0.777592
v 1.215848 -0.443411 -0.344432
vt 0.567437 0.112688
vn 0.321155 -0.638005 -0.699864
v 1.275729 -0.390786 -0.388342
vt 0.552956 0.128222
vn 0.187666 -0.652493 -0.734190
v 1.112633 -0.552096 -0.342405
vt 0.596521 0.096712
vn 0.512916 -0.573805 -0.638486
v 1.264567 -0.541302 -0.271790
vt 0.557336 0.083253
vn 0.087655 -0.346608 -0.933906
v 0.997138 -0.521318 -0.503967
vt 0.632547 0.130449
vn 0.475856 -0.615400 -0.628366
v 1.000684 -0.688287 -0.299132
vt 0.632731 0.060273
vn 0.230318 -0.700167 -0.675811
v 0.975734 -0.611884 -0.433294
vt 0.641093 0.099840
vn 0.381769 -0.781911 -0.492816
v 0.924979 -0.595890 -0.488848
vt 0.651926 0.119356
vn 0.325812 -0.699170 -0.636402
v 0.857679 -0.633437 -0.354164
vt 0.673075 0.081849
vn 0.074133 -0.987610 -0.138312
v 0.705153 -0.658327 -0.487515
vt 0.710201 0.119921
vn 0.126695 -0.891096 -0.435770
v 0.705875 -0.654304 -0.337017
vt 0.716213 0.081956
vn 0.202335 -0.978999 0.024936
v 0.806859 -0.490672 -0.616869
vt 0.670787 0.165301
vn 0.176733 -0.644425 -0.743964
v 0.557552 -0.700257 -0.411339
vt 0.755138 0.109819
vn 0.125212 -0.874733 -0.468149
v 0.552824 -0.609594 -0.526849
vt 0.743511 0.148211
vn 0.138260 -0.666824 -0.732277
v 0.480074 -0.704248 -0.428139
vt 0.775265 0.119219
vn 0.268530 -0.743205 -0.612812
v 0.701017 -0.594157 -0.547065
vt 0.704890 0.143297
vn 0.015346 -0.620586 -0.783988
v 0.725901 -0.440598 -0.665413
vt 0.684962 0.186755
vn -0.106800 -0.569304 -0.815161
v 0.585194 -0.436084 -0.614089
vt 0.718441 0.190845
vn 0.133045 -0.637363 -0.758991
v 0.680531 -0.343884 -0.715695
vt 0.687694 0.214908
vn 0.055246 -0.603284 -0.795611
v 0.808566 -0.254333 -0.777562
vt 0.650278 0.228672
vn 0.037288 -0.424097 -0.904849
v 0.754135 -0.173318 -0.813767
vt 0.656153 0.251072
vn 0.265062 -0.612698 -0.744542
v 0.562345 -0.351963 -0.754043
vt 0.714260 0.230488
vn 0.376789 -0.743755 -0.552140
v 0.520520 -0.520730 -0.596420
vt 0.743175 0.179477
vn 0.458277 -0.495160 -0.738105
v 0.435360 -0.433402 -0.733421
vt 0.747662 0.224552
vn 0.573428 -0.685409 -0.448771
v 0.403713 -0.570313 -0.638013
vt 0.775509 0.188190
vn 0.459519 -0.654659 -0.600219
v 0.347509 -0.641680 -0.574639
vt 0.795285 0.171313
vn 0.470594 -0.662835 -0.582401
v 0.353024 -0.724591 -0.506284
vt 0.808682 0.144503
vn 0.541602 -0.512732 -0.666163
v 0.240353 -0.744739 -0.595783
vt 0.838132 0.172000
vn 0.681164 -0.500062 -0.534746
v 0.237333 -0.645931 -0.691191
vt 0.820172 0.202960
vn 0.702070 -0.579144 -0.414356
v 0.318553 -0.549839 -0.749409
vt 0.791211 0.221942
vn 0.615109 -0.672297 -0.411894
v 0.178568 -0.662645 -0.804962
vt 0.837476 0.236942
vn 0.668132 -0.637986 -0.382848
v 0.168194 -0.764101 -0.692581
vt 0.858045 0.199298
vn 0.669428 -0.581020 -0.462905
v 0.058018 -0.811984 -0.762848
vt 0.889998 0.222171
vn 0.590011 -0.655818 -0.470945
v 0.284410 -0.516445 -0.865324
vt 0.793225 0.254185
vn 0.633718 -0.711942 -0.302555
v 0.059463 -0.651720 -0.996010
vt 0.858763 0.289372
vn 0.529778 -0.736319 -0.420915
v -0.059708 -0.851134 -0.843253
vt 0.920684 0.251118
vn 0.494430 -0.699450 -0.516052
v 0.183558 -0.574827 -0.990507
vt 0.819684 0.283238
vn 0.586780 -0.683735 -0.433814
v 0.373116 -0.423819 -0.926786
vt 0.766461 0.266697
vn 0.599430 -0.724468 -0.340337
v -0.095886 -0.760045 -0.988885
vt 0.905791 0.298039
vn 0.467813 -0.761008 -0.449463
v -0.171656 -0.857610 -0.922962
vt 0.942550 0.283436
vn 0.404498 -0.706550 -0.580661
v -0.222870 -0.805639 -1.012809
vt 0.939773 0.315862
vn 0.375229 -0.843354 -0.384652
v -0.281307 -0.809956 -1.079890
vt 0.948272 0.339040
vn 0.326201 -0.937085 -0.124358
v -0.156817 -0.758508 -1.136023
vt 0.909102 0.339529
vn 0.543439 -0.748871 -0.379297
v -0.114927 -0.696038 -1.152706
vt 0.889097 0.341421
vn 0.546671 -0.607538 -0.576236
v -0.283933 -0.800340 -1.207158
vt 0.931563 0.368307
vn 0.391179 -0.769256 -0.505197
v -0.349527 -0.816628 -1.200902
vt 0.948196 0.377493
vn 0.241035 -0.970516 0.000357
v -0.437575 -0.839883 -1.232415
vt 0.964965 0.398016
vn 0.291494 -0.772995 -0.563480
v -0.518664 -0.817609 -1.299612
vt 0.965911 0.429664
vn 0.222839 -0.483675 -0.846405
v -0.301793 -0.520272 -1.347866
vt 0.874662 0.414313
vn 0.502314 -0.492583 -0.710663
v 0.081656 -0.582546 -1.092924
vt 0.837674 0.315724
vn 0.623109 -0.588002 -0.515741
v -0.234689 -0.594222 -1.292545
vt 0.882475 0.391257
vn 0.336333 -0.453516 -0.825350
v 0.035169 -0.556053 -1.181149
vt 0.840146 0.338659
vn 0.598775 -0.434494 -0.672818
v 0.103192 -0.478407 -1.132836
vt 0.817441 0.329915
vn 0.543928 -0.454874 -0.705147
v -0.112169 -0.528612 -1.275746
vt 0.856321 0.376364
vn 0.427313 -0.422884 -0.799108
v -0.025106 -0.386272 -1.270011
vt 0.820356 0.375097
vn 0.489824 -0.418858 -0.764611
v -0.213612 -0.325470 -1.421783
vt 0.828656 0.425315
vn 0.502893 -0.419044 -0.755976
v 0.131951 -0.283442 -1.248577
vt 0.782650 0.361883
vn 0.550676 -0.301411 -0.778401
v 0.196428 -0.405929 -1.151316
vt 0.790677 0.329396
vn 0.437843 -0.498908 -0.747920
v 0.318553 -0.370671 -1.084756
vt 0.766445 0.309499
vn 0.539613 -0.518012 -0.663688
v 0.033200 -0.266303 -1.331994
vt 0.793088 0.387259
vn 0.511894 -0.429979 -0.743695
v 0.300497 -0.312060 -1.110940
vt 0.763043 0.332830
vn 0.356363 -0.316094 -0.879255
v 0.208180 -0.203081 -1.196963
vt 0.758190 0.357488
vn 0.520350 -0.321320 -0.791195
v 0.483817 -0.355495 -0.903151
vt 0.733318 0.265431
vn 0.669112 -0.664855 -0.332050
v 0.483029 -0.236409 -1.038819
vt 0.720623 0.299687
vn 0.563522 -0.672243 -0.480138
v 0.552562 -0.296753 -0.844759
vt 0.714260 0.255314
vn 0.607495 -0.669550 -0.427380
v 0.643302 -0.168347 -0.900023
vt 0.677852 0.275395
vn 0.524960 -0.736058 -0.427359
v 0.730366 -0.095410 -0.942136
vt 0.653239 0.289403
vn 0.698515 -0.460915 -0.547388
v 0.643762 -0.146204 -1.021093
vt 0.679683 0.301762
vn 0.672231 -0.652687 -0.349434
v 0.393142 -0.221397 -1.133821
vt 0.731945 0.325124
vn 0.368427 -0.441074 -0.818361
v 0.526495 -0.193694 -1.068073
vt 0.705531 0.309972
vn 0.420449 -0.675032 -0.606263
v 0.358277 -0.073039 -1.202350
vt 0.721721 0.362081
vn 0.358048 -0.340895 -0.869248
v 0.472261 -0.117782 -1.134690
vt 0.707332 0.333333
vn 0.353019 -0.412474 -0.839787
v 0.628529 -0.141232 -1.070448
vt 0.684794 0.313497
vn 0.673823 -0.494865 -0.548699
v 0.638181 -0.012793 -1.072881
vt 0.665736 0.325780
vn 0.694574 0.276994 -0.663959
v 0.546390 -0.009882 -1.165682
vt 0.683589 0.342474
vn 0.489234 0.201862 -0.848470
v 0.707648 -0.076244 -0.997690
vt 0.659144 0.303334
vn 0.785326 -0.187172 -0.590110
v 0.763590 0.060307 -0.886641
vt 0.615991 0.310231
vn 0.231508 0.575452 -0.784384
v 0.558799 0.066914 -1.054112
vt 0.659648 0.348180
vn 0.292792 0.793041 -0.534189
v 0.519469 0.107699 -0.998385
vt 0.648798 0.359487
vn 0.392183 0.709743 -0.585199
v 0.443962 -0.019367 -1.198643
vt 0.698375 0.356023
vn 0.335579 -0.063772 -0.939851
v 0.394192 0.065834 -1.174255
vt 0.687526 0.372106
vn 0.567459 0.620854 -0.540860
v 0.314286 0.087126 -1.248056
vt 0.703700 0.390784
vn 0.633385 0.443164 -0.634373
v 0.366747 0.201012 -0.990333
vt 0.646464 0.392935
vn 0.323015 0.743051 -0.586120
v 0.345999 0.113521 -1.186884
vt 0.690410 0.387579
vn 0.523205 0.709997 -0.471338
v 0.210938 0.157610 -1.194878
vt 0.690166 0.417319
vn 0.342571 0.859168 -0.380100
v 0.251778 -0.021918 -1.293298
vt 0.729900 0.385412
vn 0.606796 -0.359531 -0.708897
v 0.284476 0.097887 -1.292255
vt 0.711604 0.398810
vn 0.745957 0.472535 -0.469317
v 0.063665 -0.010765 -1.447213
vt 0.751644 0.419409
vn 0.398343 -0.405082 -0.822941
v 0.246263 0.071166 -1.355397
vt 0.722774 0.403052
vn 0.724831 0.029839 -0.688280
v 0.188745 0.101845 -1.385925
vt 0.724132 0.412818
vn 0.442151 0.647518 -0.620664
v 0.066095 -0.120202 -1.367330
vt 0.766186 0.400824
vn 0.524249 -0.424166 -0.738409
v 0.084545 0.068909 -1.468241
vt 0.741299 0.425620
vn 0.385582 0.233943 -0.892523
v -0.044803 -0.118403 -1.431399
vt 0.777050 0.420127
vn 0.434378 -0.298016 -0.850002
v -0.015651 0.013863 -1.475309
vt 0.756527 0.433463
vn 0.205233 -0.287524 -0.935526
v -0.008231 0.150022 -1.389980
vt 0.729213 0.444602
vn 0.318739 0.833210 -0.451848
v -0.127008 -0.189573 -1.465808
vt 0.797116 0.429175
vn 0.325122 -0.308545 -0.893921
v -0.015520 0.079931 -1.489848
vt 0.747860 0.439338
vn 0.181494 0.351802 -0.918311
v -0.137185 0.023152 -1.504099
vt 0.765560 0.451179
vn 0.059581 0.001339 -0.998223
v -0.191551 -0.167104 -1.479190
vt 0.800305 0.441505
vn 0.300344 -0.233703 -0.924757
v -0.300217 -0.175738 -1.544938
vt 0.810895 0.460807
vn 0.347357 -0.099583 -0.932430
v -0.243356 -0.064993 -1.511688
vt 0.789075 0.460075
vn 0.127307 0.165206 -0.978008
v -0.081573 0.119735 -1.463202
vt 0.745434 0.452140
vn 0.288333 0.569180 -0.769999
v -0.149332 0.127977 -1.498943
vt 0.753307 0.463050
vn 0.338952 0.267298 -0.902033
v -0.199036 0.248698 -1.410545
vt 0.732341 0.479286
vn 0.459520 0.800687 -0.384370
v -0.201794 0.021157 -1.484229
vt 0.771756 0.460868
vn -0.031612 0.120124 -0.992256
v -0.250644 0.003070 -1.499001
vt 0.778500 0.466667
vn 0.036900 0.001172 -0.999318
v -0.311444 0.177855 -1.528487
vt 0.761517 0.489647
vn 0.207769 -0.049828 -0.976908
v -0.305929 -0.045958 -1.481449
vt 0.788937 0.472160
vn -0.100224 0.372172 -0.922737
v -0.352350 -0.089556 -1.551948
vt 0.802426 0.473991
vn 0.096861 0.488062 -0.867417
v -0.417483 -0.050667 -1.486547
vt 0.795926 0.485679
vn 0.114189 0.506062 -0.854905
v -0.317354 0.270906 -1.515163
vt 0.748425 0.497047
vn 0.387365 0.630946 -0.672201
v -0.459243 -0.114707 -1.566488
vt 0.810834 0.489998
vn 0.202802 0.172335 -0.963936
v -0.464167 -0.018222 -1.486373
vt 0.794156 0.492775
vn 0.440663 0.114507 -0.890339
v -0.477233 0.222860 -1.585662
vt 0.765225 0.512886
vn 0.393107 0.026603 -0.919108
v -0.558125 0.016414 -1.576162
vt 0.797986 0.510613
vn 0.430634 -0.085681 -0.898450
v -0.707236 -0.040234 -1.604547
vt 0.814588 0.529625
vn 0.244727 -0.226144 -0.942851
v -0.663705 0.198984 -1.669542
vt 0.779202 0.536675
vn 0.392891 -0.064438 -0.917325
v -0.474607 0.329190 -1.543838
vt 0.752041 0.520409
vn 0.389083 0.778020 -0.493254
v -0.690690 0.378675 -1.644807
vt 0.762585 0.548028
vn 0.407512 0.710484 -0.573713
v -0.866000 0.346197 -1.754928
vt 0.774624 0.565316
vn 0.088675 0.277934 -0.956499
v -0.843347 0.425348 -1.592613
vt 0.755383 0.565789
vn 0.044328 0.984808 -0.167894
v -0.827195 0.390417 -1.703894
vt 0.768002 0.562600
vn 0.134483 0.829130 -0.542640
v -0.933694 0.354341 -1.744443
vt 0.775219 0.572168
vn -0.156936 0.524382 -0.836896
v -0.862585 0.031754 -1.707485
vt 0.806424 0.554559
vn -0.016742 -0.423409 -0.905784
v -0.970003 0.108942 -1.671570
vt 0.806256 0.570016
vn 0.021276 -0.193234 -0.980922
v -1.029556 0.396991 -1.582534
vt 0.759930 0.586160
vn -0.061313 0.934162 -0.351542
v -0.928967 -0.009588 -1.660216
vt 0.815656 0.561028
vn 0.116155 -0.210159 -0.970743
v -0.673947 -0.303655 -1.562780
vt 0.851392 0.513588
vn 0.176633 -0.042728 -0.983349
v -1.020692 -0.057307 -1.689701
vt 0.825498 0.573846
vn 0.278855 -0.031156 -0.959828
v -1.014652 0.296777 -1.769874
vt 0.782864 0.580713
vn 0.203624 0.259428 -0.944052
v -1.116948 0.191003 -1.757361
vt 0.796002 0.589364
vn 0.252692 -0.313585 -0.915320
v -1.150566 -0.010176 -1.718434
vt 0.818967 0.589380
vn 0.246259 -0.065894 -0.966962
v -1.165470 0.286671 -1.806079
vt 0.786358 0.597803
vn 0.267864 0.264457 -0.926451
v -1.335593 0.161567 -1.787484
vt 0.801221 0.609323
vn 0.164476 -0.289150 -0.943048
v -1.108872 0.378610 -1.618044
vt 0.764706 0.592508
vn 0.193021 0.875110 -0.443763
v -1.230013 0.459134 -1.594583
vt 0.761349 0.606332
vn 0.289183 0.878468 -0.380351
v -1.192719 0.474146 -1.422014
vt 0.744808 0.605371
vn 0.294497 0.906482 -0.302591
v -1.077816 0.470221 -1.348677
vt 0.735363 0.596384
vn 0.185838 0.914626 -0.359060
v -1.348724 0.304267 -1.859721
vt 0.789273 0.613672
vn 0.169849 0.289218 -0.942074
v -1.325678 0.536485 -1.360958
vt 0.741939 0.621180
vn 0.108951 0.919191 -0.378441
v -1.364220 0.429436 -1.638782
vt 0.768170 0.617350
vn -0.011981 0.839893 -0.542620
v -1.343340 0.485888 -1.566893
vt 0.760540 0.617060
vn 0.047065 0.901857 -0.429464
v -1.468421 0.302043 -1.873334
vt 0.790066 0.622736
vn 0.160324 0.362179 -0.918217
v -1.526791 0.492397 -1.545402
vt 0.763622 0.631159
vn -0.102003 0.900931 -0.421803
v -1.649902 0.356598 -1.754986
vt 0.784970 0.635492
vn -0.259264 0.858120 -0.443183
v -1.470850 0.171412 -1.810945
vt 0.800977 0.621561
vn 0.252988 -0.280338 -0.925963
v -1.279979 0.564319 -1.305289
vt 0.733608 0.618692
vn 0.172130 0.894687 -0.412198
v -1.560474 0.594311 -1.256513
vt 0.739544 0.645716
vn -0.060808 0.926001 -0.372593
v -1.395605 0.633199 -1.168752
vt 0.724895 0.634775
vn 0.124291 0.977934 -0.167920
v -1.103029 0.565529 -1.148129
vt 0.711269 0.604196
vn 0.307974 0.947687 -0.083911
v -0.966983 0.479118 -1.308069
vt 0.726986 0.584771
vn 0.296150 0.897198 -0.327612
v -0.964423 0.435356 -1.409965
vt 0.737423 0.581796
vn 0.135040 0.968104 -0.211040
v -0.815968 0.439706 -1.186826
vt 0.708995 0.568963
vn 0.230486 0.939190 -0.254556
v -0.663902 0.387342 -1.378626
vt 0.731640 0.546532
vn 0.283940 0.958794 0.009622
v -0.410524 0.312869 -1.449009
vt 0.738415 0.511376
vn 0.260682 0.960864 -0.093735
v -0.268044 0.274144 -1.460479
vt 0.739315 0.491569
vn 0.474043 0.797615 -0.372952
v -0.327531 0.312476 -1.330198
vt 0.721096 0.499977
vn 0.247235 0.943057 -0.222526
v -0.570863 0.347276 -1.362232
vt 0.727184 0.533394
vn 0.268068 0.963374 -0.007039
v -0.438691 0.365102 -1.230040
vt 0.707637 0.519921
vn 0.155637 0.937007 -0.312721
v -0.158656 0.297039 -1.206927
vt 0.699687 0.476555
vn 0.309567 0.860091 -0.405476
v -0.461278 0.436173 -1.036444
vt 0.683772 0.529213
vn 0.155925 0.949412 -0.272589
v -0.030818 0.191527 -1.277252
vt 0.712428 0.452110
vn 0.363286 0.857061 -0.365335
v 0.026240 0.232606 -1.184740
vt 0.692668 0.444800
vn 0.302890 0.834835 -0.459682
v -0.113023 0.387506 -1.046407
vt 0.669673 0.478004
vn 0.314482 0.842488 -0.437397
v 0.168523 0.258510 -1.047624
vt 0.665858 0.429358
vn 0.315600 0.835735 -0.449381
v -0.003635 0.342567 -0.982976
vt 0.658198 0.458244
vn 0.381894 0.812073 -0.441242
v 0.163204 0.343515 -0.891044
vt 0.637171 0.438758
vn 0.253705 0.800021 -0.543691
v -0.080194 0.425413 -0.909639
vt 0.647883 0.478615
vn 0.346453 0.839018 -0.419547
v -0.226219 0.491939 -0.892955
vt 0.648035 0.502922
vn 0.163960 0.863458 -0.477029
v -0.296671 0.426754 -0.992592
vt 0.668757 0.507485
vn 0.051266 0.917647 -0.394076
v -0.507042 0.466035 -0.904194
vt 0.664591 0.539528
vn 0.096739 0.913283 -0.395672
v -0.697388 0.530598 -0.815331
vt 0.661677 0.563424
vn 0.053041 0.881097 -0.469952
v -0.453990 0.598694 -0.752421
vt 0.636011 0.541787
vn 0.032112 0.817246 -0.575393
v -0.111578 0.505872 -0.757982
vt 0.624552 0.492302
vn 0.212375 0.885891 -0.412424
v -0.797649 0.469960 -1.113894
vt 0.695781 0.569100
vn 0.148685 0.930036 -0.336044
v -0.300217 0.627083 -0.657419
vt 0.615869 0.526955
vn 0.289864 0.883874 -0.367078
v -0.024909 0.499036 -0.756129
vt 0.618982 0.477684
vn 0.216298 0.878801 -0.425353
v -0.175530 0.575570 -0.629613
vt 0.608240 0.508568
vn 0.323845 0.898726 -0.295661
v 0.067014 0.474375 -0.735275
vt 0.613489 0.466148
vn 0.290610 0.851188 -0.437065
v 0.144951 0.521244 -0.571569
vt 0.589731 0.470191
vn 0.211179 0.884121 -0.416814
v 0.182836 0.409812 -0.805310
vt 0.620081 0.441245
vn 0.175354 0.830356 -0.528923
v -0.178091 0.623976 -0.482591
vt 0.587366 0.516136
vn 0.275578 0.864917 -0.419494
v -0.409342 0.690109 -0.587442
vt 0.610590 0.545190
vn 0.248171 0.866795 -0.432525
v 0.428335 0.303580 -0.877546
vt 0.620691 0.396887
vn 0.261523 0.775123 -0.575144
v 0.538117 0.218444 -0.917401
vt 0.628763 0.371069
vn 0.410630 0.606783 -0.680586
v 0.641661 0.115254 -0.894056
vt 0.621607 0.341833
vn 0.475553 0.569299 -0.670632
v 0.547769 0.288568 -0.796910
vt 0.600946 0.379522
vn 0.529869 0.723385 -0.442667
v 0.602134 0.219556 -0.872159
vt 0.612894 0.361791
vn 0.495870 0.675418 -0.545823
v 0.583750 0.243530 -0.789843
vt 0.598886 0.369299
vn 0.571530 0.738163 -0.358425
v 0.697208 0.182140 -0.840414
vt 0.605890 0.345815
vn 0.516437 0.467084 -0.717722
v 0.745468 0.195288 -0.797026
vt 0.589151 0.337957
vn 0.331682 0.642755 -0.690545
v 0.721043 0.126832 -0.823383
vt 0.603235 0.330556
vn 0.371369 0.459932 -0.806565
v 0.775605 -0.001051 -0.906221
vt 0.625788 0.297856
vn 0.215962 0.144755 -0.965612
v 0.829380 -0.088019 -0.870247
vt 0.628000 0.267094
vn 0.361648 -0.437063 -0.823521
v 0.161300 0.810797 -0.155702
vt 0.512505 0.495659
vn 0.128836 0.766316 -0.629414
v 0.394324 0.815900 -0.127201
vt 0.494728 0.475288
vn 0.264479 0.752678 -0.602932
v -0.016307 0.817110 -0.187852
vt 0.530938 0.521126
vn 0.154957 0.749155 -0.644015
v 0.207392 0.915492 -0.012561
vt 0.488609 0.509682
vn 0.236074 0.953373 -0.188012
v 0.480928 0.820838 -0.015921
vt 0.469276 0.470390
vn 0.128496 0.991606 0.014340
v 0.028209 0.647787 -0.369747
vt 0.559365 0.497383
vn 0.104776 0.807261 -0.580821
v 0.445341 0.807690 0.039864
vt 0.463706 0.478248
vn 0.201945 0.957760 0.204730
v 0.587492 0.786202 0.112100
vt 0.447944 0.469169
vn 0.383535 0.847106 0.367849
v -0.287741 0.692530 -0.435032
vt 0.583749 0.537743
vn 0.370012 0.818065 -0.440296
v 0.473246 0.732170 0.285190
vt 0.422171 0.489250
vn 0.421348 0.653964 0.628329
v -0.210198 0.738286 -0.305389
vt 0.563027 0.534127
vn 0.243466 0.771899 -0.587278
v -0.445717 0.776848 -0.442099
vt 0.592020 0.561715
vn 0.249530 0.877327 -0.409917
v -0.356618 0.805630 -0.304230
vt 0.567391 0.557717
vn 0.241690 0.824912 -0.510985
v -0.670861 0.758466 -0.537797
vt 0.609918 0.582284
vn 0.026023 0.861635 -0.506861
v -0.736520 0.888476 -0.266924
vt 0.584848 0.608011
vn 0.036130 0.833516 -0.551313
v -0.244669 0.923047 -0.143074
vt 0.539620 0.555962
vn 0.088808 0.788274 -0.608882
v -0.627001 0.881281 -0.229618
vt 0.573571 0.595773
vn 0.186929 0.741098 -0.644850
v -0.589050 0.933677 -0.186230
vt 0.563134 0.596048
vn 0.122239 0.706285 -0.697294
v -0.349658 0.881771 -0.191791
vt 0.548363 0.572290
vn 0.052787 0.823024 -0.565549
v -0.735732 1.023293 -0.117817
vt 0.561547 0.618296
vn 0.105461 0.838572 -0.534485
v -0.303434 1.033269 0.031522
vt 0.518166 0.579065
vn 0.138651 0.862749 -0.486251
v -0.047167 0.990914 0.006266
vt 0.502205 0.548547
vn 0.236138 0.858521 -0.455171
v 0.112450 0.943652 0.034766
vt 0.488594 0.528588
vn 0.339748 0.910775 -0.234651
v -0.300611 1.070162 0.114360
vt 0.507500 0.584390
vn 0.207653 0.934753 -0.288299
v -0.554186 1.038698 -0.027738
vt 0.539239 0.604013
vn 0.109061 0.826558 -0.552184
v -0.492072 1.071536 0.006613
vt 0.530221 0.600717
vn 0.095653 0.771075 -0.629519
v 0.257622 0.861885 0.092057
vt 0.468772 0.507500
vn 0.379725 0.918252 0.112347
v -0.013681 1.014136 0.115460
vt 0.486824 0.549447
vn 0.346224 0.933874 -0.089487
v -0.555433 1.159844 0.188971
vt 0.513207 0.620676
vn 0.253885 0.944931 -0.206513
v 0.373510 0.822474 0.222049
vt 0.444938 0.500175
vn 0.361302 0.889314 0.280326
v 0.096298 0.941919 0.257095
vt 0.460212 0.543282
vn 0.445002 0.835909 0.321292
v 0.256440 0.788197 0.372315
vt 0.427039 0.526467
vn 0.342894 0.632638 0.694402
v 0.368979 0.580182 0.435341
vt 0.394247 0.509895
vn 0.364235 0.580542 0.728220
v -0.143357 1.057112 0.236936
vt 0.480003 0.576120
vn 0.281125 0.949984 0.136012
v 0.124465 0.756504 0.438005
vt 0.421408 0.546838
vn 0.463564 0.590698 0.660443
v -0.098447 0.994642 0.364668
vt 0.461295 0.575753
vn 0.381755 0.822818 0.420992
v -0.353269 1.099239 0.193084
vt 0.499977 0.597330
vn 0.225648 0.973066 -0.047169
v -0.139090 0.958599 0.471314
vt 0.449516 0.585595
vn 0.209670 0.811877 0.544880
v -0.001009 0.837061 0.450518
vt 0.434440 0.565896
vn 0.556260 0.715659 0.422383
v -0.022020 0.834346 0.510995
vt 0.424781 0.572000
vn 0.514678 0.678024 0.524777
v 0.050271 0.725204 0.563883
vt 0.408957 0.567529
vn 0.519029 0.645855 0.559893
v -0.212102 0.962949 0.429316
vt 0.457771 0.594263
vn 0.081220 0.841924 0.533448
v 0.157689 0.642684 0.485796
vt 0.401175 0.545815
vn 0.552669 0.573688 0.604516
v -0.221820 0.868002 0.585549
vt 0.434333 0.604425
vn 0.237453 0.748436 0.619241
v -0.091290 0.694557 0.660160
vt 0.403006 0.593011
vn 0.340223 0.737760 0.583060
v 0.096692 0.651515 0.628821
vt 0.392706 0.566232
vn 0.603183 0.608414 0.515754
v 0.345736 0.485659 0.544361
vt 0.372320 0.524269
vn 0.400041 0.685682 0.608118
v 0.157098 0.541686 0.643651
vt 0.375174 0.556878
vn 0.551216 0.592574 0.587381
v 0.342913 0.353491 0.696076
vt 0.338598 0.534310
vn 0.390233 0.674887 0.626295
v 0.053554 0.542929 0.720464
vt 0.372869 0.577447
vn 0.498640 0.467278 0.730075
v -0.010989 0.648572 0.717046
vt 0.387900 0.585626
vn 0.373573 0.658740 0.653074
v 0.155916 0.301879 0.860303
vt 0.319844 0.576501
vn 0.443664 0.593505 0.671501
v -0.061349 0.487294 0.820274
vt 0.366232 0.597925
vn 0.422752 0.565977 0.707778
v -0.167980 0.665187 0.751397
vt 0.396002 0.609277
vn 0.335243 0.638500 0.692770
v 0.545536 0.279050 0.664794
vt 0.323461 0.497795
vn 0.299669 0.652211 0.696290
v 0.523343 0.461685 0.473400
vt 0.369039 0.488151
vn 0.324463 0.703774 0.632002
v 0.697471 0.518824 0.325740
vt 0.384588 0.453880
vn 0.306358 0.701689 0.643255
v 0.641267 0.453345 0.414544
vt 0.370001 0.465721
vn 0.269685 0.725760 0.632884
v 0.871073 0.404611 0.438469
vt 0.355215 0.428901
vn 0.333493 0.764768 0.551282
v 0.621569 0.340114 0.595107
vt 0.335546 0.476799
vn 0.189069 0.713728 0.674421
v 0.780398 0.323826 0.548764
vt 0.333028 0.448722
vn 0.216173 0.710337 0.669843
v 0.636802 0.166866 0.717220
vt 0.298650 0.488853
vn 0.232241 0.608753 0.758607
v 0.742513 0.179589 0.692832
vt 0.298543 0.462242
vn 0.244442 0.613160 0.751187
v 0.400364 0.144789 0.873742
vt 0.285786 0.536706
vn 0.327138 0.506076 0.798040
v 0.595897 -0.000397 0.863604
vt 0.254658 0.500267
vn 0.268475 0.488651 0.830145
v 0.840542 -0.020250 0.816567
vt 0.247425 0.448112
vn -0.017135 0.629135 0.777108
v 0.401677 -0.091976 0.974247
vt 0.239673 0.542733
vn 0.407627 0.390493 0.825443
v 0.356832 0.061157 0.921764
vt 0.274342 0.551461
vn 0.323547 0.426289 0.844745
v 0.229914 -0.007723 1.034145
vt 0.259632 0.588846
vn 0.501441 0.468793 0.727180
v 0.913817 0.123431 0.703201
vt 0.282536 0.429541
vn 0.073400 0.721112 0.688919
v 0.497408 -0.150456 0.956406
vt 0.221729 0.526635
vn 0.272025 0.429484 0.861131
v 0.634110 -0.147447 0.937521
vt 0.218692 0.498253
vn 0.163484 0.461925 0.871721
v 0.414153 -0.257636 1.055637
vt 0.198627 0.553414
vn 0.358556 0.450045 0.817861
v 0.290057 -0.212075 1.102327
vt 0.215900 0.583810
vn 0.574265 0.405759 0.711041
v 0.556633 -0.329035 1.046600
vt 0.178820 0.527276
vn 0.263687 0.482783 0.835099
v 0.335953 -0.324391 1.118547
vt 0.184390 0.573053
vn 0.500980 0.460580 0.732724
v 0.470882 -0.385225 1.115419
vt 0.165408 0.551308
vn 0.310046 0.561989 0.766837
v 0.221378 -0.270032 1.231449
vt 0.196109 0.610040
vn 0.595503 0.497687 0.630622
v 0.640939 -0.456592 1.093464
vt 0.143481 0.513710
vn 0.271933 0.595906 0.755612
v 0.108773 -0.256949 1.313128
vt 0.197665 0.636896
vn 0.616529 0.480969 0.623346
v 0.329321 -0.473828 1.239559
vt 0.145449 0.597620
vn 0.470864 0.514189 0.716867
v 0.425183 -0.461040 1.200342
vt 0.146685 0.570489
vn 0.295462 0.576322 0.761942
v 0.736144 -0.396477 1.032581
vt 0.160327 0.483680
vn 0.151183 0.494289 0.856050
v 0.739821 -0.513502 1.109973
vt 0.128145 0.493675
vn 0.138665 0.554596 0.820485
v 0.392222 -0.654402 1.346495
vt 0.095308 0.602258
vn 0.456258 0.480375 0.749045
v 0.592417 -0.681222 1.266322
vt 0.082765 0.549996
vn 0.360571 0.410753 0.837419
v 0.925111 -0.430851 1.041850
vt 0.143679 0.444816
vn -0.134725 0.394590 0.908927
v 0.312644 -0.608482 1.350318
vt 0.111818 0.617884
vn 0.550796 0.722729 0.417477
v 0.220590 -0.554418 1.412649
vt 0.128832 0.644755
vn 0.687400 0.485477 0.540179
v 0.233525 -0.662448 1.487840
vt 0.093721 0.651728
vn 0.558938 0.054990 0.827384
v 0.400693 -0.732147 1.375748
vt 0.069718 0.608881
vn 0.467392 0.133711 0.873880
v 0.780924 -0.620878 1.164020
vt 0.093935 0.490288
vn 0.049978 0.460019 0.886502
v 0.617301 -0.779506 1.293548
vt 0.046235 0.543893
vn 0.268266 0.158392 0.950235
v 0.479549 -0.869908 1.342729
vt 0.031983 0.590219
vn 0.371411 -0.066605 0.926077
v 0.355388 -0.816072 1.389535
vt 0.047715 0.626139
vn 0.374539 -0.256125 0.891135
v 0.603513 -0.905787 1.275069
vt 0.009628 0.552590
vn 0.282036 -0.266481 0.921653
v 0.735159 -0.815614 1.294823
vt 0.031052 0.511482
vn 0.205466 -0.113486 0.972062
v 0.765953 -0.853293 1.234230
vt 0.011810 0.500374
vn 0.215201 -0.776278 0.592521
v 0.908039 -0.812965 1.269276
vt 0.031022 0.461402
vn 0.060674 0.311914 0.948171
v 0.262284 -0.796154 1.431476
vt 0.060304 0.653361
vn 0.080439 -0.746246 0.660792
v 0.291699 -0.804036 1.386002
vt 0.045579 0.645808
vn -0.139686 -0.986876 0.081016
v 0.121445 -0.797364 1.394633
vt 0.053529 0.691188
vn -0.031467 -0.643253 0.765006
v 0.139304 -0.601875 1.546637
vt 0.116732 0.684306
vn 0.301137 -0.288216 0.908982
v 0.843299 -0.563249 1.150234
vt 0.105028 0.469917
vn -0.027161 0.509271 0.860177
v 1.050388 -0.713929 1.220674
vt 0.056916 0.419913
vn 0.225238 0.340365 0.912918
v 1.018806 -0.784379 1.245526
vt 0.037278 0.431220
vn 0.229644 0.229960 0.945718
v 1.100157 -0.784052 1.206714
vt 0.038117 0.405127
vn 0.479465 0.069684 0.874790
v 1.018478 -0.480173 1.068207
vt 0.127626 0.425956
vn -0.111438 0.288219 0.951058
v 1.132527 -0.710953 1.184179
vt 0.060395 0.396216
vn 0.491025 0.089786 0.866506
v 1.153341 -0.759064 1.162920
vt 0.047898 0.385931
vn 0.564267 -0.116706 0.817302
v 1.239683 -0.731623 1.118025
vt 0.060761 0.359716
vn 0.512335 0.124260 0.849748
v 1.148154 -0.628891 1.157417
vt 0.085496 0.389776
vn 0.271234 0.319231 0.908033
v 1.080328 -0.565930 1.107135
vt 0.104707 0.410254
vn -0.091933 0.429925 0.898172
v 1.134694 -0.435430 1.098909
vt 0.135088 0.395438
vn 0.105053 0.389459 0.915033
v 1.062797 -0.361448 1.085817
vt 0.155230 0.411139
vn 0.031649 0.350385 0.936071
v 1.210333 -0.635432 1.116461
vt 0.090257 0.360739
vn 0.532918 0.142803 0.834030
v 1.306392 -0.726684 1.079214
vt 0.067155 0.338460
vn 0.498428 -0.067189 0.864323
v 1.208232 -0.470459 1.098272
vt 0.127932 0.377798
vn 0.400265 0.457808 0.793851
v 1.405537 -0.691786 1.027599
vt 0.086946 0.312688
vn 0.538366 -0.197019 0.819357
v 1.354717 -0.723937 0.998056
vt 0.067308 0.312093
vn 0.339832 -0.868599 0.360626
v 1.437447 -0.721190 0.980156
vt 0.083604 0.294667
vn 0.615011 -0.215275 0.758564
v 1.342308 -0.644983 1.020648
vt 0.096300 0.329549
vn 0.513434 0.249879 0.820942
v 1.461085 -0.583265 0.960287
vt 0.121462 0.301045
vn 0.539119 0.071104 0.839222
v 1.278421 -0.451359 1.021517
vt 0.141390 0.356725
vn 0.380833 0.278861 0.881591
v 1.159382 -0.348561 1.013754
vt 0.161334 0.386053
vn 0.148472 0.327489 0.933117
v 1.232329 -0.334530 1.033913
vt 0.165377 0.370398
vn 0.043965 0.184105 0.981923
v 1.386496 -0.411096 0.998925
vt 0.155596 0.334127
vn 0.392351 0.087316 0.915662
v 1.177569 -0.259795 1.005644
vt 0.181094 0.382681
vn 0.197760 0.472411 0.858906
v 1.621293 -0.650772 0.850455
vt 0.127413 0.247135
vn 0.527434 0.174102 0.831566
v 1.571063 -0.705065 0.904791
vt 0.104952 0.257008
vn 0.415526 0.421912 0.805809
v 1.632126 -0.692866 0.862909
vt 0.118090 0.241306
vn 0.504051 0.361285 0.784478
v 1.722604 -0.710004 0.808688
vt 0.129381 0.213291
vn 0.475784 0.220500 0.851475
v 1.827658 -0.598441 0.725793
vt 0.175708 0.201434
vn 0.458021 0.271750 0.846386
v 1.811703 -0.705294 0.760087
vt 0.146883 0.189746
vn 0.420057 0.198786 0.885458
v 1.725493 -0.462675 0.777117
vt 0.188174 0.245624
vn 0.592689 0.322596 0.738005
v 1.970598 -0.611916 0.681478
vt 0.197696 0.172717
vn 0.491553 0.258595 0.831567
v 1.964098 -0.665981 0.682347
vt 0.187793 0.159182
vn 0.562437 -0.190559 0.804582
v 1.813411 -0.467810 0.684316
vt 0.204837 0.221469
vn 0.624909 0.394438 0.673727
v 1.542764 -0.421824 0.887471
vt 0.170138 0.293507
vn 0.588453 0.305325 0.748665
v 1.929889 -0.404097 0.557743
vt 0.238926 0.206363
vn 0.471600 0.436313 0.766306
v 1.707109 -0.220906 0.579408
vt 0.254810 0.265705
vn 0.463821 0.509553 0.724725
v 1.484459 -0.152386 0.706503
vt 0.235981 0.314519
vn 0.469145 0.620260 0.628634
v 1.424578 -0.332306 0.956695
vt 0.175387 0.329152
vn 0.504848 0.471763 0.722889
v 1.449922 -0.228625 0.818073
vt 0.211475 0.319799
vn 0.487847 0.645704 0.587428
v 1.212040 -0.162655 0.856016
vt 0.214832 0.372381
vn 0.404521 0.668351 0.624235
v 1.393718 -0.010274 0.633803
vt 0.269200 0.333410
vn 0.432838 0.613271 0.660720
v 1.251370 -0.043276 0.723012
vt 0.250980 0.363775
vn 0.418726 0.581955 0.697135
v 0.995825 -0.071665 0.930627
vt 0.222690 0.418341
vn 0.043955 0.636398 0.770108
v 1.084465 0.042318 0.790325
vt 0.257099 0.400030
vn 0.282867 0.651937 0.703537
v 1.024387 -0.000430 0.834525
vt 0.243778 0.412406
vn 0.111725 0.684805 0.720111
v 1.117688 0.137724 0.659523
vt 0.283879 0.389929
vn 0.203884 0.819218 0.536016
v 1.018609 0.168566 0.576048
vt 0.302998 0.405051
vn 0.267173 0.825355 0.497402
v 0.873437 -0.116310 0.918694
vt 0.219623 0.443961
vn -0.430436 0.363593 0.826151
v 1.270017 0.176808 0.537410
vt 0.300832 0.361181
vn 0.279278 0.857372 0.432340
v 0.825309 -0.140971 0.892684
vt 0.219211 0.455375
vn -0.160659 0.472217 0.866717
v 0.941066 -0.184635 0.958259
vt 0.200793 0.433188
vn -0.231345 0.400503 0.886610
v 0.802394 -0.213645 0.933350
vt 0.200366 0.464393
vn -0.014927 0.441378 0.897197
v 0.856891 -0.307220 0.968860
vt 0.177432 0.456657
vn -0.297416 0.257003 0.919507
v 0.903049 -0.286483 1.008020
vt 0.178256 0.442725
vn -0.422607 0.276804 0.863008
v 1.079278 -0.207660 1.001590
vt 0.191226 0.404105
vn 0.034347 0.380070 0.924320
v 1.052029 -0.261692 1.009352
vt 0.179767 0.410361
vn 0.042445 0.413977 0.909297
v 2.073091 -0.526846 0.505376
vt 0.247349 0.157382
vn 0.933966 -0.293060 -0.204506
v 2.026474 -0.675695 0.540017
vt 0.217350 0.130602
vn 0.910321 -0.371688 0.182106
v 2.031595 -0.632783 0.634150
vt 0.210178 0.155138
vn 0.822006 -0.230703 0.520655
v 2.044464 -0.659864 0.483595
vt 0.233448 0.125368
vn 0.977109 -0.196820 -0.080742
v 2.020695 -0.694992 0.428679
vt 0.242466 0.108751
vn 0.942698 -0.304680 -0.135980
v 2.087996 -0.526388 0.524956
vt 0.243839 0.160174
vn 0.990040 -0.124323 0.066060
v 2.062389 -0.403116 0.469344
vt 0.261570 0.179049
vn 0.696384 0.285566 0.658408
v 2.085107 -0.481220 0.252229
vt 0.303471 0.142473
vn 0.921564 -0.383498 -0.060413
v 2.007827 -0.666406 0.304191
vt 0.276005 0.100618
vn 0.902960 -0.388960 -0.182685
v 2.112947 -0.385520 0.383089
vt 0.286931 0.173037
vn 0.965198 -0.113226 0.235740
v 1.914328 -0.250015 0.504507
vt 0.272908 0.222904
vn 0.398729 0.390595 0.829729
v 2.129493 -0.254267 0.355747
vt 0.303273 0.190753
vn 0.899288 0.172902 0.401728
v 2.038752 -0.200105 0.420974
vt 0.296422 0.209354
vn 0.534853 0.429879 0.727418
v 1.832189 -0.022049 0.397629
vt 0.305135 0.253819
vn 0.360442 0.715756 0.598143
v 2.130346 -0.332437 0.150391
vt 0.331350 0.164477
vn 0.921397 -0.384040 0.059503
v 2.015968 -0.540877 0.101268
vt 0.332265 0.116625
vn 0.922378 -0.367680 -0.118451
v 1.984386 -0.682628 0.121022
vt 0.322728 0.084031
vn 0.945521 -0.315792 -0.079151
v 2.101719 -0.454204 0.210463
vt 0.313405 0.145937
vn 0.939098 -0.341154 0.041347
v 1.985240 -0.639750 -0.139598
vt 0.383963 0.098512
vn 0.778954 -0.556761 -0.288528
v 1.952214 -0.714845 0.064657
vt 0.338613 0.072221
vn 0.811459 -0.578665 -0.081736
v 1.936193 -0.739277 -0.043205
vt 0.367056 0.067018
vn 0.817723 -0.554098 -0.155896
v 2.056939 -0.430590 0.020400
vt 0.350134 0.139117
vn 0.843426 -0.532044 0.074574
v 1.874211 -0.780683 -0.099569
vt 0.388083 0.051881
vn 0.495173 -0.705190 -0.507456
v 2.141968 -0.359616 -0.040425
vt 0.361608 0.153902
vn 0.811175 -0.547571 0.205333
v 1.909863 -0.692898 -0.171053
vt 0.400732 0.079484
vn 0.540153 -0.613234 -0.576350
v 2.128771 -0.448709 -0.162595
vt 0.382971 0.141924
vn 0.837351 -0.538688 -0.093053
v 1.807304 -0.729694 -0.200075
vt 0.420859 0.064927
vn 0.249147 -0.657382 -0.711178
v 1.723786 -0.816105 -0.123320
vt 0.426276 0.026841
vn 0.197421 -0.742816 -0.639726
v 1.870599 -0.531883 -0.348603
vt 0.432410 0.118364
vn 0.318482 -0.584523 -0.746258
v 2.059763 -0.424343 -0.297395
vt 0.405371 0.143465
vn 0.625646 -0.395158 -0.672619
v 1.687739 -0.733880 -0.222146
vt 0.449531 0.054688
vn 0.083704 -0.574059 -0.814524
v 1.572771 -0.826800 -0.151821
vt 0.469657 0.015579
vn 0.053559 -0.605674 -0.793908
v 1.762919 -0.605767 -0.273528
vt 0.443763 0.091463
vn -0.107140 -0.518962 -0.848056
v 1.821421 -0.425258 -0.430340
vt 0.447822 0.139895
vn 0.171271 -0.390924 -0.904348
v 1.800869 -0.538130 -0.354917
vt 0.441718 0.116381
vn -0.087230 -0.668697 -0.738400
v 1.661935 -0.526192 -0.290038
vt 0.469108 0.101564
vn -0.096779 -0.472251 -0.876135
v 1.586427 -0.663691 -0.259394
vt 0.477913 0.070420
vn -0.000319 -0.461006 -0.887397
v 1.506652 -0.702808 -0.222377
vt 0.495491 0.049729
vn -0.031837 -0.465039 -0.884717
v 1.615514 -0.360597 -0.414873
vt 0.485512 0.137545
vn -0.133673 -0.546202 -0.826919
v 1.531996 -0.455970 -0.343448
vt 0.497871 0.112886
vn 0.197114 -0.515936 -0.833640
v 1.447362 -0.537999 -0.332789
vt 0.515160 0.094865
vn -0.070053 -0.510620 -0.856948
v 1.453468 -0.772834 -0.206795
vt 0.507149 0.030472
vn 0.025928 -0.494005 -0.869073
v 1.475332 -0.824838 -0.149677
vt 0.496803 0.009720
vn -0.030012 -0.744662 -0.666767
v 1.288599 -0.796317 -0.172907
vt 0.548959 0.013046
vn -0.096031 -0.576990 -0.811086
v 1.366601 -0.718671 -0.217338
vt 0.530892 0.039994
vn -0.000783 -0.374887 -0.927070
v 1.391158 -0.593829 -0.260552
vt 0.527367 0.072251
vn -0.121726 -0.480995 -0.868232
v 1.237976 -0.699243 -0.239061
vt 0.566567 0.044388
vn 0.159875 -0.684696 -0.711078
v 1.208166 -0.747682 -0.178468
vt 0.573754 0.022171
vn -0.096643 -0.753679 -0.650099
v 1.127734 -0.737641 -0.217743
vt 0.597208 0.031418
vn 0.116193 -0.840400 -0.529365
v 1.166867 -0.689202 -0.290154
vt 0.587350 0.055741
vn 0.148381 -0.476990 -0.866293
v 1.401597 -0.370605 -0.391644
vt 0.527398 0.130968
vn -0.121721 -0.471446 -0.873454
v 1.484853 -0.395561 -0.407400
vt 0.510201 0.128618
vn -0.029870 -0.521218 -0.852901
v 1.452812 -0.289493 -0.464923
vt 0.516640 0.151751
vn -0.017119 -0.376485 -0.926264
v 1.643616 -0.144340 -0.533105
vt 0.482261 0.179614
vn 0.046177 -0.373791 -0.926363
v 1.716563 -0.339305 -0.478884
vt 0.470359 0.149645
vn -0.064966 -0.450592 -0.890363
v 1.725165 -0.066399 -0.533684
vt 0.470451 0.192355
vn 0.177159 -0.492642 -0.852008
v 1.715185 -0.238797 -0.508775
vt 0.470436 0.165942
vn 0.189223 -0.232121 -0.954104
v 1.924702 -0.305519 -0.402303
vt 0.433036 0.158953
vn 0.503189 -0.183254 -0.844523
v 1.936324 -0.179369 -0.442621
vt 0.436515 0.178912
vn 0.469251 -0.397732 -0.788424
v 1.967315 -0.086678 -0.478768
vt 0.436744 0.192157
vn 0.549533 -0.361874 -0.753035
v 2.099487 -0.169230 -0.263564
vt 0.402029 0.181521
vn 0.756063 -0.220357 -0.616288
v 2.078279 -0.339632 -0.306084
vt 0.406256 0.155856
vn 0.669435 0.088495 -0.737581
v 2.075587 -0.262804 -0.257424
vt 0.403433 0.167132
vn 0.718111 0.067718 -0.692626
v 2.180116 -0.333843 -0.173196
vt 0.384207 0.161105
vn 0.905251 -0.170135 -0.389327
v 2.213799 -0.252599 -0.118164
vt 0.375326 0.175082
vn 0.966078 -0.136782 -0.219053
v 2.150110 0.082449 -0.262058
vt 0.405524 0.212451
vn 0.968919 0.029869 -0.245569
v 2.105855 0.132164 -0.391470
vt 0.418753 0.217563
vn 0.814597 0.230709 -0.532169
v 2.151685 0.107634 -0.194688
vt 0.399542 0.219486
vn 0.839189 0.421122 0.344121
v 2.171777 -0.114773 -0.184492
vt 0.389731 0.190738
vn 0.924557 0.043856 -0.378511
v 2.151554 -0.031011 -0.087636
vt 0.380484 0.206683
vn 0.790636 0.479158 0.381185
v 2.183333 -0.088149 -0.067014
vt 0.373892 0.197635
vn 0.867536 0.497367 0.002759
v 2.032711 -0.021002 0.025324
vt 0.361700 0.218524
vn 0.465748 0.861800 0.200946
v 2.213142 -0.174266 -0.028028
vt 0.365774 0.185748
vn 0.996340 0.083546 -0.018082
v 1.834684 0.061844 0.122064
vt 0.351492 0.253422
vn 0.539934 0.817506 0.200386
v 2.188979 -0.261463 0.043571
vt 0.352850 0.174548
vn 0.917244 -0.382468 0.111277
v 2.206970 -0.136392 0.099704
vt 0.350332 0.195102
vn 0.917940 0.333904 0.214230
v 1.772833 0.101648 0.169681
vt 0.348455 0.264759
vn 0.515527 0.846897 -0.130369
v 2.156675 -0.245338 0.184801
vt 0.331334 0.181521
vn 0.901269 -0.290962 0.321023
v 2.217016 -0.208739 0.112158
vt 0.345846 0.185351
vn 0.968138 -0.210176 0.136147
v 2.189899 -0.213809 0.159486
vt 0.337774 0.185718
vn 0.849796 -0.224938 0.476708
v 2.126144 -0.173351 0.244988
vt 0.324941 0.197177
vn 0.868855 0.346564 0.353531
v 2.073879 -0.104110 0.300599
vt 0.319173 0.212268
vn 0.660843 0.602947 0.446924
v 2.144857 -0.065680 0.123223
vt 0.348379 0.208591
vn 0.653942 0.705821 0.272354
v 2.072960 -0.007462 0.134982
vt 0.345846 0.218128
vn 0.477891 0.874485 0.083045
v 1.885307 0.021549 0.194648
vt 0.340307 0.245960
vn 0.432857 0.900984 0.029380
v 1.862195 0.027273 0.266132
vt 0.329427 0.250355
vn 0.470264 0.801331 0.369757
v 1.824179 0.087421 0.215387
vt 0.338903 0.259510
vn 0.601854 0.789582 0.119715
v 1.735736 0.147765 0.218804
vt 0.339895 0.273686
vn 0.501851 0.860176 0.090785
v 1.747555 0.021091 0.366811
vt 0.309560 0.267475
vn 0.363101 0.752974 0.548806
v 1.529698 -0.063456 0.577381
vt 0.269612 0.306081
vn 0.447408 0.583597 0.677673
v 1.608620 0.076726 0.413038
vt 0.307942 0.294240
vn 0.447744 0.617818 0.646395
v 1.585114 0.203366 0.227320
vt 0.345312 0.298634
vn 0.218789 0.960753 0.170542
v 1.529895 0.159114 0.386217
vt 0.320500 0.310368
vn 0.284389 0.799038 0.529774
v 1.408098 0.077674 0.519452
vt 0.293965 0.331456
vn 0.443562 0.669973 0.595305
v 1.440008 0.179981 0.366290
vt 0.327199 0.326360
vn 0.226471 0.875407 0.427053
v 1.301730 0.192704 0.465000
vt 0.314733 0.351904
vn 0.242006 0.916679 0.318015
v 1.188206 0.189270 0.442118
vt 0.321996 0.370214
vn 0.137831 0.904836 0.402833
v 1.254784 0.210725 0.386565
vt 0.328984 0.355520
vn 0.194767 0.880466 0.432257
v 1.107839 0.388683 0.242150
vt 0.367880 0.376883
vn 0.290108 0.769988 0.568292
v 1.083414 0.253473 0.420627
vt 0.335042 0.392294
vn 0.426485 0.721981 0.544843
v 0.993921 0.284806 0.488461
vt 0.329900 0.409247
vn 0.513935 0.658287 0.550026
v 0.897140 0.203792 0.625229
vt 0.304479 0.430518
vn 0.351720 0.673044 0.650619
v -1.566121 0.290694 -1.907106
vt 0.791928 0.629938
vn 0.120217 0.376516 -0.918577
v -1.730794 0.265575 -1.870379
vt 0.792645 0.637751
vn -0.577156 0.443368 -0.685795
v -1.652134 0.205492 -1.903572
vt 0.796933 0.634318
vn -0.143015 -0.281194 -0.948934
v -1.788442 0.221879 -1.823516
vt 0.794125 0.642374
vn -0.617803 0.105842 -0.779177
v -1.627053 0.124805 -1.856071
vt 0.803143 0.633646
vn -0.098308 -0.424726 -0.899969
v -1.739789 0.342861 -1.697464
vt 0.782666 0.643168
vn -0.426093 0.795441 -0.430951
v -1.863162 0.152606 -1.738708
vt 0.797345 0.650217
vn -0.557696 -0.424156 -0.713489
v -1.878592 0.236760 -1.748325
vt 0.792081 0.649638
vn -0.669612 0.447759 -0.592563
v -1.642811 0.503844 -1.443738
vt 0.759426 0.645747
vn -0.308420 0.866507 -0.392482
v -1.923240 0.209221 -1.711193
vt 0.792584 0.654139
vn -0.708428 0.239903 -0.663759
v -1.893825 0.351038 -1.494077
vt 0.776577 0.659922
vn -0.590560 0.749006 -0.300380
v -2.023961 0.193783 -1.587921
vt 0.791287 0.662638
vn -0.818557 0.358758 -0.448616
v -2.020612 0.137201 -1.591281
vt 0.794949 0.663905
vn -0.769327 -0.303831 -0.561981
v -1.972025 0.277447 -1.446634
vt 0.780667 0.667445
vn -0.710180 0.691663 -0.131329
v -1.827378 0.484187 -1.281133
vt 0.757397 0.666850
vn -0.752565 0.628595 -0.196248
v -1.775179 0.574458 -1.222336
vt 0.747600 0.663859
vn -0.577078 0.780743 -0.239630
v -1.727642 0.613641 -1.150620
vt 0.738201 0.662959
vn -0.472135 0.864092 -0.174451
v -1.830004 0.485986 -1.045770
vt 0.741924 0.681621
vn -0.832450 0.526327 0.173226
v -1.674261 0.660215 -1.062338
vt 0.727245 0.663386
vn -0.340948 0.939190 -0.040952
v -1.790281 0.539396 -1.053127
vt 0.735775 0.677211
vn -0.780421 0.602502 0.167134
v -1.585359 0.650926 -0.996821
vt 0.717372 0.660075
vn 0.075995 0.997107 -0.001587
v -1.847601 0.448733 -1.114357
vt 0.748867 0.679530
vn -0.914742 0.403160 -0.026641
v -1.647801 0.651057 -0.929103
vt 0.714992 0.670817
vn -0.417894 0.898625 0.133556
v -1.376826 0.618939 -1.092287
vt 0.716030 0.635950
vn 0.213986 0.974452 0.068213
v -1.547277 0.653837 -0.844817
vt 0.700023 0.665415
vn 0.108260 0.994020 -0.014292
v -1.479123 0.648016 -0.905526
vt 0.702770 0.655344
vn 0.221530 0.967610 0.121060
v -1.179981 0.566249 -0.968899
vt 0.695277 0.619547
vn 0.175990 0.984390 0.001825
v -1.708667 0.568244 -0.909291
vt 0.719783 0.681361
vn -0.792111 0.517978 0.322890
v -1.600329 0.650305 -0.750104
vt 0.693568 0.678676
vn -0.636945 0.768044 0.066405
v -1.385428 0.588555 -0.855070
vt 0.691676 0.646662
vn 0.229208 0.970939 0.068860
v -1.225811 0.568931 -0.900718
vt 0.687999 0.628565
vn 0.145199 0.989320 0.012763
v -1.532635 0.675686 -0.678157
vt 0.683772 0.672969
vn 0.011273 0.955935 -0.293362
v -1.059694 0.570729 -0.813420
vt 0.673228 0.612604
vn 0.009442 0.938767 -0.344423
v -1.033299 0.521833 -1.057472
vt 0.699123 0.595651
vn 0.279356 0.956737 -0.081333
v -0.888849 0.562520 -0.867235
vt 0.671870 0.590417
vn 0.196487 0.895198 -0.400017
v -0.762915 0.533378 -0.817996
vt 0.662181 0.577401
vn 0.184863 0.855139 -0.484317
v -0.841443 0.600329 -0.782370
vt 0.659007 0.588754
vn 0.146675 0.834296 -0.531447
v -0.647356 0.615145 -0.707411
vt 0.641611 0.571069
vn -0.008822 0.783741 -0.621025
v -1.298364 0.692235 -0.643690
vt 0.660471 0.650492
vn 0.014722 0.786417 -0.617520
v -1.019707 0.712121 -0.596942
vt 0.641611 0.620371
vn -0.011599 0.796797 -0.604135
v -1.561788 0.697043 -0.606963
vt 0.671855 0.683375
vn -0.591317 0.778117 -0.211847
v -0.984711 0.747771 -0.573133
vt 0.635004 0.618311
vn -0.032982 0.748699 -0.662089
v -0.790098 0.799350 -0.404794
vt 0.604898 0.604654
vn -0.033823 0.891802 -0.451159
v -1.044920 0.765760 -0.525806
vt 0.632517 0.627848
vn 0.038950 0.834566 -0.549529
v -0.987141 0.831174 -0.391296
vt 0.612238 0.628763
vn 0.015964 0.924624 -0.380548
v -1.305783 0.759219 -0.579795
vt 0.651209 0.655375
vn -0.003186 0.774162 -0.632979
v -1.137893 0.801476 -0.508427
vt 0.633143 0.640375
vn 0.083193 0.873799 -0.479118
v -0.977292 0.912875 -0.173254
vt 0.586709 0.639460
vn -0.062807 0.640262 -0.765585
v -1.446162 0.810307 -0.482128
vt 0.647364 0.674968
vn -0.175519 0.895337 -0.409346
v -1.110973 0.832351 -0.350109
vt 0.613642 0.645060
vn -0.032255 0.957908 -0.285258
v -0.817937 0.948035 -0.192428
vt 0.576577 0.622278
vn -0.087143 0.618403 -0.781015
v -1.208936 0.859988 -0.274687
vt 0.608850 0.659846
vn 0.027589 0.896608 -0.441964
v -0.909991 1.020841 -0.154543
vt 0.572396 0.636240
vn -0.030024 0.668153 -0.743418
v -1.109857 0.955950 -0.158077
vt 0.587335 0.655482
vn -0.067861 0.685334 -0.725060
v -0.897713 1.063196 -0.053748
vt 0.561120 0.639643
vn 0.064091 0.899999 -0.431154
v -1.071841 1.059991 -0.073791
vt 0.570199 0.656336
vn -0.180656 0.824065 -0.536917
v -1.233887 1.005632 -0.068810
vt 0.582834 0.673320
vn -0.242022 0.843624 -0.479295
v -1.354043 0.887887 -0.238713
vt 0.611322 0.680964
vn -0.120241 0.923612 -0.363983
v -0.800669 1.119975 0.072709
vt 0.540963 0.637858
vn 0.051705 0.874092 -0.483000
v -0.976898 1.150033 0.096170
vt 0.546868 0.656764
vn -0.061626 0.914639 -0.399547
v -0.695746 1.170409 0.149233
vt 0.525658 0.632975
vn 0.081658 0.906935 -0.413281
v -0.874535 1.237654 0.306508
vt 0.520897 0.658610
vn 0.032779 0.995246 0.091716
v -1.170001 1.174464 0.280904
vt 0.539193 0.683757
vn -0.355114 0.923906 -0.142448
v -0.593055 1.185225 0.296776
vt 0.503944 0.632975
vn 0.311326 0.949234 0.045073
v -0.461803 1.100645 0.302627
vt 0.494469 0.616922
vn 0.291881 0.948660 0.121859
v -0.331011 1.092632 0.325103
vt 0.483543 0.602564
vn 0.240442 0.929296 0.280351
v -0.473031 1.090735 0.418541
vt 0.481224 0.624842
vn 0.351901 0.850448 0.391028
v -0.386624 1.010211 0.483015
vt 0.465080 0.618204
vn 0.406481 0.723707 0.557693
v -0.295949 0.903816 0.519047
vt 0.448112 0.609644
vn 0.265651 0.794383 0.546247
v -0.624112 1.122003 0.471430
vt 0.485939 0.645289
vn 0.242374 0.850795 0.466265
v -0.608420 1.165764 0.408751
vt 0.493553 0.639750
vn 0.191590 0.904374 0.381315
v -0.671978 1.173418 0.362641
vt 0.501320 0.644190
vn 0.019347 0.921561 0.387753
v -0.733763 1.097047 0.533761
vt 0.485222 0.660990
vn -0.266492 0.925511 0.269093
v -0.465480 0.998044 0.568112
vt 0.460838 0.632364
vn 0.486944 0.738636 0.466157
v -0.604021 1.097211 0.575179
vt 0.473884 0.650416
vn 0.309102 0.897812 0.313671
v -0.368436 0.877159 0.640465
vt 0.436957 0.624735
vn 0.434381 0.707138 0.557914
v -0.500870 0.923865 0.707256
vt 0.443168 0.646662
vn 0.500838 0.657212 0.563234
v -0.316500 0.665612 0.814308
vt 0.398672 0.633021
vn 0.390179 0.614245 0.685904
v -0.750177 1.038437 0.719073
vt 0.465904 0.674769
vn -0.171065 0.932108 0.319236
v -0.735207 0.998436 0.819811
vt 0.453590 0.680186
vn 0.176892 0.868124 0.463756
v -0.890162 1.011094 0.603101
vt 0.486427 0.684382
vn -0.359002 0.915391 0.182149
v -0.542039 0.827151 0.836957
vt 0.425422 0.659144
vn 0.543354 0.613816 0.572709
v -0.202582 0.518595 0.895002
vt 0.370565 0.626413
vn 0.397751 0.644859 0.652649
v -0.081178 0.399836 0.926572
vt 0.342336 0.611780
vn 0.444067 0.628905 0.638187
v -0.345587 0.566379 0.913539
vt 0.381521 0.645090
vn 0.426136 0.639498 0.639883
v -0.468960 0.692857 0.903691
vt 0.402991 0.657282
vn 0.559512 0.586759 0.585371
v -0.225497 0.401799 1.043124
vt 0.345556 0.642695
vn 0.417980 0.570798 0.706741
v -0.430747 0.507017 1.054652
vt 0.366278 0.669505
vn 0.577738 0.607695 0.544909
v -0.322278 0.384464 1.088830
vt 0.346105 0.659953
vn 0.434194 0.608978 0.663793
v 0.038321 0.308911 0.961677
vt 0.322530 0.601160
vn 0.419358 0.625747 0.657708
v -0.192536 0.288568 1.095491
vt 0.325628 0.645594
vn 0.484088 0.508274 0.712261
v -0.064764 0.213375 1.063689
vt 0.310033 0.627024
vn 0.370950 0.553087 0.745983
v -0.010989 0.076170 1.140849
vt 0.277745 0.629129
vn 0.461459 0.538077 0.705357
v -0.073825 0.004836 1.241702
vt 0.265675 0.650690
vn 0.478811 0.607978 0.633327
v -0.322541 0.178280 1.249755
vt 0.309438 0.679423
vn 0.546584 0.566207 0.616973
v -0.434227 0.369582 1.227336
vt 0.343175 0.688472
vn 0.603575 0.550506 0.576750
v -0.120508 -0.099760 1.397529
vt 0.239536 0.681163
vn 0.532349 0.602766 0.594372
v -0.300151 0.088991 1.344873
vt 0.287373 0.689708
vn 0.520352 0.645665 0.558884
v -0.414923 0.215697 1.323207
vt 0.315129 0.701930
vn 0.655659 0.484711 0.578935
v -0.402119 0.081501 1.450765
vt 0.291951 0.714427
vn 0.508503 0.639399 0.576709
v -0.479334 0.300179 1.357096
vt 0.331106 0.707073
vn 0.614561 0.492843 0.615971
v -0.028980 -0.317064 1.526594
vt 0.191180 0.689952
vn 0.606884 0.567993 0.555947
v -0.520831 0.144462 1.471909
vt 0.310521 0.727428
vn 0.556958 0.550802 0.621622
v -0.332521 -0.072058 1.550460
vt 0.259190 0.725322
vn 0.535955 0.620296 0.572700
v -0.488724 0.031721 1.591416
vt 0.288746 0.741619
vn 0.464680 0.612676 0.639297
v -0.255569 -0.242198 1.662783
vt 0.222614 0.739162
vn 0.519876 0.572947 0.633610
v -0.422736 -0.070128 1.641466
vt 0.265309 0.746288
vn 0.445300 0.608708 0.656645
v -0.677821 0.120357 1.650676
vt 0.311131 0.763775
vn 0.468323 0.604154 0.644726
v -0.587934 0.226327 1.485291
vt 0.323751 0.733227
vn 0.532739 0.502183 0.681177
v -0.745253 0.289091 1.534067
vt 0.339559 0.752331
vn 0.486151 0.639695 0.595355
v -0.779527 0.394734 1.436515
vt 0.360464 0.743374
vn 0.301158 0.690065 0.658114
v -0.350905 -0.221626 1.726504
vt 0.233265 0.757168
vn 0.355848 0.265235 0.896115
v -0.557665 -0.005924 1.646563
vt 0.287510 0.757397
vn 0.480009 0.558317 0.676664
v -0.449788 -0.187971 1.745041
vt 0.248249 0.770108
vn 0.360512 0.482259 0.798409
v -0.257013 -0.297244 1.701943
vt 0.210697 0.747875
vn 0.242985 -0.044100 0.969027
v -0.118144 -0.333876 1.651835
vt 0.192355 0.722927
vn 0.519594 0.493382 0.697565
v -0.475592 -0.111927 1.695744
vt 0.265782 0.760250
vn 0.404911 0.581807 0.705371
v -0.661669 -0.008214 1.770762
vt 0.294484 0.780606
vn 0.484518 0.536480 0.690964
v -0.489446 -0.188003 1.763810
vt 0.254200 0.781003
vn 0.254936 -0.067800 0.964578
v -0.578414 -0.148461 1.805055
vt 0.272816 0.784817
vn 0.287256 -0.225006 0.931051
v -0.740066 -0.099957 1.845142
vt 0.291493 0.801068
vn 0.291366 -0.268367 0.918197
v -0.802114 0.002743 1.848328
vt 0.306157 0.797620
vn 0.299102 0.515483 0.803004
v -0.893905 0.141223 1.738669
vt 0.331044 0.790112
vn 0.295405 0.591167 0.750505
v -0.827589 -0.079090 1.889225
vt 0.302953 0.807523
vn 0.166722 -0.254363 0.952629
v -0.951356 -0.035066 1.887487
vt 0.315724 0.813901
vn -0.057050 0.193154 0.979508
v -0.788457 -0.214529 1.712428
vt 0.276417 0.827756
vn -0.010346 -0.606861 0.794741
v -0.992459 -0.069703 1.874221
vt 0.316884 0.819760
vn -0.107132 -0.401290 0.909664
v -1.049385 0.043561 1.850413
vt 0.330495 0.814923
vn 0.141258 0.367585 0.919199
v -0.819973 0.326965 1.564884
vt 0.349081 0.760510
vn 0.358372 0.707950 0.608585
v -1.128964 0.223121 1.786634
vt 0.351766 0.808286
vn -0.191919 0.624858 0.756782
v -0.890425 0.279508 1.634398
vt 0.348653 0.775418
vn 0.305893 0.631917 0.712117
v -0.935992 0.376451 1.541945
vt 0.365087 0.768826
vn 0.349967 0.750975 0.559964
v -1.182148 0.065180 1.864432
vt 0.341497 0.823621
vn -0.249161 0.351760 0.902322
v -1.034743 0.360065 1.606245
vt 0.364767 0.784436
vn 0.172550 0.712137 0.680505
v -0.906840 0.395552 1.477297
vt 0.368353 0.760525
vn 0.368960 0.740483 0.561741
v -1.014389 0.447981 1.519584
vt 0.379278 0.773236
vn 0.162782 0.699883 0.695460
v -1.147939 0.337497 1.634688
vt 0.369009 0.799863
vn -0.560028 0.693377 0.453427
v -1.224301 0.036202 1.847401
vt 0.343313 0.828550
vn -0.746819 0.244505 0.618449
v -1.180375 -0.053055 1.879145
vt 0.334112 0.831434
vn -0.252899 -0.261854 0.931383
v -1.019445 0.561015 1.433040
vt 0.397375 0.760327
vn -0.002146 0.599296 0.800524
v -0.987075 -0.167071 1.774758
vt 0.305791 0.834806
vn 0.042105 -0.621266 0.782468
v -1.286020 -0.138583 1.762999
vt 0.341817 0.848875
vn -0.715904 -0.281012 0.639151
v -1.109069 -0.099433 1.817510
vt 0.323888 0.834257
vn -0.144355 -0.799271 0.583376
v -1.179587 -0.166809 1.782521
vt 0.327031 0.845823
vn -0.123459 -0.587090 0.800052
v -0.883531 -0.373058 1.629706
vt 0.267659 0.860212
vn -0.228158 -0.775291 0.588955
v -1.050961 -0.337506 1.676512
vt 0.299931 0.863325
vn -0.149208 -0.896070 0.418086
v -1.202633 -0.284685 1.684738
vt 0.324392 0.865339
vn -0.399603 -0.858599 0.321132
v -1.085695 -0.305421 1.571314
vt 0.304128 0.881727
vn -0.323668 -0.923100 0.207665
v -1.302041 -0.203604 1.694122
vt 0.340108 0.861494
vn -0.714449 -0.570277 0.405396
v -1.287793 -0.223883 1.609547
vt 0.339742 0.875792
vn -0.473157 -0.843483 0.254281
v -1.348002 -0.168968 1.610300
vt 0.354162 0.868864
vn -0.815535 -0.313086 0.486703
v -1.359098 -0.137635 1.591705
vt 0.360845 0.866957
vn -0.912073 0.238256 0.333702
v -1.423970 -0.227971 1.503480
vt 0.367132 0.890593
vn -0.708188 -0.301102 0.638598
v -1.212482 -0.260678 1.530012
vt 0.327596 0.889479
vn -0.286710 -0.806567 0.516959
v -1.361200 -0.315789 1.443409
vt 0.352804 0.912459
vn -0.310606 -0.636526 0.705945
v -1.216750 -0.343426 1.477528
vt 0.323384 0.907240
vn -0.258587 -0.517965 0.815380
v -1.503680 -0.345846 1.360571
vt 0.385153 0.925292
vn -0.559359 -0.468062 0.684131
v -1.000535 -0.361611 1.515066
vt 0.283391 0.891020
vn -0.307519 -0.720409 0.621646
v -0.877818 -0.391243 1.563552
vt 0.261402 0.872618
vn -0.463590 -0.750055 0.471700
v -1.007495 -0.460255 1.448101
vt 0.271412 0.918120
vn -0.252560 -0.641952 0.723956
v -1.285363 -0.420810 1.419079
vt 0.333623 0.931655
vn -0.350153 -0.563861 0.747966
v -1.355093 -0.496200 1.292679
vt 0.352956 0.966583
vn -0.368166 -0.642410 0.672133
v -1.176829 -0.520926 1.364395
vt 0.302785 0.953506
vn -0.182744 -0.683978 0.706243
v -0.960089 -0.565342 1.316024
vt 0.240635 0.946899
vn -0.280079 -0.805379 0.522418
v -0.870793 -0.534565 1.461251
vt 0.234760 0.902388
vn -0.401408 -0.707367 0.581811
v -0.816362 -0.591246 1.404944
vt 0.210529 0.911452
vn -0.347740 -0.807124 0.477104
v -0.667184 -0.630559 1.434140
vt 0.178668 0.881102
vn -0.123779 -0.751352 0.648189
v -1.447607 -0.494695 1.249407
vt 0.379995 0.970153
vn -0.423088 -0.655533 0.625518
v -0.744268 -0.501727 1.568823
vt 0.224170 0.863828
vn -0.310974 -0.739933 0.596485
v -1.570717 -0.477851 1.160834
vt 0.417807 0.969451
vn -0.733612 -0.464085 0.496426
v -1.599673 -0.507091 1.074695
vt 0.438193 0.983780
vn -0.836358 -0.424560 0.346777
v -1.600658 -0.465455 1.116403
vt 0.432502 0.970275
vn -0.942316 0.029224 0.333445
v -1.626265 -0.502741 1.000026
vt 0.459327 0.988342
vn -0.922464 -0.012780 0.385871
v -1.558964 -0.385160 1.155100
vt 0.425254 0.949004
vn -0.967049 0.083235 0.240600
v -1.535852 -0.326091 1.334504
vt 0.394263 0.924224
vn -0.905393 -0.024702 0.423855
v -1.482209 -0.240661 1.408710
vt 0.384085 0.902617
vn -0.862036 0.344564 0.371712
v -1.496457 -0.220874 1.299457
vt 0.407431 0.902358
vn -0.849501 0.451452 0.273019
v -1.401317 -0.157030 1.370072
vt 0.394263 0.882887
vn -0.799945 0.520631 0.298379
v -1.357720 -0.038271 1.361614
vt 0.400534 0.862852
vn -0.803952 0.519383 0.289660
v -1.474396 -0.116016 1.239907
vt 0.421088 0.887327
vn -0.819131 0.445464 0.361368
v -1.554762 -0.307416 1.177923
vt 0.426596 0.930694
vn -0.957576 0.174663 0.229220
v -1.340320 0.009382 1.304091
vt 0.414420 0.853727
vn -0.837278 0.462376 0.291846
v -1.620749 -0.324620 0.988266
vt 0.465660 0.942519
vn -0.894291 0.188519 0.405838
v -1.518518 -0.065451 1.029859
vt 0.458686 0.880095
vn -0.840461 0.407909 0.356702
v -1.677610 -0.419895 0.921938
vt 0.487175 0.968536
vn -0.947638 -0.041223 0.316675
v -1.661458 -0.491915 0.906645
vt 0.487480 0.988968
vn -0.953788 -0.249718 0.167122
v -1.668746 -0.488775 0.723823
vt 0.536049 0.989532
vn -0.981509 -0.191174 -0.009667
v -1.686934 -0.330147 0.856247
vt 0.505440 0.947631
vn -0.973921 0.180506 0.137463
v -1.686014 -0.394547 0.683100
vt 0.546044 0.964309
vn -0.998961 -0.024370 0.038518
v -1.660539 -0.498227 0.613933
vt 0.566781 0.990295
vn -0.974194 -0.197895 0.108548
v -1.682534 -0.417409 0.584448
vt 0.572168 0.966629
vn -0.947977 -0.270091 0.168495
v -1.689560 -0.479617 0.542682
vt 0.587716 0.980850
vn -0.890472 -0.144143 0.431605
v -1.715561 -0.362919 0.505318
vt 0.590326 0.951202
vn -0.940540 0.100028 0.324620
v -1.640644 -0.232681 0.772831
vt 0.520989 0.924498
vn -0.969051 0.226026 -0.099263
v -1.682140 -0.312551 0.595570
vt 0.564950 0.939162
vn -0.928957 0.326761 0.173973
v -1.774129 -0.475889 0.420163
vt 0.622171 0.966354
vn -0.890316 -0.323481 0.320465
v -1.718450 -0.515987 0.453240
vt 0.614252 0.984268
vn -0.666890 -0.685646 0.291801
v -1.717925 -0.514319 0.387492
vt 0.631739 0.983032
vn -0.490155 -0.856314 0.162712
v -1.755285 -0.530803 0.278529
vt 0.661219 0.972793
vn -0.707316 -0.698455 0.108922
v -1.636508 -0.157324 0.828500
vt 0.505684 0.910460
vn -0.958042 0.225543 0.176878
v -1.824686 -0.467908 0.148132
vt 0.681743 0.937911
vn -0.895470 -0.385289 0.222905
v -1.738213 -0.534761 0.171130
vt 0.690944 0.969039
vn -0.620524 -0.781733 0.061992
v -1.825080 -0.522300 0.006613
vt 0.728939 0.934371
vn -0.620863 -0.729401 0.287233
v -1.719632 -0.302117 0.449475
vt 0.599100 0.930190
vn -0.862489 0.484664 0.145648
v -1.807615 -0.453844 0.265437
vt 0.655787 0.945251
vn -0.972885 0.008023 0.231151
v -1.883319 -0.496690 -0.053169
vt 0.737896 0.913954
vn -0.863727 -0.424573 0.271501
v -1.864804 -0.533322 -0.100207
vt 0.753613 0.917006
vn -0.783635 -0.615702 0.082626
v -1.931776 -0.438112 -0.197410
vt 0.758312 0.878660
vn -0.920133 -0.176298 0.349678
v -1.849242 -0.537443 -0.194688
vt 0.776608 0.905425
vn -0.713549 -0.686178 0.141449
v -1.862506 -0.365863 0.037547
vt 0.701823 0.900221
vn -0.957377 0.054766 0.283602
v -1.860273 -0.273041 0.025324
vt 0.690211 0.881651
vn -0.976230 0.114787 0.183845
v -1.965131 -0.477949 -0.274860
vt 0.775845 0.868864
vn -0.874596 -0.380294 0.300764
v -1.902098 -0.549315 -0.371832
vt 0.809583 0.870069
vn -0.537367 -0.821218 0.191929
v -1.860733 -0.259631 -0.073270
vt 0.707561 0.867735
vn -0.955586 0.257222 0.143846
v -1.828232 -0.151928 0.071609
vt 0.664668 0.866667
vn -0.955190 0.167220 0.244233
v -1.950029 -0.376035 -0.258698
vt 0.758038 0.857557
vn -0.941328 0.202230 0.270193
v -1.985682 -0.414563 -0.427270
vt 0.786908 0.834943
vn -0.984281 0.024259 0.174933
v -1.909780 -0.246581 -0.312282
vt 0.742504 0.832364
vn -0.848132 0.289893 0.443434
v -1.964540 -0.513502 -0.414004
vt 0.802747 0.850889
vn -0.802153 -0.570871 0.175089
v -1.964080 -0.331128 -0.369979
vt 0.765881 0.834287
vn -0.958753 0.160513 0.234581
v -2.008006 -0.464834 -0.521403
vt 0.804578 0.823529
vn -0.987172 -0.151582 0.050142
v -1.836702 -0.644558 -0.661242
vt 0.859907 0.821027
vn -0.402993 -0.899160 -0.170610
v -1.728036 -0.647763 -0.562996
vt 0.877455 0.850416
vn -0.225831 -0.949251 0.218911
v -1.539595 -0.723512 -0.750452
vt 0.934157 0.806699
vn -0.274972 -0.959097 -0.067265
v -1.507553 -0.722400 -0.834853
vt 0.943206 0.785351
vn -0.432384 -0.716195 -0.547821
v -1.965328 -0.252109 -0.367082
vt 0.755123 0.823606
vn -0.932649 0.095860 0.347817
v -1.953509 -0.141560 -0.467356
vt 0.751720 0.800443
vn -0.923592 0.374293 0.082958
v -1.878658 -0.096915 -0.326417
vt 0.728191 0.809140
vn -0.609332 0.502909 0.613023
v -1.830267 -0.098616 -0.298321
vt 0.718990 0.811917
vn -0.786735 0.525008 0.324677
v -1.962438 -0.572962 -0.617275
vt 0.831250 0.819974
vn -0.754495 -0.654243 -0.052002
v -1.992707 -0.407433 -0.636217
vt 0.808316 0.799588
vn -0.999833 0.005134 -0.017533
v -1.948256 -0.538947 -0.719055
vt 0.835874 0.801236
vn -0.693389 -0.557501 -0.456512
v -1.672620 -0.572799 -0.861732
vt 0.891402 0.774166
vn -0.520480 -0.609128 -0.598385
v -1.393766 -0.683904 -0.947582
vt 0.962997 0.743862
vn -0.460744 -0.838534 -0.290818
v -1.755941 -0.551245 -0.807743
vt 0.871748 0.783536
vn -0.481217 -0.591547 -0.646918
v -1.346426 -0.684918 -1.064945
vt 0.966201 0.707713
vn -0.459960 -0.783784 -0.417276
v -1.358770 -0.700813 -0.988711
vt 0.971160 0.730190
vn -0.646368 -0.719284 -0.254636
v -1.684964 -0.510067 -0.910797
vt 0.879026 0.756451
vn -0.542939 -0.704881 -0.456465
v -1.843333 -0.415021 -0.874418
vt 0.843809 0.763775
vn -0.441157 -0.770755 -0.459692
v -1.380175 -0.627452 -1.124089
vt 0.936156 0.688441
vn -0.440579 -0.713383 -0.544954
v -1.274530 -0.651099 -1.144480
vt 0.964813 0.675425
vn -0.331022 -0.737561 -0.588582
v -1.766184 -0.419993 -1.024684
vt 0.857816 0.735500
vn -0.490217 -0.744764 -0.452784
v -1.291470 -0.540059 -1.271575
vt 0.927077 0.659861
vn -0.465237 -0.683069 -0.563002
v -1.058052 -0.652996 -1.302914
vt 0.967636 0.602670
vn -0.431109 -0.738601 -0.518280
v -1.986601 -0.435954 -0.762617
vt 0.822568 0.782467
vn -0.844013 -0.395360 -0.362397
v -1.934205 -0.369232 -0.892839
vt 0.827558 0.758267
vn -0.750042 -0.531437 -0.393716
v -2.010435 -0.321709 -0.751900
vt 0.806104 0.776471
vn -0.998479 -0.052022 0.018250
v -1.921664 -0.335871 -1.008117
vt 0.829587 0.738140
vn -0.747901 -0.529497 -0.400346
v -1.593173 -0.270555 -1.286462
vt 0.860822 0.679820
vn -0.399906 -0.858308 -0.321533
v -1.935978 -0.268822 -0.944280
vt 0.815808 0.742046
vn -0.924343 -0.242319 -0.294741
v -1.931973 -0.260187 -1.062743
vt 0.822217 0.725322
vn -0.776238 -0.571681 -0.265773
v -1.740380 -0.278045 -1.196847
vt 0.847608 0.700786
vn -0.348527 -0.781455 -0.517549
v -1.759158 -0.229574 -1.287447
vt 0.838468 0.687068
vn -0.370378 -0.891253 -0.261703
v -1.359558 -0.409854 -1.371443
vt 0.891539 0.648173
vn -0.549890 -0.738069 -0.390993
v -1.209199 -0.540615 -1.350299
vt 0.926314 0.628412
vn -0.466740 -0.759153 -0.453696
v -1.410378 -0.349869 -1.452659
vt 0.872969 0.644724
vn -0.429071 -0.884131 -0.184959
v -1.217341 -0.413092 -1.580333
vt 0.879698 0.608576
vn -0.416871 -0.752180 -0.510337
v -0.979524 -0.628073 -1.404230
vt 0.941344 0.570214
vn -0.483022 -0.750842 -0.450473
v -0.943740 -0.700617 -1.344796
vt 0.970855 0.564813
vn -0.462502 -0.742136 -0.485103
v -0.986090 -0.539373 -1.610919
vt 0.899062 0.564828
vn -0.190078 -0.573950 -0.796525
v -0.848535 -0.654108 -1.519971
vt 0.928374 0.537240
vn -0.308574 -0.803970 -0.508344
v -0.742758 -0.753242 -1.389980
vt 0.963500 0.504570
vn 0.011765 -0.896148 -0.443599
v -1.570061 -0.291128 -1.475077
vt 0.853864 0.657465
vn -0.419811 -0.887372 -0.190602
v -1.332441 -0.345421 -1.613699
vt 0.863767 0.620447
vn -0.375468 -0.730715 -0.570157
v -1.460082 -0.321774 -1.549746
vt 0.858228 0.639017
vn -0.375659 -0.827088 -0.418099
v -1.156015 -0.296688 -1.717101
vt 0.855177 0.592447
vn 0.033290 -0.366723 -0.929734
v -1.414777 -0.192190 -1.675740
vt 0.843671 0.625437
vn -0.360680 -0.606723 -0.708376
v -1.695207 -0.167104 -1.559826
vt 0.830182 0.656321
vn -0.460340 -0.682337 -0.567893
v -1.605976 -0.113105 -1.660737
vt 0.825086 0.641443
vn -0.377827 -0.680410 -0.627924
v -1.903214 -0.146924 -1.346708
vt 0.820783 0.683726
vn -0.476286 -0.845833 -0.240248
v -1.910896 -0.092172 -1.469342
vt 0.813413 0.673884
vn -0.525084 -0.694795 -0.491474
v -2.022516 -0.104699 -1.204436
vt 0.805890 0.700908
vn -0.703485 -0.702657 -0.106685
v -2.019562 0.050593 -1.510876
vt 0.798505 0.670481
vn -0.700325 -0.528255 -0.480094
v -2.033350 -0.088248 -1.279569
vt 0.805188 0.691630
vn -0.734395 -0.646363 -0.207073
v -1.966772 -0.205796 -1.140251
vt 0.815656 0.711666
vn -0.710572 -0.657593 -0.250317
v -1.985091 -0.141004 -1.033489
vt 0.802243 0.720394
vn -0.949768 -0.218433 0.224115
v -2.052720 -0.068100 -1.206463
vt 0.799954 0.698253
vn -0.932248 -0.323814 0.161429
v -1.939458 -0.220775 -1.003019
vt 0.812482 0.731319
vn -0.959729 -0.277791 0.041853
v -1.973141 -0.099106 -0.951579
vt 0.792676 0.732067
vn -0.998521 0.052117 -0.015477
v -1.963292 0.027992 -1.057588
vt 0.783612 0.711101
vn -0.940523 0.198392 0.275786
v -2.085943 0.081534 -1.337671
vt 0.791409 0.682887
vn -0.997955 -0.036975 -0.052147
v -2.020087 0.016022 -1.148940
vt 0.789899 0.700847
vn -0.794057 0.069771 0.603825
v -2.058892 0.054485 -1.190128
vt 0.788617 0.694453
vn -0.859744 0.119255 0.496607
v -1.947665 0.181224 -1.140599
vt 0.772625 0.694377
vn -0.837682 0.362457 0.408550
v -2.037290 0.246441 -1.293703
vt 0.780438 0.679286
vn -0.818823 0.534786 0.208645
v -2.066180 0.096350 -1.456598
vt 0.794095 0.673518
vn -0.954479 -0.210594 -0.211237
v -2.043396 0.205983 -1.423347
vt 0.786007 0.672633
vn -0.881427 0.469454 -0.051963
v -2.052260 0.199442 -1.514236
vt 0.789410 0.667491
vn -0.883350 0.421478 -0.205059
v -1.834798 0.012032 -1.615843
vt 0.808576 0.656336
vn -0.512029 -0.615037 -0.599630
v -1.726723 0.004836 -1.727876
vt 0.810727 0.645747
vn -0.480934 -0.622805 -0.617103
v -1.545635 -0.081150 -1.748035
vt 0.822110 0.632883
vn -0.174668 -0.819316 -0.546088
v -1.535130 -0.009195 -1.820387
vt 0.813764 0.629862
vn -0.010748 -0.413986 -0.910220
v -1.449576 -0.069637 -1.772481
vt 0.822980 0.622644
vn -0.025992 -0.449050 -0.893129
v -1.402959 0.038590 -1.775203
vt 0.813077 0.616541
vn 0.202209 -0.127799 -0.970968
v -1.309001 -0.043210 -1.756261
vt 0.822232 0.608072
vn 0.188367 -0.012057 -0.982025
v -1.341568 -0.140251 -1.773292
vt 0.831937 0.612558
vn -0.097823 -0.307572 -0.946483
v -1.205785 -0.149507 -1.735754
vt 0.835355 0.596841
vn 0.252103 -0.001091 -0.967700
v -0.984645 -0.249885 -1.645907
vt 0.850629 0.568246
vn 0.315865 -0.138322 -0.938667
v -0.851817 -0.451915 -1.587689
vt 0.877852 0.538048
vn 0.175038 -0.022837 -0.984297
v -0.829428 -0.592946 -1.598348
vt 0.908446 0.535302
vn 0.025974 -0.391564 -0.919784
v -0.616496 -0.470132 -1.572744
vt 0.878737 0.497673
vn 0.148898 -0.067669 -0.986535
v -0.597980 -0.539209 -1.555481
vt 0.895613 0.491035
vn 0.429377 -0.412422 -0.803458
v -0.719646 -0.703168 -1.497958
vt 0.932876 0.507515
vn 0.169706 -0.774908 -0.608865
v -0.640461 -0.712817 -1.406721
vt 0.943221 0.481529
vn 0.406825 -0.729054 -0.550430
v -0.678806 -0.769727 -1.332863
vt 0.971160 0.479591
vn 0.205384 -0.823874 -0.528251
v -0.609602 -0.764428 -1.319423
vt 0.964004 0.459922
vn 0.147209 -0.677270 -0.720857
v -0.539084 -0.319256 -1.538566
vt 0.849485 0.489616
vn 0.097896 -0.012694 -0.995116
v -0.490299 -0.420254 -1.542911
vt 0.864622 0.475853
vn 0.305635 -0.273360 -0.912064
v -0.530877 -0.540844 -1.463723
vt 0.896620 0.466194
vn 0.478948 -0.567588 -0.669666
v -0.546241 -0.691950 -1.363217
vt 0.940566 0.449500
vn 0.288990 -0.538928 -0.791228
v -0.422868 -0.673732 -1.337613
vt 0.919051 0.424979
vn 0.510373 -0.567601 -0.646025
v -0.335279 -0.509479 -1.420624
vt 0.869947 0.437919
vn 0.567109 -0.511029 -0.645938
v -0.300611 -0.336819 -1.509312
vt 0.838209 0.448249
vn 0.513181 -0.334080 -0.790592
v -1.947337 -0.310654 -0.870769
vt 0.817105 0.757168
vn -0.846216 -0.334460 -0.414795
v -1.989424 -0.249754 -0.897532
vt 0.805386 0.751293
vn -0.834388 -0.269858 -0.480598
v -2.021991 -0.280858 -0.808496
vt 0.803998 0.765026
vn -0.967795 -0.217290 -0.127116
v -1.983778 -0.119123 -0.857619
vt 0.786770 0.745678
vn -0.985866 0.164769 0.030326
v -1.953246 -0.191143 -0.668309
vt 0.778317 0.776379
vn -0.965134 0.170715 0.198426
v -1.950226 0.005392 -0.940225
vt 0.778210 0.725551
vn -0.972499 0.226316 0.055011
v -1.962570 0.008139 -0.809886
vt 0.767651 0.741207
vn -0.918221 0.293787 0.265631
v -1.943200 0.125262 -1.011650
vt 0.769314 0.709880
vn -0.982273 0.174242 0.069133
v -1.924094 0.194274 -1.052722
vt 0.765911 0.699992
vn -0.978073 0.206262 0.028783
v -1.905578 0.138182 -0.887162
vt 0.757687 0.721309
vn -0.851968 0.347664 0.391510
v -1.927114 0.225705 -0.923541
vt 0.754711 0.709972
vn -0.823561 0.251110 0.508617
v -1.916280 0.307211 -1.222046
vt 0.766369 0.681376
vn -0.737679 0.537828 0.408132
v -1.956464 -0.080398 -0.773623
vt 0.774426 0.751705
vn -0.938957 0.194255 0.283945
v -1.879249 0.395257 -1.283160
vt 0.763378 0.671260
vn -0.815173 0.548831 0.185142
v -1.870779 0.358593 -1.176109
vt 0.758190 0.680812
vn -0.914518 0.404131 0.018327
v -1.912997 0.327162 -1.083366
vt 0.756542 0.690623
vn -0.957358 0.261716 -0.122356
v -1.883648 0.349729 -1.011129
vt 0.749493 0.694179
vn -0.857282 0.430421 0.282497
v -1.847601 0.413671 -0.967915
vt 0.741009 0.691936
vn -0.716030 0.444512 0.538247
v -1.795533 0.415764 -0.940572
vt 0.735210 0.693370
vn -0.714411 0.500712 0.488778
v -1.830727 0.337301 -0.918907
vt 0.742504 0.702327
vn -0.783323 0.389036 0.484826
v -1.860208 0.187471 -0.883339
vt 0.749798 0.718120
vn -0.693572 0.404378 0.596185
v -1.832959 0.185639 -0.813304
vt 0.743145 0.724773
vn -0.857143 0.368110 0.360279
v -1.788114 0.268584 -0.726991
vt 0.726284 0.724025
vn -0.929471 0.301247 0.212919
v -1.851081 0.121272 -0.709670
vt 0.741314 0.740703
vn -0.830891 0.548649 0.092758
v -1.714576 0.442192 -0.736086
vt 0.711437 0.704601
vn -0.789138 0.470823 0.394444
v -1.652266 0.543321 -0.784745
vt 0.706004 0.689845
vn -0.809546 0.454569 0.371486
v -1.644715 0.493181 -0.675261
vt 0.696559 0.703456
vn -0.870768 0.415004 0.263694
v -1.734536 0.349075 -0.689511
vt 0.713939 0.718364
vn -0.810958 0.457161 0.365172
v -1.807221 0.161011 -0.742979
vt 0.736980 0.734173
vn -0.793096 0.558237 0.243660
v -1.831383 0.163497 -0.656202
vt 0.731579 0.742687
vn -0.658228 0.752328 -0.027183
v -1.792447 0.181257 -0.639982
vt 0.725795 0.740337
vn -0.868041 0.496492 0.000491
v -1.796715 0.244217 -0.638071
vt 0.720195 0.734478
vn -0.930533 0.304695 0.203147
v -1.739526 0.277807 -0.606848
vt 0.709529 0.732830
vn -0.772946 0.592530 0.226852
v -1.783584 0.218150 -0.582518
vt 0.717357 0.743038
vn -0.876883 0.476725 0.061722
v -1.850621 0.131542 -0.565487
vt 0.726528 0.754910
vn -0.877947 0.449746 0.164128
v -1.622916 0.494522 -0.589875
vt 0.687617 0.709270
vn -0.933453 0.338781 0.117873
v -1.584374 0.652562 -0.567630
vt 0.672862 0.694820
vn -0.907357 0.406252 0.107993
v -1.695601 0.337562 -0.457798
vt 0.688411 0.739086
vn -0.837983 0.539198 -0.083962
v -1.583258 0.618612 -0.424373
vt 0.658930 0.708736
vn -0.941752 0.334015 0.039215
v -1.778396 0.259230 -0.431614
vt 0.696391 0.754025
vn -0.836048 0.548624 -0.005925
v -1.809256 0.139457 -0.479231
vt 0.713893 0.762753
vn -0.948034 0.309282 0.074680
v -1.716349 0.330629 -0.375076
vt 0.680949 0.748562
vn -0.870044 0.492402 0.023747
v -1.818448 0.189074 -0.407400
vt 0.701198 0.765347
vn -0.957465 0.285251 0.043510
v -1.822060 0.044150 -0.425706
vt 0.717891 0.779782
vn -0.953302 0.141161 0.267001
v -1.741890 0.257365 -0.283144
vt 0.677119 0.767437
vn -0.911777 0.391677 0.123500
v -1.670584 0.457695 -0.343448
vt 0.664958 0.736339
vn -0.918355 0.395682 -0.007705
v -1.681156 0.370171 -0.265128
vt 0.663233 0.752285
vn -0.924957 0.375939 0.055886
v -1.570783 0.598498 -0.317901
vt 0.648402 0.719509
vn -0.928750 0.365009 0.064738
v -1.617926 0.540050 -0.130329
vt 0.634195 0.743236
vn -0.894833 0.387293 -0.221986
v -1.724359 0.309729 -0.121872
vt 0.651316 0.774716
vn -0.952453 0.302113 -0.039507
v -1.796321 0.086309 -0.314773
vt 0.698238 0.787457
vn -0.967113 0.139783 0.212491
v -1.778200 0.116301 -0.213862
vt 0.682399 0.791592
vn -0.981984 0.152200 0.111995
v -1.823767 -0.067413 -0.350978
vt 0.720699 0.801282
vn -0.667509 0.632158 0.393457
v -1.771896 0.064919 -0.162074
vt 0.680491 0.805539
vn -0.993343 -0.044278 0.106344
v -1.763689 0.145541 -0.118802
vt 0.666438 0.797910
vn -0.977968 0.207967 0.018130
v -1.731516 0.246867 -0.013314
vt 0.641520 0.792203
vn -0.980624 0.148137 -0.128189
v -1.709914 0.407457 -0.032836
vt 0.631601 0.768475
vn -0.923659 0.249222 -0.291107
v -1.794614 0.065246 0.045715
vt 0.647745 0.824781
vn -0.977864 0.187706 0.092456
v -1.742941 0.194176 0.051971
vt 0.638346 0.804913
vn -0.907662 0.193635 -0.372364
v -1.784568 0.270644 0.109204
vt 0.624475 0.799374
vn -0.987225 0.131226 -0.090363
v -1.628103 0.610174 -0.059425
vt 0.619394 0.741619
vn -0.818369 0.426496 -0.385192
v -1.750229 0.405233 0.111290
vt 0.612909 0.782361
vn -0.949150 0.293948 0.112733
v -1.558176 0.707084 -0.081438
vt 0.614160 0.724285
vn -0.861908 0.482105 -0.157130
v -1.716677 0.510778 0.044382
vt 0.613611 0.763897
vn -0.930550 0.341966 -0.130903
v -1.778068 0.229663 0.168059
vt 0.617670 0.809842
vn -0.911763 0.058211 0.406571
v -1.683782 0.511563 0.159776
vt 0.597406 0.768734
vn -0.945881 0.270974 0.178555
v -1.624098 0.706594 0.129943
vt 0.589334 0.743664
vn -0.858593 0.498959 -0.117723
v -1.707879 0.367816 0.221180
vt 0.600992 0.793973
vn -0.929951 0.216921 0.296878
v -1.717728 0.115647 0.256400
vt 0.607843 0.831678
vn -0.904740 -0.022607 0.425365
v -1.663493 0.474113 0.334719
vt 0.575357 0.783642
vn -0.845600 0.296713 0.443759
v -1.690282 0.365134 0.396065
vt 0.572946 0.802686
vn -0.894683 0.236872 0.378727
v -1.677150 0.601768 0.270129
vt 0.579538 0.764004
vn -0.963431 0.209198 0.167442
v -1.643730 0.645399 0.314270
vt 0.571359 0.759518
vn -0.714743 0.327856 0.617780
v -1.611163 0.748916 0.261150
vt 0.572351 0.745296
vn -0.814497 0.541709 0.207717
v -1.485689 0.627737 0.402669
vt 0.548745 0.762295
vn -0.713264 0.218287 0.666037
v -1.562576 0.702799 0.338021
vt 0.561502 0.752331
vn -0.650600 0.232519 0.722948
v -1.383392 0.802065 0.540828
vt 0.526818 0.742351
vn -0.792755 0.118184 0.597974
v -1.527382 0.828688 0.195981
vt 0.574090 0.728557
vn -0.813940 0.580654 -0.018504
v -1.544125 0.529748 0.407245
vt 0.555093 0.778241
vn -0.657433 0.473322 0.586301
v -1.423904 0.666953 0.473747
vt 0.537148 0.758923
vn -0.751178 0.154681 0.641721
v -1.425742 0.950063 0.323307
vt 0.551064 0.719738
vn -0.751706 0.492681 0.438411
v -1.523640 0.830945 0.090899
vt 0.584451 0.722515
vn -0.821261 0.535955 -0.195661
v -1.343997 0.872253 0.555194
vt 0.522377 0.730694
vn -0.681367 0.505485 0.529362
v -1.571965 0.727787 -0.003640
vt 0.603143 0.729686
vn -0.761669 0.586217 -0.276061
v -1.492714 0.810536 0.002906
vt 0.595483 0.716381
vn -0.833780 0.511953 -0.206678
v -1.464415 0.968902 0.187755
vt 0.566094 0.711925
vn -0.774847 0.628706 -0.065890
v -1.456142 0.891583 -0.111561
vt 0.601938 0.697597
vn -0.695830 0.705291 -0.135591
v -1.462314 0.897830 0.016809
vt 0.587564 0.707683
vn -0.800669 0.568662 -0.188552
v -1.419833 1.010309 0.281657
vt 0.553643 0.711360
vn -0.762363 0.572278 0.302160
v -1.271838 1.029083 0.427983
vt 0.531106 0.708766
vn -0.507453 0.636150 0.581209
v -1.343800 1.081610 0.271693
vt 0.549798 0.700923
vn -0.475156 0.868139 -0.143391
v -1.303814 1.105028 0.340686
vt 0.541054 0.700191
vn -0.543173 0.765591 0.344721
v -1.305980 1.075690 0.221353
vt 0.554971 0.695521
vn -0.424171 0.852940 -0.304256
v -1.380241 1.003408 0.127104
vt 0.571359 0.700420
vn -0.520497 0.817491 -0.246560
v -1.381948 0.962949 -0.048882
vt 0.588052 0.692973
vn -0.493316 0.828183 -0.265993
v -1.230604 1.066990 0.068886
vt 0.567742 0.678935
vn -0.224921 0.952486 -0.205381
v -1.483522 0.853578 -0.259799
vt 0.621530 0.693538
vn -0.598660 0.799288 -0.052382
v -1.132706 1.180711 0.346652
vt 0.528374 0.683192
vn -0.285464 0.882951 0.372703
v -0.962715 1.219273 0.355573
vt 0.521675 0.669535
vn -0.095202 0.909661 0.404295
v -0.922073 1.107710 0.481973
vt 0.504585 0.676585
vn 0.033926 0.673721 0.738207
v -1.160546 1.017603 0.525187
vt 0.513542 0.704036
vn -0.272278 0.737440 0.618100
v -0.827392 1.058977 0.493616
vt 0.494224 0.670191
vn -0.142941 0.838286 0.526160
v -0.951291 1.001347 0.558728
vt 0.494728 0.688746
vn -0.177339 0.802463 0.569740
v -1.201648 0.906792 0.661319
vt 0.501350 0.723018
vn -0.336259 0.681026 0.650487
v -1.049582 0.927691 0.644056
vt 0.490822 0.707164
vn -0.302772 0.851790 0.427531
v -0.940654 0.982508 0.730369
vt 0.474540 0.696605
vn -0.367501 0.918723 0.144537
v -1.106049 0.849817 0.719595
vt 0.486122 0.723400
vn -0.458030 0.814291 0.356565
v -1.037435 0.914314 0.827457
vt 0.470512 0.717601
vn -0.574046 0.804156 0.154284
v -1.204078 0.786234 0.756727
vt 0.489891 0.738079
vn -0.663584 0.536352 0.521520
v -1.273020 0.772792 0.694048
vt 0.505028 0.744121
vn -0.766491 0.265269 0.584913
v -1.350497 0.698940 0.532081
vt 0.524865 0.753491
vn -0.760398 0.119472 0.638374
v -1.283328 0.625186 0.711253
vt 0.499825 0.763043
vn -0.827187 0.306978 0.470665
v -1.222396 0.700150 0.781636
vt 0.486305 0.750729
vn -0.849955 0.310331 0.425760
v -1.143278 0.756308 0.930164
vt 0.464485 0.742885
vn -0.811009 0.515898 0.275889
v -1.194557 0.585513 1.048048
vt 0.451133 0.769818
vn -0.865467 0.404334 0.295772
v -1.376629 0.538382 0.667228
vt 0.511849 0.777432
vn -0.738402 0.373805 0.561277
v -1.029556 0.885467 1.027078
vt 0.448066 0.725734
vn -0.504328 0.796083 0.334522
v -1.443733 0.436730 0.614049
vt 0.521553 0.791196
vn -0.697047 0.469730 0.541737
v -1.407686 0.372657 0.715829
vt 0.504738 0.801328
vn -0.665968 0.447070 0.597172
v -0.904279 0.959875 0.872525
vt 0.457481 0.702235
vn -0.209629 0.938714 0.273628
v -0.967771 0.842458 1.141487
vt 0.430869 0.726009
vn -0.132938 0.853893 0.503184
v -1.076043 0.767722 1.111596
vt 0.438590 0.742428
vn -0.773448 0.543811 0.325650
v -0.838226 0.817927 1.111711
vt 0.424628 0.713481
vn 0.343845 0.727674 0.593515
v -0.703822 0.893153 0.957448
vt 0.433005 0.687770
vn 0.445484 0.694137 0.565437
v -0.651426 0.792024 0.999099
vt 0.417319 0.685679
vn 0.559516 0.611037 0.559979
v -0.963306 0.769947 1.252825
vt 0.418570 0.735515
vn 0.162358 0.729446 0.664491
v -0.582550 0.537205 1.239327
vt 0.370962 0.700267
vn 0.549005 0.534734 0.642381
v -0.697388 0.677517 1.196344
vt 0.396567 0.707195
vn 0.423190 0.645075 0.636230
v -0.676311 0.467997 1.337979
vt 0.367025 0.721859
vn 0.365194 0.541904 0.756951
v -0.817806 0.653641 1.263541
vt 0.397864 0.727565
vn 0.346453 0.567765 0.746735
v -0.907102 0.475618 1.400136
vt 0.379538 0.751034
vn 0.416326 0.544490 0.728150
v -1.037370 0.754542 1.259255
vt 0.421210 0.743450
vn -0.533947 0.666013 0.520892
v -1.071250 0.466624 1.474400
vt 0.389929 0.777691
vn -0.584968 0.635409 0.504051
v -1.145576 0.462306 1.304728
vt 0.413794 0.783169
vn -0.825288 0.464284 0.321465
v -1.166258 0.384497 1.395792
vt 0.396155 0.797665
vn -0.825662 0.501683 0.258062
v -1.288449 0.320588 1.174853
vt 0.435676 0.809918
vn -0.846789 0.433786 0.307860
v -1.295935 0.376647 1.024413
vt 0.459251 0.802289
vn -0.915317 0.381916 0.127812
v -1.264024 0.497433 0.902822
vt 0.473686 0.782345
vn -0.930810 0.311777 0.190757
v -1.344391 0.256090 1.092884
vt 0.448020 0.821408
vn -0.911982 0.375404 0.165414
v -1.404206 0.015368 1.162341
vt 0.437125 0.863050
vn -0.810682 0.472383 0.345903
v -1.331193 0.251609 0.950323
vt 0.469795 0.819944
vn -0.857045 0.481546 0.183270
v -1.396196 0.145737 1.003849
vt 0.464103 0.840299
vn -0.891760 0.449860 0.048894
v -1.299677 0.421063 0.809326
vt 0.488060 0.792721
vn -0.859396 0.331971 0.388887
v -1.370720 0.293637 0.814597
vt 0.489799 0.813870
vn -0.642547 0.587220 0.492246
v -1.476562 0.211707 0.827167
vt 0.497963 0.833799
vn -0.656752 0.566353 0.497917
v -1.469865 0.327816 0.694569
vt 0.514946 0.811582
vn -0.641782 0.527379 0.556764
v -1.537888 0.065507 0.860824
vt 0.495674 0.861402
vn -0.809252 0.385754 0.443062
v -1.563232 0.412494 0.535441
vt 0.543618 0.798962
vn -0.669902 0.481141 0.565451
v -1.632437 0.343515 0.469518
vt 0.558663 0.808515
vn -0.775633 0.276130 0.567578
v -1.550626 0.242942 0.651181
vt 0.528664 0.827024
vn -0.695905 0.508254 0.507339
v -1.640578 0.147209 0.632528
vt 0.540856 0.846448
vn -0.923989 0.184551 0.334942
v -1.655023 0.250203 0.549691
vt 0.551690 0.826535
vn -0.826801 0.363981 0.428858
v -1.677479 0.256123 0.439917
vt 0.568887 0.820294
vn -0.977228 0.021030 0.211147
v -1.677019 0.154077 0.331880
vt 0.592035 0.833677
vn -0.921825 -0.111346 0.371268
v -1.653973 0.136121 0.441597
vt 0.570672 0.842710
vn -0.983435 -0.096541 0.153412
v -1.725541 -0.001280 0.246842
vt 0.619730 0.856229
vn -0.909281 0.032028 0.414949
v -1.648589 -0.052205 0.486665
vt 0.573297 0.877028
vn -0.980866 -0.081267 0.176909
v -1.636508 -0.157684 0.438758
vt 0.587732 0.896590
vn -0.964579 0.064047 0.255903
v -1.618517 -0.083767 0.590067
vt 0.554696 0.887221
vn -0.998158 -0.021080 0.056890
v -1.668615 -0.254954 0.394964
vt 0.601404 0.910201
vn -0.840539 0.477993 0.254985
v -1.625083 -0.200399 0.589082
vt 0.563760 0.907713
vn -0.962238 0.268286 0.046054
v -1.629351 0.060830 0.697235
vt 0.530312 0.863111
vn -0.963730 0.114270 0.241179
v -1.621406 -0.051976 0.803822
vt 0.510826 0.886152
vn -0.858500 0.257026 0.443752
v -1.708141 -0.278765 0.351924
vt 0.616831 0.915480
vn -0.850636 0.423273 0.311862
v -1.737425 -0.330343 0.281078
vt 0.636271 0.921080
vn -0.877723 0.222483 0.424386
v -1.711424 -0.125730 0.252113
vt 0.624750 0.877562
vn -0.888260 0.112093 0.445455
v -1.745567 -0.140513 0.222570
vt 0.635248 0.879683
vn -0.723655 0.546484 0.421521
v -1.788114 -0.274218 0.220716
vt 0.649271 0.903365
vn -0.844340 0.192942 0.499864
v -1.818974 -0.005924 -0.009259
vt 0.664881 0.832471
vn -0.962591 0.252034 -0.099489
v -1.820747 -0.141331 -0.091691
vt 0.693324 0.842023
vn -0.917930 0.394643 -0.040753
v -1.783452 0.030053 -0.069910
vt 0.670314 0.819593
vn -0.948842 0.103851 -0.298184
v -1.743072 0.002318 -0.141567
vt 0.684047 0.815686
vn -0.998491 -0.049559 0.023682
v -1.777083 -0.107479 -0.122219
vt 0.692210 0.830793
vn -0.842507 0.525640 -0.117836
v -1.845566 -0.131715 -0.198453
vt 0.711727 0.828412
vn -0.856764 0.473666 0.203951
v -1.792054 -0.034805 -0.217164
vt 0.699138 0.812680
vn -0.919590 0.252455 0.301032
v -1.869991 -0.055999 -0.378205
vt 0.728923 0.798978
vn -0.478109 0.792161 0.379330
v -1.850490 -0.003014 -0.488848
vt 0.732174 0.780468
vn -0.924744 0.292868 0.243057
v -1.850162 0.055270 -0.472280
vt 0.724086 0.773465
vn -0.870739 0.256127 0.419777
v -1.873405 -0.030553 -0.597116
vt 0.747616 0.769345
vn -0.864450 0.409072 0.292210
v -1.921533 -0.085762 -0.599838
vt 0.758343 0.777142
vn -0.900750 0.414079 0.131106
v -1.898815 0.004247 -0.657767
vt 0.751293 0.758633
vn -0.908243 0.342784 0.239988
v -1.949504 -0.187643 -0.546196
vt 0.766171 0.792630
vn -0.973975 0.187535 -0.127294
v -1.983909 -0.353892 -0.574639
vt 0.792905 0.804044
vn -0.955237 0.255877 -0.148491
v -1.946286 -0.284783 -0.608933
vt 0.785061 0.792569
vn -0.977614 0.208044 -0.031457
v -0.645254 -0.242198 1.706519
vt 0.257252 0.807889
vn -0.038749 -0.586841 0.808774
v -0.799750 -0.396869 1.632313
vt 0.251453 0.843091
vn -0.073645 -0.349529 0.934027
v -0.472112 -0.329885 1.661914
vt 0.222675 0.792203
vn -0.044392 -0.493098 0.868840
v -0.793709 -0.428366 1.621480
vt 0.245548 0.855451
vn -0.392675 -0.589913 0.705556
v -0.679725 -0.409592 1.613254
vt 0.230320 0.833219
vn 0.029923 -0.147886 0.988552
v -0.680842 -0.484065 1.626172
vt 0.223041 0.843961
vn -0.077537 -0.500366 0.862335
v -0.585570 -0.432062 1.625883
vt 0.217899 0.823651
vn 0.012549 -0.252062 0.967629
v -0.499032 -0.532079 1.568650
vt 0.184680 0.823880
vn -0.029006 -0.667766 0.743806
v -0.306980 -0.434122 1.618063
vt 0.184360 0.771878
vn 0.066342 -0.494873 0.866429
v -0.231669 -0.450933 1.591010
vt 0.168353 0.754879
vn 0.011052 -0.547477 0.836747
v -0.318667 -0.602170 1.527579
vt 0.145586 0.794415
vn -0.027083 -0.648931 0.760365
v -0.047298 -0.436412 1.649865
vt 0.165606 0.717555
vn 0.254236 -0.057303 0.965443
v -0.125958 -0.566258 1.523292
vt 0.131807 0.747936
vn -0.080584 -0.527508 0.845719
v -0.260756 -0.646029 1.485001
vt 0.123537 0.788067
vn -0.158665 -0.716375 0.679435
v -0.569156 -0.574990 1.495486
vt 0.183719 0.845640
vn -0.037233 -0.773567 0.632620
v -0.559963 -0.637231 1.432692
vt 0.158816 0.862501
vn 0.018102 -0.744403 0.667486
v -0.377563 -0.633503 1.421164
vt 0.129366 0.823072
vn -0.215114 -0.864836 0.453636
v -0.479400 -0.640600 1.401353
vt 0.139757 0.849012
vn 0.031885 -0.981579 0.188376
v -0.260690 -0.698818 1.402048
vt 0.099992 0.799268
vn -0.367351 -0.784784 0.499166
v -0.122412 -0.760732 1.408420
vt 0.076127 0.763363
vn -0.300693 -0.753313 0.584896
v -0.001862 -0.786996 1.432808
vt 0.065080 0.729168
vn 0.038696 -0.508356 0.860277
v 0.028209 -0.710756 1.469129
vt 0.088457 0.717922
vn 0.006170 -0.500810 0.865535
v 0.076600 -0.528612 1.600742
vt 0.144350 0.703044
vn 0.315967 -0.279306 0.906727
v -0.055703 -0.530018 1.590720
vt 0.145434 0.725856
vn -0.226665 -0.660484 0.715809
v 0.095641 -0.491555 1.578671
vt 0.145876 0.689372
vn 0.700356 0.401044 0.590478
v 0.157163 -0.547647 1.523697
vt 0.129976 0.674601
vn 0.746866 0.356471 0.561355
v 0.075943 -0.440369 1.516398
vt 0.159655 0.679026
vn 0.732365 0.554185 0.395628
v -1.517140 0.829015 -0.361347
vt 0.635248 0.691112
vn -0.655477 0.746864 -0.112001
v -1.552070 0.731353 -0.283550
vt 0.634073 0.707149
vn -0.950110 0.310196 0.032683
f 3/3/3 2/2/2 1/1/1
f 4/4/4 3/3/3 1/1/1
f 1/1/1 2/2/2 5/5/5
f 4/4/4 1/1/1 5/5/5
f 2/2/2 3/3/3 6/6/6
f 7/7/7 3/3/3 4/4/4
f 6/6/6 3/3/3 7/7/7
f 8/8/8 7/7/7 4/4/4
f 9/9/9 7/7/7 8/8/8
f 4/4/4 5/5/5 10/10/10
f 8/8/8 4/4/4 11/11/11
f 11/11/11 4/4/4 10/10/10
f 9/9/9 8/8/8 12/12/12
f 11/11/11 12/12/12 8/8/8
f 9/9/9 13/13/13 7/7/7
f 6/6/6 7/7/7 13/13/13
f 9/9/9 12/12/12 14/14/14
f 15/15/15 6/6/6 13/13/13
f 13/13/13 9/9/9 16/16/16
f 17/17/17 15/15/15 13/13/13
f 13/13/13 16/16/16 17/17/17
f 18/18/18 15/15/15 17/17/17
f 15/15/15 18/18/18 6/6/6
f 17/17/17 16/16/16 19/19/19
f 20/20/20 16/16/16 9/9/9
f 20/20/20 19/19/19 16/16/16
f 20/20/20 9/9/9 14/14/14
f 18/18/18 17/17/17 21/21/21
f 19/19/19 21/21/21 17/17/17
f 22/22/22 20/20/20 14/14/14
f 19/19/19 20/20/20 23/23/23
f 20/20/20 22/22/22 23/23/23
f 19/19/19 23/23/23 24/24/24
f 22/22/22 25/25/25 23/23/23
f 23/23/23 25/25/25 24/24/24
f 19/19/19 24/24/24 26/26/26
f 19/19/19 26/26/26 21/21/21
f 25/25/25 27/27/27 24/24/24
f 24/24/24 27/27/27 26/26/26
f 28/28/28 25/25/25 22/22/22
f 22/22/22 14/14/14 29/29/29
f 28/28/28 22/22/22 29/29/29
f 30/30/30 29/29/29 14/14/14
f 12/12/12 30/30/30 14/14/14
f 31/31/31 29/29/29 30/30/30
f 32/32/32 30/30/30 12/12/12
f 30/30/30 32/32/32 31/31/31
f 11/11/11 32/32/32 12/12/12
f 29/29/29 31/31/31 33/33/33
f 28/28/28 29/29/29 33/33/33
f 31/31/31 32/32/32 34/34/34
f 35/35/35 33/33/33 31/31/31
f 34/34/34 36/36/36 31/31/31
f 35/35/35 31/31/31 36/36/36
f 34/34/34 37/37/37 36/36/36
f 37/37/37 34/34/34 32/32/32
f 38/38/38 35/35/35 36/36/36
f 33/33/33 39/39/39 28/28/28
f 33/33/33 35/35/35 39/39/39
f 40/40/40 39/39/39 35/35/35
f 35/35/35 38/38/38 40/40/40
f 36/36/36 41/41/41 38/38/38
f 41/41/41 40/40/40 38/38/38
f 37/37/37 41/41/41 36/36/36
f 39/39/39 42/42/42 28/28/28
f 39/39/39 40/40/40 43/43/43
f 39/39/39 43/43/43 42/42/42
f 42/42/42 44/44/44 28/28/28
f 28/28/28 44/44/44 25/25/25
f 44/44/44 27/27/27 25/25/25
f 45/45/45 44/44/44 42/42/42
f 27/27/27 44/44/44 46/46/46
f 46/46/46 44/44/44 45/45/45
f 47/47/47 45/45/45 42/42/42
f 42/42/42 43/43/43 47/47/47
f 46/46/46 45/45/45 48/48/48
f 47/47/47 48/48/48 45/45/45
f 46/46/46 49/49/49 27/27/27
f 27/27/27 49/49/49 50/50/50
f 27/27/27 50/50/50 26/26/26
f 51/51/51 49/49/49 46/46/46
f 48/48/48 52/52/52 46/46/46
f 51/51/51 46/46/46 52/52/52
f 48/48/48 51/51/51 52/52/52
f 51/51/51 53/53/53 49/49/49
f 49/49/49 53/53/53 50/50/50
f 53/53/53 51/51/51 54/54/54
f 53/53/53 54/54/54 50/50/50
f 48/48/48 55/55/55 51/51/51
f 54/54/54 51/51/51 55/55/55
f 56/56/56 26/26/26 50/50/50
f 21/21/21 26/26/26 56/56/56
f 57/57/57 56/56/56 50/50/50
f 50/50/50 54/54/54 57/57/57
f 56/56/56 58/58/58 21/21/21
f 56/56/56 59/59/59 58/58/58
f 56/56/56 57/57/57 59/59/59
f 60/60/60 21/21/21 58/58/58
f 21/21/21 60/60/60 18/18/18
f 58/58/58 61/61/61 60/60/60
f 59/59/59 61/61/61 58/58/58
f 62/62/62 18/18/18 60/60/60
f 57/57/57 63/63/63 59/59/59
f 64/64/64 60/60/60 61/61/61
f 62/62/62 60/60/60 64/64/64
f 18/18/18 62/62/62 6/6/6
f 57/57/57 65/65/65 63/63/63
f 66/66/66 59/59/59 63/63/63
f 65/65/65 66/66/66 63/63/63
f 67/67/67 61/61/61 59/59/59
f 66/66/66 67/67/67 59/59/59
f 67/67/67 68/68/68 61/61/61
f 69/69/69 67/67/67 66/66/66
f 67/67/67 69/69/69 68/68/68
f 61/61/61 68/68/68 70/70/70
f 61/61/61 70/70/70 64/64/64
f 68/68/68 69/69/69 71/71/71
f 69/69/69 66/66/66 72/72/72
f 71/71/71 69/69/69 72/72/72
f 66/66/66 73/73/73 72/72/72
f 73/73/73 66/66/66 65/65/65
f 74/74/74 70/70/70 68/68/68
f 74/74/74 68/68/68 71/71/71
f 70/70/70 75/75/75 64/64/64
f 74/74/74 76/76/76 70/70/70
f 70/70/70 76/76/76 75/75/75
f 75/75/75 77/77/77 64/64/64
f 78/78/78 64/64/64 77/77/77
f 77/77/77 75/75/75 78/78/78
f 64/64/64 78/78/78 62/62/62
f 62/62/62 78/78/78 79/79/79
f 79/79/79 6/6/6 62/62/62
f 78/78/78 75/75/75 80/80/80
f 80/80/80 79/79/79 78/78/78
f 81/81/81 80/80/80 75/75/75
f 76/76/76 81/81/81 75/75/75
f 82/82/82 79/79/79 80/80/80
f 82/82/82 6/6/6 79/79/79
f 80/80/80 81/81/81 83/83/83
f 83/83/83 82/82/82 80/80/80
f 76/76/76 84/84/84 81/81/81
f 82/82/82 85/85/85 6/6/6
f 86/86/86 81/81/81 84/84/84
f 86/86/86 83/83/83 81/81/81
f 87/87/87 84/84/84 76/76/76
f 87/87/87 86/86/86 84/84/84
f 2/2/2 6/6/6 85/85/85
f 82/82/82 88/88/88 85/85/85
f 88/88/88 82/82/82 83/83/83
f 89/89/89 83/83/83 86/86/86
f 89/89/89 86/86/86 87/87/87
f 90/90/90 88/88/88 83/83/83
f 91/91/91 85/85/85 88/88/88
f 90/90/90 91/91/91 88/88/88
f 92/92/92 90/90/90 83/83/83
f 89/89/89 92/92/92 83/83/83
f 93/93/93 91/91/91 90/90/90
f 93/93/93 90/90/90 92/92/92
f 91/91/91 94/94/94 85/85/85
f 94/94/94 2/2/2 85/85/85
f 91/91/91 95/95/95 94/94/94
f 91/91/91 93/93/93 95/95/95
f 2/2/2 94/94/94 96/96/96
f 97/97/97 94/94/94 95/95/95
f 94/94/94 97/97/97 96/96/96
f 98/98/98 97/97/97 95/95/95
f 98/98/98 96/96/96 97/97/97
f 93/93/93 99/99/99 95/95/95
f 2/2/2 96/96/96 100/100/100
f 101/101/101 98/98/98 95/95/95
f 95/95/95 99/99/99 101/101/101
f 5/5/5 2/2/2 100/100/100
f 102/102/102 96/96/96 98/98/98
f 96/96/96 102/102/102 100/100/100
f 103/103/103 102/102/102 98/98/98
f 98/98/98 101/101/101 103/103/103
f 102/102/102 104/104/104 100/100/100
f 105/105/105 5/5/5 100/100/100
f 104/104/104 105/105/105 100/100/100
f 10/10/10 5/5/5 105/105/105
f 103/103/103 101/101/101 106/106/106
f 103/103/103 107/107/107 102/102/102
f 107/107/107 104/104/104 102/102/102
f 103/103/103 106/106/106 108/108/108
f 108/108/108 107/107/107 103/103/103
f 106/106/106 101/101/101 109/109/109
f 106/106/106 109/109/109 108/108/108
f 109/109/109 101/101/101 110/110/110
f 101/101/101 99/99/99 110/110/110
f 111/111/111 108/108/108 109/109/109
f 112/112/112 109/109/109 110/110/110
f 109/109/109 112/112/112 111/111/111
f 113/113/113 108/108/108 111/111/111
f 114/114/114 111/111/111 112/112/112
f 114/114/114 113/113/113 111/111/111
f 113/113/113 115/115/115 108/108/108
f 107/107/107 108/108/108 115/115/115
f 114/114/114 116/116/116 113/113/113
f 115/115/115 113/113/113 117/117/117
f 116/116/116 117/117/117 113/113/113
f 117/117/117 118/118/118 115/115/115
f 119/119/119 117/117/117 116/116/116
f 117/117/117 119/119/119 120/120/120
f 120/120/120 118/118/118 117/117/117
f 121/121/121 120/120/120 119/119/119
f 115/115/115 118/118/118 122/122/122
f 120/120/120 122/122/122 118/118/118
f 107/107/107 115/115/115 122/122/122
f 123/123/123 120/120/120 121/121/121
f 120/120/120 123/123/123 124/124/124
f 123/123/123 125/125/125 124/124/124
f 122/122/122 120/120/120 126/126/126
f 124/124/124 126/126/126 120/120/120
f 122/122/122 127/127/127 107/107/107
f 122/122/122 126/126/126 127/127/127
f 126/126/126 128/128/128 127/127/127
f 124/124/124 128/128/128 126/126/126
f 107/107/107 127/127/127 129/129/129
f 129/129/129 127/127/127 128/128/128
f 107/107/107 129/129/129 130/130/130
f 107/107/107 130/130/130 104/104/104
f 129/129/129 131/131/131 130/130/130
f 130/130/130 131/131/131 104/104/104
f 132/132/132 129/129/129 128/128/128
f 129/129/129 132/132/132 131/131/131
f 128/128/128 124/124/124 133/133/133
f 132/132/132 128/128/128 134/134/134
f 134/134/134 128/128/128 133/133/133
f 133/133/133 124/124/124 135/135/135
f 133/133/133 135/135/135 134/134/134
f 124/124/124 136/136/136 135/135/135
f 125/125/125 136/136/136 124/124/124
f 125/125/125 137/137/137 136/136/136
f 137/137/137 138/138/138 136/136/136
f 136/136/136 139/139/139 135/135/135
f 139/139/139 136/136/136 138/138/138
f 140/140/140 135/135/135 139/139/139
f 135/135/135 140/140/140 134/134/134
f 138/138/138 141/141/141 139/139/139
f 139/139/139 141/141/141 140/140/140
f 138/138/138 142/142/142 141/141/141
f 141/141/141 142/142/142 143/143/143
f 140/140/140 141/141/141 144/144/144
f 143/143/143 145/145/145 141/141/141
f 146/146/146 145/145/145 143/143/143
f 147/147/147 144/144/144 141/141/141
f 141/141/141 145/145/145 147/147/147
f 144/144/144 148/148/148 140/140/140
f 134/134/134 140/140/140 148/148/148
f 144/144/144 147/147/147 148/148/148
f 149/149/149 145/145/145 146/146/146
f 146/146/146 150/150/150 149/149/149
f 150/150/150 151/151/151 149/149/149
f 152/152/152 149/149/149 151/151/151
f 152/152/152 153/153/153 149/149/149
f 154/154/154 145/145/145 149/149/149
f 154/154/154 149/149/149 153/153/153
f 153/153/153 152/152/152 155/155/155
f 153/153/153 155/155/155 154/154/154
f 155/155/155 152/152/152 156/156/156
f 155/155/155 156/156/156 157/157/157
f 157/157/157 158/158/158 155/155/155
f 159/159/159 155/155/155 158/158/158
f 154/154/154 160/160/160 145/145/145
f 160/160/160 147/147/147 145/145/145
f 155/155/155 161/161/161 154/154/154
f 161/161/161 155/155/155 159/159/159
f 162/162/162 160/160/160 154/154/154
f 147/147/147 160/160/160 163/163/163
f 160/160/160 162/162/162 163/163/163
f 154/154/154 164/164/164 162/162/162
f 161/161/161 164/164/164 154/154/154
f 165/165/165 163/163/163 162/162/162
f 162/162/162 164/164/164 165/165/165
f 161/161/161 166/166/166 164/164/164
f 164/164/164 166/166/166 165/165/165
f 159/159/159 166/166/166 161/161/161
f 167/167/167 163/163/163 165/165/165
f 147/147/147 163/163/163 168/168/168
f 163/163/163 167/167/167 168/168/168
f 147/147/147 168/168/168 169/169/169
f 167/167/167 165/165/165 170/170/170
f 170/170/170 165/165/165 166/166/166
f 169/169/169 148/148/148 147/147/147
f 171/171/171 168/168/168 167/167/167
f 168/168/168 171/171/171 169/169/169
f 171/171/171 167/167/167 172/172/172
f 167/167/167 170/170/170 172/172/172
f 169/169/169 173/173/173 148/148/148
f 173/173/173 134/134/134 148/148/148
f 173/173/173 169/169/169 174/174/174
f 173/173/173 175/175/175 134/134/134
f 173/173/173 174/174/174 175/175/175
f 134/134/134 175/175/175 132/132/132
f 131/131/131 132/132/132 175/175/175
f 131/131/131 175/175/175 176/176/176
f 174/174/174 176/176/176 175/175/175
f 131/131/131 176/176/176 177/177/177
f 178/178/178 176/176/176 174/174/174
f 178/178/178 177/177/177 176/176/176
f 169/169/169 179/179/179 174/174/174
f 169/169/169 171/171/171 179/179/179
f 174/174/174 179/179/179 180/180/180
f 174/174/174 180/180/180 178/178/178
f 171/171/171 181/181/181 179/179/179
f 171/171/171 172/172/172 181/181/181
f 179/179/179 182/182/182 180/180/180
f 179/179/179 181/181/181 182/182/182
f 178/178/178 180/180/180 183/183/183
f 183/183/183 180/180/180 182/182/182
f 178/178/178 183/183/183 184/184/184
f 185/185/185 183/183/183 182/182/182
f 183/183/183 185/185/185 184/184/184
f 184/184/184 186/186/186 178/178/178
f 186/186/186 177/177/177 178/178/178
f 186/186/186 184/184/184 187/187/187
f 177/177/177 186/186/186 187/187/187
f 184/184/184 188/188/188 187/187/187
f 185/185/185 188/188/188 184/184/184
f 188/188/188 185/185/185 189/189/189
f 188/188/188 189/189/189 187/187/187
f 190/190/190 185/185/185 182/182/182
f 182/182/182 181/181/181 190/190/190
f 191/191/191 185/185/185 190/190/190
f 185/185/185 191/191/191 189/189/189
f 190/190/190 181/181/181 192/192/192
f 190/190/190 192/192/192 191/191/191
f 193/193/193 189/189/189 191/191/191
f 191/191/191 192/192/192 194/194/194
f 193/193/193 191/191/191 194/194/194
f 195/195/195 194/194/194 192/192/192
f 195/195/195 193/193/193 194/194/194
f 192/192/192 181/181/181 196/196/196
f 172/172/172 196/196/196 181/181/181
f 196/196/196 197/197/197 192/192/192
f 192/192/192 197/197/197 195/195/195
f 196/196/196 172/172/172 198/198/198
f 196/196/196 199/199/199 197/197/197
f 199/199/199 196/196/196 198/198/198
f 197/197/197 199/199/199 200/200/200
f 200/200/200 195/195/195 197/197/197
f 201/201/201 198/198/198 172/172/172
f 172/172/172 170/170/170 201/201/201
f 198/198/198 202/202/202 199/199/199
f 199/199/199 202/202/202 200/200/200
f 198/198/198 201/201/201 203/203/203
f 170/170/170 203/203/203 201/201/201
f 198/198/198 204/204/204 202/202/202
f 204/204/204 198/198/198 203/203/203
f 205/205/205 200/200/200 202/202/202
f 206/206/206 203/203/203 170/170/170
f 204/204/204 207/207/207 202/202/202
f 205/205/205 202/202/202 207/207/207
f 204/204/204 203/203/203 208/208/208
f 208/208/208 207/207/207 204/204/204
f 206/206/206 208/208/208 203/203/203
f 206/206/206 170/170/170 166/166/166
f 166/166/166 209/209/209 206/206/206
f 208/208/208 206/206/206 209/209/209
f 209/209/209 166/166/166 210/210/210
f 209/209/209 210/210/210 211/211/211
f 209/209/209 211/211/211 208/208/208
f 212/212/212 207/207/207 208/208/208
f 205/205/205 207/207/207 212/212/212
f 208/208/208 213/213/213 212/212/212
f 214/214/214 205/205/205 212/212/212
f 213/213/213 214/214/214 212/212/212
f 208/208/208 215/215/215 213/213/213
f 208/208/208 211/211/211 215/215/215
f 211/211/211 216/216/216 215/215/215
f 215/215/215 217/217/217 213/213/213
f 217/217/217 215/215/215 216/216/216
f 216/216/216 211/211/211 218/218/218
f 217/217/217 216/216/216 218/218/218
f 219/219/219 218/218/218 211/211/211
f 210/210/210 219/219/219 211/211/211
f 220/220/220 218/218/218 219/219/219
f 217/217/217 221/221/221 213/213/213
f 213/213/213 221/221/221 214/214/214
f 222/222/222 220/220/220 219/219/219
f 210/210/210 222/222/222 219/219/219
f 220/220/220 223/223/223 218/218/218
f 218/218/218 223/223/223 217/217/217
f 223/223/223 220/220/220 222/222/222
f 223/223/223 224/224/224 217/217/217
f 217/217/217 224/224/224 221/221/221
f 223/223/223 222/222/222 225/225/225
f 224/224/224 223/223/223 225/225/225
f 226/226/226 225/225/225 222/222/222
f 224/224/224 225/225/225 227/227/227
f 227/227/227 225/225/225 226/226/226
f 221/221/221 224/224/224 228/228/228
f 224/224/224 227/227/227 229/229/229
f 229/229/229 228/228/228 224/224/224
f 230/230/230 229/229/229 227/227/227
f 231/231/231 228/228/228 229/229/229
f 229/229/229 230/230/230 232/232/232
f 229/229/229 232/232/232 231/231/231
f 230/230/230 233/233/233 232/232/232
f 231/231/231 232/232/232 233/233/233
f 230/230/230 227/227/227 234/234/234
f 226/226/226 234/234/234 227/227/227
f 230/230/230 235/235/235 233/233/233
f 234/234/234 235/235/235 230/230/230
f 231/231/231 233/233/233 236/236/236
f 237/237/237 234/234/234 226/226/226
f 237/237/237 235/235/235 234/234/234
f 226/226/226 238/238/238 237/237/237
f 239/239/239 235/235/235 237/237/237
f 237/237/237 238/238/238 239/239/239
f 235/235/235 240/240/240 233/233/233
f 236/236/236 233/233/233 240/240/240
f 235/235/235 241/241/241 240/240/240
f 235/235/235 242/242/242 241/241/241
f 239/239/239 242/242/242 235/235/235
f 243/243/243 240/240/240 241/241/241
f 242/242/242 244/244/244 241/241/241
f 241/241/241 244/244/244 243/243/243
f 240/240/240 243/243/243 245/245/245
f 240/240/240 245/245/245 236/236/236
f 243/243/243 246/246/246 245/245/245
f 247/247/247 236/236/236 245/245/245
f 245/245/245 246/246/246 247/247/247
f 236/236/236 247/247/247 248/248/248
f 243/243/243 249/249/249 246/246/246
f 243/243/243 244/244/244 249/249/249
f 247/247/247 246/246/246 250/250/250
f 251/251/251 246/246/246 249/249/249
f 246/246/246 252/252/252 250/250/250
f 251/251/251 252/252/252 246/246/246
f 251/251/251 249/249/249 253/253/253
f 244/244/244 253/253/253 249/249/249
f 254/254/254 252/252/252 251/251/251
f 252/252/252 254/254/254 250/250/250
f 255/255/255 251/251/251 253/253/253
f 251/251/251 255/255/255 254/254/254
f 256/256/256 253/253/253 244/244/244
f 257/257/257 247/247/247 250/250/250
f 257/257/257 248/248/248 247/247/247
f 254/254/254 258/258/258 250/250/250
f 257/257/257 250/250/250 259/259/259
f 250/250/250 258/258/258 259/259/259
f 248/248/248 257/257/257 260/260/260
f 257/257/257 259/259/259 260/260/260
f 261/261/261 248/248/248 260/260/260
f 261/261/261 262/262/262 248/248/248
f 248/248/248 262/262/262 236/236/236
f 231/231/231 236/236/236 262/262/262
f 261/261/261 263/263/263 262/262/262
f 263/263/263 261/261/261 260/260/260
f 262/262/262 264/264/264 231/231/231
f 263/263/263 264/264/264 262/262/262
f 264/264/264 228/228/228 231/231/231
f 265/265/265 228/228/228 264/264/264
f 265/265/265 221/221/221 228/228/228
f 265/265/265 266/266/266 221/221/221
f 266/266/266 214/214/214 221/221/221
f 266/266/266 265/265/265 267/267/267
f 266/266/266 267/267/267 214/214/214
f 264/264/264 268/268/268 265/265/265
f 268/268/268 267/267/267 265/265/265
f 263/263/263 268/268/268 264/264/264
f 269/269/269 267/267/267 268/268/268
f 268/268/268 263/263/263 269/269/269
f 267/267/267 270/270/270 214/214/214
f 271/271/271 267/267/267 269/269/269
f 271/271/271 269/269/269 263/263/263
f 267/267/267 271/271/271 270/270/270
f 205/205/205 214/214/214 270/270/270
f 205/205/205 270/270/270 272/272/272
f 272/272/272 200/200/200 205/205/205
f 273/273/273 200/200/200 272/272/272
f 272/272/272 270/270/270 273/273/273
f 273/273/273 195/195/195 200/200/200
f 273/273/273 270/270/270 274/274/274
f 271/271/271 274/274/274 270/270/270
f 195/195/195 273/273/273 275/275/275
f 275/275/275 193/193/193 195/195/195
f 273/273/273 276/276/276 275/275/275
f 276/276/276 273/273/273 274/274/274
f 275/275/275 276/276/276 277/277/277
f 193/193/193 275/275/275 277/277/277
f 274/274/274 278/278/278 276/276/276
f 278/278/278 277/277/277 276/276/276
f 278/278/278 274/274/274 279/279/279
f 271/271/271 280/280/280 274/274/274
f 274/274/274 280/280/280 279/279/279
f 281/281/281 280/280/280 271/271/271
f 279/279/279 280/280/280 281/281/281
f 271/271/271 282/282/282 281/281/281
f 283/283/283 279/279/279 281/281/281
f 282/282/282 283/283/283 281/281/281
f 284/284/284 278/278/278 279/279/279
f 282/282/282 271/271/271 285/285/285
f 271/271/271 263/263/263 285/285/285
f 286/286/286 284/284/284 279/279/279
f 283/283/283 286/286/286 279/279/279
f 278/278/278 284/284/284 287/287/287
f 278/278/278 287/287/287 277/277/277
f 286/286/286 288/288/288 284/284/284
f 287/287/287 284/284/284 288/288/288
f 277/277/277 287/287/287 289/289/289
f 288/288/288 290/290/290 287/287/287
f 287/287/287 290/290/290 289/289/289
f 289/289/289 291/291/291 277/277/277
f 289/289/289 290/290/290 291/291/291
f 291/291/291 193/193/193 277/277/277
f 288/288/288 286/286/286 292/292/292
f 292/292/292 290/290/290 288/288/288
f 290/290/290 37/37/37 291/291/291
f 286/286/286 293/293/293 292/292/292
f 293/293/293 286/286/286 283/283/283
f 193/193/193 291/291/291 294/294/294
f 37/37/37 294/294/294 291/291/291
f 193/193/193 294/294/294 295/295/295
f 193/193/193 295/295/295 189/189/189
f 37/37/37 32/32/32 294/294/294
f 189/189/189 295/295/295 296/296/296
f 295/295/295 294/294/294 297/297/297
f 32/32/32 297/297/297 294/294/294
f 297/297/297 298/298/298 295/295/295
f 298/298/298 296/296/296 295/295/295
f 299/299/299 297/297/297 32/32/32
f 297/297/297 299/299/299 298/298/298
f 187/187/187 189/189/189 296/296/296
f 299/299/299 300/300/300 298/298/298
f 300/300/300 296/296/296 298/298/298
f 32/32/32 300/300/300 299/299/299
f 32/32/32 301/301/301 300/300/300
f 32/32/32 11/11/11 301/301/301
f 302/302/302 296/296/296 300/300/300
f 301/301/301 302/302/302 300/300/300
f 302/302/302 301/301/301 11/11/11
f 302/302/302 187/187/187 296/296/296
f 302/302/302 11/11/11 187/187/187
f 10/10/10 187/187/187 11/11/11
f 303/303/303 187/187/187 10/10/10
f 177/177/177 187/187/187 303/303/303
f 10/10/10 105/105/105 303/303/303
f 303/303/303 304/304/304 177/177/177
f 304/304/304 303/303/303 105/105/105
f 131/131/131 177/177/177 304/304/304
f 104/104/104 304/304/304 105/105/105
f 131/131/131 304/304/304 104/104/104
f 305/305/305 40/40/40 41/41/41
f 306/306/306 40/40/40 305/305/305
f 43/43/43 40/40/40 306/306/306
f 41/41/41 307/307/307 305/305/305
f 308/308/308 306/306/306 305/305/305
f 307/307/307 308/308/308 305/305/305
f 309/309/309 43/43/43 306/306/306
f 308/308/308 309/309/309 306/306/306
f 47/47/47 43/43/43 309/309/309
f 41/41/41 37/37/37 290/290/290
f 290/290/290 310/310/310 41/41/41
f 310/310/310 307/307/307 41/41/41
f 310/310/310 290/290/290 292/292/292
f 311/311/311 47/47/47 309/309/309
f 311/311/311 309/309/309 308/308/308
f 312/312/312 47/47/47 311/311/311
f 47/47/47 312/312/312 48/48/48
f 292/292/292 313/313/313 310/310/310
f 292/292/292 293/293/293 313/313/313
f 48/48/48 312/312/312 314/314/314
f 315/315/315 310/310/310 313/313/313
f 307/307/307 310/310/310 315/315/315
f 55/55/55 48/48/48 314/314/314
f 315/315/315 313/313/313 316/316/316
f 293/293/293 316/316/316 313/313/313
f 315/315/315 316/316/316 317/317/317
f 318/318/318 316/316/316 293/293/293
f 293/293/293 283/283/283 318/318/318
f 319/319/319 317/317/317 316/316/316
f 316/316/316 318/318/318 319/319/319
f 315/315/315 317/317/317 320/320/320
f 315/315/315 320/320/320 307/307/307
f 321/321/321 317/317/317 319/319/319
f 317/317/317 321/321/321 322/322/322
f 322/322/322 321/321/321 319/319/319
f 317/317/317 322/322/322 323/323/323
f 323/323/323 320/320/320 317/317/317
f 324/324/324 323/323/323 322/322/322
f 324/324/324 322/322/322 319/319/319
f 323/323/323 325/325/325 320/320/320
f 320/320/320 326/326/326 307/307/307
f 326/326/326 320/320/320 325/325/325
f 307/307/307 326/326/326 327/327/327
f 327/327/327 308/308/308 307/307/307
f 326/326/326 325/325/325 328/328/328
f 323/323/323 329/329/329 325/325/325
f 324/324/324 329/329/329 323/323/323
f 325/325/325 330/330/330 328/328/328
f 329/329/329 330/330/330 325/325/325
f 331/331/331 308/308/308 327/327/327
f 311/311/311 308/308/308 331/331/331
f 332/332/332 327/327/327 326/326/326
f 332/332/332 331/331/331 327/327/327
f 328/328/328 332/332/332 326/326/326
f 328/328/328 330/330/330 333/333/333
f 330/330/330 329/329/329 333/333/333
f 331/331/331 334/334/334 311/311/311
f 334/334/334 312/312/312 311/311/311
f 331/331/331 332/332/332 335/335/335
f 335/335/335 334/334/334 331/331/331
f 312/312/312 334/334/334 314/314/314
f 314/314/314 334/334/334 336/336/336
f 336/336/336 334/334/334 335/335/335
f 336/336/336 337/337/337 314/314/314
f 338/338/338 335/335/335 332/332/332
f 338/338/338 332/332/332 328/328/328
f 335/335/335 339/339/339 336/336/336
f 337/337/337 336/336/336 339/339/339
f 340/340/340 335/335/335 338/338/338
f 340/340/340 339/339/339 335/335/335
f 328/328/328 341/341/341 338/338/338
f 328/328/328 333/333/333 341/341/341
f 342/342/342 340/340/340 338/338/338
f 339/339/339 340/340/340 343/343/343
f 343/343/343 340/340/340 342/342/342
f 339/339/339 343/343/343 344/344/344
f 343/343/343 342/342/342 344/344/344
f 339/339/339 344/344/344 345/345/345
f 338/338/338 346/346/346 342/342/342
f 345/345/345 347/347/347 339/339/339
f 339/339/339 347/347/347 337/337/337
f 344/344/344 342/342/342 348/348/348
f 346/346/346 348/348/348 342/342/342
f 344/344/344 349/349/349 345/345/345
f 344/344/344 348/348/348 349/349/349
f 347/347/347 345/345/345 350/350/350
f 350/350/350 345/345/345 349/349/349
f 351/351/351 337/337/337 347/347/347
f 352/352/352 347/347/347 350/350/350
f 347/347/347 352/352/352 351/351/351
f 353/353/353 351/351/351 352/352/352
f 354/354/354 352/352/352 350/350/350
f 355/355/355 350/350/350 349/349/349
f 355/355/355 354/354/354 350/350/350
f 352/352/352 354/354/354 356/356/356
f 353/353/353 352/352/352 356/356/356
f 357/357/357 354/354/354 355/355/355
f 357/357/357 356/356/356 354/354/354
f 358/358/358 355/355/355 349/349/349
f 357/357/357 355/355/355 358/358/358
f 349/349/349 348/348/348 358/358/358
f 351/351/351 353/353/353 359/359/359
f 353/353/353 356/356/356 359/359/359
f 360/360/360 337/337/337 351/351/351
f 359/359/359 360/360/360 351/351/351
f 361/361/361 337/337/337 360/360/360
f 361/361/361 314/314/314 337/337/337
f 55/55/55 314/314/314 361/361/361
f 362/362/362 361/361/361 360/360/360
f 361/361/361 363/363/363 55/55/55
f 362/362/362 360/360/360 364/364/364
f 359/359/359 364/364/364 360/360/360
f 365/365/365 361/361/361 362/362/362
f 364/364/364 365/365/365 362/362/362
f 363/363/363 361/361/361 365/365/365
f 55/55/55 363/363/363 54/54/54
f 366/366/366 364/364/364 359/359/359
f 367/367/367 364/364/364 366/366/366
f 364/364/364 367/367/367 365/365/365
f 368/368/368 366/366/366 359/359/359
f 368/368/368 359/359/359 356/356/356
f 369/369/369 367/367/367 366/366/366
f 369/369/369 366/366/366 368/368/368
f 370/370/370 365/365/365 367/367/367
f 369/369/369 370/370/370 367/367/367
f 371/371/371 369/369/369 368/368/368
f 368/368/368 356/356/356 372/372/372
f 372/372/372 371/371/371 368/368/368
f 356/356/356 373/373/373 372/372/372
f 373/373/373 371/371/371 372/372/372
f 370/370/370 374/374/374 365/365/365
f 375/375/375 369/369/369 371/371/371
f 376/376/376 369/369/369 375/375/375
f 376/376/376 370/370/370 369/369/369
f 375/375/375 371/371/371 377/377/377
f 371/371/371 373/373/373 378/378/378
f 371/371/371 378/378/378 377/377/377
f 379/379/379 375/375/375 377/377/377
f 379/379/379 376/376/376 375/375/375
f 380/380/380 377/377/377 378/378/378
f 381/381/381 379/379/379 377/377/377
f 381/381/381 377/377/377 380/380/380
f 380/380/380 378/378/378 382/382/382
f 381/381/381 383/383/383 379/379/379
f 378/378/378 384/384/384 382/382/382
f 384/384/384 378/378/378 373/373/373
f 385/385/385 380/380/380 382/382/382
f 385/385/385 382/382/382 384/384/384
f 386/386/386 381/381/381 380/380/380
f 386/386/386 383/383/383 381/381/381
f 386/386/386 380/380/380 385/385/385
f 387/387/387 379/379/379 383/383/383
f 379/379/379 387/387/387 376/376/376
f 383/383/383 386/386/386 388/388/388
f 387/387/387 383/383/383 388/388/388
f 389/389/389 386/386/386 385/385/385
f 386/386/386 390/390/390 388/388/388
f 386/386/386 389/389/389 390/390/390
f 391/391/391 387/387/387 388/388/388
f 392/392/392 389/389/389 385/385/385
f 392/392/392 385/385/385 393/393/393
f 393/393/393 389/389/389 392/392/392
f 385/385/385 384/384/384 393/393/393
f 389/389/389 393/393/393 394/394/394
f 395/395/395 390/390/390 389/389/389
f 389/389/389 394/394/394 395/395/395
f 388/388/388 390/390/390 396/396/396
f 397/397/397 390/390/390 395/395/395
f 390/390/390 397/397/397 396/396/396
f 398/398/398 397/397/397 395/395/395
f 395/395/395 399/399/399 398/398/398
f 399/399/399 395/395/395 394/394/394
f 400/400/400 397/397/397 398/398/398
f 401/401/401 397/397/397 400/400/400
f 401/401/401 396/396/396 397/397/397
f 400/400/400 402/402/402 401/401/401
f 403/403/403 401/401/401 402/402/402
f 396/396/396 401/401/401 403/403/403
f 394/394/394 404/404/404 399/399/399
f 399/399/399 404/404/404 405/405/405
f 406/406/406 405/405/405 404/404/404
f 394/394/394 407/407/407 404/404/404
f 407/407/407 406/406/406 404/404/404
f 396/396/396 403/403/403 408/408/408
f 396/396/396 408/408/408 388/388/388
f 388/388/388 408/408/408 391/391/391
f 409/409/409 408/408/408 403/403/403
f 410/410/410 409/409/409 403/403/403
f 409/409/409 410/410/410 411/411/411
f 409/409/409 412/412/412 408/408/408
f 408/408/408 412/412/412 391/391/391
f 411/411/411 413/413/413 409/409/409
f 413/413/413 411/411/411 414/414/414
f 414/414/414 415/415/415 413/413/413
f 409/409/409 413/413/413 416/416/416
f 416/416/416 413/413/413 415/415/415
f 417/417/417 412/412/412 409/409/409
f 409/409/409 416/416/416 417/417/417
f 417/417/417 418/418/418 412/412/412
f 417/417/417 416/416/416 418/418/418
f 412/412/412 419/419/419 391/391/391
f 412/412/412 418/418/418 419/419/419
f 416/416/416 415/415/415 420/420/420
f 415/415/415 421/421/421 420/420/420
f 416/416/416 422/422/422 418/418/418
f 416/416/416 420/420/420 422/422/422
f 421/421/421 423/423/423 420/420/420
f 424/424/424 423/423/423 421/421/421
f 423/423/423 424/424/424 425/425/425
f 423/423/423 426/426/426 420/420/420
f 427/427/427 426/426/426 423/423/423
f 426/426/426 427/427/427 420/420/420
f 425/425/425 427/427/427 423/423/423
f 427/427/427 422/422/422 420/420/420
f 418/418/418 422/422/422 428/428/428
f 422/422/422 427/427/427 428/428/428
f 418/418/418 428/428/428 429/429/429
f 418/418/418 429/429/429 419/419/419
f 429/429/429 428/428/428 430/430/430
f 431/431/431 430/430/430 428/428/428
f 431/431/431 428/428/428 427/427/427
f 429/429/429 430/430/430 432/432/432
f 427/427/427 425/425/425 433/433/433
f 433/433/433 425/425/425 434/434/434
f 434/434/434 435/435/435 433/433/433
f 436/436/436 433/433/433 435/435/435
f 433/433/433 436/436/436 437/437/437
f 437/437/437 436/436/436 438/438/438
f 433/433/433 439/439/439 427/427/427
f 433/433/433 437/437/437 439/439/439
f 440/440/440 437/437/437 438/438/438
f 438/438/438 441/441/441 440/440/440
f 442/442/442 439/439/439 437/437/437
f 443/443/443 427/427/427 439/439/439
f 431/431/431 427/427/427 443/443/443
f 437/437/437 444/444/444 442/442/442
f 440/440/440 444/444/444 437/437/437
f 439/439/439 442/442/442 445/445/445
f 442/442/442 444/444/444 445/445/445
f 439/439/439 446/446/446 443/443/443
f 445/445/445 446/446/446 439/439/439
f 447/447/447 431/431/431 443/443/443
f 447/447/447 430/430/430 431/431/431
f 443/443/443 448/448/448 447/447/447
f 443/443/443 446/446/446 448/448/448
f 447/447/447 432/432/432 430/430/430
f 447/447/447 448/448/448 449/449/449
f 446/446/446 449/449/449 448/448/448
f 449/449/449 432/432/432 447/447/447
f 445/445/445 450/450/450 446/446/446
f 446/446/446 451/451/451 449/449/449
f 450/450/450 451/451/451 446/446/446
f 449/449/449 452/452/452 432/432/432
f 449/449/449 451/451/451 453/453/453
f 454/454/454 449/449/449 453/453/453
f 452/452/452 449/449/449 454/454/454
f 455/455/455 453/453/453 451/451/451
f 451/451/451 450/450/450 455/455/455
f 374/374/374 454/454/454 453/453/453
f 455/455/455 374/374/374 453/453/453
f 370/370/370 454/454/454 374/374/374
f 454/454/454 370/370/370 452/452/452
f 374/374/374 455/455/455 456/456/456
f 452/452/452 370/370/370 457/457/457
f 450/450/450 458/458/458 455/455/455
f 456/456/456 455/455/455 458/458/458
f 457/457/457 370/370/370 459/459/459
f 370/370/370 376/376/376 459/459/459
f 457/457/457 460/460/460 452/452/452
f 457/457/457 459/459/459 460/460/460
f 461/461/461 459/459/459 376/376/376
f 461/461/461 460/460/460 459/459/459
f 461/461/461 376/376/376 387/387/387
f 461/461/461 387/387/387 462/462/462
f 462/462/462 387/387/387 391/391/391
f 463/463/463 461/461/461 462/462/462
f 463/463/463 462/462/462 391/391/391
f 460/460/460 461/461/461 463/463/463
f 463/463/463 391/391/391 419/419/419
f 463/463/463 419/419/419 460/460/460
f 460/460/460 464/464/464 452/452/452
f 432/432/432 452/452/452 464/464/464
f 465/465/465 460/460/460 419/419/419
f 465/465/465 464/464/464 460/460/460
f 465/465/465 432/432/432 464/464/464
f 429/429/429 465/465/465 419/419/419
f 429/429/429 432/432/432 465/465/465
f 468/468/468 467/467/467 466/466/466
f 467/467/467 468/468/468 441/441/441
f 467/467/467 469/469/469 466/466/466
f 440/440/440 441/441/441 468/468/468
f 469/469/469 470/470/470 466/466/466
f 440/440/440 468/468/468 471/471/471
f 468/468/468 466/466/466 471/471/471
f 471/471/471 472/472/472 440/440/440
f 471/471/471 466/466/466 472/472/472
f 472/472/472 444/444/444 440/440/440
f 466/466/466 470/470/470 473/473/473
f 474/474/474 473/473/473 470/470/470
f 472/472/472 466/466/466 475/475/475
f 466/466/466 473/473/473 475/475/475
f 472/472/472 476/476/476 444/444/444
f 445/445/445 444/444/444 476/476/476
f 477/477/477 472/472/472 475/475/475
f 476/476/476 472/472/472 478/478/478
f 478/478/478 472/472/472 477/477/477
f 445/445/445 476/476/476 479/479/479
f 476/476/476 478/478/478 479/479/479
f 475/475/475 473/473/473 480/480/480
f 475/475/475 480/480/480 477/477/477
f 474/474/474 481/481/481 473/473/473
f 474/474/474 482/482/482 481/481/481
f 473/473/473 481/481/481 483/483/483
f 483/483/483 480/480/480 473/473/473
f 482/482/482 484/484/484 481/481/481
f 482/482/482 485/485/485 484/484/484
f 486/486/486 484/484/484 485/485/485
f 481/481/481 487/487/487 483/483/483
f 484/484/484 487/487/487 481/481/481
f 483/483/483 487/487/487 480/480/480
f 486/486/486 488/488/488 484/484/484
f 487/487/487 489/489/489 480/480/480
f 484/484/484 488/488/488 490/490/490
f 487/487/487 491/491/491 489/489/489
f 487/487/487 484/484/484 491/491/491
f 492/492/492 490/490/490 488/488/488
f 492/492/492 488/488/488 493/493/493
f 494/494/494 484/484/484 490/490/490
f 490/490/490 492/492/492 494/494/494
f 484/484/484 495/495/495 491/491/491
f 495/495/495 484/484/484 494/494/494
f 492/492/492 493/493/493 496/496/496
f 493/493/493 497/497/497 496/496/496
f 498/498/498 494/494/494 492/492/492
f 492/492/492 496/496/496 498/498/498
f 494/494/494 499/499/499 495/495/495
f 494/494/494 498/498/498 500/500/500
f 494/494/494 500/500/500 499/499/499
f 500/500/500 498/498/498 501/501/501
f 496/496/496 502/502/502 498/498/498
f 502/502/502 501/501/501 498/498/498
f 496/496/496 497/497/497 503/503/503
f 502/502/502 496/496/496 503/503/503
f 504/504/504 500/500/500 501/501/501
f 500/500/500 504/504/504 499/499/499
f 505/505/505 501/501/501 502/502/502
f 504/504/504 501/501/501 505/505/505
f 502/502/502 506/506/506 505/505/505
f 503/503/503 506/506/506 502/502/502
f 497/497/497 507/507/507 503/503/503
f 497/497/497 508/508/508 507/507/507
f 508/508/508 509/509/509 507/507/507
f 510/510/510 503/503/503 507/507/507
f 509/509/509 510/510/510 507/507/507
f 510/510/510 511/511/511 503/503/503
f 503/503/503 511/511/511 506/506/506
f 509/509/509 512/512/512 510/510/510
f 510/510/510 512/512/512 511/511/511
f 512/512/512 509/509/509 513/513/513
f 514/514/514 512/512/512 513/513/513
f 515/515/515 512/512/512 514/514/514
f 512/512/512 515/515/515 511/511/511
f 515/515/515 514/514/514 116/116/116
f 515/515/515 116/116/116 114/114/114
f 114/114/114 511/511/511 515/515/515
f 114/114/114 112/112/112 511/511/511
f 511/511/511 112/112/112 506/506/506
f 506/506/506 112/112/112 516/516/516
f 516/516/516 112/112/112 110/110/110
f 506/506/506 516/516/516 517/517/517
f 517/517/517 505/505/505 506/506/506
f 518/518/518 516/516/516 110/110/110
f 518/518/518 517/517/517 516/516/516
f 518/518/518 110/110/110 99/99/99
f 505/505/505 517/517/517 504/504/504
f 504/504/504 517/517/517 518/518/518
f 504/504/504 518/518/518 99/99/99
f 504/504/504 99/99/99 519/519/519
f 99/99/99 93/93/93 519/519/519
f 520/520/520 504/504/504 519/519/519
f 520/520/520 499/499/499 504/504/504
f 519/519/519 93/93/93 521/521/521
f 520/520/520 519/519/519 522/522/522
f 522/522/522 519/519/519 521/521/521
f 93/93/93 92/92/92 521/521/521
f 522/522/522 523/523/523 520/520/520
f 521/521/521 523/523/523 522/522/522
f 523/523/523 499/499/499 520/520/520
f 521/521/521 92/92/92 524/524/524
f 523/523/523 521/521/521 524/524/524
f 525/525/525 524/524/524 92/92/92
f 92/92/92 89/89/89 525/525/525
f 526/526/526 524/524/524 525/525/525
f 89/89/89 526/526/526 525/525/525
f 523/523/523 524/524/524 526/526/526
f 523/523/523 527/527/527 499/499/499
f 527/527/527 495/495/495 499/499/499
f 523/523/523 528/528/528 527/527/527
f 523/523/523 526/526/526 528/528/528
f 495/495/495 527/527/527 529/529/529
f 527/527/527 528/528/528 529/529/529
f 491/491/491 495/495/495 529/529/529
f 530/530/530 529/529/529 528/528/528
f 491/491/491 529/529/529 530/530/530
f 528/528/528 526/526/526 530/530/530
f 489/489/489 491/491/491 530/530/530
f 526/526/526 89/89/89 531/531/531
f 531/531/531 89/89/89 532/532/532
f 87/87/87 532/532/532 89/89/89
f 531/531/531 532/532/532 87/87/87
f 531/531/531 87/87/87 533/533/533
f 76/76/76 533/533/533 87/87/87
f 76/76/76 74/74/74 533/533/533
f 526/526/526 531/531/531 534/534/534
f 533/533/533 534/534/534 531/531/531
f 530/530/530 526/526/526 534/534/534
f 535/535/535 533/533/533 74/74/74
f 535/535/535 534/534/534 533/533/533
f 535/535/535 74/74/74 71/71/71
f 530/530/530 534/534/534 536/536/536
f 534/534/534 535/535/535 536/536/536
f 71/71/71 537/537/537 535/535/535
f 536/536/536 535/535/535 537/537/537
f 530/530/530 536/536/536 538/538/538
f 71/71/71 539/539/539 537/537/537
f 72/72/72 539/539/539 71/71/71
f 540/540/540 530/530/530 538/538/538
f 530/530/530 540/540/540 489/489/489
f 541/541/541 538/538/538 536/536/536
f 540/540/540 538/538/538 541/541/541
f 480/480/480 489/489/489 540/540/540
f 542/542/542 539/539/539 72/72/72
f 73/73/73 542/542/542 72/72/72
f 480/480/480 540/540/540 543/543/543
f 477/477/477 480/480/480 543/543/543
f 540/540/540 541/541/541 544/544/544
f 540/540/540 544/544/544 545/545/545
f 540/540/540 545/545/545 543/543/543
f 541/541/541 545/545/545 544/544/544
f 545/545/545 546/546/546 543/543/543
f 477/477/477 543/543/543 546/546/546
f 546/546/546 545/545/545 541/541/541
f 477/477/477 546/546/546 547/547/547
f 478/478/478 477/477/477 547/547/547
f 548/548/548 546/546/546 541/541/541
f 541/541/541 536/536/536 548/548/548
f 548/548/548 536/536/536 537/537/537
f 548/548/548 549/549/549 546/546/546
f 549/549/549 548/548/548 537/537/537
f 549/549/549 547/547/547 546/546/546
f 547/547/547 479/479/479 478/478/478
f 537/537/537 550/550/550 549/549/549
f 550/550/550 537/537/537 539/539/539
f 551/551/551 547/547/547 549/549/549
f 547/547/547 551/551/551 479/479/479
f 551/551/551 549/549/549 550/550/550
f 550/550/550 539/539/539 552/552/552
f 550/550/550 552/552/552 551/551/551
f 542/542/542 552/552/552 539/539/539
f 542/542/542 553/553/553 552/552/552
f 553/553/553 551/551/551 552/552/552
f 542/542/542 73/73/73 553/553/553
f 554/554/554 479/479/479 551/551/551
f 551/551/551 553/553/553 554/554/554
f 479/479/479 554/554/554 555/555/555
f 554/554/554 553/553/553 556/556/556
f 555/555/555 554/554/554 556/556/556
f 445/445/445 479/479/479 555/555/555
f 450/450/450 445/445/445 555/555/555
f 553/553/553 73/73/73 557/557/557
f 558/558/558 556/556/556 553/553/553
f 556/556/556 558/558/558 555/555/555
f 553/553/553 557/557/557 558/558/558
f 450/450/450 555/555/555 559/559/559
f 555/555/555 558/558/558 559/559/559
f 450/450/450 559/559/559 458/458/458
f 557/557/557 560/560/560 558/558/558
f 560/560/560 557/557/557 73/73/73
f 559/559/559 558/558/558 560/560/560
f 65/65/65 560/560/560 73/73/73
f 561/561/561 458/458/458 559/559/559
f 561/561/561 559/559/559 560/560/560
f 458/458/458 561/561/561 562/562/562
f 561/561/561 560/560/560 563/563/563
f 563/563/563 560/560/560 65/65/65
f 561/561/561 563/563/563 562/562/562
f 563/563/563 65/65/65 564/564/564
f 564/564/564 562/562/562 563/563/563
f 564/564/564 65/65/65 57/57/57
f 54/54/54 564/564/564 57/57/57
f 562/562/562 456/456/456 458/458/458
f 54/54/54 565/565/565 564/564/564
f 564/564/564 565/565/565 562/562/562
f 562/562/562 565/565/565 456/456/456
f 363/363/363 565/565/565 54/54/54
f 456/456/456 565/565/565 566/566/566
f 566/566/566 565/565/565 363/363/363
f 567/567/567 456/456/456 566/566/566
f 566/566/566 363/363/363 567/567/567
f 456/456/456 567/567/567 374/374/374
f 567/567/567 363/363/363 365/365/365
f 567/567/567 365/365/365 374/374/374
f 256/256/256 568/568/568 253/253/253
f 255/255/255 253/253/253 568/568/568
f 568/568/568 569/569/569 255/255/255
f 570/570/570 569/569/569 568/568/568
f 568/568/568 256/256/256 570/570/570
f 571/571/571 255/255/255 569/569/569
f 570/570/570 571/571/571 569/569/569
f 256/256/256 572/572/572 570/570/570
f 572/572/572 571/571/571 570/570/570
f 571/571/571 573/573/573 255/255/255
f 254/254/254 255/255/255 573/573/573
f 574/574/574 571/571/571 572/572/572
f 573/573/573 571/571/571 575/575/575
f 574/574/574 575/575/575 571/571/571
f 254/254/254 573/573/573 576/576/576
f 573/573/573 575/575/575 577/577/577
f 574/574/574 577/577/577 575/575/575
f 578/578/578 573/573/573 577/577/577
f 576/576/576 573/573/573 578/578/578
f 254/254/254 576/576/576 258/258/258
f 578/578/578 577/577/577 579/579/579
f 574/574/574 580/580/580 577/577/577
f 580/580/580 579/579/579 577/577/577
f 579/579/579 581/581/581 578/578/578
f 576/576/576 578/578/578 582/582/582
f 582/582/582 578/578/578 581/581/581
f 258/258/258 576/576/576 583/583/583
f 582/582/582 583/583/583 576/576/576
f 258/258/258 583/583/583 584/584/584
f 583/583/583 585/585/585 584/584/584
f 583/583/583 582/582/582 585/585/585
f 584/584/584 586/586/586 258/258/258
f 258/258/258 586/586/586 259/259/259
f 586/586/586 584/584/584 587/587/587
f 587/587/587 584/584/584 585/585/585
f 588/588/588 259/259/259 586/586/586
f 585/585/585 582/582/582 589/589/589
f 590/590/590 586/586/586 587/587/587
f 586/586/586 590/590/590 588/588/588
f 591/591/591 259/259/259 588/588/588
f 591/591/591 260/260/260 259/259/259
f 590/590/590 592/592/592 588/588/588
f 588/588/588 593/593/593 591/591/591
f 592/592/592 593/593/593 588/588/588
f 260/260/260 591/591/591 594/594/594
f 593/593/593 594/594/594 591/591/591
f 587/587/587 595/595/595 590/590/590
f 590/590/590 596/596/596 592/592/592
f 596/596/596 590/590/590 595/595/595
f 597/597/597 593/593/593 592/592/592
f 597/597/597 598/598/598 593/593/593
f 594/594/594 593/593/593 598/598/598
f 599/599/599 597/597/597 592/592/592
f 596/596/596 599/599/599 592/592/592
f 598/598/598 597/597/597 600/600/600
f 598/598/598 600/600/600 594/594/594
f 600/600/600 597/597/597 599/599/599
f 594/594/594 601/601/601 260/260/260
f 601/601/601 263/263/263 260/260/260
f 601/601/601 285/285/285 263/263/263
f 594/594/594 602/602/602 601/601/601
f 602/602/602 594/594/594 600/600/600
f 601/601/601 603/603/603 285/285/285
f 601/601/601 602/602/602 603/603/603
f 603/603/603 282/282/282 285/285/285
f 602/602/602 600/600/600 604/604/604
f 604/604/604 603/603/603 602/602/602
f 282/282/282 603/603/603 605/605/605
f 605/605/605 603/603/603 604/604/604
f 283/283/283 282/282/282 605/605/605
f 604/604/604 600/600/600 606/606/606
f 599/599/599 606/606/606 600/600/600
f 318/318/318 283/283/283 605/605/605
f 604/604/604 607/607/607 605/605/605
f 607/607/607 318/318/318 605/605/605
f 604/604/604 606/606/606 607/607/607
f 606/606/606 599/599/599 608/608/608
f 318/318/318 607/607/607 609/609/609
f 610/610/610 318/318/318 609/609/609
f 610/610/610 319/319/319 318/318/318
f 611/611/611 609/609/609 607/607/607
f 607/607/607 606/606/606 611/611/611
f 610/610/610 609/609/609 612/612/612
f 612/612/612 609/609/609 611/611/611
f 612/612/612 319/319/319 610/610/610
f 606/606/606 613/613/613 611/611/611
f 606/606/606 608/608/608 613/613/613
f 611/611/611 614/614/614 612/612/612
f 611/611/611 613/613/613 614/614/614
f 612/612/612 615/615/615 319/319/319
f 616/616/616 614/614/614 613/613/613
f 616/616/616 613/613/613 608/608/608
f 614/614/614 617/617/617 612/612/612
f 615/615/615 612/612/612 617/617/617
f 616/616/616 617/617/617 614/614/614
f 615/615/615 618/618/618 319/319/319
f 618/618/618 324/324/324 319/319/319
f 617/617/617 619/619/619 615/615/615
f 617/617/617 616/616/616 619/619/619
f 618/618/618 615/615/615 620/620/620
f 618/618/618 620/620/620 324/324/324
f 621/621/621 615/615/615 619/619/619
f 620/620/620 615/615/615 621/621/621
f 622/622/622 324/324/324 620/620/620
f 329/329/329 324/324/324 622/622/622
f 621/621/621 623/623/623 620/620/620
f 623/623/623 622/622/622 620/620/620
f 624/624/624 621/621/621 619/619/619
f 624/624/624 623/623/623 621/621/621
f 619/619/619 625/625/625 624/624/624
f 625/625/625 619/619/619 616/616/616
f 329/329/329 622/622/622 626/626/626
f 622/622/622 627/627/627 626/626/626
f 622/622/622 623/623/623 627/627/627
f 626/626/626 628/628/628 329/329/329
f 333/333/333 329/329/329 628/628/628
f 626/626/626 627/627/627 629/629/629
f 626/626/626 629/629/629 628/628/628
f 627/627/627 623/623/623 630/630/630
f 630/630/630 629/629/629 627/627/627
f 631/631/631 333/333/333 628/628/628
f 629/629/629 631/631/631 628/628/628
f 632/632/632 333/333/333 631/631/631
f 632/632/632 341/341/341 333/333/333
f 633/633/633 341/341/341 632/632/632
f 633/633/633 338/338/338 341/341/341
f 346/346/346 338/338/338 633/633/633
f 632/632/632 634/634/634 633/633/633
f 634/634/634 632/632/632 631/631/631
f 633/633/633 635/635/635 346/346/346
f 634/634/634 635/635/635 633/633/633
f 636/636/636 346/346/346 635/635/635
f 346/346/346 636/636/636 348/348/348
f 637/637/637 635/635/635 634/634/634
f 631/631/631 638/638/638 634/634/634
f 638/638/638 637/637/637 634/634/634
f 631/631/631 639/639/639 638/638/638
f 631/631/631 629/629/629 639/639/639
f 640/640/640 637/637/637 638/638/638
f 640/640/640 638/638/638 639/639/639
f 641/641/641 635/635/635 637/637/637
f 635/635/635 641/641/641 636/636/636
f 641/641/641 637/637/637 642/642/642
f 642/642/642 637/637/637 640/640/640
f 641/641/641 643/643/643 636/636/636
f 348/348/348 636/636/636 643/643/643
f 642/642/642 644/644/644 641/641/641
f 641/641/641 644/644/644 643/643/643
f 348/348/348 643/643/643 645/645/645
f 644/644/644 645/645/645 643/643/643
f 348/348/348 645/645/645 358/358/358
f 646/646/646 642/642/642 640/640/640
f 642/642/642 647/647/647 644/644/644
f 642/642/642 646/646/646 647/647/647
f 640/640/640 648/648/648 646/646/646
f 649/649/649 644/644/644 647/647/647
f 644/644/644 649/649/649 645/645/645
f 645/645/645 650/650/650 358/358/358
f 650/650/650 357/357/357 358/358/358
f 651/651/651 357/357/357 650/650/650
f 357/357/357 651/651/651 356/356/356
f 650/650/650 645/645/645 652/652/652
f 653/653/653 645/645/645 649/649/649
f 652/652/652 645/645/645 653/653/653
f 654/654/654 650/650/650 652/652/652
f 654/654/654 651/651/651 650/650/650
f 655/655/655 652/652/652 653/653/653
f 652/652/652 655/655/655 654/654/654
f 656/656/656 654/654/654 655/655/655
f 356/356/356 651/651/651 657/657/657
f 373/373/373 356/356/356 657/657/657
f 658/658/658 651/651/651 654/654/654
f 656/656/656 658/658/658 654/654/654
f 651/651/651 659/659/659 657/657/657
f 659/659/659 651/651/651 658/658/658
f 373/373/373 657/657/657 660/660/660
f 660/660/660 657/657/657 659/659/659
f 661/661/661 373/373/373 660/660/660
f 659/659/659 658/658/658 662/662/662
f 660/660/660 659/659/659 662/662/662
f 663/663/663 658/658/658 656/656/656
f 662/662/662 658/658/658 663/663/663
f 655/655/655 663/663/663 656/656/656
f 664/664/664 373/373/373 661/661/661
f 384/384/384 373/373/373 664/664/664
f 665/665/665 661/661/661 660/660/660
f 662/662/662 665/665/665 660/660/660
f 664/664/664 661/661/661 665/665/665
f 666/666/666 665/665/665 662/662/662
f 663/663/663 666/666/666 662/662/662
f 667/667/667 665/665/665 666/666/666
f 665/665/665 667/667/667 664/664/664
f 666/666/666 663/663/663 668/668/668
f 664/664/664 669/669/669 384/384/384
f 667/667/667 666/666/666 670/670/670
f 666/666/666 668/668/668 670/670/670
f 664/664/664 667/667/667 671/671/671
f 670/670/670 672/672/672 667/667/667
f 671/671/671 667/667/667 672/672/672
f 664/664/664 671/671/671 673/673/673
f 664/664/664 673/673/673 669/669/669
f 671/671/671 672/672/672 674/674/674
f 671/671/671 674/674/674 673/673/673
f 672/672/672 670/670/670 675/675/675
f 670/670/670 668/668/668 676/676/676
f 670/670/670 676/676/676 675/675/675
f 676/676/676 668/668/668 677/677/677
f 675/675/675 676/676/676 677/677/677
f 668/668/668 678/678/678 677/677/677
f 679/679/679 673/673/673 674/674/674
f 680/680/680 674/674/674 672/672/672
f 680/680/680 672/672/672 675/675/675
f 681/681/681 679/679/679 674/674/674
f 682/682/682 673/673/673 679/679/679
f 681/681/681 682/682/682 679/679/679
f 673/673/673 682/682/682 683/683/683
f 683/683/683 669/669/669 673/673/673
f 674/674/674 680/680/680 684/684/684
f 681/681/681 674/674/674 684/684/684
f 684/684/684 680/680/680 685/685/685
f 685/685/685 680/680/680 675/675/675
f 684/684/684 686/686/686 681/681/681
f 686/686/686 682/682/682 681/681/681
f 687/687/687 684/684/684 685/685/685
f 686/686/686 684/684/684 687/687/687
f 687/687/687 685/685/685 688/688/688
f 687/687/687 688/688/688 686/686/686
f 689/689/689 685/685/685 675/675/675
f 688/688/688 685/685/685 689/689/689
f 689/689/689 675/675/675 690/690/690
f 688/688/688 689/689/689 691/691/691
f 691/691/691 689/689/689 692/692/692
f 689/689/689 690/690/690 692/692/692
f 691/691/691 693/693/693 688/688/688
f 694/694/694 691/691/691 692/692/692
f 691/691/691 694/694/694 693/693/693
f 695/695/695 694/694/694 692/692/692
f 690/690/690 695/695/695 692/692/692
f 690/690/690 675/675/675 696/696/696
f 677/677/677 696/696/696 675/675/675
f 697/697/697 695/695/695 690/690/690
f 678/678/678 696/696/696 677/677/677
f 690/690/690 696/696/696 698/698/698
f 690/690/690 698/698/698 697/697/697
f 696/696/696 699/699/699 698/698/698
f 695/695/695 697/697/697 700/700/700
f 699/699/699 701/701/701 698/698/698
f 697/697/697 698/698/698 701/701/701
f 702/702/702 699/699/699 696/696/696
f 696/696/696 678/678/678 702/702/702
f 699/699/699 703/703/703 701/701/701
f 699/699/699 702/702/702 703/703/703
f 697/697/697 701/701/701 704/704/704
f 701/701/701 703/703/703 704/704/704
f 700/700/700 697/697/697 705/705/705
f 704/704/704 705/705/705 697/697/697
f 706/706/706 695/695/695 700/700/700
f 706/706/706 700/700/700 705/705/705
f 695/695/695 706/706/706 694/694/694
f 702/702/702 707/707/707 703/703/703
f 706/706/706 708/708/708 694/694/694
f 709/709/709 706/706/706 705/705/705
f 694/694/694 708/708/708 693/693/693
f 710/710/710 708/708/708 706/706/706
f 710/710/710 706/706/706 711/711/711
f 708/708/708 710/710/710 711/711/711
f 709/709/709 711/711/711 706/706/706
f 708/708/708 712/712/712 693/693/693
f 713/713/713 708/708/708 711/711/711
f 708/708/708 713/713/713 712/712/712
f 713/713/713 711/711/711 714/714/714
f 714/714/714 711/711/711 709/709/709
f 714/714/714 715/715/715 713/713/713
f 713/713/713 715/715/715 712/712/712
f 714/714/714 709/709/709 716/716/716
f 714/714/714 716/716/716 717/717/717
f 714/714/714 717/717/717 715/715/715
f 716/716/716 709/709/709 718/718/718
f 717/717/717 716/716/716 718/718/718
f 709/709/709 719/719/719 718/718/718
f 709/709/709 705/705/705 719/719/719
f 720/720/720 717/717/717 718/718/718
f 720/720/720 718/718/718 719/719/719
f 715/715/715 717/717/717 721/721/721
f 705/705/705 704/704/704 719/719/719
f 717/717/717 722/722/722 721/721/721
f 722/722/722 717/717/717 720/720/720
f 723/723/723 715/715/715 721/721/721
f 723/723/723 721/721/721 722/722/722
f 724/724/724 722/722/722 720/720/720
f 715/715/715 723/723/723 725/725/725
f 726/726/726 715/715/715 725/725/725
f 726/726/726 712/712/712 715/715/715
f 727/727/727 725/725/725 723/723/723
f 723/723/723 722/722/722 728/728/728
f 727/727/727 723/723/723 728/728/728
f 729/729/729 728/728/728 722/722/722
f 729/729/729 722/722/722 724/724/724
f 729/729/729 730/730/730 728/728/728
f 730/730/730 727/727/727 728/728/728
f 731/731/731 727/727/727 730/730/730
f 725/725/725 727/727/727 732/732/732
f 727/727/727 731/731/731 732/732/732
f 732/732/732 726/726/726 725/725/725
f 732/732/732 731/731/731 733/733/733
f 732/732/732 733/733/733 734/734/734
f 735/735/735 729/729/729 724/724/724
f 736/736/736 732/732/732 734/734/734
f 732/732/732 736/736/736 726/726/726
f 724/724/724 737/737/737 735/735/735
f 738/738/738 735/735/735 737/737/737
f 737/737/737 739/739/739 738/738/738
f 740/740/740 738/738/738 739/739/739
f 737/737/737 741/741/741 739/739/739
f 739/739/739 741/741/741 740/740/740
f 737/737/737 724/724/724 742/742/742
f 741/741/741 737/737/737 742/742/742
f 724/724/724 743/743/743 742/742/742
f 724/724/724 720/720/720 743/743/743
f 720/720/720 719/719/719 743/743/743
f 742/742/742 743/743/743 744/744/744
f 719/719/719 745/745/745 743/743/743
f 745/745/745 744/744/744 743/743/743
f 719/719/719 746/746/746 745/745/745
f 744/744/744 745/745/745 747/747/747
f 745/745/745 746/746/746 747/747/747
f 748/748/748 742/742/742 744/744/744
f 748/748/748 741/741/741 742/742/742
f 747/747/747 748/748/748 744/744/744
f 719/719/719 749/749/749 746/746/746
f 746/746/746 749/749/749 747/747/747
f 749/749/749 719/719/719 704/704/704
f 748/748/748 750/750/750 741/741/741
f 750/750/750 740/740/740 741/741/741
f 748/748/748 747/747/747 751/751/751
f 750/750/750 748/748/748 751/751/751
f 750/750/750 752/752/752 740/740/740
f 740/740/740 752/752/752 753/753/753
f 752/752/752 754/754/754 753/753/753
f 755/755/755 752/752/752 750/750/750
f 755/755/755 750/750/750 751/751/751
f 754/754/754 752/752/752 756/756/756
f 755/755/755 756/756/756 752/752/752
f 757/757/757 754/754/754 756/756/756
f 758/758/758 757/757/757 756/756/756
f 759/759/759 757/757/757 758/758/758
f 758/758/758 756/756/756 760/760/760
f 759/759/759 758/758/758 760/760/760
f 755/755/755 761/761/761 756/756/756
f 760/760/760 756/756/756 762/762/762
f 762/762/762 756/756/756 761/761/761
f 760/760/760 763/763/763 759/759/759
f 764/764/764 759/759/759 763/763/763
f 763/763/763 765/765/765 764/764/764
f 765/765/765 763/763/763 766/766/766
f 761/761/761 755/755/755 767/767/767
f 751/751/751 767/767/767 755/755/755
f 766/766/766 763/763/763 768/768/768
f 768/768/768 769/769/769 766/766/766
f 770/770/770 769/769/769 768/768/768
f 763/763/763 760/760/760 771/771/771
f 762/762/762 771/771/771 760/760/760
f 763/763/763 772/772/772 768/768/768
f 763/763/763 771/771/771 772/772/772
f 768/768/768 773/773/773 770/770/770
f 770/770/770 773/773/773 774/774/774
f 774/774/774 773/773/773 775/775/775
f 776/776/776 774/774/774 775/775/775
f 773/773/773 768/768/768 777/777/777
f 773/773/773 777/777/777 775/775/775
f 777/777/777 768/768/768 778/778/778
f 779/779/779 776/776/776 775/775/775
f 780/780/780 776/776/776 779/779/779
f 775/775/775 777/777/777 781/781/781
f 777/777/777 778/778/778 781/781/781
f 768/768/768 782/782/782 778/778/778
f 768/768/768 772/772/772 782/782/782
f 778/778/778 782/782/782 781/781/781
f 779/779/779 775/775/775 783/783/783
f 775/775/775 781/781/781 783/783/783
f 779/779/779 783/783/783 784/784/784
f 783/783/783 781/781/781 785/785/785
f 786/786/786 779/779/779 784/784/784
f 786/786/786 780/780/780 779/779/779
f 783/783/783 787/787/787 784/784/784
f 783/783/783 785/785/785 787/787/787
f 788/788/788 786/786/786 784/784/784
f 788/788/788 784/784/784 787/787/787
f 780/780/780 786/786/786 789/789/789
f 790/790/790 780/780/780 789/789/789
f 790/790/790 789/789/789 791/791/791
f 792/792/792 791/791/791 789/789/789
f 787/787/787 785/785/785 793/793/793
f 793/793/793 794/794/794 787/787/787
f 794/794/794 788/788/788 787/787/787
f 795/795/795 793/793/793 785/785/785
f 793/793/793 795/795/795 794/794/794
f 796/796/796 795/795/795 785/785/785
f 797/797/797 786/786/786 788/788/788
f 786/786/786 797/797/797 789/789/789
f 797/797/797 788/788/788 798/798/798
f 799/799/799 789/789/789 797/797/797
f 797/797/797 798/798/798 799/799/799
f 792/792/792 789/789/789 800/800/800
f 801/801/801 792/792/792 800/800/800
f 799/799/799 802/802/802 789/789/789
f 789/789/789 802/802/802 800/800/800
f 803/803/803 801/801/801 800/800/800
f 801/801/801 803/803/803 804/804/804
f 800/800/800 802/802/802 805/805/805
f 800/800/800 805/805/805 803/803/803
f 802/802/802 799/799/799 806/806/806
f 806/806/806 805/805/805 802/802/802
f 803/803/803 805/805/805 807/807/807
f 807/807/807 808/808/808 803/803/803
f 809/809/809 805/805/805 806/806/806
f 807/807/807 805/805/805 809/809/809
f 807/807/807 810/810/810 808/808/808
f 807/807/807 809/809/809 810/810/810
f 811/811/811 808/808/808 810/810/810
f 806/806/806 799/799/799 812/812/812
f 799/799/799 798/798/798 812/812/812
f 806/806/806 812/812/812 813/813/813
f 806/806/806 813/813/813 809/809/809
f 812/812/812 798/798/798 814/814/814
f 814/814/814 813/813/813 812/812/812
f 809/809/809 813/813/813 815/815/815
f 816/816/816 810/810/810 809/809/809
f 817/817/817 815/815/815 813/813/813
f 809/809/809 815/815/815 818/818/818
f 815/815/815 817/817/817 818/818/818
f 816/816/816 809/809/809 819/819/819
f 818/818/818 819/819/819 809/809/809
f 816/816/816 819/819/819 820/820/820
f 818/818/818 820/820/820 819/819/819
f 810/810/810 816/816/816 821/821/821
f 821/821/821 822/822/822 810/810/810
f 822/822/822 811/811/811 810/810/810
f 816/816/816 823/823/823 821/821/821
f 824/824/824 822/822/822 821/821/821
f 821/821/821 823/823/823 824/824/824
f 811/811/811 822/822/822 825/825/825
f 822/822/822 824/824/824 825/825/825
f 826/826/826 811/811/811 825/825/825
f 825/825/825 824/824/824 827/827/827
f 826/826/826 825/825/825 828/828/828
f 827/827/827 828/828/828 825/825/825
f 826/826/826 828/828/828 829/829/829
f 823/823/823 816/816/816 830/830/830
f 830/830/830 816/816/816 820/820/820
f 823/823/823 831/831/831 824/824/824
f 823/823/823 832/832/832 831/831/831
f 832/832/832 823/823/823 830/830/830
f 824/824/824 831/831/831 833/833/833
f 827/827/827 824/824/824 833/833/833
f 831/831/831 832/832/832 834/834/834
f 833/833/833 831/831/831 834/834/834
f 835/835/835 832/832/832 830/830/830
f 832/832/832 836/836/836 834/834/834
f 836/836/836 832/832/832 835/835/835
f 820/820/820 837/837/837 830/830/830
f 830/830/830 837/837/837 835/835/835
f 837/837/837 838/838/838 835/835/835
f 820/820/820 839/839/839 837/837/837
f 838/838/838 840/840/840 835/835/835
f 837/837/837 841/841/841 838/838/838
f 837/837/837 839/839/839 841/841/841
f 841/841/841 840/840/840 838/838/838
f 820/820/820 842/842/842 839/839/839
f 842/842/842 820/820/820 818/818/818
f 842/842/842 843/843/843 839/839/839
f 842/842/842 818/818/818 843/843/843
f 841/841/841 839/839/839 844/844/844
f 839/839/839 843/843/843 844/844/844
f 818/818/818 845/845/845 843/843/843
f 817/817/817 845/845/845 818/818/818
f 845/845/845 846/846/846 843/843/843
f 845/845/845 817/817/817 846/846/846
f 843/843/843 846/846/846 847/847/847
f 844/844/844 843/843/843 847/847/847
f 841/841/841 844/844/844 848/848/848
f 841/841/841 848/848/848 840/840/840
f 847/847/847 849/849/849 844/844/844
f 844/844/844 849/849/849 850/850/850
f 850/850/850 848/848/848 844/844/844
f 849/849/849 851/851/851 850/850/850
f 847/847/847 851/851/851 849/849/849
f 848/848/848 850/850/850 852/852/852
f 851/851/851 852/852/852 850/850/850
f 853/853/853 840/840/840 848/848/848
f 853/853/853 848/848/848 854/854/854
f 852/852/852 854/854/854 848/848/848
f 840/840/840 853/853/853 580/580/580
f 853/853/853 854/854/854 855/855/855
f 853/853/853 855/855/855 580/580/580
f 855/855/855 579/579/579 580/580/580
f 855/855/855 581/581/581 579/579/579
f 855/855/855 854/854/854 581/581/581
f 581/581/581 854/854/854 852/852/852
f 856/856/856 840/840/840 580/580/580
f 835/835/835 840/840/840 856/856/856
f 574/574/574 856/856/856 580/580/580
f 836/836/836 835/835/835 856/856/856
f 857/857/857 856/856/856 574/574/574
f 856/856/856 857/857/857 836/836/836
f 857/857/857 574/574/574 572/572/572
f 858/858/858 836/836/836 857/857/857
f 857/857/857 572/572/572 859/859/859
f 857/857/857 859/859/859 858/858/858
f 572/572/572 256/256/256 859/859/859
f 836/836/836 858/858/858 860/860/860
f 858/858/858 859/859/859 860/860/860
f 834/834/834 836/836/836 860/860/860
f 256/256/256 861/861/861 859/859/859
f 860/860/860 859/859/859 861/861/861
f 861/861/861 256/256/256 244/244/244
f 862/862/862 861/861/861 244/244/244
f 862/862/862 860/860/860 861/861/861
f 862/862/862 244/244/244 242/242/242
f 834/834/834 860/860/860 863/863/863
f 863/863/863 860/860/860 862/862/862
f 834/834/834 863/863/863 833/833/833
f 864/864/864 862/862/862 242/242/242
f 863/863/863 862/862/862 864/864/864
f 833/833/833 863/863/863 864/864/864
f 239/239/239 864/864/864 242/242/242
f 864/864/864 239/239/239 833/833/833
f 239/239/239 865/865/865 833/833/833
f 827/827/827 833/833/833 865/865/865
f 238/238/238 865/865/865 239/239/239
f 866/866/866 827/827/827 865/865/865
f 866/866/866 865/865/865 238/238/238
f 867/867/867 827/827/827 866/866/866
f 867/867/867 828/828/828 827/827/827
f 868/868/868 866/866/866 238/238/238
f 869/869/869 867/867/867 866/866/866
f 869/869/869 866/866/866 868/868/868
f 867/867/867 870/870/870 828/828/828
f 870/870/870 867/867/867 869/869/869
f 828/828/828 870/870/870 829/829/829
f 871/871/871 829/829/829 870/870/870
f 871/871/871 870/870/870 869/869/869
f 872/872/872 829/829/829 871/871/871
f 871/871/871 873/873/873 872/872/872
f 238/238/238 874/874/874 868/868/868
f 874/874/874 238/238/238 226/226/226
f 226/226/226 222/222/222 874/874/874
f 210/210/210 874/874/874 222/222/222
f 875/875/875 868/868/868 874/874/874
f 210/210/210 875/875/875 874/874/874
f 869/869/869 868/868/868 875/875/875
f 869/869/869 876/876/876 871/871/871
f 876/876/876 869/869/869 875/875/875
f 871/871/871 877/877/877 873/873/873
f 876/876/876 877/877/877 871/871/871
f 158/158/158 873/873/873 877/877/877
f 158/158/158 877/877/877 878/878/878
f 876/876/876 878/878/878 877/877/877
f 158/158/158 878/878/878 159/159/159
f 879/879/879 878/878/878 876/876/876
f 879/879/879 159/159/159 878/878/878
f 880/880/880 876/876/876 875/875/875
f 880/880/880 879/879/879 876/876/876
f 879/879/879 880/880/880 159/159/159
f 880/880/880 875/875/875 210/210/210
f 159/159/159 880/880/880 166/166/166
f 210/210/210 166/166/166 880/880/880
f 813/813/813 881/881/881 817/817/817
f 814/814/814 881/881/881 813/813/813
f 817/817/817 881/881/881 882/882/882
f 817/817/817 882/882/882 846/846/846
f 883/883/883 881/881/881 814/814/814
f 881/881/881 883/883/883 882/882/882
f 882/882/882 884/884/884 846/846/846
f 882/882/882 883/883/883 884/884/884
f 885/885/885 883/883/883 814/814/814
f 883/883/883 885/885/885 884/884/884
f 886/886/886 846/846/846 884/884/884
f 846/846/846 886/886/886 847/847/847
f 884/884/884 887/887/887 886/886/886
f 847/847/847 886/886/886 888/888/888
f 847/847/847 888/888/888 889/889/889
f 851/851/851 847/847/847 889/889/889
f 890/890/890 888/888/888 886/886/886
f 886/886/886 887/887/887 890/890/890
f 890/890/890 891/891/891 888/888/888
f 888/888/888 891/891/891 889/889/889
f 851/851/851 889/889/889 892/892/892
f 851/851/851 892/892/892 852/852/852
f 893/893/893 887/887/887 884/884/884
f 885/885/885 893/893/893 884/884/884
f 892/892/892 894/894/894 852/852/852
f 581/581/581 852/852/852 894/894/894
f 581/581/581 894/894/894 582/582/582
f 892/892/892 895/895/895 894/894/894
f 895/895/895 582/582/582 894/894/894
f 889/889/889 895/895/895 892/892/892
f 589/589/589 582/582/582 895/895/895
f 895/895/895 889/889/889 896/896/896
f 895/895/895 896/896/896 589/589/589
f 889/889/889 891/891/891 896/896/896
f 897/897/897 589/589/589 896/896/896
f 891/891/891 897/897/897 896/896/896
f 897/897/897 585/585/585 589/589/589
f 897/897/897 898/898/898 585/585/585
f 898/898/898 587/587/587 585/585/585
f 898/898/898 899/899/899 587/587/587
f 897/897/897 900/900/900 898/898/898
f 891/891/891 900/900/900 897/897/897
f 899/899/899 898/898/898 900/900/900
f 899/899/899 595/595/595 587/587/587
f 595/595/595 899/899/899 900/900/900
f 900/900/900 891/891/891 901/901/901
f 890/890/890 901/901/901 891/891/891
f 890/890/890 902/902/902 901/901/901
f 902/902/902 890/890/890 887/887/887
f 901/901/901 903/903/903 900/900/900
f 901/901/901 902/902/902 903/903/903
f 904/904/904 902/902/902 887/887/887
f 904/904/904 887/887/887 893/893/893
f 900/900/900 905/905/905 595/595/595
f 903/903/903 905/905/905 900/900/900
f 906/906/906 595/595/595 905/905/905
f 596/596/596 595/595/595 906/906/906
f 905/905/905 907/907/907 906/906/906
f 906/906/906 907/907/907 596/596/596
f 903/903/903 908/908/908 905/905/905
f 908/908/908 907/907/907 905/905/905
f 902/902/902 909/909/909 903/903/903
f 904/904/904 909/909/909 902/902/902
f 909/909/909 904/904/904 910/910/910
f 909/909/909 911/911/911 903/903/903
f 910/910/910 911/911/911 909/909/909
f 903/903/903 912/912/912 908/908/908
f 911/911/911 912/912/912 903/903/903
f 912/912/912 913/913/913 908/908/908
f 913/913/913 907/907/907 908/908/908
f 911/911/911 914/914/914 912/912/912
f 914/914/914 913/913/913 912/912/912
f 915/915/915 911/911/911 910/910/910
f 915/915/915 910/910/910 904/904/904
f 915/915/915 914/914/914 911/911/911
f 913/913/913 916/916/916 907/907/907
f 907/907/907 916/916/916 917/917/917
f 907/907/907 917/917/917 596/596/596
f 916/916/916 913/913/913 918/918/918
f 917/917/917 608/608/608 596/596/596
f 596/596/596 608/608/608 599/599/599
f 919/919/919 917/917/917 916/916/916
f 917/917/917 919/919/919 608/608/608
f 919/919/919 916/916/916 918/918/918
f 913/913/913 920/920/920 918/918/918
f 914/914/914 920/920/920 913/913/913
f 921/921/921 920/920/920 914/914/914
f 915/915/915 921/921/921 914/914/914
f 920/920/920 922/922/922 918/918/918
f 920/920/920 921/921/921 923/923/923
f 920/920/920 923/923/923 922/922/922
f 921/921/921 924/924/924 923/923/923
f 915/915/915 924/924/924 921/921/921
f 923/923/923 925/925/925 922/922/922
f 918/918/918 922/922/922 926/926/926
f 918/918/918 926/926/926 919/919/919
f 927/927/927 926/926/926 922/922/922
f 922/922/922 925/925/925 927/927/927
f 919/919/919 926/926/926 928/928/928
f 929/929/929 926/926/926 927/927/927
f 926/926/926 929/929/929 928/928/928
f 925/925/925 930/930/930 927/927/927
f 930/930/930 929/929/929 927/927/927
f 931/931/931 925/925/925 923/923/923
f 924/924/924 931/931/931 923/923/923
f 931/931/931 932/932/932 925/925/925
f 930/930/930 925/925/925 932/932/932
f 933/933/933 931/931/931 924/924/924
f 934/934/934 932/932/932 931/931/931
f 933/933/933 934/934/934 931/931/931
f 935/935/935 930/930/930 932/932/932
f 935/935/935 932/932/932 934/934/934
f 935/935/935 936/936/936 930/930/930
f 937/937/937 929/929/929 930/930/930
f 937/937/937 930/930/930 936/936/936
f 936/936/936 935/935/935 938/938/938
f 938/938/938 935/935/935 934/934/934
f 938/938/938 939/939/939 936/936/936
f 940/940/940 936/936/936 939/939/939
f 938/938/938 940/940/940 939/939/939
f 936/936/936 940/940/940 937/937/937
f 929/929/929 937/937/937 941/941/941
f 940/940/940 942/942/942 937/937/937
f 941/941/941 943/943/943 929/929/929
f 928/928/928 929/929/929 943/943/943
f 937/937/937 944/944/944 941/941/941
f 944/944/944 937/937/937 942/942/942
f 940/940/940 945/945/945 942/942/942
f 945/945/945 940/940/940 938/938/938
f 944/944/944 942/942/942 946/946/946
f 947/947/947 941/941/941 944/944/944
f 944/944/944 946/946/946 947/947/947
f 945/945/945 948/948/948 942/942/942
f 948/948/948 946/946/946 942/942/942
f 948/948/948 945/945/945 949/949/949
f 938/938/938 949/949/949 945/945/945
f 946/946/946 948/948/948 950/950/950
f 949/949/949 951/951/951 948/948/948
f 948/948/948 951/951/951 950/950/950
f 946/946/946 952/952/952 947/947/947
f 950/950/950 952/952/952 946/946/946
f 952/952/952 950/950/950 953/953/953
f 952/952/952 953/953/953 954/954/954
f 952/952/952 954/954/954 947/947/947
f 955/955/955 953/953/953 950/950/950
f 953/953/953 956/956/956 954/954/954
f 956/956/956 953/953/953 955/955/955
f 956/956/956 957/957/957 954/954/954
f 956/956/956 955/955/955 957/957/957
f 947/947/947 954/954/954 958/958/958
f 959/959/959 955/955/955 950/950/950
f 951/951/951 959/959/959 950/950/950
f 959/959/959 960/960/960 955/955/955
f 955/955/955 960/960/960 957/957/957
f 954/954/954 961/961/961 958/958/958
f 954/954/954 957/957/957 961/961/961
f 947/947/947 958/958/958 962/962/962
f 961/961/961 957/957/957 963/963/963
f 962/962/962 964/964/964 947/947/947
f 941/941/941 947/947/947 964/964/964
f 941/941/941 964/964/964 943/943/943
f 964/964/964 962/962/962 965/965/965
f 964/964/964 965/965/965 943/943/943
f 962/962/962 958/958/958 966/966/966
f 943/943/943 965/965/965 967/967/967
f 965/965/965 962/962/962 968/968/968
f 966/966/966 968/968/968 962/962/962
f 965/965/965 968/968/968 967/967/967
f 969/969/969 958/958/958 961/961/961
f 958/958/958 969/969/969 966/966/966
f 961/961/961 970/970/970 969/969/969
f 963/963/963 970/970/970 961/961/961
f 966/966/966 969/969/969 971/971/971
f 972/972/972 969/969/969 970/970/970
f 971/971/971 969/969/969 972/972/972
f 971/971/971 973/973/973 966/966/966
f 971/971/971 972/972/972 973/973/973
f 966/966/966 974/974/974 968/968/968
f 973/973/973 974/974/974 966/966/966
f 975/975/975 968/968/968 974/974/974
f 967/967/967 968/968/968 975/975/975
f 976/976/976 974/974/974 973/973/973
f 974/974/974 976/976/976 975/975/975
f 973/973/973 623/623/623 976/976/976
f 623/623/623 624/624/624 976/976/976
f 624/624/624 975/975/975 976/976/976
f 630/630/630 623/623/623 973/973/973
f 972/972/972 630/630/630 973/973/973
f 625/625/625 975/975/975 624/624/624
f 625/625/625 967/967/967 975/975/975
f 977/977/977 967/967/967 625/625/625
f 972/972/972 978/978/978 630/630/630
f 970/970/970 978/978/978 972/972/972
f 630/630/630 978/978/978 979/979/979
f 979/979/979 629/629/629 630/630/630
f 629/629/629 979/979/979 980/980/980
f 978/978/978 980/980/980 979/979/979
f 980/980/980 639/639/639 629/629/629
f 978/978/978 970/970/970 981/981/981
f 981/981/981 980/980/980 978/978/978
f 963/963/963 981/981/981 970/970/970
f 982/982/982 639/639/639 980/980/980
f 640/640/640 639/639/639 982/982/982
f 648/648/648 640/640/640 982/982/982
f 982/982/982 980/980/980 983/983/983
f 981/981/981 983/983/983 980/980/980
f 648/648/648 982/982/982 983/983/983
f 963/963/963 984/984/984 981/981/981
f 983/983/983 981/981/981 984/984/984
f 985/985/985 648/648/648 983/983/983
f 983/983/983 984/984/984 985/985/985
f 985/985/985 986/986/986 648/648/648
f 646/646/646 648/648/648 986/986/986
f 984/984/984 987/987/987 985/985/985
f 986/986/986 647/647/647 646/646/646
f 987/987/987 988/988/988 985/985/985
f 988/988/988 986/986/986 985/985/985
f 989/989/989 987/987/987 984/984/984
f 989/989/989 988/988/988 987/987/987
f 963/963/963 990/990/990 984/984/984
f 984/984/984 990/990/990 989/989/989
f 957/957/957 990/990/990 963/963/963
f 991/991/991 990/990/990 957/957/957
f 960/960/960 991/991/991 957/957/957
f 991/991/991 992/992/992 990/990/990
f 991/991/991 960/960/960 992/992/992
f 989/989/989 990/990/990 993/993/993
f 992/992/992 993/993/993 990/990/990
f 993/993/993 994/994/994 989/989/989
f 994/994/994 988/988/988 989/989/989
f 993/993/993 995/995/995 994/994/994
f 996/996/996 992/992/992 960/960/960
f 994/994/994 997/997/997 988/988/988
f 998/998/998 996/996/996 960/960/960
f 960/960/960 959/959/959 998/998/998
f 992/992/992 996/996/996 999/999/999
f 998/998/998 999/999/999 996/996/996
f 997/997/997 1000/1000/1000 988/988/988
f 1000/1000/1000 986/986/986 988/988/988
f 1000/1000/1000 647/647/647 986/986/986
f 997/997/997 1001/1001/1001 1000/1000/1000
f 647/647/647 1000/1000/1000 1001/1001/1001
f 1002/1002/1002 997/997/997 994/994/994
f 1001/1001/1001 997/997/997 1002/1002/1002
f 995/995/995 1002/1002/1002 994/994/994
f 1003/1003/1003 647/647/647 1001/1001/1001
f 1004/1004/1004 647/647/647 1003/1003/1003
f 647/647/647 1004/1004/1004 649/649/649
f 649/649/649 1004/1004/1004 1005/1005/1005
f 1005/1005/1005 1004/1004/1004 1003/1003/1003
f 653/653/653 649/649/649 1005/1005/1005
f 1001/1001/1001 1006/1006/1006 1003/1003/1003
f 1007/1007/1007 653/653/653 1005/1005/1005
f 653/653/653 1007/1007/1007 655/655/655
f 1007/1007/1007 663/663/663 655/655/655
f 1007/1007/1007 1005/1005/1005 1008/1008/1008
f 1008/1008/1008 1005/1005/1005 1003/1003/1003
f 1009/1009/1009 663/663/663 1007/1007/1007
f 1008/1008/1008 1009/1009/1009 1007/1007/1007
f 668/668/668 663/663/663 1009/1009/1009
f 668/668/668 1009/1009/1009 678/678/678
f 1003/1003/1003 1010/1010/1010 1008/1008/1008
f 1010/1010/1010 1009/1009/1009 1008/1008/1008
f 1003/1003/1003 1006/1006/1006 1010/1010/1010
f 1011/1011/1011 678/678/678 1009/1009/1009
f 1011/1011/1011 1009/1009/1009 1010/1010/1010
f 678/678/678 1011/1011/1011 702/702/702
f 1011/1011/1011 707/707/707 702/702/702
f 1011/1011/1011 1010/1010/1010 707/707/707
f 707/707/707 1010/1010/1010 1006/1006/1006
f 707/707/707 1006/1006/1006 1012/1012/1012
f 1006/1006/1006 1001/1001/1001 1012/1012/1012
f 1012/1012/1012 1001/1001/1001 1002/1002/1002
f 1012/1012/1012 1013/1013/1013 707/707/707
f 1014/1014/1014 1012/1012/1012 1002/1002/1002
f 1013/1013/1013 703/703/703 707/707/707
f 1014/1014/1014 1013/1013/1013 1012/1012/1012
f 704/704/704 703/703/703 1013/1013/1013
f 1014/1014/1014 1002/1002/1002 995/995/995
f 1015/1015/1015 704/704/704 1013/1013/1013
f 1014/1014/1014 1015/1015/1015 1013/1013/1013
f 749/749/749 704/704/704 1015/1015/1015
f 1015/1015/1015 1014/1014/1014 1016/1016/1016
f 749/749/749 1015/1015/1015 1016/1016/1016
f 1017/1017/1017 1014/1014/1014 995/995/995
f 1017/1017/1017 1016/1016/1016 1014/1014/1014
f 1017/1017/1017 995/995/995 1018/1018/1018
f 1018/1018/1018 995/995/995 993/993/993
f 992/992/992 1018/1018/1018 993/993/993
f 1019/1019/1019 749/749/749 1016/1016/1016
f 1019/1019/1019 1016/1016/1016 1017/1017/1017
f 749/749/749 1019/1019/1019 1020/1020/1020
f 747/747/747 749/749/749 1020/1020/1020
f 1019/1019/1019 1017/1017/1017 1021/1021/1021
f 1021/1021/1021 1017/1017/1017 1018/1018/1018
f 1022/1022/1022 1020/1020/1020 1019/1019/1019
f 1019/1019/1019 1021/1021/1021 1022/1022/1022
f 751/751/751 747/747/747 1020/1020/1020
f 1020/1020/1020 1022/1022/1022 751/751/751
f 751/751/751 1022/1022/1022 1021/1021/1021
f 992/992/992 1023/1023/1023 1018/1018/1018
f 1023/1023/1023 1021/1021/1021 1018/1018/1018
f 1023/1023/1023 992/992/992 999/999/999
f 1021/1021/1021 1023/1023/1023 1024/1024/1024
f 999/999/999 1024/1024/1024 1023/1023/1023
f 1025/1025/1025 751/751/751 1021/1021/1021
f 1025/1025/1025 1021/1021/1021 1024/1024/1024
f 1024/1024/1024 999/999/999 1026/1026/1026
f 1024/1024/1024 1026/1026/1026 1025/1025/1025
f 998/998/998 1026/1026/1026 999/999/999
f 1025/1025/1025 1027/1027/1027 751/751/751
f 998/998/998 1028/1028/1028 1026/1026/1026
f 998/998/998 959/959/959 1028/1028/1028
f 951/951/951 1028/1028/1028 959/959/959
f 1028/1028/1028 1029/1029/1029 1026/1026/1026
f 1029/1029/1029 1028/1028/1028 951/951/951
f 1030/1030/1030 1025/1025/1025 1026/1026/1026
f 1026/1026/1026 1029/1029/1029 1030/1030/1030
f 1031/1031/1031 1025/1025/1025 1030/1030/1030
f 1027/1027/1027 1025/1025/1025 1031/1031/1031
f 1029/1029/1029 1032/1032/1032 1030/1030/1030
f 1031/1031/1031 1030/1030/1030 1032/1032/1032
f 1033/1033/1033 1032/1032/1032 1029/1029/1029
f 1033/1033/1033 1029/1029/1029 951/951/951
f 1031/1031/1031 1032/1032/1032 1033/1033/1033
f 1034/1034/1034 1033/1033/1033 951/951/951
f 1034/1034/1034 951/951/951 949/949/949
f 1035/1035/1035 1031/1031/1031 1033/1033/1033
f 1035/1035/1035 1033/1033/1033 1034/1034/1034
f 1036/1036/1036 1034/1034/1034 949/949/949
f 1035/1035/1035 1034/1034/1034 1037/1037/1037
f 1036/1036/1036 949/949/949 938/938/938
f 1038/1038/1038 1037/1037/1037 1034/1034/1034
f 1038/1038/1038 1034/1034/1034 1036/1036/1036
f 1037/1037/1037 1039/1039/1039 1035/1035/1035
f 1039/1039/1039 1031/1031/1031 1035/1035/1035
f 1039/1039/1039 1037/1037/1037 1038/1038/1038
f 1040/1040/1040 1038/1038/1038 1036/1036/1036
f 1036/1036/1036 938/938/938 782/782/782
f 1041/1041/1041 1039/1039/1039 1038/1038/1038
f 1038/1038/1038 1040/1040/1040 1041/1041/1041
f 761/761/761 1039/1039/1039 1041/1041/1041
f 761/761/761 1041/1041/1041 762/762/762
f 771/771/771 762/762/762 1041/1041/1041
f 1041/1041/1041 1040/1040/1040 771/771/771
f 1039/1039/1039 761/761/761 767/767/767
f 1039/1039/1039 1042/1042/1042 1031/1031/1031
f 767/767/767 1042/1042/1042 1039/1039/1039
f 1027/1027/1027 1031/1031/1031 1042/1042/1042
f 1027/1027/1027 767/767/767 751/751/751
f 767/767/767 1043/1043/1043 1042/1042/1042
f 767/767/767 1027/1027/1027 1043/1043/1043
f 1042/1042/1042 1043/1043/1043 1027/1027/1027
f 1040/1040/1040 1044/1044/1044 771/771/771
f 771/771/771 1044/1044/1044 1045/1045/1045
f 771/771/771 1045/1045/1045 772/772/772
f 1044/1044/1044 1040/1040/1040 1046/1046/1046
f 1036/1036/1036 1046/1046/1046 1040/1040/1040
f 1036/1036/1036 782/782/782 1046/1046/1046
f 1047/1047/1047 1044/1044/1044 1046/1046/1046
f 1047/1047/1047 1046/1046/1046 782/782/782
f 1044/1044/1044 1048/1048/1048 1045/1045/1045
f 1045/1045/1045 1048/1048/1048 772/772/772
f 1048/1048/1048 1044/1044/1044 1047/1047/1047
f 1048/1048/1048 782/782/782 772/772/772
f 1048/1048/1048 1047/1047/1047 782/782/782
f 1049/1049/1049 782/782/782 938/938/938
f 1049/1049/1049 1050/1050/1050 782/782/782
f 1049/1049/1049 938/938/938 1051/1051/1051
f 1050/1050/1050 1049/1049/1049 1051/1051/1051
f 781/781/781 782/782/782 1050/1050/1050
f 1051/1051/1051 938/938/938 934/934/934
f 1052/1052/1052 1051/1051/1051 934/934/934
f 1051/1051/1051 1053/1053/1053 1050/1050/1050
f 1052/1052/1052 1053/1053/1053 1051/1051/1051
f 1054/1054/1054 781/781/781 1050/1050/1050
f 1050/1050/1050 1053/1053/1053 1054/1054/1054
f 781/781/781 1054/1054/1054 785/785/785
f 1053/1053/1053 1052/1052/1052 1055/1055/1055
f 1052/1052/1052 934/934/934 1055/1055/1055
f 1054/1054/1054 1053/1053/1053 1055/1055/1055
f 1054/1054/1054 796/796/796 785/785/785
f 1055/1055/1055 796/796/796 1054/1054/1054
f 933/933/933 1055/1055/1055 934/934/934
f 796/796/796 1055/1055/1055 933/933/933
f 933/933/933 1056/1056/1056 796/796/796
f 795/795/795 796/796/796 1056/1056/1056
f 1057/1057/1057 1056/1056/1056 933/933/933
f 794/794/794 795/795/795 1056/1056/1056
f 794/794/794 1056/1056/1056 1057/1057/1057
f 1057/1057/1057 933/933/933 924/924/924
f 1057/1057/1057 924/924/924 1058/1058/1058
f 1058/1058/1058 924/924/924 915/915/915
f 1059/1059/1059 1057/1057/1057 1058/1058/1058
f 1059/1059/1059 1058/1058/1058 915/915/915
f 1060/1060/1060 794/794/794 1057/1057/1057
f 1060/1060/1060 1057/1057/1057 1059/1059/1059
f 1059/1059/1059 915/915/915 1061/1061/1061
f 1060/1060/1060 1059/1059/1059 1061/1061/1061
f 904/904/904 1061/1061/1061 915/915/915
f 893/893/893 1061/1061/1061 904/904/904
f 1060/1060/1060 1061/1061/1061 893/893/893
f 893/893/893 885/885/885 1060/1060/1060
f 1060/1060/1060 1062/1062/1062 794/794/794
f 1062/1062/1062 1060/1060/1060 885/885/885
f 1063/1063/1063 794/794/794 1062/1062/1062
f 788/788/788 794/794/794 1063/1063/1063
f 1063/1063/1063 798/798/798 788/788/788
f 1062/1062/1062 1064/1064/1064 1063/1063/1063
f 1064/1064/1064 1062/1062/1062 885/885/885
f 798/798/798 1063/1063/1063 1064/1064/1064
f 1064/1064/1064 885/885/885 814/814/814
f 814/814/814 798/798/798 1064/1064/1064
f 1065/1065/1065 688/688/688 693/693/693
f 688/688/688 1065/1065/1065 686/686/686
f 693/693/693 1066/1066/1066 1065/1065/1065
f 1066/1066/1066 693/693/693 712/712/712
f 1067/1067/1067 686/686/686 1065/1065/1065
f 1068/1068/1068 1066/1066/1066 712/712/712
f 726/726/726 1068/1068/1068 712/712/712
f 1069/1069/1069 1065/1065/1065 1066/1066/1066
f 1069/1069/1069 1067/1067/1067 1065/1065/1065
f 1068/1068/1068 726/726/726 736/736/736
f 1070/1070/1070 1066/1066/1066 1068/1068/1068
f 736/736/736 1070/1070/1070 1068/1068/1068
f 1070/1070/1070 1069/1069/1069 1066/1066/1066
f 1070/1070/1070 1071/1071/1071 1069/1069/1069
f 1069/1069/1069 1071/1071/1071 1067/1067/1067
f 1070/1070/1070 1072/1072/1072 1071/1071/1071
f 1067/1067/1067 1071/1071/1071 1072/1072/1072
f 1070/1070/1070 736/736/736 1072/1072/1072
f 686/686/686 1067/1067/1067 682/682/682
f 1073/1073/1073 682/682/682 1067/1067/1067
f 1072/1072/1072 1073/1073/1073 1067/1067/1067
f 1073/1073/1073 1074/1074/1074 682/682/682
f 1075/1075/1075 1074/1074/1074 1073/1073/1073
f 1072/1072/1072 1075/1075/1075 1073/1073/1073
f 1074/1074/1074 1076/1076/1076 682/682/682
f 1076/1076/1076 683/683/683 682/682/682
f 1076/1076/1076 669/669/669 683/683/683
f 1077/1077/1077 1074/1074/1074 1075/1075/1075
f 1077/1077/1077 1076/1076/1076 1074/1074/1074
f 1075/1075/1075 1072/1072/1072 1078/1078/1078
f 1078/1078/1078 1077/1077/1077 1075/1075/1075
f 1079/1079/1079 1072/1072/1072 736/736/736
f 1079/1079/1079 736/736/736 734/734/734
f 734/734/734 1080/1080/1080 1079/1079/1079
f 1072/1072/1072 1079/1079/1079 1081/1081/1081
f 1081/1081/1081 1079/1079/1079 1080/1080/1080
f 1078/1078/1078 1072/1072/1072 1081/1081/1081
f 1080/1080/1080 1082/1082/1082 1081/1081/1081
f 1083/1083/1083 1078/1078/1078 1081/1081/1081
f 1083/1083/1083 1084/1084/1084 1078/1078/1078
f 1085/1085/1085 1078/1078/1078 1084/1084/1084
f 1078/1078/1078 1085/1085/1085 1086/1086/1086
f 1085/1085/1085 406/406/406 1086/1086/1086
f 1078/1078/1078 1086/1086/1086 1077/1077/1077
f 1086/1086/1086 406/406/406 407/407/407
f 1086/1086/1086 407/407/407 1077/1077/1077
f 1077/1077/1077 407/407/407 1087/1087/1087
f 1088/1088/1088 1077/1077/1077 1087/1087/1087
f 1077/1077/1077 1088/1088/1088 1076/1076/1076
f 1088/1088/1088 1087/1087/1087 1076/1076/1076
f 1089/1089/1089 1076/1076/1076 1087/1087/1087
f 1089/1089/1089 1087/1087/1087 407/407/407
f 669/669/669 1076/1076/1076 1089/1089/1089
f 1089/1089/1089 407/407/407 1090/1090/1090
f 407/407/407 394/394/394 1090/1090/1090
f 1090/1090/1090 394/394/394 393/393/393
f 1089/1089/1089 1090/1090/1090 1091/1091/1091
f 1091/1091/1091 1090/1090/1090 393/393/393
f 1089/1089/1089 1091/1091/1091 669/669/669
f 1091/1091/1091 393/393/393 384/384/384
f 384/384/384 669/669/669 1091/1091/1091
f 977/977/977 625/625/625 1092/1092/1092
f 1092/1092/1092 625/625/625 616/616/616
f 608/608/608 1092/1092/1092 616/616/616
f 919/919/919 1092/1092/1092 608/608/608
f 1093/1093/1093 977/977/977 1092/1092/1092
f 919/919/919 1093/1093/1093 1092/1092/1092
f 1093/1093/1093 967/967/967 977/977/977
f 919/919/919 928/928/928 1093/1093/1093
f 943/943/943 967/967/967 1093/1093/1093
f 1093/1093/1093 928/928/928 943/943/943
